guide_id	mode	phase	iteration	exit_status	wall_seconds	user_seconds	system_seconds	peak_rss_kib	paf_records	stdout_sha256	stderr_sha256
chr22_500_guide_001	baseline	correctness	pilot	0	39.412235	36.821424	0.152088	125356	1	fb6d3b27b6d5d6a0e129f7ff72c1498333bb402de3d7b91037e5fe223d923f8b	e3b0c44298fc1c149afbf4c8996fb92427ae41e4649b934ca495991b7852b855
chr22_500_guide_002	baseline	correctness	pilot	0	34.056935	33.915333	0.035999	125084	1	4f84fd663e530097a356f82b2c5a0458e090b9ebcf5c96fddc5326573df955db	e3b0c44298fc1c149afbf4c8996fb92427ae41e4649b934ca495991b7852b855
chr22_500_guide_003	baseline	correctness	pilot	0	38.330427	38.280103	0.028000	125484	2	c788efd23026646b4da4b4a94736bffdb6646d5bb82e63ef3b54d008d2d7f496	e3b0c44298fc1c149afbf4c8996fb92427ae41e4649b934ca495991b7852b855
chr22_500_guide_004	baseline	correctness	pilot	0	37.306903	37.143959	0.039999	125108	3	41a9ef51e83a95092df6d34278bb584d5cb81e4e5c965e87236e8b76ec966547	e3b0c44298fc1c149afbf4c8996fb92427ae41e4649b934ca495991b7852b855
chr22_500_guide_005	baseline	correctness	pilot	0	39.727222	39.591655	0.079991	124920	2	5593b98c2493a0b88e42eaea42b482a194969227858e2af4912bc01dca9ef454	e3b0c44298fc1c149afbf4c8996fb92427ae41e4649b934ca495991b7852b855
chr22_500_guide_006	baseline	correctness	pilot	0	35.231320	35.151123	0.031999	124084	5	985223b6d62b5d89d90abb3b6411baab1ded4c027e524fd04733e3e131a2d641	e3b0c44298fc1c149afbf4c8996fb92427ae41e4649b934ca495991b7852b855
chr22_500_guide_007	baseline	correctness	pilot	0	37.208681	36.993410	0.031997	124832	2	56a8fdc6b10b61e89791b719fe5bae29758da62f5f0e9c2390a9488ca443dead	e3b0c44298fc1c149afbf4c8996fb92427ae41e4649b934ca495991b7852b855
chr22_500_guide_008	baseline	correctness	pilot	0	36.277862	36.194053	0.028001	125064	16	b6990544da13d962d7f467b1fb67c5261747dba657b1d60c3fb8408d038daca1	e3b0c44298fc1c149afbf4c8996fb92427ae41e4649b934ca495991b7852b855
chr22_500_guide_009	baseline	correctness	pilot	0	46.532126	46.212823	0.031997	126644	5	6e346ab2db55d3c7f91d6a8db09d40601049b9903bb02a609532ed9b4a1ef0ce	e3b0c44298fc1c149afbf4c8996fb92427ae41e4649b934ca495991b7852b855
chr22_500_guide_010	baseline	correctness	pilot	0	36.473631	36.182670	0.268019	125372	12	7f7855cba48cfcf018b64b735f9486f5a07f3f795cc2f12c2057a931c4a8b973	e3b0c44298fc1c149afbf4c8996fb92427ae41e4649b934ca495991b7852b855
chr22_500_guide_011	baseline	correctness	pilot	0	36.422486	36.356352	0.024002	125156	2	20a6fef7d7bba749a421911e40b3f958fa4ccc9b15ddc614b71a76e6e5df9ae2	e3b0c44298fc1c149afbf4c8996fb92427ae41e4649b934ca495991b7852b855
chr22_500_guide_012	baseline	correctness	pilot	0	41.866338	41.796081	0.032000	124832	1	9e5ed8cdd1a37c75d6db7090a6f7a31471034f3cd57ca5ee982877d1f71ccf3b	e3b0c44298fc1c149afbf4c8996fb92427ae41e4649b934ca495991b7852b855
chr22_500_guide_013	baseline	correctness	pilot	0	36.678450	36.544123	0.032003	125624	16	ccf03cb0d6d8c00fb3db8165e337310508524df7a263eceba59b5c326620e6da	e3b0c44298fc1c149afbf4c8996fb92427ae41e4649b934ca495991b7852b855
chr22_500_guide_014	baseline	correctness	pilot	0	38.298511	38.219113	0.011999	124840	7	4917abdb471b3259d47ffd252cf48aef15920d913920ae0cf6df5d07f7f51a6b	e3b0c44298fc1c149afbf4c8996fb92427ae41e4649b934ca495991b7852b855
chr22_500_guide_015	baseline	correctness	pilot	0	43.557463	43.468608	0.035993	125312	1	25f71f69affd98f6790d4162f2184eeae2794ef38bcf6e8c5338d710759c2c15	e3b0c44298fc1c149afbf4c8996fb92427ae41e4649b934ca495991b7852b855
chr22_500_guide_016	baseline	correctness	pilot	0	42.193176	40.543975	0.531947	127236	675	0daab402822b20c338cdf64b5a65403acba77d316eeb8a75a71184e96d24e93b	e3b0c44298fc1c149afbf4c8996fb92427ae41e4649b934ca495991b7852b855
chr22_500_guide_017	baseline	correctness	pilot	0	38.343748	38.299413	0.035995	124048	2	4248427dbded810ba66778f9ffb9237d3cb4048cb1d18ccaa9abd4103e46073a	e3b0c44298fc1c149afbf4c8996fb92427ae41e4649b934ca495991b7852b855
chr22_500_guide_018	baseline	correctness	pilot	0	42.008331	41.855528	0.143998	125588	1	691ce0260ac4ff8426decb079b6ec2efdf4680b3abaced64e9143840bccb9552	e3b0c44298fc1c149afbf4c8996fb92427ae41e4649b934ca495991b7852b855
chr22_500_guide_019	baseline	correctness	pilot	0	43.774034	43.689444	0.015999	124072	5	866f7d39fe47126f9528eb8dfb34b40a7009ae6feed7c9a2c91e7d6e0cdbd671	e3b0c44298fc1c149afbf4c8996fb92427ae41e4649b934ca495991b7852b855
chr22_500_guide_020	baseline	correctness	pilot	0	43.497758	43.391915	0.072006	125688	3	ffed6ef882a5b49bea13ef17900273b66796a85e7b8e37bc5ebfa5b406342510	e3b0c44298fc1c149afbf4c8996fb92427ae41e4649b934ca495991b7852b855
chr22_500_guide_021	baseline	correctness	pilot	0	38.128359	37.839563	0.264024	124160	1	2b073fcb4a2bd34250518b2ca167b1ea129dbf14264dd074ab7fc34c8f1ab035	e3b0c44298fc1c149afbf4c8996fb92427ae41e4649b934ca495991b7852b855
chr22_500_guide_022	baseline	correctness	pilot	0	39.966135	39.866326	0.035998	126708	3	5a62cebd8293e901a67b59a580cd404a0622d4a1deb300c572d8af96bb45378c	e3b0c44298fc1c149afbf4c8996fb92427ae41e4649b934ca495991b7852b855
chr22_500_guide_023	baseline	correctness	pilot	0	42.332276	42.157757	0.024003	125532	1	95686fb2b7a30116b7ae2cc467351eaaf4c6f25cab6f6b7bc6dcc05f1c409532	e3b0c44298fc1c149afbf4c8996fb92427ae41e4649b934ca495991b7852b855
chr22_500_guide_024	baseline	correctness	pilot	0	44.356535	44.300225	0.035993	127148	3	e2141db7e991148b16ad16f2e3fdeeb38a6d09c2e02a41849b41c0e3f204e31a	e3b0c44298fc1c149afbf4c8996fb92427ae41e4649b934ca495991b7852b855
chr22_500_guide_025	baseline	correctness	pilot	0	43.177430	42.985098	0.027998	125096	1	31d2eb4b52dd3ff5d5f7d7232cbb7268020caafdc57c4696b5e875b10cf57fd5	e3b0c44298fc1c149afbf4c8996fb92427ae41e4649b934ca495991b7852b855
chr22_500_guide_026	baseline	correctness	pilot	0	40.694913	39.998788	0.032018	127112	1	92457b8eeba549253b9d7c8b508cd2a2bbb6eadd76da9e74b1cab96a0815447a	e3b0c44298fc1c149afbf4c8996fb92427ae41e4649b934ca495991b7852b855
chr22_500_guide_027	baseline	correctness	pilot	0	37.272258	37.137798	0.039993	125132	58	a1408eb58d02e0d8a9ebf5a196b6bbbd30d368ff8a4621e96b3ab600e8a5bbdd	e3b0c44298fc1c149afbf4c8996fb92427ae41e4649b934ca495991b7852b855
chr22_500_guide_028	baseline	correctness	pilot	0	41.885555	41.801664	0.032001	125324	4	381669eac105895c77936e91601bef5a44b194dce1468388fa6bc22b65e83aab	e3b0c44298fc1c149afbf4c8996fb92427ae41e4649b934ca495991b7852b855
chr22_500_guide_029	baseline	correctness	pilot	0	36.064034	36.018337	0.023998	126608	4	ccd3d95494b84b5ddea518d35d8ffb3b163a2d9c577024dd2531a1c47d1297a6	e3b0c44298fc1c149afbf4c8996fb92427ae41e4649b934ca495991b7852b855
chr22_500_guide_030	baseline	correctness	pilot	0	40.391736	40.136827	0.179985	125712	34	808fb7944fc9bb9c4aac291784fc8cbcc076a7b6e1db13c1189f412ffd7cb3de	e3b0c44298fc1c149afbf4c8996fb92427ae41e4649b934ca495991b7852b855
chr22_500_guide_031	baseline	correctness	pilot	0	34.785640	34.720669	0.028000	125004	1	449eef586702df92b06ca3e4fc18604b620a552314243ced02a516e616f3adcc	e3b0c44298fc1c149afbf4c8996fb92427ae41e4649b934ca495991b7852b855
chr22_500_guide_032	baseline	correctness	pilot	0	40.582079	40.255933	0.287999	124040	46	001dad7b152b520ee7463975ee8f25aca405ad6ed7e3135c6afeec55337f0b4a	e3b0c44298fc1c149afbf4c8996fb92427ae41e4649b934ca495991b7852b855
chr22_500_guide_033	baseline	correctness	pilot	0	34.889537	34.866979	0.016001	125416	39	2e1d8ff63d9ef81ef131f76846d45cc86dabea52aaf0f84b984560d7fb17cf87	e3b0c44298fc1c149afbf4c8996fb92427ae41e4649b934ca495991b7852b855
chr22_500_guide_034	baseline	correctness	pilot	0	45.268261	45.146072	0.095995	126056	20	7844cc0f619b1981e5c9459584a26685c990deda3d4720e2b2e39b1ddee36df7	e3b0c44298fc1c149afbf4c8996fb92427ae41e4649b934ca495991b7852b855
chr22_500_guide_035	baseline	correctness	pilot	0	40.540957	40.059277	0.435992	124132	2	2210c39cb2f71ce621020d38f2977993ae3cc0a916f10697dcce8a974d5ee049	e3b0c44298fc1c149afbf4c8996fb92427ae41e4649b934ca495991b7852b855
chr22_500_guide_036	baseline	correctness	pilot	0	34.716856	34.683013	0.007999	124832	4	c18ffe12326ba7abb0a9b021b7b8c403c87e06df023f754230f2ea877197fd40	e3b0c44298fc1c149afbf4c8996fb92427ae41e4649b934ca495991b7852b855
chr22_500_guide_037	baseline	correctness	pilot	0	39.599250	39.499305	0.035988	125140	12	018be0f55c2783224c352be5f912d1bdf5b297e8d68a81e1cce4142c42199216	e3b0c44298fc1c149afbf4c8996fb92427ae41e4649b934ca495991b7852b855
chr22_500_guide_038	baseline	correctness	pilot	0	37.464791	35.943554	0.119971	124172	68	ba3197353a7a6ca64b2b565ddc20fc1a01f42c2fd9384ac9a21bb08593cedd31	e3b0c44298fc1c149afbf4c8996fb92427ae41e4649b934ca495991b7852b855
chr22_500_guide_039	baseline	correctness	pilot	0	39.640331	39.555486	0.035995	124128	1	8a40b1af594d7469b21e93053d26455deb24982286e05791abe94aeb8a8156aa	e3b0c44298fc1c149afbf4c8996fb92427ae41e4649b934ca495991b7852b855
chr22_500_guide_040	baseline	correctness	pilot	0	36.413472	36.383014	0.015999	125096	24	64469dba4378dce90a2ff67dfab342dc80c0819b671f482b6b0b408898e75d22	e3b0c44298fc1c149afbf4c8996fb92427ae41e4649b934ca495991b7852b855
chr22_500_guide_041	baseline	correctness	pilot	0	39.167332	39.053403	0.031994	124032	22	8273b97e0e23dba64e0c1935246eeff04a1c2fc1f90a180a33901a0da78ecfda	e3b0c44298fc1c149afbf4c8996fb92427ae41e4649b934ca495991b7852b855
chr22_500_guide_042	baseline	correctness	pilot	0	39.906110	39.564345	0.315875	125764	1	0ee48f543136d09a143c4eeae676947d7744ba356f6b4522be723210cea49fce	e3b0c44298fc1c149afbf4c8996fb92427ae41e4649b934ca495991b7852b855
chr22_500_guide_043	baseline	correctness	pilot	0	41.518186	41.459088	0.035995	125652	2	7ff435e8f2284b0e1155c1c41e547855555c50593735221aa581ff02bbcfd922	e3b0c44298fc1c149afbf4c8996fb92427ae41e4649b934ca495991b7852b855
chr22_500_guide_044	baseline	correctness	pilot	0	47.584052	47.510467	0.035992	125064	1	eb8670fd9176c26562fa7d6753d0ecafbdbc18ffce8eb47eac0ff7f21eaee174	e3b0c44298fc1c149afbf4c8996fb92427ae41e4649b934ca495991b7852b855
chr22_500_guide_045	baseline	correctness	pilot	0	40.127388	40.042415	0.020001	124884	1	ad510f2f6f517e85da1ff1e3e334f60ec412670418ae765b20823bba1029db1c	e3b0c44298fc1c149afbf4c8996fb92427ae41e4649b934ca495991b7852b855
chr22_500_guide_046	baseline	correctness	pilot	0	40.515194	40.439138	0.055993	124888	1	62be28d44f2b99ae8760da16dcf99d46c01d6cf9dde0f8c55e0864390027fe60	e3b0c44298fc1c149afbf4c8996fb92427ae41e4649b934ca495991b7852b855
chr22_500_guide_047	baseline	correctness	pilot	0	43.599108	43.521259	0.028000	125320	1	a0a592f68ce5c632b25a6bbf8492c14534157794a49dc98dee9ee564e3ce0f58	e3b0c44298fc1c149afbf4c8996fb92427ae41e4649b934ca495991b7852b855
chr22_500_guide_048	baseline	correctness	pilot	0	46.312699	46.266831	0.019999	125088	19	53836549b5871774dbbbbcc7209be7da876564302d97fe0f8699c8af9c7adc03	e3b0c44298fc1c149afbf4c8996fb92427ae41e4649b934ca495991b7852b855
chr22_500_guide_049	baseline	correctness	pilot	0	42.107467	41.953298	0.020002	124084	22	11517fafae4042a3e66b4f370e5dd3feacacecca6f98e23838286b3bba13edd5	e3b0c44298fc1c149afbf4c8996fb92427ae41e4649b934ca495991b7852b855
chr22_500_guide_050	baseline	correctness	pilot	0	38.581256	38.498954	0.011999	125532	21	900be0709880b5503da9492a11b7d3aa93c10e3913a03c74b99aed465d1b2a2a	e3b0c44298fc1c149afbf4c8996fb92427ae41e4649b934ca495991b7852b855
chr22_500_guide_051	baseline	correctness	pilot	0	46.822111	39.715869	0.671727	125644	18	a77710c7d549e227cbb357d79088a9e28066d5b725c9380aa42fc2904642b1a5	e3b0c44298fc1c149afbf4c8996fb92427ae41e4649b934ca495991b7852b855
chr22_500_guide_052	baseline	correctness	pilot	0	39.933752	39.765141	0.039997	125136	1	951a40369bd86d0839b2d2addecaf6b337cdc3fa4cf552c0d5fd78bef17d3892	e3b0c44298fc1c149afbf4c8996fb92427ae41e4649b934ca495991b7852b855
chr22_500_guide_053	baseline	correctness	pilot	0	44.747481	44.648614	0.043996	125368	1	7622d4d51684d8454f0b41cc20f3723141c918019cde594e46301e79765ccd12	e3b0c44298fc1c149afbf4c8996fb92427ae41e4649b934ca495991b7852b855
chr22_500_guide_054	baseline	correctness	pilot	0	40.112197	40.037394	0.031997	124212	1	08105a1cf5d022b79968633482eaa3ea3e17f900fbe591f469112bf46a5ae873	e3b0c44298fc1c149afbf4c8996fb92427ae41e4649b934ca495991b7852b855
chr22_500_guide_055	baseline	correctness	pilot	0	40.023485	39.931864	0.035996	125168	8	11838afb33e1074badb9c81239929a95a4c5493d0163d05d49262425cf8e9904	e3b0c44298fc1c149afbf4c8996fb92427ae41e4649b934ca495991b7852b855
chr22_500_guide_056	baseline	correctness	pilot	0	42.191849	42.095350	0.031999	125152	12	4a0ee3c1d88eb278fda95f61e672d7969aa817cba3aa302a99c2bea5c66aed43	e3b0c44298fc1c149afbf4c8996fb92427ae41e4649b934ca495991b7852b855
chr22_500_guide_057	baseline	correctness	pilot	0	38.594957	38.300375	0.028003	125076	1	75ea28648a2a653313216f9434a7a84692519cd4e1edcee69b342edd63c5477e	e3b0c44298fc1c149afbf4c8996fb92427ae41e4649b934ca495991b7852b855
chr22_500_guide_058	baseline	correctness	pilot	0	37.483722	37.397538	0.043997	125568	4	f693a92e20748272242c1d8d3a1b90c09e045d71ee219e8daf561a07fcf1b3bf	e3b0c44298fc1c149afbf4c8996fb92427ae41e4649b934ca495991b7852b855
chr22_500_guide_059	baseline	correctness	pilot	0	39.051435	38.974658	0.055998	125576	3	8e1babfb8af7457114a82f741b182db58256d93dfdc266825a62148cbbf5d26e	e3b0c44298fc1c149afbf4c8996fb92427ae41e4649b934ca495991b7852b855
chr22_500_guide_060	baseline	correctness	pilot	0	38.251794	38.160079	0.047995	125592	105	ab7535f1436e5a98fc8169fb7595043e0633427acdfe7d21a60f3ee455a53b20	e3b0c44298fc1c149afbf4c8996fb92427ae41e4649b934ca495991b7852b855
chr22_500_guide_061	baseline	correctness	pilot	0	42.127326	42.031194	0.071991	125056	2	01742698af509a1acb8aaf1e0230815259059acffddbc9e35930e961b06241b4	e3b0c44298fc1c149afbf4c8996fb92427ae41e4649b934ca495991b7852b855
chr22_500_guide_062	baseline	correctness	pilot	0	35.996065	35.871314	0.039994	125196	1	6326b7c857afa096b6327c79b7e53d81695f794da0e844e646896ba73816ffd5	e3b0c44298fc1c149afbf4c8996fb92427ae41e4649b934ca495991b7852b855
chr22_500_guide_063	baseline	correctness	pilot	0	43.150952	42.703601	0.399958	125612	1	d0e1f61006a51712a6e3a7a08a2d9ed9a2e486bf46c47b49e89668b53f2efe69	e3b0c44298fc1c149afbf4c8996fb92427ae41e4649b934ca495991b7852b855
chr22_500_guide_064	baseline	correctness	pilot	0	37.947340	37.901158	0.023998	125168	2	09a44e214f313d41c48214908421d55f1a26ea3288be0e13299804f97f456f32	e3b0c44298fc1c149afbf4c8996fb92427ae41e4649b934ca495991b7852b855
chr22_500_guide_065	baseline	correctness	pilot	0	43.837943	43.774655	0.027994	125132	1	c111cd0bca51d032b97ac4b793c9bd060c5756f007fffa13fed504799e72ded7	e3b0c44298fc1c149afbf4c8996fb92427ae41e4649b934ca495991b7852b855
chr22_500_guide_066	baseline	correctness	pilot	0	40.557049	40.495346	0.019997	126992	1	ab7135a79310941abc028089e7706255079f1d3db5459fd46b95054fbfde6edb	e3b0c44298fc1c149afbf4c8996fb92427ae41e4649b934ca495991b7852b855
chr22_500_guide_067	baseline	correctness	pilot	0	42.529077	42.453280	0.035997	124380	405	5de659012ed7ac6c3f7a11118ed76d46e292af01b54f58e54286755731a3d2ce	e3b0c44298fc1c149afbf4c8996fb92427ae41e4649b934ca495991b7852b855
chr22_500_guide_068	baseline	correctness	pilot	0	41.768117	41.644963	0.039997	124076	7	925f7531b43144c3df9f8b8af2b5300653b5bf1807aa7f5ae89249b19e09a0a3	e3b0c44298fc1c149afbf4c8996fb92427ae41e4649b934ca495991b7852b855
chr22_500_guide_069	baseline	correctness	pilot	0	46.974726	46.895123	0.039999	123916	1	10798f7b18b6dd224fe51359cb5fbfe45011ce2323ed7d0f27f0e92ecda0388b	e3b0c44298fc1c149afbf4c8996fb92427ae41e4649b934ca495991b7852b855
chr22_500_guide_070	baseline	correctness	pilot	0	38.843481	38.782330	0.031998	125420	88	db0142fb843c637356ac20ca84eaea71fc1a23bb217424eceab84767f727b1e4	e3b0c44298fc1c149afbf4c8996fb92427ae41e4649b934ca495991b7852b855
chr22_500_guide_071	baseline	correctness	pilot	0	42.506188	42.304407	0.135988	125136	18	9653d672b69fe3c1bcd798e3ff80d7040c43f087f4310eec1d3228653803ae56	e3b0c44298fc1c149afbf4c8996fb92427ae41e4649b934ca495991b7852b855
chr22_500_guide_072	baseline	correctness	pilot	0	39.862220	39.720231	0.099990	125116	20	2af3844b8c686b160a357b1782cc71987e4980f76c86569afe19be89994bc6e1	e3b0c44298fc1c149afbf4c8996fb92427ae41e4649b934ca495991b7852b855
chr22_500_guide_073	baseline	correctness	pilot	0	39.533961	39.476288	0.048005	125596	8	5ff8c497c5aee1704e3e04741f1d42a3eb487aed43f83e6b91d0cb05962e2550	e3b0c44298fc1c149afbf4c8996fb92427ae41e4649b934ca495991b7852b855
chr22_500_guide_074	baseline	correctness	pilot	0	39.664682	39.169857	0.040001	125208	4	86ba7ce7f4aaa96b953261bca8cee185393e1072c1b93ff910d0c588cb9d490f	e3b0c44298fc1c149afbf4c8996fb92427ae41e4649b934ca495991b7852b855
chr22_500_guide_075	baseline	correctness	pilot	0	39.759535	39.675395	0.044003	123924	1	5f1787da1d7bf0626939c26621201f9de70b2ac17f865e493ff03038a3e9315f	e3b0c44298fc1c149afbf4c8996fb92427ae41e4649b934ca495991b7852b855
chr22_500_guide_076	baseline	correctness	pilot	0	34.366407	34.304499	0.035996	124860	6	a1a07a708fafafc2227b689434e9a290132f1fb7518cb5082321573675acd023	e3b0c44298fc1c149afbf4c8996fb92427ae41e4649b934ca495991b7852b855
chr22_500_guide_077	baseline	correctness	pilot	0	35.413674	35.200610	0.199980	125160	6	c61d2117b663bf3db6ccf9f810f6467e0a94787b75c2bad8a628adfc5dae16d2	e3b0c44298fc1c149afbf4c8996fb92427ae41e4649b934ca495991b7852b855
chr22_500_guide_078	baseline	correctness	pilot	0	35.374777	35.295630	0.023999	124896	1	664ca84d364b11b722ac1aa282d988cb26faa580c3801fc71e980d0a2785483d	e3b0c44298fc1c149afbf4c8996fb92427ae41e4649b934ca495991b7852b855
chr22_500_guide_079	baseline	correctness	pilot	0	38.664702	38.577510	0.039997	127112	1	60c576f7279f0431f628428e260318198f63b21a255b92c2846c5a1e50930e93	e3b0c44298fc1c149afbf4c8996fb92427ae41e4649b934ca495991b7852b855
chr22_500_guide_080	baseline	correctness	pilot	0	41.085781	41.031245	0.015999	125108	1	a16a21db2b49ee59d414351e5cfc085e7f1c9e271758fd01d69580f32ad1a0c2	e3b0c44298fc1c149afbf4c8996fb92427ae41e4649b934ca495991b7852b855
chr22_500_guide_081	baseline	correctness	pilot	0	39.937192	39.806767	0.088006	124080	1	87c90ab44d2432526cac1bcee02421cabf106882291b8473d5af856bbf6654a7	e3b0c44298fc1c149afbf4c8996fb92427ae41e4649b934ca495991b7852b855
chr22_500_guide_082	baseline	correctness	pilot	0	38.433172	38.293889	0.028004	124916	3	6f3c5867d5dbbd7f3b78e08e7b3300064d91c4ed629fff6eb12b41e686b01435	e3b0c44298fc1c149afbf4c8996fb92427ae41e4649b934ca495991b7852b855
chr22_500_guide_083	baseline	correctness	pilot	0	38.871045	38.555599	0.203934	126916	42	4c95d8387f96ff01243ac44e2f1d0dbf63d6a1a6ca4b8d60aa617dadfad8712c	e3b0c44298fc1c149afbf4c8996fb92427ae41e4649b934ca495991b7852b855
chr22_500_guide_084	baseline	correctness	pilot	0	34.213851	34.041804	0.108005	124152	7	43f1343139c460491ab834b8652be82a598213117a95c1897da0065810eeb8dd	e3b0c44298fc1c149afbf4c8996fb92427ae41e4649b934ca495991b7852b855
chr22_500_guide_085	baseline	correctness	pilot	0	38.576297	38.527019	0.023999	124048	1	a50b7bd87092a6e4a876b6a1b30167fc798e551762ded744e8cec689a47f6f55	e3b0c44298fc1c149afbf4c8996fb92427ae41e4649b934ca495991b7852b855
chr22_500_guide_086	baseline	correctness	pilot	0	34.825600	34.761946	0.044002	125032	8	caf56a8d80186a132b4bbfd8a735de6b36912b11490c792bf72261e8e5cde4c3	e3b0c44298fc1c149afbf4c8996fb92427ae41e4649b934ca495991b7852b855
chr22_500_guide_087	baseline	correctness	pilot	0	37.275739	37.199860	0.023999	125152	2	f25a4d850004ee4c2741be2af70583a16f5f628dcdefe40556a4f787f77266ee	e3b0c44298fc1c149afbf4c8996fb92427ae41e4649b934ca495991b7852b855
chr22_500_guide_088	baseline	correctness	pilot	0	35.411430	35.324849	0.056001	124136	2	5c632dfc921b715b635c61d386497b7131eb4348bb520ea4a5cd13ab53ef1e7a	e3b0c44298fc1c149afbf4c8996fb92427ae41e4649b934ca495991b7852b855
chr22_500_guide_089	baseline	correctness	pilot	0	35.759748	35.692270	0.031996	125044	7	435669ee46eb24c8f7ec4039557ae1485d92adeba07ce04f76f3032c4dd179c5	e3b0c44298fc1c149afbf4c8996fb92427ae41e4649b934ca495991b7852b855
chr22_500_guide_090	baseline	correctness	pilot	0	36.347163	36.305128	0.027997	125020	1	1a674244aec8ea25c8e0b9a4c719f1dd7a3136cbd5f87feb87b53bc75bbf29fb	e3b0c44298fc1c149afbf4c8996fb92427ae41e4649b934ca495991b7852b855
chr22_500_guide_091	baseline	correctness	pilot	0	33.915107	33.808613	0.036000	124960	1	3b1208d36a7808228471f8be766844c38fb5b98323d1d2f58e690839f7fb8d80	e3b0c44298fc1c149afbf4c8996fb92427ae41e4649b934ca495991b7852b855
chr22_500_guide_092	baseline	correctness	pilot	0	36.439298	36.367464	0.020001	125488	20	b03e1158711aa1d237ec6814d0790dfa91ff96c8322d246e634c8fce30c38c82	e3b0c44298fc1c149afbf4c8996fb92427ae41e4649b934ca495991b7852b855
chr22_500_guide_093	baseline	correctness	pilot	0	35.213229	35.158544	0.047992	124920	1	6cdd7ce54810d5bc4f6f9e343cba7e89b5868d4aa230081223fa53049a31ac4f	e3b0c44298fc1c149afbf4c8996fb92427ae41e4649b934ca495991b7852b855
chr22_500_guide_094	baseline	correctness	pilot	0	38.845950	38.781871	0.043997	125300	2	b43819067995157b46212743f86d94969b945776f3aba8b499e5a41d3ff29bbc	e3b0c44298fc1c149afbf4c8996fb92427ae41e4649b934ca495991b7852b855
chr22_500_guide_095	baseline	correctness	pilot	0	42.788779	42.736359	0.035996	125052	1	78d56e6029a238e55e698734f6c34371645440cad14a3a34379e3a5d6cc8429a	e3b0c44298fc1c149afbf4c8996fb92427ae41e4649b934ca495991b7852b855
chr22_500_guide_096	baseline	correctness	pilot	0	40.651380	40.000474	0.187983	125544	1	e4df6fa89a3b0e0120f2158b3532f9d4a6e42d02734646aca7d1906347f68735	e3b0c44298fc1c149afbf4c8996fb92427ae41e4649b934ca495991b7852b855
chr22_500_guide_097	baseline	correctness	pilot	0	40.914075	40.876919	0.024000	125068	2	58d3088e520d927bbad11c9787cefba9db56844eefd70fc7274612710d6213b5	e3b0c44298fc1c149afbf4c8996fb92427ae41e4649b934ca495991b7852b855
chr22_500_guide_098	baseline	correctness	pilot	0	42.907800	42.853209	0.024000	125000	1	444ff3228a137a38f7153b4f242a69cfa59f508d73251c41aa4006df73b202e7	e3b0c44298fc1c149afbf4c8996fb92427ae41e4649b934ca495991b7852b855
chr22_500_guide_099	baseline	correctness	pilot	0	37.558769	37.435974	0.039991	124188	130	200e3684fe8ee21531cdd450bce05de9cd3d00ee01de1866b7a02436f3d4b8af	e3b0c44298fc1c149afbf4c8996fb92427ae41e4649b934ca495991b7852b855
chr22_500_guide_100	baseline	correctness	pilot	0	39.049732	39.007123	0.020001	124996	2	57714a6c21e1be497c563abaa49fbf21588fd7f8c2e0da3a8f922ed775797dcd	e3b0c44298fc1c149afbf4c8996fb92427ae41e4649b934ca495991b7852b855
chr22_500_guide_101	baseline	correctness	pilot	0	38.444598	38.177721	0.091994	127148	2	84330282ecd915e002d4a3f8d0d70096e90a960e87744ed87a49bc36afba7e69	e3b0c44298fc1c149afbf4c8996fb92427ae41e4649b934ca495991b7852b855
chr22_500_guide_102	baseline	correctness	pilot	0	36.430970	36.179146	0.231994	125488	7	f8b648b825393f5a54f18987b4d1fa193c72f7d8c279ff37d26b282e1e8e96df	e3b0c44298fc1c149afbf4c8996fb92427ae41e4649b934ca495991b7852b855
chr22_500_guide_103	baseline	correctness	pilot	0	39.299872	38.894447	0.347914	125096	1	70d3142b6438b2233c1a63a2ac833233a13a2d75bf75339f1fccaff2fa81b453	e3b0c44298fc1c149afbf4c8996fb92427ae41e4649b934ca495991b7852b855
chr22_500_guide_104	baseline	correctness	pilot	0	37.035505	36.976045	0.032000	125536	1	1a566c323545c0de5dbd25e42db62374e240ce4299b47e835e757a21598da936	e3b0c44298fc1c149afbf4c8996fb92427ae41e4649b934ca495991b7852b855
chr22_500_guide_105	baseline	correctness	pilot	0	36.540003	36.406631	0.036002	125076	42	d32e6816069e419d3162187451c11a213a240ab9e92df97a87f0f016e2f343f9	e3b0c44298fc1c149afbf4c8996fb92427ae41e4649b934ca495991b7852b855
chr22_500_guide_106	baseline	correctness	pilot	0	37.816557	37.702979	0.019999	124880	3	acbf824e1f48ae5fa25fdb96c78cdb2516f3595685f7e7bc17a5114a40986303	e3b0c44298fc1c149afbf4c8996fb92427ae41e4649b934ca495991b7852b855
chr22_500_guide_107	baseline	correctness	pilot	0	39.035214	38.956717	0.036000	125028	1	37774d4819ec468762743e89b36baf9deaaa8cc267fbe9bd5aed95319efd242c	e3b0c44298fc1c149afbf4c8996fb92427ae41e4649b934ca495991b7852b855
chr22_500_guide_108	baseline	correctness	pilot	0	38.095971	38.022522	0.031998	127024	1	6b72b7d58a6bb9700568183d8342e8f3bc79c45ffa1f7e46c161effbf9985c5d	e3b0c44298fc1c149afbf4c8996fb92427ae41e4649b934ca495991b7852b855
chr22_500_guide_109	baseline	correctness	pilot	0	40.467935	40.378447	0.035998	125472	1	461291dcaf2e80e2a23a63e67f89a5c96faac00ade45a6b2fbf5f72f52e4e359	e3b0c44298fc1c149afbf4c8996fb92427ae41e4649b934ca495991b7852b855
chr22_500_guide_110	baseline	correctness	pilot	0	34.728996	34.681923	0.008001	126672	3	27bec362626af993604055a79ddb94b53597029f4bc27af25949739b8d89a154	e3b0c44298fc1c149afbf4c8996fb92427ae41e4649b934ca495991b7852b855
chr22_500_guide_111	baseline	correctness	pilot	0	42.106143	41.973385	0.024000	125064	67	52d8a67441eaad4f447f4d7da7e3cf6ce72d02605058ec13fbe82404b4066c28	e3b0c44298fc1c149afbf4c8996fb92427ae41e4649b934ca495991b7852b855
chr22_500_guide_112	baseline	correctness	pilot	0	41.674939	41.591150	0.043999	125692	1	85e8ddbe1f41d07d2fccefdd6deb60b8cfcf17a64f052215c84a68e7db0e8e8d	e3b0c44298fc1c149afbf4c8996fb92427ae41e4649b934ca495991b7852b855
chr22_500_guide_113	baseline	correctness	pilot	0	35.894785	35.839106	0.023996	123948	149	7e0733a562ff39a952035404c085b0f497df39eeac4dd3cc052a4de78c8e9cdd	e3b0c44298fc1c149afbf4c8996fb92427ae41e4649b934ca495991b7852b855
chr22_500_guide_114	baseline	correctness	pilot	0	35.046339	34.979260	0.031999	125072	1	853d765383b1cbbee4dc3bac9cc1407658422a8e408ffb099ae069cbefe32c96	e3b0c44298fc1c149afbf4c8996fb92427ae41e4649b934ca495991b7852b855
chr22_500_guide_115	baseline	correctness	pilot	0	34.478231	34.441730	0.028001	125380	32	c9f7f81e6f38c20192d49fd1712b128cd09f9d730b5376365ba2e2fc563537d0	e3b0c44298fc1c149afbf4c8996fb92427ae41e4649b934ca495991b7852b855
chr22_500_guide_116	baseline	correctness	pilot	0	44.353115	42.812281	0.020000	124120	4	3da79bc941b754384629618a500ad59f9e794c50f96e623a907f1ce30de4efe7	e3b0c44298fc1c149afbf4c8996fb92427ae41e4649b934ca495991b7852b855
chr22_500_guide_117	baseline	correctness	pilot	0	38.744636	38.669660	0.019998	123924	410	57f1306bef889f6aafc8ed96482b055560c93deefa5a64bc4ad6a477603ffb56	e3b0c44298fc1c149afbf4c8996fb92427ae41e4649b934ca495991b7852b855
chr22_500_guide_118	baseline	correctness	pilot	0	40.929318	40.871532	0.028007	125356	1	d7464b7872231b66a5d5e8b9529462954e8dbe3c50718817fdfc12087ef94681	e3b0c44298fc1c149afbf4c8996fb92427ae41e4649b934ca495991b7852b855
chr22_500_guide_119	baseline	correctness	pilot	0	35.104332	35.034811	0.024001	125548	1	4f436688014fdfd449b313b2c3b687063981e5e245571a9db7c8a5711487b353	e3b0c44298fc1c149afbf4c8996fb92427ae41e4649b934ca495991b7852b855
chr22_500_guide_120	baseline	correctness	pilot	0	34.137208	34.074822	0.031998	125100	1	33bddbc7779554629ceac64834ec2be3184cdb2699e293b4791aa9ab6b896254	e3b0c44298fc1c149afbf4c8996fb92427ae41e4649b934ca495991b7852b855
chr22_500_guide_121	baseline	correctness	pilot	0	34.025325	33.950226	0.059996	125132	1	9c2d6c2960fe78f86540e1be27182c28b286fce8b9592387bfeac03889c6dae5	e3b0c44298fc1c149afbf4c8996fb92427ae41e4649b934ca495991b7852b855
chr22_500_guide_122	baseline	correctness	pilot	0	36.182035	36.098198	0.067996	125016	57	f3f60872b3be2da10e797d6ad288882a8bb897cb10a8c581e0ad714bedaebf67	e3b0c44298fc1c149afbf4c8996fb92427ae41e4649b934ca495991b7852b855
chr22_500_guide_123	baseline	correctness	pilot	0	34.777180	34.711816	0.023997	126696	133	b22b12dbe3c2c81d9623997bdae8791fafa5bf35117827e8b1112c7ba4f382a1	e3b0c44298fc1c149afbf4c8996fb92427ae41e4649b934ca495991b7852b855
chr22_500_guide_124	baseline	correctness	pilot	0	35.776548	35.718639	0.024001	125052	1	97a3ea1c1d49016761918329e596d51881a5db88c4ec927743def1525e8cc766	e3b0c44298fc1c149afbf4c8996fb92427ae41e4649b934ca495991b7852b855
chr22_500_guide_125	baseline	correctness	pilot	0	34.223967	34.148400	0.016000	124912	4	6c198203265676ee7489aa7bb5fc305ae32117598132205a3fca1d1a0055015d	e3b0c44298fc1c149afbf4c8996fb92427ae41e4649b934ca495991b7852b855
chr22_500_guide_126	baseline	correctness	pilot	0	35.579245	35.241087	0.307974	127124	48	28c9b9ae100eb1e2813ad4683f5bd96d5444ce8355672ba908ebe7a60e559fd9	e3b0c44298fc1c149afbf4c8996fb92427ae41e4649b934ca495991b7852b855
chr22_500_guide_127	baseline	correctness	pilot	0	36.384906	36.326121	0.036002	125108	1	7fbbd7f172462259a6f4de139401afd584462680da6bbb0e834137af7f13b985	e3b0c44298fc1c149afbf4c8996fb92427ae41e4649b934ca495991b7852b855
chr22_500_guide_128	baseline	correctness	pilot	0	37.433686	37.389015	0.023998	124096	6	f644a91d8a5c365fe3c7c1c3f30ad178f34333e94f697e1f1e75d0fa64c39923	e3b0c44298fc1c149afbf4c8996fb92427ae41e4649b934ca495991b7852b855
chr22_500_guide_129	baseline	correctness	pilot	0	37.738859	36.944880	0.027994	126656	8	a037a629f95969ba862133edbc2f9b4d54e67b20a84c223a97df966abdd0f7dd	e3b0c44298fc1c149afbf4c8996fb92427ae41e4649b934ca495991b7852b855
chr22_500_guide_130	baseline	correctness	pilot	0	37.881420	37.735770	0.035995	125476	1	474f4e55f985c5d56a5f5af49fa5a1b75cc1a9e85e18115e9a96dd6cd3079ad9	e3b0c44298fc1c149afbf4c8996fb92427ae41e4649b934ca495991b7852b855
chr22_500_guide_131	baseline	correctness	pilot	0	37.625417	37.577820	0.024001	124968	16	96cee5fb4cab3acc4fd0a53b03049c1d6002bd615ab74125f127320897f9f0a4	e3b0c44298fc1c149afbf4c8996fb92427ae41e4649b934ca495991b7852b855
chr22_500_guide_132	baseline	correctness	pilot	0	40.522245	40.462503	0.016000	124868	1	713820ba358721f9caf9011041070c6453565161fb3256a91b67617a2347babf	e3b0c44298fc1c149afbf4c8996fb92427ae41e4649b934ca495991b7852b855
chr22_500_guide_133	baseline	correctness	pilot	0	39.901895	39.830769	0.027999	127156	2	a7610eb051e87a34826545d10fcf8102943e8611a97a657a33ec94ff2afe4c13	e3b0c44298fc1c149afbf4c8996fb92427ae41e4649b934ca495991b7852b855
chr22_500_guide_134	baseline	correctness	pilot	0	39.385054	39.316604	0.020000	125888	1675	4b09d9bc429d2d59a76cab2e1259da49b7457e88dba8aa146f791257d05d4ef7	e3b0c44298fc1c149afbf4c8996fb92427ae41e4649b934ca495991b7852b855
chr22_500_guide_135	baseline	correctness	pilot	0	42.514307	42.131085	0.328024	125720	5	4f79902dc45cb76ad8a1031ff3e89b12ec69bb6b0ad88647387d6bec19895c60	e3b0c44298fc1c149afbf4c8996fb92427ae41e4649b934ca495991b7852b855
chr22_500_guide_136	baseline	correctness	pilot	0	38.839881	38.742707	0.039994	125116	177	7cc494b15bc7ba4bce6524e43fb805cc4751f072060bdb6db0514902b852cdc9	e3b0c44298fc1c149afbf4c8996fb92427ae41e4649b934ca495991b7852b855
chr22_500_guide_137	baseline	correctness	pilot	0	41.984958	41.868142	0.079984	125044	2	2aca6e493141072414d5d6d67dc6cd668bf7f75a43d4895d99828b717099cafe	e3b0c44298fc1c149afbf4c8996fb92427ae41e4649b934ca495991b7852b855
chr22_500_guide_138	baseline	correctness	pilot	0	39.010228	38.868404	0.063994	125516	58	9838a748f83250618473227cbc2b798e921118551a385e778337b49637186fe3	e3b0c44298fc1c149afbf4c8996fb92427ae41e4649b934ca495991b7852b855
chr22_500_guide_139	baseline	correctness	pilot	0	39.328821	39.183799	0.123986	124940	1887	3e826746e760aa3a165b6aa5fb4fbec6909bbdfc73db9650f134ebf5c31127d3	e3b0c44298fc1c149afbf4c8996fb92427ae41e4649b934ca495991b7852b855
chr22_500_guide_140	baseline	correctness	pilot	0	38.830876	38.739649	0.043999	125480	15	d609368e1abb9ae3506ac52c66a2d9143a55af333b119d1b8286fcf53f0732d2	e3b0c44298fc1c149afbf4c8996fb92427ae41e4649b934ca495991b7852b855
chr22_500_guide_141	baseline	correctness	pilot	0	38.819920	38.729770	0.076003	125124	1	75a2846e206ef232a498051fea8840d2d310dd428aee04e323c3edd7213c8c13	e3b0c44298fc1c149afbf4c8996fb92427ae41e4649b934ca495991b7852b855
chr22_500_guide_142	baseline	correctness	pilot	0	36.664905	36.631088	0.020003	126196	3957	76d47834a58aca1fc8b0a55ade58aab759cbba1cdf083fcd9d2bc42eef01b632	e3b0c44298fc1c149afbf4c8996fb92427ae41e4649b934ca495991b7852b855
chr22_500_guide_143	baseline	correctness	pilot	0	37.610427	37.516685	0.024000	127560	54	fec4266348f400a636b679dea725f0c74e62ee984b07daae005cd78179aa0b16	e3b0c44298fc1c149afbf4c8996fb92427ae41e4649b934ca495991b7852b855
chr22_500_guide_144	baseline	correctness	pilot	0	40.891331	40.832120	0.015998	127040	4	e9b97718cfb68076fc6b0adeb42a25acf3165f71b3de6678c1f8adad8155a9c3	e3b0c44298fc1c149afbf4c8996fb92427ae41e4649b934ca495991b7852b855
chr22_500_guide_145	baseline	correctness	pilot	0	33.338788	33.267426	0.035995	125496	4	67232b3f8756228358fbb21eb05c251090dc44307f21a6a5ff67d618f2a48cb7	e3b0c44298fc1c149afbf4c8996fb92427ae41e4649b934ca495991b7852b855
chr22_500_guide_146	baseline	correctness	pilot	0	35.807619	35.632655	0.076009	125040	396	1ff6a26b41e6d377e7603ff601eaba3a0b81265a7b64f3aa4075c534ae064ea8	e3b0c44298fc1c149afbf4c8996fb92427ae41e4649b934ca495991b7852b855
chr22_500_guide_147	baseline	correctness	pilot	0	33.714689	33.657494	0.027997	126660	8	daeb3aaacd5dbf851ce837451bf8b8c4784f489a16a8883fa7d9d7cd74be7820	e3b0c44298fc1c149afbf4c8996fb92427ae41e4649b934ca495991b7852b855
chr22_500_guide_148	baseline	correctness	pilot	0	37.838802	37.748866	0.032000	125644	2028	05b0a21dfecef722640608a4ae56c59ede427d21069ea5c054d3e93ff6e1f572	e3b0c44298fc1c149afbf4c8996fb92427ae41e4649b934ca495991b7852b855
chr22_500_guide_149	baseline	correctness	pilot	0	38.253266	38.216772	0.024000	125028	5	d858493a5129d219004e374ad1424cb6a476e79f56c71082ae1af306e90714e8	e3b0c44298fc1c149afbf4c8996fb92427ae41e4649b934ca495991b7852b855
chr22_500_guide_150	baseline	correctness	pilot	0	45.786935	45.728201	0.035997	125040	34	9478f4139cd60beb657c1854b7fe8d6c06426d490e56a215a5e2cb6874d5658c	e3b0c44298fc1c149afbf4c8996fb92427ae41e4649b934ca495991b7852b855
chr22_500_guide_151	baseline	correctness	pilot	0	45.060438	44.985411	0.015999	125092	1	fe055a246254f30d7a48644133f08b87ee38c4ed785e2b38b800c531c83c0410	e3b0c44298fc1c149afbf4c8996fb92427ae41e4649b934ca495991b7852b855
chr22_500_guide_152	baseline	correctness	pilot	0	46.389987	46.292258	0.047996	126848	2006	d0d57e9add171764f63652742396a4f0fb821146dbd8b2dc41ebf4e5411ac452	e3b0c44298fc1c149afbf4c8996fb92427ae41e4649b934ca495991b7852b855
chr22_500_guide_153	baseline	correctness	pilot	0	43.285371	42.926457	0.251990	125152	1	bcce8596509aa2be4a7f3566961162e72e4443c46ea7cf8fc2c5ffb6cee2780a	e3b0c44298fc1c149afbf4c8996fb92427ae41e4649b934ca495991b7852b855
chr22_500_guide_154	baseline	correctness	pilot	0	41.916302	41.091792	0.031996	126884	4	57a8507c498e199c51e4d018ab9d347257f39b1d9699e42636d9bd384a046f78	e3b0c44298fc1c149afbf4c8996fb92427ae41e4649b934ca495991b7852b855
chr22_500_guide_155	baseline	correctness	pilot	0	41.717954	40.762469	0.031995	125120	1	d7747e0db2e88e56e4a3767f47b5f9029bd6134aadc31b795c79eff5e14e67b8	e3b0c44298fc1c149afbf4c8996fb92427ae41e4649b934ca495991b7852b855
chr22_500_guide_156	baseline	correctness	pilot	0	42.797410	42.686607	0.039994	125168	4	41707f5dc15da2e7a571f8c8bd844c5166208fe2eaace0d20bfe1b07aa1d0ea2	e3b0c44298fc1c149afbf4c8996fb92427ae41e4649b934ca495991b7852b855
chr22_500_guide_157	baseline	correctness	pilot	0	39.662926	39.369987	0.271958	124920	1	643dc743fd75f3ec7b2e9f6c2d518d6bf6d7cc37ab7cc77ead9e6846ae592d90	e3b0c44298fc1c149afbf4c8996fb92427ae41e4649b934ca495991b7852b855
chr22_500_guide_158	baseline	correctness	pilot	0	43.588719	43.331091	0.235907	124968	1	c25a6440be62186e25b0f165358d0d0900b923751f80af6ee5c27f0f29a85af6	e3b0c44298fc1c149afbf4c8996fb92427ae41e4649b934ca495991b7852b855
chr22_500_guide_159	baseline	correctness	pilot	0	40.708812	40.649848	0.039997	124912	2	3d4992720176e3388daa5c560bb15dec7cf3951b67550e05820230c38661f0a7	e3b0c44298fc1c149afbf4c8996fb92427ae41e4649b934ca495991b7852b855
chr22_500_guide_160	baseline	correctness	pilot	0	47.381399	47.137511	0.095986	124040	1	d6d96d826bcbd4b301c0c87e16f31ad41389f1c8474f50d3699184cfe7acda7a	e3b0c44298fc1c149afbf4c8996fb92427ae41e4649b934ca495991b7852b855
chr22_500_guide_161	baseline	correctness	pilot	0	41.165400	40.580885	0.055984	125152	1	4ae747e8d2a44a4137f700664493d395d2b602c7f46ee11e639e12aab1a96bf3	e3b0c44298fc1c149afbf4c8996fb92427ae41e4649b934ca495991b7852b855
chr22_500_guide_162	baseline	correctness	pilot	0	41.384425	41.238736	0.075982	125364	1	b69419482bbafe6e1bcaa11e5797437af79964ee051c788015805b30820e8298	e3b0c44298fc1c149afbf4c8996fb92427ae41e4649b934ca495991b7852b855
chr22_500_guide_163	baseline	correctness	pilot	0	43.067462	42.741414	0.288009	125012	1	0effc63d85fa97f691908ce0321ab857ae6f08fabd2480f35c83ff81e76c9f0e	e3b0c44298fc1c149afbf4c8996fb92427ae41e4649b934ca495991b7852b855
chr22_500_guide_164	baseline	correctness	pilot	0	44.473536	43.125307	0.039993	125096	1	46e7f3e1a96998b4b736b1eec08088a85a8308019dae7439865ffb87c1184f73	e3b0c44298fc1c149afbf4c8996fb92427ae41e4649b934ca495991b7852b855
chr22_500_guide_165	baseline	correctness	pilot	0	44.694787	44.621077	0.039997	125168	1	d886af1f304911c13510c5ed489b15bb3ee85e388b776d06e045ba0c930a5f2b	e3b0c44298fc1c149afbf4c8996fb92427ae41e4649b934ca495991b7852b855
chr22_500_guide_166	baseline	correctness	pilot	0	43.011314	42.760152	0.192018	124912	44	dc3018a72e7ce02a7ac7ec80d1b06fc3b73c3a8ab079e32e046eee0788230bbd	e3b0c44298fc1c149afbf4c8996fb92427ae41e4649b934ca495991b7852b855
chr22_500_guide_167	baseline	correctness	pilot	0	35.000634	34.763412	0.155961	124868	1	cee264189907b3df5df36df18bf77367d70c9e3307ae209d7154fde9dfbc47a5	e3b0c44298fc1c149afbf4c8996fb92427ae41e4649b934ca495991b7852b855
chr22_500_guide_168	baseline	correctness	pilot	0	40.274966	40.123702	0.031996	124136	1	b799f84402b88ca7eda644ce1b5b5eb56c02b09c04d62fc51c4c70dc76c6b583	e3b0c44298fc1c149afbf4c8996fb92427ae41e4649b934ca495991b7852b855
chr22_500_guide_169	baseline	correctness	pilot	0	43.563043	43.465666	0.052001	125092	1	0862c816f1aa3cfd555719d81c501eb6f39d78bb01666b474f7b06bc78888790	e3b0c44298fc1c149afbf4c8996fb92427ae41e4649b934ca495991b7852b855
chr22_500_guide_170	baseline	correctness	pilot	0	40.072272	40.024438	0.035993	125140	1	99438952a76160fd91fde79eb2d1ef722599296aaf8bac56414ccb53df45a0b4	e3b0c44298fc1c149afbf4c8996fb92427ae41e4649b934ca495991b7852b855
chr22_500_guide_171	baseline	correctness	pilot	0	44.236612	44.139625	0.031999	124160	1	e317429f77c005e356a722479e453cca3360caf415324867267d86c234fd9a0c	e3b0c44298fc1c149afbf4c8996fb92427ae41e4649b934ca495991b7852b855
chr22_500_guide_172	baseline	correctness	pilot	0	39.048955	39.000474	0.028003	125320	1	e5b0c29742d6b80c7f8138b85ad44dd8d26b1f837257324c59b7b25c2967eb08	e3b0c44298fc1c149afbf4c8996fb92427ae41e4649b934ca495991b7852b855
chr22_500_guide_173	baseline	correctness	pilot	0	46.086408	46.034767	0.019999	125220	10	a8dc62675b8071ea431c2a3a7f1b9d1040c76477ab30b8bdab2879c9ac4038dd	e3b0c44298fc1c149afbf4c8996fb92427ae41e4649b934ca495991b7852b855
chr22_500_guide_174	baseline	correctness	pilot	0	37.062202	36.963571	0.047999	125212	66	c867cd4ee39ff216acadcaeb5b2b351904393dc6b35d5ed707642854dc83a01d	e3b0c44298fc1c149afbf4c8996fb92427ae41e4649b934ca495991b7852b855
chr22_500_guide_175	baseline	correctness	pilot	0	45.278621	45.195163	0.035999	125088	1	3a2a9a535dccffd342eaaba6ec06067374dae64ca7889222dcde00af5c440547	e3b0c44298fc1c149afbf4c8996fb92427ae41e4649b934ca495991b7852b855
chr22_500_guide_176	baseline	correctness	pilot	0	45.847160	45.720762	0.036000	125480	1	6b2b73f521ab30bc9f66dd52de9bfe397a214246ef85ca25fe53c3a46bf2510e	e3b0c44298fc1c149afbf4c8996fb92427ae41e4649b934ca495991b7852b855
chr22_500_guide_177	baseline	correctness	pilot	0	35.346155	35.174339	0.024001	125116	1	d6b0fb83ee8856732fea46f66b13f7259eb296d82bfc9c1b649d294580993c11	e3b0c44298fc1c149afbf4c8996fb92427ae41e4649b934ca495991b7852b855
chr22_500_guide_178	baseline	correctness	pilot	0	37.751334	37.646610	0.096006	124188	1	d902219eeefe3ff64202f082d0493776f51eb4ff2b0f1167c0e670f923533dc4	e3b0c44298fc1c149afbf4c8996fb92427ae41e4649b934ca495991b7852b855
chr22_500_guide_179	baseline	correctness	pilot	0	39.412287	39.297670	0.087994	125508	2	443eb2e109c7ead1fb87ffc5b4717052c5d61921e4718b70ea3aef670060f0d6	e3b0c44298fc1c149afbf4c8996fb92427ae41e4649b934ca495991b7852b855
chr22_500_guide_180	baseline	correctness	pilot	0	41.934656	41.865211	0.047987	125096	1	458362f7cd5e3313975f59a9b5fcfc0752b491681a6e3bfcc210c9fb46bd7d1e	e3b0c44298fc1c149afbf4c8996fb92427ae41e4649b934ca495991b7852b855
chr22_500_guide_181	baseline	correctness	pilot	0	38.097150	37.745250	0.043996	125116	1	bd12ccac3bcfe83190a4a57e0c78ff819ffd24d8f03895aa6c4610029187f937	e3b0c44298fc1c149afbf4c8996fb92427ae41e4649b934ca495991b7852b855
chr22_500_guide_182	baseline	correctness	pilot	0	37.164788	37.117152	0.027997	124108	65	531c1b7b3de968da3348bf840baf458fe9cdf431a72dd84a883d9181a4720a26	e3b0c44298fc1c149afbf4c8996fb92427ae41e4649b934ca495991b7852b855
chr22_500_guide_183	baseline	correctness	pilot	0	37.869335	37.737722	0.083986	125088	1	87a59470956d0b27daf38e5e39ded5e150cdea0e868b3bb38ed13ec71694f010	e3b0c44298fc1c149afbf4c8996fb92427ae41e4649b934ca495991b7852b855
chr22_500_guide_184	baseline	correctness	pilot	0	33.906949	33.857320	0.015998	124080	2	63d6cd29cb7467d7766f34eb3e5fc1d69b1b395b993a76b0bbcfc4be9deffb04	e3b0c44298fc1c149afbf4c8996fb92427ae41e4649b934ca495991b7852b855
chr22_500_guide_185	baseline	correctness	pilot	0	33.875584	33.794441	0.023998	123852	26	95b8d15842bbb4833716aaf068f7557567aa14a17442091b35dd25158d78e05c	e3b0c44298fc1c149afbf4c8996fb92427ae41e4649b934ca495991b7852b855
chr22_500_guide_186	baseline	correctness	pilot	0	38.950487	38.829302	0.043996	124836	3	7d8d52ada474c77ec92888fd04abed74393d2818f80e25789addd2b709ba18dd	e3b0c44298fc1c149afbf4c8996fb92427ae41e4649b934ca495991b7852b855
chr22_500_guide_187	baseline	correctness	pilot	0	37.146907	37.121399	0.004000	124916	4	51a176042123342a4831eba8dca01b9000fbe062e0a6c2e88db63cc931977305	e3b0c44298fc1c149afbf4c8996fb92427ae41e4649b934ca495991b7852b855
chr22_500_guide_188	baseline	correctness	pilot	0	42.735133	42.095536	0.023999	125024	1	029b4bae64ebbe3decac5715b992bb89ceb0731276cd7cd8566eaca4250537b4	e3b0c44298fc1c149afbf4c8996fb92427ae41e4649b934ca495991b7852b855
chr22_500_guide_189	baseline	correctness	pilot	0	43.125081	42.563472	0.495947	126732	2	1a0a4c609cd5cf1946c36566a3f804c745395f17934a1617723121dc8047f381	e3b0c44298fc1c149afbf4c8996fb92427ae41e4649b934ca495991b7852b855
chr22_500_guide_190	baseline	correctness	pilot	0	33.464304	33.330352	0.072005	124900	11	3ec0f5a983ad12bb0b1f8ac3572e197bc9e1bd827889258e3cfbbf5c86e86c93	e3b0c44298fc1c149afbf4c8996fb92427ae41e4649b934ca495991b7852b855
chr22_500_guide_191	baseline	correctness	pilot	0	48.772207	48.720373	0.028007	125072	1	ec8c5f18d6d74bcaeb3d8a9231840ea7d431ef6bd61745bcd5ac037ce5c4b79e	e3b0c44298fc1c149afbf4c8996fb92427ae41e4649b934ca495991b7852b855
chr22_500_guide_192	baseline	correctness	pilot	0	34.962733	34.880061	0.031996	124988	11	954988cb7375212d81ebc6674f60a27db61dcfd6fb3a126b3811f3fde1ed2ae6	e3b0c44298fc1c149afbf4c8996fb92427ae41e4649b934ca495991b7852b855
chr22_500_guide_193	baseline	correctness	pilot	0	35.967699	35.897261	0.027997	125292	1	a699d8af011bf9deb858b41d0fae396d8cff7641f7f0fffbf757531340e4d266	e3b0c44298fc1c149afbf4c8996fb92427ae41e4649b934ca495991b7852b855
chr22_500_guide_194	baseline	correctness	pilot	0	38.556557	38.502157	0.023998	125692	4	acd324d561813e25329268cea5ef3cd65972ae8c88b93e0ca4c4d57a9dac8f3f	e3b0c44298fc1c149afbf4c8996fb92427ae41e4649b934ca495991b7852b855
chr22_500_guide_195	baseline	correctness	pilot	0	37.605028	37.476406	0.107978	124932	1	cac63da066aaf63d31569e7c953806e38e664ec0d4f305a178c2932f86cda903	e3b0c44298fc1c149afbf4c8996fb92427ae41e4649b934ca495991b7852b855
chr22_500_guide_196	baseline	correctness	pilot	0	38.638884	38.138018	0.479924	125520	1	9d313725a1565d5cfde76bfc23bd41168e8fdfe731f992e32e4e14928f1eba97	e3b0c44298fc1c149afbf4c8996fb92427ae41e4649b934ca495991b7852b855
chr22_500_guide_197	baseline	correctness	pilot	0	35.428423	35.302388	0.016001	125084	2	9eb85067d7a33bee8c8f49137a3e8ac1aec62426b1a9ddb3244bbec7c94ba60d	e3b0c44298fc1c149afbf4c8996fb92427ae41e4649b934ca495991b7852b855
chr22_500_guide_198	baseline	correctness	pilot	0	41.407153	41.257871	0.032001	125660	1	4390a33a35b7293befeadb9fa60eb9d4727d057633aeb9a93007f6581228ca97	e3b0c44298fc1c149afbf4c8996fb92427ae41e4649b934ca495991b7852b855
chr22_500_guide_199	baseline	correctness	pilot	0	38.493037	38.402209	0.043993	126972	1	1a9e47a73e5d927bda478b79a2e0b4fe3a9cb6a5e919786318654d9a3e5db97f	e3b0c44298fc1c149afbf4c8996fb92427ae41e4649b934ca495991b7852b855
chr22_500_guide_200	baseline	correctness	pilot	0	40.520405	40.447028	0.039999	124056	1	17756acd0a0ce54b4e745976cd31a47fd1c9f63f1661aa7d77bad966ffb5a944	e3b0c44298fc1c149afbf4c8996fb92427ae41e4649b934ca495991b7852b855
chr22_500_guide_201	baseline	correctness	pilot	0	35.563182	35.488820	0.031997	125572	2	d6d98b6aeb5f2c883f79b82c45d44de2fb34edbcf0b1e9d7b04b93f9e961419b	e3b0c44298fc1c149afbf4c8996fb92427ae41e4649b934ca495991b7852b855
chr22_500_guide_202	baseline	correctness	pilot	0	40.493833	40.443324	0.031996	125124	1	44bbd841c087139227d04935f12732bc62035e07484977bb2a50a49eea89c20d	e3b0c44298fc1c149afbf4c8996fb92427ae41e4649b934ca495991b7852b855
chr22_500_guide_203	baseline	correctness	pilot	0	35.237258	35.128488	0.035996	125076	1	3e8108b8109dce3b65881841a62543e3eb3ba821fff9bc76b9b5e43ac8c75d77	e3b0c44298fc1c149afbf4c8996fb92427ae41e4649b934ca495991b7852b855
chr22_500_guide_204	baseline	correctness	pilot	0	43.831549	43.760690	0.024002	125132	1	9d1a5247a3e3b449bea633b6b52c4bc96829551e72493f376f89f7886050d9a4	e3b0c44298fc1c149afbf4c8996fb92427ae41e4649b934ca495991b7852b855
chr22_500_guide_205	baseline	correctness	pilot	0	38.516312	38.391516	0.084007	124828	3	d5db0c5187db9eafb26b8874a7f234588abef20748b1e3c9300909a98f6ef9ad	e3b0c44298fc1c149afbf4c8996fb92427ae41e4649b934ca495991b7852b855
chr22_500_guide_206	baseline	correctness	pilot	0	35.021796	34.933705	0.016000	124120	1	0d05d9358e7eddcda81c0af29d014e6cbf29264f1da23b16a2ce4db5446e5bda	e3b0c44298fc1c149afbf4c8996fb92427ae41e4649b934ca495991b7852b855
chr22_500_guide_207	baseline	correctness	pilot	0	36.572325	36.538667	0.023996	124808	1	d3ec7c66bc10a3376e61eb42399a7bac83ea47eb29447109082383725c615d9d	e3b0c44298fc1c149afbf4c8996fb92427ae41e4649b934ca495991b7852b855
chr22_500_guide_208	baseline	correctness	pilot	0	34.053471	33.888827	0.031997	125064	1	5924fcb39f9667884df027edda8f627478be6271057a2d69844c736321e3169f	e3b0c44298fc1c149afbf4c8996fb92427ae41e4649b934ca495991b7852b855
chr22_500_guide_209	baseline	correctness	pilot	0	39.797328	39.739259	0.039995	124860	1	27efb82af164e4487a5cf1ccf7177efb814a97e6868618c2fb067d455ed85d72	e3b0c44298fc1c149afbf4c8996fb92427ae41e4649b934ca495991b7852b855
chr22_500_guide_210	baseline	correctness	pilot	0	37.789474	37.719822	0.027999	125728	1	410125d8cde9aa8559c2cafa33ee82e57d7a2a7be8aa4340940d389453d4aa13	e3b0c44298fc1c149afbf4c8996fb92427ae41e4649b934ca495991b7852b855
chr22_500_guide_211	baseline	correctness	pilot	0	36.031369	35.962461	0.035998	124872	1	41e46274a8dd6cb1d657fad47699c5e390b73ef35a2ecc76c39b610ebd936738	e3b0c44298fc1c149afbf4c8996fb92427ae41e4649b934ca495991b7852b855
chr22_500_guide_212	baseline	correctness	pilot	0	38.345771	38.314041	0.020003	124140	2	75ee181dc877025b1a277d0dde148dffea356dea31570c65c9071f2fb713e887	e3b0c44298fc1c149afbf4c8996fb92427ae41e4649b934ca495991b7852b855
chr22_500_guide_213	baseline	correctness	pilot	0	39.204226	39.142874	0.024001	126592	2	453049c36d105d5fc369042ca0ab1a96b8b895a916b5c2f187ec168c02aae659	e3b0c44298fc1c149afbf4c8996fb92427ae41e4649b934ca495991b7852b855
chr22_500_guide_214	baseline	correctness	pilot	0	38.294521	38.191805	0.023997	126688	4	7403f4081b4f88388590da82657c8370fdb9644b51d184ced412e397288beb43	e3b0c44298fc1c149afbf4c8996fb92427ae41e4649b934ca495991b7852b855
chr22_500_guide_215	baseline	correctness	pilot	0	38.904850	38.855843	0.032003	124004	1	63b76d0e58c2cecbbbcfe4992fd7ff1c45be184128a232ca263192df43d8669c	e3b0c44298fc1c149afbf4c8996fb92427ae41e4649b934ca495991b7852b855
chr22_500_guide_216	baseline	correctness	pilot	0	39.146103	39.006651	0.091996	125060	1	e266b204a7997147a3fd8f9d94740378fc9a8435605b2363e7555257caffd730	e3b0c44298fc1c149afbf4c8996fb92427ae41e4649b934ca495991b7852b855
chr22_500_guide_217	baseline	correctness	pilot	0	38.541227	38.449571	0.027998	126808	1	bf3ea3e4771c6389b495a35456fadd28c1e956c9034804a5821e52e1827a51ff	e3b0c44298fc1c149afbf4c8996fb92427ae41e4649b934ca495991b7852b855
chr22_500_guide_218	baseline	correctness	pilot	0	39.576305	39.481748	0.048002	127048	2	36c01c1a6474ac52f343fae4779e9be3cbc148c72932a20a98d199f0987ceea6	e3b0c44298fc1c149afbf4c8996fb92427ae41e4649b934ca495991b7852b855
chr22_500_guide_219	baseline	correctness	pilot	0	44.310895	44.193600	0.052001	125740	1	872f2f85baa7c28f5b262483d1218ee6344fc208ed78aec17d684a0eae7c0c68	e3b0c44298fc1c149afbf4c8996fb92427ae41e4649b934ca495991b7852b855
chr22_500_guide_220	baseline	correctness	pilot	0	36.753192	36.624796	0.031997	125140	2	5caccb6a555c66a357a84d81511bc5346d8c3386a9a53fd0ae08d0cfcf763064	e3b0c44298fc1c149afbf4c8996fb92427ae41e4649b934ca495991b7852b855
chr22_500_guide_221	baseline	correctness	pilot	0	41.187824	41.131205	0.035995	125108	1	72b47f3e3ff515f9d0c7166ead60950213736f749d386c6069b92560416c9c56	e3b0c44298fc1c149afbf4c8996fb92427ae41e4649b934ca495991b7852b855
chr22_500_guide_222	baseline	correctness	pilot	0	41.476602	41.327771	0.039995	124064	1	6f82a4b03c8a18fd06ca9940024af4ce0a01fb5e93ea9ba2feacab228c154786	e3b0c44298fc1c149afbf4c8996fb92427ae41e4649b934ca495991b7852b855
chr22_500_guide_223	baseline	correctness	pilot	0	39.334199	39.277195	0.031994	124132	1	7e528a989c31c40be279492b74efb2b32bbafcb76168ffa5ecf4da003dd2852c	e3b0c44298fc1c149afbf4c8996fb92427ae41e4649b934ca495991b7852b855
chr22_500_guide_224	baseline	correctness	pilot	0	40.335375	40.257035	0.023998	125120	22	f5d0c1a0dd59bf68e00647ef4359c0e5155e451ac49b7baeecbf3c4743d88be8	e3b0c44298fc1c149afbf4c8996fb92427ae41e4649b934ca495991b7852b855
chr22_500_guide_225	baseline	correctness	pilot	0	45.362756	45.306492	0.035998	127020	2	2256242036940b1116433901a0599960dc42ab0e478a65137c775e38bd0273a2	e3b0c44298fc1c149afbf4c8996fb92427ae41e4649b934ca495991b7852b855
chr22_500_guide_226	baseline	correctness	pilot	0	35.440784	35.400859	0.019998	124164	1	94662f76c5a2e1983e29f9285786131e7dfa5e0469adfc1d64b03f76edd026e8	e3b0c44298fc1c149afbf4c8996fb92427ae41e4649b934ca495991b7852b855
chr22_500_guide_227	baseline	correctness	pilot	0	37.429308	37.332981	0.043996	124048	1	22d5655df7a017b496eba42ed43213b203f8a0be1e2d8f176c1e3c5f3c371478	e3b0c44298fc1c149afbf4c8996fb92427ae41e4649b934ca495991b7852b855
chr22_500_guide_228	baseline	correctness	pilot	0	39.913105	39.037438	0.020000	125512	1	714554ca8eac6dff9bf1ea7bcd982ded36f466eaa79bea00a33e12ff4252393b	e3b0c44298fc1c149afbf4c8996fb92427ae41e4649b934ca495991b7852b855
chr22_500_guide_229	baseline	correctness	pilot	0	36.082022	36.039748	0.023997	126648	1	5dd95897a99de5c99923bee729265bb935a9a9c19c1fcf9fdf9f1a7f104c4420	e3b0c44298fc1c149afbf4c8996fb92427ae41e4649b934ca495991b7852b855
chr22_500_guide_230	baseline	correctness	pilot	0	42.408953	42.112793	0.231960	125116	71	adfd69a3ef88f06ef9717b3abd2a50aead96e172bedf9bd9bacaa5747b27a483	e3b0c44298fc1c149afbf4c8996fb92427ae41e4649b934ca495991b7852b855
chr22_500_guide_231	baseline	correctness	pilot	0	44.488007	44.292023	0.043992	124084	1	948dbfd6425bdb3088906f63eb868902942301af431fc9e95949314af66ff6d0	e3b0c44298fc1c149afbf4c8996fb92427ae41e4649b934ca495991b7852b855
chr22_500_guide_232	baseline	correctness	pilot	0	36.726501	36.648848	0.039996	124892	2	5a0c3d3934f0b3f158167a9dda4ed61e4b878613b55c83eba3a29cb122bb587f	e3b0c44298fc1c149afbf4c8996fb92427ae41e4649b934ca495991b7852b855
chr22_500_guide_233	baseline	correctness	pilot	0	35.492931	35.436320	0.023994	125032	1	ca51411298336dbdfe2d1022ed02e74028dfbcd2e0e397a8224fce4f6017af72	e3b0c44298fc1c149afbf4c8996fb92427ae41e4649b934ca495991b7852b855
chr22_500_guide_234	baseline	correctness	pilot	0	37.252042	37.122251	0.023998	125072	1	559f7e67d202d27824782db27afaef4c7023d13de9ac2f9e0d96441ac0764ef7	e3b0c44298fc1c149afbf4c8996fb92427ae41e4649b934ca495991b7852b855
chr22_500_guide_235	baseline	correctness	pilot	0	43.704950	43.666181	0.015997	125100	1	80326d781f5ecae351589ee4107bc2da49fa1ef20ecd12922b789c1f9c7c6bc1	e3b0c44298fc1c149afbf4c8996fb92427ae41e4649b934ca495991b7852b855
chr22_500_guide_236	baseline	correctness	pilot	0	36.994468	36.879798	0.051994	125132	1	6873e81c95093f02fe9950b0a4e16005b1a7677c0c2d1e08e409ac9fcee80573	e3b0c44298fc1c149afbf4c8996fb92427ae41e4649b934ca495991b7852b855
chr22_500_guide_237	baseline	correctness	pilot	0	36.390603	36.293605	0.036005	124184	1	0abb692cfa9f5a252fe3b1d2d8d9d08f6739c95819a20ad81f84a718487ff25a	e3b0c44298fc1c149afbf4c8996fb92427ae41e4649b934ca495991b7852b855
chr22_500_guide_238	baseline	correctness	pilot	0	37.922717	37.889007	0.016000	125056	1	bc3b9f3f86cc8bbd34d0a114947da783ee284f28a9a17754f8b3028fd08951a9	e3b0c44298fc1c149afbf4c8996fb92427ae41e4649b934ca495991b7852b855
chr22_500_guide_239	baseline	correctness	pilot	0	39.326967	39.242099	0.027998	124908	1	b06803d19ac167e2ad3b8c6242945d1284df798d5c097e179fbae26c172aed64	e3b0c44298fc1c149afbf4c8996fb92427ae41e4649b934ca495991b7852b855
chr22_500_guide_240	baseline	correctness	pilot	0	40.573937	40.368559	0.191983	125080	1	cd82c6f69d17ef93e8a39ab104e1fd06550b7e78cbabd6c112773fbb528ade2f	e3b0c44298fc1c149afbf4c8996fb92427ae41e4649b934ca495991b7852b855
chr22_500_guide_241	baseline	correctness	pilot	0	36.485836	36.450569	0.023999	125104	1	e37c211d0e5aef8879cc8a7d50e07e6c3225c140733fc907790bcb68cb40cc27	e3b0c44298fc1c149afbf4c8996fb92427ae41e4649b934ca495991b7852b855
chr22_500_guide_242	baseline	correctness	pilot	0	40.191229	40.113755	0.035976	125064	1	808b851e321fd57c9ed18955deffb0cd298667205fc930fb7b5e62d4518211e3	e3b0c44298fc1c149afbf4c8996fb92427ae41e4649b934ca495991b7852b855
chr22_500_guide_243	baseline	correctness	pilot	0	41.145027	41.031598	0.027996	124916	3	183882d3a63163e76a98ee38ccfea1b4877101dd283d80328c01c33dcd6c0e0b	e3b0c44298fc1c149afbf4c8996fb92427ae41e4649b934ca495991b7852b855
chr22_500_guide_244	baseline	correctness	pilot	0	45.141946	45.079323	0.039995	124092	1	6704622dd7912d569d9cfe0b9940b5008fe34c1bc6e7e7bb8fb80ed61ef81a18	e3b0c44298fc1c149afbf4c8996fb92427ae41e4649b934ca495991b7852b855
chr22_500_guide_245	baseline	correctness	pilot	0	45.078198	44.885198	0.132003	125280	2	cb579a674dd92426941fdd78265bc778c3ac339ad144f842dfb793904a34ca3d	e3b0c44298fc1c149afbf4c8996fb92427ae41e4649b934ca495991b7852b855
chr22_500_guide_246	baseline	correctness	pilot	0	42.044914	41.842872	0.028001	126724	2	50c9c70bb2ba41c14b8f52dd19268a1bf7a65cfa6ccefd7d86abea9175974411	e3b0c44298fc1c149afbf4c8996fb92427ae41e4649b934ca495991b7852b855
chr22_500_guide_247	baseline	correctness	pilot	0	45.700642	45.529353	0.131992	125048	1	98ddd5914fdce39e5c1fd0ce66277bfed0fed939ac7e85ad7cae4c1003db9a59	e3b0c44298fc1c149afbf4c8996fb92427ae41e4649b934ca495991b7852b855
chr22_500_guide_248	baseline	correctness	pilot	0	45.164871	45.112754	0.024002	127092	12	d8ae73e599a748f29fbb68ec4a4bad377248fdfede8f8198916013e34dae8d84	e3b0c44298fc1c149afbf4c8996fb92427ae41e4649b934ca495991b7852b855
chr22_500_guide_249	baseline	correctness	pilot	0	44.348779	44.299681	0.031999	124116	5	a927870513893ed201df2a16839cbe1d9efecc8532ac5c60b8d05a23cc103ad4	e3b0c44298fc1c149afbf4c8996fb92427ae41e4649b934ca495991b7852b855
chr22_500_guide_250	baseline	correctness	pilot	0	42.636476	42.589441	0.028003	127000	1	3a7597cc582f0a7be9eff099d86a4b5be941fbb6e265ffb9caa3883e9eb04a7d	e3b0c44298fc1c149afbf4c8996fb92427ae41e4649b934ca495991b7852b855
chr22_500_guide_251	baseline	correctness	pilot	0	40.769755	40.712746	0.035993	125568	1	0c3bb5f8913d9c96bb40ed3175b5838d5a29298d87c0429f6c483a88658f5cc7	e3b0c44298fc1c149afbf4c8996fb92427ae41e4649b934ca495991b7852b855
chr22_500_guide_252	baseline	correctness	pilot	0	38.318236	38.142403	0.103984	124920	6	d2e7a92bfb50218079e6a6b775436dd68b8e480fc2847b1ffbd3b9c602d92171	e3b0c44298fc1c149afbf4c8996fb92427ae41e4649b934ca495991b7852b855
chr22_500_guide_253	baseline	correctness	pilot	0	38.449897	38.405283	0.008000	125044	1	14ef5eacd0519bf8d6f3f1e421b2147ce2cef2d89992ac6bc3c0c6493049fd6f	e3b0c44298fc1c149afbf4c8996fb92427ae41e4649b934ca495991b7852b855
chr22_500_guide_254	baseline	correctness	pilot	0	44.524794	44.218758	0.248015	125556	1	a2299552cb699e14d2ae59955314a90bb8969bee46b6c9e47f326ce8511aa0d3	e3b0c44298fc1c149afbf4c8996fb92427ae41e4649b934ca495991b7852b855
chr22_500_guide_255	baseline	correctness	pilot	0	35.918751	35.852863	0.023997	125172	1	08f98f3ad365100ac1996a1ea822a2d4046f6814391006bbedb86aee8a7133c2	e3b0c44298fc1c149afbf4c8996fb92427ae41e4649b934ca495991b7852b855
chr22_500_guide_256	baseline	correctness	pilot	0	42.608796	42.514554	0.031995	125112	1	dc65ad43323263785a083294d17584c11e378d04f99c3a48ba1b50606118a885	e3b0c44298fc1c149afbf4c8996fb92427ae41e4649b934ca495991b7852b855
chr22_500_guide_257	baseline	correctness	pilot	0	45.273634	45.113882	0.043997	127560	3	1dc3fe38e261eb5a81651607855e4fd59c3f84e5a239a5c7dd4f1581946da31f	e3b0c44298fc1c149afbf4c8996fb92427ae41e4649b934ca495991b7852b855
chr22_500_guide_258	baseline	correctness	pilot	0	42.332665	42.236057	0.044000	124940	1	b743dcf20b0f8a4d8e1a343b97d48c58a0bc7fc4d1bb2a983a38d2078d740fcd	e3b0c44298fc1c149afbf4c8996fb92427ae41e4649b934ca495991b7852b855
chr22_500_guide_259	baseline	correctness	pilot	0	40.135857	40.075004	0.019999	125136	1	8ea5cafdf0d18eeade9b610505bed740032f18636ab57803898abcbe44cdd8e8	e3b0c44298fc1c149afbf4c8996fb92427ae41e4649b934ca495991b7852b855
chr22_500_guide_260	baseline	correctness	pilot	0	47.190090	47.105567	0.039991	125584	4	f78f8bfc1547840e498b2c5ab88016095e4836ab8f97b77506fd05dcb7e111f8	e3b0c44298fc1c149afbf4c8996fb92427ae41e4649b934ca495991b7852b855
chr22_500_guide_261	baseline	correctness	pilot	0	41.573550	41.491773	0.027997	123884	1	b839624aa5bb002a76b04ff4d05b7a0ec4ecea160053801ca45bcc541703762c	e3b0c44298fc1c149afbf4c8996fb92427ae41e4649b934ca495991b7852b855
chr22_500_guide_262	baseline	correctness	pilot	0	40.094292	40.044253	0.027997	125060	1	cab2ab2bbde4e365ef2454f22e0d08cd93e57c6b29ed335c1d62ceae307d4365	e3b0c44298fc1c149afbf4c8996fb92427ae41e4649b934ca495991b7852b855
chr22_500_guide_263	baseline	correctness	pilot	0	37.049368	37.005459	0.019998	125096	1	7f92fd7dddc708c2b3ec905f92a74e766b81d6ff9eaf13b4dc9c11ff5e96767a	e3b0c44298fc1c149afbf4c8996fb92427ae41e4649b934ca495991b7852b855
chr22_500_guide_264	baseline	correctness	pilot	0	37.642416	37.456187	0.136000	125604	926	438a8e4dd7a856d6eb4378eeddd966102129b05cdd31a850992a15cd650a1643	e3b0c44298fc1c149afbf4c8996fb92427ae41e4649b934ca495991b7852b855
chr22_500_guide_265	baseline	correctness	pilot	0	39.956133	39.878968	0.027999	125180	6	125d1caaed6ad1ede4b9fe8544864470ca331c5c37a0fb80c6da1d0de7797b52	e3b0c44298fc1c149afbf4c8996fb92427ae41e4649b934ca495991b7852b855
chr22_500_guide_266	baseline	correctness	pilot	0	36.543920	36.458943	0.027999	125068	1	ee0724b7721eeb7026f8ec19f3741fc6026e209f17c8c1dfd45658c19daffca8	e3b0c44298fc1c149afbf4c8996fb92427ae41e4649b934ca495991b7852b855
chr22_500_guide_267	baseline	correctness	pilot	0	37.485188	37.419642	0.015998	125860	1	30ceab938998e2f8848144534fd4b41a8e46e76dd1f2040915462ed81ff96f96	e3b0c44298fc1c149afbf4c8996fb92427ae41e4649b934ca495991b7852b855
chr22_500_guide_268	baseline	correctness	pilot	0	40.303927	40.226185	0.032001	125132	13	6cbc11eb9208651f05db2d630c407975e4e59caf923a8df7511bdf798321f4a2	e3b0c44298fc1c149afbf4c8996fb92427ae41e4649b934ca495991b7852b855
chr22_500_guide_269	baseline	correctness	pilot	0	35.830384	35.746234	0.011996	127356	2	58c49dde1eaa0144f6f3a7fd849f04293c333945f324fde2c58c4b6d1d9f8f82	e3b0c44298fc1c149afbf4c8996fb92427ae41e4649b934ca495991b7852b855
chr22_500_guide_270	baseline	correctness	pilot	0	35.064567	35.021276	0.023998	125408	1	4e885841e492e9cb2b9b1fe0d7ac9a863940cb7bae26336cd428bcb7378430a8	e3b0c44298fc1c149afbf4c8996fb92427ae41e4649b934ca495991b7852b855
chr22_500_guide_271	baseline	correctness	pilot	0	41.883165	41.816105	0.040000	124028	1	0247a06f38ead69247c929d76c572e2db952d690368c7445d6cbc0b32f284eff	e3b0c44298fc1c149afbf4c8996fb92427ae41e4649b934ca495991b7852b855
chr22_500_guide_272	baseline	correctness	pilot	0	35.679539	35.588130	0.048000	125156	1	c0af294e02eedfcb766e740085eb1dc5f88ebc5938b16fce276fc72aad58dca5	e3b0c44298fc1c149afbf4c8996fb92427ae41e4649b934ca495991b7852b855
chr22_500_guide_273	baseline	correctness	pilot	0	46.399657	43.208326	0.032000	125092	1	a3d6cd5055990fc10a7f55f785689720f3a06133f1b0f4568f98749ce2751038	e3b0c44298fc1c149afbf4c8996fb92427ae41e4649b934ca495991b7852b855
chr22_500_guide_274	baseline	correctness	pilot	0	40.891125	40.806051	0.027995	126924	1	6687d14031a23ac70963eea659c8529b893e7f0089817aa41e700050f9a07324	e3b0c44298fc1c149afbf4c8996fb92427ae41e4649b934ca495991b7852b855
chr22_500_guide_275	baseline	correctness	pilot	0	36.175064	36.057713	0.039993	125876	1	4ec6baaeae2aa70e532904fcfd4c142948c7cdfeac73dda04d4fd531212f17f6	e3b0c44298fc1c149afbf4c8996fb92427ae41e4649b934ca495991b7852b855
chr22_500_guide_276	baseline	correctness	pilot	0	36.249892	36.083257	0.075990	123936	1	6a496ea64944f03d6155e9304a84fa64e904aaee2ce382727a522cf4526fd476	e3b0c44298fc1c149afbf4c8996fb92427ae41e4649b934ca495991b7852b855
chr22_500_guide_277	baseline	correctness	pilot	0	39.966468	39.300906	0.032000	126892	1	3cfcc8189860be2c8d7d759f26bc1880f98e596a26b63ff55d7eae6897aa9216	e3b0c44298fc1c149afbf4c8996fb92427ae41e4649b934ca495991b7852b855
chr22_500_guide_278	baseline	correctness	pilot	0	36.717276	36.614896	0.055998	124984	1	4a6cdc3b90d2775c2496444fab6f836151cd422ec2c82a9bf758cde5414f2417	e3b0c44298fc1c149afbf4c8996fb92427ae41e4649b934ca495991b7852b855
chr22_500_guide_279	baseline	correctness	pilot	0	42.220626	42.037958	0.071989	125112	2	19fa7f82f9fb43d2cfd92618603432693d6fab216cc3440c559166905e949302	e3b0c44298fc1c149afbf4c8996fb92427ae41e4649b934ca495991b7852b855
chr22_500_guide_280	baseline	correctness	pilot	0	41.171523	40.860768	0.267926	124948	1	69b844b93cc461829c55614686b48ad023280711014412f5c486fbcbc19cb86e	e3b0c44298fc1c149afbf4c8996fb92427ae41e4649b934ca495991b7852b855
chr22_500_guide_281	baseline	correctness	pilot	0	41.359575	41.279254	0.035999	124096	1	a9fa224f0195b3893caf93e1c0b8cc17844e550145c38de073e1d229cf7694fb	e3b0c44298fc1c149afbf4c8996fb92427ae41e4649b934ca495991b7852b855
chr22_500_guide_282	baseline	correctness	pilot	0	44.199916	44.138010	0.024001	124180	1	e53f6cca18329d7598017397133878d420010d56cbf6c1bf8f2b136e95bbb077	e3b0c44298fc1c149afbf4c8996fb92427ae41e4649b934ca495991b7852b855
chr22_500_guide_283	baseline	correctness	pilot	0	43.223021	43.148584	0.023998	125072	47	ae3ca86ece2af8c1e764664fe6db82d19e2cf8a29fa0a43ffd92b82eda74d3cb	e3b0c44298fc1c149afbf4c8996fb92427ae41e4649b934ca495991b7852b855
chr22_500_guide_284	baseline	correctness	pilot	0	37.676918	37.603830	0.016001	124112	3	a5b68e62ac40ee9e933602a099170807e0b1bf736499b92d9b4531f8bd5ce2d2	e3b0c44298fc1c149afbf4c8996fb92427ae41e4649b934ca495991b7852b855
chr22_500_guide_285	baseline	correctness	pilot	0	39.712402	39.610389	0.055986	125100	1	1bf3bce9877ba3ed3c12502aa3023e01f5304f64b9a3663190271da34a300628	e3b0c44298fc1c149afbf4c8996fb92427ae41e4649b934ca495991b7852b855
chr22_500_guide_286	baseline	correctness	pilot	0	44.833130	44.767620	0.019999	124092	16	30cd3bed8a1ff146ae53f84ac140e5fd63d22ac697d6e39d632f98097c09ebf1	e3b0c44298fc1c149afbf4c8996fb92427ae41e4649b934ca495991b7852b855
chr22_500_guide_287	baseline	correctness	pilot	0	37.253233	37.164078	0.031996	125160	102	d529ba9cda8a5e1e56958b555bf2dcf2347fcd4bfc1057c68153de1e98a8ac43	e3b0c44298fc1c149afbf4c8996fb92427ae41e4649b934ca495991b7852b855
chr22_500_guide_288	baseline	correctness	pilot	0	35.226160	34.936807	0.251976	124124	1	b7517a16df61180265ec10a20cb33a003c3ea568992073591f20e96d81391119	e3b0c44298fc1c149afbf4c8996fb92427ae41e4649b934ca495991b7852b855
chr22_500_guide_289	baseline	correctness	pilot	0	40.799343	40.760847	0.027997	124104	1	d9219c3b6740e22448b806b2c7c9eac232d8371a0a1aa50f40645ce369f669dc	e3b0c44298fc1c149afbf4c8996fb92427ae41e4649b934ca495991b7852b855
chr22_500_guide_290	baseline	correctness	pilot	0	37.744934	37.508594	0.100001	125220	1	d7e9813af3f2368064a2285d3e56a0325aba8653c021fdaae43d3d6bd660754c	e3b0c44298fc1c149afbf4c8996fb92427ae41e4649b934ca495991b7852b855
chr22_500_guide_291	baseline	correctness	pilot	0	48.216314	45.469652	0.739766	124976	1	800382f6b1e1f5501a4440ffaf65afb9d88391aa57625459a1825e4cf7ba87a1	e3b0c44298fc1c149afbf4c8996fb92427ae41e4649b934ca495991b7852b855
chr22_500_guide_292	baseline	correctness	pilot	0	42.254628	42.186439	0.056003	123952	1	5941dd24b1361301897320aac40154d572007d35f9b20166ac32f6d1231e2acd	e3b0c44298fc1c149afbf4c8996fb92427ae41e4649b934ca495991b7852b855
chr22_500_guide_293	baseline	correctness	pilot	0	38.856892	38.769297	0.052001	123908	1	a6e8f7dbe8440152b018e778c86e594c220662576f7388bf74086116bfb557b5	e3b0c44298fc1c149afbf4c8996fb92427ae41e4649b934ca495991b7852b855
chr22_500_guide_294	baseline	correctness	pilot	0	36.984621	36.865113	0.016000	127056	1	dab4e592ef1445cf45b46075f9efbba95f9bfc2d670471fca86e90e48d9e7fa9	e3b0c44298fc1c149afbf4c8996fb92427ae41e4649b934ca495991b7852b855
chr22_500_guide_295	baseline	correctness	pilot	0	41.373635	41.297130	0.043992	124032	1	2d77b320ec43b12ee3f6094ded8591196f9a7acd33e7308010ac9edce4593dcd	e3b0c44298fc1c149afbf4c8996fb92427ae41e4649b934ca495991b7852b855
chr22_500_guide_296	baseline	correctness	pilot	0	41.968830	41.873622	0.047997	124156	1	da3687baf79f356a7107d728d14228a0dd66bfc10a9e5ee4b96bded376c6c3f6	e3b0c44298fc1c149afbf4c8996fb92427ae41e4649b934ca495991b7852b855
chr22_500_guide_297	baseline	correctness	pilot	0	38.008204	37.951651	0.019999	124184	1	67d715df04795b597b55d1e6f751ac48727e34c17090a29c4f40831563d3c69a	e3b0c44298fc1c149afbf4c8996fb92427ae41e4649b934ca495991b7852b855
chr22_500_guide_298	baseline	correctness	pilot	0	41.230376	41.183347	0.023999	123888	1	96bacc0c5f62f5ee3cb64d6560e882e64673267447e8714383a4ab744f1c99a8	e3b0c44298fc1c149afbf4c8996fb92427ae41e4649b934ca495991b7852b855
chr22_500_guide_299	baseline	correctness	pilot	0	39.563761	39.438606	0.083997	125000	1	1eba404868f62a6cddb13fd737dc01862933045368e97c33d9d65d18860a5cba	e3b0c44298fc1c149afbf4c8996fb92427ae41e4649b934ca495991b7852b855
chr22_500_guide_300	baseline	correctness	pilot	0	33.926534	33.830131	0.019998	125560	1	14d7ad904267e9f27e192421458cd4c9b704e3a66f504d917fb35a619fd91865	e3b0c44298fc1c149afbf4c8996fb92427ae41e4649b934ca495991b7852b855
chr22_500_guide_301	baseline	correctness	pilot	0	39.356105	39.173111	0.031997	125320	5	d07a1cb21dd959e5a8d20fa90977b6e378b6bd571c9a955c95b32d23d56c527a	e3b0c44298fc1c149afbf4c8996fb92427ae41e4649b934ca495991b7852b855
chr22_500_guide_302	baseline	correctness	pilot	0	38.911626	38.849327	0.019998	125028	1	d3783eb23d426c2c0580af71666746b5222070a22a5f6ccc626b4f5f194c85e3	e3b0c44298fc1c149afbf4c8996fb92427ae41e4649b934ca495991b7852b855
chr22_500_guide_303	baseline	correctness	pilot	0	37.111416	36.958989	0.104008	125520	1	9246314add68bcb309196485353ca32264aa9d97b65d40e3825659e7fa9e07c5	e3b0c44298fc1c149afbf4c8996fb92427ae41e4649b934ca495991b7852b855
chr22_500_guide_304	baseline	correctness	pilot	0	41.845547	41.580374	0.203962	124072	1	c4733a0adb33265b42f1ea521dc40264cba04876a6f6679bbc39519cf0338918	e3b0c44298fc1c149afbf4c8996fb92427ae41e4649b934ca495991b7852b855
chr22_500_guide_305	baseline	correctness	pilot	0	44.441518	44.382453	0.027999	125060	21	1abd128ff542b88efbb448de8a560f284db21b8a068956b649819d3fd04b45d8	e3b0c44298fc1c149afbf4c8996fb92427ae41e4649b934ca495991b7852b855
chr22_500_guide_306	baseline	correctness	pilot	0	37.505810	37.463051	0.027999	125568	1	6a309defbbe5f08abe920ac12a2c13155098f57994aeb2c767ac2a830d0db569	e3b0c44298fc1c149afbf4c8996fb92427ae41e4649b934ca495991b7852b855
chr22_500_guide_307	baseline	correctness	pilot	0	40.394541	40.291193	0.043994	125068	1	9600eb890ca0d1d43f7656d7c3b247fcb0b36ee444a3a6e1db8fb2b17ec4905e	e3b0c44298fc1c149afbf4c8996fb92427ae41e4649b934ca495991b7852b855
chr22_500_guide_308	baseline	correctness	pilot	0	36.918595	36.852302	0.020000	125768	1	4832e7aa711ccdac22496f6cb8a979eec30369c372fca1b6aba1e3edfb12e8a1	e3b0c44298fc1c149afbf4c8996fb92427ae41e4649b934ca495991b7852b855
chr22_500_guide_309	baseline	correctness	pilot	0	45.757947	45.704996	0.035997	125076	2	e0ea85c97e994ad6b9ba6eb50fc39b34e24e2ceef5dd53147909795eac770a72	e3b0c44298fc1c149afbf4c8996fb92427ae41e4649b934ca495991b7852b855
chr22_500_guide_310	baseline	correctness	pilot	0	40.247883	38.461931	0.499973	125536	1	6535286bd318c12e4be70453ccc7d1c063c4e2a4f73eeeb18ca81403b343aa14	e3b0c44298fc1c149afbf4c8996fb92427ae41e4649b934ca495991b7852b855
chr22_500_guide_311	baseline	correctness	pilot	0	40.985457	40.796266	0.020000	125044	2	7961773ecc533d0844639ea262d71f5383891afc03bdbad9d08a2cacd714a3c1	e3b0c44298fc1c149afbf4c8996fb92427ae41e4649b934ca495991b7852b855
chr22_500_guide_312	baseline	correctness	pilot	0	36.818804	36.772169	0.020000	126756	1	6277afa4b9349b6787fb9412e1072d4091ce90d200a90b3e74c1764882da95fa	e3b0c44298fc1c149afbf4c8996fb92427ae41e4649b934ca495991b7852b855
chr22_500_guide_313	baseline	correctness	pilot	0	36.025712	35.955993	0.035995	125112	1	c4ca7ddc636638d7005d3e187756ba84185296e1c2585b41d0a7a856e2606213	e3b0c44298fc1c149afbf4c8996fb92427ae41e4649b934ca495991b7852b855
chr22_500_guide_314	baseline	correctness	pilot	0	42.117215	42.046058	0.031998	125072	1	a2eb1dfaf7ba7e176fe1c242346652aa7a1166c410da2c5736b9d5677fc8a13f	e3b0c44298fc1c149afbf4c8996fb92427ae41e4649b934ca495991b7852b855
chr22_500_guide_315	baseline	correctness	pilot	0	40.723587	40.446837	0.231947	124172	1	3d96c21755e994f100780beab6f0ddd4428febb86225f1f6d35991b5ca1cbb8d	e3b0c44298fc1c149afbf4c8996fb92427ae41e4649b934ca495991b7852b855
chr22_500_guide_316	baseline	correctness	pilot	0	36.920880	36.645229	0.223983	125544	19	beda36680639225334e1607079c121b9190b3ca2e2568c1f808a5fe780d0b339	e3b0c44298fc1c149afbf4c8996fb92427ae41e4649b934ca495991b7852b855
chr22_500_guide_317	baseline	correctness	pilot	0	36.350712	36.307671	0.019999	124148	1	199b4cdcf8c5032c951850e7cb976ec2771edcaac16079c8f1ad422ea45e52c2	e3b0c44298fc1c149afbf4c8996fb92427ae41e4649b934ca495991b7852b855
chr22_500_guide_318	baseline	correctness	pilot	0	44.838429	44.762807	0.035999	125360	1	b38f02456f345d872287da7f74b53691b169eb255cc35d11d103c308c700d2eb	e3b0c44298fc1c149afbf4c8996fb92427ae41e4649b934ca495991b7852b855
chr22_500_guide_319	baseline	correctness	pilot	0	37.331974	37.259237	0.047999	127088	1	8563fc61dbbd0d60d302841d7a8b30a35df84832e0dff341b56de54c3f033908	e3b0c44298fc1c149afbf4c8996fb92427ae41e4649b934ca495991b7852b855
chr22_500_guide_320	baseline	correctness	pilot	0	39.543350	38.462553	0.016001	125012	1	c2e1e987296dcbb577c4b7951bfb8b1995247a8821cc87ff854132058dc825ac	e3b0c44298fc1c149afbf4c8996fb92427ae41e4649b934ca495991b7852b855
chr22_500_guide_321	baseline	correctness	pilot	0	39.403765	39.351306	0.027996	125672	1	892cbd65261cab1dd9eba0484885dfe844de435deb75ad1f5e1f4399d276ae48	e3b0c44298fc1c149afbf4c8996fb92427ae41e4649b934ca495991b7852b855
chr22_500_guide_322	baseline	correctness	pilot	0	37.695326	37.647323	0.027999	125116	1	396abb3fe32a2f2146132ac394667b66997edeab77b936030f6112ddf78f1c57	e3b0c44298fc1c149afbf4c8996fb92427ae41e4649b934ca495991b7852b855
chr22_500_guide_323	baseline	correctness	pilot	0	41.425359	41.383922	0.031996	123852	1	4a6f7a313e251182f276be210f99075cb7bfa5275fa278d132ac27df6e713db1	e3b0c44298fc1c149afbf4c8996fb92427ae41e4649b934ca495991b7852b855
chr22_500_guide_324	baseline	correctness	pilot	0	39.338293	39.266816	0.031999	124196	1	cbbe558a8ebcdafac709628c3f691e809429843d257c707fd153017cacda4ecc	e3b0c44298fc1c149afbf4c8996fb92427ae41e4649b934ca495991b7852b855
chr22_500_guide_325	baseline	correctness	pilot	0	43.789435	42.755740	0.183998	125088	3	8d16991bc618dd19ca977eb9d9a3d9f991d0a66b5e79ff3df88a0dcf3eee5bee	e3b0c44298fc1c149afbf4c8996fb92427ae41e4649b934ca495991b7852b855
chr22_500_guide_326	baseline	correctness	pilot	0	38.621149	38.558181	0.007998	125052	1	b2d49d7c3ccb583fac522482ca0d20527789ac77a349156625a99eff436ed534	e3b0c44298fc1c149afbf4c8996fb92427ae41e4649b934ca495991b7852b855
chr22_500_guide_327	baseline	correctness	pilot	0	40.380129	40.329825	0.035998	125068	1	81f44fc4ec1edbc9b9ab1035ba9d69b00400930d5350fca627234e150e86c644	e3b0c44298fc1c149afbf4c8996fb92427ae41e4649b934ca495991b7852b855
chr22_500_guide_328	baseline	correctness	pilot	0	42.487615	41.770020	0.368017	124876	1	4802296ebbba9922a4ece696902be06427691049808ba406ed873a9a4a219f9c	e3b0c44298fc1c149afbf4c8996fb92427ae41e4649b934ca495991b7852b855
chr22_500_guide_329	baseline	correctness	pilot	0	42.120720	42.083938	0.023997	125044	1	53160558bcc9bae1eddb3a7544f10009a4e838edc9a42ac6c0ff63bb0706fc0f	e3b0c44298fc1c149afbf4c8996fb92427ae41e4649b934ca495991b7852b855
chr22_500_guide_330	baseline	correctness	pilot	0	38.753503	38.641787	0.040001	124092	1	d4d719db9cf60d1d26c2a77552cfa85928b794088821836441391b9cbf90324e	e3b0c44298fc1c149afbf4c8996fb92427ae41e4649b934ca495991b7852b855
chr22_500_guide_331	baseline	correctness	pilot	0	35.078771	34.889755	0.172028	125316	1	5c1209b8d42788f36eb44042fff56635d97feee4c31dd62f64f13b68b55cf21e	e3b0c44298fc1c149afbf4c8996fb92427ae41e4649b934ca495991b7852b855
chr22_500_guide_332	baseline	correctness	pilot	0	37.741700	36.984899	0.144003	125636	1	29c4772e4107ff2db3e3247ecda31600cd1ffb80dd80301655f834bbee283d9d	e3b0c44298fc1c149afbf4c8996fb92427ae41e4649b934ca495991b7852b855
chr22_500_guide_333	baseline	correctness	pilot	0	39.264182	39.205401	0.024000	125568	1	0229a4fc79d3d37ddda05a4910899ff60fcd29aa41d3690d08b235deae1dd329	e3b0c44298fc1c149afbf4c8996fb92427ae41e4649b934ca495991b7852b855
chr22_500_guide_334	baseline	correctness	pilot	0	40.295493	40.205228	0.031994	126584	1	3e06c516c97d7d73f713b948e4ae2d850b9f95bb21edf7115970f95a2a44c88b	e3b0c44298fc1c149afbf4c8996fb92427ae41e4649b934ca495991b7852b855
chr22_500_guide_335	baseline	correctness	pilot	0	34.628868	34.567459	0.024002	125072	4	a4be7ac9902481c62f785482d396500555aeccb79607c9662ef20aff907385ce	e3b0c44298fc1c149afbf4c8996fb92427ae41e4649b934ca495991b7852b855
chr22_500_guide_336	baseline	correctness	pilot	0	41.204304	41.119925	0.019999	124080	2	50ccc63b38ee716d2737d977e6f3408dfce387328b217e21703d95388f86432a	e3b0c44298fc1c149afbf4c8996fb92427ae41e4649b934ca495991b7852b855
chr22_500_guide_337	baseline	correctness	pilot	0	38.167185	38.109283	0.036001	124968	1	55435a5f33dd9d0e307a3acbca8e33480145e2cff41751aa697bcad2c269889e	e3b0c44298fc1c149afbf4c8996fb92427ae41e4649b934ca495991b7852b855
chr22_500_guide_338	baseline	correctness	pilot	0	38.157145	38.110497	0.023999	125028	2	d39c5b6762aa09453e14f55e106ab300ceb4955ee3d73b381937cbf2220ed042	e3b0c44298fc1c149afbf4c8996fb92427ae41e4649b934ca495991b7852b855
chr22_500_guide_339	baseline	correctness	pilot	0	38.155058	38.076539	0.027997	125116	1	b5a14cce7e770e9c1ee2fef328720dcef66c7a959853bd5a6a6adf9fbc70ffb5	e3b0c44298fc1c149afbf4c8996fb92427ae41e4649b934ca495991b7852b855
chr22_500_guide_340	baseline	correctness	pilot	0	35.111843	35.065808	0.023998	125532	1	922985e3fca731f38882f32a1706760924853766b2a2e0c607c0dae6f012035d	e3b0c44298fc1c149afbf4c8996fb92427ae41e4649b934ca495991b7852b855
chr22_500_guide_341	baseline	correctness	pilot	0	34.854015	34.789996	0.023998	124116	1	7886c91b47b2d45bc063b2e8ad0e317027b6f77a80681247d1bb8098e3d93f91	e3b0c44298fc1c149afbf4c8996fb92427ae41e4649b934ca495991b7852b855
chr22_500_guide_342	baseline	correctness	pilot	0	48.249618	45.661604	0.044001	125072	63	0d2377806d0dbab21b05fd2305cbf480ab361f27db8755d6dcdace472a20cf05	e3b0c44298fc1c149afbf4c8996fb92427ae41e4649b934ca495991b7852b855
chr22_500_guide_343	baseline	correctness	pilot	0	36.105951	36.022147	0.016000	127116	1	77885b288a794217926cbdc3f9557271a5584ca0a3525a33368ba9dfa0f79c36	e3b0c44298fc1c149afbf4c8996fb92427ae41e4649b934ca495991b7852b855
chr22_500_guide_344	baseline	correctness	pilot	0	37.144088	37.045055	0.035993	124064	1	09e462275331cba68859c5b638f2ddc6ae613f21f1d352a49196de190eab4a63	e3b0c44298fc1c149afbf4c8996fb92427ae41e4649b934ca495991b7852b855
chr22_500_guide_345	baseline	correctness	pilot	0	41.793722	41.739931	0.027997	125092	1	b14e82166f74c064cc827ea6c2c7ecb58202c27a7e48eab02878079d65a0b1c2	e3b0c44298fc1c149afbf4c8996fb92427ae41e4649b934ca495991b7852b855
chr22_500_guide_346	baseline	correctness	pilot	0	39.130119	39.082910	0.023999	125544	1	c1578e221280fa40949a92a15ecf9b403390f444d83730224cd36b3639bc9cfd	e3b0c44298fc1c149afbf4c8996fb92427ae41e4649b934ca495991b7852b855
chr22_500_guide_347	baseline	correctness	pilot	0	40.394255	40.185518	0.111970	125068	1	fd3ecc223334a0f86c963a7df372cfce5e93a87dd0ef90a6c46e2780fd37a308	e3b0c44298fc1c149afbf4c8996fb92427ae41e4649b934ca495991b7852b855
chr22_500_guide_348	baseline	correctness	pilot	0	39.801944	38.981329	0.035993	125592	1	555a66e1753526673117e366fb233c844df0cfc38a64971866528e20e52f4ca2	e3b0c44298fc1c149afbf4c8996fb92427ae41e4649b934ca495991b7852b855
chr22_500_guide_349	baseline	correctness	pilot	0	39.969046	39.638242	0.271987	125536	1	2812e7c58993b0b84d9ed9b8583c00bfe201048e2de143a928f4bb50f26d68ca	e3b0c44298fc1c149afbf4c8996fb92427ae41e4649b934ca495991b7852b855
chr22_500_guide_350	baseline	correctness	pilot	0	39.351947	39.266116	0.031995	124176	1	690363745e23b36de9cf8198ae1a2f9b36e8aea59f5c0d77f85a6a355dc64483	e3b0c44298fc1c149afbf4c8996fb92427ae41e4649b934ca495991b7852b855
chr22_500_guide_351	baseline	correctness	pilot	0	38.802890	38.255784	0.511997	125148	1	4289dcb5c2a6d1840edf8b185512e1412c3489db3a0bc4685ad3b715bc63461e	e3b0c44298fc1c149afbf4c8996fb92427ae41e4649b934ca495991b7852b855
chr22_500_guide_352	baseline	correctness	pilot	0	43.784218	43.359674	0.283945	125500	2	f2d0b8b9fe9956bfaa96c3ee3b5f5055928c86e9032a49d79bb0fdc9103d993a	e3b0c44298fc1c149afbf4c8996fb92427ae41e4649b934ca495991b7852b855
chr22_500_guide_353	baseline	correctness	pilot	0	37.926502	37.665733	0.027998	125572	1	db50066ab5215e0ab40715d3e84c765c47977eb5d92e2f74fef9a37ee0c19f96	e3b0c44298fc1c149afbf4c8996fb92427ae41e4649b934ca495991b7852b855
chr22_500_guide_354	baseline	correctness	pilot	0	40.807556	40.704829	0.031997	124908	1	a25546c9bbae8cdc0d19e70bfe3c8882004a3d36efa6d3e1a8f84d71f02d3a3f	e3b0c44298fc1c149afbf4c8996fb92427ae41e4649b934ca495991b7852b855
chr22_500_guide_355	baseline	correctness	pilot	0	40.703019	40.669609	0.020000	125324	1	8a75a85488ad929f0680cd3aa83ddfd5294134a2984494dc614768a98595757f	e3b0c44298fc1c149afbf4c8996fb92427ae41e4649b934ca495991b7852b855
chr22_500_guide_356	baseline	correctness	pilot	0	35.390910	35.290007	0.044002	124176	1	867385907bbb717d91959186236ef4b8f9435d870da655ff1762344f446ca85a	e3b0c44298fc1c149afbf4c8996fb92427ae41e4649b934ca495991b7852b855
chr22_500_guide_357	baseline	correctness	pilot	0	42.038951	41.982914	0.043994	125900	3	e92ae9c88b8f12941d07537ab79c644385376ff1dcb918357c6c15bd0feddba1	e3b0c44298fc1c149afbf4c8996fb92427ae41e4649b934ca495991b7852b855
chr22_500_guide_358	baseline	correctness	pilot	0	38.033848	37.946161	0.027995	125168	1	a7389bd954eaa7a8f7c3e448a2ff3a3f4ef011b680d833fad933fd884d099eca	e3b0c44298fc1c149afbf4c8996fb92427ae41e4649b934ca495991b7852b855
chr22_500_guide_359	baseline	correctness	pilot	0	41.502552	41.346860	0.027996	125572	1	67f8eaad6970d67a23b137b039edd8958c127a6240cb405f3c0d44d014269abd	e3b0c44298fc1c149afbf4c8996fb92427ae41e4649b934ca495991b7852b855
chr22_500_guide_360	baseline	correctness	pilot	0	37.503632	37.433914	0.031998	125488	116	ab92b0dbf561032ca37778c31da69d5087a0727d0751d67e0a7d7f3d3516eac0	e3b0c44298fc1c149afbf4c8996fb92427ae41e4649b934ca495991b7852b855
chr22_500_guide_361	baseline	correctness	pilot	0	39.381626	39.309751	0.020000	124924	1	10c56888dfd2bcc3e5d0675d9a8e316b6ae168a941759f3370757a5730f843c3	e3b0c44298fc1c149afbf4c8996fb92427ae41e4649b934ca495991b7852b855
chr22_500_guide_362	baseline	correctness	pilot	0	39.409256	39.289301	0.023998	127096	1	ae0e1999294b6c0fe52b495744bbfe62e218ee6d3c22e776bbc769dcedf3d0eb	e3b0c44298fc1c149afbf4c8996fb92427ae41e4649b934ca495991b7852b855
chr22_500_guide_363	baseline	correctness	pilot	0	40.925347	40.851751	0.031993	126880	1	850390cf00e784716c531f5e64380876ff07596af289e7ba34bc096bff075ecc	e3b0c44298fc1c149afbf4c8996fb92427ae41e4649b934ca495991b7852b855
chr22_500_guide_364	baseline	correctness	pilot	0	37.940758	37.846273	0.047992	125280	1	74ce4e0f24c8c5bf9ff04f0abd30cb25e9cfa613e2689424b2f777753af8809a	e3b0c44298fc1c149afbf4c8996fb92427ae41e4649b934ca495991b7852b855
chr22_500_guide_365	baseline	correctness	pilot	0	41.917702	41.239814	0.027997	125040	1	7711156130fd328754eb2f08bfcd7ecb1894492aca3fe7d1aa2b964ffa029648	e3b0c44298fc1c149afbf4c8996fb92427ae41e4649b934ca495991b7852b855
chr22_500_guide_366	baseline	correctness	pilot	0	41.733953	41.549507	0.135978	126948	1	23700230984e70232e9331c81d6527a76bbf30918c396a14eb70f853a92cdb05	e3b0c44298fc1c149afbf4c8996fb92427ae41e4649b934ca495991b7852b855
chr22_500_guide_367	baseline	correctness	pilot	0	43.910036	43.819106	0.047999	124896	1	eafc7cf8ee809fe80890b34a135f0b6a144b58d1c39489c64df9d2821704064f	e3b0c44298fc1c149afbf4c8996fb92427ae41e4649b934ca495991b7852b855
chr22_500_guide_368	baseline	correctness	pilot	0	41.329073	41.188596	0.031997	126944	1	1f00016106bffc2ceba39230352e1e4ef914076353527946b8890d37546c25f5	e3b0c44298fc1c149afbf4c8996fb92427ae41e4649b934ca495991b7852b855
chr22_500_guide_369	baseline	correctness	pilot	0	36.997531	36.837484	0.064002	124040	1	08c5984412b18c370e990f17b4bc5ad2cbed1f4c3dfedd748d4e1535a3fadb1b	e3b0c44298fc1c149afbf4c8996fb92427ae41e4649b934ca495991b7852b855
chr22_500_guide_370	baseline	correctness	pilot	0	39.136059	39.050146	0.027998	126824	2	b15164b1a6028ce7dfe5c50730678163fb0be17ba30b67ef49aa87ee10f29cfd	e3b0c44298fc1c149afbf4c8996fb92427ae41e4649b934ca495991b7852b855
chr22_500_guide_371	baseline	correctness	pilot	0	46.007239	45.936028	0.020000	126900	1	2d5e99ae0c7bcb58f0b6b71473c477ba54d8c8724c2758627a6c66d26e4c8657	e3b0c44298fc1c149afbf4c8996fb92427ae41e4649b934ca495991b7852b855
chr22_500_guide_372	baseline	correctness	pilot	0	40.665606	40.500074	0.091991	125076	1	03c6b87f8e111baff737d699832be31b9947a70427c85b014752cb5b542a2eed	e3b0c44298fc1c149afbf4c8996fb92427ae41e4649b934ca495991b7852b855
chr22_500_guide_373	baseline	correctness	pilot	0	41.134610	41.043673	0.035999	125144	58	71f2239dc8f59ee257b89e03bbb841fd3c2f43e0a0d0682e3ff928f0cebe09c3	e3b0c44298fc1c149afbf4c8996fb92427ae41e4649b934ca495991b7852b855
chr22_500_guide_374	baseline	correctness	pilot	0	42.579169	42.499314	0.059999	125084	1	c3fc24d7c32679e1bb8d0997359e61e66898f2661248e500254761c6363bc345	e3b0c44298fc1c149afbf4c8996fb92427ae41e4649b934ca495991b7852b855
chr22_500_guide_375	baseline	correctness	pilot	0	36.949340	36.838077	0.080004	123928	1	030ec29164c173123d1d27dfea06a9700f90b3ab218d4b0a8e8aef3c9e9126f7	e3b0c44298fc1c149afbf4c8996fb92427ae41e4649b934ca495991b7852b855
chr22_500_guide_376	baseline	correctness	pilot	0	43.461441	43.412761	0.031997	124872	1	7e19f347dbb159b99327c48f045135540fc5a7b2a7ee081802a3916d383f8976	e3b0c44298fc1c149afbf4c8996fb92427ae41e4649b934ca495991b7852b855
chr22_500_guide_377	baseline	correctness	pilot	0	46.493808	44.779914	0.103999	125560	1	55a3f7499e0cfd7e01d39b6abf5895c90ab0b4bd0a5fce5f05529c08d2547f2a	e3b0c44298fc1c149afbf4c8996fb92427ae41e4649b934ca495991b7852b855
chr22_500_guide_378	baseline	correctness	pilot	0	43.634723	43.549552	0.024000	125340	4	ca193645a2f950677ee819c76deafecf7fc8fd5ddbbdd69ce32b77a0426369d6	e3b0c44298fc1c149afbf4c8996fb92427ae41e4649b934ca495991b7852b855
chr22_500_guide_379	baseline	correctness	pilot	0	44.729079	44.675155	0.027999	126852	1	5aa69e89a9ef985351b79202bc785b14f8909565c64344816b590744c39c799c	e3b0c44298fc1c149afbf4c8996fb92427ae41e4649b934ca495991b7852b855
chr22_500_guide_380	baseline	correctness	pilot	0	45.683886	45.602873	0.035995	125148	1	3696847df4deac858a26ab0acacdd39fc23eeee62d5f8c152b739c4d558ce954	e3b0c44298fc1c149afbf4c8996fb92427ae41e4649b934ca495991b7852b855
chr22_500_guide_381	baseline	correctness	pilot	0	36.346676	36.236404	0.036004	125088	1	66e0ad380442bdf04037ab83d0949141edf92e5a350d869acf3f12e9e0e18df5	e3b0c44298fc1c149afbf4c8996fb92427ae41e4649b934ca495991b7852b855
chr22_500_guide_382	baseline	correctness	pilot	0	43.387573	43.315853	0.044003	125072	1	334ed3775f29c2188d7fea058f91103c4d4b121f2e3c2fd6f915633ae391b52f	e3b0c44298fc1c149afbf4c8996fb92427ae41e4649b934ca495991b7852b855
chr22_500_guide_383	baseline	correctness	pilot	0	41.368269	41.295006	0.043998	125136	1	e3869c3952dd0b0eb3e37141b1040c6f25b82c4e398011436f2219c75f8febe8	e3b0c44298fc1c149afbf4c8996fb92427ae41e4649b934ca495991b7852b855
chr22_500_guide_384	baseline	correctness	pilot	0	48.002956	47.878902	0.039999	124868	1	d0f1f0ccacb8155b15cbd0aae71b84ef21dd4b82cfa458fe2fe387cdef067e94	e3b0c44298fc1c149afbf4c8996fb92427ae41e4649b934ca495991b7852b855
chr22_500_guide_385	baseline	correctness	pilot	0	42.864031	42.447608	0.043995	125980	1	c8af66ce12fb1c3e40ec64de1e6fe4633665b6b60f3b1cb98347963b883658a6	e3b0c44298fc1c149afbf4c8996fb92427ae41e4649b934ca495991b7852b855
chr22_500_guide_386	baseline	correctness	pilot	0	46.680088	46.577571	0.028000	123892	1	250d9437844a88773662267f23ae1f91e8636f98a0f86b6c48484d98887d9e23	e3b0c44298fc1c149afbf4c8996fb92427ae41e4649b934ca495991b7852b855
chr22_500_guide_387	baseline	correctness	pilot	0	34.034850	33.954395	0.023998	125868	1	a909238b05dda7cb5d453b651946c3f21b89303ee28398c030999e7ff3980c4a	e3b0c44298fc1c149afbf4c8996fb92427ae41e4649b934ca495991b7852b855
chr22_500_guide_388	baseline	correctness	pilot	0	38.178415	38.107696	0.028002	124900	1	b32f95b3659bdf5efde0a545c93605a84811e1f51637e98948f88b66e0c918a9	e3b0c44298fc1c149afbf4c8996fb92427ae41e4649b934ca495991b7852b855
chr22_500_guide_389	baseline	correctness	pilot	0	34.869954	34.772024	0.028000	125188	1	f8eaf62cda887424db5ab9182cf8cda1f095c522200d8c7053494e3cd3f0013f	e3b0c44298fc1c149afbf4c8996fb92427ae41e4649b934ca495991b7852b855
chr22_500_guide_390	baseline	correctness	pilot	0	38.444773	38.354334	0.023998	124860	1	49a680215bc86d76c112afc22c01ae23139a059bb99b4c5bb7a9277777d15b2b	e3b0c44298fc1c149afbf4c8996fb92427ae41e4649b934ca495991b7852b855
chr22_500_guide_391	baseline	correctness	pilot	0	42.510497	41.775000	0.139983	124088	1	c21b67904c7c4e4e487bce9bef7d7a8c1f63a73c6fb931f2b8148f858e585517	e3b0c44298fc1c149afbf4c8996fb92427ae41e4649b934ca495991b7852b855
chr22_500_guide_392	baseline	correctness	pilot	0	45.664827	45.570131	0.039994	125044	1	62af6dbf97486ac949ef3ab898566d88afe47152d399c78e5d7b872f755770bf	e3b0c44298fc1c149afbf4c8996fb92427ae41e4649b934ca495991b7852b855
chr22_500_guide_393	baseline	correctness	pilot	0	42.137461	41.973640	0.051987	125624	1	3719b9c87eb26bae46571444132aecd72ec6971081ed8592128ac8081655f637	e3b0c44298fc1c149afbf4c8996fb92427ae41e4649b934ca495991b7852b855
chr22_500_guide_394	baseline	correctness	pilot	0	38.861415	38.777292	0.031997	124200	1	3c3e23f0b752c439ab97e64bef2a4113aa18f8d8cf527c29e6927a6e204121a1	e3b0c44298fc1c149afbf4c8996fb92427ae41e4649b934ca495991b7852b855
chr22_500_guide_395	baseline	correctness	pilot	0	47.701747	47.530165	0.063997	123976	1	ede3ceee5da1cbf4355f6f21ee507d425126143830cc60dea7e0c7937667a8bc	e3b0c44298fc1c149afbf4c8996fb92427ae41e4649b934ca495991b7852b855
chr22_500_guide_396	baseline	correctness	pilot	0	41.184781	41.118187	0.035994	124848	1	b21d421132b22f0fc3fad2100df0c4da43b549e974ec809bb1982d27ac76b2a2	e3b0c44298fc1c149afbf4c8996fb92427ae41e4649b934ca495991b7852b855
chr22_500_guide_397	baseline	correctness	pilot	0	44.136682	44.089754	0.027998	127364	1	5d54478d4376f895371f8d339b5dccd454974991171a09a85d4673e7f8e0fcce	e3b0c44298fc1c149afbf4c8996fb92427ae41e4649b934ca495991b7852b855
chr22_500_guide_398	baseline	correctness	pilot	0	40.829681	40.575338	0.035999	125564	1	5c9d989f365df1d424483a28cbc77093b089ff7ebee8cd46972f309ff0b6db17	e3b0c44298fc1c149afbf4c8996fb92427ae41e4649b934ca495991b7852b855
chr22_500_guide_399	baseline	correctness	pilot	0	40.090462	40.002285	0.027996	124092	1	aed3025f5878f3f627cc0e24560dad556e9470377c3f5e6f682ae922deceebb8	e3b0c44298fc1c149afbf4c8996fb92427ae41e4649b934ca495991b7852b855
chr22_500_guide_400	baseline	correctness	pilot	0	49.727137	49.658786	0.031999	125176	31	988a05b73e3dcb776618ef03e29e43262f8fb8cead41d3edac1b8d32995aba61	e3b0c44298fc1c149afbf4c8996fb92427ae41e4649b934ca495991b7852b855
chr22_500_guide_401	baseline	correctness	pilot	0	43.178171	43.054411	0.031995	125172	1	574130b195313d28babf956f57ec6cad7babdaa442fd51fc95c6c4fe01874730	e3b0c44298fc1c149afbf4c8996fb92427ae41e4649b934ca495991b7852b855
chr22_500_guide_402	baseline	correctness	pilot	0	41.081652	41.047057	0.019999	125132	1	6885aa6e1f736a3800e5b8e869b1130951942bd1a6cc0d1a25a536d26fffc928	e3b0c44298fc1c149afbf4c8996fb92427ae41e4649b934ca495991b7852b855
chr22_500_guide_403	baseline	correctness	pilot	0	45.009895	44.965252	0.031998	124832	1	60f8b2bdc588b6b13527c78acc609879caa8defea9c72ada132dee63d52ad9bf	e3b0c44298fc1c149afbf4c8996fb92427ae41e4649b934ca495991b7852b855
chr22_500_guide_404	baseline	correctness	pilot	0	43.076479	42.859315	0.032002	124112	1	e0db171417b9d617b25a64277096c843a4bac7911334e46ccc8a3338fdf0c0f5	e3b0c44298fc1c149afbf4c8996fb92427ae41e4649b934ca495991b7852b855
chr22_500_guide_405	baseline	correctness	pilot	0	40.416263	40.345296	0.027995	125092	2	4569698d5f1eea2d0e21201f084895461a4fa0ad0bd743ff89296ecc28b8c92f	e3b0c44298fc1c149afbf4c8996fb92427ae41e4649b934ca495991b7852b855
chr22_500_guide_406	baseline	correctness	pilot	0	39.496360	39.411146	0.035995	124904	1	01fd169b93a95edc4956f61dcb9cd8ef7872958fc48ea50bc5f16e92ae9e7cc7	e3b0c44298fc1c149afbf4c8996fb92427ae41e4649b934ca495991b7852b855
chr22_500_guide_407	baseline	correctness	pilot	0	36.808122	36.764124	0.036000	124144	1	4efa47f300dbac5583b98c9f2679ad02d98d6d8e72976d6e2a1249fe2d685eb4	e3b0c44298fc1c149afbf4c8996fb92427ae41e4649b934ca495991b7852b855
chr22_500_guide_408	baseline	correctness	pilot	0	40.565451	40.533218	0.015998	125708	1	8aa0d629b648d54d65dead9f626b4f79b04416d14abcb761ce6f8afd4c8d5a02	e3b0c44298fc1c149afbf4c8996fb92427ae41e4649b934ca495991b7852b855
chr22_500_guide_409	baseline	correctness	pilot	0	44.596513	44.371057	0.027999	125084	1	2b4fb62fff6dc125549ec78c24c4284e9baefb167f735d57c29fb7fa1377fd37	e3b0c44298fc1c149afbf4c8996fb92427ae41e4649b934ca495991b7852b855
chr22_500_guide_410	baseline	correctness	pilot	0	40.297061	40.111951	0.031999	125104	6	53ab8fffbc99fd08cdca707d896c57c4b93d1d95688c8a754add17ae556f7bda	e3b0c44298fc1c149afbf4c8996fb92427ae41e4649b934ca495991b7852b855
chr22_500_guide_411	baseline	correctness	pilot	0	47.113663	46.912865	0.036003	125060	39	df0b5ae1179d3e3eabfad1a9f51f675a72a3e0b56dadf41775eb0facbdb8bbba	e3b0c44298fc1c149afbf4c8996fb92427ae41e4649b934ca495991b7852b855
chr22_500_guide_412	baseline	correctness	pilot	0	43.510448	43.419432	0.019997	125024	2	b71525c5999ec941808f42e2e7232f05c38284832a19e892758fb4125649d7b2	e3b0c44298fc1c149afbf4c8996fb92427ae41e4649b934ca495991b7852b855
chr22_500_guide_413	baseline	correctness	pilot	0	38.296597	38.087205	0.035995	125512	1	1da030b92202db00fdf4fa746fa0de1c56a74c6415d7abf8e6e634730c0990ca	e3b0c44298fc1c149afbf4c8996fb92427ae41e4649b934ca495991b7852b855
chr22_500_guide_414	baseline	correctness	pilot	0	35.641350	34.979679	0.019999	124084	1	dc18e7565a147dc0468401f11a1aec5c441da305cffc4f6068bf0abbeec51b24	e3b0c44298fc1c149afbf4c8996fb92427ae41e4649b934ca495991b7852b855
chr22_500_guide_415	baseline	correctness	pilot	0	46.981105	46.922060	0.028001	125612	1	8e4f5083c2024a772ae064b2a50dda44f56d59a9eb501cc86d2d66e0f1289d35	e3b0c44298fc1c149afbf4c8996fb92427ae41e4649b934ca495991b7852b855
chr22_500_guide_416	baseline	correctness	pilot	0	35.436012	35.311544	0.051993	124036	1	4ad6a29fbc0b47bcfe2c01e5aa0dadb830813fb301aa125f8326472a10dc2471	e3b0c44298fc1c149afbf4c8996fb92427ae41e4649b934ca495991b7852b855
chr22_500_guide_417	baseline	correctness	pilot	0	36.396819	36.303582	0.044009	125496	1	62cc8aeb4bf28a1df53587ae2f74a5e6f1288ede9db90aee0f72abe8f5f3a9b6	e3b0c44298fc1c149afbf4c8996fb92427ae41e4649b934ca495991b7852b855
chr22_500_guide_418	baseline	correctness	pilot	0	42.065949	41.953707	0.091986	124152	5	c8420dc291eb0f976f276d62a4f033b79c9304d06df7d3335d344d7082a0558b	e3b0c44298fc1c149afbf4c8996fb92427ae41e4649b934ca495991b7852b855
chr22_500_guide_419	baseline	correctness	pilot	0	35.819117	35.562120	0.212012	125192	1	8b4d19c546d86b7a041d4cab724163d2f559d5bbd6dec136726c5a5edeb6eee1	e3b0c44298fc1c149afbf4c8996fb92427ae41e4649b934ca495991b7852b855
chr22_500_guide_420	baseline	correctness	pilot	0	35.848684	35.740542	0.075992	126684	2	edce994bfb7cd75759e857477e241b187a4b95b66a692bae5c2f64075eae777b	e3b0c44298fc1c149afbf4c8996fb92427ae41e4649b934ca495991b7852b855
chr22_500_guide_421	baseline	correctness	pilot	0	42.404588	41.348218	0.040000	125584	2	1acdcae445259d1743c7e71e5cb99366b97c824db11e7bb75fdc47e02107a5d9	e3b0c44298fc1c149afbf4c8996fb92427ae41e4649b934ca495991b7852b855
chr22_500_guide_422	baseline	correctness	pilot	0	42.480087	42.397372	0.044001	124096	2	094655244d82c853ad703323fdc0fe0c65a6e6569cff26464a0e73ad84d55488	e3b0c44298fc1c149afbf4c8996fb92427ae41e4649b934ca495991b7852b855
chr22_500_guide_423	baseline	correctness	pilot	0	40.071151	39.896632	0.072008	124952	1	886f21508ef43139da65b3307d412b9c43af12390fb60b152be51f2961337117	e3b0c44298fc1c149afbf4c8996fb92427ae41e4649b934ca495991b7852b855
chr22_500_guide_424	baseline	correctness	pilot	0	42.606504	42.537221	0.035997	125040	1	532477fc4faa3f4f69315f7dba2d04ab90953c2c448e147b198a08dd360f39fc	e3b0c44298fc1c149afbf4c8996fb92427ae41e4649b934ca495991b7852b855
chr22_500_guide_425	baseline	correctness	pilot	0	41.925472	41.832923	0.031997	125752	1	faeff617f365f7f7cd0dd00c539f34b67b3dd81f82a85e89c41ed578516099f5	e3b0c44298fc1c149afbf4c8996fb92427ae41e4649b934ca495991b7852b855
chr22_500_guide_426	baseline	correctness	pilot	0	36.758849	36.660287	0.028000	127056	1	395d0cbf64200bcb6eca014619ea92462c25e08973e7212d07f4d64d62a51189	e3b0c44298fc1c149afbf4c8996fb92427ae41e4649b934ca495991b7852b855
chr22_500_guide_427	baseline	correctness	pilot	0	43.238077	43.081208	0.111982	124032	1	36112c32c710f17d0fbd10979505f5d7a5215cd2ad64520ac74f8b537266216c	e3b0c44298fc1c149afbf4c8996fb92427ae41e4649b934ca495991b7852b855
chr22_500_guide_428	baseline	correctness	pilot	0	38.959964	38.705793	0.224010	126724	1	b49d937c3f713b95c07b0df4983659c5531f5062b2c8b309c93edf95c5d33253	e3b0c44298fc1c149afbf4c8996fb92427ae41e4649b934ca495991b7852b855
chr22_500_guide_429	baseline	correctness	pilot	0	37.282593	37.175163	0.079980	125064	1	2ec43a3a14908487e4da93624a407c3b7f19272d01e1812f2764b52f28ae9ae9	e3b0c44298fc1c149afbf4c8996fb92427ae41e4649b934ca495991b7852b855
chr22_500_guide_430	baseline	correctness	pilot	0	42.265726	42.121047	0.083994	125580	1	a39d953b063860baaa128981774a27431eda978fc37949bc65f2cb01ed3bc55a	e3b0c44298fc1c149afbf4c8996fb92427ae41e4649b934ca495991b7852b855
chr22_500_guide_431	baseline	correctness	pilot	0	37.822575	37.762953	0.015999	125100	1	4e671a38249a3b235de336c42d1952eb9cbfb6883be90588a0a03c1c10b6bebb	e3b0c44298fc1c149afbf4c8996fb92427ae41e4649b934ca495991b7852b855
chr22_500_guide_432	baseline	correctness	pilot	0	35.210953	35.080484	0.039995	123900	1	32298278cb6ff6636d2515a3c62ad9ef6a2566d429dc65a2563a46e879c0f415	e3b0c44298fc1c149afbf4c8996fb92427ae41e4649b934ca495991b7852b855
chr22_500_guide_433	baseline	correctness	pilot	0	41.556075	41.484726	0.043992	125076	3	9a84143c1c0ae741457654eac03a337269c00cb43411a6b54461fbe5949d0b50	e3b0c44298fc1c149afbf4c8996fb92427ae41e4649b934ca495991b7852b855
chr22_500_guide_434	baseline	correctness	pilot	0	35.223825	35.136735	0.032004	124868	6	7e3e3f4ef531051d6a7795201988700e8dc6fb4e69e0fe1d683e1178275b1e17	e3b0c44298fc1c149afbf4c8996fb92427ae41e4649b934ca495991b7852b855
chr22_500_guide_435	baseline	correctness	pilot	0	43.876491	43.801347	0.020000	124916	1	16038bdcd50f85ce0a4ea6efea47731dafa305bb4bacdd999a696aa8fce480a8	e3b0c44298fc1c149afbf4c8996fb92427ae41e4649b934ca495991b7852b855
chr22_500_guide_436	baseline	correctness	pilot	0	37.284298	37.202463	0.035998	124048	1	b1ba996fcdf443c50ed85ef5e151eb2c859ed3ad0d425e25cdd737554a74fb66	e3b0c44298fc1c149afbf4c8996fb92427ae41e4649b934ca495991b7852b855
chr22_500_guide_437	baseline	correctness	pilot	0	40.507457	40.465208	0.027995	124168	1	36e9d38b2d923f897d6e2a53db577c6fd69c1d15750199d51b2165f6f7da9dd4	e3b0c44298fc1c149afbf4c8996fb92427ae41e4649b934ca495991b7852b855
chr22_500_guide_438	baseline	correctness	pilot	0	40.317021	40.233146	0.032000	126876	1	7b9ea615f9aa7e046adebd0e63adf8ebdc63c09e2a683a13ae5b9e9457fd8152	e3b0c44298fc1c149afbf4c8996fb92427ae41e4649b934ca495991b7852b855
chr22_500_guide_439	baseline	correctness	pilot	0	41.131569	41.055961	0.031996	125148	1	0190f0e84eeb95df6b5df5716b62537156b62b0d06f75ce0d84a290b7aa01e5c	e3b0c44298fc1c149afbf4c8996fb92427ae41e4649b934ca495991b7852b855
chr22_500_guide_440	baseline	correctness	pilot	0	39.396475	39.254533	0.031995	125044	1	4e987bd4a59588a3e2670ef83a8c80580f551f01774158544976def06a148b63	e3b0c44298fc1c149afbf4c8996fb92427ae41e4649b934ca495991b7852b855
chr22_500_guide_441	baseline	correctness	pilot	0	40.217727	40.140921	0.032000	125076	1	54ee762514de0802a27df6c1af3fc83fafeedee43a6a9a9f5c8ab4b9ffbc2983	e3b0c44298fc1c149afbf4c8996fb92427ae41e4649b934ca495991b7852b855
chr22_500_guide_442	baseline	correctness	pilot	0	37.380719	37.265937	0.031991	125100	1	ef3c258a25c35b787ec480cc4cdb3290a24d2941ff110cad9b9e40c1a9c2819c	e3b0c44298fc1c149afbf4c8996fb92427ae41e4649b934ca495991b7852b855
chr22_500_guide_443	baseline	correctness	pilot	0	35.921601	35.846692	0.035994	124996	1	790719bd8847db6a942f261864ea37c0ec15f7a4f400e0bd1eaf31a8e659f354	e3b0c44298fc1c149afbf4c8996fb92427ae41e4649b934ca495991b7852b855
chr22_500_guide_444	baseline	correctness	pilot	0	42.403903	41.520640	0.508056	125528	1	ed405985e5d0bc3cc4bbfe39199e2d58f5774a7a47a5d2ecf9175eacabcb490a	e3b0c44298fc1c149afbf4c8996fb92427ae41e4649b934ca495991b7852b855
chr22_500_guide_445	baseline	correctness	pilot	0	41.053898	40.993831	0.035998	124872	1	d34c378716f257e185bb5cb139c57e699a09f1073521990fef6b3c76f400769b	e3b0c44298fc1c149afbf4c8996fb92427ae41e4649b934ca495991b7852b855
chr22_500_guide_446	baseline	correctness	pilot	0	39.348517	39.128514	0.163951	124056	1	54483d7d719636ef82e5f65aac8636a0f5c68fea1e6f0c1096ad241066c4066f	e3b0c44298fc1c149afbf4c8996fb92427ae41e4649b934ca495991b7852b855
chr22_500_guide_447	baseline	correctness	pilot	0	37.531878	37.453424	0.024000	125544	2	5a9cd0289bd695702c26612a860ac7c7ffd186ec9855e9ebb39e174698893cea	e3b0c44298fc1c149afbf4c8996fb92427ae41e4649b934ca495991b7852b855
chr22_500_guide_448	baseline	correctness	pilot	0	39.269475	39.169567	0.036008	124140	1	af0e7d04b9032b6ba55a507cdc6196da5e7f3adbce117a38bb6ba2d2fb078cba	e3b0c44298fc1c149afbf4c8996fb92427ae41e4649b934ca495991b7852b855
chr22_500_guide_449	baseline	correctness	pilot	0	37.903055	37.804291	0.023997	127508	1	e8367625cb9c97ec27975858ed7924135dd7d288bb56eed2c76e0d9bc4e5713d	e3b0c44298fc1c149afbf4c8996fb92427ae41e4649b934ca495991b7852b855
chr22_500_guide_450	baseline	correctness	pilot	0	35.273652	35.210971	0.035998	125024	1	2ae6d416707fe71130cb2b7d3e365409b98aa031487d875b6091675f3f98e6a3	e3b0c44298fc1c149afbf4c8996fb92427ae41e4649b934ca495991b7852b855
chr22_500_guide_451	baseline	correctness	pilot	0	45.010670	44.937532	0.031998	125120	1	9eb0735b9bb6914649d66118c5e11946fd1c28f2f4ab317728d097308297e6e9	e3b0c44298fc1c149afbf4c8996fb92427ae41e4649b934ca495991b7852b855
chr22_500_guide_452	baseline	correctness	pilot	0	38.754251	38.656226	0.027997	125500	1	caa33e4a34bebd20f093ad8c057e31eee06ee3c0812711a5e984996ec3d44dea	e3b0c44298fc1c149afbf4c8996fb92427ae41e4649b934ca495991b7852b855
chr22_500_guide_453	baseline	correctness	pilot	0	44.112523	43.995687	0.043991	125196	2	cf53e5c0ba2549b95ad7cc66f6caa57165a2d7ef971b8448816c1f5189dcba42	e3b0c44298fc1c149afbf4c8996fb92427ae41e4649b934ca495991b7852b855
chr22_500_guide_454	baseline	correctness	pilot	0	37.543571	37.055107	0.419944	125064	1	c0ef84c923d1575aebfb474d6b0b9a489622223e07ca9c1b3dad0154c8b192f2	e3b0c44298fc1c149afbf4c8996fb92427ae41e4649b934ca495991b7852b855
chr22_500_guide_455	baseline	correctness	pilot	0	46.764055	46.420970	0.307953	125492	1	39b13c0090e1f7f870c746fb96e5c188a646262e69c8ee9de2a349db812a6b7c	e3b0c44298fc1c149afbf4c8996fb92427ae41e4649b934ca495991b7852b855
chr22_500_guide_456	baseline	correctness	pilot	0	38.225435	38.005511	0.175988	125480	1	66f40ebb678d2f2bfd77dd7a61e3770095414767dee777d47bb89cfd112d7a94	e3b0c44298fc1c149afbf4c8996fb92427ae41e4649b934ca495991b7852b855
chr22_500_guide_457	baseline	correctness	pilot	0	46.527511	46.451772	0.059994	125560	1	a8ea62f296fdaae7567af8f86405abdc3f234652944e90572bd9ec8d12ebe699	e3b0c44298fc1c149afbf4c8996fb92427ae41e4649b934ca495991b7852b855
chr22_500_guide_458	baseline	correctness	pilot	0	41.785382	41.194573	0.032011	125104	1	36dc22934c7c02b9c1a4043e7fa71e9fab23fac626842ee0233fa0a19e8a4d8d	e3b0c44298fc1c149afbf4c8996fb92427ae41e4649b934ca495991b7852b855
chr22_500_guide_459	baseline	correctness	pilot	0	43.297501	43.198177	0.060019	125140	1	ae2877403afc338a66d249e49defd6d72d59aabceb17722a5f7e4ba810ac724e	e3b0c44298fc1c149afbf4c8996fb92427ae41e4649b934ca495991b7852b855
chr22_500_guide_460	baseline	correctness	pilot	0	43.447977	43.350994	0.051974	125936	1	0702f00d8238249f52addcc891eb35cc8cb302324182724fd51f2abb5aa2c204	e3b0c44298fc1c149afbf4c8996fb92427ae41e4649b934ca495991b7852b855
chr22_500_guide_461	baseline	correctness	pilot	0	43.153052	42.950190	0.035978	125696	1	1b23f23233d0e8e334dba7ee9b2f71ed071325e62b0b2df036bd5c76d22fcacd	e3b0c44298fc1c149afbf4c8996fb92427ae41e4649b934ca495991b7852b855
chr22_500_guide_462	baseline	correctness	pilot	0	46.443068	46.155824	0.043992	125072	1	e5b9eb0597eacedf59b768109c64075d0da741152d13fb2e439f5d58c018c128	e3b0c44298fc1c149afbf4c8996fb92427ae41e4649b934ca495991b7852b855
chr22_500_guide_463	baseline	correctness	pilot	0	40.872160	40.774572	0.039994	125340	1	7c248ba9765e06499bdbdd56fa063150392f57bbcf49d7273e7a34148cb2a14e	e3b0c44298fc1c149afbf4c8996fb92427ae41e4649b934ca495991b7852b855
chr22_500_guide_464	baseline	correctness	pilot	0	43.879756	43.793488	0.012001	125148	1	572a412f62c765fdaf94fa017837ae004da8b8070c016a242544a182aefe63e1	e3b0c44298fc1c149afbf4c8996fb92427ae41e4649b934ca495991b7852b855
chr22_500_guide_465	baseline	correctness	pilot	0	41.274461	41.148828	0.084050	126848	1	71aca4d4d36b2443e6e04db67d1c059a16d050f4e1c6e90f522b493e94915886	e3b0c44298fc1c149afbf4c8996fb92427ae41e4649b934ca495991b7852b855
chr22_500_guide_466	baseline	correctness	pilot	0	42.916285	42.795851	0.071986	124148	1	ce36001de0595b6ca48e3f857e190887e3219eb435d5c95d003f9c73f5c7e4f9	e3b0c44298fc1c149afbf4c8996fb92427ae41e4649b934ca495991b7852b855
chr22_500_guide_467	baseline	correctness	pilot	0	42.677923	42.612126	0.060011	125028	1	333a2ac75dcc9c0aeaef85b902f8c4923c58c1bb5bb7a6e3b7ef5c77edecd079	e3b0c44298fc1c149afbf4c8996fb92427ae41e4649b934ca495991b7852b855
chr22_500_guide_468	baseline	correctness	pilot	0	40.357399	40.276690	0.036004	125348	1	b129ef3c4f85946c1752fcdec67457fbfa137faf10c495dcfb79020726f0093a	e3b0c44298fc1c149afbf4c8996fb92427ae41e4649b934ca495991b7852b855
chr22_500_guide_469	baseline	correctness	pilot	0	44.877773	44.615853	0.227897	126924	1	396a48dd0384e6e289e748eaa3a473e02786e2d98d3c9ccc975cfdc1f2077813	e3b0c44298fc1c149afbf4c8996fb92427ae41e4649b934ca495991b7852b855
chr22_500_guide_470	baseline	correctness	pilot	0	42.080801	41.986845	0.039995	125636	1	50da73a873102212cf126ed04756d602d15aff5c7c9be11a43ca7ed77b9d1dcc	e3b0c44298fc1c149afbf4c8996fb92427ae41e4649b934ca495991b7852b855
chr22_500_guide_471	baseline	correctness	pilot	0	42.674351	42.628957	0.020000	127228	1	b0bd2d17b793d19a9cc8aebd15bdd4c22df56bdaf8aab2b3c1abdd99fab13456	e3b0c44298fc1c149afbf4c8996fb92427ae41e4649b934ca495991b7852b855
chr22_500_guide_472	baseline	correctness	pilot	0	39.475226	39.371092	0.055981	125152	6	ce394b6203610b5d25de41f4bfc33b08abfc0c9ba525df869a394cae61776f1e	e3b0c44298fc1c149afbf4c8996fb92427ae41e4649b934ca495991b7852b855
chr22_500_guide_473	baseline	correctness	pilot	0	41.945249	41.599861	0.019999	125112	2	72cfccdb732c7f835e82aebb76ca4186954ee044989d4d3f165c230249e1ab41	e3b0c44298fc1c149afbf4c8996fb92427ae41e4649b934ca495991b7852b855
chr22_500_guide_474	baseline	correctness	pilot	0	47.276302	47.217605	0.035995	125136	1	27f4db87eaef5a8e95ee563eb60799da341bd01d4adb8e80aa230848dce17378	e3b0c44298fc1c149afbf4c8996fb92427ae41e4649b934ca495991b7852b855
chr22_500_guide_475	baseline	correctness	pilot	0	38.463997	38.385344	0.027998	125340	1	e384b7a2569a5848931984dada58a7863fa4ad10cf0639f33dc3d4b245ecd919	e3b0c44298fc1c149afbf4c8996fb92427ae41e4649b934ca495991b7852b855
chr22_500_guide_476	baseline	correctness	pilot	0	38.504193	38.377525	0.067995	124036	1	cef6bfbc08ef536f268fc772150775caeddde43f60444747b9f9fa3e77153561	e3b0c44298fc1c149afbf4c8996fb92427ae41e4649b934ca495991b7852b855
chr22_500_guide_477	baseline	correctness	pilot	0	42.525965	42.454505	0.023996	125172	1	d77984734ace8e0a07533cd328de9fa78d0ec2f4b870c43722f2482d69f39cb9	e3b0c44298fc1c149afbf4c8996fb92427ae41e4649b934ca495991b7852b855
chr22_500_guide_478	baseline	correctness	pilot	0	41.613736	41.511672	0.039995	125128	1	66356638d350f202a4fc3653512e2eb61d180a210d3b4874237620fdd88f45ac	e3b0c44298fc1c149afbf4c8996fb92427ae41e4649b934ca495991b7852b855
chr22_500_guide_479	baseline	correctness	pilot	0	41.539152	41.437670	0.036001	124888	1	23595c08da0c6736f275085085ce1fa4389c0c23f7cb5e27898ed6fd96e9c578	e3b0c44298fc1c149afbf4c8996fb92427ae41e4649b934ca495991b7852b855
chr22_500_guide_480	baseline	correctness	pilot	0	40.069160	39.995544	0.027999	125052	1	d69d8cab5f9f101c8ebebf1517222a11ca2c055ca30605b62cc9fb77a7dd9883	e3b0c44298fc1c149afbf4c8996fb92427ae41e4649b934ca495991b7852b855
chr22_500_guide_481	baseline	correctness	pilot	0	38.393795	38.052524	0.275771	124128	1	df1d31d6c611d54432bb2ded430b33d54a73a65d9ac4e858d4332a409bd4fd6d	e3b0c44298fc1c149afbf4c8996fb92427ae41e4649b934ca495991b7852b855
chr22_500_guide_482	baseline	correctness	pilot	0	43.670576	43.594368	0.055997	125120	24	bc79b29567088eb0aa6eb11f73d631eaf9402f515bbf16d294ee308fd8b40b79	e3b0c44298fc1c149afbf4c8996fb92427ae41e4649b934ca495991b7852b855
chr22_500_guide_483	baseline	correctness	pilot	0	42.593777	42.505863	0.063990	124864	1	ec3317eca52cb313be8b742bd84d70d8e9f8f3d3a8dfda83e632d9ec5b3e7472	e3b0c44298fc1c149afbf4c8996fb92427ae41e4649b934ca495991b7852b855
chr22_500_guide_484	baseline	correctness	pilot	0	37.509211	37.407717	0.059993	125280	1	71ecc0fae907389e715d1ca86fcbdff3ec27af9fce69bcca1c654d58d3bf98b8	e3b0c44298fc1c149afbf4c8996fb92427ae41e4649b934ca495991b7852b855
chr22_500_guide_485	baseline	correctness	pilot	0	42.445411	42.242892	0.127960	125868	1	9bdfb2270fa6b3abdcd6d9dc88dd6e2da7b983242b64a38aafa5c0a793e710bb	e3b0c44298fc1c149afbf4c8996fb92427ae41e4649b934ca495991b7852b855
chr22_500_guide_486	baseline	correctness	pilot	0	45.809840	45.740723	0.024002	124928	1	8dc058c1447c872314f3d31ec8865959f3409fdebfa5044cb15c05b939609aa2	e3b0c44298fc1c149afbf4c8996fb92427ae41e4649b934ca495991b7852b855
chr22_500_guide_487	baseline	correctness	pilot	0	36.100770	36.048113	0.028000	125584	1	f618e6a62a671dc60aed99263392f11c178317ef24a0e60ae15e6aefd01799fb	e3b0c44298fc1c149afbf4c8996fb92427ae41e4649b934ca495991b7852b855
chr22_500_guide_488	baseline	correctness	pilot	0	39.065451	38.912336	0.024000	125868	1	624a957aae98b6d231ae1011b4e64e108e7b8e8e44287e46c4862920d0454e11	e3b0c44298fc1c149afbf4c8996fb92427ae41e4649b934ca495991b7852b855
chr22_500_guide_489	baseline	correctness	pilot	0	45.842760	45.672547	0.056000	123900	1	ec47a60387ffa032dbc15150c6ff0b1c838905815402357dae3f75329a28357a	e3b0c44298fc1c149afbf4c8996fb92427ae41e4649b934ca495991b7852b855
chr22_500_guide_490	baseline	correctness	pilot	0	38.276696	38.203156	0.023999	124876	4	92f686a99e861f10463b1469d86b4d73913cae083f936822dc00cb7ac50183e7	e3b0c44298fc1c149afbf4c8996fb92427ae41e4649b934ca495991b7852b855
chr22_500_guide_491	baseline	correctness	pilot	0	38.366038	37.921371	0.391931	124888	1	d26d89bdd504b3597d3010fdc4ce82385f0052897c7c456fad509d6d59d744b9	e3b0c44298fc1c149afbf4c8996fb92427ae41e4649b934ca495991b7852b855
chr22_500_guide_492	baseline	correctness	pilot	0	44.788006	44.598171	0.131982	124132	1	d1bbfd2faf7d69f7fbe39d9624756e6401f3ee6cd2fd299c525b88c947bdd2cf	e3b0c44298fc1c149afbf4c8996fb92427ae41e4649b934ca495991b7852b855
chr22_500_guide_493	baseline	correctness	pilot	0	36.676275	36.532809	0.031983	125052	2	0c905b7331f00841f95a0390edb19ac2cf54d75b8c0260c1122d1e91b8eebf98	e3b0c44298fc1c149afbf4c8996fb92427ae41e4649b934ca495991b7852b855
chr22_500_guide_494	baseline	correctness	pilot	0	43.389777	43.293455	0.023998	125180	1	aa7c76deb8cd48c48e0224a45cd7bdd03602ef159c762b3fe3add221cd775ad9	e3b0c44298fc1c149afbf4c8996fb92427ae41e4649b934ca495991b7852b855
chr22_500_guide_495	baseline	correctness	pilot	0	41.225868	40.466795	0.615981	125536	1	f428fe77b5fe732c90e6cf097e5033b3a111f46c117014d9c525ee74561db8f9	e3b0c44298fc1c149afbf4c8996fb92427ae41e4649b934ca495991b7852b855
chr22_500_guide_496	baseline	correctness	pilot	0	39.929831	39.288211	0.031996	125064	1	9dd72b30ce28bc67f5d290d9cbb867d3c3fd6dc00da22a909f03378e7a0414c4	e3b0c44298fc1c149afbf4c8996fb92427ae41e4649b934ca495991b7852b855
chr22_500_guide_497	baseline	correctness	pilot	0	45.720201	45.571183	0.096006	124136	1	95454f28187c5beb09711d60e71ffb74f1651e2307379f62112a3273597ee0ff	e3b0c44298fc1c149afbf4c8996fb92427ae41e4649b934ca495991b7852b855
chr22_500_guide_498	baseline	correctness	pilot	0	38.245576	38.067818	0.131985	125120	2	4bb6e4f08a7316ba26ec3e6f894f79070071b55d78d6c1605a50035d0a1d9c79	e3b0c44298fc1c149afbf4c8996fb92427ae41e4649b934ca495991b7852b855
chr22_500_guide_499	baseline	correctness	pilot	0	43.584225	43.525519	0.039994	124116	1	589cde34d9ad5d2d4a86bf9cca125c4004811a2581e714cb750bee2e730c7362	e3b0c44298fc1c149afbf4c8996fb92427ae41e4649b934ca495991b7852b855
chr22_500_guide_500	baseline	correctness	pilot	0	47.572119	47.518286	0.035995	125472	1	5a188d7c26c71afb1012046744a759f5adbb290bc704ee5eddb49329116e1309	e3b0c44298fc1c149afbf4c8996fb92427ae41e4649b934ca495991b7852b855
chr22_500_guide_001	columba	correctness	pilot	0	7.670691	0.620145	0.235255	290364	1	fb6d3b27b6d5d6a0e129f7ff72c1498333bb402de3d7b91037e5fe223d923f8b	7dd0ac5af4f805444d705c3c7e54a22be911e8a63e66a31d26cc26b63cd32d01
chr22_500_guide_002	columba	correctness	pilot	0	0.860240	0.632292	0.165279	290488	1	4f84fd663e530097a356f82b2c5a0458e090b9ebcf5c96fddc5326573df955db	c80fd56fe992a4b4f0caa221566cde42c478c3ee04be9a77fe3d27bd878707e5
chr22_500_guide_003	columba	correctness	pilot	0	0.708152	0.518790	0.149685	290544	2	c788efd23026646b4da4b4a94736bffdb6646d5bb82e63ef3b54d008d2d7f496	5e6212673189b137868af231f3f49365db18929fbdc4915f13b52a1622522dba
chr22_500_guide_004	columba	correctness	pilot	0	1.064603	0.651302	0.174214	290468	3	41a9ef51e83a95092df6d34278bb584d5cb81e4e5c965e87236e8b76ec966547	81e7da79c5b1e4692fe9c4cbbf1d61c2d05c9a381fd6e6ef1dbdcd870c3850e9
chr22_500_guide_005	columba	correctness	pilot	0	0.961106	0.620261	0.175995	290396	2	5593b98c2493a0b88e42eaea42b482a194969227858e2af4912bc01dca9ef454	5f0a8051bdb5fc6d3783fb70b09861683d378a6991ffc357c34297cbc812f16f
chr22_500_guide_006	columba	correctness	pilot	0	1.162612	0.669739	0.221920	290492	5	985223b6d62b5d89d90abb3b6411baab1ded4c027e524fd04733e3e131a2d641	d63df83b6ccede275655acad6516c498f156031407b4f5232c4704bd19578ab1
chr22_500_guide_007	columba	correctness	pilot	0	0.964976	0.590724	0.163539	290344	2	56a8fdc6b10b61e89791b719fe5bae29758da62f5f0e9c2390a9488ca443dead	a104212839e62ffcd71ff2763b833b58e738ebe0a14d5d021981425170823976
chr22_500_guide_008	columba	correctness	pilot	0	1.059205	0.690989	0.167795	290512	21	f0937d09b482433febb72a3aa2951bd7a1099c3bb5c4e6ae5d7f40f51dfaf291	e925e6374c2b14f26ce352338d241501af5403cd20c2f7a0a66a7ff0957a82b9
chr22_500_guide_009	columba	correctness	pilot	0	1.161336	0.760216	0.227411	290524	5	120b985faeed3306e9c571ed4d15fd8c6e6693c215c811d99b5c36f8c8076653	acb1622676a14415f1babbcc14949666303bc8e297e4c7628d42d8f107d18cd9
chr22_500_guide_010	columba	correctness	pilot	0	3.477522	1.908872	0.625880	292376	47	43224567f7eba6981d50ec8046572b589274362dc062f422a9ae08d570f94634	d16c61eb0e874277dd9b6352cdad67e3ff1bd71567db70cb17cdbaefa2e398da
chr22_500_guide_011	columba	correctness	pilot	0	1.163154	0.800171	0.216485	290588	11	d296aa4b46bff4101d52cfee7f82646354978bc26bfed3fe31b8e121a22208a1	4765d3675054ef1bf78cbe216da6eb980cf13419953f3c26f44f43e84a14f024
chr22_500_guide_012	columba	correctness	pilot	0	1.420265	1.017702	0.226195	290428	1	9e5ed8cdd1a37c75d6db7090a6f7a31471034f3cd57ca5ee982877d1f71ccf3b	cefd0459f07490ae6da131274d83625a67d7ef573c93136a6f1146f4dd918e50
chr22_500_guide_013	columba	correctness	pilot	0	0.962618	0.724421	0.145167	290616	856	ccc3d3b80ed309cc947744aeb419da762bf360cf65ee8f19caf6d89ef8540bb4	a0f43a78ac495168b63dc33958a840d4b629f46bd21e5ea36ebe2fd81ed8e956
chr22_500_guide_014	columba	correctness	pilot	0	1.762795	1.132163	0.290396	290780	11	8803a6adc2a8f578c3cdfe7bb25133f44e1f60a70f7ca0d891a2ffb9db407b18	6f1bf2e9bd839a6b30e0a124f22fdd85a366595ea3291e0d987f9b93f298de90
chr22_500_guide_015	columba	correctness	pilot	0	0.909686	0.676712	0.171558	290396	1	25f71f69affd98f6790d4162f2184eeae2794ef38bcf6e8c5338d710759c2c15	06b30ec0d7910a63f7d2292f5cfbdd6a8e44d2cbf8113e86a75b48cc972e36ba
chr22_500_guide_016	columba	correctness	pilot	0	2.976797	0.820918	0.180290	290352	698	70c7013ed568af038792f61db3c52997bbab937ba201d2e90a46b72c1460e639	ece699ac28391d94a6ec87accdeea6d1147778fd407407f27eec4d0d48e2bc36
chr22_500_guide_017	columba	correctness	pilot	0	1.311085	0.855138	0.216628	290776	2	4248427dbded810ba66778f9ffb9237d3cb4048cb1d18ccaa9abd4103e46073a	aec793715f83f68424e0959a284d5702e794d44408c327f3003be5e143a800b8
chr22_500_guide_018	columba	correctness	pilot	0	1.211271	0.765260	0.199388	290356	1	691ce0260ac4ff8426decb079b6ec2efdf4680b3abaced64e9143840bccb9552	a4c7fcea839152b57f9d48000d08a15502fd89d0fd27949928e5d265dda849b7
chr22_500_guide_019	columba	correctness	pilot	0	1.315267	0.838036	0.236689	290592	8	e03a7033d0162ff6a605616c96ca00ea7b7904cbf3a5f8493a93365cfea5b1bc	15f25acbdf8bfb8293f4fc9cf0496b3aa5f1e5474382dcd2e82c567e5e7f1610
chr22_500_guide_020	columba	correctness	pilot	0	1.365347	0.935608	0.206536	290396	3	b71b185c0c0d8f062ea12b64244f82b762d258f6d6b80620ea045f6635bfeed8	341656f796398472fd76cf9aafd4c36c341f2daf617841ead43636d2178e3a54
chr22_500_guide_021	columba	correctness	pilot	0	1.212976	0.836610	0.230763	290408	1	2b073fcb4a2bd34250518b2ca167b1ea129dbf14264dd074ab7fc34c8f1ab035	a7db212107cef71a26aa53d3d139c0d5c1591ed3aa3107f237fc891c40be9e11
chr22_500_guide_022	columba	correctness	pilot	0	1.114351	0.768018	0.188112	290456	3	5a62cebd8293e901a67b59a580cd404a0622d4a1deb300c572d8af96bb45378c	dbd8425f007c95a24898b8e8e47372312fadb8c87e84638b27aee21b872a6a0e
chr22_500_guide_023	columba	correctness	pilot	0	0.910556	0.653491	0.158308	290436	1	95686fb2b7a30116b7ae2cc467351eaaf4c6f25cab6f6b7bc6dcc05f1c409532	011f515d83cd8b0bf4648cfa3d329bea0cb2939a7aabcbf319c9ccbd2ece994c
chr22_500_guide_024	columba	correctness	pilot	0	1.011676	0.761837	0.185075	290460	116	5ca9fb42f42af2b7d2639b38b690f8b8b82cd56462d3e1a68b682cf15da128d4	1fa60f2e3d3ac9e78ea8df10a08f27d9e59a718b2288557ff5610af51acc316a
chr22_500_guide_025	columba	correctness	pilot	0	1.062486	0.802965	0.183640	290252	4	7ab401acb4940e90d7c62e98e0a345dceadb56ad9ea595aec9c975332f2a9735	c8913cf3ae2a292d6f4e97bacb81bf983025bb19f372ea59b2c58afa3bedd53b
chr22_500_guide_026	columba	correctness	pilot	0	6.701413	1.049963	0.289282	290416	1	92457b8eeba549253b9d7c8b508cd2a2bbb6eadd76da9e74b1cab96a0815447a	8f8b24b361c9c11f9eec6853fe385ba0823d490b61f93bf6440b129613bb495a
chr22_500_guide_027	columba	correctness	pilot	0	3.473110	1.917356	0.488552	291264	125	ca4e812261e7b45af70d16aa45e5ac1a6457b1411b983cdd507f599e1d4a5998	8a657e6a2409a30975fa9fbc01342820495a71cd2a0eba5e7e03db7c0051b0b4
chr22_500_guide_028	columba	correctness	pilot	0	3.979288	2.327186	0.562932	291556	4	b8cc43f743b2bf2f0e12fa535de856dec45a7e724e169b206e17e024502350b1	9739780944683faaa4ef3f313f816b862f341378b37d0ab5c6f2f11c524f85ce
chr22_500_guide_029	columba	correctness	pilot	0	2.419300	1.497286	0.410943	290772	5	0a560f9534d41cc31d885f88b25abf26643f57d60df57d0bd9feb9ac59f57094	b547291a1806d5b9e74f3ef16f67a4f22f736c95fc8af256ae72985d93453b4e
chr22_500_guide_030	columba	correctness	pilot	0	2.568097	1.799163	0.339569	291172	3571	e50741d945656044fe5956a7d76cc5cada1c7385a3ebcd1d0c71f4461cfb87ba	a4ab0960aed0097b959ffdd7cc0606bf634d4e049dc8c5d83792e827e9ce5335
chr22_500_guide_031	columba	correctness	pilot	0	0.910533	0.616856	0.164520	290292	1	449eef586702df92b06ca3e4fc18604b620a552314243ced02a516e616f3adcc	006e92bfad32e647c5aa40870ca72fb1a432ddd8c5b84d1af74547ea0781b3f6
chr22_500_guide_032	columba	correctness	pilot	0	7.295816	3.679756	0.882215	295276	48	636d1d61073a00404325c289b2d0143cce292f3bf74ec312612b98efb3f0f11b	cab8c1e914784bfa7f924ac4abe5f8a944b74ebea08067ec9b3584a30c8907fb
chr22_500_guide_033	columba	correctness	pilot	0	1.867995	1.085803	0.265147	290500	77	4ed0f166306be29e52512f6850c1b990c122568bfe38464c457a9cbc3cafab14	501f5c6c5e8d62ad0a7602fffd723666195a02b48240223d6a623d2bf75bc9d7
chr22_500_guide_034	columba	correctness	pilot	0	6.239384	3.465103	0.979360	293260	25	4b39890b56cc1d98e2aacb369882f1a3ce830047f70499203c17c996e921c9c7	52a85472f77b7cb55f6f441fe4c1074d20fb8747c01686dce7849b5dd4c09389
chr22_500_guide_035	columba	correctness	pilot	0	1.061732	0.745525	0.196143	290508	18	da00fa6414408e1903c2b2b30d17fd03d20d9c215fd38adba7e2c17a084b29d9	1e6bc9e523160056aa05f9eaded58d3afd764e3e8fa2241d892da808f051c7f9
chr22_500_guide_036	columba	correctness	pilot	0	0.910516	0.656710	0.190120	290556	6	83eb0f2428da2c69bbb126c57e14b14699752ce1fdae7111b71efab6911daca6	e3b0c44298fc1c149afbf4c8996fb92427ae41e4649b934ca495991b7852b855
chr22_500_guide_037	columba	correctness	pilot	0	0.961489	0.699866	0.171457	290396	46	4e2d4cdf63efc7b59e86edd83cfbb981770f4cc0bb2799d01227d16f0dcc058f	7cbd27b847ebc6ef612fb0cf06f7a356fa1b57a00ad915633f3713428f786320
chr22_500_guide_038	columba	correctness	pilot	0	0.909156	0.631628	0.184627	290952	70	2525d9e467b0e235d87fec363306eb39498ebdd905157b97f69a01938142d417	587b33ffa851be62124e858db10a3ce0555e1fef7b9faa94a47115a7bf569d6a
chr22_500_guide_039	columba	correctness	pilot	0	0.908699	0.691110	0.137459	290436	74	ca01ddf784e6ee664ff89e5427a71cda8754aeda3e434fceb8b5ecd52ef0f5e8	65136300c73d472f653a9971b93a9155970c3ef33635aa71744bbb65bfdff222
chr22_500_guide_040	columba	correctness	pilot	0	1.012432	0.753001	0.177469	290452	500	cdf7d3055b3d3eadab6e8dad2f8344fd26c02ae1b2f57d2bbf3296d80052f0ae	7005652609a5fd5509a214b3e6e4593fc3e635032e874cdd44547b3492300542
chr22_500_guide_041	columba	correctness	pilot	0	1.663356	1.174828	0.202428	290708	854	8fa374939158321bcef340c0ec1955ceab1fe6fdeab1750b48cf2fe0ade22e46	192ac3ce9e04d55f7d461fb998032e3d94c685e88121641962faa0b81a706e03
chr22_500_guide_042	columba	correctness	pilot	0	0.859945	0.622028	0.168776	290336	1	0ee48f543136d09a143c4eeae676947d7744ba356f6b4522be723210cea49fce	96aa285bfe31edf4b59fefd59745369221fe1cfd86d1d89d9e299ebbecc9603c
chr22_500_guide_043	columba	correctness	pilot	0	0.909089	0.683816	0.144651	290444	4	958d7bb0d2bcce37cafabe02cb7bcd2515a249ee7abef00a06c7ca69afbeddfd	b26403da3df85946d6c7931e54a923877597a6d21517a6786edcfb4f3a684c5d
chr22_500_guide_044	columba	correctness	pilot	0	0.858601	0.631274	0.169247	290304	1	eb8670fd9176c26562fa7d6753d0ecafbdbc18ffce8eb47eac0ff7f21eaee174	91bc91d3e82bafb72df10498cb20719d4fbbcf8bcae1f2aff5ee7e8b2e81f65f
chr22_500_guide_045	columba	correctness	pilot	0	0.860083	0.635909	0.155289	290440	1	ad510f2f6f517e85da1ff1e3e334f60ec412670418ae765b20823bba1029db1c	481c073f9e8e7b28d642e3f9ccb7de275626f37b02ba6db3a34ff5dd5ac1ef2c
chr22_500_guide_046	columba	correctness	pilot	0	0.910711	0.622442	0.176937	290392	1	62be28d44f2b99ae8760da16dcf99d46c01d6cf9dde0f8c55e0864390027fe60	0efc47989db451bd82c6d222d9d9baf3633278485b4492d3ec93bad2d774cc1a
chr22_500_guide_047	columba	correctness	pilot	0	0.811508	0.591584	0.159242	290304	1	a0a592f68ce5c632b25a6bbf8492c14534157794a49dc98dee9ee564e3ce0f58	81fab08e13487c6873e044311f8c609f42e6635a25006525c50c37d602ab6510
chr22_500_guide_048	columba	correctness	pilot	0	1.213678	0.828988	0.209886	290348	25	bbff78e8edf6476d0dd0cdd76f512cb705b72cd1e357220e1a380dbd5cb5874e	8283bb72468ef0f7298ae906c23d010c0d48c6574a33364a533179130f8c4875
chr22_500_guide_049	columba	correctness	pilot	0	1.059911	0.748814	0.193645	290504	40	44d5d6b7adfc0b35b70543957298439addcdfb050de5fb338e6ef8bd1e41df5e	1600c692317c48e8297093e9cbaa20fe89183be3f06ab88905f98e37a6794bb2
chr22_500_guide_050	columba	correctness	pilot	0	0.858327	0.637119	0.159403	290468	21	900be0709880b5503da9492a11b7d3aa93c10e3913a03c74b99aed465d1b2a2a	7bbe3936b44fe9e0e516ce71902e1484d852f4eb2a095393fe3a0fdda5ff65ae
chr22_500_guide_051	columba	correctness	pilot	0	6.048515	0.691224	0.192792	290628	22	841db30991dc46ac4de30e5222f01879ae98785e0c882c7709a8449e78a2a38d	e3b0c44298fc1c149afbf4c8996fb92427ae41e4649b934ca495991b7852b855
chr22_500_guide_052	columba	correctness	pilot	0	0.707585	0.535898	0.140662	290448	21	ec592648254199539685feee5357d093e2e1ec0b8ee82c9ce1e89057db95c2aa	e3b0c44298fc1c149afbf4c8996fb92427ae41e4649b934ca495991b7852b855
chr22_500_guide_053	columba	correctness	pilot	0	0.968060	0.644785	0.169754	290504	21	f06dfd6c22b697d7740aae04db98ec638592c858c0cf82fc80f657832a3c522b	e3b0c44298fc1c149afbf4c8996fb92427ae41e4649b934ca495991b7852b855
chr22_500_guide_054	columba	correctness	pilot	0	1.209671	0.631256	0.174655	290404	1	08105a1cf5d022b79968633482eaa3ea3e17f900fbe591f469112bf46a5ae873	ab023f194a2c2b445057a30ea8dfd693140a577a54a9ab170b8bd40a7acd2110
chr22_500_guide_055	columba	correctness	pilot	0	0.908678	0.553157	0.150593	290396	52	ee56b9e2db8b0459e41ba989c4df5510d5aa569b082d2ccdc6a5d68cd6f152c8	b93330407da42bb71ce92d3f3847868e7c7301862e17aa228a7bc96970700a12
chr22_500_guide_056	columba	correctness	pilot	0	1.109618	0.678413	0.169047	290612	34	7a8c20e2ad03e1c7a443c73dc7732dbc6caab9afc73080eb6863402ddda119cb	f08ced51ac504f9f498d2c07f3b62523b630cf3a141a87544bc45c9877f715e8
chr22_500_guide_057	columba	correctness	pilot	0	0.910324	0.623966	0.177382	290496	1	75ea28648a2a653313216f9434a7a84692519cd4e1edcee69b342edd63c5477e	5af05998d4bdd35640268a5c41ffa8cda1ebe9610686723dfa215e5b2a08ea44
chr22_500_guide_058	columba	correctness	pilot	0	0.758290	0.543535	0.166188	290472	8	9b00eaabadec78eddf839955f38b2c49038c64b495db9fc7cba00a4c5b16c2fd	e3b0c44298fc1c149afbf4c8996fb92427ae41e4649b934ca495991b7852b855
chr22_500_guide_059	columba	correctness	pilot	0	1.815032	1.108680	0.304048	290760	37	11f27a826a355fa1f1b4cf5db1886f96dd2a2445e36fbe85ba0cb0c6b5f53500	ed584ca0d31fe15ec6ac2e353da94565c9b5e1d45192dbc504aa1775a3d088c6
chr22_500_guide_060	columba	correctness	pilot	0	3.021986	1.858603	0.501092	291256	1411	58268b20d8149be3bee94e14e24bd26143e0942b90d25fca95b6a8b0f7ae15e2	9123c1e6b8d3c907be13f3dd16131f8c3a09dc7aa5e3e2336635d523adfbe1ff
chr22_500_guide_061	columba	correctness	pilot	0	1.060140	0.696211	0.189156	290448	10	0b6cbe7e12be9458ae6e3bdc2c573f51f4bcd0d98614837918ef154c942b9d76	557e735046b33292f2d66bab6a148c1ac3011aed4031b55c92d053fb13a5949b
chr22_500_guide_062	columba	correctness	pilot	0	0.911785	0.631112	0.150614	290424	1	6326b7c857afa096b6327c79b7e53d81695f794da0e844e646896ba73816ffd5	cf5a6cf93ad71b7047d7fc29c8f41b306afb893175dc32638a74932fa5895a26
chr22_500_guide_063	columba	correctness	pilot	0	0.808197	0.610190	0.159659	290300	3	14d007c41b3efc0f49a5e3c8b2c1afbdbbf6448965f329277343a75661f62b72	e6ce59b275084995153a3e9c40a4958a8a70855f475daac144376dd269a555ec
chr22_500_guide_064	columba	correctness	pilot	0	0.758180	0.572578	0.153071	290536	2	09a44e214f313d41c48214908421d55f1a26ea3288be0e13299804f97f456f32	7340353120ee52255f0adcd07da68ecd20e307e0e26cf8dcb3bf773152519427
chr22_500_guide_065	columba	correctness	pilot	0	0.859445	0.596282	0.200817	290468	1	c111cd0bca51d032b97ac4b793c9bd060c5756f007fffa13fed504799e72ded7	86866744f224d38fbd2580ab352af60907685ef6da57264acbb1257b20971600
chr22_500_guide_066	columba	correctness	pilot	0	0.860284	0.682732	0.157011	290504	1	ab7135a79310941abc028089e7706255079f1d3db5459fd46b95054fbfde6edb	0b35a61d36fde4c3b58e0f595d6667831d60dbaad864caacba105b940a7bec68
chr22_500_guide_067	columba	correctness	pilot	0	2.519884	1.404122	0.265746	291812	582	b832fdc4ca648da0a03e32b355befa25d9da8b5a65775b9990c9c6f75be0471b	c70cb6520a543b13436737957d489de2c78bb07f16ae6f6b1bf79bbaf4e0edd6
chr22_500_guide_068	columba	correctness	pilot	0	1.012150	0.653112	0.197130	290428	193	18fa726a0532763a6a720243b5476e8492d4a0e21d88972a1590a5cc86c18f36	738f0679665e7cbee0e7647775b7e47573cdbc33c7d7463d5c01f8c75b0b7b5f
chr22_500_guide_069	columba	correctness	pilot	0	0.909904	0.545110	0.167755	290588	1	10798f7b18b6dd224fe51359cb5fbfe45011ce2323ed7d0f27f0e92ecda0388b	1784cbe926dd58541272a852bd2d777146a73ff0cb499126b1409ee29fe291a4
chr22_500_guide_070	columba	correctness	pilot	0	15.439099	8.630410	1.906540	301456	146	89ed8b8d0de9b02b45bd1eac76e766ef999887464e6196de09f0376c1e63ff33	5d04d31c762977eac028b47bf38f47b9a83ed21db8c020671d12c47bcb595dc5
chr22_500_guide_071	columba	correctness	pilot	0	1.061572	0.656913	0.230039	290436	32	464b4a7379a065c8f24635419036f163ac2079205036b32871edb1cbc20d43b1	45680b948708bcce80bf0f6f3afaae5bb641e75913f77a6c41343e5f163aa523
chr22_500_guide_072	columba	correctness	pilot	0	1.210423	0.838842	0.181588	290476	401	175fac6477ad65cfd4d0a3a28b2bdd07a935af4f68fd41df0b52ebf871808672	3de0ed9eb4502307a5e447c7bcd298d1bb88863dd46e7e99c29953a6709828d4
chr22_500_guide_073	columba	correctness	pilot	0	4.687565	2.710839	0.640272	292144	121	14607790ed2c2aa20854f98797286082d4f4e662c4918ba18d80b5c7cabdc3a3	42f93d194038db849260c18f78fe52cdc58775b7f60fd7a14fdf15a6b1f00b50
chr22_500_guide_074	columba	correctness	pilot	0	0.809501	0.628065	0.120726	290368	4	b8219aed6e489c9c4fa0a533151aa99c22593825075d01ea0be7b4876a8b5deb	c9eac62497ce2ee5bb32b209a9cc6da7e2a5d83ef2f591f53ca681dba5f1529e
chr22_500_guide_075	columba	correctness	pilot	0	0.859909	0.670670	0.151673	290452	1	5f1787da1d7bf0626939c26621201f9de70b2ac17f865e493ff03038a3e9315f	4cba2eea06e21c79bab305ea008dcddbc66b27086cbe6c85f7ec96bdefdc96cf
chr22_500_guide_076	columba	correctness	pilot	0	0.809798	0.599853	0.173570	290340	6	0f5f207f370a122525e81363ebed1b12d2c9ada1888dbcdbbc91b0cb2a481d8c	7def432da96c5bcbe520f226d237945ec6841180f82ffa8a41e9e9ef10a1709a
chr22_500_guide_077	columba	correctness	pilot	0	3.479317	1.181264	0.311359	290688	11	01eff103f53992e674cd4091197ade662b1f7be74e97328d4418a9fd6ab9ab89	c0edb623b2395d026ded1b0d3ea99087303be1ae34dd2c9171adbee82fe1698c
chr22_500_guide_078	columba	correctness	pilot	0	1.062050	0.710164	0.200573	290432	1	664ca84d364b11b722ac1aa282d988cb26faa580c3801fc71e980d0a2785483d	647a3c26fb0f04ad019100c4ab0390ab87ed5c84aadfe7a252bca70b1e3bd96d
chr22_500_guide_079	columba	correctness	pilot	0	0.961445	0.677316	0.153465	290236	4	afb3a2baa61d27fcc6390dabab10c0341036168166da5891947bbfcee3778b38	ff873412894078ef6ef205b13ca72e5ff12617085dc3f394412279ed33f28d02
chr22_500_guide_080	columba	correctness	pilot	0	0.859512	0.545502	0.170250	290476	1	a16a21db2b49ee59d414351e5cfc085e7f1c9e271758fd01d69580f32ad1a0c2	4dfa4eebc9c5b4f4a82f5df597ce34d51b63bda2c3f0de7967b9d4dae3d321a0
chr22_500_guide_081	columba	correctness	pilot	0	0.911459	0.628056	0.184052	290548	1	87c90ab44d2432526cac1bcee02421cabf106882291b8473d5af856bbf6654a7	aa5f535485a04a0d6548f604fa5ad48e5ff270bd7b6e49efcc24849a24737b3c
chr22_500_guide_082	columba	correctness	pilot	0	1.062910	0.768213	0.164127	290496	3	6f3c5867d5dbbd7f3b78e08e7b3300064d91c4ed629fff6eb12b41e686b01435	36b2282653998fc4b0f58ec158c3e0e6f5f7972aaf158c94c7642f14b59a47cf
chr22_500_guide_083	columba	correctness	pilot	0	3.223972	1.957097	0.466396	291252	65	443c9733648206d43672a968d8e97952afd65a9f31ce05d9d0565f64b1ea8a38	34e2228fdcbf823acbc1cf9a4520426f2726ceee2e2c487a482723b0e27f4c06
chr22_500_guide_084	columba	correctness	pilot	0	1.311377	0.904479	0.230722	290536	119	d402adfea529962d3944e928919008f9a65f3ac8e471dee261aeb5aec4192c48	6beba3a70e3f992f090fd4e796fb70b5d6eac3f95004faf026557a0a55251079
chr22_500_guide_085	columba	correctness	pilot	0	1.013420	0.773089	0.177374	290420	1	a50b7bd87092a6e4a876b6a1b30167fc798e551762ded744e8cec689a47f6f55	0403a04a2f3326b7701979e1d0c9fa547fa91ab530f8fd99c6ae2a1bd6119591
chr22_500_guide_086	columba	correctness	pilot	0	0.912726	0.685046	0.150205	290416	8	caf56a8d80186a132b4bbfd8a735de6b36912b11490c792bf72261e8e5cde4c3	050c924a95a143b2754fac5cd4c71a0d204bd6c77539986f3a3a766a322e39c3
chr22_500_guide_087	columba	correctness	pilot	0	1.014510	0.634541	0.140949	290648	2	f25a4d850004ee4c2741be2af70583a16f5f628dcdefe40556a4f787f77266ee	bd92a88d08c1fa2b3f682dc5255097cddbbd159c36caca2ecc29814711545576
chr22_500_guide_088	columba	correctness	pilot	0	0.960428	0.663936	0.168867	290488	2	5c632dfc921b715b635c61d386497b7131eb4348bb520ea4a5cd13ab53ef1e7a	23e8f4ffff162fdc2e25089c32203c22ccb5ac9c66770c9b5d4a6408cc154ffb
chr22_500_guide_089	columba	correctness	pilot	0	0.707999	0.486993	0.129580	290516	7	435669ee46eb24c8f7ec4039557ae1485d92adeba07ce04f76f3032c4dd179c5	24cd2e6a4b5650df77901fb0bbf759a30fb2ddf3a5abc4701088887f394766b0
chr22_500_guide_090	columba	correctness	pilot	0	0.758740	0.555660	0.157631	290488	1	1a674244aec8ea25c8e0b9a4c719f1dd7a3136cbd5f87feb87b53bc75bbf29fb	a57155a9cef5751288db8dd5a37d6bbc9fe9d2b69d3f0dad7f65201ee77eab7c
chr22_500_guide_091	columba	correctness	pilot	0	0.811692	0.589228	0.137945	290420	1	3b1208d36a7808228471f8be766844c38fb5b98323d1d2f58e690839f7fb8d80	c987746dab1aefd1154d93fee3ceb0b5e57c026a3298baef3bbea8273ced27ea
chr22_500_guide_092	columba	correctness	pilot	0	1.562557	1.043797	0.234664	290808	151	f000d58c8750591a2c7cb091213b22bba518d7f9c05eb7175dccfe211f9bfb08	3b7a13444398ba7ca1c4957d456aa00242fbb59bc8fc85d529e581d34e7d746f
chr22_500_guide_093	columba	correctness	pilot	0	0.707128	0.502532	0.144233	291012	1	6cdd7ce54810d5bc4f6f9e343cba7e89b5868d4aa230081223fa53049a31ac4f	dc56e723a41ad2b033072b1d35240963852ef67de09ef8478a44d1daa4a0e78a
chr22_500_guide_094	columba	correctness	pilot	0	0.809100	0.550764	0.179819	290472	29	948bcbfadc9596d923485f837f309e44ffa937d6b9b444a5fb02ea8581e87245	79efc16fa62b4f0a95cfc9be0cc611a7bf821b00bc1b0bd65bd02cad0eab4573
chr22_500_guide_095	columba	correctness	pilot	0	1.059984	0.756830	0.169462	290492	1	78d56e6029a238e55e698734f6c34371645440cad14a3a34379e3a5d6cc8429a	a2f3102c792c3df23476f6bb4758a0972129d992dbc20ef0ee3164f5f6882b83
chr22_500_guide_096	columba	correctness	pilot	0	1.012252	0.655191	0.228945	290344	1	e4df6fa89a3b0e0120f2158b3532f9d4a6e42d02734646aca7d1906347f68735	034fd5f80e41ec35f4feb3e12a1ac57998e2443d058e5e18f13ebf5ab2369fe4
chr22_500_guide_097	columba	correctness	pilot	0	0.861437	0.580185	0.165367	290436	2	58d3088e520d927bbad11c9787cefba9db56844eefd70fc7274612710d6213b5	91dd8610d687ca8fe292f44ccbc98eff7f0a64598355b67ba2671dae0642b737
chr22_500_guide_098	columba	correctness	pilot	0	1.011117	0.652519	0.191909	290248	7	e201d7cfc5ec4a9979af6c9a236130b8f36d6e0e4dcfef596b106dbc39010303	b458b467a03688a50351b56d6e3c449c56ad4edc944351aafb91ac49def2d89e
chr22_500_guide_099	columba	correctness	pilot	0	1.161070	0.843231	0.204851	290244	418	e0c841ff70caf229925c42271dc89b4f97cfa520605d74e679a65d4a270624d4	3cf35464a1122905c66fcae5b1d5189b97f7967d4ebdbef8403b1ca3216ec463
chr22_500_guide_100	columba	correctness	pilot	0	1.625800	1.064801	0.259152	290596	7	6dc27402611c5897094988dd29db1a7c81bb640bd33c2bcd2edd331da526f95c	29509256720ec18e82b0ffd96d83ff775c438ac7ef60fc85cd049054356df38b
chr22_500_guide_101	columba	correctness	pilot	0	11.390658	0.791219	0.290953	290152	6	47e1fdce9aed179ae91336af9f3427e346b81c1516b1506ea44c7ac44e50a3cb	92c42033eeeb9aa506c0bec7fdf1104d0c3777c474f85e85480ad8d5dc7f7af6
chr22_500_guide_102	columba	correctness	pilot	0	1.060408	0.708834	0.209444	290248	8	bc012fee47aabb62fc68539b6ec0a0735b880c5eb93ba880cdd2894a791c62b3	64de5f357da6591a46db8031cba7625902901ade5ad96b163f45ddfd462aebe6
chr22_500_guide_103	columba	correctness	pilot	0	0.909865	0.608559	0.163044	292444	1	70d3142b6438b2233c1a63a2ac833233a13a2d75bf75339f1fccaff2fa81b453	d56d96fe98b333f362ee9bd6376532e8bc00f0bfcb42456116b5b2cd748bb70d
chr22_500_guide_104	columba	correctness	pilot	0	0.910358	0.630265	0.230994	290168	1	1a566c323545c0de5dbd25e42db62374e240ce4299b47e835e757a21598da936	08d20456f53b1dc81a710bb71d2819d8895a5e6fcd98e7a7ab7756dc0f4cbd8d
chr22_500_guide_105	columba	correctness	pilot	0	1.514096	1.042873	0.288150	290492	82	6f059c4e0726c2fa1884434f4f975ace5c96e3d6c6b37c77b4364307c7aeea84	c0bd084dfe927a47b34af71cb0deaf32edb03482ccc22ac6739c89c80863d4eb
chr22_500_guide_106	columba	correctness	pilot	0	1.012003	0.721959	0.229928	290156	19	cd02d79cb88b58688e1a381cb9a027fc12e8f2c8ba13c33dfac7051358dc3aa5	33a3e9ab5bcdae1fbaad18fea1e55b76f8450f8567f049a34fc88646e0393f86
chr22_500_guide_107	columba	correctness	pilot	0	0.809398	0.627274	0.151737	290576	1	37774d4819ec468762743e89b36baf9deaaa8cc267fbe9bd5aed95319efd242c	1746dc10e1af88335e4a12e5a7eb1b37aa40dc243ef6125524e365e80bcd8cfa
chr22_500_guide_108	columba	correctness	pilot	0	3.675796	2.201006	0.498525	291528	1	6b72b7d58a6bb9700568183d8342e8f3bc79c45ffa1f7e46c161effbf9985c5d	1bdc42a6859b8b52c1db369907a7439fdf814d31ad0591c6948691ed396edcd1
chr22_500_guide_109	columba	correctness	pilot	0	2.317999	0.622117	0.162554	290512	1	461291dcaf2e80e2a23a63e67f89a5c96faac00ade45a6b2fbf5f72f52e4e359	5f6cf12d24efc302c0b18feb3261423ab8eaf500a0ce00eaad330309e72d69b8
chr22_500_guide_110	columba	correctness	pilot	0	0.810882	0.607677	0.173550	290496	3	27bec362626af993604055a79ddb94b53597029f4bc27af25949739b8d89a154	856c1e604acf1d18e0451c19303335814fbefe1662bcd31770ac6fbd63b99f21
chr22_500_guide_111	columba	correctness	pilot	0	1.061150	0.748053	0.189749	290444	128	179bedd0173a0b747757db4c53a52508aac9e4581ee9bb1f9aacaacbb5eacc88	4c72477b8ccb96aa672d0bbc91a353c395ad47db86ef2da8043a34637674b8fd
chr22_500_guide_112	columba	correctness	pilot	0	0.959123	0.591612	0.187341	290520	1	85e8ddbe1f41d07d2fccefdd6deb60b8cfcf17a64f052215c84a68e7db0e8e8d	00005e9cafd4a8cb6f19096d8e9d54632eb6e89875c5030196a944fd19e92013
chr22_500_guide_113	columba	correctness	pilot	0	0.859506	0.671402	0.153571	290468	149	5664c285cf2f5ae0137ca1a22d1cb40e7231faecf6a27ae4223e67a75ccdd033	94dca88f98f958fa1bf19db4e20642e9042142e03f3cac411aff6176a087ef1e
chr22_500_guide_114	columba	correctness	pilot	0	0.909640	0.652640	0.167998	290380	2	e99f1464fbfcc616cef25166c640673d4d2c6afce038f7bef369c4bf5c6e0046	5191b50bee9c5d1e030d6bcab94554cbe0961661f1dfd7d8bdc4c6696e1b3586
chr22_500_guide_115	columba	correctness	pilot	0	1.366201	0.899663	0.249089	290352	50	01ac7302e9a199c7d238bd19b09ca939f8fa4847c9f04e0179d582f6c398c3d7	46de4e2c695015b0cda6cde7c4d5a192765539cf7ca9b535b36b5be39d0e618f
chr22_500_guide_116	columba	correctness	pilot	0	1.212464	0.772080	0.274254	290328	15	2c3100dc7c5e040102ad698cc36b85dd84a89471db4410bc85aa8535ac672828	10c4a9caa0af0e60d557e748006ab42c160e4f100b7e5d1bcac1c7a205f9e803
chr22_500_guide_117	columba	correctness	pilot	0	18.923776	10.196977	2.484868	305024	3335	09dbe95198ae57879a9ba57ad4c855a45956a0ac2d97e2c6002e6651f7e06ddc	090ac31dbde80cb5241fae47410a81ff6d12c362cba45acc52fc695ee6ea62a0
chr22_500_guide_118	columba	correctness	pilot	0	1.411095	0.845757	0.293077	290276	2	bcee63120e7a1ad9985f53ede79aec2d8e27e6be8190904374c9bd2675cce1d4	20e0d047a90eb941c28e7c3eadd3682e2d2baa7519ca17df715655ce2d25a138
chr22_500_guide_119	columba	correctness	pilot	0	0.911120	0.639756	0.214664	292336	1	4f436688014fdfd449b313b2c3b687063981e5e245571a9db7c8a5711487b353	e68dade42491d3ddd00a5ea23d9612e962e69a59342f84ff18b674ac32a011cb
chr22_500_guide_120	columba	correctness	pilot	0	2.467452	0.625952	0.168650	290432	2	ecc4ab1da9f54fe98fb3daf081c50f8ea2bc6926d495e1ff393f5acdd6c088ba	f833aa958a5f495183f5e033de42f6d8afe91f350e8ce2ca33fa066375294a37
chr22_500_guide_121	columba	correctness	pilot	0	1.325144	0.634195	0.176614	290400	1	9c2d6c2960fe78f86540e1be27182c28b286fce8b9592387bfeac03889c6dae5	2704842ada9d3b25ab43a512905eaa1dcc85b9bcbfe559d667b7abe3b0e51ad2
chr22_500_guide_122	columba	correctness	pilot	0	2.519844	1.557011	0.399540	290700	101	e1d81e7c216feb9f8c237c0eedea03fa224a1765de1eab7c995bc6d566e9f684	fa2962666f6ecfea439cb94a57f945780bd0bc50d24174783c93c173399d6001
chr22_500_guide_123	columba	correctness	pilot	0	4.535856	2.890733	0.578555	292436	3309	2bcf3c36d3005ad0fb22c942310e9ac2be633eecc1be15596d48b67e278c7fd2	bbeec566678f9402686af8dfc82c742950a8cca1a8132401323a9ab6a130af25
chr22_500_guide_124	columba	correctness	pilot	0	0.960416	0.643924	0.246441	290240	2	7ddcecb77c47003c6c62506f5862a316222350a1edaf66e6e74fcc576be502f2	213ee66155794bcd4dee7a5fdd1bb0ddbe438f8dae8ead99c8735a54676fcdba
chr22_500_guide_125	columba	correctness	pilot	0	1.867019	1.103048	0.341656	290740	8	492725d20fe9d5db2f1a91b2b31a147e495881c5f222ae8be30d996373d87e6c	e298661cf0d8d1d5fe7f9c04271caba45fbbdd2766f8279fa3a0ee1a9b98f4de
chr22_500_guide_126	columba	correctness	pilot	0	12.512923	0.664294	0.259378	290540	1965	57abc546a36dcb61b89f5b1a7615a43135f0663d7af96d10fe70563776e0fedf	d6d0d8ebd689ebdb64d55389b0665e52a54f191a330b356a04014bf858fdbcbd
chr22_500_guide_127	columba	correctness	pilot	0	1.715837	1.112800	0.291685	290664	19	0c012868d6ea02fcbad0e3f44baa2a7e59ef03fb923ef2aa79007230f065f303	fc37767c92591ebde142bbb7c381093addca59df9d10e9e2c0f3a2dfb244573c
chr22_500_guide_128	columba	correctness	pilot	0	4.529859	2.750622	0.623018	291572	64	74ee2057f2511f0387c90decf264283593386e47d9b30347bc9921ddcc60dd17	24451543d4981af6965232fc89a42aae084c85b1effd413db55357f5b81b7551
chr22_500_guide_129	columba	correctness	pilot	0	3.676098	2.128319	0.573017	291528	10	5b798c4a833c3282797917b94896aef3977cf41a458001ef733fd63ce7846a2a	e2d71aa9677d93244afb220e9ad4d0eeb027015c8cb17177c33f4531c994c25a
chr22_500_guide_130	columba	correctness	pilot	0	1.724764	1.067072	0.313049	291248	2	6e3cc36326087205994258d05cc6383f0331f64e9934e6d84278df7c8484344a	0b8fde13023a2b3c026bacf0028b8ef013fe38bf3af8ee15d477b60359337cc8
chr22_500_guide_131	columba	correctness	pilot	0	2.873902	1.748395	0.444362	291200	17	9027915187829aa16b01814f987b1fd968ceb48e039fc731fd85db554bd850e3	f752d6a5333e2ad041f1cc05dad3748dda89c363ec91dec6b7b4078c7dfc1648
chr22_500_guide_132	columba	correctness	pilot	0	1.714712	1.013018	0.294553	290444	6	42b2a134cfc954cd87ffd6426dc37df74a73fa54f3fd58ece8830da40829a184	1602b2b202fdd2e87bc1dfc8829793256dd66997dbdc1d5c0e050d35db9f46aa
chr22_500_guide_133	columba	correctness	pilot	0	0.870955	0.585302	0.170885	290356	2	a7610eb051e87a34826545d10fcf8102943e8611a97a657a33ec94ff2afe4c13	ca6032de9107568e011efa775fb138933bc1f4163d835edc39d12e948093dfde
chr22_500_guide_134	columba	correctness	pilot	0	1.512098	1.116200	0.224092	290768	1696	15ea75d1d388292df50a24ac69adfe550bfb71904110cd0f3f81f7c59be4ee94	461b5533971da140b4a6c079f8a5b080d14fbb71d9e6c1d21ffdd13fecf6c595
chr22_500_guide_135	columba	correctness	pilot	0	1.463562	0.958076	0.238328	290900	5	e3c84bb32763d301bdf52408bec52cd184e7bd8be4a2143c3dc778c2162283c8	99d2dbfc79b13a73ce69b6c42d895375d91c3c4527abeb63763f16ddd615de2c
chr22_500_guide_136	columba	correctness	pilot	0	3.174848	2.125707	0.386547	291760	3244	843e4bf4bac6ae869a0d929408d3185ab9e833a359a6f9e5ed8d66b4855b2395	f4e18f51a69fef0720ffef6a755858aea2f69a7e050d9ee155ff89a549e655e2
chr22_500_guide_137	columba	correctness	pilot	0	4.229287	2.034636	0.455786	291628	3	6b10b91714e2739dd197eb1b59d225ef355dc4c88c17eaccd81edf4c2ea2cfff	2a9d725b28c38d6308814cd7b80df45337c0daafcc80fe2958ec66eb320e7f68
chr22_500_guide_138	columba	correctness	pilot	0	1.111402	0.746086	0.216125	290472	2001	01e49abccf673768fbd38172e9592aef60a9ffa738fefa147d463cc2893ff852	6ab1cb25283fe19a6bfd4fcd5c48da2d87969a73970cab771254caf7f66a6287
chr22_500_guide_139	columba	correctness	pilot	0	3.879837	2.351123	0.554066	294808	1993	3cf03761da568a4e8daf4caa89db6161f78870d15f4b918b5510eacf8de9a23e	95a4147eaeab6638de1bb677be3761ec0478fd70c786d342addd9843fb84b313
chr22_500_guide_140	columba	correctness	pilot	0	3.124366	1.994365	0.508215	291252	2011	f82cef2df3ee74e16d91c05357ecf7567d84cb3c01dbcb249e2f6304c740c14f	33f330c2f1bca1655b750103cfa6a205079f9c4bb49c68c1f273d161b217765d
chr22_500_guide_141	columba	correctness	pilot	0	1.815719	1.143956	0.265809	290412	1	75a2846e206ef232a498051fea8840d2d310dd428aee04e323c3edd7213c8c13	99fff3ae386ed52f110ea41df18431475a304ec7248ddf16a4ce01313ad5dcdf
chr22_500_guide_142	columba	correctness	pilot	0	4.081226	2.472443	0.480667	291680	4003	f7e84528934babfe1ea46853ec6630ad9df5ed2bfec66985bf52bf280bc73fa5	7e11ccc183dd40fa26a40ed9c27d9a5a563f8c9ad4bf2f65e531900197b4e234
chr22_500_guide_143	columba	correctness	pilot	0	0.961231	0.714681	0.179618	290800	1862	023a0db1667cffab02ece840deaeba274e313dbe75e80a569d4eb1e108049a70	d4e0a36311e4ca8e67b4e69d062e253606ee8ba50c03ffb98d71774fa810bdfb
chr22_500_guide_144	columba	correctness	pilot	0	1.462856	1.078076	0.261868	290516	1885	117a882249c4d29e07ebd186a6a128effeb9154b16a9781f10cd4dc23f1f5fd0	1d2a90805309244de19406e143619c863d68a7e1c9e30f6bc749f76c584fb153
chr22_500_guide_145	columba	correctness	pilot	0	1.814887	1.099670	0.314029	290468	4	da2dbc6e66e71196244c1da928aa00a4263158dbcfe56f5677643d6b0131921b	51557a7bdcefdd601a7a5f2190dbfa5fc2f369a128c8ec29ad4d524e42bab353
chr22_500_guide_146	columba	correctness	pilot	0	3.727038	2.378381	0.341869	291816	4326	000f8210c302c2a43a1cd9ab4e4aa08d0df3475a7e7bcb713eb9aeb444996bad	cf3e450761193bcf7ca9a98101974263904078120a69ffc169b7bc969c93fef7
chr22_500_guide_147	columba	correctness	pilot	0	4.226365	2.376277	0.686601	291352	38	78174f6f3be7f7ee5f2b0f1d7766286d9befd7bf5b0a2d740bbcbc3ebec70334	289310efa617ff178e40d0f970fe1a8f40cd678aa4dbe28b1c2c915efc711407
chr22_500_guide_148	columba	correctness	pilot	0	2.724253	1.788359	0.354377	290856	2155	d29f1e6c8cefac25b1c219eeb22083b707ccd515357f995e1d890f815157db21	2438973516059989d2cd3180bc4fb2a1b25b52a873009a27bebbfc598f668a22
chr22_500_guide_149	columba	correctness	pilot	0	1.663162	1.080317	0.265046	290620	5	d858493a5129d219004e374ad1424cb6a476e79f56c71082ae1af306e90714e8	248007e873334fa7965b0796522377d85d43543acbdc1cea7f29ca78f33ba147
chr22_500_guide_150	columba	correctness	pilot	0	1.664039	1.103200	0.273733	290380	42	0c54270dc6f4d33feacaf871c5ad498c7cabae46048d5c2dc7a19376b59070e7	b07edbf1715a11f190387b46d509f48c71969bc830b814f31976577533d78f78
chr22_500_guide_151	columba	correctness	pilot	0	13.223205	1.015668	0.358424	290400	1	fe055a246254f30d7a48644133f08b87ee38c4ed785e2b38b800c531c83c0410	153d63b2c826073cbff44b772399d042ef1ff8785ef237dc4e4ecb96060c6768
chr22_500_guide_152	columba	correctness	pilot	0	2.825093	1.887332	0.407463	291360	2048	17a6ebcb965cf7e38e6e8248ccb386749379acfb5f0ef48f1e844948c5befa13	86065101842632edc531d81d74b12a3bce421d4d518ee19ccbe05ccf06bcdeee
chr22_500_guide_153	columba	correctness	pilot	0	2.870220	1.680122	0.497902	290876	2	5d5573821365e7bc8b578e4c8587ad85cc0ce7e73cc826859074ffc07c945a42	6d757fd7aeea9c62de2f65f7620c111ca2fee818c410d59cbc0beeac17789d75
chr22_500_guide_154	columba	correctness	pilot	0	2.319996	1.333241	0.448358	290780	60	b9c2affe3ac6d19a9031ad5e42eeda24beda583261198c9ef3b43ab332b29d28	6e40502ea002e16a975f6fb36be7f00c6ec6edbbda7b7ae9c3a2e276f8a39e36
chr22_500_guide_155	columba	correctness	pilot	0	0.859790	0.612006	0.178704	290296	1	d7747e0db2e88e56e4a3767f47b5f9029bd6134aadc31b795c79eff5e14e67b8	8f6f6c16a65d5f9e1097eb9ca3d75e79581c57f1b45038f1f734026cf3d91212
chr22_500_guide_156	columba	correctness	pilot	0	1.161304	0.763025	0.246449	290352	4	41707f5dc15da2e7a571f8c8bd844c5166208fe2eaace0d20bfe1b07aa1d0ea2	3bd36695e2f7acebac13820001d86e4453ae9d7fb08136bc2a2e76ffb38cbf4f
chr22_500_guide_157	columba	correctness	pilot	0	0.861120	0.619356	0.165122	290292	1	643dc743fd75f3ec7b2e9f6c2d518d6bf6d7cc37ab7cc77ead9e6846ae592d90	21557a1819e588a11f310a665f8db49932fed425053b7a62f6fc13cae1280b70
chr22_500_guide_158	columba	correctness	pilot	0	0.959261	0.676409	0.155013	290484	1	c25a6440be62186e25b0f165358d0d0900b923751f80af6ee5c27f0f29a85af6	5bcc52812e3cd79f2c949096180d3f1ac01ae06d29eea04285bba87168ded8f9
chr22_500_guide_159	columba	correctness	pilot	0	0.914432	0.618394	0.171334	290192	2	3d4992720176e3388daa5c560bb15dec7cf3951b67550e05820230c38661f0a7	4262c7ba1e5bff922093ce8649b4b6afd7d9d7631888f095c0975a592edd5bdf
chr22_500_guide_160	columba	correctness	pilot	0	0.759359	0.543025	0.169045	290312	1	d6d96d826bcbd4b301c0c87e16f31ad41389f1c8474f50d3699184cfe7acda7a	e3b0c44298fc1c149afbf4c8996fb92427ae41e4649b934ca495991b7852b855
chr22_500_guide_161	columba	correctness	pilot	0	0.808394	0.575096	0.167500	290404	1	4ae747e8d2a44a4137f700664493d395d2b602c7f46ee11e639e12aab1a96bf3	48dab6dfc66bea46cd2a989671250f1f1146d8be44c7a92764ee77e05c8a558f
chr22_500_guide_162	columba	correctness	pilot	0	0.860584	0.553794	0.160562	290288	1	b69419482bbafe6e1bcaa11e5797437af79964ee051c788015805b30820e8298	1c3598190a582a41ff1a3274b3d0055fa9afc43c12ffb132b06a64902c8298e5
chr22_500_guide_163	columba	correctness	pilot	0	0.910649	0.678569	0.156442	290348	1	0effc63d85fa97f691908ce0321ab857ae6f08fabd2480f35c83ff81e76c9f0e	6be499e878bb8835b2d0095d754911ca511e88d92eb98ee972ab04a1f8c00a0b
chr22_500_guide_164	columba	correctness	pilot	0	0.910995	0.631480	0.218193	290272	1	46e7f3e1a96998b4b736b1eec08088a85a8308019dae7439865ffb87c1184f73	2d8dc28c05ff97e40ab0da0dd01dfae7c84205d78c3298375625aebed49fae9d
chr22_500_guide_165	columba	correctness	pilot	0	0.860459	0.632115	0.194767	290352	1	d886af1f304911c13510c5ed489b15bb3ee85e388b776d06e045ba0c930a5f2b	c43aa645a27cbc7059ec0fa97b3d82a0f8c839aaea0678f54f471fa3f05fc6f5
chr22_500_guide_166	columba	correctness	pilot	0	1.161176	0.816050	0.239143	290552	65	f76269f3e52c3014c7aecd6b6517914bd94eac0afbb4da18dc440c8d46cb1ee9	d0ebcd3f78085dcddbc46a767f058c6f89ea3cbbb2ba0293b2685d9979fa19bb
chr22_500_guide_167	columba	correctness	pilot	0	0.859789	0.622347	0.178281	290356	1	cee264189907b3df5df36df18bf77367d70c9e3307ae209d7154fde9dfbc47a5	e3b0c44298fc1c149afbf4c8996fb92427ae41e4649b934ca495991b7852b855
chr22_500_guide_168	columba	correctness	pilot	0	0.858734	0.614068	0.176500	290532	1	b799f84402b88ca7eda644ce1b5b5eb56c02b09c04d62fc51c4c70dc76c6b583	4f6dc5b5a164eea9ba79b4a4c7ee686bbb2ef32b24b407949991d9e320496ddb
chr22_500_guide_169	columba	correctness	pilot	0	0.910056	0.606255	0.164855	290460	1	0862c816f1aa3cfd555719d81c501eb6f39d78bb01666b474f7b06bc78888790	d6076da4404290dc28d849925c83e76a1c91272f05c81a1269e2cfddec6c8f21
chr22_500_guide_170	columba	correctness	pilot	0	2.115500	0.601847	0.162222	290412	1	99438952a76160fd91fde79eb2d1ef722599296aaf8bac56414ccb53df45a0b4	e3b0c44298fc1c149afbf4c8996fb92427ae41e4649b934ca495991b7852b855
chr22_500_guide_171	columba	correctness	pilot	0	1.413131	0.633582	0.213968	290112	1	e317429f77c005e356a722479e453cca3360caf415324867267d86c234fd9a0c	b076137193978c5e088a07436c1ed0022cbd76125f97a81a6f5b5f2871d76d0b
chr22_500_guide_172	columba	correctness	pilot	0	0.910022	0.664888	0.174461	290504	2	9ae05e1b88f0ed17152666501156522d5556ae5d91a566028a52d1abcfaf1bc6	6bc81936cbe6405f634b2147121acf85229c6ea577c2037be77523481bc6f494
chr22_500_guide_173	columba	correctness	pilot	0	0.960633	0.687345	0.181278	290556	10	26e2eb81897f587da39402739a7f851313f0bf1adff27623b341a24f6d65d55b	99ec977a326ca10c3e115b1ced26f639f311e55f5d55485ff6a9c48c4655ed96
chr22_500_guide_174	columba	correctness	pilot	0	3.577848	2.169255	0.500941	291320	88	fe5b1ea607675709c509ee4c41c07495481a78cd207e03b6053bbc685c8e7bee	0514063c648fb23168ebf56547b5f24ab52505d23dea868ff9b815032ff5e078
chr22_500_guide_175	columba	correctness	pilot	0	0.859933	0.661033	0.155200	290408	1	3a2a9a535dccffd342eaaba6ec06067374dae64ca7889222dcde00af5c440547	b06efbabd0b58f9175c51573e14cf929c3eb6944d699c7c7aa4dffd6cba9f0db
chr22_500_guide_176	columba	correctness	pilot	0	12.461507	0.631108	0.260079	290496	1	6b2b73f521ab30bc9f66dd52de9bfe397a214246ef85ca25fe53c3a46bf2510e	2408d9d716ef53c9f51f7ecd00ba938ffd9f6f09c03453428555bf612d94ad8f
chr22_500_guide_177	columba	correctness	pilot	0	0.963859	0.632697	0.244246	290212	1	d6b0fb83ee8856732fea46f66b13f7259eb296d82bfc9c1b649d294580993c11	79f17fbbb07db8bf96a8b3a6a0b82f26dff0cae9054127f4648a1d82e4f9f0c2
chr22_500_guide_178	columba	correctness	pilot	0	0.911310	0.642137	0.209284	290504	1	d902219eeefe3ff64202f082d0493776f51eb4ff2b0f1167c0e670f923533dc4	561879fe16bf8d8d845615014aafa1348557dc2b653402bc983228fe11f91985
chr22_500_guide_179	columba	correctness	pilot	0	0.858094	0.647521	0.173682	290516	2	02d3f463b9d194d5e3344e85af306f98cb6029e93b28e7612516ef86601dfdfa	91886342195da67b1d9b706bc42a21629d2bf30ce2dee7566e8dcd42aa868d52
chr22_500_guide_180	columba	correctness	pilot	0	0.808746	0.629176	0.152351	290432	1	458362f7cd5e3313975f59a9b5fcfc0752b491681a6e3bfcc210c9fb46bd7d1e	30957068fb93fd971b4c8d4d3fff934e28dfc45a7e610c43656898109b11fdb4
chr22_500_guide_181	columba	correctness	pilot	0	0.860380	0.626416	0.149581	290256	1	bd12ccac3bcfe83190a4a57e0c78ff819ffd24d8f03895aa6c4610029187f937	e3b0c44298fc1c149afbf4c8996fb92427ae41e4649b934ca495991b7852b855
chr22_500_guide_182	columba	correctness	pilot	0	2.820760	1.701572	0.429338	291068	102	b3ed67db64de6ec64c6fc3786cc02908de5086a5b3f314472f8b20980456e1e2	a83afeb1cabaf839e2b1ac252b842df0015bcf3907305d443704e94ee2e67c7c
chr22_500_guide_183	columba	correctness	pilot	0	0.811320	0.604465	0.185152	290412	1	87a59470956d0b27daf38e5e39ded5e150cdea0e868b3bb38ed13ec71694f010	e3b0c44298fc1c149afbf4c8996fb92427ae41e4649b934ca495991b7852b855
chr22_500_guide_184	columba	correctness	pilot	0	0.859620	0.651852	0.160277	290348	2	63d6cd29cb7467d7766f34eb3e5fc1d69b1b395b993a76b0bbcfc4be9deffb04	cbb148f909f0620aa32c967b252d39e0c819c327ca7ae8f9194ef0da3849bae1
chr22_500_guide_185	columba	correctness	pilot	0	1.867623	1.096255	0.375060	290524	45	e2f741895a6af10ad3146bf06646230c2a7e00ab5a2bdf1150c8c05fdd7825ae	6389b3e1c29a84a416ad56d5fa787cc02a67db3bda8316d708bcbe8e8218290f
chr22_500_guide_186	columba	correctness	pilot	0	1.614907	0.945972	0.275896	290736	5	f676474a73cf61aae93b7f14f3ad5050ed1b02ee16f71cd30d18f0a08cf61d92	f16e016d55244828162bae381c423bf2dd76b3ec082fd0726d19f5b7f364cfe8
chr22_500_guide_187	columba	correctness	pilot	0	0.916711	0.677807	0.138738	290384	4	51a176042123342a4831eba8dca01b9000fbe062e0a6c2e88db63cc931977305	1f4dc320d13435be603267ca64d56395cb3f314c5c09eb17681c813b5a1a4263
chr22_500_guide_188	columba	correctness	pilot	0	0.859229	0.649777	0.158935	290456	1	029b4bae64ebbe3decac5715b992bb89ceb0731276cd7cd8566eaca4250537b4	d19c36693df71437a3e971b04638d4c55f47a0d94d8887a1c6ebbec6f71e8046
chr22_500_guide_189	columba	correctness	pilot	0	0.809626	0.575942	0.173806	290608	2	1a0a4c609cd5cf1946c36566a3f804c745395f17934a1617723121dc8047f381	16c894919eb3af64e89702762f662b74036cda56113508717dd039b7701a720f
chr22_500_guide_190	columba	correctness	pilot	0	2.622224	1.564304	0.415813	291232	72	772794d7dfeb7e94f722de0c356d0bba086ca9710bc1538aa8fd629091bd58db	095c7d338c4ff282ff9fdd16f82db57a540a4ccf2045d351230457d829f73224
chr22_500_guide_191	columba	correctness	pilot	0	0.859964	0.559626	0.156315	290552	1	ec8c5f18d6d74bcaeb3d8a9231840ea7d431ef6bd61745bcd5ac037ce5c4b79e	e3b0c44298fc1c149afbf4c8996fb92427ae41e4649b934ca495991b7852b855
chr22_500_guide_192	columba	correctness	pilot	0	1.261307	0.847473	0.226216	290716	36	e681a54c96435b50639cc217f11919b4244bc18d6464debb522bc7c2fff48ce3	1de11f10571068808fa426c02241787689d36eaab4af74158ce7252d7efd2eee
chr22_500_guide_193	columba	correctness	pilot	0	0.809018	0.541834	0.169746	290476	1	a699d8af011bf9deb858b41d0fae396d8cff7641f7f0fffbf757531340e4d266	e3b0c44298fc1c149afbf4c8996fb92427ae41e4649b934ca495991b7852b855
chr22_500_guide_194	columba	correctness	pilot	0	1.864682	1.177941	0.300651	290724	5	7f584c506b18137c140505c397f299f5cfb1e2f19d1ec6daadff8bca7688d435	ee321b1a4fa0b2c782160d0ade1dc9b1e7c712baa0831134203827c6335eea64
chr22_500_guide_195	columba	correctness	pilot	0	2.418533	0.642128	0.170368	290500	2	cb5118459e82325c3db2fd66e9783a13ede67bf9409c6eb4e4b9801a6da75cdf	3ca6c7c28da24390b5c41cd466f68a9e25f0da943d8c361c04ec9bbc6322702c
chr22_500_guide_196	columba	correctness	pilot	0	1.412337	0.654731	0.160193	290388	1	9d313725a1565d5cfde76bfc23bd41168e8fdfe731f992e32e4e14928f1eba97	e3b0c44298fc1c149afbf4c8996fb92427ae41e4649b934ca495991b7852b855
chr22_500_guide_197	columba	correctness	pilot	0	0.809434	0.634456	0.152415	290352	2	9eb85067d7a33bee8c8f49137a3e8ac1aec62426b1a9ddb3244bbec7c94ba60d	c879bab8e175ca7ca99d471776ee53a527aa2a8ce7e388841850bd3a9a5cb905
chr22_500_guide_198	columba	correctness	pilot	0	0.862052	0.596680	0.169255	290452	1	4390a33a35b7293befeadb9fa60eb9d4727d057633aeb9a93007f6581228ca97	7e3c0298e47ada9502fe1ab91e5aed0852345691cf2da9d42a3b3bb1585655fc
chr22_500_guide_199	columba	correctness	pilot	0	0.809805	0.584806	0.165492	290352	1	1a9e47a73e5d927bda478b79a2e0b4fe3a9cb6a5e919786318654d9a3e5db97f	1591be8f62747dc63ff90a1bbe7959939ee4e8b9b649841b64575df53909e6d9
chr22_500_guide_200	columba	correctness	pilot	0	0.909777	0.613164	0.194264	290312	1	17756acd0a0ce54b4e745976cd31a47fd1c9f63f1661aa7d77bad966ffb5a944	dce4bd63bbba53dfc5d40793c1256d7c8c18b7439dc831aeb3f92e33831bd080
chr22_500_guide_201	columba	correctness	pilot	0	0.960423	0.629303	0.206963	290204	2	d6d98b6aeb5f2c883f79b82c45d44de2fb34edbcf0b1e9d7b04b93f9e961419b	fde8b836d285794be3ca727ee724e6197588c807f8c91a19816d55152ad2ce6e
chr22_500_guide_202	columba	correctness	pilot	0	0.959385	0.634720	0.194290	290196	1	44bbd841c087139227d04935f12732bc62035e07484977bb2a50a49eea89c20d	1bf5edc7b9653591aaaa56f2b64982443264cd8d9bdeda9ff91a0425a9e38e4a
chr22_500_guide_203	columba	correctness	pilot	0	0.860187	0.630322	0.194285	290340	1	3e8108b8109dce3b65881841a62543e3eb3ba821fff9bc76b9b5e43ac8c75d77	30d5bd1a2fd8f421e7be29640f109fecf4e022892dc5732c56ef1b76e1f5233b
chr22_500_guide_204	columba	correctness	pilot	0	0.909615	0.652267	0.231131	290244	1	9d1a5247a3e3b449bea633b6b52c4bc96829551e72493f376f89f7886050d9a4	e3b0c44298fc1c149afbf4c8996fb92427ae41e4649b934ca495991b7852b855
chr22_500_guide_205	columba	correctness	pilot	0	0.859125	0.651973	0.178130	290288	3	31cd04449f0e717750811edfeca19670932d2ef47855d1e287806e2c35cb6234	0815c62f9e9e0acfb1a6323e5a9c02127fcee511590db49a271226d63fee6be8
chr22_500_guide_206	columba	correctness	pilot	0	0.908772	0.657935	0.187515	290236	1	0d05d9358e7eddcda81c0af29d014e6cbf29264f1da23b16a2ce4db5446e5bda	e3b0c44298fc1c149afbf4c8996fb92427ae41e4649b934ca495991b7852b855
chr22_500_guide_207	columba	correctness	pilot	0	0.960391	0.651805	0.252205	290280	1	d3ec7c66bc10a3376e61eb42399a7bac83ea47eb29447109082383725c615d9d	9ea2a32a6be31acfce0d1db45cd7455233cc28d44ba57ed919d204c93d0afee5
chr22_500_guide_208	columba	correctness	pilot	0	0.859836	0.588545	0.230050	290548	1	5924fcb39f9667884df027edda8f627478be6271057a2d69844c736321e3169f	e3b0c44298fc1c149afbf4c8996fb92427ae41e4649b934ca495991b7852b855
chr22_500_guide_209	columba	correctness	pilot	0	0.911254	0.674740	0.193457	290196	1	27efb82af164e4487a5cf1ccf7177efb814a97e6868618c2fb067d455ed85d72	e3b0c44298fc1c149afbf4c8996fb92427ae41e4649b934ca495991b7852b855
chr22_500_guide_210	columba	correctness	pilot	0	0.809748	0.616723	0.167040	290504	1	410125d8cde9aa8559c2cafa33ee82e57d7a2a7be8aa4340940d389453d4aa13	98eafddc6705acace023d279fe2d2474ed1bc814f781be21bc729ccb8f34da02
chr22_500_guide_211	columba	correctness	pilot	0	0.858908	0.651204	0.180099	290420	3	20e008a39766f5204fa95d4bd0a8c7abc3887b792992cd6c99d7682cea48d725	e3b0c44298fc1c149afbf4c8996fb92427ae41e4649b934ca495991b7852b855
chr22_500_guide_212	columba	correctness	pilot	0	0.909412	0.645075	0.191673	290568	4	4a2f7e701731af895b6de23add8c363330b9708149d82c09d0910cf52a9071a6	1b589983a8b5855076bc4491d17704756e9f42f9d5e968e92508bbc5ab23b1a2
chr22_500_guide_213	columba	correctness	pilot	0	0.960764	0.662391	0.229790	290528	2	453049c36d105d5fc369042ca0ab1a96b8b895a916b5c2f187ec168c02aae659	6a4a76d7576dcdf483edf9f4bfebf4e97bedcea9c2681ce642817147f17c17a9
chr22_500_guide_214	columba	correctness	pilot	0	1.462505	0.890020	0.253924	290228	5	d1267a7002bb30f0701f4a9ab7e16c256b0704d6840f6424451faec7375707d0	40d917494a237c6ea811bf0cd067eb667f710c572bbf41c951d52e0dfcf2e541
chr22_500_guide_215	columba	correctness	pilot	0	0.858353	0.599807	0.170161	290436	1	63b76d0e58c2cecbbbcfe4992fd7ff1c45be184128a232ca263192df43d8669c	4352e4e40b3713d409ba86521d55d188c008744fc455bdc8ed72ecb4955f27ea
chr22_500_guide_216	columba	correctness	pilot	0	0.808825	0.575151	0.159668	290492	1	e266b204a7997147a3fd8f9d94740378fc9a8435605b2363e7555257caffd730	799ab8a11c5febaaad680d06285bb2f1272ee07b717ebf92072b318d43aac3d9
chr22_500_guide_217	columba	correctness	pilot	0	0.758507	0.485823	0.153142	290492	1	bf3ea3e4771c6389b495a35456fadd28c1e956c9034804a5821e52e1827a51ff	e3b0c44298fc1c149afbf4c8996fb92427ae41e4649b934ca495991b7852b855
chr22_500_guide_218	columba	correctness	pilot	0	1.009956	0.615154	0.198248	290308	2	4f1d85930718319dee2874ba1c96e3f8e80885b044e2550d9d3285234eb16d34	ac80b04a88870303112f4ee98ea5b95636d0b8b35af5c52fb77c23238f1648db
chr22_500_guide_219	columba	correctness	pilot	0	0.858560	0.596727	0.170237	290380	1	872f2f85baa7c28f5b262483d1218ee6344fc208ed78aec17d684a0eae7c0c68	36f8fdad0538985a1a18f9afb927cc8b20bdf6efbdfbda4ab6136998e339304c
chr22_500_guide_220	columba	correctness	pilot	0	0.858388	0.587083	0.192341	290484	2	42c2ae15b75a013aad8e8379ddbc2d5b12ac8407ab6c2b2793e73d4fc6bd83cf	e3b0c44298fc1c149afbf4c8996fb92427ae41e4649b934ca495991b7852b855
chr22_500_guide_221	columba	correctness	pilot	0	0.859226	0.634151	0.144034	290464	2	cd268f0877e9f2defd94547cb7d413e6318e8a8a578332b3534c975a280f1ed5	7821a7e3e4ac6b058b526096b8686db589056db949c9be3a45c23ffe19cc9708
chr22_500_guide_222	columba	correctness	pilot	0	1.111045	0.660437	0.219003	290372	1	6f82a4b03c8a18fd06ca9940024af4ce0a01fb5e93ea9ba2feacab228c154786	06895de691d7efaae1016e7edb8391cb6b084415ed0bdfc2cff632bf936f12b5
chr22_500_guide_223	columba	correctness	pilot	0	0.959979	0.665959	0.164310	290536	1	7e528a989c31c40be279492b74efb2b32bbafcb76168ffa5ecf4da003dd2852c	dd567e27451842465f72c8df72e5b23a60f4533474e55b65999ba98af50e5e25
chr22_500_guide_224	columba	correctness	pilot	0	1.314201	0.950601	0.226281	290540	567	54d11e3db2366ce541d6dd624ad37c81cfeac13a61d37678c89ef153e33b66b2	7c3c605f1b0416f4677072a66d3b67749c050f71df57e5cbe5d956ec14e37e1e
chr22_500_guide_225	columba	correctness	pilot	0	0.808137	0.552464	0.164498	290476	2	2256242036940b1116433901a0599960dc42ab0e478a65137c775e38bd0273a2	db63611d9aa229289b158dc50bacab0411b142385e4f4f6d34b3f1d2165fe370
chr22_500_guide_226	columba	correctness	pilot	0	0.909508	0.603241	0.258381	290504	1	94662f76c5a2e1983e29f9285786131e7dfa5e0469adfc1d64b03f76edd026e8	235fba1f3a94247886ec99d48f73a64642fd981c1ab5e7aaa7deea44178dce56
chr22_500_guide_227	columba	correctness	pilot	0	0.809215	0.629587	0.149892	290448	1	22d5655df7a017b496eba42ed43213b203f8a0be1e2d8f176c1e3c5f3c371478	9cdd2124e0417c3f306c31a94554e954f5a25ef700c62f3745d75abe2ba08650
chr22_500_guide_228	columba	correctness	pilot	0	0.909761	0.649768	0.198574	290380	1	714554ca8eac6dff9bf1ea7bcd982ded36f466eaa79bea00a33e12ff4252393b	32b0fdb408a245e8ea00a9e3729e5f81f9093394a9fdef4348318ec666ad1e55
chr22_500_guide_229	columba	correctness	pilot	0	0.858493	0.630212	0.189630	290348	1	5dd95897a99de5c99923bee729265bb935a9a9c19c1fcf9fdf9f1a7f104c4420	c726d65732b5f43969e478c08b4184e4305070be4a134e1c005cb3a97a1d233b
chr22_500_guide_230	columba	correctness	pilot	0	1.614823	1.050075	0.294171	290408	76	229cd2876388c13a745adca55a17654843ad63887cb0e9318cc87c6d233ee208	bc47c58a6a7cc85cc048ce68721fac44532859fd449a8942633afc39fd58680e
chr22_500_guide_231	columba	correctness	pilot	0	0.960415	0.665312	0.246427	290328	1	948dbfd6425bdb3088906f63eb868902942301af431fc9e95949314af66ff6d0	e3b0c44298fc1c149afbf4c8996fb92427ae41e4649b934ca495991b7852b855
chr22_500_guide_232	columba	correctness	pilot	0	0.859144	0.634741	0.168562	290280	3	188c8dad2c7680aaff5b71eba79ecd0b2ba15fd65a3ee65ac94687c20a8de512	f9f8962e1e3cadf0ea9f0dc5f7a07a00ebc744f96abb0f0ffa226fe45caf2703
chr22_500_guide_233	columba	correctness	pilot	0	0.960361	0.674524	0.239371	290304	1	ca51411298336dbdfe2d1022ed02e74028dfbcd2e0e397a8224fce4f6017af72	b76583d8074d81b6123010653d515a4ff97310c43c5bf08081014d9154db7606
chr22_500_guide_234	columba	correctness	pilot	0	0.909760	0.635301	0.210938	290448	1	559f7e67d202d27824782db27afaef4c7023d13de9ac2f9e0d96441ac0764ef7	99b26d9c321efae0760ea43b93fde2b0881ccedd47537bb8554a42faeb20a979
chr22_500_guide_235	columba	correctness	pilot	0	0.859723	0.645607	0.170362	290436	1	80326d781f5ecae351589ee4107bc2da49fa1ef20ecd12922b789c1f9c7c6bc1	ccfb6c7940abd8dcfff9776cbdec4da4a59be0807799887f5e2ad97f4bdaa5ae
chr22_500_guide_236	columba	correctness	pilot	0	0.809049	0.615263	0.177176	290436	1	6873e81c95093f02fe9950b0a4e16005b1a7677c0c2d1e08e409ac9fcee80573	b8dd2ed21cf80ae3abed35117ab86b66f6ca8c3e1afd96054c3912fef96cde74
chr22_500_guide_237	columba	correctness	pilot	0	0.861305	0.606697	0.185191	290244	1	0abb692cfa9f5a252fe3b1d2d8d9d08f6739c95819a20ad81f84a718487ff25a	f1681c85e42a69ceaaff6903aaa62a44913460d6721d15522ef2daddcec1b504
chr22_500_guide_238	columba	correctness	pilot	0	0.866944	0.624499	0.156062	290584	1	bc3b9f3f86cc8bbd34d0a114947da783ee284f28a9a17754f8b3028fd08951a9	e3b0c44298fc1c149afbf4c8996fb92427ae41e4649b934ca495991b7852b855
chr22_500_guide_239	columba	correctness	pilot	0	1.011198	0.662792	0.186611	290364	1	b06803d19ac167e2ad3b8c6242945d1284df798d5c097e179fbae26c172aed64	f503053835301ccabae87d530bd8b8708967e5f35869a83beb6c8bf50f09fb7d
chr22_500_guide_240	columba	correctness	pilot	0	0.860223	0.596328	0.171558	290656	1	cd82c6f69d17ef93e8a39ab104e1fd06550b7e78cbabd6c112773fbb528ade2f	4ca148772c0176955a99a22eadee5354de3a207bd17bf3f913e6935f37987484
chr22_500_guide_241	columba	correctness	pilot	0	0.971904	0.593103	0.210202	290320	1	e37c211d0e5aef8879cc8a7d50e07e6c3225c140733fc907790bcb68cb40cc27	e3b0c44298fc1c149afbf4c8996fb92427ae41e4649b934ca495991b7852b855
chr22_500_guide_242	columba	correctness	pilot	0	0.859264	0.612793	0.177764	290492	1	808b851e321fd57c9ed18955deffb0cd298667205fc930fb7b5e62d4518211e3	829affcd3dc991a38379dc4b02dc3e50a5dc29482a037fe3d1d681abd7aa825a
chr22_500_guide_243	columba	correctness	pilot	0	0.858631	0.628353	0.180794	292948	3	00230428f6d63582ec60d092b6bc6c689bf77cb21e9480a627f5e8c16d0dc979	42d1ec48cb0493956d77fad00767b6c2fed5e28ca7790d50779e46dd1957fd55
chr22_500_guide_244	columba	correctness	pilot	0	1.060034	0.674205	0.254978	290140	2	8d38040c24e6e97c20c2877e156843b5f7175c5176567f9b468667f22eaf818b	e707c825bd0f8d3419714a3a36d84b950e313e94cda89480dcbd1c3edfc741f7
chr22_500_guide_245	columba	correctness	pilot	0	0.961077	0.689166	0.144108	290356	2	fd4b11a3f64063954752abbe6c5cd929d6d17f4c7df6ee3281a32632ef54c7a5	869971ca2f44f99536329798ee65ec677f74029e7bec74b82647bde8260e08f5
chr22_500_guide_246	columba	correctness	pilot	0	0.861362	0.610333	0.180102	290480	2	50c9c70bb2ba41c14b8f52dd19268a1bf7a65cfa6ccefd7d86abea9175974411	28bdc98b476463c1c59549e7e05eaae3c6743ba286c6b81ce7d4a41a2f1e5e94
chr22_500_guide_247	columba	correctness	pilot	0	0.859592	0.642551	0.193750	290292	1	98ddd5914fdce39e5c1fd0ce66277bfed0fed939ac7e85ad7cae4c1003db9a59	ab68a533421ced6f0a80d262f9ae1f20b3886cce86d91dfd9b948b705f74c637
chr22_500_guide_248	columba	correctness	pilot	0	1.413967	0.900306	0.264893	290944	80	a3962782031d7a99caa2c5378ed324dd3f3d615a63e3f3246b35b7371cee0cde	76defb6e40a3b8e0ecc76033ed3e6b9c80b03fa159050eccc782c7a714c2d894
chr22_500_guide_249	columba	correctness	pilot	0	2.669227	0.698468	0.258210	290272	28	91eaee42bedf24bf2111c1235a1a999ab6f9f4cd19a598b6c5d619b429099649	5507075d66691860dc1d01623eb7c52149380b015c66e3443d640004a79accbb
chr22_500_guide_250	columba	correctness	pilot	0	0.859641	0.605562	0.175792	290408	1	3a7597cc582f0a7be9eff099d86a4b5be941fbb6e265ffb9caa3883e9eb04a7d	9fcc2d43671c28725c44c4302b71d78323275e0a295762355d514e8ebfba3a35
chr22_500_guide_251	columba	correctness	pilot	0	1.012115	0.681372	0.200528	290432	1	0c3bb5f8913d9c96bb40ed3175b5838d5a29298d87c0429f6c483a88658f5cc7	fc792695632a02007ca04d144b4d98dc1164719773a2e501c2875e421c3c052c
chr22_500_guide_252	columba	correctness	pilot	0	1.364662	0.871717	0.269221	290884	11	b8bdbf368bbcc5a2cff3b7b86ceca006e004123173c04696ad8da2e07182e852	e29a971bfb37319f8992d4c71e2059a10a9d82074cf96b4ec81b10146f9c8c6d
chr22_500_guide_253	columba	correctness	pilot	0	0.860995	0.612357	0.159067	290364	1	14ef5eacd0519bf8d6f3f1e421b2147ce2cef2d89992ac6bc3c0c6493049fd6f	b3f77e03add0f929849c64c186a0f6ee8168522805e29a074a8498ff01f34924
chr22_500_guide_254	columba	correctness	pilot	0	0.911568	0.628221	0.228707	290364	1	a2299552cb699e14d2ae59955314a90bb8969bee46b6c9e47f326ce8511aa0d3	64971e12c61fc6fa6ebb70fbc2bd2ea95e8aff434744fbefd3855be5e1783bef
chr22_500_guide_255	columba	correctness	pilot	0	0.959850	0.690207	0.183325	290384	1	08f98f3ad365100ac1996a1ea822a2d4046f6814391006bbedb86aee8a7133c2	fa3a5c7a3c9379783995234f62335dc0a3d1fe35a66851f1f33d2f84634ef18b
chr22_500_guide_256	columba	correctness	pilot	0	0.962491	0.618418	0.206784	290348	1	dc65ad43323263785a083294d17584c11e378d04f99c3a48ba1b50606118a885	75df6cad23b68a7a5f99ed089452f3ec4a0dfc1e9509bd323fbdf9bda6543084
chr22_500_guide_257	columba	correctness	pilot	0	0.860325	0.653483	0.163397	290528	6	4939af4bc68d9de12a17a9d18be8013bcdba99669455a9e3831052a8b64018df	1c5228b9731accf02be30bf92244191931da3709b382f333975c5bcda649b1bf
chr22_500_guide_258	columba	correctness	pilot	0	0.858420	0.624520	0.185910	290332	1	b743dcf20b0f8a4d8e1a343b97d48c58a0bc7fc4d1bb2a983a38d2078d740fcd	2948117454b190d6eeeaca3bc94a2bf5793d77da14d80a9f2def8405cee8a845
chr22_500_guide_259	columba	correctness	pilot	0	0.910122	0.610906	0.170093	290340	1	8ea5cafdf0d18eeade9b610505bed740032f18636ab57803898abcbe44cdd8e8	e3b0c44298fc1c149afbf4c8996fb92427ae41e4649b934ca495991b7852b855
chr22_500_guide_260	columba	correctness	pilot	0	0.860101	0.611856	0.163132	290256	4	f78f8bfc1547840e498b2c5ab88016095e4836ab8f97b77506fd05dcb7e111f8	c0091dca2554632863ae533a60340f8ec9e8b99016d1d1e05ee3fa1a8ffd2b67
chr22_500_guide_261	columba	correctness	pilot	0	0.961109	0.607096	0.193905	290812	1	b839624aa5bb002a76b04ff4d05b7a0ec4ecea160053801ca45bcc541703762c	61b97790ddd4471eeee6684f6270f8fdf199b1a8d402ca28405987cee8439d43
chr22_500_guide_262	columba	correctness	pilot	0	1.011040	0.685746	0.220089	290492	1	cab2ab2bbde4e365ef2454f22e0d08cd93e57c6b29ed335c1d62ceae307d4365	e3b0c44298fc1c149afbf4c8996fb92427ae41e4649b934ca495991b7852b855
chr22_500_guide_263	columba	correctness	pilot	0	0.909725	0.642225	0.156488	290540	1	7f92fd7dddc708c2b3ec905f92a74e766b81d6ff9eaf13b4dc9c11ff5e96767a	eb38c77d3364d29cf9b4a0c82bd850e49266e1046930de12097b9d1d6f671ebe
chr22_500_guide_264	columba	correctness	pilot	0	1.916834	1.231515	0.279292	290892	1442	282c6062a191ca3cd9fb5ec88da608ee4ab1c06f9c292ce00870a00238a8020a	d8918b15a5cb616dc3482dc6d861ba6844159a4ba1f5f4e43143b625cb16409e
chr22_500_guide_265	columba	correctness	pilot	0	1.713330	1.063835	0.261168	290852	7	b2564cf767e489adee6e3fd7ab48621b5b8ab3c7e9890de8ad6ed1e34a6a7317	c124bc9251b7449e54f552bf0dc293b2b60a80a4d77f44ba65d3f4b1f656dccf
chr22_500_guide_266	columba	correctness	pilot	0	0.860876	0.628560	0.163669	290476	1	ee0724b7721eeb7026f8ec19f3741fc6026e209f17c8c1dfd45658c19daffca8	99e133b40e2a63f9387d2aadf2b231bce1404b51755160786621dec698b931b8
chr22_500_guide_267	columba	correctness	pilot	0	0.707127	0.517098	0.151077	290320	1	30ceab938998e2f8848144534fd4b41a8e46e76dd1f2040915462ed81ff96f96	aa7e0523fe3b7c364fbafb64f3add479d903af640d09dc702c8120390b0d297b
chr22_500_guide_268	columba	correctness	pilot	0	0.911084	0.649627	0.180325	290300	14	d9abcf3e269963d774edd15ecfe3248bb12de76053f6fba41a9ca58879ce535c	62cdbb700ac6e400eb15d3c313f1c22cd0466e5941035e515b9a58218cbfa7d7
chr22_500_guide_269	columba	correctness	pilot	0	1.010447	0.696467	0.215060	290260	2	5c510bc2430b8d09ab1af4ed571bad58f0550bdec912dfc11ef08fa5bd64a43b	ad32accc7c498840dcac17215095b2dbf04ac815db44dd9726fc04472917d388
chr22_500_guide_270	columba	correctness	pilot	0	2.569848	0.618767	0.250584	290380	1	4e885841e492e9cb2b9b1fe0d7ac9a863940cb7bae26336cd428bcb7378430a8	84e6d892543d0ad91338a7a7ebd953928705b679e20f385245ee214c8e37c9af
chr22_500_guide_271	columba	correctness	pilot	0	1.314213	0.817671	0.243942	290392	1	0247a06f38ead69247c929d76c572e2db952d690368c7445d6cbc0b32f284eff	9d7f3a845f0333b1a30eea83c31ed76993b5d89b22b5ac0f83e17b6c93430e3d
chr22_500_guide_272	columba	correctness	pilot	0	1.111780	0.684000	0.188755	290492	1	c0af294e02eedfcb766e740085eb1dc5f88ebc5938b16fce276fc72aad58dca5	826d1752faca4a7f02656eeee617f8cf61f288026395a8575beccc56929124a1
chr22_500_guide_273	columba	correctness	pilot	0	0.860695	0.625595	0.190939	290584	1	a3d6cd5055990fc10a7f55f785689720f3a06133f1b0f4568f98749ce2751038	cbf8fe25e09218949637c014c44b0ac6c41b7c9311afed997f16260a3c1fbf6a
chr22_500_guide_274	columba	correctness	pilot	0	0.808841	0.603645	0.134638	290512	1	6687d14031a23ac70963eea659c8529b893e7f0089817aa41e700050f9a07324	5eaada245b2c4cffef68caf800357898758e0e6452a422a36443499c5335dcb7
chr22_500_guide_275	columba	correctness	pilot	0	0.859979	0.610355	0.188703	290456	1	4ec6baaeae2aa70e532904fcfd4c142948c7cdfeac73dda04d4fd531212f17f6	11f88690bf6873d45b292d87cf0564e3756c0bbd8baf0452a4a65f0acb4e00c1
chr22_500_guide_276	columba	correctness	pilot	0	2.716540	0.640988	0.201610	290448	1	6a496ea64944f03d6155e9304a84fa64e904aaee2ce382727a522cf4526fd476	e3b0c44298fc1c149afbf4c8996fb92427ae41e4649b934ca495991b7852b855
chr22_500_guide_277	columba	correctness	pilot	0	0.960877	0.637345	0.216677	290344	1	3cfcc8189860be2c8d7d759f26bc1880f98e596a26b63ff55d7eae6897aa9216	a6e6ff19c5376919c850f73f11407ded4d3b8530b28c22e5b975d72ebf6adcdf
chr22_500_guide_278	columba	correctness	pilot	0	1.212051	0.588442	0.221489	290292	1	4a6cdc3b90d2775c2496444fab6f836151cd422ec2c82a9bf758cde5414f2417	e3b0c44298fc1c149afbf4c8996fb92427ae41e4649b934ca495991b7852b855
chr22_500_guide_279	columba	correctness	pilot	0	0.859240	0.611115	0.187688	290400	2	19fa7f82f9fb43d2cfd92618603432693d6fab216cc3440c559166905e949302	ad78ee2f8846b40dd1b600f4ed2ed1811ea2aed6e8d5ec89b80a7cc4fa77c3f1
chr22_500_guide_280	columba	correctness	pilot	0	0.859576	0.588255	0.180207	290392	1	69b844b93cc461829c55614686b48ad023280711014412f5c486fbcbc19cb86e	9d277551bdd4d81a4399d336347b4bb575fd11034380eee7d8b772195204f1cf
chr22_500_guide_281	columba	correctness	pilot	0	0.809013	0.558855	0.159476	290556	1	a9fa224f0195b3893caf93e1c0b8cc17844e550145c38de073e1d229cf7694fb	e3b0c44298fc1c149afbf4c8996fb92427ae41e4649b934ca495991b7852b855
chr22_500_guide_282	columba	correctness	pilot	0	1.262059	0.836292	0.218173	290592	19	ce1e2008d3b359138e2bc8bf8b14a1f8e242530e5cbb8d928ad3f7574024cd8e	48815ad718040dd03de294d676ed45eac1d3daa27e860fc24588814c450db79e
chr22_500_guide_283	columba	correctness	pilot	0	2.067218	1.237821	0.301589	290732	587	783a46d43d98318f821fc86b8be9e506027471318fc62ea5c629dfb1aca5a195	62403cc55bceb18e3f7dc799bae6212084c8fd72be3b5f839029a386d7c94f53
chr22_500_guide_284	columba	correctness	pilot	0	0.959579	0.592842	0.192472	290500	12	8cc87daac842076e4b04f70cbfc50cf66ec0181d3f928fb811d841eaeb17e199	230fedfb7097ae0803930855d7008013db8b1daa26bcde45cf34ce4c0b88fdf2
chr22_500_guide_285	columba	correctness	pilot	0	0.809240	0.548695	0.182888	290196	1	1bf3bce9877ba3ed3c12502aa3023e01f5304f64b9a3663190271da34a300628	85641bb87c36e15cac216f014cec24bb47a9bebec7b1d811e559ef005affc29b
chr22_500_guide_286	columba	correctness	pilot	0	1.009512	0.695228	0.187782	290484	27	d9d0125248255e3b01977afcba6f743b372feb91c4c1b6e81c96f8f97477ff25	9c77a71006e46e997d5a5cb77f532a924fda68458a931b5259e0b3c1ce6b488f
chr22_500_guide_287	columba	correctness	pilot	0	2.620913	1.631708	0.325172	293028	107	4ec0b76219e5e580e4f737e4ba5a1e139654f1ce00651f4a3d25246556169023	8ac36743cb87dbd14741222e54ceb13ff99f794143034deeefdad56972304668
chr22_500_guide_288	columba	correctness	pilot	0	0.859458	0.627704	0.161643	290440	1	b7517a16df61180265ec10a20cb33a003c3ea568992073591f20e96d81391119	b52ea0dac91d497aaec6f642a08329c4472b1d235792c856330e28a7c0b02c57
chr22_500_guide_289	columba	correctness	pilot	0	0.808161	0.574623	0.157966	290420	1	d9219c3b6740e22448b806b2c7c9eac232d8371a0a1aa50f40645ce369f669dc	e3b0c44298fc1c149afbf4c8996fb92427ae41e4649b934ca495991b7852b855
chr22_500_guide_290	columba	correctness	pilot	0	0.859753	0.604037	0.186019	290476	1	d7e9813af3f2368064a2285d3e56a0325aba8653c021fdaae43d3d6bd660754c	e3b0c44298fc1c149afbf4c8996fb92427ae41e4649b934ca495991b7852b855
chr22_500_guide_291	columba	correctness	pilot	0	0.860069	0.637503	0.149475	290320	1	800382f6b1e1f5501a4440ffaf65afb9d88391aa57625459a1825e4cf7ba87a1	7cbb837c5898a23402f5c4a09c1690146865a6471cbaf1941da78c26423250ae
chr22_500_guide_292	columba	correctness	pilot	0	0.912364	0.607505	0.219820	290432	1	5941dd24b1361301897320aac40154d572007d35f9b20166ac32f6d1231e2acd	d60a6c3fb4d62702450962ac6b97e4a27bfdd118aad467e710fe2477c39a2052
chr22_500_guide_293	columba	correctness	pilot	0	0.859244	0.608047	0.223638	290188	1	a6e8f7dbe8440152b018e778c86e594c220662576f7388bf74086116bfb557b5	0125d3c4984bdc22f6fcb221414dd3900ca99fecfcf592d4992e3000caf67fe4
chr22_500_guide_294	columba	correctness	pilot	0	0.859995	0.631485	0.161167	290400	1	dab4e592ef1445cf45b46075f9efbba95f9bfc2d670471fca86e90e48d9e7fa9	356769f036266674bc61ff8ffa6c2458a399b11ac20fe3a960ded44a0c8421de
chr22_500_guide_295	columba	correctness	pilot	0	0.808709	0.618288	0.156676	290496	1	2d77b320ec43b12ee3f6094ded8591196f9a7acd33e7308010ac9edce4593dcd	e3b0c44298fc1c149afbf4c8996fb92427ae41e4649b934ca495991b7852b855
chr22_500_guide_296	columba	correctness	pilot	0	0.859867	0.629536	0.167403	290652	1	da3687baf79f356a7107d728d14228a0dd66bfc10a9e5ee4b96bded376c6c3f6	85d0a378f233e88179a468f7ce900cd160aea05d5c8db7c9de21707d81c1d446
chr22_500_guide_297	columba	correctness	pilot	0	0.860153	0.620629	0.174586	290456	1	67d715df04795b597b55d1e6f751ac48727e34c17090a29c4f40831563d3c69a	a39cd14fbaa2775644096409476e75ea71d2c4e5e3832e7fe5798d9d75abf982
chr22_500_guide_298	columba	correctness	pilot	0	0.858452	0.629450	0.164595	290636	1	96bacc0c5f62f5ee3cb64d6560e882e64673267447e8714383a4ab744f1c99a8	ccbb31fe1ebb9328fe27201916e87bd7c24b711b7b0b063a7f477755fe73cf70
chr22_500_guide_299	columba	correctness	pilot	0	1.010309	0.621656	0.158212	290456	1	1eba404868f62a6cddb13fd737dc01862933045368e97c33d9d65d18860a5cba	5b6e954eb6c7badced7c28da0d79cae86a59e9a27acba5b5b302c4ae5a68f237
chr22_500_guide_300	columba	correctness	pilot	0	0.860426	0.638083	0.186725	290400	1	14d7ad904267e9f27e192421458cd4c9b704e3a66f504d917fb35a619fd91865	5e582ddc4d3550d4999107d08aef3c5a96ff7279b5a0cd2a5bfb5606193f0f36
chr22_500_guide_301	columba	correctness	pilot	0	1.613883	1.019115	0.263013	290740	11	d04129de8be8d4dac4fd5275af2741dd8e890339efb41c3379327e777db34a8a	73448e37e3c76a534363f984dfe8dc211337bc3f6607ca726031d421e9292324
chr22_500_guide_302	columba	correctness	pilot	0	0.909105	0.550374	0.257888	290316	1	d3783eb23d426c2c0580af71666746b5222070a22a5f6ccc626b4f5f194c85e3	18c681aea9c8270350bb46a172bfad98248cbbf4921a3f76fe04d099ba728f85
chr22_500_guide_303	columba	correctness	pilot	0	0.859989	0.609279	0.209064	290408	1	9246314add68bcb309196485353ca32264aa9d97b65d40e3825659e7fa9e07c5	12cf0f82ebccaab6f5456eda16e6f1aa1c8c09e0e0b6bfe076d282d5294656c8
chr22_500_guide_304	columba	correctness	pilot	0	0.859899	0.635580	0.160919	290360	1	c4733a0adb33265b42f1ea521dc40264cba04876a6f6679bbc39519cf0338918	131cac26c2cf60e9b281d468a53a21529d330822306727ae17886a5de5c6d7c6
chr22_500_guide_305	columba	correctness	pilot	0	1.315222	0.844423	0.238657	290276	307	e0b27692b0c1e3e0fa6e6a611f1ddc90bc0955f13032f679636fef74f2973bb1	2d7d425860658facb6074f48d7e2e310ccd81a1e5d101452319a3a826b8cfb4c
chr22_500_guide_306	columba	correctness	pilot	0	1.212392	0.672108	0.237517	290120	1	6a309defbbe5f08abe920ac12a2c13155098f57994aeb2c767ac2a830d0db569	e3b0c44298fc1c149afbf4c8996fb92427ae41e4649b934ca495991b7852b855
chr22_500_guide_307	columba	correctness	pilot	0	0.909442	0.642097	0.228606	290024	1	9600eb890ca0d1d43f7656d7c3b247fcb0b36ee444a3a6e1db8fb2b17ec4905e	60e81241c91af1956f5b79e5f85ab8428ca95b3ef399dc6e24c08f43d4d187d5
chr22_500_guide_308	columba	correctness	pilot	0	0.959911	0.675102	0.178132	290212	1	4832e7aa711ccdac22496f6cb8a979eec30369c372fca1b6aba1e3edfb12e8a1	e3b0c44298fc1c149afbf4c8996fb92427ae41e4649b934ca495991b7852b855
chr22_500_guide_309	columba	correctness	pilot	0	1.563570	0.999173	0.266272	290812	21	519791d7195efb78908ecb389d5204468d379f61fed446b9df463381ef8b2d5f	b2e55ad1218c1b129510001f8b1daaff942da046a8d6710514217b3696dc4128
chr22_500_guide_310	columba	correctness	pilot	0	0.859916	0.619263	0.156937	290432	1	6535286bd318c12e4be70453ccc7d1c063c4e2a4f73eeeb18ca81403b343aa14	bb057ec41716e92d1418e82429afd5ce2f0fa451355051b37c5bfd0faa6b8a83
chr22_500_guide_311	columba	correctness	pilot	0	1.010604	0.706446	0.210725	292296	2	7961773ecc533d0844639ea262d71f5383891afc03bdbad9d08a2cacd714a3c1	a358d09a33674eca3533820bf62e46cc001b15bad42ce368619928bf0175df1d
chr22_500_guide_312	columba	correctness	pilot	0	0.923781	0.640121	0.207334	290496	1	6277afa4b9349b6787fb9412e1072d4091ce90d200a90b3e74c1764882da95fa	9665e51107460df86c1d573175c9416da573c8a8c2711cc5b0d99ef0adc8aa50
chr22_500_guide_313	columba	correctness	pilot	0	0.959963	0.649436	0.256398	290240	1	c4ca7ddc636638d7005d3e187756ba84185296e1c2585b41d0a7a856e2606213	696e651629a088ed51fa18bf92752b7cebcc5231944eb0da133c1b9ea7800ae7
chr22_500_guide_314	columba	correctness	pilot	0	0.860549	0.642390	0.153134	290568	1	a2eb1dfaf7ba7e176fe1c242346652aa7a1166c410da2c5736b9d5677fc8a13f	bda5998bb914473f23dc6c28e50a3c552ad1046e071b3a23265226f2c240b26d
chr22_500_guide_315	columba	correctness	pilot	0	1.111221	0.763268	0.222536	290552	1	3d96c21755e994f100780beab6f0ddd4428febb86225f1f6d35991b5ca1cbb8d	822766485797cf52c9137ac21d677e6731daaea975a9af3ce0e0e7393462487c
chr22_500_guide_316	columba	correctness	pilot	0	1.619324	1.010843	0.246738	290544	52	ad30ddd4293bc215b8c5f24479333f1968d9cf14e270ecf1c90ee0f73825600a	337bcc89e8298dcc4ebfc80a8c52765e0e7a1d58fb7d0d64611230e652b65f84
chr22_500_guide_317	columba	correctness	pilot	0	0.961149	0.619613	0.268545	290284	1	199b4cdcf8c5032c951850e7cb976ec2771edcaac16079c8f1ad422ea45e52c2	c70dc325e7b0c997c11a7c8ed9c30733c490060592d8008d893d2d764785706a
chr22_500_guide_318	columba	correctness	pilot	0	0.808260	0.571860	0.220219	290224	1	b38f02456f345d872287da7f74b53691b169eb255cc35d11d103c308c700d2eb	80ee862860c0660e526ecb32b831aefab1ec8d289bb9d77c6b7b292513f4e728
chr22_500_guide_319	columba	correctness	pilot	0	0.859838	0.636808	0.169345	290496	1	8563fc61dbbd0d60d302841d7a8b30a35df84832e0dff341b56de54c3f033908	e3b0c44298fc1c149afbf4c8996fb92427ae41e4649b934ca495991b7852b855
chr22_500_guide_320	columba	correctness	pilot	0	0.910722	0.677699	0.189726	290140	1	c2e1e987296dcbb577c4b7951bfb8b1995247a8821cc87ff854132058dc825ac	e3b0c44298fc1c149afbf4c8996fb92427ae41e4649b934ca495991b7852b855
chr22_500_guide_321	columba	correctness	pilot	0	0.960005	0.707753	0.198388	290328	1	892cbd65261cab1dd9eba0484885dfe844de435deb75ad1f5e1f4399d276ae48	e3b0c44298fc1c149afbf4c8996fb92427ae41e4649b934ca495991b7852b855
chr22_500_guide_322	columba	correctness	pilot	0	0.859024	0.629872	0.205301	290272	1	396abb3fe32a2f2146132ac394667b66997edeab77b936030f6112ddf78f1c57	e04fc6de7a6e4079d2a5f23f2435a12e25959a8640b0f870f7222fb7b4a79fd7
chr22_500_guide_323	columba	correctness	pilot	0	0.858406	0.608224	0.183714	290304	1	4a6f7a313e251182f276be210f99075cb7bfa5275fa278d132ac27df6e713db1	e3b0c44298fc1c149afbf4c8996fb92427ae41e4649b934ca495991b7852b855
chr22_500_guide_324	columba	correctness	pilot	0	0.910337	0.628219	0.176375	290120	1	cbbe558a8ebcdafac709628c3f691e809429843d257c707fd153017cacda4ecc	5ec2d91ba95153551be1a9dd6b1c226415f9cb979acf771f59f63f27df857a0f
chr22_500_guide_325	columba	correctness	pilot	0	2.620434	1.551297	0.471423	291056	54	885e6dc120e84a6d00f5bd48654071f4cc6fc3caef5a17796a6fa4be89d995fe	ef22047db70016797b05d71e1a0e115a234488711d8b1f8fef0ee4f624c76b79
chr22_500_guide_326	columba	correctness	pilot	0	0.911859	0.613759	0.169629	290364	1	b2d49d7c3ccb583fac522482ca0d20527789ac77a349156625a99eff436ed534	c3ccb92ccd6ccae28e446e77aa8d27ef8d15de3221b12c2801681b5709265816
chr22_500_guide_327	columba	correctness	pilot	0	0.910715	0.631448	0.140643	290424	1	81f44fc4ec1edbc9b9ab1035ba9d69b00400930d5350fca627234e150e86c644	e78580db3d883b1289c917c76a5b8c3b9cea5003251b48b2ce65288ae0f35972
chr22_500_guide_328	columba	correctness	pilot	0	0.861995	0.628675	0.174427	290696	1	4802296ebbba9922a4ece696902be06427691049808ba406ed873a9a4a219f9c	5f467778f752a1aaed5df46d05a9a1b73450c302e12b8f1f7e33ddf845f2077e
chr22_500_guide_329	columba	correctness	pilot	0	0.911615	0.633728	0.200077	290332	1	53160558bcc9bae1eddb3a7544f10009a4e838edc9a42ac6c0ff63bb0706fc0f	0224a4d3dae0f7a9ce3b48b072f2a95211f8597428305ccae010ea87d8243779
chr22_500_guide_330	columba	correctness	pilot	0	1.011605	0.601132	0.176666	290548	1	d4d719db9cf60d1d26c2a77552cfa85928b794088821836441391b9cbf90324e	e3b0c44298fc1c149afbf4c8996fb92427ae41e4649b934ca495991b7852b855
chr22_500_guide_331	columba	correctness	pilot	0	1.313167	0.805087	0.294033	290428	4	f330912db02125dacc0ac5bd1e578661eda892e92fb1dcde0769acfcf90c4453	0b78666d40b77c54458bfd9b167a201cccc2682527108648467e5d2cbfd211cd
chr22_500_guide_332	columba	correctness	pilot	0	0.810680	0.611431	0.162435	290496	1	29c4772e4107ff2db3e3247ecda31600cd1ffb80dd80301655f834bbee283d9d	e3b0c44298fc1c149afbf4c8996fb92427ae41e4649b934ca495991b7852b855
chr22_500_guide_333	columba	correctness	pilot	0	0.917000	0.607869	0.169141	290408	1	0229a4fc79d3d37ddda05a4910899ff60fcd29aa41d3690d08b235deae1dd329	53b771ffaca11cb96d720daf7c16129376f1614689ba28d188fa0d0308cc5d07
chr22_500_guide_334	columba	correctness	pilot	0	0.910961	0.618142	0.164669	290348	1	3e06c516c97d7d73f713b948e4ae2d850b9f95bb21edf7115970f95a2a44c88b	93db122ebfc0a73cf6c20d9b51ea6666a41c5a1cf5e0a00d6afb80d831f93129
chr22_500_guide_335	columba	correctness	pilot	0	1.814192	1.175680	0.249412	290720	88	ef65e2128a6c9efe559f97150bc78e5ed436eaa44413d0bb04a64343a7057059	e63d14412a8418f0fdd6c0eb1502dd20a6662d2123498a94a6040e0009acee93
chr22_500_guide_336	columba	correctness	pilot	0	1.272309	0.826882	0.241711	290624	2	50ccc63b38ee716d2737d977e6f3408dfce387328b217e21703d95388f86432a	0966ab5ec1213b02b153ee82c641bab4718043a57ebf4ce0d2e0b8691d57df7d
chr22_500_guide_337	columba	correctness	pilot	0	0.912314	0.661399	0.182003	290372	1	55435a5f33dd9d0e307a3acbca8e33480145e2cff41751aa697bcad2c269889e	e3b0c44298fc1c149afbf4c8996fb92427ae41e4649b934ca495991b7852b855
chr22_500_guide_338	columba	correctness	pilot	0	0.911673	0.634433	0.195352	290392	2	d39c5b6762aa09453e14f55e106ab300ceb4955ee3d73b381937cbf2220ed042	fc6bbc4c65e692473cbf32ff151557635e2d1dd99e4b69c5ee3da000a109cea9
chr22_500_guide_339	columba	correctness	pilot	0	0.961579	0.685561	0.201333	290452	1	b5a14cce7e770e9c1ee2fef328720dcef66c7a959853bd5a6a6adf9fbc70ffb5	ca4042a4bec12c6a1456ec7111a9014fb1d93da6aac168abb36562b78b298793
chr22_500_guide_340	columba	correctness	pilot	0	0.858607	0.622558	0.149100	290404	1	922985e3fca731f38882f32a1706760924853766b2a2e0c607c0dae6f012035d	6a088638ce6e865966aae3464c05d8fdc6f4bb2d80f44dedaf11925139f52a40
chr22_500_guide_341	columba	correctness	pilot	0	0.808213	0.621488	0.155262	290560	2	3bd1f323efe85c2f37a859fce595f3ff2320d8c0883de95c26c97bab5696f5d2	402fe40b3e1ef085bb67ac5bad67ed18a4d327a286f3b5e235cc59c2b03e74c1
chr22_500_guide_342	columba	correctness	pilot	0	1.061093	0.791221	0.186811	290404	143	4a1c329ce2989dab797f0af0ed1ae3e483324c103367e0da646f2635ee6ce1e9	3f1b867e1c7c708d631aaa5b4aa7e1e18fb4fe9beff07e272f9fa4746b970ba4
chr22_500_guide_343	columba	correctness	pilot	0	0.859094	0.601416	0.178362	290476	1	77885b288a794217926cbdc3f9557271a5584ca0a3525a33368ba9dfa0f79c36	5d430161443a2a46da19dfd91300b023436381d8acde81bd4858cc16663951ac
chr22_500_guide_344	columba	correctness	pilot	0	0.808848	0.623031	0.155564	290420	1	09e462275331cba68859c5b638f2ddc6ae613f21f1d352a49196de190eab4a63	8d4f2e80016689bb5e885622d34cf528260025374609a6f5c85941d402b66a80
chr22_500_guide_345	columba	correctness	pilot	0	0.810421	0.576203	0.166452	290276	1	b14e82166f74c064cc827ea6c2c7ecb58202c27a7e48eab02878079d65a0b1c2	e3b0c44298fc1c149afbf4c8996fb92427ae41e4649b934ca495991b7852b855
chr22_500_guide_346	columba	correctness	pilot	0	0.809182	0.609735	0.157216	290640	1	c1578e221280fa40949a92a15ecf9b403390f444d83730224cd36b3639bc9cfd	14b97861def5e12b2b025196d75a8ac024ee0a78f0be084cdfab57faf0ba20d8
chr22_500_guide_347	columba	correctness	pilot	0	0.708332	0.483341	0.163694	290240	1	fd3ecc223334a0f86c963a7df372cfce5e93a87dd0ef90a6c46e2780fd37a308	3b246db8c8d570bd79df0ffc06cdeb1fef9b15e5e9b440ff9e7c0d2c4e09f198
chr22_500_guide_348	columba	correctness	pilot	0	0.858642	0.613056	0.185290	290408	1	555a66e1753526673117e366fb233c844df0cfc38a64971866528e20e52f4ca2	daf225fd739240830663f4f6fa1add420c3d409ae734e31ecd3e9a98f65456bd
chr22_500_guide_349	columba	correctness	pilot	0	0.909823	0.657839	0.167520	290292	1	2812e7c58993b0b84d9ed9b8583c00bfe201048e2de143a928f4bb50f26d68ca	86cac9a80ffac89152c7302e8a38fc526a28e142d2db6335cdf7f010a84d5c52
chr22_500_guide_350	columba	correctness	pilot	0	0.808675	0.622791	0.168536	290268	1	690363745e23b36de9cf8198ae1a2f9b36e8aea59f5c0d77f85a6a355dc64483	dca175bac14d376b3d38e1f13518141d59e090abdd2408aa19291095809dbc84
chr22_500_guide_351	columba	correctness	pilot	0	0.859106	0.634144	0.182862	290464	1	4289dcb5c2a6d1840edf8b185512e1412c3489db3a0bc4685ad3b715bc63461e	705dae0fe269c44ac046ec2ba89b5d0e805c8ee78b3582f8ade637f0f3666199
chr22_500_guide_352	columba	correctness	pilot	0	0.966323	0.624954	0.183030	290280	2	f2d0b8b9fe9956bfaa96c3ee3b5f5055928c86e9032a49d79bb0fdc9103d993a	3ccc60558c4ac2af55e0a7be97b9b79ed9bcab8ee0202db8e23813be12f662de
chr22_500_guide_353	columba	correctness	pilot	0	0.911152	0.639023	0.164889	290308	1	db50066ab5215e0ab40715d3e84c765c47977eb5d92e2f74fef9a37ee0c19f96	e3b0c44298fc1c149afbf4c8996fb92427ae41e4649b934ca495991b7852b855
chr22_500_guide_354	columba	correctness	pilot	0	0.859654	0.636529	0.142769	290448	1	a25546c9bbae8cdc0d19e70bfe3c8882004a3d36efa6d3e1a8f84d71f02d3a3f	e3b0c44298fc1c149afbf4c8996fb92427ae41e4649b934ca495991b7852b855
chr22_500_guide_355	columba	correctness	pilot	0	1.312998	0.820907	0.310324	290092	1	8a75a85488ad929f0680cd3aa83ddfd5294134a2984494dc614768a98595757f	e3c890b567359966a979593cd6f26e84b0e4499d960f795de2578d207ff1c93b
chr22_500_guide_356	columba	correctness	pilot	0	0.962106	0.628531	0.207394	290456	1	867385907bbb717d91959186236ef4b8f9435d870da655ff1762344f446ca85a	e3b0c44298fc1c149afbf4c8996fb92427ae41e4649b934ca495991b7852b855
chr22_500_guide_357	columba	correctness	pilot	0	0.912702	0.657976	0.150449	290552	3	e92ae9c88b8f12941d07537ab79c644385376ff1dcb918357c6c15bd0feddba1	3569ab7a23d0e7159deaa5429cb6ee66d140f3240f4bb91358aa683f6e2fb990
chr22_500_guide_358	columba	correctness	pilot	0	0.861364	0.635374	0.184948	290472	1	a7389bd954eaa7a8f7c3e448a2ff3a3f4ef011b680d833fad933fd884d099eca	9b7501725ac0e846ebbf11d00696dd347ff96cf1e9b93286935af165a5a8fa66
chr22_500_guide_359	columba	correctness	pilot	0	0.809690	0.598687	0.175322	290456	1	67f8eaad6970d67a23b137b039edd8958c127a6240cb405f3c0d44d014269abd	2e82844d3946a864766661226def508efcf2767f83a01a4d7d9897a9c2e53719
chr22_500_guide_360	columba	correctness	pilot	0	1.461646	1.119684	0.219017	290660	933	ae4db361c45dbca965229ee02a5cccbf98ae522f0092d3e12e65280367cef806	055b5e3fa180e4446e09732291e36376f23df8ff4960d2cdc51713cca90ee10d
chr22_500_guide_361	columba	correctness	pilot	0	0.912165	0.609342	0.201229	290288	1	10c56888dfd2bcc3e5d0675d9a8e316b6ae168a941759f3370757a5730f843c3	e3b0c44298fc1c149afbf4c8996fb92427ae41e4649b934ca495991b7852b855
chr22_500_guide_362	columba	correctness	pilot	0	0.910466	0.644709	0.198966	290364	1	ae0e1999294b6c0fe52b495744bbfe62e218ee6d3c22e776bbc769dcedf3d0eb	599f8a4b745068bd678ffa5483fb43c31be7bbfae1a254c74af9ceb50d56c24d
chr22_500_guide_363	columba	correctness	pilot	0	0.860960	0.630914	0.161293	290316	1	850390cf00e784716c531f5e64380876ff07596af289e7ba34bc096bff075ecc	f44e84d998c57621965bbb72ae37ec201bf3185e3f28563924ad182f849d8046
chr22_500_guide_364	columba	correctness	pilot	0	0.959902	0.673151	0.262802	290312	1	74ce4e0f24c8c5bf9ff04f0abd30cb25e9cfa613e2689424b2f777753af8809a	ee67cd10975d34d2d4f9940ac3a1b877f337b1e31d14d7dd015bf989935a494e
chr22_500_guide_365	columba	correctness	pilot	0	0.860018	0.622865	0.187567	290460	1	7711156130fd328754eb2f08bfcd7ecb1894492aca3fe7d1aa2b964ffa029648	108d78c8668187681b1e3962e3287f5f681fc0cc8dd759cd5383ae3b1023da1e
chr22_500_guide_366	columba	correctness	pilot	0	0.858299	0.599263	0.208393	290416	1	23700230984e70232e9331c81d6527a76bbf30918c396a14eb70f853a92cdb05	2748dc29372d3202528e1826d4db12b5386fe6ae62ded1da9fd7ad1f6978007a
chr22_500_guide_367	columba	correctness	pilot	0	0.860072	0.654272	0.145001	290412	1	eafc7cf8ee809fe80890b34a135f0b6a144b58d1c39489c64df9d2821704064f	e3b0c44298fc1c149afbf4c8996fb92427ae41e4649b934ca495991b7852b855
chr22_500_guide_368	columba	correctness	pilot	0	1.310896	0.858484	0.240498	290496	15	97f0d8858f903bcb6a054b2a856681ae3d750161733d345ff4336bfc33819503	47727314b57ea803c5a3fa2d696319a895d425c026877c7342ec66d95555ff9d
chr22_500_guide_369	columba	correctness	pilot	0	0.859990	0.654831	0.167673	290372	1	08c5984412b18c370e990f17b4bc5ad2cbed1f4c3dfedd748d4e1535a3fadb1b	e3b0c44298fc1c149afbf4c8996fb92427ae41e4649b934ca495991b7852b855
chr22_500_guide_370	columba	correctness	pilot	0	0.807760	0.584228	0.142056	290400	3	fea931606683fcad854ee83f91f0202bd096d1da03921b3877e5220db0c82a5e	7f5277a767f0a6275e70f272cc6f138af107412b0816bc015184a3d706c76196
chr22_500_guide_371	columba	correctness	pilot	0	0.809434	0.622535	0.156427	290264	1	2d5e99ae0c7bcb58f0b6b71473c477ba54d8c8724c2758627a6c66d26e4c8657	79dbe6e1fc0f2e471a11f550a44f46787fb0c808d6a2c8e755f1e5d11f718675
chr22_500_guide_372	columba	correctness	pilot	0	0.809019	0.616117	0.160225	290468	1	03c6b87f8e111baff737d699832be31b9947a70427c85b014752cb5b542a2eed	fde8f9047a757b2080a3b24c6cde1ef943597a66564757cc3f8590076e1cde15
chr22_500_guide_373	columba	correctness	pilot	0	2.717479	0.920616	0.273125	290416	690	2354f825ce61636eff2ebd9b9f04785099b672e2778924a5bfbd006333613cf6	7e96804198e52de0cf9624d7983a3fce1c16d78c3101a89c4b2d30f13556ce60
chr22_500_guide_374	columba	correctness	pilot	0	0.862814	0.605985	0.177977	290552	1	c3fc24d7c32679e1bb8d0997359e61e66898f2661248e500254761c6363bc345	171e6521f745b44a2a23c6f5a6c5d268c785a5c1ec8c8da9f889737df19e5d0c
chr22_500_guide_375	columba	correctness	pilot	0	0.859384	0.623505	0.167864	290516	1	030ec29164c173123d1d27dfea06a9700f90b3ab218d4b0a8e8aef3c9e9126f7	09ec3c94fb92b2cf79020ad621a063aec28830d915cf45ce11964b222973bbc0
chr22_500_guide_376	columba	correctness	pilot	0	0.859297	0.640725	0.147971	290416	1	7e19f347dbb159b99327c48f045135540fc5a7b2a7ee081802a3916d383f8976	38aa84a1303479d4a92281f2cf630fdfbe063a8edf4ea51f6c434255c99ecb9e
chr22_500_guide_377	columba	correctness	pilot	0	0.959629	0.713812	0.168402	290420	1	55a3f7499e0cfd7e01d39b6abf5895c90ab0b4bd0a5fce5f05529c08d2547f2a	d1005f28be7d115fe33004a506e0b0c586f011efeae99f9dff00bae13b354460
chr22_500_guide_378	columba	correctness	pilot	0	2.569534	1.191989	0.309632	290900	38	ca302eb1021b149cad0aa565a08684a3f95b4dc2d440c7d21ea5b8af132306eb	1486cd8c9af853f27a3bc3677c2cd49263a916b45c25f5b4df6be61b5d3536f6
chr22_500_guide_379	columba	correctness	pilot	0	0.859690	0.649501	0.153652	290556	1	5aa69e89a9ef985351b79202bc785b14f8909565c64344816b590744c39c799c	989e698d1c4a4d18eef9f47f878d8779ebd2e6807c818bd4af6354228c6d2efa
chr22_500_guide_380	columba	correctness	pilot	0	0.861235	0.636312	0.166978	290584	1	3696847df4deac858a26ab0acacdd39fc23eeee62d5f8c152b739c4d558ce954	e3b0c44298fc1c149afbf4c8996fb92427ae41e4649b934ca495991b7852b855
chr22_500_guide_381	columba	correctness	pilot	0	0.910587	0.647726	0.151752	290452	1	66e0ad380442bdf04037ab83d0949141edf92e5a350d869acf3f12e9e0e18df5	2fb03fc1942657d9658373b9bba607d1b3320fd14208eeebab4ae70cb3a42551
chr22_500_guide_382	columba	correctness	pilot	0	0.858883	0.640550	0.171138	290540	1	334ed3775f29c2188d7fea058f91103c4d4b121f2e3c2fd6f915633ae391b52f	c24021f8a8c017c17733db2cfa13c322027ef4a8970fc1c94b942d47a2f24ca9
chr22_500_guide_383	columba	correctness	pilot	0	0.858358	0.618947	0.165373	290360	1	e3869c3952dd0b0eb3e37141b1040c6f25b82c4e398011436f2219c75f8febe8	b9c553e0ccfe2ce660998762584c8775fddbac678c08f7828037c9b6239ea576
chr22_500_guide_384	columba	correctness	pilot	0	0.809926	0.622149	0.160987	290380	1	d0f1f0ccacb8155b15cbd0aae71b84ef21dd4b82cfa458fe2fe387cdef067e94	236eaa49e75beec8f2cc3caa11fc71b5065921bfe6b88d38ecb9b85b86474d1c
chr22_500_guide_385	columba	correctness	pilot	0	0.860505	0.652960	0.156166	290536	1	c8af66ce12fb1c3e40ec64de1e6fe4633665b6b60f3b1cb98347963b883658a6	13b42682a37b685b307698d62a4936ac76d467106243c3fb2e79d8f27544b17a
chr22_500_guide_386	columba	correctness	pilot	0	0.909990	0.679375	0.140132	290488	1	250d9437844a88773662267f23ae1f91e8636f98a0f86b6c48484d98887d9e23	e3b0c44298fc1c149afbf4c8996fb92427ae41e4649b934ca495991b7852b855
chr22_500_guide_387	columba	correctness	pilot	0	0.860140	0.638126	0.160458	290748	1	a909238b05dda7cb5d453b651946c3f21b89303ee28398c030999e7ff3980c4a	e3b0c44298fc1c149afbf4c8996fb92427ae41e4649b934ca495991b7852b855
chr22_500_guide_388	columba	correctness	pilot	0	0.859858	0.643330	0.159046	290524	1	b32f95b3659bdf5efde0a545c93605a84811e1f51637e98948f88b66e0c918a9	e3b0c44298fc1c149afbf4c8996fb92427ae41e4649b934ca495991b7852b855
chr22_500_guide_389	columba	correctness	pilot	0	0.909177	0.712688	0.138089	290376	1	f8eaf62cda887424db5ab9182cf8cda1f095c522200d8c7053494e3cd3f0013f	896c23fb2a489fc9583d5e5b9e6c0022e88f6731c19230f066426912970c28eb
chr22_500_guide_390	columba	correctness	pilot	0	0.858909	0.696251	0.139573	290520	1	49a680215bc86d76c112afc22c01ae23139a059bb99b4c5bb7a9277777d15b2b	e3b0c44298fc1c149afbf4c8996fb92427ae41e4649b934ca495991b7852b855
chr22_500_guide_391	columba	correctness	pilot	0	0.858315	0.621837	0.188947	290412	1	c21b67904c7c4e4e487bce9bef7d7a8c1f63a73c6fb931f2b8148f858e585517	dd28c7db25946f59b7d8d9c315bb313f8a087cc04b94318bbb9d47bfad45f561
chr22_500_guide_392	columba	correctness	pilot	0	0.858723	0.643591	0.170801	290404	1	62af6dbf97486ac949ef3ab898566d88afe47152d399c78e5d7b872f755770bf	dc42588f31d676dfd51273b514e75d9234e0f0e23c5da22dc376def453788a58
chr22_500_guide_393	columba	correctness	pilot	0	0.861366	0.628846	0.170437	290400	1	3719b9c87eb26bae46571444132aecd72ec6971081ed8592128ac8081655f637	ba8e3024a8dbd3ab92f3c3efd62af4339a44a56f1d02bd2d31d752a8b26c0e77
chr22_500_guide_394	columba	correctness	pilot	0	0.858719	0.620734	0.170088	290300	1	3c3e23f0b752c439ab97e64bef2a4113aa18f8d8cf527c29e6927a6e204121a1	09a651b3004ee11edf404b4540c688a527e6879814c29ce97f4c75c377bd80d3
chr22_500_guide_395	columba	correctness	pilot	0	0.809023	0.622475	0.161370	290488	1	ede3ceee5da1cbf4355f6f21ee507d425126143830cc60dea7e0c7937667a8bc	ce49cb1aee848c70e76b9bf94ca52bd0f39393c3e52003ce42c879cab22183a3
chr22_500_guide_396	columba	correctness	pilot	0	0.860000	0.641964	0.175984	290428	2	6a49b8eaa1819f1494925c174a6d3c9e04b8a6b858f87644be03b5e3218bd567	8668d29c0d00b05858b4982e45acccfbe689faaf7c9ba57a4c8ae9056d4bb60b
chr22_500_guide_397	columba	correctness	pilot	0	1.210644	0.666043	0.167411	290504	1	5d54478d4376f895371f8d339b5dccd454974991171a09a85d4673e7f8e0fcce	200d5cb18d308e1b596c2e57e4597fe09c608c7454ffcd8b01ec62052a34f0f3
chr22_500_guide_398	columba	correctness	pilot	0	0.911359	0.682191	0.154483	290464	1	5c9d989f365df1d424483a28cbc77093b089ff7ebee8cd46972f309ff0b6db17	2f17411719ddcf823a39fa8532b48978e18ea71b4f65cc71e1b1d51840c18def
chr22_500_guide_399	columba	correctness	pilot	0	0.860535	0.615068	0.183549	290464	1	aed3025f5878f3f627cc0e24560dad556e9470377c3f5e6f682ae922deceebb8	e3b0c44298fc1c149afbf4c8996fb92427ae41e4649b934ca495991b7852b855
chr22_500_guide_400	columba	correctness	pilot	0	0.910208	0.677165	0.163577	290508	147	8f057bc04afcef83ab0c8e0f28c1c32ed1e3fd0dbc8a1dc5f417e117852ab05d	e985c5eb551d6356d5762eae457d4818dc87e79770f01b55801cc0cab9666cee
chr22_500_guide_401	columba	correctness	pilot	0	0.910903	0.626691	0.168938	290576	1	574130b195313d28babf956f57ec6cad7babdaa442fd51fc95c6c4fe01874730	e3b0c44298fc1c149afbf4c8996fb92427ae41e4649b934ca495991b7852b855
chr22_500_guide_402	columba	correctness	pilot	0	0.808738	0.614307	0.132372	290576	1	6885aa6e1f736a3800e5b8e869b1130951942bd1a6cc0d1a25a536d26fffc928	e3b0c44298fc1c149afbf4c8996fb92427ae41e4649b934ca495991b7852b855
chr22_500_guide_403	columba	correctness	pilot	0	0.910644	0.624285	0.200362	290500	1	60f8b2bdc588b6b13527c78acc609879caa8defea9c72ada132dee63d52ad9bf	e3b0c44298fc1c149afbf4c8996fb92427ae41e4649b934ca495991b7852b855
chr22_500_guide_404	columba	correctness	pilot	0	0.860596	0.608723	0.180438	290324	1	e0db171417b9d617b25a64277096c843a4bac7911334e46ccc8a3338fdf0c0f5	f2d8286b2b5cba83981d2af701b8847d4fbcc2b396b39e5c9f41b2cbd813b8d5
chr22_500_guide_405	columba	correctness	pilot	0	0.910848	0.675374	0.166766	292912	2	4569698d5f1eea2d0e21201f084895461a4fa0ad0bd743ff89296ecc28b8c92f	e3b0c44298fc1c149afbf4c8996fb92427ae41e4649b934ca495991b7852b855
chr22_500_guide_406	columba	correctness	pilot	0	0.962334	0.726433	0.169040	290280	1	01fd169b93a95edc4956f61dcb9cd8ef7872958fc48ea50bc5f16e92ae9e7cc7	e3b0c44298fc1c149afbf4c8996fb92427ae41e4649b934ca495991b7852b855
chr22_500_guide_407	columba	correctness	pilot	0	0.909825	0.629866	0.153857	290520	1	4efa47f300dbac5583b98c9f2679ad02d98d6d8e72976d6e2a1249fe2d685eb4	f375403c23d55ea27ab856c0e75ee1a44c23de9c28a708b2d190156d92eeca36
chr22_500_guide_408	columba	correctness	pilot	0	0.859198	0.633092	0.162321	290552	1	8aa0d629b648d54d65dead9f626b4f79b04416d14abcb761ce6f8afd4c8d5a02	e3b0c44298fc1c149afbf4c8996fb92427ae41e4649b934ca495991b7852b855
chr22_500_guide_409	columba	correctness	pilot	0	1.110432	0.759350	0.213295	290528	1	2b4fb62fff6dc125549ec78c24c4284e9baefb167f735d57c29fb7fa1377fd37	2d50f84b6ad3e8a16f9640ed487a7d2815f9c3b2d254cea6443f3878cb008dd7
chr22_500_guide_410	columba	correctness	pilot	0	2.619612	1.580516	0.393383	290976	19	d7935db724d2590aa42d14557607d9530da5f0a024bfa8c1b2ef51906a06692f	6bd9b57c39d426e1f8a0345ee7d0cfb0f7105ef1ce9135de4bb7144d404bb9fe
chr22_500_guide_411	columba	correctness	pilot	0	4.181791	2.514556	0.567639	292180	70	499e4bf17f159494f38ac952b3b30c7c711818602b1f3034d79b3f9dbd43fca7	fdb15482fe5ea0353179a276eeb770dd5d9559a083081f6975fa5e382e6b36ac
chr22_500_guide_412	columba	correctness	pilot	0	0.919028	0.667819	0.195734	290276	2	b71525c5999ec941808f42e2e7232f05c38284832a19e892758fb4125649d7b2	335ce1159587f90ff34a0d336e1781adcb0a334a8b3649291877403667fe9578
chr22_500_guide_413	columba	correctness	pilot	0	1.111240	0.644732	0.161260	290460	1	1da030b92202db00fdf4fa746fa0de1c56a74c6415d7abf8e6e634730c0990ca	e8d6de60c3ba05b27001c144755f4d3ad082de5cdf0fdf5e9cf6b7717422195e
chr22_500_guide_414	columba	correctness	pilot	0	0.860471	0.616193	0.171333	290480	1	dc18e7565a147dc0468401f11a1aec5c441da305cffc4f6068bf0abbeec51b24	ce74bdbd63ca7ca7425c912fcb7a3ee46b97f11171233b4ad944428469beaf24
chr22_500_guide_415	columba	correctness	pilot	0	0.961566	0.688080	0.179879	290540	1	8e4f5083c2024a772ae064b2a50dda44f56d59a9eb501cc86d2d66e0f1289d35	9bc00fd253d069fa090442d7f0fb4c87032984be5c2a9c2586d2fd927d967488
chr22_500_guide_416	columba	correctness	pilot	0	0.959665	0.722280	0.192571	290192	1	4ad6a29fbc0b47bcfe2c01e5aa0dadb830813fb301aa125f8326472a10dc2471	e3b0c44298fc1c149afbf4c8996fb92427ae41e4649b934ca495991b7852b855
chr22_500_guide_417	columba	correctness	pilot	0	0.860548	0.642739	0.160099	290340	1	62cc8aeb4bf28a1df53587ae2f74a5e6f1288ede9db90aee0f72abe8f5f3a9b6	87049b76af767ec02ba1df539670a0b29d40ec17e245542a6e7b7b878e103dca
chr22_500_guide_418	columba	correctness	pilot	0	1.614190	0.985189	0.310209	291576	59	85f162921bfeefc97d3de55dbe3f97c5f8f6192ca4eb2dd40a561a137aa14173	5b15e8ffd7e3dbd341b4575d46e2dae3dfaa6a747317a1348b5b7768a37886c9
chr22_500_guide_419	columba	correctness	pilot	0	1.010678	0.691137	0.238491	290256	1	8b4d19c546d86b7a041d4cab724163d2f559d5bbd6dec136726c5a5edeb6eee1	f48ab7d2f02c45ec65f90a13333d2b4eeeb4449d5e773698b92c83d5940d2b1c
chr22_500_guide_420	columba	correctness	pilot	0	0.971293	0.688559	0.182734	290508	2	ee3652d1b1446d7dfbbfd9858af8a0c9ebcf8ac5ca625d77d1520fcf2b7ad846	c6def3f0ce68671eabc286730e419496932a303eafcae9d96311082c7ba486dc
chr22_500_guide_421	columba	correctness	pilot	0	0.861549	0.600748	0.182903	290388	2	591c54666dfecd5791fe286b82e7feca29c4c5cf48b651910162ac7317e74c84	c1f64eecf20719ac873374da61948e32eba605cc039ae6073990331a7d35b460
chr22_500_guide_422	columba	correctness	pilot	0	1.010640	0.673055	0.167355	290468	2	79922e4ccae711acd4c3a77469bc5b0e294bfeaea9fb20c05241da4334d7cbc9	f78667274ca1336417d5d6aaf18efb15436db3e7b023ba39e7a5ff440752f94d
chr22_500_guide_423	columba	correctness	pilot	0	0.909652	0.659062	0.184301	290284	1	886f21508ef43139da65b3307d412b9c43af12390fb60b152be51f2961337117	e3b0c44298fc1c149afbf4c8996fb92427ae41e4649b934ca495991b7852b855
chr22_500_guide_424	columba	correctness	pilot	0	0.860289	0.664923	0.148386	290380	1	532477fc4faa3f4f69315f7dba2d04ab90953c2c448e147b198a08dd360f39fc	e3b0c44298fc1c149afbf4c8996fb92427ae41e4649b934ca495991b7852b855
chr22_500_guide_425	columba	correctness	pilot	0	0.860154	0.600067	0.176876	290360	1	faeff617f365f7f7cd0dd00c539f34b67b3dd81f82a85e89c41ed578516099f5	e3b0c44298fc1c149afbf4c8996fb92427ae41e4649b934ca495991b7852b855
chr22_500_guide_426	columba	correctness	pilot	0	0.860499	0.609218	0.177666	290172	1	395d0cbf64200bcb6eca014619ea92462c25e08973e7212d07f4d64d62a51189	9ecaba29ded4b0d1d03f7d309eae624e9b4effea0e3257d0bd0b9aeca0bbb64e
chr22_500_guide_427	columba	correctness	pilot	0	0.860124	0.622390	0.169172	290448	1	36112c32c710f17d0fbd10979505f5d7a5215cd2ad64520ac74f8b537266216c	e3b0c44298fc1c149afbf4c8996fb92427ae41e4649b934ca495991b7852b855
chr22_500_guide_428	columba	correctness	pilot	0	0.706988	0.518701	0.150931	290468	1	b49d937c3f713b95c07b0df4983659c5531f5062b2c8b309c93edf95c5d33253	fe8b505978787bbd7a6d3b5268bab52bb800793326eda2f064520359431dd393
chr22_500_guide_429	columba	correctness	pilot	0	0.908818	0.658161	0.180571	290536	1	2ec43a3a14908487e4da93624a407c3b7f19272d01e1812f2764b52f28ae9ae9	73ce423ffc92f5f5e6b442698a9f7888d6c08b821780197741ee0d5e7ca07afe
chr22_500_guide_430	columba	correctness	pilot	0	1.009926	0.683609	0.263763	290264	1	a39d953b063860baaa128981774a27431eda978fc37949bc65f2cb01ed3bc55a	df3ff8cdcef407782a7e9cec32e76ccc82f5f7ba958b51fcd8f1bddac7e1d61e
chr22_500_guide_431	columba	correctness	pilot	0	0.861230	0.577491	0.223288	290312	1	4e671a38249a3b235de336c42d1952eb9cbfb6883be90588a0a03c1c10b6bebb	e3b0c44298fc1c149afbf4c8996fb92427ae41e4649b934ca495991b7852b855
chr22_500_guide_432	columba	correctness	pilot	0	0.959777	0.678607	0.184039	290324	1	32298278cb6ff6636d2515a3c62ad9ef6a2566d429dc65a2563a46e879c0f415	e3b0c44298fc1c149afbf4c8996fb92427ae41e4649b934ca495991b7852b855
chr22_500_guide_433	columba	correctness	pilot	0	1.513290	0.997280	0.281748	290336	5	7299c25e9e9229b69fae4918dbd7a3d10cf292aa3a5ae9e727231b52918c4ec1	e022cf39cf254e9d5e76a228fc4449c3751d849c1fa8e8eb5b7d348ead9de8a8
chr22_500_guide_434	columba	correctness	pilot	0	1.264072	0.878402	0.197440	290588	6	3d86a983e1bb53d361b20def5e1bc28e952352dcec81b88aacf39a93f87c0638	f2c83a50ee020abd2071daf544837187b8d538e5ba28c33238e605b22e8b8d6f
chr22_500_guide_435	columba	correctness	pilot	0	0.910732	0.649042	0.202734	290252	1	16038bdcd50f85ce0a4ea6efea47731dafa305bb4bacdd999a696aa8fce480a8	37abd8bdb82e1a5862037257d934a15a429ff5e431e94cc140058315515fcf04
chr22_500_guide_436	columba	correctness	pilot	0	0.909086	0.643286	0.231743	290224	1	b1ba996fcdf443c50ed85ef5e151eb2c859ed3ad0d425e25cdd737554a74fb66	e3b0c44298fc1c149afbf4c8996fb92427ae41e4649b934ca495991b7852b855
chr22_500_guide_437	columba	correctness	pilot	0	0.959889	0.632540	0.239101	290296	1	36e9d38b2d923f897d6e2a53db577c6fd69c1d15750199d51b2165f6f7da9dd4	08ee64bdb9e2670b8ef166295b09bd5db537c33891bc5cfbcdec1ac2530151e8
chr22_500_guide_438	columba	correctness	pilot	0	0.910104	0.630180	0.220796	290240	1	7b9ea615f9aa7e046adebd0e63adf8ebdc63c09e2a683a13ae5b9e9457fd8152	000abe2ead510b1e81f85058fe4a2422bdd56dfa268e082b10ff250075738f0e
chr22_500_guide_439	columba	correctness	pilot	0	0.909734	0.650588	0.210613	290512	1	0190f0e84eeb95df6b5df5716b62537156b62b0d06f75ce0d84a290b7aa01e5c	b896919ab6bcceacc3f4e846827a23dc333234532f2f06ac14a1d278d6db1dd5
chr22_500_guide_440	columba	correctness	pilot	0	0.909668	0.636069	0.243222	290164	1	4e987bd4a59588a3e2670ef83a8c80580f551f01774158544976def06a148b63	e3b0c44298fc1c149afbf4c8996fb92427ae41e4649b934ca495991b7852b855
chr22_500_guide_441	columba	correctness	pilot	0	0.908922	0.653607	0.200288	290216	1	54ee762514de0802a27df6c1af3fc83fafeedee43a6a9a9f5c8ab4b9ffbc2983	21a5c8eaf72efbed526f9dd9050f980153533010c0ad5c3822e2271f1728b5e2
chr22_500_guide_442	columba	correctness	pilot	0	0.959567	0.641461	0.206390	290600	1	ef3c258a25c35b787ec480cc4cdb3290a24d2941ff110cad9b9e40c1a9c2819c	e9dcd42f42ccb17ebf0879cdef15319487296ddb019fc8c186cd06266a5afc51
chr22_500_guide_443	columba	correctness	pilot	0	0.959515	0.689655	0.221286	290296	1	790719bd8847db6a942f261864ea37c0ec15f7a4f400e0bd1eaf31a8e659f354	5747958b98329bf390adcb88fe0c55df552279978269e4428317edf8497c35fb
chr22_500_guide_444	columba	correctness	pilot	0	0.859638	0.634650	0.158023	290432	1	ed405985e5d0bc3cc4bbfe39199e2d58f5774a7a47a5d2ecf9175eacabcb490a	1186a57cc2b9625914c20fee5e43b2f5cf9d4c26205f4a86599eacb7da95d2d2
chr22_500_guide_445	columba	correctness	pilot	0	0.961264	0.653094	0.223613	290268	1	d34c378716f257e185bb5cb139c57e699a09f1073521990fef6b3c76f400769b	1b6acd9255bbf0a03a5cf8ee50f3199edbf54b5e0a946935ad20dc062f070c0f
chr22_500_guide_446	columba	correctness	pilot	0	0.911919	0.680273	0.168970	290596	1	54483d7d719636ef82e5f65aac8636a0f5c68fea1e6f0c1096ad241066c4066f	db91d4b93d32bd9c59528ce677afec541e6e97b07a5461ee238500bb160c809a
chr22_500_guide_447	columba	correctness	pilot	0	0.910747	0.651972	0.205590	290236	2	0943e41f522eda2a3346af0db05e414e69604c28d94199ca4f075a633db117ba	e76b74ea006f9ca50e69929940b1bca778c7576b439207b0a49cd6bcbcebef86
chr22_500_guide_448	columba	correctness	pilot	0	0.915313	0.673128	0.173280	290436	1	af0e7d04b9032b6ba55a507cdc6196da5e7f3adbce117a38bb6ba2d2fb078cba	bb969d4b02ddd34c284543e306e202b2336d7575aa86daa3e6466757c09fd92b
chr22_500_guide_449	columba	correctness	pilot	0	0.860775	0.645591	0.183325	290632	1	e8367625cb9c97ec27975858ed7924135dd7d288bb56eed2c76e0d9bc4e5713d	e3b0c44298fc1c149afbf4c8996fb92427ae41e4649b934ca495991b7852b855
chr22_500_guide_450	columba	correctness	pilot	0	0.862050	0.631631	0.197883	290228	1	2ae6d416707fe71130cb2b7d3e365409b98aa031487d875b6091675f3f98e6a3	e3b0c44298fc1c149afbf4c8996fb92427ae41e4649b934ca495991b7852b855
chr22_500_guide_451	columba	correctness	pilot	0	0.959394	0.663208	0.249196	290332	1	9eb0735b9bb6914649d66118c5e11946fd1c28f2f4ab317728d097308297e6e9	e3b0c44298fc1c149afbf4c8996fb92427ae41e4649b934ca495991b7852b855
chr22_500_guide_452	columba	correctness	pilot	0	0.861020	0.668853	0.165431	290532	1	caa33e4a34bebd20f093ad8c057e31eee06ee3c0812711a5e984996ec3d44dea	e3b0c44298fc1c149afbf4c8996fb92427ae41e4649b934ca495991b7852b855
chr22_500_guide_453	columba	correctness	pilot	0	0.808690	0.624478	0.161514	290424	2	cf53e5c0ba2549b95ad7cc66f6caa57165a2d7ef971b8448816c1f5189dcba42	99ee76e9b64774c9369be8a6f72c896db95e3888b9d30ddcbc455b25e12e4601
chr22_500_guide_454	columba	correctness	pilot	0	0.858531	0.643140	0.164194	290472	1	c0ef84c923d1575aebfb474d6b0b9a489622223e07ca9c1b3dad0154c8b192f2	e3b0c44298fc1c149afbf4c8996fb92427ae41e4649b934ca495991b7852b855
chr22_500_guide_455	columba	correctness	pilot	0	0.859517	0.621097	0.160089	290488	1	39b13c0090e1f7f870c746fb96e5c188a646262e69c8ee9de2a349db812a6b7c	64c92e29a7f88014fb362e217f604f66dcc5222abb7ceaecaf89799a92742638
chr22_500_guide_456	columba	correctness	pilot	0	0.860395	0.641843	0.162397	290484	1	66f40ebb678d2f2bfd77dd7a61e3770095414767dee777d47bb89cfd112d7a94	e3b0c44298fc1c149afbf4c8996fb92427ae41e4649b934ca495991b7852b855
chr22_500_guide_457	columba	correctness	pilot	0	0.860554	0.677046	0.144919	290396	1	a8ea62f296fdaae7567af8f86405abdc3f234652944e90572bd9ec8d12ebe699	e3b0c44298fc1c149afbf4c8996fb92427ae41e4649b934ca495991b7852b855
chr22_500_guide_458	columba	correctness	pilot	0	0.911631	0.673305	0.175479	290324	1	36dc22934c7c02b9c1a4043e7fa71e9fab23fac626842ee0233fa0a19e8a4d8d	f9edfd1414c172b5a32e647be62f7efb9a1867b2825caa326cd197691299ad06
chr22_500_guide_459	columba	correctness	pilot	0	0.708443	0.523879	0.151958	290356	1	ae2877403afc338a66d249e49defd6d72d59aabceb17722a5f7e4ba810ac724e	e3b0c44298fc1c149afbf4c8996fb92427ae41e4649b934ca495991b7852b855
chr22_500_guide_460	columba	correctness	pilot	0	0.706785	0.544958	0.133792	290272	1	0702f00d8238249f52addcc891eb35cc8cb302324182724fd51f2abb5aa2c204	cad84e4a2be667257305efdf704815379669daec3f47f22613779f398ea75bc6
chr22_500_guide_461	columba	correctness	pilot	0	0.960271	0.673947	0.206871	290332	1	1b23f23233d0e8e334dba7ee9b2f71ed071325e62b0b2df036bd5c76d22fcacd	07560ce039455dd35446a6a5ffcc7c13514c23534594839cecc0a226db5fa89a
chr22_500_guide_462	columba	correctness	pilot	0	0.965542	0.609735	0.183481	290520	1	e5b9eb0597eacedf59b768109c64075d0da741152d13fb2e439f5d58c018c128	1d9afb520433d3b0e51e4a69c06fada8c59ecc97528d47fbed33edf3d984ef57
chr22_500_guide_463	columba	correctness	pilot	0	0.809594	0.605752	0.177383	290496	1	7c248ba9765e06499bdbdd56fa063150392f57bbcf49d7273e7a34148cb2a14e	cb99cf2cb5c76fa9de96c7d214883bdebf51068c4cfea4bec3c2c4a8fda8efb1
chr22_500_guide_464	columba	correctness	pilot	0	0.809090	0.624649	0.147981	290436	1	572a412f62c765fdaf94fa017837ae004da8b8070c016a242544a182aefe63e1	e3b0c44298fc1c149afbf4c8996fb92427ae41e4649b934ca495991b7852b855
chr22_500_guide_465	columba	correctness	pilot	0	0.809384	0.616637	0.161927	290464	1	71aca4d4d36b2443e6e04db67d1c059a16d050f4e1c6e90f522b493e94915886	a1f199b7a5efea9ec8ad0c6aa62274cb0b74bebe9f0a0b5c2fce23a9c2ecc009
chr22_500_guide_466	columba	correctness	pilot	0	0.809086	0.608465	0.163014	290504	1	ce36001de0595b6ca48e3f857e190887e3219eb435d5c95d003f9c73f5c7e4f9	e3b0c44298fc1c149afbf4c8996fb92427ae41e4649b934ca495991b7852b855
chr22_500_guide_467	columba	correctness	pilot	0	0.858885	0.629401	0.152337	290396	1	333a2ac75dcc9c0aeaef85b902f8c4923c58c1bb5bb7a6e3b7ef5c77edecd079	0bd827c81b6d74bd1b7cdda71e0e8fd9f2124d059fdbc52087817ac78a8185e5
chr22_500_guide_468	columba	correctness	pilot	0	1.059225	0.665382	0.221629	290216	1	b129ef3c4f85946c1752fcdec67457fbfa137faf10c495dcfb79020726f0093a	e3b0c44298fc1c149afbf4c8996fb92427ae41e4649b934ca495991b7852b855
chr22_500_guide_469	columba	correctness	pilot	0	0.859866	0.629531	0.184358	291056	1	396a48dd0384e6e289e748eaa3a473e02786e2d98d3c9ccc975cfdc1f2077813	eae991de7724f014960152cfc5b73a664d920e3571b036903887c7e8904e64d8
chr22_500_guide_470	columba	correctness	pilot	0	0.909569	0.604623	0.196448	290448	1	50da73a873102212cf126ed04756d602d15aff5c7c9be11a43ca7ed77b9d1dcc	fc2111f6ff6889e5e52e8c40636ccf8bf271f21e8a3ed1fe8f5cb943881c6136
chr22_500_guide_471	columba	correctness	pilot	0	0.859646	0.665763	0.161790	290320	1	b0bd2d17b793d19a9cc8aebd15bdd4c22df56bdaf8aab2b3c1abdd99fab13456	6fad211fe1d6ffab7321285350b2d8f46c9a7e49ee03f700c5e8c4e00c84da13
chr22_500_guide_472	columba	correctness	pilot	0	0.859130	0.650063	0.160763	290352	6	d15db5e4c40fedd9b95e2caa34e3fbe03eff2bfb494ed6bc086b2d4d0787a91a	dbe731966dd89090786db2cebe2de5643d92557c139dce327e5fe24ff919fd3d
chr22_500_guide_473	columba	correctness	pilot	0	0.909971	0.612322	0.189973	290556	2	72cfccdb732c7f835e82aebb76ca4186954ee044989d4d3f165c230249e1ab41	8dd8d8e768aa6c5cd7d90852728b3841c27aebb8dbde3dfbf7f30997ce15d157
chr22_500_guide_474	columba	correctness	pilot	0	0.860708	0.647106	0.157746	290272	1	27f4db87eaef5a8e95ee563eb60799da341bd01d4adb8e80aa230848dce17378	e818a50900608a54e52cfb114365a67c5953dbb0a2adcfb43ff1f8c89006a04e
chr22_500_guide_475	columba	correctness	pilot	0	0.959583	0.660408	0.218528	290192	1	e384b7a2569a5848931984dada58a7863fa4ad10cf0639f33dc3d4b245ecd919	e3b0c44298fc1c149afbf4c8996fb92427ae41e4649b934ca495991b7852b855
chr22_500_guide_476	columba	correctness	pilot	0	0.911137	0.679368	0.176097	290308	1	cef6bfbc08ef536f268fc772150775caeddde43f60444747b9f9fa3e77153561	e3b0c44298fc1c149afbf4c8996fb92427ae41e4649b934ca495991b7852b855
chr22_500_guide_477	columba	correctness	pilot	0	0.859993	0.577546	0.186776	290376	3	8c86a6a96697df1c7b7b0f7391f45a3e6175b05261263ee01ce4309ac6570263	0b1b73506e6389d259f4dc5a344c034ac077b42785449440fa57b7a738b1b333
chr22_500_guide_478	columba	correctness	pilot	0	1.010276	0.694223	0.190989	290532	1	66356638d350f202a4fc3653512e2eb61d180a210d3b4874237620fdd88f45ac	96e1dce767526b5e03b01ea34764f33de2e58653d775c70a8355e05d5d77a707
chr22_500_guide_479	columba	correctness	pilot	0	0.758324	0.510191	0.163198	290320	1	23595c08da0c6736f275085085ce1fa4389c0c23f7cb5e27898ed6fd96e9c578	e888fefb85f961569d998e93ad1711e945284bd8daa566763f3c837674aea9cd
chr22_500_guide_480	columba	correctness	pilot	0	0.860665	0.673507	0.147425	290480	1	d69d8cab5f9f101c8ebebf1517222a11ca2c055ca30605b62cc9fb77a7dd9883	8835a94711a0e16368011d50f3408c88d74608d27950c931af79f22274094e7b
chr22_500_guide_481	columba	correctness	pilot	0	2.468170	0.614044	0.177192	290496	1	df1d31d6c611d54432bb2ded430b33d54a73a65d9ac4e858d4332a409bd4fd6d	6c72161bf4b1e404143811678fde516dfbc9874a827c1f0519c952311724c960
chr22_500_guide_482	columba	correctness	pilot	0	1.767162	1.106315	0.328473	290452	34	8b558da3c10ee9a2aa84ec0d75378e66ceea581cf538abe6fc595f479db265f3	483d6754dd436ada60ef0f3d7dc394494ade844621ea3dff1624604ae8ce585e
chr22_500_guide_483	columba	correctness	pilot	0	0.862019	0.585478	0.189942	290384	1	ec3317eca52cb313be8b742bd84d70d8e9f8f3d3a8dfda83e632d9ec5b3e7472	c34143c4b66ce37c239db5fc991d73357da56a527f237f74e6df9d61bb22831f
chr22_500_guide_484	columba	correctness	pilot	0	0.763874	0.509298	0.151829	290544	1	71ecc0fae907389e715d1ca86fcbdff3ec27af9fce69bcca1c654d58d3bf98b8	af041a5b402c4eaeb0e586590f1dccf709f1c1de84a141cb38a25d50d0c45982
chr22_500_guide_485	columba	correctness	pilot	0	0.908305	0.593819	0.178162	290352	1	9bdfb2270fa6b3abdcd6d9dc88dd6e2da7b983242b64a38aafa5c0a793e710bb	6657a61097a1338f10d79d9a991ff4b0d561741d23a6e9842fc11c2dc9ca1d41
chr22_500_guide_486	columba	correctness	pilot	0	0.808984	0.613716	0.155641	290568	1	8dc058c1447c872314f3d31ec8865959f3409fdebfa5044cb15c05b939609aa2	c892c2994baeaed04bfb8649ee3f462d65bcecb131f4f8201c7c6a3ae3ee4832
chr22_500_guide_487	columba	correctness	pilot	0	0.859443	0.624030	0.162658	290556	1	f618e6a62a671dc60aed99263392f11c178317ef24a0e60ae15e6aefd01799fb	2ba33f35005774eab487afa75b92cb10d850baa0e4b8cfbcbaf0da77e0e3bb7d
chr22_500_guide_488	columba	correctness	pilot	0	1.111347	0.744640	0.184325	290372	9	6803cc83cccde78136058d3d854eb89cc05eab1188efe7c0cabebb43cb9eb17d	86060c0d0ba22165d0282d1cf92bc8afade2100bd1def809b1f81bb96b9678e3
chr22_500_guide_489	columba	correctness	pilot	0	0.809368	0.607306	0.165731	290292	1	ec47a60387ffa032dbc15150c6ff0b1c838905815402357dae3f75329a28357a	c430e6a4dbd5c3e9f487e20eebedf90d6511fccdc5072ffcfc0b5787cadc0f07
chr22_500_guide_490	columba	correctness	pilot	0	0.959997	0.605680	0.194815	290464	46	42d2d3de06e689ee1d8f063b9b57cf92f32bb959199c9c880df4b714e510739d	c220eca9da5246c5ee3fc99b8afb445aa05b2c87090ea4fae3f86c2a0c74e997
chr22_500_guide_491	columba	correctness	pilot	0	0.809438	0.604539	0.158650	290260	1	d26d89bdd504b3597d3010fdc4ce82385f0052897c7c456fad509d6d59d744b9	e3b0c44298fc1c149afbf4c8996fb92427ae41e4649b934ca495991b7852b855
chr22_500_guide_492	columba	correctness	pilot	0	0.809534	0.622442	0.157621	290420	1	d1bbfd2faf7d69f7fbe39d9624756e6401f3ee6cd2fd299c525b88c947bdd2cf	b64a97cd564fea43f1d90c70d4e484cb7b16f7fa33c37152c2fa5d76076b5b6f
chr22_500_guide_493	columba	correctness	pilot	0	0.960190	0.626224	0.155152	290236	4	1fd7872322173d0504d0c832d225fc1f16e4c6a2d976d3c96de80baf41629173	8b7f11de3ad2254629636c6d8342d71050f8c150a04e6c52ecefb6984e7ab6b5
chr22_500_guide_494	columba	correctness	pilot	0	0.961100	0.678924	0.165725	290360	1	aa7c76deb8cd48c48e0224a45cd7bdd03602ef159c762b3fe3add221cd775ad9	e3b0c44298fc1c149afbf4c8996fb92427ae41e4649b934ca495991b7852b855
chr22_500_guide_495	columba	correctness	pilot	0	0.959146	0.633819	0.160383	290308	1	f428fe77b5fe732c90e6cf097e5033b3a111f46c117014d9c525ee74561db8f9	50b15688b035625445ab546462a765f18e533bf2253903249c4e089ba78cdada
chr22_500_guide_496	columba	correctness	pilot	0	0.860162	0.601918	0.170948	290476	2	46838c2c8f68dbba89a0176c89867bf08352c3cf1248a5d9e6318b1b45445edd	868ff6de1910b74ec3483a86362e5c5c44ba887c5e76ffdacd6e097d4e643cd2
chr22_500_guide_497	columba	correctness	pilot	0	1.011731	0.699776	0.250769	290152	1	95454f28187c5beb09711d60e71ffb74f1651e2307379f62112a3273597ee0ff	0ffcdade862bae14ff8a6e3fa9c66875b11600682dcdfe1c2f93f5404d7144a1
chr22_500_guide_498	columba	correctness	pilot	0	0.858803	0.593794	0.185237	290608	2	4bb6e4f08a7316ba26ec3e6f894f79070071b55d78d6c1605a50035d0a1d9c79	43c575a7c9c47d3164a453eb851e84a8842b01388a4b2fe7c9503045ddc887e0
chr22_500_guide_499	columba	correctness	pilot	0	0.910901	0.655347	0.159927	290180	1	589cde34d9ad5d2d4a86bf9cca125c4004811a2581e714cb750bee2e730c7362	e3b0c44298fc1c149afbf4c8996fb92427ae41e4649b934ca495991b7852b855
chr22_500_guide_500	columba	correctness	pilot	0	0.860494	0.630256	0.141383	290532	1	5a188d7c26c71afb1012046744a759f5adbb290bc704ee5eddb49329116e1309	adad44ffe01ececf743ffad589f29e88568d9c6c773333064650cb8955fb7b1b
