relative_path	size_bytes	sha256
preparation_raw/chr22_500_guide_001.columba_k0.log	2773	5b307d5c62e5078df44797eec2dd9630483449e1eeef828499c8a8a6b5758125
preparation_raw/chr22_500_guide_001.columba_k0.sam	921	0aa839e619212e3716707edab57d6ce8049922ef5b232f947deafb218f081e75
preparation_raw/chr22_500_guide_001.columba_k0.stderr.txt	0	e3b0c44298fc1c149afbf4c8996fb92427ae41e4649b934ca495991b7852b855
preparation_raw/chr22_500_guide_001.columba_k0.stdout.txt	0	e3b0c44298fc1c149afbf4c8996fb92427ae41e4649b934ca495991b7852b855
preparation_raw/chr22_500_guide_001.crisprapido_k0.paf	99	fb6d3b27b6d5d6a0e129f7ff72c1498333bb402de3d7b91037e5fe223d923f8b
preparation_raw/chr22_500_guide_001.crisprapido_k0.stderr.txt	0	e3b0c44298fc1c149afbf4c8996fb92427ae41e4649b934ca495991b7852b855
preparation_raw/chr22_500_guide_001.crisprapido_k0.stdout.txt	0	e3b0c44298fc1c149afbf4c8996fb92427ae41e4649b934ca495991b7852b855
preparation_raw/chr22_500_guide_002.columba_k0.log	2772	6364b9d901fb4cfff89a228d7dc1e8c78b789be5662664cbcb0a09a5e0495252
preparation_raw/chr22_500_guide_002.columba_k0.sam	922	141eef34cab41eb048a228be32e5a3e01af9c6a2960c0bf945238f634b43284f
preparation_raw/chr22_500_guide_002.columba_k0.stderr.txt	0	e3b0c44298fc1c149afbf4c8996fb92427ae41e4649b934ca495991b7852b855
preparation_raw/chr22_500_guide_002.columba_k0.stdout.txt	0	e3b0c44298fc1c149afbf4c8996fb92427ae41e4649b934ca495991b7852b855
preparation_raw/chr22_500_guide_002.crisprapido_k0.paf	101	4f84fd663e530097a356f82b2c5a0458e090b9ebcf5c96fddc5326573df955db
preparation_raw/chr22_500_guide_002.crisprapido_k0.stderr.txt	0	e3b0c44298fc1c149afbf4c8996fb92427ae41e4649b934ca495991b7852b855
preparation_raw/chr22_500_guide_002.crisprapido_k0.stdout.txt	0	e3b0c44298fc1c149afbf4c8996fb92427ae41e4649b934ca495991b7852b855
preparation_raw/chr22_500_guide_003.columba_k0.log	2773	1ea1a9ee7d6542beb39534f40d0f55e4767b7ef1ec6b61ca604301c1bfff977e
preparation_raw/chr22_500_guide_003.columba_k0.sam	999	ca778c0e05291a9a6f2252c2a17f50126c56463dae974afb82422423754f95b4
preparation_raw/chr22_500_guide_003.columba_k0.stderr.txt	0	e3b0c44298fc1c149afbf4c8996fb92427ae41e4649b934ca495991b7852b855
preparation_raw/chr22_500_guide_003.columba_k0.stdout.txt	0	e3b0c44298fc1c149afbf4c8996fb92427ae41e4649b934ca495991b7852b855
preparation_raw/chr22_500_guide_003.crisprapido_k0.paf	192	c9c93b5e3642ad2be4fd3699f495e8d1c48adb430768e7ff532b1a4c59fa0c05
preparation_raw/chr22_500_guide_003.crisprapido_k0.stderr.txt	45	ecd997460eff8b19bac120208f47edd7be53e3371027aaa35d95fa07a5e79089
preparation_raw/chr22_500_guide_003.crisprapido_k0.stdout.txt	0	e3b0c44298fc1c149afbf4c8996fb92427ae41e4649b934ca495991b7852b855
preparation_raw/chr22_500_guide_004.columba_k0.log	2773	e3763f975c09abdde1da3c9e473700f53a6b111fd1afc5930e6ac448546aa9df
preparation_raw/chr22_500_guide_004.columba_k0.sam	1078	a30b4a6436ee71add0efc43b628a741ac544a175e5e25ae0d88bd091243d2eea
preparation_raw/chr22_500_guide_004.columba_k0.stderr.txt	0	e3b0c44298fc1c149afbf4c8996fb92427ae41e4649b934ca495991b7852b855
preparation_raw/chr22_500_guide_004.columba_k0.stdout.txt	0	e3b0c44298fc1c149afbf4c8996fb92427ae41e4649b934ca495991b7852b855
preparation_raw/chr22_500_guide_004.crisprapido_k0.paf	309	41a9ef51e83a95092df6d34278bb584d5cb81e4e5c965e87236e8b76ec966547
preparation_raw/chr22_500_guide_004.crisprapido_k0.stderr.txt	0	e3b0c44298fc1c149afbf4c8996fb92427ae41e4649b934ca495991b7852b855
preparation_raw/chr22_500_guide_004.crisprapido_k0.stdout.txt	0	e3b0c44298fc1c149afbf4c8996fb92427ae41e4649b934ca495991b7852b855
preparation_raw/chr22_500_guide_005.columba_k0.log	2773	ef43f93435ab36ced2dd739439527e827e047306f9371024de5961fc81f5bfc2
preparation_raw/chr22_500_guide_005.columba_k0.sam	999	cc0974ffacf602af5c15f47c4d7df37cb7faee649786a6fdea2e635425969486
preparation_raw/chr22_500_guide_005.columba_k0.stderr.txt	0	e3b0c44298fc1c149afbf4c8996fb92427ae41e4649b934ca495991b7852b855
preparation_raw/chr22_500_guide_005.columba_k0.stdout.txt	0	e3b0c44298fc1c149afbf4c8996fb92427ae41e4649b934ca495991b7852b855
preparation_raw/chr22_500_guide_005.crisprapido_k0.paf	204	5593b98c2493a0b88e42eaea42b482a194969227858e2af4912bc01dca9ef454
preparation_raw/chr22_500_guide_005.crisprapido_k0.stderr.txt	0	e3b0c44298fc1c149afbf4c8996fb92427ae41e4649b934ca495991b7852b855
preparation_raw/chr22_500_guide_005.crisprapido_k0.stdout.txt	0	e3b0c44298fc1c149afbf4c8996fb92427ae41e4649b934ca495991b7852b855
preparation_raw/chr22_500_guide_006.columba_k0.log	2773	2cc102371fdae98015ffa388f4728b9797bf8926fd8860b04c1e34bf562f43d1
preparation_raw/chr22_500_guide_006.columba_k0.sam	1229	68c56fef4ae4f3668f2f6af8d6c28b1a4846c0711d45a47a3a6ed922c5e18df4
preparation_raw/chr22_500_guide_006.columba_k0.stderr.txt	0	e3b0c44298fc1c149afbf4c8996fb92427ae41e4649b934ca495991b7852b855
preparation_raw/chr22_500_guide_006.columba_k0.stdout.txt	0	e3b0c44298fc1c149afbf4c8996fb92427ae41e4649b934ca495991b7852b855
preparation_raw/chr22_500_guide_006.crisprapido_k0.paf	505	985223b6d62b5d89d90abb3b6411baab1ded4c027e524fd04733e3e131a2d641
preparation_raw/chr22_500_guide_006.crisprapido_k0.stderr.txt	0	e3b0c44298fc1c149afbf4c8996fb92427ae41e4649b934ca495991b7852b855
preparation_raw/chr22_500_guide_006.crisprapido_k0.stdout.txt	0	e3b0c44298fc1c149afbf4c8996fb92427ae41e4649b934ca495991b7852b855
preparation_raw/chr22_500_guide_007.columba_k0.log	2773	2af0dd736af72515b2d74085cb56d5744d54d2636160a53107bf139fcc598ca9
preparation_raw/chr22_500_guide_007.columba_k0.sam	998	d2c2a4eb69d4c499a0b24a2152adbc9ec151d8f46a952d90734a636a1845d5ab
preparation_raw/chr22_500_guide_007.columba_k0.stderr.txt	0	e3b0c44298fc1c149afbf4c8996fb92427ae41e4649b934ca495991b7852b855
preparation_raw/chr22_500_guide_007.columba_k0.stdout.txt	0	e3b0c44298fc1c149afbf4c8996fb92427ae41e4649b934ca495991b7852b855
preparation_raw/chr22_500_guide_007.crisprapido_k0.paf	202	56a8fdc6b10b61e89791b719fe5bae29758da62f5f0e9c2390a9488ca443dead
preparation_raw/chr22_500_guide_007.crisprapido_k0.stderr.txt	0	e3b0c44298fc1c149afbf4c8996fb92427ae41e4649b934ca495991b7852b855
preparation_raw/chr22_500_guide_007.crisprapido_k0.stdout.txt	0	e3b0c44298fc1c149afbf4c8996fb92427ae41e4649b934ca495991b7852b855
preparation_raw/chr22_500_guide_008.columba_k0.log	2775	74580eb6442d9c4b28e6ac9ed6cd5388832fb6aa6ba4de7aab4477565821eeaf
preparation_raw/chr22_500_guide_008.columba_k0.sam	2013	7222b53b0d71f1836de6748eca382153f84a8b72549bcc5018cdcbf86b209c3c
preparation_raw/chr22_500_guide_008.columba_k0.stderr.txt	0	e3b0c44298fc1c149afbf4c8996fb92427ae41e4649b934ca495991b7852b855
preparation_raw/chr22_500_guide_008.columba_k0.stdout.txt	0	e3b0c44298fc1c149afbf4c8996fb92427ae41e4649b934ca495991b7852b855
preparation_raw/chr22_500_guide_008.crisprapido_k0.paf	1543	854d915147fb65ad6f5fbe3f9603211292df7d458844c1695cff36fb69d35eee
preparation_raw/chr22_500_guide_008.crisprapido_k0.stderr.txt	0	e3b0c44298fc1c149afbf4c8996fb92427ae41e4649b934ca495991b7852b855
preparation_raw/chr22_500_guide_008.crisprapido_k0.stdout.txt	0	e3b0c44298fc1c149afbf4c8996fb92427ae41e4649b934ca495991b7852b855
preparation_raw/chr22_500_guide_009.columba_k0.log	2773	109fd0d8b1b144809d2f9cd7ffc8d33249958b553fd8ce2c8f7af7788c20f1f9
preparation_raw/chr22_500_guide_009.columba_k0.sam	1233	8594a1e5f81be01ecb5e3ca177b4c0b6ec8e584e5b8c1a512046c4d68ddf52cf
preparation_raw/chr22_500_guide_009.columba_k0.stderr.txt	0	e3b0c44298fc1c149afbf4c8996fb92427ae41e4649b934ca495991b7852b855
preparation_raw/chr22_500_guide_009.columba_k0.stdout.txt	0	e3b0c44298fc1c149afbf4c8996fb92427ae41e4649b934ca495991b7852b855
preparation_raw/chr22_500_guide_009.crisprapido_k0.paf	513	120b985faeed3306e9c571ed4d15fd8c6e6693c215c811d99b5c36f8c8076653
preparation_raw/chr22_500_guide_009.crisprapido_k0.stderr.txt	0	e3b0c44298fc1c149afbf4c8996fb92427ae41e4649b934ca495991b7852b855
preparation_raw/chr22_500_guide_009.crisprapido_k0.stdout.txt	0	e3b0c44298fc1c149afbf4c8996fb92427ae41e4649b934ca495991b7852b855
preparation_raw/chr22_500_guide_010.columba_k0.log	2773	65d05956e3164386fadd863fb5eb762eaaf5f6f80bdede311bffecd6f6352a16
preparation_raw/chr22_500_guide_010.columba_k0.sam	1077	da68566b14bf24dade50307230911423a858b030ac5d62957f79d712dede4ca1
preparation_raw/chr22_500_guide_010.columba_k0.stderr.txt	0	e3b0c44298fc1c149afbf4c8996fb92427ae41e4649b934ca495991b7852b855
preparation_raw/chr22_500_guide_010.columba_k0.stdout.txt	0	e3b0c44298fc1c149afbf4c8996fb92427ae41e4649b934ca495991b7852b855
preparation_raw/chr22_500_guide_010.crisprapido_k0.paf	295	e30fc5df382418edad7dd8962923acd80f6a4c1b22ae2e85dc960f329b7d6fbc
preparation_raw/chr22_500_guide_010.crisprapido_k0.stderr.txt	45	ecd997460eff8b19bac120208f47edd7be53e3371027aaa35d95fa07a5e79089
preparation_raw/chr22_500_guide_010.crisprapido_k0.stdout.txt	0	e3b0c44298fc1c149afbf4c8996fb92427ae41e4649b934ca495991b7852b855
preparation_raw/chr22_500_guide_011.columba_k0.log	2773	8bf2d1e4b4ce92614c88f49246518ea51875b5754b04b0ae1b4a079a9bd661aa
preparation_raw/chr22_500_guide_011.columba_k0.sam	923	468e8ca539150834b9d99605857ccd3692e6401d733925c54ee0d8f2a148b4f6
preparation_raw/chr22_500_guide_011.columba_k0.stderr.txt	0	e3b0c44298fc1c149afbf4c8996fb92427ae41e4649b934ca495991b7852b855
preparation_raw/chr22_500_guide_011.columba_k0.stdout.txt	0	e3b0c44298fc1c149afbf4c8996fb92427ae41e4649b934ca495991b7852b855
preparation_raw/chr22_500_guide_011.crisprapido_k0.paf	103	8a664f159f4f223b8c70995b0f872841e9523721349471ec552691f923d11399
preparation_raw/chr22_500_guide_011.crisprapido_k0.stderr.txt	0	e3b0c44298fc1c149afbf4c8996fb92427ae41e4649b934ca495991b7852b855
preparation_raw/chr22_500_guide_011.crisprapido_k0.stdout.txt	0	e3b0c44298fc1c149afbf4c8996fb92427ae41e4649b934ca495991b7852b855
preparation_raw/chr22_500_guide_012.columba_k0.log	2772	014fb951026d6ae4c4bcfb4af010d9f4332eb8c29517877f7327dd1ffb4c3ffa
preparation_raw/chr22_500_guide_012.columba_k0.sam	923	31dcb247a3dc5591d06c1712c0af114e06d38f32a9b86881f08bdebc4e9bb808
preparation_raw/chr22_500_guide_012.columba_k0.stderr.txt	0	e3b0c44298fc1c149afbf4c8996fb92427ae41e4649b934ca495991b7852b855
preparation_raw/chr22_500_guide_012.columba_k0.stdout.txt	0	e3b0c44298fc1c149afbf4c8996fb92427ae41e4649b934ca495991b7852b855
preparation_raw/chr22_500_guide_012.crisprapido_k0.paf	103	9e5ed8cdd1a37c75d6db7090a6f7a31471034f3cd57ca5ee982877d1f71ccf3b
preparation_raw/chr22_500_guide_012.crisprapido_k0.stderr.txt	0	e3b0c44298fc1c149afbf4c8996fb92427ae41e4649b934ca495991b7852b855
preparation_raw/chr22_500_guide_012.crisprapido_k0.stdout.txt	0	e3b0c44298fc1c149afbf4c8996fb92427ae41e4649b934ca495991b7852b855
preparation_raw/chr22_500_guide_013.columba_k0.log	2772	746238000393c2e406ffaad4f71a962aeb5c899d40743e1b97df85016a6db301
preparation_raw/chr22_500_guide_013.columba_k0.sam	1312	da3a764013a110f3b3132746948ab13c5b7d217be5c007c76378c9f1d6f6b3a1
preparation_raw/chr22_500_guide_013.columba_k0.stderr.txt	0	e3b0c44298fc1c149afbf4c8996fb92427ae41e4649b934ca495991b7852b855
preparation_raw/chr22_500_guide_013.columba_k0.stdout.txt	0	e3b0c44298fc1c149afbf4c8996fb92427ae41e4649b934ca495991b7852b855
preparation_raw/chr22_500_guide_013.crisprapido_k0.paf	618	50b361f2d4fb6778fcf407c2cda0d312dd353cca6426b4bd86c80daa0f9038c5
preparation_raw/chr22_500_guide_013.crisprapido_k0.stderr.txt	0	e3b0c44298fc1c149afbf4c8996fb92427ae41e4649b934ca495991b7852b855
preparation_raw/chr22_500_guide_013.crisprapido_k0.stdout.txt	0	e3b0c44298fc1c149afbf4c8996fb92427ae41e4649b934ca495991b7852b855
preparation_raw/chr22_500_guide_014.columba_k0.log	2773	78445b4675e8d38a9158becb0dea79ddbed04b22012ae11bb4647fa73723b60f
preparation_raw/chr22_500_guide_014.columba_k0.sam	1234	53df2f949a0ea2d8e926b2eb2de8dc1248856dacd2bdd2d4d2160c74656fdd71
preparation_raw/chr22_500_guide_014.columba_k0.stderr.txt	0	e3b0c44298fc1c149afbf4c8996fb92427ae41e4649b934ca495991b7852b855
preparation_raw/chr22_500_guide_014.columba_k0.stdout.txt	0	e3b0c44298fc1c149afbf4c8996fb92427ae41e4649b934ca495991b7852b855
preparation_raw/chr22_500_guide_014.crisprapido_k0.paf	503	3bde53287c973b1618fb55b64b358294a46a3d6385f11ff62cf777359cdf4901
preparation_raw/chr22_500_guide_014.crisprapido_k0.stderr.txt	45	ecd997460eff8b19bac120208f47edd7be53e3371027aaa35d95fa07a5e79089
preparation_raw/chr22_500_guide_014.crisprapido_k0.stdout.txt	0	e3b0c44298fc1c149afbf4c8996fb92427ae41e4649b934ca495991b7852b855
preparation_raw/chr22_500_guide_015.columba_k0.log	2773	299a99f1cdd318601cf42f27152b3a8df5fb04a119c51a0d12a79c0a5b631148
preparation_raw/chr22_500_guide_015.columba_k0.sam	923	77bc2f7baf60db86f46f949960a74b19ce4a6dcedd50e0925b53b196678f91b9
preparation_raw/chr22_500_guide_015.columba_k0.stderr.txt	0	e3b0c44298fc1c149afbf4c8996fb92427ae41e4649b934ca495991b7852b855
preparation_raw/chr22_500_guide_015.columba_k0.stdout.txt	0	e3b0c44298fc1c149afbf4c8996fb92427ae41e4649b934ca495991b7852b855
preparation_raw/chr22_500_guide_015.crisprapido_k0.paf	103	25f71f69affd98f6790d4162f2184eeae2794ef38bcf6e8c5338d710759c2c15
preparation_raw/chr22_500_guide_015.crisprapido_k0.stderr.txt	0	e3b0c44298fc1c149afbf4c8996fb92427ae41e4649b934ca495991b7852b855
preparation_raw/chr22_500_guide_015.crisprapido_k0.stdout.txt	0	e3b0c44298fc1c149afbf4c8996fb92427ae41e4649b934ca495991b7852b855
preparation_raw/chr22_500_guide_016.columba_k0.log	2777	dead0c6a1a1e622e7c3273e909cccb3cb4958fda4983872dd36e3128ea65f947
preparation_raw/chr22_500_guide_016.columba_k0.sam	53157	34627ed714f613328ed1320841daccefbc1ea1371b2a98f156d61b36896aa731
preparation_raw/chr22_500_guide_016.columba_k0.stderr.txt	0	e3b0c44298fc1c149afbf4c8996fb92427ae41e4649b934ca495991b7852b855
preparation_raw/chr22_500_guide_016.columba_k0.stdout.txt	0	e3b0c44298fc1c149afbf4c8996fb92427ae41e4649b934ca495991b7852b855
preparation_raw/chr22_500_guide_016.crisprapido_k0.paf	68957	0c6fc718f7994a529d82dd8a74fc422b7cdffa5b2804b1c1c4c6004819798113
preparation_raw/chr22_500_guide_016.crisprapido_k0.stderr.txt	0	e3b0c44298fc1c149afbf4c8996fb92427ae41e4649b934ca495991b7852b855
preparation_raw/chr22_500_guide_016.crisprapido_k0.stdout.txt	0	e3b0c44298fc1c149afbf4c8996fb92427ae41e4649b934ca495991b7852b855
preparation_raw/chr22_500_guide_017.columba_k0.log	2773	c5709e3aaff515c1260f4adac88efa7033109bac615206b6f09b7050ee989650
preparation_raw/chr22_500_guide_017.columba_k0.sam	923	5fac76b7b5ad448f8102858cff20a4aee2dc37327ffd3bf5948aa517dd871043
preparation_raw/chr22_500_guide_017.columba_k0.stderr.txt	0	e3b0c44298fc1c149afbf4c8996fb92427ae41e4649b934ca495991b7852b855
preparation_raw/chr22_500_guide_017.columba_k0.stdout.txt	0	e3b0c44298fc1c149afbf4c8996fb92427ae41e4649b934ca495991b7852b855
preparation_raw/chr22_500_guide_017.crisprapido_k0.paf	103	2242a99bb90ba18a1c0d2a4538235ed43b4ff4c47f1623e320a21fc88863e0fc
preparation_raw/chr22_500_guide_017.crisprapido_k0.stderr.txt	0	e3b0c44298fc1c149afbf4c8996fb92427ae41e4649b934ca495991b7852b855
preparation_raw/chr22_500_guide_017.crisprapido_k0.stdout.txt	0	e3b0c44298fc1c149afbf4c8996fb92427ae41e4649b934ca495991b7852b855
preparation_raw/chr22_500_guide_018.columba_k0.log	2773	791798abe9088081cd48fc69a325ae552997ff1909beb563b14219c3fc62fdf6
preparation_raw/chr22_500_guide_018.columba_k0.sam	923	566b01ba069870557565abd9c858873fc56443b9e7586273a2634e578df9829d
preparation_raw/chr22_500_guide_018.columba_k0.stderr.txt	0	e3b0c44298fc1c149afbf4c8996fb92427ae41e4649b934ca495991b7852b855
preparation_raw/chr22_500_guide_018.columba_k0.stdout.txt	0	e3b0c44298fc1c149afbf4c8996fb92427ae41e4649b934ca495991b7852b855
preparation_raw/chr22_500_guide_018.crisprapido_k0.paf	103	691ce0260ac4ff8426decb079b6ec2efdf4680b3abaced64e9143840bccb9552
preparation_raw/chr22_500_guide_018.crisprapido_k0.stderr.txt	0	e3b0c44298fc1c149afbf4c8996fb92427ae41e4649b934ca495991b7852b855
preparation_raw/chr22_500_guide_018.crisprapido_k0.stdout.txt	0	e3b0c44298fc1c149afbf4c8996fb92427ae41e4649b934ca495991b7852b855
preparation_raw/chr22_500_guide_019.columba_k0.log	2773	892eeb002f49c2c753375b6667ab4305f8cf150dce804cfa9a19825d5c9fd1d6
preparation_raw/chr22_500_guide_019.columba_k0.sam	1234	3ccbb5214e9bae48d804e18ec9b96d1c9f4c8c4d75386435992844338677a766
preparation_raw/chr22_500_guide_019.columba_k0.stderr.txt	0	e3b0c44298fc1c149afbf4c8996fb92427ae41e4649b934ca495991b7852b855
preparation_raw/chr22_500_guide_019.columba_k0.stdout.txt	0	e3b0c44298fc1c149afbf4c8996fb92427ae41e4649b934ca495991b7852b855
preparation_raw/chr22_500_guide_019.crisprapido_k0.paf	491	442a79393c28ef8455635793398675972a2c1da7877ff0b3c260e9b128e19621
preparation_raw/chr22_500_guide_019.crisprapido_k0.stderr.txt	90	e738f131400a5df528e34a9a74400f6996b29d28e34bef3f730ed59c9b584539
preparation_raw/chr22_500_guide_019.crisprapido_k0.stdout.txt	0	e3b0c44298fc1c149afbf4c8996fb92427ae41e4649b934ca495991b7852b855
preparation_raw/chr22_500_guide_020.columba_k0.log	2773	95a17bf65714556d70dbe75fd8e9182cd82bef6fe5e0d8140d5eb51440455302
preparation_raw/chr22_500_guide_020.columba_k0.sam	1078	bc9aeb2ba23e13a80f508b7a739d16b0d23900d037098c486adbfc761c56445c
preparation_raw/chr22_500_guide_020.columba_k0.stderr.txt	0	e3b0c44298fc1c149afbf4c8996fb92427ae41e4649b934ca495991b7852b855
preparation_raw/chr22_500_guide_020.columba_k0.stdout.txt	0	e3b0c44298fc1c149afbf4c8996fb92427ae41e4649b934ca495991b7852b855
preparation_raw/chr22_500_guide_020.crisprapido_k0.paf	309	ffed6ef882a5b49bea13ef17900273b66796a85e7b8e37bc5ebfa5b406342510
preparation_raw/chr22_500_guide_020.crisprapido_k0.stderr.txt	0	e3b0c44298fc1c149afbf4c8996fb92427ae41e4649b934ca495991b7852b855
preparation_raw/chr22_500_guide_020.crisprapido_k0.stdout.txt	0	e3b0c44298fc1c149afbf4c8996fb92427ae41e4649b934ca495991b7852b855
preparation_raw/chr22_500_guide_021.columba_k0.log	2773	252d269696dd896bce913e358b824f9e76daa3be8307469cfbd234fafcdef267
preparation_raw/chr22_500_guide_021.columba_k0.sam	923	1cf247b33dc73591b2bb0ae3a342eb58e6c4ef1212e5681b8e02bdc1edf8fc09
preparation_raw/chr22_500_guide_021.columba_k0.stderr.txt	0	e3b0c44298fc1c149afbf4c8996fb92427ae41e4649b934ca495991b7852b855
preparation_raw/chr22_500_guide_021.columba_k0.stdout.txt	0	e3b0c44298fc1c149afbf4c8996fb92427ae41e4649b934ca495991b7852b855
preparation_raw/chr22_500_guide_021.crisprapido_k0.paf	103	2b073fcb4a2bd34250518b2ca167b1ea129dbf14264dd074ab7fc34c8f1ab035
preparation_raw/chr22_500_guide_021.crisprapido_k0.stderr.txt	0	e3b0c44298fc1c149afbf4c8996fb92427ae41e4649b934ca495991b7852b855
preparation_raw/chr22_500_guide_021.crisprapido_k0.stdout.txt	0	e3b0c44298fc1c149afbf4c8996fb92427ae41e4649b934ca495991b7852b855
preparation_raw/chr22_500_guide_022.columba_k0.log	2773	f6e5738df0ce6eaaecc69f41a2831cce8e2bfc1bf0808a2a1de6f494418ba918
preparation_raw/chr22_500_guide_022.columba_k0.sam	1078	40e3e11b51212c74d92faeecdd9f7c177e66441ca331772b86bc071dabb1e8f7
preparation_raw/chr22_500_guide_022.columba_k0.stderr.txt	0	e3b0c44298fc1c149afbf4c8996fb92427ae41e4649b934ca495991b7852b855
preparation_raw/chr22_500_guide_022.columba_k0.stdout.txt	0	e3b0c44298fc1c149afbf4c8996fb92427ae41e4649b934ca495991b7852b855
preparation_raw/chr22_500_guide_022.crisprapido_k0.paf	309	5a62cebd8293e901a67b59a580cd404a0622d4a1deb300c572d8af96bb45378c
preparation_raw/chr22_500_guide_022.crisprapido_k0.stderr.txt	0	e3b0c44298fc1c149afbf4c8996fb92427ae41e4649b934ca495991b7852b855
preparation_raw/chr22_500_guide_022.crisprapido_k0.stdout.txt	0	e3b0c44298fc1c149afbf4c8996fb92427ae41e4649b934ca495991b7852b855
preparation_raw/chr22_500_guide_023.columba_k0.log	2773	02f3d7ede54cd3347422620637b587030e56fd97cdd91a5a34162c36f1d73eb1
preparation_raw/chr22_500_guide_023.columba_k0.sam	923	ae9815ed7517707d6af09c53b5eea88d5f788687406181412cc239ba9288aaa4
preparation_raw/chr22_500_guide_023.columba_k0.stderr.txt	0	e3b0c44298fc1c149afbf4c8996fb92427ae41e4649b934ca495991b7852b855
preparation_raw/chr22_500_guide_023.columba_k0.stdout.txt	0	e3b0c44298fc1c149afbf4c8996fb92427ae41e4649b934ca495991b7852b855
preparation_raw/chr22_500_guide_023.crisprapido_k0.paf	103	95686fb2b7a30116b7ae2cc467351eaaf4c6f25cab6f6b7bc6dcc05f1c409532
preparation_raw/chr22_500_guide_023.crisprapido_k0.stderr.txt	0	e3b0c44298fc1c149afbf4c8996fb92427ae41e4649b934ca495991b7852b855
preparation_raw/chr22_500_guide_023.crisprapido_k0.stdout.txt	0	e3b0c44298fc1c149afbf4c8996fb92427ae41e4649b934ca495991b7852b855
preparation_raw/chr22_500_guide_024.columba_k0.log	2773	0260b5d1b7430bc341ea8ddacc52abfa0e9680ce134848c40b4e94b43efffe13
preparation_raw/chr22_500_guide_024.columba_k0.sam	923	b9a05c832833cd084a59998aa8ced5c0846747d66fbd519d0d9a32139fc8c4c6
preparation_raw/chr22_500_guide_024.columba_k0.stderr.txt	0	e3b0c44298fc1c149afbf4c8996fb92427ae41e4649b934ca495991b7852b855
preparation_raw/chr22_500_guide_024.columba_k0.stdout.txt	0	e3b0c44298fc1c149afbf4c8996fb92427ae41e4649b934ca495991b7852b855
preparation_raw/chr22_500_guide_024.crisprapido_k0.paf	103	3bb91e18c2c95e2011a176fd6503a68126ea30cab2dc91292c1cd0369d84f1ab
preparation_raw/chr22_500_guide_024.crisprapido_k0.stderr.txt	0	e3b0c44298fc1c149afbf4c8996fb92427ae41e4649b934ca495991b7852b855
preparation_raw/chr22_500_guide_024.crisprapido_k0.stdout.txt	0	e3b0c44298fc1c149afbf4c8996fb92427ae41e4649b934ca495991b7852b855
preparation_raw/chr22_500_guide_025.columba_k0.log	2773	47be037cbd41407bd67ac3d771d16be8eb75272bc81bfcb45b953788f720e970
preparation_raw/chr22_500_guide_025.columba_k0.sam	923	4424bf15264d4ea1168f4e4259aebd8aaa4729f0d098882ccc227f9b372be132
preparation_raw/chr22_500_guide_025.columba_k0.stderr.txt	0	e3b0c44298fc1c149afbf4c8996fb92427ae41e4649b934ca495991b7852b855
preparation_raw/chr22_500_guide_025.columba_k0.stdout.txt	0	e3b0c44298fc1c149afbf4c8996fb92427ae41e4649b934ca495991b7852b855
preparation_raw/chr22_500_guide_025.crisprapido_k0.paf	103	31d2eb4b52dd3ff5d5f7d7232cbb7268020caafdc57c4696b5e875b10cf57fd5
preparation_raw/chr22_500_guide_025.crisprapido_k0.stderr.txt	0	e3b0c44298fc1c149afbf4c8996fb92427ae41e4649b934ca495991b7852b855
preparation_raw/chr22_500_guide_025.crisprapido_k0.stdout.txt	0	e3b0c44298fc1c149afbf4c8996fb92427ae41e4649b934ca495991b7852b855
preparation_raw/chr22_500_guide_026.columba_k0.log	2773	a62de8f136799e89f3a6b2866266bedee144fb79f138ab5bd4df372c1ed15d35
preparation_raw/chr22_500_guide_026.columba_k0.sam	923	5b113e4703065b500a023ca3391e87e2d3f84674b410511f10c8bc8879efa9c1
preparation_raw/chr22_500_guide_026.columba_k0.stderr.txt	0	e3b0c44298fc1c149afbf4c8996fb92427ae41e4649b934ca495991b7852b855
preparation_raw/chr22_500_guide_026.columba_k0.stdout.txt	0	e3b0c44298fc1c149afbf4c8996fb92427ae41e4649b934ca495991b7852b855
preparation_raw/chr22_500_guide_026.crisprapido_k0.paf	103	92457b8eeba549253b9d7c8b508cd2a2bbb6eadd76da9e74b1cab96a0815447a
preparation_raw/chr22_500_guide_026.crisprapido_k0.stderr.txt	0	e3b0c44298fc1c149afbf4c8996fb92427ae41e4649b934ca495991b7852b855
preparation_raw/chr22_500_guide_026.crisprapido_k0.stdout.txt	0	e3b0c44298fc1c149afbf4c8996fb92427ae41e4649b934ca495991b7852b855
preparation_raw/chr22_500_guide_027.columba_k0.log	2775	680f333ca25a23b5d1c0b452876be8ba8119a890e7c5f5b83cdb120f120e4882
preparation_raw/chr22_500_guide_027.columba_k0.sam	3112	211f775b236ae4daab4f9e74feba8f01e34b6e5899eb7c3f2cf9333e0441ab0a
preparation_raw/chr22_500_guide_027.columba_k0.stderr.txt	0	e3b0c44298fc1c149afbf4c8996fb92427ae41e4649b934ca495991b7852b855
preparation_raw/chr22_500_guide_027.columba_k0.stdout.txt	0	e3b0c44298fc1c149afbf4c8996fb92427ae41e4649b934ca495991b7852b855
preparation_raw/chr22_500_guide_027.crisprapido_k0.paf	2963	26ca06f4a328b546897d85ccddbcd4c6b71944c31fc45be5a7048a39f9c87d5c
preparation_raw/chr22_500_guide_027.crisprapido_k0.stderr.txt	135	638bd673bf5fc22f3fc8fe75f5600789d2b5d3f971a550e9446c8845c8fb98e7
preparation_raw/chr22_500_guide_027.crisprapido_k0.stdout.txt	0	e3b0c44298fc1c149afbf4c8996fb92427ae41e4649b934ca495991b7852b855
preparation_raw/chr22_500_guide_028.columba_k0.log	2773	a8ae684f643e855fe8b18a9a95cd490024a59234d217c7f3d484adb4c0689da4
preparation_raw/chr22_500_guide_028.columba_k0.sam	1156	05f2d0baeb9c8bcf3e6cd17db85e24237ec72f73382aa6ad0cb5ae702020ae27
preparation_raw/chr22_500_guide_028.columba_k0.stderr.txt	0	e3b0c44298fc1c149afbf4c8996fb92427ae41e4649b934ca495991b7852b855
preparation_raw/chr22_500_guide_028.columba_k0.stdout.txt	0	e3b0c44298fc1c149afbf4c8996fb92427ae41e4649b934ca495991b7852b855
preparation_raw/chr22_500_guide_028.crisprapido_k0.paf	412	381669eac105895c77936e91601bef5a44b194dce1468388fa6bc22b65e83aab
preparation_raw/chr22_500_guide_028.crisprapido_k0.stderr.txt	0	e3b0c44298fc1c149afbf4c8996fb92427ae41e4649b934ca495991b7852b855
preparation_raw/chr22_500_guide_028.crisprapido_k0.stdout.txt	0	e3b0c44298fc1c149afbf4c8996fb92427ae41e4649b934ca495991b7852b855
preparation_raw/chr22_500_guide_029.columba_k0.log	2774	22cb45b18ee669e55cd191079a8ab553400201b14fd8a8ab920d7110426db505
preparation_raw/chr22_500_guide_029.columba_k0.sam	923	79d675d1c910c2e99be893c8f7f18ff082e3bb738ea8e69c94b5f8322a02197b
preparation_raw/chr22_500_guide_029.columba_k0.stderr.txt	0	e3b0c44298fc1c149afbf4c8996fb92427ae41e4649b934ca495991b7852b855
preparation_raw/chr22_500_guide_029.columba_k0.stdout.txt	0	e3b0c44298fc1c149afbf4c8996fb92427ae41e4649b934ca495991b7852b855
preparation_raw/chr22_500_guide_029.crisprapido_k0.paf	103	5b5740572278e4c8da258d3432efde82167e2c73986d385d7830fde3254bcc43
preparation_raw/chr22_500_guide_029.crisprapido_k0.stderr.txt	0	e3b0c44298fc1c149afbf4c8996fb92427ae41e4649b934ca495991b7852b855
preparation_raw/chr22_500_guide_029.crisprapido_k0.stdout.txt	0	e3b0c44298fc1c149afbf4c8996fb92427ae41e4649b934ca495991b7852b855
preparation_raw/chr22_500_guide_030.columba_k0.log	2775	c06e6e1a6e1c6ab77ac815a81c0cd126b87b9df1c68c4db30d2e4705301fcaf7
preparation_raw/chr22_500_guide_030.columba_k0.sam	3496	d60fe659fe99ec2cd61887c8ec932cafc1a2138e4e4b8100efbe25357ea0b75f
preparation_raw/chr22_500_guide_030.columba_k0.stderr.txt	0	e3b0c44298fc1c149afbf4c8996fb92427ae41e4649b934ca495991b7852b855
preparation_raw/chr22_500_guide_030.columba_k0.stdout.txt	0	e3b0c44298fc1c149afbf4c8996fb92427ae41e4649b934ca495991b7852b855
preparation_raw/chr22_500_guide_030.crisprapido_k0.paf	3502	82603585a4fbad9bba758ed4a4438e9e4c043bf6f8a6f9c1ca8df429db6ee572
preparation_raw/chr22_500_guide_030.crisprapido_k0.stderr.txt	0	e3b0c44298fc1c149afbf4c8996fb92427ae41e4649b934ca495991b7852b855
preparation_raw/chr22_500_guide_030.crisprapido_k0.stdout.txt	0	e3b0c44298fc1c149afbf4c8996fb92427ae41e4649b934ca495991b7852b855
preparation_raw/chr22_500_guide_031.columba_k0.log	2773	ec6f2020ab90ccdddd0a77f2a02df418a1d0a22d1a58afb6a4e8fef1d474a7dd
preparation_raw/chr22_500_guide_031.columba_k0.sam	923	26b58da997b998f06b2a38dc29d2f935a314879037eacf7f323105722d8854e4
preparation_raw/chr22_500_guide_031.columba_k0.stderr.txt	0	e3b0c44298fc1c149afbf4c8996fb92427ae41e4649b934ca495991b7852b855
preparation_raw/chr22_500_guide_031.columba_k0.stdout.txt	0	e3b0c44298fc1c149afbf4c8996fb92427ae41e4649b934ca495991b7852b855
preparation_raw/chr22_500_guide_031.crisprapido_k0.paf	103	449eef586702df92b06ca3e4fc18604b620a552314243ced02a516e616f3adcc
preparation_raw/chr22_500_guide_031.crisprapido_k0.stderr.txt	0	e3b0c44298fc1c149afbf4c8996fb92427ae41e4649b934ca495991b7852b855
preparation_raw/chr22_500_guide_031.crisprapido_k0.stdout.txt	0	e3b0c44298fc1c149afbf4c8996fb92427ae41e4649b934ca495991b7852b855
preparation_raw/chr22_500_guide_032.columba_k0.log	2775	641632d1f147a71faeba4a918d295e1c26447ed5ba08602b86363a5e08b2b350
preparation_raw/chr22_500_guide_032.columba_k0.sam	3496	3a26edfe29df6769f5bd8eff5fd0db4e037ff089b40e79db877ff42b98b31284
preparation_raw/chr22_500_guide_032.columba_k0.stderr.txt	0	e3b0c44298fc1c149afbf4c8996fb92427ae41e4649b934ca495991b7852b855
preparation_raw/chr22_500_guide_032.columba_k0.stdout.txt	0	e3b0c44298fc1c149afbf4c8996fb92427ae41e4649b934ca495991b7852b855
preparation_raw/chr22_500_guide_032.crisprapido_k0.paf	3490	0420851449b7777a21ab59d1ef7204ec8c14a30e2f10c1fa72e082bd847c4f4a
preparation_raw/chr22_500_guide_032.crisprapido_k0.stderr.txt	45	ecd997460eff8b19bac120208f47edd7be53e3371027aaa35d95fa07a5e79089
preparation_raw/chr22_500_guide_032.crisprapido_k0.stdout.txt	0	e3b0c44298fc1c149afbf4c8996fb92427ae41e4649b934ca495991b7852b855
preparation_raw/chr22_500_guide_033.columba_k0.log	2773	3f6595979e40587b790c4e53c0a50b4241e6148792c14683d35029ec6fb29b44
preparation_raw/chr22_500_guide_033.columba_k0.sam	1078	8b51b42aca0fa17c8cc5f2b21f7ab4069900d6d44492300eeb6d1e30b0c4daef
preparation_raw/chr22_500_guide_033.columba_k0.stderr.txt	0	e3b0c44298fc1c149afbf4c8996fb92427ae41e4649b934ca495991b7852b855
preparation_raw/chr22_500_guide_033.columba_k0.stdout.txt	0	e3b0c44298fc1c149afbf4c8996fb92427ae41e4649b934ca495991b7852b855
preparation_raw/chr22_500_guide_033.crisprapido_k0.paf	309	e3e2c5e19f1d47d739b181bf28b395bac25f92ae1a10da39209e31dc326a374e
preparation_raw/chr22_500_guide_033.crisprapido_k0.stderr.txt	0	e3b0c44298fc1c149afbf4c8996fb92427ae41e4649b934ca495991b7852b855
preparation_raw/chr22_500_guide_033.crisprapido_k0.stdout.txt	0	e3b0c44298fc1c149afbf4c8996fb92427ae41e4649b934ca495991b7852b855
preparation_raw/chr22_500_guide_034.columba_k0.log	2773	52768ce2c4419ca0b962242db575779c1dc85ae3f13d0627182d9a545e8dbe6c
preparation_raw/chr22_500_guide_034.columba_k0.sam	1316	ba0d3cc39e57e8b84a2ef55d510346988ad4a9223078deeb90fd49511f7eb50d
preparation_raw/chr22_500_guide_034.columba_k0.stderr.txt	0	e3b0c44298fc1c149afbf4c8996fb92427ae41e4649b934ca495991b7852b855
preparation_raw/chr22_500_guide_034.columba_k0.stdout.txt	0	e3b0c44298fc1c149afbf4c8996fb92427ae41e4649b934ca495991b7852b855
preparation_raw/chr22_500_guide_034.crisprapido_k0.paf	602	1296e906229efa6a4ce6512f3cc956f7bde660dd44370def843d3acb7cbddf77
preparation_raw/chr22_500_guide_034.crisprapido_k0.stderr.txt	90	e738f131400a5df528e34a9a74400f6996b29d28e34bef3f730ed59c9b584539
preparation_raw/chr22_500_guide_034.crisprapido_k0.stdout.txt	0	e3b0c44298fc1c149afbf4c8996fb92427ae41e4649b934ca495991b7852b855
preparation_raw/chr22_500_guide_035.columba_k0.log	2774	411dd7251e654d08a1fc80c7ba0645891ebc667bfac04b43578e61d8bcb288dd
preparation_raw/chr22_500_guide_035.columba_k0.sam	923	5f0c584835ee701f93f68990f62ea5a72a82c9c52a661422447a25abcf391dde
preparation_raw/chr22_500_guide_035.columba_k0.stderr.txt	0	e3b0c44298fc1c149afbf4c8996fb92427ae41e4649b934ca495991b7852b855
preparation_raw/chr22_500_guide_035.columba_k0.stdout.txt	0	e3b0c44298fc1c149afbf4c8996fb92427ae41e4649b934ca495991b7852b855
preparation_raw/chr22_500_guide_035.crisprapido_k0.paf	103	f178a19fdbe898c88e52b47d29a5cba6773a3b637b509825b955716bbf3f93e9
preparation_raw/chr22_500_guide_035.crisprapido_k0.stderr.txt	0	e3b0c44298fc1c149afbf4c8996fb92427ae41e4649b934ca495991b7852b855
preparation_raw/chr22_500_guide_035.crisprapido_k0.stdout.txt	0	e3b0c44298fc1c149afbf4c8996fb92427ae41e4649b934ca495991b7852b855
preparation_raw/chr22_500_guide_036.columba_k0.log	2774	105188a6d631a59c86603d0f9ba819908ba96045cf33c48ab8f2e56463fe37ea
preparation_raw/chr22_500_guide_036.columba_k0.sam	1156	9efa7548a32ad104c913ade9661a47b8879304d60ac64ea78fba07d262e7e1e6
preparation_raw/chr22_500_guide_036.columba_k0.stderr.txt	0	e3b0c44298fc1c149afbf4c8996fb92427ae41e4649b934ca495991b7852b855
preparation_raw/chr22_500_guide_036.columba_k0.stdout.txt	0	e3b0c44298fc1c149afbf4c8996fb92427ae41e4649b934ca495991b7852b855
preparation_raw/chr22_500_guide_036.crisprapido_k0.paf	388	776a57705c0ee19d38964db8f884cf9932dda59c28160807437044b5d8bcb56d
preparation_raw/chr22_500_guide_036.crisprapido_k0.stderr.txt	90	e738f131400a5df528e34a9a74400f6996b29d28e34bef3f730ed59c9b584539
preparation_raw/chr22_500_guide_036.crisprapido_k0.stdout.txt	0	e3b0c44298fc1c149afbf4c8996fb92427ae41e4649b934ca495991b7852b855
preparation_raw/chr22_500_guide_037.columba_k0.log	2773	5bb94f974404323fc5bb54ee2cbbd194548fca862944d13001acab564cd0b4a1
preparation_raw/chr22_500_guide_037.columba_k0.sam	1314	5ba6fe205ce078468b2f315473b77b61c22f491dd502422e16d64c52a50ad152
preparation_raw/chr22_500_guide_037.columba_k0.stderr.txt	0	e3b0c44298fc1c149afbf4c8996fb92427ae41e4649b934ca495991b7852b855
preparation_raw/chr22_500_guide_037.columba_k0.stdout.txt	0	e3b0c44298fc1c149afbf4c8996fb92427ae41e4649b934ca495991b7852b855
preparation_raw/chr22_500_guide_037.crisprapido_k0.paf	586	3a2d117593889474423819e573440d87da89597e5bc9265ddfc3d8db55ddc533
preparation_raw/chr22_500_guide_037.crisprapido_k0.stderr.txt	135	638bd673bf5fc22f3fc8fe75f5600789d2b5d3f971a550e9446c8845c8fb98e7
preparation_raw/chr22_500_guide_037.crisprapido_k0.stdout.txt	0	e3b0c44298fc1c149afbf4c8996fb92427ae41e4649b934ca495991b7852b855
preparation_raw/chr22_500_guide_038.columba_k0.log	2775	1a31ed290a85eea87169e30b6397b60267bb7898d539cd81159e67051b4b3239
preparation_raw/chr22_500_guide_038.columba_k0.sam	6120	b5b2d250d68da959664655961937121461ca07883894724eba7b0a42855a07c5
preparation_raw/chr22_500_guide_038.columba_k0.stderr.txt	0	e3b0c44298fc1c149afbf4c8996fb92427ae41e4649b934ca495991b7852b855
preparation_raw/chr22_500_guide_038.columba_k0.stdout.txt	0	e3b0c44298fc1c149afbf4c8996fb92427ae41e4649b934ca495991b7852b855
preparation_raw/chr22_500_guide_038.crisprapido_k0.paf	6648	58d86e818aacb2271efc9a06a1e2182c21c863a8d9655cb6afcb28f834e2e70a
preparation_raw/chr22_500_guide_038.crisprapido_k0.stderr.txt	1125	b2b32f17633bad48f0d63dd8593879a3898a801f59345a837879f804a8b0a9ca
preparation_raw/chr22_500_guide_038.crisprapido_k0.stdout.txt	0	e3b0c44298fc1c149afbf4c8996fb92427ae41e4649b934ca495991b7852b855
preparation_raw/chr22_500_guide_039.columba_k0.log	2773	397687a3977a95f370721420cd6a953c06712067137a46eb615c85ea4a11b3f5
preparation_raw/chr22_500_guide_039.columba_k0.sam	923	02362bad36bb5a5f5d08926f5c3dfb39d965857cd42934a001d9f1207e7f6200
preparation_raw/chr22_500_guide_039.columba_k0.stderr.txt	0	e3b0c44298fc1c149afbf4c8996fb92427ae41e4649b934ca495991b7852b855
preparation_raw/chr22_500_guide_039.columba_k0.stdout.txt	0	e3b0c44298fc1c149afbf4c8996fb92427ae41e4649b934ca495991b7852b855
preparation_raw/chr22_500_guide_039.crisprapido_k0.paf	103	8a40b1af594d7469b21e93053d26455deb24982286e05791abe94aeb8a8156aa
preparation_raw/chr22_500_guide_039.crisprapido_k0.stderr.txt	0	e3b0c44298fc1c149afbf4c8996fb92427ae41e4649b934ca495991b7852b855
preparation_raw/chr22_500_guide_039.crisprapido_k0.stdout.txt	0	e3b0c44298fc1c149afbf4c8996fb92427ae41e4649b934ca495991b7852b855
preparation_raw/chr22_500_guide_040.columba_k0.log	2773	5a3b4d01c9592271a7d2b1ba266e27b2c51a15e38be59c396a17835f59333976
preparation_raw/chr22_500_guide_040.columba_k0.sam	923	0952a8efb29bd709d069f82f539eb31a5776234c3f1c3ea39ff42a6967be2c7f
preparation_raw/chr22_500_guide_040.columba_k0.stderr.txt	0	e3b0c44298fc1c149afbf4c8996fb92427ae41e4649b934ca495991b7852b855
preparation_raw/chr22_500_guide_040.columba_k0.stdout.txt	0	e3b0c44298fc1c149afbf4c8996fb92427ae41e4649b934ca495991b7852b855
preparation_raw/chr22_500_guide_040.crisprapido_k0.paf	103	f366cc233188ae69ec3f35274e1feb3ca35d4b70b63b096b2da56bc2e6836763
preparation_raw/chr22_500_guide_040.crisprapido_k0.stderr.txt	0	e3b0c44298fc1c149afbf4c8996fb92427ae41e4649b934ca495991b7852b855
preparation_raw/chr22_500_guide_040.crisprapido_k0.stdout.txt	0	e3b0c44298fc1c149afbf4c8996fb92427ae41e4649b934ca495991b7852b855
preparation_raw/chr22_500_guide_041.columba_k0.log	2773	309ac4315bcf1300375632eaf9bc7c08b2077bd02a7b3c091c284daac76361d6
preparation_raw/chr22_500_guide_041.columba_k0.sam	1471	f563cfe10816e7e198c286c34e5b9b9b0291a7dce771934e33074ec9c55ec0d0
preparation_raw/chr22_500_guide_041.columba_k0.stderr.txt	0	e3b0c44298fc1c149afbf4c8996fb92427ae41e4649b934ca495991b7852b855
preparation_raw/chr22_500_guide_041.columba_k0.stdout.txt	0	e3b0c44298fc1c149afbf4c8996fb92427ae41e4649b934ca495991b7852b855
preparation_raw/chr22_500_guide_041.crisprapido_k0.paf	806	c052b73d9fac67075c99382c8b01a318bd428396c0a3f740da87c9c1664dbf65
preparation_raw/chr22_500_guide_041.crisprapido_k0.stderr.txt	90	e738f131400a5df528e34a9a74400f6996b29d28e34bef3f730ed59c9b584539
preparation_raw/chr22_500_guide_041.crisprapido_k0.stdout.txt	0	e3b0c44298fc1c149afbf4c8996fb92427ae41e4649b934ca495991b7852b855
preparation_raw/chr22_500_guide_042.columba_k0.log	2773	6f9e321cbdc0d4eadba3c285152334592b534f2c55750b2be801165dabbe90fd
preparation_raw/chr22_500_guide_042.columba_k0.sam	923	341fba7b2a0e3b882dc83ecddf4fc2a3bfa93c8a36b28a3d3abe6ccdc6529161
preparation_raw/chr22_500_guide_042.columba_k0.stderr.txt	0	e3b0c44298fc1c149afbf4c8996fb92427ae41e4649b934ca495991b7852b855
preparation_raw/chr22_500_guide_042.columba_k0.stdout.txt	0	e3b0c44298fc1c149afbf4c8996fb92427ae41e4649b934ca495991b7852b855
preparation_raw/chr22_500_guide_042.crisprapido_k0.paf	103	0ee48f543136d09a143c4eeae676947d7744ba356f6b4522be723210cea49fce
preparation_raw/chr22_500_guide_042.crisprapido_k0.stderr.txt	0	e3b0c44298fc1c149afbf4c8996fb92427ae41e4649b934ca495991b7852b855
preparation_raw/chr22_500_guide_042.crisprapido_k0.stdout.txt	0	e3b0c44298fc1c149afbf4c8996fb92427ae41e4649b934ca495991b7852b855
preparation_raw/chr22_500_guide_043.columba_k0.log	2772	7f45441a61b3115d5fdcb5ef3ee23ad562ebbc13856c304390967961394e3731
preparation_raw/chr22_500_guide_043.columba_k0.sam	923	78293ac3f930338df121ab247e4260c0309eda02746a746162819cde0214ee6d
preparation_raw/chr22_500_guide_043.columba_k0.stderr.txt	0	e3b0c44298fc1c149afbf4c8996fb92427ae41e4649b934ca495991b7852b855
preparation_raw/chr22_500_guide_043.columba_k0.stdout.txt	0	e3b0c44298fc1c149afbf4c8996fb92427ae41e4649b934ca495991b7852b855
preparation_raw/chr22_500_guide_043.crisprapido_k0.paf	103	d5e7f12f2842cf4edfb98f5803185354f1e1a0b1d5794f5389c3d463fca3fa18
preparation_raw/chr22_500_guide_043.crisprapido_k0.stderr.txt	0	e3b0c44298fc1c149afbf4c8996fb92427ae41e4649b934ca495991b7852b855
preparation_raw/chr22_500_guide_043.crisprapido_k0.stdout.txt	0	e3b0c44298fc1c149afbf4c8996fb92427ae41e4649b934ca495991b7852b855
preparation_raw/chr22_500_guide_044.columba_k0.log	2773	32a86270dc416c128c4dbd5a56c50dbd3d8cddd48bb78cb3fc7cab75ab090263
preparation_raw/chr22_500_guide_044.columba_k0.sam	923	f02c6a48c1d41d2c51d571c4ad6d477567b34c5542841fb32aa722a8c47f2f19
preparation_raw/chr22_500_guide_044.columba_k0.stderr.txt	0	e3b0c44298fc1c149afbf4c8996fb92427ae41e4649b934ca495991b7852b855
preparation_raw/chr22_500_guide_044.columba_k0.stdout.txt	0	e3b0c44298fc1c149afbf4c8996fb92427ae41e4649b934ca495991b7852b855
preparation_raw/chr22_500_guide_044.crisprapido_k0.paf	103	eb8670fd9176c26562fa7d6753d0ecafbdbc18ffce8eb47eac0ff7f21eaee174
preparation_raw/chr22_500_guide_044.crisprapido_k0.stderr.txt	0	e3b0c44298fc1c149afbf4c8996fb92427ae41e4649b934ca495991b7852b855
preparation_raw/chr22_500_guide_044.crisprapido_k0.stdout.txt	0	e3b0c44298fc1c149afbf4c8996fb92427ae41e4649b934ca495991b7852b855
preparation_raw/chr22_500_guide_045.columba_k0.log	2773	a57af6a7e65327c0095872813cacee9b690387a10838da4af573bef54788e695
preparation_raw/chr22_500_guide_045.columba_k0.sam	923	98c261747ca0e6beab898c2b853e4d91d27ad005d4d83738d4cd28035f43c447
preparation_raw/chr22_500_guide_045.columba_k0.stderr.txt	0	e3b0c44298fc1c149afbf4c8996fb92427ae41e4649b934ca495991b7852b855
preparation_raw/chr22_500_guide_045.columba_k0.stdout.txt	0	e3b0c44298fc1c149afbf4c8996fb92427ae41e4649b934ca495991b7852b855
preparation_raw/chr22_500_guide_045.crisprapido_k0.paf	103	ad510f2f6f517e85da1ff1e3e334f60ec412670418ae765b20823bba1029db1c
preparation_raw/chr22_500_guide_045.crisprapido_k0.stderr.txt	0	e3b0c44298fc1c149afbf4c8996fb92427ae41e4649b934ca495991b7852b855
preparation_raw/chr22_500_guide_045.crisprapido_k0.stdout.txt	0	e3b0c44298fc1c149afbf4c8996fb92427ae41e4649b934ca495991b7852b855
preparation_raw/chr22_500_guide_046.columba_k0.log	2773	e87aa191609594be6e00b625a06655b998dbb3eb17c2c973b2775141f6eef8a2
preparation_raw/chr22_500_guide_046.columba_k0.sam	923	4cb1f482544c207433d276e43de98dcc33d017da075ece4bf2e74ac43d9067b0
preparation_raw/chr22_500_guide_046.columba_k0.stderr.txt	0	e3b0c44298fc1c149afbf4c8996fb92427ae41e4649b934ca495991b7852b855
preparation_raw/chr22_500_guide_046.columba_k0.stdout.txt	0	e3b0c44298fc1c149afbf4c8996fb92427ae41e4649b934ca495991b7852b855
preparation_raw/chr22_500_guide_046.crisprapido_k0.paf	103	62be28d44f2b99ae8760da16dcf99d46c01d6cf9dde0f8c55e0864390027fe60
preparation_raw/chr22_500_guide_046.crisprapido_k0.stderr.txt	0	e3b0c44298fc1c149afbf4c8996fb92427ae41e4649b934ca495991b7852b855
preparation_raw/chr22_500_guide_046.crisprapido_k0.stdout.txt	0	e3b0c44298fc1c149afbf4c8996fb92427ae41e4649b934ca495991b7852b855
preparation_raw/chr22_500_guide_047.columba_k0.log	2773	20244fc2542f6806dbae1ecd26b8cf72c72a2a4c645723fdfb57b424528d5fac
preparation_raw/chr22_500_guide_047.columba_k0.sam	923	6d9d0d755fcd725d8a84d4aceac6f9899a3efd5672754c4407b7ea178194f937
preparation_raw/chr22_500_guide_047.columba_k0.stderr.txt	0	e3b0c44298fc1c149afbf4c8996fb92427ae41e4649b934ca495991b7852b855
preparation_raw/chr22_500_guide_047.columba_k0.stdout.txt	0	e3b0c44298fc1c149afbf4c8996fb92427ae41e4649b934ca495991b7852b855
preparation_raw/chr22_500_guide_047.crisprapido_k0.paf	103	a0a592f68ce5c632b25a6bbf8492c14534157794a49dc98dee9ee564e3ce0f58
preparation_raw/chr22_500_guide_047.crisprapido_k0.stderr.txt	0	e3b0c44298fc1c149afbf4c8996fb92427ae41e4649b934ca495991b7852b855
preparation_raw/chr22_500_guide_047.crisprapido_k0.stdout.txt	0	e3b0c44298fc1c149afbf4c8996fb92427ae41e4649b934ca495991b7852b855
preparation_raw/chr22_500_guide_048.columba_k0.log	2775	9c98a8bb7621969eb5adcbf3a87bb048506a9a415e18487e87098f4bd538c04d
preparation_raw/chr22_500_guide_048.columba_k0.sam	2327	da976954d9642a072d9f188cfe5180395f824c0202a95edb0923eac9f7b284dd
preparation_raw/chr22_500_guide_048.columba_k0.stderr.txt	0	e3b0c44298fc1c149afbf4c8996fb92427ae41e4649b934ca495991b7852b855
preparation_raw/chr22_500_guide_048.columba_k0.stdout.txt	0	e3b0c44298fc1c149afbf4c8996fb92427ae41e4649b934ca495991b7852b855
preparation_raw/chr22_500_guide_048.crisprapido_k0.paf	1947	2e0e36bd1d8a9d315885d8afb4d6ebec9f6f8c904301628cc99bd5dcc6773ffb
preparation_raw/chr22_500_guide_048.crisprapido_k0.stderr.txt	45	ecd997460eff8b19bac120208f47edd7be53e3371027aaa35d95fa07a5e79089
preparation_raw/chr22_500_guide_048.crisprapido_k0.stdout.txt	0	e3b0c44298fc1c149afbf4c8996fb92427ae41e4649b934ca495991b7852b855
preparation_raw/chr22_500_guide_049.columba_k0.log	2775	64a56ccad042a3dbb6df9e7f5cd197fc2a339a98c5c0138ef4f2235983ff86de
preparation_raw/chr22_500_guide_049.columba_k0.sam	2560	14e445473d266ae6804952d459bae6d39998c9a96c3f31b673c56669569638e4
preparation_raw/chr22_500_guide_049.columba_k0.stderr.txt	0	e3b0c44298fc1c149afbf4c8996fb92427ae41e4649b934ca495991b7852b855
preparation_raw/chr22_500_guide_049.columba_k0.stdout.txt	0	e3b0c44298fc1c149afbf4c8996fb92427ae41e4649b934ca495991b7852b855
preparation_raw/chr22_500_guide_049.crisprapido_k0.paf	2266	11517fafae4042a3e66b4f370e5dd3feacacecca6f98e23838286b3bba13edd5
preparation_raw/chr22_500_guide_049.crisprapido_k0.stderr.txt	0	e3b0c44298fc1c149afbf4c8996fb92427ae41e4649b934ca495991b7852b855
preparation_raw/chr22_500_guide_049.crisprapido_k0.stdout.txt	0	e3b0c44298fc1c149afbf4c8996fb92427ae41e4649b934ca495991b7852b855
preparation_raw/chr22_500_guide_050.columba_k0.log	2775	6bf0e25d2595d0ef46836f06ccb801aff98c0b3db1328875a0c0ba17ec63ae9d
preparation_raw/chr22_500_guide_050.columba_k0.sam	2482	c4065270bb177ab52d819870434305d1ad1d9731793514dc173c51f3c04b52d9
preparation_raw/chr22_500_guide_050.columba_k0.stderr.txt	0	e3b0c44298fc1c149afbf4c8996fb92427ae41e4649b934ca495991b7852b855
preparation_raw/chr22_500_guide_050.columba_k0.stdout.txt	0	e3b0c44298fc1c149afbf4c8996fb92427ae41e4649b934ca495991b7852b855
preparation_raw/chr22_500_guide_050.crisprapido_k0.paf	2163	900be0709880b5503da9492a11b7d3aa93c10e3913a03c74b99aed465d1b2a2a
preparation_raw/chr22_500_guide_050.crisprapido_k0.stderr.txt	0	e3b0c44298fc1c149afbf4c8996fb92427ae41e4649b934ca495991b7852b855
preparation_raw/chr22_500_guide_050.crisprapido_k0.stdout.txt	0	e3b0c44298fc1c149afbf4c8996fb92427ae41e4649b934ca495991b7852b855
preparation_raw/chr22_500_guide_051.columba_k0.log	2775	876d316b345be46c1c29009c0f5d8baefbcb9cf35f323fd192de346fde297942
preparation_raw/chr22_500_guide_051.columba_k0.sam	2248	f6771b279e098c33e64185e7094c50d10a4f53ea38da8ebe375f9f4b98430520
preparation_raw/chr22_500_guide_051.columba_k0.stderr.txt	0	e3b0c44298fc1c149afbf4c8996fb92427ae41e4649b934ca495991b7852b855
preparation_raw/chr22_500_guide_051.columba_k0.stdout.txt	0	e3b0c44298fc1c149afbf4c8996fb92427ae41e4649b934ca495991b7852b855
preparation_raw/chr22_500_guide_051.crisprapido_k0.paf	1854	a77710c7d549e227cbb357d79088a9e28066d5b725c9380aa42fc2904642b1a5
preparation_raw/chr22_500_guide_051.crisprapido_k0.stderr.txt	0	e3b0c44298fc1c149afbf4c8996fb92427ae41e4649b934ca495991b7852b855
preparation_raw/chr22_500_guide_051.crisprapido_k0.stdout.txt	0	e3b0c44298fc1c149afbf4c8996fb92427ae41e4649b934ca495991b7852b855
preparation_raw/chr22_500_guide_052.columba_k0.log	2773	5a31f3802b6f077e6401560ae07783f823ca0e817365ef968da1d395e6e03e70
preparation_raw/chr22_500_guide_052.columba_k0.sam	923	f91e5e1f10276fcc62b83f2d26da36a03dcdeae9c4bb8bd28d73263caa9dadbb
preparation_raw/chr22_500_guide_052.columba_k0.stderr.txt	0	e3b0c44298fc1c149afbf4c8996fb92427ae41e4649b934ca495991b7852b855
preparation_raw/chr22_500_guide_052.columba_k0.stdout.txt	0	e3b0c44298fc1c149afbf4c8996fb92427ae41e4649b934ca495991b7852b855
preparation_raw/chr22_500_guide_052.crisprapido_k0.paf	103	951a40369bd86d0839b2d2addecaf6b337cdc3fa4cf552c0d5fd78bef17d3892
preparation_raw/chr22_500_guide_052.crisprapido_k0.stderr.txt	0	e3b0c44298fc1c149afbf4c8996fb92427ae41e4649b934ca495991b7852b855
preparation_raw/chr22_500_guide_052.crisprapido_k0.stdout.txt	0	e3b0c44298fc1c149afbf4c8996fb92427ae41e4649b934ca495991b7852b855
preparation_raw/chr22_500_guide_053.columba_k0.log	2773	cbf5d954fa29791b1d743e932c47e306a508801101fe36e76438b6b4ebfa1648
preparation_raw/chr22_500_guide_053.columba_k0.sam	923	78e827e147d41c6a6e25dbf993543dfb39c614784258578fa75a22e3b8c2d2f3
preparation_raw/chr22_500_guide_053.columba_k0.stderr.txt	0	e3b0c44298fc1c149afbf4c8996fb92427ae41e4649b934ca495991b7852b855
preparation_raw/chr22_500_guide_053.columba_k0.stdout.txt	0	e3b0c44298fc1c149afbf4c8996fb92427ae41e4649b934ca495991b7852b855
preparation_raw/chr22_500_guide_053.crisprapido_k0.paf	103	7622d4d51684d8454f0b41cc20f3723141c918019cde594e46301e79765ccd12
preparation_raw/chr22_500_guide_053.crisprapido_k0.stderr.txt	0	e3b0c44298fc1c149afbf4c8996fb92427ae41e4649b934ca495991b7852b855
preparation_raw/chr22_500_guide_053.crisprapido_k0.stdout.txt	0	e3b0c44298fc1c149afbf4c8996fb92427ae41e4649b934ca495991b7852b855
preparation_raw/chr22_500_guide_054.columba_k0.log	2773	82cd9000eaf157df557d83c698c9f00f5343b65d338cf254830b83e4695df7dd
preparation_raw/chr22_500_guide_054.columba_k0.sam	923	4d328fe742bbcfb9c4750e2575354e166b4eabdc70b88a74122430986f8a3536
preparation_raw/chr22_500_guide_054.columba_k0.stderr.txt	0	e3b0c44298fc1c149afbf4c8996fb92427ae41e4649b934ca495991b7852b855
preparation_raw/chr22_500_guide_054.columba_k0.stdout.txt	0	e3b0c44298fc1c149afbf4c8996fb92427ae41e4649b934ca495991b7852b855
preparation_raw/chr22_500_guide_054.crisprapido_k0.paf	103	08105a1cf5d022b79968633482eaa3ea3e17f900fbe591f469112bf46a5ae873
preparation_raw/chr22_500_guide_054.crisprapido_k0.stderr.txt	0	e3b0c44298fc1c149afbf4c8996fb92427ae41e4649b934ca495991b7852b855
preparation_raw/chr22_500_guide_054.crisprapido_k0.stdout.txt	0	e3b0c44298fc1c149afbf4c8996fb92427ae41e4649b934ca495991b7852b855
preparation_raw/chr22_500_guide_055.columba_k0.log	2772	2d192a645d93fb876ed6164ad5c57800d6b46211ea024aaafd4f0bc15ce2c694
preparation_raw/chr22_500_guide_055.columba_k0.sam	1000	e669bf683bee8bb954f7057ba063b280fa53634ef3d75aa65fab2b25f3a6a5b9
preparation_raw/chr22_500_guide_055.columba_k0.stderr.txt	0	e3b0c44298fc1c149afbf4c8996fb92427ae41e4649b934ca495991b7852b855
preparation_raw/chr22_500_guide_055.columba_k0.stdout.txt	0	e3b0c44298fc1c149afbf4c8996fb92427ae41e4649b934ca495991b7852b855
preparation_raw/chr22_500_guide_055.crisprapido_k0.paf	206	b21a2a16aeb77dbf11dec68435869e95fa41eae420153820bc7bcf75bcdabddb
preparation_raw/chr22_500_guide_055.crisprapido_k0.stderr.txt	0	e3b0c44298fc1c149afbf4c8996fb92427ae41e4649b934ca495991b7852b855
preparation_raw/chr22_500_guide_055.crisprapido_k0.stdout.txt	0	e3b0c44298fc1c149afbf4c8996fb92427ae41e4649b934ca495991b7852b855
preparation_raw/chr22_500_guide_056.columba_k0.log	2773	b1fce87b9f2bd294e68f5b469499a9645e42bc0a5cae129407cc55ab622c54dc
preparation_raw/chr22_500_guide_056.columba_k0.sam	1001	7f2f78987bd48ec371441c717fe9aa09a03f780ecd05752a4b454f631dd18dfd
preparation_raw/chr22_500_guide_056.columba_k0.stderr.txt	0	e3b0c44298fc1c149afbf4c8996fb92427ae41e4649b934ca495991b7852b855
preparation_raw/chr22_500_guide_056.columba_k0.stdout.txt	0	e3b0c44298fc1c149afbf4c8996fb92427ae41e4649b934ca495991b7852b855
preparation_raw/chr22_500_guide_056.crisprapido_k0.paf	208	5a165f5982486cb4621b214551a340be34da8b15febe18b1570a7784e26f0828
preparation_raw/chr22_500_guide_056.crisprapido_k0.stderr.txt	0	e3b0c44298fc1c149afbf4c8996fb92427ae41e4649b934ca495991b7852b855
preparation_raw/chr22_500_guide_056.crisprapido_k0.stdout.txt	0	e3b0c44298fc1c149afbf4c8996fb92427ae41e4649b934ca495991b7852b855
preparation_raw/chr22_500_guide_057.columba_k0.log	2773	a9664894d09f2f3d063be4e913737ad4e9508aecea5ec72d9af05fb817729ef3
preparation_raw/chr22_500_guide_057.columba_k0.sam	923	70f5755702f3f6462ea4bde740add9fd141bdfebdb6b1353eba5bcb638aecf46
preparation_raw/chr22_500_guide_057.columba_k0.stderr.txt	0	e3b0c44298fc1c149afbf4c8996fb92427ae41e4649b934ca495991b7852b855
preparation_raw/chr22_500_guide_057.columba_k0.stdout.txt	0	e3b0c44298fc1c149afbf4c8996fb92427ae41e4649b934ca495991b7852b855
preparation_raw/chr22_500_guide_057.crisprapido_k0.paf	103	75ea28648a2a653313216f9434a7a84692519cd4e1edcee69b342edd63c5477e
preparation_raw/chr22_500_guide_057.crisprapido_k0.stderr.txt	0	e3b0c44298fc1c149afbf4c8996fb92427ae41e4649b934ca495991b7852b855
preparation_raw/chr22_500_guide_057.crisprapido_k0.stdout.txt	0	e3b0c44298fc1c149afbf4c8996fb92427ae41e4649b934ca495991b7852b855
preparation_raw/chr22_500_guide_058.columba_k0.log	2773	dd03b205466c339c43f50535b802f6bfd87b470dcb4f7b762f9cb1dbbf046acf
preparation_raw/chr22_500_guide_058.columba_k0.sam	1156	52b33ae2cd4e57a779968d3ab8a7476ebdfda37a9c0e77a2ee42b27c157db817
preparation_raw/chr22_500_guide_058.columba_k0.stderr.txt	0	e3b0c44298fc1c149afbf4c8996fb92427ae41e4649b934ca495991b7852b855
preparation_raw/chr22_500_guide_058.columba_k0.stdout.txt	0	e3b0c44298fc1c149afbf4c8996fb92427ae41e4649b934ca495991b7852b855
preparation_raw/chr22_500_guide_058.crisprapido_k0.paf	412	f693a92e20748272242c1d8d3a1b90c09e045d71ee219e8daf561a07fcf1b3bf
preparation_raw/chr22_500_guide_058.crisprapido_k0.stderr.txt	0	e3b0c44298fc1c149afbf4c8996fb92427ae41e4649b934ca495991b7852b855
preparation_raw/chr22_500_guide_058.crisprapido_k0.stdout.txt	0	e3b0c44298fc1c149afbf4c8996fb92427ae41e4649b934ca495991b7852b855
preparation_raw/chr22_500_guide_059.columba_k0.log	2773	cb57e5e7a517fddc394d29a9939b776ee1ad7500d1da72170a141475dcc27437
preparation_raw/chr22_500_guide_059.columba_k0.sam	923	a735158cb324b20923aa442e23ff1eda07ac4131a644511db936ddf636512164
preparation_raw/chr22_500_guide_059.columba_k0.stderr.txt	0	e3b0c44298fc1c149afbf4c8996fb92427ae41e4649b934ca495991b7852b855
preparation_raw/chr22_500_guide_059.columba_k0.stdout.txt	0	e3b0c44298fc1c149afbf4c8996fb92427ae41e4649b934ca495991b7852b855
preparation_raw/chr22_500_guide_059.crisprapido_k0.paf	103	fec329255f08d5d9c26bd5883c5bc3dad38decf71573b7337cff50d332368dd8
preparation_raw/chr22_500_guide_059.crisprapido_k0.stderr.txt	0	e3b0c44298fc1c149afbf4c8996fb92427ae41e4649b934ca495991b7852b855
preparation_raw/chr22_500_guide_059.crisprapido_k0.stdout.txt	0	e3b0c44298fc1c149afbf4c8996fb92427ae41e4649b934ca495991b7852b855
preparation_raw/chr22_500_guide_060.columba_k0.log	2775	9eeaddb1573a050738375ec47f5506e219fadcf67cc8fba2f4a359444eea7045
preparation_raw/chr22_500_guide_060.columba_k0.sam	8142	acbbfc6b6fc532df4812c019a65c29996a0f549bed4b59c53320e77a52b29820
preparation_raw/chr22_500_guide_060.columba_k0.stderr.txt	0	e3b0c44298fc1c149afbf4c8996fb92427ae41e4649b934ca495991b7852b855
preparation_raw/chr22_500_guide_060.columba_k0.stdout.txt	0	e3b0c44298fc1c149afbf4c8996fb92427ae41e4649b934ca495991b7852b855
preparation_raw/chr22_500_guide_060.crisprapido_k0.paf	8762	4b27bc579a9a230f681ba80c7c5776a54c515cea7c37010d196cce7a013a0d3c
preparation_raw/chr22_500_guide_060.crisprapido_k0.stderr.txt	3195	676ad5ce40acbd1aff4a6c3abba0f46fbcd7f5900c38de85b090d1d3e13076c3
preparation_raw/chr22_500_guide_060.crisprapido_k0.stdout.txt	0	e3b0c44298fc1c149afbf4c8996fb92427ae41e4649b934ca495991b7852b855
preparation_raw/chr22_500_guide_061.columba_k0.log	2772	78c54c180be7612781a0dcc46b2cb3ae1166184c28fd96eb24ece5df76242e2d
preparation_raw/chr22_500_guide_061.columba_k0.sam	923	777bf8c4d0e70a1cd827370b482183b09432df5d6f5a6e0999f2a539f02cf5cf
preparation_raw/chr22_500_guide_061.columba_k0.stderr.txt	0	e3b0c44298fc1c149afbf4c8996fb92427ae41e4649b934ca495991b7852b855
preparation_raw/chr22_500_guide_061.columba_k0.stdout.txt	0	e3b0c44298fc1c149afbf4c8996fb92427ae41e4649b934ca495991b7852b855
preparation_raw/chr22_500_guide_061.crisprapido_k0.paf	103	2636e58750e4bcb785a63e830eb273049b74c20d5997acdb734bafbab47f8248
preparation_raw/chr22_500_guide_061.crisprapido_k0.stderr.txt	0	e3b0c44298fc1c149afbf4c8996fb92427ae41e4649b934ca495991b7852b855
preparation_raw/chr22_500_guide_061.crisprapido_k0.stdout.txt	0	e3b0c44298fc1c149afbf4c8996fb92427ae41e4649b934ca495991b7852b855
preparation_raw/chr22_500_guide_062.columba_k0.log	2773	a384f0e781055966333412a00aea5af6c2bc6bca64b1d745d142c4d03b73ae4a
preparation_raw/chr22_500_guide_062.columba_k0.sam	923	3f9a32feb6d3883d8a61f2eeff0cae1a2ae9ee326b6825f9314ab7764e4f7529
preparation_raw/chr22_500_guide_062.columba_k0.stderr.txt	0	e3b0c44298fc1c149afbf4c8996fb92427ae41e4649b934ca495991b7852b855
preparation_raw/chr22_500_guide_062.columba_k0.stdout.txt	0	e3b0c44298fc1c149afbf4c8996fb92427ae41e4649b934ca495991b7852b855
preparation_raw/chr22_500_guide_062.crisprapido_k0.paf	103	6326b7c857afa096b6327c79b7e53d81695f794da0e844e646896ba73816ffd5
preparation_raw/chr22_500_guide_062.crisprapido_k0.stderr.txt	0	e3b0c44298fc1c149afbf4c8996fb92427ae41e4649b934ca495991b7852b855
preparation_raw/chr22_500_guide_062.crisprapido_k0.stdout.txt	0	e3b0c44298fc1c149afbf4c8996fb92427ae41e4649b934ca495991b7852b855
preparation_raw/chr22_500_guide_063.columba_k0.log	2773	df2fe1cf1a84e862bd0e50f6abe7f2e9e3ac42df629c89d9e8129f93ae5821df
preparation_raw/chr22_500_guide_063.columba_k0.sam	923	a25d1da9ab64e8c12811854f2d4506fa568cc64c632e56a6bfe154c7a5626199
preparation_raw/chr22_500_guide_063.columba_k0.stderr.txt	0	e3b0c44298fc1c149afbf4c8996fb92427ae41e4649b934ca495991b7852b855
preparation_raw/chr22_500_guide_063.columba_k0.stdout.txt	0	e3b0c44298fc1c149afbf4c8996fb92427ae41e4649b934ca495991b7852b855
preparation_raw/chr22_500_guide_063.crisprapido_k0.paf	103	d0e1f61006a51712a6e3a7a08a2d9ed9a2e486bf46c47b49e89668b53f2efe69
preparation_raw/chr22_500_guide_063.crisprapido_k0.stderr.txt	0	e3b0c44298fc1c149afbf4c8996fb92427ae41e4649b934ca495991b7852b855
preparation_raw/chr22_500_guide_063.crisprapido_k0.stdout.txt	0	e3b0c44298fc1c149afbf4c8996fb92427ae41e4649b934ca495991b7852b855
preparation_raw/chr22_500_guide_064.columba_k0.log	2773	95ed498185ee8a81baffb6a4e604aa91528d737294a540e863035bed1fffb7b9
preparation_raw/chr22_500_guide_064.columba_k0.sam	1001	72c0f4b1200efb67c6b82520b9f86752c6032126cb82bb85f7fc63457711467d
preparation_raw/chr22_500_guide_064.columba_k0.stderr.txt	0	e3b0c44298fc1c149afbf4c8996fb92427ae41e4649b934ca495991b7852b855
preparation_raw/chr22_500_guide_064.columba_k0.stdout.txt	0	e3b0c44298fc1c149afbf4c8996fb92427ae41e4649b934ca495991b7852b855
preparation_raw/chr22_500_guide_064.crisprapido_k0.paf	196	0e73856eed7027b9e8bcfc5c19e3fc11888a7de202e8c4e3667a3c8b1d1bc0eb
preparation_raw/chr22_500_guide_064.crisprapido_k0.stderr.txt	45	ecd997460eff8b19bac120208f47edd7be53e3371027aaa35d95fa07a5e79089
preparation_raw/chr22_500_guide_064.crisprapido_k0.stdout.txt	0	e3b0c44298fc1c149afbf4c8996fb92427ae41e4649b934ca495991b7852b855
preparation_raw/chr22_500_guide_065.columba_k0.log	2773	999e47c6593be27a5253b3e6ab7aa8592e7246086a8e274c2d8040cb6805c2a9
preparation_raw/chr22_500_guide_065.columba_k0.sam	923	e8d694aaa6d92fac881458f6ecbc1244762817b41b772478ef2aa91ef2766581
preparation_raw/chr22_500_guide_065.columba_k0.stderr.txt	0	e3b0c44298fc1c149afbf4c8996fb92427ae41e4649b934ca495991b7852b855
preparation_raw/chr22_500_guide_065.columba_k0.stdout.txt	0	e3b0c44298fc1c149afbf4c8996fb92427ae41e4649b934ca495991b7852b855
preparation_raw/chr22_500_guide_065.crisprapido_k0.paf	103	c111cd0bca51d032b97ac4b793c9bd060c5756f007fffa13fed504799e72ded7
preparation_raw/chr22_500_guide_065.crisprapido_k0.stderr.txt	0	e3b0c44298fc1c149afbf4c8996fb92427ae41e4649b934ca495991b7852b855
preparation_raw/chr22_500_guide_065.crisprapido_k0.stdout.txt	0	e3b0c44298fc1c149afbf4c8996fb92427ae41e4649b934ca495991b7852b855
preparation_raw/chr22_500_guide_066.columba_k0.log	2773	e63ceda267f52a439ca19159a37fa7d4b007a62ae6de98f8d0a062964e4a1544
preparation_raw/chr22_500_guide_066.columba_k0.sam	923	e63b2a35859906aad07161a78637c81c9e0aa0f1d010c76d46e839bbd8a09ef4
preparation_raw/chr22_500_guide_066.columba_k0.stderr.txt	0	e3b0c44298fc1c149afbf4c8996fb92427ae41e4649b934ca495991b7852b855
preparation_raw/chr22_500_guide_066.columba_k0.stdout.txt	0	e3b0c44298fc1c149afbf4c8996fb92427ae41e4649b934ca495991b7852b855
preparation_raw/chr22_500_guide_066.crisprapido_k0.paf	103	ab7135a79310941abc028089e7706255079f1d3db5459fd46b95054fbfde6edb
preparation_raw/chr22_500_guide_066.crisprapido_k0.stderr.txt	0	e3b0c44298fc1c149afbf4c8996fb92427ae41e4649b934ca495991b7852b855
preparation_raw/chr22_500_guide_066.crisprapido_k0.stdout.txt	0	e3b0c44298fc1c149afbf4c8996fb92427ae41e4649b934ca495991b7852b855
preparation_raw/chr22_500_guide_067.columba_k0.log	2777	fbc8cb359110e6195e6c16730cdee1786caeb2d1c8658845d58b433f46ea2aba
preparation_raw/chr22_500_guide_067.columba_k0.sam	19523	7eaad2f2eb6cde78b07a2f59258d224fe1d952c3df7031fb5e3757b74ffba9f9
preparation_raw/chr22_500_guide_067.columba_k0.stderr.txt	0	e3b0c44298fc1c149afbf4c8996fb92427ae41e4649b934ca495991b7852b855
preparation_raw/chr22_500_guide_067.columba_k0.stdout.txt	0	e3b0c44298fc1c149afbf4c8996fb92427ae41e4649b934ca495991b7852b855
preparation_raw/chr22_500_guide_067.crisprapido_k0.paf	23467	676ce5767cfe4a4f12c8917de15ad1596c758f8ec61eb201e8a2d78e7a33c932
preparation_raw/chr22_500_guide_067.crisprapido_k0.stderr.txt	4590	8be460d90612c744afb623cdcf02c1f4ec6db11916a566bc6832ccf126fe60f1
preparation_raw/chr22_500_guide_067.crisprapido_k0.stdout.txt	0	e3b0c44298fc1c149afbf4c8996fb92427ae41e4649b934ca495991b7852b855
preparation_raw/chr22_500_guide_068.columba_k0.log	2773	6ec00959437b7d1451a481583a38e318927652962fef1a47eef3a58273e53549
preparation_raw/chr22_500_guide_068.columba_k0.sam	1079	ebfd045e9e42730cdfba3f4c12b1f9fce60d83ba716b4ba8e9c00522c26a51b2
preparation_raw/chr22_500_guide_068.columba_k0.stderr.txt	0	e3b0c44298fc1c149afbf4c8996fb92427ae41e4649b934ca495991b7852b855
preparation_raw/chr22_500_guide_068.columba_k0.stdout.txt	0	e3b0c44298fc1c149afbf4c8996fb92427ae41e4649b934ca495991b7852b855
preparation_raw/chr22_500_guide_068.crisprapido_k0.paf	299	579021f5fbacd6e11c4c97f197ac0972c91d141c68ca75450730fb652aa04206
preparation_raw/chr22_500_guide_068.crisprapido_k0.stderr.txt	45	ecd997460eff8b19bac120208f47edd7be53e3371027aaa35d95fa07a5e79089
preparation_raw/chr22_500_guide_068.crisprapido_k0.stdout.txt	0	e3b0c44298fc1c149afbf4c8996fb92427ae41e4649b934ca495991b7852b855
preparation_raw/chr22_500_guide_069.columba_k0.log	2773	c596aadb48a22a400fbe0d3db99f38c36b677d6914d4f43ac8fe233ede36aac8
preparation_raw/chr22_500_guide_069.columba_k0.sam	923	6ab6773068881436850bc0587d7e1b42d28236f4256c4268709b4a0e27cfe2b0
preparation_raw/chr22_500_guide_069.columba_k0.stderr.txt	0	e3b0c44298fc1c149afbf4c8996fb92427ae41e4649b934ca495991b7852b855
preparation_raw/chr22_500_guide_069.columba_k0.stdout.txt	0	e3b0c44298fc1c149afbf4c8996fb92427ae41e4649b934ca495991b7852b855
preparation_raw/chr22_500_guide_069.crisprapido_k0.paf	103	10798f7b18b6dd224fe51359cb5fbfe45011ce2323ed7d0f27f0e92ecda0388b
preparation_raw/chr22_500_guide_069.crisprapido_k0.stderr.txt	0	e3b0c44298fc1c149afbf4c8996fb92427ae41e4649b934ca495991b7852b855
preparation_raw/chr22_500_guide_069.crisprapido_k0.stdout.txt	0	e3b0c44298fc1c149afbf4c8996fb92427ae41e4649b934ca495991b7852b855
preparation_raw/chr22_500_guide_070.columba_k0.log	2775	bed2552f33d982ceb45a592dbbe20e506123169f46b44def858b37067a3a578d
preparation_raw/chr22_500_guide_070.columba_k0.sam	7245	ab1a569bbd619756ca23ef4ccd786902448fea53be42df53d838ab59df968119
preparation_raw/chr22_500_guide_070.columba_k0.stderr.txt	0	e3b0c44298fc1c149afbf4c8996fb92427ae41e4649b934ca495991b7852b855
preparation_raw/chr22_500_guide_070.columba_k0.stdout.txt	0	e3b0c44298fc1c149afbf4c8996fb92427ae41e4649b934ca495991b7852b855
preparation_raw/chr22_500_guide_070.crisprapido_k0.paf	8324	f5bbbbd586db6dfff6b02b6aeb636fafaa7b087931a294671e1d95c812f796ea
preparation_raw/chr22_500_guide_070.crisprapido_k0.stderr.txt	495	b12f690a27062affc5d4f5ff226b602245af4d9e01a920b634fc1f4c8ac93d7a
preparation_raw/chr22_500_guide_070.crisprapido_k0.stdout.txt	0	e3b0c44298fc1c149afbf4c8996fb92427ae41e4649b934ca495991b7852b855
preparation_raw/chr22_500_guide_071.columba_k0.log	2773	9b1a4afacff543b41045923c2f494406be0b7e2f829de5959ea0f9e147d9ef14
preparation_raw/chr22_500_guide_071.columba_k0.sam	1000	f4050389257c0edae426d9dfd771fcde5afda1ee4beafa24250ca69cb0dcf1cb
preparation_raw/chr22_500_guide_071.columba_k0.stderr.txt	0	e3b0c44298fc1c149afbf4c8996fb92427ae41e4649b934ca495991b7852b855
preparation_raw/chr22_500_guide_071.columba_k0.stdout.txt	0	e3b0c44298fc1c149afbf4c8996fb92427ae41e4649b934ca495991b7852b855
preparation_raw/chr22_500_guide_071.crisprapido_k0.paf	206	2cb341b06fe3e22c9c736648d6bc9983f22649f6a8168e6f85947ac0d88e7430
preparation_raw/chr22_500_guide_071.crisprapido_k0.stderr.txt	0	e3b0c44298fc1c149afbf4c8996fb92427ae41e4649b934ca495991b7852b855
preparation_raw/chr22_500_guide_071.crisprapido_k0.stdout.txt	0	e3b0c44298fc1c149afbf4c8996fb92427ae41e4649b934ca495991b7852b855
preparation_raw/chr22_500_guide_072.columba_k0.log	2773	5e199c39ae8f81d90cda97ca04891f802e6fcd0f3231c6d7aa530bc50bbac4da
preparation_raw/chr22_500_guide_072.columba_k0.sam	1001	88712eea92bcdfd763f7e8ba0a350427067b8e03d32874e5d048cfb9e2089de0
preparation_raw/chr22_500_guide_072.columba_k0.stderr.txt	0	e3b0c44298fc1c149afbf4c8996fb92427ae41e4649b934ca495991b7852b855
preparation_raw/chr22_500_guide_072.columba_k0.stdout.txt	0	e3b0c44298fc1c149afbf4c8996fb92427ae41e4649b934ca495991b7852b855
preparation_raw/chr22_500_guide_072.crisprapido_k0.paf	208	18923c5dfcbfbc5da796281d5f324f8f1f43a711402585c42c4e507f5d0945bd
preparation_raw/chr22_500_guide_072.crisprapido_k0.stderr.txt	0	e3b0c44298fc1c149afbf4c8996fb92427ae41e4649b934ca495991b7852b855
preparation_raw/chr22_500_guide_072.crisprapido_k0.stdout.txt	0	e3b0c44298fc1c149afbf4c8996fb92427ae41e4649b934ca495991b7852b855
preparation_raw/chr22_500_guide_073.columba_k0.log	2773	2b04baa761fc563a9fede1c6c1f201f6d6d101b0fdc8ee80d68799cfd1d5a2d1
preparation_raw/chr22_500_guide_073.columba_k0.sam	1000	83eddd332668d71f38e86785167d8204c0458a46404613ba9339171161395d1a
preparation_raw/chr22_500_guide_073.columba_k0.stderr.txt	0	e3b0c44298fc1c149afbf4c8996fb92427ae41e4649b934ca495991b7852b855
preparation_raw/chr22_500_guide_073.columba_k0.stdout.txt	0	e3b0c44298fc1c149afbf4c8996fb92427ae41e4649b934ca495991b7852b855
preparation_raw/chr22_500_guide_073.crisprapido_k0.paf	194	8c07a71288438aaf2fce029a68c7ae143b69414831c353c577b54ee0ea94cf4b
preparation_raw/chr22_500_guide_073.crisprapido_k0.stderr.txt	45	ecd997460eff8b19bac120208f47edd7be53e3371027aaa35d95fa07a5e79089
preparation_raw/chr22_500_guide_073.crisprapido_k0.stdout.txt	0	e3b0c44298fc1c149afbf4c8996fb92427ae41e4649b934ca495991b7852b855
preparation_raw/chr22_500_guide_074.columba_k0.log	2773	a84c415003ee3602772e0b38ae6eeac6e3eebd9e546f72eaa7e5fa7cb482b3e3
preparation_raw/chr22_500_guide_074.columba_k0.sam	1157	a419c49b9e92f06db85340776fd14cd1314225d84f6eabe8777d8c1eeff6b115
preparation_raw/chr22_500_guide_074.columba_k0.stderr.txt	0	e3b0c44298fc1c149afbf4c8996fb92427ae41e4649b934ca495991b7852b855
preparation_raw/chr22_500_guide_074.columba_k0.stdout.txt	0	e3b0c44298fc1c149afbf4c8996fb92427ae41e4649b934ca495991b7852b855
preparation_raw/chr22_500_guide_074.crisprapido_k0.paf	402	4ab0d5e3e3c0e95f69ed15fc04615a0f90a6a794c1e08e3953ddd0965ac3e17d
preparation_raw/chr22_500_guide_074.crisprapido_k0.stderr.txt	45	ecd997460eff8b19bac120208f47edd7be53e3371027aaa35d95fa07a5e79089
preparation_raw/chr22_500_guide_074.crisprapido_k0.stdout.txt	0	e3b0c44298fc1c149afbf4c8996fb92427ae41e4649b934ca495991b7852b855
preparation_raw/chr22_500_guide_075.columba_k0.log	2773	7899db11bb4c0006a3de4a65ae1bb24cf088962ff26c4cec93137f44cdfedd47
preparation_raw/chr22_500_guide_075.columba_k0.sam	923	edcea92f8cc3a565f49857f07fe64ec47fd0b6533979b59c2ca58a3f90ca8880
preparation_raw/chr22_500_guide_075.columba_k0.stderr.txt	0	e3b0c44298fc1c149afbf4c8996fb92427ae41e4649b934ca495991b7852b855
preparation_raw/chr22_500_guide_075.columba_k0.stdout.txt	0	e3b0c44298fc1c149afbf4c8996fb92427ae41e4649b934ca495991b7852b855
preparation_raw/chr22_500_guide_075.crisprapido_k0.paf	103	5f1787da1d7bf0626939c26621201f9de70b2ac17f865e493ff03038a3e9315f
preparation_raw/chr22_500_guide_075.crisprapido_k0.stderr.txt	0	e3b0c44298fc1c149afbf4c8996fb92427ae41e4649b934ca495991b7852b855
preparation_raw/chr22_500_guide_075.crisprapido_k0.stdout.txt	0	e3b0c44298fc1c149afbf4c8996fb92427ae41e4649b934ca495991b7852b855
preparation_raw/chr22_500_guide_076.columba_k0.log	2773	fd1ddf500ce34fcee2ed330222482fc03af9f44ce353f89cc473d6f7f5b583f6
preparation_raw/chr22_500_guide_076.columba_k0.sam	1312	77c8e717ab4511cb9428b2868ea872de8ee64ebb236f371cac347de618748a0e
preparation_raw/chr22_500_guide_076.columba_k0.stderr.txt	0	e3b0c44298fc1c149afbf4c8996fb92427ae41e4649b934ca495991b7852b855
preparation_raw/chr22_500_guide_076.columba_k0.stdout.txt	0	e3b0c44298fc1c149afbf4c8996fb92427ae41e4649b934ca495991b7852b855
preparation_raw/chr22_500_guide_076.crisprapido_k0.paf	570	29fa0b4567307b81d2d342488f53e356a1ad482e69dc3312c6a875736adf01b1
preparation_raw/chr22_500_guide_076.crisprapido_k0.stderr.txt	180	cf01392a7226f77d2c114e5e841a95364eb1bdc07486dda024e8d5ce1a9db28b
preparation_raw/chr22_500_guide_076.crisprapido_k0.stdout.txt	0	e3b0c44298fc1c149afbf4c8996fb92427ae41e4649b934ca495991b7852b855
preparation_raw/chr22_500_guide_077.columba_k0.log	2773	053e932b32e05e7530a87c92885d93e809e8fd1b503174a77b578964bbbdbc1f
preparation_raw/chr22_500_guide_077.columba_k0.sam	1313	2a5377933e93238a035c14ae60fa5a368acac75aa43fb169888bcf0e0fb612c0
preparation_raw/chr22_500_guide_077.columba_k0.stderr.txt	0	e3b0c44298fc1c149afbf4c8996fb92427ae41e4649b934ca495991b7852b855
preparation_raw/chr22_500_guide_077.columba_k0.stdout.txt	0	e3b0c44298fc1c149afbf4c8996fb92427ae41e4649b934ca495991b7852b855
preparation_raw/chr22_500_guide_077.crisprapido_k0.paf	608	7fd0185558ac55272490218fef741e010eb22818abdf5808e4dca6e088cd80fd
preparation_raw/chr22_500_guide_077.crisprapido_k0.stderr.txt	45	ecd997460eff8b19bac120208f47edd7be53e3371027aaa35d95fa07a5e79089
preparation_raw/chr22_500_guide_077.crisprapido_k0.stdout.txt	0	e3b0c44298fc1c149afbf4c8996fb92427ae41e4649b934ca495991b7852b855
preparation_raw/chr22_500_guide_078.columba_k0.log	2773	6629e3711e6aee4d5d26a5a647d0fe900db55da4f22c682dabbb371d91f5ba31
preparation_raw/chr22_500_guide_078.columba_k0.sam	923	1c3b667e5338fec8d2d8186e385346d65e69514859c7c1f5bf0283379f2a0c72
preparation_raw/chr22_500_guide_078.columba_k0.stderr.txt	0	e3b0c44298fc1c149afbf4c8996fb92427ae41e4649b934ca495991b7852b855
preparation_raw/chr22_500_guide_078.columba_k0.stdout.txt	0	e3b0c44298fc1c149afbf4c8996fb92427ae41e4649b934ca495991b7852b855
preparation_raw/chr22_500_guide_078.crisprapido_k0.paf	103	664ca84d364b11b722ac1aa282d988cb26faa580c3801fc71e980d0a2785483d
preparation_raw/chr22_500_guide_078.crisprapido_k0.stderr.txt	0	e3b0c44298fc1c149afbf4c8996fb92427ae41e4649b934ca495991b7852b855
preparation_raw/chr22_500_guide_078.crisprapido_k0.stdout.txt	0	e3b0c44298fc1c149afbf4c8996fb92427ae41e4649b934ca495991b7852b855
preparation_raw/chr22_500_guide_079.columba_k0.log	2773	5b13db8599e1f12c2aef2ca975157da67c754b30c0a2e143e2e59a5ed8d47b83
preparation_raw/chr22_500_guide_079.columba_k0.sam	923	0f661e2f6653f392c20c06efee1a0e2fa0eafd8f23d941016d368982787fb2e9
preparation_raw/chr22_500_guide_079.columba_k0.stderr.txt	0	e3b0c44298fc1c149afbf4c8996fb92427ae41e4649b934ca495991b7852b855
preparation_raw/chr22_500_guide_079.columba_k0.stdout.txt	0	e3b0c44298fc1c149afbf4c8996fb92427ae41e4649b934ca495991b7852b855
preparation_raw/chr22_500_guide_079.crisprapido_k0.paf	103	60c576f7279f0431f628428e260318198f63b21a255b92c2846c5a1e50930e93
preparation_raw/chr22_500_guide_079.crisprapido_k0.stderr.txt	0	e3b0c44298fc1c149afbf4c8996fb92427ae41e4649b934ca495991b7852b855
preparation_raw/chr22_500_guide_079.crisprapido_k0.stdout.txt	0	e3b0c44298fc1c149afbf4c8996fb92427ae41e4649b934ca495991b7852b855
preparation_raw/chr22_500_guide_080.columba_k0.log	2772	11b8641288e2230db22226ae1874c002333b39f8d4a9b39f5bc78f6c77f7c8f1
preparation_raw/chr22_500_guide_080.columba_k0.sam	923	e6490be191b7eba9d95b6ae0333e4cfdf12383f5d0d2a3c9c6baa95a7432ab11
preparation_raw/chr22_500_guide_080.columba_k0.stderr.txt	0	e3b0c44298fc1c149afbf4c8996fb92427ae41e4649b934ca495991b7852b855
preparation_raw/chr22_500_guide_080.columba_k0.stdout.txt	0	e3b0c44298fc1c149afbf4c8996fb92427ae41e4649b934ca495991b7852b855
preparation_raw/chr22_500_guide_080.crisprapido_k0.paf	103	a16a21db2b49ee59d414351e5cfc085e7f1c9e271758fd01d69580f32ad1a0c2
preparation_raw/chr22_500_guide_080.crisprapido_k0.stderr.txt	0	e3b0c44298fc1c149afbf4c8996fb92427ae41e4649b934ca495991b7852b855
preparation_raw/chr22_500_guide_080.crisprapido_k0.stdout.txt	0	e3b0c44298fc1c149afbf4c8996fb92427ae41e4649b934ca495991b7852b855
preparation_raw/chr22_500_guide_081.columba_k0.log	2773	181b208dd18e128d14941fb7e7bbd032b8bc5cbbbff69258d3cfd61123d2dbb3
preparation_raw/chr22_500_guide_081.columba_k0.sam	923	39ab0ba4b7b35ce29e7c5b6ad5d168c7d8bdc5e4ee1250cf51fcfeb2819362b4
preparation_raw/chr22_500_guide_081.columba_k0.stderr.txt	0	e3b0c44298fc1c149afbf4c8996fb92427ae41e4649b934ca495991b7852b855
preparation_raw/chr22_500_guide_081.columba_k0.stdout.txt	0	e3b0c44298fc1c149afbf4c8996fb92427ae41e4649b934ca495991b7852b855
preparation_raw/chr22_500_guide_081.crisprapido_k0.paf	103	87c90ab44d2432526cac1bcee02421cabf106882291b8473d5af856bbf6654a7
preparation_raw/chr22_500_guide_081.crisprapido_k0.stderr.txt	0	e3b0c44298fc1c149afbf4c8996fb92427ae41e4649b934ca495991b7852b855
preparation_raw/chr22_500_guide_081.crisprapido_k0.stdout.txt	0	e3b0c44298fc1c149afbf4c8996fb92427ae41e4649b934ca495991b7852b855
preparation_raw/chr22_500_guide_082.columba_k0.log	2774	a52b3a6690a7fbf6012dd18089dd3d205ff2404c0fc5cab944cd8c0d2ff03ced
preparation_raw/chr22_500_guide_082.columba_k0.sam	923	bd561794d7928553b02de2e070211d6f041dffcc93643d2fdd25b8aba8fcb706
preparation_raw/chr22_500_guide_082.columba_k0.stderr.txt	0	e3b0c44298fc1c149afbf4c8996fb92427ae41e4649b934ca495991b7852b855
preparation_raw/chr22_500_guide_082.columba_k0.stdout.txt	0	e3b0c44298fc1c149afbf4c8996fb92427ae41e4649b934ca495991b7852b855
preparation_raw/chr22_500_guide_082.crisprapido_k0.paf	103	751595d6d80da4f276ecff27ce964c3467d7608965f2f2998166c71e03d0f66c
preparation_raw/chr22_500_guide_082.crisprapido_k0.stderr.txt	0	e3b0c44298fc1c149afbf4c8996fb92427ae41e4649b934ca495991b7852b855
preparation_raw/chr22_500_guide_082.crisprapido_k0.stdout.txt	0	e3b0c44298fc1c149afbf4c8996fb92427ae41e4649b934ca495991b7852b855
preparation_raw/chr22_500_guide_083.columba_k0.log	2776	2da8f018b6e1a0641b869f0a3b4af845c42943eca5ce62c92992059c874ffdc7
preparation_raw/chr22_500_guide_083.columba_k0.sam	3685	3c9be9375a06b149b1eaf4f72c86406ceb5578acd875b6151d7636e5a2cc9867
preparation_raw/chr22_500_guide_083.columba_k0.stderr.txt	0	e3b0c44298fc1c149afbf4c8996fb92427ae41e4649b934ca495991b7852b855
preparation_raw/chr22_500_guide_083.columba_k0.stdout.txt	0	e3b0c44298fc1c149afbf4c8996fb92427ae41e4649b934ca495991b7852b855
preparation_raw/chr22_500_guide_083.crisprapido_k0.paf	3558	be2ec37374a14b7d678d3e6a1279cb4798487a5b5baef7089989a069966dbba1
preparation_raw/chr22_500_guide_083.crisprapido_k0.stderr.txt	810	c8082c41ede00441ef9f77bfc21ed85de6720a00fa3695f974e35c49fb80d3a1
preparation_raw/chr22_500_guide_083.crisprapido_k0.stdout.txt	0	e3b0c44298fc1c149afbf4c8996fb92427ae41e4649b934ca495991b7852b855
preparation_raw/chr22_500_guide_084.columba_k0.log	2773	a8b7b45d5acf57de7d143bd5b7fcc1a38b78cb7b3296a19399b9ee2599267c42
preparation_raw/chr22_500_guide_084.columba_k0.sam	1158	c9457767fd6c3edb82ca27d5aed35ad4567fe20cddbce6d1c99bc6ac5f7fddcb
preparation_raw/chr22_500_guide_084.columba_k0.stderr.txt	0	e3b0c44298fc1c149afbf4c8996fb92427ae41e4649b934ca495991b7852b855
preparation_raw/chr22_500_guide_084.columba_k0.stdout.txt	0	e3b0c44298fc1c149afbf4c8996fb92427ae41e4649b934ca495991b7852b855
preparation_raw/chr22_500_guide_084.crisprapido_k0.paf	404	23b4972c804dbb4f47486203ba33f61e1d4f6b5b048d4cd7810f72781470403c
preparation_raw/chr22_500_guide_084.crisprapido_k0.stderr.txt	45	ecd997460eff8b19bac120208f47edd7be53e3371027aaa35d95fa07a5e79089
preparation_raw/chr22_500_guide_084.crisprapido_k0.stdout.txt	0	e3b0c44298fc1c149afbf4c8996fb92427ae41e4649b934ca495991b7852b855
preparation_raw/chr22_500_guide_085.columba_k0.log	2772	b6fec6346e29e33d3e0726cd41068ffdaedd2554ecedcbe5c20ab434d1721898
preparation_raw/chr22_500_guide_085.columba_k0.sam	923	610d196e623bbd01837123746dfdd48b045676073b5eea7f4942ba45e877c990
preparation_raw/chr22_500_guide_085.columba_k0.stderr.txt	0	e3b0c44298fc1c149afbf4c8996fb92427ae41e4649b934ca495991b7852b855
preparation_raw/chr22_500_guide_085.columba_k0.stdout.txt	0	e3b0c44298fc1c149afbf4c8996fb92427ae41e4649b934ca495991b7852b855
preparation_raw/chr22_500_guide_085.crisprapido_k0.paf	103	a50b7bd87092a6e4a876b6a1b30167fc798e551762ded744e8cec689a47f6f55
preparation_raw/chr22_500_guide_085.crisprapido_k0.stderr.txt	0	e3b0c44298fc1c149afbf4c8996fb92427ae41e4649b934ca495991b7852b855
preparation_raw/chr22_500_guide_085.crisprapido_k0.stdout.txt	0	e3b0c44298fc1c149afbf4c8996fb92427ae41e4649b934ca495991b7852b855
preparation_raw/chr22_500_guide_086.columba_k0.log	2773	38a2bd208c87bd6f19b38f4a0d4471b904461c90a75f3975da2d142620ab7f6d
preparation_raw/chr22_500_guide_086.columba_k0.sam	1468	aa2db7fa43a0693488dda1d0340cedf6b1e7d403df7f96fc60e773f0238c0bbd
preparation_raw/chr22_500_guide_086.columba_k0.stderr.txt	0	e3b0c44298fc1c149afbf4c8996fb92427ae41e4649b934ca495991b7852b855
preparation_raw/chr22_500_guide_086.columba_k0.stdout.txt	0	e3b0c44298fc1c149afbf4c8996fb92427ae41e4649b934ca495991b7852b855
preparation_raw/chr22_500_guide_086.crisprapido_k0.paf	824	caf56a8d80186a132b4bbfd8a735de6b36912b11490c792bf72261e8e5cde4c3
preparation_raw/chr22_500_guide_086.crisprapido_k0.stderr.txt	0	e3b0c44298fc1c149afbf4c8996fb92427ae41e4649b934ca495991b7852b855
preparation_raw/chr22_500_guide_086.crisprapido_k0.stdout.txt	0	e3b0c44298fc1c149afbf4c8996fb92427ae41e4649b934ca495991b7852b855
preparation_raw/chr22_500_guide_087.columba_k0.log	2773	6fa4a2f78b4f057016184c22d2beada8ad3eaff74fcfef9263c51203a9e0b36a
preparation_raw/chr22_500_guide_087.columba_k0.sam	1001	05b1cce53bf5065e89c46bf9de9658503b27d19d6411888e8d32edca0e411498
preparation_raw/chr22_500_guide_087.columba_k0.stderr.txt	0	e3b0c44298fc1c149afbf4c8996fb92427ae41e4649b934ca495991b7852b855
preparation_raw/chr22_500_guide_087.columba_k0.stdout.txt	0	e3b0c44298fc1c149afbf4c8996fb92427ae41e4649b934ca495991b7852b855
preparation_raw/chr22_500_guide_087.crisprapido_k0.paf	208	f25a4d850004ee4c2741be2af70583a16f5f628dcdefe40556a4f787f77266ee
preparation_raw/chr22_500_guide_087.crisprapido_k0.stderr.txt	0	e3b0c44298fc1c149afbf4c8996fb92427ae41e4649b934ca495991b7852b855
preparation_raw/chr22_500_guide_087.crisprapido_k0.stdout.txt	0	e3b0c44298fc1c149afbf4c8996fb92427ae41e4649b934ca495991b7852b855
preparation_raw/chr22_500_guide_088.columba_k0.log	2773	a4807ccbfa70762e3d025cd30dadb8a6b2a131bd3d35b62b0f3eb014f9cde810
preparation_raw/chr22_500_guide_088.columba_k0.sam	1001	7ca2c6078fdf4daf60a1f5257e4bf6de4a2fdae6d362359543a0a7cdbe44dad2
preparation_raw/chr22_500_guide_088.columba_k0.stderr.txt	0	e3b0c44298fc1c149afbf4c8996fb92427ae41e4649b934ca495991b7852b855
preparation_raw/chr22_500_guide_088.columba_k0.stdout.txt	0	e3b0c44298fc1c149afbf4c8996fb92427ae41e4649b934ca495991b7852b855
preparation_raw/chr22_500_guide_088.crisprapido_k0.paf	208	5c632dfc921b715b635c61d386497b7131eb4348bb520ea4a5cd13ab53ef1e7a
preparation_raw/chr22_500_guide_088.crisprapido_k0.stderr.txt	0	e3b0c44298fc1c149afbf4c8996fb92427ae41e4649b934ca495991b7852b855
preparation_raw/chr22_500_guide_088.crisprapido_k0.stdout.txt	0	e3b0c44298fc1c149afbf4c8996fb92427ae41e4649b934ca495991b7852b855
preparation_raw/chr22_500_guide_089.columba_k0.log	2773	b6bed10dedc1c443cb28fc38b5d8a76c3e99e54080f472b4f436ea7267a8a44a
preparation_raw/chr22_500_guide_089.columba_k0.sam	1390	cea7e675462496f09ee2fb236bf40f1e01b765ca5615ee125b108420d22b94e9
preparation_raw/chr22_500_guide_089.columba_k0.stderr.txt	0	e3b0c44298fc1c149afbf4c8996fb92427ae41e4649b934ca495991b7852b855
preparation_raw/chr22_500_guide_089.columba_k0.stdout.txt	0	e3b0c44298fc1c149afbf4c8996fb92427ae41e4649b934ca495991b7852b855
preparation_raw/chr22_500_guide_089.crisprapido_k0.paf	685	681fdba7c3f539954a7b62deaeeb564095fe37fcbecba3fa9c4975c2e356af8d
preparation_raw/chr22_500_guide_089.crisprapido_k0.stderr.txt	135	638bd673bf5fc22f3fc8fe75f5600789d2b5d3f971a550e9446c8845c8fb98e7
preparation_raw/chr22_500_guide_089.crisprapido_k0.stdout.txt	0	e3b0c44298fc1c149afbf4c8996fb92427ae41e4649b934ca495991b7852b855
preparation_raw/chr22_500_guide_090.columba_k0.log	2773	c99d86c33364c6605f0daecf884b9884fe084bf6aa885fcc9ae3ccd64ecdecd1
preparation_raw/chr22_500_guide_090.columba_k0.sam	923	d70540c51ee23f52ac8a7958690e9b198a91e68d22d6d1ece4a5d15cfe028a18
preparation_raw/chr22_500_guide_090.columba_k0.stderr.txt	0	e3b0c44298fc1c149afbf4c8996fb92427ae41e4649b934ca495991b7852b855
preparation_raw/chr22_500_guide_090.columba_k0.stdout.txt	0	e3b0c44298fc1c149afbf4c8996fb92427ae41e4649b934ca495991b7852b855
preparation_raw/chr22_500_guide_090.crisprapido_k0.paf	103	1a674244aec8ea25c8e0b9a4c719f1dd7a3136cbd5f87feb87b53bc75bbf29fb
preparation_raw/chr22_500_guide_090.crisprapido_k0.stderr.txt	0	e3b0c44298fc1c149afbf4c8996fb92427ae41e4649b934ca495991b7852b855
preparation_raw/chr22_500_guide_090.crisprapido_k0.stdout.txt	0	e3b0c44298fc1c149afbf4c8996fb92427ae41e4649b934ca495991b7852b855
preparation_raw/chr22_500_guide_091.columba_k0.log	2773	6446ee42867f853c3763d42fa91da634de5b4b6d03664da82e581d2a3bb1e69e
preparation_raw/chr22_500_guide_091.columba_k0.sam	923	75ec08abad884723115cc6d861536a83cbcd082da8d20c49729984100df74ef5
preparation_raw/chr22_500_guide_091.columba_k0.stderr.txt	0	e3b0c44298fc1c149afbf4c8996fb92427ae41e4649b934ca495991b7852b855
preparation_raw/chr22_500_guide_091.columba_k0.stdout.txt	0	e3b0c44298fc1c149afbf4c8996fb92427ae41e4649b934ca495991b7852b855
preparation_raw/chr22_500_guide_091.crisprapido_k0.paf	103	3b1208d36a7808228471f8be766844c38fb5b98323d1d2f58e690839f7fb8d80
preparation_raw/chr22_500_guide_091.crisprapido_k0.stderr.txt	0	e3b0c44298fc1c149afbf4c8996fb92427ae41e4649b934ca495991b7852b855
preparation_raw/chr22_500_guide_091.crisprapido_k0.stdout.txt	0	e3b0c44298fc1c149afbf4c8996fb92427ae41e4649b934ca495991b7852b855
preparation_raw/chr22_500_guide_092.columba_k0.log	2773	3c2f814ed4b0be8224063dc6bf491f9b52edaa6112c0c79c4cdeb14094901a7f
preparation_raw/chr22_500_guide_092.columba_k0.sam	1234	8428b009c55ff288eb4bf7eaf122a09267dadd0a37a60a594a5505db2ee17831
preparation_raw/chr22_500_guide_092.columba_k0.stderr.txt	0	e3b0c44298fc1c149afbf4c8996fb92427ae41e4649b934ca495991b7852b855
preparation_raw/chr22_500_guide_092.columba_k0.stdout.txt	0	e3b0c44298fc1c149afbf4c8996fb92427ae41e4649b934ca495991b7852b855
preparation_raw/chr22_500_guide_092.crisprapido_k0.paf	503	ae0b8e9aef2d423bfb10669152b3bbc61be75d2511bc5bf3ef52778dc4ed789e
preparation_raw/chr22_500_guide_092.crisprapido_k0.stderr.txt	45	ecd997460eff8b19bac120208f47edd7be53e3371027aaa35d95fa07a5e79089
preparation_raw/chr22_500_guide_092.crisprapido_k0.stdout.txt	0	e3b0c44298fc1c149afbf4c8996fb92427ae41e4649b934ca495991b7852b855
preparation_raw/chr22_500_guide_093.columba_k0.log	2773	f7b9121b6f4424a4b810d2feaf8c3e70d80a7321a17b797b2c676c8d85906d29
preparation_raw/chr22_500_guide_093.columba_k0.sam	923	83a323811e7a947721d18d871af9ff6159c2157261d1a43e2064ac78a53040c7
preparation_raw/chr22_500_guide_093.columba_k0.stderr.txt	0	e3b0c44298fc1c149afbf4c8996fb92427ae41e4649b934ca495991b7852b855
preparation_raw/chr22_500_guide_093.columba_k0.stdout.txt	0	e3b0c44298fc1c149afbf4c8996fb92427ae41e4649b934ca495991b7852b855
preparation_raw/chr22_500_guide_093.crisprapido_k0.paf	103	6cdd7ce54810d5bc4f6f9e343cba7e89b5868d4aa230081223fa53049a31ac4f
preparation_raw/chr22_500_guide_093.crisprapido_k0.stderr.txt	0	e3b0c44298fc1c149afbf4c8996fb92427ae41e4649b934ca495991b7852b855
preparation_raw/chr22_500_guide_093.crisprapido_k0.stdout.txt	0	e3b0c44298fc1c149afbf4c8996fb92427ae41e4649b934ca495991b7852b855
preparation_raw/chr22_500_guide_094.columba_k0.log	2773	527b9720ffccd14b2091669c7214a2ac02155c7f28cfed6f88103185b46cd1bd
preparation_raw/chr22_500_guide_094.columba_k0.sam	923	8a1f8368de7444a1495d9c44d0c0f80ff3048c7453988645f50cee8568f5295c
preparation_raw/chr22_500_guide_094.columba_k0.stderr.txt	0	e3b0c44298fc1c149afbf4c8996fb92427ae41e4649b934ca495991b7852b855
preparation_raw/chr22_500_guide_094.columba_k0.stdout.txt	0	e3b0c44298fc1c149afbf4c8996fb92427ae41e4649b934ca495991b7852b855
preparation_raw/chr22_500_guide_094.crisprapido_k0.paf	103	f1c3f7e15ed1aa484814b25c6ff07a20e8fc741a49bbbdba3670360727a0ce4c
preparation_raw/chr22_500_guide_094.crisprapido_k0.stderr.txt	0	e3b0c44298fc1c149afbf4c8996fb92427ae41e4649b934ca495991b7852b855
preparation_raw/chr22_500_guide_094.crisprapido_k0.stdout.txt	0	e3b0c44298fc1c149afbf4c8996fb92427ae41e4649b934ca495991b7852b855
preparation_raw/chr22_500_guide_095.columba_k0.log	2772	b63a266e95f210f2d5b2a9a41265077627fe88c76d4f2f570bd97300f7661c3a
preparation_raw/chr22_500_guide_095.columba_k0.sam	923	32b21e11f0bbfe0bd51cc81203f489391cc4aa7664a1b095bfe7e9843c0ff969
preparation_raw/chr22_500_guide_095.columba_k0.stderr.txt	0	e3b0c44298fc1c149afbf4c8996fb92427ae41e4649b934ca495991b7852b855
preparation_raw/chr22_500_guide_095.columba_k0.stdout.txt	0	e3b0c44298fc1c149afbf4c8996fb92427ae41e4649b934ca495991b7852b855
preparation_raw/chr22_500_guide_095.crisprapido_k0.paf	103	78d56e6029a238e55e698734f6c34371645440cad14a3a34379e3a5d6cc8429a
preparation_raw/chr22_500_guide_095.crisprapido_k0.stderr.txt	0	e3b0c44298fc1c149afbf4c8996fb92427ae41e4649b934ca495991b7852b855
preparation_raw/chr22_500_guide_095.crisprapido_k0.stdout.txt	0	e3b0c44298fc1c149afbf4c8996fb92427ae41e4649b934ca495991b7852b855
preparation_raw/chr22_500_guide_096.columba_k0.log	2773	4f3701ef0ac4713b57551b0906afbdeb632f306e9a73bb0ddeb2d2b0aac230b1
preparation_raw/chr22_500_guide_096.columba_k0.sam	923	eae3092b1365041e3b948aaffd11064f9c336f52a8499d2a8640cca73ac503a7
preparation_raw/chr22_500_guide_096.columba_k0.stderr.txt	0	e3b0c44298fc1c149afbf4c8996fb92427ae41e4649b934ca495991b7852b855
preparation_raw/chr22_500_guide_096.columba_k0.stdout.txt	0	e3b0c44298fc1c149afbf4c8996fb92427ae41e4649b934ca495991b7852b855
preparation_raw/chr22_500_guide_096.crisprapido_k0.paf	103	e4df6fa89a3b0e0120f2158b3532f9d4a6e42d02734646aca7d1906347f68735
preparation_raw/chr22_500_guide_096.crisprapido_k0.stderr.txt	0	e3b0c44298fc1c149afbf4c8996fb92427ae41e4649b934ca495991b7852b855
preparation_raw/chr22_500_guide_096.crisprapido_k0.stdout.txt	0	e3b0c44298fc1c149afbf4c8996fb92427ae41e4649b934ca495991b7852b855
preparation_raw/chr22_500_guide_097.columba_k0.log	2772	a5b58bfb27f3835f71ee13ffb2041ee6821fded71f5b9513d6d0b0fc5c20b67b
preparation_raw/chr22_500_guide_097.columba_k0.sam	1001	f3d548770768f41011a312998c5187a26b018c0c607c4654a613f49574e4e8e0
preparation_raw/chr22_500_guide_097.columba_k0.stderr.txt	0	e3b0c44298fc1c149afbf4c8996fb92427ae41e4649b934ca495991b7852b855
preparation_raw/chr22_500_guide_097.columba_k0.stdout.txt	0	e3b0c44298fc1c149afbf4c8996fb92427ae41e4649b934ca495991b7852b855
preparation_raw/chr22_500_guide_097.crisprapido_k0.paf	196	6119c4b02e2d359d7d7fbeae71f7dcb748e0cb168231c014fd800fa5a14f70d8
preparation_raw/chr22_500_guide_097.crisprapido_k0.stderr.txt	45	ecd997460eff8b19bac120208f47edd7be53e3371027aaa35d95fa07a5e79089
preparation_raw/chr22_500_guide_097.crisprapido_k0.stdout.txt	0	e3b0c44298fc1c149afbf4c8996fb92427ae41e4649b934ca495991b7852b855
preparation_raw/chr22_500_guide_098.columba_k0.log	2773	ca7e1670a935581a91e5c07ed32c195ec7dee195266280e26dc6e74c0bd7e4d9
preparation_raw/chr22_500_guide_098.columba_k0.sam	924	b397f3f4b886711fd05cd1ea5685884680ac96ca0645d3dd317381459bb36f52
preparation_raw/chr22_500_guide_098.columba_k0.stderr.txt	0	e3b0c44298fc1c149afbf4c8996fb92427ae41e4649b934ca495991b7852b855
preparation_raw/chr22_500_guide_098.columba_k0.stdout.txt	0	e3b0c44298fc1c149afbf4c8996fb92427ae41e4649b934ca495991b7852b855
preparation_raw/chr22_500_guide_098.crisprapido_k0.paf	105	444ff3228a137a38f7153b4f242a69cfa59f508d73251c41aa4006df73b202e7
preparation_raw/chr22_500_guide_098.crisprapido_k0.stderr.txt	0	e3b0c44298fc1c149afbf4c8996fb92427ae41e4649b934ca495991b7852b855
preparation_raw/chr22_500_guide_098.crisprapido_k0.stdout.txt	0	e3b0c44298fc1c149afbf4c8996fb92427ae41e4649b934ca495991b7852b855
preparation_raw/chr22_500_guide_099.columba_k0.log	2773	1d14e42c8f593e621da2b0ac586ccc46a2df87105d55f93e7775d3288feb0c80
preparation_raw/chr22_500_guide_099.columba_k0.sam	924	df7702615789a1c7198b218090bd544768b8fb566c9a4a1937d52c712f5c718b
preparation_raw/chr22_500_guide_099.columba_k0.stderr.txt	0	e3b0c44298fc1c149afbf4c8996fb92427ae41e4649b934ca495991b7852b855
preparation_raw/chr22_500_guide_099.columba_k0.stdout.txt	0	e3b0c44298fc1c149afbf4c8996fb92427ae41e4649b934ca495991b7852b855
preparation_raw/chr22_500_guide_099.crisprapido_k0.paf	105	196024cfca844d2dbd0181f31a8145f3e17406383f18dfa99887a66952f81dec
preparation_raw/chr22_500_guide_099.crisprapido_k0.stderr.txt	0	e3b0c44298fc1c149afbf4c8996fb92427ae41e4649b934ca495991b7852b855
preparation_raw/chr22_500_guide_099.crisprapido_k0.stdout.txt	0	e3b0c44298fc1c149afbf4c8996fb92427ae41e4649b934ca495991b7852b855
preparation_raw/chr22_500_guide_100.columba_k0.log	2772	a3475274f41d99ad405746423a9763971997b7ca4c4f3db925eda87ba851e54b
preparation_raw/chr22_500_guide_100.columba_k0.sam	924	68e008c68134256da07174d15fabd5e72d14376783ae486ea21988ea31f03a14
preparation_raw/chr22_500_guide_100.columba_k0.stderr.txt	0	e3b0c44298fc1c149afbf4c8996fb92427ae41e4649b934ca495991b7852b855
preparation_raw/chr22_500_guide_100.columba_k0.stdout.txt	0	e3b0c44298fc1c149afbf4c8996fb92427ae41e4649b934ca495991b7852b855
preparation_raw/chr22_500_guide_100.crisprapido_k0.paf	105	d704bfd6d98e44ef56296c380d699307f9247b34e702b30e1cf668e7a6477495
preparation_raw/chr22_500_guide_100.crisprapido_k0.stderr.txt	0	e3b0c44298fc1c149afbf4c8996fb92427ae41e4649b934ca495991b7852b855
preparation_raw/chr22_500_guide_100.crisprapido_k0.stdout.txt	0	e3b0c44298fc1c149afbf4c8996fb92427ae41e4649b934ca495991b7852b855
preparation_raw/chr22_500_guide_101.columba_k0.log	2773	77172fd77ecdefd736a90734de6d2837454f114ccdc245a667ff34327e744fbe
preparation_raw/chr22_500_guide_101.columba_k0.sam	1002	507cf4037b3ef83a6750f94b1793ef2566cde21d602c20a708a7042f91a83490
preparation_raw/chr22_500_guide_101.columba_k0.stderr.txt	0	e3b0c44298fc1c149afbf4c8996fb92427ae41e4649b934ca495991b7852b855
preparation_raw/chr22_500_guide_101.columba_k0.stdout.txt	0	e3b0c44298fc1c149afbf4c8996fb92427ae41e4649b934ca495991b7852b855
preparation_raw/chr22_500_guide_101.crisprapido_k0.paf	210	84330282ecd915e002d4a3f8d0d70096e90a960e87744ed87a49bc36afba7e69
preparation_raw/chr22_500_guide_101.crisprapido_k0.stderr.txt	0	e3b0c44298fc1c149afbf4c8996fb92427ae41e4649b934ca495991b7852b855
preparation_raw/chr22_500_guide_101.crisprapido_k0.stdout.txt	0	e3b0c44298fc1c149afbf4c8996fb92427ae41e4649b934ca495991b7852b855
preparation_raw/chr22_500_guide_102.columba_k0.log	2773	4c47e05ff7f27126769343457a58382f068653fcf3ad0042b18e8d82add2efa8
preparation_raw/chr22_500_guide_102.columba_k0.sam	924	48c263c562951886d873ca9c65da3f148f4ce27f870c0a020a03e3a74eae845b
preparation_raw/chr22_500_guide_102.columba_k0.stderr.txt	0	e3b0c44298fc1c149afbf4c8996fb92427ae41e4649b934ca495991b7852b855
preparation_raw/chr22_500_guide_102.columba_k0.stdout.txt	0	e3b0c44298fc1c149afbf4c8996fb92427ae41e4649b934ca495991b7852b855
preparation_raw/chr22_500_guide_102.crisprapido_k0.paf	105	21b3afc8ff4a2fb018a63e628a346dfa96811bb44c2cc049a3cd0fe2e408ff24
preparation_raw/chr22_500_guide_102.crisprapido_k0.stderr.txt	0	e3b0c44298fc1c149afbf4c8996fb92427ae41e4649b934ca495991b7852b855
preparation_raw/chr22_500_guide_102.crisprapido_k0.stdout.txt	0	e3b0c44298fc1c149afbf4c8996fb92427ae41e4649b934ca495991b7852b855
preparation_raw/chr22_500_guide_103.columba_k0.log	2773	daff631293087c7be24806891eb90d897744c853ed53e94ddbbcaf9e997487ea
preparation_raw/chr22_500_guide_103.columba_k0.sam	924	d48dd2113f05f795b6830784a7cc1e027b3a681dc48d4d6405ce3d6057c8f3ea
preparation_raw/chr22_500_guide_103.columba_k0.stderr.txt	0	e3b0c44298fc1c149afbf4c8996fb92427ae41e4649b934ca495991b7852b855
preparation_raw/chr22_500_guide_103.columba_k0.stdout.txt	0	e3b0c44298fc1c149afbf4c8996fb92427ae41e4649b934ca495991b7852b855
preparation_raw/chr22_500_guide_103.crisprapido_k0.paf	105	70d3142b6438b2233c1a63a2ac833233a13a2d75bf75339f1fccaff2fa81b453
preparation_raw/chr22_500_guide_103.crisprapido_k0.stderr.txt	0	e3b0c44298fc1c149afbf4c8996fb92427ae41e4649b934ca495991b7852b855
preparation_raw/chr22_500_guide_103.crisprapido_k0.stdout.txt	0	e3b0c44298fc1c149afbf4c8996fb92427ae41e4649b934ca495991b7852b855
preparation_raw/chr22_500_guide_104.columba_k0.log	2773	0c446a3668dd89c1900310dc212f1742c88791b151947cf457b2695c7e0d35da
preparation_raw/chr22_500_guide_104.columba_k0.sam	924	82b7e0e433d7fd12e629bd8cc07a0576370480d26898231bb842979efc58a643
preparation_raw/chr22_500_guide_104.columba_k0.stderr.txt	0	e3b0c44298fc1c149afbf4c8996fb92427ae41e4649b934ca495991b7852b855
preparation_raw/chr22_500_guide_104.columba_k0.stdout.txt	0	e3b0c44298fc1c149afbf4c8996fb92427ae41e4649b934ca495991b7852b855
preparation_raw/chr22_500_guide_104.crisprapido_k0.paf	105	1a566c323545c0de5dbd25e42db62374e240ce4299b47e835e757a21598da936
preparation_raw/chr22_500_guide_104.crisprapido_k0.stderr.txt	0	e3b0c44298fc1c149afbf4c8996fb92427ae41e4649b934ca495991b7852b855
preparation_raw/chr22_500_guide_104.crisprapido_k0.stdout.txt	0	e3b0c44298fc1c149afbf4c8996fb92427ae41e4649b934ca495991b7852b855
preparation_raw/chr22_500_guide_105.columba_k0.log	2775	eef8fcac8ea55012817fadf1e67a3391c4194924e0e128f98221d2611c5aa9eb
preparation_raw/chr22_500_guide_105.columba_k0.sam	2345	5c75259ff249c148a508fecbbe1cdd0ff642b10db24d1eff2e66d663c8246fbc
preparation_raw/chr22_500_guide_105.columba_k0.stderr.txt	0	e3b0c44298fc1c149afbf4c8996fb92427ae41e4649b934ca495991b7852b855
preparation_raw/chr22_500_guide_105.columba_k0.stdout.txt	0	e3b0c44298fc1c149afbf4c8996fb92427ae41e4649b934ca495991b7852b855
preparation_raw/chr22_500_guide_105.crisprapido_k0.paf	1995	26c8ff024d575b21ff7574e42aa6ac059dc665d31a32d536c50247160c7391bd
preparation_raw/chr22_500_guide_105.crisprapido_k0.stderr.txt	0	e3b0c44298fc1c149afbf4c8996fb92427ae41e4649b934ca495991b7852b855
preparation_raw/chr22_500_guide_105.crisprapido_k0.stdout.txt	0	e3b0c44298fc1c149afbf4c8996fb92427ae41e4649b934ca495991b7852b855
preparation_raw/chr22_500_guide_106.columba_k0.log	2773	bf54bffe7f674a91aec62eddca85bb9430a1325d47396ba5a55a68b6c604a12e
preparation_raw/chr22_500_guide_106.columba_k0.sam	1002	8d9f007de3f356ebed8e8e36909bece43a25348b26efb51ecd1831f8a3b06441
preparation_raw/chr22_500_guide_106.columba_k0.stderr.txt	0	e3b0c44298fc1c149afbf4c8996fb92427ae41e4649b934ca495991b7852b855
preparation_raw/chr22_500_guide_106.columba_k0.stdout.txt	0	e3b0c44298fc1c149afbf4c8996fb92427ae41e4649b934ca495991b7852b855
preparation_raw/chr22_500_guide_106.crisprapido_k0.paf	210	5528de94f5fa61546fd5cb39da899b5edeb215b4505c129f5f85ebd216239730
preparation_raw/chr22_500_guide_106.crisprapido_k0.stderr.txt	0	e3b0c44298fc1c149afbf4c8996fb92427ae41e4649b934ca495991b7852b855
preparation_raw/chr22_500_guide_106.crisprapido_k0.stdout.txt	0	e3b0c44298fc1c149afbf4c8996fb92427ae41e4649b934ca495991b7852b855
preparation_raw/chr22_500_guide_107.columba_k0.log	2773	ca43c69d204cf8137ba15b018178188b94d2a2fbe5e5c1c8cf228b83ae6dfaf7
preparation_raw/chr22_500_guide_107.columba_k0.sam	924	87fe5c0c983b3fdcc00d580cb6057da1de000a8442ce6c0e0650132ff044fc79
preparation_raw/chr22_500_guide_107.columba_k0.stderr.txt	0	e3b0c44298fc1c149afbf4c8996fb92427ae41e4649b934ca495991b7852b855
preparation_raw/chr22_500_guide_107.columba_k0.stdout.txt	0	e3b0c44298fc1c149afbf4c8996fb92427ae41e4649b934ca495991b7852b855
preparation_raw/chr22_500_guide_107.crisprapido_k0.paf	105	37774d4819ec468762743e89b36baf9deaaa8cc267fbe9bd5aed95319efd242c
preparation_raw/chr22_500_guide_107.crisprapido_k0.stderr.txt	0	e3b0c44298fc1c149afbf4c8996fb92427ae41e4649b934ca495991b7852b855
preparation_raw/chr22_500_guide_107.crisprapido_k0.stdout.txt	0	e3b0c44298fc1c149afbf4c8996fb92427ae41e4649b934ca495991b7852b855
preparation_raw/chr22_500_guide_108.columba_k0.log	2773	1d92862fdead1bb80bfc30db5367680ad8590c201e1fc0fcd2a49794148ef4ac
preparation_raw/chr22_500_guide_108.columba_k0.sam	924	2827e25773e68176c6f7fc12ccc425f237d610344f5612ee82e549ae919452ff
preparation_raw/chr22_500_guide_108.columba_k0.stderr.txt	0	e3b0c44298fc1c149afbf4c8996fb92427ae41e4649b934ca495991b7852b855
preparation_raw/chr22_500_guide_108.columba_k0.stdout.txt	0	e3b0c44298fc1c149afbf4c8996fb92427ae41e4649b934ca495991b7852b855
preparation_raw/chr22_500_guide_108.crisprapido_k0.paf	105	6b72b7d58a6bb9700568183d8342e8f3bc79c45ffa1f7e46c161effbf9985c5d
preparation_raw/chr22_500_guide_108.crisprapido_k0.stderr.txt	0	e3b0c44298fc1c149afbf4c8996fb92427ae41e4649b934ca495991b7852b855
preparation_raw/chr22_500_guide_108.crisprapido_k0.stdout.txt	0	e3b0c44298fc1c149afbf4c8996fb92427ae41e4649b934ca495991b7852b855
preparation_raw/chr22_500_guide_109.columba_k0.log	2774	5103e863d6574dcddda29110fc5a565c20fdf92088f04dda33ab0b83f8ca2caa
preparation_raw/chr22_500_guide_109.columba_k0.sam	924	912d6fe4b28f49ca6af276e9dfa828056669058f532351d2ab706e3943801702
preparation_raw/chr22_500_guide_109.columba_k0.stderr.txt	0	e3b0c44298fc1c149afbf4c8996fb92427ae41e4649b934ca495991b7852b855
preparation_raw/chr22_500_guide_109.columba_k0.stdout.txt	0	e3b0c44298fc1c149afbf4c8996fb92427ae41e4649b934ca495991b7852b855
preparation_raw/chr22_500_guide_109.crisprapido_k0.paf	105	461291dcaf2e80e2a23a63e67f89a5c96faac00ade45a6b2fbf5f72f52e4e359
preparation_raw/chr22_500_guide_109.crisprapido_k0.stderr.txt	0	e3b0c44298fc1c149afbf4c8996fb92427ae41e4649b934ca495991b7852b855
preparation_raw/chr22_500_guide_109.crisprapido_k0.stdout.txt	0	e3b0c44298fc1c149afbf4c8996fb92427ae41e4649b934ca495991b7852b855
preparation_raw/chr22_500_guide_110.columba_k0.log	2773	fb38e4d79ac60c4e715f8c97376a0e5ce2b9f9387e29fd6bda3fe677c9c36f5e
preparation_raw/chr22_500_guide_110.columba_k0.sam	1080	b488a91261c9eb15f71e67a204d2149a2264282181ee738532927d4b862b826d
preparation_raw/chr22_500_guide_110.columba_k0.stderr.txt	0	e3b0c44298fc1c149afbf4c8996fb92427ae41e4649b934ca495991b7852b855
preparation_raw/chr22_500_guide_110.columba_k0.stdout.txt	0	e3b0c44298fc1c149afbf4c8996fb92427ae41e4649b934ca495991b7852b855
preparation_raw/chr22_500_guide_110.crisprapido_k0.paf	313	27bec362626af993604055a79ddb94b53597029f4bc27af25949739b8d89a154
preparation_raw/chr22_500_guide_110.crisprapido_k0.stderr.txt	0	e3b0c44298fc1c149afbf4c8996fb92427ae41e4649b934ca495991b7852b855
preparation_raw/chr22_500_guide_110.crisprapido_k0.stdout.txt	0	e3b0c44298fc1c149afbf4c8996fb92427ae41e4649b934ca495991b7852b855
preparation_raw/chr22_500_guide_111.columba_k0.log	2775	76fe86982d76cd90b2a6ed9a68b013d3a71e14cccb3d7bef8592218d84604132
preparation_raw/chr22_500_guide_111.columba_k0.sam	5571	d59533dac9704b27808ebcc57156f03c5b600b297245494c02de057cbdb7f2ee
preparation_raw/chr22_500_guide_111.columba_k0.stderr.txt	0	e3b0c44298fc1c149afbf4c8996fb92427ae41e4649b934ca495991b7852b855
preparation_raw/chr22_500_guide_111.columba_k0.stdout.txt	0	e3b0c44298fc1c149afbf4c8996fb92427ae41e4649b934ca495991b7852b855
preparation_raw/chr22_500_guide_111.crisprapido_k0.paf	5255	ae3550213fe97804b91649262162d7a7a302f7570a5f430c00e9c316cc7f7d68
preparation_raw/chr22_500_guide_111.crisprapido_k0.stderr.txt	1080	ac5ab2a3630ddae5b3c2feb8fbfd704f861685c1dfb9ffb8082df9cc448c1805
preparation_raw/chr22_500_guide_111.crisprapido_k0.stdout.txt	0	e3b0c44298fc1c149afbf4c8996fb92427ae41e4649b934ca495991b7852b855
preparation_raw/chr22_500_guide_112.columba_k0.log	2773	dd167713a403570789c660e1693a7cd174e9309ac20a398d1b7a240bcc0dc195
preparation_raw/chr22_500_guide_112.columba_k0.sam	924	182f0fa629d1468a7fae0b5d532c5e9bd5ce2d1c9d86cc4c93ee6322077354e2
preparation_raw/chr22_500_guide_112.columba_k0.stderr.txt	0	e3b0c44298fc1c149afbf4c8996fb92427ae41e4649b934ca495991b7852b855
preparation_raw/chr22_500_guide_112.columba_k0.stdout.txt	0	e3b0c44298fc1c149afbf4c8996fb92427ae41e4649b934ca495991b7852b855
preparation_raw/chr22_500_guide_112.crisprapido_k0.paf	105	85e8ddbe1f41d07d2fccefdd6deb60b8cfcf17a64f052215c84a68e7db0e8e8d
preparation_raw/chr22_500_guide_112.crisprapido_k0.stderr.txt	0	e3b0c44298fc1c149afbf4c8996fb92427ae41e4649b934ca495991b7852b855
preparation_raw/chr22_500_guide_112.crisprapido_k0.stdout.txt	0	e3b0c44298fc1c149afbf4c8996fb92427ae41e4649b934ca495991b7852b855
preparation_raw/chr22_500_guide_113.columba_k0.log	2773	ff2e85210b4f50ab1ba02669b17cc4dfe6a5b62cad06be06def09be2bacdd2d1
preparation_raw/chr22_500_guide_113.columba_k0.sam	924	0df59ccd2337448f0abf185e20294a9412c4ce124811d841558c0e8b8564610d
preparation_raw/chr22_500_guide_113.columba_k0.stderr.txt	0	e3b0c44298fc1c149afbf4c8996fb92427ae41e4649b934ca495991b7852b855
preparation_raw/chr22_500_guide_113.columba_k0.stdout.txt	0	e3b0c44298fc1c149afbf4c8996fb92427ae41e4649b934ca495991b7852b855
preparation_raw/chr22_500_guide_113.crisprapido_k0.paf	105	b71169d65bdef6d080e6a437f7e6176e83cdcf4896e2dc760463dbc1c2b79f6c
preparation_raw/chr22_500_guide_113.crisprapido_k0.stderr.txt	0	e3b0c44298fc1c149afbf4c8996fb92427ae41e4649b934ca495991b7852b855
preparation_raw/chr22_500_guide_113.crisprapido_k0.stdout.txt	0	e3b0c44298fc1c149afbf4c8996fb92427ae41e4649b934ca495991b7852b855
preparation_raw/chr22_500_guide_114.columba_k0.log	2773	83b519d2c692ba32cd83ea65da05d971a384565c0e918db3183aa4529493319b
preparation_raw/chr22_500_guide_114.columba_k0.sam	924	ed88c7cf3a5ae481f8ba94a3f2545133a6c92ce66bb0d13f135d552ac8b6890b
preparation_raw/chr22_500_guide_114.columba_k0.stderr.txt	0	e3b0c44298fc1c149afbf4c8996fb92427ae41e4649b934ca495991b7852b855
preparation_raw/chr22_500_guide_114.columba_k0.stdout.txt	0	e3b0c44298fc1c149afbf4c8996fb92427ae41e4649b934ca495991b7852b855
preparation_raw/chr22_500_guide_114.crisprapido_k0.paf	105	853d765383b1cbbee4dc3bac9cc1407658422a8e408ffb099ae069cbefe32c96
preparation_raw/chr22_500_guide_114.crisprapido_k0.stderr.txt	0	e3b0c44298fc1c149afbf4c8996fb92427ae41e4649b934ca495991b7852b855
preparation_raw/chr22_500_guide_114.crisprapido_k0.stdout.txt	0	e3b0c44298fc1c149afbf4c8996fb92427ae41e4649b934ca495991b7852b855
preparation_raw/chr22_500_guide_115.columba_k0.log	2775	f83ac52df62fef1de4bda2cd057fbaa7c8a12c3a0bba608566a0f2a46797cebd
preparation_raw/chr22_500_guide_115.columba_k0.sam	3293	3b5d25ab7ddcdb7417f038c9cae64f6400d69314b6e1f8abd44b4301c8be3eb7
preparation_raw/chr22_500_guide_115.columba_k0.stderr.txt	0	e3b0c44298fc1c149afbf4c8996fb92427ae41e4649b934ca495991b7852b855
preparation_raw/chr22_500_guide_115.columba_k0.stdout.txt	0	e3b0c44298fc1c149afbf4c8996fb92427ae41e4649b934ca495991b7852b855
preparation_raw/chr22_500_guide_115.crisprapido_k0.paf	3135	caa4f33749926cba960c18724cb594f30b714fbdba9119ed91aff755f9ecd29a
preparation_raw/chr22_500_guide_115.crisprapido_k0.stderr.txt	450	21041f119534911b57df8bda672369f2343b04acabdec22633a47d701b91197d
preparation_raw/chr22_500_guide_115.crisprapido_k0.stdout.txt	0	e3b0c44298fc1c149afbf4c8996fb92427ae41e4649b934ca495991b7852b855
preparation_raw/chr22_500_guide_116.columba_k0.log	2773	2414c1c75e76b3606898d1102729b0e7aebe9302a24418fcf6a3ddd583821d14
preparation_raw/chr22_500_guide_116.columba_k0.sam	1160	21b109051c52cd1a2fe98461a98983936c8148a5936a1fe658e14b801d37d30f
preparation_raw/chr22_500_guide_116.columba_k0.stderr.txt	0	e3b0c44298fc1c149afbf4c8996fb92427ae41e4649b934ca495991b7852b855
preparation_raw/chr22_500_guide_116.columba_k0.stdout.txt	0	e3b0c44298fc1c149afbf4c8996fb92427ae41e4649b934ca495991b7852b855
preparation_raw/chr22_500_guide_116.crisprapido_k0.paf	396	aa5926d9d27f9afaa35bcf6b5dd6c3806eb93ef487a003052a36ccfbf33d3b9e
preparation_raw/chr22_500_guide_116.crisprapido_k0.stderr.txt	90	e738f131400a5df528e34a9a74400f6996b29d28e34bef3f730ed59c9b584539
preparation_raw/chr22_500_guide_116.crisprapido_k0.stdout.txt	0	e3b0c44298fc1c149afbf4c8996fb92427ae41e4649b934ca495991b7852b855
preparation_raw/chr22_500_guide_117.columba_k0.log	2775	0627d5fb6436191061666b78d86113cfb4422a8f6185de5a8e5c47c3a270e1fc
preparation_raw/chr22_500_guide_117.columba_k0.sam	2408	0df236d44d4c4e4be70075f4a9955f6a920d3017cb8f299ac317887e98d9c3d6
preparation_raw/chr22_500_guide_117.columba_k0.stderr.txt	0	e3b0c44298fc1c149afbf4c8996fb92427ae41e4649b934ca495991b7852b855
preparation_raw/chr22_500_guide_117.columba_k0.stdout.txt	0	e3b0c44298fc1c149afbf4c8996fb92427ae41e4649b934ca495991b7852b855
preparation_raw/chr22_500_guide_117.crisprapido_k0.paf	1984	aaf95c74628cd4ff04b259cbb97cd79f94789f0941a4234c6102eee617c13110
preparation_raw/chr22_500_guide_117.crisprapido_k0.stderr.txt	315	187edbaef6a7d85631d475f512011e6aa13b6d51aaf83d0f5c7ebb3d90845261
preparation_raw/chr22_500_guide_117.crisprapido_k0.stdout.txt	0	e3b0c44298fc1c149afbf4c8996fb92427ae41e4649b934ca495991b7852b855
preparation_raw/chr22_500_guide_118.columba_k0.log	2773	7b856c713b84187e9bc825f573e4c5dd6d81eb0e937c0cc71a05495e9f4c6ca9
preparation_raw/chr22_500_guide_118.columba_k0.sam	924	9806ec420c7809a0dcc362cd10b303dd0692d1b7d92677bce20c88ef4ab1121d
preparation_raw/chr22_500_guide_118.columba_k0.stderr.txt	0	e3b0c44298fc1c149afbf4c8996fb92427ae41e4649b934ca495991b7852b855
preparation_raw/chr22_500_guide_118.columba_k0.stdout.txt	0	e3b0c44298fc1c149afbf4c8996fb92427ae41e4649b934ca495991b7852b855
preparation_raw/chr22_500_guide_118.crisprapido_k0.paf	105	d7464b7872231b66a5d5e8b9529462954e8dbe3c50718817fdfc12087ef94681
preparation_raw/chr22_500_guide_118.crisprapido_k0.stderr.txt	0	e3b0c44298fc1c149afbf4c8996fb92427ae41e4649b934ca495991b7852b855
preparation_raw/chr22_500_guide_118.crisprapido_k0.stdout.txt	0	e3b0c44298fc1c149afbf4c8996fb92427ae41e4649b934ca495991b7852b855
preparation_raw/chr22_500_guide_119.columba_k0.log	2773	0f6497346203233add650e66441d64469ebb7fd8aa2e9e12c6aacf6a16e4976a
preparation_raw/chr22_500_guide_119.columba_k0.sam	924	bb2c7d4c2e6a3a8f6a9f473d7f897005768e6ff6eaead0acc2766aca4ce930c7
preparation_raw/chr22_500_guide_119.columba_k0.stderr.txt	0	e3b0c44298fc1c149afbf4c8996fb92427ae41e4649b934ca495991b7852b855
preparation_raw/chr22_500_guide_119.columba_k0.stdout.txt	0	e3b0c44298fc1c149afbf4c8996fb92427ae41e4649b934ca495991b7852b855
preparation_raw/chr22_500_guide_119.crisprapido_k0.paf	105	4f436688014fdfd449b313b2c3b687063981e5e245571a9db7c8a5711487b353
preparation_raw/chr22_500_guide_119.crisprapido_k0.stderr.txt	0	e3b0c44298fc1c149afbf4c8996fb92427ae41e4649b934ca495991b7852b855
preparation_raw/chr22_500_guide_119.crisprapido_k0.stdout.txt	0	e3b0c44298fc1c149afbf4c8996fb92427ae41e4649b934ca495991b7852b855
preparation_raw/chr22_500_guide_120.columba_k0.log	2773	56ead4f7b98af1f8b5ad07ea276cb29233e3b624001be250a33cf4a7bdc991e3
preparation_raw/chr22_500_guide_120.columba_k0.sam	924	2499ded3d3f418a05534f25dff1a1bdf6d49244e8972c27b28443359e81feb81
preparation_raw/chr22_500_guide_120.columba_k0.stderr.txt	0	e3b0c44298fc1c149afbf4c8996fb92427ae41e4649b934ca495991b7852b855
preparation_raw/chr22_500_guide_120.columba_k0.stdout.txt	0	e3b0c44298fc1c149afbf4c8996fb92427ae41e4649b934ca495991b7852b855
preparation_raw/chr22_500_guide_120.crisprapido_k0.paf	105	33bddbc7779554629ceac64834ec2be3184cdb2699e293b4791aa9ab6b896254
preparation_raw/chr22_500_guide_120.crisprapido_k0.stderr.txt	0	e3b0c44298fc1c149afbf4c8996fb92427ae41e4649b934ca495991b7852b855
preparation_raw/chr22_500_guide_120.crisprapido_k0.stdout.txt	0	e3b0c44298fc1c149afbf4c8996fb92427ae41e4649b934ca495991b7852b855
preparation_raw/chr22_500_guide_121.columba_k0.log	2773	a73b7ef88aa58eddf38b6f98372b854bfe999bef2aa898df504ed5e4b9ccc207
preparation_raw/chr22_500_guide_121.columba_k0.sam	924	22ba5f6c90c607a71027312e145c98e363aba8cc30e21cc594deac932f73871a
preparation_raw/chr22_500_guide_121.columba_k0.stderr.txt	0	e3b0c44298fc1c149afbf4c8996fb92427ae41e4649b934ca495991b7852b855
preparation_raw/chr22_500_guide_121.columba_k0.stdout.txt	0	e3b0c44298fc1c149afbf4c8996fb92427ae41e4649b934ca495991b7852b855
preparation_raw/chr22_500_guide_121.crisprapido_k0.paf	105	9c2d6c2960fe78f86540e1be27182c28b286fce8b9592387bfeac03889c6dae5
preparation_raw/chr22_500_guide_121.crisprapido_k0.stderr.txt	0	e3b0c44298fc1c149afbf4c8996fb92427ae41e4649b934ca495991b7852b855
preparation_raw/chr22_500_guide_121.crisprapido_k0.stdout.txt	0	e3b0c44298fc1c149afbf4c8996fb92427ae41e4649b934ca495991b7852b855
preparation_raw/chr22_500_guide_122.columba_k0.log	2773	41f63e03348f7533cda3d57a2d2866ee80ba77bb095fe4f34a037d7d3263d9e4
preparation_raw/chr22_500_guide_122.columba_k0.sam	924	609f6acd267121bb9daec30cc8a415cc90f8eb2eb2edeca41ec630ec3d3f7349
preparation_raw/chr22_500_guide_122.columba_k0.stderr.txt	0	e3b0c44298fc1c149afbf4c8996fb92427ae41e4649b934ca495991b7852b855
preparation_raw/chr22_500_guide_122.columba_k0.stdout.txt	0	e3b0c44298fc1c149afbf4c8996fb92427ae41e4649b934ca495991b7852b855
preparation_raw/chr22_500_guide_122.crisprapido_k0.paf	105	60e45b4c977a7441e38d357735f2e262829d695f0f1b8e34d0a21fdf3195de69
preparation_raw/chr22_500_guide_122.crisprapido_k0.stderr.txt	0	e3b0c44298fc1c149afbf4c8996fb92427ae41e4649b934ca495991b7852b855
preparation_raw/chr22_500_guide_122.crisprapido_k0.stdout.txt	0	e3b0c44298fc1c149afbf4c8996fb92427ae41e4649b934ca495991b7852b855
preparation_raw/chr22_500_guide_123.columba_k0.log	2773	4fe9d64dcf80c5461a2aa5d2202e91583d9aaa55fd2cfeeba65e3d44f9a3f3e6
preparation_raw/chr22_500_guide_123.columba_k0.sam	1555	084bd13b6a3e36060b92ccbcfea382beaafd8da79dd1964fe35a8025b5a72479
preparation_raw/chr22_500_guide_123.columba_k0.stderr.txt	0	e3b0c44298fc1c149afbf4c8996fb92427ae41e4649b934ca495991b7852b855
preparation_raw/chr22_500_guide_123.columba_k0.stdout.txt	0	e3b0c44298fc1c149afbf4c8996fb92427ae41e4649b934ca495991b7852b855
preparation_raw/chr22_500_guide_123.crisprapido_k0.paf	897	5d5e9f4aaed476114e065bdd418d9d12e2120a4ce02a7abe7051e5cca5ca3dac
preparation_raw/chr22_500_guide_123.crisprapido_k0.stderr.txt	180	cf01392a7226f77d2c114e5e841a95364eb1bdc07486dda024e8d5ce1a9db28b
preparation_raw/chr22_500_guide_123.crisprapido_k0.stdout.txt	0	e3b0c44298fc1c149afbf4c8996fb92427ae41e4649b934ca495991b7852b855
preparation_raw/chr22_500_guide_124.columba_k0.log	2773	ee89f1c8f6ecc188e133a7eb733a89afe5d72db97a989b803deda230a67e5bd5
preparation_raw/chr22_500_guide_124.columba_k0.sam	924	6679ad572bd2c5e093b5c2ec52a212bbf9d03e8f6573fa65fb0b045f2cb996a3
preparation_raw/chr22_500_guide_124.columba_k0.stderr.txt	0	e3b0c44298fc1c149afbf4c8996fb92427ae41e4649b934ca495991b7852b855
preparation_raw/chr22_500_guide_124.columba_k0.stdout.txt	0	e3b0c44298fc1c149afbf4c8996fb92427ae41e4649b934ca495991b7852b855
preparation_raw/chr22_500_guide_124.crisprapido_k0.paf	105	97a3ea1c1d49016761918329e596d51881a5db88c4ec927743def1525e8cc766
preparation_raw/chr22_500_guide_124.crisprapido_k0.stderr.txt	0	e3b0c44298fc1c149afbf4c8996fb92427ae41e4649b934ca495991b7852b855
preparation_raw/chr22_500_guide_124.crisprapido_k0.stdout.txt	0	e3b0c44298fc1c149afbf4c8996fb92427ae41e4649b934ca495991b7852b855
preparation_raw/chr22_500_guide_125.columba_k0.log	2773	7dcfaf969ffda669b564147129975baeb05d16d4795df73a1cee8455e75d2ec4
preparation_raw/chr22_500_guide_125.columba_k0.sam	1002	8c1a7294a4095c2882a1b542de7c439396f49d77bc290d688afb0040c348a6f2
preparation_raw/chr22_500_guide_125.columba_k0.stderr.txt	0	e3b0c44298fc1c149afbf4c8996fb92427ae41e4649b934ca495991b7852b855
preparation_raw/chr22_500_guide_125.columba_k0.stdout.txt	0	e3b0c44298fc1c149afbf4c8996fb92427ae41e4649b934ca495991b7852b855
preparation_raw/chr22_500_guide_125.crisprapido_k0.paf	210	e618c914aaa51ad9e24439f24b4a18d61351933e28b5b9ed6e143ee986b4e1a5
preparation_raw/chr22_500_guide_125.crisprapido_k0.stderr.txt	0	e3b0c44298fc1c149afbf4c8996fb92427ae41e4649b934ca495991b7852b855
preparation_raw/chr22_500_guide_125.crisprapido_k0.stdout.txt	0	e3b0c44298fc1c149afbf4c8996fb92427ae41e4649b934ca495991b7852b855
preparation_raw/chr22_500_guide_126.columba_k0.log	2773	0d263bf3ea9f7a82cbcc1b3b22840fc0043dbf05e63c572a324733100f08ec7b
preparation_raw/chr22_500_guide_126.columba_k0.sam	1002	59c1c706738953af6fcea9b1542669d7b03598c29c8b28d32786451da784f2e1
preparation_raw/chr22_500_guide_126.columba_k0.stderr.txt	0	e3b0c44298fc1c149afbf4c8996fb92427ae41e4649b934ca495991b7852b855
preparation_raw/chr22_500_guide_126.columba_k0.stdout.txt	0	e3b0c44298fc1c149afbf4c8996fb92427ae41e4649b934ca495991b7852b855
preparation_raw/chr22_500_guide_126.crisprapido_k0.paf	210	5fae5cbbc1cab91e06112a969f12048ff2e02ec77144a24ae141b782c98cd18d
preparation_raw/chr22_500_guide_126.crisprapido_k0.stderr.txt	0	e3b0c44298fc1c149afbf4c8996fb92427ae41e4649b934ca495991b7852b855
preparation_raw/chr22_500_guide_126.crisprapido_k0.stdout.txt	0	e3b0c44298fc1c149afbf4c8996fb92427ae41e4649b934ca495991b7852b855
preparation_raw/chr22_500_guide_127.columba_k0.log	2773	9c21bda5fb51bb5c0038b0d3550e06e14fbb8f4e41b9f8a4427ea61d1ee519d2
preparation_raw/chr22_500_guide_127.columba_k0.sam	924	f86a344c1f1f77489059c9dc1ca3abc33b51e13907e1615685792a3fa4e0adb7
preparation_raw/chr22_500_guide_127.columba_k0.stderr.txt	0	e3b0c44298fc1c149afbf4c8996fb92427ae41e4649b934ca495991b7852b855
preparation_raw/chr22_500_guide_127.columba_k0.stdout.txt	0	e3b0c44298fc1c149afbf4c8996fb92427ae41e4649b934ca495991b7852b855
preparation_raw/chr22_500_guide_127.crisprapido_k0.paf	105	7fbbd7f172462259a6f4de139401afd584462680da6bbb0e834137af7f13b985
preparation_raw/chr22_500_guide_127.crisprapido_k0.stderr.txt	0	e3b0c44298fc1c149afbf4c8996fb92427ae41e4649b934ca495991b7852b855
preparation_raw/chr22_500_guide_127.crisprapido_k0.stdout.txt	0	e3b0c44298fc1c149afbf4c8996fb92427ae41e4649b934ca495991b7852b855
preparation_raw/chr22_500_guide_128.columba_k0.log	2773	6987982cc8f0877c3b22c07f223566853d9deff322560cc650e1e5da264a5cb8
preparation_raw/chr22_500_guide_128.columba_k0.sam	1160	07fd1885b4f47f32d77fa1727476fa90970982d7ae322ff007bbdc35b0fc408f
preparation_raw/chr22_500_guide_128.columba_k0.stderr.txt	0	e3b0c44298fc1c149afbf4c8996fb92427ae41e4649b934ca495991b7852b855
preparation_raw/chr22_500_guide_128.columba_k0.stdout.txt	0	e3b0c44298fc1c149afbf4c8996fb92427ae41e4649b934ca495991b7852b855
preparation_raw/chr22_500_guide_128.crisprapido_k0.paf	420	5bf2d9b784b907f5020c31ab6046ae145444cc965ecd05990a6dd6662bc10b5e
preparation_raw/chr22_500_guide_128.crisprapido_k0.stderr.txt	0	e3b0c44298fc1c149afbf4c8996fb92427ae41e4649b934ca495991b7852b855
preparation_raw/chr22_500_guide_128.crisprapido_k0.stdout.txt	0	e3b0c44298fc1c149afbf4c8996fb92427ae41e4649b934ca495991b7852b855
preparation_raw/chr22_500_guide_129.columba_k0.log	2773	2d9f743afa94643a6c6165e03bb824d7d9754c04e7e947e9ba6e2005dd50bf64
preparation_raw/chr22_500_guide_129.columba_k0.sam	924	a3ace51db1d7fea6a02da56b92611580fb16c5a7ea11c713604895a5881092e8
preparation_raw/chr22_500_guide_129.columba_k0.stderr.txt	0	e3b0c44298fc1c149afbf4c8996fb92427ae41e4649b934ca495991b7852b855
preparation_raw/chr22_500_guide_129.columba_k0.stdout.txt	0	e3b0c44298fc1c149afbf4c8996fb92427ae41e4649b934ca495991b7852b855
preparation_raw/chr22_500_guide_129.crisprapido_k0.paf	105	030726e1c20dca4b77a3fbb20045d966241309f807af58f209be29b216fa26fa
preparation_raw/chr22_500_guide_129.crisprapido_k0.stderr.txt	0	e3b0c44298fc1c149afbf4c8996fb92427ae41e4649b934ca495991b7852b855
preparation_raw/chr22_500_guide_129.crisprapido_k0.stdout.txt	0	e3b0c44298fc1c149afbf4c8996fb92427ae41e4649b934ca495991b7852b855
preparation_raw/chr22_500_guide_130.columba_k0.log	2773	215192b9593d3cd02a3ecd91ce69dc1b747dd22a69107041dd11cdedcf1c6d3a
preparation_raw/chr22_500_guide_130.columba_k0.sam	924	3792cf9eb8edc24e51d7791895248490d1cf7efac6b9bd0ac00dd21d5e8dbf68
preparation_raw/chr22_500_guide_130.columba_k0.stderr.txt	0	e3b0c44298fc1c149afbf4c8996fb92427ae41e4649b934ca495991b7852b855
preparation_raw/chr22_500_guide_130.columba_k0.stdout.txt	0	e3b0c44298fc1c149afbf4c8996fb92427ae41e4649b934ca495991b7852b855
preparation_raw/chr22_500_guide_130.crisprapido_k0.paf	105	474f4e55f985c5d56a5f5af49fa5a1b75cc1a9e85e18115e9a96dd6cd3079ad9
preparation_raw/chr22_500_guide_130.crisprapido_k0.stderr.txt	0	e3b0c44298fc1c149afbf4c8996fb92427ae41e4649b934ca495991b7852b855
preparation_raw/chr22_500_guide_130.crisprapido_k0.stdout.txt	0	e3b0c44298fc1c149afbf4c8996fb92427ae41e4649b934ca495991b7852b855
preparation_raw/chr22_500_guide_131.columba_k0.log	2775	1c7c4cbd1a3835d40101c6f47157c9a250d9a6956660f3e819e18193f1c141ee
preparation_raw/chr22_500_guide_131.columba_k0.sam	2108	07b9ac502fdb79a76e98b9a066936b4641c84bb323c72ebcf1be2cdeb0116eff
preparation_raw/chr22_500_guide_131.columba_k0.stderr.txt	0	e3b0c44298fc1c149afbf4c8996fb92427ae41e4649b934ca495991b7852b855
preparation_raw/chr22_500_guide_131.columba_k0.stdout.txt	0	e3b0c44298fc1c149afbf4c8996fb92427ae41e4649b934ca495991b7852b855
preparation_raw/chr22_500_guide_131.crisprapido_k0.paf	1656	ad573bfc9956a6a8205047d0f5b503f4e3cdbf7d450a6368b04b02ca5543c4ad
preparation_raw/chr22_500_guide_131.crisprapido_k0.stderr.txt	90	e738f131400a5df528e34a9a74400f6996b29d28e34bef3f730ed59c9b584539
preparation_raw/chr22_500_guide_131.crisprapido_k0.stdout.txt	0	e3b0c44298fc1c149afbf4c8996fb92427ae41e4649b934ca495991b7852b855
preparation_raw/chr22_500_guide_132.columba_k0.log	2773	d771f9852bfb80297658170ac3fcf50a83aec5f1390bfd686f7f40652a011963
preparation_raw/chr22_500_guide_132.columba_k0.sam	924	7e517f0750cb958662987f6f401c5560b88c9ae592031190b324b496f638dd00
preparation_raw/chr22_500_guide_132.columba_k0.stderr.txt	0	e3b0c44298fc1c149afbf4c8996fb92427ae41e4649b934ca495991b7852b855
preparation_raw/chr22_500_guide_132.columba_k0.stdout.txt	0	e3b0c44298fc1c149afbf4c8996fb92427ae41e4649b934ca495991b7852b855
preparation_raw/chr22_500_guide_132.crisprapido_k0.paf	105	713820ba358721f9caf9011041070c6453565161fb3256a91b67617a2347babf
preparation_raw/chr22_500_guide_132.crisprapido_k0.stderr.txt	0	e3b0c44298fc1c149afbf4c8996fb92427ae41e4649b934ca495991b7852b855
preparation_raw/chr22_500_guide_132.crisprapido_k0.stdout.txt	0	e3b0c44298fc1c149afbf4c8996fb92427ae41e4649b934ca495991b7852b855
preparation_raw/chr22_500_guide_133.columba_k0.log	2773	679ca368c625e7428fdbc1d6bb6181e0eb7fe6ec0a248806b052736271bed745
preparation_raw/chr22_500_guide_133.columba_k0.sam	1002	e32ca40fd0d8aaebd724ec0649ca09c565e02c6d956ef75970cd306dab8beee6
preparation_raw/chr22_500_guide_133.columba_k0.stderr.txt	0	e3b0c44298fc1c149afbf4c8996fb92427ae41e4649b934ca495991b7852b855
preparation_raw/chr22_500_guide_133.columba_k0.stdout.txt	0	e3b0c44298fc1c149afbf4c8996fb92427ae41e4649b934ca495991b7852b855
preparation_raw/chr22_500_guide_133.crisprapido_k0.paf	210	a7610eb051e87a34826545d10fcf8102943e8611a97a657a33ec94ff2afe4c13
preparation_raw/chr22_500_guide_133.crisprapido_k0.stderr.txt	0	e3b0c44298fc1c149afbf4c8996fb92427ae41e4649b934ca495991b7852b855
preparation_raw/chr22_500_guide_133.crisprapido_k0.stdout.txt	0	e3b0c44298fc1c149afbf4c8996fb92427ae41e4649b934ca495991b7852b855
preparation_raw/chr22_500_guide_134.columba_k0.log	2779	deaa2417f806a75aff90eef6c1de62b12fc306afa2ebf468a75888854d18852d
preparation_raw/chr22_500_guide_134.columba_k0.sam	132774	9a8afd69cd46effd4057424c7a7fec47148ec2cfa5cf105a80879c34904e88a7
preparation_raw/chr22_500_guide_134.columba_k0.stderr.txt	0	e3b0c44298fc1c149afbf4c8996fb92427ae41e4649b934ca495991b7852b855
preparation_raw/chr22_500_guide_134.columba_k0.stdout.txt	0	e3b0c44298fc1c149afbf4c8996fb92427ae41e4649b934ca495991b7852b855
preparation_raw/chr22_500_guide_134.crisprapido_k0.paf	175350	49533ca07224f23d3e27cc79334915e7bbb51d5603513e0bf4ea6b2eaf8c2f18
preparation_raw/chr22_500_guide_134.crisprapido_k0.stderr.txt	0	e3b0c44298fc1c149afbf4c8996fb92427ae41e4649b934ca495991b7852b855
preparation_raw/chr22_500_guide_134.crisprapido_k0.stdout.txt	0	e3b0c44298fc1c149afbf4c8996fb92427ae41e4649b934ca495991b7852b855
preparation_raw/chr22_500_guide_135.columba_k0.log	2773	0bab073343a73fae747db80eb9b0778212ce1c3298a5571bf4e3d6ce44d4ba73
preparation_raw/chr22_500_guide_135.columba_k0.sam	1239	6a1891a4fb14f9bcbc7cdc61a2c5b3c1023bfc6ecab0b11bb395e56a54aee62b
preparation_raw/chr22_500_guide_135.columba_k0.stderr.txt	0	e3b0c44298fc1c149afbf4c8996fb92427ae41e4649b934ca495991b7852b855
preparation_raw/chr22_500_guide_135.columba_k0.stdout.txt	0	e3b0c44298fc1c149afbf4c8996fb92427ae41e4649b934ca495991b7852b855
preparation_raw/chr22_500_guide_135.crisprapido_k0.paf	525	4f79902dc45cb76ad8a1031ff3e89b12ec69bb6b0ad88647387d6bec19895c60
preparation_raw/chr22_500_guide_135.crisprapido_k0.stderr.txt	0	e3b0c44298fc1c149afbf4c8996fb92427ae41e4649b934ca495991b7852b855
preparation_raw/chr22_500_guide_135.crisprapido_k0.stdout.txt	0	e3b0c44298fc1c149afbf4c8996fb92427ae41e4649b934ca495991b7852b855
preparation_raw/chr22_500_guide_136.columba_k0.log	2773	b68e32b58c2490a4c1452fa2fab4796db92979ef9b485e06f4ded27b750edc90
preparation_raw/chr22_500_guide_136.columba_k0.sam	1081	b426113cb023ad913211f28bc841fd75450135fa66b7c55feb3c4187ecb4fef5
preparation_raw/chr22_500_guide_136.columba_k0.stderr.txt	0	e3b0c44298fc1c149afbf4c8996fb92427ae41e4649b934ca495991b7852b855
preparation_raw/chr22_500_guide_136.columba_k0.stdout.txt	0	e3b0c44298fc1c149afbf4c8996fb92427ae41e4649b934ca495991b7852b855
preparation_raw/chr22_500_guide_136.crisprapido_k0.paf	303	dcb9485fd1e7fb9d47930f031b110ae1acc9d5f284927ce74bc927f050cdd36b
preparation_raw/chr22_500_guide_136.crisprapido_k0.stderr.txt	45	ecd997460eff8b19bac120208f47edd7be53e3371027aaa35d95fa07a5e79089
preparation_raw/chr22_500_guide_136.crisprapido_k0.stdout.txt	0	e3b0c44298fc1c149afbf4c8996fb92427ae41e4649b934ca495991b7852b855
preparation_raw/chr22_500_guide_137.columba_k0.log	2772	45ffbde995923c30a38cee509b7031137be117450750b554508de0f6a6d7c470
preparation_raw/chr22_500_guide_137.columba_k0.sam	1002	95ef314b33dbcc2f67812e1c8871e7651e4041286f5834c11e36d5a3e0da1e93
preparation_raw/chr22_500_guide_137.columba_k0.stderr.txt	0	e3b0c44298fc1c149afbf4c8996fb92427ae41e4649b934ca495991b7852b855
preparation_raw/chr22_500_guide_137.columba_k0.stdout.txt	0	e3b0c44298fc1c149afbf4c8996fb92427ae41e4649b934ca495991b7852b855
preparation_raw/chr22_500_guide_137.crisprapido_k0.paf	210	2aca6e493141072414d5d6d67dc6cd668bf7f75a43d4895d99828b717099cafe
preparation_raw/chr22_500_guide_137.crisprapido_k0.stderr.txt	0	e3b0c44298fc1c149afbf4c8996fb92427ae41e4649b934ca495991b7852b855
preparation_raw/chr22_500_guide_137.crisprapido_k0.stdout.txt	0	e3b0c44298fc1c149afbf4c8996fb92427ae41e4649b934ca495991b7852b855
preparation_raw/chr22_500_guide_138.columba_k0.log	2773	dab767b9af218621527f1053f8920bf028a61af4ed09357c4db9eeffcb0136c8
preparation_raw/chr22_500_guide_138.columba_k0.sam	1081	d8dc7313997ea89a36dfc29eee66172883260e87118772cb64b0df2465308731
preparation_raw/chr22_500_guide_138.columba_k0.stderr.txt	0	e3b0c44298fc1c149afbf4c8996fb92427ae41e4649b934ca495991b7852b855
preparation_raw/chr22_500_guide_138.columba_k0.stdout.txt	0	e3b0c44298fc1c149afbf4c8996fb92427ae41e4649b934ca495991b7852b855
preparation_raw/chr22_500_guide_138.crisprapido_k0.paf	315	58e2d2dfe6370048d19279c53c017696df12ccafbab333d832cd795c307d9cd4
preparation_raw/chr22_500_guide_138.crisprapido_k0.stderr.txt	0	e3b0c44298fc1c149afbf4c8996fb92427ae41e4649b934ca495991b7852b855
preparation_raw/chr22_500_guide_138.crisprapido_k0.stdout.txt	0	e3b0c44298fc1c149afbf4c8996fb92427ae41e4649b934ca495991b7852b855
preparation_raw/chr22_500_guide_139.columba_k0.log	2778	751246d2a17d84c83d95bec77f54368f92739733f41c1d1b407495cbe2b377b1
preparation_raw/chr22_500_guide_139.columba_k0.sam	149364	f3afd7030dfcd022e7948726d889f9e47ff54bc71568eb0c30701ee7c052d0ba
preparation_raw/chr22_500_guide_139.columba_k0.stderr.txt	0	e3b0c44298fc1c149afbf4c8996fb92427ae41e4649b934ca495991b7852b855
preparation_raw/chr22_500_guide_139.columba_k0.stdout.txt	0	e3b0c44298fc1c149afbf4c8996fb92427ae41e4649b934ca495991b7852b855
preparation_raw/chr22_500_guide_139.crisprapido_k0.paf	197352	baf684bf4f7be7c09c0020637f3d877b748ed71d7447fa49d43abdceabd80509
preparation_raw/chr22_500_guide_139.crisprapido_k0.stderr.txt	180	cf01392a7226f77d2c114e5e841a95364eb1bdc07486dda024e8d5ce1a9db28b
preparation_raw/chr22_500_guide_139.crisprapido_k0.stdout.txt	0	e3b0c44298fc1c149afbf4c8996fb92427ae41e4649b934ca495991b7852b855
preparation_raw/chr22_500_guide_140.columba_k0.log	2773	b422f449205af4860f75b28dfbac33214edc2517e67d06888d2124262fc0a6be
preparation_raw/chr22_500_guide_140.columba_k0.sam	1397	f7026f27dbae7e3e344ac41b525a291beba66eb6254de3328fa8845a9f57c2fd
preparation_raw/chr22_500_guide_140.columba_k0.stderr.txt	0	e3b0c44298fc1c149afbf4c8996fb92427ae41e4649b934ca495991b7852b855
preparation_raw/chr22_500_guide_140.columba_k0.stdout.txt	0	e3b0c44298fc1c149afbf4c8996fb92427ae41e4649b934ca495991b7852b855
preparation_raw/chr22_500_guide_140.crisprapido_k0.paf	723	2eadea1024342c259818d0022ce27454bb22ed183626341f945e9a643f85722c
preparation_raw/chr22_500_guide_140.crisprapido_k0.stderr.txt	45	ecd997460eff8b19bac120208f47edd7be53e3371027aaa35d95fa07a5e79089
preparation_raw/chr22_500_guide_140.crisprapido_k0.stdout.txt	0	e3b0c44298fc1c149afbf4c8996fb92427ae41e4649b934ca495991b7852b855
preparation_raw/chr22_500_guide_141.columba_k0.log	2773	7586eda5f38dcbb0da1b5ca40c7bd16a54a2416f256ef11cee76819fd10338d6
preparation_raw/chr22_500_guide_141.columba_k0.sam	924	b2db33d13e872b5919546d21566d056f9444b611bfc9a34a71bfbb34c99e7716
preparation_raw/chr22_500_guide_141.columba_k0.stderr.txt	0	e3b0c44298fc1c149afbf4c8996fb92427ae41e4649b934ca495991b7852b855
preparation_raw/chr22_500_guide_141.columba_k0.stdout.txt	0	e3b0c44298fc1c149afbf4c8996fb92427ae41e4649b934ca495991b7852b855
preparation_raw/chr22_500_guide_141.crisprapido_k0.paf	105	75a2846e206ef232a498051fea8840d2d310dd428aee04e323c3edd7213c8c13
preparation_raw/chr22_500_guide_141.crisprapido_k0.stderr.txt	0	e3b0c44298fc1c149afbf4c8996fb92427ae41e4649b934ca495991b7852b855
preparation_raw/chr22_500_guide_141.crisprapido_k0.stdout.txt	0	e3b0c44298fc1c149afbf4c8996fb92427ae41e4649b934ca495991b7852b855
preparation_raw/chr22_500_guide_142.columba_k0.log	2778	f0313fc991fd77f9ffdc3786aaac54124518a59cc9655fdb2f63e4a8c5ce4b88
preparation_raw/chr22_500_guide_142.columba_k0.sam	312894	79c541f8846ca782d5e53e58c3789e5c15c80fc28831e4cfc64331c0545cc38f
preparation_raw/chr22_500_guide_142.columba_k0.stderr.txt	0	e3b0c44298fc1c149afbf4c8996fb92427ae41e4649b934ca495991b7852b855
preparation_raw/chr22_500_guide_142.columba_k0.stdout.txt	0	e3b0c44298fc1c149afbf4c8996fb92427ae41e4649b934ca495991b7852b855
preparation_raw/chr22_500_guide_142.crisprapido_k0.paf	414654	227a4ee7dcba125b5bc978794b085c0788b77b24665590c06d8c7d40d79c00e2
preparation_raw/chr22_500_guide_142.crisprapido_k0.stderr.txt	360	6e0a62bd0c2f08ba96ba668f896ebe3fa32339495c43eb259f7923a25e2bbb65
preparation_raw/chr22_500_guide_142.crisprapido_k0.stdout.txt	0	e3b0c44298fc1c149afbf4c8996fb92427ae41e4649b934ca495991b7852b855
preparation_raw/chr22_500_guide_143.columba_k0.log	2773	0f1257a326b2d002e58b4078e65f7f3a2768f7752bc89415eadd53e1d8a75ef7
preparation_raw/chr22_500_guide_143.columba_k0.sam	1555	147fa2f868df9d2a98350447bcbb4c449f5d13590d8b86627e0d4e12cf2fb72f
preparation_raw/chr22_500_guide_143.columba_k0.stderr.txt	0	e3b0c44298fc1c149afbf4c8996fb92427ae41e4649b934ca495991b7852b855
preparation_raw/chr22_500_guide_143.columba_k0.stdout.txt	0	e3b0c44298fc1c149afbf4c8996fb92427ae41e4649b934ca495991b7852b855
preparation_raw/chr22_500_guide_143.crisprapido_k0.paf	945	5c0a2744880e8c544e9724a7593b4a9d5269d1ff2e109a58d0aa1d51507f0f29
preparation_raw/chr22_500_guide_143.crisprapido_k0.stderr.txt	0	e3b0c44298fc1c149afbf4c8996fb92427ae41e4649b934ca495991b7852b855
preparation_raw/chr22_500_guide_143.crisprapido_k0.stdout.txt	0	e3b0c44298fc1c149afbf4c8996fb92427ae41e4649b934ca495991b7852b855
preparation_raw/chr22_500_guide_144.columba_k0.log	2773	656bd5be99d720e7642ae455cbb07f8de52f2db407b0ad9c668a3076a9718fbd
preparation_raw/chr22_500_guide_144.columba_k0.sam	1002	c3819a67ce8c166b445afb0ab22fe03b23f07aacddc92c9c34d8389ec36ae659
preparation_raw/chr22_500_guide_144.columba_k0.stderr.txt	0	e3b0c44298fc1c149afbf4c8996fb92427ae41e4649b934ca495991b7852b855
preparation_raw/chr22_500_guide_144.columba_k0.stdout.txt	0	e3b0c44298fc1c149afbf4c8996fb92427ae41e4649b934ca495991b7852b855
preparation_raw/chr22_500_guide_144.crisprapido_k0.paf	210	960cb882d1ad9399bf4c11022e04b3909b6211d5f2d4cf7f544fb30a9e4148bc
preparation_raw/chr22_500_guide_144.crisprapido_k0.stderr.txt	0	e3b0c44298fc1c149afbf4c8996fb92427ae41e4649b934ca495991b7852b855
preparation_raw/chr22_500_guide_144.crisprapido_k0.stdout.txt	0	e3b0c44298fc1c149afbf4c8996fb92427ae41e4649b934ca495991b7852b855
preparation_raw/chr22_500_guide_145.columba_k0.log	2773	e44ea0cdd645e778588d8d82a21aa1c2ab258d1359e38187404c0c8fcfd8485c
preparation_raw/chr22_500_guide_145.columba_k0.sam	1081	f6c81e227f181966dea34ceba33b31015ca13f36cef8e15c120ffc9562544365
preparation_raw/chr22_500_guide_145.columba_k0.stderr.txt	0	e3b0c44298fc1c149afbf4c8996fb92427ae41e4649b934ca495991b7852b855
preparation_raw/chr22_500_guide_145.columba_k0.stdout.txt	0	e3b0c44298fc1c149afbf4c8996fb92427ae41e4649b934ca495991b7852b855
preparation_raw/chr22_500_guide_145.crisprapido_k0.paf	315	c69fcdd42222c0725a52736a53c64eb4be55c2fd58295a8c23be099658ba6493
preparation_raw/chr22_500_guide_145.crisprapido_k0.stderr.txt	0	e3b0c44298fc1c149afbf4c8996fb92427ae41e4649b934ca495991b7852b855
preparation_raw/chr22_500_guide_145.crisprapido_k0.stdout.txt	0	e3b0c44298fc1c149afbf4c8996fb92427ae41e4649b934ca495991b7852b855
preparation_raw/chr22_500_guide_146.columba_k0.log	2775	0c23512e407c27cebf3396d7788f05ffc98f72f772ab63b960dd83f369e117ec
preparation_raw/chr22_500_guide_146.columba_k0.sam	3135	45d703ab8833e41b26ead353746871204da883cb561ea4448c4c1cfca966eccf
preparation_raw/chr22_500_guide_146.columba_k0.stderr.txt	0	e3b0c44298fc1c149afbf4c8996fb92427ae41e4649b934ca495991b7852b855
preparation_raw/chr22_500_guide_146.columba_k0.stdout.txt	0	e3b0c44298fc1c149afbf4c8996fb92427ae41e4649b934ca495991b7852b855
preparation_raw/chr22_500_guide_146.crisprapido_k0.paf	2973	a9c974ab0a173bb99284d6441c8a11e3c43c6d169640c50ebd0cf23c060150b9
preparation_raw/chr22_500_guide_146.crisprapido_k0.stderr.txt	270	6dd37d45626373f97b36828739234e64b591905fb707084ab0eaed58b1b00c27
preparation_raw/chr22_500_guide_146.crisprapido_k0.stdout.txt	0	e3b0c44298fc1c149afbf4c8996fb92427ae41e4649b934ca495991b7852b855
preparation_raw/chr22_500_guide_147.columba_k0.log	2773	e54f88bde43389726da374c29d2b5ca4f9b8d718f50a366995defdbd9b43b485
preparation_raw/chr22_500_guide_147.columba_k0.sam	1397	cea2542f12ce216c02e77b2258f78488942a3a3fabc3f2115042fa37ffbb61ab
preparation_raw/chr22_500_guide_147.columba_k0.stderr.txt	0	e3b0c44298fc1c149afbf4c8996fb92427ae41e4649b934ca495991b7852b855
preparation_raw/chr22_500_guide_147.columba_k0.stdout.txt	0	e3b0c44298fc1c149afbf4c8996fb92427ae41e4649b934ca495991b7852b855
preparation_raw/chr22_500_guide_147.crisprapido_k0.paf	735	49077a45cca788964861608aecbc552c085b76326914c1b05d4ee3360cddc5b8
preparation_raw/chr22_500_guide_147.crisprapido_k0.stderr.txt	0	e3b0c44298fc1c149afbf4c8996fb92427ae41e4649b934ca495991b7852b855
preparation_raw/chr22_500_guide_147.crisprapido_k0.stdout.txt	0	e3b0c44298fc1c149afbf4c8996fb92427ae41e4649b934ca495991b7852b855
preparation_raw/chr22_500_guide_148.columba_k0.log	2779	582ea4f825554a1ed52d50e8f0e7fd26fc676e74d7e233dc412e651d8e8eba81
preparation_raw/chr22_500_guide_148.columba_k0.sam	160740	9bf04c22d3e3468de502d718ee08d013e05024c7b809034869fc316fafcc2a25
preparation_raw/chr22_500_guide_148.columba_k0.stderr.txt	0	e3b0c44298fc1c149afbf4c8996fb92427ae41e4649b934ca495991b7852b855
preparation_raw/chr22_500_guide_148.columba_k0.stdout.txt	0	e3b0c44298fc1c149afbf4c8996fb92427ae41e4649b934ca495991b7852b855
preparation_raw/chr22_500_guide_148.crisprapido_k0.paf	212412	9e27d25acf6572c0ac27001a617ce373c93b5ed0f21b0e5dd6b9dacb12105a6b
preparation_raw/chr22_500_guide_148.crisprapido_k0.stderr.txt	405	767251ea2186789fd1cd90132d747be89a52555ee68e421329b153d9f9a77322
preparation_raw/chr22_500_guide_148.crisprapido_k0.stdout.txt	0	e3b0c44298fc1c149afbf4c8996fb92427ae41e4649b934ca495991b7852b855
preparation_raw/chr22_500_guide_149.columba_k0.log	2773	35ce9e0cdee6e5a7b4b990ff22ac46010435887855bb370da32f9d1548c34359
preparation_raw/chr22_500_guide_149.columba_k0.sam	924	dd080a81d594a52d0bcdcac943df385572e4171f0d80348566d8a291e28ac6f0
preparation_raw/chr22_500_guide_149.columba_k0.stderr.txt	0	e3b0c44298fc1c149afbf4c8996fb92427ae41e4649b934ca495991b7852b855
preparation_raw/chr22_500_guide_149.columba_k0.stdout.txt	0	e3b0c44298fc1c149afbf4c8996fb92427ae41e4649b934ca495991b7852b855
preparation_raw/chr22_500_guide_149.crisprapido_k0.paf	105	f485673ae1659d68bc5a631c2d2765bda10cd4aef92aa61343a28af9427915f0
preparation_raw/chr22_500_guide_149.crisprapido_k0.stderr.txt	0	e3b0c44298fc1c149afbf4c8996fb92427ae41e4649b934ca495991b7852b855
preparation_raw/chr22_500_guide_149.crisprapido_k0.stdout.txt	0	e3b0c44298fc1c149afbf4c8996fb92427ae41e4649b934ca495991b7852b855
preparation_raw/chr22_500_guide_150.columba_k0.log	2773	3f51411c9e3121de28a00880b73aa5f4c9c14079d91d589307b2bac31986a587
preparation_raw/chr22_500_guide_150.columba_k0.sam	924	cd1d1823e6f4fe2c0ef0dc83c37ca4bd388c75ea8b21e3ca15fac25be277db1d
preparation_raw/chr22_500_guide_150.columba_k0.stderr.txt	0	e3b0c44298fc1c149afbf4c8996fb92427ae41e4649b934ca495991b7852b855
preparation_raw/chr22_500_guide_150.columba_k0.stdout.txt	0	e3b0c44298fc1c149afbf4c8996fb92427ae41e4649b934ca495991b7852b855
preparation_raw/chr22_500_guide_150.crisprapido_k0.paf	105	b85c740baf27975423dce804da6cf4f875caf94e6790b7620390eeab841c6dfd
preparation_raw/chr22_500_guide_150.crisprapido_k0.stderr.txt	0	e3b0c44298fc1c149afbf4c8996fb92427ae41e4649b934ca495991b7852b855
preparation_raw/chr22_500_guide_150.crisprapido_k0.stdout.txt	0	e3b0c44298fc1c149afbf4c8996fb92427ae41e4649b934ca495991b7852b855
preparation_raw/chr22_500_guide_151.columba_k0.log	2773	f83154d785f4cd61b8266a42273bebf21109e72e3e3a7c6bc0dae205549187b3
preparation_raw/chr22_500_guide_151.columba_k0.sam	924	d2be4117eb7838781879805d66dea46ed9c00ef87ebcd431ab2b8da96ec91571
preparation_raw/chr22_500_guide_151.columba_k0.stderr.txt	0	e3b0c44298fc1c149afbf4c8996fb92427ae41e4649b934ca495991b7852b855
preparation_raw/chr22_500_guide_151.columba_k0.stdout.txt	0	e3b0c44298fc1c149afbf4c8996fb92427ae41e4649b934ca495991b7852b855
preparation_raw/chr22_500_guide_151.crisprapido_k0.paf	105	fe055a246254f30d7a48644133f08b87ee38c4ed785e2b38b800c531c83c0410
preparation_raw/chr22_500_guide_151.crisprapido_k0.stderr.txt	0	e3b0c44298fc1c149afbf4c8996fb92427ae41e4649b934ca495991b7852b855
preparation_raw/chr22_500_guide_151.crisprapido_k0.stdout.txt	0	e3b0c44298fc1c149afbf4c8996fb92427ae41e4649b934ca495991b7852b855
preparation_raw/chr22_500_guide_152.columba_k0.log	2778	862050aa414ca1bea16725e80fe6f327187f422a1c1e725901451d266b7c58bb
preparation_raw/chr22_500_guide_152.columba_k0.sam	159160	8a04385b95f61ec9ed1f1377b458274faac786dd6e6bc3117788a4c77fa3455a
preparation_raw/chr22_500_guide_152.columba_k0.stderr.txt	0	e3b0c44298fc1c149afbf4c8996fb92427ae41e4649b934ca495991b7852b855
preparation_raw/chr22_500_guide_152.columba_k0.stdout.txt	0	e3b0c44298fc1c149afbf4c8996fb92427ae41e4649b934ca495991b7852b855
preparation_raw/chr22_500_guide_152.crisprapido_k0.paf	210420	34141bdd066cc8d752dfb8c03b68e6ae30555b5892422104691d511c0620841a
preparation_raw/chr22_500_guide_152.crisprapido_k0.stderr.txt	0	e3b0c44298fc1c149afbf4c8996fb92427ae41e4649b934ca495991b7852b855
preparation_raw/chr22_500_guide_152.crisprapido_k0.stdout.txt	0	e3b0c44298fc1c149afbf4c8996fb92427ae41e4649b934ca495991b7852b855
preparation_raw/chr22_500_guide_153.columba_k0.log	2773	c4aed950d9e9ae32982468aed0fb7da5f9b949c7c691756aa6c677b5425e1f74
preparation_raw/chr22_500_guide_153.columba_k0.sam	924	17ab021e0137fe5b1ac810446d8b08150bde176f8938886d5c3f161f7b1b799b
preparation_raw/chr22_500_guide_153.columba_k0.stderr.txt	0	e3b0c44298fc1c149afbf4c8996fb92427ae41e4649b934ca495991b7852b855
preparation_raw/chr22_500_guide_153.columba_k0.stdout.txt	0	e3b0c44298fc1c149afbf4c8996fb92427ae41e4649b934ca495991b7852b855
preparation_raw/chr22_500_guide_153.crisprapido_k0.paf	105	bcce8596509aa2be4a7f3566961162e72e4443c46ea7cf8fc2c5ffb6cee2780a
preparation_raw/chr22_500_guide_153.crisprapido_k0.stderr.txt	0	e3b0c44298fc1c149afbf4c8996fb92427ae41e4649b934ca495991b7852b855
preparation_raw/chr22_500_guide_153.crisprapido_k0.stdout.txt	0	e3b0c44298fc1c149afbf4c8996fb92427ae41e4649b934ca495991b7852b855
preparation_raw/chr22_500_guide_154.columba_k0.log	2773	6a8c6269cdee51aa4e07cf398d9106682c745777a6c936e01e7b385698133b89
preparation_raw/chr22_500_guide_154.columba_k0.sam	1081	cd4718d30df4444a383e8c57b9afbc8c987f6ba81b2839f1a1805740b2079279
preparation_raw/chr22_500_guide_154.columba_k0.stderr.txt	0	e3b0c44298fc1c149afbf4c8996fb92427ae41e4649b934ca495991b7852b855
preparation_raw/chr22_500_guide_154.columba_k0.stdout.txt	0	e3b0c44298fc1c149afbf4c8996fb92427ae41e4649b934ca495991b7852b855
preparation_raw/chr22_500_guide_154.crisprapido_k0.paf	303	99885c226b32ab2d29728901c72ae9b14edc61cef0c8fe3834b69b6f2acc0d20
preparation_raw/chr22_500_guide_154.crisprapido_k0.stderr.txt	45	ecd997460eff8b19bac120208f47edd7be53e3371027aaa35d95fa07a5e79089
preparation_raw/chr22_500_guide_154.crisprapido_k0.stdout.txt	0	e3b0c44298fc1c149afbf4c8996fb92427ae41e4649b934ca495991b7852b855
preparation_raw/chr22_500_guide_155.columba_k0.log	2772	8c0ca2e00477b1b381837fdef37c9a20442b843d29574029c21bd68b10a58bd5
preparation_raw/chr22_500_guide_155.columba_k0.sam	924	3e319cd4751435e7acef781879c65ceb3d52f8b558f460cc7d46ee09bff4aa9f
preparation_raw/chr22_500_guide_155.columba_k0.stderr.txt	0	e3b0c44298fc1c149afbf4c8996fb92427ae41e4649b934ca495991b7852b855
preparation_raw/chr22_500_guide_155.columba_k0.stdout.txt	0	e3b0c44298fc1c149afbf4c8996fb92427ae41e4649b934ca495991b7852b855
preparation_raw/chr22_500_guide_155.crisprapido_k0.paf	105	d7747e0db2e88e56e4a3767f47b5f9029bd6134aadc31b795c79eff5e14e67b8
preparation_raw/chr22_500_guide_155.crisprapido_k0.stderr.txt	0	e3b0c44298fc1c149afbf4c8996fb92427ae41e4649b934ca495991b7852b855
preparation_raw/chr22_500_guide_155.crisprapido_k0.stdout.txt	0	e3b0c44298fc1c149afbf4c8996fb92427ae41e4649b934ca495991b7852b855
preparation_raw/chr22_500_guide_156.columba_k0.log	2773	d5a1858bcdc9052ade64c97049b2f041c697954a5bdbacdf19dec66019013904
preparation_raw/chr22_500_guide_156.columba_k0.sam	1160	f102119517061de85950d949814c0b935f36bae4f220e23c862cf24798c4b762
preparation_raw/chr22_500_guide_156.columba_k0.stderr.txt	0	e3b0c44298fc1c149afbf4c8996fb92427ae41e4649b934ca495991b7852b855
preparation_raw/chr22_500_guide_156.columba_k0.stdout.txt	0	e3b0c44298fc1c149afbf4c8996fb92427ae41e4649b934ca495991b7852b855
preparation_raw/chr22_500_guide_156.crisprapido_k0.paf	408	36e6eb82507206ebf752ff67ccd8e8fc0fb6bdfbdf1d8f40923f4df1d8de3029
preparation_raw/chr22_500_guide_156.crisprapido_k0.stderr.txt	45	ecd997460eff8b19bac120208f47edd7be53e3371027aaa35d95fa07a5e79089
preparation_raw/chr22_500_guide_156.crisprapido_k0.stdout.txt	0	e3b0c44298fc1c149afbf4c8996fb92427ae41e4649b934ca495991b7852b855
preparation_raw/chr22_500_guide_157.columba_k0.log	2773	7e2d2ad91010564de050290c510dbf4801dfd08d152211516881d16517a607c9
preparation_raw/chr22_500_guide_157.columba_k0.sam	924	bf7fec430d3c37fc8e992da886ff8a400288426d7fc8a7c4c9bd60ea65250776
preparation_raw/chr22_500_guide_157.columba_k0.stderr.txt	0	e3b0c44298fc1c149afbf4c8996fb92427ae41e4649b934ca495991b7852b855
preparation_raw/chr22_500_guide_157.columba_k0.stdout.txt	0	e3b0c44298fc1c149afbf4c8996fb92427ae41e4649b934ca495991b7852b855
preparation_raw/chr22_500_guide_157.crisprapido_k0.paf	105	643dc743fd75f3ec7b2e9f6c2d518d6bf6d7cc37ab7cc77ead9e6846ae592d90
preparation_raw/chr22_500_guide_157.crisprapido_k0.stderr.txt	0	e3b0c44298fc1c149afbf4c8996fb92427ae41e4649b934ca495991b7852b855
preparation_raw/chr22_500_guide_157.crisprapido_k0.stdout.txt	0	e3b0c44298fc1c149afbf4c8996fb92427ae41e4649b934ca495991b7852b855
preparation_raw/chr22_500_guide_158.columba_k0.log	2773	d178ce209b653231a9346c3812879f5e6cef55fcbb469a7631b49f45daf2afd4
preparation_raw/chr22_500_guide_158.columba_k0.sam	924	53a385bbcc67f7a052ac5a134d9b23f88737a5913b3932f0e0fce45db4c9f420
preparation_raw/chr22_500_guide_158.columba_k0.stderr.txt	0	e3b0c44298fc1c149afbf4c8996fb92427ae41e4649b934ca495991b7852b855
preparation_raw/chr22_500_guide_158.columba_k0.stdout.txt	0	e3b0c44298fc1c149afbf4c8996fb92427ae41e4649b934ca495991b7852b855
preparation_raw/chr22_500_guide_158.crisprapido_k0.paf	105	c25a6440be62186e25b0f165358d0d0900b923751f80af6ee5c27f0f29a85af6
preparation_raw/chr22_500_guide_158.crisprapido_k0.stderr.txt	0	e3b0c44298fc1c149afbf4c8996fb92427ae41e4649b934ca495991b7852b855
preparation_raw/chr22_500_guide_158.crisprapido_k0.stdout.txt	0	e3b0c44298fc1c149afbf4c8996fb92427ae41e4649b934ca495991b7852b855
preparation_raw/chr22_500_guide_159.columba_k0.log	2773	6abb0d3222e6b4812345ab3dc6d56223e3539ad6d88eee7856eb8d63b6d2dd8a
preparation_raw/chr22_500_guide_159.columba_k0.sam	924	11a16f0bbbceeb6f693909d748adf051132ecd17f0226f5755a20913cf3ecd62
preparation_raw/chr22_500_guide_159.columba_k0.stderr.txt	0	e3b0c44298fc1c149afbf4c8996fb92427ae41e4649b934ca495991b7852b855
preparation_raw/chr22_500_guide_159.columba_k0.stdout.txt	0	e3b0c44298fc1c149afbf4c8996fb92427ae41e4649b934ca495991b7852b855
preparation_raw/chr22_500_guide_159.crisprapido_k0.paf	105	c4c4f2f6f7ff2953b411c36fe00a28e0726f79b0319ae788bbf5604ff0cb1cea
preparation_raw/chr22_500_guide_159.crisprapido_k0.stderr.txt	0	e3b0c44298fc1c149afbf4c8996fb92427ae41e4649b934ca495991b7852b855
preparation_raw/chr22_500_guide_159.crisprapido_k0.stdout.txt	0	e3b0c44298fc1c149afbf4c8996fb92427ae41e4649b934ca495991b7852b855
preparation_raw/chr22_500_guide_160.columba_k0.log	2773	a56b8d3225e0c6da699085ac151beb66c0bc39303d7f9e5f6d78f08ffa7cebf0
preparation_raw/chr22_500_guide_160.columba_k0.sam	924	4208d4b5641f4ee275b620d9e04069e02bced79197ba29e0df45300b56c6e907
preparation_raw/chr22_500_guide_160.columba_k0.stderr.txt	0	e3b0c44298fc1c149afbf4c8996fb92427ae41e4649b934ca495991b7852b855
preparation_raw/chr22_500_guide_160.columba_k0.stdout.txt	0	e3b0c44298fc1c149afbf4c8996fb92427ae41e4649b934ca495991b7852b855
preparation_raw/chr22_500_guide_160.crisprapido_k0.paf	105	d6d96d826bcbd4b301c0c87e16f31ad41389f1c8474f50d3699184cfe7acda7a
preparation_raw/chr22_500_guide_160.crisprapido_k0.stderr.txt	0	e3b0c44298fc1c149afbf4c8996fb92427ae41e4649b934ca495991b7852b855
preparation_raw/chr22_500_guide_160.crisprapido_k0.stdout.txt	0	e3b0c44298fc1c149afbf4c8996fb92427ae41e4649b934ca495991b7852b855
preparation_raw/chr22_500_guide_161.columba_k0.log	2773	fc691d10dcea667021b99e36e19f07cab35d9f28b84a7f3fc0bed2aabdc91bf0
preparation_raw/chr22_500_guide_161.columba_k0.sam	924	79956a1680c54468a9d257b2c223ffd9569b39c0bc37e8cdce84d58b74170bce
preparation_raw/chr22_500_guide_161.columba_k0.stderr.txt	0	e3b0c44298fc1c149afbf4c8996fb92427ae41e4649b934ca495991b7852b855
preparation_raw/chr22_500_guide_161.columba_k0.stdout.txt	0	e3b0c44298fc1c149afbf4c8996fb92427ae41e4649b934ca495991b7852b855
preparation_raw/chr22_500_guide_161.crisprapido_k0.paf	105	4ae747e8d2a44a4137f700664493d395d2b602c7f46ee11e639e12aab1a96bf3
preparation_raw/chr22_500_guide_161.crisprapido_k0.stderr.txt	0	e3b0c44298fc1c149afbf4c8996fb92427ae41e4649b934ca495991b7852b855
preparation_raw/chr22_500_guide_161.crisprapido_k0.stdout.txt	0	e3b0c44298fc1c149afbf4c8996fb92427ae41e4649b934ca495991b7852b855
preparation_raw/chr22_500_guide_162.columba_k0.log	2773	771be09dc56cb9752379232217dc6a90474f33547d8da3ebd6625dcc6128c301
preparation_raw/chr22_500_guide_162.columba_k0.sam	924	43117ea54c74541ed443b6a3ffb5185a1d6d46208e2d159ac11bcf6200a19846
preparation_raw/chr22_500_guide_162.columba_k0.stderr.txt	0	e3b0c44298fc1c149afbf4c8996fb92427ae41e4649b934ca495991b7852b855
preparation_raw/chr22_500_guide_162.columba_k0.stdout.txt	0	e3b0c44298fc1c149afbf4c8996fb92427ae41e4649b934ca495991b7852b855
preparation_raw/chr22_500_guide_162.crisprapido_k0.paf	105	b69419482bbafe6e1bcaa11e5797437af79964ee051c788015805b30820e8298
preparation_raw/chr22_500_guide_162.crisprapido_k0.stderr.txt	0	e3b0c44298fc1c149afbf4c8996fb92427ae41e4649b934ca495991b7852b855
preparation_raw/chr22_500_guide_162.crisprapido_k0.stdout.txt	0	e3b0c44298fc1c149afbf4c8996fb92427ae41e4649b934ca495991b7852b855
preparation_raw/chr22_500_guide_163.columba_k0.log	2773	202add1292a88db4aff4a3520a095c3e779daa697871144db8c0bc3b1132c589
preparation_raw/chr22_500_guide_163.columba_k0.sam	924	899e7e7f0e8cd7afbe8e7f5dfb0ea49130b80a5aadf4b1d3e7a1a70c8382f42d
preparation_raw/chr22_500_guide_163.columba_k0.stderr.txt	0	e3b0c44298fc1c149afbf4c8996fb92427ae41e4649b934ca495991b7852b855
preparation_raw/chr22_500_guide_163.columba_k0.stdout.txt	0	e3b0c44298fc1c149afbf4c8996fb92427ae41e4649b934ca495991b7852b855
preparation_raw/chr22_500_guide_163.crisprapido_k0.paf	105	0effc63d85fa97f691908ce0321ab857ae6f08fabd2480f35c83ff81e76c9f0e
preparation_raw/chr22_500_guide_163.crisprapido_k0.stderr.txt	0	e3b0c44298fc1c149afbf4c8996fb92427ae41e4649b934ca495991b7852b855
preparation_raw/chr22_500_guide_163.crisprapido_k0.stdout.txt	0	e3b0c44298fc1c149afbf4c8996fb92427ae41e4649b934ca495991b7852b855
preparation_raw/chr22_500_guide_164.columba_k0.log	2773	c02e5fac612ec0c01b3aa78206cbac11768b960bfa4b8e1ed51c1483681e3b88
preparation_raw/chr22_500_guide_164.columba_k0.sam	924	99a6ddcadc1518e52d16b2f4ad4780be5dcb8b793b000c26aefa4d76034e7e40
preparation_raw/chr22_500_guide_164.columba_k0.stderr.txt	0	e3b0c44298fc1c149afbf4c8996fb92427ae41e4649b934ca495991b7852b855
preparation_raw/chr22_500_guide_164.columba_k0.stdout.txt	0	e3b0c44298fc1c149afbf4c8996fb92427ae41e4649b934ca495991b7852b855
preparation_raw/chr22_500_guide_164.crisprapido_k0.paf	105	46e7f3e1a96998b4b736b1eec08088a85a8308019dae7439865ffb87c1184f73
preparation_raw/chr22_500_guide_164.crisprapido_k0.stderr.txt	0	e3b0c44298fc1c149afbf4c8996fb92427ae41e4649b934ca495991b7852b855
preparation_raw/chr22_500_guide_164.crisprapido_k0.stdout.txt	0	e3b0c44298fc1c149afbf4c8996fb92427ae41e4649b934ca495991b7852b855
preparation_raw/chr22_500_guide_165.columba_k0.log	2774	e735af847880a654ae98fc91743cd41ccc010d75da4204f8f8be5dca3b8470dd
preparation_raw/chr22_500_guide_165.columba_k0.sam	924	f64263632a9def45b709809ac94da60c67c7d4460597ce282f78e951b05fd121
preparation_raw/chr22_500_guide_165.columba_k0.stderr.txt	0	e3b0c44298fc1c149afbf4c8996fb92427ae41e4649b934ca495991b7852b855
preparation_raw/chr22_500_guide_165.columba_k0.stdout.txt	0	e3b0c44298fc1c149afbf4c8996fb92427ae41e4649b934ca495991b7852b855
preparation_raw/chr22_500_guide_165.crisprapido_k0.paf	105	d886af1f304911c13510c5ed489b15bb3ee85e388b776d06e045ba0c930a5f2b
preparation_raw/chr22_500_guide_165.crisprapido_k0.stderr.txt	0	e3b0c44298fc1c149afbf4c8996fb92427ae41e4649b934ca495991b7852b855
preparation_raw/chr22_500_guide_165.crisprapido_k0.stdout.txt	0	e3b0c44298fc1c149afbf4c8996fb92427ae41e4649b934ca495991b7852b855
preparation_raw/chr22_500_guide_166.columba_k0.log	2775	46fd392d5fed4404537480e96dc1cd946920c124f36207e5a305f642f3960dcc
preparation_raw/chr22_500_guide_166.columba_k0.sam	1792	444fa9c6b2a50fcf4805a87466e4755e1c69ed72186fd50e5181eb8f2766fd61
preparation_raw/chr22_500_guide_166.columba_k0.stderr.txt	0	e3b0c44298fc1c149afbf4c8996fb92427ae41e4649b934ca495991b7852b855
preparation_raw/chr22_500_guide_166.columba_k0.stdout.txt	0	e3b0c44298fc1c149afbf4c8996fb92427ae41e4649b934ca495991b7852b855
preparation_raw/chr22_500_guide_166.crisprapido_k0.paf	1224	f1b170d5411d226936ad29a8117318985ed377388d01cb19810955f1ffad809e
preparation_raw/chr22_500_guide_166.crisprapido_k0.stderr.txt	135	638bd673bf5fc22f3fc8fe75f5600789d2b5d3f971a550e9446c8845c8fb98e7
preparation_raw/chr22_500_guide_166.crisprapido_k0.stdout.txt	0	e3b0c44298fc1c149afbf4c8996fb92427ae41e4649b934ca495991b7852b855
preparation_raw/chr22_500_guide_167.columba_k0.log	2773	24bc0dc170a77fccef7c85caefbd66f46848c5f7dbb60f996c1b22c385170751
preparation_raw/chr22_500_guide_167.columba_k0.sam	924	a652bcbf1f982a052e14047d7882edfa896195352b7e363a314d9ec4a26e4e59
preparation_raw/chr22_500_guide_167.columba_k0.stderr.txt	0	e3b0c44298fc1c149afbf4c8996fb92427ae41e4649b934ca495991b7852b855
preparation_raw/chr22_500_guide_167.columba_k0.stdout.txt	0	e3b0c44298fc1c149afbf4c8996fb92427ae41e4649b934ca495991b7852b855
preparation_raw/chr22_500_guide_167.crisprapido_k0.paf	105	cee264189907b3df5df36df18bf77367d70c9e3307ae209d7154fde9dfbc47a5
preparation_raw/chr22_500_guide_167.crisprapido_k0.stderr.txt	0	e3b0c44298fc1c149afbf4c8996fb92427ae41e4649b934ca495991b7852b855
preparation_raw/chr22_500_guide_167.crisprapido_k0.stdout.txt	0	e3b0c44298fc1c149afbf4c8996fb92427ae41e4649b934ca495991b7852b855
preparation_raw/chr22_500_guide_168.columba_k0.log	2773	268363844b305840126f13b9c80b3d26730e6649a7d11fc7d58e40054b73ccb8
preparation_raw/chr22_500_guide_168.columba_k0.sam	924	396fac67b10e15e90e6b8c6003cc632ef327ccfe35196f2831ab893684319056
preparation_raw/chr22_500_guide_168.columba_k0.stderr.txt	0	e3b0c44298fc1c149afbf4c8996fb92427ae41e4649b934ca495991b7852b855
preparation_raw/chr22_500_guide_168.columba_k0.stdout.txt	0	e3b0c44298fc1c149afbf4c8996fb92427ae41e4649b934ca495991b7852b855
preparation_raw/chr22_500_guide_168.crisprapido_k0.paf	105	b799f84402b88ca7eda644ce1b5b5eb56c02b09c04d62fc51c4c70dc76c6b583
preparation_raw/chr22_500_guide_168.crisprapido_k0.stderr.txt	0	e3b0c44298fc1c149afbf4c8996fb92427ae41e4649b934ca495991b7852b855
preparation_raw/chr22_500_guide_168.crisprapido_k0.stdout.txt	0	e3b0c44298fc1c149afbf4c8996fb92427ae41e4649b934ca495991b7852b855
preparation_raw/chr22_500_guide_169.columba_k0.log	2773	6644e339e6f8f70c7d3c11fae2df367d5d703681bd8abc8298f87d7aedad6d13
preparation_raw/chr22_500_guide_169.columba_k0.sam	924	b0cb35ff69a1a37f4d1b0cdecb177f68a9c32132544ee2145261cda8fd2f98eb
preparation_raw/chr22_500_guide_169.columba_k0.stderr.txt	0	e3b0c44298fc1c149afbf4c8996fb92427ae41e4649b934ca495991b7852b855
preparation_raw/chr22_500_guide_169.columba_k0.stdout.txt	0	e3b0c44298fc1c149afbf4c8996fb92427ae41e4649b934ca495991b7852b855
preparation_raw/chr22_500_guide_169.crisprapido_k0.paf	105	0862c816f1aa3cfd555719d81c501eb6f39d78bb01666b474f7b06bc78888790
preparation_raw/chr22_500_guide_169.crisprapido_k0.stderr.txt	0	e3b0c44298fc1c149afbf4c8996fb92427ae41e4649b934ca495991b7852b855
preparation_raw/chr22_500_guide_169.crisprapido_k0.stdout.txt	0	e3b0c44298fc1c149afbf4c8996fb92427ae41e4649b934ca495991b7852b855
preparation_raw/chr22_500_guide_170.columba_k0.log	2773	bd877eb1f8687803104303c798f7ed23d79753b28bd57003664ad8b25a9e2a09
preparation_raw/chr22_500_guide_170.columba_k0.sam	924	bcd14322442f203c1adc7db5aa09e7634cc38b774314d58a9857e0b0e0b7eadc
preparation_raw/chr22_500_guide_170.columba_k0.stderr.txt	0	e3b0c44298fc1c149afbf4c8996fb92427ae41e4649b934ca495991b7852b855
preparation_raw/chr22_500_guide_170.columba_k0.stdout.txt	0	e3b0c44298fc1c149afbf4c8996fb92427ae41e4649b934ca495991b7852b855
preparation_raw/chr22_500_guide_170.crisprapido_k0.paf	105	99438952a76160fd91fde79eb2d1ef722599296aaf8bac56414ccb53df45a0b4
preparation_raw/chr22_500_guide_170.crisprapido_k0.stderr.txt	0	e3b0c44298fc1c149afbf4c8996fb92427ae41e4649b934ca495991b7852b855
preparation_raw/chr22_500_guide_170.crisprapido_k0.stdout.txt	0	e3b0c44298fc1c149afbf4c8996fb92427ae41e4649b934ca495991b7852b855
preparation_raw/chr22_500_guide_171.columba_k0.log	2773	22099c854ef1934484f7ab7e8ecb564cec4aa9c9560e7e660cf38e26edd472e4
preparation_raw/chr22_500_guide_171.columba_k0.sam	924	61552aab0bb8cbdc3c130bba8e76f25954a4692d8261f5e99395020844db7c43
preparation_raw/chr22_500_guide_171.columba_k0.stderr.txt	0	e3b0c44298fc1c149afbf4c8996fb92427ae41e4649b934ca495991b7852b855
preparation_raw/chr22_500_guide_171.columba_k0.stdout.txt	0	e3b0c44298fc1c149afbf4c8996fb92427ae41e4649b934ca495991b7852b855
preparation_raw/chr22_500_guide_171.crisprapido_k0.paf	105	e317429f77c005e356a722479e453cca3360caf415324867267d86c234fd9a0c
preparation_raw/chr22_500_guide_171.crisprapido_k0.stderr.txt	0	e3b0c44298fc1c149afbf4c8996fb92427ae41e4649b934ca495991b7852b855
preparation_raw/chr22_500_guide_171.crisprapido_k0.stdout.txt	0	e3b0c44298fc1c149afbf4c8996fb92427ae41e4649b934ca495991b7852b855
preparation_raw/chr22_500_guide_172.columba_k0.log	2773	9ecf7f776bbf26e90e0f727d1929871b47557992d41a85c0ff04467f4b2b1d37
preparation_raw/chr22_500_guide_172.columba_k0.sam	924	565248c4240a71b3865d1f09059a36ed2780386e7933976f0e2532b4d6d3bb9b
preparation_raw/chr22_500_guide_172.columba_k0.stderr.txt	0	e3b0c44298fc1c149afbf4c8996fb92427ae41e4649b934ca495991b7852b855
preparation_raw/chr22_500_guide_172.columba_k0.stdout.txt	0	e3b0c44298fc1c149afbf4c8996fb92427ae41e4649b934ca495991b7852b855
preparation_raw/chr22_500_guide_172.crisprapido_k0.paf	105	e5b0c29742d6b80c7f8138b85ad44dd8d26b1f837257324c59b7b25c2967eb08
preparation_raw/chr22_500_guide_172.crisprapido_k0.stderr.txt	0	e3b0c44298fc1c149afbf4c8996fb92427ae41e4649b934ca495991b7852b855
preparation_raw/chr22_500_guide_172.crisprapido_k0.stdout.txt	0	e3b0c44298fc1c149afbf4c8996fb92427ae41e4649b934ca495991b7852b855
preparation_raw/chr22_500_guide_173.columba_k0.log	2775	70a20d218c5fbc80fca6d30bbddc5a73ee022156258b9076226cb8df28b6b910
preparation_raw/chr22_500_guide_173.columba_k0.sam	1634	e72ba8c9ad4b57e28f3b23b60fdadf07141c9c761ea74dace4209c544875ac7d
preparation_raw/chr22_500_guide_173.columba_k0.stderr.txt	0	e3b0c44298fc1c149afbf4c8996fb92427ae41e4649b934ca495991b7852b855
preparation_raw/chr22_500_guide_173.columba_k0.stdout.txt	0	e3b0c44298fc1c149afbf4c8996fb92427ae41e4649b934ca495991b7852b855
preparation_raw/chr22_500_guide_173.crisprapido_k0.paf	1014	986145a86aa41385a9bbb5cd5338e224f19dc118858eeb759d145e4a054fb385
preparation_raw/chr22_500_guide_173.crisprapido_k0.stderr.txt	135	638bd673bf5fc22f3fc8fe75f5600789d2b5d3f971a550e9446c8845c8fb98e7
preparation_raw/chr22_500_guide_173.crisprapido_k0.stdout.txt	0	e3b0c44298fc1c149afbf4c8996fb92427ae41e4649b934ca495991b7852b855
preparation_raw/chr22_500_guide_174.columba_k0.log	2775	7b573fecf619207761369fa4e1a124b3cdf75a20a7498e4bd775bd5c44e137de
preparation_raw/chr22_500_guide_174.columba_k0.sam	5799	dc4cb1b64b9045204301eeec6a9237a3d8551bc5741aac378d7bfcfb8060b590
preparation_raw/chr22_500_guide_174.columba_k0.stderr.txt	0	e3b0c44298fc1c149afbf4c8996fb92427ae41e4649b934ca495991b7852b855
preparation_raw/chr22_500_guide_174.columba_k0.stdout.txt	0	e3b0c44298fc1c149afbf4c8996fb92427ae41e4649b934ca495991b7852b855
preparation_raw/chr22_500_guide_174.crisprapido_k0.paf	6031	a210879ae1952a4401fff1ec3c2e27daf52aa041495cfe6bcddab5e1a6c1e2b3
preparation_raw/chr22_500_guide_174.crisprapido_k0.stderr.txt	2025	d9fb60a28a1b13183e980c126ed0f37e35c704e71b167462debbe3a34b7c418c
preparation_raw/chr22_500_guide_174.crisprapido_k0.stdout.txt	0	e3b0c44298fc1c149afbf4c8996fb92427ae41e4649b934ca495991b7852b855
preparation_raw/chr22_500_guide_175.columba_k0.log	2773	803458afc6841689b588d14b7612f6f0cbe999f874a2d461c016a00c35aeb73a
preparation_raw/chr22_500_guide_175.columba_k0.sam	924	5a1153322643b6521bba88a3b35d0c4dc6a255c634f787e663d00eb00d335b53
preparation_raw/chr22_500_guide_175.columba_k0.stderr.txt	0	e3b0c44298fc1c149afbf4c8996fb92427ae41e4649b934ca495991b7852b855
preparation_raw/chr22_500_guide_175.columba_k0.stdout.txt	0	e3b0c44298fc1c149afbf4c8996fb92427ae41e4649b934ca495991b7852b855
preparation_raw/chr22_500_guide_175.crisprapido_k0.paf	105	3a2a9a535dccffd342eaaba6ec06067374dae64ca7889222dcde00af5c440547
preparation_raw/chr22_500_guide_175.crisprapido_k0.stderr.txt	0	e3b0c44298fc1c149afbf4c8996fb92427ae41e4649b934ca495991b7852b855
preparation_raw/chr22_500_guide_175.crisprapido_k0.stdout.txt	0	e3b0c44298fc1c149afbf4c8996fb92427ae41e4649b934ca495991b7852b855
preparation_raw/chr22_500_guide_176.columba_k0.log	2773	4b881435b0d3a519636b66e54a7d5f6d86e2dc624b2ebb524dbaad3853f2f853
preparation_raw/chr22_500_guide_176.columba_k0.sam	924	3ff592bb9e6724afdd793ed27c1f4e55eb83b780f53a21354e34f68e94242a7e
preparation_raw/chr22_500_guide_176.columba_k0.stderr.txt	0	e3b0c44298fc1c149afbf4c8996fb92427ae41e4649b934ca495991b7852b855
preparation_raw/chr22_500_guide_176.columba_k0.stdout.txt	0	e3b0c44298fc1c149afbf4c8996fb92427ae41e4649b934ca495991b7852b855
preparation_raw/chr22_500_guide_176.crisprapido_k0.paf	105	6b2b73f521ab30bc9f66dd52de9bfe397a214246ef85ca25fe53c3a46bf2510e
preparation_raw/chr22_500_guide_176.crisprapido_k0.stderr.txt	0	e3b0c44298fc1c149afbf4c8996fb92427ae41e4649b934ca495991b7852b855
preparation_raw/chr22_500_guide_176.crisprapido_k0.stdout.txt	0	e3b0c44298fc1c149afbf4c8996fb92427ae41e4649b934ca495991b7852b855
preparation_raw/chr22_500_guide_177.columba_k0.log	2773	27347269a1da4b2d1c4d042f307f8d20e063e77e2b78c32e879a9659cb4557b3
preparation_raw/chr22_500_guide_177.columba_k0.sam	924	a395f201ec714bc62853113bad6ca6c6f17f74392c9d0cd62f41af4d04b8a63f
preparation_raw/chr22_500_guide_177.columba_k0.stderr.txt	0	e3b0c44298fc1c149afbf4c8996fb92427ae41e4649b934ca495991b7852b855
preparation_raw/chr22_500_guide_177.columba_k0.stdout.txt	0	e3b0c44298fc1c149afbf4c8996fb92427ae41e4649b934ca495991b7852b855
preparation_raw/chr22_500_guide_177.crisprapido_k0.paf	105	d6b0fb83ee8856732fea46f66b13f7259eb296d82bfc9c1b649d294580993c11
preparation_raw/chr22_500_guide_177.crisprapido_k0.stderr.txt	0	e3b0c44298fc1c149afbf4c8996fb92427ae41e4649b934ca495991b7852b855
preparation_raw/chr22_500_guide_177.crisprapido_k0.stdout.txt	0	e3b0c44298fc1c149afbf4c8996fb92427ae41e4649b934ca495991b7852b855
preparation_raw/chr22_500_guide_178.columba_k0.log	2773	b885687b5aa512e455dd127e08bc38d935a8483d11ed4ff5c0347b6c2fde3be2
preparation_raw/chr22_500_guide_178.columba_k0.sam	924	0acd7b548d13e3d6b4a8a5f607eae7e558776e3cdb8dc6de3319011efe022d57
preparation_raw/chr22_500_guide_178.columba_k0.stderr.txt	0	e3b0c44298fc1c149afbf4c8996fb92427ae41e4649b934ca495991b7852b855
preparation_raw/chr22_500_guide_178.columba_k0.stdout.txt	0	e3b0c44298fc1c149afbf4c8996fb92427ae41e4649b934ca495991b7852b855
preparation_raw/chr22_500_guide_178.crisprapido_k0.paf	105	d902219eeefe3ff64202f082d0493776f51eb4ff2b0f1167c0e670f923533dc4
preparation_raw/chr22_500_guide_178.crisprapido_k0.stderr.txt	0	e3b0c44298fc1c149afbf4c8996fb92427ae41e4649b934ca495991b7852b855
preparation_raw/chr22_500_guide_178.crisprapido_k0.stdout.txt	0	e3b0c44298fc1c149afbf4c8996fb92427ae41e4649b934ca495991b7852b855
preparation_raw/chr22_500_guide_179.columba_k0.log	2773	a56d8b480837962d97964b4f71b3dcdb913b1853c7175719323ac3657ab2bc44
preparation_raw/chr22_500_guide_179.columba_k0.sam	924	f0f8d57ee288c3301cb0ede0b54a044d48965806534abd719476faaf036bb463
preparation_raw/chr22_500_guide_179.columba_k0.stderr.txt	0	e3b0c44298fc1c149afbf4c8996fb92427ae41e4649b934ca495991b7852b855
preparation_raw/chr22_500_guide_179.columba_k0.stdout.txt	0	e3b0c44298fc1c149afbf4c8996fb92427ae41e4649b934ca495991b7852b855
preparation_raw/chr22_500_guide_179.crisprapido_k0.paf	105	7120c2a5ffb9203c2dfd8a1349f35ce811d2daab062fa6b680b5b044e7ce8ead
preparation_raw/chr22_500_guide_179.crisprapido_k0.stderr.txt	0	e3b0c44298fc1c149afbf4c8996fb92427ae41e4649b934ca495991b7852b855
preparation_raw/chr22_500_guide_179.crisprapido_k0.stdout.txt	0	e3b0c44298fc1c149afbf4c8996fb92427ae41e4649b934ca495991b7852b855
preparation_raw/chr22_500_guide_180.columba_k0.log	2773	9fc772b1869d17f5e4d554478c342a4e7d95222758f89f392ae711678ba54b7b
preparation_raw/chr22_500_guide_180.columba_k0.sam	924	3abee8754ef526aed7055eeb975ef531e87b3222d6018df35d3c5e240018f43b
preparation_raw/chr22_500_guide_180.columba_k0.stderr.txt	0	e3b0c44298fc1c149afbf4c8996fb92427ae41e4649b934ca495991b7852b855
preparation_raw/chr22_500_guide_180.columba_k0.stdout.txt	0	e3b0c44298fc1c149afbf4c8996fb92427ae41e4649b934ca495991b7852b855
preparation_raw/chr22_500_guide_180.crisprapido_k0.paf	105	458362f7cd5e3313975f59a9b5fcfc0752b491681a6e3bfcc210c9fb46bd7d1e
preparation_raw/chr22_500_guide_180.crisprapido_k0.stderr.txt	0	e3b0c44298fc1c149afbf4c8996fb92427ae41e4649b934ca495991b7852b855
preparation_raw/chr22_500_guide_180.crisprapido_k0.stdout.txt	0	e3b0c44298fc1c149afbf4c8996fb92427ae41e4649b934ca495991b7852b855
preparation_raw/chr22_500_guide_181.columba_k0.log	2772	2d6b3cfcf8ca6f7da1d7ff1d646b05b3f3dd407023a2dee20d55bc89f2f0226f
preparation_raw/chr22_500_guide_181.columba_k0.sam	924	14163213c387247984bf6c0f443c9f0d7417bfaddfacc7c952d6e485ee27118b
preparation_raw/chr22_500_guide_181.columba_k0.stderr.txt	0	e3b0c44298fc1c149afbf4c8996fb92427ae41e4649b934ca495991b7852b855
preparation_raw/chr22_500_guide_181.columba_k0.stdout.txt	0	e3b0c44298fc1c149afbf4c8996fb92427ae41e4649b934ca495991b7852b855
preparation_raw/chr22_500_guide_181.crisprapido_k0.paf	105	bd12ccac3bcfe83190a4a57e0c78ff819ffd24d8f03895aa6c4610029187f937
preparation_raw/chr22_500_guide_181.crisprapido_k0.stderr.txt	0	e3b0c44298fc1c149afbf4c8996fb92427ae41e4649b934ca495991b7852b855
preparation_raw/chr22_500_guide_181.crisprapido_k0.stdout.txt	0	e3b0c44298fc1c149afbf4c8996fb92427ae41e4649b934ca495991b7852b855
preparation_raw/chr22_500_guide_182.columba_k0.log	2775	a6680f4fe0cb9268c4249512a5e4eb3ee679193fb833ed17a5299e59bbb1a4b6
preparation_raw/chr22_500_guide_182.columba_k0.sam	1792	a3984980d28f9dd9a418a8b7311ff1a27acfac67f83ce63cb3c14df7bf0b69f8
preparation_raw/chr22_500_guide_182.columba_k0.stderr.txt	0	e3b0c44298fc1c149afbf4c8996fb92427ae41e4649b934ca495991b7852b855
preparation_raw/chr22_500_guide_182.columba_k0.stdout.txt	0	e3b0c44298fc1c149afbf4c8996fb92427ae41e4649b934ca495991b7852b855
preparation_raw/chr22_500_guide_182.crisprapido_k0.paf	1188	57069c2c4f577465159f54b134ffae4cd4c6acbb48621486b77c4ee3fc7ebfcc
preparation_raw/chr22_500_guide_182.crisprapido_k0.stderr.txt	270	6dd37d45626373f97b36828739234e64b591905fb707084ab0eaed58b1b00c27
preparation_raw/chr22_500_guide_182.crisprapido_k0.stdout.txt	0	e3b0c44298fc1c149afbf4c8996fb92427ae41e4649b934ca495991b7852b855
preparation_raw/chr22_500_guide_183.columba_k0.log	2773	c414a2da78004336dd49f6f64ff859ce30f2b2da44b28b728d9880c06ae006ed
preparation_raw/chr22_500_guide_183.columba_k0.sam	924	3a46e95af79e061453d535ee3ff0adb8ef67d4de6f323bfc7e0a6cb98f5b6b42
preparation_raw/chr22_500_guide_183.columba_k0.stderr.txt	0	e3b0c44298fc1c149afbf4c8996fb92427ae41e4649b934ca495991b7852b855
preparation_raw/chr22_500_guide_183.columba_k0.stdout.txt	0	e3b0c44298fc1c149afbf4c8996fb92427ae41e4649b934ca495991b7852b855
preparation_raw/chr22_500_guide_183.crisprapido_k0.paf	105	87a59470956d0b27daf38e5e39ded5e150cdea0e868b3bb38ed13ec71694f010
preparation_raw/chr22_500_guide_183.crisprapido_k0.stderr.txt	0	e3b0c44298fc1c149afbf4c8996fb92427ae41e4649b934ca495991b7852b855
preparation_raw/chr22_500_guide_183.crisprapido_k0.stdout.txt	0	e3b0c44298fc1c149afbf4c8996fb92427ae41e4649b934ca495991b7852b855
preparation_raw/chr22_500_guide_184.columba_k0.log	2773	8f150b58575a153727579b4224874428a3df8fe2365b05d7eb04ccbf773ee1bb
preparation_raw/chr22_500_guide_184.columba_k0.sam	1002	5185866988ba91f6606c1a97ed864129f7ff3eb26d1b3b892c3b60ed4b0a824e
preparation_raw/chr22_500_guide_184.columba_k0.stderr.txt	0	e3b0c44298fc1c149afbf4c8996fb92427ae41e4649b934ca495991b7852b855
preparation_raw/chr22_500_guide_184.columba_k0.stdout.txt	0	e3b0c44298fc1c149afbf4c8996fb92427ae41e4649b934ca495991b7852b855
preparation_raw/chr22_500_guide_184.crisprapido_k0.paf	198	6515b9dbed8f8ca2697a37a0c45ed7ac4b2f93d865d34bb2e78c0d1ed4079c6f
preparation_raw/chr22_500_guide_184.crisprapido_k0.stderr.txt	45	ecd997460eff8b19bac120208f47edd7be53e3371027aaa35d95fa07a5e79089
preparation_raw/chr22_500_guide_184.crisprapido_k0.stdout.txt	0	e3b0c44298fc1c149afbf4c8996fb92427ae41e4649b934ca495991b7852b855
preparation_raw/chr22_500_guide_185.columba_k0.log	2775	492ee5d7bd06651d0556584755cb9ced6c171ef1804106fbdf1bd5ea9c7e5050
preparation_raw/chr22_500_guide_185.columba_k0.sam	2345	c1468c659706a6b627b96adb2ff4b386aeaa21b77290d232f57c96cffa93d6c5
preparation_raw/chr22_500_guide_185.columba_k0.stderr.txt	0	e3b0c44298fc1c149afbf4c8996fb92427ae41e4649b934ca495991b7852b855
preparation_raw/chr22_500_guide_185.columba_k0.stdout.txt	0	e3b0c44298fc1c149afbf4c8996fb92427ae41e4649b934ca495991b7852b855
preparation_raw/chr22_500_guide_185.crisprapido_k0.paf	1851	a9420ddcb9064c983b0deca44d81f4ca678b2c28aad6a388f553c2d521412358
preparation_raw/chr22_500_guide_185.crisprapido_k0.stderr.txt	540	1377faeea4ce5e6c07858e0e939d7e8894e4debc77b039d45d02181b275fb9e7
preparation_raw/chr22_500_guide_185.crisprapido_k0.stdout.txt	0	e3b0c44298fc1c149afbf4c8996fb92427ae41e4649b934ca495991b7852b855
preparation_raw/chr22_500_guide_186.columba_k0.log	2772	815add20fe008fe9f7a7981bc591287099af4aff08be6f1a9326bb824a1a3392
preparation_raw/chr22_500_guide_186.columba_k0.sam	1081	6ac80196dea7da9a997529b95177c8ba56199f84142b9d2693cbef137328756c
preparation_raw/chr22_500_guide_186.columba_k0.stderr.txt	0	e3b0c44298fc1c149afbf4c8996fb92427ae41e4649b934ca495991b7852b855
preparation_raw/chr22_500_guide_186.columba_k0.stdout.txt	0	e3b0c44298fc1c149afbf4c8996fb92427ae41e4649b934ca495991b7852b855
preparation_raw/chr22_500_guide_186.crisprapido_k0.paf	303	9d42ee79cff47b6c0f2fb8ce0fdff42aba2f0b8f162bb1e81e1017ce5a3e90a9
preparation_raw/chr22_500_guide_186.crisprapido_k0.stderr.txt	45	ecd997460eff8b19bac120208f47edd7be53e3371027aaa35d95fa07a5e79089
preparation_raw/chr22_500_guide_186.crisprapido_k0.stdout.txt	0	e3b0c44298fc1c149afbf4c8996fb92427ae41e4649b934ca495991b7852b855
preparation_raw/chr22_500_guide_187.columba_k0.log	2773	73609e5a3fec2826883ebd2d0a2e76bf86ea4fa12b1384cbeb769622ce7e5e3a
preparation_raw/chr22_500_guide_187.columba_k0.sam	1160	12c6c360f41f4a380bb575a3cc96ad3feb95fae0e20fac41f5849f803bdd5a20
preparation_raw/chr22_500_guide_187.columba_k0.stderr.txt	0	e3b0c44298fc1c149afbf4c8996fb92427ae41e4649b934ca495991b7852b855
preparation_raw/chr22_500_guide_187.columba_k0.stdout.txt	0	e3b0c44298fc1c149afbf4c8996fb92427ae41e4649b934ca495991b7852b855
preparation_raw/chr22_500_guide_187.crisprapido_k0.paf	420	51a176042123342a4831eba8dca01b9000fbe062e0a6c2e88db63cc931977305
preparation_raw/chr22_500_guide_187.crisprapido_k0.stderr.txt	0	e3b0c44298fc1c149afbf4c8996fb92427ae41e4649b934ca495991b7852b855
preparation_raw/chr22_500_guide_187.crisprapido_k0.stdout.txt	0	e3b0c44298fc1c149afbf4c8996fb92427ae41e4649b934ca495991b7852b855
preparation_raw/chr22_500_guide_188.columba_k0.log	2772	d4497daa540f6254ac701fcd653a65a9420574a978927d53e21f493d6ecf3329
preparation_raw/chr22_500_guide_188.columba_k0.sam	924	c548342a5f796935d09b96caa0d0d90c9a81621ca5e009e1c6f60f411a07bb65
preparation_raw/chr22_500_guide_188.columba_k0.stderr.txt	0	e3b0c44298fc1c149afbf4c8996fb92427ae41e4649b934ca495991b7852b855
preparation_raw/chr22_500_guide_188.columba_k0.stdout.txt	0	e3b0c44298fc1c149afbf4c8996fb92427ae41e4649b934ca495991b7852b855
preparation_raw/chr22_500_guide_188.crisprapido_k0.paf	105	029b4bae64ebbe3decac5715b992bb89ceb0731276cd7cd8566eaca4250537b4
preparation_raw/chr22_500_guide_188.crisprapido_k0.stderr.txt	0	e3b0c44298fc1c149afbf4c8996fb92427ae41e4649b934ca495991b7852b855
preparation_raw/chr22_500_guide_188.crisprapido_k0.stdout.txt	0	e3b0c44298fc1c149afbf4c8996fb92427ae41e4649b934ca495991b7852b855
preparation_raw/chr22_500_guide_189.columba_k0.log	2773	3b49a55a5367c83d818c12721a9b3b9c5017ce2ca20975b6f2dc026d5dcaba8e
preparation_raw/chr22_500_guide_189.columba_k0.sam	1002	144231de2b6ec26861e18ffcdf45d5e855b413b7b0b902b6ea082d7c90eb031a
preparation_raw/chr22_500_guide_189.columba_k0.stderr.txt	0	e3b0c44298fc1c149afbf4c8996fb92427ae41e4649b934ca495991b7852b855
preparation_raw/chr22_500_guide_189.columba_k0.stdout.txt	0	e3b0c44298fc1c149afbf4c8996fb92427ae41e4649b934ca495991b7852b855
preparation_raw/chr22_500_guide_189.crisprapido_k0.paf	210	1a0a4c609cd5cf1946c36566a3f804c745395f17934a1617723121dc8047f381
preparation_raw/chr22_500_guide_189.crisprapido_k0.stderr.txt	0	e3b0c44298fc1c149afbf4c8996fb92427ae41e4649b934ca495991b7852b855
preparation_raw/chr22_500_guide_189.crisprapido_k0.stdout.txt	0	e3b0c44298fc1c149afbf4c8996fb92427ae41e4649b934ca495991b7852b855
preparation_raw/chr22_500_guide_190.columba_k0.log	2773	2789e818053f311ead70e349bf11119a4e28e6d99d015f0f361794305b739088
preparation_raw/chr22_500_guide_190.columba_k0.sam	1397	d6e89cbc5546d0d82e811ae94ba80c5ae76df9fac528bcc5a8f6054136383832
preparation_raw/chr22_500_guide_190.columba_k0.stderr.txt	0	e3b0c44298fc1c149afbf4c8996fb92427ae41e4649b934ca495991b7852b855
preparation_raw/chr22_500_guide_190.columba_k0.stdout.txt	0	e3b0c44298fc1c149afbf4c8996fb92427ae41e4649b934ca495991b7852b855
preparation_raw/chr22_500_guide_190.crisprapido_k0.paf	699	cf488f83e582f2993a052700e5ddf28ccd7b87d072913cbf46366c3bbf441717
preparation_raw/chr22_500_guide_190.crisprapido_k0.stderr.txt	135	638bd673bf5fc22f3fc8fe75f5600789d2b5d3f971a550e9446c8845c8fb98e7
preparation_raw/chr22_500_guide_190.crisprapido_k0.stdout.txt	0	e3b0c44298fc1c149afbf4c8996fb92427ae41e4649b934ca495991b7852b855
preparation_raw/chr22_500_guide_191.columba_k0.log	2773	c90ca46147d4aa0fdd2b5f73cae48f21a1bba0db4c646a4cc5964cc6c72af8af
preparation_raw/chr22_500_guide_191.columba_k0.sam	924	1c820754454793c5df923dacd6a1d8414aa57abaecda25218f6d3a7619cda36d
preparation_raw/chr22_500_guide_191.columba_k0.stderr.txt	0	e3b0c44298fc1c149afbf4c8996fb92427ae41e4649b934ca495991b7852b855
preparation_raw/chr22_500_guide_191.columba_k0.stdout.txt	0	e3b0c44298fc1c149afbf4c8996fb92427ae41e4649b934ca495991b7852b855
preparation_raw/chr22_500_guide_191.crisprapido_k0.paf	105	ec8c5f18d6d74bcaeb3d8a9231840ea7d431ef6bd61745bcd5ac037ce5c4b79e
preparation_raw/chr22_500_guide_191.crisprapido_k0.stderr.txt	0	e3b0c44298fc1c149afbf4c8996fb92427ae41e4649b934ca495991b7852b855
preparation_raw/chr22_500_guide_191.crisprapido_k0.stdout.txt	0	e3b0c44298fc1c149afbf4c8996fb92427ae41e4649b934ca495991b7852b855
preparation_raw/chr22_500_guide_192.columba_k0.log	2774	c72358b928281c767eec17c7b648ef7b406941f089d99a475475dacb8ad44a96
preparation_raw/chr22_500_guide_192.columba_k0.sam	1555	99c8284c2dc24a9bd6c0f1ba206bd14057f80d74e0212a50ea7a5ec5019a125b
preparation_raw/chr22_500_guide_192.columba_k0.stderr.txt	0	e3b0c44298fc1c149afbf4c8996fb92427ae41e4649b934ca495991b7852b855
preparation_raw/chr22_500_guide_192.columba_k0.stdout.txt	0	e3b0c44298fc1c149afbf4c8996fb92427ae41e4649b934ca495991b7852b855
preparation_raw/chr22_500_guide_192.crisprapido_k0.paf	873	bee85384b63ab072e9486c6bbedc69b83040dafdff1e8cfda76f021002823273
preparation_raw/chr22_500_guide_192.crisprapido_k0.stderr.txt	270	6dd37d45626373f97b36828739234e64b591905fb707084ab0eaed58b1b00c27
preparation_raw/chr22_500_guide_192.crisprapido_k0.stdout.txt	0	e3b0c44298fc1c149afbf4c8996fb92427ae41e4649b934ca495991b7852b855
preparation_raw/chr22_500_guide_193.columba_k0.log	2773	e28a5a7b493223c2caa5af0e1218354cac9eff86f4530994ea0491f692f2f68d
preparation_raw/chr22_500_guide_193.columba_k0.sam	924	f9f08e87bd7a3056aa8de347a143d7264c285993b3676d1471ca069dbd9f808e
preparation_raw/chr22_500_guide_193.columba_k0.stderr.txt	0	e3b0c44298fc1c149afbf4c8996fb92427ae41e4649b934ca495991b7852b855
preparation_raw/chr22_500_guide_193.columba_k0.stdout.txt	0	e3b0c44298fc1c149afbf4c8996fb92427ae41e4649b934ca495991b7852b855
preparation_raw/chr22_500_guide_193.crisprapido_k0.paf	105	a699d8af011bf9deb858b41d0fae396d8cff7641f7f0fffbf757531340e4d266
preparation_raw/chr22_500_guide_193.crisprapido_k0.stderr.txt	0	e3b0c44298fc1c149afbf4c8996fb92427ae41e4649b934ca495991b7852b855
preparation_raw/chr22_500_guide_193.crisprapido_k0.stdout.txt	0	e3b0c44298fc1c149afbf4c8996fb92427ae41e4649b934ca495991b7852b855
preparation_raw/chr22_500_guide_194.columba_k0.log	2773	7efd202e4447abedcb6623a0aa2fd498c0e8393d401d06de10e1ec5c6be2367f
preparation_raw/chr22_500_guide_194.columba_k0.sam	1081	2bc588ace0f98568abf4c1cde8e190b81cc482b41178355dc8f745e8bf2c70a2
preparation_raw/chr22_500_guide_194.columba_k0.stderr.txt	0	e3b0c44298fc1c149afbf4c8996fb92427ae41e4649b934ca495991b7852b855
preparation_raw/chr22_500_guide_194.columba_k0.stdout.txt	0	e3b0c44298fc1c149afbf4c8996fb92427ae41e4649b934ca495991b7852b855
preparation_raw/chr22_500_guide_194.crisprapido_k0.paf	315	a291bd91dbebb1668c9e3837ca7e290402125e3853d938df97ad1d7e81bf3470
preparation_raw/chr22_500_guide_194.crisprapido_k0.stderr.txt	0	e3b0c44298fc1c149afbf4c8996fb92427ae41e4649b934ca495991b7852b855
preparation_raw/chr22_500_guide_194.crisprapido_k0.stdout.txt	0	e3b0c44298fc1c149afbf4c8996fb92427ae41e4649b934ca495991b7852b855
preparation_raw/chr22_500_guide_195.columba_k0.log	2773	1f06160adc432c938241b8f7cc96ef05f730967d788812e56b78251c0814081c
preparation_raw/chr22_500_guide_195.columba_k0.sam	924	5a50b668cb65f946748ff8437f47e796836e4797cbce9e8f9f51fafaec403c6f
preparation_raw/chr22_500_guide_195.columba_k0.stderr.txt	0	e3b0c44298fc1c149afbf4c8996fb92427ae41e4649b934ca495991b7852b855
preparation_raw/chr22_500_guide_195.columba_k0.stdout.txt	0	e3b0c44298fc1c149afbf4c8996fb92427ae41e4649b934ca495991b7852b855
preparation_raw/chr22_500_guide_195.crisprapido_k0.paf	105	cac63da066aaf63d31569e7c953806e38e664ec0d4f305a178c2932f86cda903
preparation_raw/chr22_500_guide_195.crisprapido_k0.stderr.txt	0	e3b0c44298fc1c149afbf4c8996fb92427ae41e4649b934ca495991b7852b855
preparation_raw/chr22_500_guide_195.crisprapido_k0.stdout.txt	0	e3b0c44298fc1c149afbf4c8996fb92427ae41e4649b934ca495991b7852b855
preparation_raw/chr22_500_guide_196.columba_k0.log	2774	ff85a6e5198ae3e07b0c6efc7d85be191b3807df2f9b36afc740d5eda851ef04
preparation_raw/chr22_500_guide_196.columba_k0.sam	924	b4cf132a7ea8a42bdf96919c6f640f29c8571d6c3b44051e88a43902d37a9b38
preparation_raw/chr22_500_guide_196.columba_k0.stderr.txt	0	e3b0c44298fc1c149afbf4c8996fb92427ae41e4649b934ca495991b7852b855
preparation_raw/chr22_500_guide_196.columba_k0.stdout.txt	0	e3b0c44298fc1c149afbf4c8996fb92427ae41e4649b934ca495991b7852b855
preparation_raw/chr22_500_guide_196.crisprapido_k0.paf	105	9d313725a1565d5cfde76bfc23bd41168e8fdfe731f992e32e4e14928f1eba97
preparation_raw/chr22_500_guide_196.crisprapido_k0.stderr.txt	0	e3b0c44298fc1c149afbf4c8996fb92427ae41e4649b934ca495991b7852b855
preparation_raw/chr22_500_guide_196.crisprapido_k0.stdout.txt	0	e3b0c44298fc1c149afbf4c8996fb92427ae41e4649b934ca495991b7852b855
preparation_raw/chr22_500_guide_197.columba_k0.log	2773	169490a5440bcd60b494a5b7ce901b6734dee0d69d4f5f20f49b48e62c1fbca8
preparation_raw/chr22_500_guide_197.columba_k0.sam	924	12d42bd16211d210917da02c667e34064021c0acf24b6ee010d5a1b0d24a53a3
preparation_raw/chr22_500_guide_197.columba_k0.stderr.txt	0	e3b0c44298fc1c149afbf4c8996fb92427ae41e4649b934ca495991b7852b855
preparation_raw/chr22_500_guide_197.columba_k0.stdout.txt	0	e3b0c44298fc1c149afbf4c8996fb92427ae41e4649b934ca495991b7852b855
preparation_raw/chr22_500_guide_197.crisprapido_k0.paf	105	a782ddaa9a5f70399e6d3905808ed07c2d18b55d3a3463de730a15d748ee1f22
preparation_raw/chr22_500_guide_197.crisprapido_k0.stderr.txt	0	e3b0c44298fc1c149afbf4c8996fb92427ae41e4649b934ca495991b7852b855
preparation_raw/chr22_500_guide_197.crisprapido_k0.stdout.txt	0	e3b0c44298fc1c149afbf4c8996fb92427ae41e4649b934ca495991b7852b855
preparation_raw/chr22_500_guide_198.columba_k0.log	2773	294b1d4962e5f3d6aa06173ba0b4a91603537eed02a63ecfae0cdf25d615aad0
preparation_raw/chr22_500_guide_198.columba_k0.sam	924	03978c4d8811ad6b8f3ac2c05b5dc80588d42d4064a93e33bb2c7b0426011f94
preparation_raw/chr22_500_guide_198.columba_k0.stderr.txt	0	e3b0c44298fc1c149afbf4c8996fb92427ae41e4649b934ca495991b7852b855
preparation_raw/chr22_500_guide_198.columba_k0.stdout.txt	0	e3b0c44298fc1c149afbf4c8996fb92427ae41e4649b934ca495991b7852b855
preparation_raw/chr22_500_guide_198.crisprapido_k0.paf	105	4390a33a35b7293befeadb9fa60eb9d4727d057633aeb9a93007f6581228ca97
preparation_raw/chr22_500_guide_198.crisprapido_k0.stderr.txt	0	e3b0c44298fc1c149afbf4c8996fb92427ae41e4649b934ca495991b7852b855
preparation_raw/chr22_500_guide_198.crisprapido_k0.stdout.txt	0	e3b0c44298fc1c149afbf4c8996fb92427ae41e4649b934ca495991b7852b855
preparation_raw/chr22_500_guide_199.columba_k0.log	2773	90f6e6bc0a89158acfec77886e694feddee7e480bdf74b917ad10250b805dad4
preparation_raw/chr22_500_guide_199.columba_k0.sam	924	ee85f7a793500c70a985d0f7756c6a9131e5b6919cdecc0fe3306036333dfde3
preparation_raw/chr22_500_guide_199.columba_k0.stderr.txt	0	e3b0c44298fc1c149afbf4c8996fb92427ae41e4649b934ca495991b7852b855
preparation_raw/chr22_500_guide_199.columba_k0.stdout.txt	0	e3b0c44298fc1c149afbf4c8996fb92427ae41e4649b934ca495991b7852b855
preparation_raw/chr22_500_guide_199.crisprapido_k0.paf	105	1a9e47a73e5d927bda478b79a2e0b4fe3a9cb6a5e919786318654d9a3e5db97f
preparation_raw/chr22_500_guide_199.crisprapido_k0.stderr.txt	0	e3b0c44298fc1c149afbf4c8996fb92427ae41e4649b934ca495991b7852b855
preparation_raw/chr22_500_guide_199.crisprapido_k0.stdout.txt	0	e3b0c44298fc1c149afbf4c8996fb92427ae41e4649b934ca495991b7852b855
preparation_raw/chr22_500_guide_200.columba_k0.log	2773	eee9c2cdad696a5e66161ce9c4b2a5c38afffb5f618850bb89873909cd70e616
preparation_raw/chr22_500_guide_200.columba_k0.sam	924	e6d825ec485a4ba06f096805e08640e5e06eb522f46b20d5fd3e0f60578651b7
preparation_raw/chr22_500_guide_200.columba_k0.stderr.txt	0	e3b0c44298fc1c149afbf4c8996fb92427ae41e4649b934ca495991b7852b855
preparation_raw/chr22_500_guide_200.columba_k0.stdout.txt	0	e3b0c44298fc1c149afbf4c8996fb92427ae41e4649b934ca495991b7852b855
preparation_raw/chr22_500_guide_200.crisprapido_k0.paf	105	17756acd0a0ce54b4e745976cd31a47fd1c9f63f1661aa7d77bad966ffb5a944
preparation_raw/chr22_500_guide_200.crisprapido_k0.stderr.txt	0	e3b0c44298fc1c149afbf4c8996fb92427ae41e4649b934ca495991b7852b855
preparation_raw/chr22_500_guide_200.crisprapido_k0.stdout.txt	0	e3b0c44298fc1c149afbf4c8996fb92427ae41e4649b934ca495991b7852b855
preparation_raw/chr22_500_guide_201.columba_k0.log	2773	954b08c8d6d455a4df601b85e6693415fc178610ca7a26604a50055221e530fc
preparation_raw/chr22_500_guide_201.columba_k0.sam	924	f1bb93f82c0acc8fc3c213282782f0d701e2ab195900f5d1422057df48d59923
preparation_raw/chr22_500_guide_201.columba_k0.stderr.txt	0	e3b0c44298fc1c149afbf4c8996fb92427ae41e4649b934ca495991b7852b855
preparation_raw/chr22_500_guide_201.columba_k0.stdout.txt	0	e3b0c44298fc1c149afbf4c8996fb92427ae41e4649b934ca495991b7852b855
preparation_raw/chr22_500_guide_201.crisprapido_k0.paf	105	d88aae4e44e2164df083610d50c6847f10db3b5c1f2d13847a7673be16af1868
preparation_raw/chr22_500_guide_201.crisprapido_k0.stderr.txt	0	e3b0c44298fc1c149afbf4c8996fb92427ae41e4649b934ca495991b7852b855
preparation_raw/chr22_500_guide_201.crisprapido_k0.stdout.txt	0	e3b0c44298fc1c149afbf4c8996fb92427ae41e4649b934ca495991b7852b855
preparation_raw/chr22_500_guide_202.columba_k0.log	2773	9cede54a6c5e999c2aec42e68e4fca0594637ce2125771ba3ee07c05b08b624a
preparation_raw/chr22_500_guide_202.columba_k0.sam	924	51291aa54541ddc97891a9e6e338026da6629b0422ec351688fbfea353ad384a
preparation_raw/chr22_500_guide_202.columba_k0.stderr.txt	0	e3b0c44298fc1c149afbf4c8996fb92427ae41e4649b934ca495991b7852b855
preparation_raw/chr22_500_guide_202.columba_k0.stdout.txt	0	e3b0c44298fc1c149afbf4c8996fb92427ae41e4649b934ca495991b7852b855
preparation_raw/chr22_500_guide_202.crisprapido_k0.paf	105	44bbd841c087139227d04935f12732bc62035e07484977bb2a50a49eea89c20d
preparation_raw/chr22_500_guide_202.crisprapido_k0.stderr.txt	0	e3b0c44298fc1c149afbf4c8996fb92427ae41e4649b934ca495991b7852b855
preparation_raw/chr22_500_guide_202.crisprapido_k0.stdout.txt	0	e3b0c44298fc1c149afbf4c8996fb92427ae41e4649b934ca495991b7852b855
preparation_raw/chr22_500_guide_203.columba_k0.log	2773	dd54bd003ee1c3a9947e50637a23b13b5a739b739bbc1c87df996c1bb8e8591c
preparation_raw/chr22_500_guide_203.columba_k0.sam	924	28671d58845021e5e9384df6269f53740c23e167f5dde80d2004abb1b8784876
preparation_raw/chr22_500_guide_203.columba_k0.stderr.txt	0	e3b0c44298fc1c149afbf4c8996fb92427ae41e4649b934ca495991b7852b855
preparation_raw/chr22_500_guide_203.columba_k0.stdout.txt	0	e3b0c44298fc1c149afbf4c8996fb92427ae41e4649b934ca495991b7852b855
preparation_raw/chr22_500_guide_203.crisprapido_k0.paf	105	3e8108b8109dce3b65881841a62543e3eb3ba821fff9bc76b9b5e43ac8c75d77
preparation_raw/chr22_500_guide_203.crisprapido_k0.stderr.txt	0	e3b0c44298fc1c149afbf4c8996fb92427ae41e4649b934ca495991b7852b855
preparation_raw/chr22_500_guide_203.crisprapido_k0.stdout.txt	0	e3b0c44298fc1c149afbf4c8996fb92427ae41e4649b934ca495991b7852b855
preparation_raw/chr22_500_guide_204.columba_k0.log	2773	15bd3b2551e2e982c7c799891e8feec21d22fb7378673f6b613bfdb5668d4078
preparation_raw/chr22_500_guide_204.columba_k0.sam	924	5d0076ecbc93c1dbdf6def56d3fcd4b76857009113d3c2dd1120112317f92bab
preparation_raw/chr22_500_guide_204.columba_k0.stderr.txt	0	e3b0c44298fc1c149afbf4c8996fb92427ae41e4649b934ca495991b7852b855
preparation_raw/chr22_500_guide_204.columba_k0.stdout.txt	0	e3b0c44298fc1c149afbf4c8996fb92427ae41e4649b934ca495991b7852b855
preparation_raw/chr22_500_guide_204.crisprapido_k0.paf	105	9d1a5247a3e3b449bea633b6b52c4bc96829551e72493f376f89f7886050d9a4
preparation_raw/chr22_500_guide_204.crisprapido_k0.stderr.txt	0	e3b0c44298fc1c149afbf4c8996fb92427ae41e4649b934ca495991b7852b855
preparation_raw/chr22_500_guide_204.crisprapido_k0.stdout.txt	0	e3b0c44298fc1c149afbf4c8996fb92427ae41e4649b934ca495991b7852b855
preparation_raw/chr22_500_guide_205.columba_k0.log	2773	642163d7e077e598a0085eb14e5aa3f9f428d04f531f415d04bcde098493c559
preparation_raw/chr22_500_guide_205.columba_k0.sam	924	2f6208f2a3b28d4808ab2a8c254d9087767b6004a6dd2b5139cd7de06b0bed92
preparation_raw/chr22_500_guide_205.columba_k0.stderr.txt	0	e3b0c44298fc1c149afbf4c8996fb92427ae41e4649b934ca495991b7852b855
preparation_raw/chr22_500_guide_205.columba_k0.stdout.txt	0	e3b0c44298fc1c149afbf4c8996fb92427ae41e4649b934ca495991b7852b855
preparation_raw/chr22_500_guide_205.crisprapido_k0.paf	105	d85e0ff5645f715d69eebb1c501190406f12e2bc1747531c18af7fb511051273
preparation_raw/chr22_500_guide_205.crisprapido_k0.stderr.txt	0	e3b0c44298fc1c149afbf4c8996fb92427ae41e4649b934ca495991b7852b855
preparation_raw/chr22_500_guide_205.crisprapido_k0.stdout.txt	0	e3b0c44298fc1c149afbf4c8996fb92427ae41e4649b934ca495991b7852b855
preparation_raw/chr22_500_guide_206.columba_k0.log	2773	e5a3456c8955c9f220efdba44b0ba14f1dfcac306871311041158f6155a3386e
preparation_raw/chr22_500_guide_206.columba_k0.sam	924	009439fe25bcac0b37e13ef315719bf0614322a0f6269ffc22e16d2e24d10c87
preparation_raw/chr22_500_guide_206.columba_k0.stderr.txt	0	e3b0c44298fc1c149afbf4c8996fb92427ae41e4649b934ca495991b7852b855
preparation_raw/chr22_500_guide_206.columba_k0.stdout.txt	0	e3b0c44298fc1c149afbf4c8996fb92427ae41e4649b934ca495991b7852b855
preparation_raw/chr22_500_guide_206.crisprapido_k0.paf	105	0d05d9358e7eddcda81c0af29d014e6cbf29264f1da23b16a2ce4db5446e5bda
preparation_raw/chr22_500_guide_206.crisprapido_k0.stderr.txt	0	e3b0c44298fc1c149afbf4c8996fb92427ae41e4649b934ca495991b7852b855
preparation_raw/chr22_500_guide_206.crisprapido_k0.stdout.txt	0	e3b0c44298fc1c149afbf4c8996fb92427ae41e4649b934ca495991b7852b855
preparation_raw/chr22_500_guide_207.columba_k0.log	2773	ea837c34ebb1b705ce19c2df2b25f23f3053c839d0c477965e54dfc091be08e4
preparation_raw/chr22_500_guide_207.columba_k0.sam	924	63336f2a3bf72630efbc6939644f95858bac7e73f9168ab64d15599c260e516e
preparation_raw/chr22_500_guide_207.columba_k0.stderr.txt	0	e3b0c44298fc1c149afbf4c8996fb92427ae41e4649b934ca495991b7852b855
preparation_raw/chr22_500_guide_207.columba_k0.stdout.txt	0	e3b0c44298fc1c149afbf4c8996fb92427ae41e4649b934ca495991b7852b855
preparation_raw/chr22_500_guide_207.crisprapido_k0.paf	105	d3ec7c66bc10a3376e61eb42399a7bac83ea47eb29447109082383725c615d9d
preparation_raw/chr22_500_guide_207.crisprapido_k0.stderr.txt	0	e3b0c44298fc1c149afbf4c8996fb92427ae41e4649b934ca495991b7852b855
preparation_raw/chr22_500_guide_207.crisprapido_k0.stdout.txt	0	e3b0c44298fc1c149afbf4c8996fb92427ae41e4649b934ca495991b7852b855
preparation_raw/chr22_500_guide_208.columba_k0.log	2773	ca834470c81066443613bd3fada217ff01d4ae9a32aa677a92f0789a3bf002d0
preparation_raw/chr22_500_guide_208.columba_k0.sam	924	2cea1c0a065459fda238f7cbeab404d66b0cba03879398579717ba66f1c77bd1
preparation_raw/chr22_500_guide_208.columba_k0.stderr.txt	0	e3b0c44298fc1c149afbf4c8996fb92427ae41e4649b934ca495991b7852b855
preparation_raw/chr22_500_guide_208.columba_k0.stdout.txt	0	e3b0c44298fc1c149afbf4c8996fb92427ae41e4649b934ca495991b7852b855
preparation_raw/chr22_500_guide_208.crisprapido_k0.paf	105	5924fcb39f9667884df027edda8f627478be6271057a2d69844c736321e3169f
preparation_raw/chr22_500_guide_208.crisprapido_k0.stderr.txt	0	e3b0c44298fc1c149afbf4c8996fb92427ae41e4649b934ca495991b7852b855
preparation_raw/chr22_500_guide_208.crisprapido_k0.stdout.txt	0	e3b0c44298fc1c149afbf4c8996fb92427ae41e4649b934ca495991b7852b855
preparation_raw/chr22_500_guide_209.columba_k0.log	2773	147561088cea38e966f437a866ae6862221d91aa07b841caa9770432aebc7e96
preparation_raw/chr22_500_guide_209.columba_k0.sam	924	023ab164e47672d706cda6091e7ff0b399a8c6d525d64174a89b31fb455589f6
preparation_raw/chr22_500_guide_209.columba_k0.stderr.txt	0	e3b0c44298fc1c149afbf4c8996fb92427ae41e4649b934ca495991b7852b855
preparation_raw/chr22_500_guide_209.columba_k0.stdout.txt	0	e3b0c44298fc1c149afbf4c8996fb92427ae41e4649b934ca495991b7852b855
preparation_raw/chr22_500_guide_209.crisprapido_k0.paf	105	27efb82af164e4487a5cf1ccf7177efb814a97e6868618c2fb067d455ed85d72
preparation_raw/chr22_500_guide_209.crisprapido_k0.stderr.txt	0	e3b0c44298fc1c149afbf4c8996fb92427ae41e4649b934ca495991b7852b855
preparation_raw/chr22_500_guide_209.crisprapido_k0.stdout.txt	0	e3b0c44298fc1c149afbf4c8996fb92427ae41e4649b934ca495991b7852b855
preparation_raw/chr22_500_guide_210.columba_k0.log	2773	84de14b234bd0aec1ff6246bb49b59d86c0463cdb1f0dbe939f1e4ed01494fdd
preparation_raw/chr22_500_guide_210.columba_k0.sam	924	b884232bbb694726df7abc5ddfc7e9e1c4706f0c550d75d14aafffea505ceaf4
preparation_raw/chr22_500_guide_210.columba_k0.stderr.txt	0	e3b0c44298fc1c149afbf4c8996fb92427ae41e4649b934ca495991b7852b855
preparation_raw/chr22_500_guide_210.columba_k0.stdout.txt	0	e3b0c44298fc1c149afbf4c8996fb92427ae41e4649b934ca495991b7852b855
preparation_raw/chr22_500_guide_210.crisprapido_k0.paf	105	410125d8cde9aa8559c2cafa33ee82e57d7a2a7be8aa4340940d389453d4aa13
preparation_raw/chr22_500_guide_210.crisprapido_k0.stderr.txt	0	e3b0c44298fc1c149afbf4c8996fb92427ae41e4649b934ca495991b7852b855
preparation_raw/chr22_500_guide_210.crisprapido_k0.stdout.txt	0	e3b0c44298fc1c149afbf4c8996fb92427ae41e4649b934ca495991b7852b855
preparation_raw/chr22_500_guide_211.columba_k0.log	2772	5d67523490b86b71b1b8bac37f614b0fe5412b3656bca50cdd8e9c28290ca9d4
preparation_raw/chr22_500_guide_211.columba_k0.sam	924	1db12457a972df176faeed661e7a67585f107d0fb8291d9f91f57f68b796e327
preparation_raw/chr22_500_guide_211.columba_k0.stderr.txt	0	e3b0c44298fc1c149afbf4c8996fb92427ae41e4649b934ca495991b7852b855
preparation_raw/chr22_500_guide_211.columba_k0.stdout.txt	0	e3b0c44298fc1c149afbf4c8996fb92427ae41e4649b934ca495991b7852b855
preparation_raw/chr22_500_guide_211.crisprapido_k0.paf	105	41e46274a8dd6cb1d657fad47699c5e390b73ef35a2ecc76c39b610ebd936738
preparation_raw/chr22_500_guide_211.crisprapido_k0.stderr.txt	0	e3b0c44298fc1c149afbf4c8996fb92427ae41e4649b934ca495991b7852b855
preparation_raw/chr22_500_guide_211.crisprapido_k0.stdout.txt	0	e3b0c44298fc1c149afbf4c8996fb92427ae41e4649b934ca495991b7852b855
preparation_raw/chr22_500_guide_212.columba_k0.log	2773	e677f1b62e4e9b56f64a3569fe49ab021e525653466449a4056526ce2ac9f895
preparation_raw/chr22_500_guide_212.columba_k0.sam	924	c738da93c41dff46d0e0cb08a14184179b976c286e20df11d9918de66e996097
preparation_raw/chr22_500_guide_212.columba_k0.stderr.txt	0	e3b0c44298fc1c149afbf4c8996fb92427ae41e4649b934ca495991b7852b855
preparation_raw/chr22_500_guide_212.columba_k0.stdout.txt	0	e3b0c44298fc1c149afbf4c8996fb92427ae41e4649b934ca495991b7852b855
preparation_raw/chr22_500_guide_212.crisprapido_k0.paf	105	0d057f5850c297cf1f09afc06f955af4d002c5b0c22345db8611e361d5243223
preparation_raw/chr22_500_guide_212.crisprapido_k0.stderr.txt	0	e3b0c44298fc1c149afbf4c8996fb92427ae41e4649b934ca495991b7852b855
preparation_raw/chr22_500_guide_212.crisprapido_k0.stdout.txt	0	e3b0c44298fc1c149afbf4c8996fb92427ae41e4649b934ca495991b7852b855
preparation_raw/chr22_500_guide_213.columba_k0.log	2773	64cb6d25ef2b01d2185cbc59cb72f44d7c9dbd980465a7f9fa1bf2fcc8300a93
preparation_raw/chr22_500_guide_213.columba_k0.sam	1002	f432fb757a2ba26890d402d319b80384ae6baf4f24c0be140221adec726eeb01
preparation_raw/chr22_500_guide_213.columba_k0.stderr.txt	0	e3b0c44298fc1c149afbf4c8996fb92427ae41e4649b934ca495991b7852b855
preparation_raw/chr22_500_guide_213.columba_k0.stdout.txt	0	e3b0c44298fc1c149afbf4c8996fb92427ae41e4649b934ca495991b7852b855
preparation_raw/chr22_500_guide_213.crisprapido_k0.paf	198	0750254d4598a1695dbaade1146e921cf6dab58c8fc5ab334e4e36f882246f3f
preparation_raw/chr22_500_guide_213.crisprapido_k0.stderr.txt	45	ecd997460eff8b19bac120208f47edd7be53e3371027aaa35d95fa07a5e79089
preparation_raw/chr22_500_guide_213.crisprapido_k0.stdout.txt	0	e3b0c44298fc1c149afbf4c8996fb92427ae41e4649b934ca495991b7852b855
preparation_raw/chr22_500_guide_214.columba_k0.log	2773	7e8e64a73fbe995800b34a2337e45e5bae9083ae83bcab11c6a03d4c04a90e8f
preparation_raw/chr22_500_guide_214.columba_k0.sam	1160	cc7b4d1374aaf3140dcdd8ea7ca19f209273118034d5fc61123949a011de23a3
preparation_raw/chr22_500_guide_214.columba_k0.stderr.txt	0	e3b0c44298fc1c149afbf4c8996fb92427ae41e4649b934ca495991b7852b855
preparation_raw/chr22_500_guide_214.columba_k0.stdout.txt	0	e3b0c44298fc1c149afbf4c8996fb92427ae41e4649b934ca495991b7852b855
preparation_raw/chr22_500_guide_214.crisprapido_k0.paf	396	3ef164d913514d250e1338b3f3c2feed3c224bd0613c9208e8f499765cb50709
preparation_raw/chr22_500_guide_214.crisprapido_k0.stderr.txt	90	e738f131400a5df528e34a9a74400f6996b29d28e34bef3f730ed59c9b584539
preparation_raw/chr22_500_guide_214.crisprapido_k0.stdout.txt	0	e3b0c44298fc1c149afbf4c8996fb92427ae41e4649b934ca495991b7852b855
preparation_raw/chr22_500_guide_215.columba_k0.log	2773	81993fa3de26225e6b13f38de85884ab3087c697aee587146eb9c7ba34c61158
preparation_raw/chr22_500_guide_215.columba_k0.sam	924	6ca51cbc0ffcff4f81be737d8bb930d34eb6442df532cf598e2434b87400d914
preparation_raw/chr22_500_guide_215.columba_k0.stderr.txt	0	e3b0c44298fc1c149afbf4c8996fb92427ae41e4649b934ca495991b7852b855
preparation_raw/chr22_500_guide_215.columba_k0.stdout.txt	0	e3b0c44298fc1c149afbf4c8996fb92427ae41e4649b934ca495991b7852b855
preparation_raw/chr22_500_guide_215.crisprapido_k0.paf	105	63b76d0e58c2cecbbbcfe4992fd7ff1c45be184128a232ca263192df43d8669c
preparation_raw/chr22_500_guide_215.crisprapido_k0.stderr.txt	0	e3b0c44298fc1c149afbf4c8996fb92427ae41e4649b934ca495991b7852b855
preparation_raw/chr22_500_guide_215.crisprapido_k0.stdout.txt	0	e3b0c44298fc1c149afbf4c8996fb92427ae41e4649b934ca495991b7852b855
preparation_raw/chr22_500_guide_216.columba_k0.log	2773	e85c82e588481af8a8d5899851027b1c33352b09afb4cd531544859a3c4b7aea
preparation_raw/chr22_500_guide_216.columba_k0.sam	924	017c52a53f0099a3ea2be3d7af3aed7de9174b13a745b1c367587a51c6c25f3b
preparation_raw/chr22_500_guide_216.columba_k0.stderr.txt	0	e3b0c44298fc1c149afbf4c8996fb92427ae41e4649b934ca495991b7852b855
preparation_raw/chr22_500_guide_216.columba_k0.stdout.txt	0	e3b0c44298fc1c149afbf4c8996fb92427ae41e4649b934ca495991b7852b855
preparation_raw/chr22_500_guide_216.crisprapido_k0.paf	105	e266b204a7997147a3fd8f9d94740378fc9a8435605b2363e7555257caffd730
preparation_raw/chr22_500_guide_216.crisprapido_k0.stderr.txt	0	e3b0c44298fc1c149afbf4c8996fb92427ae41e4649b934ca495991b7852b855
preparation_raw/chr22_500_guide_216.crisprapido_k0.stdout.txt	0	e3b0c44298fc1c149afbf4c8996fb92427ae41e4649b934ca495991b7852b855
preparation_raw/chr22_500_guide_217.columba_k0.log	2772	ce9a9094b519b74a2a57ce72d9f238429308d78846f1bc91cef6bcef456fc613
preparation_raw/chr22_500_guide_217.columba_k0.sam	924	c484e41e0508acba071a49832e9b7ef56383e7edf4f35a5b0c9bd62da7e56438
preparation_raw/chr22_500_guide_217.columba_k0.stderr.txt	0	e3b0c44298fc1c149afbf4c8996fb92427ae41e4649b934ca495991b7852b855
preparation_raw/chr22_500_guide_217.columba_k0.stdout.txt	0	e3b0c44298fc1c149afbf4c8996fb92427ae41e4649b934ca495991b7852b855
preparation_raw/chr22_500_guide_217.crisprapido_k0.paf	105	bf3ea3e4771c6389b495a35456fadd28c1e956c9034804a5821e52e1827a51ff
preparation_raw/chr22_500_guide_217.crisprapido_k0.stderr.txt	0	e3b0c44298fc1c149afbf4c8996fb92427ae41e4649b934ca495991b7852b855
preparation_raw/chr22_500_guide_217.crisprapido_k0.stdout.txt	0	e3b0c44298fc1c149afbf4c8996fb92427ae41e4649b934ca495991b7852b855
preparation_raw/chr22_500_guide_218.columba_k0.log	2773	fd83c08cbeee7e661e0ba73fb959e26ad8835e21c397725c4dfc375eae7362de
preparation_raw/chr22_500_guide_218.columba_k0.sam	1002	2711bc005e3a64c8f428a99560f6d567348e4237f6be5dc88d35d2decc535ad2
preparation_raw/chr22_500_guide_218.columba_k0.stderr.txt	0	e3b0c44298fc1c149afbf4c8996fb92427ae41e4649b934ca495991b7852b855
preparation_raw/chr22_500_guide_218.columba_k0.stdout.txt	0	e3b0c44298fc1c149afbf4c8996fb92427ae41e4649b934ca495991b7852b855
preparation_raw/chr22_500_guide_218.crisprapido_k0.paf	198	fa914a29da8996379fd30ef387eefd7cdc6893880f37a6f45eeedb5b45c937c8
preparation_raw/chr22_500_guide_218.crisprapido_k0.stderr.txt	45	ecd997460eff8b19bac120208f47edd7be53e3371027aaa35d95fa07a5e79089
preparation_raw/chr22_500_guide_218.crisprapido_k0.stdout.txt	0	e3b0c44298fc1c149afbf4c8996fb92427ae41e4649b934ca495991b7852b855
preparation_raw/chr22_500_guide_219.columba_k0.log	2773	5eb87e81438617460b8d8fb8bd8ce611eef53085aef480c7a83258508f34d375
preparation_raw/chr22_500_guide_219.columba_k0.sam	924	962a974ab62bb2ec68e9988fdcef7a80cd3b9944528a518963cd25d7a5e7daa6
preparation_raw/chr22_500_guide_219.columba_k0.stderr.txt	0	e3b0c44298fc1c149afbf4c8996fb92427ae41e4649b934ca495991b7852b855
preparation_raw/chr22_500_guide_219.columba_k0.stdout.txt	0	e3b0c44298fc1c149afbf4c8996fb92427ae41e4649b934ca495991b7852b855
preparation_raw/chr22_500_guide_219.crisprapido_k0.paf	105	872f2f85baa7c28f5b262483d1218ee6344fc208ed78aec17d684a0eae7c0c68
preparation_raw/chr22_500_guide_219.crisprapido_k0.stderr.txt	0	e3b0c44298fc1c149afbf4c8996fb92427ae41e4649b934ca495991b7852b855
preparation_raw/chr22_500_guide_219.crisprapido_k0.stdout.txt	0	e3b0c44298fc1c149afbf4c8996fb92427ae41e4649b934ca495991b7852b855
preparation_raw/chr22_500_guide_220.columba_k0.log	2773	ff6acd34e3cd20bfe94e3bafd382305d68d2985989bef5f7b2c316959d85cd0a
preparation_raw/chr22_500_guide_220.columba_k0.sam	1002	c41a6bcf6dea1705314d713679559bb882947c2b52c29ffc3fbcf0d30beda6e1
preparation_raw/chr22_500_guide_220.columba_k0.stderr.txt	0	e3b0c44298fc1c149afbf4c8996fb92427ae41e4649b934ca495991b7852b855
preparation_raw/chr22_500_guide_220.columba_k0.stdout.txt	0	e3b0c44298fc1c149afbf4c8996fb92427ae41e4649b934ca495991b7852b855
preparation_raw/chr22_500_guide_220.crisprapido_k0.paf	210	5caccb6a555c66a357a84d81511bc5346d8c3386a9a53fd0ae08d0cfcf763064
preparation_raw/chr22_500_guide_220.crisprapido_k0.stderr.txt	0	e3b0c44298fc1c149afbf4c8996fb92427ae41e4649b934ca495991b7852b855
preparation_raw/chr22_500_guide_220.crisprapido_k0.stdout.txt	0	e3b0c44298fc1c149afbf4c8996fb92427ae41e4649b934ca495991b7852b855
preparation_raw/chr22_500_guide_221.columba_k0.log	2773	fb5ef51a63f35e3afbc8bb0634f4040d047a614b48a75b562588b0078d3aa36c
preparation_raw/chr22_500_guide_221.columba_k0.sam	924	50e02e27bbcc04543e5a215e18f4641c01cace657eb9db060e0af4b27ebb30d8
preparation_raw/chr22_500_guide_221.columba_k0.stderr.txt	0	e3b0c44298fc1c149afbf4c8996fb92427ae41e4649b934ca495991b7852b855
preparation_raw/chr22_500_guide_221.columba_k0.stdout.txt	0	e3b0c44298fc1c149afbf4c8996fb92427ae41e4649b934ca495991b7852b855
preparation_raw/chr22_500_guide_221.crisprapido_k0.paf	105	72b47f3e3ff515f9d0c7166ead60950213736f749d386c6069b92560416c9c56
preparation_raw/chr22_500_guide_221.crisprapido_k0.stderr.txt	0	e3b0c44298fc1c149afbf4c8996fb92427ae41e4649b934ca495991b7852b855
preparation_raw/chr22_500_guide_221.crisprapido_k0.stdout.txt	0	e3b0c44298fc1c149afbf4c8996fb92427ae41e4649b934ca495991b7852b855
preparation_raw/chr22_500_guide_222.columba_k0.log	2773	1d35e6929d8cd72d4e201d64cfdd6e50c3fe444486dfab5cb5afb0b239ac8b97
preparation_raw/chr22_500_guide_222.columba_k0.sam	924	95b87e592fd74a18cf77d1dce7a796d4684664b2fa65983606af1d0417b81c35
preparation_raw/chr22_500_guide_222.columba_k0.stderr.txt	0	e3b0c44298fc1c149afbf4c8996fb92427ae41e4649b934ca495991b7852b855
preparation_raw/chr22_500_guide_222.columba_k0.stdout.txt	0	e3b0c44298fc1c149afbf4c8996fb92427ae41e4649b934ca495991b7852b855
preparation_raw/chr22_500_guide_222.crisprapido_k0.paf	105	6f82a4b03c8a18fd06ca9940024af4ce0a01fb5e93ea9ba2feacab228c154786
preparation_raw/chr22_500_guide_222.crisprapido_k0.stderr.txt	0	e3b0c44298fc1c149afbf4c8996fb92427ae41e4649b934ca495991b7852b855
preparation_raw/chr22_500_guide_222.crisprapido_k0.stdout.txt	0	e3b0c44298fc1c149afbf4c8996fb92427ae41e4649b934ca495991b7852b855
preparation_raw/chr22_500_guide_223.columba_k0.log	2772	db6933a48d1b5f56d69f2d6de2241cd1b77b5ccc87d12d04a1503d465b445ef5
preparation_raw/chr22_500_guide_223.columba_k0.sam	924	5da6253360e69f4731600230c516d469e25d0643d9d787503fe40bd6a4121b9a
preparation_raw/chr22_500_guide_223.columba_k0.stderr.txt	0	e3b0c44298fc1c149afbf4c8996fb92427ae41e4649b934ca495991b7852b855
preparation_raw/chr22_500_guide_223.columba_k0.stdout.txt	0	e3b0c44298fc1c149afbf4c8996fb92427ae41e4649b934ca495991b7852b855
preparation_raw/chr22_500_guide_223.crisprapido_k0.paf	105	7e528a989c31c40be279492b74efb2b32bbafcb76168ffa5ecf4da003dd2852c
preparation_raw/chr22_500_guide_223.crisprapido_k0.stderr.txt	0	e3b0c44298fc1c149afbf4c8996fb92427ae41e4649b934ca495991b7852b855
preparation_raw/chr22_500_guide_223.crisprapido_k0.stdout.txt	0	e3b0c44298fc1c149afbf4c8996fb92427ae41e4649b934ca495991b7852b855
preparation_raw/chr22_500_guide_224.columba_k0.log	2773	e13094d9b4afb71a1f4186736a645585ed00514d0f92de39dec91f3e194a3370
preparation_raw/chr22_500_guide_224.columba_k0.sam	1002	8f1a837aa7d799c0d61fe6b84358a1b52d1ca7082c2bbf36ab72034030dc4299
preparation_raw/chr22_500_guide_224.columba_k0.stderr.txt	0	e3b0c44298fc1c149afbf4c8996fb92427ae41e4649b934ca495991b7852b855
preparation_raw/chr22_500_guide_224.columba_k0.stdout.txt	0	e3b0c44298fc1c149afbf4c8996fb92427ae41e4649b934ca495991b7852b855
preparation_raw/chr22_500_guide_224.crisprapido_k0.paf	210	fc6ef0c24eb0bd55a31475ee4fabe8572fdafe75620948af4e6cb2031ef7968a
preparation_raw/chr22_500_guide_224.crisprapido_k0.stderr.txt	0	e3b0c44298fc1c149afbf4c8996fb92427ae41e4649b934ca495991b7852b855
preparation_raw/chr22_500_guide_224.crisprapido_k0.stdout.txt	0	e3b0c44298fc1c149afbf4c8996fb92427ae41e4649b934ca495991b7852b855
preparation_raw/chr22_500_guide_225.columba_k0.log	2773	a2d7bc7c9d23429c906ce3e9168589a7f444c23342be5df79220c194ce4da04d
preparation_raw/chr22_500_guide_225.columba_k0.sam	924	327034e1dc9c98cbfa32d6984a804ee49e2e2aa469f86cb3655717e51d16088b
preparation_raw/chr22_500_guide_225.columba_k0.stderr.txt	0	e3b0c44298fc1c149afbf4c8996fb92427ae41e4649b934ca495991b7852b855
preparation_raw/chr22_500_guide_225.columba_k0.stdout.txt	0	e3b0c44298fc1c149afbf4c8996fb92427ae41e4649b934ca495991b7852b855
preparation_raw/chr22_500_guide_225.crisprapido_k0.paf	105	aac2adbdf5d4ef501aeedcf2a7c63c69c0edfbd1112cfad1509553d2cd8700eb
preparation_raw/chr22_500_guide_225.crisprapido_k0.stderr.txt	0	e3b0c44298fc1c149afbf4c8996fb92427ae41e4649b934ca495991b7852b855
preparation_raw/chr22_500_guide_225.crisprapido_k0.stdout.txt	0	e3b0c44298fc1c149afbf4c8996fb92427ae41e4649b934ca495991b7852b855
preparation_raw/chr22_500_guide_226.columba_k0.log	2773	105fefdcc4ee74e84e52414efcc0828e5317e2c3775ded2295c7b26241043955
preparation_raw/chr22_500_guide_226.columba_k0.sam	924	4d444f454b72b598994f4436a220d7ed2c2406e716a81fd5cf7b165b7edabece
preparation_raw/chr22_500_guide_226.columba_k0.stderr.txt	0	e3b0c44298fc1c149afbf4c8996fb92427ae41e4649b934ca495991b7852b855
preparation_raw/chr22_500_guide_226.columba_k0.stdout.txt	0	e3b0c44298fc1c149afbf4c8996fb92427ae41e4649b934ca495991b7852b855
preparation_raw/chr22_500_guide_226.crisprapido_k0.paf	105	94662f76c5a2e1983e29f9285786131e7dfa5e0469adfc1d64b03f76edd026e8
preparation_raw/chr22_500_guide_226.crisprapido_k0.stderr.txt	0	e3b0c44298fc1c149afbf4c8996fb92427ae41e4649b934ca495991b7852b855
preparation_raw/chr22_500_guide_226.crisprapido_k0.stdout.txt	0	e3b0c44298fc1c149afbf4c8996fb92427ae41e4649b934ca495991b7852b855
preparation_raw/chr22_500_guide_227.columba_k0.log	2773	f8c3d5cd15b4866d062648ec3c6c038cd66468f9b8e7006257f0a46026154726
preparation_raw/chr22_500_guide_227.columba_k0.sam	924	12f9b278d20e5362551e3b8480731972e70febabca1463d01244cfb738659fe2
preparation_raw/chr22_500_guide_227.columba_k0.stderr.txt	0	e3b0c44298fc1c149afbf4c8996fb92427ae41e4649b934ca495991b7852b855
preparation_raw/chr22_500_guide_227.columba_k0.stdout.txt	0	e3b0c44298fc1c149afbf4c8996fb92427ae41e4649b934ca495991b7852b855
preparation_raw/chr22_500_guide_227.crisprapido_k0.paf	105	22d5655df7a017b496eba42ed43213b203f8a0be1e2d8f176c1e3c5f3c371478
preparation_raw/chr22_500_guide_227.crisprapido_k0.stderr.txt	0	e3b0c44298fc1c149afbf4c8996fb92427ae41e4649b934ca495991b7852b855
preparation_raw/chr22_500_guide_227.crisprapido_k0.stdout.txt	0	e3b0c44298fc1c149afbf4c8996fb92427ae41e4649b934ca495991b7852b855
preparation_raw/chr22_500_guide_228.columba_k0.log	2773	42e518b93a546f26e154773d5c49619fa4750f4712f6c8be40a9502b7f2b1431
preparation_raw/chr22_500_guide_228.columba_k0.sam	924	89bf93142cad96f181147c46c60ca477e61033b5930fa023a8cdf2e33411878f
preparation_raw/chr22_500_guide_228.columba_k0.stderr.txt	0	e3b0c44298fc1c149afbf4c8996fb92427ae41e4649b934ca495991b7852b855
preparation_raw/chr22_500_guide_228.columba_k0.stdout.txt	0	e3b0c44298fc1c149afbf4c8996fb92427ae41e4649b934ca495991b7852b855
preparation_raw/chr22_500_guide_228.crisprapido_k0.paf	105	714554ca8eac6dff9bf1ea7bcd982ded36f466eaa79bea00a33e12ff4252393b
preparation_raw/chr22_500_guide_228.crisprapido_k0.stderr.txt	0	e3b0c44298fc1c149afbf4c8996fb92427ae41e4649b934ca495991b7852b855
preparation_raw/chr22_500_guide_228.crisprapido_k0.stdout.txt	0	e3b0c44298fc1c149afbf4c8996fb92427ae41e4649b934ca495991b7852b855
preparation_raw/chr22_500_guide_229.columba_k0.log	2773	b1883fbad71a4022c1419ed215959f631be59063d47924774f20228094289e71
preparation_raw/chr22_500_guide_229.columba_k0.sam	924	a7dec5f9b5b594ba68b197823d45177304b907bf8d3c0bfc325bcda77c69f0f8
preparation_raw/chr22_500_guide_229.columba_k0.stderr.txt	0	e3b0c44298fc1c149afbf4c8996fb92427ae41e4649b934ca495991b7852b855
preparation_raw/chr22_500_guide_229.columba_k0.stdout.txt	0	e3b0c44298fc1c149afbf4c8996fb92427ae41e4649b934ca495991b7852b855
preparation_raw/chr22_500_guide_229.crisprapido_k0.paf	105	5dd95897a99de5c99923bee729265bb935a9a9c19c1fcf9fdf9f1a7f104c4420
preparation_raw/chr22_500_guide_229.crisprapido_k0.stderr.txt	0	e3b0c44298fc1c149afbf4c8996fb92427ae41e4649b934ca495991b7852b855
preparation_raw/chr22_500_guide_229.crisprapido_k0.stdout.txt	0	e3b0c44298fc1c149afbf4c8996fb92427ae41e4649b934ca495991b7852b855
preparation_raw/chr22_500_guide_230.columba_k0.log	2774	ae6bdbdcc4e347f0edc5e8c81945bea32f66b37d3738843ebb41ba828af9e66b
preparation_raw/chr22_500_guide_230.columba_k0.sam	924	5044870344aa274b1c889bedd3a3e0301b35af074378b977e554faac2da399a2
preparation_raw/chr22_500_guide_230.columba_k0.stderr.txt	0	e3b0c44298fc1c149afbf4c8996fb92427ae41e4649b934ca495991b7852b855
preparation_raw/chr22_500_guide_230.columba_k0.stdout.txt	0	e3b0c44298fc1c149afbf4c8996fb92427ae41e4649b934ca495991b7852b855
preparation_raw/chr22_500_guide_230.crisprapido_k0.paf	105	dae6b11dd1df41ce81161860697cb6e23a95f2652512a8354707deb29d8c739c
preparation_raw/chr22_500_guide_230.crisprapido_k0.stderr.txt	0	e3b0c44298fc1c149afbf4c8996fb92427ae41e4649b934ca495991b7852b855
preparation_raw/chr22_500_guide_230.crisprapido_k0.stdout.txt	0	e3b0c44298fc1c149afbf4c8996fb92427ae41e4649b934ca495991b7852b855
preparation_raw/chr22_500_guide_231.columba_k0.log	2774	469ef57c6fbc612fc3809e64da9e4c03bf9687973ca3dc0d866bd08db79fa8e1
preparation_raw/chr22_500_guide_231.columba_k0.sam	924	089313a89185805553e3a67ca53b0193cef6bc308fbbf76b62c91a704faefda3
preparation_raw/chr22_500_guide_231.columba_k0.stderr.txt	0	e3b0c44298fc1c149afbf4c8996fb92427ae41e4649b934ca495991b7852b855
preparation_raw/chr22_500_guide_231.columba_k0.stdout.txt	0	e3b0c44298fc1c149afbf4c8996fb92427ae41e4649b934ca495991b7852b855
preparation_raw/chr22_500_guide_231.crisprapido_k0.paf	105	948dbfd6425bdb3088906f63eb868902942301af431fc9e95949314af66ff6d0
preparation_raw/chr22_500_guide_231.crisprapido_k0.stderr.txt	0	e3b0c44298fc1c149afbf4c8996fb92427ae41e4649b934ca495991b7852b855
preparation_raw/chr22_500_guide_231.crisprapido_k0.stdout.txt	0	e3b0c44298fc1c149afbf4c8996fb92427ae41e4649b934ca495991b7852b855
preparation_raw/chr22_500_guide_232.columba_k0.log	2774	9897e2a879736d0a8966805254490c481fa765d29d0e39b9e8d0857bfbf2c280
preparation_raw/chr22_500_guide_232.columba_k0.sam	1002	be4db3d35a921a849366562516a433ff6b30660e8500ab4295b8f84f8331c327
preparation_raw/chr22_500_guide_232.columba_k0.stderr.txt	0	e3b0c44298fc1c149afbf4c8996fb92427ae41e4649b934ca495991b7852b855
preparation_raw/chr22_500_guide_232.columba_k0.stdout.txt	0	e3b0c44298fc1c149afbf4c8996fb92427ae41e4649b934ca495991b7852b855
preparation_raw/chr22_500_guide_232.crisprapido_k0.paf	210	5a0c3d3934f0b3f158167a9dda4ed61e4b878613b55c83eba3a29cb122bb587f
preparation_raw/chr22_500_guide_232.crisprapido_k0.stderr.txt	0	e3b0c44298fc1c149afbf4c8996fb92427ae41e4649b934ca495991b7852b855
preparation_raw/chr22_500_guide_232.crisprapido_k0.stdout.txt	0	e3b0c44298fc1c149afbf4c8996fb92427ae41e4649b934ca495991b7852b855
preparation_raw/chr22_500_guide_233.columba_k0.log	2773	a9b0f791d466493f0afae11ad742f0a51f52a907209d02c72f1550585e41a880
preparation_raw/chr22_500_guide_233.columba_k0.sam	924	10cd8507f2bb33115bc0b0b52495caaca0afacddff4904df0087d497d5b5f835
preparation_raw/chr22_500_guide_233.columba_k0.stderr.txt	0	e3b0c44298fc1c149afbf4c8996fb92427ae41e4649b934ca495991b7852b855
preparation_raw/chr22_500_guide_233.columba_k0.stdout.txt	0	e3b0c44298fc1c149afbf4c8996fb92427ae41e4649b934ca495991b7852b855
preparation_raw/chr22_500_guide_233.crisprapido_k0.paf	105	ca51411298336dbdfe2d1022ed02e74028dfbcd2e0e397a8224fce4f6017af72
preparation_raw/chr22_500_guide_233.crisprapido_k0.stderr.txt	0	e3b0c44298fc1c149afbf4c8996fb92427ae41e4649b934ca495991b7852b855
preparation_raw/chr22_500_guide_233.crisprapido_k0.stdout.txt	0	e3b0c44298fc1c149afbf4c8996fb92427ae41e4649b934ca495991b7852b855
preparation_raw/chr22_500_guide_234.columba_k0.log	2773	5a3c2524b598a26a0c2bfd3970b99cdc36955d1dcd5e689fe3a5740209ab1c9c
preparation_raw/chr22_500_guide_234.columba_k0.sam	924	df0089ff58b533f93633c58b51e40404b8f26b3b6e94038061e1a09f566b9b56
preparation_raw/chr22_500_guide_234.columba_k0.stderr.txt	0	e3b0c44298fc1c149afbf4c8996fb92427ae41e4649b934ca495991b7852b855
preparation_raw/chr22_500_guide_234.columba_k0.stdout.txt	0	e3b0c44298fc1c149afbf4c8996fb92427ae41e4649b934ca495991b7852b855
preparation_raw/chr22_500_guide_234.crisprapido_k0.paf	105	559f7e67d202d27824782db27afaef4c7023d13de9ac2f9e0d96441ac0764ef7
preparation_raw/chr22_500_guide_234.crisprapido_k0.stderr.txt	0	e3b0c44298fc1c149afbf4c8996fb92427ae41e4649b934ca495991b7852b855
preparation_raw/chr22_500_guide_234.crisprapido_k0.stdout.txt	0	e3b0c44298fc1c149afbf4c8996fb92427ae41e4649b934ca495991b7852b855
preparation_raw/chr22_500_guide_235.columba_k0.log	2773	92f34db4308d60e0f93120fb937c764abe2eb690d7e6a8a83fce5aab11749e5f
preparation_raw/chr22_500_guide_235.columba_k0.sam	924	e37cdd01c4cef904f2913b3e63d8a63e010a10c108d2b7acffd59f4d4c4e90ba
preparation_raw/chr22_500_guide_235.columba_k0.stderr.txt	0	e3b0c44298fc1c149afbf4c8996fb92427ae41e4649b934ca495991b7852b855
preparation_raw/chr22_500_guide_235.columba_k0.stdout.txt	0	e3b0c44298fc1c149afbf4c8996fb92427ae41e4649b934ca495991b7852b855
preparation_raw/chr22_500_guide_235.crisprapido_k0.paf	105	80326d781f5ecae351589ee4107bc2da49fa1ef20ecd12922b789c1f9c7c6bc1
preparation_raw/chr22_500_guide_235.crisprapido_k0.stderr.txt	0	e3b0c44298fc1c149afbf4c8996fb92427ae41e4649b934ca495991b7852b855
preparation_raw/chr22_500_guide_235.crisprapido_k0.stdout.txt	0	e3b0c44298fc1c149afbf4c8996fb92427ae41e4649b934ca495991b7852b855
preparation_raw/chr22_500_guide_236.columba_k0.log	2773	fc092754529b441317e826abc5eee136d3d6c7347b1ad11d5cc3fc42470a6b7b
preparation_raw/chr22_500_guide_236.columba_k0.sam	924	8064c06e5b98bb64b8f7f0fa3665bed0d893591545744cb2569dd9ca879ac5e9
preparation_raw/chr22_500_guide_236.columba_k0.stderr.txt	0	e3b0c44298fc1c149afbf4c8996fb92427ae41e4649b934ca495991b7852b855
preparation_raw/chr22_500_guide_236.columba_k0.stdout.txt	0	e3b0c44298fc1c149afbf4c8996fb92427ae41e4649b934ca495991b7852b855
preparation_raw/chr22_500_guide_236.crisprapido_k0.paf	105	6873e81c95093f02fe9950b0a4e16005b1a7677c0c2d1e08e409ac9fcee80573
preparation_raw/chr22_500_guide_236.crisprapido_k0.stderr.txt	0	e3b0c44298fc1c149afbf4c8996fb92427ae41e4649b934ca495991b7852b855
preparation_raw/chr22_500_guide_236.crisprapido_k0.stdout.txt	0	e3b0c44298fc1c149afbf4c8996fb92427ae41e4649b934ca495991b7852b855
preparation_raw/chr22_500_guide_237.columba_k0.log	2773	b9b3feaa5be9caac48e246506bf2de3e78b11a3fb0ebe41add27b8d73d310753
preparation_raw/chr22_500_guide_237.columba_k0.sam	924	5fd52cf944058bea1f0c87e7f6dc5edabc1a79f0c43973dfa816b5151bf048db
preparation_raw/chr22_500_guide_237.columba_k0.stderr.txt	0	e3b0c44298fc1c149afbf4c8996fb92427ae41e4649b934ca495991b7852b855
preparation_raw/chr22_500_guide_237.columba_k0.stdout.txt	0	e3b0c44298fc1c149afbf4c8996fb92427ae41e4649b934ca495991b7852b855
preparation_raw/chr22_500_guide_237.crisprapido_k0.paf	105	0abb692cfa9f5a252fe3b1d2d8d9d08f6739c95819a20ad81f84a718487ff25a
preparation_raw/chr22_500_guide_237.crisprapido_k0.stderr.txt	0	e3b0c44298fc1c149afbf4c8996fb92427ae41e4649b934ca495991b7852b855
preparation_raw/chr22_500_guide_237.crisprapido_k0.stdout.txt	0	e3b0c44298fc1c149afbf4c8996fb92427ae41e4649b934ca495991b7852b855
preparation_raw/chr22_500_guide_238.columba_k0.log	2773	582845d1e50d7f4d6dbb268c3dc8bd5454eef8f0f65425d7f3e25afcf142b193
preparation_raw/chr22_500_guide_238.columba_k0.sam	924	53ffcce52e0f375464dda2b37bc6ad343a97e0342d35ca8f70b336f94021168c
preparation_raw/chr22_500_guide_238.columba_k0.stderr.txt	0	e3b0c44298fc1c149afbf4c8996fb92427ae41e4649b934ca495991b7852b855
preparation_raw/chr22_500_guide_238.columba_k0.stdout.txt	0	e3b0c44298fc1c149afbf4c8996fb92427ae41e4649b934ca495991b7852b855
preparation_raw/chr22_500_guide_238.crisprapido_k0.paf	105	bc3b9f3f86cc8bbd34d0a114947da783ee284f28a9a17754f8b3028fd08951a9
preparation_raw/chr22_500_guide_238.crisprapido_k0.stderr.txt	0	e3b0c44298fc1c149afbf4c8996fb92427ae41e4649b934ca495991b7852b855
preparation_raw/chr22_500_guide_238.crisprapido_k0.stdout.txt	0	e3b0c44298fc1c149afbf4c8996fb92427ae41e4649b934ca495991b7852b855
preparation_raw/chr22_500_guide_239.columba_k0.log	2774	077be305699f9c0a77cfbac5f62a78ccc84d407ca878b4217d417389fca41afe
preparation_raw/chr22_500_guide_239.columba_k0.sam	924	28ba98a053287a863b0d89591e01cb6a29bd196aa77ddfe687429a13ce661843
preparation_raw/chr22_500_guide_239.columba_k0.stderr.txt	0	e3b0c44298fc1c149afbf4c8996fb92427ae41e4649b934ca495991b7852b855
preparation_raw/chr22_500_guide_239.columba_k0.stdout.txt	0	e3b0c44298fc1c149afbf4c8996fb92427ae41e4649b934ca495991b7852b855
preparation_raw/chr22_500_guide_239.crisprapido_k0.paf	105	b06803d19ac167e2ad3b8c6242945d1284df798d5c097e179fbae26c172aed64
preparation_raw/chr22_500_guide_239.crisprapido_k0.stderr.txt	0	e3b0c44298fc1c149afbf4c8996fb92427ae41e4649b934ca495991b7852b855
preparation_raw/chr22_500_guide_239.crisprapido_k0.stdout.txt	0	e3b0c44298fc1c149afbf4c8996fb92427ae41e4649b934ca495991b7852b855
preparation_raw/chr22_500_guide_240.columba_k0.log	2773	127f9c99c42ad173fe5d53356ae212b0b0329702531e7d2155b3dbb5f3bddc05
preparation_raw/chr22_500_guide_240.columba_k0.sam	924	4387ad2ce4ee3667afb0b3d936db3a04701a3ca1a3695b53825e31570728a3d9
preparation_raw/chr22_500_guide_240.columba_k0.stderr.txt	0	e3b0c44298fc1c149afbf4c8996fb92427ae41e4649b934ca495991b7852b855
preparation_raw/chr22_500_guide_240.columba_k0.stdout.txt	0	e3b0c44298fc1c149afbf4c8996fb92427ae41e4649b934ca495991b7852b855
preparation_raw/chr22_500_guide_240.crisprapido_k0.paf	105	cd82c6f69d17ef93e8a39ab104e1fd06550b7e78cbabd6c112773fbb528ade2f
preparation_raw/chr22_500_guide_240.crisprapido_k0.stderr.txt	0	e3b0c44298fc1c149afbf4c8996fb92427ae41e4649b934ca495991b7852b855
preparation_raw/chr22_500_guide_240.crisprapido_k0.stdout.txt	0	e3b0c44298fc1c149afbf4c8996fb92427ae41e4649b934ca495991b7852b855
preparation_raw/chr22_500_guide_241.columba_k0.log	2773	e4423cf418409d05a18fa004a062a25ef5c355ac9c333cf2160c8fabc238b411
preparation_raw/chr22_500_guide_241.columba_k0.sam	924	0aed0596ab888043458482f5d8b269d15275a08ed61d718f1a4d4dd41e488a66
preparation_raw/chr22_500_guide_241.columba_k0.stderr.txt	0	e3b0c44298fc1c149afbf4c8996fb92427ae41e4649b934ca495991b7852b855
preparation_raw/chr22_500_guide_241.columba_k0.stdout.txt	0	e3b0c44298fc1c149afbf4c8996fb92427ae41e4649b934ca495991b7852b855
preparation_raw/chr22_500_guide_241.crisprapido_k0.paf	105	e37c211d0e5aef8879cc8a7d50e07e6c3225c140733fc907790bcb68cb40cc27
preparation_raw/chr22_500_guide_241.crisprapido_k0.stderr.txt	0	e3b0c44298fc1c149afbf4c8996fb92427ae41e4649b934ca495991b7852b855
preparation_raw/chr22_500_guide_241.crisprapido_k0.stdout.txt	0	e3b0c44298fc1c149afbf4c8996fb92427ae41e4649b934ca495991b7852b855
preparation_raw/chr22_500_guide_242.columba_k0.log	2773	336e360ddb4f8a86ee2e1863c246ed80d14d2af09f689d055c9470ad5c635fd5
preparation_raw/chr22_500_guide_242.columba_k0.sam	924	de8e68fa0bb16b487a7f1fbf12549e309b6537de57b07864e0d84ece364f277e
preparation_raw/chr22_500_guide_242.columba_k0.stderr.txt	0	e3b0c44298fc1c149afbf4c8996fb92427ae41e4649b934ca495991b7852b855
preparation_raw/chr22_500_guide_242.columba_k0.stdout.txt	0	e3b0c44298fc1c149afbf4c8996fb92427ae41e4649b934ca495991b7852b855
preparation_raw/chr22_500_guide_242.crisprapido_k0.paf	105	808b851e321fd57c9ed18955deffb0cd298667205fc930fb7b5e62d4518211e3
preparation_raw/chr22_500_guide_242.crisprapido_k0.stderr.txt	0	e3b0c44298fc1c149afbf4c8996fb92427ae41e4649b934ca495991b7852b855
preparation_raw/chr22_500_guide_242.crisprapido_k0.stdout.txt	0	e3b0c44298fc1c149afbf4c8996fb92427ae41e4649b934ca495991b7852b855
preparation_raw/chr22_500_guide_243.columba_k0.log	2773	578cdf6d3e6c080a05e9dffd4d7aac418e025f421618f6d4e5289f74620c16f7
preparation_raw/chr22_500_guide_243.columba_k0.sam	924	606786e9f87628f75bae4b941397f03bce26374f9ff6db1f3df71ff14b97b847
preparation_raw/chr22_500_guide_243.columba_k0.stderr.txt	0	e3b0c44298fc1c149afbf4c8996fb92427ae41e4649b934ca495991b7852b855
preparation_raw/chr22_500_guide_243.columba_k0.stdout.txt	0	e3b0c44298fc1c149afbf4c8996fb92427ae41e4649b934ca495991b7852b855
preparation_raw/chr22_500_guide_243.crisprapido_k0.paf	105	8792fde44994992a9a8994a4f689c45ec6d4ba56b39c8cd5600635b702b33e9c
preparation_raw/chr22_500_guide_243.crisprapido_k0.stderr.txt	0	e3b0c44298fc1c149afbf4c8996fb92427ae41e4649b934ca495991b7852b855
preparation_raw/chr22_500_guide_243.crisprapido_k0.stdout.txt	0	e3b0c44298fc1c149afbf4c8996fb92427ae41e4649b934ca495991b7852b855
preparation_raw/chr22_500_guide_244.columba_k0.log	2773	bb67b93781d19e5d3240b804a3621ed601dd9b831d9ed2eac5385eed46065f93
preparation_raw/chr22_500_guide_244.columba_k0.sam	924	5d7ad66bcdfea94dbfe6eca0d0d14d13bb6f2836d2cdd2d7ba58ee2cf741df12
preparation_raw/chr22_500_guide_244.columba_k0.stderr.txt	0	e3b0c44298fc1c149afbf4c8996fb92427ae41e4649b934ca495991b7852b855
preparation_raw/chr22_500_guide_244.columba_k0.stdout.txt	0	e3b0c44298fc1c149afbf4c8996fb92427ae41e4649b934ca495991b7852b855
preparation_raw/chr22_500_guide_244.crisprapido_k0.paf	105	6704622dd7912d569d9cfe0b9940b5008fe34c1bc6e7e7bb8fb80ed61ef81a18
preparation_raw/chr22_500_guide_244.crisprapido_k0.stderr.txt	0	e3b0c44298fc1c149afbf4c8996fb92427ae41e4649b934ca495991b7852b855
preparation_raw/chr22_500_guide_244.crisprapido_k0.stdout.txt	0	e3b0c44298fc1c149afbf4c8996fb92427ae41e4649b934ca495991b7852b855
preparation_raw/chr22_500_guide_245.columba_k0.log	2773	d498ccfe18623da8cfdab1766db9fad744f5c695d07fe86a0fd71280d7f5e718
preparation_raw/chr22_500_guide_245.columba_k0.sam	924	5e431508785aba9be72dbd83dab4661e3316c3960d9b87c6b0d44c529c2d6316
preparation_raw/chr22_500_guide_245.columba_k0.stderr.txt	0	e3b0c44298fc1c149afbf4c8996fb92427ae41e4649b934ca495991b7852b855
preparation_raw/chr22_500_guide_245.columba_k0.stdout.txt	0	e3b0c44298fc1c149afbf4c8996fb92427ae41e4649b934ca495991b7852b855
preparation_raw/chr22_500_guide_245.crisprapido_k0.paf	105	6acf838ff574e930cb4fd63ca8cf66bd5c36d2d3b031500305ef1d45e24545d2
preparation_raw/chr22_500_guide_245.crisprapido_k0.stderr.txt	0	e3b0c44298fc1c149afbf4c8996fb92427ae41e4649b934ca495991b7852b855
preparation_raw/chr22_500_guide_245.crisprapido_k0.stdout.txt	0	e3b0c44298fc1c149afbf4c8996fb92427ae41e4649b934ca495991b7852b855
preparation_raw/chr22_500_guide_246.columba_k0.log	2773	6bcf04ca57761a2cf2e2edc96bd5b59093426ec48869e694b5a96547121ee4ed
preparation_raw/chr22_500_guide_246.columba_k0.sam	924	6d1c9a6814a7620c92b70d4af879da73faecb58374f9a9c35067ddf8b0bfb066
preparation_raw/chr22_500_guide_246.columba_k0.stderr.txt	0	e3b0c44298fc1c149afbf4c8996fb92427ae41e4649b934ca495991b7852b855
preparation_raw/chr22_500_guide_246.columba_k0.stdout.txt	0	e3b0c44298fc1c149afbf4c8996fb92427ae41e4649b934ca495991b7852b855
preparation_raw/chr22_500_guide_246.crisprapido_k0.paf	105	0b4948574c6780377202e36cfc698bf5eb3712d9258e9090103129dc9ea8056d
preparation_raw/chr22_500_guide_246.crisprapido_k0.stderr.txt	0	e3b0c44298fc1c149afbf4c8996fb92427ae41e4649b934ca495991b7852b855
preparation_raw/chr22_500_guide_246.crisprapido_k0.stdout.txt	0	e3b0c44298fc1c149afbf4c8996fb92427ae41e4649b934ca495991b7852b855
preparation_raw/chr22_500_guide_247.columba_k0.log	2773	ae75fb2e4cb868f1d82d347efc102738f34f14d9948fd47e6d0977a4aefb4e7c
preparation_raw/chr22_500_guide_247.columba_k0.sam	924	bfd7527985bdf199f9d7eb75da41ad946c6bdb626eb2a86525ac66f23604a3b3
preparation_raw/chr22_500_guide_247.columba_k0.stderr.txt	0	e3b0c44298fc1c149afbf4c8996fb92427ae41e4649b934ca495991b7852b855
preparation_raw/chr22_500_guide_247.columba_k0.stdout.txt	0	e3b0c44298fc1c149afbf4c8996fb92427ae41e4649b934ca495991b7852b855
preparation_raw/chr22_500_guide_247.crisprapido_k0.paf	105	98ddd5914fdce39e5c1fd0ce66277bfed0fed939ac7e85ad7cae4c1003db9a59
preparation_raw/chr22_500_guide_247.crisprapido_k0.stderr.txt	0	e3b0c44298fc1c149afbf4c8996fb92427ae41e4649b934ca495991b7852b855
preparation_raw/chr22_500_guide_247.crisprapido_k0.stdout.txt	0	e3b0c44298fc1c149afbf4c8996fb92427ae41e4649b934ca495991b7852b855
preparation_raw/chr22_500_guide_248.columba_k0.log	2773	6f1ebae5178bad9e7a0633dbdf8772248c86eefd06ff12e8d8f653aca4555bdb
preparation_raw/chr22_500_guide_248.columba_k0.sam	924	100763d95e1ca870f88107c4380791060b6aa41b16fb20c299fabe91285ed461
preparation_raw/chr22_500_guide_248.columba_k0.stderr.txt	0	e3b0c44298fc1c149afbf4c8996fb92427ae41e4649b934ca495991b7852b855
preparation_raw/chr22_500_guide_248.columba_k0.stdout.txt	0	e3b0c44298fc1c149afbf4c8996fb92427ae41e4649b934ca495991b7852b855
preparation_raw/chr22_500_guide_248.crisprapido_k0.paf	105	c9c9319c22ffdbc4d2c58e0038b60d8e8028e64175bb36f67186cf0d20ec2440
preparation_raw/chr22_500_guide_248.crisprapido_k0.stderr.txt	0	e3b0c44298fc1c149afbf4c8996fb92427ae41e4649b934ca495991b7852b855
preparation_raw/chr22_500_guide_248.crisprapido_k0.stdout.txt	0	e3b0c44298fc1c149afbf4c8996fb92427ae41e4649b934ca495991b7852b855
preparation_raw/chr22_500_guide_249.columba_k0.log	2773	1349ab59825ed4572798dd7fa337be6f24b793eee8835765a5ccee39fae2248b
preparation_raw/chr22_500_guide_249.columba_k0.sam	924	6fa805d39bd02179879a6337547714fad5558952c7521fd764efb061bbf16546
preparation_raw/chr22_500_guide_249.columba_k0.stderr.txt	0	e3b0c44298fc1c149afbf4c8996fb92427ae41e4649b934ca495991b7852b855
preparation_raw/chr22_500_guide_249.columba_k0.stdout.txt	0	e3b0c44298fc1c149afbf4c8996fb92427ae41e4649b934ca495991b7852b855
preparation_raw/chr22_500_guide_249.crisprapido_k0.paf	105	a7bd3c9a78469bbf096c8e2c6070f695fcca94ab6cd45ee99cf5968724056f6c
preparation_raw/chr22_500_guide_249.crisprapido_k0.stderr.txt	0	e3b0c44298fc1c149afbf4c8996fb92427ae41e4649b934ca495991b7852b855
preparation_raw/chr22_500_guide_249.crisprapido_k0.stdout.txt	0	e3b0c44298fc1c149afbf4c8996fb92427ae41e4649b934ca495991b7852b855
preparation_raw/chr22_500_guide_250.columba_k0.log	2773	726364ed922ac1525c56999219ed5e4641deab326c55620aa97bdc8d9af94891
preparation_raw/chr22_500_guide_250.columba_k0.sam	924	cc52b86e12333e5648764ab64900603fd100bc565d0db9673ac7e6dbdc407e00
preparation_raw/chr22_500_guide_250.columba_k0.stderr.txt	0	e3b0c44298fc1c149afbf4c8996fb92427ae41e4649b934ca495991b7852b855
preparation_raw/chr22_500_guide_250.columba_k0.stdout.txt	0	e3b0c44298fc1c149afbf4c8996fb92427ae41e4649b934ca495991b7852b855
preparation_raw/chr22_500_guide_250.crisprapido_k0.paf	105	3a7597cc582f0a7be9eff099d86a4b5be941fbb6e265ffb9caa3883e9eb04a7d
preparation_raw/chr22_500_guide_250.crisprapido_k0.stderr.txt	0	e3b0c44298fc1c149afbf4c8996fb92427ae41e4649b934ca495991b7852b855
preparation_raw/chr22_500_guide_250.crisprapido_k0.stdout.txt	0	e3b0c44298fc1c149afbf4c8996fb92427ae41e4649b934ca495991b7852b855
preparation_raw/chr22_500_guide_251.columba_k0.log	2773	b5a9e4c7b4e93477b37a5f8270ced5786fc9416d1e52d598109e6e62034d2a88
preparation_raw/chr22_500_guide_251.columba_k0.sam	924	9cd063538484a8359ccad1bf644b78a232f79004ebe9d4fa339d2af05af89b90
preparation_raw/chr22_500_guide_251.columba_k0.stderr.txt	0	e3b0c44298fc1c149afbf4c8996fb92427ae41e4649b934ca495991b7852b855
preparation_raw/chr22_500_guide_251.columba_k0.stdout.txt	0	e3b0c44298fc1c149afbf4c8996fb92427ae41e4649b934ca495991b7852b855
preparation_raw/chr22_500_guide_251.crisprapido_k0.paf	105	0c3bb5f8913d9c96bb40ed3175b5838d5a29298d87c0429f6c483a88658f5cc7
preparation_raw/chr22_500_guide_251.crisprapido_k0.stderr.txt	0	e3b0c44298fc1c149afbf4c8996fb92427ae41e4649b934ca495991b7852b855
preparation_raw/chr22_500_guide_251.crisprapido_k0.stdout.txt	0	e3b0c44298fc1c149afbf4c8996fb92427ae41e4649b934ca495991b7852b855
preparation_raw/chr22_500_guide_252.columba_k0.log	2773	860132873d14daedcb5d04b35dc796b7cde90a07dad5520f62f0c12d635ac9b3
preparation_raw/chr22_500_guide_252.columba_k0.sam	1002	496a325af9b3931eb2eefef4399010f77e7960ab4a27163c5f3161c585abd757
preparation_raw/chr22_500_guide_252.columba_k0.stderr.txt	0	e3b0c44298fc1c149afbf4c8996fb92427ae41e4649b934ca495991b7852b855
preparation_raw/chr22_500_guide_252.columba_k0.stdout.txt	0	e3b0c44298fc1c149afbf4c8996fb92427ae41e4649b934ca495991b7852b855
preparation_raw/chr22_500_guide_252.crisprapido_k0.paf	198	f40e3215d929cf3eb03a0b430c1e9942c079716e90379afe4d8d67e3bb7c3b58
preparation_raw/chr22_500_guide_252.crisprapido_k0.stderr.txt	45	ecd997460eff8b19bac120208f47edd7be53e3371027aaa35d95fa07a5e79089
preparation_raw/chr22_500_guide_252.crisprapido_k0.stdout.txt	0	e3b0c44298fc1c149afbf4c8996fb92427ae41e4649b934ca495991b7852b855
preparation_raw/chr22_500_guide_253.columba_k0.log	2772	535a20560a4423a26d28b4c6eb974bc21bfa0a5f66f4549e78a5cb6e4481abf0
preparation_raw/chr22_500_guide_253.columba_k0.sam	924	e50cba8af8953f3f2c911262e19344241e20f5675de0d971224ff24dfadc8a57
preparation_raw/chr22_500_guide_253.columba_k0.stderr.txt	0	e3b0c44298fc1c149afbf4c8996fb92427ae41e4649b934ca495991b7852b855
preparation_raw/chr22_500_guide_253.columba_k0.stdout.txt	0	e3b0c44298fc1c149afbf4c8996fb92427ae41e4649b934ca495991b7852b855
preparation_raw/chr22_500_guide_253.crisprapido_k0.paf	105	14ef5eacd0519bf8d6f3f1e421b2147ce2cef2d89992ac6bc3c0c6493049fd6f
preparation_raw/chr22_500_guide_253.crisprapido_k0.stderr.txt	0	e3b0c44298fc1c149afbf4c8996fb92427ae41e4649b934ca495991b7852b855
preparation_raw/chr22_500_guide_253.crisprapido_k0.stdout.txt	0	e3b0c44298fc1c149afbf4c8996fb92427ae41e4649b934ca495991b7852b855
preparation_raw/chr22_500_guide_254.columba_k0.log	2773	55847ce9d533ef6ecb998e4889669053845a6d88bfba8dc868672e9249d1c557
preparation_raw/chr22_500_guide_254.columba_k0.sam	924	947a342fcacac9fbe75e7de0f53b4bfd9ed49accbde09973a6ee7fbbf07e7b7e
preparation_raw/chr22_500_guide_254.columba_k0.stderr.txt	0	e3b0c44298fc1c149afbf4c8996fb92427ae41e4649b934ca495991b7852b855
preparation_raw/chr22_500_guide_254.columba_k0.stdout.txt	0	e3b0c44298fc1c149afbf4c8996fb92427ae41e4649b934ca495991b7852b855
preparation_raw/chr22_500_guide_254.crisprapido_k0.paf	105	a2299552cb699e14d2ae59955314a90bb8969bee46b6c9e47f326ce8511aa0d3
preparation_raw/chr22_500_guide_254.crisprapido_k0.stderr.txt	0	e3b0c44298fc1c149afbf4c8996fb92427ae41e4649b934ca495991b7852b855
preparation_raw/chr22_500_guide_254.crisprapido_k0.stdout.txt	0	e3b0c44298fc1c149afbf4c8996fb92427ae41e4649b934ca495991b7852b855
preparation_raw/chr22_500_guide_255.columba_k0.log	2773	9b7a024e75ee8164574c6fd822b3fe18fb884d0d5b0e7f61379bf503382cb19f
preparation_raw/chr22_500_guide_255.columba_k0.sam	924	0dcca2fdec4039d778747b66361de680b779acef2faebbbf0c3d5f72ab1f85a7
preparation_raw/chr22_500_guide_255.columba_k0.stderr.txt	0	e3b0c44298fc1c149afbf4c8996fb92427ae41e4649b934ca495991b7852b855
preparation_raw/chr22_500_guide_255.columba_k0.stdout.txt	0	e3b0c44298fc1c149afbf4c8996fb92427ae41e4649b934ca495991b7852b855
preparation_raw/chr22_500_guide_255.crisprapido_k0.paf	105	08f98f3ad365100ac1996a1ea822a2d4046f6814391006bbedb86aee8a7133c2
preparation_raw/chr22_500_guide_255.crisprapido_k0.stderr.txt	0	e3b0c44298fc1c149afbf4c8996fb92427ae41e4649b934ca495991b7852b855
preparation_raw/chr22_500_guide_255.crisprapido_k0.stdout.txt	0	e3b0c44298fc1c149afbf4c8996fb92427ae41e4649b934ca495991b7852b855
preparation_raw/chr22_500_guide_256.columba_k0.log	2773	06c775572cacec92c5d47c3a62c0c2047f15bab9234e6f0f47b2ca8ea4a0a765
preparation_raw/chr22_500_guide_256.columba_k0.sam	924	8cb10a02e7c79c516602843d1e829ff54446cc7228436a041d89506f174ffde3
preparation_raw/chr22_500_guide_256.columba_k0.stderr.txt	0	e3b0c44298fc1c149afbf4c8996fb92427ae41e4649b934ca495991b7852b855
preparation_raw/chr22_500_guide_256.columba_k0.stdout.txt	0	e3b0c44298fc1c149afbf4c8996fb92427ae41e4649b934ca495991b7852b855
preparation_raw/chr22_500_guide_256.crisprapido_k0.paf	105	dc65ad43323263785a083294d17584c11e378d04f99c3a48ba1b50606118a885
preparation_raw/chr22_500_guide_256.crisprapido_k0.stderr.txt	0	e3b0c44298fc1c149afbf4c8996fb92427ae41e4649b934ca495991b7852b855
preparation_raw/chr22_500_guide_256.crisprapido_k0.stdout.txt	0	e3b0c44298fc1c149afbf4c8996fb92427ae41e4649b934ca495991b7852b855
preparation_raw/chr22_500_guide_257.columba_k0.log	2773	e98b540fa80d4d849853ee6a8dabc18b3fa5db242dd3e7c471676ed0946f65b3
preparation_raw/chr22_500_guide_257.columba_k0.sam	1002	386e667333945d8a9f7ad0300bcf35239b4e7f9dfa237909a160f61db62b8786
preparation_raw/chr22_500_guide_257.columba_k0.stderr.txt	0	e3b0c44298fc1c149afbf4c8996fb92427ae41e4649b934ca495991b7852b855
preparation_raw/chr22_500_guide_257.columba_k0.stdout.txt	0	e3b0c44298fc1c149afbf4c8996fb92427ae41e4649b934ca495991b7852b855
preparation_raw/chr22_500_guide_257.crisprapido_k0.paf	198	63365f817d4d02f1b431c8f11365f18e2d9667cbb06809a173c8cc0a0df86852
preparation_raw/chr22_500_guide_257.crisprapido_k0.stderr.txt	45	ecd997460eff8b19bac120208f47edd7be53e3371027aaa35d95fa07a5e79089
preparation_raw/chr22_500_guide_257.crisprapido_k0.stdout.txt	0	e3b0c44298fc1c149afbf4c8996fb92427ae41e4649b934ca495991b7852b855
preparation_raw/chr22_500_guide_258.columba_k0.log	2773	39a7e62177e04e0897e3881551fc7f7539dc5c7bca3b2c8b7842a8fb37564414
preparation_raw/chr22_500_guide_258.columba_k0.sam	924	feedb4229edaec29271ee3364be502e7721f06c6106b6059e8c3b5b1910cd4da
preparation_raw/chr22_500_guide_258.columba_k0.stderr.txt	0	e3b0c44298fc1c149afbf4c8996fb92427ae41e4649b934ca495991b7852b855
preparation_raw/chr22_500_guide_258.columba_k0.stdout.txt	0	e3b0c44298fc1c149afbf4c8996fb92427ae41e4649b934ca495991b7852b855
preparation_raw/chr22_500_guide_258.crisprapido_k0.paf	105	b743dcf20b0f8a4d8e1a343b97d48c58a0bc7fc4d1bb2a983a38d2078d740fcd
preparation_raw/chr22_500_guide_258.crisprapido_k0.stderr.txt	0	e3b0c44298fc1c149afbf4c8996fb92427ae41e4649b934ca495991b7852b855
preparation_raw/chr22_500_guide_258.crisprapido_k0.stdout.txt	0	e3b0c44298fc1c149afbf4c8996fb92427ae41e4649b934ca495991b7852b855
preparation_raw/chr22_500_guide_259.columba_k0.log	2773	bfb089841951ddc18db64f024504f8f4f943b324bc83880b0b4f6ae0459e8a8d
preparation_raw/chr22_500_guide_259.columba_k0.sam	924	f9a03201daa299e4d6c74eddaf312975f54e2f6f5f79f226e8949788771d9aa6
preparation_raw/chr22_500_guide_259.columba_k0.stderr.txt	0	e3b0c44298fc1c149afbf4c8996fb92427ae41e4649b934ca495991b7852b855
preparation_raw/chr22_500_guide_259.columba_k0.stdout.txt	0	e3b0c44298fc1c149afbf4c8996fb92427ae41e4649b934ca495991b7852b855
preparation_raw/chr22_500_guide_259.crisprapido_k0.paf	105	8ea5cafdf0d18eeade9b610505bed740032f18636ab57803898abcbe44cdd8e8
preparation_raw/chr22_500_guide_259.crisprapido_k0.stderr.txt	0	e3b0c44298fc1c149afbf4c8996fb92427ae41e4649b934ca495991b7852b855
preparation_raw/chr22_500_guide_259.crisprapido_k0.stdout.txt	0	e3b0c44298fc1c149afbf4c8996fb92427ae41e4649b934ca495991b7852b855
preparation_raw/chr22_500_guide_260.columba_k0.log	2773	37df7b52de6718634d483d91a9139dff02bf5c35ccd4adc3184314bab8ca81e6
preparation_raw/chr22_500_guide_260.columba_k0.sam	924	c631636b01e92d524b82800a5bb9d86632cea532bfdf2ce53b94179489a3503e
preparation_raw/chr22_500_guide_260.columba_k0.stderr.txt	0	e3b0c44298fc1c149afbf4c8996fb92427ae41e4649b934ca495991b7852b855
preparation_raw/chr22_500_guide_260.columba_k0.stdout.txt	0	e3b0c44298fc1c149afbf4c8996fb92427ae41e4649b934ca495991b7852b855
preparation_raw/chr22_500_guide_260.crisprapido_k0.paf	105	557f28e81d9e7af65acf722e1c0363e70a4f91085a9cb16260268c073aa9f2f8
preparation_raw/chr22_500_guide_260.crisprapido_k0.stderr.txt	0	e3b0c44298fc1c149afbf4c8996fb92427ae41e4649b934ca495991b7852b855
preparation_raw/chr22_500_guide_260.crisprapido_k0.stdout.txt	0	e3b0c44298fc1c149afbf4c8996fb92427ae41e4649b934ca495991b7852b855
preparation_raw/chr22_500_guide_261.columba_k0.log	2773	f9cf62e8570004700467f38fa019f26ba5c07bd1c3e5dd6f1abe4304740e114c
preparation_raw/chr22_500_guide_261.columba_k0.sam	924	7008916c92b1e70729f6209b3f6960504f9073efe3f57e6d55e56df2f90edfcc
preparation_raw/chr22_500_guide_261.columba_k0.stderr.txt	0	e3b0c44298fc1c149afbf4c8996fb92427ae41e4649b934ca495991b7852b855
preparation_raw/chr22_500_guide_261.columba_k0.stdout.txt	0	e3b0c44298fc1c149afbf4c8996fb92427ae41e4649b934ca495991b7852b855
preparation_raw/chr22_500_guide_261.crisprapido_k0.paf	105	b839624aa5bb002a76b04ff4d05b7a0ec4ecea160053801ca45bcc541703762c
preparation_raw/chr22_500_guide_261.crisprapido_k0.stderr.txt	0	e3b0c44298fc1c149afbf4c8996fb92427ae41e4649b934ca495991b7852b855
preparation_raw/chr22_500_guide_261.crisprapido_k0.stdout.txt	0	e3b0c44298fc1c149afbf4c8996fb92427ae41e4649b934ca495991b7852b855
preparation_raw/chr22_500_guide_262.columba_k0.log	2773	661312b1db8a32aab061261e1ab39c22758a145695834fd9adb6aecffa0a5844
preparation_raw/chr22_500_guide_262.columba_k0.sam	924	51d5c112b5a336ed6aa153f1db9ce3ba8b1d1392c15e9b05eb429ad9f6665cac
preparation_raw/chr22_500_guide_262.columba_k0.stderr.txt	0	e3b0c44298fc1c149afbf4c8996fb92427ae41e4649b934ca495991b7852b855
preparation_raw/chr22_500_guide_262.columba_k0.stdout.txt	0	e3b0c44298fc1c149afbf4c8996fb92427ae41e4649b934ca495991b7852b855
preparation_raw/chr22_500_guide_262.crisprapido_k0.paf	105	cab2ab2bbde4e365ef2454f22e0d08cd93e57c6b29ed335c1d62ceae307d4365
preparation_raw/chr22_500_guide_262.crisprapido_k0.stderr.txt	0	e3b0c44298fc1c149afbf4c8996fb92427ae41e4649b934ca495991b7852b855
preparation_raw/chr22_500_guide_262.crisprapido_k0.stdout.txt	0	e3b0c44298fc1c149afbf4c8996fb92427ae41e4649b934ca495991b7852b855
preparation_raw/chr22_500_guide_263.columba_k0.log	2772	a9e2de715f8973b73bd04484786c1d015456330a2a08b195072ef28a0db1afd3
preparation_raw/chr22_500_guide_263.columba_k0.sam	924	84881f36a00d555622390faaad37b536709a9a7fc2dc03d583416671262fc18d
preparation_raw/chr22_500_guide_263.columba_k0.stderr.txt	0	e3b0c44298fc1c149afbf4c8996fb92427ae41e4649b934ca495991b7852b855
preparation_raw/chr22_500_guide_263.columba_k0.stdout.txt	0	e3b0c44298fc1c149afbf4c8996fb92427ae41e4649b934ca495991b7852b855
preparation_raw/chr22_500_guide_263.crisprapido_k0.paf	105	7f92fd7dddc708c2b3ec905f92a74e766b81d6ff9eaf13b4dc9c11ff5e96767a
preparation_raw/chr22_500_guide_263.crisprapido_k0.stderr.txt	0	e3b0c44298fc1c149afbf4c8996fb92427ae41e4649b934ca495991b7852b855
preparation_raw/chr22_500_guide_263.crisprapido_k0.stdout.txt	0	e3b0c44298fc1c149afbf4c8996fb92427ae41e4649b934ca495991b7852b855
preparation_raw/chr22_500_guide_264.columba_k0.log	2776	2f02ea74b1f9b324368920f4626add6a9dc5d57c80722296813b294510fb4f65
preparation_raw/chr22_500_guide_264.columba_k0.sam	71124	9bdada4c9304273fc9788d577db7dac9bda76d06ca479e2f657515fd3ba06148
preparation_raw/chr22_500_guide_264.columba_k0.stderr.txt	0	e3b0c44298fc1c149afbf4c8996fb92427ae41e4649b934ca495991b7852b855
preparation_raw/chr22_500_guide_264.columba_k0.stdout.txt	0	e3b0c44298fc1c149afbf4c8996fb92427ae41e4649b934ca495991b7852b855
preparation_raw/chr22_500_guide_264.crisprapido_k0.paf	88122	f7c58d4d432337aab18d697fad989fa5e28958289e976eb644db793252d12bf5
preparation_raw/chr22_500_guide_264.crisprapido_k0.stderr.txt	19755	39c9566b89f460cafd4d1f6ff2a7928282b1d4f2f8af158a0d74572550b1c0c1
preparation_raw/chr22_500_guide_264.crisprapido_k0.stdout.txt	0	e3b0c44298fc1c149afbf4c8996fb92427ae41e4649b934ca495991b7852b855
preparation_raw/chr22_500_guide_265.columba_k0.log	2772	199bb12e7d70539f7ac8cdfe4c1b269460abf577de3e5655ce454ada75063412
preparation_raw/chr22_500_guide_265.columba_k0.sam	1081	843271cd141fd9592314048c1ed13fa0fd4b37b5fd1f983f7ee5f3f9e0fb5897
preparation_raw/chr22_500_guide_265.columba_k0.stderr.txt	0	e3b0c44298fc1c149afbf4c8996fb92427ae41e4649b934ca495991b7852b855
preparation_raw/chr22_500_guide_265.columba_k0.stdout.txt	0	e3b0c44298fc1c149afbf4c8996fb92427ae41e4649b934ca495991b7852b855
preparation_raw/chr22_500_guide_265.crisprapido_k0.paf	315	905b0ea48ebfdf5a30b2a97f6bffd15a4c46d34568d671404cb531aa1bb01527
preparation_raw/chr22_500_guide_265.crisprapido_k0.stderr.txt	0	e3b0c44298fc1c149afbf4c8996fb92427ae41e4649b934ca495991b7852b855
preparation_raw/chr22_500_guide_265.crisprapido_k0.stdout.txt	0	e3b0c44298fc1c149afbf4c8996fb92427ae41e4649b934ca495991b7852b855
preparation_raw/chr22_500_guide_266.columba_k0.log	2772	f6c456b916261bb62a315e776f762421af49df633a5d9f1d95ce16de2cc6955f
preparation_raw/chr22_500_guide_266.columba_k0.sam	924	cb6efd9f6d794101ac26c394d2751efc8e3d120bf896d65a9b8773251372e79f
preparation_raw/chr22_500_guide_266.columba_k0.stderr.txt	0	e3b0c44298fc1c149afbf4c8996fb92427ae41e4649b934ca495991b7852b855
preparation_raw/chr22_500_guide_266.columba_k0.stdout.txt	0	e3b0c44298fc1c149afbf4c8996fb92427ae41e4649b934ca495991b7852b855
preparation_raw/chr22_500_guide_266.crisprapido_k0.paf	105	ee0724b7721eeb7026f8ec19f3741fc6026e209f17c8c1dfd45658c19daffca8
preparation_raw/chr22_500_guide_266.crisprapido_k0.stderr.txt	0	e3b0c44298fc1c149afbf4c8996fb92427ae41e4649b934ca495991b7852b855
preparation_raw/chr22_500_guide_266.crisprapido_k0.stdout.txt	0	e3b0c44298fc1c149afbf4c8996fb92427ae41e4649b934ca495991b7852b855
preparation_raw/chr22_500_guide_267.columba_k0.log	2772	77f7f9510a1e3bfc067bf650555d20348eddde9826635f2213dc28ee9d4f1923
preparation_raw/chr22_500_guide_267.columba_k0.sam	924	d1d7fe53a0b814c084df606c77f626ab2d4bc43136d3f97ca29f807a51426b23
preparation_raw/chr22_500_guide_267.columba_k0.stderr.txt	0	e3b0c44298fc1c149afbf4c8996fb92427ae41e4649b934ca495991b7852b855
preparation_raw/chr22_500_guide_267.columba_k0.stdout.txt	0	e3b0c44298fc1c149afbf4c8996fb92427ae41e4649b934ca495991b7852b855
preparation_raw/chr22_500_guide_267.crisprapido_k0.paf	105	30ceab938998e2f8848144534fd4b41a8e46e76dd1f2040915462ed81ff96f96
preparation_raw/chr22_500_guide_267.crisprapido_k0.stderr.txt	0	e3b0c44298fc1c149afbf4c8996fb92427ae41e4649b934ca495991b7852b855
preparation_raw/chr22_500_guide_267.crisprapido_k0.stdout.txt	0	e3b0c44298fc1c149afbf4c8996fb92427ae41e4649b934ca495991b7852b855
preparation_raw/chr22_500_guide_268.columba_k0.log	2773	8334b887738ef30df9779c704fe8ece5de884d9dca9b7f04176fdf67b29479f5
preparation_raw/chr22_500_guide_268.columba_k0.sam	924	40eabae013fd87091f63b2d35b4adfe9f1dfe7ceb85870220f55886a49220460
preparation_raw/chr22_500_guide_268.columba_k0.stderr.txt	0	e3b0c44298fc1c149afbf4c8996fb92427ae41e4649b934ca495991b7852b855
preparation_raw/chr22_500_guide_268.columba_k0.stdout.txt	0	e3b0c44298fc1c149afbf4c8996fb92427ae41e4649b934ca495991b7852b855
preparation_raw/chr22_500_guide_268.crisprapido_k0.paf	105	114bfa8b80d844e5e448256175d151d9790578d27bf24154e64027d31fd27834
preparation_raw/chr22_500_guide_268.crisprapido_k0.stderr.txt	0	e3b0c44298fc1c149afbf4c8996fb92427ae41e4649b934ca495991b7852b855
preparation_raw/chr22_500_guide_268.crisprapido_k0.stdout.txt	0	e3b0c44298fc1c149afbf4c8996fb92427ae41e4649b934ca495991b7852b855
preparation_raw/chr22_500_guide_269.columba_k0.log	2772	bf057ef181b45f9a533f6943bab0d363f9fc544364d58ef8dc1bbf4ecc420398
preparation_raw/chr22_500_guide_269.columba_k0.sam	924	c624775b5e2dfbd829986667048bc68e8a83886332486e474ce8556a2d67e9c3
preparation_raw/chr22_500_guide_269.columba_k0.stderr.txt	0	e3b0c44298fc1c149afbf4c8996fb92427ae41e4649b934ca495991b7852b855
preparation_raw/chr22_500_guide_269.columba_k0.stdout.txt	0	e3b0c44298fc1c149afbf4c8996fb92427ae41e4649b934ca495991b7852b855
preparation_raw/chr22_500_guide_269.crisprapido_k0.paf	105	1ad5912b96af08a5dbf4bb2b808de41041de84d1472dc3b37fd777da3dd9ce07
preparation_raw/chr22_500_guide_269.crisprapido_k0.stderr.txt	0	e3b0c44298fc1c149afbf4c8996fb92427ae41e4649b934ca495991b7852b855
preparation_raw/chr22_500_guide_269.crisprapido_k0.stdout.txt	0	e3b0c44298fc1c149afbf4c8996fb92427ae41e4649b934ca495991b7852b855
preparation_raw/chr22_500_guide_270.columba_k0.log	2773	c47de5ff13fe1641d84b035baafad55bf7d137c25703fdd876f0a25242b256fb
preparation_raw/chr22_500_guide_270.columba_k0.sam	924	cdd9c4ae7fb92dacdc599f4aeedeb9fb219bb41f68ce71c0d4dca5477eb5e457
preparation_raw/chr22_500_guide_270.columba_k0.stderr.txt	0	e3b0c44298fc1c149afbf4c8996fb92427ae41e4649b934ca495991b7852b855
preparation_raw/chr22_500_guide_270.columba_k0.stdout.txt	0	e3b0c44298fc1c149afbf4c8996fb92427ae41e4649b934ca495991b7852b855
preparation_raw/chr22_500_guide_270.crisprapido_k0.paf	105	4e885841e492e9cb2b9b1fe0d7ac9a863940cb7bae26336cd428bcb7378430a8
preparation_raw/chr22_500_guide_270.crisprapido_k0.stderr.txt	0	e3b0c44298fc1c149afbf4c8996fb92427ae41e4649b934ca495991b7852b855
preparation_raw/chr22_500_guide_270.crisprapido_k0.stdout.txt	0	e3b0c44298fc1c149afbf4c8996fb92427ae41e4649b934ca495991b7852b855
preparation_raw/chr22_500_guide_271.columba_k0.log	2773	fc9530ef0b49caa66e273ebebaddb274ecdb968fd9f40cdc49d318766b6bde1f
preparation_raw/chr22_500_guide_271.columba_k0.sam	924	d6907a9433697019d7951f6d5969b84c651155bd4f56b0da58e5f08518c64c09
preparation_raw/chr22_500_guide_271.columba_k0.stderr.txt	0	e3b0c44298fc1c149afbf4c8996fb92427ae41e4649b934ca495991b7852b855
preparation_raw/chr22_500_guide_271.columba_k0.stdout.txt	0	e3b0c44298fc1c149afbf4c8996fb92427ae41e4649b934ca495991b7852b855
preparation_raw/chr22_500_guide_271.crisprapido_k0.paf	105	0247a06f38ead69247c929d76c572e2db952d690368c7445d6cbc0b32f284eff
preparation_raw/chr22_500_guide_271.crisprapido_k0.stderr.txt	0	e3b0c44298fc1c149afbf4c8996fb92427ae41e4649b934ca495991b7852b855
preparation_raw/chr22_500_guide_271.crisprapido_k0.stdout.txt	0	e3b0c44298fc1c149afbf4c8996fb92427ae41e4649b934ca495991b7852b855
preparation_raw/chr22_500_guide_272.columba_k0.log	2772	5d30b230a596e519d33fabf9023c11ad30f197008c75d67de74a43f46d7aabd6
preparation_raw/chr22_500_guide_272.columba_k0.sam	924	42c60fac596bcb946991f10b61c7c3bca389919af6ce8f905ae1903e7c1381e1
preparation_raw/chr22_500_guide_272.columba_k0.stderr.txt	0	e3b0c44298fc1c149afbf4c8996fb92427ae41e4649b934ca495991b7852b855
preparation_raw/chr22_500_guide_272.columba_k0.stdout.txt	0	e3b0c44298fc1c149afbf4c8996fb92427ae41e4649b934ca495991b7852b855
preparation_raw/chr22_500_guide_272.crisprapido_k0.paf	105	c0af294e02eedfcb766e740085eb1dc5f88ebc5938b16fce276fc72aad58dca5
preparation_raw/chr22_500_guide_272.crisprapido_k0.stderr.txt	0	e3b0c44298fc1c149afbf4c8996fb92427ae41e4649b934ca495991b7852b855
preparation_raw/chr22_500_guide_272.crisprapido_k0.stdout.txt	0	e3b0c44298fc1c149afbf4c8996fb92427ae41e4649b934ca495991b7852b855
preparation_raw/chr22_500_guide_273.columba_k0.log	2772	de14039278c9cdc0e4671ca0624b2a1454c996ceff4f0e9354384ec4c60f9684
preparation_raw/chr22_500_guide_273.columba_k0.sam	924	433d491b92c5e018efb35126796368398d72214dcb89f3319eaedfedb4c18c5f
preparation_raw/chr22_500_guide_273.columba_k0.stderr.txt	0	e3b0c44298fc1c149afbf4c8996fb92427ae41e4649b934ca495991b7852b855
preparation_raw/chr22_500_guide_273.columba_k0.stdout.txt	0	e3b0c44298fc1c149afbf4c8996fb92427ae41e4649b934ca495991b7852b855
preparation_raw/chr22_500_guide_273.crisprapido_k0.paf	105	a3d6cd5055990fc10a7f55f785689720f3a06133f1b0f4568f98749ce2751038
preparation_raw/chr22_500_guide_273.crisprapido_k0.stderr.txt	0	e3b0c44298fc1c149afbf4c8996fb92427ae41e4649b934ca495991b7852b855
preparation_raw/chr22_500_guide_273.crisprapido_k0.stdout.txt	0	e3b0c44298fc1c149afbf4c8996fb92427ae41e4649b934ca495991b7852b855
preparation_raw/chr22_500_guide_274.columba_k0.log	2773	8493d4575ad9c8a0e7e56e9dff18ad23be436f1281c974197ec974e34e9ac050
preparation_raw/chr22_500_guide_274.columba_k0.sam	924	9fa2c691ef413826a3e86c2cdb8eaa30b2ccb4b7b1a05a82d70227bd2ac1c5f1
preparation_raw/chr22_500_guide_274.columba_k0.stderr.txt	0	e3b0c44298fc1c149afbf4c8996fb92427ae41e4649b934ca495991b7852b855
preparation_raw/chr22_500_guide_274.columba_k0.stdout.txt	0	e3b0c44298fc1c149afbf4c8996fb92427ae41e4649b934ca495991b7852b855
preparation_raw/chr22_500_guide_274.crisprapido_k0.paf	105	6687d14031a23ac70963eea659c8529b893e7f0089817aa41e700050f9a07324
preparation_raw/chr22_500_guide_274.crisprapido_k0.stderr.txt	0	e3b0c44298fc1c149afbf4c8996fb92427ae41e4649b934ca495991b7852b855
preparation_raw/chr22_500_guide_274.crisprapido_k0.stdout.txt	0	e3b0c44298fc1c149afbf4c8996fb92427ae41e4649b934ca495991b7852b855
preparation_raw/chr22_500_guide_275.columba_k0.log	2773	af8286b36d664bb92243f46460801f22e73d58b31dc326ff2370caf746541257
preparation_raw/chr22_500_guide_275.columba_k0.sam	924	335f75dacd5f320d1e6fa530add539a2ad5c2390f271b141c541b5f9f79c3417
preparation_raw/chr22_500_guide_275.columba_k0.stderr.txt	0	e3b0c44298fc1c149afbf4c8996fb92427ae41e4649b934ca495991b7852b855
preparation_raw/chr22_500_guide_275.columba_k0.stdout.txt	0	e3b0c44298fc1c149afbf4c8996fb92427ae41e4649b934ca495991b7852b855
preparation_raw/chr22_500_guide_275.crisprapido_k0.paf	105	4ec6baaeae2aa70e532904fcfd4c142948c7cdfeac73dda04d4fd531212f17f6
preparation_raw/chr22_500_guide_275.crisprapido_k0.stderr.txt	0	e3b0c44298fc1c149afbf4c8996fb92427ae41e4649b934ca495991b7852b855
preparation_raw/chr22_500_guide_275.crisprapido_k0.stdout.txt	0	e3b0c44298fc1c149afbf4c8996fb92427ae41e4649b934ca495991b7852b855
preparation_raw/chr22_500_guide_276.columba_k0.log	2773	a11c3f15c3fc000946d979ca5683ad23c2661c2c01389a8e6d3fe734b5506129
preparation_raw/chr22_500_guide_276.columba_k0.sam	924	69a350b94bc8e4e8de323ce2c7b166ec87f3c2bb800b7589c727c627c79ebc72
preparation_raw/chr22_500_guide_276.columba_k0.stderr.txt	0	e3b0c44298fc1c149afbf4c8996fb92427ae41e4649b934ca495991b7852b855
preparation_raw/chr22_500_guide_276.columba_k0.stdout.txt	0	e3b0c44298fc1c149afbf4c8996fb92427ae41e4649b934ca495991b7852b855
preparation_raw/chr22_500_guide_276.crisprapido_k0.paf	105	6a496ea64944f03d6155e9304a84fa64e904aaee2ce382727a522cf4526fd476
preparation_raw/chr22_500_guide_276.crisprapido_k0.stderr.txt	0	e3b0c44298fc1c149afbf4c8996fb92427ae41e4649b934ca495991b7852b855
preparation_raw/chr22_500_guide_276.crisprapido_k0.stdout.txt	0	e3b0c44298fc1c149afbf4c8996fb92427ae41e4649b934ca495991b7852b855
preparation_raw/chr22_500_guide_277.columba_k0.log	2772	b3fc01984038c80777257d1ab9abc39a0d19e4d43ba123a62bd0e663ca0ac8d0
preparation_raw/chr22_500_guide_277.columba_k0.sam	924	a3fbbff913412f5c76a154276c5e00f6356f09b131b93a30d7d6da08a4f95070
preparation_raw/chr22_500_guide_277.columba_k0.stderr.txt	0	e3b0c44298fc1c149afbf4c8996fb92427ae41e4649b934ca495991b7852b855
preparation_raw/chr22_500_guide_277.columba_k0.stdout.txt	0	e3b0c44298fc1c149afbf4c8996fb92427ae41e4649b934ca495991b7852b855
preparation_raw/chr22_500_guide_277.crisprapido_k0.paf	105	3cfcc8189860be2c8d7d759f26bc1880f98e596a26b63ff55d7eae6897aa9216
preparation_raw/chr22_500_guide_277.crisprapido_k0.stderr.txt	0	e3b0c44298fc1c149afbf4c8996fb92427ae41e4649b934ca495991b7852b855
preparation_raw/chr22_500_guide_277.crisprapido_k0.stdout.txt	0	e3b0c44298fc1c149afbf4c8996fb92427ae41e4649b934ca495991b7852b855
preparation_raw/chr22_500_guide_278.columba_k0.log	2772	53b1e0230b535447fa4e013c2a631ea29d35f6f12fe01bbbbd7d2a0d30f751ef
preparation_raw/chr22_500_guide_278.columba_k0.sam	924	eb0984af0f884596c623a7c3f3ba006c187844adbc65acf78bf60a9062864cac
preparation_raw/chr22_500_guide_278.columba_k0.stderr.txt	0	e3b0c44298fc1c149afbf4c8996fb92427ae41e4649b934ca495991b7852b855
preparation_raw/chr22_500_guide_278.columba_k0.stdout.txt	0	e3b0c44298fc1c149afbf4c8996fb92427ae41e4649b934ca495991b7852b855
preparation_raw/chr22_500_guide_278.crisprapido_k0.paf	105	4a6cdc3b90d2775c2496444fab6f836151cd422ec2c82a9bf758cde5414f2417
preparation_raw/chr22_500_guide_278.crisprapido_k0.stderr.txt	0	e3b0c44298fc1c149afbf4c8996fb92427ae41e4649b934ca495991b7852b855
preparation_raw/chr22_500_guide_278.crisprapido_k0.stdout.txt	0	e3b0c44298fc1c149afbf4c8996fb92427ae41e4649b934ca495991b7852b855
preparation_raw/chr22_500_guide_279.columba_k0.log	2772	c0797bbd7309ad449b3172a80f64a3b6f2aa462e56bc5216f457036de6a94cf4
preparation_raw/chr22_500_guide_279.columba_k0.sam	924	4a327f014b7fb22f5b2bdd7edfdd61970a6d1b20407923ba3bd941738c06d2c9
preparation_raw/chr22_500_guide_279.columba_k0.stderr.txt	0	e3b0c44298fc1c149afbf4c8996fb92427ae41e4649b934ca495991b7852b855
preparation_raw/chr22_500_guide_279.columba_k0.stdout.txt	0	e3b0c44298fc1c149afbf4c8996fb92427ae41e4649b934ca495991b7852b855
preparation_raw/chr22_500_guide_279.crisprapido_k0.paf	105	ed076e7e4fb4d7b0153851bd070e9a106c03acf142b7b34e42766404410bcd62
preparation_raw/chr22_500_guide_279.crisprapido_k0.stderr.txt	0	e3b0c44298fc1c149afbf4c8996fb92427ae41e4649b934ca495991b7852b855
preparation_raw/chr22_500_guide_279.crisprapido_k0.stdout.txt	0	e3b0c44298fc1c149afbf4c8996fb92427ae41e4649b934ca495991b7852b855
preparation_raw/chr22_500_guide_280.columba_k0.log	2773	d04c7d2b10e7de36a456b558a1e03172465f8ca5c5afba790772de1691d99196
preparation_raw/chr22_500_guide_280.columba_k0.sam	924	d6a75effcd40089ed5466ca0a2b0baef3ee792c38cea6f00b1431553a1af1146
preparation_raw/chr22_500_guide_280.columba_k0.stderr.txt	0	e3b0c44298fc1c149afbf4c8996fb92427ae41e4649b934ca495991b7852b855
preparation_raw/chr22_500_guide_280.columba_k0.stdout.txt	0	e3b0c44298fc1c149afbf4c8996fb92427ae41e4649b934ca495991b7852b855
preparation_raw/chr22_500_guide_280.crisprapido_k0.paf	105	69b844b93cc461829c55614686b48ad023280711014412f5c486fbcbc19cb86e
preparation_raw/chr22_500_guide_280.crisprapido_k0.stderr.txt	0	e3b0c44298fc1c149afbf4c8996fb92427ae41e4649b934ca495991b7852b855
preparation_raw/chr22_500_guide_280.crisprapido_k0.stdout.txt	0	e3b0c44298fc1c149afbf4c8996fb92427ae41e4649b934ca495991b7852b855
preparation_raw/chr22_500_guide_281.columba_k0.log	2773	5513a38c5ab8d50befda8e8df80f5d8fcc9757ca4e4f9c9b2365d72cc507dec8
preparation_raw/chr22_500_guide_281.columba_k0.sam	924	2c8bb4f4527902c0e19b845fdacba83f7d7e56f9f0fecc003879eafebd27b423
preparation_raw/chr22_500_guide_281.columba_k0.stderr.txt	0	e3b0c44298fc1c149afbf4c8996fb92427ae41e4649b934ca495991b7852b855
preparation_raw/chr22_500_guide_281.columba_k0.stdout.txt	0	e3b0c44298fc1c149afbf4c8996fb92427ae41e4649b934ca495991b7852b855
preparation_raw/chr22_500_guide_281.crisprapido_k0.paf	105	a9fa224f0195b3893caf93e1c0b8cc17844e550145c38de073e1d229cf7694fb
preparation_raw/chr22_500_guide_281.crisprapido_k0.stderr.txt	0	e3b0c44298fc1c149afbf4c8996fb92427ae41e4649b934ca495991b7852b855
preparation_raw/chr22_500_guide_281.crisprapido_k0.stdout.txt	0	e3b0c44298fc1c149afbf4c8996fb92427ae41e4649b934ca495991b7852b855
preparation_raw/chr22_500_guide_282.columba_k0.log	2773	e3ac1836116ab23509a457a7841cf9436bb58326991d8941a41cc81132efa419
preparation_raw/chr22_500_guide_282.columba_k0.sam	924	c2ba6696abd7e18b33c31bc820119fd3b992bfe5f791f70bf9ccd2cc22cbdd85
preparation_raw/chr22_500_guide_282.columba_k0.stderr.txt	0	e3b0c44298fc1c149afbf4c8996fb92427ae41e4649b934ca495991b7852b855
preparation_raw/chr22_500_guide_282.columba_k0.stdout.txt	0	e3b0c44298fc1c149afbf4c8996fb92427ae41e4649b934ca495991b7852b855
preparation_raw/chr22_500_guide_282.crisprapido_k0.paf	105	e53f6cca18329d7598017397133878d420010d56cbf6c1bf8f2b136e95bbb077
preparation_raw/chr22_500_guide_282.crisprapido_k0.stderr.txt	0	e3b0c44298fc1c149afbf4c8996fb92427ae41e4649b934ca495991b7852b855
preparation_raw/chr22_500_guide_282.crisprapido_k0.stdout.txt	0	e3b0c44298fc1c149afbf4c8996fb92427ae41e4649b934ca495991b7852b855
preparation_raw/chr22_500_guide_283.columba_k0.log	2774	0448e801db58642e549418cfccf8da93eaa1acb0ed67a9f609cc6377ef58920b
preparation_raw/chr22_500_guide_283.columba_k0.sam	1634	2af39ca82109cd53d82ced5231a223dc191c4c93bd7c7d8e00c123b6eb10e5b9
preparation_raw/chr22_500_guide_283.columba_k0.stderr.txt	0	e3b0c44298fc1c149afbf4c8996fb92427ae41e4649b934ca495991b7852b855
preparation_raw/chr22_500_guide_283.columba_k0.stdout.txt	0	e3b0c44298fc1c149afbf4c8996fb92427ae41e4649b934ca495991b7852b855
preparation_raw/chr22_500_guide_283.crisprapido_k0.paf	966	17da3756b8ee08220bcc6597a593d45867ad8b971ce3ad4188a04564dc29e0ba
preparation_raw/chr22_500_guide_283.crisprapido_k0.stderr.txt	315	187edbaef6a7d85631d475f512011e6aa13b6d51aaf83d0f5c7ebb3d90845261
preparation_raw/chr22_500_guide_283.crisprapido_k0.stdout.txt	0	e3b0c44298fc1c149afbf4c8996fb92427ae41e4649b934ca495991b7852b855
preparation_raw/chr22_500_guide_284.columba_k0.log	2773	9eca06c6cc6df065f71b97c955a9a00e9af4ac47d84bbe724ba98783fd20e5cb
preparation_raw/chr22_500_guide_284.columba_k0.sam	924	cc7d468bbde8e038d9a305167bb9894d1d63ff493706f986b3fb673d9ddf7737
preparation_raw/chr22_500_guide_284.columba_k0.stderr.txt	0	e3b0c44298fc1c149afbf4c8996fb92427ae41e4649b934ca495991b7852b855
preparation_raw/chr22_500_guide_284.columba_k0.stdout.txt	0	e3b0c44298fc1c149afbf4c8996fb92427ae41e4649b934ca495991b7852b855
preparation_raw/chr22_500_guide_284.crisprapido_k0.paf	105	5215838f274cf05265bb1d4c089b4ba18236c8bc9ea5c8377dd22e8edaff8762
preparation_raw/chr22_500_guide_284.crisprapido_k0.stderr.txt	0	e3b0c44298fc1c149afbf4c8996fb92427ae41e4649b934ca495991b7852b855
preparation_raw/chr22_500_guide_284.crisprapido_k0.stdout.txt	0	e3b0c44298fc1c149afbf4c8996fb92427ae41e4649b934ca495991b7852b855
preparation_raw/chr22_500_guide_285.columba_k0.log	2773	1daf6f4f93644159980be95bab4da943102479e9cfba7f95e66adccd9374fac5
preparation_raw/chr22_500_guide_285.columba_k0.sam	924	cd7ce6bb01928cc9ae222ddeead05387df4696bb63a23a585cbfcb746eae1b0d
preparation_raw/chr22_500_guide_285.columba_k0.stderr.txt	0	e3b0c44298fc1c149afbf4c8996fb92427ae41e4649b934ca495991b7852b855
preparation_raw/chr22_500_guide_285.columba_k0.stdout.txt	0	e3b0c44298fc1c149afbf4c8996fb92427ae41e4649b934ca495991b7852b855
preparation_raw/chr22_500_guide_285.crisprapido_k0.paf	105	1bf3bce9877ba3ed3c12502aa3023e01f5304f64b9a3663190271da34a300628
preparation_raw/chr22_500_guide_285.crisprapido_k0.stderr.txt	0	e3b0c44298fc1c149afbf4c8996fb92427ae41e4649b934ca495991b7852b855
preparation_raw/chr22_500_guide_285.crisprapido_k0.stdout.txt	0	e3b0c44298fc1c149afbf4c8996fb92427ae41e4649b934ca495991b7852b855
preparation_raw/chr22_500_guide_286.columba_k0.log	2775	ffc8f3115a92ef17b1360c4ef3bf5693c8d9e394755981f3b45d3d999134c444
preparation_raw/chr22_500_guide_286.columba_k0.sam	2108	9d98f1c7ea5ca6a35389e48498a4f86cba509c29b3ab08cccb648e147f0637a3
preparation_raw/chr22_500_guide_286.columba_k0.stderr.txt	0	e3b0c44298fc1c149afbf4c8996fb92427ae41e4649b934ca495991b7852b855
preparation_raw/chr22_500_guide_286.columba_k0.stdout.txt	0	e3b0c44298fc1c149afbf4c8996fb92427ae41e4649b934ca495991b7852b855
preparation_raw/chr22_500_guide_286.crisprapido_k0.paf	1632	6551fe26b10c7013422635e9edbbf65d7b1829276b271db8e0af2b95d2af41d9
preparation_raw/chr22_500_guide_286.crisprapido_k0.stderr.txt	180	cf01392a7226f77d2c114e5e841a95364eb1bdc07486dda024e8d5ce1a9db28b
preparation_raw/chr22_500_guide_286.crisprapido_k0.stdout.txt	0	e3b0c44298fc1c149afbf4c8996fb92427ae41e4649b934ca495991b7852b855
preparation_raw/chr22_500_guide_287.columba_k0.log	2773	09f441e68c3392ae7108d9f732f9b0e569a9dd213e6460a751d84c82137f5e52
preparation_raw/chr22_500_guide_287.columba_k0.sam	1081	1786db29571e8c0f3ae86835ecef0cb26552a128443626185dd9c09f09e0de37
preparation_raw/chr22_500_guide_287.columba_k0.stderr.txt	0	e3b0c44298fc1c149afbf4c8996fb92427ae41e4649b934ca495991b7852b855
preparation_raw/chr22_500_guide_287.columba_k0.stdout.txt	0	e3b0c44298fc1c149afbf4c8996fb92427ae41e4649b934ca495991b7852b855
preparation_raw/chr22_500_guide_287.crisprapido_k0.paf	291	d3940ceb3b0f450f5383e169550c99233bbd5a7603352ddece0bcd69f0d4be79
preparation_raw/chr22_500_guide_287.crisprapido_k0.stderr.txt	90	e738f131400a5df528e34a9a74400f6996b29d28e34bef3f730ed59c9b584539
preparation_raw/chr22_500_guide_287.crisprapido_k0.stdout.txt	0	e3b0c44298fc1c149afbf4c8996fb92427ae41e4649b934ca495991b7852b855
preparation_raw/chr22_500_guide_288.columba_k0.log	2773	c24c796d34a416c0eff6433dd3500303cb31cc00658eef743f17e4a70ac6c3f7
preparation_raw/chr22_500_guide_288.columba_k0.sam	924	30d2a24be3246ca156c4f63a25231262378805f2e05d0fccca7d9d8d867a7824
preparation_raw/chr22_500_guide_288.columba_k0.stderr.txt	0	e3b0c44298fc1c149afbf4c8996fb92427ae41e4649b934ca495991b7852b855
preparation_raw/chr22_500_guide_288.columba_k0.stdout.txt	0	e3b0c44298fc1c149afbf4c8996fb92427ae41e4649b934ca495991b7852b855
preparation_raw/chr22_500_guide_288.crisprapido_k0.paf	105	b7517a16df61180265ec10a20cb33a003c3ea568992073591f20e96d81391119
preparation_raw/chr22_500_guide_288.crisprapido_k0.stderr.txt	0	e3b0c44298fc1c149afbf4c8996fb92427ae41e4649b934ca495991b7852b855
preparation_raw/chr22_500_guide_288.crisprapido_k0.stdout.txt	0	e3b0c44298fc1c149afbf4c8996fb92427ae41e4649b934ca495991b7852b855
preparation_raw/chr22_500_guide_289.columba_k0.log	2773	068a40b83ee6b47e8eeadc60c03e4fdadcb4fa37c67f0627e01a382ad66366ff
preparation_raw/chr22_500_guide_289.columba_k0.sam	924	2611234dbc43f9b951e0b59232a0d6c9b803b2d99bc42c410d626bcf6ab6733a
preparation_raw/chr22_500_guide_289.columba_k0.stderr.txt	0	e3b0c44298fc1c149afbf4c8996fb92427ae41e4649b934ca495991b7852b855
preparation_raw/chr22_500_guide_289.columba_k0.stdout.txt	0	e3b0c44298fc1c149afbf4c8996fb92427ae41e4649b934ca495991b7852b855
preparation_raw/chr22_500_guide_289.crisprapido_k0.paf	105	d9219c3b6740e22448b806b2c7c9eac232d8371a0a1aa50f40645ce369f669dc
preparation_raw/chr22_500_guide_289.crisprapido_k0.stderr.txt	0	e3b0c44298fc1c149afbf4c8996fb92427ae41e4649b934ca495991b7852b855
preparation_raw/chr22_500_guide_289.crisprapido_k0.stdout.txt	0	e3b0c44298fc1c149afbf4c8996fb92427ae41e4649b934ca495991b7852b855
preparation_raw/chr22_500_guide_290.columba_k0.log	2773	b2b21f881fd9965307b164157e174059110c19f4919e3f3c839dab03e0c94121
preparation_raw/chr22_500_guide_290.columba_k0.sam	924	072a6646672658f2c19968d755de0cf40da9b3358e8d9868087687f516c8147f
preparation_raw/chr22_500_guide_290.columba_k0.stderr.txt	0	e3b0c44298fc1c149afbf4c8996fb92427ae41e4649b934ca495991b7852b855
preparation_raw/chr22_500_guide_290.columba_k0.stdout.txt	0	e3b0c44298fc1c149afbf4c8996fb92427ae41e4649b934ca495991b7852b855
preparation_raw/chr22_500_guide_290.crisprapido_k0.paf	105	d7e9813af3f2368064a2285d3e56a0325aba8653c021fdaae43d3d6bd660754c
preparation_raw/chr22_500_guide_290.crisprapido_k0.stderr.txt	0	e3b0c44298fc1c149afbf4c8996fb92427ae41e4649b934ca495991b7852b855
preparation_raw/chr22_500_guide_290.crisprapido_k0.stdout.txt	0	e3b0c44298fc1c149afbf4c8996fb92427ae41e4649b934ca495991b7852b855
preparation_raw/chr22_500_guide_291.columba_k0.log	2773	98667fda61f019b053d4c9ac3b788b8d1e3f66fcd9bad39f4944cfa566fa3bcf
preparation_raw/chr22_500_guide_291.columba_k0.sam	924	bd0d6102aac6ad8788c4aa760f163abae55158f484b1deb1fec1c540e6585abe
preparation_raw/chr22_500_guide_291.columba_k0.stderr.txt	0	e3b0c44298fc1c149afbf4c8996fb92427ae41e4649b934ca495991b7852b855
preparation_raw/chr22_500_guide_291.columba_k0.stdout.txt	0	e3b0c44298fc1c149afbf4c8996fb92427ae41e4649b934ca495991b7852b855
preparation_raw/chr22_500_guide_291.crisprapido_k0.paf	105	800382f6b1e1f5501a4440ffaf65afb9d88391aa57625459a1825e4cf7ba87a1
preparation_raw/chr22_500_guide_291.crisprapido_k0.stderr.txt	0	e3b0c44298fc1c149afbf4c8996fb92427ae41e4649b934ca495991b7852b855
preparation_raw/chr22_500_guide_291.crisprapido_k0.stdout.txt	0	e3b0c44298fc1c149afbf4c8996fb92427ae41e4649b934ca495991b7852b855
preparation_raw/chr22_500_guide_292.columba_k0.log	2773	e0c68aacc23878dd62eb659c912bc2e9935e398daf5cce53885b4d1b69126f09
preparation_raw/chr22_500_guide_292.columba_k0.sam	924	87aa9170d591add79eaf29c6f0babedf209ba47cede008a2373b37ac7b8d3da4
preparation_raw/chr22_500_guide_292.columba_k0.stderr.txt	0	e3b0c44298fc1c149afbf4c8996fb92427ae41e4649b934ca495991b7852b855
preparation_raw/chr22_500_guide_292.columba_k0.stdout.txt	0	e3b0c44298fc1c149afbf4c8996fb92427ae41e4649b934ca495991b7852b855
preparation_raw/chr22_500_guide_292.crisprapido_k0.paf	105	5941dd24b1361301897320aac40154d572007d35f9b20166ac32f6d1231e2acd
preparation_raw/chr22_500_guide_292.crisprapido_k0.stderr.txt	0	e3b0c44298fc1c149afbf4c8996fb92427ae41e4649b934ca495991b7852b855
preparation_raw/chr22_500_guide_292.crisprapido_k0.stdout.txt	0	e3b0c44298fc1c149afbf4c8996fb92427ae41e4649b934ca495991b7852b855
preparation_raw/chr22_500_guide_293.columba_k0.log	2772	1c6afedb422a7fe1a293a92f821ab7cfbdee91271dbdd8a8f7829fd2a834ec18
preparation_raw/chr22_500_guide_293.columba_k0.sam	924	a6f81bfd8ab104a6d62cf5aeaa96c7ce262948eb01714ef9f29461ff4235fc0e
preparation_raw/chr22_500_guide_293.columba_k0.stderr.txt	0	e3b0c44298fc1c149afbf4c8996fb92427ae41e4649b934ca495991b7852b855
preparation_raw/chr22_500_guide_293.columba_k0.stdout.txt	0	e3b0c44298fc1c149afbf4c8996fb92427ae41e4649b934ca495991b7852b855
preparation_raw/chr22_500_guide_293.crisprapido_k0.paf	105	a6e8f7dbe8440152b018e778c86e594c220662576f7388bf74086116bfb557b5
preparation_raw/chr22_500_guide_293.crisprapido_k0.stderr.txt	0	e3b0c44298fc1c149afbf4c8996fb92427ae41e4649b934ca495991b7852b855
preparation_raw/chr22_500_guide_293.crisprapido_k0.stdout.txt	0	e3b0c44298fc1c149afbf4c8996fb92427ae41e4649b934ca495991b7852b855
preparation_raw/chr22_500_guide_294.columba_k0.log	2773	01036f9e61c7fd07471cd5aad5f8d2b206f320b6ac8339c880931fcd023218ac
preparation_raw/chr22_500_guide_294.columba_k0.sam	924	0effdc08117c60ba417bac351393290fe0a4cb0154e1b4bc288eb69156f13307
preparation_raw/chr22_500_guide_294.columba_k0.stderr.txt	0	e3b0c44298fc1c149afbf4c8996fb92427ae41e4649b934ca495991b7852b855
preparation_raw/chr22_500_guide_294.columba_k0.stdout.txt	0	e3b0c44298fc1c149afbf4c8996fb92427ae41e4649b934ca495991b7852b855
preparation_raw/chr22_500_guide_294.crisprapido_k0.paf	105	dab4e592ef1445cf45b46075f9efbba95f9bfc2d670471fca86e90e48d9e7fa9
preparation_raw/chr22_500_guide_294.crisprapido_k0.stderr.txt	0	e3b0c44298fc1c149afbf4c8996fb92427ae41e4649b934ca495991b7852b855
preparation_raw/chr22_500_guide_294.crisprapido_k0.stdout.txt	0	e3b0c44298fc1c149afbf4c8996fb92427ae41e4649b934ca495991b7852b855
preparation_raw/chr22_500_guide_295.columba_k0.log	2773	3399f69bdc1b1a35947c08b202dde97d866fdd70764b3620c968f254a4d563a3
preparation_raw/chr22_500_guide_295.columba_k0.sam	924	90a4f5736e45428c91facb61595e5fba6b81c5e16befd32e5494035bbab710b9
preparation_raw/chr22_500_guide_295.columba_k0.stderr.txt	0	e3b0c44298fc1c149afbf4c8996fb92427ae41e4649b934ca495991b7852b855
preparation_raw/chr22_500_guide_295.columba_k0.stdout.txt	0	e3b0c44298fc1c149afbf4c8996fb92427ae41e4649b934ca495991b7852b855
preparation_raw/chr22_500_guide_295.crisprapido_k0.paf	105	2d77b320ec43b12ee3f6094ded8591196f9a7acd33e7308010ac9edce4593dcd
preparation_raw/chr22_500_guide_295.crisprapido_k0.stderr.txt	0	e3b0c44298fc1c149afbf4c8996fb92427ae41e4649b934ca495991b7852b855
preparation_raw/chr22_500_guide_295.crisprapido_k0.stdout.txt	0	e3b0c44298fc1c149afbf4c8996fb92427ae41e4649b934ca495991b7852b855
preparation_raw/chr22_500_guide_296.columba_k0.log	2773	749bb16e3561619a397dd745124e1d6c9e0edfcff97be8aedefe6c1ec93cf49e
preparation_raw/chr22_500_guide_296.columba_k0.sam	924	493b9513c513fff174afdde5f350c8857d7425b5f2692d76482749328a5242af
preparation_raw/chr22_500_guide_296.columba_k0.stderr.txt	0	e3b0c44298fc1c149afbf4c8996fb92427ae41e4649b934ca495991b7852b855
preparation_raw/chr22_500_guide_296.columba_k0.stdout.txt	0	e3b0c44298fc1c149afbf4c8996fb92427ae41e4649b934ca495991b7852b855
preparation_raw/chr22_500_guide_296.crisprapido_k0.paf	105	da3687baf79f356a7107d728d14228a0dd66bfc10a9e5ee4b96bded376c6c3f6
preparation_raw/chr22_500_guide_296.crisprapido_k0.stderr.txt	0	e3b0c44298fc1c149afbf4c8996fb92427ae41e4649b934ca495991b7852b855
preparation_raw/chr22_500_guide_296.crisprapido_k0.stdout.txt	0	e3b0c44298fc1c149afbf4c8996fb92427ae41e4649b934ca495991b7852b855
preparation_raw/chr22_500_guide_297.columba_k0.log	2773	50f3926f60d3cf53a038f13d8e3e00bcb6445d62d869bb6b004b69b85c8908d5
preparation_raw/chr22_500_guide_297.columba_k0.sam	924	d2a4ed02b4b83b7e38001ff5ba0da5a9c17aec29b50f654db3aa57298598f8f2
preparation_raw/chr22_500_guide_297.columba_k0.stderr.txt	0	e3b0c44298fc1c149afbf4c8996fb92427ae41e4649b934ca495991b7852b855
preparation_raw/chr22_500_guide_297.columba_k0.stdout.txt	0	e3b0c44298fc1c149afbf4c8996fb92427ae41e4649b934ca495991b7852b855
preparation_raw/chr22_500_guide_297.crisprapido_k0.paf	105	67d715df04795b597b55d1e6f751ac48727e34c17090a29c4f40831563d3c69a
preparation_raw/chr22_500_guide_297.crisprapido_k0.stderr.txt	0	e3b0c44298fc1c149afbf4c8996fb92427ae41e4649b934ca495991b7852b855
preparation_raw/chr22_500_guide_297.crisprapido_k0.stdout.txt	0	e3b0c44298fc1c149afbf4c8996fb92427ae41e4649b934ca495991b7852b855
preparation_raw/chr22_500_guide_298.columba_k0.log	2773	9bb4b83b3d463f30b601a4065df2be21fa00bee2e46f6c50c4775f7160341cff
preparation_raw/chr22_500_guide_298.columba_k0.sam	924	6e46be1fc0bc34931de1131f0b1a7064a68956f735faf7f6afa6ab9fb3d74918
preparation_raw/chr22_500_guide_298.columba_k0.stderr.txt	0	e3b0c44298fc1c149afbf4c8996fb92427ae41e4649b934ca495991b7852b855
preparation_raw/chr22_500_guide_298.columba_k0.stdout.txt	0	e3b0c44298fc1c149afbf4c8996fb92427ae41e4649b934ca495991b7852b855
preparation_raw/chr22_500_guide_298.crisprapido_k0.paf	105	96bacc0c5f62f5ee3cb64d6560e882e64673267447e8714383a4ab744f1c99a8
preparation_raw/chr22_500_guide_298.crisprapido_k0.stderr.txt	0	e3b0c44298fc1c149afbf4c8996fb92427ae41e4649b934ca495991b7852b855
preparation_raw/chr22_500_guide_298.crisprapido_k0.stdout.txt	0	e3b0c44298fc1c149afbf4c8996fb92427ae41e4649b934ca495991b7852b855
preparation_raw/chr22_500_guide_299.columba_k0.log	2773	474d2ffb25c5bf484631e68d6fc5cb3aafd7def1fc3a6bf50627d25df3c6af80
preparation_raw/chr22_500_guide_299.columba_k0.sam	924	99316bb459030390c950c6eb4a843b2800d11350468d26e363db4cc92ac944e7
preparation_raw/chr22_500_guide_299.columba_k0.stderr.txt	0	e3b0c44298fc1c149afbf4c8996fb92427ae41e4649b934ca495991b7852b855
preparation_raw/chr22_500_guide_299.columba_k0.stdout.txt	0	e3b0c44298fc1c149afbf4c8996fb92427ae41e4649b934ca495991b7852b855
preparation_raw/chr22_500_guide_299.crisprapido_k0.paf	105	1eba404868f62a6cddb13fd737dc01862933045368e97c33d9d65d18860a5cba
preparation_raw/chr22_500_guide_299.crisprapido_k0.stderr.txt	0	e3b0c44298fc1c149afbf4c8996fb92427ae41e4649b934ca495991b7852b855
preparation_raw/chr22_500_guide_299.crisprapido_k0.stdout.txt	0	e3b0c44298fc1c149afbf4c8996fb92427ae41e4649b934ca495991b7852b855
preparation_raw/chr22_500_guide_300.columba_k0.log	2772	7818f3a2c331ac8f0489bc3f2e245f71b63d716e7656f15f68a318f53f298e01
preparation_raw/chr22_500_guide_300.columba_k0.sam	924	23cb6c47584a71b051f6c1481395b0a447cbe84714b80b7d0e1764583fc51622
preparation_raw/chr22_500_guide_300.columba_k0.stderr.txt	0	e3b0c44298fc1c149afbf4c8996fb92427ae41e4649b934ca495991b7852b855
preparation_raw/chr22_500_guide_300.columba_k0.stdout.txt	0	e3b0c44298fc1c149afbf4c8996fb92427ae41e4649b934ca495991b7852b855
preparation_raw/chr22_500_guide_300.crisprapido_k0.paf	105	14d7ad904267e9f27e192421458cd4c9b704e3a66f504d917fb35a619fd91865
preparation_raw/chr22_500_guide_300.crisprapido_k0.stderr.txt	0	e3b0c44298fc1c149afbf4c8996fb92427ae41e4649b934ca495991b7852b855
preparation_raw/chr22_500_guide_300.crisprapido_k0.stdout.txt	0	e3b0c44298fc1c149afbf4c8996fb92427ae41e4649b934ca495991b7852b855
preparation_raw/chr22_500_guide_301.columba_k0.log	2773	d4e9b280f5e04a55e00385abc44f655bba33b6f3fc0babedd35adebc39a5d072
preparation_raw/chr22_500_guide_301.columba_k0.sam	1081	dbf4a4a3f8019e12398de1428989cd9525e1079033621f5967f11f568055370f
preparation_raw/chr22_500_guide_301.columba_k0.stderr.txt	0	e3b0c44298fc1c149afbf4c8996fb92427ae41e4649b934ca495991b7852b855
preparation_raw/chr22_500_guide_301.columba_k0.stdout.txt	0	e3b0c44298fc1c149afbf4c8996fb92427ae41e4649b934ca495991b7852b855
preparation_raw/chr22_500_guide_301.crisprapido_k0.paf	303	aad97aec964a874fb289f1733f810352972e7314758d09853103e2129a0d7967
preparation_raw/chr22_500_guide_301.crisprapido_k0.stderr.txt	45	ecd997460eff8b19bac120208f47edd7be53e3371027aaa35d95fa07a5e79089
preparation_raw/chr22_500_guide_301.crisprapido_k0.stdout.txt	0	e3b0c44298fc1c149afbf4c8996fb92427ae41e4649b934ca495991b7852b855
preparation_raw/chr22_500_guide_302.columba_k0.log	2772	b075f8e4a0a98f0b5666fb12a1cfd2196bde1d82af53c9af9794f9515c3b0a95
preparation_raw/chr22_500_guide_302.columba_k0.sam	924	3596c79ff0b440d625303be34edcb7b30d3da603b93176ccb55776d5e91ca33c
preparation_raw/chr22_500_guide_302.columba_k0.stderr.txt	0	e3b0c44298fc1c149afbf4c8996fb92427ae41e4649b934ca495991b7852b855
preparation_raw/chr22_500_guide_302.columba_k0.stdout.txt	0	e3b0c44298fc1c149afbf4c8996fb92427ae41e4649b934ca495991b7852b855
preparation_raw/chr22_500_guide_302.crisprapido_k0.paf	105	d3783eb23d426c2c0580af71666746b5222070a22a5f6ccc626b4f5f194c85e3
preparation_raw/chr22_500_guide_302.crisprapido_k0.stderr.txt	0	e3b0c44298fc1c149afbf4c8996fb92427ae41e4649b934ca495991b7852b855
preparation_raw/chr22_500_guide_302.crisprapido_k0.stdout.txt	0	e3b0c44298fc1c149afbf4c8996fb92427ae41e4649b934ca495991b7852b855
preparation_raw/chr22_500_guide_303.columba_k0.log	2772	49cd750d635f72830c27b1592ed9bbb5701b2aaa570dfe13aefa9606743399d8
preparation_raw/chr22_500_guide_303.columba_k0.sam	924	1c1dbbec14f7f26a8916160e9174a143e739b8c737f30a59fce1589effec6d42
preparation_raw/chr22_500_guide_303.columba_k0.stderr.txt	0	e3b0c44298fc1c149afbf4c8996fb92427ae41e4649b934ca495991b7852b855
preparation_raw/chr22_500_guide_303.columba_k0.stdout.txt	0	e3b0c44298fc1c149afbf4c8996fb92427ae41e4649b934ca495991b7852b855
preparation_raw/chr22_500_guide_303.crisprapido_k0.paf	105	9246314add68bcb309196485353ca32264aa9d97b65d40e3825659e7fa9e07c5
preparation_raw/chr22_500_guide_303.crisprapido_k0.stderr.txt	0	e3b0c44298fc1c149afbf4c8996fb92427ae41e4649b934ca495991b7852b855
preparation_raw/chr22_500_guide_303.crisprapido_k0.stdout.txt	0	e3b0c44298fc1c149afbf4c8996fb92427ae41e4649b934ca495991b7852b855
preparation_raw/chr22_500_guide_304.columba_k0.log	2773	8b783fd3ee725e423a7cc30aa28771f059a7d518b53b10a11243ff93dbc57a4d
preparation_raw/chr22_500_guide_304.columba_k0.sam	924	ac72b6280240c0223389016ae72052b38fa7c4611f17c93ceada5e7bb395faa4
preparation_raw/chr22_500_guide_304.columba_k0.stderr.txt	0	e3b0c44298fc1c149afbf4c8996fb92427ae41e4649b934ca495991b7852b855
preparation_raw/chr22_500_guide_304.columba_k0.stdout.txt	0	e3b0c44298fc1c149afbf4c8996fb92427ae41e4649b934ca495991b7852b855
preparation_raw/chr22_500_guide_304.crisprapido_k0.paf	105	c4733a0adb33265b42f1ea521dc40264cba04876a6f6679bbc39519cf0338918
preparation_raw/chr22_500_guide_304.crisprapido_k0.stderr.txt	0	e3b0c44298fc1c149afbf4c8996fb92427ae41e4649b934ca495991b7852b855
preparation_raw/chr22_500_guide_304.crisprapido_k0.stdout.txt	0	e3b0c44298fc1c149afbf4c8996fb92427ae41e4649b934ca495991b7852b855
preparation_raw/chr22_500_guide_305.columba_k0.log	2772	6c3e2c49c1eeb85e6eb3c3b39aee6cd63a41dcd12cf3a53f0ec36c68843abdba
preparation_raw/chr22_500_guide_305.columba_k0.sam	1318	290385cbda3af392303ae99336c07b5c9344a735baab6bfec6e9063b88653caf
preparation_raw/chr22_500_guide_305.columba_k0.stderr.txt	0	e3b0c44298fc1c149afbf4c8996fb92427ae41e4649b934ca495991b7852b855
preparation_raw/chr22_500_guide_305.columba_k0.stdout.txt	0	e3b0c44298fc1c149afbf4c8996fb92427ae41e4649b934ca495991b7852b855
preparation_raw/chr22_500_guide_305.crisprapido_k0.paf	594	5c4c24f539998a8460eecab3256df23a9e67ac12989ce7a75bc17320d6c083d9
preparation_raw/chr22_500_guide_305.crisprapido_k0.stderr.txt	135	638bd673bf5fc22f3fc8fe75f5600789d2b5d3f971a550e9446c8845c8fb98e7
preparation_raw/chr22_500_guide_305.crisprapido_k0.stdout.txt	0	e3b0c44298fc1c149afbf4c8996fb92427ae41e4649b934ca495991b7852b855
preparation_raw/chr22_500_guide_306.columba_k0.log	2773	408a34dcb30c4e681cd9f6c4ef357b7b078092c3ac782e5c094fd83485f2da0c
preparation_raw/chr22_500_guide_306.columba_k0.sam	924	379021a896c79c4aa2ea669e2c65090c68f4f20a8eacf03817a02fc9ee12b393
preparation_raw/chr22_500_guide_306.columba_k0.stderr.txt	0	e3b0c44298fc1c149afbf4c8996fb92427ae41e4649b934ca495991b7852b855
preparation_raw/chr22_500_guide_306.columba_k0.stdout.txt	0	e3b0c44298fc1c149afbf4c8996fb92427ae41e4649b934ca495991b7852b855
preparation_raw/chr22_500_guide_306.crisprapido_k0.paf	105	6a309defbbe5f08abe920ac12a2c13155098f57994aeb2c767ac2a830d0db569
preparation_raw/chr22_500_guide_306.crisprapido_k0.stderr.txt	0	e3b0c44298fc1c149afbf4c8996fb92427ae41e4649b934ca495991b7852b855
preparation_raw/chr22_500_guide_306.crisprapido_k0.stdout.txt	0	e3b0c44298fc1c149afbf4c8996fb92427ae41e4649b934ca495991b7852b855
preparation_raw/chr22_500_guide_307.columba_k0.log	2773	347df8225b93e51ec2c2b6dc5f2ee1d85fa54dc896b34ea346bd3632cefc734f
preparation_raw/chr22_500_guide_307.columba_k0.sam	924	9c59611cbb03d7ae02ebb6d8a913569a561b356604b77c3a2bef4cee4d6897e2
preparation_raw/chr22_500_guide_307.columba_k0.stderr.txt	0	e3b0c44298fc1c149afbf4c8996fb92427ae41e4649b934ca495991b7852b855
preparation_raw/chr22_500_guide_307.columba_k0.stdout.txt	0	e3b0c44298fc1c149afbf4c8996fb92427ae41e4649b934ca495991b7852b855
preparation_raw/chr22_500_guide_307.crisprapido_k0.paf	105	9600eb890ca0d1d43f7656d7c3b247fcb0b36ee444a3a6e1db8fb2b17ec4905e
preparation_raw/chr22_500_guide_307.crisprapido_k0.stderr.txt	0	e3b0c44298fc1c149afbf4c8996fb92427ae41e4649b934ca495991b7852b855
preparation_raw/chr22_500_guide_307.crisprapido_k0.stdout.txt	0	e3b0c44298fc1c149afbf4c8996fb92427ae41e4649b934ca495991b7852b855
preparation_raw/chr22_500_guide_308.columba_k0.log	2773	d06b2e06686d241a0b3b375b16649d38621b364fed766542e4edad02ac364a3a
preparation_raw/chr22_500_guide_308.columba_k0.sam	924	4379c6cd2aef77726fd0f813a04578fc040b0d73f60624d851d214f162235fa8
preparation_raw/chr22_500_guide_308.columba_k0.stderr.txt	0	e3b0c44298fc1c149afbf4c8996fb92427ae41e4649b934ca495991b7852b855
preparation_raw/chr22_500_guide_308.columba_k0.stdout.txt	0	e3b0c44298fc1c149afbf4c8996fb92427ae41e4649b934ca495991b7852b855
preparation_raw/chr22_500_guide_308.crisprapido_k0.paf	105	4832e7aa711ccdac22496f6cb8a979eec30369c372fca1b6aba1e3edfb12e8a1
preparation_raw/chr22_500_guide_308.crisprapido_k0.stderr.txt	0	e3b0c44298fc1c149afbf4c8996fb92427ae41e4649b934ca495991b7852b855
preparation_raw/chr22_500_guide_308.crisprapido_k0.stdout.txt	0	e3b0c44298fc1c149afbf4c8996fb92427ae41e4649b934ca495991b7852b855
preparation_raw/chr22_500_guide_309.columba_k0.log	2773	c2e131cde8244be024d7821c3d92d0b7be0d7a78d3f2f7cb6af1f4f99c69d97f
preparation_raw/chr22_500_guide_309.columba_k0.sam	924	8429dc4cb1e7f019f126987213611bfaaf77c006404cd20167aa48d112420b12
preparation_raw/chr22_500_guide_309.columba_k0.stderr.txt	0	e3b0c44298fc1c149afbf4c8996fb92427ae41e4649b934ca495991b7852b855
preparation_raw/chr22_500_guide_309.columba_k0.stdout.txt	0	e3b0c44298fc1c149afbf4c8996fb92427ae41e4649b934ca495991b7852b855
preparation_raw/chr22_500_guide_309.crisprapido_k0.paf	105	f28fb9fe383216f6c91093a5f019c5cbf43de8b83faafe6285faedf8960a2816
preparation_raw/chr22_500_guide_309.crisprapido_k0.stderr.txt	0	e3b0c44298fc1c149afbf4c8996fb92427ae41e4649b934ca495991b7852b855
preparation_raw/chr22_500_guide_309.crisprapido_k0.stdout.txt	0	e3b0c44298fc1c149afbf4c8996fb92427ae41e4649b934ca495991b7852b855
preparation_raw/chr22_500_guide_310.columba_k0.log	2773	dd18715dc6f3a40e3334d9be14c069e5e272ce9da555c48d1189ab3ccf87a416
preparation_raw/chr22_500_guide_310.columba_k0.sam	924	251ced7d4c3d58a65fe96170f9a0ae3879c5ca749f2eaad0be7fecab9865cbd9
preparation_raw/chr22_500_guide_310.columba_k0.stderr.txt	0	e3b0c44298fc1c149afbf4c8996fb92427ae41e4649b934ca495991b7852b855
preparation_raw/chr22_500_guide_310.columba_k0.stdout.txt	0	e3b0c44298fc1c149afbf4c8996fb92427ae41e4649b934ca495991b7852b855
preparation_raw/chr22_500_guide_310.crisprapido_k0.paf	105	6535286bd318c12e4be70453ccc7d1c063c4e2a4f73eeeb18ca81403b343aa14
preparation_raw/chr22_500_guide_310.crisprapido_k0.stderr.txt	0	e3b0c44298fc1c149afbf4c8996fb92427ae41e4649b934ca495991b7852b855
preparation_raw/chr22_500_guide_310.crisprapido_k0.stdout.txt	0	e3b0c44298fc1c149afbf4c8996fb92427ae41e4649b934ca495991b7852b855
preparation_raw/chr22_500_guide_311.columba_k0.log	2773	a7614adafe45ee3c777f9e53a56fd4d042cbef1f74e26bb04b67710f09ac8cc1
preparation_raw/chr22_500_guide_311.columba_k0.sam	924	e1ebfeb0f856c140844355ca474a13a6e4f0378b8a30a42e678145c3d814ee73
preparation_raw/chr22_500_guide_311.columba_k0.stderr.txt	0	e3b0c44298fc1c149afbf4c8996fb92427ae41e4649b934ca495991b7852b855
preparation_raw/chr22_500_guide_311.columba_k0.stdout.txt	0	e3b0c44298fc1c149afbf4c8996fb92427ae41e4649b934ca495991b7852b855
preparation_raw/chr22_500_guide_311.crisprapido_k0.paf	105	5b784daad360f58274f79cdec29b21b229acbcd8af8681bc467dca4ad18924fe
preparation_raw/chr22_500_guide_311.crisprapido_k0.stderr.txt	0	e3b0c44298fc1c149afbf4c8996fb92427ae41e4649b934ca495991b7852b855
preparation_raw/chr22_500_guide_311.crisprapido_k0.stdout.txt	0	e3b0c44298fc1c149afbf4c8996fb92427ae41e4649b934ca495991b7852b855
preparation_raw/chr22_500_guide_312.columba_k0.log	2773	13d428fcafdaa1c0e0c0e2c22738e7b1a6c56db6a3f3ae00431793e82558efd7
preparation_raw/chr22_500_guide_312.columba_k0.sam	924	0af3c8e01fc501ed06fe6929c210b7a52be3a21efb10ab3c17dae78e5f795069
preparation_raw/chr22_500_guide_312.columba_k0.stderr.txt	0	e3b0c44298fc1c149afbf4c8996fb92427ae41e4649b934ca495991b7852b855
preparation_raw/chr22_500_guide_312.columba_k0.stdout.txt	0	e3b0c44298fc1c149afbf4c8996fb92427ae41e4649b934ca495991b7852b855
preparation_raw/chr22_500_guide_312.crisprapido_k0.paf	105	6277afa4b9349b6787fb9412e1072d4091ce90d200a90b3e74c1764882da95fa
preparation_raw/chr22_500_guide_312.crisprapido_k0.stderr.txt	0	e3b0c44298fc1c149afbf4c8996fb92427ae41e4649b934ca495991b7852b855
preparation_raw/chr22_500_guide_312.crisprapido_k0.stdout.txt	0	e3b0c44298fc1c149afbf4c8996fb92427ae41e4649b934ca495991b7852b855
preparation_raw/chr22_500_guide_313.columba_k0.log	2773	0a28bf5a65f165baaeefadd15c14fe414fb72635b50738641252845d3ef95486
preparation_raw/chr22_500_guide_313.columba_k0.sam	924	0f0fa7d7cc70509607c90b79e40078fb22ec7e3a9825cc35095b455c7bfb98d1
preparation_raw/chr22_500_guide_313.columba_k0.stderr.txt	0	e3b0c44298fc1c149afbf4c8996fb92427ae41e4649b934ca495991b7852b855
preparation_raw/chr22_500_guide_313.columba_k0.stdout.txt	0	e3b0c44298fc1c149afbf4c8996fb92427ae41e4649b934ca495991b7852b855
preparation_raw/chr22_500_guide_313.crisprapido_k0.paf	105	c4ca7ddc636638d7005d3e187756ba84185296e1c2585b41d0a7a856e2606213
preparation_raw/chr22_500_guide_313.crisprapido_k0.stderr.txt	0	e3b0c44298fc1c149afbf4c8996fb92427ae41e4649b934ca495991b7852b855
preparation_raw/chr22_500_guide_313.crisprapido_k0.stdout.txt	0	e3b0c44298fc1c149afbf4c8996fb92427ae41e4649b934ca495991b7852b855
preparation_raw/chr22_500_guide_314.columba_k0.log	2773	d9c31d4077ccb43a1b981c3f342f27666f9258f3b9fd6914a445ad19bc0a920c
preparation_raw/chr22_500_guide_314.columba_k0.sam	924	6a9bcf752f6e0196a0bd293710f66bb8c7d30621cb1222586ab8fb59db119ecc
preparation_raw/chr22_500_guide_314.columba_k0.stderr.txt	0	e3b0c44298fc1c149afbf4c8996fb92427ae41e4649b934ca495991b7852b855
preparation_raw/chr22_500_guide_314.columba_k0.stdout.txt	0	e3b0c44298fc1c149afbf4c8996fb92427ae41e4649b934ca495991b7852b855
preparation_raw/chr22_500_guide_314.crisprapido_k0.paf	105	a2eb1dfaf7ba7e176fe1c242346652aa7a1166c410da2c5736b9d5677fc8a13f
preparation_raw/chr22_500_guide_314.crisprapido_k0.stderr.txt	0	e3b0c44298fc1c149afbf4c8996fb92427ae41e4649b934ca495991b7852b855
preparation_raw/chr22_500_guide_314.crisprapido_k0.stdout.txt	0	e3b0c44298fc1c149afbf4c8996fb92427ae41e4649b934ca495991b7852b855
preparation_raw/chr22_500_guide_315.columba_k0.log	2773	8bf8bfc0e62e2b95378f432e7690e08fc848758bb473699c375ba54bab5217c5
preparation_raw/chr22_500_guide_315.columba_k0.sam	924	8160bfffa6c56f731b940bdd9133d3672469685e04129368e26f4f15ddfc1e37
preparation_raw/chr22_500_guide_315.columba_k0.stderr.txt	0	e3b0c44298fc1c149afbf4c8996fb92427ae41e4649b934ca495991b7852b855
preparation_raw/chr22_500_guide_315.columba_k0.stdout.txt	0	e3b0c44298fc1c149afbf4c8996fb92427ae41e4649b934ca495991b7852b855
preparation_raw/chr22_500_guide_315.crisprapido_k0.paf	105	3d96c21755e994f100780beab6f0ddd4428febb86225f1f6d35991b5ca1cbb8d
preparation_raw/chr22_500_guide_315.crisprapido_k0.stderr.txt	0	e3b0c44298fc1c149afbf4c8996fb92427ae41e4649b934ca495991b7852b855
preparation_raw/chr22_500_guide_315.crisprapido_k0.stdout.txt	0	e3b0c44298fc1c149afbf4c8996fb92427ae41e4649b934ca495991b7852b855
preparation_raw/chr22_500_guide_316.columba_k0.log	2775	385cead5d56b33829373c39f649e447200de9ddc97384b3b91289e92599c98aa
preparation_raw/chr22_500_guide_316.columba_k0.sam	1950	886e7f84080aeec52af98169e096f7db588a89d78456f9d8d32fb685848d35a9
preparation_raw/chr22_500_guide_316.columba_k0.stderr.txt	0	e3b0c44298fc1c149afbf4c8996fb92427ae41e4649b934ca495991b7852b855
preparation_raw/chr22_500_guide_316.columba_k0.stdout.txt	0	e3b0c44298fc1c149afbf4c8996fb92427ae41e4649b934ca495991b7852b855
preparation_raw/chr22_500_guide_316.crisprapido_k0.paf	1398	487a4a3f43dcad63160de60126f361b8040b3d72a0d019fa6199119bb953f420
preparation_raw/chr22_500_guide_316.crisprapido_k0.stderr.txt	270	6dd37d45626373f97b36828739234e64b591905fb707084ab0eaed58b1b00c27
preparation_raw/chr22_500_guide_316.crisprapido_k0.stdout.txt	0	e3b0c44298fc1c149afbf4c8996fb92427ae41e4649b934ca495991b7852b855
preparation_raw/chr22_500_guide_317.columba_k0.log	2774	f42dcbd149e41d0972bd32e26a07b598193675f6268a4be1fe260b1acb463c79
preparation_raw/chr22_500_guide_317.columba_k0.sam	924	5726d3d343993e32b36fc8296fabf37510d4af504b427b02783a0074e5628a0f
preparation_raw/chr22_500_guide_317.columba_k0.stderr.txt	0	e3b0c44298fc1c149afbf4c8996fb92427ae41e4649b934ca495991b7852b855
preparation_raw/chr22_500_guide_317.columba_k0.stdout.txt	0	e3b0c44298fc1c149afbf4c8996fb92427ae41e4649b934ca495991b7852b855
preparation_raw/chr22_500_guide_317.crisprapido_k0.paf	105	199b4cdcf8c5032c951850e7cb976ec2771edcaac16079c8f1ad422ea45e52c2
preparation_raw/chr22_500_guide_317.crisprapido_k0.stderr.txt	0	e3b0c44298fc1c149afbf4c8996fb92427ae41e4649b934ca495991b7852b855
preparation_raw/chr22_500_guide_317.crisprapido_k0.stdout.txt	0	e3b0c44298fc1c149afbf4c8996fb92427ae41e4649b934ca495991b7852b855
preparation_raw/chr22_500_guide_318.columba_k0.log	2773	5c1d4aa6a6984a367eed6553adf77296fff1e100f364e0dab3fecd2637a50f0a
preparation_raw/chr22_500_guide_318.columba_k0.sam	924	205530fa3225b78ec75077e50d5c51cfdfe3ce567c76e1431ed21a9643b3e3de
preparation_raw/chr22_500_guide_318.columba_k0.stderr.txt	0	e3b0c44298fc1c149afbf4c8996fb92427ae41e4649b934ca495991b7852b855
preparation_raw/chr22_500_guide_318.columba_k0.stdout.txt	0	e3b0c44298fc1c149afbf4c8996fb92427ae41e4649b934ca495991b7852b855
preparation_raw/chr22_500_guide_318.crisprapido_k0.paf	105	b38f02456f345d872287da7f74b53691b169eb255cc35d11d103c308c700d2eb
preparation_raw/chr22_500_guide_318.crisprapido_k0.stderr.txt	0	e3b0c44298fc1c149afbf4c8996fb92427ae41e4649b934ca495991b7852b855
preparation_raw/chr22_500_guide_318.crisprapido_k0.stdout.txt	0	e3b0c44298fc1c149afbf4c8996fb92427ae41e4649b934ca495991b7852b855
preparation_raw/chr22_500_guide_319.columba_k0.log	2773	65999e0bd0bfc5d477c92755c4f725e2c5551c5abde494eab01d9bd1a19c020f
preparation_raw/chr22_500_guide_319.columba_k0.sam	924	38b43eed9748791f43c7e49e5afcff0b9066804c068615185c92d39c8a06f070
preparation_raw/chr22_500_guide_319.columba_k0.stderr.txt	0	e3b0c44298fc1c149afbf4c8996fb92427ae41e4649b934ca495991b7852b855
preparation_raw/chr22_500_guide_319.columba_k0.stdout.txt	0	e3b0c44298fc1c149afbf4c8996fb92427ae41e4649b934ca495991b7852b855
preparation_raw/chr22_500_guide_319.crisprapido_k0.paf	105	8563fc61dbbd0d60d302841d7a8b30a35df84832e0dff341b56de54c3f033908
preparation_raw/chr22_500_guide_319.crisprapido_k0.stderr.txt	0	e3b0c44298fc1c149afbf4c8996fb92427ae41e4649b934ca495991b7852b855
preparation_raw/chr22_500_guide_319.crisprapido_k0.stdout.txt	0	e3b0c44298fc1c149afbf4c8996fb92427ae41e4649b934ca495991b7852b855
preparation_raw/chr22_500_guide_320.columba_k0.log	2773	635141f1e92f3a378fd038f656719e20c5c3216f1b9e52d89b310eb8a5e283c2
preparation_raw/chr22_500_guide_320.columba_k0.sam	924	f56f89068a35104eed8a8b8e0b528919b62b2662e6ccafb385bc17ed12d6e555
preparation_raw/chr22_500_guide_320.columba_k0.stderr.txt	0	e3b0c44298fc1c149afbf4c8996fb92427ae41e4649b934ca495991b7852b855
preparation_raw/chr22_500_guide_320.columba_k0.stdout.txt	0	e3b0c44298fc1c149afbf4c8996fb92427ae41e4649b934ca495991b7852b855
preparation_raw/chr22_500_guide_320.crisprapido_k0.paf	105	c2e1e987296dcbb577c4b7951bfb8b1995247a8821cc87ff854132058dc825ac
preparation_raw/chr22_500_guide_320.crisprapido_k0.stderr.txt	0	e3b0c44298fc1c149afbf4c8996fb92427ae41e4649b934ca495991b7852b855
preparation_raw/chr22_500_guide_320.crisprapido_k0.stdout.txt	0	e3b0c44298fc1c149afbf4c8996fb92427ae41e4649b934ca495991b7852b855
preparation_raw/chr22_500_guide_321.columba_k0.log	2774	07b278fa22469a9da545da4d4deb4f6a25703a5b008a9c37c2b9bfb2d7ede24e
preparation_raw/chr22_500_guide_321.columba_k0.sam	924	d406e8a74f9bd1c7dc06fd9f0194b09ddbce3210ff5b6c99df99a20e7b447b27
preparation_raw/chr22_500_guide_321.columba_k0.stderr.txt	0	e3b0c44298fc1c149afbf4c8996fb92427ae41e4649b934ca495991b7852b855
preparation_raw/chr22_500_guide_321.columba_k0.stdout.txt	0	e3b0c44298fc1c149afbf4c8996fb92427ae41e4649b934ca495991b7852b855
preparation_raw/chr22_500_guide_321.crisprapido_k0.paf	105	892cbd65261cab1dd9eba0484885dfe844de435deb75ad1f5e1f4399d276ae48
preparation_raw/chr22_500_guide_321.crisprapido_k0.stderr.txt	0	e3b0c44298fc1c149afbf4c8996fb92427ae41e4649b934ca495991b7852b855
preparation_raw/chr22_500_guide_321.crisprapido_k0.stdout.txt	0	e3b0c44298fc1c149afbf4c8996fb92427ae41e4649b934ca495991b7852b855
preparation_raw/chr22_500_guide_322.columba_k0.log	2773	3ae893a255a9ce991c74c28e908d7fbe58124cf2e5f7a9456c121e2c342a852c
preparation_raw/chr22_500_guide_322.columba_k0.sam	924	94a697a42d1e779ee351da1bf7559deff79f134d730d24401489b7dba261939d
preparation_raw/chr22_500_guide_322.columba_k0.stderr.txt	0	e3b0c44298fc1c149afbf4c8996fb92427ae41e4649b934ca495991b7852b855
preparation_raw/chr22_500_guide_322.columba_k0.stdout.txt	0	e3b0c44298fc1c149afbf4c8996fb92427ae41e4649b934ca495991b7852b855
preparation_raw/chr22_500_guide_322.crisprapido_k0.paf	105	396abb3fe32a2f2146132ac394667b66997edeab77b936030f6112ddf78f1c57
preparation_raw/chr22_500_guide_322.crisprapido_k0.stderr.txt	0	e3b0c44298fc1c149afbf4c8996fb92427ae41e4649b934ca495991b7852b855
preparation_raw/chr22_500_guide_322.crisprapido_k0.stdout.txt	0	e3b0c44298fc1c149afbf4c8996fb92427ae41e4649b934ca495991b7852b855
preparation_raw/chr22_500_guide_323.columba_k0.log	2773	fbaae1ab4d49e1f382a435cd3fbfd26077a7783ad9e95e52b737d327cbdef991
preparation_raw/chr22_500_guide_323.columba_k0.sam	924	cd0ccb615ced16271de04c11fa99f8da3fdd7980dc54c64cb8822a756484fcc2
preparation_raw/chr22_500_guide_323.columba_k0.stderr.txt	0	e3b0c44298fc1c149afbf4c8996fb92427ae41e4649b934ca495991b7852b855
preparation_raw/chr22_500_guide_323.columba_k0.stdout.txt	0	e3b0c44298fc1c149afbf4c8996fb92427ae41e4649b934ca495991b7852b855
preparation_raw/chr22_500_guide_323.crisprapido_k0.paf	105	4a6f7a313e251182f276be210f99075cb7bfa5275fa278d132ac27df6e713db1
preparation_raw/chr22_500_guide_323.crisprapido_k0.stderr.txt	0	e3b0c44298fc1c149afbf4c8996fb92427ae41e4649b934ca495991b7852b855
preparation_raw/chr22_500_guide_323.crisprapido_k0.stdout.txt	0	e3b0c44298fc1c149afbf4c8996fb92427ae41e4649b934ca495991b7852b855
preparation_raw/chr22_500_guide_324.columba_k0.log	2773	54bbdc9eb6bed428bcfecdc2c041ebd17b46730839be15c2055e73cf705f3103
preparation_raw/chr22_500_guide_324.columba_k0.sam	924	53dec3f2cb641176749dee362b739560f7ab2dada95a6e086f10aff63d64935a
preparation_raw/chr22_500_guide_324.columba_k0.stderr.txt	0	e3b0c44298fc1c149afbf4c8996fb92427ae41e4649b934ca495991b7852b855
preparation_raw/chr22_500_guide_324.columba_k0.stdout.txt	0	e3b0c44298fc1c149afbf4c8996fb92427ae41e4649b934ca495991b7852b855
preparation_raw/chr22_500_guide_324.crisprapido_k0.paf	105	cbbe558a8ebcdafac709628c3f691e809429843d257c707fd153017cacda4ecc
preparation_raw/chr22_500_guide_324.crisprapido_k0.stderr.txt	0	e3b0c44298fc1c149afbf4c8996fb92427ae41e4649b934ca495991b7852b855
preparation_raw/chr22_500_guide_324.crisprapido_k0.stdout.txt	0	e3b0c44298fc1c149afbf4c8996fb92427ae41e4649b934ca495991b7852b855
preparation_raw/chr22_500_guide_325.columba_k0.log	2773	1d2aa4a04c8953ee5997e2b2e66e8ffdfb47ed338d90c15b65dfd74e66acc1d6
preparation_raw/chr22_500_guide_325.columba_k0.sam	1002	e352a0a1fd69ff2ae01d04bf2466079f9b4745b631830745561c707278dcb1cb
preparation_raw/chr22_500_guide_325.columba_k0.stderr.txt	0	e3b0c44298fc1c149afbf4c8996fb92427ae41e4649b934ca495991b7852b855
preparation_raw/chr22_500_guide_325.columba_k0.stdout.txt	0	e3b0c44298fc1c149afbf4c8996fb92427ae41e4649b934ca495991b7852b855
preparation_raw/chr22_500_guide_325.crisprapido_k0.paf	210	c5124b179d272e3b511ff4ae6370d67fc8921d157d3c5469becedef5f4ea1fef
preparation_raw/chr22_500_guide_325.crisprapido_k0.stderr.txt	0	e3b0c44298fc1c149afbf4c8996fb92427ae41e4649b934ca495991b7852b855
preparation_raw/chr22_500_guide_325.crisprapido_k0.stdout.txt	0	e3b0c44298fc1c149afbf4c8996fb92427ae41e4649b934ca495991b7852b855
preparation_raw/chr22_500_guide_326.columba_k0.log	2773	f2c9b77d56848ff2901469a934efa2029bc7237e1aa5529cd7c50e54118dd6f2
preparation_raw/chr22_500_guide_326.columba_k0.sam	924	bfe18539e8ef9ebbb63dc34710b6b90dfdfb76e5cfc40207222410a205089591
preparation_raw/chr22_500_guide_326.columba_k0.stderr.txt	0	e3b0c44298fc1c149afbf4c8996fb92427ae41e4649b934ca495991b7852b855
preparation_raw/chr22_500_guide_326.columba_k0.stdout.txt	0	e3b0c44298fc1c149afbf4c8996fb92427ae41e4649b934ca495991b7852b855
preparation_raw/chr22_500_guide_326.crisprapido_k0.paf	105	b2d49d7c3ccb583fac522482ca0d20527789ac77a349156625a99eff436ed534
preparation_raw/chr22_500_guide_326.crisprapido_k0.stderr.txt	0	e3b0c44298fc1c149afbf4c8996fb92427ae41e4649b934ca495991b7852b855
preparation_raw/chr22_500_guide_326.crisprapido_k0.stdout.txt	0	e3b0c44298fc1c149afbf4c8996fb92427ae41e4649b934ca495991b7852b855
preparation_raw/chr22_500_guide_327.columba_k0.log	2772	7ca8829bafaafcb4c495b3a7fa1cdc51cb64db7f98c846594b230966d8e0e3af
preparation_raw/chr22_500_guide_327.columba_k0.sam	924	3870d7f691d4851649ad77e6a1123b277247d4c82df45355bbe298ef8180a241
preparation_raw/chr22_500_guide_327.columba_k0.stderr.txt	0	e3b0c44298fc1c149afbf4c8996fb92427ae41e4649b934ca495991b7852b855
preparation_raw/chr22_500_guide_327.columba_k0.stdout.txt	0	e3b0c44298fc1c149afbf4c8996fb92427ae41e4649b934ca495991b7852b855
preparation_raw/chr22_500_guide_327.crisprapido_k0.paf	105	81f44fc4ec1edbc9b9ab1035ba9d69b00400930d5350fca627234e150e86c644
preparation_raw/chr22_500_guide_327.crisprapido_k0.stderr.txt	0	e3b0c44298fc1c149afbf4c8996fb92427ae41e4649b934ca495991b7852b855
preparation_raw/chr22_500_guide_327.crisprapido_k0.stdout.txt	0	e3b0c44298fc1c149afbf4c8996fb92427ae41e4649b934ca495991b7852b855
preparation_raw/chr22_500_guide_328.columba_k0.log	2773	5880df16bef2a97100567589ff9b1d08143a6a5c18226f4129f1a9b5ce12cf96
preparation_raw/chr22_500_guide_328.columba_k0.sam	924	c3a80511b77653658e4edd0b95fa5dc00b6dd59f983d50bfa023a6a18691d4f4
preparation_raw/chr22_500_guide_328.columba_k0.stderr.txt	0	e3b0c44298fc1c149afbf4c8996fb92427ae41e4649b934ca495991b7852b855
preparation_raw/chr22_500_guide_328.columba_k0.stdout.txt	0	e3b0c44298fc1c149afbf4c8996fb92427ae41e4649b934ca495991b7852b855
preparation_raw/chr22_500_guide_328.crisprapido_k0.paf	105	4802296ebbba9922a4ece696902be06427691049808ba406ed873a9a4a219f9c
preparation_raw/chr22_500_guide_328.crisprapido_k0.stderr.txt	0	e3b0c44298fc1c149afbf4c8996fb92427ae41e4649b934ca495991b7852b855
preparation_raw/chr22_500_guide_328.crisprapido_k0.stdout.txt	0	e3b0c44298fc1c149afbf4c8996fb92427ae41e4649b934ca495991b7852b855
preparation_raw/chr22_500_guide_329.columba_k0.log	2773	9229fc5d64b5b772352420f8268e6749a0b862b1d27198e638304c349f7fd0a5
preparation_raw/chr22_500_guide_329.columba_k0.sam	924	9a4b947dbfa63419f89fc75a5fff455cbc63ad59b270991384f652b89774fae2
preparation_raw/chr22_500_guide_329.columba_k0.stderr.txt	0	e3b0c44298fc1c149afbf4c8996fb92427ae41e4649b934ca495991b7852b855
preparation_raw/chr22_500_guide_329.columba_k0.stdout.txt	0	e3b0c44298fc1c149afbf4c8996fb92427ae41e4649b934ca495991b7852b855
preparation_raw/chr22_500_guide_329.crisprapido_k0.paf	105	53160558bcc9bae1eddb3a7544f10009a4e838edc9a42ac6c0ff63bb0706fc0f
preparation_raw/chr22_500_guide_329.crisprapido_k0.stderr.txt	0	e3b0c44298fc1c149afbf4c8996fb92427ae41e4649b934ca495991b7852b855
preparation_raw/chr22_500_guide_329.crisprapido_k0.stdout.txt	0	e3b0c44298fc1c149afbf4c8996fb92427ae41e4649b934ca495991b7852b855
preparation_raw/chr22_500_guide_330.columba_k0.log	2773	e163d164c3dd402e6cba59642770e6faaac24f043314db4a1dd2680ec558eb23
preparation_raw/chr22_500_guide_330.columba_k0.sam	924	01d40de71da14d9a08d92199847de13842d4079fff698f36cfd39965b0560a77
preparation_raw/chr22_500_guide_330.columba_k0.stderr.txt	0	e3b0c44298fc1c149afbf4c8996fb92427ae41e4649b934ca495991b7852b855
preparation_raw/chr22_500_guide_330.columba_k0.stdout.txt	0	e3b0c44298fc1c149afbf4c8996fb92427ae41e4649b934ca495991b7852b855
preparation_raw/chr22_500_guide_330.crisprapido_k0.paf	105	d4d719db9cf60d1d26c2a77552cfa85928b794088821836441391b9cbf90324e
preparation_raw/chr22_500_guide_330.crisprapido_k0.stderr.txt	0	e3b0c44298fc1c149afbf4c8996fb92427ae41e4649b934ca495991b7852b855
preparation_raw/chr22_500_guide_330.crisprapido_k0.stdout.txt	0	e3b0c44298fc1c149afbf4c8996fb92427ae41e4649b934ca495991b7852b855
preparation_raw/chr22_500_guide_331.columba_k0.log	2773	dbc4aab5c14186c15a87dc9797d69bd5d91c632d4dd8e3bd4ed0a0acda330760
preparation_raw/chr22_500_guide_331.columba_k0.sam	924	0864a1f4bab106dcae8c14ff5e3876f17d7a2d76cd9959c6665a7ca82658d5ef
preparation_raw/chr22_500_guide_331.columba_k0.stderr.txt	0	e3b0c44298fc1c149afbf4c8996fb92427ae41e4649b934ca495991b7852b855
preparation_raw/chr22_500_guide_331.columba_k0.stdout.txt	0	e3b0c44298fc1c149afbf4c8996fb92427ae41e4649b934ca495991b7852b855
preparation_raw/chr22_500_guide_331.crisprapido_k0.paf	105	5c1209b8d42788f36eb44042fff56635d97feee4c31dd62f64f13b68b55cf21e
preparation_raw/chr22_500_guide_331.crisprapido_k0.stderr.txt	0	e3b0c44298fc1c149afbf4c8996fb92427ae41e4649b934ca495991b7852b855
preparation_raw/chr22_500_guide_331.crisprapido_k0.stdout.txt	0	e3b0c44298fc1c149afbf4c8996fb92427ae41e4649b934ca495991b7852b855
preparation_raw/chr22_500_guide_332.columba_k0.log	2773	662e7fa6da98fa3944334b1c0423346231b6654e6cfe75347a0a53ec0868e4a5
preparation_raw/chr22_500_guide_332.columba_k0.sam	924	cb1b41c8ac68bd84d86983a5b2cc1b9c1c44dad0ada6d2833cbdf04572b68e4e
preparation_raw/chr22_500_guide_332.columba_k0.stderr.txt	0	e3b0c44298fc1c149afbf4c8996fb92427ae41e4649b934ca495991b7852b855
preparation_raw/chr22_500_guide_332.columba_k0.stdout.txt	0	e3b0c44298fc1c149afbf4c8996fb92427ae41e4649b934ca495991b7852b855
preparation_raw/chr22_500_guide_332.crisprapido_k0.paf	105	29c4772e4107ff2db3e3247ecda31600cd1ffb80dd80301655f834bbee283d9d
preparation_raw/chr22_500_guide_332.crisprapido_k0.stderr.txt	0	e3b0c44298fc1c149afbf4c8996fb92427ae41e4649b934ca495991b7852b855
preparation_raw/chr22_500_guide_332.crisprapido_k0.stdout.txt	0	e3b0c44298fc1c149afbf4c8996fb92427ae41e4649b934ca495991b7852b855
preparation_raw/chr22_500_guide_333.columba_k0.log	2773	9b9a7294f96ff8e91ee4d1cb81d2a4d4ec5671de8f2586f2f86f7576d1646cf1
preparation_raw/chr22_500_guide_333.columba_k0.sam	924	032bc240e34878f899595301d43c3f7e039806906c82f472749a8fbe1dda0caf
preparation_raw/chr22_500_guide_333.columba_k0.stderr.txt	0	e3b0c44298fc1c149afbf4c8996fb92427ae41e4649b934ca495991b7852b855
preparation_raw/chr22_500_guide_333.columba_k0.stdout.txt	0	e3b0c44298fc1c149afbf4c8996fb92427ae41e4649b934ca495991b7852b855
preparation_raw/chr22_500_guide_333.crisprapido_k0.paf	105	0229a4fc79d3d37ddda05a4910899ff60fcd29aa41d3690d08b235deae1dd329
preparation_raw/chr22_500_guide_333.crisprapido_k0.stderr.txt	0	e3b0c44298fc1c149afbf4c8996fb92427ae41e4649b934ca495991b7852b855
preparation_raw/chr22_500_guide_333.crisprapido_k0.stdout.txt	0	e3b0c44298fc1c149afbf4c8996fb92427ae41e4649b934ca495991b7852b855
preparation_raw/chr22_500_guide_334.columba_k0.log	2773	4d3bb7782e703a86008c21e883bb1d6a42d8dd3cd0cf8eded092859c2528de3c
preparation_raw/chr22_500_guide_334.columba_k0.sam	924	9f7e25517f345fe4a308d08c16607d301bb7c96710bfd44dac3d9beeb77e4e30
preparation_raw/chr22_500_guide_334.columba_k0.stderr.txt	0	e3b0c44298fc1c149afbf4c8996fb92427ae41e4649b934ca495991b7852b855
preparation_raw/chr22_500_guide_334.columba_k0.stdout.txt	0	e3b0c44298fc1c149afbf4c8996fb92427ae41e4649b934ca495991b7852b855
preparation_raw/chr22_500_guide_334.crisprapido_k0.paf	105	3e06c516c97d7d73f713b948e4ae2d850b9f95bb21edf7115970f95a2a44c88b
preparation_raw/chr22_500_guide_334.crisprapido_k0.stderr.txt	0	e3b0c44298fc1c149afbf4c8996fb92427ae41e4649b934ca495991b7852b855
preparation_raw/chr22_500_guide_334.crisprapido_k0.stdout.txt	0	e3b0c44298fc1c149afbf4c8996fb92427ae41e4649b934ca495991b7852b855
preparation_raw/chr22_500_guide_335.columba_k0.log	2772	1727bd6ee868a423dbc4410a91bfb69691b5fc21ac695c4cddc5ae4e9e58fcfa
preparation_raw/chr22_500_guide_335.columba_k0.sam	1002	a25adadbf95803f6fc4ac2e751fa4316dec68e06fff534b8b6529dcf19a7d4fd
preparation_raw/chr22_500_guide_335.columba_k0.stderr.txt	0	e3b0c44298fc1c149afbf4c8996fb92427ae41e4649b934ca495991b7852b855
preparation_raw/chr22_500_guide_335.columba_k0.stdout.txt	0	e3b0c44298fc1c149afbf4c8996fb92427ae41e4649b934ca495991b7852b855
preparation_raw/chr22_500_guide_335.crisprapido_k0.paf	198	c6f7f4cb4626f8fdb642a03688c018bdf2e64afef762be54be087a8d0d12e0c7
preparation_raw/chr22_500_guide_335.crisprapido_k0.stderr.txt	45	ecd997460eff8b19bac120208f47edd7be53e3371027aaa35d95fa07a5e79089
preparation_raw/chr22_500_guide_335.crisprapido_k0.stdout.txt	0	e3b0c44298fc1c149afbf4c8996fb92427ae41e4649b934ca495991b7852b855
preparation_raw/chr22_500_guide_336.columba_k0.log	2773	0b1a9968638eb06de208a40d0b2be753e37ad6ac3f95862e32f4e3e83572d5e8
preparation_raw/chr22_500_guide_336.columba_k0.sam	1002	3fad4f5b1b7eba1185ee6a9751eef3eb85b4efb5737ae5915d7467a80fb6f53c
preparation_raw/chr22_500_guide_336.columba_k0.stderr.txt	0	e3b0c44298fc1c149afbf4c8996fb92427ae41e4649b934ca495991b7852b855
preparation_raw/chr22_500_guide_336.columba_k0.stdout.txt	0	e3b0c44298fc1c149afbf4c8996fb92427ae41e4649b934ca495991b7852b855
preparation_raw/chr22_500_guide_336.crisprapido_k0.paf	210	50ccc63b38ee716d2737d977e6f3408dfce387328b217e21703d95388f86432a
preparation_raw/chr22_500_guide_336.crisprapido_k0.stderr.txt	0	e3b0c44298fc1c149afbf4c8996fb92427ae41e4649b934ca495991b7852b855
preparation_raw/chr22_500_guide_336.crisprapido_k0.stdout.txt	0	e3b0c44298fc1c149afbf4c8996fb92427ae41e4649b934ca495991b7852b855
preparation_raw/chr22_500_guide_337.columba_k0.log	2773	6cec14281ff5904e35ac5c42bf8bcf18a597130bc75d965765252ea8abd36287
preparation_raw/chr22_500_guide_337.columba_k0.sam	924	66313fc13e8a8f5a4755a2190b2a87f251254345b952b88fe94b79baff3c8406
preparation_raw/chr22_500_guide_337.columba_k0.stderr.txt	0	e3b0c44298fc1c149afbf4c8996fb92427ae41e4649b934ca495991b7852b855
preparation_raw/chr22_500_guide_337.columba_k0.stdout.txt	0	e3b0c44298fc1c149afbf4c8996fb92427ae41e4649b934ca495991b7852b855
preparation_raw/chr22_500_guide_337.crisprapido_k0.paf	105	55435a5f33dd9d0e307a3acbca8e33480145e2cff41751aa697bcad2c269889e
preparation_raw/chr22_500_guide_337.crisprapido_k0.stderr.txt	0	e3b0c44298fc1c149afbf4c8996fb92427ae41e4649b934ca495991b7852b855
preparation_raw/chr22_500_guide_337.crisprapido_k0.stdout.txt	0	e3b0c44298fc1c149afbf4c8996fb92427ae41e4649b934ca495991b7852b855
preparation_raw/chr22_500_guide_338.columba_k0.log	2773	463fca3290477cafa3808181b82fe71ec5242a48f42d70ccd89d837e9e315930
preparation_raw/chr22_500_guide_338.columba_k0.sam	924	48d62f5728275e45f7f91f5b5abee49db55c7b882669569ddb4733baa320eaf4
preparation_raw/chr22_500_guide_338.columba_k0.stderr.txt	0	e3b0c44298fc1c149afbf4c8996fb92427ae41e4649b934ca495991b7852b855
preparation_raw/chr22_500_guide_338.columba_k0.stdout.txt	0	e3b0c44298fc1c149afbf4c8996fb92427ae41e4649b934ca495991b7852b855
preparation_raw/chr22_500_guide_338.crisprapido_k0.paf	105	d6a9d0533a141d9cae4039673579978db94a2a2d2a3066401dfee13a73b19c50
preparation_raw/chr22_500_guide_338.crisprapido_k0.stderr.txt	0	e3b0c44298fc1c149afbf4c8996fb92427ae41e4649b934ca495991b7852b855
preparation_raw/chr22_500_guide_338.crisprapido_k0.stdout.txt	0	e3b0c44298fc1c149afbf4c8996fb92427ae41e4649b934ca495991b7852b855
preparation_raw/chr22_500_guide_339.columba_k0.log	2773	2d333f98033b40b6fc2e0a26fd6a867a8a5e791b7f31e5d4b5dbb9ea11971971
preparation_raw/chr22_500_guide_339.columba_k0.sam	924	d6ecdd2ff73ffbfb1d1df6c371e0da768955fb213a0367344240f63ba01c0d78
preparation_raw/chr22_500_guide_339.columba_k0.stderr.txt	0	e3b0c44298fc1c149afbf4c8996fb92427ae41e4649b934ca495991b7852b855
preparation_raw/chr22_500_guide_339.columba_k0.stdout.txt	0	e3b0c44298fc1c149afbf4c8996fb92427ae41e4649b934ca495991b7852b855
preparation_raw/chr22_500_guide_339.crisprapido_k0.paf	105	b5a14cce7e770e9c1ee2fef328720dcef66c7a959853bd5a6a6adf9fbc70ffb5
preparation_raw/chr22_500_guide_339.crisprapido_k0.stderr.txt	0	e3b0c44298fc1c149afbf4c8996fb92427ae41e4649b934ca495991b7852b855
preparation_raw/chr22_500_guide_339.crisprapido_k0.stdout.txt	0	e3b0c44298fc1c149afbf4c8996fb92427ae41e4649b934ca495991b7852b855
preparation_raw/chr22_500_guide_340.columba_k0.log	2773	3ac05dfb5e1609f5cde3bab10c5ba849d148ba8e7ec6fa38fc47a6ab0d10f2a1
preparation_raw/chr22_500_guide_340.columba_k0.sam	924	4e4360e985ab73b27ecc7f0524053f6f9068b363d334d83109ba0851bd946f0d
preparation_raw/chr22_500_guide_340.columba_k0.stderr.txt	0	e3b0c44298fc1c149afbf4c8996fb92427ae41e4649b934ca495991b7852b855
preparation_raw/chr22_500_guide_340.columba_k0.stdout.txt	0	e3b0c44298fc1c149afbf4c8996fb92427ae41e4649b934ca495991b7852b855
preparation_raw/chr22_500_guide_340.crisprapido_k0.paf	105	922985e3fca731f38882f32a1706760924853766b2a2e0c607c0dae6f012035d
preparation_raw/chr22_500_guide_340.crisprapido_k0.stderr.txt	0	e3b0c44298fc1c149afbf4c8996fb92427ae41e4649b934ca495991b7852b855
preparation_raw/chr22_500_guide_340.crisprapido_k0.stdout.txt	0	e3b0c44298fc1c149afbf4c8996fb92427ae41e4649b934ca495991b7852b855
preparation_raw/chr22_500_guide_341.columba_k0.log	2773	52516a793cf4852fa28ebb6234695f319be86c52a4c32b6a00c480f5e2e69274
preparation_raw/chr22_500_guide_341.columba_k0.sam	924	7a287dfea4708ea8d679218aa0cd5412ad558dee3712ae804313b7d1ee56b855
preparation_raw/chr22_500_guide_341.columba_k0.stderr.txt	0	e3b0c44298fc1c149afbf4c8996fb92427ae41e4649b934ca495991b7852b855
preparation_raw/chr22_500_guide_341.columba_k0.stdout.txt	0	e3b0c44298fc1c149afbf4c8996fb92427ae41e4649b934ca495991b7852b855
preparation_raw/chr22_500_guide_341.crisprapido_k0.paf	105	7886c91b47b2d45bc063b2e8ad0e317027b6f77a80681247d1bb8098e3d93f91
preparation_raw/chr22_500_guide_341.crisprapido_k0.stderr.txt	0	e3b0c44298fc1c149afbf4c8996fb92427ae41e4649b934ca495991b7852b855
preparation_raw/chr22_500_guide_341.crisprapido_k0.stdout.txt	0	e3b0c44298fc1c149afbf4c8996fb92427ae41e4649b934ca495991b7852b855
preparation_raw/chr22_500_guide_342.columba_k0.log	2773	c33bfcbc209ca0101d4db8787e91750334368e56decdc58e891d669d5067dde1
preparation_raw/chr22_500_guide_342.columba_k0.sam	1002	0b89bfc4d73bba8a489ca97a1425b821a35e660a341207e130f868ca67a7a6ef
preparation_raw/chr22_500_guide_342.columba_k0.stderr.txt	0	e3b0c44298fc1c149afbf4c8996fb92427ae41e4649b934ca495991b7852b855
preparation_raw/chr22_500_guide_342.columba_k0.stdout.txt	0	e3b0c44298fc1c149afbf4c8996fb92427ae41e4649b934ca495991b7852b855
preparation_raw/chr22_500_guide_342.crisprapido_k0.paf	198	6cf9a6ae05302df8527cdf4aae027f4231e9b92cc08d04019088c60618e91011
preparation_raw/chr22_500_guide_342.crisprapido_k0.stderr.txt	45	ecd997460eff8b19bac120208f47edd7be53e3371027aaa35d95fa07a5e79089
preparation_raw/chr22_500_guide_342.crisprapido_k0.stdout.txt	0	e3b0c44298fc1c149afbf4c8996fb92427ae41e4649b934ca495991b7852b855
preparation_raw/chr22_500_guide_343.columba_k0.log	2773	9e0f4fab686990653da984e07450f79ee76f2bf60d300ec7b7deca8658184c69
preparation_raw/chr22_500_guide_343.columba_k0.sam	924	b8abac69c4a29e3a53ca468753729ba5e540245db4dff7bdfb9e97ee91d7cb55
preparation_raw/chr22_500_guide_343.columba_k0.stderr.txt	0	e3b0c44298fc1c149afbf4c8996fb92427ae41e4649b934ca495991b7852b855
preparation_raw/chr22_500_guide_343.columba_k0.stdout.txt	0	e3b0c44298fc1c149afbf4c8996fb92427ae41e4649b934ca495991b7852b855
preparation_raw/chr22_500_guide_343.crisprapido_k0.paf	105	77885b288a794217926cbdc3f9557271a5584ca0a3525a33368ba9dfa0f79c36
preparation_raw/chr22_500_guide_343.crisprapido_k0.stderr.txt	0	e3b0c44298fc1c149afbf4c8996fb92427ae41e4649b934ca495991b7852b855
preparation_raw/chr22_500_guide_343.crisprapido_k0.stdout.txt	0	e3b0c44298fc1c149afbf4c8996fb92427ae41e4649b934ca495991b7852b855
preparation_raw/chr22_500_guide_344.columba_k0.log	2773	7d7da5e431dc35934cf4f82e33037187a70945c6d2082ed6a0adc75fc8d07810
preparation_raw/chr22_500_guide_344.columba_k0.sam	924	05531299da21b3d65ccfe64e7c81b9bf0c7271cd03f0884833dc105e2e88d5ef
preparation_raw/chr22_500_guide_344.columba_k0.stderr.txt	0	e3b0c44298fc1c149afbf4c8996fb92427ae41e4649b934ca495991b7852b855
preparation_raw/chr22_500_guide_344.columba_k0.stdout.txt	0	e3b0c44298fc1c149afbf4c8996fb92427ae41e4649b934ca495991b7852b855
preparation_raw/chr22_500_guide_344.crisprapido_k0.paf	105	09e462275331cba68859c5b638f2ddc6ae613f21f1d352a49196de190eab4a63
preparation_raw/chr22_500_guide_344.crisprapido_k0.stderr.txt	0	e3b0c44298fc1c149afbf4c8996fb92427ae41e4649b934ca495991b7852b855
preparation_raw/chr22_500_guide_344.crisprapido_k0.stdout.txt	0	e3b0c44298fc1c149afbf4c8996fb92427ae41e4649b934ca495991b7852b855
preparation_raw/chr22_500_guide_345.columba_k0.log	2773	8f721269b002721487e49912318eef39ec385cef9db829ef892f2785752c0d9b
preparation_raw/chr22_500_guide_345.columba_k0.sam	924	5176e773073a35f0671205bafaeed79ffd2c6c8e3a3f374a54fbbf1c485cc7f9
preparation_raw/chr22_500_guide_345.columba_k0.stderr.txt	0	e3b0c44298fc1c149afbf4c8996fb92427ae41e4649b934ca495991b7852b855
preparation_raw/chr22_500_guide_345.columba_k0.stdout.txt	0	e3b0c44298fc1c149afbf4c8996fb92427ae41e4649b934ca495991b7852b855
preparation_raw/chr22_500_guide_345.crisprapido_k0.paf	105	b14e82166f74c064cc827ea6c2c7ecb58202c27a7e48eab02878079d65a0b1c2
preparation_raw/chr22_500_guide_345.crisprapido_k0.stderr.txt	0	e3b0c44298fc1c149afbf4c8996fb92427ae41e4649b934ca495991b7852b855
preparation_raw/chr22_500_guide_345.crisprapido_k0.stdout.txt	0	e3b0c44298fc1c149afbf4c8996fb92427ae41e4649b934ca495991b7852b855
preparation_raw/chr22_500_guide_346.columba_k0.log	2773	d87e9b600f7a80d308befba6a74acfd7d62a31a4e30f215c5e2832f2a13a3bad
preparation_raw/chr22_500_guide_346.columba_k0.sam	924	7722d3b63fa4a595d55d4e8093f73b40b450a96131a097f41ca22179de26675b
preparation_raw/chr22_500_guide_346.columba_k0.stderr.txt	0	e3b0c44298fc1c149afbf4c8996fb92427ae41e4649b934ca495991b7852b855
preparation_raw/chr22_500_guide_346.columba_k0.stdout.txt	0	e3b0c44298fc1c149afbf4c8996fb92427ae41e4649b934ca495991b7852b855
preparation_raw/chr22_500_guide_346.crisprapido_k0.paf	105	c1578e221280fa40949a92a15ecf9b403390f444d83730224cd36b3639bc9cfd
preparation_raw/chr22_500_guide_346.crisprapido_k0.stderr.txt	0	e3b0c44298fc1c149afbf4c8996fb92427ae41e4649b934ca495991b7852b855
preparation_raw/chr22_500_guide_346.crisprapido_k0.stdout.txt	0	e3b0c44298fc1c149afbf4c8996fb92427ae41e4649b934ca495991b7852b855
preparation_raw/chr22_500_guide_347.columba_k0.log	2772	3927689b17ce0b93a19c09de5bc429d1f075ef098cf280b74a2d00cee70d31ac
preparation_raw/chr22_500_guide_347.columba_k0.sam	924	d976bd1a9183310baf54f79a55aaf1251f409c8e7648c5603cb8be187b91900d
preparation_raw/chr22_500_guide_347.columba_k0.stderr.txt	0	e3b0c44298fc1c149afbf4c8996fb92427ae41e4649b934ca495991b7852b855
preparation_raw/chr22_500_guide_347.columba_k0.stdout.txt	0	e3b0c44298fc1c149afbf4c8996fb92427ae41e4649b934ca495991b7852b855
preparation_raw/chr22_500_guide_347.crisprapido_k0.paf	105	fd3ecc223334a0f86c963a7df372cfce5e93a87dd0ef90a6c46e2780fd37a308
preparation_raw/chr22_500_guide_347.crisprapido_k0.stderr.txt	0	e3b0c44298fc1c149afbf4c8996fb92427ae41e4649b934ca495991b7852b855
preparation_raw/chr22_500_guide_347.crisprapido_k0.stdout.txt	0	e3b0c44298fc1c149afbf4c8996fb92427ae41e4649b934ca495991b7852b855
preparation_raw/chr22_500_guide_348.columba_k0.log	2773	95844d104bdcc77296524f6b167acc1a48b09aa63c66bc752a663a98367cf6f7
preparation_raw/chr22_500_guide_348.columba_k0.sam	924	9ded3af9af838c9b464bf81c1c4005790ff7e4188bb66accc51ff38f84f64511
preparation_raw/chr22_500_guide_348.columba_k0.stderr.txt	0	e3b0c44298fc1c149afbf4c8996fb92427ae41e4649b934ca495991b7852b855
preparation_raw/chr22_500_guide_348.columba_k0.stdout.txt	0	e3b0c44298fc1c149afbf4c8996fb92427ae41e4649b934ca495991b7852b855
preparation_raw/chr22_500_guide_348.crisprapido_k0.paf	105	555a66e1753526673117e366fb233c844df0cfc38a64971866528e20e52f4ca2
preparation_raw/chr22_500_guide_348.crisprapido_k0.stderr.txt	0	e3b0c44298fc1c149afbf4c8996fb92427ae41e4649b934ca495991b7852b855
preparation_raw/chr22_500_guide_348.crisprapido_k0.stdout.txt	0	e3b0c44298fc1c149afbf4c8996fb92427ae41e4649b934ca495991b7852b855
preparation_raw/chr22_500_guide_349.columba_k0.log	2773	a4c8dc241b7235134f40139cf55b83b41a21f506223439d453c7857bf7f003d7
preparation_raw/chr22_500_guide_349.columba_k0.sam	924	8e884665fdc875b57e697c0ffab8c9b58d3427417d0a0bc75b369636b219438c
preparation_raw/chr22_500_guide_349.columba_k0.stderr.txt	0	e3b0c44298fc1c149afbf4c8996fb92427ae41e4649b934ca495991b7852b855
preparation_raw/chr22_500_guide_349.columba_k0.stdout.txt	0	e3b0c44298fc1c149afbf4c8996fb92427ae41e4649b934ca495991b7852b855
preparation_raw/chr22_500_guide_349.crisprapido_k0.paf	105	2812e7c58993b0b84d9ed9b8583c00bfe201048e2de143a928f4bb50f26d68ca
preparation_raw/chr22_500_guide_349.crisprapido_k0.stderr.txt	0	e3b0c44298fc1c149afbf4c8996fb92427ae41e4649b934ca495991b7852b855
preparation_raw/chr22_500_guide_349.crisprapido_k0.stdout.txt	0	e3b0c44298fc1c149afbf4c8996fb92427ae41e4649b934ca495991b7852b855
preparation_raw/chr22_500_guide_350.columba_k0.log	2773	58b449048df0bde266823c07666fe84bc43465516b8eef5849d983cc45b59456
preparation_raw/chr22_500_guide_350.columba_k0.sam	924	3cddbfd057e572224b5f54b692977f9d9e1a981db7d6980ede4fe28ba67d6c13
preparation_raw/chr22_500_guide_350.columba_k0.stderr.txt	0	e3b0c44298fc1c149afbf4c8996fb92427ae41e4649b934ca495991b7852b855
preparation_raw/chr22_500_guide_350.columba_k0.stdout.txt	0	e3b0c44298fc1c149afbf4c8996fb92427ae41e4649b934ca495991b7852b855
preparation_raw/chr22_500_guide_350.crisprapido_k0.paf	105	690363745e23b36de9cf8198ae1a2f9b36e8aea59f5c0d77f85a6a355dc64483
preparation_raw/chr22_500_guide_350.crisprapido_k0.stderr.txt	0	e3b0c44298fc1c149afbf4c8996fb92427ae41e4649b934ca495991b7852b855
preparation_raw/chr22_500_guide_350.crisprapido_k0.stdout.txt	0	e3b0c44298fc1c149afbf4c8996fb92427ae41e4649b934ca495991b7852b855
preparation_raw/chr22_500_guide_351.columba_k0.log	2774	464ebdd22c03fb56188e943e259acad4592eb52216fe7246a8be8c815efdec4c
preparation_raw/chr22_500_guide_351.columba_k0.sam	924	ed7024e4d55f85ee5917106dffe3be66e25a7336b05a36014a2bd603750fa2fa
preparation_raw/chr22_500_guide_351.columba_k0.stderr.txt	0	e3b0c44298fc1c149afbf4c8996fb92427ae41e4649b934ca495991b7852b855
preparation_raw/chr22_500_guide_351.columba_k0.stdout.txt	0	e3b0c44298fc1c149afbf4c8996fb92427ae41e4649b934ca495991b7852b855
preparation_raw/chr22_500_guide_351.crisprapido_k0.paf	105	4289dcb5c2a6d1840edf8b185512e1412c3489db3a0bc4685ad3b715bc63461e
preparation_raw/chr22_500_guide_351.crisprapido_k0.stderr.txt	0	e3b0c44298fc1c149afbf4c8996fb92427ae41e4649b934ca495991b7852b855
preparation_raw/chr22_500_guide_351.crisprapido_k0.stdout.txt	0	e3b0c44298fc1c149afbf4c8996fb92427ae41e4649b934ca495991b7852b855
preparation_raw/chr22_500_guide_352.columba_k0.log	2773	b8b70cf7cfd33dbc0a3897dd472c72ca936b4d3b3c68a37207d2396011d96c14
preparation_raw/chr22_500_guide_352.columba_k0.sam	924	42774504720414b9f2c4bcf6e42b44e91a21d3778b362212189175c1ef2d78b6
preparation_raw/chr22_500_guide_352.columba_k0.stderr.txt	0	e3b0c44298fc1c149afbf4c8996fb92427ae41e4649b934ca495991b7852b855
preparation_raw/chr22_500_guide_352.columba_k0.stdout.txt	0	e3b0c44298fc1c149afbf4c8996fb92427ae41e4649b934ca495991b7852b855
preparation_raw/chr22_500_guide_352.crisprapido_k0.paf	105	d9d85c7b6770bea2e97ba91db202c7970398162346a1bac60fffa4f368f38cfa
preparation_raw/chr22_500_guide_352.crisprapido_k0.stderr.txt	0	e3b0c44298fc1c149afbf4c8996fb92427ae41e4649b934ca495991b7852b855
preparation_raw/chr22_500_guide_352.crisprapido_k0.stdout.txt	0	e3b0c44298fc1c149afbf4c8996fb92427ae41e4649b934ca495991b7852b855
preparation_raw/chr22_500_guide_353.columba_k0.log	2772	93e7198a1a13916fe5edd19be9b908a2ae44c7b56dabbb37deb9cc63e98f30d2
preparation_raw/chr22_500_guide_353.columba_k0.sam	924	2822a10b324f14ac493118f7a4c66af9400ba922ef279d933c0c8e534e7f2828
preparation_raw/chr22_500_guide_353.columba_k0.stderr.txt	0	e3b0c44298fc1c149afbf4c8996fb92427ae41e4649b934ca495991b7852b855
preparation_raw/chr22_500_guide_353.columba_k0.stdout.txt	0	e3b0c44298fc1c149afbf4c8996fb92427ae41e4649b934ca495991b7852b855
preparation_raw/chr22_500_guide_353.crisprapido_k0.paf	105	db50066ab5215e0ab40715d3e84c765c47977eb5d92e2f74fef9a37ee0c19f96
preparation_raw/chr22_500_guide_353.crisprapido_k0.stderr.txt	0	e3b0c44298fc1c149afbf4c8996fb92427ae41e4649b934ca495991b7852b855
preparation_raw/chr22_500_guide_353.crisprapido_k0.stdout.txt	0	e3b0c44298fc1c149afbf4c8996fb92427ae41e4649b934ca495991b7852b855
preparation_raw/chr22_500_guide_354.columba_k0.log	2774	8202a3feca854f04dbc6fdad3a8a6a61e15f824b4fc98315cd3a2fea99a319dc
preparation_raw/chr22_500_guide_354.columba_k0.sam	924	0763f4f91b9630eb8fe505bba45ec745748719ddd239126562ae970d69aecbab
preparation_raw/chr22_500_guide_354.columba_k0.stderr.txt	0	e3b0c44298fc1c149afbf4c8996fb92427ae41e4649b934ca495991b7852b855
preparation_raw/chr22_500_guide_354.columba_k0.stdout.txt	0	e3b0c44298fc1c149afbf4c8996fb92427ae41e4649b934ca495991b7852b855
preparation_raw/chr22_500_guide_354.crisprapido_k0.paf	105	a25546c9bbae8cdc0d19e70bfe3c8882004a3d36efa6d3e1a8f84d71f02d3a3f
preparation_raw/chr22_500_guide_354.crisprapido_k0.stderr.txt	0	e3b0c44298fc1c149afbf4c8996fb92427ae41e4649b934ca495991b7852b855
preparation_raw/chr22_500_guide_354.crisprapido_k0.stdout.txt	0	e3b0c44298fc1c149afbf4c8996fb92427ae41e4649b934ca495991b7852b855
preparation_raw/chr22_500_guide_355.columba_k0.log	2773	3b3d17f7c10d829304162c92cddb0f3e0b1adf2b5df94a9e3b5ec54d69666f2e
preparation_raw/chr22_500_guide_355.columba_k0.sam	924	00f50f4862c24522b60788d1543b20aaf88e4a864c13fc9eef2c14599dbdfbaa
preparation_raw/chr22_500_guide_355.columba_k0.stderr.txt	0	e3b0c44298fc1c149afbf4c8996fb92427ae41e4649b934ca495991b7852b855
preparation_raw/chr22_500_guide_355.columba_k0.stdout.txt	0	e3b0c44298fc1c149afbf4c8996fb92427ae41e4649b934ca495991b7852b855
preparation_raw/chr22_500_guide_355.crisprapido_k0.paf	105	8a75a85488ad929f0680cd3aa83ddfd5294134a2984494dc614768a98595757f
preparation_raw/chr22_500_guide_355.crisprapido_k0.stderr.txt	0	e3b0c44298fc1c149afbf4c8996fb92427ae41e4649b934ca495991b7852b855
preparation_raw/chr22_500_guide_355.crisprapido_k0.stdout.txt	0	e3b0c44298fc1c149afbf4c8996fb92427ae41e4649b934ca495991b7852b855
preparation_raw/chr22_500_guide_356.columba_k0.log	2774	ee821901a39c7483e1ea89f4b0e1fc9cb8345bb495f95d219132b3d98ac1df95
preparation_raw/chr22_500_guide_356.columba_k0.sam	924	4b93a39fe345a4520957565e1cc7dc0d3e53f7e2cd7c27e34b4727588807e91c
preparation_raw/chr22_500_guide_356.columba_k0.stderr.txt	0	e3b0c44298fc1c149afbf4c8996fb92427ae41e4649b934ca495991b7852b855
preparation_raw/chr22_500_guide_356.columba_k0.stdout.txt	0	e3b0c44298fc1c149afbf4c8996fb92427ae41e4649b934ca495991b7852b855
preparation_raw/chr22_500_guide_356.crisprapido_k0.paf	105	867385907bbb717d91959186236ef4b8f9435d870da655ff1762344f446ca85a
preparation_raw/chr22_500_guide_356.crisprapido_k0.stderr.txt	0	e3b0c44298fc1c149afbf4c8996fb92427ae41e4649b934ca495991b7852b855
preparation_raw/chr22_500_guide_356.crisprapido_k0.stdout.txt	0	e3b0c44298fc1c149afbf4c8996fb92427ae41e4649b934ca495991b7852b855
preparation_raw/chr22_500_guide_357.columba_k0.log	2774	433ee717b5a180a7eba93520c5bc1f885b4927af964cb42df875829ae938cc31
preparation_raw/chr22_500_guide_357.columba_k0.sam	1081	6c8f8ba4acd040a3a42ea9b3d883a06629e2021bff9603a31fdcf4360bf7e4f3
preparation_raw/chr22_500_guide_357.columba_k0.stderr.txt	0	e3b0c44298fc1c149afbf4c8996fb92427ae41e4649b934ca495991b7852b855
preparation_raw/chr22_500_guide_357.columba_k0.stdout.txt	0	e3b0c44298fc1c149afbf4c8996fb92427ae41e4649b934ca495991b7852b855
preparation_raw/chr22_500_guide_357.crisprapido_k0.paf	315	e92ae9c88b8f12941d07537ab79c644385376ff1dcb918357c6c15bd0feddba1
preparation_raw/chr22_500_guide_357.crisprapido_k0.stderr.txt	0	e3b0c44298fc1c149afbf4c8996fb92427ae41e4649b934ca495991b7852b855
preparation_raw/chr22_500_guide_357.crisprapido_k0.stdout.txt	0	e3b0c44298fc1c149afbf4c8996fb92427ae41e4649b934ca495991b7852b855
preparation_raw/chr22_500_guide_358.columba_k0.log	2773	7d9449a2020cff6164517e328bb866e614eec308f3566e156cf4f0b67141444d
preparation_raw/chr22_500_guide_358.columba_k0.sam	924	0e5daa5bbdbf81a09fc40a092bb7a6d354193b19f47a44b1fac029d2e89e890c
preparation_raw/chr22_500_guide_358.columba_k0.stderr.txt	0	e3b0c44298fc1c149afbf4c8996fb92427ae41e4649b934ca495991b7852b855
preparation_raw/chr22_500_guide_358.columba_k0.stdout.txt	0	e3b0c44298fc1c149afbf4c8996fb92427ae41e4649b934ca495991b7852b855
preparation_raw/chr22_500_guide_358.crisprapido_k0.paf	105	a7389bd954eaa7a8f7c3e448a2ff3a3f4ef011b680d833fad933fd884d099eca
preparation_raw/chr22_500_guide_358.crisprapido_k0.stderr.txt	0	e3b0c44298fc1c149afbf4c8996fb92427ae41e4649b934ca495991b7852b855
preparation_raw/chr22_500_guide_358.crisprapido_k0.stdout.txt	0	e3b0c44298fc1c149afbf4c8996fb92427ae41e4649b934ca495991b7852b855
preparation_raw/chr22_500_guide_359.columba_k0.log	2773	7f7473a8ae0b4f8d7e6bcdddabdb884a6678cc7ed704bc9d346be5fd88565dd1
preparation_raw/chr22_500_guide_359.columba_k0.sam	924	8fd9406daae28d9dc6b35763a29494f42a36bd20c507fdf831ed3345ca93b957
preparation_raw/chr22_500_guide_359.columba_k0.stderr.txt	0	e3b0c44298fc1c149afbf4c8996fb92427ae41e4649b934ca495991b7852b855
preparation_raw/chr22_500_guide_359.columba_k0.stdout.txt	0	e3b0c44298fc1c149afbf4c8996fb92427ae41e4649b934ca495991b7852b855
preparation_raw/chr22_500_guide_359.crisprapido_k0.paf	105	67f8eaad6970d67a23b137b039edd8958c127a6240cb405f3c0d44d014269abd
preparation_raw/chr22_500_guide_359.crisprapido_k0.stderr.txt	0	e3b0c44298fc1c149afbf4c8996fb92427ae41e4649b934ca495991b7852b855
preparation_raw/chr22_500_guide_359.crisprapido_k0.stdout.txt	0	e3b0c44298fc1c149afbf4c8996fb92427ae41e4649b934ca495991b7852b855
preparation_raw/chr22_500_guide_360.columba_k0.log	2775	e12971cac61f30326c9b8bdd3d5f7c47a802399881e8a8f04f163120345b4f70
preparation_raw/chr22_500_guide_360.columba_k0.sam	2661	1d3503b98655c25c9fd27fbbb76ffb3014c9d35ce714c206c7ca56434f02b7a0
preparation_raw/chr22_500_guide_360.columba_k0.stderr.txt	0	e3b0c44298fc1c149afbf4c8996fb92427ae41e4649b934ca495991b7852b855
preparation_raw/chr22_500_guide_360.columba_k0.stdout.txt	0	e3b0c44298fc1c149afbf4c8996fb92427ae41e4649b934ca495991b7852b855
preparation_raw/chr22_500_guide_360.crisprapido_k0.paf	2235	109c56a580bfa6c0722e93c795550996ae3d824ca36fbc16b3a07b00bc913a68
preparation_raw/chr22_500_guide_360.crisprapido_k0.stderr.txt	675	8e83dc7c5f3cb8d0fdca73f5ba502413d0d3c20f84462e28b1516384364a163d
preparation_raw/chr22_500_guide_360.crisprapido_k0.stdout.txt	0	e3b0c44298fc1c149afbf4c8996fb92427ae41e4649b934ca495991b7852b855
preparation_raw/chr22_500_guide_361.columba_k0.log	2774	f4276182383f27d8e87280b3dceabd21f68f3bf71b5e53285f2bc1b2842ed77b
preparation_raw/chr22_500_guide_361.columba_k0.sam	924	5aa97933031a52138767ff9d693824e8024a8d120d3139dc52296740c64a3e7d
preparation_raw/chr22_500_guide_361.columba_k0.stderr.txt	0	e3b0c44298fc1c149afbf4c8996fb92427ae41e4649b934ca495991b7852b855
preparation_raw/chr22_500_guide_361.columba_k0.stdout.txt	0	e3b0c44298fc1c149afbf4c8996fb92427ae41e4649b934ca495991b7852b855
preparation_raw/chr22_500_guide_361.crisprapido_k0.paf	105	10c56888dfd2bcc3e5d0675d9a8e316b6ae168a941759f3370757a5730f843c3
preparation_raw/chr22_500_guide_361.crisprapido_k0.stderr.txt	0	e3b0c44298fc1c149afbf4c8996fb92427ae41e4649b934ca495991b7852b855
preparation_raw/chr22_500_guide_361.crisprapido_k0.stdout.txt	0	e3b0c44298fc1c149afbf4c8996fb92427ae41e4649b934ca495991b7852b855
preparation_raw/chr22_500_guide_362.columba_k0.log	2773	0698ab57d5abd90c1dc4d30f85663e78f385a27dbadb65cd599485a7cb9584a0
preparation_raw/chr22_500_guide_362.columba_k0.sam	924	3ba34e412af53640beae366f4cafc94fd7adbe653c344827b15ac196f582e486
preparation_raw/chr22_500_guide_362.columba_k0.stderr.txt	0	e3b0c44298fc1c149afbf4c8996fb92427ae41e4649b934ca495991b7852b855
preparation_raw/chr22_500_guide_362.columba_k0.stdout.txt	0	e3b0c44298fc1c149afbf4c8996fb92427ae41e4649b934ca495991b7852b855
preparation_raw/chr22_500_guide_362.crisprapido_k0.paf	105	ae0e1999294b6c0fe52b495744bbfe62e218ee6d3c22e776bbc769dcedf3d0eb
preparation_raw/chr22_500_guide_362.crisprapido_k0.stderr.txt	0	e3b0c44298fc1c149afbf4c8996fb92427ae41e4649b934ca495991b7852b855
preparation_raw/chr22_500_guide_362.crisprapido_k0.stdout.txt	0	e3b0c44298fc1c149afbf4c8996fb92427ae41e4649b934ca495991b7852b855
preparation_raw/chr22_500_guide_363.columba_k0.log	2774	64ae171a6e89f52e45f5cf5ece7d09ae2aa1298ce050c81c045fd5e3293a360a
preparation_raw/chr22_500_guide_363.columba_k0.sam	924	415b41cd2d87a842c8661ba533fb24c5131119f3ba882cf7e617d3299f6c2023
preparation_raw/chr22_500_guide_363.columba_k0.stderr.txt	0	e3b0c44298fc1c149afbf4c8996fb92427ae41e4649b934ca495991b7852b855
preparation_raw/chr22_500_guide_363.columba_k0.stdout.txt	0	e3b0c44298fc1c149afbf4c8996fb92427ae41e4649b934ca495991b7852b855
preparation_raw/chr22_500_guide_363.crisprapido_k0.paf	105	850390cf00e784716c531f5e64380876ff07596af289e7ba34bc096bff075ecc
preparation_raw/chr22_500_guide_363.crisprapido_k0.stderr.txt	0	e3b0c44298fc1c149afbf4c8996fb92427ae41e4649b934ca495991b7852b855
preparation_raw/chr22_500_guide_363.crisprapido_k0.stdout.txt	0	e3b0c44298fc1c149afbf4c8996fb92427ae41e4649b934ca495991b7852b855
preparation_raw/chr22_500_guide_364.columba_k0.log	2774	50c5d329b3d2ac48fa642e106bf00e8f9504e66cdbd7b91d0db09e64978008e2
preparation_raw/chr22_500_guide_364.columba_k0.sam	924	404f76c91237057ad1bb884d5e340bb62c031c8699a5dee471e62164084ebe6b
preparation_raw/chr22_500_guide_364.columba_k0.stderr.txt	0	e3b0c44298fc1c149afbf4c8996fb92427ae41e4649b934ca495991b7852b855
preparation_raw/chr22_500_guide_364.columba_k0.stdout.txt	0	e3b0c44298fc1c149afbf4c8996fb92427ae41e4649b934ca495991b7852b855
preparation_raw/chr22_500_guide_364.crisprapido_k0.paf	105	74ce4e0f24c8c5bf9ff04f0abd30cb25e9cfa613e2689424b2f777753af8809a
preparation_raw/chr22_500_guide_364.crisprapido_k0.stderr.txt	0	e3b0c44298fc1c149afbf4c8996fb92427ae41e4649b934ca495991b7852b855
preparation_raw/chr22_500_guide_364.crisprapido_k0.stdout.txt	0	e3b0c44298fc1c149afbf4c8996fb92427ae41e4649b934ca495991b7852b855
preparation_raw/chr22_500_guide_365.columba_k0.log	2774	e45496a621f1481ff900161ec1a4214bc83fadf91c7b5cd6b5b1d4e43ed25280
preparation_raw/chr22_500_guide_365.columba_k0.sam	924	c1253aa3834cc9a61c089b7f2c5e14f1bf50359bbb85f04c582796ecfc8e6df6
preparation_raw/chr22_500_guide_365.columba_k0.stderr.txt	0	e3b0c44298fc1c149afbf4c8996fb92427ae41e4649b934ca495991b7852b855
preparation_raw/chr22_500_guide_365.columba_k0.stdout.txt	0	e3b0c44298fc1c149afbf4c8996fb92427ae41e4649b934ca495991b7852b855
preparation_raw/chr22_500_guide_365.crisprapido_k0.paf	105	7711156130fd328754eb2f08bfcd7ecb1894492aca3fe7d1aa2b964ffa029648
preparation_raw/chr22_500_guide_365.crisprapido_k0.stderr.txt	0	e3b0c44298fc1c149afbf4c8996fb92427ae41e4649b934ca495991b7852b855
preparation_raw/chr22_500_guide_365.crisprapido_k0.stdout.txt	0	e3b0c44298fc1c149afbf4c8996fb92427ae41e4649b934ca495991b7852b855
preparation_raw/chr22_500_guide_366.columba_k0.log	2772	b030796f3b894bfa35c9356dca2659e865212541a71f5500cf3bdbca47cfc140
preparation_raw/chr22_500_guide_366.columba_k0.sam	924	6526f4f0a856dd626b3d66da8d788a099688c5d2c3a31b2d06040b6a854750de
preparation_raw/chr22_500_guide_366.columba_k0.stderr.txt	0	e3b0c44298fc1c149afbf4c8996fb92427ae41e4649b934ca495991b7852b855
preparation_raw/chr22_500_guide_366.columba_k0.stdout.txt	0	e3b0c44298fc1c149afbf4c8996fb92427ae41e4649b934ca495991b7852b855
preparation_raw/chr22_500_guide_366.crisprapido_k0.paf	105	23700230984e70232e9331c81d6527a76bbf30918c396a14eb70f853a92cdb05
preparation_raw/chr22_500_guide_366.crisprapido_k0.stderr.txt	0	e3b0c44298fc1c149afbf4c8996fb92427ae41e4649b934ca495991b7852b855
preparation_raw/chr22_500_guide_366.crisprapido_k0.stdout.txt	0	e3b0c44298fc1c149afbf4c8996fb92427ae41e4649b934ca495991b7852b855
preparation_raw/chr22_500_guide_367.columba_k0.log	2773	81fa6ff8d411822e2f7a2e4693e750c548535b3c02d25d95d2cd4afe1dbfbe38
preparation_raw/chr22_500_guide_367.columba_k0.sam	924	127fb8338dad6bdef8565c4be490218669ff8b1eb3aced0392156e387e392bca
preparation_raw/chr22_500_guide_367.columba_k0.stderr.txt	0	e3b0c44298fc1c149afbf4c8996fb92427ae41e4649b934ca495991b7852b855
preparation_raw/chr22_500_guide_367.columba_k0.stdout.txt	0	e3b0c44298fc1c149afbf4c8996fb92427ae41e4649b934ca495991b7852b855
preparation_raw/chr22_500_guide_367.crisprapido_k0.paf	105	eafc7cf8ee809fe80890b34a135f0b6a144b58d1c39489c64df9d2821704064f
preparation_raw/chr22_500_guide_367.crisprapido_k0.stderr.txt	0	e3b0c44298fc1c149afbf4c8996fb92427ae41e4649b934ca495991b7852b855
preparation_raw/chr22_500_guide_367.crisprapido_k0.stdout.txt	0	e3b0c44298fc1c149afbf4c8996fb92427ae41e4649b934ca495991b7852b855
preparation_raw/chr22_500_guide_368.columba_k0.log	2773	1a39c506a5b3de83f5e4c279668068759e66c7dd9dd8a3b3546c14cff1e47ebc
preparation_raw/chr22_500_guide_368.columba_k0.sam	924	2c19f2f6d2267cd8dbe9dde36ac600f4cb2391dad34fff438b7fbf7544518d02
preparation_raw/chr22_500_guide_368.columba_k0.stderr.txt	0	e3b0c44298fc1c149afbf4c8996fb92427ae41e4649b934ca495991b7852b855
preparation_raw/chr22_500_guide_368.columba_k0.stdout.txt	0	e3b0c44298fc1c149afbf4c8996fb92427ae41e4649b934ca495991b7852b855
preparation_raw/chr22_500_guide_368.crisprapido_k0.paf	105	1f00016106bffc2ceba39230352e1e4ef914076353527946b8890d37546c25f5
preparation_raw/chr22_500_guide_368.crisprapido_k0.stderr.txt	0	e3b0c44298fc1c149afbf4c8996fb92427ae41e4649b934ca495991b7852b855
preparation_raw/chr22_500_guide_368.crisprapido_k0.stdout.txt	0	e3b0c44298fc1c149afbf4c8996fb92427ae41e4649b934ca495991b7852b855
preparation_raw/chr22_500_guide_369.columba_k0.log	2773	0fc49423c834de68287cbae6a7c1eebed3f2101b88f667fff711f94968063452
preparation_raw/chr22_500_guide_369.columba_k0.sam	924	0c1975bcde9bc3b66f4d61c91c5d0798ee41ee03dfeb9ab4f09afb98f118640e
preparation_raw/chr22_500_guide_369.columba_k0.stderr.txt	0	e3b0c44298fc1c149afbf4c8996fb92427ae41e4649b934ca495991b7852b855
preparation_raw/chr22_500_guide_369.columba_k0.stdout.txt	0	e3b0c44298fc1c149afbf4c8996fb92427ae41e4649b934ca495991b7852b855
preparation_raw/chr22_500_guide_369.crisprapido_k0.paf	105	08c5984412b18c370e990f17b4bc5ad2cbed1f4c3dfedd748d4e1535a3fadb1b
preparation_raw/chr22_500_guide_369.crisprapido_k0.stderr.txt	0	e3b0c44298fc1c149afbf4c8996fb92427ae41e4649b934ca495991b7852b855
preparation_raw/chr22_500_guide_369.crisprapido_k0.stdout.txt	0	e3b0c44298fc1c149afbf4c8996fb92427ae41e4649b934ca495991b7852b855
preparation_raw/chr22_500_guide_370.columba_k0.log	2773	0b155a6d2b88bcb6c05c4a7802bb032568d091745811c9d45ff6db9619517fca
preparation_raw/chr22_500_guide_370.columba_k0.sam	924	86593bfef18d1dd6ca849ea2b7ab94516c1de97b41fe6a41d08135420e28ccbc
preparation_raw/chr22_500_guide_370.columba_k0.stderr.txt	0	e3b0c44298fc1c149afbf4c8996fb92427ae41e4649b934ca495991b7852b855
preparation_raw/chr22_500_guide_370.columba_k0.stdout.txt	0	e3b0c44298fc1c149afbf4c8996fb92427ae41e4649b934ca495991b7852b855
preparation_raw/chr22_500_guide_370.crisprapido_k0.paf	105	2436788eb043819f513939a6e74f2d632d8d56f6f2f6de1b7b495943df59690c
preparation_raw/chr22_500_guide_370.crisprapido_k0.stderr.txt	0	e3b0c44298fc1c149afbf4c8996fb92427ae41e4649b934ca495991b7852b855
preparation_raw/chr22_500_guide_370.crisprapido_k0.stdout.txt	0	e3b0c44298fc1c149afbf4c8996fb92427ae41e4649b934ca495991b7852b855
preparation_raw/chr22_500_guide_371.columba_k0.log	2774	4bd2ddfe16d5640f92d6ed203675a5deb6fcb1abc0b0ce7a32a7ca4d348473eb
preparation_raw/chr22_500_guide_371.columba_k0.sam	924	534a6d02e383df15f445bddd2657b5e8426ecbd8f56ecfb9ec4cd352eead2012
preparation_raw/chr22_500_guide_371.columba_k0.stderr.txt	0	e3b0c44298fc1c149afbf4c8996fb92427ae41e4649b934ca495991b7852b855
preparation_raw/chr22_500_guide_371.columba_k0.stdout.txt	0	e3b0c44298fc1c149afbf4c8996fb92427ae41e4649b934ca495991b7852b855
preparation_raw/chr22_500_guide_371.crisprapido_k0.paf	105	2d5e99ae0c7bcb58f0b6b71473c477ba54d8c8724c2758627a6c66d26e4c8657
preparation_raw/chr22_500_guide_371.crisprapido_k0.stderr.txt	0	e3b0c44298fc1c149afbf4c8996fb92427ae41e4649b934ca495991b7852b855
preparation_raw/chr22_500_guide_371.crisprapido_k0.stdout.txt	0	e3b0c44298fc1c149afbf4c8996fb92427ae41e4649b934ca495991b7852b855
preparation_raw/chr22_500_guide_372.columba_k0.log	2773	c2f2378d7251144dc07f1be30d917585ea9342aa3d5a001cc361b730887135cb
preparation_raw/chr22_500_guide_372.columba_k0.sam	924	a97a1fd636b4732f6c59368a583eba6c60a3481354925b7e5ea45aabcc5f6c75
preparation_raw/chr22_500_guide_372.columba_k0.stderr.txt	0	e3b0c44298fc1c149afbf4c8996fb92427ae41e4649b934ca495991b7852b855
preparation_raw/chr22_500_guide_372.columba_k0.stdout.txt	0	e3b0c44298fc1c149afbf4c8996fb92427ae41e4649b934ca495991b7852b855
preparation_raw/chr22_500_guide_372.crisprapido_k0.paf	105	03c6b87f8e111baff737d699832be31b9947a70427c85b014752cb5b542a2eed
preparation_raw/chr22_500_guide_372.crisprapido_k0.stderr.txt	0	e3b0c44298fc1c149afbf4c8996fb92427ae41e4649b934ca495991b7852b855
preparation_raw/chr22_500_guide_372.crisprapido_k0.stdout.txt	0	e3b0c44298fc1c149afbf4c8996fb92427ae41e4649b934ca495991b7852b855
preparation_raw/chr22_500_guide_373.columba_k0.log	2773	14131866554161905b51b7842130cf82ae098e4c6c46929bc1b668acf44ff7e4
preparation_raw/chr22_500_guide_373.columba_k0.sam	1081	37998e29564b32be70f4a7e9c14f678bb8bf9d8a345f71b5e6bcd35e289ce59e
preparation_raw/chr22_500_guide_373.columba_k0.stderr.txt	0	e3b0c44298fc1c149afbf4c8996fb92427ae41e4649b934ca495991b7852b855
preparation_raw/chr22_500_guide_373.columba_k0.stdout.txt	0	e3b0c44298fc1c149afbf4c8996fb92427ae41e4649b934ca495991b7852b855
preparation_raw/chr22_500_guide_373.crisprapido_k0.paf	315	759ca679ab0fe4eb8cfe9a8d6176acfeabdbebe0577ecc3012ee6fc33774b40a
preparation_raw/chr22_500_guide_373.crisprapido_k0.stderr.txt	0	e3b0c44298fc1c149afbf4c8996fb92427ae41e4649b934ca495991b7852b855
preparation_raw/chr22_500_guide_373.crisprapido_k0.stdout.txt	0	e3b0c44298fc1c149afbf4c8996fb92427ae41e4649b934ca495991b7852b855
preparation_raw/chr22_500_guide_374.columba_k0.log	2773	8c8db9813c4c6a8195247cf56bdc3ce3f08f5316cd30f2ad016e2e2e01ee4776
preparation_raw/chr22_500_guide_374.columba_k0.sam	924	91424f3598499fe24ff594ca8b9e77aca3d5afa1e230889a2b13e2523f23a64b
preparation_raw/chr22_500_guide_374.columba_k0.stderr.txt	0	e3b0c44298fc1c149afbf4c8996fb92427ae41e4649b934ca495991b7852b855
preparation_raw/chr22_500_guide_374.columba_k0.stdout.txt	0	e3b0c44298fc1c149afbf4c8996fb92427ae41e4649b934ca495991b7852b855
preparation_raw/chr22_500_guide_374.crisprapido_k0.paf	105	c3fc24d7c32679e1bb8d0997359e61e66898f2661248e500254761c6363bc345
preparation_raw/chr22_500_guide_374.crisprapido_k0.stderr.txt	0	e3b0c44298fc1c149afbf4c8996fb92427ae41e4649b934ca495991b7852b855
preparation_raw/chr22_500_guide_374.crisprapido_k0.stdout.txt	0	e3b0c44298fc1c149afbf4c8996fb92427ae41e4649b934ca495991b7852b855
preparation_raw/chr22_500_guide_375.columba_k0.log	2772	a03e06829933f29a97ab3c652729e51277ae798b8a84c61c8cf8178b242a6393
preparation_raw/chr22_500_guide_375.columba_k0.sam	924	c4e98956b6684252508ae30f58196c2e145abe041723aba5ba87ca380d3bee55
preparation_raw/chr22_500_guide_375.columba_k0.stderr.txt	0	e3b0c44298fc1c149afbf4c8996fb92427ae41e4649b934ca495991b7852b855
preparation_raw/chr22_500_guide_375.columba_k0.stdout.txt	0	e3b0c44298fc1c149afbf4c8996fb92427ae41e4649b934ca495991b7852b855
preparation_raw/chr22_500_guide_375.crisprapido_k0.paf	105	030ec29164c173123d1d27dfea06a9700f90b3ab218d4b0a8e8aef3c9e9126f7
preparation_raw/chr22_500_guide_375.crisprapido_k0.stderr.txt	0	e3b0c44298fc1c149afbf4c8996fb92427ae41e4649b934ca495991b7852b855
preparation_raw/chr22_500_guide_375.crisprapido_k0.stdout.txt	0	e3b0c44298fc1c149afbf4c8996fb92427ae41e4649b934ca495991b7852b855
preparation_raw/chr22_500_guide_376.columba_k0.log	2773	08540562f678cc9689295d8f0b60e11885259acbfbe58589c29e54e148e13b68
preparation_raw/chr22_500_guide_376.columba_k0.sam	924	9d46ce15f94e581faa7c99f2c12dd266adccbb734a4f92010c6c90e3dee62535
preparation_raw/chr22_500_guide_376.columba_k0.stderr.txt	0	e3b0c44298fc1c149afbf4c8996fb92427ae41e4649b934ca495991b7852b855
preparation_raw/chr22_500_guide_376.columba_k0.stdout.txt	0	e3b0c44298fc1c149afbf4c8996fb92427ae41e4649b934ca495991b7852b855
preparation_raw/chr22_500_guide_376.crisprapido_k0.paf	105	7e19f347dbb159b99327c48f045135540fc5a7b2a7ee081802a3916d383f8976
preparation_raw/chr22_500_guide_376.crisprapido_k0.stderr.txt	0	e3b0c44298fc1c149afbf4c8996fb92427ae41e4649b934ca495991b7852b855
preparation_raw/chr22_500_guide_376.crisprapido_k0.stdout.txt	0	e3b0c44298fc1c149afbf4c8996fb92427ae41e4649b934ca495991b7852b855
preparation_raw/chr22_500_guide_377.columba_k0.log	2773	f9489f3354d3d90083ab06597c74d8b4608bb0526819ed100c12fdb96ead11b4
preparation_raw/chr22_500_guide_377.columba_k0.sam	924	ad8877a394a727b10cc9a1073d828dac1b992b8afbfc7bdd37dff82f25fb2046
preparation_raw/chr22_500_guide_377.columba_k0.stderr.txt	0	e3b0c44298fc1c149afbf4c8996fb92427ae41e4649b934ca495991b7852b855
preparation_raw/chr22_500_guide_377.columba_k0.stdout.txt	0	e3b0c44298fc1c149afbf4c8996fb92427ae41e4649b934ca495991b7852b855
preparation_raw/chr22_500_guide_377.crisprapido_k0.paf	105	55a3f7499e0cfd7e01d39b6abf5895c90ab0b4bd0a5fce5f05529c08d2547f2a
preparation_raw/chr22_500_guide_377.crisprapido_k0.stderr.txt	0	e3b0c44298fc1c149afbf4c8996fb92427ae41e4649b934ca495991b7852b855
preparation_raw/chr22_500_guide_377.crisprapido_k0.stdout.txt	0	e3b0c44298fc1c149afbf4c8996fb92427ae41e4649b934ca495991b7852b855
preparation_raw/chr22_500_guide_378.columba_k0.log	2773	27a82964cc23e96418a55c2bcacca83e254b8fb7fc58b1de7cd46ce2471a31d3
preparation_raw/chr22_500_guide_378.columba_k0.sam	1002	b4d74271548ab3900021a3532016ab814fa32fa6a02e630f35476deb32491684
preparation_raw/chr22_500_guide_378.columba_k0.stderr.txt	0	e3b0c44298fc1c149afbf4c8996fb92427ae41e4649b934ca495991b7852b855
preparation_raw/chr22_500_guide_378.columba_k0.stdout.txt	0	e3b0c44298fc1c149afbf4c8996fb92427ae41e4649b934ca495991b7852b855
preparation_raw/chr22_500_guide_378.crisprapido_k0.paf	210	60dcab0159f72f30c464b412ff6452f9d9ad0540a3f6c57ecebcf9e2ed880c6e
preparation_raw/chr22_500_guide_378.crisprapido_k0.stderr.txt	0	e3b0c44298fc1c149afbf4c8996fb92427ae41e4649b934ca495991b7852b855
preparation_raw/chr22_500_guide_378.crisprapido_k0.stdout.txt	0	e3b0c44298fc1c149afbf4c8996fb92427ae41e4649b934ca495991b7852b855
preparation_raw/chr22_500_guide_379.columba_k0.log	2773	76d52587927b80f3b8a868d5c26e9178116e670b7c7abc1d59fe683792b0f34e
preparation_raw/chr22_500_guide_379.columba_k0.sam	924	94d26008522f3ac557e5d3028b2c953532d8737911d7eddba746c1c398d39520
preparation_raw/chr22_500_guide_379.columba_k0.stderr.txt	0	e3b0c44298fc1c149afbf4c8996fb92427ae41e4649b934ca495991b7852b855
preparation_raw/chr22_500_guide_379.columba_k0.stdout.txt	0	e3b0c44298fc1c149afbf4c8996fb92427ae41e4649b934ca495991b7852b855
preparation_raw/chr22_500_guide_379.crisprapido_k0.paf	105	5aa69e89a9ef985351b79202bc785b14f8909565c64344816b590744c39c799c
preparation_raw/chr22_500_guide_379.crisprapido_k0.stderr.txt	0	e3b0c44298fc1c149afbf4c8996fb92427ae41e4649b934ca495991b7852b855
preparation_raw/chr22_500_guide_379.crisprapido_k0.stdout.txt	0	e3b0c44298fc1c149afbf4c8996fb92427ae41e4649b934ca495991b7852b855
preparation_raw/chr22_500_guide_380.columba_k0.log	2773	d01c119286ad53d647d6ea50744bf65f964052c65feafae2461405ac97cefca4
preparation_raw/chr22_500_guide_380.columba_k0.sam	924	0123fef94862b57be835d090c526250ed5b214832ac06e8ab8dbd5815cee739c
preparation_raw/chr22_500_guide_380.columba_k0.stderr.txt	0	e3b0c44298fc1c149afbf4c8996fb92427ae41e4649b934ca495991b7852b855
preparation_raw/chr22_500_guide_380.columba_k0.stdout.txt	0	e3b0c44298fc1c149afbf4c8996fb92427ae41e4649b934ca495991b7852b855
preparation_raw/chr22_500_guide_380.crisprapido_k0.paf	105	3696847df4deac858a26ab0acacdd39fc23eeee62d5f8c152b739c4d558ce954
preparation_raw/chr22_500_guide_380.crisprapido_k0.stderr.txt	0	e3b0c44298fc1c149afbf4c8996fb92427ae41e4649b934ca495991b7852b855
preparation_raw/chr22_500_guide_380.crisprapido_k0.stdout.txt	0	e3b0c44298fc1c149afbf4c8996fb92427ae41e4649b934ca495991b7852b855
preparation_raw/chr22_500_guide_381.columba_k0.log	2773	1e25b85fcc0979b52a44edbea76e570ab64228d463f6b29639185ea06931917f
preparation_raw/chr22_500_guide_381.columba_k0.sam	924	576ebed17d8ba0c0d645725791667f818bb4eb8376eaff2b5ed6ece6c21be39c
preparation_raw/chr22_500_guide_381.columba_k0.stderr.txt	0	e3b0c44298fc1c149afbf4c8996fb92427ae41e4649b934ca495991b7852b855
preparation_raw/chr22_500_guide_381.columba_k0.stdout.txt	0	e3b0c44298fc1c149afbf4c8996fb92427ae41e4649b934ca495991b7852b855
preparation_raw/chr22_500_guide_381.crisprapido_k0.paf	105	66e0ad380442bdf04037ab83d0949141edf92e5a350d869acf3f12e9e0e18df5
preparation_raw/chr22_500_guide_381.crisprapido_k0.stderr.txt	0	e3b0c44298fc1c149afbf4c8996fb92427ae41e4649b934ca495991b7852b855
preparation_raw/chr22_500_guide_381.crisprapido_k0.stdout.txt	0	e3b0c44298fc1c149afbf4c8996fb92427ae41e4649b934ca495991b7852b855
preparation_raw/chr22_500_guide_382.columba_k0.log	2773	1070002b5ce3f86f438a2f8391fc011226ce6a0e25208b7e056208264068eddf
preparation_raw/chr22_500_guide_382.columba_k0.sam	924	14bbdab84e51cafffbb6368b21006962e680c0b31ad8a0e9133066802184dcbb
preparation_raw/chr22_500_guide_382.columba_k0.stderr.txt	0	e3b0c44298fc1c149afbf4c8996fb92427ae41e4649b934ca495991b7852b855
preparation_raw/chr22_500_guide_382.columba_k0.stdout.txt	0	e3b0c44298fc1c149afbf4c8996fb92427ae41e4649b934ca495991b7852b855
preparation_raw/chr22_500_guide_382.crisprapido_k0.paf	105	334ed3775f29c2188d7fea058f91103c4d4b121f2e3c2fd6f915633ae391b52f
preparation_raw/chr22_500_guide_382.crisprapido_k0.stderr.txt	0	e3b0c44298fc1c149afbf4c8996fb92427ae41e4649b934ca495991b7852b855
preparation_raw/chr22_500_guide_382.crisprapido_k0.stdout.txt	0	e3b0c44298fc1c149afbf4c8996fb92427ae41e4649b934ca495991b7852b855
preparation_raw/chr22_500_guide_383.columba_k0.log	2773	d0f45b7e613ed2df85b8ec5b393a474e02be3ff03e3dac602bdbb929694c8c1f
preparation_raw/chr22_500_guide_383.columba_k0.sam	924	fe4cab014a4f76608dac9b68ffde93485c94967aeb92f7548b47d62ae6e8cffc
preparation_raw/chr22_500_guide_383.columba_k0.stderr.txt	0	e3b0c44298fc1c149afbf4c8996fb92427ae41e4649b934ca495991b7852b855
preparation_raw/chr22_500_guide_383.columba_k0.stdout.txt	0	e3b0c44298fc1c149afbf4c8996fb92427ae41e4649b934ca495991b7852b855
preparation_raw/chr22_500_guide_383.crisprapido_k0.paf	105	e3869c3952dd0b0eb3e37141b1040c6f25b82c4e398011436f2219c75f8febe8
preparation_raw/chr22_500_guide_383.crisprapido_k0.stderr.txt	0	e3b0c44298fc1c149afbf4c8996fb92427ae41e4649b934ca495991b7852b855
preparation_raw/chr22_500_guide_383.crisprapido_k0.stdout.txt	0	e3b0c44298fc1c149afbf4c8996fb92427ae41e4649b934ca495991b7852b855
preparation_raw/chr22_500_guide_384.columba_k0.log	2773	d60cba5faa7ac4db13b07b27589b87d9fcb976634900faabdbcf30aa83bca6e7
preparation_raw/chr22_500_guide_384.columba_k0.sam	924	b915947ff5609ccd13cf3adb9961437b252ac4fe8ab0b3b1d49f8f8d2b0e4770
preparation_raw/chr22_500_guide_384.columba_k0.stderr.txt	0	e3b0c44298fc1c149afbf4c8996fb92427ae41e4649b934ca495991b7852b855
preparation_raw/chr22_500_guide_384.columba_k0.stdout.txt	0	e3b0c44298fc1c149afbf4c8996fb92427ae41e4649b934ca495991b7852b855
preparation_raw/chr22_500_guide_384.crisprapido_k0.paf	105	d0f1f0ccacb8155b15cbd0aae71b84ef21dd4b82cfa458fe2fe387cdef067e94
preparation_raw/chr22_500_guide_384.crisprapido_k0.stderr.txt	0	e3b0c44298fc1c149afbf4c8996fb92427ae41e4649b934ca495991b7852b855
preparation_raw/chr22_500_guide_384.crisprapido_k0.stdout.txt	0	e3b0c44298fc1c149afbf4c8996fb92427ae41e4649b934ca495991b7852b855
preparation_raw/chr22_500_guide_385.columba_k0.log	2773	5335ca66e6f105ce6a12605d1948e7083356974d116ce8354c911bbbc450081e
preparation_raw/chr22_500_guide_385.columba_k0.sam	924	ad9d97b6fa5889570905f0697163a169c73982b01069c38fb28bb3f2736b9f00
preparation_raw/chr22_500_guide_385.columba_k0.stderr.txt	0	e3b0c44298fc1c149afbf4c8996fb92427ae41e4649b934ca495991b7852b855
preparation_raw/chr22_500_guide_385.columba_k0.stdout.txt	0	e3b0c44298fc1c149afbf4c8996fb92427ae41e4649b934ca495991b7852b855
preparation_raw/chr22_500_guide_385.crisprapido_k0.paf	105	c8af66ce12fb1c3e40ec64de1e6fe4633665b6b60f3b1cb98347963b883658a6
preparation_raw/chr22_500_guide_385.crisprapido_k0.stderr.txt	0	e3b0c44298fc1c149afbf4c8996fb92427ae41e4649b934ca495991b7852b855
preparation_raw/chr22_500_guide_385.crisprapido_k0.stdout.txt	0	e3b0c44298fc1c149afbf4c8996fb92427ae41e4649b934ca495991b7852b855
preparation_raw/chr22_500_guide_386.columba_k0.log	2773	2008b469f723861d339c1bb7017f16b84b026d1e286b6b9c78d968f7c0dd888d
preparation_raw/chr22_500_guide_386.columba_k0.sam	924	06953fec1c247d1a5289fefba50e6dd45c9b027d6818ce3d7c296b066fa6edc6
preparation_raw/chr22_500_guide_386.columba_k0.stderr.txt	0	e3b0c44298fc1c149afbf4c8996fb92427ae41e4649b934ca495991b7852b855
preparation_raw/chr22_500_guide_386.columba_k0.stdout.txt	0	e3b0c44298fc1c149afbf4c8996fb92427ae41e4649b934ca495991b7852b855
preparation_raw/chr22_500_guide_386.crisprapido_k0.paf	105	250d9437844a88773662267f23ae1f91e8636f98a0f86b6c48484d98887d9e23
preparation_raw/chr22_500_guide_386.crisprapido_k0.stderr.txt	0	e3b0c44298fc1c149afbf4c8996fb92427ae41e4649b934ca495991b7852b855
preparation_raw/chr22_500_guide_386.crisprapido_k0.stdout.txt	0	e3b0c44298fc1c149afbf4c8996fb92427ae41e4649b934ca495991b7852b855
preparation_raw/chr22_500_guide_387.columba_k0.log	2773	7786d870cbee731e94fa3ec10edb067ceee1683455c9b162aa3b3df408d1e4cb
preparation_raw/chr22_500_guide_387.columba_k0.sam	924	b4dc7951c76dee71e39e393934be7e2f8744ee5dde8ae7383c431c5365dd69f1
preparation_raw/chr22_500_guide_387.columba_k0.stderr.txt	0	e3b0c44298fc1c149afbf4c8996fb92427ae41e4649b934ca495991b7852b855
preparation_raw/chr22_500_guide_387.columba_k0.stdout.txt	0	e3b0c44298fc1c149afbf4c8996fb92427ae41e4649b934ca495991b7852b855
preparation_raw/chr22_500_guide_387.crisprapido_k0.paf	105	a909238b05dda7cb5d453b651946c3f21b89303ee28398c030999e7ff3980c4a
preparation_raw/chr22_500_guide_387.crisprapido_k0.stderr.txt	0	e3b0c44298fc1c149afbf4c8996fb92427ae41e4649b934ca495991b7852b855
preparation_raw/chr22_500_guide_387.crisprapido_k0.stdout.txt	0	e3b0c44298fc1c149afbf4c8996fb92427ae41e4649b934ca495991b7852b855
preparation_raw/chr22_500_guide_388.columba_k0.log	2773	46ccfa27b0607184cf58424be46eaa9b0c2346b400289e01de872145ea4f4f0d
preparation_raw/chr22_500_guide_388.columba_k0.sam	924	25fb448909446ef29114f89ab64b057e2fba1a001f1c428e03745bbf410437b2
preparation_raw/chr22_500_guide_388.columba_k0.stderr.txt	0	e3b0c44298fc1c149afbf4c8996fb92427ae41e4649b934ca495991b7852b855
preparation_raw/chr22_500_guide_388.columba_k0.stdout.txt	0	e3b0c44298fc1c149afbf4c8996fb92427ae41e4649b934ca495991b7852b855
preparation_raw/chr22_500_guide_388.crisprapido_k0.paf	105	b32f95b3659bdf5efde0a545c93605a84811e1f51637e98948f88b66e0c918a9
preparation_raw/chr22_500_guide_388.crisprapido_k0.stderr.txt	0	e3b0c44298fc1c149afbf4c8996fb92427ae41e4649b934ca495991b7852b855
preparation_raw/chr22_500_guide_388.crisprapido_k0.stdout.txt	0	e3b0c44298fc1c149afbf4c8996fb92427ae41e4649b934ca495991b7852b855
preparation_raw/chr22_500_guide_389.columba_k0.log	2774	17966175d21f48f06b1639187100bce51014fc0cc18adcd44c0dbcff7c2b49e0
preparation_raw/chr22_500_guide_389.columba_k0.sam	924	2256fc3fbf970837a8f14008b7458f8302b4c9a2cb356b33952a921cfdb770d4
preparation_raw/chr22_500_guide_389.columba_k0.stderr.txt	0	e3b0c44298fc1c149afbf4c8996fb92427ae41e4649b934ca495991b7852b855
preparation_raw/chr22_500_guide_389.columba_k0.stdout.txt	0	e3b0c44298fc1c149afbf4c8996fb92427ae41e4649b934ca495991b7852b855
preparation_raw/chr22_500_guide_389.crisprapido_k0.paf	105	f8eaf62cda887424db5ab9182cf8cda1f095c522200d8c7053494e3cd3f0013f
preparation_raw/chr22_500_guide_389.crisprapido_k0.stderr.txt	0	e3b0c44298fc1c149afbf4c8996fb92427ae41e4649b934ca495991b7852b855
preparation_raw/chr22_500_guide_389.crisprapido_k0.stdout.txt	0	e3b0c44298fc1c149afbf4c8996fb92427ae41e4649b934ca495991b7852b855
preparation_raw/chr22_500_guide_390.columba_k0.log	2773	e1bdf7800ebf59ce003e450459e544626f2ffed811f3c7f3f8207e6957e77e0f
preparation_raw/chr22_500_guide_390.columba_k0.sam	924	2ab2c2292ae2d973f15ff531495ae6abef1b1a8e49520b04f5b00f3406ed6f98
preparation_raw/chr22_500_guide_390.columba_k0.stderr.txt	0	e3b0c44298fc1c149afbf4c8996fb92427ae41e4649b934ca495991b7852b855
preparation_raw/chr22_500_guide_390.columba_k0.stdout.txt	0	e3b0c44298fc1c149afbf4c8996fb92427ae41e4649b934ca495991b7852b855
preparation_raw/chr22_500_guide_390.crisprapido_k0.paf	105	49a680215bc86d76c112afc22c01ae23139a059bb99b4c5bb7a9277777d15b2b
preparation_raw/chr22_500_guide_390.crisprapido_k0.stderr.txt	0	e3b0c44298fc1c149afbf4c8996fb92427ae41e4649b934ca495991b7852b855
preparation_raw/chr22_500_guide_390.crisprapido_k0.stdout.txt	0	e3b0c44298fc1c149afbf4c8996fb92427ae41e4649b934ca495991b7852b855
preparation_raw/chr22_500_guide_391.columba_k0.log	2773	a73b5a110f8a2e4658c05364f6b0e07680c0b059f506e8c2d51480edb26801d5
preparation_raw/chr22_500_guide_391.columba_k0.sam	924	adc1bf98539ccda0d82480add37ff231f7be389d30b68509104900301e5ab5ec
preparation_raw/chr22_500_guide_391.columba_k0.stderr.txt	0	e3b0c44298fc1c149afbf4c8996fb92427ae41e4649b934ca495991b7852b855
preparation_raw/chr22_500_guide_391.columba_k0.stdout.txt	0	e3b0c44298fc1c149afbf4c8996fb92427ae41e4649b934ca495991b7852b855
preparation_raw/chr22_500_guide_391.crisprapido_k0.paf	105	c21b67904c7c4e4e487bce9bef7d7a8c1f63a73c6fb931f2b8148f858e585517
preparation_raw/chr22_500_guide_391.crisprapido_k0.stderr.txt	0	e3b0c44298fc1c149afbf4c8996fb92427ae41e4649b934ca495991b7852b855
preparation_raw/chr22_500_guide_391.crisprapido_k0.stdout.txt	0	e3b0c44298fc1c149afbf4c8996fb92427ae41e4649b934ca495991b7852b855
preparation_raw/chr22_500_guide_392.columba_k0.log	2773	5284094ead8994cf87b3ef3153600f5620dc1bd5c339af1ebc020355395ac1fc
preparation_raw/chr22_500_guide_392.columba_k0.sam	924	ce3007a15ff6933255141d2e022ead65494bfc772621a1faee593ba81ecce4c4
preparation_raw/chr22_500_guide_392.columba_k0.stderr.txt	0	e3b0c44298fc1c149afbf4c8996fb92427ae41e4649b934ca495991b7852b855
preparation_raw/chr22_500_guide_392.columba_k0.stdout.txt	0	e3b0c44298fc1c149afbf4c8996fb92427ae41e4649b934ca495991b7852b855
preparation_raw/chr22_500_guide_392.crisprapido_k0.paf	105	62af6dbf97486ac949ef3ab898566d88afe47152d399c78e5d7b872f755770bf
preparation_raw/chr22_500_guide_392.crisprapido_k0.stderr.txt	0	e3b0c44298fc1c149afbf4c8996fb92427ae41e4649b934ca495991b7852b855
preparation_raw/chr22_500_guide_392.crisprapido_k0.stdout.txt	0	e3b0c44298fc1c149afbf4c8996fb92427ae41e4649b934ca495991b7852b855
preparation_raw/chr22_500_guide_393.columba_k0.log	2773	70261b956d38d6c88fcc6a2818ee9c4b96bd4fe93d36d9141546a65d574d6b34
preparation_raw/chr22_500_guide_393.columba_k0.sam	924	7c4d5ac94b577872cfc5464f1073dcc400f69780a402665434426ea0d8a8ac87
preparation_raw/chr22_500_guide_393.columba_k0.stderr.txt	0	e3b0c44298fc1c149afbf4c8996fb92427ae41e4649b934ca495991b7852b855
preparation_raw/chr22_500_guide_393.columba_k0.stdout.txt	0	e3b0c44298fc1c149afbf4c8996fb92427ae41e4649b934ca495991b7852b855
preparation_raw/chr22_500_guide_393.crisprapido_k0.paf	105	3719b9c87eb26bae46571444132aecd72ec6971081ed8592128ac8081655f637
preparation_raw/chr22_500_guide_393.crisprapido_k0.stderr.txt	0	e3b0c44298fc1c149afbf4c8996fb92427ae41e4649b934ca495991b7852b855
preparation_raw/chr22_500_guide_393.crisprapido_k0.stdout.txt	0	e3b0c44298fc1c149afbf4c8996fb92427ae41e4649b934ca495991b7852b855
preparation_raw/chr22_500_guide_394.columba_k0.log	2773	589f4e4b9101925bc977ee429c3324c0c5c9cf5cc463e4e368bdb53276d102e1
preparation_raw/chr22_500_guide_394.columba_k0.sam	924	96cb46c5a4ed2b4b7330bad209c89b6374a37f4f5b2c5c19403f6b11f692744d
preparation_raw/chr22_500_guide_394.columba_k0.stderr.txt	0	e3b0c44298fc1c149afbf4c8996fb92427ae41e4649b934ca495991b7852b855
preparation_raw/chr22_500_guide_394.columba_k0.stdout.txt	0	e3b0c44298fc1c149afbf4c8996fb92427ae41e4649b934ca495991b7852b855
preparation_raw/chr22_500_guide_394.crisprapido_k0.paf	105	3c3e23f0b752c439ab97e64bef2a4113aa18f8d8cf527c29e6927a6e204121a1
preparation_raw/chr22_500_guide_394.crisprapido_k0.stderr.txt	0	e3b0c44298fc1c149afbf4c8996fb92427ae41e4649b934ca495991b7852b855
preparation_raw/chr22_500_guide_394.crisprapido_k0.stdout.txt	0	e3b0c44298fc1c149afbf4c8996fb92427ae41e4649b934ca495991b7852b855
preparation_raw/chr22_500_guide_395.columba_k0.log	2773	0fc316229ab5c47f6b67f525ab0a4550a883300b9e8bc48195ce729e2149e2c9
preparation_raw/chr22_500_guide_395.columba_k0.sam	924	3eda74c97464a4bf8931ce303363e1916d3e02374714a600a4e7ac0b7ca3d223
preparation_raw/chr22_500_guide_395.columba_k0.stderr.txt	0	e3b0c44298fc1c149afbf4c8996fb92427ae41e4649b934ca495991b7852b855
preparation_raw/chr22_500_guide_395.columba_k0.stdout.txt	0	e3b0c44298fc1c149afbf4c8996fb92427ae41e4649b934ca495991b7852b855
preparation_raw/chr22_500_guide_395.crisprapido_k0.paf	105	ede3ceee5da1cbf4355f6f21ee507d425126143830cc60dea7e0c7937667a8bc
preparation_raw/chr22_500_guide_395.crisprapido_k0.stderr.txt	0	e3b0c44298fc1c149afbf4c8996fb92427ae41e4649b934ca495991b7852b855
preparation_raw/chr22_500_guide_395.crisprapido_k0.stdout.txt	0	e3b0c44298fc1c149afbf4c8996fb92427ae41e4649b934ca495991b7852b855
preparation_raw/chr22_500_guide_396.columba_k0.log	2773	aaba80cb0281d685be62557b287b12215bc255672629b7df18daf327495e16e0
preparation_raw/chr22_500_guide_396.columba_k0.sam	924	fb304e9abee396cc4210848596f7f093aba41fedcde788614915bfc4e9bec1a0
preparation_raw/chr22_500_guide_396.columba_k0.stderr.txt	0	e3b0c44298fc1c149afbf4c8996fb92427ae41e4649b934ca495991b7852b855
preparation_raw/chr22_500_guide_396.columba_k0.stdout.txt	0	e3b0c44298fc1c149afbf4c8996fb92427ae41e4649b934ca495991b7852b855
preparation_raw/chr22_500_guide_396.crisprapido_k0.paf	105	b21d421132b22f0fc3fad2100df0c4da43b549e974ec809bb1982d27ac76b2a2
preparation_raw/chr22_500_guide_396.crisprapido_k0.stderr.txt	0	e3b0c44298fc1c149afbf4c8996fb92427ae41e4649b934ca495991b7852b855
preparation_raw/chr22_500_guide_396.crisprapido_k0.stdout.txt	0	e3b0c44298fc1c149afbf4c8996fb92427ae41e4649b934ca495991b7852b855
preparation_raw/chr22_500_guide_397.columba_k0.log	2773	87ef718f0503fa4da4dcf0a3a98be900bf06d081d7a362e1d419ee609691e3db
preparation_raw/chr22_500_guide_397.columba_k0.sam	924	315a5e1c36564fd9750462d970f9ff22b8eca83fc9dd1ca689087e994424bf1c
preparation_raw/chr22_500_guide_397.columba_k0.stderr.txt	0	e3b0c44298fc1c149afbf4c8996fb92427ae41e4649b934ca495991b7852b855
preparation_raw/chr22_500_guide_397.columba_k0.stdout.txt	0	e3b0c44298fc1c149afbf4c8996fb92427ae41e4649b934ca495991b7852b855
preparation_raw/chr22_500_guide_397.crisprapido_k0.paf	105	5d54478d4376f895371f8d339b5dccd454974991171a09a85d4673e7f8e0fcce
preparation_raw/chr22_500_guide_397.crisprapido_k0.stderr.txt	0	e3b0c44298fc1c149afbf4c8996fb92427ae41e4649b934ca495991b7852b855
preparation_raw/chr22_500_guide_397.crisprapido_k0.stdout.txt	0	e3b0c44298fc1c149afbf4c8996fb92427ae41e4649b934ca495991b7852b855
preparation_raw/chr22_500_guide_398.columba_k0.log	2773	c05e467deccd3ec703cb6574712d29832ddfba53b798c4e23eba4eab3dcb79b8
preparation_raw/chr22_500_guide_398.columba_k0.sam	924	9ea2c5f878496b49f43b2083c781edc3ca0ef068a37deafe916beae56f9bdd7e
preparation_raw/chr22_500_guide_398.columba_k0.stderr.txt	0	e3b0c44298fc1c149afbf4c8996fb92427ae41e4649b934ca495991b7852b855
preparation_raw/chr22_500_guide_398.columba_k0.stdout.txt	0	e3b0c44298fc1c149afbf4c8996fb92427ae41e4649b934ca495991b7852b855
preparation_raw/chr22_500_guide_398.crisprapido_k0.paf	105	5c9d989f365df1d424483a28cbc77093b089ff7ebee8cd46972f309ff0b6db17
preparation_raw/chr22_500_guide_398.crisprapido_k0.stderr.txt	0	e3b0c44298fc1c149afbf4c8996fb92427ae41e4649b934ca495991b7852b855
preparation_raw/chr22_500_guide_398.crisprapido_k0.stdout.txt	0	e3b0c44298fc1c149afbf4c8996fb92427ae41e4649b934ca495991b7852b855
preparation_raw/chr22_500_guide_399.columba_k0.log	2773	24852b226360a0a72bcba9dde97b146ffb1bef955fafd55c32ef518bc367bff9
preparation_raw/chr22_500_guide_399.columba_k0.sam	924	2dcb2ea8a263f6d4220afc72dbd8f196114c1ccd113fa52c769836679af0e688
preparation_raw/chr22_500_guide_399.columba_k0.stderr.txt	0	e3b0c44298fc1c149afbf4c8996fb92427ae41e4649b934ca495991b7852b855
preparation_raw/chr22_500_guide_399.columba_k0.stdout.txt	0	e3b0c44298fc1c149afbf4c8996fb92427ae41e4649b934ca495991b7852b855
preparation_raw/chr22_500_guide_399.crisprapido_k0.paf	105	aed3025f5878f3f627cc0e24560dad556e9470377c3f5e6f682ae922deceebb8
preparation_raw/chr22_500_guide_399.crisprapido_k0.stderr.txt	0	e3b0c44298fc1c149afbf4c8996fb92427ae41e4649b934ca495991b7852b855
preparation_raw/chr22_500_guide_399.crisprapido_k0.stdout.txt	0	e3b0c44298fc1c149afbf4c8996fb92427ae41e4649b934ca495991b7852b855
preparation_raw/chr22_500_guide_400.columba_k0.log	2773	9b451d2e80aa3c50e5a02bd06b343fe8b2ab2a9a98469da2062852c720a74b66
preparation_raw/chr22_500_guide_400.columba_k0.sam	924	e3b79362674c0f57dbdba761164c57e35500e4b366b7bf54445a10e7063ebf31
preparation_raw/chr22_500_guide_400.columba_k0.stderr.txt	0	e3b0c44298fc1c149afbf4c8996fb92427ae41e4649b934ca495991b7852b855
preparation_raw/chr22_500_guide_400.columba_k0.stdout.txt	0	e3b0c44298fc1c149afbf4c8996fb92427ae41e4649b934ca495991b7852b855
preparation_raw/chr22_500_guide_400.crisprapido_k0.paf	105	e0e5d2f17f23a0d5c49fa2628daedcf9ab7ef7039061c9065164c03ad155611c
preparation_raw/chr22_500_guide_400.crisprapido_k0.stderr.txt	0	e3b0c44298fc1c149afbf4c8996fb92427ae41e4649b934ca495991b7852b855
preparation_raw/chr22_500_guide_400.crisprapido_k0.stdout.txt	0	e3b0c44298fc1c149afbf4c8996fb92427ae41e4649b934ca495991b7852b855
preparation_raw/chr22_500_guide_401.columba_k0.log	2773	658decd0b0198ffdd1f4a5b63b2da86318e992e04aad1b274caeb4cf6d080600
preparation_raw/chr22_500_guide_401.columba_k0.sam	924	6195e64a5de96a05480d8ec536b43e8d805110147258d2b9aecedcfe4fab69bd
preparation_raw/chr22_500_guide_401.columba_k0.stderr.txt	0	e3b0c44298fc1c149afbf4c8996fb92427ae41e4649b934ca495991b7852b855
preparation_raw/chr22_500_guide_401.columba_k0.stdout.txt	0	e3b0c44298fc1c149afbf4c8996fb92427ae41e4649b934ca495991b7852b855
preparation_raw/chr22_500_guide_401.crisprapido_k0.paf	105	574130b195313d28babf956f57ec6cad7babdaa442fd51fc95c6c4fe01874730
preparation_raw/chr22_500_guide_401.crisprapido_k0.stderr.txt	0	e3b0c44298fc1c149afbf4c8996fb92427ae41e4649b934ca495991b7852b855
preparation_raw/chr22_500_guide_401.crisprapido_k0.stdout.txt	0	e3b0c44298fc1c149afbf4c8996fb92427ae41e4649b934ca495991b7852b855
preparation_raw/chr22_500_guide_402.columba_k0.log	2773	e4d6f1948bf545e693e78e9670a66f15c09079a1f3ca3b506993a673e1902b49
preparation_raw/chr22_500_guide_402.columba_k0.sam	924	3eb1a59aff7807be905ffe1f93687ce251e1af20fbb19008ebc30b588b228a02
preparation_raw/chr22_500_guide_402.columba_k0.stderr.txt	0	e3b0c44298fc1c149afbf4c8996fb92427ae41e4649b934ca495991b7852b855
preparation_raw/chr22_500_guide_402.columba_k0.stdout.txt	0	e3b0c44298fc1c149afbf4c8996fb92427ae41e4649b934ca495991b7852b855
preparation_raw/chr22_500_guide_402.crisprapido_k0.paf	105	6885aa6e1f736a3800e5b8e869b1130951942bd1a6cc0d1a25a536d26fffc928
preparation_raw/chr22_500_guide_402.crisprapido_k0.stderr.txt	0	e3b0c44298fc1c149afbf4c8996fb92427ae41e4649b934ca495991b7852b855
preparation_raw/chr22_500_guide_402.crisprapido_k0.stdout.txt	0	e3b0c44298fc1c149afbf4c8996fb92427ae41e4649b934ca495991b7852b855
preparation_raw/chr22_500_guide_403.columba_k0.log	2773	067e066cd9c8b5b0316bd3d07e44a5ab601f88cf2c9e80e8b62ace0ecc3692b9
preparation_raw/chr22_500_guide_403.columba_k0.sam	924	87299934bef3d4e3af143116d771eea3c15ad6c54127d8548a5d8454be3d482c
preparation_raw/chr22_500_guide_403.columba_k0.stderr.txt	0	e3b0c44298fc1c149afbf4c8996fb92427ae41e4649b934ca495991b7852b855
preparation_raw/chr22_500_guide_403.columba_k0.stdout.txt	0	e3b0c44298fc1c149afbf4c8996fb92427ae41e4649b934ca495991b7852b855
preparation_raw/chr22_500_guide_403.crisprapido_k0.paf	105	60f8b2bdc588b6b13527c78acc609879caa8defea9c72ada132dee63d52ad9bf
preparation_raw/chr22_500_guide_403.crisprapido_k0.stderr.txt	0	e3b0c44298fc1c149afbf4c8996fb92427ae41e4649b934ca495991b7852b855
preparation_raw/chr22_500_guide_403.crisprapido_k0.stdout.txt	0	e3b0c44298fc1c149afbf4c8996fb92427ae41e4649b934ca495991b7852b855
preparation_raw/chr22_500_guide_404.columba_k0.log	2772	6c197fd44a1d43a8212d3d3eee3f99c47cfe580ea2be674be1ece4188f8b6086
preparation_raw/chr22_500_guide_404.columba_k0.sam	924	d2d7b17265ad334102c505dcff4b060ff4ac24fac016924f7b1aa6286cedf8fc
preparation_raw/chr22_500_guide_404.columba_k0.stderr.txt	0	e3b0c44298fc1c149afbf4c8996fb92427ae41e4649b934ca495991b7852b855
preparation_raw/chr22_500_guide_404.columba_k0.stdout.txt	0	e3b0c44298fc1c149afbf4c8996fb92427ae41e4649b934ca495991b7852b855
preparation_raw/chr22_500_guide_404.crisprapido_k0.paf	105	e0db171417b9d617b25a64277096c843a4bac7911334e46ccc8a3338fdf0c0f5
preparation_raw/chr22_500_guide_404.crisprapido_k0.stderr.txt	0	e3b0c44298fc1c149afbf4c8996fb92427ae41e4649b934ca495991b7852b855
preparation_raw/chr22_500_guide_404.crisprapido_k0.stdout.txt	0	e3b0c44298fc1c149afbf4c8996fb92427ae41e4649b934ca495991b7852b855
preparation_raw/chr22_500_guide_405.columba_k0.log	2773	2f97efd79225d779c3ab041c6d8d3d56d293b2583ca17f3e7971caa072b3d469
preparation_raw/chr22_500_guide_405.columba_k0.sam	924	d5ae3562df2ca82aa05a36d6b2538f911d70b197026577ae35c862a7b85d50a2
preparation_raw/chr22_500_guide_405.columba_k0.stderr.txt	0	e3b0c44298fc1c149afbf4c8996fb92427ae41e4649b934ca495991b7852b855
preparation_raw/chr22_500_guide_405.columba_k0.stdout.txt	0	e3b0c44298fc1c149afbf4c8996fb92427ae41e4649b934ca495991b7852b855
preparation_raw/chr22_500_guide_405.crisprapido_k0.paf	105	cebf7e3029d3a982f749b89ca2db37b792c9dfc740df15d8104eec43988409fc
preparation_raw/chr22_500_guide_405.crisprapido_k0.stderr.txt	0	e3b0c44298fc1c149afbf4c8996fb92427ae41e4649b934ca495991b7852b855
preparation_raw/chr22_500_guide_405.crisprapido_k0.stdout.txt	0	e3b0c44298fc1c149afbf4c8996fb92427ae41e4649b934ca495991b7852b855
preparation_raw/chr22_500_guide_406.columba_k0.log	2773	2e64a3ef3906039657598715cd2797a3d9a059ebb0178e0024ab459f58e637ac
preparation_raw/chr22_500_guide_406.columba_k0.sam	924	7e245f37bc43b14743b8dac01fb8ad0db35e42b03ed4b9751861a8252264d292
preparation_raw/chr22_500_guide_406.columba_k0.stderr.txt	0	e3b0c44298fc1c149afbf4c8996fb92427ae41e4649b934ca495991b7852b855
preparation_raw/chr22_500_guide_406.columba_k0.stdout.txt	0	e3b0c44298fc1c149afbf4c8996fb92427ae41e4649b934ca495991b7852b855
preparation_raw/chr22_500_guide_406.crisprapido_k0.paf	105	01fd169b93a95edc4956f61dcb9cd8ef7872958fc48ea50bc5f16e92ae9e7cc7
preparation_raw/chr22_500_guide_406.crisprapido_k0.stderr.txt	0	e3b0c44298fc1c149afbf4c8996fb92427ae41e4649b934ca495991b7852b855
preparation_raw/chr22_500_guide_406.crisprapido_k0.stdout.txt	0	e3b0c44298fc1c149afbf4c8996fb92427ae41e4649b934ca495991b7852b855
preparation_raw/chr22_500_guide_407.columba_k0.log	2773	fa48e6ef438d1e5df68b909e85e46758d3b49fe5d1d80cc750dd105f5a3f8963
preparation_raw/chr22_500_guide_407.columba_k0.sam	924	a960446d9feb870f73c163aefde0f9c9c52652ee57e48f7d2d16b3ee5e5bde52
preparation_raw/chr22_500_guide_407.columba_k0.stderr.txt	0	e3b0c44298fc1c149afbf4c8996fb92427ae41e4649b934ca495991b7852b855
preparation_raw/chr22_500_guide_407.columba_k0.stdout.txt	0	e3b0c44298fc1c149afbf4c8996fb92427ae41e4649b934ca495991b7852b855
preparation_raw/chr22_500_guide_407.crisprapido_k0.paf	105	4efa47f300dbac5583b98c9f2679ad02d98d6d8e72976d6e2a1249fe2d685eb4
preparation_raw/chr22_500_guide_407.crisprapido_k0.stderr.txt	0	e3b0c44298fc1c149afbf4c8996fb92427ae41e4649b934ca495991b7852b855
preparation_raw/chr22_500_guide_407.crisprapido_k0.stdout.txt	0	e3b0c44298fc1c149afbf4c8996fb92427ae41e4649b934ca495991b7852b855
preparation_raw/chr22_500_guide_408.columba_k0.log	2773	4030a40e6b4616bd0183e112810243acd5a52e06aedb098cd853c83d14403fda
preparation_raw/chr22_500_guide_408.columba_k0.sam	924	ef9bfa6f6dcc308b6580f5fe9716c723bd15952ff8b9508279b7f7118217eb1e
preparation_raw/chr22_500_guide_408.columba_k0.stderr.txt	0	e3b0c44298fc1c149afbf4c8996fb92427ae41e4649b934ca495991b7852b855
preparation_raw/chr22_500_guide_408.columba_k0.stdout.txt	0	e3b0c44298fc1c149afbf4c8996fb92427ae41e4649b934ca495991b7852b855
preparation_raw/chr22_500_guide_408.crisprapido_k0.paf	105	8aa0d629b648d54d65dead9f626b4f79b04416d14abcb761ce6f8afd4c8d5a02
preparation_raw/chr22_500_guide_408.crisprapido_k0.stderr.txt	0	e3b0c44298fc1c149afbf4c8996fb92427ae41e4649b934ca495991b7852b855
preparation_raw/chr22_500_guide_408.crisprapido_k0.stdout.txt	0	e3b0c44298fc1c149afbf4c8996fb92427ae41e4649b934ca495991b7852b855
preparation_raw/chr22_500_guide_409.columba_k0.log	2773	bce3863cc65b695494e3ff120cec4b32832266f8715a3080d941343570b9451f
preparation_raw/chr22_500_guide_409.columba_k0.sam	924	8efe2cd66d9501da85512966426207548296d33209fc77ff1d45d0a7715cfb06
preparation_raw/chr22_500_guide_409.columba_k0.stderr.txt	0	e3b0c44298fc1c149afbf4c8996fb92427ae41e4649b934ca495991b7852b855
preparation_raw/chr22_500_guide_409.columba_k0.stdout.txt	0	e3b0c44298fc1c149afbf4c8996fb92427ae41e4649b934ca495991b7852b855
preparation_raw/chr22_500_guide_409.crisprapido_k0.paf	105	2b4fb62fff6dc125549ec78c24c4284e9baefb167f735d57c29fb7fa1377fd37
preparation_raw/chr22_500_guide_409.crisprapido_k0.stderr.txt	0	e3b0c44298fc1c149afbf4c8996fb92427ae41e4649b934ca495991b7852b855
preparation_raw/chr22_500_guide_409.crisprapido_k0.stdout.txt	0	e3b0c44298fc1c149afbf4c8996fb92427ae41e4649b934ca495991b7852b855
preparation_raw/chr22_500_guide_410.columba_k0.log	2773	cd98eac98f7ee336ac0b7412d08aeeb4812d8ead4cf52de246921b899f791c7a
preparation_raw/chr22_500_guide_410.columba_k0.sam	1002	90d306d7c8120b768f3af461bdd0a89249deb25d461050136e3bdfb19c12f785
preparation_raw/chr22_500_guide_410.columba_k0.stderr.txt	0	e3b0c44298fc1c149afbf4c8996fb92427ae41e4649b934ca495991b7852b855
preparation_raw/chr22_500_guide_410.columba_k0.stdout.txt	0	e3b0c44298fc1c149afbf4c8996fb92427ae41e4649b934ca495991b7852b855
preparation_raw/chr22_500_guide_410.crisprapido_k0.paf	210	bac3caf46f31030ff237435a456d84e6e48abf06f444f4d03d45951aaf1c47f9
preparation_raw/chr22_500_guide_410.crisprapido_k0.stderr.txt	0	e3b0c44298fc1c149afbf4c8996fb92427ae41e4649b934ca495991b7852b855
preparation_raw/chr22_500_guide_410.crisprapido_k0.stdout.txt	0	e3b0c44298fc1c149afbf4c8996fb92427ae41e4649b934ca495991b7852b855
preparation_raw/chr22_500_guide_411.columba_k0.log	2775	a4b1a0a8a4f18bb8ab904cd4b72c853c5205d9db0192f210b599776c7a57a915
preparation_raw/chr22_500_guide_411.columba_k0.sam	3134	4b846d8b057c1ddf725c0055a4eaf22c80b51823e078b1d0771fbefd2519def0
preparation_raw/chr22_500_guide_411.columba_k0.stderr.txt	0	e3b0c44298fc1c149afbf4c8996fb92427ae41e4649b934ca495991b7852b855
preparation_raw/chr22_500_guide_411.columba_k0.stdout.txt	0	e3b0c44298fc1c149afbf4c8996fb92427ae41e4649b934ca495991b7852b855
preparation_raw/chr22_500_guide_411.crisprapido_k0.paf	2923	11c25801e19708a68c46b8527c0d1a31a8c67f9aaaddc1f35f95ecd3b081e4a6
preparation_raw/chr22_500_guide_411.crisprapido_k0.stderr.txt	450	21041f119534911b57df8bda672369f2343b04acabdec22633a47d701b91197d
preparation_raw/chr22_500_guide_411.crisprapido_k0.stdout.txt	0	e3b0c44298fc1c149afbf4c8996fb92427ae41e4649b934ca495991b7852b855
preparation_raw/chr22_500_guide_412.columba_k0.log	2773	5f122dc4f1fe1eb18efb180ca55aa4e19a2e6a62b9e28de2db40c07e0a7a1997
preparation_raw/chr22_500_guide_412.columba_k0.sam	924	eb8111321cefad0d6385f58a04e3b6678764b8ae6129bf27e56106f11982d5c3
preparation_raw/chr22_500_guide_412.columba_k0.stderr.txt	0	e3b0c44298fc1c149afbf4c8996fb92427ae41e4649b934ca495991b7852b855
preparation_raw/chr22_500_guide_412.columba_k0.stdout.txt	0	e3b0c44298fc1c149afbf4c8996fb92427ae41e4649b934ca495991b7852b855
preparation_raw/chr22_500_guide_412.crisprapido_k0.paf	105	a5d9b485bdbd95b3d57e7fb2f93ae7182e8d5b98487f43436c651dd0516b9fc4
preparation_raw/chr22_500_guide_412.crisprapido_k0.stderr.txt	0	e3b0c44298fc1c149afbf4c8996fb92427ae41e4649b934ca495991b7852b855
preparation_raw/chr22_500_guide_412.crisprapido_k0.stdout.txt	0	e3b0c44298fc1c149afbf4c8996fb92427ae41e4649b934ca495991b7852b855
preparation_raw/chr22_500_guide_413.columba_k0.log	2773	1101aa7e336afb72f2ff14419b3429324aa60d6829ca23fc4aac28c6246e590e
preparation_raw/chr22_500_guide_413.columba_k0.sam	924	20557a11188bf4a7173ff2e71ab1596d9a0d85c394d0505f26890aabe5b64362
preparation_raw/chr22_500_guide_413.columba_k0.stderr.txt	0	e3b0c44298fc1c149afbf4c8996fb92427ae41e4649b934ca495991b7852b855
preparation_raw/chr22_500_guide_413.columba_k0.stdout.txt	0	e3b0c44298fc1c149afbf4c8996fb92427ae41e4649b934ca495991b7852b855
preparation_raw/chr22_500_guide_413.crisprapido_k0.paf	105	1da030b92202db00fdf4fa746fa0de1c56a74c6415d7abf8e6e634730c0990ca
preparation_raw/chr22_500_guide_413.crisprapido_k0.stderr.txt	0	e3b0c44298fc1c149afbf4c8996fb92427ae41e4649b934ca495991b7852b855
preparation_raw/chr22_500_guide_413.crisprapido_k0.stdout.txt	0	e3b0c44298fc1c149afbf4c8996fb92427ae41e4649b934ca495991b7852b855
preparation_raw/chr22_500_guide_414.columba_k0.log	2773	4f7e7670756d55e1b656a8a69e3d9d1a25141e07813de898c799684313441753
preparation_raw/chr22_500_guide_414.columba_k0.sam	924	815c78cafd8b3d868ccbdd0029d7eda4515f75c99cba79b267213cb0cc59e782
preparation_raw/chr22_500_guide_414.columba_k0.stderr.txt	0	e3b0c44298fc1c149afbf4c8996fb92427ae41e4649b934ca495991b7852b855
preparation_raw/chr22_500_guide_414.columba_k0.stdout.txt	0	e3b0c44298fc1c149afbf4c8996fb92427ae41e4649b934ca495991b7852b855
preparation_raw/chr22_500_guide_414.crisprapido_k0.paf	105	dc18e7565a147dc0468401f11a1aec5c441da305cffc4f6068bf0abbeec51b24
preparation_raw/chr22_500_guide_414.crisprapido_k0.stderr.txt	0	e3b0c44298fc1c149afbf4c8996fb92427ae41e4649b934ca495991b7852b855
preparation_raw/chr22_500_guide_414.crisprapido_k0.stdout.txt	0	e3b0c44298fc1c149afbf4c8996fb92427ae41e4649b934ca495991b7852b855
preparation_raw/chr22_500_guide_415.columba_k0.log	2773	62b57977e5e5fae8b2c7de9e9fc2a00dd9a82bf82c2f79da059ff50dbe6ab0bc
preparation_raw/chr22_500_guide_415.columba_k0.sam	924	ea30e63841f56e9093c19cccfc01eda509bab311c19033ab20585fee6d642724
preparation_raw/chr22_500_guide_415.columba_k0.stderr.txt	0	e3b0c44298fc1c149afbf4c8996fb92427ae41e4649b934ca495991b7852b855
preparation_raw/chr22_500_guide_415.columba_k0.stdout.txt	0	e3b0c44298fc1c149afbf4c8996fb92427ae41e4649b934ca495991b7852b855
preparation_raw/chr22_500_guide_415.crisprapido_k0.paf	105	8e4f5083c2024a772ae064b2a50dda44f56d59a9eb501cc86d2d66e0f1289d35
preparation_raw/chr22_500_guide_415.crisprapido_k0.stderr.txt	0	e3b0c44298fc1c149afbf4c8996fb92427ae41e4649b934ca495991b7852b855
preparation_raw/chr22_500_guide_415.crisprapido_k0.stdout.txt	0	e3b0c44298fc1c149afbf4c8996fb92427ae41e4649b934ca495991b7852b855
preparation_raw/chr22_500_guide_416.columba_k0.log	2773	8d88de03150f710909f80f7d25f4c034e103dac9f5390c3bd667c14456e7c4af
preparation_raw/chr22_500_guide_416.columba_k0.sam	924	340857b45475d8aa957c87c15650f81fc01f263df290868d9991a9adde992b69
preparation_raw/chr22_500_guide_416.columba_k0.stderr.txt	0	e3b0c44298fc1c149afbf4c8996fb92427ae41e4649b934ca495991b7852b855
preparation_raw/chr22_500_guide_416.columba_k0.stdout.txt	0	e3b0c44298fc1c149afbf4c8996fb92427ae41e4649b934ca495991b7852b855
preparation_raw/chr22_500_guide_416.crisprapido_k0.paf	105	4ad6a29fbc0b47bcfe2c01e5aa0dadb830813fb301aa125f8326472a10dc2471
preparation_raw/chr22_500_guide_416.crisprapido_k0.stderr.txt	0	e3b0c44298fc1c149afbf4c8996fb92427ae41e4649b934ca495991b7852b855
preparation_raw/chr22_500_guide_416.crisprapido_k0.stdout.txt	0	e3b0c44298fc1c149afbf4c8996fb92427ae41e4649b934ca495991b7852b855
preparation_raw/chr22_500_guide_417.columba_k0.log	2773	46b12e68d618aed59a172d3d074afafc6f8af11e494172ee3b489e317aea774b
preparation_raw/chr22_500_guide_417.columba_k0.sam	924	500c87254aba77442e63b07e40275ddd0ffaaa2fc9451d7f997faaa515f34585
preparation_raw/chr22_500_guide_417.columba_k0.stderr.txt	0	e3b0c44298fc1c149afbf4c8996fb92427ae41e4649b934ca495991b7852b855
preparation_raw/chr22_500_guide_417.columba_k0.stdout.txt	0	e3b0c44298fc1c149afbf4c8996fb92427ae41e4649b934ca495991b7852b855
preparation_raw/chr22_500_guide_417.crisprapido_k0.paf	105	62cc8aeb4bf28a1df53587ae2f74a5e6f1288ede9db90aee0f72abe8f5f3a9b6
preparation_raw/chr22_500_guide_417.crisprapido_k0.stderr.txt	0	e3b0c44298fc1c149afbf4c8996fb92427ae41e4649b934ca495991b7852b855
preparation_raw/chr22_500_guide_417.crisprapido_k0.stdout.txt	0	e3b0c44298fc1c149afbf4c8996fb92427ae41e4649b934ca495991b7852b855
preparation_raw/chr22_500_guide_418.columba_k0.log	2772	057841098312227d1894cdc65753888e08caaa3437dec65af16ac9defbca4a06
preparation_raw/chr22_500_guide_418.columba_k0.sam	1002	99ac8f2a1b540464b853ed479b8a4512378ba5e92062be25d5c6d3ff23ef4643
preparation_raw/chr22_500_guide_418.columba_k0.stderr.txt	0	e3b0c44298fc1c149afbf4c8996fb92427ae41e4649b934ca495991b7852b855
preparation_raw/chr22_500_guide_418.columba_k0.stdout.txt	0	e3b0c44298fc1c149afbf4c8996fb92427ae41e4649b934ca495991b7852b855
preparation_raw/chr22_500_guide_418.crisprapido_k0.paf	210	46b192b2f55e6f52fef2d1f863bd8cd33ae4ad9e7135d8afba848e42b55653a5
preparation_raw/chr22_500_guide_418.crisprapido_k0.stderr.txt	0	e3b0c44298fc1c149afbf4c8996fb92427ae41e4649b934ca495991b7852b855
preparation_raw/chr22_500_guide_418.crisprapido_k0.stdout.txt	0	e3b0c44298fc1c149afbf4c8996fb92427ae41e4649b934ca495991b7852b855
preparation_raw/chr22_500_guide_419.columba_k0.log	2773	639d1a1e1db265f1ba725f8129d746e575c641fdbbc88a5c774c1e81dfff077d
preparation_raw/chr22_500_guide_419.columba_k0.sam	924	d0119fc030564fce79a3edb4d0a537749cf7609355596026874fe1445719b780
preparation_raw/chr22_500_guide_419.columba_k0.stderr.txt	0	e3b0c44298fc1c149afbf4c8996fb92427ae41e4649b934ca495991b7852b855
preparation_raw/chr22_500_guide_419.columba_k0.stdout.txt	0	e3b0c44298fc1c149afbf4c8996fb92427ae41e4649b934ca495991b7852b855
preparation_raw/chr22_500_guide_419.crisprapido_k0.paf	105	8b4d19c546d86b7a041d4cab724163d2f559d5bbd6dec136726c5a5edeb6eee1
preparation_raw/chr22_500_guide_419.crisprapido_k0.stderr.txt	0	e3b0c44298fc1c149afbf4c8996fb92427ae41e4649b934ca495991b7852b855
preparation_raw/chr22_500_guide_419.crisprapido_k0.stdout.txt	0	e3b0c44298fc1c149afbf4c8996fb92427ae41e4649b934ca495991b7852b855
preparation_raw/chr22_500_guide_420.columba_k0.log	2773	ec168993c991d5917976bb350c793c470c0084ec3a7d6cde811e8ad77f323344
preparation_raw/chr22_500_guide_420.columba_k0.sam	1002	b125b9fd9064fcbcb335f2dca8f62cda0fe7f643abc5052a4fafaa60271c7f34
preparation_raw/chr22_500_guide_420.columba_k0.stderr.txt	0	e3b0c44298fc1c149afbf4c8996fb92427ae41e4649b934ca495991b7852b855
preparation_raw/chr22_500_guide_420.columba_k0.stdout.txt	0	e3b0c44298fc1c149afbf4c8996fb92427ae41e4649b934ca495991b7852b855
preparation_raw/chr22_500_guide_420.crisprapido_k0.paf	210	4161d1a29c13675bf0c5d4100330ba8edcee16a5f0d512c84a7afdd370979671
preparation_raw/chr22_500_guide_420.crisprapido_k0.stderr.txt	0	e3b0c44298fc1c149afbf4c8996fb92427ae41e4649b934ca495991b7852b855
preparation_raw/chr22_500_guide_420.crisprapido_k0.stdout.txt	0	e3b0c44298fc1c149afbf4c8996fb92427ae41e4649b934ca495991b7852b855
preparation_raw/chr22_500_guide_421.columba_k0.log	2772	56d770449836410d67b4cc1828cf2ab4d7c2401a435e0b2f3d591bf826a02628
preparation_raw/chr22_500_guide_421.columba_k0.sam	924	c106b33a84667bd4ad615c71247392aed57da45a047c273ca71bb8b63f2c8efa
preparation_raw/chr22_500_guide_421.columba_k0.stderr.txt	0	e3b0c44298fc1c149afbf4c8996fb92427ae41e4649b934ca495991b7852b855
preparation_raw/chr22_500_guide_421.columba_k0.stdout.txt	0	e3b0c44298fc1c149afbf4c8996fb92427ae41e4649b934ca495991b7852b855
preparation_raw/chr22_500_guide_421.crisprapido_k0.paf	105	3ba3e489a7c5f713b397d2b4ed844ea03cc79d192eecd9b3d4dd6f641a9faaa7
preparation_raw/chr22_500_guide_421.crisprapido_k0.stderr.txt	0	e3b0c44298fc1c149afbf4c8996fb92427ae41e4649b934ca495991b7852b855
preparation_raw/chr22_500_guide_421.crisprapido_k0.stdout.txt	0	e3b0c44298fc1c149afbf4c8996fb92427ae41e4649b934ca495991b7852b855
preparation_raw/chr22_500_guide_422.columba_k0.log	2773	6c9ed5c0cbf31c4bb84c524ffd6ae9c3217fc8f68c6d2fbbb018e7d1a2991704
preparation_raw/chr22_500_guide_422.columba_k0.sam	924	9e4e8859c182c43e6f7e2381a68a5355f5bcec8dd4f84b477d6fc068f03d44a8
preparation_raw/chr22_500_guide_422.columba_k0.stderr.txt	0	e3b0c44298fc1c149afbf4c8996fb92427ae41e4649b934ca495991b7852b855
preparation_raw/chr22_500_guide_422.columba_k0.stdout.txt	0	e3b0c44298fc1c149afbf4c8996fb92427ae41e4649b934ca495991b7852b855
preparation_raw/chr22_500_guide_422.crisprapido_k0.paf	105	74f7bfc97917deba60e95a8399ef8fbff447e5f4e1b6b1e47056138b7ff1ee06
preparation_raw/chr22_500_guide_422.crisprapido_k0.stderr.txt	0	e3b0c44298fc1c149afbf4c8996fb92427ae41e4649b934ca495991b7852b855
preparation_raw/chr22_500_guide_422.crisprapido_k0.stdout.txt	0	e3b0c44298fc1c149afbf4c8996fb92427ae41e4649b934ca495991b7852b855
preparation_raw/chr22_500_guide_423.columba_k0.log	2773	5cae87b513bbce41c60d7fab6547872239aae2a7af884b92e6f6a0f981f8e507
preparation_raw/chr22_500_guide_423.columba_k0.sam	924	7827b0343f4d4c5e2a8b57c69ffd15f32e133fd110b490721fd2d1f326f4d503
preparation_raw/chr22_500_guide_423.columba_k0.stderr.txt	0	e3b0c44298fc1c149afbf4c8996fb92427ae41e4649b934ca495991b7852b855
preparation_raw/chr22_500_guide_423.columba_k0.stdout.txt	0	e3b0c44298fc1c149afbf4c8996fb92427ae41e4649b934ca495991b7852b855
preparation_raw/chr22_500_guide_423.crisprapido_k0.paf	105	886f21508ef43139da65b3307d412b9c43af12390fb60b152be51f2961337117
preparation_raw/chr22_500_guide_423.crisprapido_k0.stderr.txt	0	e3b0c44298fc1c149afbf4c8996fb92427ae41e4649b934ca495991b7852b855
preparation_raw/chr22_500_guide_423.crisprapido_k0.stdout.txt	0	e3b0c44298fc1c149afbf4c8996fb92427ae41e4649b934ca495991b7852b855
preparation_raw/chr22_500_guide_424.columba_k0.log	2773	5440b487b8850640a63322bf270a5b878e0575b8d71795f4da505cf234112312
preparation_raw/chr22_500_guide_424.columba_k0.sam	924	a0fd83551ef35d53ea7670a0b756aad5d2b2b9243fb1fab4d8658dd01e214147
preparation_raw/chr22_500_guide_424.columba_k0.stderr.txt	0	e3b0c44298fc1c149afbf4c8996fb92427ae41e4649b934ca495991b7852b855
preparation_raw/chr22_500_guide_424.columba_k0.stdout.txt	0	e3b0c44298fc1c149afbf4c8996fb92427ae41e4649b934ca495991b7852b855
preparation_raw/chr22_500_guide_424.crisprapido_k0.paf	105	532477fc4faa3f4f69315f7dba2d04ab90953c2c448e147b198a08dd360f39fc
preparation_raw/chr22_500_guide_424.crisprapido_k0.stderr.txt	0	e3b0c44298fc1c149afbf4c8996fb92427ae41e4649b934ca495991b7852b855
preparation_raw/chr22_500_guide_424.crisprapido_k0.stdout.txt	0	e3b0c44298fc1c149afbf4c8996fb92427ae41e4649b934ca495991b7852b855
preparation_raw/chr22_500_guide_425.columba_k0.log	2772	fb6efdfd9bc6a484e83d15f6f875081c27470828cf88830351b9e37e14e886c1
preparation_raw/chr22_500_guide_425.columba_k0.sam	924	24307f1de678ecf1401c78f1bedbd7d956f112ae3a170f1cbd884e781a75f51f
preparation_raw/chr22_500_guide_425.columba_k0.stderr.txt	0	e3b0c44298fc1c149afbf4c8996fb92427ae41e4649b934ca495991b7852b855
preparation_raw/chr22_500_guide_425.columba_k0.stdout.txt	0	e3b0c44298fc1c149afbf4c8996fb92427ae41e4649b934ca495991b7852b855
preparation_raw/chr22_500_guide_425.crisprapido_k0.paf	105	faeff617f365f7f7cd0dd00c539f34b67b3dd81f82a85e89c41ed578516099f5
preparation_raw/chr22_500_guide_425.crisprapido_k0.stderr.txt	0	e3b0c44298fc1c149afbf4c8996fb92427ae41e4649b934ca495991b7852b855
preparation_raw/chr22_500_guide_425.crisprapido_k0.stdout.txt	0	e3b0c44298fc1c149afbf4c8996fb92427ae41e4649b934ca495991b7852b855
preparation_raw/chr22_500_guide_426.columba_k0.log	2773	678d37c292d24e0ec41b68b9a6e4f714d4630f31f2cb777c57186b4ec945b8a5
preparation_raw/chr22_500_guide_426.columba_k0.sam	924	16251808e73aed3bc8239eb340878262ecfee9d01dcbb5fe13adf3be13a154e3
preparation_raw/chr22_500_guide_426.columba_k0.stderr.txt	0	e3b0c44298fc1c149afbf4c8996fb92427ae41e4649b934ca495991b7852b855
preparation_raw/chr22_500_guide_426.columba_k0.stdout.txt	0	e3b0c44298fc1c149afbf4c8996fb92427ae41e4649b934ca495991b7852b855
preparation_raw/chr22_500_guide_426.crisprapido_k0.paf	105	395d0cbf64200bcb6eca014619ea92462c25e08973e7212d07f4d64d62a51189
preparation_raw/chr22_500_guide_426.crisprapido_k0.stderr.txt	0	e3b0c44298fc1c149afbf4c8996fb92427ae41e4649b934ca495991b7852b855
preparation_raw/chr22_500_guide_426.crisprapido_k0.stdout.txt	0	e3b0c44298fc1c149afbf4c8996fb92427ae41e4649b934ca495991b7852b855
preparation_raw/chr22_500_guide_427.columba_k0.log	2773	10abba580d49218ba36217d2471b9331d4c27ff95b7b367bf0e697d805b215dc
preparation_raw/chr22_500_guide_427.columba_k0.sam	924	f974e5fe7cd3dc728d2ea56094dc8feaa2c67cd06c0d40caa86be66aaffbcd0d
preparation_raw/chr22_500_guide_427.columba_k0.stderr.txt	0	e3b0c44298fc1c149afbf4c8996fb92427ae41e4649b934ca495991b7852b855
preparation_raw/chr22_500_guide_427.columba_k0.stdout.txt	0	e3b0c44298fc1c149afbf4c8996fb92427ae41e4649b934ca495991b7852b855
preparation_raw/chr22_500_guide_427.crisprapido_k0.paf	105	36112c32c710f17d0fbd10979505f5d7a5215cd2ad64520ac74f8b537266216c
preparation_raw/chr22_500_guide_427.crisprapido_k0.stderr.txt	0	e3b0c44298fc1c149afbf4c8996fb92427ae41e4649b934ca495991b7852b855
preparation_raw/chr22_500_guide_427.crisprapido_k0.stdout.txt	0	e3b0c44298fc1c149afbf4c8996fb92427ae41e4649b934ca495991b7852b855
preparation_raw/chr22_500_guide_428.columba_k0.log	2772	46ad22d9c3f9d69ed64da4f03b05c603021166a2a4cab4ac2d04604e48b7d4e0
preparation_raw/chr22_500_guide_428.columba_k0.sam	924	a6d58b32c6c77c4720ea32922ec4dddc2eb96e46cefd228f8820610eef1e692a
preparation_raw/chr22_500_guide_428.columba_k0.stderr.txt	0	e3b0c44298fc1c149afbf4c8996fb92427ae41e4649b934ca495991b7852b855
preparation_raw/chr22_500_guide_428.columba_k0.stdout.txt	0	e3b0c44298fc1c149afbf4c8996fb92427ae41e4649b934ca495991b7852b855
preparation_raw/chr22_500_guide_428.crisprapido_k0.paf	105	b49d937c3f713b95c07b0df4983659c5531f5062b2c8b309c93edf95c5d33253
preparation_raw/chr22_500_guide_428.crisprapido_k0.stderr.txt	0	e3b0c44298fc1c149afbf4c8996fb92427ae41e4649b934ca495991b7852b855
preparation_raw/chr22_500_guide_428.crisprapido_k0.stdout.txt	0	e3b0c44298fc1c149afbf4c8996fb92427ae41e4649b934ca495991b7852b855
preparation_raw/chr22_500_guide_429.columba_k0.log	2773	d774538ed338f014dabbfd23936e14cd469d921949f046802a0a1db8464c8514
preparation_raw/chr22_500_guide_429.columba_k0.sam	924	32e1d9955312c056f76643ad65b1b4dc08bba0b22514c0e62ec27eb4de0a4575
preparation_raw/chr22_500_guide_429.columba_k0.stderr.txt	0	e3b0c44298fc1c149afbf4c8996fb92427ae41e4649b934ca495991b7852b855
preparation_raw/chr22_500_guide_429.columba_k0.stdout.txt	0	e3b0c44298fc1c149afbf4c8996fb92427ae41e4649b934ca495991b7852b855
preparation_raw/chr22_500_guide_429.crisprapido_k0.paf	105	2ec43a3a14908487e4da93624a407c3b7f19272d01e1812f2764b52f28ae9ae9
preparation_raw/chr22_500_guide_429.crisprapido_k0.stderr.txt	0	e3b0c44298fc1c149afbf4c8996fb92427ae41e4649b934ca495991b7852b855
preparation_raw/chr22_500_guide_429.crisprapido_k0.stdout.txt	0	e3b0c44298fc1c149afbf4c8996fb92427ae41e4649b934ca495991b7852b855
preparation_raw/chr22_500_guide_430.columba_k0.log	2773	5c728875011b8813b822007b5500c6ae874e2802f07d22b2332d699208f9e452
preparation_raw/chr22_500_guide_430.columba_k0.sam	924	b722218c1de106777c12101504d2bf9de70a5490af0f1475248d3a056a68f01a
preparation_raw/chr22_500_guide_430.columba_k0.stderr.txt	0	e3b0c44298fc1c149afbf4c8996fb92427ae41e4649b934ca495991b7852b855
preparation_raw/chr22_500_guide_430.columba_k0.stdout.txt	0	e3b0c44298fc1c149afbf4c8996fb92427ae41e4649b934ca495991b7852b855
preparation_raw/chr22_500_guide_430.crisprapido_k0.paf	105	a39d953b063860baaa128981774a27431eda978fc37949bc65f2cb01ed3bc55a
preparation_raw/chr22_500_guide_430.crisprapido_k0.stderr.txt	0	e3b0c44298fc1c149afbf4c8996fb92427ae41e4649b934ca495991b7852b855
preparation_raw/chr22_500_guide_430.crisprapido_k0.stdout.txt	0	e3b0c44298fc1c149afbf4c8996fb92427ae41e4649b934ca495991b7852b855
preparation_raw/chr22_500_guide_431.columba_k0.log	2772	76704c394b94b1ab544ef18b3889f016f00ce321081a3cdf45a06b36d5d7b808
preparation_raw/chr22_500_guide_431.columba_k0.sam	924	732342ac8fd63151468345fe29d8a3014532977896bab271d1fd7bbe40c1e4b1
preparation_raw/chr22_500_guide_431.columba_k0.stderr.txt	0	e3b0c44298fc1c149afbf4c8996fb92427ae41e4649b934ca495991b7852b855
preparation_raw/chr22_500_guide_431.columba_k0.stdout.txt	0	e3b0c44298fc1c149afbf4c8996fb92427ae41e4649b934ca495991b7852b855
preparation_raw/chr22_500_guide_431.crisprapido_k0.paf	105	4e671a38249a3b235de336c42d1952eb9cbfb6883be90588a0a03c1c10b6bebb
preparation_raw/chr22_500_guide_431.crisprapido_k0.stderr.txt	0	e3b0c44298fc1c149afbf4c8996fb92427ae41e4649b934ca495991b7852b855
preparation_raw/chr22_500_guide_431.crisprapido_k0.stdout.txt	0	e3b0c44298fc1c149afbf4c8996fb92427ae41e4649b934ca495991b7852b855
preparation_raw/chr22_500_guide_432.columba_k0.log	2774	d416d6a3954e9acc0afda187e0077e70ab08ed4542a4b9c2fa6209d0a5086f19
preparation_raw/chr22_500_guide_432.columba_k0.sam	924	ca209df98e6d5df03f22bc3ebff961110b18be16ab32403a62e5d2c55eba5faf
preparation_raw/chr22_500_guide_432.columba_k0.stderr.txt	0	e3b0c44298fc1c149afbf4c8996fb92427ae41e4649b934ca495991b7852b855
preparation_raw/chr22_500_guide_432.columba_k0.stdout.txt	0	e3b0c44298fc1c149afbf4c8996fb92427ae41e4649b934ca495991b7852b855
preparation_raw/chr22_500_guide_432.crisprapido_k0.paf	105	32298278cb6ff6636d2515a3c62ad9ef6a2566d429dc65a2563a46e879c0f415
preparation_raw/chr22_500_guide_432.crisprapido_k0.stderr.txt	0	e3b0c44298fc1c149afbf4c8996fb92427ae41e4649b934ca495991b7852b855
preparation_raw/chr22_500_guide_432.crisprapido_k0.stdout.txt	0	e3b0c44298fc1c149afbf4c8996fb92427ae41e4649b934ca495991b7852b855
preparation_raw/chr22_500_guide_433.columba_k0.log	2774	31d4ba4936312bed9da26cfb66ed9da9e385346e880c8ed64e3bb57dc69d527b
preparation_raw/chr22_500_guide_433.columba_k0.sam	924	fd7f9cd094e3593f17c7eeb7ec6a3d418400ec2559f7fe2d71de9dd43b9b07c6
preparation_raw/chr22_500_guide_433.columba_k0.stderr.txt	0	e3b0c44298fc1c149afbf4c8996fb92427ae41e4649b934ca495991b7852b855
preparation_raw/chr22_500_guide_433.columba_k0.stdout.txt	0	e3b0c44298fc1c149afbf4c8996fb92427ae41e4649b934ca495991b7852b855
preparation_raw/chr22_500_guide_433.crisprapido_k0.paf	105	b0ac96ff7fb65c2b077c7ca0abdb4cf01a9fde549a5665d6855c4c0f76158842
preparation_raw/chr22_500_guide_433.crisprapido_k0.stderr.txt	0	e3b0c44298fc1c149afbf4c8996fb92427ae41e4649b934ca495991b7852b855
preparation_raw/chr22_500_guide_433.crisprapido_k0.stdout.txt	0	e3b0c44298fc1c149afbf4c8996fb92427ae41e4649b934ca495991b7852b855
preparation_raw/chr22_500_guide_434.columba_k0.log	2773	75a49f0e61efb9c965a9754fe49eac0c72358020674275b9b4e8f7f15837b2cd
preparation_raw/chr22_500_guide_434.columba_k0.sam	1081	0efd5cc12b0954224b7a1b64a35d7c356a532f5f7d811e9df8d8e9232a2b6a65
preparation_raw/chr22_500_guide_434.columba_k0.stderr.txt	0	e3b0c44298fc1c149afbf4c8996fb92427ae41e4649b934ca495991b7852b855
preparation_raw/chr22_500_guide_434.columba_k0.stdout.txt	0	e3b0c44298fc1c149afbf4c8996fb92427ae41e4649b934ca495991b7852b855
preparation_raw/chr22_500_guide_434.crisprapido_k0.paf	303	e3d40e0d35d2d27016131e6bd8d5759556e9ee8e31fd9dfc51e47c97b94443ec
preparation_raw/chr22_500_guide_434.crisprapido_k0.stderr.txt	45	ecd997460eff8b19bac120208f47edd7be53e3371027aaa35d95fa07a5e79089
preparation_raw/chr22_500_guide_434.crisprapido_k0.stdout.txt	0	e3b0c44298fc1c149afbf4c8996fb92427ae41e4649b934ca495991b7852b855
preparation_raw/chr22_500_guide_435.columba_k0.log	2773	d1910d56d94d5cba9a46d708efa0ee7ab1bd827ea2bee29022847e76b712dd9e
preparation_raw/chr22_500_guide_435.columba_k0.sam	924	1475eac6112f12b76539a63200169f3f535a5d1fca4c7e9e2c3060383d454d2f
preparation_raw/chr22_500_guide_435.columba_k0.stderr.txt	0	e3b0c44298fc1c149afbf4c8996fb92427ae41e4649b934ca495991b7852b855
preparation_raw/chr22_500_guide_435.columba_k0.stdout.txt	0	e3b0c44298fc1c149afbf4c8996fb92427ae41e4649b934ca495991b7852b855
preparation_raw/chr22_500_guide_435.crisprapido_k0.paf	105	16038bdcd50f85ce0a4ea6efea47731dafa305bb4bacdd999a696aa8fce480a8
preparation_raw/chr22_500_guide_435.crisprapido_k0.stderr.txt	0	e3b0c44298fc1c149afbf4c8996fb92427ae41e4649b934ca495991b7852b855
preparation_raw/chr22_500_guide_435.crisprapido_k0.stdout.txt	0	e3b0c44298fc1c149afbf4c8996fb92427ae41e4649b934ca495991b7852b855
preparation_raw/chr22_500_guide_436.columba_k0.log	2773	8e1a2226fee6496047560cf424d8cf07dcbb76ae5c307be77d16f2f46f4535e1
preparation_raw/chr22_500_guide_436.columba_k0.sam	924	700affd2ec6b293941ec72d43be5b132e782e7558893647788f575b3472e736b
preparation_raw/chr22_500_guide_436.columba_k0.stderr.txt	0	e3b0c44298fc1c149afbf4c8996fb92427ae41e4649b934ca495991b7852b855
preparation_raw/chr22_500_guide_436.columba_k0.stdout.txt	0	e3b0c44298fc1c149afbf4c8996fb92427ae41e4649b934ca495991b7852b855
preparation_raw/chr22_500_guide_436.crisprapido_k0.paf	105	b1ba996fcdf443c50ed85ef5e151eb2c859ed3ad0d425e25cdd737554a74fb66
preparation_raw/chr22_500_guide_436.crisprapido_k0.stderr.txt	0	e3b0c44298fc1c149afbf4c8996fb92427ae41e4649b934ca495991b7852b855
preparation_raw/chr22_500_guide_436.crisprapido_k0.stdout.txt	0	e3b0c44298fc1c149afbf4c8996fb92427ae41e4649b934ca495991b7852b855
preparation_raw/chr22_500_guide_437.columba_k0.log	2773	3af5a140caabfdb9cc758743bc0f0af82803acc46054b36e9240939502c855ed
preparation_raw/chr22_500_guide_437.columba_k0.sam	924	13ba92c446fd31a7f2099a3518b2ae3b095a58cf49f10fe722da8abe28f02130
preparation_raw/chr22_500_guide_437.columba_k0.stderr.txt	0	e3b0c44298fc1c149afbf4c8996fb92427ae41e4649b934ca495991b7852b855
preparation_raw/chr22_500_guide_437.columba_k0.stdout.txt	0	e3b0c44298fc1c149afbf4c8996fb92427ae41e4649b934ca495991b7852b855
preparation_raw/chr22_500_guide_437.crisprapido_k0.paf	105	36e9d38b2d923f897d6e2a53db577c6fd69c1d15750199d51b2165f6f7da9dd4
preparation_raw/chr22_500_guide_437.crisprapido_k0.stderr.txt	0	e3b0c44298fc1c149afbf4c8996fb92427ae41e4649b934ca495991b7852b855
preparation_raw/chr22_500_guide_437.crisprapido_k0.stdout.txt	0	e3b0c44298fc1c149afbf4c8996fb92427ae41e4649b934ca495991b7852b855
preparation_raw/chr22_500_guide_438.columba_k0.log	2774	d76687ef20a13f5a57459d2b48ce83f67afa2ef959275884824e5f2fdd94889c
preparation_raw/chr22_500_guide_438.columba_k0.sam	924	4206bcfc4378f0a4d88596eb6c56bd8c7b49f06acd5e61dba169d2e049b82e9b
preparation_raw/chr22_500_guide_438.columba_k0.stderr.txt	0	e3b0c44298fc1c149afbf4c8996fb92427ae41e4649b934ca495991b7852b855
preparation_raw/chr22_500_guide_438.columba_k0.stdout.txt	0	e3b0c44298fc1c149afbf4c8996fb92427ae41e4649b934ca495991b7852b855
preparation_raw/chr22_500_guide_438.crisprapido_k0.paf	105	7b9ea615f9aa7e046adebd0e63adf8ebdc63c09e2a683a13ae5b9e9457fd8152
preparation_raw/chr22_500_guide_438.crisprapido_k0.stderr.txt	0	e3b0c44298fc1c149afbf4c8996fb92427ae41e4649b934ca495991b7852b855
preparation_raw/chr22_500_guide_438.crisprapido_k0.stdout.txt	0	e3b0c44298fc1c149afbf4c8996fb92427ae41e4649b934ca495991b7852b855
preparation_raw/chr22_500_guide_439.columba_k0.log	2774	adba017c7796115f2cee9a8dc48e36495dd3025e8c00dd45f0aaad95b65fd8ec
preparation_raw/chr22_500_guide_439.columba_k0.sam	924	3cf0f8e287fcc14b0d2381b2fca6d64fcb60c68ad30359915a44eeb429344bd9
preparation_raw/chr22_500_guide_439.columba_k0.stderr.txt	0	e3b0c44298fc1c149afbf4c8996fb92427ae41e4649b934ca495991b7852b855
preparation_raw/chr22_500_guide_439.columba_k0.stdout.txt	0	e3b0c44298fc1c149afbf4c8996fb92427ae41e4649b934ca495991b7852b855
preparation_raw/chr22_500_guide_439.crisprapido_k0.paf	105	0190f0e84eeb95df6b5df5716b62537156b62b0d06f75ce0d84a290b7aa01e5c
preparation_raw/chr22_500_guide_439.crisprapido_k0.stderr.txt	0	e3b0c44298fc1c149afbf4c8996fb92427ae41e4649b934ca495991b7852b855
preparation_raw/chr22_500_guide_439.crisprapido_k0.stdout.txt	0	e3b0c44298fc1c149afbf4c8996fb92427ae41e4649b934ca495991b7852b855
preparation_raw/chr22_500_guide_440.columba_k0.log	2774	4945b2ac39725d6aaefbf3e185e83ba10bdfdbfd7eae2d8afdba5572d93c96ae
preparation_raw/chr22_500_guide_440.columba_k0.sam	924	a57223ea5d37729f821a4fe03305eb48aa72bafac5776ef16b6f0c3f993f4777
preparation_raw/chr22_500_guide_440.columba_k0.stderr.txt	0	e3b0c44298fc1c149afbf4c8996fb92427ae41e4649b934ca495991b7852b855
preparation_raw/chr22_500_guide_440.columba_k0.stdout.txt	0	e3b0c44298fc1c149afbf4c8996fb92427ae41e4649b934ca495991b7852b855
preparation_raw/chr22_500_guide_440.crisprapido_k0.paf	105	4e987bd4a59588a3e2670ef83a8c80580f551f01774158544976def06a148b63
preparation_raw/chr22_500_guide_440.crisprapido_k0.stderr.txt	0	e3b0c44298fc1c149afbf4c8996fb92427ae41e4649b934ca495991b7852b855
preparation_raw/chr22_500_guide_440.crisprapido_k0.stdout.txt	0	e3b0c44298fc1c149afbf4c8996fb92427ae41e4649b934ca495991b7852b855
preparation_raw/chr22_500_guide_441.columba_k0.log	2774	d277fd6bd7f001fccf70295837ac8566b87dac1aba11c8f9d93164b55d1934bd
preparation_raw/chr22_500_guide_441.columba_k0.sam	924	3901a0160ec760205970deed152698810bf3e512bdd7515137952b8e80ed2fde
preparation_raw/chr22_500_guide_441.columba_k0.stderr.txt	0	e3b0c44298fc1c149afbf4c8996fb92427ae41e4649b934ca495991b7852b855
preparation_raw/chr22_500_guide_441.columba_k0.stdout.txt	0	e3b0c44298fc1c149afbf4c8996fb92427ae41e4649b934ca495991b7852b855
preparation_raw/chr22_500_guide_441.crisprapido_k0.paf	105	54ee762514de0802a27df6c1af3fc83fafeedee43a6a9a9f5c8ab4b9ffbc2983
preparation_raw/chr22_500_guide_441.crisprapido_k0.stderr.txt	0	e3b0c44298fc1c149afbf4c8996fb92427ae41e4649b934ca495991b7852b855
preparation_raw/chr22_500_guide_441.crisprapido_k0.stdout.txt	0	e3b0c44298fc1c149afbf4c8996fb92427ae41e4649b934ca495991b7852b855
preparation_raw/chr22_500_guide_442.columba_k0.log	2773	fc80cdb5a5b775a0d3f7edc735e3029f71e2f67cc6438616ca35707d8f936424
preparation_raw/chr22_500_guide_442.columba_k0.sam	924	95ce517030102526662b321c1c373c3b49a45e647edde70e0bb6b28c9a1cd18f
preparation_raw/chr22_500_guide_442.columba_k0.stderr.txt	0	e3b0c44298fc1c149afbf4c8996fb92427ae41e4649b934ca495991b7852b855
preparation_raw/chr22_500_guide_442.columba_k0.stdout.txt	0	e3b0c44298fc1c149afbf4c8996fb92427ae41e4649b934ca495991b7852b855
preparation_raw/chr22_500_guide_442.crisprapido_k0.paf	105	ef3c258a25c35b787ec480cc4cdb3290a24d2941ff110cad9b9e40c1a9c2819c
preparation_raw/chr22_500_guide_442.crisprapido_k0.stderr.txt	0	e3b0c44298fc1c149afbf4c8996fb92427ae41e4649b934ca495991b7852b855
preparation_raw/chr22_500_guide_442.crisprapido_k0.stdout.txt	0	e3b0c44298fc1c149afbf4c8996fb92427ae41e4649b934ca495991b7852b855
preparation_raw/chr22_500_guide_443.columba_k0.log	2773	75cc491b2a2308d14b215cb71173e9aba631eaf301961336a09cd85cfa0cb4d5
preparation_raw/chr22_500_guide_443.columba_k0.sam	924	5f42b2aafe42d2199696b767588144df16a071b05bbc2c0eff4857a4ac483e8c
preparation_raw/chr22_500_guide_443.columba_k0.stderr.txt	0	e3b0c44298fc1c149afbf4c8996fb92427ae41e4649b934ca495991b7852b855
preparation_raw/chr22_500_guide_443.columba_k0.stdout.txt	0	e3b0c44298fc1c149afbf4c8996fb92427ae41e4649b934ca495991b7852b855
preparation_raw/chr22_500_guide_443.crisprapido_k0.paf	105	790719bd8847db6a942f261864ea37c0ec15f7a4f400e0bd1eaf31a8e659f354
preparation_raw/chr22_500_guide_443.crisprapido_k0.stderr.txt	0	e3b0c44298fc1c149afbf4c8996fb92427ae41e4649b934ca495991b7852b855
preparation_raw/chr22_500_guide_443.crisprapido_k0.stdout.txt	0	e3b0c44298fc1c149afbf4c8996fb92427ae41e4649b934ca495991b7852b855
preparation_raw/chr22_500_guide_444.columba_k0.log	2773	5f5fde97feba60798026613b2498b3c9eee1a7115d2d01017be67ef0729f368e
preparation_raw/chr22_500_guide_444.columba_k0.sam	924	ec8356b7ad761c471856172db34861a8e59175781c5536582993cdaae5e4245a
preparation_raw/chr22_500_guide_444.columba_k0.stderr.txt	0	e3b0c44298fc1c149afbf4c8996fb92427ae41e4649b934ca495991b7852b855
preparation_raw/chr22_500_guide_444.columba_k0.stdout.txt	0	e3b0c44298fc1c149afbf4c8996fb92427ae41e4649b934ca495991b7852b855
preparation_raw/chr22_500_guide_444.crisprapido_k0.paf	105	ed405985e5d0bc3cc4bbfe39199e2d58f5774a7a47a5d2ecf9175eacabcb490a
preparation_raw/chr22_500_guide_444.crisprapido_k0.stderr.txt	0	e3b0c44298fc1c149afbf4c8996fb92427ae41e4649b934ca495991b7852b855
preparation_raw/chr22_500_guide_444.crisprapido_k0.stdout.txt	0	e3b0c44298fc1c149afbf4c8996fb92427ae41e4649b934ca495991b7852b855
preparation_raw/chr22_500_guide_445.columba_k0.log	2773	5e5395f5110685d63b10cd528dac4aef3008d17dda5db8064405a61985b89a46
preparation_raw/chr22_500_guide_445.columba_k0.sam	924	62d16f1bb98a6e7ca70c86adca1d17826dfa3ad52b647bdd47358dad4e29f669
preparation_raw/chr22_500_guide_445.columba_k0.stderr.txt	0	e3b0c44298fc1c149afbf4c8996fb92427ae41e4649b934ca495991b7852b855
preparation_raw/chr22_500_guide_445.columba_k0.stdout.txt	0	e3b0c44298fc1c149afbf4c8996fb92427ae41e4649b934ca495991b7852b855
preparation_raw/chr22_500_guide_445.crisprapido_k0.paf	105	d34c378716f257e185bb5cb139c57e699a09f1073521990fef6b3c76f400769b
preparation_raw/chr22_500_guide_445.crisprapido_k0.stderr.txt	0	e3b0c44298fc1c149afbf4c8996fb92427ae41e4649b934ca495991b7852b855
preparation_raw/chr22_500_guide_445.crisprapido_k0.stdout.txt	0	e3b0c44298fc1c149afbf4c8996fb92427ae41e4649b934ca495991b7852b855
preparation_raw/chr22_500_guide_446.columba_k0.log	2773	8e6d6f2debd9571d412315e814c3e14132010dbc34f88f3d5df816275c5abca0
preparation_raw/chr22_500_guide_446.columba_k0.sam	924	24ad12c462fe5921a3534f87c6cf506ec458ed2bac210ebf7f41c0841e66f58c
preparation_raw/chr22_500_guide_446.columba_k0.stderr.txt	0	e3b0c44298fc1c149afbf4c8996fb92427ae41e4649b934ca495991b7852b855
preparation_raw/chr22_500_guide_446.columba_k0.stdout.txt	0	e3b0c44298fc1c149afbf4c8996fb92427ae41e4649b934ca495991b7852b855
preparation_raw/chr22_500_guide_446.crisprapido_k0.paf	105	54483d7d719636ef82e5f65aac8636a0f5c68fea1e6f0c1096ad241066c4066f
preparation_raw/chr22_500_guide_446.crisprapido_k0.stderr.txt	0	e3b0c44298fc1c149afbf4c8996fb92427ae41e4649b934ca495991b7852b855
preparation_raw/chr22_500_guide_446.crisprapido_k0.stdout.txt	0	e3b0c44298fc1c149afbf4c8996fb92427ae41e4649b934ca495991b7852b855
preparation_raw/chr22_500_guide_447.columba_k0.log	2773	291478e21b4ac11170e17a128f11d3049e7793c2d90e3c8fb002b5e7c36c1402
preparation_raw/chr22_500_guide_447.columba_k0.sam	924	56e3cf99a270435786b0f986abd82fcad4a26af345bc13e55e3ec64f7968495a
preparation_raw/chr22_500_guide_447.columba_k0.stderr.txt	0	e3b0c44298fc1c149afbf4c8996fb92427ae41e4649b934ca495991b7852b855
preparation_raw/chr22_500_guide_447.columba_k0.stdout.txt	0	e3b0c44298fc1c149afbf4c8996fb92427ae41e4649b934ca495991b7852b855
preparation_raw/chr22_500_guide_447.crisprapido_k0.paf	105	8d4113932768031441face3045937d484e79dd16e5b158be63392f7e951b3522
preparation_raw/chr22_500_guide_447.crisprapido_k0.stderr.txt	0	e3b0c44298fc1c149afbf4c8996fb92427ae41e4649b934ca495991b7852b855
preparation_raw/chr22_500_guide_447.crisprapido_k0.stdout.txt	0	e3b0c44298fc1c149afbf4c8996fb92427ae41e4649b934ca495991b7852b855
preparation_raw/chr22_500_guide_448.columba_k0.log	2773	bd2786c0ddc7886b2087f5491ce072f1f720404d5606f1f27acd6ea39f8b5616
preparation_raw/chr22_500_guide_448.columba_k0.sam	924	00e161e9aee0e21551d86ec70004faab935201b18a17a949383e2c123e6052e2
preparation_raw/chr22_500_guide_448.columba_k0.stderr.txt	0	e3b0c44298fc1c149afbf4c8996fb92427ae41e4649b934ca495991b7852b855
preparation_raw/chr22_500_guide_448.columba_k0.stdout.txt	0	e3b0c44298fc1c149afbf4c8996fb92427ae41e4649b934ca495991b7852b855
preparation_raw/chr22_500_guide_448.crisprapido_k0.paf	105	af0e7d04b9032b6ba55a507cdc6196da5e7f3adbce117a38bb6ba2d2fb078cba
preparation_raw/chr22_500_guide_448.crisprapido_k0.stderr.txt	0	e3b0c44298fc1c149afbf4c8996fb92427ae41e4649b934ca495991b7852b855
preparation_raw/chr22_500_guide_448.crisprapido_k0.stdout.txt	0	e3b0c44298fc1c149afbf4c8996fb92427ae41e4649b934ca495991b7852b855
preparation_raw/chr22_500_guide_449.columba_k0.log	2773	5c81f93bc4a1370059ee6f1006f28120712f2b4010fc338e8583342bd94507e6
preparation_raw/chr22_500_guide_449.columba_k0.sam	924	55fc5df9a01036aa48b2249f0bd4d679e548fd12a241a96fdd9c69bc48ea08cc
preparation_raw/chr22_500_guide_449.columba_k0.stderr.txt	0	e3b0c44298fc1c149afbf4c8996fb92427ae41e4649b934ca495991b7852b855
preparation_raw/chr22_500_guide_449.columba_k0.stdout.txt	0	e3b0c44298fc1c149afbf4c8996fb92427ae41e4649b934ca495991b7852b855
preparation_raw/chr22_500_guide_449.crisprapido_k0.paf	105	e8367625cb9c97ec27975858ed7924135dd7d288bb56eed2c76e0d9bc4e5713d
preparation_raw/chr22_500_guide_449.crisprapido_k0.stderr.txt	0	e3b0c44298fc1c149afbf4c8996fb92427ae41e4649b934ca495991b7852b855
preparation_raw/chr22_500_guide_449.crisprapido_k0.stdout.txt	0	e3b0c44298fc1c149afbf4c8996fb92427ae41e4649b934ca495991b7852b855
preparation_raw/chr22_500_guide_450.columba_k0.log	2773	a99ae0fe3082c3539ef2a118484d2a3653b2a2e1fa22b9f073a14650d4989402
preparation_raw/chr22_500_guide_450.columba_k0.sam	924	028a0ec54ea83026cdb760a5d06fbc6ceacb9975a9a0b47858095a858ff40ebe
preparation_raw/chr22_500_guide_450.columba_k0.stderr.txt	0	e3b0c44298fc1c149afbf4c8996fb92427ae41e4649b934ca495991b7852b855
preparation_raw/chr22_500_guide_450.columba_k0.stdout.txt	0	e3b0c44298fc1c149afbf4c8996fb92427ae41e4649b934ca495991b7852b855
preparation_raw/chr22_500_guide_450.crisprapido_k0.paf	105	2ae6d416707fe71130cb2b7d3e365409b98aa031487d875b6091675f3f98e6a3
preparation_raw/chr22_500_guide_450.crisprapido_k0.stderr.txt	0	e3b0c44298fc1c149afbf4c8996fb92427ae41e4649b934ca495991b7852b855
preparation_raw/chr22_500_guide_450.crisprapido_k0.stdout.txt	0	e3b0c44298fc1c149afbf4c8996fb92427ae41e4649b934ca495991b7852b855
preparation_raw/chr22_500_guide_451.columba_k0.log	2774	6e6ab3dfe37ee76ee941a9f24a9930695f86176971c906c908f280cb919ea466
preparation_raw/chr22_500_guide_451.columba_k0.sam	924	259ab43ad252e302480d16e7c0442858e689b03e993ebb62e22bda3e77f91a67
preparation_raw/chr22_500_guide_451.columba_k0.stderr.txt	0	e3b0c44298fc1c149afbf4c8996fb92427ae41e4649b934ca495991b7852b855
preparation_raw/chr22_500_guide_451.columba_k0.stdout.txt	0	e3b0c44298fc1c149afbf4c8996fb92427ae41e4649b934ca495991b7852b855
preparation_raw/chr22_500_guide_451.crisprapido_k0.paf	105	9eb0735b9bb6914649d66118c5e11946fd1c28f2f4ab317728d097308297e6e9
preparation_raw/chr22_500_guide_451.crisprapido_k0.stderr.txt	0	e3b0c44298fc1c149afbf4c8996fb92427ae41e4649b934ca495991b7852b855
preparation_raw/chr22_500_guide_451.crisprapido_k0.stdout.txt	0	e3b0c44298fc1c149afbf4c8996fb92427ae41e4649b934ca495991b7852b855
preparation_raw/chr22_500_guide_452.columba_k0.log	2774	916694eefaca7b8b6a422156d818ddce10ea04ffc405c8fa66880709201b8242
preparation_raw/chr22_500_guide_452.columba_k0.sam	924	d2535441fab2667adf326168255e9f40a2ba1dec3f125c18f6c059222dc85bd8
preparation_raw/chr22_500_guide_452.columba_k0.stderr.txt	0	e3b0c44298fc1c149afbf4c8996fb92427ae41e4649b934ca495991b7852b855
preparation_raw/chr22_500_guide_452.columba_k0.stdout.txt	0	e3b0c44298fc1c149afbf4c8996fb92427ae41e4649b934ca495991b7852b855
preparation_raw/chr22_500_guide_452.crisprapido_k0.paf	105	caa33e4a34bebd20f093ad8c057e31eee06ee3c0812711a5e984996ec3d44dea
preparation_raw/chr22_500_guide_452.crisprapido_k0.stderr.txt	0	e3b0c44298fc1c149afbf4c8996fb92427ae41e4649b934ca495991b7852b855
preparation_raw/chr22_500_guide_452.crisprapido_k0.stdout.txt	0	e3b0c44298fc1c149afbf4c8996fb92427ae41e4649b934ca495991b7852b855
preparation_raw/chr22_500_guide_453.columba_k0.log	2773	f6802447e5133c052670bf46c90cfe5cdc07f27e3fda8098881bc1301f01a147
preparation_raw/chr22_500_guide_453.columba_k0.sam	924	fb3b7e7729eab725094656ebcd6d7e3a4fb3a325c2063beafe55a1d48c183993
preparation_raw/chr22_500_guide_453.columba_k0.stderr.txt	0	e3b0c44298fc1c149afbf4c8996fb92427ae41e4649b934ca495991b7852b855
preparation_raw/chr22_500_guide_453.columba_k0.stdout.txt	0	e3b0c44298fc1c149afbf4c8996fb92427ae41e4649b934ca495991b7852b855
preparation_raw/chr22_500_guide_453.crisprapido_k0.paf	105	4aadadf533554b1519b69d566cdc00068f9fe102d385ac955d64bc4a46b89464
preparation_raw/chr22_500_guide_453.crisprapido_k0.stderr.txt	0	e3b0c44298fc1c149afbf4c8996fb92427ae41e4649b934ca495991b7852b855
preparation_raw/chr22_500_guide_453.crisprapido_k0.stdout.txt	0	e3b0c44298fc1c149afbf4c8996fb92427ae41e4649b934ca495991b7852b855
preparation_raw/chr22_500_guide_454.columba_k0.log	2773	883bc890a0db20e6bfc514967300ff2bb12cf428689f48804d5bcb810ae8878c
preparation_raw/chr22_500_guide_454.columba_k0.sam	924	e1550dbe6e7fb18d2b1d6627055b0f6f23d0b1b0d55950bdd4dab562659cbf0b
preparation_raw/chr22_500_guide_454.columba_k0.stderr.txt	0	e3b0c44298fc1c149afbf4c8996fb92427ae41e4649b934ca495991b7852b855
preparation_raw/chr22_500_guide_454.columba_k0.stdout.txt	0	e3b0c44298fc1c149afbf4c8996fb92427ae41e4649b934ca495991b7852b855
preparation_raw/chr22_500_guide_454.crisprapido_k0.paf	105	c0ef84c923d1575aebfb474d6b0b9a489622223e07ca9c1b3dad0154c8b192f2
preparation_raw/chr22_500_guide_454.crisprapido_k0.stderr.txt	0	e3b0c44298fc1c149afbf4c8996fb92427ae41e4649b934ca495991b7852b855
preparation_raw/chr22_500_guide_454.crisprapido_k0.stdout.txt	0	e3b0c44298fc1c149afbf4c8996fb92427ae41e4649b934ca495991b7852b855
preparation_raw/chr22_500_guide_455.columba_k0.log	2773	aa770786d7df21f88ac5281f60a5c3b465b5bf015e6c7aa1da5460baa55edea1
preparation_raw/chr22_500_guide_455.columba_k0.sam	924	f67b8f3cdb811262ab92635aab27a585fd320d4bd6ecbae357d2db964041706a
preparation_raw/chr22_500_guide_455.columba_k0.stderr.txt	0	e3b0c44298fc1c149afbf4c8996fb92427ae41e4649b934ca495991b7852b855
preparation_raw/chr22_500_guide_455.columba_k0.stdout.txt	0	e3b0c44298fc1c149afbf4c8996fb92427ae41e4649b934ca495991b7852b855
preparation_raw/chr22_500_guide_455.crisprapido_k0.paf	105	39b13c0090e1f7f870c746fb96e5c188a646262e69c8ee9de2a349db812a6b7c
preparation_raw/chr22_500_guide_455.crisprapido_k0.stderr.txt	0	e3b0c44298fc1c149afbf4c8996fb92427ae41e4649b934ca495991b7852b855
preparation_raw/chr22_500_guide_455.crisprapido_k0.stdout.txt	0	e3b0c44298fc1c149afbf4c8996fb92427ae41e4649b934ca495991b7852b855
preparation_raw/chr22_500_guide_456.columba_k0.log	2773	4d1bea5575280c39866f209afc3187425a8e62b7b320c7a5a15afa5fc7a8099c
preparation_raw/chr22_500_guide_456.columba_k0.sam	924	290a1e86a84ee34a3fc86169a892dee335b4b53bf8289578f16b6e53194f39b3
preparation_raw/chr22_500_guide_456.columba_k0.stderr.txt	0	e3b0c44298fc1c149afbf4c8996fb92427ae41e4649b934ca495991b7852b855
preparation_raw/chr22_500_guide_456.columba_k0.stdout.txt	0	e3b0c44298fc1c149afbf4c8996fb92427ae41e4649b934ca495991b7852b855
preparation_raw/chr22_500_guide_456.crisprapido_k0.paf	105	66f40ebb678d2f2bfd77dd7a61e3770095414767dee777d47bb89cfd112d7a94
preparation_raw/chr22_500_guide_456.crisprapido_k0.stderr.txt	0	e3b0c44298fc1c149afbf4c8996fb92427ae41e4649b934ca495991b7852b855
preparation_raw/chr22_500_guide_456.crisprapido_k0.stdout.txt	0	e3b0c44298fc1c149afbf4c8996fb92427ae41e4649b934ca495991b7852b855
preparation_raw/chr22_500_guide_457.columba_k0.log	2772	4533f01f5a9110795e5d661b816c6c81867bafad392c2ab72958e6dd0c541b98
preparation_raw/chr22_500_guide_457.columba_k0.sam	924	8129c4e3287a1a9dacef12debb9abafea1d79cfd162a7e1a83b6a6e6c80817e5
preparation_raw/chr22_500_guide_457.columba_k0.stderr.txt	0	e3b0c44298fc1c149afbf4c8996fb92427ae41e4649b934ca495991b7852b855
preparation_raw/chr22_500_guide_457.columba_k0.stdout.txt	0	e3b0c44298fc1c149afbf4c8996fb92427ae41e4649b934ca495991b7852b855
preparation_raw/chr22_500_guide_457.crisprapido_k0.paf	105	a8ea62f296fdaae7567af8f86405abdc3f234652944e90572bd9ec8d12ebe699
preparation_raw/chr22_500_guide_457.crisprapido_k0.stderr.txt	0	e3b0c44298fc1c149afbf4c8996fb92427ae41e4649b934ca495991b7852b855
preparation_raw/chr22_500_guide_457.crisprapido_k0.stdout.txt	0	e3b0c44298fc1c149afbf4c8996fb92427ae41e4649b934ca495991b7852b855
preparation_raw/chr22_500_guide_458.columba_k0.log	2773	4166df1b14eea5e9e583f2a16bab894c44b16d0de63e16c481835ad3632ef202
preparation_raw/chr22_500_guide_458.columba_k0.sam	924	c0b97b41919a47b5466613f0c7293748c284695b478000686196f787a2c90f6a
preparation_raw/chr22_500_guide_458.columba_k0.stderr.txt	0	e3b0c44298fc1c149afbf4c8996fb92427ae41e4649b934ca495991b7852b855
preparation_raw/chr22_500_guide_458.columba_k0.stdout.txt	0	e3b0c44298fc1c149afbf4c8996fb92427ae41e4649b934ca495991b7852b855
preparation_raw/chr22_500_guide_458.crisprapido_k0.paf	105	36dc22934c7c02b9c1a4043e7fa71e9fab23fac626842ee0233fa0a19e8a4d8d
preparation_raw/chr22_500_guide_458.crisprapido_k0.stderr.txt	0	e3b0c44298fc1c149afbf4c8996fb92427ae41e4649b934ca495991b7852b855
preparation_raw/chr22_500_guide_458.crisprapido_k0.stdout.txt	0	e3b0c44298fc1c149afbf4c8996fb92427ae41e4649b934ca495991b7852b855
preparation_raw/chr22_500_guide_459.columba_k0.log	2774	4c3f50d1fb5d5d8af6ce24469bc1556cc1424aadd3aaffb397380c09aa68315e
preparation_raw/chr22_500_guide_459.columba_k0.sam	924	13eb280973fe6390a202a1a355190f1822cf368cfb02973fd6ddbd2e1247d53d
preparation_raw/chr22_500_guide_459.columba_k0.stderr.txt	0	e3b0c44298fc1c149afbf4c8996fb92427ae41e4649b934ca495991b7852b855
preparation_raw/chr22_500_guide_459.columba_k0.stdout.txt	0	e3b0c44298fc1c149afbf4c8996fb92427ae41e4649b934ca495991b7852b855
preparation_raw/chr22_500_guide_459.crisprapido_k0.paf	105	ae2877403afc338a66d249e49defd6d72d59aabceb17722a5f7e4ba810ac724e
preparation_raw/chr22_500_guide_459.crisprapido_k0.stderr.txt	0	e3b0c44298fc1c149afbf4c8996fb92427ae41e4649b934ca495991b7852b855
preparation_raw/chr22_500_guide_459.crisprapido_k0.stdout.txt	0	e3b0c44298fc1c149afbf4c8996fb92427ae41e4649b934ca495991b7852b855
preparation_raw/chr22_500_guide_460.columba_k0.log	2773	3bf471ea9bab7e30533ec924c954ab109352ef75d14dadad065c9c1fd39aaa90
preparation_raw/chr22_500_guide_460.columba_k0.sam	924	690daebf4ad0d9dab2ade870e91317d7f28cf71afc6342af89f2f5bcc271c0aa
preparation_raw/chr22_500_guide_460.columba_k0.stderr.txt	0	e3b0c44298fc1c149afbf4c8996fb92427ae41e4649b934ca495991b7852b855
preparation_raw/chr22_500_guide_460.columba_k0.stdout.txt	0	e3b0c44298fc1c149afbf4c8996fb92427ae41e4649b934ca495991b7852b855
preparation_raw/chr22_500_guide_460.crisprapido_k0.paf	105	0702f00d8238249f52addcc891eb35cc8cb302324182724fd51f2abb5aa2c204
preparation_raw/chr22_500_guide_460.crisprapido_k0.stderr.txt	0	e3b0c44298fc1c149afbf4c8996fb92427ae41e4649b934ca495991b7852b855
preparation_raw/chr22_500_guide_460.crisprapido_k0.stdout.txt	0	e3b0c44298fc1c149afbf4c8996fb92427ae41e4649b934ca495991b7852b855
preparation_raw/chr22_500_guide_461.columba_k0.log	2773	fdd28d91ff714e1edc45c7318b2d7af418b889cc7f009979076e12ffc4b6dc34
preparation_raw/chr22_500_guide_461.columba_k0.sam	924	b40ed6d698da1ce5ac5a88f2d56781f5808ee8044248c77be0af5d62a6a5e16b
preparation_raw/chr22_500_guide_461.columba_k0.stderr.txt	0	e3b0c44298fc1c149afbf4c8996fb92427ae41e4649b934ca495991b7852b855
preparation_raw/chr22_500_guide_461.columba_k0.stdout.txt	0	e3b0c44298fc1c149afbf4c8996fb92427ae41e4649b934ca495991b7852b855
preparation_raw/chr22_500_guide_461.crisprapido_k0.paf	105	1b23f23233d0e8e334dba7ee9b2f71ed071325e62b0b2df036bd5c76d22fcacd
preparation_raw/chr22_500_guide_461.crisprapido_k0.stderr.txt	0	e3b0c44298fc1c149afbf4c8996fb92427ae41e4649b934ca495991b7852b855
preparation_raw/chr22_500_guide_461.crisprapido_k0.stdout.txt	0	e3b0c44298fc1c149afbf4c8996fb92427ae41e4649b934ca495991b7852b855
preparation_raw/chr22_500_guide_462.columba_k0.log	2773	61f6e88f219408d7f278c244ee92196caad6efdf59c7f2722a45643773586746
preparation_raw/chr22_500_guide_462.columba_k0.sam	924	a888081e5ffcb8844d927df640e20397487e038c1dc024f9ab8071429f0cf453
preparation_raw/chr22_500_guide_462.columba_k0.stderr.txt	0	e3b0c44298fc1c149afbf4c8996fb92427ae41e4649b934ca495991b7852b855
preparation_raw/chr22_500_guide_462.columba_k0.stdout.txt	0	e3b0c44298fc1c149afbf4c8996fb92427ae41e4649b934ca495991b7852b855
preparation_raw/chr22_500_guide_462.crisprapido_k0.paf	105	e5b9eb0597eacedf59b768109c64075d0da741152d13fb2e439f5d58c018c128
preparation_raw/chr22_500_guide_462.crisprapido_k0.stderr.txt	0	e3b0c44298fc1c149afbf4c8996fb92427ae41e4649b934ca495991b7852b855
preparation_raw/chr22_500_guide_462.crisprapido_k0.stdout.txt	0	e3b0c44298fc1c149afbf4c8996fb92427ae41e4649b934ca495991b7852b855
preparation_raw/chr22_500_guide_463.columba_k0.log	2773	036f0e2134c74442bd0d59a74d0f00d62a653be60c1c9e1ff464fe20e625b9f8
preparation_raw/chr22_500_guide_463.columba_k0.sam	924	b8b9e252495614feed050632a1f5ac3bd176e7b6f70b79bf331eb0e5cb86aca5
preparation_raw/chr22_500_guide_463.columba_k0.stderr.txt	0	e3b0c44298fc1c149afbf4c8996fb92427ae41e4649b934ca495991b7852b855
preparation_raw/chr22_500_guide_463.columba_k0.stdout.txt	0	e3b0c44298fc1c149afbf4c8996fb92427ae41e4649b934ca495991b7852b855
preparation_raw/chr22_500_guide_463.crisprapido_k0.paf	105	7c248ba9765e06499bdbdd56fa063150392f57bbcf49d7273e7a34148cb2a14e
preparation_raw/chr22_500_guide_463.crisprapido_k0.stderr.txt	0	e3b0c44298fc1c149afbf4c8996fb92427ae41e4649b934ca495991b7852b855
preparation_raw/chr22_500_guide_463.crisprapido_k0.stdout.txt	0	e3b0c44298fc1c149afbf4c8996fb92427ae41e4649b934ca495991b7852b855
preparation_raw/chr22_500_guide_464.columba_k0.log	2774	33fc2deebc3545487be55b377e7f495c207ed9a2d44fc8a2976f729685906dd5
preparation_raw/chr22_500_guide_464.columba_k0.sam	924	b17e461bdbd2b602f77073652bb3e09bf01cc5f5024b0c185c58f552149e1188
preparation_raw/chr22_500_guide_464.columba_k0.stderr.txt	0	e3b0c44298fc1c149afbf4c8996fb92427ae41e4649b934ca495991b7852b855
preparation_raw/chr22_500_guide_464.columba_k0.stdout.txt	0	e3b0c44298fc1c149afbf4c8996fb92427ae41e4649b934ca495991b7852b855
preparation_raw/chr22_500_guide_464.crisprapido_k0.paf	105	572a412f62c765fdaf94fa017837ae004da8b8070c016a242544a182aefe63e1
preparation_raw/chr22_500_guide_464.crisprapido_k0.stderr.txt	0	e3b0c44298fc1c149afbf4c8996fb92427ae41e4649b934ca495991b7852b855
preparation_raw/chr22_500_guide_464.crisprapido_k0.stdout.txt	0	e3b0c44298fc1c149afbf4c8996fb92427ae41e4649b934ca495991b7852b855
preparation_raw/chr22_500_guide_465.columba_k0.log	2772	0c559a40592c3c532c61b6bd0eb30fd665bbeabd6111a19d9f64e72794631efd
preparation_raw/chr22_500_guide_465.columba_k0.sam	924	61819755be76e406ef123eeec8dee40329780fd990d59725f0ef63b34e27325e
preparation_raw/chr22_500_guide_465.columba_k0.stderr.txt	0	e3b0c44298fc1c149afbf4c8996fb92427ae41e4649b934ca495991b7852b855
preparation_raw/chr22_500_guide_465.columba_k0.stdout.txt	0	e3b0c44298fc1c149afbf4c8996fb92427ae41e4649b934ca495991b7852b855
preparation_raw/chr22_500_guide_465.crisprapido_k0.paf	105	71aca4d4d36b2443e6e04db67d1c059a16d050f4e1c6e90f522b493e94915886
preparation_raw/chr22_500_guide_465.crisprapido_k0.stderr.txt	0	e3b0c44298fc1c149afbf4c8996fb92427ae41e4649b934ca495991b7852b855
preparation_raw/chr22_500_guide_465.crisprapido_k0.stdout.txt	0	e3b0c44298fc1c149afbf4c8996fb92427ae41e4649b934ca495991b7852b855
preparation_raw/chr22_500_guide_466.columba_k0.log	2773	faaebcb17f3ce214ddc7169482b540cac98e72fccf665b73d6ad219bfae3121b
preparation_raw/chr22_500_guide_466.columba_k0.sam	924	eb1e711a5103c85f3f21cdd6df64947c2dd62c260125b9f8bb78c0a824314742
preparation_raw/chr22_500_guide_466.columba_k0.stderr.txt	0	e3b0c44298fc1c149afbf4c8996fb92427ae41e4649b934ca495991b7852b855
preparation_raw/chr22_500_guide_466.columba_k0.stdout.txt	0	e3b0c44298fc1c149afbf4c8996fb92427ae41e4649b934ca495991b7852b855
preparation_raw/chr22_500_guide_466.crisprapido_k0.paf	105	ce36001de0595b6ca48e3f857e190887e3219eb435d5c95d003f9c73f5c7e4f9
preparation_raw/chr22_500_guide_466.crisprapido_k0.stderr.txt	0	e3b0c44298fc1c149afbf4c8996fb92427ae41e4649b934ca495991b7852b855
preparation_raw/chr22_500_guide_466.crisprapido_k0.stdout.txt	0	e3b0c44298fc1c149afbf4c8996fb92427ae41e4649b934ca495991b7852b855
preparation_raw/chr22_500_guide_467.columba_k0.log	2773	f8a6b91b32ab8b3550f6b111daee3c637cd603b81e95863d57853e87daf14e42
preparation_raw/chr22_500_guide_467.columba_k0.sam	924	5c43d91a9ab6813229ad5816cb59b5460449594bd3ee2e9b9bf6356a4cb207e7
preparation_raw/chr22_500_guide_467.columba_k0.stderr.txt	0	e3b0c44298fc1c149afbf4c8996fb92427ae41e4649b934ca495991b7852b855
preparation_raw/chr22_500_guide_467.columba_k0.stdout.txt	0	e3b0c44298fc1c149afbf4c8996fb92427ae41e4649b934ca495991b7852b855
preparation_raw/chr22_500_guide_467.crisprapido_k0.paf	105	333a2ac75dcc9c0aeaef85b902f8c4923c58c1bb5bb7a6e3b7ef5c77edecd079
preparation_raw/chr22_500_guide_467.crisprapido_k0.stderr.txt	0	e3b0c44298fc1c149afbf4c8996fb92427ae41e4649b934ca495991b7852b855
preparation_raw/chr22_500_guide_467.crisprapido_k0.stdout.txt	0	e3b0c44298fc1c149afbf4c8996fb92427ae41e4649b934ca495991b7852b855
preparation_raw/chr22_500_guide_468.columba_k0.log	2773	6fce2abc170d4735c75a2f4ba44d3e29bfd5d74470536551a093aa976f1fa734
preparation_raw/chr22_500_guide_468.columba_k0.sam	924	ef37aeeaeb8de0a1bb07ffd84c140eb805d5a2973ceaeff3421963bfac508e2b
preparation_raw/chr22_500_guide_468.columba_k0.stderr.txt	0	e3b0c44298fc1c149afbf4c8996fb92427ae41e4649b934ca495991b7852b855
preparation_raw/chr22_500_guide_468.columba_k0.stdout.txt	0	e3b0c44298fc1c149afbf4c8996fb92427ae41e4649b934ca495991b7852b855
preparation_raw/chr22_500_guide_468.crisprapido_k0.paf	105	b129ef3c4f85946c1752fcdec67457fbfa137faf10c495dcfb79020726f0093a
preparation_raw/chr22_500_guide_468.crisprapido_k0.stderr.txt	0	e3b0c44298fc1c149afbf4c8996fb92427ae41e4649b934ca495991b7852b855
preparation_raw/chr22_500_guide_468.crisprapido_k0.stdout.txt	0	e3b0c44298fc1c149afbf4c8996fb92427ae41e4649b934ca495991b7852b855
preparation_raw/chr22_500_guide_469.columba_k0.log	2773	16dbae65f0640a5adafe80c8a9c3686b6a7d5de58379f701a8456739e0193018
preparation_raw/chr22_500_guide_469.columba_k0.sam	924	352b4b71c715f4842a6b6176ee34f2ab109812d87c6f0415ddd6dc14e7ed8beb
preparation_raw/chr22_500_guide_469.columba_k0.stderr.txt	0	e3b0c44298fc1c149afbf4c8996fb92427ae41e4649b934ca495991b7852b855
preparation_raw/chr22_500_guide_469.columba_k0.stdout.txt	0	e3b0c44298fc1c149afbf4c8996fb92427ae41e4649b934ca495991b7852b855
preparation_raw/chr22_500_guide_469.crisprapido_k0.paf	105	396a48dd0384e6e289e748eaa3a473e02786e2d98d3c9ccc975cfdc1f2077813
preparation_raw/chr22_500_guide_469.crisprapido_k0.stderr.txt	0	e3b0c44298fc1c149afbf4c8996fb92427ae41e4649b934ca495991b7852b855
preparation_raw/chr22_500_guide_469.crisprapido_k0.stdout.txt	0	e3b0c44298fc1c149afbf4c8996fb92427ae41e4649b934ca495991b7852b855
preparation_raw/chr22_500_guide_470.columba_k0.log	2773	21533faba9be51e828b970335b85e2571924738da606c368ce76ab8b49b08223
preparation_raw/chr22_500_guide_470.columba_k0.sam	924	4e0710245cb3ff48aed92741a43789c5888c148fb842c6c87b7bb64de04a4957
preparation_raw/chr22_500_guide_470.columba_k0.stderr.txt	0	e3b0c44298fc1c149afbf4c8996fb92427ae41e4649b934ca495991b7852b855
preparation_raw/chr22_500_guide_470.columba_k0.stdout.txt	0	e3b0c44298fc1c149afbf4c8996fb92427ae41e4649b934ca495991b7852b855
preparation_raw/chr22_500_guide_470.crisprapido_k0.paf	105	50da73a873102212cf126ed04756d602d15aff5c7c9be11a43ca7ed77b9d1dcc
preparation_raw/chr22_500_guide_470.crisprapido_k0.stderr.txt	0	e3b0c44298fc1c149afbf4c8996fb92427ae41e4649b934ca495991b7852b855
preparation_raw/chr22_500_guide_470.crisprapido_k0.stdout.txt	0	e3b0c44298fc1c149afbf4c8996fb92427ae41e4649b934ca495991b7852b855
preparation_raw/chr22_500_guide_471.columba_k0.log	2772	3a16ea1fc5a19ddbf50a8f97e2dce1743e6c47f648934f8641c2a5697509af00
preparation_raw/chr22_500_guide_471.columba_k0.sam	924	133b152de8f74aca651df7541b01e42f770cbf061c0a1314b8077c8f2ee41888
preparation_raw/chr22_500_guide_471.columba_k0.stderr.txt	0	e3b0c44298fc1c149afbf4c8996fb92427ae41e4649b934ca495991b7852b855
preparation_raw/chr22_500_guide_471.columba_k0.stdout.txt	0	e3b0c44298fc1c149afbf4c8996fb92427ae41e4649b934ca495991b7852b855
preparation_raw/chr22_500_guide_471.crisprapido_k0.paf	105	b0bd2d17b793d19a9cc8aebd15bdd4c22df56bdaf8aab2b3c1abdd99fab13456
preparation_raw/chr22_500_guide_471.crisprapido_k0.stderr.txt	0	e3b0c44298fc1c149afbf4c8996fb92427ae41e4649b934ca495991b7852b855
preparation_raw/chr22_500_guide_471.crisprapido_k0.stdout.txt	0	e3b0c44298fc1c149afbf4c8996fb92427ae41e4649b934ca495991b7852b855
preparation_raw/chr22_500_guide_472.columba_k0.log	2773	c0e1c6a33a3d012a3c28e4e23e10cb1da2df3ccb90aa0d39a8972f169947a045
preparation_raw/chr22_500_guide_472.columba_k0.sam	924	d6e80da9ee1db80ff8e63a6fff58e2ccc5d44a3eb9aecc90407525a72b84d688
preparation_raw/chr22_500_guide_472.columba_k0.stderr.txt	0	e3b0c44298fc1c149afbf4c8996fb92427ae41e4649b934ca495991b7852b855
preparation_raw/chr22_500_guide_472.columba_k0.stdout.txt	0	e3b0c44298fc1c149afbf4c8996fb92427ae41e4649b934ca495991b7852b855
preparation_raw/chr22_500_guide_472.crisprapido_k0.paf	105	f0a7f7029f67f0ca5484c9338189467597d9165a80398ce8bd71dd7c68577067
preparation_raw/chr22_500_guide_472.crisprapido_k0.stderr.txt	0	e3b0c44298fc1c149afbf4c8996fb92427ae41e4649b934ca495991b7852b855
preparation_raw/chr22_500_guide_472.crisprapido_k0.stdout.txt	0	e3b0c44298fc1c149afbf4c8996fb92427ae41e4649b934ca495991b7852b855
preparation_raw/chr22_500_guide_473.columba_k0.log	2773	47f33a694481b87605d42dbe9fd8de8e617b903e164c1eadd44619bf0172fca8
preparation_raw/chr22_500_guide_473.columba_k0.sam	924	c9aa282ff9503ca5f8853de606325457b23c4fe3a820d976648592094a703e34
preparation_raw/chr22_500_guide_473.columba_k0.stderr.txt	0	e3b0c44298fc1c149afbf4c8996fb92427ae41e4649b934ca495991b7852b855
preparation_raw/chr22_500_guide_473.columba_k0.stdout.txt	0	e3b0c44298fc1c149afbf4c8996fb92427ae41e4649b934ca495991b7852b855
preparation_raw/chr22_500_guide_473.crisprapido_k0.paf	105	4e2cc2c324abc327f2298816fd7833470bebfaca018d73731f06cf53ed4fc010
preparation_raw/chr22_500_guide_473.crisprapido_k0.stderr.txt	0	e3b0c44298fc1c149afbf4c8996fb92427ae41e4649b934ca495991b7852b855
preparation_raw/chr22_500_guide_473.crisprapido_k0.stdout.txt	0	e3b0c44298fc1c149afbf4c8996fb92427ae41e4649b934ca495991b7852b855
preparation_raw/chr22_500_guide_474.columba_k0.log	2773	18692537129b172f6917385f5f3ba6c37d47692005ff9059269a00eeadcfd7f8
preparation_raw/chr22_500_guide_474.columba_k0.sam	924	d1b62b0df20a34b66e84e404c99d9b83dcd3435a0c8d43abbd15079978491d19
preparation_raw/chr22_500_guide_474.columba_k0.stderr.txt	0	e3b0c44298fc1c149afbf4c8996fb92427ae41e4649b934ca495991b7852b855
preparation_raw/chr22_500_guide_474.columba_k0.stdout.txt	0	e3b0c44298fc1c149afbf4c8996fb92427ae41e4649b934ca495991b7852b855
preparation_raw/chr22_500_guide_474.crisprapido_k0.paf	105	27f4db87eaef5a8e95ee563eb60799da341bd01d4adb8e80aa230848dce17378
preparation_raw/chr22_500_guide_474.crisprapido_k0.stderr.txt	0	e3b0c44298fc1c149afbf4c8996fb92427ae41e4649b934ca495991b7852b855
preparation_raw/chr22_500_guide_474.crisprapido_k0.stdout.txt	0	e3b0c44298fc1c149afbf4c8996fb92427ae41e4649b934ca495991b7852b855
preparation_raw/chr22_500_guide_475.columba_k0.log	2773	13918391dfe55dc67d90e5e363d49f8bd4243c678fa1c17d18f4c626c4a1e0d8
preparation_raw/chr22_500_guide_475.columba_k0.sam	924	e329b91f6373f435e417b57a9aa5bd89d5baf1b495fcdbb443b50ed1fd2805ac
preparation_raw/chr22_500_guide_475.columba_k0.stderr.txt	0	e3b0c44298fc1c149afbf4c8996fb92427ae41e4649b934ca495991b7852b855
preparation_raw/chr22_500_guide_475.columba_k0.stdout.txt	0	e3b0c44298fc1c149afbf4c8996fb92427ae41e4649b934ca495991b7852b855
preparation_raw/chr22_500_guide_475.crisprapido_k0.paf	105	e384b7a2569a5848931984dada58a7863fa4ad10cf0639f33dc3d4b245ecd919
preparation_raw/chr22_500_guide_475.crisprapido_k0.stderr.txt	0	e3b0c44298fc1c149afbf4c8996fb92427ae41e4649b934ca495991b7852b855
preparation_raw/chr22_500_guide_475.crisprapido_k0.stdout.txt	0	e3b0c44298fc1c149afbf4c8996fb92427ae41e4649b934ca495991b7852b855
preparation_raw/chr22_500_guide_476.columba_k0.log	2773	f84c1278cecccfaab0a5173a8eeb456195e569a1eabd86c3b99dc832fa13d130
preparation_raw/chr22_500_guide_476.columba_k0.sam	924	1b7ed56e8bc5aa8096143a7f6d1fb4931dce4b73245f191f36a333eece4f644c
preparation_raw/chr22_500_guide_476.columba_k0.stderr.txt	0	e3b0c44298fc1c149afbf4c8996fb92427ae41e4649b934ca495991b7852b855
preparation_raw/chr22_500_guide_476.columba_k0.stdout.txt	0	e3b0c44298fc1c149afbf4c8996fb92427ae41e4649b934ca495991b7852b855
preparation_raw/chr22_500_guide_476.crisprapido_k0.paf	105	cef6bfbc08ef536f268fc772150775caeddde43f60444747b9f9fa3e77153561
preparation_raw/chr22_500_guide_476.crisprapido_k0.stderr.txt	0	e3b0c44298fc1c149afbf4c8996fb92427ae41e4649b934ca495991b7852b855
preparation_raw/chr22_500_guide_476.crisprapido_k0.stdout.txt	0	e3b0c44298fc1c149afbf4c8996fb92427ae41e4649b934ca495991b7852b855
preparation_raw/chr22_500_guide_477.columba_k0.log	2772	808d6771d4830e9d451c1f5603ff11fa41aca8771fe13d88d7b6d666ab22c20b
preparation_raw/chr22_500_guide_477.columba_k0.sam	924	3b19c4a360ba049b1a401892d647ffe72c5db2e058ce2e7eacd5c4702ce1cbec
preparation_raw/chr22_500_guide_477.columba_k0.stderr.txt	0	e3b0c44298fc1c149afbf4c8996fb92427ae41e4649b934ca495991b7852b855
preparation_raw/chr22_500_guide_477.columba_k0.stdout.txt	0	e3b0c44298fc1c149afbf4c8996fb92427ae41e4649b934ca495991b7852b855
preparation_raw/chr22_500_guide_477.crisprapido_k0.paf	105	d77984734ace8e0a07533cd328de9fa78d0ec2f4b870c43722f2482d69f39cb9
preparation_raw/chr22_500_guide_477.crisprapido_k0.stderr.txt	0	e3b0c44298fc1c149afbf4c8996fb92427ae41e4649b934ca495991b7852b855
preparation_raw/chr22_500_guide_477.crisprapido_k0.stdout.txt	0	e3b0c44298fc1c149afbf4c8996fb92427ae41e4649b934ca495991b7852b855
preparation_raw/chr22_500_guide_478.columba_k0.log	2772	63ac29105edc3020505584d12fc8092fc0b4381ab9cde41d14670dc80c976d5e
preparation_raw/chr22_500_guide_478.columba_k0.sam	924	9e09f4d7543dde6a163cb1a62ce71e7d00391313297d2f0a7536bce538058f85
preparation_raw/chr22_500_guide_478.columba_k0.stderr.txt	0	e3b0c44298fc1c149afbf4c8996fb92427ae41e4649b934ca495991b7852b855
preparation_raw/chr22_500_guide_478.columba_k0.stdout.txt	0	e3b0c44298fc1c149afbf4c8996fb92427ae41e4649b934ca495991b7852b855
preparation_raw/chr22_500_guide_478.crisprapido_k0.paf	105	66356638d350f202a4fc3653512e2eb61d180a210d3b4874237620fdd88f45ac
preparation_raw/chr22_500_guide_478.crisprapido_k0.stderr.txt	0	e3b0c44298fc1c149afbf4c8996fb92427ae41e4649b934ca495991b7852b855
preparation_raw/chr22_500_guide_478.crisprapido_k0.stdout.txt	0	e3b0c44298fc1c149afbf4c8996fb92427ae41e4649b934ca495991b7852b855
preparation_raw/chr22_500_guide_479.columba_k0.log	2773	48a509cda6991bb96337ce60d30e9589837216e60137cb234004094241b8e713
preparation_raw/chr22_500_guide_479.columba_k0.sam	924	9bd12078f8db8d73cac85a557df6cc420bf47db62c2c9797ee11341605a2a7f1
preparation_raw/chr22_500_guide_479.columba_k0.stderr.txt	0	e3b0c44298fc1c149afbf4c8996fb92427ae41e4649b934ca495991b7852b855
preparation_raw/chr22_500_guide_479.columba_k0.stdout.txt	0	e3b0c44298fc1c149afbf4c8996fb92427ae41e4649b934ca495991b7852b855
preparation_raw/chr22_500_guide_479.crisprapido_k0.paf	105	23595c08da0c6736f275085085ce1fa4389c0c23f7cb5e27898ed6fd96e9c578
preparation_raw/chr22_500_guide_479.crisprapido_k0.stderr.txt	0	e3b0c44298fc1c149afbf4c8996fb92427ae41e4649b934ca495991b7852b855
preparation_raw/chr22_500_guide_479.crisprapido_k0.stdout.txt	0	e3b0c44298fc1c149afbf4c8996fb92427ae41e4649b934ca495991b7852b855
preparation_raw/chr22_500_guide_480.columba_k0.log	2773	907a841dcdd349f575cfe8c73247b56aa4febf2e36f75ca08d01a32acddd6344
preparation_raw/chr22_500_guide_480.columba_k0.sam	924	3dfeb2f14a2d4141ba7f0f679531597598c9f2320efefb2705c8300654a55693
preparation_raw/chr22_500_guide_480.columba_k0.stderr.txt	0	e3b0c44298fc1c149afbf4c8996fb92427ae41e4649b934ca495991b7852b855
preparation_raw/chr22_500_guide_480.columba_k0.stdout.txt	0	e3b0c44298fc1c149afbf4c8996fb92427ae41e4649b934ca495991b7852b855
preparation_raw/chr22_500_guide_480.crisprapido_k0.paf	105	d69d8cab5f9f101c8ebebf1517222a11ca2c055ca30605b62cc9fb77a7dd9883
preparation_raw/chr22_500_guide_480.crisprapido_k0.stderr.txt	0	e3b0c44298fc1c149afbf4c8996fb92427ae41e4649b934ca495991b7852b855
preparation_raw/chr22_500_guide_480.crisprapido_k0.stdout.txt	0	e3b0c44298fc1c149afbf4c8996fb92427ae41e4649b934ca495991b7852b855
preparation_raw/chr22_500_guide_481.columba_k0.log	2775	fa7325b49371b76a588ed7cca4c555d875134c0b95e252693df462862ff2e357
preparation_raw/chr22_500_guide_481.columba_k0.sam	924	0355b1863bcc4cef302cb16da66d07f84a4a95a00fcfc8fae939b576b9c5e94a
preparation_raw/chr22_500_guide_481.columba_k0.stderr.txt	0	e3b0c44298fc1c149afbf4c8996fb92427ae41e4649b934ca495991b7852b855
preparation_raw/chr22_500_guide_481.columba_k0.stdout.txt	0	e3b0c44298fc1c149afbf4c8996fb92427ae41e4649b934ca495991b7852b855
preparation_raw/chr22_500_guide_481.crisprapido_k0.paf	105	df1d31d6c611d54432bb2ded430b33d54a73a65d9ac4e858d4332a409bd4fd6d
preparation_raw/chr22_500_guide_481.crisprapido_k0.stderr.txt	0	e3b0c44298fc1c149afbf4c8996fb92427ae41e4649b934ca495991b7852b855
preparation_raw/chr22_500_guide_481.crisprapido_k0.stdout.txt	0	e3b0c44298fc1c149afbf4c8996fb92427ae41e4649b934ca495991b7852b855
preparation_raw/chr22_500_guide_482.columba_k0.log	2775	40335cc5e2dbfd3ab9a6c97e7b0e67fad5eb25407d63b82b4ab4f5fc456a2312
preparation_raw/chr22_500_guide_482.columba_k0.sam	2581	45d87d610d04f6ac925d2eecbc6659516d11959c94130ebfe18e4680c4b1910d
preparation_raw/chr22_500_guide_482.columba_k0.stderr.txt	0	e3b0c44298fc1c149afbf4c8996fb92427ae41e4649b934ca495991b7852b855
preparation_raw/chr22_500_guide_482.columba_k0.stdout.txt	0	e3b0c44298fc1c149afbf4c8996fb92427ae41e4649b934ca495991b7852b855
preparation_raw/chr22_500_guide_482.crisprapido_k0.paf	2236	d3ec89255f444193d8b36bd53495b459fce72f067443bb1f4fb0721580d8e6d4
preparation_raw/chr22_500_guide_482.crisprapido_k0.stderr.txt	270	6dd37d45626373f97b36828739234e64b591905fb707084ab0eaed58b1b00c27
preparation_raw/chr22_500_guide_482.crisprapido_k0.stdout.txt	0	e3b0c44298fc1c149afbf4c8996fb92427ae41e4649b934ca495991b7852b855
preparation_raw/chr22_500_guide_483.columba_k0.log	2773	f59c96bb67427c249a214482228c6b7da8dc87876e02829e978baa227217ee99
preparation_raw/chr22_500_guide_483.columba_k0.sam	924	eb370995f9b6176373eb30b8a1f4db3fd2e02739c6b6a079d551a24978636df8
preparation_raw/chr22_500_guide_483.columba_k0.stderr.txt	0	e3b0c44298fc1c149afbf4c8996fb92427ae41e4649b934ca495991b7852b855
preparation_raw/chr22_500_guide_483.columba_k0.stdout.txt	0	e3b0c44298fc1c149afbf4c8996fb92427ae41e4649b934ca495991b7852b855
preparation_raw/chr22_500_guide_483.crisprapido_k0.paf	105	ec3317eca52cb313be8b742bd84d70d8e9f8f3d3a8dfda83e632d9ec5b3e7472
preparation_raw/chr22_500_guide_483.crisprapido_k0.stderr.txt	0	e3b0c44298fc1c149afbf4c8996fb92427ae41e4649b934ca495991b7852b855
preparation_raw/chr22_500_guide_483.crisprapido_k0.stdout.txt	0	e3b0c44298fc1c149afbf4c8996fb92427ae41e4649b934ca495991b7852b855
preparation_raw/chr22_500_guide_484.columba_k0.log	2773	9ce9df28d1807f1fca9c0d46f1bf46ebcf2a2db15106f6cf46f264bb25c879e6
preparation_raw/chr22_500_guide_484.columba_k0.sam	924	83af17fbbf202792878f35fe1aa28ffcc2b85345efb845c9175e1c11360561be
preparation_raw/chr22_500_guide_484.columba_k0.stderr.txt	0	e3b0c44298fc1c149afbf4c8996fb92427ae41e4649b934ca495991b7852b855
preparation_raw/chr22_500_guide_484.columba_k0.stdout.txt	0	e3b0c44298fc1c149afbf4c8996fb92427ae41e4649b934ca495991b7852b855
preparation_raw/chr22_500_guide_484.crisprapido_k0.paf	105	71ecc0fae907389e715d1ca86fcbdff3ec27af9fce69bcca1c654d58d3bf98b8
preparation_raw/chr22_500_guide_484.crisprapido_k0.stderr.txt	0	e3b0c44298fc1c149afbf4c8996fb92427ae41e4649b934ca495991b7852b855
preparation_raw/chr22_500_guide_484.crisprapido_k0.stdout.txt	0	e3b0c44298fc1c149afbf4c8996fb92427ae41e4649b934ca495991b7852b855
preparation_raw/chr22_500_guide_485.columba_k0.log	2773	2db76f647b893446d591264d857927dc09f02b80e8da0ecd0fd9ff48b7958f2f
preparation_raw/chr22_500_guide_485.columba_k0.sam	924	fa51a25280fffa742f2b12eae3a74be9107905e70040d3b19b2263530c827281
preparation_raw/chr22_500_guide_485.columba_k0.stderr.txt	0	e3b0c44298fc1c149afbf4c8996fb92427ae41e4649b934ca495991b7852b855
preparation_raw/chr22_500_guide_485.columba_k0.stdout.txt	0	e3b0c44298fc1c149afbf4c8996fb92427ae41e4649b934ca495991b7852b855
preparation_raw/chr22_500_guide_485.crisprapido_k0.paf	105	9bdfb2270fa6b3abdcd6d9dc88dd6e2da7b983242b64a38aafa5c0a793e710bb
preparation_raw/chr22_500_guide_485.crisprapido_k0.stderr.txt	0	e3b0c44298fc1c149afbf4c8996fb92427ae41e4649b934ca495991b7852b855
preparation_raw/chr22_500_guide_485.crisprapido_k0.stdout.txt	0	e3b0c44298fc1c149afbf4c8996fb92427ae41e4649b934ca495991b7852b855
preparation_raw/chr22_500_guide_486.columba_k0.log	2773	03c3e3ad3eba4be711e5f6709bf9c9a89866f28e463bb0c0cda72b6b2c2b1cbb
preparation_raw/chr22_500_guide_486.columba_k0.sam	924	f5d5655ae3adfdc20b637c5948ba5726bb556c10f28a46a32798c08ce082640f
preparation_raw/chr22_500_guide_486.columba_k0.stderr.txt	0	e3b0c44298fc1c149afbf4c8996fb92427ae41e4649b934ca495991b7852b855
preparation_raw/chr22_500_guide_486.columba_k0.stdout.txt	0	e3b0c44298fc1c149afbf4c8996fb92427ae41e4649b934ca495991b7852b855
preparation_raw/chr22_500_guide_486.crisprapido_k0.paf	105	8dc058c1447c872314f3d31ec8865959f3409fdebfa5044cb15c05b939609aa2
preparation_raw/chr22_500_guide_486.crisprapido_k0.stderr.txt	0	e3b0c44298fc1c149afbf4c8996fb92427ae41e4649b934ca495991b7852b855
preparation_raw/chr22_500_guide_486.crisprapido_k0.stdout.txt	0	e3b0c44298fc1c149afbf4c8996fb92427ae41e4649b934ca495991b7852b855
preparation_raw/chr22_500_guide_487.columba_k0.log	2773	eae53acfc5da1b2fd7be46d8fd24715491226bda5384d47452255a1bbc1c97aa
preparation_raw/chr22_500_guide_487.columba_k0.sam	924	a296c4d17b885a3a8b7c3e17f367fe1d484784aad1081f280e4b3b03a6c60269
preparation_raw/chr22_500_guide_487.columba_k0.stderr.txt	0	e3b0c44298fc1c149afbf4c8996fb92427ae41e4649b934ca495991b7852b855
preparation_raw/chr22_500_guide_487.columba_k0.stdout.txt	0	e3b0c44298fc1c149afbf4c8996fb92427ae41e4649b934ca495991b7852b855
preparation_raw/chr22_500_guide_487.crisprapido_k0.paf	105	f618e6a62a671dc60aed99263392f11c178317ef24a0e60ae15e6aefd01799fb
preparation_raw/chr22_500_guide_487.crisprapido_k0.stderr.txt	0	e3b0c44298fc1c149afbf4c8996fb92427ae41e4649b934ca495991b7852b855
preparation_raw/chr22_500_guide_487.crisprapido_k0.stdout.txt	0	e3b0c44298fc1c149afbf4c8996fb92427ae41e4649b934ca495991b7852b855
preparation_raw/chr22_500_guide_488.columba_k0.log	2773	42b355dae89eea1a8fd6e7e77d0a68797d41d7eebbe6f3a8abd4102dd04748a8
preparation_raw/chr22_500_guide_488.columba_k0.sam	924	fb778b34dc1610c75f640c766e7186c3599e29de774f87d99b4d4d690fcea4e7
preparation_raw/chr22_500_guide_488.columba_k0.stderr.txt	0	e3b0c44298fc1c149afbf4c8996fb92427ae41e4649b934ca495991b7852b855
preparation_raw/chr22_500_guide_488.columba_k0.stdout.txt	0	e3b0c44298fc1c149afbf4c8996fb92427ae41e4649b934ca495991b7852b855
preparation_raw/chr22_500_guide_488.crisprapido_k0.paf	105	624a957aae98b6d231ae1011b4e64e108e7b8e8e44287e46c4862920d0454e11
preparation_raw/chr22_500_guide_488.crisprapido_k0.stderr.txt	0	e3b0c44298fc1c149afbf4c8996fb92427ae41e4649b934ca495991b7852b855
preparation_raw/chr22_500_guide_488.crisprapido_k0.stdout.txt	0	e3b0c44298fc1c149afbf4c8996fb92427ae41e4649b934ca495991b7852b855
preparation_raw/chr22_500_guide_489.columba_k0.log	2773	72cb68a74f8755946eb0680dfcf78f75c59e9a508418dfba15a186257b9d5a0f
preparation_raw/chr22_500_guide_489.columba_k0.sam	924	e1dc364a382e1319b98bd410deea53f470da61a4283b2b57933faed47e51881d
preparation_raw/chr22_500_guide_489.columba_k0.stderr.txt	0	e3b0c44298fc1c149afbf4c8996fb92427ae41e4649b934ca495991b7852b855
preparation_raw/chr22_500_guide_489.columba_k0.stdout.txt	0	e3b0c44298fc1c149afbf4c8996fb92427ae41e4649b934ca495991b7852b855
preparation_raw/chr22_500_guide_489.crisprapido_k0.paf	105	ec47a60387ffa032dbc15150c6ff0b1c838905815402357dae3f75329a28357a
preparation_raw/chr22_500_guide_489.crisprapido_k0.stderr.txt	0	e3b0c44298fc1c149afbf4c8996fb92427ae41e4649b934ca495991b7852b855
preparation_raw/chr22_500_guide_489.crisprapido_k0.stdout.txt	0	e3b0c44298fc1c149afbf4c8996fb92427ae41e4649b934ca495991b7852b855
preparation_raw/chr22_500_guide_490.columba_k0.log	2773	750cc4b3c2d74891e10b35e3b8e079fc1a610d22811c65111feadb01ea177cda
preparation_raw/chr22_500_guide_490.columba_k0.sam	924	325abc50ff55a6d9cf6b23ca427ad7f4b7618886288c86da4f06ff1727b02044
preparation_raw/chr22_500_guide_490.columba_k0.stderr.txt	0	e3b0c44298fc1c149afbf4c8996fb92427ae41e4649b934ca495991b7852b855
preparation_raw/chr22_500_guide_490.columba_k0.stdout.txt	0	e3b0c44298fc1c149afbf4c8996fb92427ae41e4649b934ca495991b7852b855
preparation_raw/chr22_500_guide_490.crisprapido_k0.paf	105	66b221b076942d09483ccf370bfbe6385ed90670b85f4712c2007b29f79dda57
preparation_raw/chr22_500_guide_490.crisprapido_k0.stderr.txt	0	e3b0c44298fc1c149afbf4c8996fb92427ae41e4649b934ca495991b7852b855
preparation_raw/chr22_500_guide_490.crisprapido_k0.stdout.txt	0	e3b0c44298fc1c149afbf4c8996fb92427ae41e4649b934ca495991b7852b855
preparation_raw/chr22_500_guide_491.columba_k0.log	2773	9df2f8febb79f53ab65046c190b077100c69a886229a43b6a3aca2633cd8e44e
preparation_raw/chr22_500_guide_491.columba_k0.sam	924	c7ac16828a158e097d72d351374c714a679b648aa271517acb9953195b90b63e
preparation_raw/chr22_500_guide_491.columba_k0.stderr.txt	0	e3b0c44298fc1c149afbf4c8996fb92427ae41e4649b934ca495991b7852b855
preparation_raw/chr22_500_guide_491.columba_k0.stdout.txt	0	e3b0c44298fc1c149afbf4c8996fb92427ae41e4649b934ca495991b7852b855
preparation_raw/chr22_500_guide_491.crisprapido_k0.paf	105	d26d89bdd504b3597d3010fdc4ce82385f0052897c7c456fad509d6d59d744b9
preparation_raw/chr22_500_guide_491.crisprapido_k0.stderr.txt	0	e3b0c44298fc1c149afbf4c8996fb92427ae41e4649b934ca495991b7852b855
preparation_raw/chr22_500_guide_491.crisprapido_k0.stdout.txt	0	e3b0c44298fc1c149afbf4c8996fb92427ae41e4649b934ca495991b7852b855
preparation_raw/chr22_500_guide_492.columba_k0.log	2773	ccf118c074dca1faf94393b0e7c3f517fcb2e6a1cf2e7d126d1d3360d7e3a87f
preparation_raw/chr22_500_guide_492.columba_k0.sam	924	ee0d02444aaa6afcc45b9b99cb690dd7309d572d08320251df4cce324045ec6a
preparation_raw/chr22_500_guide_492.columba_k0.stderr.txt	0	e3b0c44298fc1c149afbf4c8996fb92427ae41e4649b934ca495991b7852b855
preparation_raw/chr22_500_guide_492.columba_k0.stdout.txt	0	e3b0c44298fc1c149afbf4c8996fb92427ae41e4649b934ca495991b7852b855
preparation_raw/chr22_500_guide_492.crisprapido_k0.paf	105	d1bbfd2faf7d69f7fbe39d9624756e6401f3ee6cd2fd299c525b88c947bdd2cf
preparation_raw/chr22_500_guide_492.crisprapido_k0.stderr.txt	0	e3b0c44298fc1c149afbf4c8996fb92427ae41e4649b934ca495991b7852b855
preparation_raw/chr22_500_guide_492.crisprapido_k0.stdout.txt	0	e3b0c44298fc1c149afbf4c8996fb92427ae41e4649b934ca495991b7852b855
preparation_raw/chr22_500_guide_493.columba_k0.log	2773	b2a247464911acb209ff05c556aecf9ec06743ae68b46ed2334cf6aafa0296a6
preparation_raw/chr22_500_guide_493.columba_k0.sam	1002	074077fa5f51b644ab6fe2e8d1ea6c8c5ed5870bd28271a2cd1e88793b9493eb
preparation_raw/chr22_500_guide_493.columba_k0.stderr.txt	0	e3b0c44298fc1c149afbf4c8996fb92427ae41e4649b934ca495991b7852b855
preparation_raw/chr22_500_guide_493.columba_k0.stdout.txt	0	e3b0c44298fc1c149afbf4c8996fb92427ae41e4649b934ca495991b7852b855
preparation_raw/chr22_500_guide_493.crisprapido_k0.paf	198	ec19da546dd723ed72c9b9a0dcff035474977ae403a6d04defe6298cc0969e2e
preparation_raw/chr22_500_guide_493.crisprapido_k0.stderr.txt	45	ecd997460eff8b19bac120208f47edd7be53e3371027aaa35d95fa07a5e79089
preparation_raw/chr22_500_guide_493.crisprapido_k0.stdout.txt	0	e3b0c44298fc1c149afbf4c8996fb92427ae41e4649b934ca495991b7852b855
preparation_raw/chr22_500_guide_494.columba_k0.log	2773	84fc4b8451c6c15c0221915b0e2317abc6c8b75faedf1ab06acf1d984ca75c24
preparation_raw/chr22_500_guide_494.columba_k0.sam	924	93ec0f76dc82407507e14ba456a3893328c9d2c7f3418f346f19240fc8bf7c80
preparation_raw/chr22_500_guide_494.columba_k0.stderr.txt	0	e3b0c44298fc1c149afbf4c8996fb92427ae41e4649b934ca495991b7852b855
preparation_raw/chr22_500_guide_494.columba_k0.stdout.txt	0	e3b0c44298fc1c149afbf4c8996fb92427ae41e4649b934ca495991b7852b855
preparation_raw/chr22_500_guide_494.crisprapido_k0.paf	105	aa7c76deb8cd48c48e0224a45cd7bdd03602ef159c762b3fe3add221cd775ad9
preparation_raw/chr22_500_guide_494.crisprapido_k0.stderr.txt	0	e3b0c44298fc1c149afbf4c8996fb92427ae41e4649b934ca495991b7852b855
preparation_raw/chr22_500_guide_494.crisprapido_k0.stdout.txt	0	e3b0c44298fc1c149afbf4c8996fb92427ae41e4649b934ca495991b7852b855
preparation_raw/chr22_500_guide_495.columba_k0.log	2773	2c414bd25cf948532931b3dbaa446c2ac20211f0e6028d22cd144bbc37a4c56b
preparation_raw/chr22_500_guide_495.columba_k0.sam	924	3f91415786605d12f532766651d95de2913ac0909a04cdc4c39189c887ed983a
preparation_raw/chr22_500_guide_495.columba_k0.stderr.txt	0	e3b0c44298fc1c149afbf4c8996fb92427ae41e4649b934ca495991b7852b855
preparation_raw/chr22_500_guide_495.columba_k0.stdout.txt	0	e3b0c44298fc1c149afbf4c8996fb92427ae41e4649b934ca495991b7852b855
preparation_raw/chr22_500_guide_495.crisprapido_k0.paf	105	f428fe77b5fe732c90e6cf097e5033b3a111f46c117014d9c525ee74561db8f9
preparation_raw/chr22_500_guide_495.crisprapido_k0.stderr.txt	0	e3b0c44298fc1c149afbf4c8996fb92427ae41e4649b934ca495991b7852b855
preparation_raw/chr22_500_guide_495.crisprapido_k0.stdout.txt	0	e3b0c44298fc1c149afbf4c8996fb92427ae41e4649b934ca495991b7852b855
preparation_raw/chr22_500_guide_496.columba_k0.log	2773	1dba092babe5b242bed1862f1c046d96b8fcf84649cc40eb97c1c9f0c5e3e922
preparation_raw/chr22_500_guide_496.columba_k0.sam	924	7533184f3cb3d071542d0af80b7a46ffba5766ea163d2607c41561333281a3de
preparation_raw/chr22_500_guide_496.columba_k0.stderr.txt	0	e3b0c44298fc1c149afbf4c8996fb92427ae41e4649b934ca495991b7852b855
preparation_raw/chr22_500_guide_496.columba_k0.stdout.txt	0	e3b0c44298fc1c149afbf4c8996fb92427ae41e4649b934ca495991b7852b855
preparation_raw/chr22_500_guide_496.crisprapido_k0.paf	105	9dd72b30ce28bc67f5d290d9cbb867d3c3fd6dc00da22a909f03378e7a0414c4
preparation_raw/chr22_500_guide_496.crisprapido_k0.stderr.txt	0	e3b0c44298fc1c149afbf4c8996fb92427ae41e4649b934ca495991b7852b855
preparation_raw/chr22_500_guide_496.crisprapido_k0.stdout.txt	0	e3b0c44298fc1c149afbf4c8996fb92427ae41e4649b934ca495991b7852b855
preparation_raw/chr22_500_guide_497.columba_k0.log	2773	00bf976f47aa51f20fa6018f44d45725110d4d048c31c0b254b57ec2a238eb57
preparation_raw/chr22_500_guide_497.columba_k0.sam	924	39ca3322f90cbc5958d285bab97c82f8b95fd62b637f57936965bd6e1d48cafa
preparation_raw/chr22_500_guide_497.columba_k0.stderr.txt	0	e3b0c44298fc1c149afbf4c8996fb92427ae41e4649b934ca495991b7852b855
preparation_raw/chr22_500_guide_497.columba_k0.stdout.txt	0	e3b0c44298fc1c149afbf4c8996fb92427ae41e4649b934ca495991b7852b855
preparation_raw/chr22_500_guide_497.crisprapido_k0.paf	105	95454f28187c5beb09711d60e71ffb74f1651e2307379f62112a3273597ee0ff
preparation_raw/chr22_500_guide_497.crisprapido_k0.stderr.txt	0	e3b0c44298fc1c149afbf4c8996fb92427ae41e4649b934ca495991b7852b855
preparation_raw/chr22_500_guide_497.crisprapido_k0.stdout.txt	0	e3b0c44298fc1c149afbf4c8996fb92427ae41e4649b934ca495991b7852b855
preparation_raw/chr22_500_guide_498.columba_k0.log	2773	e5e68d0d2e6b060557da6961aedde284f763818f0ae3db857ff4434b6151d261
preparation_raw/chr22_500_guide_498.columba_k0.sam	924	478a106b859cbf9f678041ab5bca42559dbd7962e3e5daf37eba012b48ac8e4a
preparation_raw/chr22_500_guide_498.columba_k0.stderr.txt	0	e3b0c44298fc1c149afbf4c8996fb92427ae41e4649b934ca495991b7852b855
preparation_raw/chr22_500_guide_498.columba_k0.stdout.txt	0	e3b0c44298fc1c149afbf4c8996fb92427ae41e4649b934ca495991b7852b855
preparation_raw/chr22_500_guide_498.crisprapido_k0.paf	105	beb16aed4dfc94d53e26a4e9e9fe957e10a154c292a35cbf6bb63d1df2a82ca3
preparation_raw/chr22_500_guide_498.crisprapido_k0.stderr.txt	0	e3b0c44298fc1c149afbf4c8996fb92427ae41e4649b934ca495991b7852b855
preparation_raw/chr22_500_guide_498.crisprapido_k0.stdout.txt	0	e3b0c44298fc1c149afbf4c8996fb92427ae41e4649b934ca495991b7852b855
preparation_raw/chr22_500_guide_499.columba_k0.log	2773	df01fef111c83ff92df34c4bb6bb611bd3b16373c6abd00fdc5b51091af030a7
preparation_raw/chr22_500_guide_499.columba_k0.sam	924	ee3bbfea0a7a73fa35a12276ff465c4ccf9226bef6b78a11d0b74a91ea1f6234
preparation_raw/chr22_500_guide_499.columba_k0.stderr.txt	0	e3b0c44298fc1c149afbf4c8996fb92427ae41e4649b934ca495991b7852b855
preparation_raw/chr22_500_guide_499.columba_k0.stdout.txt	0	e3b0c44298fc1c149afbf4c8996fb92427ae41e4649b934ca495991b7852b855
preparation_raw/chr22_500_guide_499.crisprapido_k0.paf	105	589cde34d9ad5d2d4a86bf9cca125c4004811a2581e714cb750bee2e730c7362
preparation_raw/chr22_500_guide_499.crisprapido_k0.stderr.txt	0	e3b0c44298fc1c149afbf4c8996fb92427ae41e4649b934ca495991b7852b855
preparation_raw/chr22_500_guide_499.crisprapido_k0.stdout.txt	0	e3b0c44298fc1c149afbf4c8996fb92427ae41e4649b934ca495991b7852b855
preparation_raw/chr22_500_guide_500.columba_k0.log	2774	74ab8fc705fcb2c24022e7652b0f3d45f6ee38e23d9aa1e51e26d3f3c6997488
preparation_raw/chr22_500_guide_500.columba_k0.sam	924	aa694deaf476f2ae5a00ed115a7f89cdef36a4958ed7318ad763742eb1a80c05
preparation_raw/chr22_500_guide_500.columba_k0.stderr.txt	0	e3b0c44298fc1c149afbf4c8996fb92427ae41e4649b934ca495991b7852b855
preparation_raw/chr22_500_guide_500.columba_k0.stdout.txt	0	e3b0c44298fc1c149afbf4c8996fb92427ae41e4649b934ca495991b7852b855
preparation_raw/chr22_500_guide_500.crisprapido_k0.paf	105	5a188d7c26c71afb1012046744a759f5adbb290bc704ee5eddb49329116e1309
preparation_raw/chr22_500_guide_500.crisprapido_k0.stderr.txt	0	e3b0c44298fc1c149afbf4c8996fb92427ae41e4649b934ca495991b7852b855
preparation_raw/chr22_500_guide_500.crisprapido_k0.stdout.txt	0	e3b0c44298fc1c149afbf4c8996fb92427ae41e4649b934ca495991b7852b855
