relative_path	size_bytes	sha256
raw/chr22_500_guides_20260810T040146_correctness_final/batches/correctness/baseline/pilot/batch_001/SUCCESS	0	e3b0c44298fc1c149afbf4c8996fb92427ae41e4649b934ca495991b7852b855
raw/chr22_500_guides_20260810T040146_correctness_final/batches/correctness/baseline/pilot/batch_001/environment.tsv	600	58427374c6c602ae3f59f6d36a4e1c83227e014174a3adc4c1ce498f2f118676
raw/chr22_500_guides_20260810T040146_correctness_final/batches/correctness/baseline/pilot/batch_001/guide_ids.txt	500	b6523bf4a35593377f37559d2b1889d4cd919af0a9f7e3728f6060bd023a6ea2
raw/chr22_500_guides_20260810T040146_correctness_final/batches/correctness/baseline/pilot/batch_001/guide_order.sha256	304	6521fac1734a2031c83f86c6c247c3e6d910dfe3797f55941aa49edadbd060a7
raw/chr22_500_guides_20260810T040146_correctness_final/batches/correctness/baseline/pilot/batch_001/guide_order.txt	500	4759f09571c8b8f37fce68cdcbfe795e39e0e48e0cf2d6c679a6aaae313006c7
raw/chr22_500_guides_20260810T040146_correctness_final/batches/correctness/baseline/pilot/batch_001/guide_results.tsv	5566	83dbd70135ce98b3baa288090b9faa3df981b8ba845a5505203b9a90fea05c9d
raw/chr22_500_guides_20260810T040146_correctness_final/batches/correctness/baseline/pilot/batch_001/guides/chr22_500_guide_001/command.txt	294	afbf5900c60497599f7a9cea13c72d77b02eead785e0c1c23b1bc29bda714b36
raw/chr22_500_guides_20260810T040146_correctness_final/batches/correctness/baseline/pilot/batch_001/guides/chr22_500_guide_001/metrics.tsv	293	9582e41096d1c7eec3dbd844645fb4b78632641d540ec39a6dd24d45cc1c9a08
raw/chr22_500_guides_20260810T040146_correctness_final/batches/correctness/baseline/pilot/batch_001/guides/chr22_500_guide_001/output.paf	99	fb6d3b27b6d5d6a0e129f7ff72c1498333bb402de3d7b91037e5fe223d923f8b
raw/chr22_500_guides_20260810T040146_correctness_final/batches/correctness/baseline/pilot/batch_001/guides/chr22_500_guide_001/stderr.txt	0	e3b0c44298fc1c149afbf4c8996fb92427ae41e4649b934ca495991b7852b855
raw/chr22_500_guides_20260810T040146_correctness_final/batches/correctness/baseline/pilot/batch_001/guides/chr22_500_guide_002/command.txt	294	3cafbb61357ef7c8cd33fa5924204f172f0a8809a529fff1bf06ff3753ef0604
raw/chr22_500_guides_20260810T040146_correctness_final/batches/correctness/baseline/pilot/batch_001/guides/chr22_500_guide_002/metrics.tsv	294	d90d3f457b276e2ca706e77d30828c01c37e1c999fe8fda6260e63cbb638b73a
raw/chr22_500_guides_20260810T040146_correctness_final/batches/correctness/baseline/pilot/batch_001/guides/chr22_500_guide_002/output.paf	101	4f84fd663e530097a356f82b2c5a0458e090b9ebcf5c96fddc5326573df955db
raw/chr22_500_guides_20260810T040146_correctness_final/batches/correctness/baseline/pilot/batch_001/guides/chr22_500_guide_002/stderr.txt	0	e3b0c44298fc1c149afbf4c8996fb92427ae41e4649b934ca495991b7852b855
raw/chr22_500_guides_20260810T040146_correctness_final/batches/correctness/baseline/pilot/batch_001/guides/chr22_500_guide_003/command.txt	294	3c9dd3c2caae1a522ea06d5a0d82f82c919b8f6c58f3c7353013c3857d5a052f
raw/chr22_500_guides_20260810T040146_correctness_final/batches/correctness/baseline/pilot/batch_001/guides/chr22_500_guide_003/metrics.tsv	294	691596958fe01c681e554660dc0367d6d21ef29c3f3c4301d2d2eb913cf62e67
raw/chr22_500_guides_20260810T040146_correctness_final/batches/correctness/baseline/pilot/batch_001/guides/chr22_500_guide_003/output.paf	204	c788efd23026646b4da4b4a94736bffdb6646d5bb82e63ef3b54d008d2d7f496
raw/chr22_500_guides_20260810T040146_correctness_final/batches/correctness/baseline/pilot/batch_001/guides/chr22_500_guide_003/stderr.txt	0	e3b0c44298fc1c149afbf4c8996fb92427ae41e4649b934ca495991b7852b855
raw/chr22_500_guides_20260810T040146_correctness_final/batches/correctness/baseline/pilot/batch_001/guides/chr22_500_guide_004/command.txt	294	f731ce64b499637f55032f797b0fd53b24664c87c013663206699dc84645f9e6
raw/chr22_500_guides_20260810T040146_correctness_final/batches/correctness/baseline/pilot/batch_001/guides/chr22_500_guide_004/metrics.tsv	294	67c6121b5f53f9eec94fb36837633632ece4a0b9e8b45ce41ec7676f046ea4fa
raw/chr22_500_guides_20260810T040146_correctness_final/batches/correctness/baseline/pilot/batch_001/guides/chr22_500_guide_004/output.paf	309	41a9ef51e83a95092df6d34278bb584d5cb81e4e5c965e87236e8b76ec966547
raw/chr22_500_guides_20260810T040146_correctness_final/batches/correctness/baseline/pilot/batch_001/guides/chr22_500_guide_004/stderr.txt	0	e3b0c44298fc1c149afbf4c8996fb92427ae41e4649b934ca495991b7852b855
raw/chr22_500_guides_20260810T040146_correctness_final/batches/correctness/baseline/pilot/batch_001/guides/chr22_500_guide_005/command.txt	294	2932a8d2fd5a5364ccbdc9b727252ac57dbf64bb6de2816689a1e4f28bb932ed
raw/chr22_500_guides_20260810T040146_correctness_final/batches/correctness/baseline/pilot/batch_001/guides/chr22_500_guide_005/metrics.tsv	294	32f3b566cd9b49d9b9635a04d5db83ae0ee5efce62e20a743bbc994e9e2a9cc5
raw/chr22_500_guides_20260810T040146_correctness_final/batches/correctness/baseline/pilot/batch_001/guides/chr22_500_guide_005/output.paf	204	5593b98c2493a0b88e42eaea42b482a194969227858e2af4912bc01dca9ef454
raw/chr22_500_guides_20260810T040146_correctness_final/batches/correctness/baseline/pilot/batch_001/guides/chr22_500_guide_005/stderr.txt	0	e3b0c44298fc1c149afbf4c8996fb92427ae41e4649b934ca495991b7852b855
raw/chr22_500_guides_20260810T040146_correctness_final/batches/correctness/baseline/pilot/batch_001/guides/chr22_500_guide_006/command.txt	294	05b7584ea359f0396758cc8be5bd556db618424952c64cf0828cdd1e8314decc
raw/chr22_500_guides_20260810T040146_correctness_final/batches/correctness/baseline/pilot/batch_001/guides/chr22_500_guide_006/metrics.tsv	294	9feaf9fd5d7f5e81a32eaf953ae2bf61f293951cdf64a456b3e9fbebf1764d7d
raw/chr22_500_guides_20260810T040146_correctness_final/batches/correctness/baseline/pilot/batch_001/guides/chr22_500_guide_006/output.paf	505	985223b6d62b5d89d90abb3b6411baab1ded4c027e524fd04733e3e131a2d641
raw/chr22_500_guides_20260810T040146_correctness_final/batches/correctness/baseline/pilot/batch_001/guides/chr22_500_guide_006/stderr.txt	0	e3b0c44298fc1c149afbf4c8996fb92427ae41e4649b934ca495991b7852b855
raw/chr22_500_guides_20260810T040146_correctness_final/batches/correctness/baseline/pilot/batch_001/guides/chr22_500_guide_007/command.txt	294	93cea8ca30749d8c1df4eefec4cc97a549857c1088f8ed4a46d7c4f52bd4aa86
raw/chr22_500_guides_20260810T040146_correctness_final/batches/correctness/baseline/pilot/batch_001/guides/chr22_500_guide_007/metrics.tsv	294	f7188164ff160f151e8b7ef1a32e795be58fb9e9550200a095c40e791fc23e73
raw/chr22_500_guides_20260810T040146_correctness_final/batches/correctness/baseline/pilot/batch_001/guides/chr22_500_guide_007/output.paf	202	56a8fdc6b10b61e89791b719fe5bae29758da62f5f0e9c2390a9488ca443dead
raw/chr22_500_guides_20260810T040146_correctness_final/batches/correctness/baseline/pilot/batch_001/guides/chr22_500_guide_007/stderr.txt	0	e3b0c44298fc1c149afbf4c8996fb92427ae41e4649b934ca495991b7852b855
raw/chr22_500_guides_20260810T040146_correctness_final/batches/correctness/baseline/pilot/batch_001/guides/chr22_500_guide_008/command.txt	294	ac1b91c9856b4d1a369592cde97c85ea96aa65b6ee4b485a78d333ca081481f5
raw/chr22_500_guides_20260810T040146_correctness_final/batches/correctness/baseline/pilot/batch_001/guides/chr22_500_guide_008/metrics.tsv	295	70d7faa7fe352cc10ffced4e2255a7716e4fc69070a0f22d5fdeec2ca093b54a
raw/chr22_500_guides_20260810T040146_correctness_final/batches/correctness/baseline/pilot/batch_001/guides/chr22_500_guide_008/output.paf	1648	b6990544da13d962d7f467b1fb67c5261747dba657b1d60c3fb8408d038daca1
raw/chr22_500_guides_20260810T040146_correctness_final/batches/correctness/baseline/pilot/batch_001/guides/chr22_500_guide_008/stderr.txt	0	e3b0c44298fc1c149afbf4c8996fb92427ae41e4649b934ca495991b7852b855
raw/chr22_500_guides_20260810T040146_correctness_final/batches/correctness/baseline/pilot/batch_001/guides/chr22_500_guide_009/command.txt	294	2fe95f717a7f3ff516e7aacecf4fd3209e21d0ff09ac02a9a98f2e4802075cba
raw/chr22_500_guides_20260810T040146_correctness_final/batches/correctness/baseline/pilot/batch_001/guides/chr22_500_guide_009/metrics.tsv	294	ee014962c04b8e3f2ca0fa3f5c90fa738efcfdd5fbc4f3f315a5c19d6993dcca
raw/chr22_500_guides_20260810T040146_correctness_final/batches/correctness/baseline/pilot/batch_001/guides/chr22_500_guide_009/output.paf	515	6e346ab2db55d3c7f91d6a8db09d40601049b9903bb02a609532ed9b4a1ef0ce
raw/chr22_500_guides_20260810T040146_correctness_final/batches/correctness/baseline/pilot/batch_001/guides/chr22_500_guide_009/stderr.txt	0	e3b0c44298fc1c149afbf4c8996fb92427ae41e4649b934ca495991b7852b855
raw/chr22_500_guides_20260810T040146_correctness_final/batches/correctness/baseline/pilot/batch_001/guides/chr22_500_guide_010/command.txt	294	6397bff2f3bf843f299a7d49bc406e600a90ddd1dad6a329538e695170bfff0f
raw/chr22_500_guides_20260810T040146_correctness_final/batches/correctness/baseline/pilot/batch_001/guides/chr22_500_guide_010/metrics.tsv	295	c2843c18828dc7db79580059763a4bff2b5305352f947ee482e4c2e784a9c20b
raw/chr22_500_guides_20260810T040146_correctness_final/batches/correctness/baseline/pilot/batch_001/guides/chr22_500_guide_010/output.paf	1268	7f7855cba48cfcf018b64b735f9486f5a07f3f795cc2f12c2057a931c4a8b973
raw/chr22_500_guides_20260810T040146_correctness_final/batches/correctness/baseline/pilot/batch_001/guides/chr22_500_guide_010/stderr.txt	0	e3b0c44298fc1c149afbf4c8996fb92427ae41e4649b934ca495991b7852b855
raw/chr22_500_guides_20260810T040146_correctness_final/batches/correctness/baseline/pilot/batch_001/guides/chr22_500_guide_011/command.txt	294	3edbaa481fcfb3ee95d95961a82666282ae2dccd080ab501309be6106edd5171
raw/chr22_500_guides_20260810T040146_correctness_final/batches/correctness/baseline/pilot/batch_001/guides/chr22_500_guide_011/metrics.tsv	294	3cc7f7c409365bfe2a14e7c2f5506c63aee3b8875784aa75527c73c8d83849b1
raw/chr22_500_guides_20260810T040146_correctness_final/batches/correctness/baseline/pilot/batch_001/guides/chr22_500_guide_011/output.paf	208	20a6fef7d7bba749a421911e40b3f958fa4ccc9b15ddc614b71a76e6e5df9ae2
raw/chr22_500_guides_20260810T040146_correctness_final/batches/correctness/baseline/pilot/batch_001/guides/chr22_500_guide_011/stderr.txt	0	e3b0c44298fc1c149afbf4c8996fb92427ae41e4649b934ca495991b7852b855
raw/chr22_500_guides_20260810T040146_correctness_final/batches/correctness/baseline/pilot/batch_001/guides/chr22_500_guide_012/command.txt	294	ae69179d56c81df3c45e250cbdb5a6a0291d207d583c1d02426010b25913f358
raw/chr22_500_guides_20260810T040146_correctness_final/batches/correctness/baseline/pilot/batch_001/guides/chr22_500_guide_012/metrics.tsv	294	639b58e684d2672e0c7f822495624fd86f4371fd866657011b9505546c070960
raw/chr22_500_guides_20260810T040146_correctness_final/batches/correctness/baseline/pilot/batch_001/guides/chr22_500_guide_012/output.paf	103	9e5ed8cdd1a37c75d6db7090a6f7a31471034f3cd57ca5ee982877d1f71ccf3b
raw/chr22_500_guides_20260810T040146_correctness_final/batches/correctness/baseline/pilot/batch_001/guides/chr22_500_guide_012/stderr.txt	0	e3b0c44298fc1c149afbf4c8996fb92427ae41e4649b934ca495991b7852b855
raw/chr22_500_guides_20260810T040146_correctness_final/batches/correctness/baseline/pilot/batch_001/guides/chr22_500_guide_013/command.txt	294	c4ddca4230168cb96406c58fc309ef53915dfc56c8f91bab7db2f5d600eadb61
raw/chr22_500_guides_20260810T040146_correctness_final/batches/correctness/baseline/pilot/batch_001/guides/chr22_500_guide_013/metrics.tsv	295	7f14f3abfbc38f5f6690150f34f3c471bd3e506fb12363de6b1c5cb86c9837c4
raw/chr22_500_guides_20260810T040146_correctness_final/batches/correctness/baseline/pilot/batch_001/guides/chr22_500_guide_013/output.paf	1678	ccf03cb0d6d8c00fb3db8165e337310508524df7a263eceba59b5c326620e6da
raw/chr22_500_guides_20260810T040146_correctness_final/batches/correctness/baseline/pilot/batch_001/guides/chr22_500_guide_013/stderr.txt	0	e3b0c44298fc1c149afbf4c8996fb92427ae41e4649b934ca495991b7852b855
raw/chr22_500_guides_20260810T040146_correctness_final/batches/correctness/baseline/pilot/batch_001/guides/chr22_500_guide_014/command.txt	294	bb1127db7e2912aad6c66df0baa2d24b57e7a152f9aed5a7c30b3389c82fbdc2
raw/chr22_500_guides_20260810T040146_correctness_final/batches/correctness/baseline/pilot/batch_001/guides/chr22_500_guide_014/metrics.tsv	294	0546d30e5cbb52b44dfddb121604378bdaf5c8feb644752beff1ce0eeacb738f
raw/chr22_500_guides_20260810T040146_correctness_final/batches/correctness/baseline/pilot/batch_001/guides/chr22_500_guide_014/output.paf	729	4917abdb471b3259d47ffd252cf48aef15920d913920ae0cf6df5d07f7f51a6b
raw/chr22_500_guides_20260810T040146_correctness_final/batches/correctness/baseline/pilot/batch_001/guides/chr22_500_guide_014/stderr.txt	0	e3b0c44298fc1c149afbf4c8996fb92427ae41e4649b934ca495991b7852b855
raw/chr22_500_guides_20260810T040146_correctness_final/batches/correctness/baseline/pilot/batch_001/guides/chr22_500_guide_015/command.txt	294	762c46154c105ea08f7296a491fb7ecd4f298643c0f58e4dd6a61fc90e8d0bbf
raw/chr22_500_guides_20260810T040146_correctness_final/batches/correctness/baseline/pilot/batch_001/guides/chr22_500_guide_015/metrics.tsv	294	6d746f4d889b5b2a228e44e47ddf85cfe746a35aa7f2b6588301cbf93f3eff40
raw/chr22_500_guides_20260810T040146_correctness_final/batches/correctness/baseline/pilot/batch_001/guides/chr22_500_guide_015/output.paf	103	25f71f69affd98f6790d4162f2184eeae2794ef38bcf6e8c5338d710759c2c15
raw/chr22_500_guides_20260810T040146_correctness_final/batches/correctness/baseline/pilot/batch_001/guides/chr22_500_guide_015/stderr.txt	0	e3b0c44298fc1c149afbf4c8996fb92427ae41e4649b934ca495991b7852b855
raw/chr22_500_guides_20260810T040146_correctness_final/batches/correctness/baseline/pilot/batch_001/guides/chr22_500_guide_016/command.txt	294	92bd763622061838ebfb032069514bb2f2de57899f2875a7b1a4421f9b4ce91a
raw/chr22_500_guides_20260810T040146_correctness_final/batches/correctness/baseline/pilot/batch_001/guides/chr22_500_guide_016/metrics.tsv	296	cf271bf0ffb06a722ad55db38026601f62afbf41bcc8c72ccc6f6c6929f58e2b
raw/chr22_500_guides_20260810T040146_correctness_final/batches/correctness/baseline/pilot/batch_001/guides/chr22_500_guide_016/output.paf	69231	0daab402822b20c338cdf64b5a65403acba77d316eeb8a75a71184e96d24e93b
raw/chr22_500_guides_20260810T040146_correctness_final/batches/correctness/baseline/pilot/batch_001/guides/chr22_500_guide_016/stderr.txt	0	e3b0c44298fc1c149afbf4c8996fb92427ae41e4649b934ca495991b7852b855
raw/chr22_500_guides_20260810T040146_correctness_final/batches/correctness/baseline/pilot/batch_001/guides/chr22_500_guide_017/command.txt	294	33aa9deeae87582e44152640f4f979ad314f5aab10ccfa5b550b19d7dbc4f2b8
raw/chr22_500_guides_20260810T040146_correctness_final/batches/correctness/baseline/pilot/batch_001/guides/chr22_500_guide_017/metrics.tsv	294	0233c1a4c027ee75bb285db9cb427dacddc16514ef2099e5f7f9d80aa6a3e4e8
raw/chr22_500_guides_20260810T040146_correctness_final/batches/correctness/baseline/pilot/batch_001/guides/chr22_500_guide_017/output.paf	212	4248427dbded810ba66778f9ffb9237d3cb4048cb1d18ccaa9abd4103e46073a
raw/chr22_500_guides_20260810T040146_correctness_final/batches/correctness/baseline/pilot/batch_001/guides/chr22_500_guide_017/stderr.txt	0	e3b0c44298fc1c149afbf4c8996fb92427ae41e4649b934ca495991b7852b855
raw/chr22_500_guides_20260810T040146_correctness_final/batches/correctness/baseline/pilot/batch_001/guides/chr22_500_guide_018/command.txt	294	c77720e1ae0e110fd081574fe1280c106e5deb6b19dc49ed9af5b43be6c815db
raw/chr22_500_guides_20260810T040146_correctness_final/batches/correctness/baseline/pilot/batch_001/guides/chr22_500_guide_018/metrics.tsv	294	91508970b4ae6a80d671219de2e56605d5bdc1b506e72053a98c12d247e8a7f6
raw/chr22_500_guides_20260810T040146_correctness_final/batches/correctness/baseline/pilot/batch_001/guides/chr22_500_guide_018/output.paf	103	691ce0260ac4ff8426decb079b6ec2efdf4680b3abaced64e9143840bccb9552
raw/chr22_500_guides_20260810T040146_correctness_final/batches/correctness/baseline/pilot/batch_001/guides/chr22_500_guide_018/stderr.txt	0	e3b0c44298fc1c149afbf4c8996fb92427ae41e4649b934ca495991b7852b855
raw/chr22_500_guides_20260810T040146_correctness_final/batches/correctness/baseline/pilot/batch_001/guides/chr22_500_guide_019/command.txt	294	4fdd7d5086bc8632db9cd422149cefe00def460231c806deb7c61fad5b4a468f
raw/chr22_500_guides_20260810T040146_correctness_final/batches/correctness/baseline/pilot/batch_001/guides/chr22_500_guide_019/metrics.tsv	294	93c26a03de84ce9e7362207a958c9d2aa65fbfa4dc8193091d660ed4f92014f8
raw/chr22_500_guides_20260810T040146_correctness_final/batches/correctness/baseline/pilot/batch_001/guides/chr22_500_guide_019/output.paf	515	866f7d39fe47126f9528eb8dfb34b40a7009ae6feed7c9a2c91e7d6e0cdbd671
raw/chr22_500_guides_20260810T040146_correctness_final/batches/correctness/baseline/pilot/batch_001/guides/chr22_500_guide_019/stderr.txt	0	e3b0c44298fc1c149afbf4c8996fb92427ae41e4649b934ca495991b7852b855
raw/chr22_500_guides_20260810T040146_correctness_final/batches/correctness/baseline/pilot/batch_001/guides/chr22_500_guide_020/command.txt	294	c6577ecc4bf58c41dc11f4b5384cf478be07b23379847bc57302ed352cc8a396
raw/chr22_500_guides_20260810T040146_correctness_final/batches/correctness/baseline/pilot/batch_001/guides/chr22_500_guide_020/metrics.tsv	294	3caa663b26517d9deb5203bdb058754f7e3c081abf032d604858015da3967de3
raw/chr22_500_guides_20260810T040146_correctness_final/batches/correctness/baseline/pilot/batch_001/guides/chr22_500_guide_020/output.paf	309	ffed6ef882a5b49bea13ef17900273b66796a85e7b8e37bc5ebfa5b406342510
raw/chr22_500_guides_20260810T040146_correctness_final/batches/correctness/baseline/pilot/batch_001/guides/chr22_500_guide_020/stderr.txt	0	e3b0c44298fc1c149afbf4c8996fb92427ae41e4649b934ca495991b7852b855
raw/chr22_500_guides_20260810T040146_correctness_final/batches/correctness/baseline/pilot/batch_001/guides/chr22_500_guide_021/command.txt	294	163e7965ade2014e09b045a3de57cfbd9b2ae9c20b6cd01e270074993b8893ea
raw/chr22_500_guides_20260810T040146_correctness_final/batches/correctness/baseline/pilot/batch_001/guides/chr22_500_guide_021/metrics.tsv	294	02abb10e27b975148efaad02eecc3518bdf3607b6602eb594a83a63dc646b7ff
raw/chr22_500_guides_20260810T040146_correctness_final/batches/correctness/baseline/pilot/batch_001/guides/chr22_500_guide_021/output.paf	103	2b073fcb4a2bd34250518b2ca167b1ea129dbf14264dd074ab7fc34c8f1ab035
raw/chr22_500_guides_20260810T040146_correctness_final/batches/correctness/baseline/pilot/batch_001/guides/chr22_500_guide_021/stderr.txt	0	e3b0c44298fc1c149afbf4c8996fb92427ae41e4649b934ca495991b7852b855
raw/chr22_500_guides_20260810T040146_correctness_final/batches/correctness/baseline/pilot/batch_001/guides/chr22_500_guide_022/command.txt	294	1a6d1fea53733cfd0ea3dca8d489c79f326611a06ec71163818cc578c82a9ed0
raw/chr22_500_guides_20260810T040146_correctness_final/batches/correctness/baseline/pilot/batch_001/guides/chr22_500_guide_022/metrics.tsv	294	3c66a2c6ab7c2e1dcb9d41d967834a9ea972a191f7a7aafbd43964a657605366
raw/chr22_500_guides_20260810T040146_correctness_final/batches/correctness/baseline/pilot/batch_001/guides/chr22_500_guide_022/output.paf	309	5a62cebd8293e901a67b59a580cd404a0622d4a1deb300c572d8af96bb45378c
raw/chr22_500_guides_20260810T040146_correctness_final/batches/correctness/baseline/pilot/batch_001/guides/chr22_500_guide_022/stderr.txt	0	e3b0c44298fc1c149afbf4c8996fb92427ae41e4649b934ca495991b7852b855
raw/chr22_500_guides_20260810T040146_correctness_final/batches/correctness/baseline/pilot/batch_001/guides/chr22_500_guide_023/command.txt	294	10f8da586140feed8c277b6f2a88768b7554073e8f93d8d096f42428a3b8f22c
raw/chr22_500_guides_20260810T040146_correctness_final/batches/correctness/baseline/pilot/batch_001/guides/chr22_500_guide_023/metrics.tsv	294	77ec789cd06453384e6311025731f9b0ebb3ab9fe45a360bfbbed83b606c4144
raw/chr22_500_guides_20260810T040146_correctness_final/batches/correctness/baseline/pilot/batch_001/guides/chr22_500_guide_023/output.paf	103	95686fb2b7a30116b7ae2cc467351eaaf4c6f25cab6f6b7bc6dcc05f1c409532
raw/chr22_500_guides_20260810T040146_correctness_final/batches/correctness/baseline/pilot/batch_001/guides/chr22_500_guide_023/stderr.txt	0	e3b0c44298fc1c149afbf4c8996fb92427ae41e4649b934ca495991b7852b855
raw/chr22_500_guides_20260810T040146_correctness_final/batches/correctness/baseline/pilot/batch_001/guides/chr22_500_guide_024/command.txt	294	23e868ee7422f756362bde9ac794b7356cba47550d4cf8d595c887b35f4ba6d9
raw/chr22_500_guides_20260810T040146_correctness_final/batches/correctness/baseline/pilot/batch_001/guides/chr22_500_guide_024/metrics.tsv	294	79de4aa22dfb2ef28856402c07b93c3ef1399a95474e02768e12846a25ee80f7
raw/chr22_500_guides_20260810T040146_correctness_final/batches/correctness/baseline/pilot/batch_001/guides/chr22_500_guide_024/output.paf	317	e2141db7e991148b16ad16f2e3fdeeb38a6d09c2e02a41849b41c0e3f204e31a
raw/chr22_500_guides_20260810T040146_correctness_final/batches/correctness/baseline/pilot/batch_001/guides/chr22_500_guide_024/stderr.txt	0	e3b0c44298fc1c149afbf4c8996fb92427ae41e4649b934ca495991b7852b855
raw/chr22_500_guides_20260810T040146_correctness_final/batches/correctness/baseline/pilot/batch_001/guides/chr22_500_guide_025/command.txt	294	8815505d85776b22f26b44e5efb54a3d5b39ecd7ad322ce4a28aa43203448545
raw/chr22_500_guides_20260810T040146_correctness_final/batches/correctness/baseline/pilot/batch_001/guides/chr22_500_guide_025/metrics.tsv	294	b28c2e2a30d73f40583415ee1c09c10f24b00345ae38efda7c739979e9985175
raw/chr22_500_guides_20260810T040146_correctness_final/batches/correctness/baseline/pilot/batch_001/guides/chr22_500_guide_025/output.paf	103	31d2eb4b52dd3ff5d5f7d7232cbb7268020caafdc57c4696b5e875b10cf57fd5
raw/chr22_500_guides_20260810T040146_correctness_final/batches/correctness/baseline/pilot/batch_001/guides/chr22_500_guide_025/stderr.txt	0	e3b0c44298fc1c149afbf4c8996fb92427ae41e4649b934ca495991b7852b855
raw/chr22_500_guides_20260810T040146_correctness_final/batches/correctness/baseline/pilot/batch_002/SUCCESS	0	e3b0c44298fc1c149afbf4c8996fb92427ae41e4649b934ca495991b7852b855
raw/chr22_500_guides_20260810T040146_correctness_final/batches/correctness/baseline/pilot/batch_002/environment.tsv	600	672097f70234dcba0ca93977eb876809e47389ad23efd28f4ce87d7c34275273
raw/chr22_500_guides_20260810T040146_correctness_final/batches/correctness/baseline/pilot/batch_002/guide_ids.txt	500	f4f4755db7fdc3e8726eecbdbddafdd628e246de733e1ed58226c07496f95659
raw/chr22_500_guides_20260810T040146_correctness_final/batches/correctness/baseline/pilot/batch_002/guide_order.sha256	304	625a307f2747a32d9610eb4aa7e61563e3481ded6fab31967d2b93c0ed4a6ee3
raw/chr22_500_guides_20260810T040146_correctness_final/batches/correctness/baseline/pilot/batch_002/guide_order.txt	500	de7d1f0bff5584c3343206fa815375ca8e62fa5ce1a825d21420b39e9ecba8fa
raw/chr22_500_guides_20260810T040146_correctness_final/batches/correctness/baseline/pilot/batch_002/guide_results.tsv	5573	e049e0308c830022bf13dc4b023cd769a3156baf07e2f4cceaf099a600bd4033
raw/chr22_500_guides_20260810T040146_correctness_final/batches/correctness/baseline/pilot/batch_002/guides/chr22_500_guide_026/command.txt	294	0dd9688ed3dfba3a17acefab770afd550db61f4f79b69903f274b0c9dfde1d88
raw/chr22_500_guides_20260810T040146_correctness_final/batches/correctness/baseline/pilot/batch_002/guides/chr22_500_guide_026/metrics.tsv	294	c8b1bec9494248abf3dffc68ee46eecda688a1bd2bbc12390b0999af4ee62807
raw/chr22_500_guides_20260810T040146_correctness_final/batches/correctness/baseline/pilot/batch_002/guides/chr22_500_guide_026/output.paf	103	92457b8eeba549253b9d7c8b508cd2a2bbb6eadd76da9e74b1cab96a0815447a
raw/chr22_500_guides_20260810T040146_correctness_final/batches/correctness/baseline/pilot/batch_002/guides/chr22_500_guide_026/stderr.txt	0	e3b0c44298fc1c149afbf4c8996fb92427ae41e4649b934ca495991b7852b855
raw/chr22_500_guides_20260810T040146_correctness_final/batches/correctness/baseline/pilot/batch_002/guides/chr22_500_guide_027/command.txt	294	4ef0f60a73752944cead817abff9242b09bfd9308b4a10a8db6fe8b76501f29b
raw/chr22_500_guides_20260810T040146_correctness_final/batches/correctness/baseline/pilot/batch_002/guides/chr22_500_guide_027/metrics.tsv	295	a82203e857f6c0e1f8fbc0c23b3420594c5b2f4f7a050848b7b2638ce06a476a
raw/chr22_500_guides_20260810T040146_correctness_final/batches/correctness/baseline/pilot/batch_002/guides/chr22_500_guide_027/output.paf	6118	a1408eb58d02e0d8a9ebf5a196b6bbbd30d368ff8a4621e96b3ab600e8a5bbdd
raw/chr22_500_guides_20260810T040146_correctness_final/batches/correctness/baseline/pilot/batch_002/guides/chr22_500_guide_027/stderr.txt	0	e3b0c44298fc1c149afbf4c8996fb92427ae41e4649b934ca495991b7852b855
raw/chr22_500_guides_20260810T040146_correctness_final/batches/correctness/baseline/pilot/batch_002/guides/chr22_500_guide_028/command.txt	294	da4c9f00cf2ae8210a9cde92e24246052d2cd69473d23fd11b655dbc72d291c1
raw/chr22_500_guides_20260810T040146_correctness_final/batches/correctness/baseline/pilot/batch_002/guides/chr22_500_guide_028/metrics.tsv	294	59e25813113ed83e2eaa15a0a6bda72d6286fa3bdab1878cdf0d10ae1825c7de
raw/chr22_500_guides_20260810T040146_correctness_final/batches/correctness/baseline/pilot/batch_002/guides/chr22_500_guide_028/output.paf	412	381669eac105895c77936e91601bef5a44b194dce1468388fa6bc22b65e83aab
raw/chr22_500_guides_20260810T040146_correctness_final/batches/correctness/baseline/pilot/batch_002/guides/chr22_500_guide_028/stderr.txt	0	e3b0c44298fc1c149afbf4c8996fb92427ae41e4649b934ca495991b7852b855
raw/chr22_500_guides_20260810T040146_correctness_final/batches/correctness/baseline/pilot/batch_002/guides/chr22_500_guide_029/command.txt	294	ad57d7e5c2f4217d1b7946eff687ec7cf182d24efdf90383d1c89fc48cb744ad
raw/chr22_500_guides_20260810T040146_correctness_final/batches/correctness/baseline/pilot/batch_002/guides/chr22_500_guide_029/metrics.tsv	294	e1dc404fd15d7bb909aee7e62d4cbd5839942fdee97164e4d089685f1083fffb
raw/chr22_500_guides_20260810T040146_correctness_final/batches/correctness/baseline/pilot/batch_002/guides/chr22_500_guide_029/output.paf	424	ccd3d95494b84b5ddea518d35d8ffb3b163a2d9c577024dd2531a1c47d1297a6
raw/chr22_500_guides_20260810T040146_correctness_final/batches/correctness/baseline/pilot/batch_002/guides/chr22_500_guide_029/stderr.txt	0	e3b0c44298fc1c149afbf4c8996fb92427ae41e4649b934ca495991b7852b855
raw/chr22_500_guides_20260810T040146_correctness_final/batches/correctness/baseline/pilot/batch_002/guides/chr22_500_guide_030/command.txt	294	bf9d374bd63523e859ae4c8b32b7380c24b5c51c34794e37cb9bac3b25c33875
raw/chr22_500_guides_20260810T040146_correctness_final/batches/correctness/baseline/pilot/batch_002/guides/chr22_500_guide_030/metrics.tsv	295	56657f5c94a4edea228e3039c5331efd1e28463e2027707f7ca54da99f035aaf
raw/chr22_500_guides_20260810T040146_correctness_final/batches/correctness/baseline/pilot/batch_002/guides/chr22_500_guide_030/output.paf	3506	808fb7944fc9bb9c4aac291784fc8cbcc076a7b6e1db13c1189f412ffd7cb3de
raw/chr22_500_guides_20260810T040146_correctness_final/batches/correctness/baseline/pilot/batch_002/guides/chr22_500_guide_030/stderr.txt	0	e3b0c44298fc1c149afbf4c8996fb92427ae41e4649b934ca495991b7852b855
raw/chr22_500_guides_20260810T040146_correctness_final/batches/correctness/baseline/pilot/batch_002/guides/chr22_500_guide_031/command.txt	294	5e61c0cf8262b8046d90e0be29ab47029aa0ce8ac8a71879acdb4a87ec2da764
raw/chr22_500_guides_20260810T040146_correctness_final/batches/correctness/baseline/pilot/batch_002/guides/chr22_500_guide_031/metrics.tsv	294	bd3050163ea1025c876d4c47ef646fc7ef25c86379bb40b2584ca57472ea9c1b
raw/chr22_500_guides_20260810T040146_correctness_final/batches/correctness/baseline/pilot/batch_002/guides/chr22_500_guide_031/output.paf	103	449eef586702df92b06ca3e4fc18604b620a552314243ced02a516e616f3adcc
raw/chr22_500_guides_20260810T040146_correctness_final/batches/correctness/baseline/pilot/batch_002/guides/chr22_500_guide_031/stderr.txt	0	e3b0c44298fc1c149afbf4c8996fb92427ae41e4649b934ca495991b7852b855
raw/chr22_500_guides_20260810T040146_correctness_final/batches/correctness/baseline/pilot/batch_002/guides/chr22_500_guide_032/command.txt	294	bcd998c87afb2230f8d8e7becb61c3b103f6de0da25cab50940d31b2ca1c58d7
raw/chr22_500_guides_20260810T040146_correctness_final/batches/correctness/baseline/pilot/batch_002/guides/chr22_500_guide_032/metrics.tsv	295	3221947f5458a03e470461f332df24c9da03acb54dd8e9e191d429994e39e84c
raw/chr22_500_guides_20260810T040146_correctness_final/batches/correctness/baseline/pilot/batch_002/guides/chr22_500_guide_032/output.paf	4786	001dad7b152b520ee7463975ee8f25aca405ad6ed7e3135c6afeec55337f0b4a
raw/chr22_500_guides_20260810T040146_correctness_final/batches/correctness/baseline/pilot/batch_002/guides/chr22_500_guide_032/stderr.txt	0	e3b0c44298fc1c149afbf4c8996fb92427ae41e4649b934ca495991b7852b855
raw/chr22_500_guides_20260810T040146_correctness_final/batches/correctness/baseline/pilot/batch_002/guides/chr22_500_guide_033/command.txt	294	50bacb1be8cccd5fb275b2fd3907ca0a162e120704b1105e5cea0fb01801a84e
raw/chr22_500_guides_20260810T040146_correctness_final/batches/correctness/baseline/pilot/batch_002/guides/chr22_500_guide_033/metrics.tsv	295	7bb3220d4c0dcd60a1e5d4a75ecb351d2200df66b42be99857df10752b5a0486
raw/chr22_500_guides_20260810T040146_correctness_final/batches/correctness/baseline/pilot/batch_002/guides/chr22_500_guide_033/output.paf	4231	2e1d8ff63d9ef81ef131f76846d45cc86dabea52aaf0f84b984560d7fb17cf87
raw/chr22_500_guides_20260810T040146_correctness_final/batches/correctness/baseline/pilot/batch_002/guides/chr22_500_guide_033/stderr.txt	0	e3b0c44298fc1c149afbf4c8996fb92427ae41e4649b934ca495991b7852b855
raw/chr22_500_guides_20260810T040146_correctness_final/batches/correctness/baseline/pilot/batch_002/guides/chr22_500_guide_034/command.txt	294	780456f4bccd0679c4188a5ad0660c5d2eeec59ced8a9565d3fc14fbe6433364
raw/chr22_500_guides_20260810T040146_correctness_final/batches/correctness/baseline/pilot/batch_002/guides/chr22_500_guide_034/metrics.tsv	295	4b6044696e36aafc2d3fd11a000f8365cec994abca168389360d3529e03a8408
raw/chr22_500_guides_20260810T040146_correctness_final/batches/correctness/baseline/pilot/batch_002/guides/chr22_500_guide_034/output.paf	2124	7844cc0f619b1981e5c9459584a26685c990deda3d4720e2b2e39b1ddee36df7
raw/chr22_500_guides_20260810T040146_correctness_final/batches/correctness/baseline/pilot/batch_002/guides/chr22_500_guide_034/stderr.txt	0	e3b0c44298fc1c149afbf4c8996fb92427ae41e4649b934ca495991b7852b855
raw/chr22_500_guides_20260810T040146_correctness_final/batches/correctness/baseline/pilot/batch_002/guides/chr22_500_guide_035/command.txt	294	d61130e06e202783348941c73505d445d0b2fcbacf0bd52937ef9a0dfe03404c
raw/chr22_500_guides_20260810T040146_correctness_final/batches/correctness/baseline/pilot/batch_002/guides/chr22_500_guide_035/metrics.tsv	294	5c41c07402f66ae17357f5182a2b6c79fe35593179f3939f0ea9028f081f15d8
raw/chr22_500_guides_20260810T040146_correctness_final/batches/correctness/baseline/pilot/batch_002/guides/chr22_500_guide_035/output.paf	208	2210c39cb2f71ce621020d38f2977993ae3cc0a916f10697dcce8a974d5ee049
raw/chr22_500_guides_20260810T040146_correctness_final/batches/correctness/baseline/pilot/batch_002/guides/chr22_500_guide_035/stderr.txt	0	e3b0c44298fc1c149afbf4c8996fb92427ae41e4649b934ca495991b7852b855
raw/chr22_500_guides_20260810T040146_correctness_final/batches/correctness/baseline/pilot/batch_002/guides/chr22_500_guide_036/command.txt	294	da59180089ce178db40dbc20323d7c75a412fbf9a7ede84021eb5283806d1add
raw/chr22_500_guides_20260810T040146_correctness_final/batches/correctness/baseline/pilot/batch_002/guides/chr22_500_guide_036/metrics.tsv	294	f315c4588709d7abd9404af9d63121a38491362bf6a2fe7985a30e3ee4171e4d
raw/chr22_500_guides_20260810T040146_correctness_final/batches/correctness/baseline/pilot/batch_002/guides/chr22_500_guide_036/output.paf	412	c18ffe12326ba7abb0a9b021b7b8c403c87e06df023f754230f2ea877197fd40
raw/chr22_500_guides_20260810T040146_correctness_final/batches/correctness/baseline/pilot/batch_002/guides/chr22_500_guide_036/stderr.txt	0	e3b0c44298fc1c149afbf4c8996fb92427ae41e4649b934ca495991b7852b855
raw/chr22_500_guides_20260810T040146_correctness_final/batches/correctness/baseline/pilot/batch_002/guides/chr22_500_guide_037/command.txt	294	4001636c78caed4f81cefe804db39d27f58683b69a3961504928535851f93a99
raw/chr22_500_guides_20260810T040146_correctness_final/batches/correctness/baseline/pilot/batch_002/guides/chr22_500_guide_037/metrics.tsv	295	9953966d633bb0cedfa404cafd3ae453b173a493fbec1238958e66b05d6791ca
raw/chr22_500_guides_20260810T040146_correctness_final/batches/correctness/baseline/pilot/batch_002/guides/chr22_500_guide_037/output.paf	1266	018be0f55c2783224c352be5f912d1bdf5b297e8d68a81e1cce4142c42199216
raw/chr22_500_guides_20260810T040146_correctness_final/batches/correctness/baseline/pilot/batch_002/guides/chr22_500_guide_037/stderr.txt	0	e3b0c44298fc1c149afbf4c8996fb92427ae41e4649b934ca495991b7852b855
raw/chr22_500_guides_20260810T040146_correctness_final/batches/correctness/baseline/pilot/batch_002/guides/chr22_500_guide_038/command.txt	294	990c97030b662290e1a7bcbbd8a01b13fcf1e9e211333ac82e77265d1c0d586a
raw/chr22_500_guides_20260810T040146_correctness_final/batches/correctness/baseline/pilot/batch_002/guides/chr22_500_guide_038/metrics.tsv	295	d20ea1dae74bcc45ca857734c99cd683a45c2b0180feefff495c0a51c9465be7
raw/chr22_500_guides_20260810T040146_correctness_final/batches/correctness/baseline/pilot/batch_002/guides/chr22_500_guide_038/output.paf	6952	ba3197353a7a6ca64b2b565ddc20fc1a01f42c2fd9384ac9a21bb08593cedd31
raw/chr22_500_guides_20260810T040146_correctness_final/batches/correctness/baseline/pilot/batch_002/guides/chr22_500_guide_038/stderr.txt	0	e3b0c44298fc1c149afbf4c8996fb92427ae41e4649b934ca495991b7852b855
raw/chr22_500_guides_20260810T040146_correctness_final/batches/correctness/baseline/pilot/batch_002/guides/chr22_500_guide_039/command.txt	294	b497e22c5995edd155566197d4a35fe05be99896b141e54119b26a77fed611e9
raw/chr22_500_guides_20260810T040146_correctness_final/batches/correctness/baseline/pilot/batch_002/guides/chr22_500_guide_039/metrics.tsv	294	c5a8efbc4f289a170197b11d5effe4fcc9b95ae4362d75b1fbabd9e9fc63a7c9
raw/chr22_500_guides_20260810T040146_correctness_final/batches/correctness/baseline/pilot/batch_002/guides/chr22_500_guide_039/output.paf	103	8a40b1af594d7469b21e93053d26455deb24982286e05791abe94aeb8a8156aa
raw/chr22_500_guides_20260810T040146_correctness_final/batches/correctness/baseline/pilot/batch_002/guides/chr22_500_guide_039/stderr.txt	0	e3b0c44298fc1c149afbf4c8996fb92427ae41e4649b934ca495991b7852b855
raw/chr22_500_guides_20260810T040146_correctness_final/batches/correctness/baseline/pilot/batch_002/guides/chr22_500_guide_040/command.txt	294	b4ae5a983e315565fb4f2e8d9781f57a69605752c7156463f55b3f7b1c6906cb
raw/chr22_500_guides_20260810T040146_correctness_final/batches/correctness/baseline/pilot/batch_002/guides/chr22_500_guide_040/metrics.tsv	295	8c150615daae45610c3e2af9610fcafcde08c57cb7ca07b90c812b65807646f9
raw/chr22_500_guides_20260810T040146_correctness_final/batches/correctness/baseline/pilot/batch_002/guides/chr22_500_guide_040/output.paf	2518	64469dba4378dce90a2ff67dfab342dc80c0819b671f482b6b0b408898e75d22
raw/chr22_500_guides_20260810T040146_correctness_final/batches/correctness/baseline/pilot/batch_002/guides/chr22_500_guide_040/stderr.txt	0	e3b0c44298fc1c149afbf4c8996fb92427ae41e4649b934ca495991b7852b855
raw/chr22_500_guides_20260810T040146_correctness_final/batches/correctness/baseline/pilot/batch_002/guides/chr22_500_guide_041/command.txt	294	2554de4e0d8b70bea2e767cbe540ba6c6c253e6f66c3594136a14b5acef362f3
raw/chr22_500_guides_20260810T040146_correctness_final/batches/correctness/baseline/pilot/batch_002/guides/chr22_500_guide_041/metrics.tsv	295	64f5dd08a750aab08f76af17f7dec9003d5eeaf297fdd82e266b8f00751d4273
raw/chr22_500_guides_20260810T040146_correctness_final/batches/correctness/baseline/pilot/batch_002/guides/chr22_500_guide_041/output.paf	2318	8273b97e0e23dba64e0c1935246eeff04a1c2fc1f90a180a33901a0da78ecfda
raw/chr22_500_guides_20260810T040146_correctness_final/batches/correctness/baseline/pilot/batch_002/guides/chr22_500_guide_041/stderr.txt	0	e3b0c44298fc1c149afbf4c8996fb92427ae41e4649b934ca495991b7852b855
raw/chr22_500_guides_20260810T040146_correctness_final/batches/correctness/baseline/pilot/batch_002/guides/chr22_500_guide_042/command.txt	294	1b75c147da4e7c93a7916800ec8076c79bee015426d89a2609c88e906da6ef65
raw/chr22_500_guides_20260810T040146_correctness_final/batches/correctness/baseline/pilot/batch_002/guides/chr22_500_guide_042/metrics.tsv	294	4f1dd62f1c95dcd643940d1f574a12f79accf7a35aa4662df7710ac617ea6d25
raw/chr22_500_guides_20260810T040146_correctness_final/batches/correctness/baseline/pilot/batch_002/guides/chr22_500_guide_042/output.paf	103	0ee48f543136d09a143c4eeae676947d7744ba356f6b4522be723210cea49fce
raw/chr22_500_guides_20260810T040146_correctness_final/batches/correctness/baseline/pilot/batch_002/guides/chr22_500_guide_042/stderr.txt	0	e3b0c44298fc1c149afbf4c8996fb92427ae41e4649b934ca495991b7852b855
raw/chr22_500_guides_20260810T040146_correctness_final/batches/correctness/baseline/pilot/batch_002/guides/chr22_500_guide_043/command.txt	294	dbcdedea81db32ffe0c482683a1cf1ebe0a18450b1a4b6df67a28c809836af63
raw/chr22_500_guides_20260810T040146_correctness_final/batches/correctness/baseline/pilot/batch_002/guides/chr22_500_guide_043/metrics.tsv	294	c2b8f93a100e866bc82679035080913e818c6645984a90808279cb490ba381ad
raw/chr22_500_guides_20260810T040146_correctness_final/batches/correctness/baseline/pilot/batch_002/guides/chr22_500_guide_043/output.paf	212	7ff435e8f2284b0e1155c1c41e547855555c50593735221aa581ff02bbcfd922
raw/chr22_500_guides_20260810T040146_correctness_final/batches/correctness/baseline/pilot/batch_002/guides/chr22_500_guide_043/stderr.txt	0	e3b0c44298fc1c149afbf4c8996fb92427ae41e4649b934ca495991b7852b855
raw/chr22_500_guides_20260810T040146_correctness_final/batches/correctness/baseline/pilot/batch_002/guides/chr22_500_guide_044/command.txt	294	31ba5558a5ef10042a409e43534dd695b63e22a0889147bae03b2d98adbe8d4b
raw/chr22_500_guides_20260810T040146_correctness_final/batches/correctness/baseline/pilot/batch_002/guides/chr22_500_guide_044/metrics.tsv	294	1b812eaab5a3a98292fada4f1ea467af83d9748a366d5a4ec11e5ca7fb8718da
raw/chr22_500_guides_20260810T040146_correctness_final/batches/correctness/baseline/pilot/batch_002/guides/chr22_500_guide_044/output.paf	103	eb8670fd9176c26562fa7d6753d0ecafbdbc18ffce8eb47eac0ff7f21eaee174
raw/chr22_500_guides_20260810T040146_correctness_final/batches/correctness/baseline/pilot/batch_002/guides/chr22_500_guide_044/stderr.txt	0	e3b0c44298fc1c149afbf4c8996fb92427ae41e4649b934ca495991b7852b855
raw/chr22_500_guides_20260810T040146_correctness_final/batches/correctness/baseline/pilot/batch_002/guides/chr22_500_guide_045/command.txt	294	48ed5aef4d8ea23343f902991378118982075b362295b3be7bc091beb16f34df
raw/chr22_500_guides_20260810T040146_correctness_final/batches/correctness/baseline/pilot/batch_002/guides/chr22_500_guide_045/metrics.tsv	294	9918118d7220d81b439b085db4badfcdb94d5a8ff6b11b36a87ba3bd24822026
raw/chr22_500_guides_20260810T040146_correctness_final/batches/correctness/baseline/pilot/batch_002/guides/chr22_500_guide_045/output.paf	103	ad510f2f6f517e85da1ff1e3e334f60ec412670418ae765b20823bba1029db1c
raw/chr22_500_guides_20260810T040146_correctness_final/batches/correctness/baseline/pilot/batch_002/guides/chr22_500_guide_045/stderr.txt	0	e3b0c44298fc1c149afbf4c8996fb92427ae41e4649b934ca495991b7852b855
raw/chr22_500_guides_20260810T040146_correctness_final/batches/correctness/baseline/pilot/batch_002/guides/chr22_500_guide_046/command.txt	294	63d4671a140bb6e55ccc770c7d0ffb8b3d6ebc707a71ffbb6b4e1c8802a020ee
raw/chr22_500_guides_20260810T040146_correctness_final/batches/correctness/baseline/pilot/batch_002/guides/chr22_500_guide_046/metrics.tsv	294	a0305edfa2af4f7243579b89e88a97ccc429dcfca45858e5e1d4f874e7910f56
raw/chr22_500_guides_20260810T040146_correctness_final/batches/correctness/baseline/pilot/batch_002/guides/chr22_500_guide_046/output.paf	103	62be28d44f2b99ae8760da16dcf99d46c01d6cf9dde0f8c55e0864390027fe60
raw/chr22_500_guides_20260810T040146_correctness_final/batches/correctness/baseline/pilot/batch_002/guides/chr22_500_guide_046/stderr.txt	0	e3b0c44298fc1c149afbf4c8996fb92427ae41e4649b934ca495991b7852b855
raw/chr22_500_guides_20260810T040146_correctness_final/batches/correctness/baseline/pilot/batch_002/guides/chr22_500_guide_047/command.txt	294	d2255427cd5d51bd0143e7a54a1c06dfff2d66e5aa6f873530b9c65343b217f9
raw/chr22_500_guides_20260810T040146_correctness_final/batches/correctness/baseline/pilot/batch_002/guides/chr22_500_guide_047/metrics.tsv	294	fa76b2c7dcbc00f1b2c846043b5152ba89fc8119771565f62ccef77a5fb1ccaa
raw/chr22_500_guides_20260810T040146_correctness_final/batches/correctness/baseline/pilot/batch_002/guides/chr22_500_guide_047/output.paf	103	a0a592f68ce5c632b25a6bbf8492c14534157794a49dc98dee9ee564e3ce0f58
raw/chr22_500_guides_20260810T040146_correctness_final/batches/correctness/baseline/pilot/batch_002/guides/chr22_500_guide_047/stderr.txt	0	e3b0c44298fc1c149afbf4c8996fb92427ae41e4649b934ca495991b7852b855
raw/chr22_500_guides_20260810T040146_correctness_final/batches/correctness/baseline/pilot/batch_002/guides/chr22_500_guide_048/command.txt	294	775cbae53afa8ac6f8024c69b63e0a20bd81081a254b7d49ccd876f2ed37fa0a
raw/chr22_500_guides_20260810T040146_correctness_final/batches/correctness/baseline/pilot/batch_002/guides/chr22_500_guide_048/metrics.tsv	295	2557d30b35c3b68f1ba52ced15f17e3646b8ac9804b890bca9ce54b1135ddee9
raw/chr22_500_guides_20260810T040146_correctness_final/batches/correctness/baseline/pilot/batch_002/guides/chr22_500_guide_048/output.paf	1959	53836549b5871774dbbbbcc7209be7da876564302d97fe0f8699c8af9c7adc03
raw/chr22_500_guides_20260810T040146_correctness_final/batches/correctness/baseline/pilot/batch_002/guides/chr22_500_guide_048/stderr.txt	0	e3b0c44298fc1c149afbf4c8996fb92427ae41e4649b934ca495991b7852b855
raw/chr22_500_guides_20260810T040146_correctness_final/batches/correctness/baseline/pilot/batch_002/guides/chr22_500_guide_049/command.txt	294	9802d64bd2b9e2bcc4e689776e5c3e77ecc432b2cf4bd00e059a224dca6f89f6
raw/chr22_500_guides_20260810T040146_correctness_final/batches/correctness/baseline/pilot/batch_002/guides/chr22_500_guide_049/metrics.tsv	295	e52570c49857ff0a31711c98c3aeb759d798b507d5d96ffe3c5b4e811ddeb50a
raw/chr22_500_guides_20260810T040146_correctness_final/batches/correctness/baseline/pilot/batch_002/guides/chr22_500_guide_049/output.paf	2266	11517fafae4042a3e66b4f370e5dd3feacacecca6f98e23838286b3bba13edd5
raw/chr22_500_guides_20260810T040146_correctness_final/batches/correctness/baseline/pilot/batch_002/guides/chr22_500_guide_049/stderr.txt	0	e3b0c44298fc1c149afbf4c8996fb92427ae41e4649b934ca495991b7852b855
raw/chr22_500_guides_20260810T040146_correctness_final/batches/correctness/baseline/pilot/batch_002/guides/chr22_500_guide_050/command.txt	294	90ba604167af6473e0251d7e69050ad5503bf52154e7d608c1109513ca49fadb
raw/chr22_500_guides_20260810T040146_correctness_final/batches/correctness/baseline/pilot/batch_002/guides/chr22_500_guide_050/metrics.tsv	295	8fd1a0e9187893111366b3cf1d880d359722f2414f7ffa2b6b57391748b71da8
raw/chr22_500_guides_20260810T040146_correctness_final/batches/correctness/baseline/pilot/batch_002/guides/chr22_500_guide_050/output.paf	2163	900be0709880b5503da9492a11b7d3aa93c10e3913a03c74b99aed465d1b2a2a
raw/chr22_500_guides_20260810T040146_correctness_final/batches/correctness/baseline/pilot/batch_002/guides/chr22_500_guide_050/stderr.txt	0	e3b0c44298fc1c149afbf4c8996fb92427ae41e4649b934ca495991b7852b855
raw/chr22_500_guides_20260810T040146_correctness_final/batches/correctness/baseline/pilot/batch_003/SUCCESS	0	e3b0c44298fc1c149afbf4c8996fb92427ae41e4649b934ca495991b7852b855
raw/chr22_500_guides_20260810T040146_correctness_final/batches/correctness/baseline/pilot/batch_003/environment.tsv	600	46fd2575ab2d1b6fa7a6102407a0f35144fd4956249ea7c0d1ad83d2aa487f2d
raw/chr22_500_guides_20260810T040146_correctness_final/batches/correctness/baseline/pilot/batch_003/guide_ids.txt	500	873714bdfe8467bdf7b9ff5612ea244533792a4e74ae5cf1b4d830ead9bebdc8
raw/chr22_500_guides_20260810T040146_correctness_final/batches/correctness/baseline/pilot/batch_003/guide_order.sha256	304	42b42e2a0f49c77202a49cd0d77b178028f1e163db5b21eb2f19dfc1b864c2c6
raw/chr22_500_guides_20260810T040146_correctness_final/batches/correctness/baseline/pilot/batch_003/guide_order.txt	500	37ddcbdeadc00c336ef89e9d5976b1e172e8facd2ba75dfc369a3a3006e5cf28
raw/chr22_500_guides_20260810T040146_correctness_final/batches/correctness/baseline/pilot/batch_003/guide_results.tsv	5570	5871ab2b27b9f1aa0dbc4310857590933235bd5024ea670ad509a5c0eeefabcf
raw/chr22_500_guides_20260810T040146_correctness_final/batches/correctness/baseline/pilot/batch_003/guides/chr22_500_guide_051/command.txt	294	fbc7d7cf66f57599441df1e62fa449b8e00234e0336aa4accdd292cde449d358
raw/chr22_500_guides_20260810T040146_correctness_final/batches/correctness/baseline/pilot/batch_003/guides/chr22_500_guide_051/metrics.tsv	295	a21261567f7e4543c7b3d482cbd3bc88390def01bbc145000880442e878734fe
raw/chr22_500_guides_20260810T040146_correctness_final/batches/correctness/baseline/pilot/batch_003/guides/chr22_500_guide_051/output.paf	1854	a77710c7d549e227cbb357d79088a9e28066d5b725c9380aa42fc2904642b1a5
raw/chr22_500_guides_20260810T040146_correctness_final/batches/correctness/baseline/pilot/batch_003/guides/chr22_500_guide_051/stderr.txt	0	e3b0c44298fc1c149afbf4c8996fb92427ae41e4649b934ca495991b7852b855
raw/chr22_500_guides_20260810T040146_correctness_final/batches/correctness/baseline/pilot/batch_003/guides/chr22_500_guide_052/command.txt	294	ec041b197d026e7d0bfc7de4d6a1c5a24911bbfde28c846ecb9b75eddfde862f
raw/chr22_500_guides_20260810T040146_correctness_final/batches/correctness/baseline/pilot/batch_003/guides/chr22_500_guide_052/metrics.tsv	294	1bed21e7a9265ba254543bdc45ddf550e53b9f1d386a958a0d955f4f73ee5b0c
raw/chr22_500_guides_20260810T040146_correctness_final/batches/correctness/baseline/pilot/batch_003/guides/chr22_500_guide_052/output.paf	103	951a40369bd86d0839b2d2addecaf6b337cdc3fa4cf552c0d5fd78bef17d3892
raw/chr22_500_guides_20260810T040146_correctness_final/batches/correctness/baseline/pilot/batch_003/guides/chr22_500_guide_052/stderr.txt	0	e3b0c44298fc1c149afbf4c8996fb92427ae41e4649b934ca495991b7852b855
raw/chr22_500_guides_20260810T040146_correctness_final/batches/correctness/baseline/pilot/batch_003/guides/chr22_500_guide_053/command.txt	294	f95a24b99bcdf867953413d57e23a773144fc8d6dba8195520529c655f0194fc
raw/chr22_500_guides_20260810T040146_correctness_final/batches/correctness/baseline/pilot/batch_003/guides/chr22_500_guide_053/metrics.tsv	294	121ac7e03922d5c7c847cd4b21c1e0fdfffee2f030330fec30f1efd358116dd7
raw/chr22_500_guides_20260810T040146_correctness_final/batches/correctness/baseline/pilot/batch_003/guides/chr22_500_guide_053/output.paf	103	7622d4d51684d8454f0b41cc20f3723141c918019cde594e46301e79765ccd12
raw/chr22_500_guides_20260810T040146_correctness_final/batches/correctness/baseline/pilot/batch_003/guides/chr22_500_guide_053/stderr.txt	0	e3b0c44298fc1c149afbf4c8996fb92427ae41e4649b934ca495991b7852b855
raw/chr22_500_guides_20260810T040146_correctness_final/batches/correctness/baseline/pilot/batch_003/guides/chr22_500_guide_054/command.txt	294	af137449b49283d3169296e423fbe133e4d4bafb7c0ae93dca374d5027bde75b
raw/chr22_500_guides_20260810T040146_correctness_final/batches/correctness/baseline/pilot/batch_003/guides/chr22_500_guide_054/metrics.tsv	294	6819e8f58669295f383e476f097be731bd069706e101d0baabe9796fe61f95b7
raw/chr22_500_guides_20260810T040146_correctness_final/batches/correctness/baseline/pilot/batch_003/guides/chr22_500_guide_054/output.paf	103	08105a1cf5d022b79968633482eaa3ea3e17f900fbe591f469112bf46a5ae873
raw/chr22_500_guides_20260810T040146_correctness_final/batches/correctness/baseline/pilot/batch_003/guides/chr22_500_guide_054/stderr.txt	0	e3b0c44298fc1c149afbf4c8996fb92427ae41e4649b934ca495991b7852b855
raw/chr22_500_guides_20260810T040146_correctness_final/batches/correctness/baseline/pilot/batch_003/guides/chr22_500_guide_055/command.txt	294	40c9382620887dedd42f84170fe4f6274593a080f98881232084cc184f70c2a2
raw/chr22_500_guides_20260810T040146_correctness_final/batches/correctness/baseline/pilot/batch_003/guides/chr22_500_guide_055/metrics.tsv	294	3da9226d3ea1f3c32a88dc461e48a62b5da36bb29137d1f623a23669e676f930
raw/chr22_500_guides_20260810T040146_correctness_final/batches/correctness/baseline/pilot/batch_003/guides/chr22_500_guide_055/output.paf	846	11838afb33e1074badb9c81239929a95a4c5493d0163d05d49262425cf8e9904
raw/chr22_500_guides_20260810T040146_correctness_final/batches/correctness/baseline/pilot/batch_003/guides/chr22_500_guide_055/stderr.txt	0	e3b0c44298fc1c149afbf4c8996fb92427ae41e4649b934ca495991b7852b855
raw/chr22_500_guides_20260810T040146_correctness_final/batches/correctness/baseline/pilot/batch_003/guides/chr22_500_guide_056/command.txt	294	ed787620aa1344ba4d21d67033e7e1fb757a0c863fb0594c95d6aa17b3d443e2
raw/chr22_500_guides_20260810T040146_correctness_final/batches/correctness/baseline/pilot/batch_003/guides/chr22_500_guide_056/metrics.tsv	295	f0baab0d8266d1fd3593161435cc989a61c31ebb8dcf0a4396d8e5959ba0cfb1
raw/chr22_500_guides_20260810T040146_correctness_final/batches/correctness/baseline/pilot/batch_003/guides/chr22_500_guide_056/output.paf	1280	4a0ee3c1d88eb278fda95f61e672d7969aa817cba3aa302a99c2bea5c66aed43
raw/chr22_500_guides_20260810T040146_correctness_final/batches/correctness/baseline/pilot/batch_003/guides/chr22_500_guide_056/stderr.txt	0	e3b0c44298fc1c149afbf4c8996fb92427ae41e4649b934ca495991b7852b855
raw/chr22_500_guides_20260810T040146_correctness_final/batches/correctness/baseline/pilot/batch_003/guides/chr22_500_guide_057/command.txt	294	3b5b3c1c1b42ae0640d5b7b3a31e18baad1c99ce899abda05eb454aed184bdf7
raw/chr22_500_guides_20260810T040146_correctness_final/batches/correctness/baseline/pilot/batch_003/guides/chr22_500_guide_057/metrics.tsv	294	9663d06773efe77a26a9b951c2153e318b041d199fe30e220b93de7078dd2126
raw/chr22_500_guides_20260810T040146_correctness_final/batches/correctness/baseline/pilot/batch_003/guides/chr22_500_guide_057/output.paf	103	75ea28648a2a653313216f9434a7a84692519cd4e1edcee69b342edd63c5477e
raw/chr22_500_guides_20260810T040146_correctness_final/batches/correctness/baseline/pilot/batch_003/guides/chr22_500_guide_057/stderr.txt	0	e3b0c44298fc1c149afbf4c8996fb92427ae41e4649b934ca495991b7852b855
raw/chr22_500_guides_20260810T040146_correctness_final/batches/correctness/baseline/pilot/batch_003/guides/chr22_500_guide_058/command.txt	294	420ea662a1300c0b5690e25414c38b15201576f1edb27f75eba8b717e371b61a
raw/chr22_500_guides_20260810T040146_correctness_final/batches/correctness/baseline/pilot/batch_003/guides/chr22_500_guide_058/metrics.tsv	294	e2c2f9993dc9e7bd510a7ffaba3dfa0fa6ec0c0844d3a08e8215c74c03923ff2
raw/chr22_500_guides_20260810T040146_correctness_final/batches/correctness/baseline/pilot/batch_003/guides/chr22_500_guide_058/output.paf	412	f693a92e20748272242c1d8d3a1b90c09e045d71ee219e8daf561a07fcf1b3bf
raw/chr22_500_guides_20260810T040146_correctness_final/batches/correctness/baseline/pilot/batch_003/guides/chr22_500_guide_058/stderr.txt	0	e3b0c44298fc1c149afbf4c8996fb92427ae41e4649b934ca495991b7852b855
raw/chr22_500_guides_20260810T040146_correctness_final/batches/correctness/baseline/pilot/batch_003/guides/chr22_500_guide_059/command.txt	294	2a94f88b3f19e6c6d209378d6eb8b0d28bddafc14a1bf0dd9a2d14f6e9ad1514
raw/chr22_500_guides_20260810T040146_correctness_final/batches/correctness/baseline/pilot/batch_003/guides/chr22_500_guide_059/metrics.tsv	294	242f45d246b7e258ec6e1da464bd8b7832a75945a3432af3c8093d664bd158ec
raw/chr22_500_guides_20260810T040146_correctness_final/batches/correctness/baseline/pilot/batch_003/guides/chr22_500_guide_059/output.paf	315	8e1babfb8af7457114a82f741b182db58256d93dfdc266825a62148cbbf5d26e
raw/chr22_500_guides_20260810T040146_correctness_final/batches/correctness/baseline/pilot/batch_003/guides/chr22_500_guide_059/stderr.txt	0	e3b0c44298fc1c149afbf4c8996fb92427ae41e4649b934ca495991b7852b855
raw/chr22_500_guides_20260810T040146_correctness_final/batches/correctness/baseline/pilot/batch_003/guides/chr22_500_guide_060/command.txt	294	ce3ea01c9dbed41d780deade50e33f51f264deb65266911c81614082004dc188
raw/chr22_500_guides_20260810T040146_correctness_final/batches/correctness/baseline/pilot/batch_003/guides/chr22_500_guide_060/metrics.tsv	296	c97311f247aad0597503af0cf774f0630581762c4e0f48c566eedf990c03d337
raw/chr22_500_guides_20260810T040146_correctness_final/batches/correctness/baseline/pilot/batch_003/guides/chr22_500_guide_060/output.paf	10799	ab7535f1436e5a98fc8169fb7595043e0633427acdfe7d21a60f3ee455a53b20
raw/chr22_500_guides_20260810T040146_correctness_final/batches/correctness/baseline/pilot/batch_003/guides/chr22_500_guide_060/stderr.txt	0	e3b0c44298fc1c149afbf4c8996fb92427ae41e4649b934ca495991b7852b855
raw/chr22_500_guides_20260810T040146_correctness_final/batches/correctness/baseline/pilot/batch_003/guides/chr22_500_guide_061/command.txt	294	599e1ed333e0919fa12496705c9c82572f38d878d2811692df621a2c3be3ad53
raw/chr22_500_guides_20260810T040146_correctness_final/batches/correctness/baseline/pilot/batch_003/guides/chr22_500_guide_061/metrics.tsv	294	3824a3005af24ed42a8a27e3e2e3b56634e8f5b586f82fcc3c0a1341712291a8
raw/chr22_500_guides_20260810T040146_correctness_final/batches/correctness/baseline/pilot/batch_003/guides/chr22_500_guide_061/output.paf	208	01742698af509a1acb8aaf1e0230815259059acffddbc9e35930e961b06241b4
raw/chr22_500_guides_20260810T040146_correctness_final/batches/correctness/baseline/pilot/batch_003/guides/chr22_500_guide_061/stderr.txt	0	e3b0c44298fc1c149afbf4c8996fb92427ae41e4649b934ca495991b7852b855
raw/chr22_500_guides_20260810T040146_correctness_final/batches/correctness/baseline/pilot/batch_003/guides/chr22_500_guide_062/command.txt	294	d6777a1291773a1a71e636f18cc77baceb368cb7a72801e50dad28836daaa962
raw/chr22_500_guides_20260810T040146_correctness_final/batches/correctness/baseline/pilot/batch_003/guides/chr22_500_guide_062/metrics.tsv	294	a97904d617b9fd298db70d899c4bdcb3dccc7bdaecffc817a475882aa672919e
raw/chr22_500_guides_20260810T040146_correctness_final/batches/correctness/baseline/pilot/batch_003/guides/chr22_500_guide_062/output.paf	103	6326b7c857afa096b6327c79b7e53d81695f794da0e844e646896ba73816ffd5
raw/chr22_500_guides_20260810T040146_correctness_final/batches/correctness/baseline/pilot/batch_003/guides/chr22_500_guide_062/stderr.txt	0	e3b0c44298fc1c149afbf4c8996fb92427ae41e4649b934ca495991b7852b855
raw/chr22_500_guides_20260810T040146_correctness_final/batches/correctness/baseline/pilot/batch_003/guides/chr22_500_guide_063/command.txt	294	a53d6c4cc926c5b12c0bafdf8996ca88a6d2aa0f2edd009af0ded8d7457f93e1
raw/chr22_500_guides_20260810T040146_correctness_final/batches/correctness/baseline/pilot/batch_003/guides/chr22_500_guide_063/metrics.tsv	294	46c6154a299f544bdedf328f5e2e3bae704facf28dc6e81dbf8c63dc70e1d1e8
raw/chr22_500_guides_20260810T040146_correctness_final/batches/correctness/baseline/pilot/batch_003/guides/chr22_500_guide_063/output.paf	103	d0e1f61006a51712a6e3a7a08a2d9ed9a2e486bf46c47b49e89668b53f2efe69
raw/chr22_500_guides_20260810T040146_correctness_final/batches/correctness/baseline/pilot/batch_003/guides/chr22_500_guide_063/stderr.txt	0	e3b0c44298fc1c149afbf4c8996fb92427ae41e4649b934ca495991b7852b855
raw/chr22_500_guides_20260810T040146_correctness_final/batches/correctness/baseline/pilot/batch_003/guides/chr22_500_guide_064/command.txt	294	5acd29a22b8af38ae3e6bbdc22141483465534ae5c78b3c03c2368b4328d13cf
raw/chr22_500_guides_20260810T040146_correctness_final/batches/correctness/baseline/pilot/batch_003/guides/chr22_500_guide_064/metrics.tsv	294	a2c27779887207edb2fbed235ce013ce05ed98fb1be26add3b60bf8925a5ec09
raw/chr22_500_guides_20260810T040146_correctness_final/batches/correctness/baseline/pilot/batch_003/guides/chr22_500_guide_064/output.paf	208	09a44e214f313d41c48214908421d55f1a26ea3288be0e13299804f97f456f32
raw/chr22_500_guides_20260810T040146_correctness_final/batches/correctness/baseline/pilot/batch_003/guides/chr22_500_guide_064/stderr.txt	0	e3b0c44298fc1c149afbf4c8996fb92427ae41e4649b934ca495991b7852b855
raw/chr22_500_guides_20260810T040146_correctness_final/batches/correctness/baseline/pilot/batch_003/guides/chr22_500_guide_065/command.txt	294	334ccbbc83edcc33b28bded71dc254cbb08a01536ee5ee5cc71ebfbaa55fb99e
raw/chr22_500_guides_20260810T040146_correctness_final/batches/correctness/baseline/pilot/batch_003/guides/chr22_500_guide_065/metrics.tsv	294	36be324832c31b7ccfb097d805a661b3675e92c31b90dac3e3d1294b8bd55d2b
raw/chr22_500_guides_20260810T040146_correctness_final/batches/correctness/baseline/pilot/batch_003/guides/chr22_500_guide_065/output.paf	103	c111cd0bca51d032b97ac4b793c9bd060c5756f007fffa13fed504799e72ded7
raw/chr22_500_guides_20260810T040146_correctness_final/batches/correctness/baseline/pilot/batch_003/guides/chr22_500_guide_065/stderr.txt	0	e3b0c44298fc1c149afbf4c8996fb92427ae41e4649b934ca495991b7852b855
raw/chr22_500_guides_20260810T040146_correctness_final/batches/correctness/baseline/pilot/batch_003/guides/chr22_500_guide_066/command.txt	294	5e29ea4895cd542d3d65ccb0298aae4a3ebd546b6aa3f51985e12da178e5d67c
raw/chr22_500_guides_20260810T040146_correctness_final/batches/correctness/baseline/pilot/batch_003/guides/chr22_500_guide_066/metrics.tsv	294	79dc3be803ac096c94cc1b36b8c44df1aa185b12450e5b5fbc11dab97844a79e
raw/chr22_500_guides_20260810T040146_correctness_final/batches/correctness/baseline/pilot/batch_003/guides/chr22_500_guide_066/output.paf	103	ab7135a79310941abc028089e7706255079f1d3db5459fd46b95054fbfde6edb
raw/chr22_500_guides_20260810T040146_correctness_final/batches/correctness/baseline/pilot/batch_003/guides/chr22_500_guide_066/stderr.txt	0	e3b0c44298fc1c149afbf4c8996fb92427ae41e4649b934ca495991b7852b855
raw/chr22_500_guides_20260810T040146_correctness_final/batches/correctness/baseline/pilot/batch_003/guides/chr22_500_guide_067/command.txt	294	2974b7296b57d0be677cb31ec05f5fc1b1d87db2435bd955bbbedf4401637736
raw/chr22_500_guides_20260810T040146_correctness_final/batches/correctness/baseline/pilot/batch_003/guides/chr22_500_guide_067/metrics.tsv	296	e17e1afff1da6248261a2cfc0bf04548246d070fb9907db7dd8b21e47ff40d99
raw/chr22_500_guides_20260810T040146_correctness_final/batches/correctness/baseline/pilot/batch_003/guides/chr22_500_guide_067/output.paf	43019	5de659012ed7ac6c3f7a11118ed76d46e292af01b54f58e54286755731a3d2ce
raw/chr22_500_guides_20260810T040146_correctness_final/batches/correctness/baseline/pilot/batch_003/guides/chr22_500_guide_067/stderr.txt	0	e3b0c44298fc1c149afbf4c8996fb92427ae41e4649b934ca495991b7852b855
raw/chr22_500_guides_20260810T040146_correctness_final/batches/correctness/baseline/pilot/batch_003/guides/chr22_500_guide_068/command.txt	294	c336111c8cddaf21632f527a2078333161c4d19600340dd8d79d4e64570bc3d3
raw/chr22_500_guides_20260810T040146_correctness_final/batches/correctness/baseline/pilot/batch_003/guides/chr22_500_guide_068/metrics.tsv	294	581fccc09d7e2d54188752742fe4c4414ce5b3bccc2f10bd7853dc699243a94f
raw/chr22_500_guides_20260810T040146_correctness_final/batches/correctness/baseline/pilot/batch_003/guides/chr22_500_guide_068/output.paf	741	925f7531b43144c3df9f8b8af2b5300653b5bf1807aa7f5ae89249b19e09a0a3
raw/chr22_500_guides_20260810T040146_correctness_final/batches/correctness/baseline/pilot/batch_003/guides/chr22_500_guide_068/stderr.txt	0	e3b0c44298fc1c149afbf4c8996fb92427ae41e4649b934ca495991b7852b855
raw/chr22_500_guides_20260810T040146_correctness_final/batches/correctness/baseline/pilot/batch_003/guides/chr22_500_guide_069/command.txt	294	5c44201061eaf327ef3708824c96b7454af1bc2df241f007fd09f35f0a0e2e86
raw/chr22_500_guides_20260810T040146_correctness_final/batches/correctness/baseline/pilot/batch_003/guides/chr22_500_guide_069/metrics.tsv	294	ae4f0d2ea71ca73833babb7683d59f122c4f9438486471657f916ef2f6179586
raw/chr22_500_guides_20260810T040146_correctness_final/batches/correctness/baseline/pilot/batch_003/guides/chr22_500_guide_069/output.paf	103	10798f7b18b6dd224fe51359cb5fbfe45011ce2323ed7d0f27f0e92ecda0388b
raw/chr22_500_guides_20260810T040146_correctness_final/batches/correctness/baseline/pilot/batch_003/guides/chr22_500_guide_069/stderr.txt	0	e3b0c44298fc1c149afbf4c8996fb92427ae41e4649b934ca495991b7852b855
raw/chr22_500_guides_20260810T040146_correctness_final/batches/correctness/baseline/pilot/batch_003/guides/chr22_500_guide_070/command.txt	294	01a2bd91dbe9a313e46f0e317222f8729d5c3cf0b05187d60bef810d229a226c
raw/chr22_500_guides_20260810T040146_correctness_final/batches/correctness/baseline/pilot/batch_003/guides/chr22_500_guide_070/metrics.tsv	295	d27e15ac13b5051b9ccfa386382fbc2bf78e0bc425ee2bad6767c08eda40a688
raw/chr22_500_guides_20260810T040146_correctness_final/batches/correctness/baseline/pilot/batch_003/guides/chr22_500_guide_070/output.paf	9112	db0142fb843c637356ac20ca84eaea71fc1a23bb217424eceab84767f727b1e4
raw/chr22_500_guides_20260810T040146_correctness_final/batches/correctness/baseline/pilot/batch_003/guides/chr22_500_guide_070/stderr.txt	0	e3b0c44298fc1c149afbf4c8996fb92427ae41e4649b934ca495991b7852b855
raw/chr22_500_guides_20260810T040146_correctness_final/batches/correctness/baseline/pilot/batch_003/guides/chr22_500_guide_071/command.txt	294	dd8354701aea62950d69c4e63c5c47cb658dab17d911ee502c158e2adbcfd962
raw/chr22_500_guides_20260810T040146_correctness_final/batches/correctness/baseline/pilot/batch_003/guides/chr22_500_guide_071/metrics.tsv	295	93850056097ed67812e5a5a6d335c469b55f64842c7c083acb5e3c01b5dc0c42
raw/chr22_500_guides_20260810T040146_correctness_final/batches/correctness/baseline/pilot/batch_003/guides/chr22_500_guide_071/output.paf	1938	9653d672b69fe3c1bcd798e3ff80d7040c43f087f4310eec1d3228653803ae56
raw/chr22_500_guides_20260810T040146_correctness_final/batches/correctness/baseline/pilot/batch_003/guides/chr22_500_guide_071/stderr.txt	0	e3b0c44298fc1c149afbf4c8996fb92427ae41e4649b934ca495991b7852b855
raw/chr22_500_guides_20260810T040146_correctness_final/batches/correctness/baseline/pilot/batch_003/guides/chr22_500_guide_072/command.txt	294	bcbeadcbad85d491c0d45b0b0d2dd00abb48fa2ded7877733d8a2ded9cb01896
raw/chr22_500_guides_20260810T040146_correctness_final/batches/correctness/baseline/pilot/batch_003/guides/chr22_500_guide_072/metrics.tsv	295	b996ebfc8ad326c9c0babc1675d4fe7b2e5ac23cbe842077ed1bdf6c71aa2ee4
raw/chr22_500_guides_20260810T040146_correctness_final/batches/correctness/baseline/pilot/batch_003/guides/chr22_500_guide_072/output.paf	2122	2af3844b8c686b160a357b1782cc71987e4980f76c86569afe19be89994bc6e1
raw/chr22_500_guides_20260810T040146_correctness_final/batches/correctness/baseline/pilot/batch_003/guides/chr22_500_guide_072/stderr.txt	0	e3b0c44298fc1c149afbf4c8996fb92427ae41e4649b934ca495991b7852b855
raw/chr22_500_guides_20260810T040146_correctness_final/batches/correctness/baseline/pilot/batch_003/guides/chr22_500_guide_073/command.txt	294	2ba66460feb1353de7c3c892d2a8be654ee94e229875f5698a19b4ccba569ccf
raw/chr22_500_guides_20260810T040146_correctness_final/batches/correctness/baseline/pilot/batch_003/guides/chr22_500_guide_073/metrics.tsv	294	9d8719ad612eb9525a8bdec68e1dca432aa6169c1c5582d7efdc595e16d6a9ce
raw/chr22_500_guides_20260810T040146_correctness_final/batches/correctness/baseline/pilot/batch_003/guides/chr22_500_guide_073/output.paf	848	5ff8c497c5aee1704e3e04741f1d42a3eb487aed43f83e6b91d0cb05962e2550
raw/chr22_500_guides_20260810T040146_correctness_final/batches/correctness/baseline/pilot/batch_003/guides/chr22_500_guide_073/stderr.txt	0	e3b0c44298fc1c149afbf4c8996fb92427ae41e4649b934ca495991b7852b855
raw/chr22_500_guides_20260810T040146_correctness_final/batches/correctness/baseline/pilot/batch_003/guides/chr22_500_guide_074/command.txt	294	38e67a249246fe16a1e9062a2749168df7284e591ac971046bb70a9b4bc54389
raw/chr22_500_guides_20260810T040146_correctness_final/batches/correctness/baseline/pilot/batch_003/guides/chr22_500_guide_074/metrics.tsv	294	cade44361c33b55ce3a4833cc212e6f4c18f586bc9be1c16f3e8547577922172
raw/chr22_500_guides_20260810T040146_correctness_final/batches/correctness/baseline/pilot/batch_003/guides/chr22_500_guide_074/output.paf	414	86ba7ce7f4aaa96b953261bca8cee185393e1072c1b93ff910d0c588cb9d490f
raw/chr22_500_guides_20260810T040146_correctness_final/batches/correctness/baseline/pilot/batch_003/guides/chr22_500_guide_074/stderr.txt	0	e3b0c44298fc1c149afbf4c8996fb92427ae41e4649b934ca495991b7852b855
raw/chr22_500_guides_20260810T040146_correctness_final/batches/correctness/baseline/pilot/batch_003/guides/chr22_500_guide_075/command.txt	294	e92e8c6755e2dee0832ee3a0fddf81c44fc4be09fbe353386900c793ea971684
raw/chr22_500_guides_20260810T040146_correctness_final/batches/correctness/baseline/pilot/batch_003/guides/chr22_500_guide_075/metrics.tsv	294	c7fb5ad0acff5f45b31291285f4c0906921c3300e27089024781b7402bcc06df
raw/chr22_500_guides_20260810T040146_correctness_final/batches/correctness/baseline/pilot/batch_003/guides/chr22_500_guide_075/output.paf	103	5f1787da1d7bf0626939c26621201f9de70b2ac17f865e493ff03038a3e9315f
raw/chr22_500_guides_20260810T040146_correctness_final/batches/correctness/baseline/pilot/batch_003/guides/chr22_500_guide_075/stderr.txt	0	e3b0c44298fc1c149afbf4c8996fb92427ae41e4649b934ca495991b7852b855
raw/chr22_500_guides_20260810T040146_correctness_final/batches/correctness/baseline/pilot/batch_004/SUCCESS	0	e3b0c44298fc1c149afbf4c8996fb92427ae41e4649b934ca495991b7852b855
raw/chr22_500_guides_20260810T040146_correctness_final/batches/correctness/baseline/pilot/batch_004/environment.tsv	600	6fc71adc15df413bbdeb242b1f6b778b74684c1115f5e012f66a58f9f15311f6
raw/chr22_500_guides_20260810T040146_correctness_final/batches/correctness/baseline/pilot/batch_004/guide_ids.txt	500	3e3c46dffeb4348e0aad070ba8449e7c7dd4d9cb2c3c340082ef66f398bd4906
raw/chr22_500_guides_20260810T040146_correctness_final/batches/correctness/baseline/pilot/batch_004/guide_order.sha256	304	b29b55cdfaae1d0b511a08709115d14a1af6098dab203cfc9c43506f8fac1b65
raw/chr22_500_guides_20260810T040146_correctness_final/batches/correctness/baseline/pilot/batch_004/guide_order.txt	500	47f0d859e09d0bac439bc002ec4ccaebba3e264d60e09e657dba3f50752ddf3d
raw/chr22_500_guides_20260810T040146_correctness_final/batches/correctness/baseline/pilot/batch_004/guide_results.tsv	5565	b36a928fb00f5e303f49099be08fe73893de37e86efbc896932b607ffcad995a
raw/chr22_500_guides_20260810T040146_correctness_final/batches/correctness/baseline/pilot/batch_004/guides/chr22_500_guide_076/command.txt	294	da76795d7b6bd3f6509728c36ab6093df40ec521248f1a05170716c206deb42c
raw/chr22_500_guides_20260810T040146_correctness_final/batches/correctness/baseline/pilot/batch_004/guides/chr22_500_guide_076/metrics.tsv	294	42d2d77aa159c02d1b50c5cc817612f5059a951f131bacbdb325c5cba7a179aa
raw/chr22_500_guides_20260810T040146_correctness_final/batches/correctness/baseline/pilot/batch_004/guides/chr22_500_guide_076/output.paf	618	a1a07a708fafafc2227b689434e9a290132f1fb7518cb5082321573675acd023
raw/chr22_500_guides_20260810T040146_correctness_final/batches/correctness/baseline/pilot/batch_004/guides/chr22_500_guide_076/stderr.txt	0	e3b0c44298fc1c149afbf4c8996fb92427ae41e4649b934ca495991b7852b855
raw/chr22_500_guides_20260810T040146_correctness_final/batches/correctness/baseline/pilot/batch_004/guides/chr22_500_guide_077/command.txt	294	f5bfc15329c46da030c0b307ba5286bb34df6af6aafbd25f986760808a7017ab
raw/chr22_500_guides_20260810T040146_correctness_final/batches/correctness/baseline/pilot/batch_004/guides/chr22_500_guide_077/metrics.tsv	294	7632ffcd6f09b69e3531f473e6c3f1bf3939bddbac2500795aad5a5cdbbf5cca
raw/chr22_500_guides_20260810T040146_correctness_final/batches/correctness/baseline/pilot/batch_004/guides/chr22_500_guide_077/output.paf	620	c61d2117b663bf3db6ccf9f810f6467e0a94787b75c2bad8a628adfc5dae16d2
raw/chr22_500_guides_20260810T040146_correctness_final/batches/correctness/baseline/pilot/batch_004/guides/chr22_500_guide_077/stderr.txt	0	e3b0c44298fc1c149afbf4c8996fb92427ae41e4649b934ca495991b7852b855
raw/chr22_500_guides_20260810T040146_correctness_final/batches/correctness/baseline/pilot/batch_004/guides/chr22_500_guide_078/command.txt	294	772aa79533fe3ecf996278cb78f0e3113e326f03ff77efde067149452bf2697e
raw/chr22_500_guides_20260810T040146_correctness_final/batches/correctness/baseline/pilot/batch_004/guides/chr22_500_guide_078/metrics.tsv	294	3670723b0864c56522837025eabc31cf47dd1649b49f837a0ebf27b9f5adfecb
raw/chr22_500_guides_20260810T040146_correctness_final/batches/correctness/baseline/pilot/batch_004/guides/chr22_500_guide_078/output.paf	103	664ca84d364b11b722ac1aa282d988cb26faa580c3801fc71e980d0a2785483d
raw/chr22_500_guides_20260810T040146_correctness_final/batches/correctness/baseline/pilot/batch_004/guides/chr22_500_guide_078/stderr.txt	0	e3b0c44298fc1c149afbf4c8996fb92427ae41e4649b934ca495991b7852b855
raw/chr22_500_guides_20260810T040146_correctness_final/batches/correctness/baseline/pilot/batch_004/guides/chr22_500_guide_079/command.txt	294	47f4d6a197d1275f22b07ba0dcf3124fb77895e6faf057dc1e42739454dcbdf4
raw/chr22_500_guides_20260810T040146_correctness_final/batches/correctness/baseline/pilot/batch_004/guides/chr22_500_guide_079/metrics.tsv	294	ece1eeadc79789d953f2d3b0af0bb374600a09fee1a338b7c2261c758121fa78
raw/chr22_500_guides_20260810T040146_correctness_final/batches/correctness/baseline/pilot/batch_004/guides/chr22_500_guide_079/output.paf	103	60c576f7279f0431f628428e260318198f63b21a255b92c2846c5a1e50930e93
raw/chr22_500_guides_20260810T040146_correctness_final/batches/correctness/baseline/pilot/batch_004/guides/chr22_500_guide_079/stderr.txt	0	e3b0c44298fc1c149afbf4c8996fb92427ae41e4649b934ca495991b7852b855
raw/chr22_500_guides_20260810T040146_correctness_final/batches/correctness/baseline/pilot/batch_004/guides/chr22_500_guide_080/command.txt	294	99b3f6a0bb6b104b4dffe1554b6d68a2f13aa32dd4bcb3fcfa4e382df9298bda
raw/chr22_500_guides_20260810T040146_correctness_final/batches/correctness/baseline/pilot/batch_004/guides/chr22_500_guide_080/metrics.tsv	294	ccdf1740f1d483e116f27dc2eb7627b783b3fde69f33af663f38cc21afb4a85a
raw/chr22_500_guides_20260810T040146_correctness_final/batches/correctness/baseline/pilot/batch_004/guides/chr22_500_guide_080/output.paf	103	a16a21db2b49ee59d414351e5cfc085e7f1c9e271758fd01d69580f32ad1a0c2
raw/chr22_500_guides_20260810T040146_correctness_final/batches/correctness/baseline/pilot/batch_004/guides/chr22_500_guide_080/stderr.txt	0	e3b0c44298fc1c149afbf4c8996fb92427ae41e4649b934ca495991b7852b855
raw/chr22_500_guides_20260810T040146_correctness_final/batches/correctness/baseline/pilot/batch_004/guides/chr22_500_guide_081/command.txt	294	175198b33044943e9be85e86c65b43ee59d782865e0fd0866a7ea15d541a883d
raw/chr22_500_guides_20260810T040146_correctness_final/batches/correctness/baseline/pilot/batch_004/guides/chr22_500_guide_081/metrics.tsv	294	1699b5fd27dd0c56c6cbd30bb3af3633f5409f8a3aa3bceda79f37a6d9d8bc07
raw/chr22_500_guides_20260810T040146_correctness_final/batches/correctness/baseline/pilot/batch_004/guides/chr22_500_guide_081/output.paf	103	87c90ab44d2432526cac1bcee02421cabf106882291b8473d5af856bbf6654a7
raw/chr22_500_guides_20260810T040146_correctness_final/batches/correctness/baseline/pilot/batch_004/guides/chr22_500_guide_081/stderr.txt	0	e3b0c44298fc1c149afbf4c8996fb92427ae41e4649b934ca495991b7852b855
raw/chr22_500_guides_20260810T040146_correctness_final/batches/correctness/baseline/pilot/batch_004/guides/chr22_500_guide_082/command.txt	294	b4e5baf46454bf7a2d15077e1d4f249add777bfcdc4851299c7ae417aa3cd00d
raw/chr22_500_guides_20260810T040146_correctness_final/batches/correctness/baseline/pilot/batch_004/guides/chr22_500_guide_082/metrics.tsv	294	a048138393d2b7d807c39a61129bea18e57059ffcb677a6f07658144a797da06
raw/chr22_500_guides_20260810T040146_correctness_final/batches/correctness/baseline/pilot/batch_004/guides/chr22_500_guide_082/output.paf	319	6f3c5867d5dbbd7f3b78e08e7b3300064d91c4ed629fff6eb12b41e686b01435
raw/chr22_500_guides_20260810T040146_correctness_final/batches/correctness/baseline/pilot/batch_004/guides/chr22_500_guide_082/stderr.txt	0	e3b0c44298fc1c149afbf4c8996fb92427ae41e4649b934ca495991b7852b855
raw/chr22_500_guides_20260810T040146_correctness_final/batches/correctness/baseline/pilot/batch_004/guides/chr22_500_guide_083/command.txt	294	560d26f3fbe6f983e5e2e97c9d4dfb027d56903041b663659c9ba5e5ae781721
raw/chr22_500_guides_20260810T040146_correctness_final/batches/correctness/baseline/pilot/batch_004/guides/chr22_500_guide_083/metrics.tsv	295	f1e3ab03ecfeed1d41a7805d75fe600b5464c79fb3d9779efed74f8947324249
raw/chr22_500_guides_20260810T040146_correctness_final/batches/correctness/baseline/pilot/batch_004/guides/chr22_500_guide_083/output.paf	4426	4c95d8387f96ff01243ac44e2f1d0dbf63d6a1a6ca4b8d60aa617dadfad8712c
raw/chr22_500_guides_20260810T040146_correctness_final/batches/correctness/baseline/pilot/batch_004/guides/chr22_500_guide_083/stderr.txt	0	e3b0c44298fc1c149afbf4c8996fb92427ae41e4649b934ca495991b7852b855
raw/chr22_500_guides_20260810T040146_correctness_final/batches/correctness/baseline/pilot/batch_004/guides/chr22_500_guide_084/command.txt	294	5936d0243b4e987f7d477eb94006e013fad376bf4d8ec1ba0a3dc8f39a5e7e80
raw/chr22_500_guides_20260810T040146_correctness_final/batches/correctness/baseline/pilot/batch_004/guides/chr22_500_guide_084/metrics.tsv	294	aa0586168076f4f664b962f5bf03462ab00fdcc7b35f683ebbfb2f203b47b1c6
raw/chr22_500_guides_20260810T040146_correctness_final/batches/correctness/baseline/pilot/batch_004/guides/chr22_500_guide_084/output.paf	737	43f1343139c460491ab834b8652be82a598213117a95c1897da0065810eeb8dd
raw/chr22_500_guides_20260810T040146_correctness_final/batches/correctness/baseline/pilot/batch_004/guides/chr22_500_guide_084/stderr.txt	0	e3b0c44298fc1c149afbf4c8996fb92427ae41e4649b934ca495991b7852b855
raw/chr22_500_guides_20260810T040146_correctness_final/batches/correctness/baseline/pilot/batch_004/guides/chr22_500_guide_085/command.txt	294	f3030384f3103bcbff5270f3d0d958c0f533068b7f6fe7ef44c681d6532572df
raw/chr22_500_guides_20260810T040146_correctness_final/batches/correctness/baseline/pilot/batch_004/guides/chr22_500_guide_085/metrics.tsv	294	dff9b98c6e392861a4fe97ea80eb61a72f260bfe39a5f46578fcb4627bb0d4ac
raw/chr22_500_guides_20260810T040146_correctness_final/batches/correctness/baseline/pilot/batch_004/guides/chr22_500_guide_085/output.paf	103	a50b7bd87092a6e4a876b6a1b30167fc798e551762ded744e8cec689a47f6f55
raw/chr22_500_guides_20260810T040146_correctness_final/batches/correctness/baseline/pilot/batch_004/guides/chr22_500_guide_085/stderr.txt	0	e3b0c44298fc1c149afbf4c8996fb92427ae41e4649b934ca495991b7852b855
raw/chr22_500_guides_20260810T040146_correctness_final/batches/correctness/baseline/pilot/batch_004/guides/chr22_500_guide_086/command.txt	294	2966e879f2eadab9bd7043f71c1e76965f9d0328b1b569773085c4d2e5e7b0e4
raw/chr22_500_guides_20260810T040146_correctness_final/batches/correctness/baseline/pilot/batch_004/guides/chr22_500_guide_086/metrics.tsv	294	4173e95153fd887c382fc678d2677dbd58208c841300f396e180f38e428d418e
raw/chr22_500_guides_20260810T040146_correctness_final/batches/correctness/baseline/pilot/batch_004/guides/chr22_500_guide_086/output.paf	824	caf56a8d80186a132b4bbfd8a735de6b36912b11490c792bf72261e8e5cde4c3
raw/chr22_500_guides_20260810T040146_correctness_final/batches/correctness/baseline/pilot/batch_004/guides/chr22_500_guide_086/stderr.txt	0	e3b0c44298fc1c149afbf4c8996fb92427ae41e4649b934ca495991b7852b855
raw/chr22_500_guides_20260810T040146_correctness_final/batches/correctness/baseline/pilot/batch_004/guides/chr22_500_guide_087/command.txt	294	aa723fc01ddf0a1ff6fe2980b44f92e738a98b0355d73f7bf15fcba6cfd52a55
raw/chr22_500_guides_20260810T040146_correctness_final/batches/correctness/baseline/pilot/batch_004/guides/chr22_500_guide_087/metrics.tsv	294	75d12e86ecd99d9e2605aed8d5864dc426f054ddd705c1374161c99a50cf2976
raw/chr22_500_guides_20260810T040146_correctness_final/batches/correctness/baseline/pilot/batch_004/guides/chr22_500_guide_087/output.paf	208	f25a4d850004ee4c2741be2af70583a16f5f628dcdefe40556a4f787f77266ee
raw/chr22_500_guides_20260810T040146_correctness_final/batches/correctness/baseline/pilot/batch_004/guides/chr22_500_guide_087/stderr.txt	0	e3b0c44298fc1c149afbf4c8996fb92427ae41e4649b934ca495991b7852b855
raw/chr22_500_guides_20260810T040146_correctness_final/batches/correctness/baseline/pilot/batch_004/guides/chr22_500_guide_088/command.txt	294	7224fb43ee5448eed9c09401b0cfe7f69ed6562835a4a83b10d1eee2ef974587
raw/chr22_500_guides_20260810T040146_correctness_final/batches/correctness/baseline/pilot/batch_004/guides/chr22_500_guide_088/metrics.tsv	294	dbe376d94b31ad22d807c2fc5373d5cf65bf1c3be5fed5f788fc559210081d85
raw/chr22_500_guides_20260810T040146_correctness_final/batches/correctness/baseline/pilot/batch_004/guides/chr22_500_guide_088/output.paf	208	5c632dfc921b715b635c61d386497b7131eb4348bb520ea4a5cd13ab53ef1e7a
raw/chr22_500_guides_20260810T040146_correctness_final/batches/correctness/baseline/pilot/batch_004/guides/chr22_500_guide_088/stderr.txt	0	e3b0c44298fc1c149afbf4c8996fb92427ae41e4649b934ca495991b7852b855
raw/chr22_500_guides_20260810T040146_correctness_final/batches/correctness/baseline/pilot/batch_004/guides/chr22_500_guide_089/command.txt	294	25fe9486eac3b50579b714968186fcaab559450cd615ef8ecf64faa664243bef
raw/chr22_500_guides_20260810T040146_correctness_final/batches/correctness/baseline/pilot/batch_004/guides/chr22_500_guide_089/metrics.tsv	294	5b8839e7b3697103b1305097ee989a1b9bbb56fbafd43a419954f96b71866baf
raw/chr22_500_guides_20260810T040146_correctness_final/batches/correctness/baseline/pilot/batch_004/guides/chr22_500_guide_089/output.paf	721	435669ee46eb24c8f7ec4039557ae1485d92adeba07ce04f76f3032c4dd179c5
raw/chr22_500_guides_20260810T040146_correctness_final/batches/correctness/baseline/pilot/batch_004/guides/chr22_500_guide_089/stderr.txt	0	e3b0c44298fc1c149afbf4c8996fb92427ae41e4649b934ca495991b7852b855
raw/chr22_500_guides_20260810T040146_correctness_final/batches/correctness/baseline/pilot/batch_004/guides/chr22_500_guide_090/command.txt	294	74736cd087aa0176f57ca7e15029bd662dbb16c985d573b8e486e3330cb66843
raw/chr22_500_guides_20260810T040146_correctness_final/batches/correctness/baseline/pilot/batch_004/guides/chr22_500_guide_090/metrics.tsv	294	93bc5d4de5ed09665c34edda651fe6a98cccae2f34bf7737fcef658e12939885
raw/chr22_500_guides_20260810T040146_correctness_final/batches/correctness/baseline/pilot/batch_004/guides/chr22_500_guide_090/output.paf	103	1a674244aec8ea25c8e0b9a4c719f1dd7a3136cbd5f87feb87b53bc75bbf29fb
raw/chr22_500_guides_20260810T040146_correctness_final/batches/correctness/baseline/pilot/batch_004/guides/chr22_500_guide_090/stderr.txt	0	e3b0c44298fc1c149afbf4c8996fb92427ae41e4649b934ca495991b7852b855
raw/chr22_500_guides_20260810T040146_correctness_final/batches/correctness/baseline/pilot/batch_004/guides/chr22_500_guide_091/command.txt	294	f7e2738e787c55532e55299465faa6a092e24e88438a7247c0d2cca96e78902a
raw/chr22_500_guides_20260810T040146_correctness_final/batches/correctness/baseline/pilot/batch_004/guides/chr22_500_guide_091/metrics.tsv	294	4b2d0eb17b05f3d366343649b2a9520843869aa786b2f006bceda93e79514cea
raw/chr22_500_guides_20260810T040146_correctness_final/batches/correctness/baseline/pilot/batch_004/guides/chr22_500_guide_091/output.paf	103	3b1208d36a7808228471f8be766844c38fb5b98323d1d2f58e690839f7fb8d80
raw/chr22_500_guides_20260810T040146_correctness_final/batches/correctness/baseline/pilot/batch_004/guides/chr22_500_guide_091/stderr.txt	0	e3b0c44298fc1c149afbf4c8996fb92427ae41e4649b934ca495991b7852b855
raw/chr22_500_guides_20260810T040146_correctness_final/batches/correctness/baseline/pilot/batch_004/guides/chr22_500_guide_092/command.txt	294	42e2099ae7bfc7ed7f5e60e9cd15a0e4431aa584899e7ddd04d521a8f0d7e010
raw/chr22_500_guides_20260810T040146_correctness_final/batches/correctness/baseline/pilot/batch_004/guides/chr22_500_guide_092/metrics.tsv	295	5766cccd42a053de81a19c666c7783439ab45b2ac5489ab7d6e36a3035d4a775
raw/chr22_500_guides_20260810T040146_correctness_final/batches/correctness/baseline/pilot/batch_004/guides/chr22_500_guide_092/output.paf	2126	b03e1158711aa1d237ec6814d0790dfa91ff96c8322d246e634c8fce30c38c82
raw/chr22_500_guides_20260810T040146_correctness_final/batches/correctness/baseline/pilot/batch_004/guides/chr22_500_guide_092/stderr.txt	0	e3b0c44298fc1c149afbf4c8996fb92427ae41e4649b934ca495991b7852b855
raw/chr22_500_guides_20260810T040146_correctness_final/batches/correctness/baseline/pilot/batch_004/guides/chr22_500_guide_093/command.txt	294	d79a2819a01f5b1e3d736eb0ef4ca2c8a03bcf123aab1ad7520ce46df58f9a3b
raw/chr22_500_guides_20260810T040146_correctness_final/batches/correctness/baseline/pilot/batch_004/guides/chr22_500_guide_093/metrics.tsv	294	2786a4b76c06f96136a4273d7ae0d5901679e43766189c6dbebc907358806b87
raw/chr22_500_guides_20260810T040146_correctness_final/batches/correctness/baseline/pilot/batch_004/guides/chr22_500_guide_093/output.paf	103	6cdd7ce54810d5bc4f6f9e343cba7e89b5868d4aa230081223fa53049a31ac4f
raw/chr22_500_guides_20260810T040146_correctness_final/batches/correctness/baseline/pilot/batch_004/guides/chr22_500_guide_093/stderr.txt	0	e3b0c44298fc1c149afbf4c8996fb92427ae41e4649b934ca495991b7852b855
raw/chr22_500_guides_20260810T040146_correctness_final/batches/correctness/baseline/pilot/batch_004/guides/chr22_500_guide_094/command.txt	294	1e82d71cffd7682afcb94515fc31eed49c3b14ea14b39d39e90bce000a5425b3
raw/chr22_500_guides_20260810T040146_correctness_final/batches/correctness/baseline/pilot/batch_004/guides/chr22_500_guide_094/metrics.tsv	294	ed3f3c17ea2f8c74ad673c7d764aadf4ab279fe18e61a0917dbc89666d4d3e6e
raw/chr22_500_guides_20260810T040146_correctness_final/batches/correctness/baseline/pilot/batch_004/guides/chr22_500_guide_094/output.paf	210	b43819067995157b46212743f86d94969b945776f3aba8b499e5a41d3ff29bbc
raw/chr22_500_guides_20260810T040146_correctness_final/batches/correctness/baseline/pilot/batch_004/guides/chr22_500_guide_094/stderr.txt	0	e3b0c44298fc1c149afbf4c8996fb92427ae41e4649b934ca495991b7852b855
raw/chr22_500_guides_20260810T040146_correctness_final/batches/correctness/baseline/pilot/batch_004/guides/chr22_500_guide_095/command.txt	294	c5a7c0168e4e4830f28ac6f31e05e6bc538f1c2d909b55d723fb9f74fd3a321a
raw/chr22_500_guides_20260810T040146_correctness_final/batches/correctness/baseline/pilot/batch_004/guides/chr22_500_guide_095/metrics.tsv	294	8523ecb8826162566adad2be502ad5a846d09e2ccd2f6d7534d1c5f41484e9ff
raw/chr22_500_guides_20260810T040146_correctness_final/batches/correctness/baseline/pilot/batch_004/guides/chr22_500_guide_095/output.paf	103	78d56e6029a238e55e698734f6c34371645440cad14a3a34379e3a5d6cc8429a
raw/chr22_500_guides_20260810T040146_correctness_final/batches/correctness/baseline/pilot/batch_004/guides/chr22_500_guide_095/stderr.txt	0	e3b0c44298fc1c149afbf4c8996fb92427ae41e4649b934ca495991b7852b855
raw/chr22_500_guides_20260810T040146_correctness_final/batches/correctness/baseline/pilot/batch_004/guides/chr22_500_guide_096/command.txt	294	6a9799af7e45f238aac35fc7c450d7ecefcecaa4e2e69d61ff9500a29fcfbc9a
raw/chr22_500_guides_20260810T040146_correctness_final/batches/correctness/baseline/pilot/batch_004/guides/chr22_500_guide_096/metrics.tsv	294	4523e2a36421697f5b2224c7c6f65c4a435d3bd41c1d751b0ae4315dbf51f055
raw/chr22_500_guides_20260810T040146_correctness_final/batches/correctness/baseline/pilot/batch_004/guides/chr22_500_guide_096/output.paf	103	e4df6fa89a3b0e0120f2158b3532f9d4a6e42d02734646aca7d1906347f68735
raw/chr22_500_guides_20260810T040146_correctness_final/batches/correctness/baseline/pilot/batch_004/guides/chr22_500_guide_096/stderr.txt	0	e3b0c44298fc1c149afbf4c8996fb92427ae41e4649b934ca495991b7852b855
raw/chr22_500_guides_20260810T040146_correctness_final/batches/correctness/baseline/pilot/batch_004/guides/chr22_500_guide_097/command.txt	294	7c6e636b950494173c3d134fd82be20891453bb777f1bd5a335693283bf17812
raw/chr22_500_guides_20260810T040146_correctness_final/batches/correctness/baseline/pilot/batch_004/guides/chr22_500_guide_097/metrics.tsv	294	544b08802f10d7b755bf31685d6a15761648fa8fd164140f51a8128ff1a93ce0
raw/chr22_500_guides_20260810T040146_correctness_final/batches/correctness/baseline/pilot/batch_004/guides/chr22_500_guide_097/output.paf	208	58d3088e520d927bbad11c9787cefba9db56844eefd70fc7274612710d6213b5
raw/chr22_500_guides_20260810T040146_correctness_final/batches/correctness/baseline/pilot/batch_004/guides/chr22_500_guide_097/stderr.txt	0	e3b0c44298fc1c149afbf4c8996fb92427ae41e4649b934ca495991b7852b855
raw/chr22_500_guides_20260810T040146_correctness_final/batches/correctness/baseline/pilot/batch_004/guides/chr22_500_guide_098/command.txt	294	f055e8030933a8a94f51fe93c7d86f02aae3be0d3de3ecbfd2b1e089c76053a5
raw/chr22_500_guides_20260810T040146_correctness_final/batches/correctness/baseline/pilot/batch_004/guides/chr22_500_guide_098/metrics.tsv	294	d233837815764406718bee6d4fb0f2b87e572f42c45a4969954f802cb6f80538
raw/chr22_500_guides_20260810T040146_correctness_final/batches/correctness/baseline/pilot/batch_004/guides/chr22_500_guide_098/output.paf	105	444ff3228a137a38f7153b4f242a69cfa59f508d73251c41aa4006df73b202e7
raw/chr22_500_guides_20260810T040146_correctness_final/batches/correctness/baseline/pilot/batch_004/guides/chr22_500_guide_098/stderr.txt	0	e3b0c44298fc1c149afbf4c8996fb92427ae41e4649b934ca495991b7852b855
raw/chr22_500_guides_20260810T040146_correctness_final/batches/correctness/baseline/pilot/batch_004/guides/chr22_500_guide_099/command.txt	294	f6f19b7d93b16328c5999e2764b30abe4f7f1ae1acb173c9d95969bed3fff3c8
raw/chr22_500_guides_20260810T040146_correctness_final/batches/correctness/baseline/pilot/batch_004/guides/chr22_500_guide_099/metrics.tsv	296	0566358da7d270d10424f575c73f1e3a7a4e8c114e89e97f9fa1e25e6bc488b9
raw/chr22_500_guides_20260810T040146_correctness_final/batches/correctness/baseline/pilot/batch_004/guides/chr22_500_guide_099/output.paf	14034	200e3684fe8ee21531cdd450bce05de9cd3d00ee01de1866b7a02436f3d4b8af
raw/chr22_500_guides_20260810T040146_correctness_final/batches/correctness/baseline/pilot/batch_004/guides/chr22_500_guide_099/stderr.txt	0	e3b0c44298fc1c149afbf4c8996fb92427ae41e4649b934ca495991b7852b855
raw/chr22_500_guides_20260810T040146_correctness_final/batches/correctness/baseline/pilot/batch_004/guides/chr22_500_guide_100/command.txt	294	ce7bca4099f4bd085e292660c00c932eaa1a1019da86133ac67fd0ef37a807a7
raw/chr22_500_guides_20260810T040146_correctness_final/batches/correctness/baseline/pilot/batch_004/guides/chr22_500_guide_100/metrics.tsv	294	e9943e99aa7bfbce4585350ffc1d88896103c18907cec5124d6cac60b5c69d92
raw/chr22_500_guides_20260810T040146_correctness_final/batches/correctness/baseline/pilot/batch_004/guides/chr22_500_guide_100/output.paf	214	57714a6c21e1be497c563abaa49fbf21588fd7f8c2e0da3a8f922ed775797dcd
raw/chr22_500_guides_20260810T040146_correctness_final/batches/correctness/baseline/pilot/batch_004/guides/chr22_500_guide_100/stderr.txt	0	e3b0c44298fc1c149afbf4c8996fb92427ae41e4649b934ca495991b7852b855
raw/chr22_500_guides_20260810T040146_correctness_final/batches/correctness/baseline/pilot/batch_005/SUCCESS	0	e3b0c44298fc1c149afbf4c8996fb92427ae41e4649b934ca495991b7852b855
raw/chr22_500_guides_20260810T040146_correctness_final/batches/correctness/baseline/pilot/batch_005/environment.tsv	600	85b6a42599fe2c7da2d80ba9730b5a099d7b42b13f937370fa410145551f4774
raw/chr22_500_guides_20260810T040146_correctness_final/batches/correctness/baseline/pilot/batch_005/guide_ids.txt	500	95ba5561d9113d90b655034aebbf1efc7b94cd87ec0ed3f9b820a5c7a244d295
raw/chr22_500_guides_20260810T040146_correctness_final/batches/correctness/baseline/pilot/batch_005/guide_order.sha256	304	c0678900999a1ddc6f1ca38b887b46e37dcfa234fd83126fa0da24d5635229f9
raw/chr22_500_guides_20260810T040146_correctness_final/batches/correctness/baseline/pilot/batch_005/guide_order.txt	500	85161ad7eea6438e84a163952d52844c1901253cc1c4b3da42d84497665073cf
raw/chr22_500_guides_20260810T040146_correctness_final/batches/correctness/baseline/pilot/batch_005/guide_results.tsv	5571	4d34c2f62e9fcd03ba24269c33586e92a73eeee30a068d5e2797aa42e2af3829
raw/chr22_500_guides_20260810T040146_correctness_final/batches/correctness/baseline/pilot/batch_005/guides/chr22_500_guide_101/command.txt	294	e2863d259ff10ecf197af94a5578692e1dd4b9c5d7c14ba5731f5fdea83a64da
raw/chr22_500_guides_20260810T040146_correctness_final/batches/correctness/baseline/pilot/batch_005/guides/chr22_500_guide_101/metrics.tsv	294	802e21024db278279c21e648f5bfaaee0fb69424e2b5103261a0320d7f130787
raw/chr22_500_guides_20260810T040146_correctness_final/batches/correctness/baseline/pilot/batch_005/guides/chr22_500_guide_101/output.paf	210	84330282ecd915e002d4a3f8d0d70096e90a960e87744ed87a49bc36afba7e69
raw/chr22_500_guides_20260810T040146_correctness_final/batches/correctness/baseline/pilot/batch_005/guides/chr22_500_guide_101/stderr.txt	0	e3b0c44298fc1c149afbf4c8996fb92427ae41e4649b934ca495991b7852b855
raw/chr22_500_guides_20260810T040146_correctness_final/batches/correctness/baseline/pilot/batch_005/guides/chr22_500_guide_102/command.txt	294	be744410baec846c48c2df9afb2d9656ab1fe9cd2b5ca6d899d77878e32c6d60
raw/chr22_500_guides_20260810T040146_correctness_final/batches/correctness/baseline/pilot/batch_005/guides/chr22_500_guide_102/metrics.tsv	294	5267ee3687ca2aaa93739bbe3d32b3b511009086d8b742ca0917ab8c33664638
raw/chr22_500_guides_20260810T040146_correctness_final/batches/correctness/baseline/pilot/batch_005/guides/chr22_500_guide_102/output.paf	753	f8b648b825393f5a54f18987b4d1fa193c72f7d8c279ff37d26b282e1e8e96df
raw/chr22_500_guides_20260810T040146_correctness_final/batches/correctness/baseline/pilot/batch_005/guides/chr22_500_guide_102/stderr.txt	0	e3b0c44298fc1c149afbf4c8996fb92427ae41e4649b934ca495991b7852b855
raw/chr22_500_guides_20260810T040146_correctness_final/batches/correctness/baseline/pilot/batch_005/guides/chr22_500_guide_103/command.txt	294	1b99a1d88f928662479e892a24368bd4df24e6c2c997e2acd21eb46e98dd1ed2
raw/chr22_500_guides_20260810T040146_correctness_final/batches/correctness/baseline/pilot/batch_005/guides/chr22_500_guide_103/metrics.tsv	294	590b6c3f934675539e2d19ab9b05ea50c4dd876a23857996d7c9d14c202c010a
raw/chr22_500_guides_20260810T040146_correctness_final/batches/correctness/baseline/pilot/batch_005/guides/chr22_500_guide_103/output.paf	105	70d3142b6438b2233c1a63a2ac833233a13a2d75bf75339f1fccaff2fa81b453
raw/chr22_500_guides_20260810T040146_correctness_final/batches/correctness/baseline/pilot/batch_005/guides/chr22_500_guide_103/stderr.txt	0	e3b0c44298fc1c149afbf4c8996fb92427ae41e4649b934ca495991b7852b855
raw/chr22_500_guides_20260810T040146_correctness_final/batches/correctness/baseline/pilot/batch_005/guides/chr22_500_guide_104/command.txt	294	96bf76004f4c3d968a64d4672500b5c0edd0aac0e21abe1c35c09a27d3193f5b
raw/chr22_500_guides_20260810T040146_correctness_final/batches/correctness/baseline/pilot/batch_005/guides/chr22_500_guide_104/metrics.tsv	294	d2e7a51da980d4e7da0c9cf6a4f771eb48ca1a124a277958f84be712f111b32a
raw/chr22_500_guides_20260810T040146_correctness_final/batches/correctness/baseline/pilot/batch_005/guides/chr22_500_guide_104/output.paf	105	1a566c323545c0de5dbd25e42db62374e240ce4299b47e835e757a21598da936
raw/chr22_500_guides_20260810T040146_correctness_final/batches/correctness/baseline/pilot/batch_005/guides/chr22_500_guide_104/stderr.txt	0	e3b0c44298fc1c149afbf4c8996fb92427ae41e4649b934ca495991b7852b855
raw/chr22_500_guides_20260810T040146_correctness_final/batches/correctness/baseline/pilot/batch_005/guides/chr22_500_guide_105/command.txt	294	8b37c5f42c6ace2f2003dfddb9f2c6eb2a107040e33a6c017fb83db9636807c7
raw/chr22_500_guides_20260810T040146_correctness_final/batches/correctness/baseline/pilot/batch_005/guides/chr22_500_guide_105/metrics.tsv	295	c25e98e0e876f875b64add91d36e8559239ef31de6b0feb41de140cda62d6ae4
raw/chr22_500_guides_20260810T040146_correctness_final/batches/correctness/baseline/pilot/batch_005/guides/chr22_500_guide_105/output.paf	4458	d32e6816069e419d3162187451c11a213a240ab9e92df97a87f0f016e2f343f9
raw/chr22_500_guides_20260810T040146_correctness_final/batches/correctness/baseline/pilot/batch_005/guides/chr22_500_guide_105/stderr.txt	0	e3b0c44298fc1c149afbf4c8996fb92427ae41e4649b934ca495991b7852b855
raw/chr22_500_guides_20260810T040146_correctness_final/batches/correctness/baseline/pilot/batch_005/guides/chr22_500_guide_106/command.txt	294	4577669808f8ab1079895cc01e5e17c2f8ccee7f7689f68f48078264f5f4db46
raw/chr22_500_guides_20260810T040146_correctness_final/batches/correctness/baseline/pilot/batch_005/guides/chr22_500_guide_106/metrics.tsv	294	18ae76880c885fb80b0153184c401786e7869b8ca7523ee77683e4a27251c4dc
raw/chr22_500_guides_20260810T040146_correctness_final/batches/correctness/baseline/pilot/batch_005/guides/chr22_500_guide_106/output.paf	319	acbf824e1f48ae5fa25fdb96c78cdb2516f3595685f7e7bc17a5114a40986303
raw/chr22_500_guides_20260810T040146_correctness_final/batches/correctness/baseline/pilot/batch_005/guides/chr22_500_guide_106/stderr.txt	0	e3b0c44298fc1c149afbf4c8996fb92427ae41e4649b934ca495991b7852b855
raw/chr22_500_guides_20260810T040146_correctness_final/batches/correctness/baseline/pilot/batch_005/guides/chr22_500_guide_107/command.txt	294	aacbf85dd1e45d062279748040fbe54dc2ad3823b2de8c8447b0956e75f8804e
raw/chr22_500_guides_20260810T040146_correctness_final/batches/correctness/baseline/pilot/batch_005/guides/chr22_500_guide_107/metrics.tsv	294	15b30e9b00d1ec6addaa834c4d841a2b026ff4a8cb1d45306f2576b37385c8e6
raw/chr22_500_guides_20260810T040146_correctness_final/batches/correctness/baseline/pilot/batch_005/guides/chr22_500_guide_107/output.paf	105	37774d4819ec468762743e89b36baf9deaaa8cc267fbe9bd5aed95319efd242c
raw/chr22_500_guides_20260810T040146_correctness_final/batches/correctness/baseline/pilot/batch_005/guides/chr22_500_guide_107/stderr.txt	0	e3b0c44298fc1c149afbf4c8996fb92427ae41e4649b934ca495991b7852b855
raw/chr22_500_guides_20260810T040146_correctness_final/batches/correctness/baseline/pilot/batch_005/guides/chr22_500_guide_108/command.txt	294	4285fa805efca82eb86f2589f00efae555afb18d8e32d9244bbb3f82edd26010
raw/chr22_500_guides_20260810T040146_correctness_final/batches/correctness/baseline/pilot/batch_005/guides/chr22_500_guide_108/metrics.tsv	294	b1aaf5671ee4780186ea452e4eb79c6b9083c092b2319216dc0a3e9f2e944c88
raw/chr22_500_guides_20260810T040146_correctness_final/batches/correctness/baseline/pilot/batch_005/guides/chr22_500_guide_108/output.paf	105	6b72b7d58a6bb9700568183d8342e8f3bc79c45ffa1f7e46c161effbf9985c5d
raw/chr22_500_guides_20260810T040146_correctness_final/batches/correctness/baseline/pilot/batch_005/guides/chr22_500_guide_108/stderr.txt	0	e3b0c44298fc1c149afbf4c8996fb92427ae41e4649b934ca495991b7852b855
raw/chr22_500_guides_20260810T040146_correctness_final/batches/correctness/baseline/pilot/batch_005/guides/chr22_500_guide_109/command.txt	294	c3d2a5e4dc7f97c70d875f4b30c80d86bac023301a011425ff440403bb745fbc
raw/chr22_500_guides_20260810T040146_correctness_final/batches/correctness/baseline/pilot/batch_005/guides/chr22_500_guide_109/metrics.tsv	294	84635a4ebdf3d8ce0f231f55ec96967097a812d554d36091bc50a8f4c0f09c82
raw/chr22_500_guides_20260810T040146_correctness_final/batches/correctness/baseline/pilot/batch_005/guides/chr22_500_guide_109/output.paf	105	461291dcaf2e80e2a23a63e67f89a5c96faac00ade45a6b2fbf5f72f52e4e359
raw/chr22_500_guides_20260810T040146_correctness_final/batches/correctness/baseline/pilot/batch_005/guides/chr22_500_guide_109/stderr.txt	0	e3b0c44298fc1c149afbf4c8996fb92427ae41e4649b934ca495991b7852b855
raw/chr22_500_guides_20260810T040146_correctness_final/batches/correctness/baseline/pilot/batch_005/guides/chr22_500_guide_110/command.txt	294	243c76cec46fd9ec4637069a5af9272b7d2e0c01a237c9c6d5d4ed7216450ced
raw/chr22_500_guides_20260810T040146_correctness_final/batches/correctness/baseline/pilot/batch_005/guides/chr22_500_guide_110/metrics.tsv	294	d247121247bf424d6918c2bd2de276dac5e2a7957561f965baeee0939604738e
raw/chr22_500_guides_20260810T040146_correctness_final/batches/correctness/baseline/pilot/batch_005/guides/chr22_500_guide_110/output.paf	313	27bec362626af993604055a79ddb94b53597029f4bc27af25949739b8d89a154
raw/chr22_500_guides_20260810T040146_correctness_final/batches/correctness/baseline/pilot/batch_005/guides/chr22_500_guide_110/stderr.txt	0	e3b0c44298fc1c149afbf4c8996fb92427ae41e4649b934ca495991b7852b855
raw/chr22_500_guides_20260810T040146_correctness_final/batches/correctness/baseline/pilot/batch_005/guides/chr22_500_guide_111/command.txt	294	b419d876b09f08d37b0cc697e6bc117fd34682e7c9e50128a69fd5692c080574
raw/chr22_500_guides_20260810T040146_correctness_final/batches/correctness/baseline/pilot/batch_005/guides/chr22_500_guide_111/metrics.tsv	295	6a062308bbaa02fa633c59c9b667bcf67f0d7d2216ab5acf391194bf451e0045
raw/chr22_500_guides_20260810T040146_correctness_final/batches/correctness/baseline/pilot/batch_005/guides/chr22_500_guide_111/output.paf	7079	52d8a67441eaad4f447f4d7da7e3cf6ce72d02605058ec13fbe82404b4066c28
raw/chr22_500_guides_20260810T040146_correctness_final/batches/correctness/baseline/pilot/batch_005/guides/chr22_500_guide_111/stderr.txt	0	e3b0c44298fc1c149afbf4c8996fb92427ae41e4649b934ca495991b7852b855
raw/chr22_500_guides_20260810T040146_correctness_final/batches/correctness/baseline/pilot/batch_005/guides/chr22_500_guide_112/command.txt	294	3fabac61be80befaa30740a3036252e74c6b21e453af9dc5f4c9059c8c04a202
raw/chr22_500_guides_20260810T040146_correctness_final/batches/correctness/baseline/pilot/batch_005/guides/chr22_500_guide_112/metrics.tsv	294	c11647266f0dde5d3abd06bfaf2b113c612c737c4bc141056dab4488e5c01400
raw/chr22_500_guides_20260810T040146_correctness_final/batches/correctness/baseline/pilot/batch_005/guides/chr22_500_guide_112/output.paf	105	85e8ddbe1f41d07d2fccefdd6deb60b8cfcf17a64f052215c84a68e7db0e8e8d
raw/chr22_500_guides_20260810T040146_correctness_final/batches/correctness/baseline/pilot/batch_005/guides/chr22_500_guide_112/stderr.txt	0	e3b0c44298fc1c149afbf4c8996fb92427ae41e4649b934ca495991b7852b855
raw/chr22_500_guides_20260810T040146_correctness_final/batches/correctness/baseline/pilot/batch_005/guides/chr22_500_guide_113/command.txt	294	63d6a7b11233a7ab538ffa794d65e01e0631cdd731ad38f8371bcb967e27f683
raw/chr22_500_guides_20260810T040146_correctness_final/batches/correctness/baseline/pilot/batch_005/guides/chr22_500_guide_113/metrics.tsv	296	2ad86c1161a02a2bae2f3203f3c7a0097d06d351ebfecd328c1bfdf51b81bacb
raw/chr22_500_guides_20260810T040146_correctness_final/batches/correctness/baseline/pilot/batch_005/guides/chr22_500_guide_113/output.paf	16229	7e0733a562ff39a952035404c085b0f497df39eeac4dd3cc052a4de78c8e9cdd
raw/chr22_500_guides_20260810T040146_correctness_final/batches/correctness/baseline/pilot/batch_005/guides/chr22_500_guide_113/stderr.txt	0	e3b0c44298fc1c149afbf4c8996fb92427ae41e4649b934ca495991b7852b855
raw/chr22_500_guides_20260810T040146_correctness_final/batches/correctness/baseline/pilot/batch_005/guides/chr22_500_guide_114/command.txt	294	abbadaa502e465aa63837d7dbf2b35c2c95a22b31b74a5cce974163de0694cc5
raw/chr22_500_guides_20260810T040146_correctness_final/batches/correctness/baseline/pilot/batch_005/guides/chr22_500_guide_114/metrics.tsv	294	36a487f196643389d2ffd6f7679af6b27fabc6268d35335f9bf35a0e8dbfc2aa
raw/chr22_500_guides_20260810T040146_correctness_final/batches/correctness/baseline/pilot/batch_005/guides/chr22_500_guide_114/output.paf	105	853d765383b1cbbee4dc3bac9cc1407658422a8e408ffb099ae069cbefe32c96
raw/chr22_500_guides_20260810T040146_correctness_final/batches/correctness/baseline/pilot/batch_005/guides/chr22_500_guide_114/stderr.txt	0	e3b0c44298fc1c149afbf4c8996fb92427ae41e4649b934ca495991b7852b855
raw/chr22_500_guides_20260810T040146_correctness_final/batches/correctness/baseline/pilot/batch_005/guides/chr22_500_guide_115/command.txt	294	10c24785d3b92825ec9bef3b44ebfff25ba3eaeee8f28b5d2ea19e2935cfcddd
raw/chr22_500_guides_20260810T040146_correctness_final/batches/correctness/baseline/pilot/batch_005/guides/chr22_500_guide_115/metrics.tsv	295	39ba4d06bd6bacf92c1dedf2143f5759381d28539634554ee97c71aaa72396ef
raw/chr22_500_guides_20260810T040146_correctness_final/batches/correctness/baseline/pilot/batch_005/guides/chr22_500_guide_115/output.paf	3364	c9f7f81e6f38c20192d49fd1712b128cd09f9d730b5376365ba2e2fc563537d0
raw/chr22_500_guides_20260810T040146_correctness_final/batches/correctness/baseline/pilot/batch_005/guides/chr22_500_guide_115/stderr.txt	0	e3b0c44298fc1c149afbf4c8996fb92427ae41e4649b934ca495991b7852b855
raw/chr22_500_guides_20260810T040146_correctness_final/batches/correctness/baseline/pilot/batch_005/guides/chr22_500_guide_116/command.txt	294	acbd952d884fb63bd64f1840dcb8d6f2c8a27f2c69999d92bf1a6c5d440732ee
raw/chr22_500_guides_20260810T040146_correctness_final/batches/correctness/baseline/pilot/batch_005/guides/chr22_500_guide_116/metrics.tsv	294	5dd3dfde34057fea633fcfe4970a7f9ebbef8ad281544ae14c51d9f4c84786ad
raw/chr22_500_guides_20260810T040146_correctness_final/batches/correctness/baseline/pilot/batch_005/guides/chr22_500_guide_116/output.paf	420	3da79bc941b754384629618a500ad59f9e794c50f96e623a907f1ce30de4efe7
raw/chr22_500_guides_20260810T040146_correctness_final/batches/correctness/baseline/pilot/batch_005/guides/chr22_500_guide_116/stderr.txt	0	e3b0c44298fc1c149afbf4c8996fb92427ae41e4649b934ca495991b7852b855
raw/chr22_500_guides_20260810T040146_correctness_final/batches/correctness/baseline/pilot/batch_005/guides/chr22_500_guide_117/command.txt	294	13ed8c227723dd8e05dd5fc59ad75b1dc1575606dca6d011bbf91fbe14e33a1c
raw/chr22_500_guides_20260810T040146_correctness_final/batches/correctness/baseline/pilot/batch_005/guides/chr22_500_guide_117/metrics.tsv	296	7eda670252462c054c04ff7e8b04015db3eb6599c42edf419aabf14a080e9044
raw/chr22_500_guides_20260810T040146_correctness_final/batches/correctness/baseline/pilot/batch_005/guides/chr22_500_guide_117/output.paf	44090	57f1306bef889f6aafc8ed96482b055560c93deefa5a64bc4ad6a477603ffb56
raw/chr22_500_guides_20260810T040146_correctness_final/batches/correctness/baseline/pilot/batch_005/guides/chr22_500_guide_117/stderr.txt	0	e3b0c44298fc1c149afbf4c8996fb92427ae41e4649b934ca495991b7852b855
raw/chr22_500_guides_20260810T040146_correctness_final/batches/correctness/baseline/pilot/batch_005/guides/chr22_500_guide_118/command.txt	294	8631ab0aed677726dc3a51cc3ad1be797493d081b6ca20945ea5f78a3e7711f9
raw/chr22_500_guides_20260810T040146_correctness_final/batches/correctness/baseline/pilot/batch_005/guides/chr22_500_guide_118/metrics.tsv	294	464724f4b3c7e7ff8de0535f6b57418f3a4c8a456d79ac6fd98e6a6402eb4c52
raw/chr22_500_guides_20260810T040146_correctness_final/batches/correctness/baseline/pilot/batch_005/guides/chr22_500_guide_118/output.paf	105	d7464b7872231b66a5d5e8b9529462954e8dbe3c50718817fdfc12087ef94681
raw/chr22_500_guides_20260810T040146_correctness_final/batches/correctness/baseline/pilot/batch_005/guides/chr22_500_guide_118/stderr.txt	0	e3b0c44298fc1c149afbf4c8996fb92427ae41e4649b934ca495991b7852b855
raw/chr22_500_guides_20260810T040146_correctness_final/batches/correctness/baseline/pilot/batch_005/guides/chr22_500_guide_119/command.txt	294	8141a124de0b7a214805bbd5739039eb94c59435fc39dfe9f8a5c0ce6b4ffa82
raw/chr22_500_guides_20260810T040146_correctness_final/batches/correctness/baseline/pilot/batch_005/guides/chr22_500_guide_119/metrics.tsv	294	67e581fe7576035d6e23c4d363de0e60e3280f99f6863b9321860ef73f5a8f8c
raw/chr22_500_guides_20260810T040146_correctness_final/batches/correctness/baseline/pilot/batch_005/guides/chr22_500_guide_119/output.paf	105	4f436688014fdfd449b313b2c3b687063981e5e245571a9db7c8a5711487b353
raw/chr22_500_guides_20260810T040146_correctness_final/batches/correctness/baseline/pilot/batch_005/guides/chr22_500_guide_119/stderr.txt	0	e3b0c44298fc1c149afbf4c8996fb92427ae41e4649b934ca495991b7852b855
raw/chr22_500_guides_20260810T040146_correctness_final/batches/correctness/baseline/pilot/batch_005/guides/chr22_500_guide_120/command.txt	294	b6272973fb29992ecf50bd5e223b2ed138e5e167c0467332f1685d66b4997276
raw/chr22_500_guides_20260810T040146_correctness_final/batches/correctness/baseline/pilot/batch_005/guides/chr22_500_guide_120/metrics.tsv	294	15f20347dab6d1f3e67a3dc89f5b11e41ebefecd08995f44459f53fc1ec3e47d
raw/chr22_500_guides_20260810T040146_correctness_final/batches/correctness/baseline/pilot/batch_005/guides/chr22_500_guide_120/output.paf	105	33bddbc7779554629ceac64834ec2be3184cdb2699e293b4791aa9ab6b896254
raw/chr22_500_guides_20260810T040146_correctness_final/batches/correctness/baseline/pilot/batch_005/guides/chr22_500_guide_120/stderr.txt	0	e3b0c44298fc1c149afbf4c8996fb92427ae41e4649b934ca495991b7852b855
raw/chr22_500_guides_20260810T040146_correctness_final/batches/correctness/baseline/pilot/batch_005/guides/chr22_500_guide_121/command.txt	294	bdfbb18e06826f9ff14362cb7957c52cdbf85c74c3f3d1cfe5feafe636bd1066
raw/chr22_500_guides_20260810T040146_correctness_final/batches/correctness/baseline/pilot/batch_005/guides/chr22_500_guide_121/metrics.tsv	294	1748c7612a22610bf33a67fe217cea0d96f1cf6af3c38ea3c3cb309f853b6375
raw/chr22_500_guides_20260810T040146_correctness_final/batches/correctness/baseline/pilot/batch_005/guides/chr22_500_guide_121/output.paf	105	9c2d6c2960fe78f86540e1be27182c28b286fce8b9592387bfeac03889c6dae5
raw/chr22_500_guides_20260810T040146_correctness_final/batches/correctness/baseline/pilot/batch_005/guides/chr22_500_guide_121/stderr.txt	0	e3b0c44298fc1c149afbf4c8996fb92427ae41e4649b934ca495991b7852b855
raw/chr22_500_guides_20260810T040146_correctness_final/batches/correctness/baseline/pilot/batch_005/guides/chr22_500_guide_122/command.txt	294	b7c83dd97e702c11ed29dd9ebec406c5ad9414aba0a28d9b5e9933acc368e1d4
raw/chr22_500_guides_20260810T040146_correctness_final/batches/correctness/baseline/pilot/batch_005/guides/chr22_500_guide_122/metrics.tsv	295	4d3ba3a025a2aad9da3a22acd2bcf18340145ded8f4f8507688f2903eb816ec8
raw/chr22_500_guides_20260810T040146_correctness_final/batches/correctness/baseline/pilot/batch_005/guides/chr22_500_guide_122/output.paf	6111	f3f60872b3be2da10e797d6ad288882a8bb897cb10a8c581e0ad714bedaebf67
raw/chr22_500_guides_20260810T040146_correctness_final/batches/correctness/baseline/pilot/batch_005/guides/chr22_500_guide_122/stderr.txt	0	e3b0c44298fc1c149afbf4c8996fb92427ae41e4649b934ca495991b7852b855
raw/chr22_500_guides_20260810T040146_correctness_final/batches/correctness/baseline/pilot/batch_005/guides/chr22_500_guide_123/command.txt	294	7b0b4de8d6f2c517bc1e01da67429cedd929931816cdfc7e0bf2bf93b6572bd2
raw/chr22_500_guides_20260810T040146_correctness_final/batches/correctness/baseline/pilot/batch_005/guides/chr22_500_guide_123/metrics.tsv	296	857539ed0dbde4580883cb7b253b50dca669f4823898334a253314a41812fa66
raw/chr22_500_guides_20260810T040146_correctness_final/batches/correctness/baseline/pilot/batch_005/guides/chr22_500_guide_123/output.paf	14317	b22b12dbe3c2c81d9623997bdae8791fafa5bf35117827e8b1112c7ba4f382a1
raw/chr22_500_guides_20260810T040146_correctness_final/batches/correctness/baseline/pilot/batch_005/guides/chr22_500_guide_123/stderr.txt	0	e3b0c44298fc1c149afbf4c8996fb92427ae41e4649b934ca495991b7852b855
raw/chr22_500_guides_20260810T040146_correctness_final/batches/correctness/baseline/pilot/batch_005/guides/chr22_500_guide_124/command.txt	294	f8fc662d395808a143de325ec4d46d749edcd684fd37f12cd2fb064266373039
raw/chr22_500_guides_20260810T040146_correctness_final/batches/correctness/baseline/pilot/batch_005/guides/chr22_500_guide_124/metrics.tsv	294	8d1a2a6f59ed60d2a2042ca23b1191b729949fc748e4a1305e49fdbd1aa093b0
raw/chr22_500_guides_20260810T040146_correctness_final/batches/correctness/baseline/pilot/batch_005/guides/chr22_500_guide_124/output.paf	105	97a3ea1c1d49016761918329e596d51881a5db88c4ec927743def1525e8cc766
raw/chr22_500_guides_20260810T040146_correctness_final/batches/correctness/baseline/pilot/batch_005/guides/chr22_500_guide_124/stderr.txt	0	e3b0c44298fc1c149afbf4c8996fb92427ae41e4649b934ca495991b7852b855
raw/chr22_500_guides_20260810T040146_correctness_final/batches/correctness/baseline/pilot/batch_005/guides/chr22_500_guide_125/command.txt	294	960b4c518214fa7c96417fe51a3ceee872955ee62eeaf5cb5eb63b3daf0c311b
raw/chr22_500_guides_20260810T040146_correctness_final/batches/correctness/baseline/pilot/batch_005/guides/chr22_500_guide_125/metrics.tsv	294	dc719e4a126ddce465355a13ea475cdbc9719be03cac40e3948382033f6789f2
raw/chr22_500_guides_20260810T040146_correctness_final/batches/correctness/baseline/pilot/batch_005/guides/chr22_500_guide_125/output.paf	428	6c198203265676ee7489aa7bb5fc305ae32117598132205a3fca1d1a0055015d
raw/chr22_500_guides_20260810T040146_correctness_final/batches/correctness/baseline/pilot/batch_005/guides/chr22_500_guide_125/stderr.txt	0	e3b0c44298fc1c149afbf4c8996fb92427ae41e4649b934ca495991b7852b855
raw/chr22_500_guides_20260810T040146_correctness_final/batches/correctness/baseline/pilot/batch_006/SUCCESS	0	e3b0c44298fc1c149afbf4c8996fb92427ae41e4649b934ca495991b7852b855
raw/chr22_500_guides_20260810T040146_correctness_final/batches/correctness/baseline/pilot/batch_006/environment.tsv	600	95275831bc936c24b909528d922b4acabdf2b71789dbdd19dfa8300ef968cacb
raw/chr22_500_guides_20260810T040146_correctness_final/batches/correctness/baseline/pilot/batch_006/guide_ids.txt	500	2e774f5ea6ebed9260f4364eb7e89016f9b18a8634995dadc3597ae490401421
raw/chr22_500_guides_20260810T040146_correctness_final/batches/correctness/baseline/pilot/batch_006/guide_order.sha256	304	f7a555c552001ea3480b6ca55c69d95381e85c55de8329a4dfba012758c16319
raw/chr22_500_guides_20260810T040146_correctness_final/batches/correctness/baseline/pilot/batch_006/guide_order.txt	500	e389a40926e7bc96b4492aca8f9fcb2fdde47cc9037fff4613e3ad02976ca895
raw/chr22_500_guides_20260810T040146_correctness_final/batches/correctness/baseline/pilot/batch_006/guide_results.tsv	5583	4493776f01f3d2bc37f41c50e620e09b7ccbe48a91c0f32a05d24832a6b80f4b
raw/chr22_500_guides_20260810T040146_correctness_final/batches/correctness/baseline/pilot/batch_006/guides/chr22_500_guide_126/command.txt	294	9bd61da97e514b22c41c39171fdb8e3ffadbc15e84679f7b6a08348d5b0603fa
raw/chr22_500_guides_20260810T040146_correctness_final/batches/correctness/baseline/pilot/batch_006/guides/chr22_500_guide_126/metrics.tsv	295	94de984d477fc748b41f80fc6c99e694cdab50f926bd8a9ce34b870d7a871ebb
raw/chr22_500_guides_20260810T040146_correctness_final/batches/correctness/baseline/pilot/batch_006/guides/chr22_500_guide_126/output.paf	5138	28c9b9ae100eb1e2813ad4683f5bd96d5444ce8355672ba908ebe7a60e559fd9
raw/chr22_500_guides_20260810T040146_correctness_final/batches/correctness/baseline/pilot/batch_006/guides/chr22_500_guide_126/stderr.txt	0	e3b0c44298fc1c149afbf4c8996fb92427ae41e4649b934ca495991b7852b855
raw/chr22_500_guides_20260810T040146_correctness_final/batches/correctness/baseline/pilot/batch_006/guides/chr22_500_guide_127/command.txt	294	479e6208eef3326c10c7b8bc160ecac35e47109e2d8eb319695e70d3863a0f23
raw/chr22_500_guides_20260810T040146_correctness_final/batches/correctness/baseline/pilot/batch_006/guides/chr22_500_guide_127/metrics.tsv	294	74e5ea9403c79aa7e272f822c7ad6ab1f0818b7819acfe406b5dda0847d1326e
raw/chr22_500_guides_20260810T040146_correctness_final/batches/correctness/baseline/pilot/batch_006/guides/chr22_500_guide_127/output.paf	105	7fbbd7f172462259a6f4de139401afd584462680da6bbb0e834137af7f13b985
raw/chr22_500_guides_20260810T040146_correctness_final/batches/correctness/baseline/pilot/batch_006/guides/chr22_500_guide_127/stderr.txt	0	e3b0c44298fc1c149afbf4c8996fb92427ae41e4649b934ca495991b7852b855
raw/chr22_500_guides_20260810T040146_correctness_final/batches/correctness/baseline/pilot/batch_006/guides/chr22_500_guide_128/command.txt	294	c7f0d462d248899e23df6fd43ec68ada7f65c48a3298690ffc9118cf36fc1331
raw/chr22_500_guides_20260810T040146_correctness_final/batches/correctness/baseline/pilot/batch_006/guides/chr22_500_guide_128/metrics.tsv	294	b89a623209adddb0639f66ebff10d6dba5b288ee3687ab81ecb89eef9bf47696
raw/chr22_500_guides_20260810T040146_correctness_final/batches/correctness/baseline/pilot/batch_006/guides/chr22_500_guide_128/output.paf	634	f644a91d8a5c365fe3c7c1c3f30ad178f34333e94f697e1f1e75d0fa64c39923
raw/chr22_500_guides_20260810T040146_correctness_final/batches/correctness/baseline/pilot/batch_006/guides/chr22_500_guide_128/stderr.txt	0	e3b0c44298fc1c149afbf4c8996fb92427ae41e4649b934ca495991b7852b855
raw/chr22_500_guides_20260810T040146_correctness_final/batches/correctness/baseline/pilot/batch_006/guides/chr22_500_guide_129/command.txt	294	ca25548501629823afea2bc29fcb03b15adf581f5b8aff6e7da160ab9fd98e2b
raw/chr22_500_guides_20260810T040146_correctness_final/batches/correctness/baseline/pilot/batch_006/guides/chr22_500_guide_129/metrics.tsv	294	ead35b24702e604467e451c52836928b3e83f38bc44e17f7e018d6d51e2c675e
raw/chr22_500_guides_20260810T040146_correctness_final/batches/correctness/baseline/pilot/batch_006/guides/chr22_500_guide_129/output.paf	866	a037a629f95969ba862133edbc2f9b4d54e67b20a84c223a97df966abdd0f7dd
raw/chr22_500_guides_20260810T040146_correctness_final/batches/correctness/baseline/pilot/batch_006/guides/chr22_500_guide_129/stderr.txt	0	e3b0c44298fc1c149afbf4c8996fb92427ae41e4649b934ca495991b7852b855
raw/chr22_500_guides_20260810T040146_correctness_final/batches/correctness/baseline/pilot/batch_006/guides/chr22_500_guide_130/command.txt	294	be8f938a3aa0b3e87e5c08166679d03c749a81aa9872630044b38591ba39edd2
raw/chr22_500_guides_20260810T040146_correctness_final/batches/correctness/baseline/pilot/batch_006/guides/chr22_500_guide_130/metrics.tsv	294	0f1278607837f869713170cd1f8b2fef17629d73365e63305ca3acac8806ac90
raw/chr22_500_guides_20260810T040146_correctness_final/batches/correctness/baseline/pilot/batch_006/guides/chr22_500_guide_130/output.paf	105	474f4e55f985c5d56a5f5af49fa5a1b75cc1a9e85e18115e9a96dd6cd3079ad9
raw/chr22_500_guides_20260810T040146_correctness_final/batches/correctness/baseline/pilot/batch_006/guides/chr22_500_guide_130/stderr.txt	0	e3b0c44298fc1c149afbf4c8996fb92427ae41e4649b934ca495991b7852b855
raw/chr22_500_guides_20260810T040146_correctness_final/batches/correctness/baseline/pilot/batch_006/guides/chr22_500_guide_131/command.txt	294	22bbb3ee87f82584b2f7e7a185988aa4c4c1c5c822511f7a8b18547c38199a09
raw/chr22_500_guides_20260810T040146_correctness_final/batches/correctness/baseline/pilot/batch_006/guides/chr22_500_guide_131/metrics.tsv	295	5158977c26805a0fc2bdc3faf3a7e307207a65b2ae5a473442734745f9f8d61a
raw/chr22_500_guides_20260810T040146_correctness_final/batches/correctness/baseline/pilot/batch_006/guides/chr22_500_guide_131/output.paf	1686	96cee5fb4cab3acc4fd0a53b03049c1d6002bd615ab74125f127320897f9f0a4
raw/chr22_500_guides_20260810T040146_correctness_final/batches/correctness/baseline/pilot/batch_006/guides/chr22_500_guide_131/stderr.txt	0	e3b0c44298fc1c149afbf4c8996fb92427ae41e4649b934ca495991b7852b855
raw/chr22_500_guides_20260810T040146_correctness_final/batches/correctness/baseline/pilot/batch_006/guides/chr22_500_guide_132/command.txt	294	c8532d003cdf73adee4175b6f6d15abc9f41cc7dcd0d84e8b146d7b475573a75
raw/chr22_500_guides_20260810T040146_correctness_final/batches/correctness/baseline/pilot/batch_006/guides/chr22_500_guide_132/metrics.tsv	294	f293c1fe813a71c33d136741f5d657ee45985da10fdf2597b5502afaba4e8742
raw/chr22_500_guides_20260810T040146_correctness_final/batches/correctness/baseline/pilot/batch_006/guides/chr22_500_guide_132/output.paf	105	713820ba358721f9caf9011041070c6453565161fb3256a91b67617a2347babf
raw/chr22_500_guides_20260810T040146_correctness_final/batches/correctness/baseline/pilot/batch_006/guides/chr22_500_guide_132/stderr.txt	0	e3b0c44298fc1c149afbf4c8996fb92427ae41e4649b934ca495991b7852b855
raw/chr22_500_guides_20260810T040146_correctness_final/batches/correctness/baseline/pilot/batch_006/guides/chr22_500_guide_133/command.txt	294	fc0fe2595ff80174e466570c8e55bf44154e4f4fa45fc440c59a1eae579f72e9
raw/chr22_500_guides_20260810T040146_correctness_final/batches/correctness/baseline/pilot/batch_006/guides/chr22_500_guide_133/metrics.tsv	294	38082678f48c69fe95fe29df96884b7a7eb7f4116afb3e4bc3e80e1727e554ed
raw/chr22_500_guides_20260810T040146_correctness_final/batches/correctness/baseline/pilot/batch_006/guides/chr22_500_guide_133/output.paf	210	a7610eb051e87a34826545d10fcf8102943e8611a97a657a33ec94ff2afe4c13
raw/chr22_500_guides_20260810T040146_correctness_final/batches/correctness/baseline/pilot/batch_006/guides/chr22_500_guide_133/stderr.txt	0	e3b0c44298fc1c149afbf4c8996fb92427ae41e4649b934ca495991b7852b855
raw/chr22_500_guides_20260810T040146_correctness_final/batches/correctness/baseline/pilot/batch_006/guides/chr22_500_guide_134/command.txt	294	7a932945bd23f67ec023a9394c0ac567f6038c81449d638b04faa71eff43e392
raw/chr22_500_guides_20260810T040146_correctness_final/batches/correctness/baseline/pilot/batch_006/guides/chr22_500_guide_134/metrics.tsv	297	537f2be6951776b1f36de036022c186659f587294ff08c4f54427ede7f2921d8
raw/chr22_500_guides_20260810T040146_correctness_final/batches/correctness/baseline/pilot/batch_006/guides/chr22_500_guide_134/output.paf	176069	4b09d9bc429d2d59a76cab2e1259da49b7457e88dba8aa146f791257d05d4ef7
raw/chr22_500_guides_20260810T040146_correctness_final/batches/correctness/baseline/pilot/batch_006/guides/chr22_500_guide_134/stderr.txt	0	e3b0c44298fc1c149afbf4c8996fb92427ae41e4649b934ca495991b7852b855
raw/chr22_500_guides_20260810T040146_correctness_final/batches/correctness/baseline/pilot/batch_006/guides/chr22_500_guide_135/command.txt	294	2d81164cb47a7e125e651d0ea4805262d4fd2b1be0d6e9b1c0ea1b75f7739503
raw/chr22_500_guides_20260810T040146_correctness_final/batches/correctness/baseline/pilot/batch_006/guides/chr22_500_guide_135/metrics.tsv	294	5177762ec7df7726090318d822ea5ea5aadaf140615c6c43eb99c22769db6224
raw/chr22_500_guides_20260810T040146_correctness_final/batches/correctness/baseline/pilot/batch_006/guides/chr22_500_guide_135/output.paf	525	4f79902dc45cb76ad8a1031ff3e89b12ec69bb6b0ad88647387d6bec19895c60
raw/chr22_500_guides_20260810T040146_correctness_final/batches/correctness/baseline/pilot/batch_006/guides/chr22_500_guide_135/stderr.txt	0	e3b0c44298fc1c149afbf4c8996fb92427ae41e4649b934ca495991b7852b855
raw/chr22_500_guides_20260810T040146_correctness_final/batches/correctness/baseline/pilot/batch_006/guides/chr22_500_guide_136/command.txt	294	cddd610d31e130c493b23601cb8464a6867e7873ba79455250dec9a341a5f5d8
raw/chr22_500_guides_20260810T040146_correctness_final/batches/correctness/baseline/pilot/batch_006/guides/chr22_500_guide_136/metrics.tsv	296	4e7469c415810f79a9c2905d534610f73c6aceecb964add74d4f68aa0a1e8500
raw/chr22_500_guides_20260810T040146_correctness_final/batches/correctness/baseline/pilot/batch_006/guides/chr22_500_guide_136/output.paf	18981	7cc494b15bc7ba4bce6524e43fb805cc4751f072060bdb6db0514902b852cdc9
raw/chr22_500_guides_20260810T040146_correctness_final/batches/correctness/baseline/pilot/batch_006/guides/chr22_500_guide_136/stderr.txt	0	e3b0c44298fc1c149afbf4c8996fb92427ae41e4649b934ca495991b7852b855
raw/chr22_500_guides_20260810T040146_correctness_final/batches/correctness/baseline/pilot/batch_006/guides/chr22_500_guide_137/command.txt	294	ccbcd6393a3c34485a8256f5badc2cc6531325c9ea0f80809cea7dbba374701a
raw/chr22_500_guides_20260810T040146_correctness_final/batches/correctness/baseline/pilot/batch_006/guides/chr22_500_guide_137/metrics.tsv	294	2e549d546632d7acd0206bf23bf6e1a31dcdb4a6fe4b447e2af486cae6ac86c1
raw/chr22_500_guides_20260810T040146_correctness_final/batches/correctness/baseline/pilot/batch_006/guides/chr22_500_guide_137/output.paf	210	2aca6e493141072414d5d6d67dc6cd668bf7f75a43d4895d99828b717099cafe
raw/chr22_500_guides_20260810T040146_correctness_final/batches/correctness/baseline/pilot/batch_006/guides/chr22_500_guide_137/stderr.txt	0	e3b0c44298fc1c149afbf4c8996fb92427ae41e4649b934ca495991b7852b855
raw/chr22_500_guides_20260810T040146_correctness_final/batches/correctness/baseline/pilot/batch_006/guides/chr22_500_guide_138/command.txt	294	08c1c652402d4ee24dbd48a6355edb06e1ad4c550877027a6f5e1cb5174e57c0
raw/chr22_500_guides_20260810T040146_correctness_final/batches/correctness/baseline/pilot/batch_006/guides/chr22_500_guide_138/metrics.tsv	295	461372472cd9ed5978b645dc573be0f80e84a3b6e17b65d785b0b10c441734ae
raw/chr22_500_guides_20260810T040146_correctness_final/batches/correctness/baseline/pilot/batch_006/guides/chr22_500_guide_138/output.paf	6200	9838a748f83250618473227cbc2b798e921118551a385e778337b49637186fe3
raw/chr22_500_guides_20260810T040146_correctness_final/batches/correctness/baseline/pilot/batch_006/guides/chr22_500_guide_138/stderr.txt	0	e3b0c44298fc1c149afbf4c8996fb92427ae41e4649b934ca495991b7852b855
raw/chr22_500_guides_20260810T040146_correctness_final/batches/correctness/baseline/pilot/batch_006/guides/chr22_500_guide_139/command.txt	294	0e4564bce8eee29a4f81c4150dd7dcba98c3da32fc3c80475ea86244209c3c87
raw/chr22_500_guides_20260810T040146_correctness_final/batches/correctness/baseline/pilot/batch_006/guides/chr22_500_guide_139/metrics.tsv	297	fa742fc5cf0022a8bfcf60392b89a0f1a162e7c029df857efe4418847437897d
raw/chr22_500_guides_20260810T040146_correctness_final/batches/correctness/baseline/pilot/batch_006/guides/chr22_500_guide_139/output.paf	198333	3e826746e760aa3a165b6aa5fb4fbec6909bbdfc73db9650f134ebf5c31127d3
raw/chr22_500_guides_20260810T040146_correctness_final/batches/correctness/baseline/pilot/batch_006/guides/chr22_500_guide_139/stderr.txt	0	e3b0c44298fc1c149afbf4c8996fb92427ae41e4649b934ca495991b7852b855
raw/chr22_500_guides_20260810T040146_correctness_final/batches/correctness/baseline/pilot/batch_006/guides/chr22_500_guide_140/command.txt	294	698429f1c4aaf845b22497614fc491b18b37444addf6d85b6202c096ee8cf512
raw/chr22_500_guides_20260810T040146_correctness_final/batches/correctness/baseline/pilot/batch_006/guides/chr22_500_guide_140/metrics.tsv	295	0abc30b570d6b67cc4dca349752413894c8163c5e41088f686edb207035aff65
raw/chr22_500_guides_20260810T040146_correctness_final/batches/correctness/baseline/pilot/batch_006/guides/chr22_500_guide_140/output.paf	1599	d609368e1abb9ae3506ac52c66a2d9143a55af333b119d1b8286fcf53f0732d2
raw/chr22_500_guides_20260810T040146_correctness_final/batches/correctness/baseline/pilot/batch_006/guides/chr22_500_guide_140/stderr.txt	0	e3b0c44298fc1c149afbf4c8996fb92427ae41e4649b934ca495991b7852b855
raw/chr22_500_guides_20260810T040146_correctness_final/batches/correctness/baseline/pilot/batch_006/guides/chr22_500_guide_141/command.txt	294	7955d58074cb6b3c5dc8743ea7f9f81e983545f635551973e5d834b9f87736da
raw/chr22_500_guides_20260810T040146_correctness_final/batches/correctness/baseline/pilot/batch_006/guides/chr22_500_guide_141/metrics.tsv	294	3db0ace1286bbbde598297379064f2e686a624d0717846b2e74540ddbc072e4b
raw/chr22_500_guides_20260810T040146_correctness_final/batches/correctness/baseline/pilot/batch_006/guides/chr22_500_guide_141/output.paf	105	75a2846e206ef232a498051fea8840d2d310dd428aee04e323c3edd7213c8c13
raw/chr22_500_guides_20260810T040146_correctness_final/batches/correctness/baseline/pilot/batch_006/guides/chr22_500_guide_141/stderr.txt	0	e3b0c44298fc1c149afbf4c8996fb92427ae41e4649b934ca495991b7852b855
raw/chr22_500_guides_20260810T040146_correctness_final/batches/correctness/baseline/pilot/batch_006/guides/chr22_500_guide_142/command.txt	294	3c85e9ef67845416fcec8a9ccdfb91d61649e5a1bbfb1e9c961599534c40e98a
raw/chr22_500_guides_20260810T040146_correctness_final/batches/correctness/baseline/pilot/batch_006/guides/chr22_500_guide_142/metrics.tsv	297	11e05b6f5aba35e4eacc34a0bf5c51a1e3745f924ce2d831a829fe56bd979a30
raw/chr22_500_guides_20260810T040146_correctness_final/batches/correctness/baseline/pilot/batch_006/guides/chr22_500_guide_142/output.paf	415905	76d47834a58aca1fc8b0a55ade58aab759cbba1cdf083fcd9d2bc42eef01b632
raw/chr22_500_guides_20260810T040146_correctness_final/batches/correctness/baseline/pilot/batch_006/guides/chr22_500_guide_142/stderr.txt	0	e3b0c44298fc1c149afbf4c8996fb92427ae41e4649b934ca495991b7852b855
raw/chr22_500_guides_20260810T040146_correctness_final/batches/correctness/baseline/pilot/batch_006/guides/chr22_500_guide_143/command.txt	294	05130b2eec9d98a308a30d7a08930031980697335a95bd49519e7923500fc839
raw/chr22_500_guides_20260810T040146_correctness_final/batches/correctness/baseline/pilot/batch_006/guides/chr22_500_guide_143/metrics.tsv	295	5491d228bbabeb6bb53d034361ae55dea759a5dcb2f6034936e9d20d9f3964c1
raw/chr22_500_guides_20260810T040146_correctness_final/batches/correctness/baseline/pilot/batch_006/guides/chr22_500_guide_143/output.paf	5760	fec4266348f400a636b679dea725f0c74e62ee984b07daae005cd78179aa0b16
raw/chr22_500_guides_20260810T040146_correctness_final/batches/correctness/baseline/pilot/batch_006/guides/chr22_500_guide_143/stderr.txt	0	e3b0c44298fc1c149afbf4c8996fb92427ae41e4649b934ca495991b7852b855
raw/chr22_500_guides_20260810T040146_correctness_final/batches/correctness/baseline/pilot/batch_006/guides/chr22_500_guide_144/command.txt	294	12e3f25a8871653e85663cc66b8a6359cfef8d99a716881e23e70753342718a4
raw/chr22_500_guides_20260810T040146_correctness_final/batches/correctness/baseline/pilot/batch_006/guides/chr22_500_guide_144/metrics.tsv	294	78bc4f2d10e07982e5a915250259972ba034de2404ed48dc1571c0a6bc239e01
raw/chr22_500_guides_20260810T040146_correctness_final/batches/correctness/baseline/pilot/batch_006/guides/chr22_500_guide_144/output.paf	428	e9b97718cfb68076fc6b0adeb42a25acf3165f71b3de6678c1f8adad8155a9c3
raw/chr22_500_guides_20260810T040146_correctness_final/batches/correctness/baseline/pilot/batch_006/guides/chr22_500_guide_144/stderr.txt	0	e3b0c44298fc1c149afbf4c8996fb92427ae41e4649b934ca495991b7852b855
raw/chr22_500_guides_20260810T040146_correctness_final/batches/correctness/baseline/pilot/batch_006/guides/chr22_500_guide_145/command.txt	294	4e378badece338c02f77e676de4021ffbd49dfbbed3b56f675636545d5f4b12b
raw/chr22_500_guides_20260810T040146_correctness_final/batches/correctness/baseline/pilot/batch_006/guides/chr22_500_guide_145/metrics.tsv	294	89a4db21967d5c5d355df9a808de9c3b44b1135095c5fdc758e78c1e7f38d7d9
raw/chr22_500_guides_20260810T040146_correctness_final/batches/correctness/baseline/pilot/batch_006/guides/chr22_500_guide_145/output.paf	424	67232b3f8756228358fbb21eb05c251090dc44307f21a6a5ff67d618f2a48cb7
raw/chr22_500_guides_20260810T040146_correctness_final/batches/correctness/baseline/pilot/batch_006/guides/chr22_500_guide_145/stderr.txt	0	e3b0c44298fc1c149afbf4c8996fb92427ae41e4649b934ca495991b7852b855
raw/chr22_500_guides_20260810T040146_correctness_final/batches/correctness/baseline/pilot/batch_006/guides/chr22_500_guide_146/command.txt	294	862234aad46b295880fd7722f7bde8358ef7b160f824f5cf352ff6cf60407bc6
raw/chr22_500_guides_20260810T040146_correctness_final/batches/correctness/baseline/pilot/batch_006/guides/chr22_500_guide_146/metrics.tsv	296	8838720615bee22839f86c8e460242a0dd938b97a9935176f9cefbd51841dace
raw/chr22_500_guides_20260810T040146_correctness_final/batches/correctness/baseline/pilot/batch_006/guides/chr22_500_guide_146/output.paf	42422	1ff6a26b41e6d377e7603ff601eaba3a0b81265a7b64f3aa4075c534ae064ea8
raw/chr22_500_guides_20260810T040146_correctness_final/batches/correctness/baseline/pilot/batch_006/guides/chr22_500_guide_146/stderr.txt	0	e3b0c44298fc1c149afbf4c8996fb92427ae41e4649b934ca495991b7852b855
raw/chr22_500_guides_20260810T040146_correctness_final/batches/correctness/baseline/pilot/batch_006/guides/chr22_500_guide_147/command.txt	294	86cedaed3f750f801d459ea1f9170853edc12bf3dff33ccaf0e5a3280fe66345
raw/chr22_500_guides_20260810T040146_correctness_final/batches/correctness/baseline/pilot/batch_006/guides/chr22_500_guide_147/metrics.tsv	294	7de053afc627dd7efc22ef87274613cac72b40b90e17e3b0476c58bc3099f98f
raw/chr22_500_guides_20260810T040146_correctness_final/batches/correctness/baseline/pilot/batch_006/guides/chr22_500_guide_147/output.paf	844	daeb3aaacd5dbf851ce837451bf8b8c4784f489a16a8883fa7d9d7cd74be7820
raw/chr22_500_guides_20260810T040146_correctness_final/batches/correctness/baseline/pilot/batch_006/guides/chr22_500_guide_147/stderr.txt	0	e3b0c44298fc1c149afbf4c8996fb92427ae41e4649b934ca495991b7852b855
raw/chr22_500_guides_20260810T040146_correctness_final/batches/correctness/baseline/pilot/batch_006/guides/chr22_500_guide_148/command.txt	294	d6046b1f1c7e415fb6d9e3e8f220865d80365432877a885096bd13802f644357
raw/chr22_500_guides_20260810T040146_correctness_final/batches/correctness/baseline/pilot/batch_006/guides/chr22_500_guide_148/metrics.tsv	297	f47dbf3dfb786bc9abfac1224d2359118fd6c2def9d22ee6c2442a06bad54d81
raw/chr22_500_guides_20260810T040146_correctness_final/batches/correctness/baseline/pilot/batch_006/guides/chr22_500_guide_148/output.paf	213162	05b0a21dfecef722640608a4ae56c59ede427d21069ea5c054d3e93ff6e1f572
raw/chr22_500_guides_20260810T040146_correctness_final/batches/correctness/baseline/pilot/batch_006/guides/chr22_500_guide_148/stderr.txt	0	e3b0c44298fc1c149afbf4c8996fb92427ae41e4649b934ca495991b7852b855
raw/chr22_500_guides_20260810T040146_correctness_final/batches/correctness/baseline/pilot/batch_006/guides/chr22_500_guide_149/command.txt	294	04a30d58aac4b05bbd059e20a17622273d8db870d79ec59bc55cb5ce432729ba
raw/chr22_500_guides_20260810T040146_correctness_final/batches/correctness/baseline/pilot/batch_006/guides/chr22_500_guide_149/metrics.tsv	294	782e3490213f673d2b36faf5b387708d1f1903e46d2bdb9c48745533a0d803b8
raw/chr22_500_guides_20260810T040146_correctness_final/batches/correctness/baseline/pilot/batch_006/guides/chr22_500_guide_149/output.paf	541	d858493a5129d219004e374ad1424cb6a476e79f56c71082ae1af306e90714e8
raw/chr22_500_guides_20260810T040146_correctness_final/batches/correctness/baseline/pilot/batch_006/guides/chr22_500_guide_149/stderr.txt	0	e3b0c44298fc1c149afbf4c8996fb92427ae41e4649b934ca495991b7852b855
raw/chr22_500_guides_20260810T040146_correctness_final/batches/correctness/baseline/pilot/batch_006/guides/chr22_500_guide_150/command.txt	294	351fb26445860319e8be2c4aa6716484b49b35a07dd895bb79a64e09109593d7
raw/chr22_500_guides_20260810T040146_correctness_final/batches/correctness/baseline/pilot/batch_006/guides/chr22_500_guide_150/metrics.tsv	295	342481136920d4f55f78cfa677ba0be08ad04b39a268efdab9eb4964026ecbdc
raw/chr22_500_guides_20260810T040146_correctness_final/batches/correctness/baseline/pilot/batch_006/guides/chr22_500_guide_150/output.paf	3696	9478f4139cd60beb657c1854b7fe8d6c06426d490e56a215a5e2cb6874d5658c
raw/chr22_500_guides_20260810T040146_correctness_final/batches/correctness/baseline/pilot/batch_006/guides/chr22_500_guide_150/stderr.txt	0	e3b0c44298fc1c149afbf4c8996fb92427ae41e4649b934ca495991b7852b855
raw/chr22_500_guides_20260810T040146_correctness_final/batches/correctness/baseline/pilot/batch_007/SUCCESS	0	e3b0c44298fc1c149afbf4c8996fb92427ae41e4649b934ca495991b7852b855
raw/chr22_500_guides_20260810T040146_correctness_final/batches/correctness/baseline/pilot/batch_007/environment.tsv	600	176777b1e5dde177acf03d759d150d370e272393b3840981dd36b0ffef75bb61
raw/chr22_500_guides_20260810T040146_correctness_final/batches/correctness/baseline/pilot/batch_007/guide_ids.txt	500	96bcd88dba725c4ba14ca41c364893fe102b8616b9b0ee89001780c5f726ba73
raw/chr22_500_guides_20260810T040146_correctness_final/batches/correctness/baseline/pilot/batch_007/guide_order.sha256	304	74a367b33d45eb9a72ff226d51610d449b1b616663442e030acb61f1d8458271
raw/chr22_500_guides_20260810T040146_correctness_final/batches/correctness/baseline/pilot/batch_007/guide_order.txt	500	783be96ce607601efe1b1e8d225e270860a5d1e82f883a0b245fcc1fb6f0bfde
raw/chr22_500_guides_20260810T040146_correctness_final/batches/correctness/baseline/pilot/batch_007/guide_results.tsv	5567	3b53fb44d57cea47417729f9fc6daa2a0cc9c3e0e9ab6027f7acd62ca2df631f
raw/chr22_500_guides_20260810T040146_correctness_final/batches/correctness/baseline/pilot/batch_007/guides/chr22_500_guide_151/command.txt	294	ea148dbf77a30e7c95fa942544002f51596bf9abe2a1051eaa349a227f3a7399
raw/chr22_500_guides_20260810T040146_correctness_final/batches/correctness/baseline/pilot/batch_007/guides/chr22_500_guide_151/metrics.tsv	294	2eb905c75264e9fd5c97f9d335884c8660263a7a36e3d8ceff628094ff56e7b7
raw/chr22_500_guides_20260810T040146_correctness_final/batches/correctness/baseline/pilot/batch_007/guides/chr22_500_guide_151/output.paf	105	fe055a246254f30d7a48644133f08b87ee38c4ed785e2b38b800c531c83c0410
raw/chr22_500_guides_20260810T040146_correctness_final/batches/correctness/baseline/pilot/batch_007/guides/chr22_500_guide_151/stderr.txt	0	e3b0c44298fc1c149afbf4c8996fb92427ae41e4649b934ca495991b7852b855
raw/chr22_500_guides_20260810T040146_correctness_final/batches/correctness/baseline/pilot/batch_007/guides/chr22_500_guide_152/command.txt	294	cc5e1b5f4cdf3edc3c489e1c27916c8ceb589e6f33d66ff5746be925c2111dfd
raw/chr22_500_guides_20260810T040146_correctness_final/batches/correctness/baseline/pilot/batch_007/guides/chr22_500_guide_152/metrics.tsv	297	3c8faa24a492a2d86f9a6cb22a31e34bcffa1f3b64f400bf586af99cf1205c09
raw/chr22_500_guides_20260810T040146_correctness_final/batches/correctness/baseline/pilot/batch_007/guides/chr22_500_guide_152/output.paf	210838	d0d57e9add171764f63652742396a4f0fb821146dbd8b2dc41ebf4e5411ac452
raw/chr22_500_guides_20260810T040146_correctness_final/batches/correctness/baseline/pilot/batch_007/guides/chr22_500_guide_152/stderr.txt	0	e3b0c44298fc1c149afbf4c8996fb92427ae41e4649b934ca495991b7852b855
raw/chr22_500_guides_20260810T040146_correctness_final/batches/correctness/baseline/pilot/batch_007/guides/chr22_500_guide_153/command.txt	294	693eef8f580bad29fb90062031f52fdbc5d8f96c35819db5ecc8917ec4573712
raw/chr22_500_guides_20260810T040146_correctness_final/batches/correctness/baseline/pilot/batch_007/guides/chr22_500_guide_153/metrics.tsv	294	1aeff95c4054f3f4908457612931d18ecf6f92e35fd4f536556bf1742e0eb24d
raw/chr22_500_guides_20260810T040146_correctness_final/batches/correctness/baseline/pilot/batch_007/guides/chr22_500_guide_153/output.paf	105	bcce8596509aa2be4a7f3566961162e72e4443c46ea7cf8fc2c5ffb6cee2780a
raw/chr22_500_guides_20260810T040146_correctness_final/batches/correctness/baseline/pilot/batch_007/guides/chr22_500_guide_153/stderr.txt	0	e3b0c44298fc1c149afbf4c8996fb92427ae41e4649b934ca495991b7852b855
raw/chr22_500_guides_20260810T040146_correctness_final/batches/correctness/baseline/pilot/batch_007/guides/chr22_500_guide_154/command.txt	294	04e4de7a1cbdc9685010b7310b689f3538d19279fe284b2f29c14bb80f32904c
raw/chr22_500_guides_20260810T040146_correctness_final/batches/correctness/baseline/pilot/batch_007/guides/chr22_500_guide_154/metrics.tsv	294	0bbc29be3b9ae1a8cb4e9af6daa4522f672b34af8d2bc6b614614e62fd532086
raw/chr22_500_guides_20260810T040146_correctness_final/batches/correctness/baseline/pilot/batch_007/guides/chr22_500_guide_154/output.paf	424	57a8507c498e199c51e4d018ab9d347257f39b1d9699e42636d9bd384a046f78
raw/chr22_500_guides_20260810T040146_correctness_final/batches/correctness/baseline/pilot/batch_007/guides/chr22_500_guide_154/stderr.txt	0	e3b0c44298fc1c149afbf4c8996fb92427ae41e4649b934ca495991b7852b855
raw/chr22_500_guides_20260810T040146_correctness_final/batches/correctness/baseline/pilot/batch_007/guides/chr22_500_guide_155/command.txt	294	1bd1083c16ff450121678dd2b214208d839808e3b80cdfac49a45fd547ce17b7
raw/chr22_500_guides_20260810T040146_correctness_final/batches/correctness/baseline/pilot/batch_007/guides/chr22_500_guide_155/metrics.tsv	294	e493e07768be866d2cac794ddd6697bbcff66eb9ba4eb86f7ac617bca574860d
raw/chr22_500_guides_20260810T040146_correctness_final/batches/correctness/baseline/pilot/batch_007/guides/chr22_500_guide_155/output.paf	105	d7747e0db2e88e56e4a3767f47b5f9029bd6134aadc31b795c79eff5e14e67b8
raw/chr22_500_guides_20260810T040146_correctness_final/batches/correctness/baseline/pilot/batch_007/guides/chr22_500_guide_155/stderr.txt	0	e3b0c44298fc1c149afbf4c8996fb92427ae41e4649b934ca495991b7852b855
raw/chr22_500_guides_20260810T040146_correctness_final/batches/correctness/baseline/pilot/batch_007/guides/chr22_500_guide_156/command.txt	294	1cc5d831877314212f8ecc3f1b472d27020b9cde04c1ba3ca491b09d19a5f671
raw/chr22_500_guides_20260810T040146_correctness_final/batches/correctness/baseline/pilot/batch_007/guides/chr22_500_guide_156/metrics.tsv	294	02e8fa89203977274d5b0219e3212c5ac92a5eb8d7f5800d3c4d450e9fdfc6cf
raw/chr22_500_guides_20260810T040146_correctness_final/batches/correctness/baseline/pilot/batch_007/guides/chr22_500_guide_156/output.paf	420	41707f5dc15da2e7a571f8c8bd844c5166208fe2eaace0d20bfe1b07aa1d0ea2
raw/chr22_500_guides_20260810T040146_correctness_final/batches/correctness/baseline/pilot/batch_007/guides/chr22_500_guide_156/stderr.txt	0	e3b0c44298fc1c149afbf4c8996fb92427ae41e4649b934ca495991b7852b855
raw/chr22_500_guides_20260810T040146_correctness_final/batches/correctness/baseline/pilot/batch_007/guides/chr22_500_guide_157/command.txt	294	f7555d454f1d32940470e6e2a713979c6b581332d09f032eb66b40e29232f087
raw/chr22_500_guides_20260810T040146_correctness_final/batches/correctness/baseline/pilot/batch_007/guides/chr22_500_guide_157/metrics.tsv	294	87f39ca340169165dfd18bf911b0c08a7460b58c234d5e07c1181cd50096dd6e
raw/chr22_500_guides_20260810T040146_correctness_final/batches/correctness/baseline/pilot/batch_007/guides/chr22_500_guide_157/output.paf	105	643dc743fd75f3ec7b2e9f6c2d518d6bf6d7cc37ab7cc77ead9e6846ae592d90
raw/chr22_500_guides_20260810T040146_correctness_final/batches/correctness/baseline/pilot/batch_007/guides/chr22_500_guide_157/stderr.txt	0	e3b0c44298fc1c149afbf4c8996fb92427ae41e4649b934ca495991b7852b855
raw/chr22_500_guides_20260810T040146_correctness_final/batches/correctness/baseline/pilot/batch_007/guides/chr22_500_guide_158/command.txt	294	47d4184cede278f2290d530bc61ecebccc01b3d77cf7e8b23f0e34e7358ebac8
raw/chr22_500_guides_20260810T040146_correctness_final/batches/correctness/baseline/pilot/batch_007/guides/chr22_500_guide_158/metrics.tsv	294	0bccc39f87213038b7dbfc96df5a64b825155d2fad259911b8ad2f1d28eed1cc
raw/chr22_500_guides_20260810T040146_correctness_final/batches/correctness/baseline/pilot/batch_007/guides/chr22_500_guide_158/output.paf	105	c25a6440be62186e25b0f165358d0d0900b923751f80af6ee5c27f0f29a85af6
raw/chr22_500_guides_20260810T040146_correctness_final/batches/correctness/baseline/pilot/batch_007/guides/chr22_500_guide_158/stderr.txt	0	e3b0c44298fc1c149afbf4c8996fb92427ae41e4649b934ca495991b7852b855
raw/chr22_500_guides_20260810T040146_correctness_final/batches/correctness/baseline/pilot/batch_007/guides/chr22_500_guide_159/command.txt	294	6317c64629b914f617be177ae09fb6c8d63818f04f71881a57d8132bcbc2bd90
raw/chr22_500_guides_20260810T040146_correctness_final/batches/correctness/baseline/pilot/batch_007/guides/chr22_500_guide_159/metrics.tsv	294	12d3b7dbca0c7e50132973f9bf183337e38540e980127415107911d5510250d0
raw/chr22_500_guides_20260810T040146_correctness_final/batches/correctness/baseline/pilot/batch_007/guides/chr22_500_guide_159/output.paf	214	3d4992720176e3388daa5c560bb15dec7cf3951b67550e05820230c38661f0a7
raw/chr22_500_guides_20260810T040146_correctness_final/batches/correctness/baseline/pilot/batch_007/guides/chr22_500_guide_159/stderr.txt	0	e3b0c44298fc1c149afbf4c8996fb92427ae41e4649b934ca495991b7852b855
raw/chr22_500_guides_20260810T040146_correctness_final/batches/correctness/baseline/pilot/batch_007/guides/chr22_500_guide_160/command.txt	294	ebda41da73210d022362894056c1b930c81ceedf0b483c859ce9f9a0d2487383
raw/chr22_500_guides_20260810T040146_correctness_final/batches/correctness/baseline/pilot/batch_007/guides/chr22_500_guide_160/metrics.tsv	294	bf8bd193458e54a0ac85663589c893df505ab0f8300fdcdf658e04230900ad97
raw/chr22_500_guides_20260810T040146_correctness_final/batches/correctness/baseline/pilot/batch_007/guides/chr22_500_guide_160/output.paf	105	d6d96d826bcbd4b301c0c87e16f31ad41389f1c8474f50d3699184cfe7acda7a
raw/chr22_500_guides_20260810T040146_correctness_final/batches/correctness/baseline/pilot/batch_007/guides/chr22_500_guide_160/stderr.txt	0	e3b0c44298fc1c149afbf4c8996fb92427ae41e4649b934ca495991b7852b855
raw/chr22_500_guides_20260810T040146_correctness_final/batches/correctness/baseline/pilot/batch_007/guides/chr22_500_guide_161/command.txt	294	c643c2ae19e5aae1992d656a68e536c8a6b18469f241d8717196142db0cdb2c8
raw/chr22_500_guides_20260810T040146_correctness_final/batches/correctness/baseline/pilot/batch_007/guides/chr22_500_guide_161/metrics.tsv	294	6570257c00163c61afebbe9ca9b3a4a443229731cbdc69c9f79120dd321860a6
raw/chr22_500_guides_20260810T040146_correctness_final/batches/correctness/baseline/pilot/batch_007/guides/chr22_500_guide_161/output.paf	105	4ae747e8d2a44a4137f700664493d395d2b602c7f46ee11e639e12aab1a96bf3
raw/chr22_500_guides_20260810T040146_correctness_final/batches/correctness/baseline/pilot/batch_007/guides/chr22_500_guide_161/stderr.txt	0	e3b0c44298fc1c149afbf4c8996fb92427ae41e4649b934ca495991b7852b855
raw/chr22_500_guides_20260810T040146_correctness_final/batches/correctness/baseline/pilot/batch_007/guides/chr22_500_guide_162/command.txt	294	d5fafc21fff53977f211ada71f4e4a3b0b30e6e6337381644c427b96a19906e7
raw/chr22_500_guides_20260810T040146_correctness_final/batches/correctness/baseline/pilot/batch_007/guides/chr22_500_guide_162/metrics.tsv	294	8691fb54268e1fb6c11b2f0fde5d17170ca9c3508ca7f3a9aa0721b4d15355c0
raw/chr22_500_guides_20260810T040146_correctness_final/batches/correctness/baseline/pilot/batch_007/guides/chr22_500_guide_162/output.paf	105	b69419482bbafe6e1bcaa11e5797437af79964ee051c788015805b30820e8298
raw/chr22_500_guides_20260810T040146_correctness_final/batches/correctness/baseline/pilot/batch_007/guides/chr22_500_guide_162/stderr.txt	0	e3b0c44298fc1c149afbf4c8996fb92427ae41e4649b934ca495991b7852b855
raw/chr22_500_guides_20260810T040146_correctness_final/batches/correctness/baseline/pilot/batch_007/guides/chr22_500_guide_163/command.txt	294	5ddaed3d9b48f38be66cc73ef4c3afc99c493c2620945cc3479410a0e6d067bd
raw/chr22_500_guides_20260810T040146_correctness_final/batches/correctness/baseline/pilot/batch_007/guides/chr22_500_guide_163/metrics.tsv	294	5022a548650248ed9d39c18f9500477fce44fcc20fa2f6a673837415bc83bbf4
raw/chr22_500_guides_20260810T040146_correctness_final/batches/correctness/baseline/pilot/batch_007/guides/chr22_500_guide_163/output.paf	105	0effc63d85fa97f691908ce0321ab857ae6f08fabd2480f35c83ff81e76c9f0e
raw/chr22_500_guides_20260810T040146_correctness_final/batches/correctness/baseline/pilot/batch_007/guides/chr22_500_guide_163/stderr.txt	0	e3b0c44298fc1c149afbf4c8996fb92427ae41e4649b934ca495991b7852b855
raw/chr22_500_guides_20260810T040146_correctness_final/batches/correctness/baseline/pilot/batch_007/guides/chr22_500_guide_164/command.txt	294	0c2f79b12942a1d1e52ad66d621b575c3a61d2815110cb336303ef38104fd60b
raw/chr22_500_guides_20260810T040146_correctness_final/batches/correctness/baseline/pilot/batch_007/guides/chr22_500_guide_164/metrics.tsv	294	4a024804cda44ec592c7a545e661ed4246a5773e405061a73f13ff32d7fbd39d
raw/chr22_500_guides_20260810T040146_correctness_final/batches/correctness/baseline/pilot/batch_007/guides/chr22_500_guide_164/output.paf	105	46e7f3e1a96998b4b736b1eec08088a85a8308019dae7439865ffb87c1184f73
raw/chr22_500_guides_20260810T040146_correctness_final/batches/correctness/baseline/pilot/batch_007/guides/chr22_500_guide_164/stderr.txt	0	e3b0c44298fc1c149afbf4c8996fb92427ae41e4649b934ca495991b7852b855
raw/chr22_500_guides_20260810T040146_correctness_final/batches/correctness/baseline/pilot/batch_007/guides/chr22_500_guide_165/command.txt	294	4901ef65ba2e0f0004ffa565518cf3769991013ee535610774c3157d6dee4c03
raw/chr22_500_guides_20260810T040146_correctness_final/batches/correctness/baseline/pilot/batch_007/guides/chr22_500_guide_165/metrics.tsv	294	f9dd83d0567aab89bf753b70a8a6e86bd2611062d7f04462eef034287bde3239
raw/chr22_500_guides_20260810T040146_correctness_final/batches/correctness/baseline/pilot/batch_007/guides/chr22_500_guide_165/output.paf	105	d886af1f304911c13510c5ed489b15bb3ee85e388b776d06e045ba0c930a5f2b
raw/chr22_500_guides_20260810T040146_correctness_final/batches/correctness/baseline/pilot/batch_007/guides/chr22_500_guide_165/stderr.txt	0	e3b0c44298fc1c149afbf4c8996fb92427ae41e4649b934ca495991b7852b855
raw/chr22_500_guides_20260810T040146_correctness_final/batches/correctness/baseline/pilot/batch_007/guides/chr22_500_guide_166/command.txt	294	821cd5b8fcf42f51f45e6bf74fbe84d380a76574b2148efb166ba024b93ccce3
raw/chr22_500_guides_20260810T040146_correctness_final/batches/correctness/baseline/pilot/batch_007/guides/chr22_500_guide_166/metrics.tsv	295	6fe29a6abc51eb3229fff299e4411dcf29ddab51f825fad96a0c12bf1eae3194
raw/chr22_500_guides_20260810T040146_correctness_final/batches/correctness/baseline/pilot/batch_007/guides/chr22_500_guide_166/output.paf	4740	dc3018a72e7ce02a7ac7ec80d1b06fc3b73c3a8ab079e32e046eee0788230bbd
raw/chr22_500_guides_20260810T040146_correctness_final/batches/correctness/baseline/pilot/batch_007/guides/chr22_500_guide_166/stderr.txt	0	e3b0c44298fc1c149afbf4c8996fb92427ae41e4649b934ca495991b7852b855
raw/chr22_500_guides_20260810T040146_correctness_final/batches/correctness/baseline/pilot/batch_007/guides/chr22_500_guide_167/command.txt	294	8bc13b5d906798d0d233e4ccaea486cecf9023249f31aaebf4366949fd38dbd6
raw/chr22_500_guides_20260810T040146_correctness_final/batches/correctness/baseline/pilot/batch_007/guides/chr22_500_guide_167/metrics.tsv	294	e4a4dd8cfa77734701164e69096ba2121143e5e4fdce6b28caffaeb280c10874
raw/chr22_500_guides_20260810T040146_correctness_final/batches/correctness/baseline/pilot/batch_007/guides/chr22_500_guide_167/output.paf	105	cee264189907b3df5df36df18bf77367d70c9e3307ae209d7154fde9dfbc47a5
raw/chr22_500_guides_20260810T040146_correctness_final/batches/correctness/baseline/pilot/batch_007/guides/chr22_500_guide_167/stderr.txt	0	e3b0c44298fc1c149afbf4c8996fb92427ae41e4649b934ca495991b7852b855
raw/chr22_500_guides_20260810T040146_correctness_final/batches/correctness/baseline/pilot/batch_007/guides/chr22_500_guide_168/command.txt	294	629a2abc91d2077d36210614bad36c1d8f0a43a338199e280f50e4642ab300b9
raw/chr22_500_guides_20260810T040146_correctness_final/batches/correctness/baseline/pilot/batch_007/guides/chr22_500_guide_168/metrics.tsv	294	398ea12e0e76b9e400f66b5904c5e9d4f001abd9f1e7f6623fe2a95581b476a3
raw/chr22_500_guides_20260810T040146_correctness_final/batches/correctness/baseline/pilot/batch_007/guides/chr22_500_guide_168/output.paf	105	b799f84402b88ca7eda644ce1b5b5eb56c02b09c04d62fc51c4c70dc76c6b583
raw/chr22_500_guides_20260810T040146_correctness_final/batches/correctness/baseline/pilot/batch_007/guides/chr22_500_guide_168/stderr.txt	0	e3b0c44298fc1c149afbf4c8996fb92427ae41e4649b934ca495991b7852b855
raw/chr22_500_guides_20260810T040146_correctness_final/batches/correctness/baseline/pilot/batch_007/guides/chr22_500_guide_169/command.txt	294	3bb53a07692a48715609d0522929e347003d798ebd90353eafacaa9a201bd2f0
raw/chr22_500_guides_20260810T040146_correctness_final/batches/correctness/baseline/pilot/batch_007/guides/chr22_500_guide_169/metrics.tsv	294	b54362172a444bc1e7aee469782829928e3e3e2b9f83a4111403af5899ff6edb
raw/chr22_500_guides_20260810T040146_correctness_final/batches/correctness/baseline/pilot/batch_007/guides/chr22_500_guide_169/output.paf	105	0862c816f1aa3cfd555719d81c501eb6f39d78bb01666b474f7b06bc78888790
raw/chr22_500_guides_20260810T040146_correctness_final/batches/correctness/baseline/pilot/batch_007/guides/chr22_500_guide_169/stderr.txt	0	e3b0c44298fc1c149afbf4c8996fb92427ae41e4649b934ca495991b7852b855
raw/chr22_500_guides_20260810T040146_correctness_final/batches/correctness/baseline/pilot/batch_007/guides/chr22_500_guide_170/command.txt	294	f1d363e26cf1d7fb42d4766a1494b0e76b2fd9be8777a92ab2deb35c3d0e1a71
raw/chr22_500_guides_20260810T040146_correctness_final/batches/correctness/baseline/pilot/batch_007/guides/chr22_500_guide_170/metrics.tsv	294	02aad4511fa16f2b67d93c58b20359530c0460b9eac6f0d410e91cf421a0a7fb
raw/chr22_500_guides_20260810T040146_correctness_final/batches/correctness/baseline/pilot/batch_007/guides/chr22_500_guide_170/output.paf	105	99438952a76160fd91fde79eb2d1ef722599296aaf8bac56414ccb53df45a0b4
raw/chr22_500_guides_20260810T040146_correctness_final/batches/correctness/baseline/pilot/batch_007/guides/chr22_500_guide_170/stderr.txt	0	e3b0c44298fc1c149afbf4c8996fb92427ae41e4649b934ca495991b7852b855
raw/chr22_500_guides_20260810T040146_correctness_final/batches/correctness/baseline/pilot/batch_007/guides/chr22_500_guide_171/command.txt	294	65b7806d1dc4189fbf1da6ba8260fe9a79e1032242c2dae672a32e5865a36b3d
raw/chr22_500_guides_20260810T040146_correctness_final/batches/correctness/baseline/pilot/batch_007/guides/chr22_500_guide_171/metrics.tsv	294	fa6bda6a11dd718741d9313caa4cc8994266af120caa4c9abcab5c936326a1b2
raw/chr22_500_guides_20260810T040146_correctness_final/batches/correctness/baseline/pilot/batch_007/guides/chr22_500_guide_171/output.paf	105	e317429f77c005e356a722479e453cca3360caf415324867267d86c234fd9a0c
raw/chr22_500_guides_20260810T040146_correctness_final/batches/correctness/baseline/pilot/batch_007/guides/chr22_500_guide_171/stderr.txt	0	e3b0c44298fc1c149afbf4c8996fb92427ae41e4649b934ca495991b7852b855
raw/chr22_500_guides_20260810T040146_correctness_final/batches/correctness/baseline/pilot/batch_007/guides/chr22_500_guide_172/command.txt	294	60e7893b79ac13f725764ac65c600fd5e208c44e31b9e72e11bbe8d08c787834
raw/chr22_500_guides_20260810T040146_correctness_final/batches/correctness/baseline/pilot/batch_007/guides/chr22_500_guide_172/metrics.tsv	294	06aa31a5c2e7ebb068ef074ec3572d82b2af8d9fc75dd763400f59b33bb72d29
raw/chr22_500_guides_20260810T040146_correctness_final/batches/correctness/baseline/pilot/batch_007/guides/chr22_500_guide_172/output.paf	105	e5b0c29742d6b80c7f8138b85ad44dd8d26b1f837257324c59b7b25c2967eb08
raw/chr22_500_guides_20260810T040146_correctness_final/batches/correctness/baseline/pilot/batch_007/guides/chr22_500_guide_172/stderr.txt	0	e3b0c44298fc1c149afbf4c8996fb92427ae41e4649b934ca495991b7852b855
raw/chr22_500_guides_20260810T040146_correctness_final/batches/correctness/baseline/pilot/batch_007/guides/chr22_500_guide_173/command.txt	294	572b21fcd0bff54a92c2059e3467770044774ea934504ff0133e11516c092ca9
raw/chr22_500_guides_20260810T040146_correctness_final/batches/correctness/baseline/pilot/batch_007/guides/chr22_500_guide_173/metrics.tsv	295	d5100f57f0401c0b1ebf6dc5f90868ae44e3aa98eaab4c3ab82e899c24abd185
raw/chr22_500_guides_20260810T040146_correctness_final/batches/correctness/baseline/pilot/batch_007/guides/chr22_500_guide_173/output.paf	1052	a8dc62675b8071ea431c2a3a7f1b9d1040c76477ab30b8bdab2879c9ac4038dd
raw/chr22_500_guides_20260810T040146_correctness_final/batches/correctness/baseline/pilot/batch_007/guides/chr22_500_guide_173/stderr.txt	0	e3b0c44298fc1c149afbf4c8996fb92427ae41e4649b934ca495991b7852b855
raw/chr22_500_guides_20260810T040146_correctness_final/batches/correctness/baseline/pilot/batch_007/guides/chr22_500_guide_174/command.txt	294	5fa574f17c1a3eb2b25c8f3fe725f338014436570a2019bea023a257555afe64
raw/chr22_500_guides_20260810T040146_correctness_final/batches/correctness/baseline/pilot/batch_007/guides/chr22_500_guide_174/metrics.tsv	295	23557430154a988943ee3be4e5f01c58f253c927c631dfb5d722660308e2d640
raw/chr22_500_guides_20260810T040146_correctness_final/batches/correctness/baseline/pilot/batch_007/guides/chr22_500_guide_174/output.paf	6904	c867cd4ee39ff216acadcaeb5b2b351904393dc6b35d5ed707642854dc83a01d
raw/chr22_500_guides_20260810T040146_correctness_final/batches/correctness/baseline/pilot/batch_007/guides/chr22_500_guide_174/stderr.txt	0	e3b0c44298fc1c149afbf4c8996fb92427ae41e4649b934ca495991b7852b855
raw/chr22_500_guides_20260810T040146_correctness_final/batches/correctness/baseline/pilot/batch_007/guides/chr22_500_guide_175/command.txt	294	3cb6c9139a9defeb70d9d04a4424d93ebf4a001a84c5f7021d44e429d790501d
raw/chr22_500_guides_20260810T040146_correctness_final/batches/correctness/baseline/pilot/batch_007/guides/chr22_500_guide_175/metrics.tsv	294	3966335ba35442a1035aa45c85383d92e785bcd5faae5f48403fa9bfa32be820
raw/chr22_500_guides_20260810T040146_correctness_final/batches/correctness/baseline/pilot/batch_007/guides/chr22_500_guide_175/output.paf	105	3a2a9a535dccffd342eaaba6ec06067374dae64ca7889222dcde00af5c440547
raw/chr22_500_guides_20260810T040146_correctness_final/batches/correctness/baseline/pilot/batch_007/guides/chr22_500_guide_175/stderr.txt	0	e3b0c44298fc1c149afbf4c8996fb92427ae41e4649b934ca495991b7852b855
raw/chr22_500_guides_20260810T040146_correctness_final/batches/correctness/baseline/pilot/batch_008/SUCCESS	0	e3b0c44298fc1c149afbf4c8996fb92427ae41e4649b934ca495991b7852b855
raw/chr22_500_guides_20260810T040146_correctness_final/batches/correctness/baseline/pilot/batch_008/environment.tsv	600	04126998a3f6ac03a5fd485e9b1555121aa647e9a7f53ea3405e029004c610bc
raw/chr22_500_guides_20260810T040146_correctness_final/batches/correctness/baseline/pilot/batch_008/guide_ids.txt	500	081a82c97621aa41a7a2e263f772c55e527853d63938fe8eb87dcf7e5c3843ee
raw/chr22_500_guides_20260810T040146_correctness_final/batches/correctness/baseline/pilot/batch_008/guide_order.sha256	304	bb1e4f503b131fc4211d8ea1b6bd93b9f0fda8e034e09b77ae281d46797eb527
raw/chr22_500_guides_20260810T040146_correctness_final/batches/correctness/baseline/pilot/batch_008/guide_order.txt	500	d04fce548606717cfdc049f0fd2559ec16318dacb3abdb206f4abf5f85e32d28
raw/chr22_500_guides_20260810T040146_correctness_final/batches/correctness/baseline/pilot/batch_008/guide_results.tsv	5565	db35d6c38e975f251d288312b6ef98151c9bf7d139115e9be8fff18ceb38b12f
raw/chr22_500_guides_20260810T040146_correctness_final/batches/correctness/baseline/pilot/batch_008/guides/chr22_500_guide_176/command.txt	294	436bf19c833860dbbb840aada6387bad42038388a8b2602eff54f54f135e0bcd
raw/chr22_500_guides_20260810T040146_correctness_final/batches/correctness/baseline/pilot/batch_008/guides/chr22_500_guide_176/metrics.tsv	294	7a8ad942894136a275c80d29b96c429baaf405b7253479a84910acceea697273
raw/chr22_500_guides_20260810T040146_correctness_final/batches/correctness/baseline/pilot/batch_008/guides/chr22_500_guide_176/output.paf	105	6b2b73f521ab30bc9f66dd52de9bfe397a214246ef85ca25fe53c3a46bf2510e
raw/chr22_500_guides_20260810T040146_correctness_final/batches/correctness/baseline/pilot/batch_008/guides/chr22_500_guide_176/stderr.txt	0	e3b0c44298fc1c149afbf4c8996fb92427ae41e4649b934ca495991b7852b855
raw/chr22_500_guides_20260810T040146_correctness_final/batches/correctness/baseline/pilot/batch_008/guides/chr22_500_guide_177/command.txt	294	08d5bcb57f13a0588f4be91cf093e0c5648da806f59b06516b7e2c755f5bbf4e
raw/chr22_500_guides_20260810T040146_correctness_final/batches/correctness/baseline/pilot/batch_008/guides/chr22_500_guide_177/metrics.tsv	294	2273a7d03afa5008d6da833a91348896f25ff9ab47af306acfd18db3dc62751b
raw/chr22_500_guides_20260810T040146_correctness_final/batches/correctness/baseline/pilot/batch_008/guides/chr22_500_guide_177/output.paf	105	d6b0fb83ee8856732fea46f66b13f7259eb296d82bfc9c1b649d294580993c11
raw/chr22_500_guides_20260810T040146_correctness_final/batches/correctness/baseline/pilot/batch_008/guides/chr22_500_guide_177/stderr.txt	0	e3b0c44298fc1c149afbf4c8996fb92427ae41e4649b934ca495991b7852b855
raw/chr22_500_guides_20260810T040146_correctness_final/batches/correctness/baseline/pilot/batch_008/guides/chr22_500_guide_178/command.txt	294	2c592926ffb302755c180ac923ce45607186d9f56450748963197bcf1c18379b
raw/chr22_500_guides_20260810T040146_correctness_final/batches/correctness/baseline/pilot/batch_008/guides/chr22_500_guide_178/metrics.tsv	294	8e7c78bb68b7aa44ff981e31de3f937abcb805ff00c14128437e5aea4be88053
raw/chr22_500_guides_20260810T040146_correctness_final/batches/correctness/baseline/pilot/batch_008/guides/chr22_500_guide_178/output.paf	105	d902219eeefe3ff64202f082d0493776f51eb4ff2b0f1167c0e670f923533dc4
raw/chr22_500_guides_20260810T040146_correctness_final/batches/correctness/baseline/pilot/batch_008/guides/chr22_500_guide_178/stderr.txt	0	e3b0c44298fc1c149afbf4c8996fb92427ae41e4649b934ca495991b7852b855
raw/chr22_500_guides_20260810T040146_correctness_final/batches/correctness/baseline/pilot/batch_008/guides/chr22_500_guide_179/command.txt	294	9a56a3491fe7f4e08a139fe201577ded8a7414149cc9b9ac341f1d8da3017a1e
raw/chr22_500_guides_20260810T040146_correctness_final/batches/correctness/baseline/pilot/batch_008/guides/chr22_500_guide_179/metrics.tsv	294	9439f2dbd3ce192e20b0591d82131280cd9bd5b0189c4cdb0c6b71c5881fcf29
raw/chr22_500_guides_20260810T040146_correctness_final/batches/correctness/baseline/pilot/batch_008/guides/chr22_500_guide_179/output.paf	214	443eb2e109c7ead1fb87ffc5b4717052c5d61921e4718b70ea3aef670060f0d6
raw/chr22_500_guides_20260810T040146_correctness_final/batches/correctness/baseline/pilot/batch_008/guides/chr22_500_guide_179/stderr.txt	0	e3b0c44298fc1c149afbf4c8996fb92427ae41e4649b934ca495991b7852b855
raw/chr22_500_guides_20260810T040146_correctness_final/batches/correctness/baseline/pilot/batch_008/guides/chr22_500_guide_180/command.txt	294	14b632fc8c3fb39322f40e44e485eb4149ed141924912602db173bf42c8c92b9
raw/chr22_500_guides_20260810T040146_correctness_final/batches/correctness/baseline/pilot/batch_008/guides/chr22_500_guide_180/metrics.tsv	294	e43374fc0bb65c51781c18aabcb76927e1c95411633aa152d705e5753ef71987
raw/chr22_500_guides_20260810T040146_correctness_final/batches/correctness/baseline/pilot/batch_008/guides/chr22_500_guide_180/output.paf	105	458362f7cd5e3313975f59a9b5fcfc0752b491681a6e3bfcc210c9fb46bd7d1e
raw/chr22_500_guides_20260810T040146_correctness_final/batches/correctness/baseline/pilot/batch_008/guides/chr22_500_guide_180/stderr.txt	0	e3b0c44298fc1c149afbf4c8996fb92427ae41e4649b934ca495991b7852b855
raw/chr22_500_guides_20260810T040146_correctness_final/batches/correctness/baseline/pilot/batch_008/guides/chr22_500_guide_181/command.txt	294	2648ec9d7536520af7d5cf6982f99394865890d13b8a070a7ad24d801276fc69
raw/chr22_500_guides_20260810T040146_correctness_final/batches/correctness/baseline/pilot/batch_008/guides/chr22_500_guide_181/metrics.tsv	294	0ebe73d9685d72f33c0b484aa84c63ce54b1cf590f9518c56d16acce4c25c0b8
raw/chr22_500_guides_20260810T040146_correctness_final/batches/correctness/baseline/pilot/batch_008/guides/chr22_500_guide_181/output.paf	105	bd12ccac3bcfe83190a4a57e0c78ff819ffd24d8f03895aa6c4610029187f937
raw/chr22_500_guides_20260810T040146_correctness_final/batches/correctness/baseline/pilot/batch_008/guides/chr22_500_guide_181/stderr.txt	0	e3b0c44298fc1c149afbf4c8996fb92427ae41e4649b934ca495991b7852b855
raw/chr22_500_guides_20260810T040146_correctness_final/batches/correctness/baseline/pilot/batch_008/guides/chr22_500_guide_182/command.txt	294	ab4bea216841a841e86f9bc53ae26a963e8fd1ac6476dcaecd97c6d7b49a4adc
raw/chr22_500_guides_20260810T040146_correctness_final/batches/correctness/baseline/pilot/batch_008/guides/chr22_500_guide_182/metrics.tsv	295	8eba57b3b129cb8dce88c5df619daaa5fb70e06161f35505f232d06bea9f0b88
raw/chr22_500_guides_20260810T040146_correctness_final/batches/correctness/baseline/pilot/batch_008/guides/chr22_500_guide_182/output.paf	7035	531c1b7b3de968da3348bf840baf458fe9cdf431a72dd84a883d9181a4720a26
raw/chr22_500_guides_20260810T040146_correctness_final/batches/correctness/baseline/pilot/batch_008/guides/chr22_500_guide_182/stderr.txt	0	e3b0c44298fc1c149afbf4c8996fb92427ae41e4649b934ca495991b7852b855
raw/chr22_500_guides_20260810T040146_correctness_final/batches/correctness/baseline/pilot/batch_008/guides/chr22_500_guide_183/command.txt	294	d8b474a22bbf7f9aa3d8e4d2e999e0f212b5c52353748dd7d1d44f6b01374e89
raw/chr22_500_guides_20260810T040146_correctness_final/batches/correctness/baseline/pilot/batch_008/guides/chr22_500_guide_183/metrics.tsv	294	ceba2763b61102dccbb518e3b3aaef329695e1339db96dd0f55d103d3f000056
raw/chr22_500_guides_20260810T040146_correctness_final/batches/correctness/baseline/pilot/batch_008/guides/chr22_500_guide_183/output.paf	105	87a59470956d0b27daf38e5e39ded5e150cdea0e868b3bb38ed13ec71694f010
raw/chr22_500_guides_20260810T040146_correctness_final/batches/correctness/baseline/pilot/batch_008/guides/chr22_500_guide_183/stderr.txt	0	e3b0c44298fc1c149afbf4c8996fb92427ae41e4649b934ca495991b7852b855
raw/chr22_500_guides_20260810T040146_correctness_final/batches/correctness/baseline/pilot/batch_008/guides/chr22_500_guide_184/command.txt	294	9eea5ac53b4db4ea103b7bfabf9ab6d1d2a172b957350dc6a4439eca7fc453e0
raw/chr22_500_guides_20260810T040146_correctness_final/batches/correctness/baseline/pilot/batch_008/guides/chr22_500_guide_184/metrics.tsv	294	9836cc0c48832bb222b4dd6f6af1a2ae1220e1eeb4270311d49723c8ba425306
raw/chr22_500_guides_20260810T040146_correctness_final/batches/correctness/baseline/pilot/batch_008/guides/chr22_500_guide_184/output.paf	210	63d6cd29cb7467d7766f34eb3e5fc1d69b1b395b993a76b0bbcfc4be9deffb04
raw/chr22_500_guides_20260810T040146_correctness_final/batches/correctness/baseline/pilot/batch_008/guides/chr22_500_guide_184/stderr.txt	0	e3b0c44298fc1c149afbf4c8996fb92427ae41e4649b934ca495991b7852b855
raw/chr22_500_guides_20260810T040146_correctness_final/batches/correctness/baseline/pilot/batch_008/guides/chr22_500_guide_185/command.txt	294	f69247d8710698542e95a309fb9ca918b5101e1f86e1ee8951ef4f77f0de5e11
raw/chr22_500_guides_20260810T040146_correctness_final/batches/correctness/baseline/pilot/batch_008/guides/chr22_500_guide_185/metrics.tsv	295	30612f88308add761000e20e85f3ead18be3e7d622f6d90c8b89372450547500
raw/chr22_500_guides_20260810T040146_correctness_final/batches/correctness/baseline/pilot/batch_008/guides/chr22_500_guide_185/output.paf	2760	95b8d15842bbb4833716aaf068f7557567aa14a17442091b35dd25158d78e05c
raw/chr22_500_guides_20260810T040146_correctness_final/batches/correctness/baseline/pilot/batch_008/guides/chr22_500_guide_185/stderr.txt	0	e3b0c44298fc1c149afbf4c8996fb92427ae41e4649b934ca495991b7852b855
raw/chr22_500_guides_20260810T040146_correctness_final/batches/correctness/baseline/pilot/batch_008/guides/chr22_500_guide_186/command.txt	294	0d98d4eca8e432bd6d6209df8da902b1b3b1a3d48c16dbd94fc1376c3357a8c0
raw/chr22_500_guides_20260810T040146_correctness_final/batches/correctness/baseline/pilot/batch_008/guides/chr22_500_guide_186/metrics.tsv	294	cd344c60d0cb1c340475cda034968d5571c3e19330d3b204b432744f7774554e
raw/chr22_500_guides_20260810T040146_correctness_final/batches/correctness/baseline/pilot/batch_008/guides/chr22_500_guide_186/output.paf	315	7d8d52ada474c77ec92888fd04abed74393d2818f80e25789addd2b709ba18dd
raw/chr22_500_guides_20260810T040146_correctness_final/batches/correctness/baseline/pilot/batch_008/guides/chr22_500_guide_186/stderr.txt	0	e3b0c44298fc1c149afbf4c8996fb92427ae41e4649b934ca495991b7852b855
raw/chr22_500_guides_20260810T040146_correctness_final/batches/correctness/baseline/pilot/batch_008/guides/chr22_500_guide_187/command.txt	294	7762c3d20f9513078d51f3728323e2655e9fdcacc1e242bfe25344b3976a4852
raw/chr22_500_guides_20260810T040146_correctness_final/batches/correctness/baseline/pilot/batch_008/guides/chr22_500_guide_187/metrics.tsv	294	253ef78dc0e114241787c88e16bee1051786795f61461211059196996983be28
raw/chr22_500_guides_20260810T040146_correctness_final/batches/correctness/baseline/pilot/batch_008/guides/chr22_500_guide_187/output.paf	420	51a176042123342a4831eba8dca01b9000fbe062e0a6c2e88db63cc931977305
raw/chr22_500_guides_20260810T040146_correctness_final/batches/correctness/baseline/pilot/batch_008/guides/chr22_500_guide_187/stderr.txt	0	e3b0c44298fc1c149afbf4c8996fb92427ae41e4649b934ca495991b7852b855
raw/chr22_500_guides_20260810T040146_correctness_final/batches/correctness/baseline/pilot/batch_008/guides/chr22_500_guide_188/command.txt	294	80a23b51b3e84bb31bae7ad637147e3fa61a8f18ce53f43c72038a7ceeed3315
raw/chr22_500_guides_20260810T040146_correctness_final/batches/correctness/baseline/pilot/batch_008/guides/chr22_500_guide_188/metrics.tsv	294	735135ad308ac2c55dcf3bfdeb17f0da6d09e0885a8a217660221d8ee17709de
raw/chr22_500_guides_20260810T040146_correctness_final/batches/correctness/baseline/pilot/batch_008/guides/chr22_500_guide_188/output.paf	105	029b4bae64ebbe3decac5715b992bb89ceb0731276cd7cd8566eaca4250537b4
raw/chr22_500_guides_20260810T040146_correctness_final/batches/correctness/baseline/pilot/batch_008/guides/chr22_500_guide_188/stderr.txt	0	e3b0c44298fc1c149afbf4c8996fb92427ae41e4649b934ca495991b7852b855
raw/chr22_500_guides_20260810T040146_correctness_final/batches/correctness/baseline/pilot/batch_008/guides/chr22_500_guide_189/command.txt	294	1ac183a46643aee77c7664438e235ceac5fabfb6a00911f1b8019d7fc5950b54
raw/chr22_500_guides_20260810T040146_correctness_final/batches/correctness/baseline/pilot/batch_008/guides/chr22_500_guide_189/metrics.tsv	294	a97b1c4470daa2823dd212a1fef0e70f17d3e2bc72cd947b8264552dc9c6dffd
raw/chr22_500_guides_20260810T040146_correctness_final/batches/correctness/baseline/pilot/batch_008/guides/chr22_500_guide_189/output.paf	210	1a0a4c609cd5cf1946c36566a3f804c745395f17934a1617723121dc8047f381
raw/chr22_500_guides_20260810T040146_correctness_final/batches/correctness/baseline/pilot/batch_008/guides/chr22_500_guide_189/stderr.txt	0	e3b0c44298fc1c149afbf4c8996fb92427ae41e4649b934ca495991b7852b855
raw/chr22_500_guides_20260810T040146_correctness_final/batches/correctness/baseline/pilot/batch_008/guides/chr22_500_guide_190/command.txt	294	9c71ff8134364ad84d33dcbcd67b9005b9fc20af2d2ec9076dac2c71207fac49
raw/chr22_500_guides_20260810T040146_correctness_final/batches/correctness/baseline/pilot/batch_008/guides/chr22_500_guide_190/metrics.tsv	295	f5048d4761adcda91bdf75beffe2b90fe3f9d3b825538f0a5301852640c74d19
raw/chr22_500_guides_20260810T040146_correctness_final/batches/correctness/baseline/pilot/batch_008/guides/chr22_500_guide_190/output.paf	1165	3ec0f5a983ad12bb0b1f8ac3572e197bc9e1bd827889258e3cfbbf5c86e86c93
raw/chr22_500_guides_20260810T040146_correctness_final/batches/correctness/baseline/pilot/batch_008/guides/chr22_500_guide_190/stderr.txt	0	e3b0c44298fc1c149afbf4c8996fb92427ae41e4649b934ca495991b7852b855
raw/chr22_500_guides_20260810T040146_correctness_final/batches/correctness/baseline/pilot/batch_008/guides/chr22_500_guide_191/command.txt	294	46b02acf36d8177bc9eb00863fba349e7d84fa4bb733b587ed4f61b3bb84fe46
raw/chr22_500_guides_20260810T040146_correctness_final/batches/correctness/baseline/pilot/batch_008/guides/chr22_500_guide_191/metrics.tsv	294	ad03ffed3805128db30013626c1e90d4796ce8d2d6eb12d95e689ac59ed6d36c
raw/chr22_500_guides_20260810T040146_correctness_final/batches/correctness/baseline/pilot/batch_008/guides/chr22_500_guide_191/output.paf	105	ec8c5f18d6d74bcaeb3d8a9231840ea7d431ef6bd61745bcd5ac037ce5c4b79e
raw/chr22_500_guides_20260810T040146_correctness_final/batches/correctness/baseline/pilot/batch_008/guides/chr22_500_guide_191/stderr.txt	0	e3b0c44298fc1c149afbf4c8996fb92427ae41e4649b934ca495991b7852b855
raw/chr22_500_guides_20260810T040146_correctness_final/batches/correctness/baseline/pilot/batch_008/guides/chr22_500_guide_192/command.txt	294	0b89c5cb544041967244c42591e011e265c2164da665e12d9f4dff8670ef4e17
raw/chr22_500_guides_20260810T040146_correctness_final/batches/correctness/baseline/pilot/batch_008/guides/chr22_500_guide_192/metrics.tsv	295	efd546c40c2c91bbec1b907fbdf645ddb2fe263b84774bb799f811a2a49bd1a9
raw/chr22_500_guides_20260810T040146_correctness_final/batches/correctness/baseline/pilot/batch_008/guides/chr22_500_guide_192/output.paf	1163	954988cb7375212d81ebc6674f60a27db61dcfd6fb3a126b3811f3fde1ed2ae6
raw/chr22_500_guides_20260810T040146_correctness_final/batches/correctness/baseline/pilot/batch_008/guides/chr22_500_guide_192/stderr.txt	0	e3b0c44298fc1c149afbf4c8996fb92427ae41e4649b934ca495991b7852b855
raw/chr22_500_guides_20260810T040146_correctness_final/batches/correctness/baseline/pilot/batch_008/guides/chr22_500_guide_193/command.txt	294	cb08dfa9ac88aac8e5d6f416396c0186e2b33573f415621294d49bdf2452f448
raw/chr22_500_guides_20260810T040146_correctness_final/batches/correctness/baseline/pilot/batch_008/guides/chr22_500_guide_193/metrics.tsv	294	c250f1319dea0931a55e2e370e72f346dcfc70539081f723c484370a012a0e33
raw/chr22_500_guides_20260810T040146_correctness_final/batches/correctness/baseline/pilot/batch_008/guides/chr22_500_guide_193/output.paf	105	a699d8af011bf9deb858b41d0fae396d8cff7641f7f0fffbf757531340e4d266
raw/chr22_500_guides_20260810T040146_correctness_final/batches/correctness/baseline/pilot/batch_008/guides/chr22_500_guide_193/stderr.txt	0	e3b0c44298fc1c149afbf4c8996fb92427ae41e4649b934ca495991b7852b855
raw/chr22_500_guides_20260810T040146_correctness_final/batches/correctness/baseline/pilot/batch_008/guides/chr22_500_guide_194/command.txt	294	3aa7a30e5773e8a0926f3ad814714debfb0dc041b95e7a1c55186cd9601f4d63
raw/chr22_500_guides_20260810T040146_correctness_final/batches/correctness/baseline/pilot/batch_008/guides/chr22_500_guide_194/metrics.tsv	294	850f318607bbafa37de0c1d3aef3d3e02d3ccdbe94f45bd644a7a9c575dd1ae1
raw/chr22_500_guides_20260810T040146_correctness_final/batches/correctness/baseline/pilot/batch_008/guides/chr22_500_guide_194/output.paf	422	acd324d561813e25329268cea5ef3cd65972ae8c88b93e0ca4c4d57a9dac8f3f
raw/chr22_500_guides_20260810T040146_correctness_final/batches/correctness/baseline/pilot/batch_008/guides/chr22_500_guide_194/stderr.txt	0	e3b0c44298fc1c149afbf4c8996fb92427ae41e4649b934ca495991b7852b855
raw/chr22_500_guides_20260810T040146_correctness_final/batches/correctness/baseline/pilot/batch_008/guides/chr22_500_guide_195/command.txt	294	332a9753ee09c072c477488540d37d644224e91e836304f505bfe409ec006d92
raw/chr22_500_guides_20260810T040146_correctness_final/batches/correctness/baseline/pilot/batch_008/guides/chr22_500_guide_195/metrics.tsv	294	803a6dfb8006c01ddf55f206ca1ddf20ab7818cc5106d230730d6430da6db4dc
raw/chr22_500_guides_20260810T040146_correctness_final/batches/correctness/baseline/pilot/batch_008/guides/chr22_500_guide_195/output.paf	105	cac63da066aaf63d31569e7c953806e38e664ec0d4f305a178c2932f86cda903
raw/chr22_500_guides_20260810T040146_correctness_final/batches/correctness/baseline/pilot/batch_008/guides/chr22_500_guide_195/stderr.txt	0	e3b0c44298fc1c149afbf4c8996fb92427ae41e4649b934ca495991b7852b855
raw/chr22_500_guides_20260810T040146_correctness_final/batches/correctness/baseline/pilot/batch_008/guides/chr22_500_guide_196/command.txt	294	f638245ce85b5fe240cf7ae02664c421ed14bd2d6db1b319af96e7263ae54b88
raw/chr22_500_guides_20260810T040146_correctness_final/batches/correctness/baseline/pilot/batch_008/guides/chr22_500_guide_196/metrics.tsv	294	67d2d9bec97e934d8fd19221c0c9aad0fe36978d62bf4b3fdd5cca15a217cc61
raw/chr22_500_guides_20260810T040146_correctness_final/batches/correctness/baseline/pilot/batch_008/guides/chr22_500_guide_196/output.paf	105	9d313725a1565d5cfde76bfc23bd41168e8fdfe731f992e32e4e14928f1eba97
raw/chr22_500_guides_20260810T040146_correctness_final/batches/correctness/baseline/pilot/batch_008/guides/chr22_500_guide_196/stderr.txt	0	e3b0c44298fc1c149afbf4c8996fb92427ae41e4649b934ca495991b7852b855
raw/chr22_500_guides_20260810T040146_correctness_final/batches/correctness/baseline/pilot/batch_008/guides/chr22_500_guide_197/command.txt	294	8e2c5d8a56806a517ba1b22ef149bb207568f9816431a690832f90fbdfb22f45
raw/chr22_500_guides_20260810T040146_correctness_final/batches/correctness/baseline/pilot/batch_008/guides/chr22_500_guide_197/metrics.tsv	294	ad93cbfc784322adb592a9461028e18eec9e8d7a9a05f093dd5da52034572934
raw/chr22_500_guides_20260810T040146_correctness_final/batches/correctness/baseline/pilot/batch_008/guides/chr22_500_guide_197/output.paf	214	9eb85067d7a33bee8c8f49137a3e8ac1aec62426b1a9ddb3244bbec7c94ba60d
raw/chr22_500_guides_20260810T040146_correctness_final/batches/correctness/baseline/pilot/batch_008/guides/chr22_500_guide_197/stderr.txt	0	e3b0c44298fc1c149afbf4c8996fb92427ae41e4649b934ca495991b7852b855
raw/chr22_500_guides_20260810T040146_correctness_final/batches/correctness/baseline/pilot/batch_008/guides/chr22_500_guide_198/command.txt	294	8adf270701d91cfab61c6ffeffbd1480bbb4e72e5b9f5bd31de375a415cedcf2
raw/chr22_500_guides_20260810T040146_correctness_final/batches/correctness/baseline/pilot/batch_008/guides/chr22_500_guide_198/metrics.tsv	294	fd469d29cba328367873a4b3d13e000aedcd74e8c60a09272e60012b028a7481
raw/chr22_500_guides_20260810T040146_correctness_final/batches/correctness/baseline/pilot/batch_008/guides/chr22_500_guide_198/output.paf	105	4390a33a35b7293befeadb9fa60eb9d4727d057633aeb9a93007f6581228ca97
raw/chr22_500_guides_20260810T040146_correctness_final/batches/correctness/baseline/pilot/batch_008/guides/chr22_500_guide_198/stderr.txt	0	e3b0c44298fc1c149afbf4c8996fb92427ae41e4649b934ca495991b7852b855
raw/chr22_500_guides_20260810T040146_correctness_final/batches/correctness/baseline/pilot/batch_008/guides/chr22_500_guide_199/command.txt	294	9e2d57b8bfd734d04b63477618c94cdf17fdc7d17ff7a170f14e706795758ad3
raw/chr22_500_guides_20260810T040146_correctness_final/batches/correctness/baseline/pilot/batch_008/guides/chr22_500_guide_199/metrics.tsv	294	74093145d0c65e8dbabe8edc639529e01ed9941df654f282cc08dde9c3fdc9df
raw/chr22_500_guides_20260810T040146_correctness_final/batches/correctness/baseline/pilot/batch_008/guides/chr22_500_guide_199/output.paf	105	1a9e47a73e5d927bda478b79a2e0b4fe3a9cb6a5e919786318654d9a3e5db97f
raw/chr22_500_guides_20260810T040146_correctness_final/batches/correctness/baseline/pilot/batch_008/guides/chr22_500_guide_199/stderr.txt	0	e3b0c44298fc1c149afbf4c8996fb92427ae41e4649b934ca495991b7852b855
raw/chr22_500_guides_20260810T040146_correctness_final/batches/correctness/baseline/pilot/batch_008/guides/chr22_500_guide_200/command.txt	294	465cca56791dd03115163410d9f404f484f5083cff6c8d3c9435ccfba60575b2
raw/chr22_500_guides_20260810T040146_correctness_final/batches/correctness/baseline/pilot/batch_008/guides/chr22_500_guide_200/metrics.tsv	294	9be7bce9a8ab90468f455bed1427781428f995e652920a437dc1c3932981d758
raw/chr22_500_guides_20260810T040146_correctness_final/batches/correctness/baseline/pilot/batch_008/guides/chr22_500_guide_200/output.paf	105	17756acd0a0ce54b4e745976cd31a47fd1c9f63f1661aa7d77bad966ffb5a944
raw/chr22_500_guides_20260810T040146_correctness_final/batches/correctness/baseline/pilot/batch_008/guides/chr22_500_guide_200/stderr.txt	0	e3b0c44298fc1c149afbf4c8996fb92427ae41e4649b934ca495991b7852b855
raw/chr22_500_guides_20260810T040146_correctness_final/batches/correctness/baseline/pilot/batch_009/SUCCESS	0	e3b0c44298fc1c149afbf4c8996fb92427ae41e4649b934ca495991b7852b855
raw/chr22_500_guides_20260810T040146_correctness_final/batches/correctness/baseline/pilot/batch_009/environment.tsv	600	71a8227f145e6cd8556f253cee6e7b802de78a56bc1e101c6d62e3da413eadbc
raw/chr22_500_guides_20260810T040146_correctness_final/batches/correctness/baseline/pilot/batch_009/guide_ids.txt	500	7d8267746c81d62f1a0646f3b08b7ab808f79f64a00edbaff425a68cfa193181
raw/chr22_500_guides_20260810T040146_correctness_final/batches/correctness/baseline/pilot/batch_009/guide_order.sha256	304	63a9ef5a6b6ffb9840185c3cca824df6bb619f10544622fa515366820297bb92
raw/chr22_500_guides_20260810T040146_correctness_final/batches/correctness/baseline/pilot/batch_009/guide_order.txt	500	14210b2444283ea230fb5a7466132df230e598a2bb9033f7775f16c4fab412cc
raw/chr22_500_guides_20260810T040146_correctness_final/batches/correctness/baseline/pilot/batch_009/guide_results.tsv	5562	987b85df0ba3f59470743461705847bbcc0165e50997c2ebf75b374092b6e37a
raw/chr22_500_guides_20260810T040146_correctness_final/batches/correctness/baseline/pilot/batch_009/guides/chr22_500_guide_201/command.txt	294	7a2c8cece6cdc0cb912f2a13df76837de8ae5ad7c67d5c1c1d0e62af110b8c6b
raw/chr22_500_guides_20260810T040146_correctness_final/batches/correctness/baseline/pilot/batch_009/guides/chr22_500_guide_201/metrics.tsv	294	8b3f16c525079c6805626d0b0ade57278c7b9113462449a3f121813a7c46be26
raw/chr22_500_guides_20260810T040146_correctness_final/batches/correctness/baseline/pilot/batch_009/guides/chr22_500_guide_201/output.paf	214	d6d98b6aeb5f2c883f79b82c45d44de2fb34edbcf0b1e9d7b04b93f9e961419b
raw/chr22_500_guides_20260810T040146_correctness_final/batches/correctness/baseline/pilot/batch_009/guides/chr22_500_guide_201/stderr.txt	0	e3b0c44298fc1c149afbf4c8996fb92427ae41e4649b934ca495991b7852b855
raw/chr22_500_guides_20260810T040146_correctness_final/batches/correctness/baseline/pilot/batch_009/guides/chr22_500_guide_202/command.txt	294	6bbb18c7b065af298d9d539da8c91239b1f541d814343170c931574ed6684a94
raw/chr22_500_guides_20260810T040146_correctness_final/batches/correctness/baseline/pilot/batch_009/guides/chr22_500_guide_202/metrics.tsv	294	6ef7f512fcda767a8379b9a3052e31404b26252ef4519e38b545187ad70a673b
raw/chr22_500_guides_20260810T040146_correctness_final/batches/correctness/baseline/pilot/batch_009/guides/chr22_500_guide_202/output.paf	105	44bbd841c087139227d04935f12732bc62035e07484977bb2a50a49eea89c20d
raw/chr22_500_guides_20260810T040146_correctness_final/batches/correctness/baseline/pilot/batch_009/guides/chr22_500_guide_202/stderr.txt	0	e3b0c44298fc1c149afbf4c8996fb92427ae41e4649b934ca495991b7852b855
raw/chr22_500_guides_20260810T040146_correctness_final/batches/correctness/baseline/pilot/batch_009/guides/chr22_500_guide_203/command.txt	294	dfa319b20f24fe263d616fad61f55dd83574613fe1f48d57aedeee7394e941c7
raw/chr22_500_guides_20260810T040146_correctness_final/batches/correctness/baseline/pilot/batch_009/guides/chr22_500_guide_203/metrics.tsv	294	4d6037480514c5d0ee5ca4953dcd653e62eaaddb1cc5701ef90e0444b49f30d0
raw/chr22_500_guides_20260810T040146_correctness_final/batches/correctness/baseline/pilot/batch_009/guides/chr22_500_guide_203/output.paf	105	3e8108b8109dce3b65881841a62543e3eb3ba821fff9bc76b9b5e43ac8c75d77
raw/chr22_500_guides_20260810T040146_correctness_final/batches/correctness/baseline/pilot/batch_009/guides/chr22_500_guide_203/stderr.txt	0	e3b0c44298fc1c149afbf4c8996fb92427ae41e4649b934ca495991b7852b855
raw/chr22_500_guides_20260810T040146_correctness_final/batches/correctness/baseline/pilot/batch_009/guides/chr22_500_guide_204/command.txt	294	fd39a853767a6a80ec9723aa9aeb3dd087cb304469e808c9f63baa4fdabb70d4
raw/chr22_500_guides_20260810T040146_correctness_final/batches/correctness/baseline/pilot/batch_009/guides/chr22_500_guide_204/metrics.tsv	294	9fe52d635fc655f860895ceb84b7534071179da13ed0c4a44dc53af118a1f661
raw/chr22_500_guides_20260810T040146_correctness_final/batches/correctness/baseline/pilot/batch_009/guides/chr22_500_guide_204/output.paf	105	9d1a5247a3e3b449bea633b6b52c4bc96829551e72493f376f89f7886050d9a4
raw/chr22_500_guides_20260810T040146_correctness_final/batches/correctness/baseline/pilot/batch_009/guides/chr22_500_guide_204/stderr.txt	0	e3b0c44298fc1c149afbf4c8996fb92427ae41e4649b934ca495991b7852b855
raw/chr22_500_guides_20260810T040146_correctness_final/batches/correctness/baseline/pilot/batch_009/guides/chr22_500_guide_205/command.txt	294	d39c121f679741ac37c4df43e88d2c21d4cfd43b1f33ee0c5fca75de678e85d0
raw/chr22_500_guides_20260810T040146_correctness_final/batches/correctness/baseline/pilot/batch_009/guides/chr22_500_guide_205/metrics.tsv	294	b40d88736332088327320feb068218fe84bbe6b98bd642431adcdcf0a769d874
raw/chr22_500_guides_20260810T040146_correctness_final/batches/correctness/baseline/pilot/batch_009/guides/chr22_500_guide_205/output.paf	323	d5db0c5187db9eafb26b8874a7f234588abef20748b1e3c9300909a98f6ef9ad
raw/chr22_500_guides_20260810T040146_correctness_final/batches/correctness/baseline/pilot/batch_009/guides/chr22_500_guide_205/stderr.txt	0	e3b0c44298fc1c149afbf4c8996fb92427ae41e4649b934ca495991b7852b855
raw/chr22_500_guides_20260810T040146_correctness_final/batches/correctness/baseline/pilot/batch_009/guides/chr22_500_guide_206/command.txt	294	1f46d79a4752cc44f6a747fa63917d0864135d9548dd5662f696b3989da52992
raw/chr22_500_guides_20260810T040146_correctness_final/batches/correctness/baseline/pilot/batch_009/guides/chr22_500_guide_206/metrics.tsv	294	c5faea25d40c0dab74e600f1b32755d25df743a686c07d15f6c1801d6ce79e97
raw/chr22_500_guides_20260810T040146_correctness_final/batches/correctness/baseline/pilot/batch_009/guides/chr22_500_guide_206/output.paf	105	0d05d9358e7eddcda81c0af29d014e6cbf29264f1da23b16a2ce4db5446e5bda
raw/chr22_500_guides_20260810T040146_correctness_final/batches/correctness/baseline/pilot/batch_009/guides/chr22_500_guide_206/stderr.txt	0	e3b0c44298fc1c149afbf4c8996fb92427ae41e4649b934ca495991b7852b855
raw/chr22_500_guides_20260810T040146_correctness_final/batches/correctness/baseline/pilot/batch_009/guides/chr22_500_guide_207/command.txt	294	7063221f6d454bf42f53e3c930c18335010a9ef17404faee22d5b78198a00ed7
raw/chr22_500_guides_20260810T040146_correctness_final/batches/correctness/baseline/pilot/batch_009/guides/chr22_500_guide_207/metrics.tsv	294	dcf161ddda2b0e0c6a9adc55a90ea5eeebb2fe906ac04795f425eedadf92104f
raw/chr22_500_guides_20260810T040146_correctness_final/batches/correctness/baseline/pilot/batch_009/guides/chr22_500_guide_207/output.paf	105	d3ec7c66bc10a3376e61eb42399a7bac83ea47eb29447109082383725c615d9d
raw/chr22_500_guides_20260810T040146_correctness_final/batches/correctness/baseline/pilot/batch_009/guides/chr22_500_guide_207/stderr.txt	0	e3b0c44298fc1c149afbf4c8996fb92427ae41e4649b934ca495991b7852b855
raw/chr22_500_guides_20260810T040146_correctness_final/batches/correctness/baseline/pilot/batch_009/guides/chr22_500_guide_208/command.txt	294	96abb0313e92a07915d6f589f9263d132600ae7ee14a7e1730d434a5f0da2461
raw/chr22_500_guides_20260810T040146_correctness_final/batches/correctness/baseline/pilot/batch_009/guides/chr22_500_guide_208/metrics.tsv	294	096635d50f94977df206ae039cafe8e4b8f6baa7c2fefa5a0cc7163b7a53aff1
raw/chr22_500_guides_20260810T040146_correctness_final/batches/correctness/baseline/pilot/batch_009/guides/chr22_500_guide_208/output.paf	105	5924fcb39f9667884df027edda8f627478be6271057a2d69844c736321e3169f
raw/chr22_500_guides_20260810T040146_correctness_final/batches/correctness/baseline/pilot/batch_009/guides/chr22_500_guide_208/stderr.txt	0	e3b0c44298fc1c149afbf4c8996fb92427ae41e4649b934ca495991b7852b855
raw/chr22_500_guides_20260810T040146_correctness_final/batches/correctness/baseline/pilot/batch_009/guides/chr22_500_guide_209/command.txt	294	6ed2785152204a2d820cc540e031522f332546a332be77aae06053fb1036397e
raw/chr22_500_guides_20260810T040146_correctness_final/batches/correctness/baseline/pilot/batch_009/guides/chr22_500_guide_209/metrics.tsv	294	b4e89a4c33b3d7b0af78a6316348196c22d0d27b50c5fde7de26938c3b6c96f7
raw/chr22_500_guides_20260810T040146_correctness_final/batches/correctness/baseline/pilot/batch_009/guides/chr22_500_guide_209/output.paf	105	27efb82af164e4487a5cf1ccf7177efb814a97e6868618c2fb067d455ed85d72
raw/chr22_500_guides_20260810T040146_correctness_final/batches/correctness/baseline/pilot/batch_009/guides/chr22_500_guide_209/stderr.txt	0	e3b0c44298fc1c149afbf4c8996fb92427ae41e4649b934ca495991b7852b855
raw/chr22_500_guides_20260810T040146_correctness_final/batches/correctness/baseline/pilot/batch_009/guides/chr22_500_guide_210/command.txt	294	ab5eb9d3b6ce358d798dabcd7681333cbd35917ad9d330f6794ae48cb20b5ce9
raw/chr22_500_guides_20260810T040146_correctness_final/batches/correctness/baseline/pilot/batch_009/guides/chr22_500_guide_210/metrics.tsv	294	9612b8c7209a75b9271d8fb698622ada9517f43ba1f6cd39e2bdf0d9b2712b85
raw/chr22_500_guides_20260810T040146_correctness_final/batches/correctness/baseline/pilot/batch_009/guides/chr22_500_guide_210/output.paf	105	410125d8cde9aa8559c2cafa33ee82e57d7a2a7be8aa4340940d389453d4aa13
raw/chr22_500_guides_20260810T040146_correctness_final/batches/correctness/baseline/pilot/batch_009/guides/chr22_500_guide_210/stderr.txt	0	e3b0c44298fc1c149afbf4c8996fb92427ae41e4649b934ca495991b7852b855
raw/chr22_500_guides_20260810T040146_correctness_final/batches/correctness/baseline/pilot/batch_009/guides/chr22_500_guide_211/command.txt	294	62e981b7e9d7046172c46942494138920e6c1432a1be0fc41ed4b73325d650f5
raw/chr22_500_guides_20260810T040146_correctness_final/batches/correctness/baseline/pilot/batch_009/guides/chr22_500_guide_211/metrics.tsv	294	b4a69d70d7021084e3b77fa1c28e9c18ae2400ebab6990d1cc3cdcc14bc7bf20
raw/chr22_500_guides_20260810T040146_correctness_final/batches/correctness/baseline/pilot/batch_009/guides/chr22_500_guide_211/output.paf	105	41e46274a8dd6cb1d657fad47699c5e390b73ef35a2ecc76c39b610ebd936738
raw/chr22_500_guides_20260810T040146_correctness_final/batches/correctness/baseline/pilot/batch_009/guides/chr22_500_guide_211/stderr.txt	0	e3b0c44298fc1c149afbf4c8996fb92427ae41e4649b934ca495991b7852b855
raw/chr22_500_guides_20260810T040146_correctness_final/batches/correctness/baseline/pilot/batch_009/guides/chr22_500_guide_212/command.txt	294	5db7b13d3181278cfa298d17b39683554c0a031b284ef0622ced2b3d8901c6a4
raw/chr22_500_guides_20260810T040146_correctness_final/batches/correctness/baseline/pilot/batch_009/guides/chr22_500_guide_212/metrics.tsv	294	d5ed22b2149ba40393fa1a80ec547e90c4309c7198e48bca76c3a8add63e2830
raw/chr22_500_guides_20260810T040146_correctness_final/batches/correctness/baseline/pilot/batch_009/guides/chr22_500_guide_212/output.paf	212	75ee181dc877025b1a277d0dde148dffea356dea31570c65c9071f2fb713e887
raw/chr22_500_guides_20260810T040146_correctness_final/batches/correctness/baseline/pilot/batch_009/guides/chr22_500_guide_212/stderr.txt	0	e3b0c44298fc1c149afbf4c8996fb92427ae41e4649b934ca495991b7852b855
raw/chr22_500_guides_20260810T040146_correctness_final/batches/correctness/baseline/pilot/batch_009/guides/chr22_500_guide_213/command.txt	294	79b5fbd3d257c76d6eebd2f1236d853ba5079718a990efa440f7559ae6363efe
raw/chr22_500_guides_20260810T040146_correctness_final/batches/correctness/baseline/pilot/batch_009/guides/chr22_500_guide_213/metrics.tsv	294	9f81f3911bac49bd5af2d5f30d8957804f9be8ade7104dfff061d40b159bee65
raw/chr22_500_guides_20260810T040146_correctness_final/batches/correctness/baseline/pilot/batch_009/guides/chr22_500_guide_213/output.paf	210	453049c36d105d5fc369042ca0ab1a96b8b895a916b5c2f187ec168c02aae659
raw/chr22_500_guides_20260810T040146_correctness_final/batches/correctness/baseline/pilot/batch_009/guides/chr22_500_guide_213/stderr.txt	0	e3b0c44298fc1c149afbf4c8996fb92427ae41e4649b934ca495991b7852b855
raw/chr22_500_guides_20260810T040146_correctness_final/batches/correctness/baseline/pilot/batch_009/guides/chr22_500_guide_214/command.txt	294	89f3769a272815a2b027b2a07b3c1103511a188ca73b36eab14361442585ec85
raw/chr22_500_guides_20260810T040146_correctness_final/batches/correctness/baseline/pilot/batch_009/guides/chr22_500_guide_214/metrics.tsv	294	86c4551fbce3c8dee117b81a377a4746a0f1f070dd327402cd9c9b5fbc9393fe
raw/chr22_500_guides_20260810T040146_correctness_final/batches/correctness/baseline/pilot/batch_009/guides/chr22_500_guide_214/output.paf	420	7403f4081b4f88388590da82657c8370fdb9644b51d184ced412e397288beb43
raw/chr22_500_guides_20260810T040146_correctness_final/batches/correctness/baseline/pilot/batch_009/guides/chr22_500_guide_214/stderr.txt	0	e3b0c44298fc1c149afbf4c8996fb92427ae41e4649b934ca495991b7852b855
raw/chr22_500_guides_20260810T040146_correctness_final/batches/correctness/baseline/pilot/batch_009/guides/chr22_500_guide_215/command.txt	294	51b6a6f549a110072108dc9b8843b650856bef97da9daeb2c7974158062694d8
raw/chr22_500_guides_20260810T040146_correctness_final/batches/correctness/baseline/pilot/batch_009/guides/chr22_500_guide_215/metrics.tsv	294	91669327509bee1c6c7e30ad49dbc50cb9f052c3670bb9b372963f8a040a133d
raw/chr22_500_guides_20260810T040146_correctness_final/batches/correctness/baseline/pilot/batch_009/guides/chr22_500_guide_215/output.paf	105	63b76d0e58c2cecbbbcfe4992fd7ff1c45be184128a232ca263192df43d8669c
raw/chr22_500_guides_20260810T040146_correctness_final/batches/correctness/baseline/pilot/batch_009/guides/chr22_500_guide_215/stderr.txt	0	e3b0c44298fc1c149afbf4c8996fb92427ae41e4649b934ca495991b7852b855
raw/chr22_500_guides_20260810T040146_correctness_final/batches/correctness/baseline/pilot/batch_009/guides/chr22_500_guide_216/command.txt	294	7d7e2c87b1fb6e564b8cace82cb9167cdfcd64fcd981f5cf83104f3096ca247e
raw/chr22_500_guides_20260810T040146_correctness_final/batches/correctness/baseline/pilot/batch_009/guides/chr22_500_guide_216/metrics.tsv	294	4793a1ed7c91bee05547281b7f8faa64037f3db6042d312ab52f706d7617cc72
raw/chr22_500_guides_20260810T040146_correctness_final/batches/correctness/baseline/pilot/batch_009/guides/chr22_500_guide_216/output.paf	105	e266b204a7997147a3fd8f9d94740378fc9a8435605b2363e7555257caffd730
raw/chr22_500_guides_20260810T040146_correctness_final/batches/correctness/baseline/pilot/batch_009/guides/chr22_500_guide_216/stderr.txt	0	e3b0c44298fc1c149afbf4c8996fb92427ae41e4649b934ca495991b7852b855
raw/chr22_500_guides_20260810T040146_correctness_final/batches/correctness/baseline/pilot/batch_009/guides/chr22_500_guide_217/command.txt	294	d76a4fe8138303a7ef4c625b84ea7037d7e6d234d075080f7995d247d23dc27a
raw/chr22_500_guides_20260810T040146_correctness_final/batches/correctness/baseline/pilot/batch_009/guides/chr22_500_guide_217/metrics.tsv	294	dbfb9078c47202f0c94ccaa7b7a750d8a31653b1063c7204c4279178f0328a69
raw/chr22_500_guides_20260810T040146_correctness_final/batches/correctness/baseline/pilot/batch_009/guides/chr22_500_guide_217/output.paf	105	bf3ea3e4771c6389b495a35456fadd28c1e956c9034804a5821e52e1827a51ff
raw/chr22_500_guides_20260810T040146_correctness_final/batches/correctness/baseline/pilot/batch_009/guides/chr22_500_guide_217/stderr.txt	0	e3b0c44298fc1c149afbf4c8996fb92427ae41e4649b934ca495991b7852b855
raw/chr22_500_guides_20260810T040146_correctness_final/batches/correctness/baseline/pilot/batch_009/guides/chr22_500_guide_218/command.txt	294	9d16446bad9e09137e77ea340ecb55bdbe49974144a814fdf982b8440a122ba6
raw/chr22_500_guides_20260810T040146_correctness_final/batches/correctness/baseline/pilot/batch_009/guides/chr22_500_guide_218/metrics.tsv	294	5610082306dea8096fd00d30adcd3fb5e0050f139f7ddddd427aefc91099e3f3
raw/chr22_500_guides_20260810T040146_correctness_final/batches/correctness/baseline/pilot/batch_009/guides/chr22_500_guide_218/output.paf	210	36c01c1a6474ac52f343fae4779e9be3cbc148c72932a20a98d199f0987ceea6
raw/chr22_500_guides_20260810T040146_correctness_final/batches/correctness/baseline/pilot/batch_009/guides/chr22_500_guide_218/stderr.txt	0	e3b0c44298fc1c149afbf4c8996fb92427ae41e4649b934ca495991b7852b855
raw/chr22_500_guides_20260810T040146_correctness_final/batches/correctness/baseline/pilot/batch_009/guides/chr22_500_guide_219/command.txt	294	6d3b801d9dc7669cee0761ac949c6838c4258e9dd01bf2640b675f3bda0147ea
raw/chr22_500_guides_20260810T040146_correctness_final/batches/correctness/baseline/pilot/batch_009/guides/chr22_500_guide_219/metrics.tsv	294	390bbc1a1387d0e769eabe93f8d6646aae00273994dfd74f8136599a113a3e08
raw/chr22_500_guides_20260810T040146_correctness_final/batches/correctness/baseline/pilot/batch_009/guides/chr22_500_guide_219/output.paf	105	872f2f85baa7c28f5b262483d1218ee6344fc208ed78aec17d684a0eae7c0c68
raw/chr22_500_guides_20260810T040146_correctness_final/batches/correctness/baseline/pilot/batch_009/guides/chr22_500_guide_219/stderr.txt	0	e3b0c44298fc1c149afbf4c8996fb92427ae41e4649b934ca495991b7852b855
raw/chr22_500_guides_20260810T040146_correctness_final/batches/correctness/baseline/pilot/batch_009/guides/chr22_500_guide_220/command.txt	294	085ea3d86a3d3afdf505c264725501be1b084bdd17aad8ee0de4ea0be664699e
raw/chr22_500_guides_20260810T040146_correctness_final/batches/correctness/baseline/pilot/batch_009/guides/chr22_500_guide_220/metrics.tsv	294	93882e8cbd797098b334fa921c5309e673ae70d9abbb44961e6f83d4cb0e6d74
raw/chr22_500_guides_20260810T040146_correctness_final/batches/correctness/baseline/pilot/batch_009/guides/chr22_500_guide_220/output.paf	210	5caccb6a555c66a357a84d81511bc5346d8c3386a9a53fd0ae08d0cfcf763064
raw/chr22_500_guides_20260810T040146_correctness_final/batches/correctness/baseline/pilot/batch_009/guides/chr22_500_guide_220/stderr.txt	0	e3b0c44298fc1c149afbf4c8996fb92427ae41e4649b934ca495991b7852b855
raw/chr22_500_guides_20260810T040146_correctness_final/batches/correctness/baseline/pilot/batch_009/guides/chr22_500_guide_221/command.txt	294	504d5b31227ac1291058d3d22971dc12b1a4c9625129366ca41f274b3db34168
raw/chr22_500_guides_20260810T040146_correctness_final/batches/correctness/baseline/pilot/batch_009/guides/chr22_500_guide_221/metrics.tsv	294	6d4e628df5f592e7ed9293733e1e9e19b3a5eceb8c92c1be327d6d0791140e5a
raw/chr22_500_guides_20260810T040146_correctness_final/batches/correctness/baseline/pilot/batch_009/guides/chr22_500_guide_221/output.paf	105	72b47f3e3ff515f9d0c7166ead60950213736f749d386c6069b92560416c9c56
raw/chr22_500_guides_20260810T040146_correctness_final/batches/correctness/baseline/pilot/batch_009/guides/chr22_500_guide_221/stderr.txt	0	e3b0c44298fc1c149afbf4c8996fb92427ae41e4649b934ca495991b7852b855
raw/chr22_500_guides_20260810T040146_correctness_final/batches/correctness/baseline/pilot/batch_009/guides/chr22_500_guide_222/command.txt	294	18583ddd7ea7daf5928672a15c4ac9f4daafbde1a018ff0ad1a8615faf364eaf
raw/chr22_500_guides_20260810T040146_correctness_final/batches/correctness/baseline/pilot/batch_009/guides/chr22_500_guide_222/metrics.tsv	294	9d7484a28c46f3677cdc308fdb5d68a1df732ef48ec8a84dc69f617c6409822c
raw/chr22_500_guides_20260810T040146_correctness_final/batches/correctness/baseline/pilot/batch_009/guides/chr22_500_guide_222/output.paf	105	6f82a4b03c8a18fd06ca9940024af4ce0a01fb5e93ea9ba2feacab228c154786
raw/chr22_500_guides_20260810T040146_correctness_final/batches/correctness/baseline/pilot/batch_009/guides/chr22_500_guide_222/stderr.txt	0	e3b0c44298fc1c149afbf4c8996fb92427ae41e4649b934ca495991b7852b855
raw/chr22_500_guides_20260810T040146_correctness_final/batches/correctness/baseline/pilot/batch_009/guides/chr22_500_guide_223/command.txt	294	932faf327a6de7d385c77cb1b86027f1573e252b4e7eec329f051c064d5a7a77
raw/chr22_500_guides_20260810T040146_correctness_final/batches/correctness/baseline/pilot/batch_009/guides/chr22_500_guide_223/metrics.tsv	294	efe7f0d1f68da41227aa2c33f82589f09b53a46a6c7763b7050b586436f6b61f
raw/chr22_500_guides_20260810T040146_correctness_final/batches/correctness/baseline/pilot/batch_009/guides/chr22_500_guide_223/output.paf	105	7e528a989c31c40be279492b74efb2b32bbafcb76168ffa5ecf4da003dd2852c
raw/chr22_500_guides_20260810T040146_correctness_final/batches/correctness/baseline/pilot/batch_009/guides/chr22_500_guide_223/stderr.txt	0	e3b0c44298fc1c149afbf4c8996fb92427ae41e4649b934ca495991b7852b855
raw/chr22_500_guides_20260810T040146_correctness_final/batches/correctness/baseline/pilot/batch_009/guides/chr22_500_guide_224/command.txt	294	8af9c6ca74f93de4cbe06803bd765afd5751cf05d46d9b1f9daeca545969ff70
raw/chr22_500_guides_20260810T040146_correctness_final/batches/correctness/baseline/pilot/batch_009/guides/chr22_500_guide_224/metrics.tsv	295	af3df5fe6bd9ca836f63c0d35ef4c57003a0a5b36d6e02fff7f86b3bcb39a066
raw/chr22_500_guides_20260810T040146_correctness_final/batches/correctness/baseline/pilot/batch_009/guides/chr22_500_guide_224/output.paf	2354	f5d0c1a0dd59bf68e00647ef4359c0e5155e451ac49b7baeecbf3c4743d88be8
raw/chr22_500_guides_20260810T040146_correctness_final/batches/correctness/baseline/pilot/batch_009/guides/chr22_500_guide_224/stderr.txt	0	e3b0c44298fc1c149afbf4c8996fb92427ae41e4649b934ca495991b7852b855
raw/chr22_500_guides_20260810T040146_correctness_final/batches/correctness/baseline/pilot/batch_009/guides/chr22_500_guide_225/command.txt	294	f9493ef1f4c841e25f312e210bcdc8431c0ad24ac4ad6785ac37dd06a7936bf1
raw/chr22_500_guides_20260810T040146_correctness_final/batches/correctness/baseline/pilot/batch_009/guides/chr22_500_guide_225/metrics.tsv	294	258d895a16505e77e1c9cfe8dd9355abed8428a830da39bdf9dadfca08c36e19
raw/chr22_500_guides_20260810T040146_correctness_final/batches/correctness/baseline/pilot/batch_009/guides/chr22_500_guide_225/output.paf	214	2256242036940b1116433901a0599960dc42ab0e478a65137c775e38bd0273a2
raw/chr22_500_guides_20260810T040146_correctness_final/batches/correctness/baseline/pilot/batch_009/guides/chr22_500_guide_225/stderr.txt	0	e3b0c44298fc1c149afbf4c8996fb92427ae41e4649b934ca495991b7852b855
raw/chr22_500_guides_20260810T040146_correctness_final/batches/correctness/baseline/pilot/batch_010/SUCCESS	0	e3b0c44298fc1c149afbf4c8996fb92427ae41e4649b934ca495991b7852b855
raw/chr22_500_guides_20260810T040146_correctness_final/batches/correctness/baseline/pilot/batch_010/environment.tsv	601	9b894ee4871d9374c54814a095b2a731e574c578ccc80fc2460c089946ba7c33
raw/chr22_500_guides_20260810T040146_correctness_final/batches/correctness/baseline/pilot/batch_010/guide_ids.txt	500	20d1c29a9ac726a3a2d3afd1c37bc2e5193911491b8bbc2fe2ba546e19a998fa
raw/chr22_500_guides_20260810T040146_correctness_final/batches/correctness/baseline/pilot/batch_010/guide_order.sha256	304	0c691df4a8e0e30fc0105ab6ffa23f9339247f820e813c9a2484a4d5c8647b4f
raw/chr22_500_guides_20260810T040146_correctness_final/batches/correctness/baseline/pilot/batch_010/guide_order.txt	500	bf73aedf1248915dd1bd8a65a0434f67c2e329e23c61eb4df26770d906516dad
raw/chr22_500_guides_20260810T040146_correctness_final/batches/correctness/baseline/pilot/batch_010/guide_results.tsv	5563	e2e42167807b1407d5247ad268a42fe34b6e05dffea79ea2910a9c2550c6045e
raw/chr22_500_guides_20260810T040146_correctness_final/batches/correctness/baseline/pilot/batch_010/guides/chr22_500_guide_226/command.txt	294	517e2e040f7561bb51f63b321d0095d3c7fb6d908beeed57318e156b8afc5df0
raw/chr22_500_guides_20260810T040146_correctness_final/batches/correctness/baseline/pilot/batch_010/guides/chr22_500_guide_226/metrics.tsv	294	6839fed3df2b6f9fac9256b5619d07c67f1897ff2eee4fe8939f4b9ea7d500d7
raw/chr22_500_guides_20260810T040146_correctness_final/batches/correctness/baseline/pilot/batch_010/guides/chr22_500_guide_226/output.paf	105	94662f76c5a2e1983e29f9285786131e7dfa5e0469adfc1d64b03f76edd026e8
raw/chr22_500_guides_20260810T040146_correctness_final/batches/correctness/baseline/pilot/batch_010/guides/chr22_500_guide_226/stderr.txt	0	e3b0c44298fc1c149afbf4c8996fb92427ae41e4649b934ca495991b7852b855
raw/chr22_500_guides_20260810T040146_correctness_final/batches/correctness/baseline/pilot/batch_010/guides/chr22_500_guide_227/command.txt	294	afda7319acd5dbe85a10836e102105fc4a9fb148b86d7967745aa7215dfc0497
raw/chr22_500_guides_20260810T040146_correctness_final/batches/correctness/baseline/pilot/batch_010/guides/chr22_500_guide_227/metrics.tsv	294	6090f914f28ca92b4f34207f0afc5d8da8b8d26c613dca737586e96ce421c915
raw/chr22_500_guides_20260810T040146_correctness_final/batches/correctness/baseline/pilot/batch_010/guides/chr22_500_guide_227/output.paf	105	22d5655df7a017b496eba42ed43213b203f8a0be1e2d8f176c1e3c5f3c371478
raw/chr22_500_guides_20260810T040146_correctness_final/batches/correctness/baseline/pilot/batch_010/guides/chr22_500_guide_227/stderr.txt	0	e3b0c44298fc1c149afbf4c8996fb92427ae41e4649b934ca495991b7852b855
raw/chr22_500_guides_20260810T040146_correctness_final/batches/correctness/baseline/pilot/batch_010/guides/chr22_500_guide_228/command.txt	294	ea098a871cf5ed68b609f46d3161f13220dee86f9cc95545e1bf9e385864bdb3
raw/chr22_500_guides_20260810T040146_correctness_final/batches/correctness/baseline/pilot/batch_010/guides/chr22_500_guide_228/metrics.tsv	294	d979f85650d005573da86ccf75098df643f72a02e42bc41f78d2efcaffc63459
raw/chr22_500_guides_20260810T040146_correctness_final/batches/correctness/baseline/pilot/batch_010/guides/chr22_500_guide_228/output.paf	105	714554ca8eac6dff9bf1ea7bcd982ded36f466eaa79bea00a33e12ff4252393b
raw/chr22_500_guides_20260810T040146_correctness_final/batches/correctness/baseline/pilot/batch_010/guides/chr22_500_guide_228/stderr.txt	0	e3b0c44298fc1c149afbf4c8996fb92427ae41e4649b934ca495991b7852b855
raw/chr22_500_guides_20260810T040146_correctness_final/batches/correctness/baseline/pilot/batch_010/guides/chr22_500_guide_229/command.txt	294	c8a30f784a2c6602368d9b82ef95bc9dbba6653a74fcac9179a295eaa787fdc6
raw/chr22_500_guides_20260810T040146_correctness_final/batches/correctness/baseline/pilot/batch_010/guides/chr22_500_guide_229/metrics.tsv	294	5d44fec46d513106e93363568a502dd5a5253a236d4817b6437620481008ffc0
raw/chr22_500_guides_20260810T040146_correctness_final/batches/correctness/baseline/pilot/batch_010/guides/chr22_500_guide_229/output.paf	105	5dd95897a99de5c99923bee729265bb935a9a9c19c1fcf9fdf9f1a7f104c4420
raw/chr22_500_guides_20260810T040146_correctness_final/batches/correctness/baseline/pilot/batch_010/guides/chr22_500_guide_229/stderr.txt	0	e3b0c44298fc1c149afbf4c8996fb92427ae41e4649b934ca495991b7852b855
raw/chr22_500_guides_20260810T040146_correctness_final/batches/correctness/baseline/pilot/batch_010/guides/chr22_500_guide_230/command.txt	294	766cd936c3dfe635719adff5c452409baacc9c4cd22b8312cd8866ce2d6ec1ab
raw/chr22_500_guides_20260810T040146_correctness_final/batches/correctness/baseline/pilot/batch_010/guides/chr22_500_guide_230/metrics.tsv	295	b3375859e242a18b2ea2bdcbc0ba8c97e9289f2d8e0f18fb5d8f9e801960034d
raw/chr22_500_guides_20260810T040146_correctness_final/batches/correctness/baseline/pilot/batch_010/guides/chr22_500_guide_230/output.paf	7727	adfd69a3ef88f06ef9717b3abd2a50aead96e172bedf9bd9bacaa5747b27a483
raw/chr22_500_guides_20260810T040146_correctness_final/batches/correctness/baseline/pilot/batch_010/guides/chr22_500_guide_230/stderr.txt	0	e3b0c44298fc1c149afbf4c8996fb92427ae41e4649b934ca495991b7852b855
raw/chr22_500_guides_20260810T040146_correctness_final/batches/correctness/baseline/pilot/batch_010/guides/chr22_500_guide_231/command.txt	294	204d9d88d2c50abbe978ccfceac88fbf7d7c148300c55820632082bed68738fe
raw/chr22_500_guides_20260810T040146_correctness_final/batches/correctness/baseline/pilot/batch_010/guides/chr22_500_guide_231/metrics.tsv	294	978d627307fbd43789da86a9246bbd3df23484a1b5ae43e513bb78253f13eb48
raw/chr22_500_guides_20260810T040146_correctness_final/batches/correctness/baseline/pilot/batch_010/guides/chr22_500_guide_231/output.paf	105	948dbfd6425bdb3088906f63eb868902942301af431fc9e95949314af66ff6d0
raw/chr22_500_guides_20260810T040146_correctness_final/batches/correctness/baseline/pilot/batch_010/guides/chr22_500_guide_231/stderr.txt	0	e3b0c44298fc1c149afbf4c8996fb92427ae41e4649b934ca495991b7852b855
raw/chr22_500_guides_20260810T040146_correctness_final/batches/correctness/baseline/pilot/batch_010/guides/chr22_500_guide_232/command.txt	294	7101414484de1a2fed6ad5a8de2eaee4bf545cca9014cea595f4131355086f50
raw/chr22_500_guides_20260810T040146_correctness_final/batches/correctness/baseline/pilot/batch_010/guides/chr22_500_guide_232/metrics.tsv	294	8b9614d6717070b9525336ece57e89f5a54c548141b473ea4f9f72800fecdf0c
raw/chr22_500_guides_20260810T040146_correctness_final/batches/correctness/baseline/pilot/batch_010/guides/chr22_500_guide_232/output.paf	210	5a0c3d3934f0b3f158167a9dda4ed61e4b878613b55c83eba3a29cb122bb587f
raw/chr22_500_guides_20260810T040146_correctness_final/batches/correctness/baseline/pilot/batch_010/guides/chr22_500_guide_232/stderr.txt	0	e3b0c44298fc1c149afbf4c8996fb92427ae41e4649b934ca495991b7852b855
raw/chr22_500_guides_20260810T040146_correctness_final/batches/correctness/baseline/pilot/batch_010/guides/chr22_500_guide_233/command.txt	294	7f042f8c22ac9ba4c167b067862850a1e643200b89de78911b9c63d93b6025b3
raw/chr22_500_guides_20260810T040146_correctness_final/batches/correctness/baseline/pilot/batch_010/guides/chr22_500_guide_233/metrics.tsv	294	c07d30424cc67ac077fdd0e450f7303551e5c8647f843b4e0be5a6641c712ec9
raw/chr22_500_guides_20260810T040146_correctness_final/batches/correctness/baseline/pilot/batch_010/guides/chr22_500_guide_233/output.paf	105	ca51411298336dbdfe2d1022ed02e74028dfbcd2e0e397a8224fce4f6017af72
raw/chr22_500_guides_20260810T040146_correctness_final/batches/correctness/baseline/pilot/batch_010/guides/chr22_500_guide_233/stderr.txt	0	e3b0c44298fc1c149afbf4c8996fb92427ae41e4649b934ca495991b7852b855
raw/chr22_500_guides_20260810T040146_correctness_final/batches/correctness/baseline/pilot/batch_010/guides/chr22_500_guide_234/command.txt	294	6b3c5c0a946f5752070729ef8765c6baaa42e963ef84621b46a39b1bbf64c849
raw/chr22_500_guides_20260810T040146_correctness_final/batches/correctness/baseline/pilot/batch_010/guides/chr22_500_guide_234/metrics.tsv	294	b02754455f22faf3eef4f7c558016c751d27fbc0bcc51103da088e4aa10106e7
raw/chr22_500_guides_20260810T040146_correctness_final/batches/correctness/baseline/pilot/batch_010/guides/chr22_500_guide_234/output.paf	105	559f7e67d202d27824782db27afaef4c7023d13de9ac2f9e0d96441ac0764ef7
raw/chr22_500_guides_20260810T040146_correctness_final/batches/correctness/baseline/pilot/batch_010/guides/chr22_500_guide_234/stderr.txt	0	e3b0c44298fc1c149afbf4c8996fb92427ae41e4649b934ca495991b7852b855
raw/chr22_500_guides_20260810T040146_correctness_final/batches/correctness/baseline/pilot/batch_010/guides/chr22_500_guide_235/command.txt	294	9b78f5b7bfe14d8ca2733ec0a3f35af09ec27fdac53d62ba2dcfb9873621d96d
raw/chr22_500_guides_20260810T040146_correctness_final/batches/correctness/baseline/pilot/batch_010/guides/chr22_500_guide_235/metrics.tsv	294	70e1f2646473aa26edc8b396d8ed3703b9ee1bd0268bdf9b71791f2321e9ed40
raw/chr22_500_guides_20260810T040146_correctness_final/batches/correctness/baseline/pilot/batch_010/guides/chr22_500_guide_235/output.paf	105	80326d781f5ecae351589ee4107bc2da49fa1ef20ecd12922b789c1f9c7c6bc1
raw/chr22_500_guides_20260810T040146_correctness_final/batches/correctness/baseline/pilot/batch_010/guides/chr22_500_guide_235/stderr.txt	0	e3b0c44298fc1c149afbf4c8996fb92427ae41e4649b934ca495991b7852b855
raw/chr22_500_guides_20260810T040146_correctness_final/batches/correctness/baseline/pilot/batch_010/guides/chr22_500_guide_236/command.txt	294	8ddff616c75eb512fa4a899177e0fe61a1b39d3fcf14916cd7cf6050ddd4ce58
raw/chr22_500_guides_20260810T040146_correctness_final/batches/correctness/baseline/pilot/batch_010/guides/chr22_500_guide_236/metrics.tsv	294	88b95c7c4826b6ac747a1cc4a4d2071ee33f3694739d7b4198d356cf83cd46c0
raw/chr22_500_guides_20260810T040146_correctness_final/batches/correctness/baseline/pilot/batch_010/guides/chr22_500_guide_236/output.paf	105	6873e81c95093f02fe9950b0a4e16005b1a7677c0c2d1e08e409ac9fcee80573
raw/chr22_500_guides_20260810T040146_correctness_final/batches/correctness/baseline/pilot/batch_010/guides/chr22_500_guide_236/stderr.txt	0	e3b0c44298fc1c149afbf4c8996fb92427ae41e4649b934ca495991b7852b855
raw/chr22_500_guides_20260810T040146_correctness_final/batches/correctness/baseline/pilot/batch_010/guides/chr22_500_guide_237/command.txt	294	ba489475a0c0e2d8e5efb6100c5792b03f3de6f0af50b64b06821276d8153027
raw/chr22_500_guides_20260810T040146_correctness_final/batches/correctness/baseline/pilot/batch_010/guides/chr22_500_guide_237/metrics.tsv	294	f9ed7f05de8d803b392f74c83760a135daa2f2df11949d24384bfaaa4307e5db
raw/chr22_500_guides_20260810T040146_correctness_final/batches/correctness/baseline/pilot/batch_010/guides/chr22_500_guide_237/output.paf	105	0abb692cfa9f5a252fe3b1d2d8d9d08f6739c95819a20ad81f84a718487ff25a
raw/chr22_500_guides_20260810T040146_correctness_final/batches/correctness/baseline/pilot/batch_010/guides/chr22_500_guide_237/stderr.txt	0	e3b0c44298fc1c149afbf4c8996fb92427ae41e4649b934ca495991b7852b855
raw/chr22_500_guides_20260810T040146_correctness_final/batches/correctness/baseline/pilot/batch_010/guides/chr22_500_guide_238/command.txt	294	6d63528c93696e50dd61c6886e11222dafb75a07e913a10177318d640f392864
raw/chr22_500_guides_20260810T040146_correctness_final/batches/correctness/baseline/pilot/batch_010/guides/chr22_500_guide_238/metrics.tsv	294	7b22eb6fd0c3dff7c5e83a753b2e4cb098429fc62f39ca3de404435ee14860d7
raw/chr22_500_guides_20260810T040146_correctness_final/batches/correctness/baseline/pilot/batch_010/guides/chr22_500_guide_238/output.paf	105	bc3b9f3f86cc8bbd34d0a114947da783ee284f28a9a17754f8b3028fd08951a9
raw/chr22_500_guides_20260810T040146_correctness_final/batches/correctness/baseline/pilot/batch_010/guides/chr22_500_guide_238/stderr.txt	0	e3b0c44298fc1c149afbf4c8996fb92427ae41e4649b934ca495991b7852b855
raw/chr22_500_guides_20260810T040146_correctness_final/batches/correctness/baseline/pilot/batch_010/guides/chr22_500_guide_239/command.txt	294	7e958374f63a34af898da200bbb6c8195ef6bdd70a348f1f33d9c010375bada7
raw/chr22_500_guides_20260810T040146_correctness_final/batches/correctness/baseline/pilot/batch_010/guides/chr22_500_guide_239/metrics.tsv	294	42892e737e85d3b232e4880dc63dfbd55b96ce2b8b8e7f7d68852003890cc556
raw/chr22_500_guides_20260810T040146_correctness_final/batches/correctness/baseline/pilot/batch_010/guides/chr22_500_guide_239/output.paf	105	b06803d19ac167e2ad3b8c6242945d1284df798d5c097e179fbae26c172aed64
raw/chr22_500_guides_20260810T040146_correctness_final/batches/correctness/baseline/pilot/batch_010/guides/chr22_500_guide_239/stderr.txt	0	e3b0c44298fc1c149afbf4c8996fb92427ae41e4649b934ca495991b7852b855
raw/chr22_500_guides_20260810T040146_correctness_final/batches/correctness/baseline/pilot/batch_010/guides/chr22_500_guide_240/command.txt	294	ca59f945a2e89d5b5ca3820920bb7fe1751b6bb18378dccf0e522b45018a3570
raw/chr22_500_guides_20260810T040146_correctness_final/batches/correctness/baseline/pilot/batch_010/guides/chr22_500_guide_240/metrics.tsv	294	15f982ad1e02a366fdbf4a12d2b8ea440d1d120b7d53266da72df19afb64abe0
raw/chr22_500_guides_20260810T040146_correctness_final/batches/correctness/baseline/pilot/batch_010/guides/chr22_500_guide_240/output.paf	105	cd82c6f69d17ef93e8a39ab104e1fd06550b7e78cbabd6c112773fbb528ade2f
raw/chr22_500_guides_20260810T040146_correctness_final/batches/correctness/baseline/pilot/batch_010/guides/chr22_500_guide_240/stderr.txt	0	e3b0c44298fc1c149afbf4c8996fb92427ae41e4649b934ca495991b7852b855
raw/chr22_500_guides_20260810T040146_correctness_final/batches/correctness/baseline/pilot/batch_010/guides/chr22_500_guide_241/command.txt	294	804be7de5fc3ff39b2a9e22b51453722ec54139ad6f17984fd8eed7ef2feb9e8
raw/chr22_500_guides_20260810T040146_correctness_final/batches/correctness/baseline/pilot/batch_010/guides/chr22_500_guide_241/metrics.tsv	294	7aa7607000c1815930a8a2aa06b49f7f0deee55c3f4b66fcc329b037e7b675c8
raw/chr22_500_guides_20260810T040146_correctness_final/batches/correctness/baseline/pilot/batch_010/guides/chr22_500_guide_241/output.paf	105	e37c211d0e5aef8879cc8a7d50e07e6c3225c140733fc907790bcb68cb40cc27
raw/chr22_500_guides_20260810T040146_correctness_final/batches/correctness/baseline/pilot/batch_010/guides/chr22_500_guide_241/stderr.txt	0	e3b0c44298fc1c149afbf4c8996fb92427ae41e4649b934ca495991b7852b855
raw/chr22_500_guides_20260810T040146_correctness_final/batches/correctness/baseline/pilot/batch_010/guides/chr22_500_guide_242/command.txt	294	8a345012899caf1dd37a5fab364b7e37c34f24325c22df69e79f2ad40868d2f1
raw/chr22_500_guides_20260810T040146_correctness_final/batches/correctness/baseline/pilot/batch_010/guides/chr22_500_guide_242/metrics.tsv	294	0c8e92dda425db107ead1a867c7768c3d223e3dc27507056faef5c865791184e
raw/chr22_500_guides_20260810T040146_correctness_final/batches/correctness/baseline/pilot/batch_010/guides/chr22_500_guide_242/output.paf	105	808b851e321fd57c9ed18955deffb0cd298667205fc930fb7b5e62d4518211e3
raw/chr22_500_guides_20260810T040146_correctness_final/batches/correctness/baseline/pilot/batch_010/guides/chr22_500_guide_242/stderr.txt	0	e3b0c44298fc1c149afbf4c8996fb92427ae41e4649b934ca495991b7852b855
raw/chr22_500_guides_20260810T040146_correctness_final/batches/correctness/baseline/pilot/batch_010/guides/chr22_500_guide_243/command.txt	294	148ef92d077d3db011fd6dc092aa9563e83ab1d80b01803a4260bf48ef8ed6af
raw/chr22_500_guides_20260810T040146_correctness_final/batches/correctness/baseline/pilot/batch_010/guides/chr22_500_guide_243/metrics.tsv	294	3313079c588fcbbfaafdfeb86e3fa58cc138dd86debefe23760b87620819af2c
raw/chr22_500_guides_20260810T040146_correctness_final/batches/correctness/baseline/pilot/batch_010/guides/chr22_500_guide_243/output.paf	325	183882d3a63163e76a98ee38ccfea1b4877101dd283d80328c01c33dcd6c0e0b
raw/chr22_500_guides_20260810T040146_correctness_final/batches/correctness/baseline/pilot/batch_010/guides/chr22_500_guide_243/stderr.txt	0	e3b0c44298fc1c149afbf4c8996fb92427ae41e4649b934ca495991b7852b855
raw/chr22_500_guides_20260810T040146_correctness_final/batches/correctness/baseline/pilot/batch_010/guides/chr22_500_guide_244/command.txt	294	9a8228007ee7f348a727393b6be920d2f85b89fb2bcb6721f52aec096588131b
raw/chr22_500_guides_20260810T040146_correctness_final/batches/correctness/baseline/pilot/batch_010/guides/chr22_500_guide_244/metrics.tsv	294	c984a4916d30510527ae2edaee03c5506177a57ac2d324402a20be280a3c6795
raw/chr22_500_guides_20260810T040146_correctness_final/batches/correctness/baseline/pilot/batch_010/guides/chr22_500_guide_244/output.paf	105	6704622dd7912d569d9cfe0b9940b5008fe34c1bc6e7e7bb8fb80ed61ef81a18
raw/chr22_500_guides_20260810T040146_correctness_final/batches/correctness/baseline/pilot/batch_010/guides/chr22_500_guide_244/stderr.txt	0	e3b0c44298fc1c149afbf4c8996fb92427ae41e4649b934ca495991b7852b855
raw/chr22_500_guides_20260810T040146_correctness_final/batches/correctness/baseline/pilot/batch_010/guides/chr22_500_guide_245/command.txt	294	bdf50cb605a3a25be5d86b17e74ef9563a159ea40f95567f03f9256c892bc5b6
raw/chr22_500_guides_20260810T040146_correctness_final/batches/correctness/baseline/pilot/batch_010/guides/chr22_500_guide_245/metrics.tsv	294	179e8e8b40d9cec8f7219383020bc7d933fb6bb86db78b4452ba47ad71cef68d
raw/chr22_500_guides_20260810T040146_correctness_final/batches/correctness/baseline/pilot/batch_010/guides/chr22_500_guide_245/output.paf	214	cb579a674dd92426941fdd78265bc778c3ac339ad144f842dfb793904a34ca3d
raw/chr22_500_guides_20260810T040146_correctness_final/batches/correctness/baseline/pilot/batch_010/guides/chr22_500_guide_245/stderr.txt	0	e3b0c44298fc1c149afbf4c8996fb92427ae41e4649b934ca495991b7852b855
raw/chr22_500_guides_20260810T040146_correctness_final/batches/correctness/baseline/pilot/batch_010/guides/chr22_500_guide_246/command.txt	294	945153a9fa974d13426c4f97095a42096eb4966ace272e093cd9c226246d6db7
raw/chr22_500_guides_20260810T040146_correctness_final/batches/correctness/baseline/pilot/batch_010/guides/chr22_500_guide_246/metrics.tsv	294	14b072779a927d89d70d7c39b9810015b34fa9c6d440f23bcd270fedcdabfd70
raw/chr22_500_guides_20260810T040146_correctness_final/batches/correctness/baseline/pilot/batch_010/guides/chr22_500_guide_246/output.paf	214	50c9c70bb2ba41c14b8f52dd19268a1bf7a65cfa6ccefd7d86abea9175974411
raw/chr22_500_guides_20260810T040146_correctness_final/batches/correctness/baseline/pilot/batch_010/guides/chr22_500_guide_246/stderr.txt	0	e3b0c44298fc1c149afbf4c8996fb92427ae41e4649b934ca495991b7852b855
raw/chr22_500_guides_20260810T040146_correctness_final/batches/correctness/baseline/pilot/batch_010/guides/chr22_500_guide_247/command.txt	294	90957656afdc3b57355a908c2ac82287218045f1bbbd4b25eca281b424d9a62c
raw/chr22_500_guides_20260810T040146_correctness_final/batches/correctness/baseline/pilot/batch_010/guides/chr22_500_guide_247/metrics.tsv	294	eb2a55db7769c208a14a889e2d54258830687c7ac441b7c324dc52e16a950881
raw/chr22_500_guides_20260810T040146_correctness_final/batches/correctness/baseline/pilot/batch_010/guides/chr22_500_guide_247/output.paf	105	98ddd5914fdce39e5c1fd0ce66277bfed0fed939ac7e85ad7cae4c1003db9a59
raw/chr22_500_guides_20260810T040146_correctness_final/batches/correctness/baseline/pilot/batch_010/guides/chr22_500_guide_247/stderr.txt	0	e3b0c44298fc1c149afbf4c8996fb92427ae41e4649b934ca495991b7852b855
raw/chr22_500_guides_20260810T040146_correctness_final/batches/correctness/baseline/pilot/batch_010/guides/chr22_500_guide_248/command.txt	294	3fa44e0fa05c4187e966ff52e24077fa8f47c8c312421a8444cf5813982de82b
raw/chr22_500_guides_20260810T040146_correctness_final/batches/correctness/baseline/pilot/batch_010/guides/chr22_500_guide_248/metrics.tsv	295	fbf2bdc097ffcaaee2f82d5309516877ba56f190cd907b63b77378a9ab4bf399
raw/chr22_500_guides_20260810T040146_correctness_final/batches/correctness/baseline/pilot/batch_010/guides/chr22_500_guide_248/output.paf	1298	d8ae73e599a748f29fbb68ec4a4bad377248fdfede8f8198916013e34dae8d84
raw/chr22_500_guides_20260810T040146_correctness_final/batches/correctness/baseline/pilot/batch_010/guides/chr22_500_guide_248/stderr.txt	0	e3b0c44298fc1c149afbf4c8996fb92427ae41e4649b934ca495991b7852b855
raw/chr22_500_guides_20260810T040146_correctness_final/batches/correctness/baseline/pilot/batch_010/guides/chr22_500_guide_249/command.txt	294	6669601d54cf4fc6a480e4873cd138f501d59b769635c38015710f1121124ccf
raw/chr22_500_guides_20260810T040146_correctness_final/batches/correctness/baseline/pilot/batch_010/guides/chr22_500_guide_249/metrics.tsv	294	8091257018a98b0ed45a21b80c90c33fc335f30cc1bd775308090678a3442245
raw/chr22_500_guides_20260810T040146_correctness_final/batches/correctness/baseline/pilot/batch_010/guides/chr22_500_guide_249/output.paf	537	a927870513893ed201df2a16839cbe1d9efecc8532ac5c60b8d05a23cc103ad4
raw/chr22_500_guides_20260810T040146_correctness_final/batches/correctness/baseline/pilot/batch_010/guides/chr22_500_guide_249/stderr.txt	0	e3b0c44298fc1c149afbf4c8996fb92427ae41e4649b934ca495991b7852b855
raw/chr22_500_guides_20260810T040146_correctness_final/batches/correctness/baseline/pilot/batch_010/guides/chr22_500_guide_250/command.txt	294	d44dc57bc3f531573fc922a81b1990bbefb056b2fb6b25f7d6adad05328a16aa
raw/chr22_500_guides_20260810T040146_correctness_final/batches/correctness/baseline/pilot/batch_010/guides/chr22_500_guide_250/metrics.tsv	294	d5432b4c90ddfaf4439cbac69dca69723c64a1a70425fcf0e86579fe8d975268
raw/chr22_500_guides_20260810T040146_correctness_final/batches/correctness/baseline/pilot/batch_010/guides/chr22_500_guide_250/output.paf	105	3a7597cc582f0a7be9eff099d86a4b5be941fbb6e265ffb9caa3883e9eb04a7d
raw/chr22_500_guides_20260810T040146_correctness_final/batches/correctness/baseline/pilot/batch_010/guides/chr22_500_guide_250/stderr.txt	0	e3b0c44298fc1c149afbf4c8996fb92427ae41e4649b934ca495991b7852b855
raw/chr22_500_guides_20260810T040146_correctness_final/batches/correctness/baseline/pilot/batch_011/SUCCESS	0	e3b0c44298fc1c149afbf4c8996fb92427ae41e4649b934ca495991b7852b855
raw/chr22_500_guides_20260810T040146_correctness_final/batches/correctness/baseline/pilot/batch_011/environment.tsv	601	6849a208f8855ea5bd75328a2c6893e1498f5b6bec57c5f8ee2ac79c845d510d
raw/chr22_500_guides_20260810T040146_correctness_final/batches/correctness/baseline/pilot/batch_011/guide_ids.txt	500	34b0c4d95e2c9f810ccf574c7f620f20689e0393c50f2f0596093a1397f64e12
raw/chr22_500_guides_20260810T040146_correctness_final/batches/correctness/baseline/pilot/batch_011/guide_order.sha256	304	73ca6b9d93fe47d5fb79a0d00b322b27aa2dc015c9cf7705d7ee3f2f6b5732ef
raw/chr22_500_guides_20260810T040146_correctness_final/batches/correctness/baseline/pilot/batch_011/guide_order.txt	500	9e471e7cde64821c5f1613cea11307b34cac41cd667f75f17e3a4dedaa1ab090
raw/chr22_500_guides_20260810T040146_correctness_final/batches/correctness/baseline/pilot/batch_011/guide_results.tsv	5564	392a6623b7a22d76b9e236ccceae538a2f35cef5650764e30b92752e44baee00
raw/chr22_500_guides_20260810T040146_correctness_final/batches/correctness/baseline/pilot/batch_011/guides/chr22_500_guide_251/command.txt	294	138034a1410c495ad91eadbe5bb934e63cca8acc7d99f220e6cf69b2cad278ab
raw/chr22_500_guides_20260810T040146_correctness_final/batches/correctness/baseline/pilot/batch_011/guides/chr22_500_guide_251/metrics.tsv	294	d07260a5304bce8e98030b0644e7a8737a90e505c084ade494c3d111ba703288
raw/chr22_500_guides_20260810T040146_correctness_final/batches/correctness/baseline/pilot/batch_011/guides/chr22_500_guide_251/output.paf	105	0c3bb5f8913d9c96bb40ed3175b5838d5a29298d87c0429f6c483a88658f5cc7
raw/chr22_500_guides_20260810T040146_correctness_final/batches/correctness/baseline/pilot/batch_011/guides/chr22_500_guide_251/stderr.txt	0	e3b0c44298fc1c149afbf4c8996fb92427ae41e4649b934ca495991b7852b855
raw/chr22_500_guides_20260810T040146_correctness_final/batches/correctness/baseline/pilot/batch_011/guides/chr22_500_guide_252/command.txt	294	d0d3e0ed5560fefc9d2851ada2e66573350479020cc036960b7b99bd6dfa73bc
raw/chr22_500_guides_20260810T040146_correctness_final/batches/correctness/baseline/pilot/batch_011/guides/chr22_500_guide_252/metrics.tsv	294	2622634cf6fcbd6ea041f9aecb3a2d8ce0516dff26c1875b104bb87442a7d3a7
raw/chr22_500_guides_20260810T040146_correctness_final/batches/correctness/baseline/pilot/batch_011/guides/chr22_500_guide_252/output.paf	644	d2e7a92bfb50218079e6a6b775436dd68b8e480fc2847b1ffbd3b9c602d92171
raw/chr22_500_guides_20260810T040146_correctness_final/batches/correctness/baseline/pilot/batch_011/guides/chr22_500_guide_252/stderr.txt	0	e3b0c44298fc1c149afbf4c8996fb92427ae41e4649b934ca495991b7852b855
raw/chr22_500_guides_20260810T040146_correctness_final/batches/correctness/baseline/pilot/batch_011/guides/chr22_500_guide_253/command.txt	294	5af4c12fa003152005a27bc15c032da62f1c61c04217ebc0e29abdd59c120dc1
raw/chr22_500_guides_20260810T040146_correctness_final/batches/correctness/baseline/pilot/batch_011/guides/chr22_500_guide_253/metrics.tsv	294	005dade3e2cfc4667310a06fd1d46e9c412f662a88d86291e5eb00579771594b
raw/chr22_500_guides_20260810T040146_correctness_final/batches/correctness/baseline/pilot/batch_011/guides/chr22_500_guide_253/output.paf	105	14ef5eacd0519bf8d6f3f1e421b2147ce2cef2d89992ac6bc3c0c6493049fd6f
raw/chr22_500_guides_20260810T040146_correctness_final/batches/correctness/baseline/pilot/batch_011/guides/chr22_500_guide_253/stderr.txt	0	e3b0c44298fc1c149afbf4c8996fb92427ae41e4649b934ca495991b7852b855
raw/chr22_500_guides_20260810T040146_correctness_final/batches/correctness/baseline/pilot/batch_011/guides/chr22_500_guide_254/command.txt	294	736a0bb50037555c25dcd34e8d703868b3d70f91c061d2501f742760d6717fc4
raw/chr22_500_guides_20260810T040146_correctness_final/batches/correctness/baseline/pilot/batch_011/guides/chr22_500_guide_254/metrics.tsv	294	13a1b834bcce475dd3340d4dddcf345de03d2080df26b759b723e3eb2c5ad1ea
raw/chr22_500_guides_20260810T040146_correctness_final/batches/correctness/baseline/pilot/batch_011/guides/chr22_500_guide_254/output.paf	105	a2299552cb699e14d2ae59955314a90bb8969bee46b6c9e47f326ce8511aa0d3
raw/chr22_500_guides_20260810T040146_correctness_final/batches/correctness/baseline/pilot/batch_011/guides/chr22_500_guide_254/stderr.txt	0	e3b0c44298fc1c149afbf4c8996fb92427ae41e4649b934ca495991b7852b855
raw/chr22_500_guides_20260810T040146_correctness_final/batches/correctness/baseline/pilot/batch_011/guides/chr22_500_guide_255/command.txt	294	98bee7d0f3318da6245face54c4c519347e4ac7a289d7ca07e1dd439960274e5
raw/chr22_500_guides_20260810T040146_correctness_final/batches/correctness/baseline/pilot/batch_011/guides/chr22_500_guide_255/metrics.tsv	294	219c398d07a92eaca700e9d4d0efc59b0b395aaeaaf200bfa90dc3220053ba14
raw/chr22_500_guides_20260810T040146_correctness_final/batches/correctness/baseline/pilot/batch_011/guides/chr22_500_guide_255/output.paf	105	08f98f3ad365100ac1996a1ea822a2d4046f6814391006bbedb86aee8a7133c2
raw/chr22_500_guides_20260810T040146_correctness_final/batches/correctness/baseline/pilot/batch_011/guides/chr22_500_guide_255/stderr.txt	0	e3b0c44298fc1c149afbf4c8996fb92427ae41e4649b934ca495991b7852b855
raw/chr22_500_guides_20260810T040146_correctness_final/batches/correctness/baseline/pilot/batch_011/guides/chr22_500_guide_256/command.txt	294	ff833a6088a608fc9ae5f989954cf2f464d251f5f037b1db027bf306b5886d82
raw/chr22_500_guides_20260810T040146_correctness_final/batches/correctness/baseline/pilot/batch_011/guides/chr22_500_guide_256/metrics.tsv	294	3a67d443759629c89bbeaf6ec2ff973a66108e1f9716480ffe23a59b3423c62f
raw/chr22_500_guides_20260810T040146_correctness_final/batches/correctness/baseline/pilot/batch_011/guides/chr22_500_guide_256/output.paf	105	dc65ad43323263785a083294d17584c11e378d04f99c3a48ba1b50606118a885
raw/chr22_500_guides_20260810T040146_correctness_final/batches/correctness/baseline/pilot/batch_011/guides/chr22_500_guide_256/stderr.txt	0	e3b0c44298fc1c149afbf4c8996fb92427ae41e4649b934ca495991b7852b855
raw/chr22_500_guides_20260810T040146_correctness_final/batches/correctness/baseline/pilot/batch_011/guides/chr22_500_guide_257/command.txt	294	864f42776893abb8c6a3dd72f760f2abb2b4f94820c83abdd8011355aac05973
raw/chr22_500_guides_20260810T040146_correctness_final/batches/correctness/baseline/pilot/batch_011/guides/chr22_500_guide_257/metrics.tsv	294	be63db2e86703575c6b33bc15b28ce5d922b527d2645b04fdc355201fabe4073
raw/chr22_500_guides_20260810T040146_correctness_final/batches/correctness/baseline/pilot/batch_011/guides/chr22_500_guide_257/output.paf	319	1dc3fe38e261eb5a81651607855e4fd59c3f84e5a239a5c7dd4f1581946da31f
raw/chr22_500_guides_20260810T040146_correctness_final/batches/correctness/baseline/pilot/batch_011/guides/chr22_500_guide_257/stderr.txt	0	e3b0c44298fc1c149afbf4c8996fb92427ae41e4649b934ca495991b7852b855
raw/chr22_500_guides_20260810T040146_correctness_final/batches/correctness/baseline/pilot/batch_011/guides/chr22_500_guide_258/command.txt	294	f3fe74e34b01d9ac38dfe0024c39203f1978fffd58af917db3f61109a32aef69
raw/chr22_500_guides_20260810T040146_correctness_final/batches/correctness/baseline/pilot/batch_011/guides/chr22_500_guide_258/metrics.tsv	294	ba7c9198dc9269699767711766acd4b27040f91824acab226fab432cdc1a8ff8
raw/chr22_500_guides_20260810T040146_correctness_final/batches/correctness/baseline/pilot/batch_011/guides/chr22_500_guide_258/output.paf	105	b743dcf20b0f8a4d8e1a343b97d48c58a0bc7fc4d1bb2a983a38d2078d740fcd
raw/chr22_500_guides_20260810T040146_correctness_final/batches/correctness/baseline/pilot/batch_011/guides/chr22_500_guide_258/stderr.txt	0	e3b0c44298fc1c149afbf4c8996fb92427ae41e4649b934ca495991b7852b855
raw/chr22_500_guides_20260810T040146_correctness_final/batches/correctness/baseline/pilot/batch_011/guides/chr22_500_guide_259/command.txt	294	bd899b45efe93baebd21cdff90dc928ac698c6d5ebfa90bff5d66ae546f86e58
raw/chr22_500_guides_20260810T040146_correctness_final/batches/correctness/baseline/pilot/batch_011/guides/chr22_500_guide_259/metrics.tsv	294	c972a0c0ccd51276c3464aa95e1231ee933b60226a46f10a09280b8f082c98eb
raw/chr22_500_guides_20260810T040146_correctness_final/batches/correctness/baseline/pilot/batch_011/guides/chr22_500_guide_259/output.paf	105	8ea5cafdf0d18eeade9b610505bed740032f18636ab57803898abcbe44cdd8e8
raw/chr22_500_guides_20260810T040146_correctness_final/batches/correctness/baseline/pilot/batch_011/guides/chr22_500_guide_259/stderr.txt	0	e3b0c44298fc1c149afbf4c8996fb92427ae41e4649b934ca495991b7852b855
raw/chr22_500_guides_20260810T040146_correctness_final/batches/correctness/baseline/pilot/batch_011/guides/chr22_500_guide_260/command.txt	294	4aeba0a1c010c1856554ab725bcffd0ab9635052131603f3e5fc2478bd21b0a6
raw/chr22_500_guides_20260810T040146_correctness_final/batches/correctness/baseline/pilot/batch_011/guides/chr22_500_guide_260/metrics.tsv	294	b2aeed84421a3add3e35aa52eff1c6458261fe79b7cc57cee953a9ce1073574e
raw/chr22_500_guides_20260810T040146_correctness_final/batches/correctness/baseline/pilot/batch_011/guides/chr22_500_guide_260/output.paf	432	f78f8bfc1547840e498b2c5ab88016095e4836ab8f97b77506fd05dcb7e111f8
raw/chr22_500_guides_20260810T040146_correctness_final/batches/correctness/baseline/pilot/batch_011/guides/chr22_500_guide_260/stderr.txt	0	e3b0c44298fc1c149afbf4c8996fb92427ae41e4649b934ca495991b7852b855
raw/chr22_500_guides_20260810T040146_correctness_final/batches/correctness/baseline/pilot/batch_011/guides/chr22_500_guide_261/command.txt	294	1e8f619c1217e0556372552a9793491ec3d858f443d977c9f900302672e3e5fe
raw/chr22_500_guides_20260810T040146_correctness_final/batches/correctness/baseline/pilot/batch_011/guides/chr22_500_guide_261/metrics.tsv	294	1e971406cae2f01a63019ddbf192433bb8b1d9ad81d30b4978e678bbcf52d0d3
raw/chr22_500_guides_20260810T040146_correctness_final/batches/correctness/baseline/pilot/batch_011/guides/chr22_500_guide_261/output.paf	105	b839624aa5bb002a76b04ff4d05b7a0ec4ecea160053801ca45bcc541703762c
raw/chr22_500_guides_20260810T040146_correctness_final/batches/correctness/baseline/pilot/batch_011/guides/chr22_500_guide_261/stderr.txt	0	e3b0c44298fc1c149afbf4c8996fb92427ae41e4649b934ca495991b7852b855
raw/chr22_500_guides_20260810T040146_correctness_final/batches/correctness/baseline/pilot/batch_011/guides/chr22_500_guide_262/command.txt	294	21252e3fa4b2002cbeeb73764c53a11d79e02f6b8f235d42b35020a8223ba263
raw/chr22_500_guides_20260810T040146_correctness_final/batches/correctness/baseline/pilot/batch_011/guides/chr22_500_guide_262/metrics.tsv	294	c2ae0652660e0d08b1b950e471a9156003df45bd698f42582bdfd886dba6b019
raw/chr22_500_guides_20260810T040146_correctness_final/batches/correctness/baseline/pilot/batch_011/guides/chr22_500_guide_262/output.paf	105	cab2ab2bbde4e365ef2454f22e0d08cd93e57c6b29ed335c1d62ceae307d4365
raw/chr22_500_guides_20260810T040146_correctness_final/batches/correctness/baseline/pilot/batch_011/guides/chr22_500_guide_262/stderr.txt	0	e3b0c44298fc1c149afbf4c8996fb92427ae41e4649b934ca495991b7852b855
raw/chr22_500_guides_20260810T040146_correctness_final/batches/correctness/baseline/pilot/batch_011/guides/chr22_500_guide_263/command.txt	294	8f75a8a484b54c99355f10ad0b3c21abf9131eea3ee68adaf5157d2468cede03
raw/chr22_500_guides_20260810T040146_correctness_final/batches/correctness/baseline/pilot/batch_011/guides/chr22_500_guide_263/metrics.tsv	294	0ca6c716b0c5df2c0ecbc9994f931cbf8c44b1153f6643011d449cd33558d592
raw/chr22_500_guides_20260810T040146_correctness_final/batches/correctness/baseline/pilot/batch_011/guides/chr22_500_guide_263/output.paf	105	7f92fd7dddc708c2b3ec905f92a74e766b81d6ff9eaf13b4dc9c11ff5e96767a
raw/chr22_500_guides_20260810T040146_correctness_final/batches/correctness/baseline/pilot/batch_011/guides/chr22_500_guide_263/stderr.txt	0	e3b0c44298fc1c149afbf4c8996fb92427ae41e4649b934ca495991b7852b855
raw/chr22_500_guides_20260810T040146_correctness_final/batches/correctness/baseline/pilot/batch_011/guides/chr22_500_guide_264/command.txt	294	afc0ea6fbedddc87c4a3ce83237065756d600fbf54412d030cefa7ca1a2602b3
raw/chr22_500_guides_20260810T040146_correctness_final/batches/correctness/baseline/pilot/batch_011/guides/chr22_500_guide_264/metrics.tsv	296	ad91980e791c58dd45080790f098a3f3e1ba4ff40a2b9060190571c430084cc6
raw/chr22_500_guides_20260810T040146_correctness_final/batches/correctness/baseline/pilot/batch_011/guides/chr22_500_guide_264/output.paf	97370	438a8e4dd7a856d6eb4378eeddd966102129b05cdd31a850992a15cd650a1643
raw/chr22_500_guides_20260810T040146_correctness_final/batches/correctness/baseline/pilot/batch_011/guides/chr22_500_guide_264/stderr.txt	0	e3b0c44298fc1c149afbf4c8996fb92427ae41e4649b934ca495991b7852b855
raw/chr22_500_guides_20260810T040146_correctness_final/batches/correctness/baseline/pilot/batch_011/guides/chr22_500_guide_265/command.txt	294	0212b78a00a7369a82f8ad8541f547b06d299bd43503946f9ac4b008dbf3470c
raw/chr22_500_guides_20260810T040146_correctness_final/batches/correctness/baseline/pilot/batch_011/guides/chr22_500_guide_265/metrics.tsv	294	1a9b53e13447a26fa5a09f22ff367af1666ddcb1d5db7d4b72afa3adfd25797c
raw/chr22_500_guides_20260810T040146_correctness_final/batches/correctness/baseline/pilot/batch_011/guides/chr22_500_guide_265/output.paf	642	125d1caaed6ad1ede4b9fe8544864470ca331c5c37a0fb80c6da1d0de7797b52
raw/chr22_500_guides_20260810T040146_correctness_final/batches/correctness/baseline/pilot/batch_011/guides/chr22_500_guide_265/stderr.txt	0	e3b0c44298fc1c149afbf4c8996fb92427ae41e4649b934ca495991b7852b855
raw/chr22_500_guides_20260810T040146_correctness_final/batches/correctness/baseline/pilot/batch_011/guides/chr22_500_guide_266/command.txt	294	a3d6b36848c4836664cd48f239c1200e4b15de968882e9f380171cd2a79a4093
raw/chr22_500_guides_20260810T040146_correctness_final/batches/correctness/baseline/pilot/batch_011/guides/chr22_500_guide_266/metrics.tsv	294	03a2bca283f0eefd092b44da439c8169ba8ae7e79a5d35aeb12f0cb2fad106f1
raw/chr22_500_guides_20260810T040146_correctness_final/batches/correctness/baseline/pilot/batch_011/guides/chr22_500_guide_266/output.paf	105	ee0724b7721eeb7026f8ec19f3741fc6026e209f17c8c1dfd45658c19daffca8
raw/chr22_500_guides_20260810T040146_correctness_final/batches/correctness/baseline/pilot/batch_011/guides/chr22_500_guide_266/stderr.txt	0	e3b0c44298fc1c149afbf4c8996fb92427ae41e4649b934ca495991b7852b855
raw/chr22_500_guides_20260810T040146_correctness_final/batches/correctness/baseline/pilot/batch_011/guides/chr22_500_guide_267/command.txt	294	36ec87296b9f697390936827bb87e491a43ff43d2dcf5db0dd99cadd304cfa8c
raw/chr22_500_guides_20260810T040146_correctness_final/batches/correctness/baseline/pilot/batch_011/guides/chr22_500_guide_267/metrics.tsv	294	553b6be5c72a09141929ffec8812010160137317f49462240ffbf1e35935eb35
raw/chr22_500_guides_20260810T040146_correctness_final/batches/correctness/baseline/pilot/batch_011/guides/chr22_500_guide_267/output.paf	105	30ceab938998e2f8848144534fd4b41a8e46e76dd1f2040915462ed81ff96f96
raw/chr22_500_guides_20260810T040146_correctness_final/batches/correctness/baseline/pilot/batch_011/guides/chr22_500_guide_267/stderr.txt	0	e3b0c44298fc1c149afbf4c8996fb92427ae41e4649b934ca495991b7852b855
raw/chr22_500_guides_20260810T040146_correctness_final/batches/correctness/baseline/pilot/batch_011/guides/chr22_500_guide_268/command.txt	294	5a80b33003d5cfd769296f806eddc3e762db87ff6d4ab0f43ebfb1126a2f9768
raw/chr22_500_guides_20260810T040146_correctness_final/batches/correctness/baseline/pilot/batch_011/guides/chr22_500_guide_268/metrics.tsv	295	3fe1864c1154450086cf6d3d0b03a8fabebadef0d0d7dbb85a175c3c49dd4016
raw/chr22_500_guides_20260810T040146_correctness_final/batches/correctness/baseline/pilot/batch_011/guides/chr22_500_guide_268/output.paf	1409	6cbc11eb9208651f05db2d630c407975e4e59caf923a8df7511bdf798321f4a2
raw/chr22_500_guides_20260810T040146_correctness_final/batches/correctness/baseline/pilot/batch_011/guides/chr22_500_guide_268/stderr.txt	0	e3b0c44298fc1c149afbf4c8996fb92427ae41e4649b934ca495991b7852b855
raw/chr22_500_guides_20260810T040146_correctness_final/batches/correctness/baseline/pilot/batch_011/guides/chr22_500_guide_269/command.txt	294	792139beca33e83f103bd86432e0e66e0b719c23988ee27662e9e1ddc973af33
raw/chr22_500_guides_20260810T040146_correctness_final/batches/correctness/baseline/pilot/batch_011/guides/chr22_500_guide_269/metrics.tsv	294	48603a19e5d5c510c5f408fdfd0d2012d72f117e73c934c46e7bdf38497b73bc
raw/chr22_500_guides_20260810T040146_correctness_final/batches/correctness/baseline/pilot/batch_011/guides/chr22_500_guide_269/output.paf	214	58c49dde1eaa0144f6f3a7fd849f04293c333945f324fde2c58c4b6d1d9f8f82
raw/chr22_500_guides_20260810T040146_correctness_final/batches/correctness/baseline/pilot/batch_011/guides/chr22_500_guide_269/stderr.txt	0	e3b0c44298fc1c149afbf4c8996fb92427ae41e4649b934ca495991b7852b855
raw/chr22_500_guides_20260810T040146_correctness_final/batches/correctness/baseline/pilot/batch_011/guides/chr22_500_guide_270/command.txt	294	0e32578ea1c3fd4c50362bf95526acfd954447f01d646be60f6cccb1065a93ed
raw/chr22_500_guides_20260810T040146_correctness_final/batches/correctness/baseline/pilot/batch_011/guides/chr22_500_guide_270/metrics.tsv	294	e6e4aa5443543602201dab2a28d9a5ccfe3c7c8a70c599399cb256773834509f
raw/chr22_500_guides_20260810T040146_correctness_final/batches/correctness/baseline/pilot/batch_011/guides/chr22_500_guide_270/output.paf	105	4e885841e492e9cb2b9b1fe0d7ac9a863940cb7bae26336cd428bcb7378430a8
raw/chr22_500_guides_20260810T040146_correctness_final/batches/correctness/baseline/pilot/batch_011/guides/chr22_500_guide_270/stderr.txt	0	e3b0c44298fc1c149afbf4c8996fb92427ae41e4649b934ca495991b7852b855
raw/chr22_500_guides_20260810T040146_correctness_final/batches/correctness/baseline/pilot/batch_011/guides/chr22_500_guide_271/command.txt	294	9516cc35be73e6d569e75bb3779dae19507887ee636854d3f93e65145660abbe
raw/chr22_500_guides_20260810T040146_correctness_final/batches/correctness/baseline/pilot/batch_011/guides/chr22_500_guide_271/metrics.tsv	294	9526e9785e87058c020a69372974aa0614dbf54eee20ab513ffce9003bee9afd
raw/chr22_500_guides_20260810T040146_correctness_final/batches/correctness/baseline/pilot/batch_011/guides/chr22_500_guide_271/output.paf	105	0247a06f38ead69247c929d76c572e2db952d690368c7445d6cbc0b32f284eff
raw/chr22_500_guides_20260810T040146_correctness_final/batches/correctness/baseline/pilot/batch_011/guides/chr22_500_guide_271/stderr.txt	0	e3b0c44298fc1c149afbf4c8996fb92427ae41e4649b934ca495991b7852b855
raw/chr22_500_guides_20260810T040146_correctness_final/batches/correctness/baseline/pilot/batch_011/guides/chr22_500_guide_272/command.txt	294	666f22a41b457d94c28c1c5cc03aa75084a3abf6643ae2ff3c03370e318bfbff
raw/chr22_500_guides_20260810T040146_correctness_final/batches/correctness/baseline/pilot/batch_011/guides/chr22_500_guide_272/metrics.tsv	294	d85b5fada57d2a7169d77badde6127caf94f9aadc10a890f7e7acfedd5c6b4ec
raw/chr22_500_guides_20260810T040146_correctness_final/batches/correctness/baseline/pilot/batch_011/guides/chr22_500_guide_272/output.paf	105	c0af294e02eedfcb766e740085eb1dc5f88ebc5938b16fce276fc72aad58dca5
raw/chr22_500_guides_20260810T040146_correctness_final/batches/correctness/baseline/pilot/batch_011/guides/chr22_500_guide_272/stderr.txt	0	e3b0c44298fc1c149afbf4c8996fb92427ae41e4649b934ca495991b7852b855
raw/chr22_500_guides_20260810T040146_correctness_final/batches/correctness/baseline/pilot/batch_011/guides/chr22_500_guide_273/command.txt	294	cc423a72a09ba73a6c5c3eb1f4cae213a1cd2f502d4ba36739c7ac518c948896
raw/chr22_500_guides_20260810T040146_correctness_final/batches/correctness/baseline/pilot/batch_011/guides/chr22_500_guide_273/metrics.tsv	294	2ea4537f493538f4953cff8638a52fae8f4d65947cde3f130871b13f9d5c47d2
raw/chr22_500_guides_20260810T040146_correctness_final/batches/correctness/baseline/pilot/batch_011/guides/chr22_500_guide_273/output.paf	105	a3d6cd5055990fc10a7f55f785689720f3a06133f1b0f4568f98749ce2751038
raw/chr22_500_guides_20260810T040146_correctness_final/batches/correctness/baseline/pilot/batch_011/guides/chr22_500_guide_273/stderr.txt	0	e3b0c44298fc1c149afbf4c8996fb92427ae41e4649b934ca495991b7852b855
raw/chr22_500_guides_20260810T040146_correctness_final/batches/correctness/baseline/pilot/batch_011/guides/chr22_500_guide_274/command.txt	294	3a346b302e19fff2e90b65bbbe497a34460b63fcd547e1041edb181ff4dbd93c
raw/chr22_500_guides_20260810T040146_correctness_final/batches/correctness/baseline/pilot/batch_011/guides/chr22_500_guide_274/metrics.tsv	294	8c24a6dfaa0bad884857cce3959ab3f00baa5a1a08874328c2342600ec15fcd0
raw/chr22_500_guides_20260810T040146_correctness_final/batches/correctness/baseline/pilot/batch_011/guides/chr22_500_guide_274/output.paf	105	6687d14031a23ac70963eea659c8529b893e7f0089817aa41e700050f9a07324
raw/chr22_500_guides_20260810T040146_correctness_final/batches/correctness/baseline/pilot/batch_011/guides/chr22_500_guide_274/stderr.txt	0	e3b0c44298fc1c149afbf4c8996fb92427ae41e4649b934ca495991b7852b855
raw/chr22_500_guides_20260810T040146_correctness_final/batches/correctness/baseline/pilot/batch_011/guides/chr22_500_guide_275/command.txt	294	448346650904ab9cbc12695b017a078b7b898392c0ac160e5ec178fb3e93e22b
raw/chr22_500_guides_20260810T040146_correctness_final/batches/correctness/baseline/pilot/batch_011/guides/chr22_500_guide_275/metrics.tsv	294	fc996cd874326b3f1e40f374d8761af6741ff4d0200204cf1d5ca00e1e5c3071
raw/chr22_500_guides_20260810T040146_correctness_final/batches/correctness/baseline/pilot/batch_011/guides/chr22_500_guide_275/output.paf	105	4ec6baaeae2aa70e532904fcfd4c142948c7cdfeac73dda04d4fd531212f17f6
raw/chr22_500_guides_20260810T040146_correctness_final/batches/correctness/baseline/pilot/batch_011/guides/chr22_500_guide_275/stderr.txt	0	e3b0c44298fc1c149afbf4c8996fb92427ae41e4649b934ca495991b7852b855
raw/chr22_500_guides_20260810T040146_correctness_final/batches/correctness/baseline/pilot/batch_012/SUCCESS	0	e3b0c44298fc1c149afbf4c8996fb92427ae41e4649b934ca495991b7852b855
raw/chr22_500_guides_20260810T040146_correctness_final/batches/correctness/baseline/pilot/batch_012/environment.tsv	601	ee0a81223a02ae9979a1911ef671858f7fe8c022b26d6ed4f923177f17043f33
raw/chr22_500_guides_20260810T040146_correctness_final/batches/correctness/baseline/pilot/batch_012/guide_ids.txt	500	019b57c7ba9c696961968696aa70a53dedfeeee30c71204d1a7920512709a0d9
raw/chr22_500_guides_20260810T040146_correctness_final/batches/correctness/baseline/pilot/batch_012/guide_order.sha256	304	c64b951e14b057ed93e9fec0465f85920597c6d7e9b4e80194da7a5a7958cab8
raw/chr22_500_guides_20260810T040146_correctness_final/batches/correctness/baseline/pilot/batch_012/guide_order.txt	500	89e6968f066ccdbb77e96967e02d99c438bacd0113a7503d9db1940cbe95e2fd
raw/chr22_500_guides_20260810T040146_correctness_final/batches/correctness/baseline/pilot/batch_012/guide_results.tsv	5565	112d038f50ae3843f6debc820cce535398963e59d55f180eeb65f92c1278c606
raw/chr22_500_guides_20260810T040146_correctness_final/batches/correctness/baseline/pilot/batch_012/guides/chr22_500_guide_276/command.txt	294	87c9f9f678f7cf1ced07b0523d53f1ca4998b3a71815e0e7b07acf65d81244dc
raw/chr22_500_guides_20260810T040146_correctness_final/batches/correctness/baseline/pilot/batch_012/guides/chr22_500_guide_276/metrics.tsv	294	344c36850cf8606b8eadb442eee424a52e0b2a2de178619e889accc9a0ef11b3
raw/chr22_500_guides_20260810T040146_correctness_final/batches/correctness/baseline/pilot/batch_012/guides/chr22_500_guide_276/output.paf	105	6a496ea64944f03d6155e9304a84fa64e904aaee2ce382727a522cf4526fd476
raw/chr22_500_guides_20260810T040146_correctness_final/batches/correctness/baseline/pilot/batch_012/guides/chr22_500_guide_276/stderr.txt	0	e3b0c44298fc1c149afbf4c8996fb92427ae41e4649b934ca495991b7852b855
raw/chr22_500_guides_20260810T040146_correctness_final/batches/correctness/baseline/pilot/batch_012/guides/chr22_500_guide_277/command.txt	294	c411fab5570ace896c2a8162c81376861b4fa3168483ea65913f535bd6aa1b00
raw/chr22_500_guides_20260810T040146_correctness_final/batches/correctness/baseline/pilot/batch_012/guides/chr22_500_guide_277/metrics.tsv	294	313c34cd01d8801eccb0413a387285d10f86f4d9127b3f17080a15d6c022161f
raw/chr22_500_guides_20260810T040146_correctness_final/batches/correctness/baseline/pilot/batch_012/guides/chr22_500_guide_277/output.paf	105	3cfcc8189860be2c8d7d759f26bc1880f98e596a26b63ff55d7eae6897aa9216
raw/chr22_500_guides_20260810T040146_correctness_final/batches/correctness/baseline/pilot/batch_012/guides/chr22_500_guide_277/stderr.txt	0	e3b0c44298fc1c149afbf4c8996fb92427ae41e4649b934ca495991b7852b855
raw/chr22_500_guides_20260810T040146_correctness_final/batches/correctness/baseline/pilot/batch_012/guides/chr22_500_guide_278/command.txt	294	2c1a0e09242686c40da017da57ec8d856ef9e4e4fb021b2d84b7658f4168a769
raw/chr22_500_guides_20260810T040146_correctness_final/batches/correctness/baseline/pilot/batch_012/guides/chr22_500_guide_278/metrics.tsv	294	dd36cc3a8fae4f930e4b4b1e89ee1265274103ac237248ea55643bd39efd29a3
raw/chr22_500_guides_20260810T040146_correctness_final/batches/correctness/baseline/pilot/batch_012/guides/chr22_500_guide_278/output.paf	105	4a6cdc3b90d2775c2496444fab6f836151cd422ec2c82a9bf758cde5414f2417
raw/chr22_500_guides_20260810T040146_correctness_final/batches/correctness/baseline/pilot/batch_012/guides/chr22_500_guide_278/stderr.txt	0	e3b0c44298fc1c149afbf4c8996fb92427ae41e4649b934ca495991b7852b855
raw/chr22_500_guides_20260810T040146_correctness_final/batches/correctness/baseline/pilot/batch_012/guides/chr22_500_guide_279/command.txt	294	5f23f829e514c3138c642c003bf04033ec8a914a49dffc2c2e44d69ed5df5aba
raw/chr22_500_guides_20260810T040146_correctness_final/batches/correctness/baseline/pilot/batch_012/guides/chr22_500_guide_279/metrics.tsv	294	bf8471d9e76e5c2a269733a7025ddd4c2f1ee66efa92d58136a707b3a91be2de
raw/chr22_500_guides_20260810T040146_correctness_final/batches/correctness/baseline/pilot/batch_012/guides/chr22_500_guide_279/output.paf	214	19fa7f82f9fb43d2cfd92618603432693d6fab216cc3440c559166905e949302
raw/chr22_500_guides_20260810T040146_correctness_final/batches/correctness/baseline/pilot/batch_012/guides/chr22_500_guide_279/stderr.txt	0	e3b0c44298fc1c149afbf4c8996fb92427ae41e4649b934ca495991b7852b855
raw/chr22_500_guides_20260810T040146_correctness_final/batches/correctness/baseline/pilot/batch_012/guides/chr22_500_guide_280/command.txt	294	f390ba083bbe8aa7b4bc3c2813565f78520653dc1982eb4f1de5bc2572e66b2b
raw/chr22_500_guides_20260810T040146_correctness_final/batches/correctness/baseline/pilot/batch_012/guides/chr22_500_guide_280/metrics.tsv	294	d68acdcceb514bf21fac32ec7c6b38317d04fc39f52670ed82ad0ec845d26dff
raw/chr22_500_guides_20260810T040146_correctness_final/batches/correctness/baseline/pilot/batch_012/guides/chr22_500_guide_280/output.paf	105	69b844b93cc461829c55614686b48ad023280711014412f5c486fbcbc19cb86e
raw/chr22_500_guides_20260810T040146_correctness_final/batches/correctness/baseline/pilot/batch_012/guides/chr22_500_guide_280/stderr.txt	0	e3b0c44298fc1c149afbf4c8996fb92427ae41e4649b934ca495991b7852b855
raw/chr22_500_guides_20260810T040146_correctness_final/batches/correctness/baseline/pilot/batch_012/guides/chr22_500_guide_281/command.txt	294	111ecfbf2183c2a58f639157183390d277cff82755bc76a13c092015500c934c
raw/chr22_500_guides_20260810T040146_correctness_final/batches/correctness/baseline/pilot/batch_012/guides/chr22_500_guide_281/metrics.tsv	294	342205ed5f99855ad036cf77b2c1ca1930e619b512fa05ef23c2814dac81e68c
raw/chr22_500_guides_20260810T040146_correctness_final/batches/correctness/baseline/pilot/batch_012/guides/chr22_500_guide_281/output.paf	105	a9fa224f0195b3893caf93e1c0b8cc17844e550145c38de073e1d229cf7694fb
raw/chr22_500_guides_20260810T040146_correctness_final/batches/correctness/baseline/pilot/batch_012/guides/chr22_500_guide_281/stderr.txt	0	e3b0c44298fc1c149afbf4c8996fb92427ae41e4649b934ca495991b7852b855
raw/chr22_500_guides_20260810T040146_correctness_final/batches/correctness/baseline/pilot/batch_012/guides/chr22_500_guide_282/command.txt	294	3d4e39595baf0998bc3b5204fe4eb4915c2a4baa6e756319cf9f99fb20c6e819
raw/chr22_500_guides_20260810T040146_correctness_final/batches/correctness/baseline/pilot/batch_012/guides/chr22_500_guide_282/metrics.tsv	294	a55292f3755e6f024d62a635ad37b231b439190328905c294dbdde8ea21d208a
raw/chr22_500_guides_20260810T040146_correctness_final/batches/correctness/baseline/pilot/batch_012/guides/chr22_500_guide_282/output.paf	105	e53f6cca18329d7598017397133878d420010d56cbf6c1bf8f2b136e95bbb077
raw/chr22_500_guides_20260810T040146_correctness_final/batches/correctness/baseline/pilot/batch_012/guides/chr22_500_guide_282/stderr.txt	0	e3b0c44298fc1c149afbf4c8996fb92427ae41e4649b934ca495991b7852b855
raw/chr22_500_guides_20260810T040146_correctness_final/batches/correctness/baseline/pilot/batch_012/guides/chr22_500_guide_283/command.txt	294	4f78aff6fc9fe3c25101e8f164d927838e7bd55167275931099c5df2bc37a2b3
raw/chr22_500_guides_20260810T040146_correctness_final/batches/correctness/baseline/pilot/batch_012/guides/chr22_500_guide_283/metrics.tsv	295	b7306d2b04c43f05348cd5952e43a374eed32538538ca011a29470a343d530e8
raw/chr22_500_guides_20260810T040146_correctness_final/batches/correctness/baseline/pilot/batch_012/guides/chr22_500_guide_283/output.paf	5079	ae3ca86ece2af8c1e764664fe6db82d19e2cf8a29fa0a43ffd92b82eda74d3cb
raw/chr22_500_guides_20260810T040146_correctness_final/batches/correctness/baseline/pilot/batch_012/guides/chr22_500_guide_283/stderr.txt	0	e3b0c44298fc1c149afbf4c8996fb92427ae41e4649b934ca495991b7852b855
raw/chr22_500_guides_20260810T040146_correctness_final/batches/correctness/baseline/pilot/batch_012/guides/chr22_500_guide_284/command.txt	294	9eff15caf0d039498b213140199b9e8afb6dd7ac1bdd1d12afa35c272d318ed9
raw/chr22_500_guides_20260810T040146_correctness_final/batches/correctness/baseline/pilot/batch_012/guides/chr22_500_guide_284/metrics.tsv	294	5a13f89a83b0e2567f3a3e044becebf6805f9e5b08ad60b179d501bd2b418437
raw/chr22_500_guides_20260810T040146_correctness_final/batches/correctness/baseline/pilot/batch_012/guides/chr22_500_guide_284/output.paf	323	a5b68e62ac40ee9e933602a099170807e0b1bf736499b92d9b4531f8bd5ce2d2
raw/chr22_500_guides_20260810T040146_correctness_final/batches/correctness/baseline/pilot/batch_012/guides/chr22_500_guide_284/stderr.txt	0	e3b0c44298fc1c149afbf4c8996fb92427ae41e4649b934ca495991b7852b855
raw/chr22_500_guides_20260810T040146_correctness_final/batches/correctness/baseline/pilot/batch_012/guides/chr22_500_guide_285/command.txt	294	ef4e368901e1114eb3db89f3b30681356db456e0926840c198cdac09e92f5f44
raw/chr22_500_guides_20260810T040146_correctness_final/batches/correctness/baseline/pilot/batch_012/guides/chr22_500_guide_285/metrics.tsv	294	769b1d57e33689f1b775f2897de2bbd31b6e60ded0500036cc1ec0178464e21a
raw/chr22_500_guides_20260810T040146_correctness_final/batches/correctness/baseline/pilot/batch_012/guides/chr22_500_guide_285/output.paf	105	1bf3bce9877ba3ed3c12502aa3023e01f5304f64b9a3663190271da34a300628
raw/chr22_500_guides_20260810T040146_correctness_final/batches/correctness/baseline/pilot/batch_012/guides/chr22_500_guide_285/stderr.txt	0	e3b0c44298fc1c149afbf4c8996fb92427ae41e4649b934ca495991b7852b855
raw/chr22_500_guides_20260810T040146_correctness_final/batches/correctness/baseline/pilot/batch_012/guides/chr22_500_guide_286/command.txt	294	98e257984cff076b578001c0c528c7c6faa3d66bc3bbf85413b669b10c66e9f5
raw/chr22_500_guides_20260810T040146_correctness_final/batches/correctness/baseline/pilot/batch_012/guides/chr22_500_guide_286/metrics.tsv	295	464a57499ed973f5633139336f5a4f2cefced1cf7ed5e07f6f7c67353042cdf5
raw/chr22_500_guides_20260810T040146_correctness_final/batches/correctness/baseline/pilot/batch_012/guides/chr22_500_guide_286/output.paf	1680	30cd3bed8a1ff146ae53f84ac140e5fd63d22ac697d6e39d632f98097c09ebf1
raw/chr22_500_guides_20260810T040146_correctness_final/batches/correctness/baseline/pilot/batch_012/guides/chr22_500_guide_286/stderr.txt	0	e3b0c44298fc1c149afbf4c8996fb92427ae41e4649b934ca495991b7852b855
raw/chr22_500_guides_20260810T040146_correctness_final/batches/correctness/baseline/pilot/batch_012/guides/chr22_500_guide_287/command.txt	294	41b768990cf77df8dc78ef9f37e7131ccd8f60e80e6bab026ddd61b4feaa6e8f
raw/chr22_500_guides_20260810T040146_correctness_final/batches/correctness/baseline/pilot/batch_012/guides/chr22_500_guide_287/metrics.tsv	296	f6544a26363d4dcbb762ee13786fff930407c00515c326585da9f27ee462efab
raw/chr22_500_guides_20260810T040146_correctness_final/batches/correctness/baseline/pilot/batch_012/guides/chr22_500_guide_287/output.paf	11090	d529ba9cda8a5e1e56958b555bf2dcf2347fcd4bfc1057c68153de1e98a8ac43
raw/chr22_500_guides_20260810T040146_correctness_final/batches/correctness/baseline/pilot/batch_012/guides/chr22_500_guide_287/stderr.txt	0	e3b0c44298fc1c149afbf4c8996fb92427ae41e4649b934ca495991b7852b855
raw/chr22_500_guides_20260810T040146_correctness_final/batches/correctness/baseline/pilot/batch_012/guides/chr22_500_guide_288/command.txt	294	42e978afa0c20f3f75c3438381894c1d3e831b6024e1178f8413c64b3a1fa7bf
raw/chr22_500_guides_20260810T040146_correctness_final/batches/correctness/baseline/pilot/batch_012/guides/chr22_500_guide_288/metrics.tsv	294	3e8f4bf3a25a430829c8e6cfb8871479974a85b683fffd6f5f08d7eeed7f97d8
raw/chr22_500_guides_20260810T040146_correctness_final/batches/correctness/baseline/pilot/batch_012/guides/chr22_500_guide_288/output.paf	105	b7517a16df61180265ec10a20cb33a003c3ea568992073591f20e96d81391119
raw/chr22_500_guides_20260810T040146_correctness_final/batches/correctness/baseline/pilot/batch_012/guides/chr22_500_guide_288/stderr.txt	0	e3b0c44298fc1c149afbf4c8996fb92427ae41e4649b934ca495991b7852b855
raw/chr22_500_guides_20260810T040146_correctness_final/batches/correctness/baseline/pilot/batch_012/guides/chr22_500_guide_289/command.txt	294	c2dc692bf16540095fafddeb9272b1e5fa16c2cf94216c185fb7b796eaddda20
raw/chr22_500_guides_20260810T040146_correctness_final/batches/correctness/baseline/pilot/batch_012/guides/chr22_500_guide_289/metrics.tsv	294	55b3a228a4ad359dc0672eb7a99a0e32f3b248f06c32c7366675653cbf61c880
raw/chr22_500_guides_20260810T040146_correctness_final/batches/correctness/baseline/pilot/batch_012/guides/chr22_500_guide_289/output.paf	105	d9219c3b6740e22448b806b2c7c9eac232d8371a0a1aa50f40645ce369f669dc
raw/chr22_500_guides_20260810T040146_correctness_final/batches/correctness/baseline/pilot/batch_012/guides/chr22_500_guide_289/stderr.txt	0	e3b0c44298fc1c149afbf4c8996fb92427ae41e4649b934ca495991b7852b855
raw/chr22_500_guides_20260810T040146_correctness_final/batches/correctness/baseline/pilot/batch_012/guides/chr22_500_guide_290/command.txt	294	ab9e5da16f960fc4f713632688e888b80451c63ee9efd5cad191237b7a9fadbc
raw/chr22_500_guides_20260810T040146_correctness_final/batches/correctness/baseline/pilot/batch_012/guides/chr22_500_guide_290/metrics.tsv	294	43d9cbd78ef7e0fd7924a3a0e12b5926bcb8f69e0d98cb92c2813a8111727f1c
raw/chr22_500_guides_20260810T040146_correctness_final/batches/correctness/baseline/pilot/batch_012/guides/chr22_500_guide_290/output.paf	105	d7e9813af3f2368064a2285d3e56a0325aba8653c021fdaae43d3d6bd660754c
raw/chr22_500_guides_20260810T040146_correctness_final/batches/correctness/baseline/pilot/batch_012/guides/chr22_500_guide_290/stderr.txt	0	e3b0c44298fc1c149afbf4c8996fb92427ae41e4649b934ca495991b7852b855
raw/chr22_500_guides_20260810T040146_correctness_final/batches/correctness/baseline/pilot/batch_012/guides/chr22_500_guide_291/command.txt	294	200a4a0c86ad9c983b3f8e7511e3c0d1ea1a591f4712da74b65149150ed747ac
raw/chr22_500_guides_20260810T040146_correctness_final/batches/correctness/baseline/pilot/batch_012/guides/chr22_500_guide_291/metrics.tsv	294	51c2a6c5aa919c00e99233ef2b13a9cdaaeab82df87b882ddff726fe5c42604c
raw/chr22_500_guides_20260810T040146_correctness_final/batches/correctness/baseline/pilot/batch_012/guides/chr22_500_guide_291/output.paf	105	800382f6b1e1f5501a4440ffaf65afb9d88391aa57625459a1825e4cf7ba87a1
raw/chr22_500_guides_20260810T040146_correctness_final/batches/correctness/baseline/pilot/batch_012/guides/chr22_500_guide_291/stderr.txt	0	e3b0c44298fc1c149afbf4c8996fb92427ae41e4649b934ca495991b7852b855
raw/chr22_500_guides_20260810T040146_correctness_final/batches/correctness/baseline/pilot/batch_012/guides/chr22_500_guide_292/command.txt	294	a75f5dc1fab8d38c2370b1de8a4512ded36fc2cddef8fc5604332a078a645294
raw/chr22_500_guides_20260810T040146_correctness_final/batches/correctness/baseline/pilot/batch_012/guides/chr22_500_guide_292/metrics.tsv	294	7a9a9dff6879cb18331b7516ea17b6f0da1823b3e77c7476fed62c11ad85d73a
raw/chr22_500_guides_20260810T040146_correctness_final/batches/correctness/baseline/pilot/batch_012/guides/chr22_500_guide_292/output.paf	105	5941dd24b1361301897320aac40154d572007d35f9b20166ac32f6d1231e2acd
raw/chr22_500_guides_20260810T040146_correctness_final/batches/correctness/baseline/pilot/batch_012/guides/chr22_500_guide_292/stderr.txt	0	e3b0c44298fc1c149afbf4c8996fb92427ae41e4649b934ca495991b7852b855
raw/chr22_500_guides_20260810T040146_correctness_final/batches/correctness/baseline/pilot/batch_012/guides/chr22_500_guide_293/command.txt	294	d3ed08a4d85e49c013ef46a16a83336181bb06ba551459de75aa365054b565d4
raw/chr22_500_guides_20260810T040146_correctness_final/batches/correctness/baseline/pilot/batch_012/guides/chr22_500_guide_293/metrics.tsv	294	2b45cb9b10f3e1d54a13f41583b815b2302f0981e67b7b152113f89dfe3c3e69
raw/chr22_500_guides_20260810T040146_correctness_final/batches/correctness/baseline/pilot/batch_012/guides/chr22_500_guide_293/output.paf	105	a6e8f7dbe8440152b018e778c86e594c220662576f7388bf74086116bfb557b5
raw/chr22_500_guides_20260810T040146_correctness_final/batches/correctness/baseline/pilot/batch_012/guides/chr22_500_guide_293/stderr.txt	0	e3b0c44298fc1c149afbf4c8996fb92427ae41e4649b934ca495991b7852b855
raw/chr22_500_guides_20260810T040146_correctness_final/batches/correctness/baseline/pilot/batch_012/guides/chr22_500_guide_294/command.txt	294	4543a85768430526c1a3b6d67e3d9e9271cee1c3d25028107cdfc2effebfc492
raw/chr22_500_guides_20260810T040146_correctness_final/batches/correctness/baseline/pilot/batch_012/guides/chr22_500_guide_294/metrics.tsv	294	7ba93192b520337b07f1e6efbd14151c457670e219d39551e03a992c245cd5f8
raw/chr22_500_guides_20260810T040146_correctness_final/batches/correctness/baseline/pilot/batch_012/guides/chr22_500_guide_294/output.paf	105	dab4e592ef1445cf45b46075f9efbba95f9bfc2d670471fca86e90e48d9e7fa9
raw/chr22_500_guides_20260810T040146_correctness_final/batches/correctness/baseline/pilot/batch_012/guides/chr22_500_guide_294/stderr.txt	0	e3b0c44298fc1c149afbf4c8996fb92427ae41e4649b934ca495991b7852b855
raw/chr22_500_guides_20260810T040146_correctness_final/batches/correctness/baseline/pilot/batch_012/guides/chr22_500_guide_295/command.txt	294	ee207d0e44115ce33240fb65c0a243c049cc447413d18eee3957093d6e37dfec
raw/chr22_500_guides_20260810T040146_correctness_final/batches/correctness/baseline/pilot/batch_012/guides/chr22_500_guide_295/metrics.tsv	294	ee4df9cf14e67dba84dc9c0604a7e9bf9c3605cb379a5494b51a4b810681d7af
raw/chr22_500_guides_20260810T040146_correctness_final/batches/correctness/baseline/pilot/batch_012/guides/chr22_500_guide_295/output.paf	105	2d77b320ec43b12ee3f6094ded8591196f9a7acd33e7308010ac9edce4593dcd
raw/chr22_500_guides_20260810T040146_correctness_final/batches/correctness/baseline/pilot/batch_012/guides/chr22_500_guide_295/stderr.txt	0	e3b0c44298fc1c149afbf4c8996fb92427ae41e4649b934ca495991b7852b855
raw/chr22_500_guides_20260810T040146_correctness_final/batches/correctness/baseline/pilot/batch_012/guides/chr22_500_guide_296/command.txt	294	9cbf8a3db0db87130f28906080f81e0088ee1037d1e092a66f858e0432b9d04c
raw/chr22_500_guides_20260810T040146_correctness_final/batches/correctness/baseline/pilot/batch_012/guides/chr22_500_guide_296/metrics.tsv	294	1e79ca87271eebac2b7d79a8f52674f02a3f2ff54410abebd7c36c33773529c6
raw/chr22_500_guides_20260810T040146_correctness_final/batches/correctness/baseline/pilot/batch_012/guides/chr22_500_guide_296/output.paf	105	da3687baf79f356a7107d728d14228a0dd66bfc10a9e5ee4b96bded376c6c3f6
raw/chr22_500_guides_20260810T040146_correctness_final/batches/correctness/baseline/pilot/batch_012/guides/chr22_500_guide_296/stderr.txt	0	e3b0c44298fc1c149afbf4c8996fb92427ae41e4649b934ca495991b7852b855
raw/chr22_500_guides_20260810T040146_correctness_final/batches/correctness/baseline/pilot/batch_012/guides/chr22_500_guide_297/command.txt	294	81921e22b0efd940ffda57e52fb27e4193a62bb7e6bd55bd2e0a01c49135088a
raw/chr22_500_guides_20260810T040146_correctness_final/batches/correctness/baseline/pilot/batch_012/guides/chr22_500_guide_297/metrics.tsv	294	fcfa9f4467141ae9c239bab6c1f9aa280a994315ddee52cc05c8834dcb92ddbb
raw/chr22_500_guides_20260810T040146_correctness_final/batches/correctness/baseline/pilot/batch_012/guides/chr22_500_guide_297/output.paf	105	67d715df04795b597b55d1e6f751ac48727e34c17090a29c4f40831563d3c69a
raw/chr22_500_guides_20260810T040146_correctness_final/batches/correctness/baseline/pilot/batch_012/guides/chr22_500_guide_297/stderr.txt	0	e3b0c44298fc1c149afbf4c8996fb92427ae41e4649b934ca495991b7852b855
raw/chr22_500_guides_20260810T040146_correctness_final/batches/correctness/baseline/pilot/batch_012/guides/chr22_500_guide_298/command.txt	294	b6de0bf1b4b24fd7876c63b0d267ce2bafbe4db9f26c7b623196acd7d7f8bde3
raw/chr22_500_guides_20260810T040146_correctness_final/batches/correctness/baseline/pilot/batch_012/guides/chr22_500_guide_298/metrics.tsv	294	e6dc4ab8615a177ecf7b6ce61262da45077d7bc3616b244838b1c656ce0388a4
raw/chr22_500_guides_20260810T040146_correctness_final/batches/correctness/baseline/pilot/batch_012/guides/chr22_500_guide_298/output.paf	105	96bacc0c5f62f5ee3cb64d6560e882e64673267447e8714383a4ab744f1c99a8
raw/chr22_500_guides_20260810T040146_correctness_final/batches/correctness/baseline/pilot/batch_012/guides/chr22_500_guide_298/stderr.txt	0	e3b0c44298fc1c149afbf4c8996fb92427ae41e4649b934ca495991b7852b855
raw/chr22_500_guides_20260810T040146_correctness_final/batches/correctness/baseline/pilot/batch_012/guides/chr22_500_guide_299/command.txt	294	65b50a2f1543b44aaf538b2d09214d1b80cbfbf95452e0f0605c4636707f38fa
raw/chr22_500_guides_20260810T040146_correctness_final/batches/correctness/baseline/pilot/batch_012/guides/chr22_500_guide_299/metrics.tsv	294	8425bab0bd16f62637a49177e248a4211eb3cfda3d5141511b24013492b2527a
raw/chr22_500_guides_20260810T040146_correctness_final/batches/correctness/baseline/pilot/batch_012/guides/chr22_500_guide_299/output.paf	105	1eba404868f62a6cddb13fd737dc01862933045368e97c33d9d65d18860a5cba
raw/chr22_500_guides_20260810T040146_correctness_final/batches/correctness/baseline/pilot/batch_012/guides/chr22_500_guide_299/stderr.txt	0	e3b0c44298fc1c149afbf4c8996fb92427ae41e4649b934ca495991b7852b855
raw/chr22_500_guides_20260810T040146_correctness_final/batches/correctness/baseline/pilot/batch_012/guides/chr22_500_guide_300/command.txt	294	c2567efc22d2c1269378c7746b796e18e232b0e8b750ed384143e643ca314364
raw/chr22_500_guides_20260810T040146_correctness_final/batches/correctness/baseline/pilot/batch_012/guides/chr22_500_guide_300/metrics.tsv	294	45f7b4bdb48328e29e9c388501360633235a38ffc47be1f02ac1a6d9cf088208
raw/chr22_500_guides_20260810T040146_correctness_final/batches/correctness/baseline/pilot/batch_012/guides/chr22_500_guide_300/output.paf	105	14d7ad904267e9f27e192421458cd4c9b704e3a66f504d917fb35a619fd91865
raw/chr22_500_guides_20260810T040146_correctness_final/batches/correctness/baseline/pilot/batch_012/guides/chr22_500_guide_300/stderr.txt	0	e3b0c44298fc1c149afbf4c8996fb92427ae41e4649b934ca495991b7852b855
raw/chr22_500_guides_20260810T040146_correctness_final/batches/correctness/baseline/pilot/batch_013/SUCCESS	0	e3b0c44298fc1c149afbf4c8996fb92427ae41e4649b934ca495991b7852b855
raw/chr22_500_guides_20260810T040146_correctness_final/batches/correctness/baseline/pilot/batch_013/environment.tsv	601	bbbd08d3b3c37f4b81e3e47c5bb1799c4e4f9a92b3131324cc406cd7e2abf9fc
raw/chr22_500_guides_20260810T040146_correctness_final/batches/correctness/baseline/pilot/batch_013/guide_ids.txt	500	be78f276c1fe515ca6b08b1fee537c8ecc9a6038b3e4405c8a57c96cfdf79fcb
raw/chr22_500_guides_20260810T040146_correctness_final/batches/correctness/baseline/pilot/batch_013/guide_order.sha256	304	afd3632066bd35f3b4c954d6458225cc0a670f13fc990f2452acbac601ca3649
raw/chr22_500_guides_20260810T040146_correctness_final/batches/correctness/baseline/pilot/batch_013/guide_order.txt	500	b5748f95652609faf38c7cbf3fde0861e3bfc42cf2097f57d2b515ef71e3d6c4
raw/chr22_500_guides_20260810T040146_correctness_final/batches/correctness/baseline/pilot/batch_013/guide_results.tsv	5563	77f65322b73e0b5e1882f280ae6db13e028853544cad9e153ab8072b80ca66e1
raw/chr22_500_guides_20260810T040146_correctness_final/batches/correctness/baseline/pilot/batch_013/guides/chr22_500_guide_301/command.txt	294	b3d4b1e88f0cd4fba2018190f83a593cbbf62afb053b6b35529813ba5ac956cb
raw/chr22_500_guides_20260810T040146_correctness_final/batches/correctness/baseline/pilot/batch_013/guides/chr22_500_guide_301/metrics.tsv	294	f405e99e9671f209b7313db0a4d2157f4c3bdd26c6cdd75251acc5997bef18a8
raw/chr22_500_guides_20260810T040146_correctness_final/batches/correctness/baseline/pilot/batch_013/guides/chr22_500_guide_301/output.paf	533	d07a1cb21dd959e5a8d20fa90977b6e378b6bd571c9a955c95b32d23d56c527a
raw/chr22_500_guides_20260810T040146_correctness_final/batches/correctness/baseline/pilot/batch_013/guides/chr22_500_guide_301/stderr.txt	0	e3b0c44298fc1c149afbf4c8996fb92427ae41e4649b934ca495991b7852b855
raw/chr22_500_guides_20260810T040146_correctness_final/batches/correctness/baseline/pilot/batch_013/guides/chr22_500_guide_302/command.txt	294	1ab90b7687041d9bed49fb694aa93c8805fdc21b34e92441173ddbf419ea280c
raw/chr22_500_guides_20260810T040146_correctness_final/batches/correctness/baseline/pilot/batch_013/guides/chr22_500_guide_302/metrics.tsv	294	e9a32edd768c387cd7604f10d556e574898152e1c5968eeda2a5bf750e6c8458
raw/chr22_500_guides_20260810T040146_correctness_final/batches/correctness/baseline/pilot/batch_013/guides/chr22_500_guide_302/output.paf	105	d3783eb23d426c2c0580af71666746b5222070a22a5f6ccc626b4f5f194c85e3
raw/chr22_500_guides_20260810T040146_correctness_final/batches/correctness/baseline/pilot/batch_013/guides/chr22_500_guide_302/stderr.txt	0	e3b0c44298fc1c149afbf4c8996fb92427ae41e4649b934ca495991b7852b855
raw/chr22_500_guides_20260810T040146_correctness_final/batches/correctness/baseline/pilot/batch_013/guides/chr22_500_guide_303/command.txt	294	86f836e6f97e0279c74efba63336e64ebcd003b6da19c497e63e193f918a4c3a
raw/chr22_500_guides_20260810T040146_correctness_final/batches/correctness/baseline/pilot/batch_013/guides/chr22_500_guide_303/metrics.tsv	294	11c37de038557dc923a3bf06368f956980b6ec5eee67cff68652f66463ad01ce
raw/chr22_500_guides_20260810T040146_correctness_final/batches/correctness/baseline/pilot/batch_013/guides/chr22_500_guide_303/output.paf	105	9246314add68bcb309196485353ca32264aa9d97b65d40e3825659e7fa9e07c5
raw/chr22_500_guides_20260810T040146_correctness_final/batches/correctness/baseline/pilot/batch_013/guides/chr22_500_guide_303/stderr.txt	0	e3b0c44298fc1c149afbf4c8996fb92427ae41e4649b934ca495991b7852b855
raw/chr22_500_guides_20260810T040146_correctness_final/batches/correctness/baseline/pilot/batch_013/guides/chr22_500_guide_304/command.txt	294	d36ea042449190ba20049e976b5e4df76f936d638726a128223042451ad55f51
raw/chr22_500_guides_20260810T040146_correctness_final/batches/correctness/baseline/pilot/batch_013/guides/chr22_500_guide_304/metrics.tsv	294	29acfb8d63ce5d69fdfd39273af49c7da7c797ebef5501a673695bdb6f38a6b3
raw/chr22_500_guides_20260810T040146_correctness_final/batches/correctness/baseline/pilot/batch_013/guides/chr22_500_guide_304/output.paf	105	c4733a0adb33265b42f1ea521dc40264cba04876a6f6679bbc39519cf0338918
raw/chr22_500_guides_20260810T040146_correctness_final/batches/correctness/baseline/pilot/batch_013/guides/chr22_500_guide_304/stderr.txt	0	e3b0c44298fc1c149afbf4c8996fb92427ae41e4649b934ca495991b7852b855
raw/chr22_500_guides_20260810T040146_correctness_final/batches/correctness/baseline/pilot/batch_013/guides/chr22_500_guide_305/command.txt	294	5f8b3d32392c3502d3888b6d2a9442a145d2ed6e9a751cdd4b982411881493de
raw/chr22_500_guides_20260810T040146_correctness_final/batches/correctness/baseline/pilot/batch_013/guides/chr22_500_guide_305/metrics.tsv	295	7b2272f8b5a57a157a3753be6d63dd04199d8c5fc243a26696ecd901cac250dc
raw/chr22_500_guides_20260810T040146_correctness_final/batches/correctness/baseline/pilot/batch_013/guides/chr22_500_guide_305/output.paf	2247	1abd128ff542b88efbb448de8a560f284db21b8a068956b649819d3fd04b45d8
raw/chr22_500_guides_20260810T040146_correctness_final/batches/correctness/baseline/pilot/batch_013/guides/chr22_500_guide_305/stderr.txt	0	e3b0c44298fc1c149afbf4c8996fb92427ae41e4649b934ca495991b7852b855
raw/chr22_500_guides_20260810T040146_correctness_final/batches/correctness/baseline/pilot/batch_013/guides/chr22_500_guide_306/command.txt	294	5b7381d3283eb513a578140c2083aff5e84f4fe5a11d64f73fb8569e776f8bb8
raw/chr22_500_guides_20260810T040146_correctness_final/batches/correctness/baseline/pilot/batch_013/guides/chr22_500_guide_306/metrics.tsv	294	270e313ec708b8742e4cdd9f831b55dfc46272e2624dabb106edcc6d5502f9f5
raw/chr22_500_guides_20260810T040146_correctness_final/batches/correctness/baseline/pilot/batch_013/guides/chr22_500_guide_306/output.paf	105	6a309defbbe5f08abe920ac12a2c13155098f57994aeb2c767ac2a830d0db569
raw/chr22_500_guides_20260810T040146_correctness_final/batches/correctness/baseline/pilot/batch_013/guides/chr22_500_guide_306/stderr.txt	0	e3b0c44298fc1c149afbf4c8996fb92427ae41e4649b934ca495991b7852b855
raw/chr22_500_guides_20260810T040146_correctness_final/batches/correctness/baseline/pilot/batch_013/guides/chr22_500_guide_307/command.txt	294	dc3889b57b948927c470b0d86e2c7a0e8537f0f2a5e1a8b3439ccfb5061cb44c
raw/chr22_500_guides_20260810T040146_correctness_final/batches/correctness/baseline/pilot/batch_013/guides/chr22_500_guide_307/metrics.tsv	294	0ae0ae9013d115f19ed079faacbc7a37486dccf9a6a5c71b35890e1fcabb15be
raw/chr22_500_guides_20260810T040146_correctness_final/batches/correctness/baseline/pilot/batch_013/guides/chr22_500_guide_307/output.paf	105	9600eb890ca0d1d43f7656d7c3b247fcb0b36ee444a3a6e1db8fb2b17ec4905e
raw/chr22_500_guides_20260810T040146_correctness_final/batches/correctness/baseline/pilot/batch_013/guides/chr22_500_guide_307/stderr.txt	0	e3b0c44298fc1c149afbf4c8996fb92427ae41e4649b934ca495991b7852b855
raw/chr22_500_guides_20260810T040146_correctness_final/batches/correctness/baseline/pilot/batch_013/guides/chr22_500_guide_308/command.txt	294	cd3d0c9d843f95cbad1a96a838539555dfac1c2ce161e885552208ad0e0f5fc8
raw/chr22_500_guides_20260810T040146_correctness_final/batches/correctness/baseline/pilot/batch_013/guides/chr22_500_guide_308/metrics.tsv	294	5bb272560523b1c59f50d9667a1509f72b614e957b38e4e443d3714ec7e8f1e4
raw/chr22_500_guides_20260810T040146_correctness_final/batches/correctness/baseline/pilot/batch_013/guides/chr22_500_guide_308/output.paf	105	4832e7aa711ccdac22496f6cb8a979eec30369c372fca1b6aba1e3edfb12e8a1
raw/chr22_500_guides_20260810T040146_correctness_final/batches/correctness/baseline/pilot/batch_013/guides/chr22_500_guide_308/stderr.txt	0	e3b0c44298fc1c149afbf4c8996fb92427ae41e4649b934ca495991b7852b855
raw/chr22_500_guides_20260810T040146_correctness_final/batches/correctness/baseline/pilot/batch_013/guides/chr22_500_guide_309/command.txt	294	520df1953df571117548c6820985f4390e4f50c3203873ab9002e03d817be182
raw/chr22_500_guides_20260810T040146_correctness_final/batches/correctness/baseline/pilot/batch_013/guides/chr22_500_guide_309/metrics.tsv	294	4c2b1a81087dcd27cdd7af7d73ea32d81af75482bdd3cb684239b5b388bd4674
raw/chr22_500_guides_20260810T040146_correctness_final/batches/correctness/baseline/pilot/batch_013/guides/chr22_500_guide_309/output.paf	212	e0ea85c97e994ad6b9ba6eb50fc39b34e24e2ceef5dd53147909795eac770a72
raw/chr22_500_guides_20260810T040146_correctness_final/batches/correctness/baseline/pilot/batch_013/guides/chr22_500_guide_309/stderr.txt	0	e3b0c44298fc1c149afbf4c8996fb92427ae41e4649b934ca495991b7852b855
raw/chr22_500_guides_20260810T040146_correctness_final/batches/correctness/baseline/pilot/batch_013/guides/chr22_500_guide_310/command.txt	294	a836df086481655edeb5da817ca6468a1ff6dac53d94388f7e4f1df457731621
raw/chr22_500_guides_20260810T040146_correctness_final/batches/correctness/baseline/pilot/batch_013/guides/chr22_500_guide_310/metrics.tsv	294	b322e15e41073821bf353ce951bc5ab7f7c7ec362e100961aa7cd821750c7c21
raw/chr22_500_guides_20260810T040146_correctness_final/batches/correctness/baseline/pilot/batch_013/guides/chr22_500_guide_310/output.paf	105	6535286bd318c12e4be70453ccc7d1c063c4e2a4f73eeeb18ca81403b343aa14
raw/chr22_500_guides_20260810T040146_correctness_final/batches/correctness/baseline/pilot/batch_013/guides/chr22_500_guide_310/stderr.txt	0	e3b0c44298fc1c149afbf4c8996fb92427ae41e4649b934ca495991b7852b855
raw/chr22_500_guides_20260810T040146_correctness_final/batches/correctness/baseline/pilot/batch_013/guides/chr22_500_guide_311/command.txt	294	4060bb68818c5ce487f88c3b689d4894c5080ac96f813b83f26d852a82b59c30
raw/chr22_500_guides_20260810T040146_correctness_final/batches/correctness/baseline/pilot/batch_013/guides/chr22_500_guide_311/metrics.tsv	294	db4f09792f91c9d27ae44a41f9c9c10e269ce14fc34c7d0532ef69fff66ac76d
raw/chr22_500_guides_20260810T040146_correctness_final/batches/correctness/baseline/pilot/batch_013/guides/chr22_500_guide_311/output.paf	214	7961773ecc533d0844639ea262d71f5383891afc03bdbad9d08a2cacd714a3c1
raw/chr22_500_guides_20260810T040146_correctness_final/batches/correctness/baseline/pilot/batch_013/guides/chr22_500_guide_311/stderr.txt	0	e3b0c44298fc1c149afbf4c8996fb92427ae41e4649b934ca495991b7852b855
raw/chr22_500_guides_20260810T040146_correctness_final/batches/correctness/baseline/pilot/batch_013/guides/chr22_500_guide_312/command.txt	294	8e6c46074d278f530e228c4b86cf41d330012fd6a0dfe56c9e3a6e43a458f488
raw/chr22_500_guides_20260810T040146_correctness_final/batches/correctness/baseline/pilot/batch_013/guides/chr22_500_guide_312/metrics.tsv	294	75cff3b475784cdad307aec81ffab0d316ec10a8a24630b4f358796931586048
raw/chr22_500_guides_20260810T040146_correctness_final/batches/correctness/baseline/pilot/batch_013/guides/chr22_500_guide_312/output.paf	105	6277afa4b9349b6787fb9412e1072d4091ce90d200a90b3e74c1764882da95fa
raw/chr22_500_guides_20260810T040146_correctness_final/batches/correctness/baseline/pilot/batch_013/guides/chr22_500_guide_312/stderr.txt	0	e3b0c44298fc1c149afbf4c8996fb92427ae41e4649b934ca495991b7852b855
raw/chr22_500_guides_20260810T040146_correctness_final/batches/correctness/baseline/pilot/batch_013/guides/chr22_500_guide_313/command.txt	294	70887f056f4e6c9a7fb8d55aebf6260ff2cacc2988834221b289083a7d8ecd39
raw/chr22_500_guides_20260810T040146_correctness_final/batches/correctness/baseline/pilot/batch_013/guides/chr22_500_guide_313/metrics.tsv	294	0634a6da64496e40cd3299d0cc396bcf28747e6d6752a6b4cd6fb4ce99ecbf5b
raw/chr22_500_guides_20260810T040146_correctness_final/batches/correctness/baseline/pilot/batch_013/guides/chr22_500_guide_313/output.paf	105	c4ca7ddc636638d7005d3e187756ba84185296e1c2585b41d0a7a856e2606213
raw/chr22_500_guides_20260810T040146_correctness_final/batches/correctness/baseline/pilot/batch_013/guides/chr22_500_guide_313/stderr.txt	0	e3b0c44298fc1c149afbf4c8996fb92427ae41e4649b934ca495991b7852b855
raw/chr22_500_guides_20260810T040146_correctness_final/batches/correctness/baseline/pilot/batch_013/guides/chr22_500_guide_314/command.txt	294	486945bd3c1061d627c593d9d9cd20818961b05eab1283854dd76dcd5b6493f8
raw/chr22_500_guides_20260810T040146_correctness_final/batches/correctness/baseline/pilot/batch_013/guides/chr22_500_guide_314/metrics.tsv	294	ae4b5249b7bc4c89a294610b346fcb35e16af585d10ea26365bf1bf38ce67202
raw/chr22_500_guides_20260810T040146_correctness_final/batches/correctness/baseline/pilot/batch_013/guides/chr22_500_guide_314/output.paf	105	a2eb1dfaf7ba7e176fe1c242346652aa7a1166c410da2c5736b9d5677fc8a13f
raw/chr22_500_guides_20260810T040146_correctness_final/batches/correctness/baseline/pilot/batch_013/guides/chr22_500_guide_314/stderr.txt	0	e3b0c44298fc1c149afbf4c8996fb92427ae41e4649b934ca495991b7852b855
raw/chr22_500_guides_20260810T040146_correctness_final/batches/correctness/baseline/pilot/batch_013/guides/chr22_500_guide_315/command.txt	294	9b7b611e611028237e9fa40a8ede5c06e5f105bf2ab6cc40d9a4e4b1598471ca
raw/chr22_500_guides_20260810T040146_correctness_final/batches/correctness/baseline/pilot/batch_013/guides/chr22_500_guide_315/metrics.tsv	294	c1c46017e3117a7c288d7fb1dff98fb8e330762da4752317c962852ce91f62e2
raw/chr22_500_guides_20260810T040146_correctness_final/batches/correctness/baseline/pilot/batch_013/guides/chr22_500_guide_315/output.paf	105	3d96c21755e994f100780beab6f0ddd4428febb86225f1f6d35991b5ca1cbb8d
raw/chr22_500_guides_20260810T040146_correctness_final/batches/correctness/baseline/pilot/batch_013/guides/chr22_500_guide_315/stderr.txt	0	e3b0c44298fc1c149afbf4c8996fb92427ae41e4649b934ca495991b7852b855
raw/chr22_500_guides_20260810T040146_correctness_final/batches/correctness/baseline/pilot/batch_013/guides/chr22_500_guide_316/command.txt	294	7fa26f372d1f9b3dc14322b96cf9a8d9fe5feb96bbc4db2897fc0782d0d0ae6f
raw/chr22_500_guides_20260810T040146_correctness_final/batches/correctness/baseline/pilot/batch_013/guides/chr22_500_guide_316/metrics.tsv	295	baccb1fd9bd4c3ec4ca93a1d25cb2fe2f3a55090c3ce43cb04d57205fa3bb0c0
raw/chr22_500_guides_20260810T040146_correctness_final/batches/correctness/baseline/pilot/batch_013/guides/chr22_500_guide_316/output.paf	2009	beda36680639225334e1607079c121b9190b3ca2e2568c1f808a5fe780d0b339
raw/chr22_500_guides_20260810T040146_correctness_final/batches/correctness/baseline/pilot/batch_013/guides/chr22_500_guide_316/stderr.txt	0	e3b0c44298fc1c149afbf4c8996fb92427ae41e4649b934ca495991b7852b855
raw/chr22_500_guides_20260810T040146_correctness_final/batches/correctness/baseline/pilot/batch_013/guides/chr22_500_guide_317/command.txt	294	2cbc51bdefd57babf4c63cc12d8a04ae06468ad3798f5b7268c80155e5a9d083
raw/chr22_500_guides_20260810T040146_correctness_final/batches/correctness/baseline/pilot/batch_013/guides/chr22_500_guide_317/metrics.tsv	294	8180b49d09db732f8d6f941dd5226cf22f3944f64b184f12731e167562d70cdc
raw/chr22_500_guides_20260810T040146_correctness_final/batches/correctness/baseline/pilot/batch_013/guides/chr22_500_guide_317/output.paf	105	199b4cdcf8c5032c951850e7cb976ec2771edcaac16079c8f1ad422ea45e52c2
raw/chr22_500_guides_20260810T040146_correctness_final/batches/correctness/baseline/pilot/batch_013/guides/chr22_500_guide_317/stderr.txt	0	e3b0c44298fc1c149afbf4c8996fb92427ae41e4649b934ca495991b7852b855
raw/chr22_500_guides_20260810T040146_correctness_final/batches/correctness/baseline/pilot/batch_013/guides/chr22_500_guide_318/command.txt	294	b1f39b0ebad89619ebac2bc2eb9430e92b5714779333946948e654ec71525f96
raw/chr22_500_guides_20260810T040146_correctness_final/batches/correctness/baseline/pilot/batch_013/guides/chr22_500_guide_318/metrics.tsv	294	9775ef8f609e3e24e14699f97d3c77073f253480eba0535cae3eb75bab45b987
raw/chr22_500_guides_20260810T040146_correctness_final/batches/correctness/baseline/pilot/batch_013/guides/chr22_500_guide_318/output.paf	105	b38f02456f345d872287da7f74b53691b169eb255cc35d11d103c308c700d2eb
raw/chr22_500_guides_20260810T040146_correctness_final/batches/correctness/baseline/pilot/batch_013/guides/chr22_500_guide_318/stderr.txt	0	e3b0c44298fc1c149afbf4c8996fb92427ae41e4649b934ca495991b7852b855
raw/chr22_500_guides_20260810T040146_correctness_final/batches/correctness/baseline/pilot/batch_013/guides/chr22_500_guide_319/command.txt	294	a4099c046a1b7aeb0f812ca0e318d539d0b0298c7e3ae7e3ce26ca3976c8b4ca
raw/chr22_500_guides_20260810T040146_correctness_final/batches/correctness/baseline/pilot/batch_013/guides/chr22_500_guide_319/metrics.tsv	294	d5ce9f33404850a3e28ac7f22bd875d5780f4ff55f5d080595d62f924af022d9
raw/chr22_500_guides_20260810T040146_correctness_final/batches/correctness/baseline/pilot/batch_013/guides/chr22_500_guide_319/output.paf	105	8563fc61dbbd0d60d302841d7a8b30a35df84832e0dff341b56de54c3f033908
raw/chr22_500_guides_20260810T040146_correctness_final/batches/correctness/baseline/pilot/batch_013/guides/chr22_500_guide_319/stderr.txt	0	e3b0c44298fc1c149afbf4c8996fb92427ae41e4649b934ca495991b7852b855
raw/chr22_500_guides_20260810T040146_correctness_final/batches/correctness/baseline/pilot/batch_013/guides/chr22_500_guide_320/command.txt	294	269dca4235015987105648c0632c9b12d5d40fa3586da6479c415d4a67027640
raw/chr22_500_guides_20260810T040146_correctness_final/batches/correctness/baseline/pilot/batch_013/guides/chr22_500_guide_320/metrics.tsv	294	f420a9e28e4b12dff443a62fcd838d83b9795916dd970c2714a8030a765f35a3
raw/chr22_500_guides_20260810T040146_correctness_final/batches/correctness/baseline/pilot/batch_013/guides/chr22_500_guide_320/output.paf	105	c2e1e987296dcbb577c4b7951bfb8b1995247a8821cc87ff854132058dc825ac
raw/chr22_500_guides_20260810T040146_correctness_final/batches/correctness/baseline/pilot/batch_013/guides/chr22_500_guide_320/stderr.txt	0	e3b0c44298fc1c149afbf4c8996fb92427ae41e4649b934ca495991b7852b855
raw/chr22_500_guides_20260810T040146_correctness_final/batches/correctness/baseline/pilot/batch_013/guides/chr22_500_guide_321/command.txt	294	951ac9b5f9fca100615cdca0039451c8c2e6f17309863c1283c867eab5a72e81
raw/chr22_500_guides_20260810T040146_correctness_final/batches/correctness/baseline/pilot/batch_013/guides/chr22_500_guide_321/metrics.tsv	294	ed49189abf09cfad77fc40defba5de52024b7f12345d1f8c19cd3ec6bc42b2a5
raw/chr22_500_guides_20260810T040146_correctness_final/batches/correctness/baseline/pilot/batch_013/guides/chr22_500_guide_321/output.paf	105	892cbd65261cab1dd9eba0484885dfe844de435deb75ad1f5e1f4399d276ae48
raw/chr22_500_guides_20260810T040146_correctness_final/batches/correctness/baseline/pilot/batch_013/guides/chr22_500_guide_321/stderr.txt	0	e3b0c44298fc1c149afbf4c8996fb92427ae41e4649b934ca495991b7852b855
raw/chr22_500_guides_20260810T040146_correctness_final/batches/correctness/baseline/pilot/batch_013/guides/chr22_500_guide_322/command.txt	294	1d3b3af0a3fbab523e77d7de97f1d54aaeadd9549fcc469a9770e834747216ca
raw/chr22_500_guides_20260810T040146_correctness_final/batches/correctness/baseline/pilot/batch_013/guides/chr22_500_guide_322/metrics.tsv	294	a82502e036e2b08c2091d4e69b781ee5cc75e0835b6c150e5ec7998fd7aa4c6c
raw/chr22_500_guides_20260810T040146_correctness_final/batches/correctness/baseline/pilot/batch_013/guides/chr22_500_guide_322/output.paf	105	396abb3fe32a2f2146132ac394667b66997edeab77b936030f6112ddf78f1c57
raw/chr22_500_guides_20260810T040146_correctness_final/batches/correctness/baseline/pilot/batch_013/guides/chr22_500_guide_322/stderr.txt	0	e3b0c44298fc1c149afbf4c8996fb92427ae41e4649b934ca495991b7852b855
raw/chr22_500_guides_20260810T040146_correctness_final/batches/correctness/baseline/pilot/batch_013/guides/chr22_500_guide_323/command.txt	294	a0eedbe5dd7aa14b950e4a84b89ccaf07cb94a3edbf045a82b33414a79711c01
raw/chr22_500_guides_20260810T040146_correctness_final/batches/correctness/baseline/pilot/batch_013/guides/chr22_500_guide_323/metrics.tsv	294	77ef5b96be3a33c02c665271bd6a86d02561e56e9d9853cf411b1c7499617495
raw/chr22_500_guides_20260810T040146_correctness_final/batches/correctness/baseline/pilot/batch_013/guides/chr22_500_guide_323/output.paf	105	4a6f7a313e251182f276be210f99075cb7bfa5275fa278d132ac27df6e713db1
raw/chr22_500_guides_20260810T040146_correctness_final/batches/correctness/baseline/pilot/batch_013/guides/chr22_500_guide_323/stderr.txt	0	e3b0c44298fc1c149afbf4c8996fb92427ae41e4649b934ca495991b7852b855
raw/chr22_500_guides_20260810T040146_correctness_final/batches/correctness/baseline/pilot/batch_013/guides/chr22_500_guide_324/command.txt	294	e35c7e2534876b6e4e0301cef3028879bd249cea5eb22e9ceb039993212f2e41
raw/chr22_500_guides_20260810T040146_correctness_final/batches/correctness/baseline/pilot/batch_013/guides/chr22_500_guide_324/metrics.tsv	294	196ab5428818e3d5e4ef2b06c6209ef55770804f6e28332c5635e4b959ab59e0
raw/chr22_500_guides_20260810T040146_correctness_final/batches/correctness/baseline/pilot/batch_013/guides/chr22_500_guide_324/output.paf	105	cbbe558a8ebcdafac709628c3f691e809429843d257c707fd153017cacda4ecc
raw/chr22_500_guides_20260810T040146_correctness_final/batches/correctness/baseline/pilot/batch_013/guides/chr22_500_guide_324/stderr.txt	0	e3b0c44298fc1c149afbf4c8996fb92427ae41e4649b934ca495991b7852b855
raw/chr22_500_guides_20260810T040146_correctness_final/batches/correctness/baseline/pilot/batch_013/guides/chr22_500_guide_325/command.txt	294	6c2a294d8bad044ae6ce44ee0fc803e9be06552dc6cb8ea0479bfc6bf1276391
raw/chr22_500_guides_20260810T040146_correctness_final/batches/correctness/baseline/pilot/batch_013/guides/chr22_500_guide_325/metrics.tsv	294	61a03abe7569a1d529a23e1d921cab16eaacb1a1f01ca3fad10ae521aaac0208
raw/chr22_500_guides_20260810T040146_correctness_final/batches/correctness/baseline/pilot/batch_013/guides/chr22_500_guide_325/output.paf	319	8d16991bc618dd19ca977eb9d9a3d9f991d0a66b5e79ff3df88a0dcf3eee5bee
raw/chr22_500_guides_20260810T040146_correctness_final/batches/correctness/baseline/pilot/batch_013/guides/chr22_500_guide_325/stderr.txt	0	e3b0c44298fc1c149afbf4c8996fb92427ae41e4649b934ca495991b7852b855
raw/chr22_500_guides_20260810T040146_correctness_final/batches/correctness/baseline/pilot/batch_014/SUCCESS	0	e3b0c44298fc1c149afbf4c8996fb92427ae41e4649b934ca495991b7852b855
raw/chr22_500_guides_20260810T040146_correctness_final/batches/correctness/baseline/pilot/batch_014/environment.tsv	601	ef3723cf363955a6365540af4fe1721298df712a3aa33e3d2cbdaf157506dcb5
raw/chr22_500_guides_20260810T040146_correctness_final/batches/correctness/baseline/pilot/batch_014/guide_ids.txt	500	8f84c0197f2a57a124683398c24731f28e05d1056468458502c2917d1dca0420
raw/chr22_500_guides_20260810T040146_correctness_final/batches/correctness/baseline/pilot/batch_014/guide_order.sha256	304	28fd387ae4003383e21542517a4628add1e4f4b867b255fc5dad15033f0125da
raw/chr22_500_guides_20260810T040146_correctness_final/batches/correctness/baseline/pilot/batch_014/guide_order.txt	500	7ba816592e7ac1db9813523fa3c3e8b38625b147f4bd8a7280b2ce7e30847730
raw/chr22_500_guides_20260810T040146_correctness_final/batches/correctness/baseline/pilot/batch_014/guide_results.tsv	5562	c01ed310b0157c821eb3f4a297a2521acbc56fd69ded5b5c06a91435520fa21b
raw/chr22_500_guides_20260810T040146_correctness_final/batches/correctness/baseline/pilot/batch_014/guides/chr22_500_guide_326/command.txt	294	0e2b85cde1ab1c1e6a081d19b6845058f6987f248d236be99cc3da56ecd3d138
raw/chr22_500_guides_20260810T040146_correctness_final/batches/correctness/baseline/pilot/batch_014/guides/chr22_500_guide_326/metrics.tsv	294	7aa4aa2e619704cc63ebd4df1f4ced99858e9128abd5a2a707337c3ec1fafa88
raw/chr22_500_guides_20260810T040146_correctness_final/batches/correctness/baseline/pilot/batch_014/guides/chr22_500_guide_326/output.paf	105	b2d49d7c3ccb583fac522482ca0d20527789ac77a349156625a99eff436ed534
raw/chr22_500_guides_20260810T040146_correctness_final/batches/correctness/baseline/pilot/batch_014/guides/chr22_500_guide_326/stderr.txt	0	e3b0c44298fc1c149afbf4c8996fb92427ae41e4649b934ca495991b7852b855
raw/chr22_500_guides_20260810T040146_correctness_final/batches/correctness/baseline/pilot/batch_014/guides/chr22_500_guide_327/command.txt	294	5998f8df12cdff2ea4c2ef68e4c8d01a4dcd057ad0276bfce39a54174b8d9ba8
raw/chr22_500_guides_20260810T040146_correctness_final/batches/correctness/baseline/pilot/batch_014/guides/chr22_500_guide_327/metrics.tsv	294	09b8d856643fdc51da84983082fa5e3e2636a81cdeeee9e2a55d95b0f15f762d
raw/chr22_500_guides_20260810T040146_correctness_final/batches/correctness/baseline/pilot/batch_014/guides/chr22_500_guide_327/output.paf	105	81f44fc4ec1edbc9b9ab1035ba9d69b00400930d5350fca627234e150e86c644
raw/chr22_500_guides_20260810T040146_correctness_final/batches/correctness/baseline/pilot/batch_014/guides/chr22_500_guide_327/stderr.txt	0	e3b0c44298fc1c149afbf4c8996fb92427ae41e4649b934ca495991b7852b855
raw/chr22_500_guides_20260810T040146_correctness_final/batches/correctness/baseline/pilot/batch_014/guides/chr22_500_guide_328/command.txt	294	bccc118f5764efd69b1775580918aecc29aa2fa189f711f88ee05cbd88261375
raw/chr22_500_guides_20260810T040146_correctness_final/batches/correctness/baseline/pilot/batch_014/guides/chr22_500_guide_328/metrics.tsv	294	92e0392c57d73b3340ddea6a373878fc08c58418f3a00f01b4e010f2347b72b3
raw/chr22_500_guides_20260810T040146_correctness_final/batches/correctness/baseline/pilot/batch_014/guides/chr22_500_guide_328/output.paf	105	4802296ebbba9922a4ece696902be06427691049808ba406ed873a9a4a219f9c
raw/chr22_500_guides_20260810T040146_correctness_final/batches/correctness/baseline/pilot/batch_014/guides/chr22_500_guide_328/stderr.txt	0	e3b0c44298fc1c149afbf4c8996fb92427ae41e4649b934ca495991b7852b855
raw/chr22_500_guides_20260810T040146_correctness_final/batches/correctness/baseline/pilot/batch_014/guides/chr22_500_guide_329/command.txt	294	409b44e77379e4bcafbf389285c498e018bdc138129e5865e51648f0efe326cf
raw/chr22_500_guides_20260810T040146_correctness_final/batches/correctness/baseline/pilot/batch_014/guides/chr22_500_guide_329/metrics.tsv	294	8e0c054641cb4a1cbc895edc82ec9fcef357074c2e58cce2ca4260054e979573
raw/chr22_500_guides_20260810T040146_correctness_final/batches/correctness/baseline/pilot/batch_014/guides/chr22_500_guide_329/output.paf	105	53160558bcc9bae1eddb3a7544f10009a4e838edc9a42ac6c0ff63bb0706fc0f
raw/chr22_500_guides_20260810T040146_correctness_final/batches/correctness/baseline/pilot/batch_014/guides/chr22_500_guide_329/stderr.txt	0	e3b0c44298fc1c149afbf4c8996fb92427ae41e4649b934ca495991b7852b855
raw/chr22_500_guides_20260810T040146_correctness_final/batches/correctness/baseline/pilot/batch_014/guides/chr22_500_guide_330/command.txt	294	4fac6a24ffc6191e037cf0501f1a6fe66b4b9a33220315c0df110aefaffdece9
raw/chr22_500_guides_20260810T040146_correctness_final/batches/correctness/baseline/pilot/batch_014/guides/chr22_500_guide_330/metrics.tsv	294	12451b6741c5abb9ee69a2eeb38d4ae86b821920a7b87780d05fd5f751fe0259
raw/chr22_500_guides_20260810T040146_correctness_final/batches/correctness/baseline/pilot/batch_014/guides/chr22_500_guide_330/output.paf	105	d4d719db9cf60d1d26c2a77552cfa85928b794088821836441391b9cbf90324e
raw/chr22_500_guides_20260810T040146_correctness_final/batches/correctness/baseline/pilot/batch_014/guides/chr22_500_guide_330/stderr.txt	0	e3b0c44298fc1c149afbf4c8996fb92427ae41e4649b934ca495991b7852b855
raw/chr22_500_guides_20260810T040146_correctness_final/batches/correctness/baseline/pilot/batch_014/guides/chr22_500_guide_331/command.txt	294	f102b4c2d525920209cb8dad8ddc402a3f2f8099804dde19f52891ba642512ff
raw/chr22_500_guides_20260810T040146_correctness_final/batches/correctness/baseline/pilot/batch_014/guides/chr22_500_guide_331/metrics.tsv	294	e78c944f0c075b12b97bf304f4b28e8cdd4e261295ed88f24258ddda72124be6
raw/chr22_500_guides_20260810T040146_correctness_final/batches/correctness/baseline/pilot/batch_014/guides/chr22_500_guide_331/output.paf	105	5c1209b8d42788f36eb44042fff56635d97feee4c31dd62f64f13b68b55cf21e
raw/chr22_500_guides_20260810T040146_correctness_final/batches/correctness/baseline/pilot/batch_014/guides/chr22_500_guide_331/stderr.txt	0	e3b0c44298fc1c149afbf4c8996fb92427ae41e4649b934ca495991b7852b855
raw/chr22_500_guides_20260810T040146_correctness_final/batches/correctness/baseline/pilot/batch_014/guides/chr22_500_guide_332/command.txt	294	deed3bbbd693b8665d3290c9b7c91f8a3177b0eec953ed833c19d7cde59e06d0
raw/chr22_500_guides_20260810T040146_correctness_final/batches/correctness/baseline/pilot/batch_014/guides/chr22_500_guide_332/metrics.tsv	294	69022f7b6d35e31087425e70944fbd6440963267efe263ae3087e9d8e880fa1a
raw/chr22_500_guides_20260810T040146_correctness_final/batches/correctness/baseline/pilot/batch_014/guides/chr22_500_guide_332/output.paf	105	29c4772e4107ff2db3e3247ecda31600cd1ffb80dd80301655f834bbee283d9d
raw/chr22_500_guides_20260810T040146_correctness_final/batches/correctness/baseline/pilot/batch_014/guides/chr22_500_guide_332/stderr.txt	0	e3b0c44298fc1c149afbf4c8996fb92427ae41e4649b934ca495991b7852b855
raw/chr22_500_guides_20260810T040146_correctness_final/batches/correctness/baseline/pilot/batch_014/guides/chr22_500_guide_333/command.txt	294	725e56395656f09ff7d0fce53f985a68b06a7cc2dd6a4e2922101a912c48efd4
raw/chr22_500_guides_20260810T040146_correctness_final/batches/correctness/baseline/pilot/batch_014/guides/chr22_500_guide_333/metrics.tsv	294	e77c6d432f146a32bec532295a1e4c538325e737cfad38284eff845243816db6
raw/chr22_500_guides_20260810T040146_correctness_final/batches/correctness/baseline/pilot/batch_014/guides/chr22_500_guide_333/output.paf	105	0229a4fc79d3d37ddda05a4910899ff60fcd29aa41d3690d08b235deae1dd329
raw/chr22_500_guides_20260810T040146_correctness_final/batches/correctness/baseline/pilot/batch_014/guides/chr22_500_guide_333/stderr.txt	0	e3b0c44298fc1c149afbf4c8996fb92427ae41e4649b934ca495991b7852b855
raw/chr22_500_guides_20260810T040146_correctness_final/batches/correctness/baseline/pilot/batch_014/guides/chr22_500_guide_334/command.txt	294	24f6aea64ee942983b8f563d90b06ca806234266b6f0ad560f2e6a42d30f4cfa
raw/chr22_500_guides_20260810T040146_correctness_final/batches/correctness/baseline/pilot/batch_014/guides/chr22_500_guide_334/metrics.tsv	294	3994aa43329f9ae9fd02b8ce0a44c9df56ed528e7baabb849a9361528dd1b03a
raw/chr22_500_guides_20260810T040146_correctness_final/batches/correctness/baseline/pilot/batch_014/guides/chr22_500_guide_334/output.paf	105	3e06c516c97d7d73f713b948e4ae2d850b9f95bb21edf7115970f95a2a44c88b
raw/chr22_500_guides_20260810T040146_correctness_final/batches/correctness/baseline/pilot/batch_014/guides/chr22_500_guide_334/stderr.txt	0	e3b0c44298fc1c149afbf4c8996fb92427ae41e4649b934ca495991b7852b855
raw/chr22_500_guides_20260810T040146_correctness_final/batches/correctness/baseline/pilot/batch_014/guides/chr22_500_guide_335/command.txt	294	a6034bd3ac4d3097415c27698693744795f0c65f7281c0ab482b4907dc13431a
raw/chr22_500_guides_20260810T040146_correctness_final/batches/correctness/baseline/pilot/batch_014/guides/chr22_500_guide_335/metrics.tsv	294	d359b36e8f5ba0d131b68c1182110c82c238bf51355fe6e7e0e4d4e2465f6819
raw/chr22_500_guides_20260810T040146_correctness_final/batches/correctness/baseline/pilot/batch_014/guides/chr22_500_guide_335/output.paf	424	a4be7ac9902481c62f785482d396500555aeccb79607c9662ef20aff907385ce
raw/chr22_500_guides_20260810T040146_correctness_final/batches/correctness/baseline/pilot/batch_014/guides/chr22_500_guide_335/stderr.txt	0	e3b0c44298fc1c149afbf4c8996fb92427ae41e4649b934ca495991b7852b855
raw/chr22_500_guides_20260810T040146_correctness_final/batches/correctness/baseline/pilot/batch_014/guides/chr22_500_guide_336/command.txt	294	1e63940643859407d662a3b7d3ae9a937042f34e3d18922890c018ec14f750aa
raw/chr22_500_guides_20260810T040146_correctness_final/batches/correctness/baseline/pilot/batch_014/guides/chr22_500_guide_336/metrics.tsv	294	2dec56f3600e08ad6fadc2007c2afec65dc89cf3b76c86ff10dc91ab78ebf41a
raw/chr22_500_guides_20260810T040146_correctness_final/batches/correctness/baseline/pilot/batch_014/guides/chr22_500_guide_336/output.paf	210	50ccc63b38ee716d2737d977e6f3408dfce387328b217e21703d95388f86432a
raw/chr22_500_guides_20260810T040146_correctness_final/batches/correctness/baseline/pilot/batch_014/guides/chr22_500_guide_336/stderr.txt	0	e3b0c44298fc1c149afbf4c8996fb92427ae41e4649b934ca495991b7852b855
raw/chr22_500_guides_20260810T040146_correctness_final/batches/correctness/baseline/pilot/batch_014/guides/chr22_500_guide_337/command.txt	294	ecd6eff19b3066bd16da00d3841223fa3532ae68169d401909356491828a3dba
raw/chr22_500_guides_20260810T040146_correctness_final/batches/correctness/baseline/pilot/batch_014/guides/chr22_500_guide_337/metrics.tsv	294	3215ee388f62db104d612d3136c582234533c58f2ca2b3e587c9901540faa48c
raw/chr22_500_guides_20260810T040146_correctness_final/batches/correctness/baseline/pilot/batch_014/guides/chr22_500_guide_337/output.paf	105	55435a5f33dd9d0e307a3acbca8e33480145e2cff41751aa697bcad2c269889e
raw/chr22_500_guides_20260810T040146_correctness_final/batches/correctness/baseline/pilot/batch_014/guides/chr22_500_guide_337/stderr.txt	0	e3b0c44298fc1c149afbf4c8996fb92427ae41e4649b934ca495991b7852b855
raw/chr22_500_guides_20260810T040146_correctness_final/batches/correctness/baseline/pilot/batch_014/guides/chr22_500_guide_338/command.txt	294	5c3b93b11b8e6a74bde0ca874a8c3513b022608ec72102e19b764eda2894281c
raw/chr22_500_guides_20260810T040146_correctness_final/batches/correctness/baseline/pilot/batch_014/guides/chr22_500_guide_338/metrics.tsv	294	67c5862573e83f41b726e2c41846d6ef03439ced69d3087e5524d3ee928597e1
raw/chr22_500_guides_20260810T040146_correctness_final/batches/correctness/baseline/pilot/batch_014/guides/chr22_500_guide_338/output.paf	214	d39c5b6762aa09453e14f55e106ab300ceb4955ee3d73b381937cbf2220ed042
raw/chr22_500_guides_20260810T040146_correctness_final/batches/correctness/baseline/pilot/batch_014/guides/chr22_500_guide_338/stderr.txt	0	e3b0c44298fc1c149afbf4c8996fb92427ae41e4649b934ca495991b7852b855
raw/chr22_500_guides_20260810T040146_correctness_final/batches/correctness/baseline/pilot/batch_014/guides/chr22_500_guide_339/command.txt	294	ea0934253b1d3808778a50df1f8ee25fc5d95da29ca32e0b305c6f05d71708eb
raw/chr22_500_guides_20260810T040146_correctness_final/batches/correctness/baseline/pilot/batch_014/guides/chr22_500_guide_339/metrics.tsv	294	07cbff1c2d886c701ec12c7c5452c8582ce2734d152d1e8d7f4cb5c6dd46a806
raw/chr22_500_guides_20260810T040146_correctness_final/batches/correctness/baseline/pilot/batch_014/guides/chr22_500_guide_339/output.paf	105	b5a14cce7e770e9c1ee2fef328720dcef66c7a959853bd5a6a6adf9fbc70ffb5
raw/chr22_500_guides_20260810T040146_correctness_final/batches/correctness/baseline/pilot/batch_014/guides/chr22_500_guide_339/stderr.txt	0	e3b0c44298fc1c149afbf4c8996fb92427ae41e4649b934ca495991b7852b855
raw/chr22_500_guides_20260810T040146_correctness_final/batches/correctness/baseline/pilot/batch_014/guides/chr22_500_guide_340/command.txt	294	bf162382480a0acb40af5ab6c594f5c36eb6449054ac4459c8bb980b6891bd82
raw/chr22_500_guides_20260810T040146_correctness_final/batches/correctness/baseline/pilot/batch_014/guides/chr22_500_guide_340/metrics.tsv	294	ebf3ebe7b044bd32285bd80722cb080cae6b451d3735bd3ada759efa5fcd8100
raw/chr22_500_guides_20260810T040146_correctness_final/batches/correctness/baseline/pilot/batch_014/guides/chr22_500_guide_340/output.paf	105	922985e3fca731f38882f32a1706760924853766b2a2e0c607c0dae6f012035d
raw/chr22_500_guides_20260810T040146_correctness_final/batches/correctness/baseline/pilot/batch_014/guides/chr22_500_guide_340/stderr.txt	0	e3b0c44298fc1c149afbf4c8996fb92427ae41e4649b934ca495991b7852b855
raw/chr22_500_guides_20260810T040146_correctness_final/batches/correctness/baseline/pilot/batch_014/guides/chr22_500_guide_341/command.txt	294	d14cad31f114842c1833e5279bda5149a54de84ffd1f673f1549d7421566b627
raw/chr22_500_guides_20260810T040146_correctness_final/batches/correctness/baseline/pilot/batch_014/guides/chr22_500_guide_341/metrics.tsv	294	d0d2f20262896c14e4ec8473a1c6e75d26d6750afa81d540fcc24a14704fb992
raw/chr22_500_guides_20260810T040146_correctness_final/batches/correctness/baseline/pilot/batch_014/guides/chr22_500_guide_341/output.paf	105	7886c91b47b2d45bc063b2e8ad0e317027b6f77a80681247d1bb8098e3d93f91
raw/chr22_500_guides_20260810T040146_correctness_final/batches/correctness/baseline/pilot/batch_014/guides/chr22_500_guide_341/stderr.txt	0	e3b0c44298fc1c149afbf4c8996fb92427ae41e4649b934ca495991b7852b855
raw/chr22_500_guides_20260810T040146_correctness_final/batches/correctness/baseline/pilot/batch_014/guides/chr22_500_guide_342/command.txt	294	d2b2ec47c62689bbcf316abfdaa8cc3ef17b88e7d36c773cae54bcfc60a24ff2
raw/chr22_500_guides_20260810T040146_correctness_final/batches/correctness/baseline/pilot/batch_014/guides/chr22_500_guide_342/metrics.tsv	295	c5be3da97bd8a29e10e53d1ede12f56bc45ce374096eee72dcf6267219164007
raw/chr22_500_guides_20260810T040146_correctness_final/batches/correctness/baseline/pilot/batch_014/guides/chr22_500_guide_342/output.paf	6855	0d2377806d0dbab21b05fd2305cbf480ab361f27db8755d6dcdace472a20cf05
raw/chr22_500_guides_20260810T040146_correctness_final/batches/correctness/baseline/pilot/batch_014/guides/chr22_500_guide_342/stderr.txt	0	e3b0c44298fc1c149afbf4c8996fb92427ae41e4649b934ca495991b7852b855
raw/chr22_500_guides_20260810T040146_correctness_final/batches/correctness/baseline/pilot/batch_014/guides/chr22_500_guide_343/command.txt	294	99de005df36445fc0cc87e0e7f648b713e285055a4d085232f2faac07be3b277
raw/chr22_500_guides_20260810T040146_correctness_final/batches/correctness/baseline/pilot/batch_014/guides/chr22_500_guide_343/metrics.tsv	294	936bc4aae30a53cc50455ab8b2dc6e832e5b4fd7fed9bff2afed6e5f7acb307f
raw/chr22_500_guides_20260810T040146_correctness_final/batches/correctness/baseline/pilot/batch_014/guides/chr22_500_guide_343/output.paf	105	77885b288a794217926cbdc3f9557271a5584ca0a3525a33368ba9dfa0f79c36
raw/chr22_500_guides_20260810T040146_correctness_final/batches/correctness/baseline/pilot/batch_014/guides/chr22_500_guide_343/stderr.txt	0	e3b0c44298fc1c149afbf4c8996fb92427ae41e4649b934ca495991b7852b855
raw/chr22_500_guides_20260810T040146_correctness_final/batches/correctness/baseline/pilot/batch_014/guides/chr22_500_guide_344/command.txt	294	9cd0dac6b21941f981c6880bc4098343692d7776db46eb0cb892286b2b4e0d15
raw/chr22_500_guides_20260810T040146_correctness_final/batches/correctness/baseline/pilot/batch_014/guides/chr22_500_guide_344/metrics.tsv	294	b28897f9b933a937a27a1c3855298d2d8bdfd06a4e02f73e23b19839ef1b4618
raw/chr22_500_guides_20260810T040146_correctness_final/batches/correctness/baseline/pilot/batch_014/guides/chr22_500_guide_344/output.paf	105	09e462275331cba68859c5b638f2ddc6ae613f21f1d352a49196de190eab4a63
raw/chr22_500_guides_20260810T040146_correctness_final/batches/correctness/baseline/pilot/batch_014/guides/chr22_500_guide_344/stderr.txt	0	e3b0c44298fc1c149afbf4c8996fb92427ae41e4649b934ca495991b7852b855
raw/chr22_500_guides_20260810T040146_correctness_final/batches/correctness/baseline/pilot/batch_014/guides/chr22_500_guide_345/command.txt	294	27378991b272449863ea45d2090f2f7aaebdf4b85fac6bd7a8ce31290cfd7b69
raw/chr22_500_guides_20260810T040146_correctness_final/batches/correctness/baseline/pilot/batch_014/guides/chr22_500_guide_345/metrics.tsv	294	b23450674ffa99671ba2941d3159b4c3f7d68e7bd8f2a248b93a316239997d08
raw/chr22_500_guides_20260810T040146_correctness_final/batches/correctness/baseline/pilot/batch_014/guides/chr22_500_guide_345/output.paf	105	b14e82166f74c064cc827ea6c2c7ecb58202c27a7e48eab02878079d65a0b1c2
raw/chr22_500_guides_20260810T040146_correctness_final/batches/correctness/baseline/pilot/batch_014/guides/chr22_500_guide_345/stderr.txt	0	e3b0c44298fc1c149afbf4c8996fb92427ae41e4649b934ca495991b7852b855
raw/chr22_500_guides_20260810T040146_correctness_final/batches/correctness/baseline/pilot/batch_014/guides/chr22_500_guide_346/command.txt	294	28df6b0c682d3e1c9ad391827beafb065483df3f0192af22c0e329006c29d908
raw/chr22_500_guides_20260810T040146_correctness_final/batches/correctness/baseline/pilot/batch_014/guides/chr22_500_guide_346/metrics.tsv	294	fb16d37e8551cdb1932a45b27a3ca464ced3029e71d0ebfc489f195ab82aaaf7
raw/chr22_500_guides_20260810T040146_correctness_final/batches/correctness/baseline/pilot/batch_014/guides/chr22_500_guide_346/output.paf	105	c1578e221280fa40949a92a15ecf9b403390f444d83730224cd36b3639bc9cfd
raw/chr22_500_guides_20260810T040146_correctness_final/batches/correctness/baseline/pilot/batch_014/guides/chr22_500_guide_346/stderr.txt	0	e3b0c44298fc1c149afbf4c8996fb92427ae41e4649b934ca495991b7852b855
raw/chr22_500_guides_20260810T040146_correctness_final/batches/correctness/baseline/pilot/batch_014/guides/chr22_500_guide_347/command.txt	294	88011063a3a86b7f9a861c4e7b0a717737b1d3db2c7b43097b735dd5a491cff0
raw/chr22_500_guides_20260810T040146_correctness_final/batches/correctness/baseline/pilot/batch_014/guides/chr22_500_guide_347/metrics.tsv	294	42f06cccafd6546560688625ef6c03583b02c012192fc4d7da4c1279de6212d9
raw/chr22_500_guides_20260810T040146_correctness_final/batches/correctness/baseline/pilot/batch_014/guides/chr22_500_guide_347/output.paf	105	fd3ecc223334a0f86c963a7df372cfce5e93a87dd0ef90a6c46e2780fd37a308
raw/chr22_500_guides_20260810T040146_correctness_final/batches/correctness/baseline/pilot/batch_014/guides/chr22_500_guide_347/stderr.txt	0	e3b0c44298fc1c149afbf4c8996fb92427ae41e4649b934ca495991b7852b855
raw/chr22_500_guides_20260810T040146_correctness_final/batches/correctness/baseline/pilot/batch_014/guides/chr22_500_guide_348/command.txt	294	8219161a7733a4e4c0488d6c14034deed7894765a0f4a8af2ef1208cbed2db65
raw/chr22_500_guides_20260810T040146_correctness_final/batches/correctness/baseline/pilot/batch_014/guides/chr22_500_guide_348/metrics.tsv	294	033a79196d6c9355c0669325e3c1b44996b236ecdd2201062e846faf807430e5
raw/chr22_500_guides_20260810T040146_correctness_final/batches/correctness/baseline/pilot/batch_014/guides/chr22_500_guide_348/output.paf	105	555a66e1753526673117e366fb233c844df0cfc38a64971866528e20e52f4ca2
raw/chr22_500_guides_20260810T040146_correctness_final/batches/correctness/baseline/pilot/batch_014/guides/chr22_500_guide_348/stderr.txt	0	e3b0c44298fc1c149afbf4c8996fb92427ae41e4649b934ca495991b7852b855
raw/chr22_500_guides_20260810T040146_correctness_final/batches/correctness/baseline/pilot/batch_014/guides/chr22_500_guide_349/command.txt	294	c9033130b222bc0eb4aa994c8f735d88e44f2b9f3e7fb3d6acad7ca105d0cfb5
raw/chr22_500_guides_20260810T040146_correctness_final/batches/correctness/baseline/pilot/batch_014/guides/chr22_500_guide_349/metrics.tsv	294	987471532b04f55a84e582f5259f911d6b37aa4fd5733bd7cafa249284f92b8f
raw/chr22_500_guides_20260810T040146_correctness_final/batches/correctness/baseline/pilot/batch_014/guides/chr22_500_guide_349/output.paf	105	2812e7c58993b0b84d9ed9b8583c00bfe201048e2de143a928f4bb50f26d68ca
raw/chr22_500_guides_20260810T040146_correctness_final/batches/correctness/baseline/pilot/batch_014/guides/chr22_500_guide_349/stderr.txt	0	e3b0c44298fc1c149afbf4c8996fb92427ae41e4649b934ca495991b7852b855
raw/chr22_500_guides_20260810T040146_correctness_final/batches/correctness/baseline/pilot/batch_014/guides/chr22_500_guide_350/command.txt	294	0a45e1a02d9f3d7d065910f66a1128f0d63d4c8d445095ed0e0cb4073f518516
raw/chr22_500_guides_20260810T040146_correctness_final/batches/correctness/baseline/pilot/batch_014/guides/chr22_500_guide_350/metrics.tsv	294	c67c6d644853752a14f05c5a111597ce5047b9ad0413501d15dd0f33a7d81789
raw/chr22_500_guides_20260810T040146_correctness_final/batches/correctness/baseline/pilot/batch_014/guides/chr22_500_guide_350/output.paf	105	690363745e23b36de9cf8198ae1a2f9b36e8aea59f5c0d77f85a6a355dc64483
raw/chr22_500_guides_20260810T040146_correctness_final/batches/correctness/baseline/pilot/batch_014/guides/chr22_500_guide_350/stderr.txt	0	e3b0c44298fc1c149afbf4c8996fb92427ae41e4649b934ca495991b7852b855
raw/chr22_500_guides_20260810T040146_correctness_final/batches/correctness/baseline/pilot/batch_015/SUCCESS	0	e3b0c44298fc1c149afbf4c8996fb92427ae41e4649b934ca495991b7852b855
raw/chr22_500_guides_20260810T040146_correctness_final/batches/correctness/baseline/pilot/batch_015/environment.tsv	601	b73d54be3c66f647cc6da44c0b98870fafe3bf7c3bd723bededee0996e85563a
raw/chr22_500_guides_20260810T040146_correctness_final/batches/correctness/baseline/pilot/batch_015/guide_ids.txt	500	686045272b8d4c8526ff93b5064a037b9159071d510144e70ecc3190692ecaf7
raw/chr22_500_guides_20260810T040146_correctness_final/batches/correctness/baseline/pilot/batch_015/guide_order.sha256	304	6646b968f8c00d42739f3042bda36f341af67e98d41eae7e889ad0bd8a40c9d5
raw/chr22_500_guides_20260810T040146_correctness_final/batches/correctness/baseline/pilot/batch_015/guide_order.txt	500	59e978d6c172056c424af3dfb68587f49393244e2007aff3fd2dd954d51c0b63
raw/chr22_500_guides_20260810T040146_correctness_final/batches/correctness/baseline/pilot/batch_015/guide_results.tsv	5564	045ab6cbc5b3dfb9f5c2cdbcf048872573a34ffaabb816fdcb501d11a351f215
raw/chr22_500_guides_20260810T040146_correctness_final/batches/correctness/baseline/pilot/batch_015/guides/chr22_500_guide_351/command.txt	294	a0d9d8493f63f10507416f3bfc90e0e690eee98e6a767ce8013b7777d3f15e37
raw/chr22_500_guides_20260810T040146_correctness_final/batches/correctness/baseline/pilot/batch_015/guides/chr22_500_guide_351/metrics.tsv	294	88d04c91a3c96c01944c59d4d405e204c1dded8c5546e2dfce117987862bf5dd
raw/chr22_500_guides_20260810T040146_correctness_final/batches/correctness/baseline/pilot/batch_015/guides/chr22_500_guide_351/output.paf	105	4289dcb5c2a6d1840edf8b185512e1412c3489db3a0bc4685ad3b715bc63461e
raw/chr22_500_guides_20260810T040146_correctness_final/batches/correctness/baseline/pilot/batch_015/guides/chr22_500_guide_351/stderr.txt	0	e3b0c44298fc1c149afbf4c8996fb92427ae41e4649b934ca495991b7852b855
raw/chr22_500_guides_20260810T040146_correctness_final/batches/correctness/baseline/pilot/batch_015/guides/chr22_500_guide_352/command.txt	294	c4302cf5fc08aae62a481bfc834e4817d62435a512fc66a3e75eb54b60d2fa79
raw/chr22_500_guides_20260810T040146_correctness_final/batches/correctness/baseline/pilot/batch_015/guides/chr22_500_guide_352/metrics.tsv	294	cbfca647224925e49070db59d066aa1c69d32b831e765d94dd9c434bb64ba3b4
raw/chr22_500_guides_20260810T040146_correctness_final/batches/correctness/baseline/pilot/batch_015/guides/chr22_500_guide_352/output.paf	214	f2d0b8b9fe9956bfaa96c3ee3b5f5055928c86e9032a49d79bb0fdc9103d993a
raw/chr22_500_guides_20260810T040146_correctness_final/batches/correctness/baseline/pilot/batch_015/guides/chr22_500_guide_352/stderr.txt	0	e3b0c44298fc1c149afbf4c8996fb92427ae41e4649b934ca495991b7852b855
raw/chr22_500_guides_20260810T040146_correctness_final/batches/correctness/baseline/pilot/batch_015/guides/chr22_500_guide_353/command.txt	294	33e1452dc4ab7f77b5c60b48874e08912b2384e40fb648eac1ed52a2b2df65b9
raw/chr22_500_guides_20260810T040146_correctness_final/batches/correctness/baseline/pilot/batch_015/guides/chr22_500_guide_353/metrics.tsv	294	7a9c5910cb730492d76d3a86275aa50a3b773e63e2244c0dd8964ae4dcb14a9e
raw/chr22_500_guides_20260810T040146_correctness_final/batches/correctness/baseline/pilot/batch_015/guides/chr22_500_guide_353/output.paf	105	db50066ab5215e0ab40715d3e84c765c47977eb5d92e2f74fef9a37ee0c19f96
raw/chr22_500_guides_20260810T040146_correctness_final/batches/correctness/baseline/pilot/batch_015/guides/chr22_500_guide_353/stderr.txt	0	e3b0c44298fc1c149afbf4c8996fb92427ae41e4649b934ca495991b7852b855
raw/chr22_500_guides_20260810T040146_correctness_final/batches/correctness/baseline/pilot/batch_015/guides/chr22_500_guide_354/command.txt	294	6663b54c2b3f4541a6d16375475d4e8175780134c343c5587c9546710391511c
raw/chr22_500_guides_20260810T040146_correctness_final/batches/correctness/baseline/pilot/batch_015/guides/chr22_500_guide_354/metrics.tsv	294	d2f51cae910b11592f691ff8a0c08a0d59656b30f5c3e4f0ede1d8f3f705a643
raw/chr22_500_guides_20260810T040146_correctness_final/batches/correctness/baseline/pilot/batch_015/guides/chr22_500_guide_354/output.paf	105	a25546c9bbae8cdc0d19e70bfe3c8882004a3d36efa6d3e1a8f84d71f02d3a3f
raw/chr22_500_guides_20260810T040146_correctness_final/batches/correctness/baseline/pilot/batch_015/guides/chr22_500_guide_354/stderr.txt	0	e3b0c44298fc1c149afbf4c8996fb92427ae41e4649b934ca495991b7852b855
raw/chr22_500_guides_20260810T040146_correctness_final/batches/correctness/baseline/pilot/batch_015/guides/chr22_500_guide_355/command.txt	294	f640b6a1d4580cd1b4f1e290fcc226d67e1f40e6407d9d080ec60b3c885d88f2
raw/chr22_500_guides_20260810T040146_correctness_final/batches/correctness/baseline/pilot/batch_015/guides/chr22_500_guide_355/metrics.tsv	294	13627ea14991f9a4cdaae2d08179b28458f594a16a4dddb247e6e5a8bf8e1190
raw/chr22_500_guides_20260810T040146_correctness_final/batches/correctness/baseline/pilot/batch_015/guides/chr22_500_guide_355/output.paf	105	8a75a85488ad929f0680cd3aa83ddfd5294134a2984494dc614768a98595757f
raw/chr22_500_guides_20260810T040146_correctness_final/batches/correctness/baseline/pilot/batch_015/guides/chr22_500_guide_355/stderr.txt	0	e3b0c44298fc1c149afbf4c8996fb92427ae41e4649b934ca495991b7852b855
raw/chr22_500_guides_20260810T040146_correctness_final/batches/correctness/baseline/pilot/batch_015/guides/chr22_500_guide_356/command.txt	294	fb6b18e841a6878e43cec567ff3fea78836bd196a2703ce419a323f0eb379701
raw/chr22_500_guides_20260810T040146_correctness_final/batches/correctness/baseline/pilot/batch_015/guides/chr22_500_guide_356/metrics.tsv	294	50efc332f2d907c538d5db996ff3fcdb872b721ae658cde4e74b9a86b1176fcb
raw/chr22_500_guides_20260810T040146_correctness_final/batches/correctness/baseline/pilot/batch_015/guides/chr22_500_guide_356/output.paf	105	867385907bbb717d91959186236ef4b8f9435d870da655ff1762344f446ca85a
raw/chr22_500_guides_20260810T040146_correctness_final/batches/correctness/baseline/pilot/batch_015/guides/chr22_500_guide_356/stderr.txt	0	e3b0c44298fc1c149afbf4c8996fb92427ae41e4649b934ca495991b7852b855
raw/chr22_500_guides_20260810T040146_correctness_final/batches/correctness/baseline/pilot/batch_015/guides/chr22_500_guide_357/command.txt	294	6f0b2e23c22d1bd053f2285f2adf9699a4d2a60acc63581b45bef111e103e4ff
raw/chr22_500_guides_20260810T040146_correctness_final/batches/correctness/baseline/pilot/batch_015/guides/chr22_500_guide_357/metrics.tsv	294	c6c059ec1c4bbc8b0651602bd3ecb90c0b9e2f49d35565a391ef72f8543d7e95
raw/chr22_500_guides_20260810T040146_correctness_final/batches/correctness/baseline/pilot/batch_015/guides/chr22_500_guide_357/output.paf	315	e92ae9c88b8f12941d07537ab79c644385376ff1dcb918357c6c15bd0feddba1
raw/chr22_500_guides_20260810T040146_correctness_final/batches/correctness/baseline/pilot/batch_015/guides/chr22_500_guide_357/stderr.txt	0	e3b0c44298fc1c149afbf4c8996fb92427ae41e4649b934ca495991b7852b855
raw/chr22_500_guides_20260810T040146_correctness_final/batches/correctness/baseline/pilot/batch_015/guides/chr22_500_guide_358/command.txt	294	10e3796ef2fbb531f9c0fdf7ed8c3441643f57ef8e1269b561e32d6893dfc208
raw/chr22_500_guides_20260810T040146_correctness_final/batches/correctness/baseline/pilot/batch_015/guides/chr22_500_guide_358/metrics.tsv	294	9cef95151c902c8af021386113f8b434dde5b4a9d4d0bda656cdc05dfd92da9e
raw/chr22_500_guides_20260810T040146_correctness_final/batches/correctness/baseline/pilot/batch_015/guides/chr22_500_guide_358/output.paf	105	a7389bd954eaa7a8f7c3e448a2ff3a3f4ef011b680d833fad933fd884d099eca
raw/chr22_500_guides_20260810T040146_correctness_final/batches/correctness/baseline/pilot/batch_015/guides/chr22_500_guide_358/stderr.txt	0	e3b0c44298fc1c149afbf4c8996fb92427ae41e4649b934ca495991b7852b855
raw/chr22_500_guides_20260810T040146_correctness_final/batches/correctness/baseline/pilot/batch_015/guides/chr22_500_guide_359/command.txt	294	0c275cf83bbf3e6e2df37f38c819601bf720eb8d9d571c5f24a58596033544a3
raw/chr22_500_guides_20260810T040146_correctness_final/batches/correctness/baseline/pilot/batch_015/guides/chr22_500_guide_359/metrics.tsv	294	c971ae60067d30e9d10cea3c7bf35b5f3a039854d7da2f28f9e370047ac9bf42
raw/chr22_500_guides_20260810T040146_correctness_final/batches/correctness/baseline/pilot/batch_015/guides/chr22_500_guide_359/output.paf	105	67f8eaad6970d67a23b137b039edd8958c127a6240cb405f3c0d44d014269abd
raw/chr22_500_guides_20260810T040146_correctness_final/batches/correctness/baseline/pilot/batch_015/guides/chr22_500_guide_359/stderr.txt	0	e3b0c44298fc1c149afbf4c8996fb92427ae41e4649b934ca495991b7852b855
raw/chr22_500_guides_20260810T040146_correctness_final/batches/correctness/baseline/pilot/batch_015/guides/chr22_500_guide_360/command.txt	294	51c6c6716314abb80d8d72b83a7796fdfcb952be89e1b7bcaf77cbcb11b4ace6
raw/chr22_500_guides_20260810T040146_correctness_final/batches/correctness/baseline/pilot/batch_015/guides/chr22_500_guide_360/metrics.tsv	296	c62ff4072178bc9bfa7ff4a7bc9aa8bcffeeeaebe446dc0507aeab188e77b616
raw/chr22_500_guides_20260810T040146_correctness_final/batches/correctness/baseline/pilot/batch_015/guides/chr22_500_guide_360/output.paf	12512	ab92b0dbf561032ca37778c31da69d5087a0727d0751d67e0a7d7f3d3516eac0
raw/chr22_500_guides_20260810T040146_correctness_final/batches/correctness/baseline/pilot/batch_015/guides/chr22_500_guide_360/stderr.txt	0	e3b0c44298fc1c149afbf4c8996fb92427ae41e4649b934ca495991b7852b855
raw/chr22_500_guides_20260810T040146_correctness_final/batches/correctness/baseline/pilot/batch_015/guides/chr22_500_guide_361/command.txt	294	f2d6e7849d229560d55f457e4ff71c9dfec7aef86677a6bc22b7c3c880dbb72f
raw/chr22_500_guides_20260810T040146_correctness_final/batches/correctness/baseline/pilot/batch_015/guides/chr22_500_guide_361/metrics.tsv	294	729cc18db31c286f4282703fb24baee82f8f82dbbe9d7517a276659d2af1395c
raw/chr22_500_guides_20260810T040146_correctness_final/batches/correctness/baseline/pilot/batch_015/guides/chr22_500_guide_361/output.paf	105	10c56888dfd2bcc3e5d0675d9a8e316b6ae168a941759f3370757a5730f843c3
raw/chr22_500_guides_20260810T040146_correctness_final/batches/correctness/baseline/pilot/batch_015/guides/chr22_500_guide_361/stderr.txt	0	e3b0c44298fc1c149afbf4c8996fb92427ae41e4649b934ca495991b7852b855
raw/chr22_500_guides_20260810T040146_correctness_final/batches/correctness/baseline/pilot/batch_015/guides/chr22_500_guide_362/command.txt	294	1e72df91ce7fd30e836d29495ff6d0dd020b6b8dae468e51083768adcc45d435
raw/chr22_500_guides_20260810T040146_correctness_final/batches/correctness/baseline/pilot/batch_015/guides/chr22_500_guide_362/metrics.tsv	294	41befa3b6cf699cba81333f7ffa0fc263c1e70d6e0092fdbc1e28ed5ebe19707
raw/chr22_500_guides_20260810T040146_correctness_final/batches/correctness/baseline/pilot/batch_015/guides/chr22_500_guide_362/output.paf	105	ae0e1999294b6c0fe52b495744bbfe62e218ee6d3c22e776bbc769dcedf3d0eb
raw/chr22_500_guides_20260810T040146_correctness_final/batches/correctness/baseline/pilot/batch_015/guides/chr22_500_guide_362/stderr.txt	0	e3b0c44298fc1c149afbf4c8996fb92427ae41e4649b934ca495991b7852b855
raw/chr22_500_guides_20260810T040146_correctness_final/batches/correctness/baseline/pilot/batch_015/guides/chr22_500_guide_363/command.txt	294	8ddf9d7e2608669e5fd6a1fd8c1335579a510d4d382c7cbc9d99592881f85fae
raw/chr22_500_guides_20260810T040146_correctness_final/batches/correctness/baseline/pilot/batch_015/guides/chr22_500_guide_363/metrics.tsv	294	06631248191e015b43dcdcd9e7c4dbe4e983cf5541adcffaf4ffe99dc743bb1d
raw/chr22_500_guides_20260810T040146_correctness_final/batches/correctness/baseline/pilot/batch_015/guides/chr22_500_guide_363/output.paf	105	850390cf00e784716c531f5e64380876ff07596af289e7ba34bc096bff075ecc
raw/chr22_500_guides_20260810T040146_correctness_final/batches/correctness/baseline/pilot/batch_015/guides/chr22_500_guide_363/stderr.txt	0	e3b0c44298fc1c149afbf4c8996fb92427ae41e4649b934ca495991b7852b855
raw/chr22_500_guides_20260810T040146_correctness_final/batches/correctness/baseline/pilot/batch_015/guides/chr22_500_guide_364/command.txt	294	d0154d8c8d763d631c8769695e8ee888ee7c9f2074ca5c4e496caaa98979242b
raw/chr22_500_guides_20260810T040146_correctness_final/batches/correctness/baseline/pilot/batch_015/guides/chr22_500_guide_364/metrics.tsv	294	9cbcb79fbc2255ffe227e93c894547dd5acf54652fee85e99f449ca314bf7f20
raw/chr22_500_guides_20260810T040146_correctness_final/batches/correctness/baseline/pilot/batch_015/guides/chr22_500_guide_364/output.paf	105	74ce4e0f24c8c5bf9ff04f0abd30cb25e9cfa613e2689424b2f777753af8809a
raw/chr22_500_guides_20260810T040146_correctness_final/batches/correctness/baseline/pilot/batch_015/guides/chr22_500_guide_364/stderr.txt	0	e3b0c44298fc1c149afbf4c8996fb92427ae41e4649b934ca495991b7852b855
raw/chr22_500_guides_20260810T040146_correctness_final/batches/correctness/baseline/pilot/batch_015/guides/chr22_500_guide_365/command.txt	294	596879818d73dfc6dfdcbf8a97955904e0be71a26c3cc67f0a1a011745b9b327
raw/chr22_500_guides_20260810T040146_correctness_final/batches/correctness/baseline/pilot/batch_015/guides/chr22_500_guide_365/metrics.tsv	294	f9b616913d4a2c80dc005a8e8d82148200c1ef3b483f8c981df10173273c0164
raw/chr22_500_guides_20260810T040146_correctness_final/batches/correctness/baseline/pilot/batch_015/guides/chr22_500_guide_365/output.paf	105	7711156130fd328754eb2f08bfcd7ecb1894492aca3fe7d1aa2b964ffa029648
raw/chr22_500_guides_20260810T040146_correctness_final/batches/correctness/baseline/pilot/batch_015/guides/chr22_500_guide_365/stderr.txt	0	e3b0c44298fc1c149afbf4c8996fb92427ae41e4649b934ca495991b7852b855
raw/chr22_500_guides_20260810T040146_correctness_final/batches/correctness/baseline/pilot/batch_015/guides/chr22_500_guide_366/command.txt	294	9bd780d99738c161b99b3686ee24129a6ef2e8dff8fbad065d94b25eb2b37c2a
raw/chr22_500_guides_20260810T040146_correctness_final/batches/correctness/baseline/pilot/batch_015/guides/chr22_500_guide_366/metrics.tsv	294	ffb89a15492657bac5166ddb4545e81876e5c838382628b0e1a2c44d8aa433d3
raw/chr22_500_guides_20260810T040146_correctness_final/batches/correctness/baseline/pilot/batch_015/guides/chr22_500_guide_366/output.paf	105	23700230984e70232e9331c81d6527a76bbf30918c396a14eb70f853a92cdb05
raw/chr22_500_guides_20260810T040146_correctness_final/batches/correctness/baseline/pilot/batch_015/guides/chr22_500_guide_366/stderr.txt	0	e3b0c44298fc1c149afbf4c8996fb92427ae41e4649b934ca495991b7852b855
raw/chr22_500_guides_20260810T040146_correctness_final/batches/correctness/baseline/pilot/batch_015/guides/chr22_500_guide_367/command.txt	294	2a20efd33ab9a11a92fef55935c0a0991cb016c9981302364289728543c7ef21
raw/chr22_500_guides_20260810T040146_correctness_final/batches/correctness/baseline/pilot/batch_015/guides/chr22_500_guide_367/metrics.tsv	294	18f4b0cc2839bf6e797ed6c3901263aa05832cb8b26b39b6299cdbcea9cb09eb
raw/chr22_500_guides_20260810T040146_correctness_final/batches/correctness/baseline/pilot/batch_015/guides/chr22_500_guide_367/output.paf	105	eafc7cf8ee809fe80890b34a135f0b6a144b58d1c39489c64df9d2821704064f
raw/chr22_500_guides_20260810T040146_correctness_final/batches/correctness/baseline/pilot/batch_015/guides/chr22_500_guide_367/stderr.txt	0	e3b0c44298fc1c149afbf4c8996fb92427ae41e4649b934ca495991b7852b855
raw/chr22_500_guides_20260810T040146_correctness_final/batches/correctness/baseline/pilot/batch_015/guides/chr22_500_guide_368/command.txt	294	4f2ed744a868ca92e3555a96b060747acf3bae65e2aa2059d9c41153327b3875
raw/chr22_500_guides_20260810T040146_correctness_final/batches/correctness/baseline/pilot/batch_015/guides/chr22_500_guide_368/metrics.tsv	294	7d53125ff725b2f4d30c5fb7063d414b23ebdd92114a65bd24067cf645fec7fc
raw/chr22_500_guides_20260810T040146_correctness_final/batches/correctness/baseline/pilot/batch_015/guides/chr22_500_guide_368/output.paf	105	1f00016106bffc2ceba39230352e1e4ef914076353527946b8890d37546c25f5
raw/chr22_500_guides_20260810T040146_correctness_final/batches/correctness/baseline/pilot/batch_015/guides/chr22_500_guide_368/stderr.txt	0	e3b0c44298fc1c149afbf4c8996fb92427ae41e4649b934ca495991b7852b855
raw/chr22_500_guides_20260810T040146_correctness_final/batches/correctness/baseline/pilot/batch_015/guides/chr22_500_guide_369/command.txt	294	15dbcb3a8fce72787b6bdff9754f0ebe95fa3fd911a2f72faec9366aa4422d9b
raw/chr22_500_guides_20260810T040146_correctness_final/batches/correctness/baseline/pilot/batch_015/guides/chr22_500_guide_369/metrics.tsv	294	5872b53c7b8929b01258c27c06a56ec18718f1903ed21795284e11ab58116cc4
raw/chr22_500_guides_20260810T040146_correctness_final/batches/correctness/baseline/pilot/batch_015/guides/chr22_500_guide_369/output.paf	105	08c5984412b18c370e990f17b4bc5ad2cbed1f4c3dfedd748d4e1535a3fadb1b
raw/chr22_500_guides_20260810T040146_correctness_final/batches/correctness/baseline/pilot/batch_015/guides/chr22_500_guide_369/stderr.txt	0	e3b0c44298fc1c149afbf4c8996fb92427ae41e4649b934ca495991b7852b855
raw/chr22_500_guides_20260810T040146_correctness_final/batches/correctness/baseline/pilot/batch_015/guides/chr22_500_guide_370/command.txt	294	36e7fbe5c04e5627caa084a351b4d8b113a8d233bb9398ec2a44344a29ee7a4e
raw/chr22_500_guides_20260810T040146_correctness_final/batches/correctness/baseline/pilot/batch_015/guides/chr22_500_guide_370/metrics.tsv	294	ba016b7d3c7ff34ef96fb4f7aa5ead35c6eee902430f9952c68a1308962ad35e
raw/chr22_500_guides_20260810T040146_correctness_final/batches/correctness/baseline/pilot/batch_015/guides/chr22_500_guide_370/output.paf	214	b15164b1a6028ce7dfe5c50730678163fb0be17ba30b67ef49aa87ee10f29cfd
raw/chr22_500_guides_20260810T040146_correctness_final/batches/correctness/baseline/pilot/batch_015/guides/chr22_500_guide_370/stderr.txt	0	e3b0c44298fc1c149afbf4c8996fb92427ae41e4649b934ca495991b7852b855
raw/chr22_500_guides_20260810T040146_correctness_final/batches/correctness/baseline/pilot/batch_015/guides/chr22_500_guide_371/command.txt	294	e96e47afd06d02dd7439551958abe87ce7460d03dd0517b6d33b62ac2dac3626
raw/chr22_500_guides_20260810T040146_correctness_final/batches/correctness/baseline/pilot/batch_015/guides/chr22_500_guide_371/metrics.tsv	294	179f52c69fed7a5db4f5d90c1a020a94c0e08ed1e0fbffcdc7a140d9ea705992
raw/chr22_500_guides_20260810T040146_correctness_final/batches/correctness/baseline/pilot/batch_015/guides/chr22_500_guide_371/output.paf	105	2d5e99ae0c7bcb58f0b6b71473c477ba54d8c8724c2758627a6c66d26e4c8657
raw/chr22_500_guides_20260810T040146_correctness_final/batches/correctness/baseline/pilot/batch_015/guides/chr22_500_guide_371/stderr.txt	0	e3b0c44298fc1c149afbf4c8996fb92427ae41e4649b934ca495991b7852b855
raw/chr22_500_guides_20260810T040146_correctness_final/batches/correctness/baseline/pilot/batch_015/guides/chr22_500_guide_372/command.txt	294	5974ea5c9a355aa58340f3659b947c0a46169449b854b45b0aa6234aaf9147dd
raw/chr22_500_guides_20260810T040146_correctness_final/batches/correctness/baseline/pilot/batch_015/guides/chr22_500_guide_372/metrics.tsv	294	6a32d8cc9fb8f02591ccbad283cfbe0fa35312e57d3a12cf6a80c42427d871fe
raw/chr22_500_guides_20260810T040146_correctness_final/batches/correctness/baseline/pilot/batch_015/guides/chr22_500_guide_372/output.paf	105	03c6b87f8e111baff737d699832be31b9947a70427c85b014752cb5b542a2eed
raw/chr22_500_guides_20260810T040146_correctness_final/batches/correctness/baseline/pilot/batch_015/guides/chr22_500_guide_372/stderr.txt	0	e3b0c44298fc1c149afbf4c8996fb92427ae41e4649b934ca495991b7852b855
raw/chr22_500_guides_20260810T040146_correctness_final/batches/correctness/baseline/pilot/batch_015/guides/chr22_500_guide_373/command.txt	294	106f54bec30a40f6f3910a52de5d5c49338a9c5165265e82644929d39c73a88e
raw/chr22_500_guides_20260810T040146_correctness_final/batches/correctness/baseline/pilot/batch_015/guides/chr22_500_guide_373/metrics.tsv	295	4bd497861b6c2503e4fe06d15b146e9c3846344f04ae50f35eada9cacdf432dc
raw/chr22_500_guides_20260810T040146_correctness_final/batches/correctness/baseline/pilot/batch_015/guides/chr22_500_guide_373/output.paf	6310	71f2239dc8f59ee257b89e03bbb841fd3c2f43e0a0d0682e3ff928f0cebe09c3
raw/chr22_500_guides_20260810T040146_correctness_final/batches/correctness/baseline/pilot/batch_015/guides/chr22_500_guide_373/stderr.txt	0	e3b0c44298fc1c149afbf4c8996fb92427ae41e4649b934ca495991b7852b855
raw/chr22_500_guides_20260810T040146_correctness_final/batches/correctness/baseline/pilot/batch_015/guides/chr22_500_guide_374/command.txt	294	bb3dd5da70e4da3169d719eea7da8c8f3da653ff218c098630a1bb13b421dde6
raw/chr22_500_guides_20260810T040146_correctness_final/batches/correctness/baseline/pilot/batch_015/guides/chr22_500_guide_374/metrics.tsv	294	4c6c7958892e8910969f691beb409a611cc683bf669abfc1050d94c7a7e1b410
raw/chr22_500_guides_20260810T040146_correctness_final/batches/correctness/baseline/pilot/batch_015/guides/chr22_500_guide_374/output.paf	105	c3fc24d7c32679e1bb8d0997359e61e66898f2661248e500254761c6363bc345
raw/chr22_500_guides_20260810T040146_correctness_final/batches/correctness/baseline/pilot/batch_015/guides/chr22_500_guide_374/stderr.txt	0	e3b0c44298fc1c149afbf4c8996fb92427ae41e4649b934ca495991b7852b855
raw/chr22_500_guides_20260810T040146_correctness_final/batches/correctness/baseline/pilot/batch_015/guides/chr22_500_guide_375/command.txt	294	536be7a122621349fce0ce5b0185dda096be3dbbd2fc5b2613c08e78a5876290
raw/chr22_500_guides_20260810T040146_correctness_final/batches/correctness/baseline/pilot/batch_015/guides/chr22_500_guide_375/metrics.tsv	294	b67cd4680cd584dbcf1422cbd200891c8a829b33635ad88303f597400642fb4b
raw/chr22_500_guides_20260810T040146_correctness_final/batches/correctness/baseline/pilot/batch_015/guides/chr22_500_guide_375/output.paf	105	030ec29164c173123d1d27dfea06a9700f90b3ab218d4b0a8e8aef3c9e9126f7
raw/chr22_500_guides_20260810T040146_correctness_final/batches/correctness/baseline/pilot/batch_015/guides/chr22_500_guide_375/stderr.txt	0	e3b0c44298fc1c149afbf4c8996fb92427ae41e4649b934ca495991b7852b855
raw/chr22_500_guides_20260810T040146_correctness_final/batches/correctness/baseline/pilot/batch_016/SUCCESS	0	e3b0c44298fc1c149afbf4c8996fb92427ae41e4649b934ca495991b7852b855
raw/chr22_500_guides_20260810T040146_correctness_final/batches/correctness/baseline/pilot/batch_016/environment.tsv	601	c9d9c9f92202c267cf573bee50552f007b0984f387d933d398acdb9b56c6d163
raw/chr22_500_guides_20260810T040146_correctness_final/batches/correctness/baseline/pilot/batch_016/guide_ids.txt	500	b54129f0b0470cfb7887ccd82bf9dd018298955684b2771dcdfb33b90c376bab
raw/chr22_500_guides_20260810T040146_correctness_final/batches/correctness/baseline/pilot/batch_016/guide_order.sha256	304	37cc5a602031a880f30701782c26c1f2e9163c6fd792b57c762d6e268b58098b
raw/chr22_500_guides_20260810T040146_correctness_final/batches/correctness/baseline/pilot/batch_016/guide_order.txt	500	f6c93d516f32700cc0cdd8bbc115e486f3682800698a2e62cba3c026de90e6cd
raw/chr22_500_guides_20260810T040146_correctness_final/batches/correctness/baseline/pilot/batch_016/guide_results.tsv	5562	fba21d2298239dc4e3e8b869f25aec1ca10b503651881975ba5dd98ade2d67ee
raw/chr22_500_guides_20260810T040146_correctness_final/batches/correctness/baseline/pilot/batch_016/guides/chr22_500_guide_376/command.txt	294	a03b4ad2640580b11f2eceac82485e88ad8088cde4a23c8abed11bce0323fecb
raw/chr22_500_guides_20260810T040146_correctness_final/batches/correctness/baseline/pilot/batch_016/guides/chr22_500_guide_376/metrics.tsv	294	ca4994a06df2d975074870deb773be19006440c4e6362243de904074b1b4d63d
raw/chr22_500_guides_20260810T040146_correctness_final/batches/correctness/baseline/pilot/batch_016/guides/chr22_500_guide_376/output.paf	105	7e19f347dbb159b99327c48f045135540fc5a7b2a7ee081802a3916d383f8976
raw/chr22_500_guides_20260810T040146_correctness_final/batches/correctness/baseline/pilot/batch_016/guides/chr22_500_guide_376/stderr.txt	0	e3b0c44298fc1c149afbf4c8996fb92427ae41e4649b934ca495991b7852b855
raw/chr22_500_guides_20260810T040146_correctness_final/batches/correctness/baseline/pilot/batch_016/guides/chr22_500_guide_377/command.txt	294	13a9e727053a89e9690760ae18549a615fb43d6465e3efe3da8b436deeb2770d
raw/chr22_500_guides_20260810T040146_correctness_final/batches/correctness/baseline/pilot/batch_016/guides/chr22_500_guide_377/metrics.tsv	294	8e95d3c64ec78e44762a013e9c5df3690f1dcbef67aed199ef2de37a55f9441b
raw/chr22_500_guides_20260810T040146_correctness_final/batches/correctness/baseline/pilot/batch_016/guides/chr22_500_guide_377/output.paf	105	55a3f7499e0cfd7e01d39b6abf5895c90ab0b4bd0a5fce5f05529c08d2547f2a
raw/chr22_500_guides_20260810T040146_correctness_final/batches/correctness/baseline/pilot/batch_016/guides/chr22_500_guide_377/stderr.txt	0	e3b0c44298fc1c149afbf4c8996fb92427ae41e4649b934ca495991b7852b855
raw/chr22_500_guides_20260810T040146_correctness_final/batches/correctness/baseline/pilot/batch_016/guides/chr22_500_guide_378/command.txt	294	8d83f8807b0ccd9da7fb4667fb7b469fc9d97e3552a7790fb3bf8ee1f800e656
raw/chr22_500_guides_20260810T040146_correctness_final/batches/correctness/baseline/pilot/batch_016/guides/chr22_500_guide_378/metrics.tsv	294	0c9cbb05d1fc1d501cd4513f3b74d8b99f7557fc8098676c42eb52b55a6c6029
raw/chr22_500_guides_20260810T040146_correctness_final/batches/correctness/baseline/pilot/batch_016/guides/chr22_500_guide_378/output.paf	424	ca193645a2f950677ee819c76deafecf7fc8fd5ddbbdd69ce32b77a0426369d6
raw/chr22_500_guides_20260810T040146_correctness_final/batches/correctness/baseline/pilot/batch_016/guides/chr22_500_guide_378/stderr.txt	0	e3b0c44298fc1c149afbf4c8996fb92427ae41e4649b934ca495991b7852b855
raw/chr22_500_guides_20260810T040146_correctness_final/batches/correctness/baseline/pilot/batch_016/guides/chr22_500_guide_379/command.txt	294	ddb851331b97accd692dcddabbe4fda83c93096a73e3d44e7ec2fcb24910ef14
raw/chr22_500_guides_20260810T040146_correctness_final/batches/correctness/baseline/pilot/batch_016/guides/chr22_500_guide_379/metrics.tsv	294	95b7e83d4967f9d828e65eac15cd28d3320d8350551cb1023e37e4f1d44fb9fb
raw/chr22_500_guides_20260810T040146_correctness_final/batches/correctness/baseline/pilot/batch_016/guides/chr22_500_guide_379/output.paf	105	5aa69e89a9ef985351b79202bc785b14f8909565c64344816b590744c39c799c
raw/chr22_500_guides_20260810T040146_correctness_final/batches/correctness/baseline/pilot/batch_016/guides/chr22_500_guide_379/stderr.txt	0	e3b0c44298fc1c149afbf4c8996fb92427ae41e4649b934ca495991b7852b855
raw/chr22_500_guides_20260810T040146_correctness_final/batches/correctness/baseline/pilot/batch_016/guides/chr22_500_guide_380/command.txt	294	2025838ace426f4567166e6c56e507c561c2db7f362e070a84e6a92d318b2563
raw/chr22_500_guides_20260810T040146_correctness_final/batches/correctness/baseline/pilot/batch_016/guides/chr22_500_guide_380/metrics.tsv	294	6bb27b94d2803e4d3f4a773dfd36e7bc6917fea0701a640746a0c270d7bc146a
raw/chr22_500_guides_20260810T040146_correctness_final/batches/correctness/baseline/pilot/batch_016/guides/chr22_500_guide_380/output.paf	105	3696847df4deac858a26ab0acacdd39fc23eeee62d5f8c152b739c4d558ce954
raw/chr22_500_guides_20260810T040146_correctness_final/batches/correctness/baseline/pilot/batch_016/guides/chr22_500_guide_380/stderr.txt	0	e3b0c44298fc1c149afbf4c8996fb92427ae41e4649b934ca495991b7852b855
raw/chr22_500_guides_20260810T040146_correctness_final/batches/correctness/baseline/pilot/batch_016/guides/chr22_500_guide_381/command.txt	294	006669f51664265e409aa3de357749be80ee1c13d25ec8277037b94007ecbc64
raw/chr22_500_guides_20260810T040146_correctness_final/batches/correctness/baseline/pilot/batch_016/guides/chr22_500_guide_381/metrics.tsv	294	7204dca4423da96db1eb2c7a5ede2b37964ff1395e3994cedfa5203d7683ab1f
raw/chr22_500_guides_20260810T040146_correctness_final/batches/correctness/baseline/pilot/batch_016/guides/chr22_500_guide_381/output.paf	105	66e0ad380442bdf04037ab83d0949141edf92e5a350d869acf3f12e9e0e18df5
raw/chr22_500_guides_20260810T040146_correctness_final/batches/correctness/baseline/pilot/batch_016/guides/chr22_500_guide_381/stderr.txt	0	e3b0c44298fc1c149afbf4c8996fb92427ae41e4649b934ca495991b7852b855
raw/chr22_500_guides_20260810T040146_correctness_final/batches/correctness/baseline/pilot/batch_016/guides/chr22_500_guide_382/command.txt	294	3c371012a12bf7bdde56047c5a12afa85e625699142d96b6d9f66832bf877752
raw/chr22_500_guides_20260810T040146_correctness_final/batches/correctness/baseline/pilot/batch_016/guides/chr22_500_guide_382/metrics.tsv	294	a06eb104b8332e8517528c51b3395a805fc37e2fb6ed0539f559737295a8ee3e
raw/chr22_500_guides_20260810T040146_correctness_final/batches/correctness/baseline/pilot/batch_016/guides/chr22_500_guide_382/output.paf	105	334ed3775f29c2188d7fea058f91103c4d4b121f2e3c2fd6f915633ae391b52f
raw/chr22_500_guides_20260810T040146_correctness_final/batches/correctness/baseline/pilot/batch_016/guides/chr22_500_guide_382/stderr.txt	0	e3b0c44298fc1c149afbf4c8996fb92427ae41e4649b934ca495991b7852b855
raw/chr22_500_guides_20260810T040146_correctness_final/batches/correctness/baseline/pilot/batch_016/guides/chr22_500_guide_383/command.txt	294	34a4ac4305dad4b70d1972d75cba9cee9734695b32e7b9eed5101f6ddda4eb4d
raw/chr22_500_guides_20260810T040146_correctness_final/batches/correctness/baseline/pilot/batch_016/guides/chr22_500_guide_383/metrics.tsv	294	b1a80ed5bc1e224b30c2196d2de4dcefc29d122ead3586e7f4e4674eb4256ebf
raw/chr22_500_guides_20260810T040146_correctness_final/batches/correctness/baseline/pilot/batch_016/guides/chr22_500_guide_383/output.paf	105	e3869c3952dd0b0eb3e37141b1040c6f25b82c4e398011436f2219c75f8febe8
raw/chr22_500_guides_20260810T040146_correctness_final/batches/correctness/baseline/pilot/batch_016/guides/chr22_500_guide_383/stderr.txt	0	e3b0c44298fc1c149afbf4c8996fb92427ae41e4649b934ca495991b7852b855
raw/chr22_500_guides_20260810T040146_correctness_final/batches/correctness/baseline/pilot/batch_016/guides/chr22_500_guide_384/command.txt	294	341e94ed64782cb1ef54eba161fa7f2fa3f1144337abf31df3684ed357d33e25
raw/chr22_500_guides_20260810T040146_correctness_final/batches/correctness/baseline/pilot/batch_016/guides/chr22_500_guide_384/metrics.tsv	294	5a51055fe2446d01b49cbab2d8850d95ea4775817a5863b5f515fd6b33c5ec50
raw/chr22_500_guides_20260810T040146_correctness_final/batches/correctness/baseline/pilot/batch_016/guides/chr22_500_guide_384/output.paf	105	d0f1f0ccacb8155b15cbd0aae71b84ef21dd4b82cfa458fe2fe387cdef067e94
raw/chr22_500_guides_20260810T040146_correctness_final/batches/correctness/baseline/pilot/batch_016/guides/chr22_500_guide_384/stderr.txt	0	e3b0c44298fc1c149afbf4c8996fb92427ae41e4649b934ca495991b7852b855
raw/chr22_500_guides_20260810T040146_correctness_final/batches/correctness/baseline/pilot/batch_016/guides/chr22_500_guide_385/command.txt	294	6316320bb9623508d7baed6adc1f72687e7a8bec41b73214b2c2447199178a3b
raw/chr22_500_guides_20260810T040146_correctness_final/batches/correctness/baseline/pilot/batch_016/guides/chr22_500_guide_385/metrics.tsv	294	f0778bf801f144e956f04d8bea896b548fae72f2dfeedcb6481fc428d320ccfa
raw/chr22_500_guides_20260810T040146_correctness_final/batches/correctness/baseline/pilot/batch_016/guides/chr22_500_guide_385/output.paf	105	c8af66ce12fb1c3e40ec64de1e6fe4633665b6b60f3b1cb98347963b883658a6
raw/chr22_500_guides_20260810T040146_correctness_final/batches/correctness/baseline/pilot/batch_016/guides/chr22_500_guide_385/stderr.txt	0	e3b0c44298fc1c149afbf4c8996fb92427ae41e4649b934ca495991b7852b855
raw/chr22_500_guides_20260810T040146_correctness_final/batches/correctness/baseline/pilot/batch_016/guides/chr22_500_guide_386/command.txt	294	ab7d50d987cd516206821f87da48580c0a16e0f2a2d9e175f46a042afe7095ec
raw/chr22_500_guides_20260810T040146_correctness_final/batches/correctness/baseline/pilot/batch_016/guides/chr22_500_guide_386/metrics.tsv	294	672430f82e2fb3f8fdc7e21c9a44338c811a9841c2e9b90a0941f4cdd107f332
raw/chr22_500_guides_20260810T040146_correctness_final/batches/correctness/baseline/pilot/batch_016/guides/chr22_500_guide_386/output.paf	105	250d9437844a88773662267f23ae1f91e8636f98a0f86b6c48484d98887d9e23
raw/chr22_500_guides_20260810T040146_correctness_final/batches/correctness/baseline/pilot/batch_016/guides/chr22_500_guide_386/stderr.txt	0	e3b0c44298fc1c149afbf4c8996fb92427ae41e4649b934ca495991b7852b855
raw/chr22_500_guides_20260810T040146_correctness_final/batches/correctness/baseline/pilot/batch_016/guides/chr22_500_guide_387/command.txt	294	c85ce5753f5a41f373e6d6cb4678b8099848be1fc3b4b365165c1831ce77824e
raw/chr22_500_guides_20260810T040146_correctness_final/batches/correctness/baseline/pilot/batch_016/guides/chr22_500_guide_387/metrics.tsv	294	3619367db29c9902e240124176e22a121f93e6ca033c7a456e65b5bffadfb9ae
raw/chr22_500_guides_20260810T040146_correctness_final/batches/correctness/baseline/pilot/batch_016/guides/chr22_500_guide_387/output.paf	105	a909238b05dda7cb5d453b651946c3f21b89303ee28398c030999e7ff3980c4a
raw/chr22_500_guides_20260810T040146_correctness_final/batches/correctness/baseline/pilot/batch_016/guides/chr22_500_guide_387/stderr.txt	0	e3b0c44298fc1c149afbf4c8996fb92427ae41e4649b934ca495991b7852b855
raw/chr22_500_guides_20260810T040146_correctness_final/batches/correctness/baseline/pilot/batch_016/guides/chr22_500_guide_388/command.txt	294	faa9aba2aac1781a334c68e83706090c78953cbac5ad46232eef3388cea4039c
raw/chr22_500_guides_20260810T040146_correctness_final/batches/correctness/baseline/pilot/batch_016/guides/chr22_500_guide_388/metrics.tsv	294	17604f03cc5799429529b029db31e60c702d70d72482759b1ff0c82f6b8192dd
raw/chr22_500_guides_20260810T040146_correctness_final/batches/correctness/baseline/pilot/batch_016/guides/chr22_500_guide_388/output.paf	105	b32f95b3659bdf5efde0a545c93605a84811e1f51637e98948f88b66e0c918a9
raw/chr22_500_guides_20260810T040146_correctness_final/batches/correctness/baseline/pilot/batch_016/guides/chr22_500_guide_388/stderr.txt	0	e3b0c44298fc1c149afbf4c8996fb92427ae41e4649b934ca495991b7852b855
raw/chr22_500_guides_20260810T040146_correctness_final/batches/correctness/baseline/pilot/batch_016/guides/chr22_500_guide_389/command.txt	294	e64745214833bd637746d44ddf63a667f0bf43b00b88b5ec6179c7ffe4e893f7
raw/chr22_500_guides_20260810T040146_correctness_final/batches/correctness/baseline/pilot/batch_016/guides/chr22_500_guide_389/metrics.tsv	294	4412588806fb6274d667ef614232f8cc691e9a2f95a2c621437cf01b3602d3ca
raw/chr22_500_guides_20260810T040146_correctness_final/batches/correctness/baseline/pilot/batch_016/guides/chr22_500_guide_389/output.paf	105	f8eaf62cda887424db5ab9182cf8cda1f095c522200d8c7053494e3cd3f0013f
raw/chr22_500_guides_20260810T040146_correctness_final/batches/correctness/baseline/pilot/batch_016/guides/chr22_500_guide_389/stderr.txt	0	e3b0c44298fc1c149afbf4c8996fb92427ae41e4649b934ca495991b7852b855
raw/chr22_500_guides_20260810T040146_correctness_final/batches/correctness/baseline/pilot/batch_016/guides/chr22_500_guide_390/command.txt	294	cd7253a9d8a0332b3f140fe5d8b118381b19861bc4296f3e22971705250f5bb0
raw/chr22_500_guides_20260810T040146_correctness_final/batches/correctness/baseline/pilot/batch_016/guides/chr22_500_guide_390/metrics.tsv	294	14718d4ff23791627ee5c229559b7f6b511f68fc1f941abafc8f21aba52f8668
raw/chr22_500_guides_20260810T040146_correctness_final/batches/correctness/baseline/pilot/batch_016/guides/chr22_500_guide_390/output.paf	105	49a680215bc86d76c112afc22c01ae23139a059bb99b4c5bb7a9277777d15b2b
raw/chr22_500_guides_20260810T040146_correctness_final/batches/correctness/baseline/pilot/batch_016/guides/chr22_500_guide_390/stderr.txt	0	e3b0c44298fc1c149afbf4c8996fb92427ae41e4649b934ca495991b7852b855
raw/chr22_500_guides_20260810T040146_correctness_final/batches/correctness/baseline/pilot/batch_016/guides/chr22_500_guide_391/command.txt	294	a933d4045780bd79ea86eb17d8c08c755f707e5432da79d6d1e3b38ee301006b
raw/chr22_500_guides_20260810T040146_correctness_final/batches/correctness/baseline/pilot/batch_016/guides/chr22_500_guide_391/metrics.tsv	294	9ce7d91df7fbf26caa9f0f41105f0fe9d9bd88e48d615062bb22c9c2827ac959
raw/chr22_500_guides_20260810T040146_correctness_final/batches/correctness/baseline/pilot/batch_016/guides/chr22_500_guide_391/output.paf	105	c21b67904c7c4e4e487bce9bef7d7a8c1f63a73c6fb931f2b8148f858e585517
raw/chr22_500_guides_20260810T040146_correctness_final/batches/correctness/baseline/pilot/batch_016/guides/chr22_500_guide_391/stderr.txt	0	e3b0c44298fc1c149afbf4c8996fb92427ae41e4649b934ca495991b7852b855
raw/chr22_500_guides_20260810T040146_correctness_final/batches/correctness/baseline/pilot/batch_016/guides/chr22_500_guide_392/command.txt	294	ab6fddbc5c94d22f9ddb81b430625f64040ecdc38ac505baca8412ae9ae31f9b
raw/chr22_500_guides_20260810T040146_correctness_final/batches/correctness/baseline/pilot/batch_016/guides/chr22_500_guide_392/metrics.tsv	294	ae8527884c001d13ae2661e64bae8c4ebd241e0578eeb165208e32996dc47f14
raw/chr22_500_guides_20260810T040146_correctness_final/batches/correctness/baseline/pilot/batch_016/guides/chr22_500_guide_392/output.paf	105	62af6dbf97486ac949ef3ab898566d88afe47152d399c78e5d7b872f755770bf
raw/chr22_500_guides_20260810T040146_correctness_final/batches/correctness/baseline/pilot/batch_016/guides/chr22_500_guide_392/stderr.txt	0	e3b0c44298fc1c149afbf4c8996fb92427ae41e4649b934ca495991b7852b855
raw/chr22_500_guides_20260810T040146_correctness_final/batches/correctness/baseline/pilot/batch_016/guides/chr22_500_guide_393/command.txt	294	45b239768da0457701c80edb9be4e94b086d4979b752d49c90045db0a0cd4f14
raw/chr22_500_guides_20260810T040146_correctness_final/batches/correctness/baseline/pilot/batch_016/guides/chr22_500_guide_393/metrics.tsv	294	9913afad05a5fd4c0f82dbe56cd38196b80532960080a45ead6e336a15406ed8
raw/chr22_500_guides_20260810T040146_correctness_final/batches/correctness/baseline/pilot/batch_016/guides/chr22_500_guide_393/output.paf	105	3719b9c87eb26bae46571444132aecd72ec6971081ed8592128ac8081655f637
raw/chr22_500_guides_20260810T040146_correctness_final/batches/correctness/baseline/pilot/batch_016/guides/chr22_500_guide_393/stderr.txt	0	e3b0c44298fc1c149afbf4c8996fb92427ae41e4649b934ca495991b7852b855
raw/chr22_500_guides_20260810T040146_correctness_final/batches/correctness/baseline/pilot/batch_016/guides/chr22_500_guide_394/command.txt	294	7cd2c642aaf115339d0d3413606a651f70935d9224f1106db8b0b1af378ade94
raw/chr22_500_guides_20260810T040146_correctness_final/batches/correctness/baseline/pilot/batch_016/guides/chr22_500_guide_394/metrics.tsv	294	127c19c2e9b6db53d4c1e00de56246bdd9b13ae975bc8c7aefff1c9031f38d33
raw/chr22_500_guides_20260810T040146_correctness_final/batches/correctness/baseline/pilot/batch_016/guides/chr22_500_guide_394/output.paf	105	3c3e23f0b752c439ab97e64bef2a4113aa18f8d8cf527c29e6927a6e204121a1
raw/chr22_500_guides_20260810T040146_correctness_final/batches/correctness/baseline/pilot/batch_016/guides/chr22_500_guide_394/stderr.txt	0	e3b0c44298fc1c149afbf4c8996fb92427ae41e4649b934ca495991b7852b855
raw/chr22_500_guides_20260810T040146_correctness_final/batches/correctness/baseline/pilot/batch_016/guides/chr22_500_guide_395/command.txt	294	1d2f8150c3beac37cbc48f38c6f7fda9bb4fa737e91c325af5f59a96a43d2772
raw/chr22_500_guides_20260810T040146_correctness_final/batches/correctness/baseline/pilot/batch_016/guides/chr22_500_guide_395/metrics.tsv	294	105d6b77876a8d479caa4cf3b7ff447c008f31d282375b7137fc84272e2f9799
raw/chr22_500_guides_20260810T040146_correctness_final/batches/correctness/baseline/pilot/batch_016/guides/chr22_500_guide_395/output.paf	105	ede3ceee5da1cbf4355f6f21ee507d425126143830cc60dea7e0c7937667a8bc
raw/chr22_500_guides_20260810T040146_correctness_final/batches/correctness/baseline/pilot/batch_016/guides/chr22_500_guide_395/stderr.txt	0	e3b0c44298fc1c149afbf4c8996fb92427ae41e4649b934ca495991b7852b855
raw/chr22_500_guides_20260810T040146_correctness_final/batches/correctness/baseline/pilot/batch_016/guides/chr22_500_guide_396/command.txt	294	226a8d0fc01975ab3565c29833ab5daa253e590e19da2f98e991dfbc139f53b3
raw/chr22_500_guides_20260810T040146_correctness_final/batches/correctness/baseline/pilot/batch_016/guides/chr22_500_guide_396/metrics.tsv	294	16c4dd03a73f3a7cff12f9f25bea87bd01741000c7c88bec6c344e770b5e4468
raw/chr22_500_guides_20260810T040146_correctness_final/batches/correctness/baseline/pilot/batch_016/guides/chr22_500_guide_396/output.paf	105	b21d421132b22f0fc3fad2100df0c4da43b549e974ec809bb1982d27ac76b2a2
raw/chr22_500_guides_20260810T040146_correctness_final/batches/correctness/baseline/pilot/batch_016/guides/chr22_500_guide_396/stderr.txt	0	e3b0c44298fc1c149afbf4c8996fb92427ae41e4649b934ca495991b7852b855
raw/chr22_500_guides_20260810T040146_correctness_final/batches/correctness/baseline/pilot/batch_016/guides/chr22_500_guide_397/command.txt	294	044e4ff268b9b8c4ae8a985910f76eefcc5c82a4c0f0a7f1e5722142886900c0
raw/chr22_500_guides_20260810T040146_correctness_final/batches/correctness/baseline/pilot/batch_016/guides/chr22_500_guide_397/metrics.tsv	294	dc87e5452fa9fff90cd19d0b3a284fc68fbe426f44d857be80d7a9f136d99cf7
raw/chr22_500_guides_20260810T040146_correctness_final/batches/correctness/baseline/pilot/batch_016/guides/chr22_500_guide_397/output.paf	105	5d54478d4376f895371f8d339b5dccd454974991171a09a85d4673e7f8e0fcce
raw/chr22_500_guides_20260810T040146_correctness_final/batches/correctness/baseline/pilot/batch_016/guides/chr22_500_guide_397/stderr.txt	0	e3b0c44298fc1c149afbf4c8996fb92427ae41e4649b934ca495991b7852b855
raw/chr22_500_guides_20260810T040146_correctness_final/batches/correctness/baseline/pilot/batch_016/guides/chr22_500_guide_398/command.txt	294	d49e476f53b0190d2dbd332662213cd0421dff8a329bee086cf07e15d7f97704
raw/chr22_500_guides_20260810T040146_correctness_final/batches/correctness/baseline/pilot/batch_016/guides/chr22_500_guide_398/metrics.tsv	294	780631a302fc6871dff514a8945f2c81dc545fd1753521ab536a4d24150c79bb
raw/chr22_500_guides_20260810T040146_correctness_final/batches/correctness/baseline/pilot/batch_016/guides/chr22_500_guide_398/output.paf	105	5c9d989f365df1d424483a28cbc77093b089ff7ebee8cd46972f309ff0b6db17
raw/chr22_500_guides_20260810T040146_correctness_final/batches/correctness/baseline/pilot/batch_016/guides/chr22_500_guide_398/stderr.txt	0	e3b0c44298fc1c149afbf4c8996fb92427ae41e4649b934ca495991b7852b855
raw/chr22_500_guides_20260810T040146_correctness_final/batches/correctness/baseline/pilot/batch_016/guides/chr22_500_guide_399/command.txt	294	92814f71b69d54a954042b0e27362010db5dae7a704b61a94e77bb4bf91c52f0
raw/chr22_500_guides_20260810T040146_correctness_final/batches/correctness/baseline/pilot/batch_016/guides/chr22_500_guide_399/metrics.tsv	294	fa9676cda7c2f433aae99df364ad04ee0f214d262eecd82d95392bf85dc4555a
raw/chr22_500_guides_20260810T040146_correctness_final/batches/correctness/baseline/pilot/batch_016/guides/chr22_500_guide_399/output.paf	105	aed3025f5878f3f627cc0e24560dad556e9470377c3f5e6f682ae922deceebb8
raw/chr22_500_guides_20260810T040146_correctness_final/batches/correctness/baseline/pilot/batch_016/guides/chr22_500_guide_399/stderr.txt	0	e3b0c44298fc1c149afbf4c8996fb92427ae41e4649b934ca495991b7852b855
raw/chr22_500_guides_20260810T040146_correctness_final/batches/correctness/baseline/pilot/batch_016/guides/chr22_500_guide_400/command.txt	294	cff564c119c1207f5d8636290181e2021e7bc8a7a68c1e4a588b83bceb4b7719
raw/chr22_500_guides_20260810T040146_correctness_final/batches/correctness/baseline/pilot/batch_016/guides/chr22_500_guide_400/metrics.tsv	295	199bd1b2c01484fe34c2de0cc2ad53d6b640eca3d69f8f45f2f851f1716efff9
raw/chr22_500_guides_20260810T040146_correctness_final/batches/correctness/baseline/pilot/batch_016/guides/chr22_500_guide_400/output.paf	3373	988a05b73e3dcb776618ef03e29e43262f8fb8cead41d3edac1b8d32995aba61
raw/chr22_500_guides_20260810T040146_correctness_final/batches/correctness/baseline/pilot/batch_016/guides/chr22_500_guide_400/stderr.txt	0	e3b0c44298fc1c149afbf4c8996fb92427ae41e4649b934ca495991b7852b855
raw/chr22_500_guides_20260810T040146_correctness_final/batches/correctness/baseline/pilot/batch_017/SUCCESS	0	e3b0c44298fc1c149afbf4c8996fb92427ae41e4649b934ca495991b7852b855
raw/chr22_500_guides_20260810T040146_correctness_final/batches/correctness/baseline/pilot/batch_017/environment.tsv	601	c3b4850ba250f4a9f9c28b169e8622ab3daab007ffbccc811b6a22581eb8e832
raw/chr22_500_guides_20260810T040146_correctness_final/batches/correctness/baseline/pilot/batch_017/guide_ids.txt	500	07598f0dcb4bd1a3610b7726f7ec64569f1f70b51de3ac5afd09e9ffef89f967
raw/chr22_500_guides_20260810T040146_correctness_final/batches/correctness/baseline/pilot/batch_017/guide_order.sha256	304	b852aaf727cc72c302f01f56a4bce5a4fb37469ac9d3d3f077969717910eff4b
raw/chr22_500_guides_20260810T040146_correctness_final/batches/correctness/baseline/pilot/batch_017/guide_order.txt	500	76f785a8a0cbfd5b835c596e214882caed639004e5e305199acca06aab101628
raw/chr22_500_guides_20260810T040146_correctness_final/batches/correctness/baseline/pilot/batch_017/guide_results.tsv	5562	0b78e9e65fd4529b1b6571de467d1f996205c8dfadfed3ef0aec17c52ca4ce53
raw/chr22_500_guides_20260810T040146_correctness_final/batches/correctness/baseline/pilot/batch_017/guides/chr22_500_guide_401/command.txt	294	157e62d7042c315c30996ea4b86e32c13c6402a3efadf7f86a97e6e403da4020
raw/chr22_500_guides_20260810T040146_correctness_final/batches/correctness/baseline/pilot/batch_017/guides/chr22_500_guide_401/metrics.tsv	294	a063c54433fa65fe397e86882342ea761184753702c7af59ce77b8747984ebe8
raw/chr22_500_guides_20260810T040146_correctness_final/batches/correctness/baseline/pilot/batch_017/guides/chr22_500_guide_401/output.paf	105	574130b195313d28babf956f57ec6cad7babdaa442fd51fc95c6c4fe01874730
raw/chr22_500_guides_20260810T040146_correctness_final/batches/correctness/baseline/pilot/batch_017/guides/chr22_500_guide_401/stderr.txt	0	e3b0c44298fc1c149afbf4c8996fb92427ae41e4649b934ca495991b7852b855
raw/chr22_500_guides_20260810T040146_correctness_final/batches/correctness/baseline/pilot/batch_017/guides/chr22_500_guide_402/command.txt	294	9bd41d72fad7a6ab503903d301160f15aeaa453083b87a3105b92ab46f9e8a31
raw/chr22_500_guides_20260810T040146_correctness_final/batches/correctness/baseline/pilot/batch_017/guides/chr22_500_guide_402/metrics.tsv	294	6a639fb00880f92dbca0cd1fc431fdd48f5206c704b43f66f0387f65d487cfce
raw/chr22_500_guides_20260810T040146_correctness_final/batches/correctness/baseline/pilot/batch_017/guides/chr22_500_guide_402/output.paf	105	6885aa6e1f736a3800e5b8e869b1130951942bd1a6cc0d1a25a536d26fffc928
raw/chr22_500_guides_20260810T040146_correctness_final/batches/correctness/baseline/pilot/batch_017/guides/chr22_500_guide_402/stderr.txt	0	e3b0c44298fc1c149afbf4c8996fb92427ae41e4649b934ca495991b7852b855
raw/chr22_500_guides_20260810T040146_correctness_final/batches/correctness/baseline/pilot/batch_017/guides/chr22_500_guide_403/command.txt	294	5afa740561bc893dab0d8638897114fc63396b5fecdf28cdddab3db337bc2cc2
raw/chr22_500_guides_20260810T040146_correctness_final/batches/correctness/baseline/pilot/batch_017/guides/chr22_500_guide_403/metrics.tsv	294	b08762dcd406a3e32dec59ed073a7d8c773329b1fe43b375eef6af1e9ac5a506
raw/chr22_500_guides_20260810T040146_correctness_final/batches/correctness/baseline/pilot/batch_017/guides/chr22_500_guide_403/output.paf	105	60f8b2bdc588b6b13527c78acc609879caa8defea9c72ada132dee63d52ad9bf
raw/chr22_500_guides_20260810T040146_correctness_final/batches/correctness/baseline/pilot/batch_017/guides/chr22_500_guide_403/stderr.txt	0	e3b0c44298fc1c149afbf4c8996fb92427ae41e4649b934ca495991b7852b855
raw/chr22_500_guides_20260810T040146_correctness_final/batches/correctness/baseline/pilot/batch_017/guides/chr22_500_guide_404/command.txt	294	bb07d22e8fd3c479052afce124db586de0747e57870fefe5a2dccf96d9a27aff
raw/chr22_500_guides_20260810T040146_correctness_final/batches/correctness/baseline/pilot/batch_017/guides/chr22_500_guide_404/metrics.tsv	294	07f536c90abebeb7cd622b19bf28abf3d6d1a5cc15eb0561106f1791dea0467e
raw/chr22_500_guides_20260810T040146_correctness_final/batches/correctness/baseline/pilot/batch_017/guides/chr22_500_guide_404/output.paf	105	e0db171417b9d617b25a64277096c843a4bac7911334e46ccc8a3338fdf0c0f5
raw/chr22_500_guides_20260810T040146_correctness_final/batches/correctness/baseline/pilot/batch_017/guides/chr22_500_guide_404/stderr.txt	0	e3b0c44298fc1c149afbf4c8996fb92427ae41e4649b934ca495991b7852b855
raw/chr22_500_guides_20260810T040146_correctness_final/batches/correctness/baseline/pilot/batch_017/guides/chr22_500_guide_405/command.txt	294	06868aad912e5b0273e8e14dc6edd718ac9c39867674e60af13884eb6df3da3b
raw/chr22_500_guides_20260810T040146_correctness_final/batches/correctness/baseline/pilot/batch_017/guides/chr22_500_guide_405/metrics.tsv	294	7155938953fcbf7b222b28afecc22b31572b25131e57adbef135a41a8e3ee27d
raw/chr22_500_guides_20260810T040146_correctness_final/batches/correctness/baseline/pilot/batch_017/guides/chr22_500_guide_405/output.paf	214	4569698d5f1eea2d0e21201f084895461a4fa0ad0bd743ff89296ecc28b8c92f
raw/chr22_500_guides_20260810T040146_correctness_final/batches/correctness/baseline/pilot/batch_017/guides/chr22_500_guide_405/stderr.txt	0	e3b0c44298fc1c149afbf4c8996fb92427ae41e4649b934ca495991b7852b855
raw/chr22_500_guides_20260810T040146_correctness_final/batches/correctness/baseline/pilot/batch_017/guides/chr22_500_guide_406/command.txt	294	9efaacb2e50e8ab07ac32ab2b981b4f8d8a7eed16b65db5ac67b2c70e87d382d
raw/chr22_500_guides_20260810T040146_correctness_final/batches/correctness/baseline/pilot/batch_017/guides/chr22_500_guide_406/metrics.tsv	294	20700438d76d9bdf7b0dd1bf594bc1103d25fdd2222df5b67df2b787dcf24cf6
raw/chr22_500_guides_20260810T040146_correctness_final/batches/correctness/baseline/pilot/batch_017/guides/chr22_500_guide_406/output.paf	105	01fd169b93a95edc4956f61dcb9cd8ef7872958fc48ea50bc5f16e92ae9e7cc7
raw/chr22_500_guides_20260810T040146_correctness_final/batches/correctness/baseline/pilot/batch_017/guides/chr22_500_guide_406/stderr.txt	0	e3b0c44298fc1c149afbf4c8996fb92427ae41e4649b934ca495991b7852b855
raw/chr22_500_guides_20260810T040146_correctness_final/batches/correctness/baseline/pilot/batch_017/guides/chr22_500_guide_407/command.txt	294	8bbcc62f2a08327a097dffb2e97ef01c4d054a40ef6c1b534208d39f3db90e57
raw/chr22_500_guides_20260810T040146_correctness_final/batches/correctness/baseline/pilot/batch_017/guides/chr22_500_guide_407/metrics.tsv	294	d31c021338bd007693c98dd435d6369009d4dfe34a1aaac702bf4205ec48b276
raw/chr22_500_guides_20260810T040146_correctness_final/batches/correctness/baseline/pilot/batch_017/guides/chr22_500_guide_407/output.paf	105	4efa47f300dbac5583b98c9f2679ad02d98d6d8e72976d6e2a1249fe2d685eb4
raw/chr22_500_guides_20260810T040146_correctness_final/batches/correctness/baseline/pilot/batch_017/guides/chr22_500_guide_407/stderr.txt	0	e3b0c44298fc1c149afbf4c8996fb92427ae41e4649b934ca495991b7852b855
raw/chr22_500_guides_20260810T040146_correctness_final/batches/correctness/baseline/pilot/batch_017/guides/chr22_500_guide_408/command.txt	294	c5eb9cf68dbf3fb168355c780ea930c057ba1147a70e43e2e8d87d137c55b8c4
raw/chr22_500_guides_20260810T040146_correctness_final/batches/correctness/baseline/pilot/batch_017/guides/chr22_500_guide_408/metrics.tsv	294	7d102b397ecd56da5aa8927da05e065cd1b41d59d0bd45e4f8b6240ecee62107
raw/chr22_500_guides_20260810T040146_correctness_final/batches/correctness/baseline/pilot/batch_017/guides/chr22_500_guide_408/output.paf	105	8aa0d629b648d54d65dead9f626b4f79b04416d14abcb761ce6f8afd4c8d5a02
raw/chr22_500_guides_20260810T040146_correctness_final/batches/correctness/baseline/pilot/batch_017/guides/chr22_500_guide_408/stderr.txt	0	e3b0c44298fc1c149afbf4c8996fb92427ae41e4649b934ca495991b7852b855
raw/chr22_500_guides_20260810T040146_correctness_final/batches/correctness/baseline/pilot/batch_017/guides/chr22_500_guide_409/command.txt	294	72e44c1b4a446a7699d6c60956e0a5a629a3d67dbeec578385c28bc898a065f2
raw/chr22_500_guides_20260810T040146_correctness_final/batches/correctness/baseline/pilot/batch_017/guides/chr22_500_guide_409/metrics.tsv	294	34dffb74f87190676f23dc061ace0a897144700af7827b7a93b7bf139e47b194
raw/chr22_500_guides_20260810T040146_correctness_final/batches/correctness/baseline/pilot/batch_017/guides/chr22_500_guide_409/output.paf	105	2b4fb62fff6dc125549ec78c24c4284e9baefb167f735d57c29fb7fa1377fd37
raw/chr22_500_guides_20260810T040146_correctness_final/batches/correctness/baseline/pilot/batch_017/guides/chr22_500_guide_409/stderr.txt	0	e3b0c44298fc1c149afbf4c8996fb92427ae41e4649b934ca495991b7852b855
raw/chr22_500_guides_20260810T040146_correctness_final/batches/correctness/baseline/pilot/batch_017/guides/chr22_500_guide_410/command.txt	294	3c4f554aa24f7fe4075daf56a2fe5166e79950ecb50df5799ea96b9996af9e1a
raw/chr22_500_guides_20260810T040146_correctness_final/batches/correctness/baseline/pilot/batch_017/guides/chr22_500_guide_410/metrics.tsv	294	216289e5f7332213ca1899ecd7bd0a984ab6e59e795fed075f69cfcd25abefa2
raw/chr22_500_guides_20260810T040146_correctness_final/batches/correctness/baseline/pilot/batch_017/guides/chr22_500_guide_410/output.paf	644	53ab8fffbc99fd08cdca707d896c57c4b93d1d95688c8a754add17ae556f7bda
raw/chr22_500_guides_20260810T040146_correctness_final/batches/correctness/baseline/pilot/batch_017/guides/chr22_500_guide_410/stderr.txt	0	e3b0c44298fc1c149afbf4c8996fb92427ae41e4649b934ca495991b7852b855
raw/chr22_500_guides_20260810T040146_correctness_final/batches/correctness/baseline/pilot/batch_017/guides/chr22_500_guide_411/command.txt	294	4c40f0e531b98e173018deb1c7221f5e6f572c488aa08cf311d470ed2626d98c
raw/chr22_500_guides_20260810T040146_correctness_final/batches/correctness/baseline/pilot/batch_017/guides/chr22_500_guide_411/metrics.tsv	295	568ffd07658f22d1b185beda17c3bec2db95d76559f81220abab98e6502ebf8b
raw/chr22_500_guides_20260810T040146_correctness_final/batches/correctness/baseline/pilot/batch_017/guides/chr22_500_guide_411/output.paf	4135	df0b5ae1179d3e3eabfad1a9f51f675a72a3e0b56dadf41775eb0facbdb8bbba
raw/chr22_500_guides_20260810T040146_correctness_final/batches/correctness/baseline/pilot/batch_017/guides/chr22_500_guide_411/stderr.txt	0	e3b0c44298fc1c149afbf4c8996fb92427ae41e4649b934ca495991b7852b855
raw/chr22_500_guides_20260810T040146_correctness_final/batches/correctness/baseline/pilot/batch_017/guides/chr22_500_guide_412/command.txt	294	01200279c7b02e707c8347e627562eda60fe515ba13121c33e06139f8e3266af
raw/chr22_500_guides_20260810T040146_correctness_final/batches/correctness/baseline/pilot/batch_017/guides/chr22_500_guide_412/metrics.tsv	294	fa7a9abf663c1a791e66a90f83c0118bccb382f9db049d30a471d343233daf3b
raw/chr22_500_guides_20260810T040146_correctness_final/batches/correctness/baseline/pilot/batch_017/guides/chr22_500_guide_412/output.paf	214	b71525c5999ec941808f42e2e7232f05c38284832a19e892758fb4125649d7b2
raw/chr22_500_guides_20260810T040146_correctness_final/batches/correctness/baseline/pilot/batch_017/guides/chr22_500_guide_412/stderr.txt	0	e3b0c44298fc1c149afbf4c8996fb92427ae41e4649b934ca495991b7852b855
raw/chr22_500_guides_20260810T040146_correctness_final/batches/correctness/baseline/pilot/batch_017/guides/chr22_500_guide_413/command.txt	294	3416ca0a99f0208ab1ce747521d78a2ac75be8410b274f3d6925da2201613f82
raw/chr22_500_guides_20260810T040146_correctness_final/batches/correctness/baseline/pilot/batch_017/guides/chr22_500_guide_413/metrics.tsv	294	350a13ad9f5433c2202cbb7eb360aac6757e0891cd9f13f1ec2651c0dc1671af
raw/chr22_500_guides_20260810T040146_correctness_final/batches/correctness/baseline/pilot/batch_017/guides/chr22_500_guide_413/output.paf	105	1da030b92202db00fdf4fa746fa0de1c56a74c6415d7abf8e6e634730c0990ca
raw/chr22_500_guides_20260810T040146_correctness_final/batches/correctness/baseline/pilot/batch_017/guides/chr22_500_guide_413/stderr.txt	0	e3b0c44298fc1c149afbf4c8996fb92427ae41e4649b934ca495991b7852b855
raw/chr22_500_guides_20260810T040146_correctness_final/batches/correctness/baseline/pilot/batch_017/guides/chr22_500_guide_414/command.txt	294	e3a23aa2cef357a0cd682621812def7071ffd97bb0c5d3e8f45b3a900f201dd8
raw/chr22_500_guides_20260810T040146_correctness_final/batches/correctness/baseline/pilot/batch_017/guides/chr22_500_guide_414/metrics.tsv	294	1e52500a310b43606ecb9a97ca531c723d7e470628d99c3359dc849444eaf209
raw/chr22_500_guides_20260810T040146_correctness_final/batches/correctness/baseline/pilot/batch_017/guides/chr22_500_guide_414/output.paf	105	dc18e7565a147dc0468401f11a1aec5c441da305cffc4f6068bf0abbeec51b24
raw/chr22_500_guides_20260810T040146_correctness_final/batches/correctness/baseline/pilot/batch_017/guides/chr22_500_guide_414/stderr.txt	0	e3b0c44298fc1c149afbf4c8996fb92427ae41e4649b934ca495991b7852b855
raw/chr22_500_guides_20260810T040146_correctness_final/batches/correctness/baseline/pilot/batch_017/guides/chr22_500_guide_415/command.txt	294	2b0b88f2db8336d06e767ed812b7a9bfcbabfc390a42a5b0ca00a7009c84f5cb
raw/chr22_500_guides_20260810T040146_correctness_final/batches/correctness/baseline/pilot/batch_017/guides/chr22_500_guide_415/metrics.tsv	294	503de977be19fe6444a14c82172df34bf948f22bb57deae8c9b4cf7bc9022074
raw/chr22_500_guides_20260810T040146_correctness_final/batches/correctness/baseline/pilot/batch_017/guides/chr22_500_guide_415/output.paf	105	8e4f5083c2024a772ae064b2a50dda44f56d59a9eb501cc86d2d66e0f1289d35
raw/chr22_500_guides_20260810T040146_correctness_final/batches/correctness/baseline/pilot/batch_017/guides/chr22_500_guide_415/stderr.txt	0	e3b0c44298fc1c149afbf4c8996fb92427ae41e4649b934ca495991b7852b855
raw/chr22_500_guides_20260810T040146_correctness_final/batches/correctness/baseline/pilot/batch_017/guides/chr22_500_guide_416/command.txt	294	697685dac5c30bbdffde927dc6c28e3fa62716e5b7167f932e2bfda4ff74a77e
raw/chr22_500_guides_20260810T040146_correctness_final/batches/correctness/baseline/pilot/batch_017/guides/chr22_500_guide_416/metrics.tsv	294	5c21eb30de17bebb2efea09db93c46893191526e4ae3320ca425403ca6490cbd
raw/chr22_500_guides_20260810T040146_correctness_final/batches/correctness/baseline/pilot/batch_017/guides/chr22_500_guide_416/output.paf	105	4ad6a29fbc0b47bcfe2c01e5aa0dadb830813fb301aa125f8326472a10dc2471
raw/chr22_500_guides_20260810T040146_correctness_final/batches/correctness/baseline/pilot/batch_017/guides/chr22_500_guide_416/stderr.txt	0	e3b0c44298fc1c149afbf4c8996fb92427ae41e4649b934ca495991b7852b855
raw/chr22_500_guides_20260810T040146_correctness_final/batches/correctness/baseline/pilot/batch_017/guides/chr22_500_guide_417/command.txt	294	f3d4b24b5c7a4bca8f1e7204e41dc923bbf3b16042b4d5e51d4cb61b713affc9
raw/chr22_500_guides_20260810T040146_correctness_final/batches/correctness/baseline/pilot/batch_017/guides/chr22_500_guide_417/metrics.tsv	294	e4a5667aa0c3862fd7a2af77d62bfea4ae36e3f8ed84115370447d33fab9df01
raw/chr22_500_guides_20260810T040146_correctness_final/batches/correctness/baseline/pilot/batch_017/guides/chr22_500_guide_417/output.paf	105	62cc8aeb4bf28a1df53587ae2f74a5e6f1288ede9db90aee0f72abe8f5f3a9b6
raw/chr22_500_guides_20260810T040146_correctness_final/batches/correctness/baseline/pilot/batch_017/guides/chr22_500_guide_417/stderr.txt	0	e3b0c44298fc1c149afbf4c8996fb92427ae41e4649b934ca495991b7852b855
raw/chr22_500_guides_20260810T040146_correctness_final/batches/correctness/baseline/pilot/batch_017/guides/chr22_500_guide_418/command.txt	294	46bdd25b56b30de4d3bf5825476b1e2ce5a25e059c364c2f402dde24c86be485
raw/chr22_500_guides_20260810T040146_correctness_final/batches/correctness/baseline/pilot/batch_017/guides/chr22_500_guide_418/metrics.tsv	294	0ee0e18ad63a011a0df7d52763c18e8be054b7366a8a7d22d1c5f1da346969e3
raw/chr22_500_guides_20260810T040146_correctness_final/batches/correctness/baseline/pilot/batch_017/guides/chr22_500_guide_418/output.paf	529	c8420dc291eb0f976f276d62a4f033b79c9304d06df7d3335d344d7082a0558b
raw/chr22_500_guides_20260810T040146_correctness_final/batches/correctness/baseline/pilot/batch_017/guides/chr22_500_guide_418/stderr.txt	0	e3b0c44298fc1c149afbf4c8996fb92427ae41e4649b934ca495991b7852b855
raw/chr22_500_guides_20260810T040146_correctness_final/batches/correctness/baseline/pilot/batch_017/guides/chr22_500_guide_419/command.txt	294	a104b85484a0e19df1da4f9a71efc0bedd773ae2e788a3f489a860c046ade876
raw/chr22_500_guides_20260810T040146_correctness_final/batches/correctness/baseline/pilot/batch_017/guides/chr22_500_guide_419/metrics.tsv	294	a60a45ac7e44d51e7ec448eae274de7f0aaeee8429caf3c4bc151f48767dcda9
raw/chr22_500_guides_20260810T040146_correctness_final/batches/correctness/baseline/pilot/batch_017/guides/chr22_500_guide_419/output.paf	105	8b4d19c546d86b7a041d4cab724163d2f559d5bbd6dec136726c5a5edeb6eee1
raw/chr22_500_guides_20260810T040146_correctness_final/batches/correctness/baseline/pilot/batch_017/guides/chr22_500_guide_419/stderr.txt	0	e3b0c44298fc1c149afbf4c8996fb92427ae41e4649b934ca495991b7852b855
raw/chr22_500_guides_20260810T040146_correctness_final/batches/correctness/baseline/pilot/batch_017/guides/chr22_500_guide_420/command.txt	294	16b29810508d3331afdb7ed6bde78e0cd4a2649cf46356c7a9f8899d2f6b3fa7
raw/chr22_500_guides_20260810T040146_correctness_final/batches/correctness/baseline/pilot/batch_017/guides/chr22_500_guide_420/metrics.tsv	294	74bb1d1cc9d1675f53a5dd479a6a281b10b19d601e3e55eb2bde4acb6cc22c42
raw/chr22_500_guides_20260810T040146_correctness_final/batches/correctness/baseline/pilot/batch_017/guides/chr22_500_guide_420/output.paf	212	edce994bfb7cd75759e857477e241b187a4b95b66a692bae5c2f64075eae777b
raw/chr22_500_guides_20260810T040146_correctness_final/batches/correctness/baseline/pilot/batch_017/guides/chr22_500_guide_420/stderr.txt	0	e3b0c44298fc1c149afbf4c8996fb92427ae41e4649b934ca495991b7852b855
raw/chr22_500_guides_20260810T040146_correctness_final/batches/correctness/baseline/pilot/batch_017/guides/chr22_500_guide_421/command.txt	294	c338e585f19b8182ee09092bdf9f8e3b23d5bdfa54d3794ec3dc174c23af6b9c
raw/chr22_500_guides_20260810T040146_correctness_final/batches/correctness/baseline/pilot/batch_017/guides/chr22_500_guide_421/metrics.tsv	294	77990a9a9ad1dc2711e95ac5bfb4903358f0262143a31a38e1eb0b92439d6292
raw/chr22_500_guides_20260810T040146_correctness_final/batches/correctness/baseline/pilot/batch_017/guides/chr22_500_guide_421/output.paf	214	1acdcae445259d1743c7e71e5cb99366b97c824db11e7bb75fdc47e02107a5d9
raw/chr22_500_guides_20260810T040146_correctness_final/batches/correctness/baseline/pilot/batch_017/guides/chr22_500_guide_421/stderr.txt	0	e3b0c44298fc1c149afbf4c8996fb92427ae41e4649b934ca495991b7852b855
raw/chr22_500_guides_20260810T040146_correctness_final/batches/correctness/baseline/pilot/batch_017/guides/chr22_500_guide_422/command.txt	294	d5eada80de2237394ac562fac3dc25736a963f116d047ca3efab6d6c1ac7c202
raw/chr22_500_guides_20260810T040146_correctness_final/batches/correctness/baseline/pilot/batch_017/guides/chr22_500_guide_422/metrics.tsv	294	fe6ba3624d18d33da6d4dbe128d04e535f0c311b2190ef843e664f806fc6676b
raw/chr22_500_guides_20260810T040146_correctness_final/batches/correctness/baseline/pilot/batch_017/guides/chr22_500_guide_422/output.paf	214	094655244d82c853ad703323fdc0fe0c65a6e6569cff26464a0e73ad84d55488
raw/chr22_500_guides_20260810T040146_correctness_final/batches/correctness/baseline/pilot/batch_017/guides/chr22_500_guide_422/stderr.txt	0	e3b0c44298fc1c149afbf4c8996fb92427ae41e4649b934ca495991b7852b855
raw/chr22_500_guides_20260810T040146_correctness_final/batches/correctness/baseline/pilot/batch_017/guides/chr22_500_guide_423/command.txt	294	4c66d15d09fe32c5dde11c67e94daef15b4ac44f8d863f8e536dee9575262581
raw/chr22_500_guides_20260810T040146_correctness_final/batches/correctness/baseline/pilot/batch_017/guides/chr22_500_guide_423/metrics.tsv	294	c8faffdf734a541a03cbfae930987ff2731e65ff71e6abf40586bd54e07757a3
raw/chr22_500_guides_20260810T040146_correctness_final/batches/correctness/baseline/pilot/batch_017/guides/chr22_500_guide_423/output.paf	105	886f21508ef43139da65b3307d412b9c43af12390fb60b152be51f2961337117
raw/chr22_500_guides_20260810T040146_correctness_final/batches/correctness/baseline/pilot/batch_017/guides/chr22_500_guide_423/stderr.txt	0	e3b0c44298fc1c149afbf4c8996fb92427ae41e4649b934ca495991b7852b855
raw/chr22_500_guides_20260810T040146_correctness_final/batches/correctness/baseline/pilot/batch_017/guides/chr22_500_guide_424/command.txt	294	2887d670939b38b57e634e25b99b8655c0ded1de0147da8742eb6ede705ac71e
raw/chr22_500_guides_20260810T040146_correctness_final/batches/correctness/baseline/pilot/batch_017/guides/chr22_500_guide_424/metrics.tsv	294	4279e0ff33db21d50ad89645adf0e4c382ac26392dd005bb9fe5b9c397610890
raw/chr22_500_guides_20260810T040146_correctness_final/batches/correctness/baseline/pilot/batch_017/guides/chr22_500_guide_424/output.paf	105	532477fc4faa3f4f69315f7dba2d04ab90953c2c448e147b198a08dd360f39fc
raw/chr22_500_guides_20260810T040146_correctness_final/batches/correctness/baseline/pilot/batch_017/guides/chr22_500_guide_424/stderr.txt	0	e3b0c44298fc1c149afbf4c8996fb92427ae41e4649b934ca495991b7852b855
raw/chr22_500_guides_20260810T040146_correctness_final/batches/correctness/baseline/pilot/batch_017/guides/chr22_500_guide_425/command.txt	294	4d14f0be157a6fca785ba114b53a7b13ccdf1b1bfe018c3cb95c6b5e5f7dc4cd
raw/chr22_500_guides_20260810T040146_correctness_final/batches/correctness/baseline/pilot/batch_017/guides/chr22_500_guide_425/metrics.tsv	294	7394bdb2566b2eb89ac5006748b90a60bc4bc202cb8e193af51687e90035c3e9
raw/chr22_500_guides_20260810T040146_correctness_final/batches/correctness/baseline/pilot/batch_017/guides/chr22_500_guide_425/output.paf	105	faeff617f365f7f7cd0dd00c539f34b67b3dd81f82a85e89c41ed578516099f5
raw/chr22_500_guides_20260810T040146_correctness_final/batches/correctness/baseline/pilot/batch_017/guides/chr22_500_guide_425/stderr.txt	0	e3b0c44298fc1c149afbf4c8996fb92427ae41e4649b934ca495991b7852b855
raw/chr22_500_guides_20260810T040146_correctness_final/batches/correctness/baseline/pilot/batch_018/SUCCESS	0	e3b0c44298fc1c149afbf4c8996fb92427ae41e4649b934ca495991b7852b855
raw/chr22_500_guides_20260810T040146_correctness_final/batches/correctness/baseline/pilot/batch_018/environment.tsv	601	0c1b7a3aec84834dfdbc666badee7e5a02f41c07d9e64defba52303f363c6706
raw/chr22_500_guides_20260810T040146_correctness_final/batches/correctness/baseline/pilot/batch_018/guide_ids.txt	500	f79e3fec86888bce16f543b2c8552a9c756e8ca76e0ba9e25b3d84a4c6f59d61
raw/chr22_500_guides_20260810T040146_correctness_final/batches/correctness/baseline/pilot/batch_018/guide_order.sha256	304	cdc881f4e65c70233b98621b3c1a98bc2bca9f7fb034ca13c7796e2dcc91ccd9
raw/chr22_500_guides_20260810T040146_correctness_final/batches/correctness/baseline/pilot/batch_018/guide_order.txt	500	47ce216e31cd71d266e963291b8f02ebf8b41c086d2b095f2d1e88896a403d96
raw/chr22_500_guides_20260810T040146_correctness_final/batches/correctness/baseline/pilot/batch_018/guide_results.tsv	5561	31c52c0cf8b780df76e730f273f1a7bb9f207c1d0ba98008e37ee4f0a94cf722
raw/chr22_500_guides_20260810T040146_correctness_final/batches/correctness/baseline/pilot/batch_018/guides/chr22_500_guide_426/command.txt	294	6b4e474c7720f8cf7329ccb687aff2c77c161a1858ddfd505d7e93a351aafa31
raw/chr22_500_guides_20260810T040146_correctness_final/batches/correctness/baseline/pilot/batch_018/guides/chr22_500_guide_426/metrics.tsv	294	463b1766f6800b8350f2d065481f51807544164dc92bbfb2ce1169bb7521d051
raw/chr22_500_guides_20260810T040146_correctness_final/batches/correctness/baseline/pilot/batch_018/guides/chr22_500_guide_426/output.paf	105	395d0cbf64200bcb6eca014619ea92462c25e08973e7212d07f4d64d62a51189
raw/chr22_500_guides_20260810T040146_correctness_final/batches/correctness/baseline/pilot/batch_018/guides/chr22_500_guide_426/stderr.txt	0	e3b0c44298fc1c149afbf4c8996fb92427ae41e4649b934ca495991b7852b855
raw/chr22_500_guides_20260810T040146_correctness_final/batches/correctness/baseline/pilot/batch_018/guides/chr22_500_guide_427/command.txt	294	835a12f11d42281e47638ccdad30f5c881303f6665d35d2104d313837e38fd70
raw/chr22_500_guides_20260810T040146_correctness_final/batches/correctness/baseline/pilot/batch_018/guides/chr22_500_guide_427/metrics.tsv	294	7a50e6e8902add51a4dbbd13c8fef17c18a19cdc3b22f4a7138a442b16a6cd7f
raw/chr22_500_guides_20260810T040146_correctness_final/batches/correctness/baseline/pilot/batch_018/guides/chr22_500_guide_427/output.paf	105	36112c32c710f17d0fbd10979505f5d7a5215cd2ad64520ac74f8b537266216c
raw/chr22_500_guides_20260810T040146_correctness_final/batches/correctness/baseline/pilot/batch_018/guides/chr22_500_guide_427/stderr.txt	0	e3b0c44298fc1c149afbf4c8996fb92427ae41e4649b934ca495991b7852b855
raw/chr22_500_guides_20260810T040146_correctness_final/batches/correctness/baseline/pilot/batch_018/guides/chr22_500_guide_428/command.txt	294	3444740aa026e2ab6eb56d5a9baf76db9c61248ef6a3591ad24e819f87449dd2
raw/chr22_500_guides_20260810T040146_correctness_final/batches/correctness/baseline/pilot/batch_018/guides/chr22_500_guide_428/metrics.tsv	294	77165b95467e20bcf84ebeafc158dbfd60beaab4d4f558e1c59aca6ea7c7857c
raw/chr22_500_guides_20260810T040146_correctness_final/batches/correctness/baseline/pilot/batch_018/guides/chr22_500_guide_428/output.paf	105	b49d937c3f713b95c07b0df4983659c5531f5062b2c8b309c93edf95c5d33253
raw/chr22_500_guides_20260810T040146_correctness_final/batches/correctness/baseline/pilot/batch_018/guides/chr22_500_guide_428/stderr.txt	0	e3b0c44298fc1c149afbf4c8996fb92427ae41e4649b934ca495991b7852b855
raw/chr22_500_guides_20260810T040146_correctness_final/batches/correctness/baseline/pilot/batch_018/guides/chr22_500_guide_429/command.txt	294	80acccbc72ea45ba30ecf80d823116952e6a6f3894b0702b5f67713f7ee00b03
raw/chr22_500_guides_20260810T040146_correctness_final/batches/correctness/baseline/pilot/batch_018/guides/chr22_500_guide_429/metrics.tsv	294	ae2f1fec4022fbf40eaa3e5fc77f3e30fc6c2585e62b5a1769ed60dfc7be7893
raw/chr22_500_guides_20260810T040146_correctness_final/batches/correctness/baseline/pilot/batch_018/guides/chr22_500_guide_429/output.paf	105	2ec43a3a14908487e4da93624a407c3b7f19272d01e1812f2764b52f28ae9ae9
raw/chr22_500_guides_20260810T040146_correctness_final/batches/correctness/baseline/pilot/batch_018/guides/chr22_500_guide_429/stderr.txt	0	e3b0c44298fc1c149afbf4c8996fb92427ae41e4649b934ca495991b7852b855
raw/chr22_500_guides_20260810T040146_correctness_final/batches/correctness/baseline/pilot/batch_018/guides/chr22_500_guide_430/command.txt	294	c1337f3fe3c5795ee36564f968f727b42afdead26a7da88b7cec9a3fd06b80ad
raw/chr22_500_guides_20260810T040146_correctness_final/batches/correctness/baseline/pilot/batch_018/guides/chr22_500_guide_430/metrics.tsv	294	42a2a04710e11cd21f1e68099ae66e2c6b672e54f8e55b5d92982fd023018466
raw/chr22_500_guides_20260810T040146_correctness_final/batches/correctness/baseline/pilot/batch_018/guides/chr22_500_guide_430/output.paf	105	a39d953b063860baaa128981774a27431eda978fc37949bc65f2cb01ed3bc55a
raw/chr22_500_guides_20260810T040146_correctness_final/batches/correctness/baseline/pilot/batch_018/guides/chr22_500_guide_430/stderr.txt	0	e3b0c44298fc1c149afbf4c8996fb92427ae41e4649b934ca495991b7852b855
raw/chr22_500_guides_20260810T040146_correctness_final/batches/correctness/baseline/pilot/batch_018/guides/chr22_500_guide_431/command.txt	294	08bd7404c665cc55306dec8debd67d35d8010b77742f3ac82efda5ff55c1a19b
raw/chr22_500_guides_20260810T040146_correctness_final/batches/correctness/baseline/pilot/batch_018/guides/chr22_500_guide_431/metrics.tsv	294	7828aba8988d39f3c2ef77c08691d1ca10100191f9b57b7dc32fd3a17cf72225
raw/chr22_500_guides_20260810T040146_correctness_final/batches/correctness/baseline/pilot/batch_018/guides/chr22_500_guide_431/output.paf	105	4e671a38249a3b235de336c42d1952eb9cbfb6883be90588a0a03c1c10b6bebb
raw/chr22_500_guides_20260810T040146_correctness_final/batches/correctness/baseline/pilot/batch_018/guides/chr22_500_guide_431/stderr.txt	0	e3b0c44298fc1c149afbf4c8996fb92427ae41e4649b934ca495991b7852b855
raw/chr22_500_guides_20260810T040146_correctness_final/batches/correctness/baseline/pilot/batch_018/guides/chr22_500_guide_432/command.txt	294	6da02ca490136e60e26230b5d319a5d4ddfa11bf190f3cdfb5302d7f2a8a53e8
raw/chr22_500_guides_20260810T040146_correctness_final/batches/correctness/baseline/pilot/batch_018/guides/chr22_500_guide_432/metrics.tsv	294	7042fc634d84cfcd214a5d27dc32c6c8227230568be05958db89d8fdc58aed3d
raw/chr22_500_guides_20260810T040146_correctness_final/batches/correctness/baseline/pilot/batch_018/guides/chr22_500_guide_432/output.paf	105	32298278cb6ff6636d2515a3c62ad9ef6a2566d429dc65a2563a46e879c0f415
raw/chr22_500_guides_20260810T040146_correctness_final/batches/correctness/baseline/pilot/batch_018/guides/chr22_500_guide_432/stderr.txt	0	e3b0c44298fc1c149afbf4c8996fb92427ae41e4649b934ca495991b7852b855
raw/chr22_500_guides_20260810T040146_correctness_final/batches/correctness/baseline/pilot/batch_018/guides/chr22_500_guide_433/command.txt	294	a1b16959df12ab6a2ad59ee79b067084b78b8dfc3f3550eaf89da1643c0125bb
raw/chr22_500_guides_20260810T040146_correctness_final/batches/correctness/baseline/pilot/batch_018/guides/chr22_500_guide_433/metrics.tsv	294	9df243a003f462803dc345a02064279c038940c9bd0f0ef2b058903aaafcd76a
raw/chr22_500_guides_20260810T040146_correctness_final/batches/correctness/baseline/pilot/batch_018/guides/chr22_500_guide_433/output.paf	323	9a84143c1c0ae741457654eac03a337269c00cb43411a6b54461fbe5949d0b50
raw/chr22_500_guides_20260810T040146_correctness_final/batches/correctness/baseline/pilot/batch_018/guides/chr22_500_guide_433/stderr.txt	0	e3b0c44298fc1c149afbf4c8996fb92427ae41e4649b934ca495991b7852b855
raw/chr22_500_guides_20260810T040146_correctness_final/batches/correctness/baseline/pilot/batch_018/guides/chr22_500_guide_434/command.txt	294	527abd809a548cae6daa39cbf2b210c569f1e967e2d02eb9386b530527cbf840
raw/chr22_500_guides_20260810T040146_correctness_final/batches/correctness/baseline/pilot/batch_018/guides/chr22_500_guide_434/metrics.tsv	294	983045ad5458257e59ef95d465cae9e02527e7b3edaf3484bf96d2b2a8a9ce73
raw/chr22_500_guides_20260810T040146_correctness_final/batches/correctness/baseline/pilot/batch_018/guides/chr22_500_guide_434/output.paf	642	7e3e3f4ef531051d6a7795201988700e8dc6fb4e69e0fe1d683e1178275b1e17
raw/chr22_500_guides_20260810T040146_correctness_final/batches/correctness/baseline/pilot/batch_018/guides/chr22_500_guide_434/stderr.txt	0	e3b0c44298fc1c149afbf4c8996fb92427ae41e4649b934ca495991b7852b855
raw/chr22_500_guides_20260810T040146_correctness_final/batches/correctness/baseline/pilot/batch_018/guides/chr22_500_guide_435/command.txt	294	dff3cf08c1d7b880e2a9805af5daa9ddb974f2d8347911746f4a2f695fcebb2a
raw/chr22_500_guides_20260810T040146_correctness_final/batches/correctness/baseline/pilot/batch_018/guides/chr22_500_guide_435/metrics.tsv	294	02869b354320511fe23e230494a862987ebe9e80a17db67db8f0303bee07aa74
raw/chr22_500_guides_20260810T040146_correctness_final/batches/correctness/baseline/pilot/batch_018/guides/chr22_500_guide_435/output.paf	105	16038bdcd50f85ce0a4ea6efea47731dafa305bb4bacdd999a696aa8fce480a8
raw/chr22_500_guides_20260810T040146_correctness_final/batches/correctness/baseline/pilot/batch_018/guides/chr22_500_guide_435/stderr.txt	0	e3b0c44298fc1c149afbf4c8996fb92427ae41e4649b934ca495991b7852b855
raw/chr22_500_guides_20260810T040146_correctness_final/batches/correctness/baseline/pilot/batch_018/guides/chr22_500_guide_436/command.txt	294	bc9cec5e463ed00f0ea9ae0af53d071fd55722d350c242f876147b3403d624da
raw/chr22_500_guides_20260810T040146_correctness_final/batches/correctness/baseline/pilot/batch_018/guides/chr22_500_guide_436/metrics.tsv	294	97c89680a2249e1a793716e5fdb35a87d0b7adbda05df644eb492479238c5ff9
raw/chr22_500_guides_20260810T040146_correctness_final/batches/correctness/baseline/pilot/batch_018/guides/chr22_500_guide_436/output.paf	105	b1ba996fcdf443c50ed85ef5e151eb2c859ed3ad0d425e25cdd737554a74fb66
raw/chr22_500_guides_20260810T040146_correctness_final/batches/correctness/baseline/pilot/batch_018/guides/chr22_500_guide_436/stderr.txt	0	e3b0c44298fc1c149afbf4c8996fb92427ae41e4649b934ca495991b7852b855
raw/chr22_500_guides_20260810T040146_correctness_final/batches/correctness/baseline/pilot/batch_018/guides/chr22_500_guide_437/command.txt	294	7802dd2710f10fb242cc086c211447ec24c4a3d0bd452ed418add064b553f4b5
raw/chr22_500_guides_20260810T040146_correctness_final/batches/correctness/baseline/pilot/batch_018/guides/chr22_500_guide_437/metrics.tsv	294	30b0edef13b417c3b515afd8289d132071bfa32e6077897a58ad3653da461a72
raw/chr22_500_guides_20260810T040146_correctness_final/batches/correctness/baseline/pilot/batch_018/guides/chr22_500_guide_437/output.paf	105	36e9d38b2d923f897d6e2a53db577c6fd69c1d15750199d51b2165f6f7da9dd4
raw/chr22_500_guides_20260810T040146_correctness_final/batches/correctness/baseline/pilot/batch_018/guides/chr22_500_guide_437/stderr.txt	0	e3b0c44298fc1c149afbf4c8996fb92427ae41e4649b934ca495991b7852b855
raw/chr22_500_guides_20260810T040146_correctness_final/batches/correctness/baseline/pilot/batch_018/guides/chr22_500_guide_438/command.txt	294	f2a3f6a07ebd08e30cb34865d37ac2ff7605d082f83307f44be0f061bf9cf833
raw/chr22_500_guides_20260810T040146_correctness_final/batches/correctness/baseline/pilot/batch_018/guides/chr22_500_guide_438/metrics.tsv	294	8e948f77dd5fa9000a0bcc8cfa9fe89272bf57b10514ef821f470f87035b0cfe
raw/chr22_500_guides_20260810T040146_correctness_final/batches/correctness/baseline/pilot/batch_018/guides/chr22_500_guide_438/output.paf	105	7b9ea615f9aa7e046adebd0e63adf8ebdc63c09e2a683a13ae5b9e9457fd8152
raw/chr22_500_guides_20260810T040146_correctness_final/batches/correctness/baseline/pilot/batch_018/guides/chr22_500_guide_438/stderr.txt	0	e3b0c44298fc1c149afbf4c8996fb92427ae41e4649b934ca495991b7852b855
raw/chr22_500_guides_20260810T040146_correctness_final/batches/correctness/baseline/pilot/batch_018/guides/chr22_500_guide_439/command.txt	294	ef8d7c38536664f70348f198cb8be1f2c32cedfcd5b3e0d031e9e5f8ebf4d274
raw/chr22_500_guides_20260810T040146_correctness_final/batches/correctness/baseline/pilot/batch_018/guides/chr22_500_guide_439/metrics.tsv	294	0614aea477e1144fb6fe7104abd058637d656e232e71c0c3e0aa51a13547d61f
raw/chr22_500_guides_20260810T040146_correctness_final/batches/correctness/baseline/pilot/batch_018/guides/chr22_500_guide_439/output.paf	105	0190f0e84eeb95df6b5df5716b62537156b62b0d06f75ce0d84a290b7aa01e5c
raw/chr22_500_guides_20260810T040146_correctness_final/batches/correctness/baseline/pilot/batch_018/guides/chr22_500_guide_439/stderr.txt	0	e3b0c44298fc1c149afbf4c8996fb92427ae41e4649b934ca495991b7852b855
raw/chr22_500_guides_20260810T040146_correctness_final/batches/correctness/baseline/pilot/batch_018/guides/chr22_500_guide_440/command.txt	294	c5279f44800a75ca6ce0c58ff6c298766838dee15db3152b04dab83444347934
raw/chr22_500_guides_20260810T040146_correctness_final/batches/correctness/baseline/pilot/batch_018/guides/chr22_500_guide_440/metrics.tsv	294	4b8d5fb42b59def196b28d4a4ac4057f3143dc385e952c8f5d90cbf09b03685d
raw/chr22_500_guides_20260810T040146_correctness_final/batches/correctness/baseline/pilot/batch_018/guides/chr22_500_guide_440/output.paf	105	4e987bd4a59588a3e2670ef83a8c80580f551f01774158544976def06a148b63
raw/chr22_500_guides_20260810T040146_correctness_final/batches/correctness/baseline/pilot/batch_018/guides/chr22_500_guide_440/stderr.txt	0	e3b0c44298fc1c149afbf4c8996fb92427ae41e4649b934ca495991b7852b855
raw/chr22_500_guides_20260810T040146_correctness_final/batches/correctness/baseline/pilot/batch_018/guides/chr22_500_guide_441/command.txt	294	c04c3eca2123a54e57f16cd66274074def48ccd3d428b99e008e65da0a76fdba
raw/chr22_500_guides_20260810T040146_correctness_final/batches/correctness/baseline/pilot/batch_018/guides/chr22_500_guide_441/metrics.tsv	294	2687484a17b3a6ad53278acada4e27910e20db7e22565d6d0e046b2df0d06dbe
raw/chr22_500_guides_20260810T040146_correctness_final/batches/correctness/baseline/pilot/batch_018/guides/chr22_500_guide_441/output.paf	105	54ee762514de0802a27df6c1af3fc83fafeedee43a6a9a9f5c8ab4b9ffbc2983
raw/chr22_500_guides_20260810T040146_correctness_final/batches/correctness/baseline/pilot/batch_018/guides/chr22_500_guide_441/stderr.txt	0	e3b0c44298fc1c149afbf4c8996fb92427ae41e4649b934ca495991b7852b855
raw/chr22_500_guides_20260810T040146_correctness_final/batches/correctness/baseline/pilot/batch_018/guides/chr22_500_guide_442/command.txt	294	3dd939171d0abb9ab4fa422d0ae30a5f717e619333cf22d867291e3a3cb15fd0
raw/chr22_500_guides_20260810T040146_correctness_final/batches/correctness/baseline/pilot/batch_018/guides/chr22_500_guide_442/metrics.tsv	294	7a89fbc23adfd0911ac90b07f1fda64805d9247e69b58ff40e1c2eadda537b45
raw/chr22_500_guides_20260810T040146_correctness_final/batches/correctness/baseline/pilot/batch_018/guides/chr22_500_guide_442/output.paf	105	ef3c258a25c35b787ec480cc4cdb3290a24d2941ff110cad9b9e40c1a9c2819c
raw/chr22_500_guides_20260810T040146_correctness_final/batches/correctness/baseline/pilot/batch_018/guides/chr22_500_guide_442/stderr.txt	0	e3b0c44298fc1c149afbf4c8996fb92427ae41e4649b934ca495991b7852b855
raw/chr22_500_guides_20260810T040146_correctness_final/batches/correctness/baseline/pilot/batch_018/guides/chr22_500_guide_443/command.txt	294	297f847c9990d3327a7342e31559525404718dbc102c79b8455441154a68860a
raw/chr22_500_guides_20260810T040146_correctness_final/batches/correctness/baseline/pilot/batch_018/guides/chr22_500_guide_443/metrics.tsv	294	d89a5f07dfd1aa0aa4337799b50f6294331b867cdd861dbe5e66f029e6807b05
raw/chr22_500_guides_20260810T040146_correctness_final/batches/correctness/baseline/pilot/batch_018/guides/chr22_500_guide_443/output.paf	105	790719bd8847db6a942f261864ea37c0ec15f7a4f400e0bd1eaf31a8e659f354
raw/chr22_500_guides_20260810T040146_correctness_final/batches/correctness/baseline/pilot/batch_018/guides/chr22_500_guide_443/stderr.txt	0	e3b0c44298fc1c149afbf4c8996fb92427ae41e4649b934ca495991b7852b855
raw/chr22_500_guides_20260810T040146_correctness_final/batches/correctness/baseline/pilot/batch_018/guides/chr22_500_guide_444/command.txt	294	54f792bfd924c4d9ce95b0d89e9659c43cd83a5e6de4cc703c88fc6e6a6085a9
raw/chr22_500_guides_20260810T040146_correctness_final/batches/correctness/baseline/pilot/batch_018/guides/chr22_500_guide_444/metrics.tsv	294	f608c2860b4cc778c60da97493008961be1ebf73e27ae78c928f47cb57a20605
raw/chr22_500_guides_20260810T040146_correctness_final/batches/correctness/baseline/pilot/batch_018/guides/chr22_500_guide_444/output.paf	105	ed405985e5d0bc3cc4bbfe39199e2d58f5774a7a47a5d2ecf9175eacabcb490a
raw/chr22_500_guides_20260810T040146_correctness_final/batches/correctness/baseline/pilot/batch_018/guides/chr22_500_guide_444/stderr.txt	0	e3b0c44298fc1c149afbf4c8996fb92427ae41e4649b934ca495991b7852b855
raw/chr22_500_guides_20260810T040146_correctness_final/batches/correctness/baseline/pilot/batch_018/guides/chr22_500_guide_445/command.txt	294	6da896373916c741afcc8d9b5dce8222b2155d774e40767119cafbfebeb724c4
raw/chr22_500_guides_20260810T040146_correctness_final/batches/correctness/baseline/pilot/batch_018/guides/chr22_500_guide_445/metrics.tsv	294	c818acdf5fe9aac48fbdc5d017eb48834212fb342790324011c054052f60d0c1
raw/chr22_500_guides_20260810T040146_correctness_final/batches/correctness/baseline/pilot/batch_018/guides/chr22_500_guide_445/output.paf	105	d34c378716f257e185bb5cb139c57e699a09f1073521990fef6b3c76f400769b
raw/chr22_500_guides_20260810T040146_correctness_final/batches/correctness/baseline/pilot/batch_018/guides/chr22_500_guide_445/stderr.txt	0	e3b0c44298fc1c149afbf4c8996fb92427ae41e4649b934ca495991b7852b855
raw/chr22_500_guides_20260810T040146_correctness_final/batches/correctness/baseline/pilot/batch_018/guides/chr22_500_guide_446/command.txt	294	0b96e552e707cde8e7fb598d05c989f3c8f0da3e551e079d4cade16f7c092c13
raw/chr22_500_guides_20260810T040146_correctness_final/batches/correctness/baseline/pilot/batch_018/guides/chr22_500_guide_446/metrics.tsv	294	3b7c1665a1e6d1a94a1a138f9147e3e5cfb8272c3f7d1bacc9ae1a04ea586466
raw/chr22_500_guides_20260810T040146_correctness_final/batches/correctness/baseline/pilot/batch_018/guides/chr22_500_guide_446/output.paf	105	54483d7d719636ef82e5f65aac8636a0f5c68fea1e6f0c1096ad241066c4066f
raw/chr22_500_guides_20260810T040146_correctness_final/batches/correctness/baseline/pilot/batch_018/guides/chr22_500_guide_446/stderr.txt	0	e3b0c44298fc1c149afbf4c8996fb92427ae41e4649b934ca495991b7852b855
raw/chr22_500_guides_20260810T040146_correctness_final/batches/correctness/baseline/pilot/batch_018/guides/chr22_500_guide_447/command.txt	294	c6075f8b200103657b6a93c8ef4ef9012d53978f4cc54be49249653b3d673c94
raw/chr22_500_guides_20260810T040146_correctness_final/batches/correctness/baseline/pilot/batch_018/guides/chr22_500_guide_447/metrics.tsv	294	688888ff17fdbff3ea4e809eba5efb6be36f5976ef8e4c3c788a4268299136e5
raw/chr22_500_guides_20260810T040146_correctness_final/batches/correctness/baseline/pilot/batch_018/guides/chr22_500_guide_447/output.paf	214	5a9cd0289bd695702c26612a860ac7c7ffd186ec9855e9ebb39e174698893cea
raw/chr22_500_guides_20260810T040146_correctness_final/batches/correctness/baseline/pilot/batch_018/guides/chr22_500_guide_447/stderr.txt	0	e3b0c44298fc1c149afbf4c8996fb92427ae41e4649b934ca495991b7852b855
raw/chr22_500_guides_20260810T040146_correctness_final/batches/correctness/baseline/pilot/batch_018/guides/chr22_500_guide_448/command.txt	294	62baeecbbbb7cb1beb1a7fa0a280e6cdc608f5fcbc06c89131f328c82cad3b88
raw/chr22_500_guides_20260810T040146_correctness_final/batches/correctness/baseline/pilot/batch_018/guides/chr22_500_guide_448/metrics.tsv	294	fd31d61634e20bc741606523dea09f513dd3893966ec668bd743276a86d7fb78
raw/chr22_500_guides_20260810T040146_correctness_final/batches/correctness/baseline/pilot/batch_018/guides/chr22_500_guide_448/output.paf	105	af0e7d04b9032b6ba55a507cdc6196da5e7f3adbce117a38bb6ba2d2fb078cba
raw/chr22_500_guides_20260810T040146_correctness_final/batches/correctness/baseline/pilot/batch_018/guides/chr22_500_guide_448/stderr.txt	0	e3b0c44298fc1c149afbf4c8996fb92427ae41e4649b934ca495991b7852b855
raw/chr22_500_guides_20260810T040146_correctness_final/batches/correctness/baseline/pilot/batch_018/guides/chr22_500_guide_449/command.txt	294	78261b7e598aec5b062e6fbaa96f29b134c9e8dbfc81918f1424f232fc0d5f5c
raw/chr22_500_guides_20260810T040146_correctness_final/batches/correctness/baseline/pilot/batch_018/guides/chr22_500_guide_449/metrics.tsv	294	2efa53f26ddbfa26034c29f91059414e2d86272bf29a78c26529830f12509d7e
raw/chr22_500_guides_20260810T040146_correctness_final/batches/correctness/baseline/pilot/batch_018/guides/chr22_500_guide_449/output.paf	105	e8367625cb9c97ec27975858ed7924135dd7d288bb56eed2c76e0d9bc4e5713d
raw/chr22_500_guides_20260810T040146_correctness_final/batches/correctness/baseline/pilot/batch_018/guides/chr22_500_guide_449/stderr.txt	0	e3b0c44298fc1c149afbf4c8996fb92427ae41e4649b934ca495991b7852b855
raw/chr22_500_guides_20260810T040146_correctness_final/batches/correctness/baseline/pilot/batch_018/guides/chr22_500_guide_450/command.txt	294	abcf4c42ac474a9edb0a5efb5d7938a068f3ed5fd34fad8e339261502ea01312
raw/chr22_500_guides_20260810T040146_correctness_final/batches/correctness/baseline/pilot/batch_018/guides/chr22_500_guide_450/metrics.tsv	294	922274fdda1902303152a33b1eac4294982c81e74046d08f71d6314a55d72604
raw/chr22_500_guides_20260810T040146_correctness_final/batches/correctness/baseline/pilot/batch_018/guides/chr22_500_guide_450/output.paf	105	2ae6d416707fe71130cb2b7d3e365409b98aa031487d875b6091675f3f98e6a3
raw/chr22_500_guides_20260810T040146_correctness_final/batches/correctness/baseline/pilot/batch_018/guides/chr22_500_guide_450/stderr.txt	0	e3b0c44298fc1c149afbf4c8996fb92427ae41e4649b934ca495991b7852b855
raw/chr22_500_guides_20260810T040146_correctness_final/batches/correctness/baseline/pilot/batch_019/SUCCESS	0	e3b0c44298fc1c149afbf4c8996fb92427ae41e4649b934ca495991b7852b855
raw/chr22_500_guides_20260810T040146_correctness_final/batches/correctness/baseline/pilot/batch_019/environment.tsv	601	ddd857b596826fb0524403bb978c952e86cccec9b6d583fcb0e74a560814b53d
raw/chr22_500_guides_20260810T040146_correctness_final/batches/correctness/baseline/pilot/batch_019/guide_ids.txt	500	c35ff8ae08432717564d1f33a20fd45a22626bfb00facda859796cdd2fde7cb0
raw/chr22_500_guides_20260810T040146_correctness_final/batches/correctness/baseline/pilot/batch_019/guide_order.sha256	304	d6b28011362a1167b53fea06aa512ef390def653969c15e7d86187b23a715f45
raw/chr22_500_guides_20260810T040146_correctness_final/batches/correctness/baseline/pilot/batch_019/guide_order.txt	500	dd57bc60241dccba6ea813a796bdd201a3cc4265b3daa1b45b8b0421d94cff82
raw/chr22_500_guides_20260810T040146_correctness_final/batches/correctness/baseline/pilot/batch_019/guide_results.tsv	5561	dc09c6b4b1dc8754d08e380958b94ee590d981ef7da164d0a2e8663703086970
raw/chr22_500_guides_20260810T040146_correctness_final/batches/correctness/baseline/pilot/batch_019/guides/chr22_500_guide_451/command.txt	294	3ad7b6a3f67c5449c463c7637ac51e69c8d643e502c9edde95a42a1a320f1d5a
raw/chr22_500_guides_20260810T040146_correctness_final/batches/correctness/baseline/pilot/batch_019/guides/chr22_500_guide_451/metrics.tsv	294	7f8d298506be23cdbdbeec9a3e4f09f9a3ef317efe6d5321801cdb3cc2b99233
raw/chr22_500_guides_20260810T040146_correctness_final/batches/correctness/baseline/pilot/batch_019/guides/chr22_500_guide_451/output.paf	105	9eb0735b9bb6914649d66118c5e11946fd1c28f2f4ab317728d097308297e6e9
raw/chr22_500_guides_20260810T040146_correctness_final/batches/correctness/baseline/pilot/batch_019/guides/chr22_500_guide_451/stderr.txt	0	e3b0c44298fc1c149afbf4c8996fb92427ae41e4649b934ca495991b7852b855
raw/chr22_500_guides_20260810T040146_correctness_final/batches/correctness/baseline/pilot/batch_019/guides/chr22_500_guide_452/command.txt	294	3196a383e0b55ad96683399236565e80de20f1cc734abfae4be13de4fb3be26a
raw/chr22_500_guides_20260810T040146_correctness_final/batches/correctness/baseline/pilot/batch_019/guides/chr22_500_guide_452/metrics.tsv	294	272a61dc3833f0e600b3ec549dd8378bbcc3ce9fd6bab916edca51836c59ff70
raw/chr22_500_guides_20260810T040146_correctness_final/batches/correctness/baseline/pilot/batch_019/guides/chr22_500_guide_452/output.paf	105	caa33e4a34bebd20f093ad8c057e31eee06ee3c0812711a5e984996ec3d44dea
raw/chr22_500_guides_20260810T040146_correctness_final/batches/correctness/baseline/pilot/batch_019/guides/chr22_500_guide_452/stderr.txt	0	e3b0c44298fc1c149afbf4c8996fb92427ae41e4649b934ca495991b7852b855
raw/chr22_500_guides_20260810T040146_correctness_final/batches/correctness/baseline/pilot/batch_019/guides/chr22_500_guide_453/command.txt	294	32cc6da567e225a4f2cd3a2377a598ccbaabc35046b9064bac0df339a0e21a3d
raw/chr22_500_guides_20260810T040146_correctness_final/batches/correctness/baseline/pilot/batch_019/guides/chr22_500_guide_453/metrics.tsv	294	0d45221f7be24bac378d2e60dc595385df324e9ff3efd96c588aa978e35166cd
raw/chr22_500_guides_20260810T040146_correctness_final/batches/correctness/baseline/pilot/batch_019/guides/chr22_500_guide_453/output.paf	214	cf53e5c0ba2549b95ad7cc66f6caa57165a2d7ef971b8448816c1f5189dcba42
raw/chr22_500_guides_20260810T040146_correctness_final/batches/correctness/baseline/pilot/batch_019/guides/chr22_500_guide_453/stderr.txt	0	e3b0c44298fc1c149afbf4c8996fb92427ae41e4649b934ca495991b7852b855
raw/chr22_500_guides_20260810T040146_correctness_final/batches/correctness/baseline/pilot/batch_019/guides/chr22_500_guide_454/command.txt	294	7b4cbc6f736a5c410d55636626aac6840287f061ada299b98d1309916a0af055
raw/chr22_500_guides_20260810T040146_correctness_final/batches/correctness/baseline/pilot/batch_019/guides/chr22_500_guide_454/metrics.tsv	294	503b5248d53f843360d5d7eefe010f3511dbbc51129c86d24492e7c4c3c9a374
raw/chr22_500_guides_20260810T040146_correctness_final/batches/correctness/baseline/pilot/batch_019/guides/chr22_500_guide_454/output.paf	105	c0ef84c923d1575aebfb474d6b0b9a489622223e07ca9c1b3dad0154c8b192f2
raw/chr22_500_guides_20260810T040146_correctness_final/batches/correctness/baseline/pilot/batch_019/guides/chr22_500_guide_454/stderr.txt	0	e3b0c44298fc1c149afbf4c8996fb92427ae41e4649b934ca495991b7852b855
raw/chr22_500_guides_20260810T040146_correctness_final/batches/correctness/baseline/pilot/batch_019/guides/chr22_500_guide_455/command.txt	294	fd679dd43df8809f29e050e76e1678132e0df4b2ae3215e7af057d7ad3242b74
raw/chr22_500_guides_20260810T040146_correctness_final/batches/correctness/baseline/pilot/batch_019/guides/chr22_500_guide_455/metrics.tsv	294	5f091ab30579fec5e23baa3dd9b2139dfb7247b511176a891a66ef46481260ab
raw/chr22_500_guides_20260810T040146_correctness_final/batches/correctness/baseline/pilot/batch_019/guides/chr22_500_guide_455/output.paf	105	39b13c0090e1f7f870c746fb96e5c188a646262e69c8ee9de2a349db812a6b7c
raw/chr22_500_guides_20260810T040146_correctness_final/batches/correctness/baseline/pilot/batch_019/guides/chr22_500_guide_455/stderr.txt	0	e3b0c44298fc1c149afbf4c8996fb92427ae41e4649b934ca495991b7852b855
raw/chr22_500_guides_20260810T040146_correctness_final/batches/correctness/baseline/pilot/batch_019/guides/chr22_500_guide_456/command.txt	294	2526b94caec4613da19074a8157d19e4a4c8fcdde7d0a551f63eab0247b97c54
raw/chr22_500_guides_20260810T040146_correctness_final/batches/correctness/baseline/pilot/batch_019/guides/chr22_500_guide_456/metrics.tsv	294	652a0e7303d514bcdfe198cbe0a4e622f8e8c11c0369ce6784ddb6c7583ba994
raw/chr22_500_guides_20260810T040146_correctness_final/batches/correctness/baseline/pilot/batch_019/guides/chr22_500_guide_456/output.paf	105	66f40ebb678d2f2bfd77dd7a61e3770095414767dee777d47bb89cfd112d7a94
raw/chr22_500_guides_20260810T040146_correctness_final/batches/correctness/baseline/pilot/batch_019/guides/chr22_500_guide_456/stderr.txt	0	e3b0c44298fc1c149afbf4c8996fb92427ae41e4649b934ca495991b7852b855
raw/chr22_500_guides_20260810T040146_correctness_final/batches/correctness/baseline/pilot/batch_019/guides/chr22_500_guide_457/command.txt	294	f6c0a3a333090675f4948d9dd346d1ed32faf367ebbc676e9bba264a923306bf
raw/chr22_500_guides_20260810T040146_correctness_final/batches/correctness/baseline/pilot/batch_019/guides/chr22_500_guide_457/metrics.tsv	294	5414ce9bf57b42392a2db3baf211606db94ef44378aed58d8b24808e722e5e19
raw/chr22_500_guides_20260810T040146_correctness_final/batches/correctness/baseline/pilot/batch_019/guides/chr22_500_guide_457/output.paf	105	a8ea62f296fdaae7567af8f86405abdc3f234652944e90572bd9ec8d12ebe699
raw/chr22_500_guides_20260810T040146_correctness_final/batches/correctness/baseline/pilot/batch_019/guides/chr22_500_guide_457/stderr.txt	0	e3b0c44298fc1c149afbf4c8996fb92427ae41e4649b934ca495991b7852b855
raw/chr22_500_guides_20260810T040146_correctness_final/batches/correctness/baseline/pilot/batch_019/guides/chr22_500_guide_458/command.txt	294	b1df8e70b02bdbbfbb47908fa04522a531b1e1ad08becc03f50acea6693be13e
raw/chr22_500_guides_20260810T040146_correctness_final/batches/correctness/baseline/pilot/batch_019/guides/chr22_500_guide_458/metrics.tsv	294	1fba5f2c495628657a1264b8886c6262e0fa98c770456330253116e79f71c963
raw/chr22_500_guides_20260810T040146_correctness_final/batches/correctness/baseline/pilot/batch_019/guides/chr22_500_guide_458/output.paf	105	36dc22934c7c02b9c1a4043e7fa71e9fab23fac626842ee0233fa0a19e8a4d8d
raw/chr22_500_guides_20260810T040146_correctness_final/batches/correctness/baseline/pilot/batch_019/guides/chr22_500_guide_458/stderr.txt	0	e3b0c44298fc1c149afbf4c8996fb92427ae41e4649b934ca495991b7852b855
raw/chr22_500_guides_20260810T040146_correctness_final/batches/correctness/baseline/pilot/batch_019/guides/chr22_500_guide_459/command.txt	294	5f8a628fd934fa31869712b573da88c87929a19386e11125a6f73fc0e41d1dd4
raw/chr22_500_guides_20260810T040146_correctness_final/batches/correctness/baseline/pilot/batch_019/guides/chr22_500_guide_459/metrics.tsv	294	344cea37c199b85f9dfe74a66ccda6f1de7042f61aecb37c2ec0327c90f037a8
raw/chr22_500_guides_20260810T040146_correctness_final/batches/correctness/baseline/pilot/batch_019/guides/chr22_500_guide_459/output.paf	105	ae2877403afc338a66d249e49defd6d72d59aabceb17722a5f7e4ba810ac724e
raw/chr22_500_guides_20260810T040146_correctness_final/batches/correctness/baseline/pilot/batch_019/guides/chr22_500_guide_459/stderr.txt	0	e3b0c44298fc1c149afbf4c8996fb92427ae41e4649b934ca495991b7852b855
raw/chr22_500_guides_20260810T040146_correctness_final/batches/correctness/baseline/pilot/batch_019/guides/chr22_500_guide_460/command.txt	294	f003165b6db41a5790f6496b1b933c4cff3663ce10a4ddfa83b92e3663848eb1
raw/chr22_500_guides_20260810T040146_correctness_final/batches/correctness/baseline/pilot/batch_019/guides/chr22_500_guide_460/metrics.tsv	294	30437c721fb624b5007f3e473401a30567bea054adf93623696a43e453f6acd3
raw/chr22_500_guides_20260810T040146_correctness_final/batches/correctness/baseline/pilot/batch_019/guides/chr22_500_guide_460/output.paf	105	0702f00d8238249f52addcc891eb35cc8cb302324182724fd51f2abb5aa2c204
raw/chr22_500_guides_20260810T040146_correctness_final/batches/correctness/baseline/pilot/batch_019/guides/chr22_500_guide_460/stderr.txt	0	e3b0c44298fc1c149afbf4c8996fb92427ae41e4649b934ca495991b7852b855
raw/chr22_500_guides_20260810T040146_correctness_final/batches/correctness/baseline/pilot/batch_019/guides/chr22_500_guide_461/command.txt	294	acc6b60112b91aeab5588441e46512e265ad6cd8d46a7828ce5be8e449fde498
raw/chr22_500_guides_20260810T040146_correctness_final/batches/correctness/baseline/pilot/batch_019/guides/chr22_500_guide_461/metrics.tsv	294	0f1c5bb6ad768a2380c6a690c2f644ac2f24a5b469986c89ccd4eaf812935532
raw/chr22_500_guides_20260810T040146_correctness_final/batches/correctness/baseline/pilot/batch_019/guides/chr22_500_guide_461/output.paf	105	1b23f23233d0e8e334dba7ee9b2f71ed071325e62b0b2df036bd5c76d22fcacd
raw/chr22_500_guides_20260810T040146_correctness_final/batches/correctness/baseline/pilot/batch_019/guides/chr22_500_guide_461/stderr.txt	0	e3b0c44298fc1c149afbf4c8996fb92427ae41e4649b934ca495991b7852b855
raw/chr22_500_guides_20260810T040146_correctness_final/batches/correctness/baseline/pilot/batch_019/guides/chr22_500_guide_462/command.txt	294	043aca2165280ec71f2ef3fd5eae4b42d77f3b262782cd222c22ec135fb76195
raw/chr22_500_guides_20260810T040146_correctness_final/batches/correctness/baseline/pilot/batch_019/guides/chr22_500_guide_462/metrics.tsv	294	5e054771c4933c1af0a0d61ad28361bac27503e4d64158249ffb425ee2303a12
raw/chr22_500_guides_20260810T040146_correctness_final/batches/correctness/baseline/pilot/batch_019/guides/chr22_500_guide_462/output.paf	105	e5b9eb0597eacedf59b768109c64075d0da741152d13fb2e439f5d58c018c128
raw/chr22_500_guides_20260810T040146_correctness_final/batches/correctness/baseline/pilot/batch_019/guides/chr22_500_guide_462/stderr.txt	0	e3b0c44298fc1c149afbf4c8996fb92427ae41e4649b934ca495991b7852b855
raw/chr22_500_guides_20260810T040146_correctness_final/batches/correctness/baseline/pilot/batch_019/guides/chr22_500_guide_463/command.txt	294	8318cf790daebe2ae59d609333c635a134954b1e3cd87ef8c72f433e45110b40
raw/chr22_500_guides_20260810T040146_correctness_final/batches/correctness/baseline/pilot/batch_019/guides/chr22_500_guide_463/metrics.tsv	294	91b2da71a075bbfea6dc9bce636fc3e800172a8a5fdd29a2ee7a9c24a4f5e42f
raw/chr22_500_guides_20260810T040146_correctness_final/batches/correctness/baseline/pilot/batch_019/guides/chr22_500_guide_463/output.paf	105	7c248ba9765e06499bdbdd56fa063150392f57bbcf49d7273e7a34148cb2a14e
raw/chr22_500_guides_20260810T040146_correctness_final/batches/correctness/baseline/pilot/batch_019/guides/chr22_500_guide_463/stderr.txt	0	e3b0c44298fc1c149afbf4c8996fb92427ae41e4649b934ca495991b7852b855
raw/chr22_500_guides_20260810T040146_correctness_final/batches/correctness/baseline/pilot/batch_019/guides/chr22_500_guide_464/command.txt	294	90de91611b626c70a80194993c38dd42fe0d45b6365de2c64f0bddd40121f439
raw/chr22_500_guides_20260810T040146_correctness_final/batches/correctness/baseline/pilot/batch_019/guides/chr22_500_guide_464/metrics.tsv	294	b07012c370e400286c3141348268885885a4f27256bbc9208a590b7e14f344ec
raw/chr22_500_guides_20260810T040146_correctness_final/batches/correctness/baseline/pilot/batch_019/guides/chr22_500_guide_464/output.paf	105	572a412f62c765fdaf94fa017837ae004da8b8070c016a242544a182aefe63e1
raw/chr22_500_guides_20260810T040146_correctness_final/batches/correctness/baseline/pilot/batch_019/guides/chr22_500_guide_464/stderr.txt	0	e3b0c44298fc1c149afbf4c8996fb92427ae41e4649b934ca495991b7852b855
raw/chr22_500_guides_20260810T040146_correctness_final/batches/correctness/baseline/pilot/batch_019/guides/chr22_500_guide_465/command.txt	294	15a52badf412b572dc6f7c6a684688fb773f6bcd36c5eb43f5cc2c70ebde58f6
raw/chr22_500_guides_20260810T040146_correctness_final/batches/correctness/baseline/pilot/batch_019/guides/chr22_500_guide_465/metrics.tsv	294	8e76ca96b9b63dd9c1242a0c52f115e0cfa1857d33b47a283fa81871dae73413
raw/chr22_500_guides_20260810T040146_correctness_final/batches/correctness/baseline/pilot/batch_019/guides/chr22_500_guide_465/output.paf	105	71aca4d4d36b2443e6e04db67d1c059a16d050f4e1c6e90f522b493e94915886
raw/chr22_500_guides_20260810T040146_correctness_final/batches/correctness/baseline/pilot/batch_019/guides/chr22_500_guide_465/stderr.txt	0	e3b0c44298fc1c149afbf4c8996fb92427ae41e4649b934ca495991b7852b855
raw/chr22_500_guides_20260810T040146_correctness_final/batches/correctness/baseline/pilot/batch_019/guides/chr22_500_guide_466/command.txt	294	e7e2dd271880c9a87b86ccdf54e9fe669274f6caafbca32b0f2807ac9c2afb68
raw/chr22_500_guides_20260810T040146_correctness_final/batches/correctness/baseline/pilot/batch_019/guides/chr22_500_guide_466/metrics.tsv	294	0cc2a5589c55e1b9690dd40c4b2ad5bb2d631e5e1a609722ce0a06e34562994d
raw/chr22_500_guides_20260810T040146_correctness_final/batches/correctness/baseline/pilot/batch_019/guides/chr22_500_guide_466/output.paf	105	ce36001de0595b6ca48e3f857e190887e3219eb435d5c95d003f9c73f5c7e4f9
raw/chr22_500_guides_20260810T040146_correctness_final/batches/correctness/baseline/pilot/batch_019/guides/chr22_500_guide_466/stderr.txt	0	e3b0c44298fc1c149afbf4c8996fb92427ae41e4649b934ca495991b7852b855
raw/chr22_500_guides_20260810T040146_correctness_final/batches/correctness/baseline/pilot/batch_019/guides/chr22_500_guide_467/command.txt	294	cacd1d163c87b3757b0b037e69ec6dfd45521f11454b943feeaeb23fc3e8d95c
raw/chr22_500_guides_20260810T040146_correctness_final/batches/correctness/baseline/pilot/batch_019/guides/chr22_500_guide_467/metrics.tsv	294	6c5d4538bf1bb41fc6703bd60996ff7b749fb713580489b5e5ba38b08d068d30
raw/chr22_500_guides_20260810T040146_correctness_final/batches/correctness/baseline/pilot/batch_019/guides/chr22_500_guide_467/output.paf	105	333a2ac75dcc9c0aeaef85b902f8c4923c58c1bb5bb7a6e3b7ef5c77edecd079
raw/chr22_500_guides_20260810T040146_correctness_final/batches/correctness/baseline/pilot/batch_019/guides/chr22_500_guide_467/stderr.txt	0	e3b0c44298fc1c149afbf4c8996fb92427ae41e4649b934ca495991b7852b855
raw/chr22_500_guides_20260810T040146_correctness_final/batches/correctness/baseline/pilot/batch_019/guides/chr22_500_guide_468/command.txt	294	1addb3efa131e8e103242ba9daac6b8f0063c83db50c7a3c5e6c88899a3a020a
raw/chr22_500_guides_20260810T040146_correctness_final/batches/correctness/baseline/pilot/batch_019/guides/chr22_500_guide_468/metrics.tsv	294	7153f79735dfa317088a36ce115fba97760d0c6f2ddcb7b878022640ea58e09c
raw/chr22_500_guides_20260810T040146_correctness_final/batches/correctness/baseline/pilot/batch_019/guides/chr22_500_guide_468/output.paf	105	b129ef3c4f85946c1752fcdec67457fbfa137faf10c495dcfb79020726f0093a
raw/chr22_500_guides_20260810T040146_correctness_final/batches/correctness/baseline/pilot/batch_019/guides/chr22_500_guide_468/stderr.txt	0	e3b0c44298fc1c149afbf4c8996fb92427ae41e4649b934ca495991b7852b855
raw/chr22_500_guides_20260810T040146_correctness_final/batches/correctness/baseline/pilot/batch_019/guides/chr22_500_guide_469/command.txt	294	f018378cc08d5535afef2d17ed2e78b602403843a79b14bcc0c3c87dde3ba59d
raw/chr22_500_guides_20260810T040146_correctness_final/batches/correctness/baseline/pilot/batch_019/guides/chr22_500_guide_469/metrics.tsv	294	4f21eb90d7e227480ea0890060891398d9d99cbc7795dd15a8b024c9346b9e08
raw/chr22_500_guides_20260810T040146_correctness_final/batches/correctness/baseline/pilot/batch_019/guides/chr22_500_guide_469/output.paf	105	396a48dd0384e6e289e748eaa3a473e02786e2d98d3c9ccc975cfdc1f2077813
raw/chr22_500_guides_20260810T040146_correctness_final/batches/correctness/baseline/pilot/batch_019/guides/chr22_500_guide_469/stderr.txt	0	e3b0c44298fc1c149afbf4c8996fb92427ae41e4649b934ca495991b7852b855
raw/chr22_500_guides_20260810T040146_correctness_final/batches/correctness/baseline/pilot/batch_019/guides/chr22_500_guide_470/command.txt	294	90077d5c3b9b6d8c650cee179b665a6fada39028de0b5aedef0c56f1d1f1eb2c
raw/chr22_500_guides_20260810T040146_correctness_final/batches/correctness/baseline/pilot/batch_019/guides/chr22_500_guide_470/metrics.tsv	294	65981507d4549354cc594bb5e80281f0f67174c47f7b86e6d38932644c467775
raw/chr22_500_guides_20260810T040146_correctness_final/batches/correctness/baseline/pilot/batch_019/guides/chr22_500_guide_470/output.paf	105	50da73a873102212cf126ed04756d602d15aff5c7c9be11a43ca7ed77b9d1dcc
raw/chr22_500_guides_20260810T040146_correctness_final/batches/correctness/baseline/pilot/batch_019/guides/chr22_500_guide_470/stderr.txt	0	e3b0c44298fc1c149afbf4c8996fb92427ae41e4649b934ca495991b7852b855
raw/chr22_500_guides_20260810T040146_correctness_final/batches/correctness/baseline/pilot/batch_019/guides/chr22_500_guide_471/command.txt	294	2bb3cfde8ccff8020586469d901b3faf8a97910e9b24de2349275a1c2640d986
raw/chr22_500_guides_20260810T040146_correctness_final/batches/correctness/baseline/pilot/batch_019/guides/chr22_500_guide_471/metrics.tsv	294	9eac0719c7a74c2aa4dfc40152af33fc954692a45038a376bd2282cfe623fcf4
raw/chr22_500_guides_20260810T040146_correctness_final/batches/correctness/baseline/pilot/batch_019/guides/chr22_500_guide_471/output.paf	105	b0bd2d17b793d19a9cc8aebd15bdd4c22df56bdaf8aab2b3c1abdd99fab13456
raw/chr22_500_guides_20260810T040146_correctness_final/batches/correctness/baseline/pilot/batch_019/guides/chr22_500_guide_471/stderr.txt	0	e3b0c44298fc1c149afbf4c8996fb92427ae41e4649b934ca495991b7852b855
raw/chr22_500_guides_20260810T040146_correctness_final/batches/correctness/baseline/pilot/batch_019/guides/chr22_500_guide_472/command.txt	294	9cf621059673bb6b1fb7de5506ab89db722e9d56cb5a7bfe9fbbdc906f53fb69
raw/chr22_500_guides_20260810T040146_correctness_final/batches/correctness/baseline/pilot/batch_019/guides/chr22_500_guide_472/metrics.tsv	294	d2ee02aad68fba26f259f1ab3a4921523d463f1c949df994976146a0d9fb0b69
raw/chr22_500_guides_20260810T040146_correctness_final/batches/correctness/baseline/pilot/batch_019/guides/chr22_500_guide_472/output.paf	646	ce394b6203610b5d25de41f4bfc33b08abfc0c9ba525df869a394cae61776f1e
raw/chr22_500_guides_20260810T040146_correctness_final/batches/correctness/baseline/pilot/batch_019/guides/chr22_500_guide_472/stderr.txt	0	e3b0c44298fc1c149afbf4c8996fb92427ae41e4649b934ca495991b7852b855
raw/chr22_500_guides_20260810T040146_correctness_final/batches/correctness/baseline/pilot/batch_019/guides/chr22_500_guide_473/command.txt	294	172bcf5e6696030397c56f1e2e204827348ef72b9e5e542967b4f0be658c21ec
raw/chr22_500_guides_20260810T040146_correctness_final/batches/correctness/baseline/pilot/batch_019/guides/chr22_500_guide_473/metrics.tsv	294	491f0a676fded5b66f44d4050817b5de47d55078ec25dc18ef6b631bc5599439
raw/chr22_500_guides_20260810T040146_correctness_final/batches/correctness/baseline/pilot/batch_019/guides/chr22_500_guide_473/output.paf	214	72cfccdb732c7f835e82aebb76ca4186954ee044989d4d3f165c230249e1ab41
raw/chr22_500_guides_20260810T040146_correctness_final/batches/correctness/baseline/pilot/batch_019/guides/chr22_500_guide_473/stderr.txt	0	e3b0c44298fc1c149afbf4c8996fb92427ae41e4649b934ca495991b7852b855
raw/chr22_500_guides_20260810T040146_correctness_final/batches/correctness/baseline/pilot/batch_019/guides/chr22_500_guide_474/command.txt	294	11675655b50106ee58f77c585ab661a0312335778a0a959c681fd6c5a232e3e5
raw/chr22_500_guides_20260810T040146_correctness_final/batches/correctness/baseline/pilot/batch_019/guides/chr22_500_guide_474/metrics.tsv	294	781e60deca2f73a95866e17966c03747ee752791262f41e61a26ffec08a2290c
raw/chr22_500_guides_20260810T040146_correctness_final/batches/correctness/baseline/pilot/batch_019/guides/chr22_500_guide_474/output.paf	105	27f4db87eaef5a8e95ee563eb60799da341bd01d4adb8e80aa230848dce17378
raw/chr22_500_guides_20260810T040146_correctness_final/batches/correctness/baseline/pilot/batch_019/guides/chr22_500_guide_474/stderr.txt	0	e3b0c44298fc1c149afbf4c8996fb92427ae41e4649b934ca495991b7852b855
raw/chr22_500_guides_20260810T040146_correctness_final/batches/correctness/baseline/pilot/batch_019/guides/chr22_500_guide_475/command.txt	294	00c5fc308f885ff0ca7907e97e0c43c4c97fcd8e1280303e865ecc87f00587ae
raw/chr22_500_guides_20260810T040146_correctness_final/batches/correctness/baseline/pilot/batch_019/guides/chr22_500_guide_475/metrics.tsv	294	cc7af35e852c7b0f4c448bc77e463948d59cfe268ea6c32241845662e456159d
raw/chr22_500_guides_20260810T040146_correctness_final/batches/correctness/baseline/pilot/batch_019/guides/chr22_500_guide_475/output.paf	105	e384b7a2569a5848931984dada58a7863fa4ad10cf0639f33dc3d4b245ecd919
raw/chr22_500_guides_20260810T040146_correctness_final/batches/correctness/baseline/pilot/batch_019/guides/chr22_500_guide_475/stderr.txt	0	e3b0c44298fc1c149afbf4c8996fb92427ae41e4649b934ca495991b7852b855
raw/chr22_500_guides_20260810T040146_correctness_final/batches/correctness/baseline/pilot/batch_020/SUCCESS	0	e3b0c44298fc1c149afbf4c8996fb92427ae41e4649b934ca495991b7852b855
raw/chr22_500_guides_20260810T040146_correctness_final/batches/correctness/baseline/pilot/batch_020/environment.tsv	601	9425cafd9661e8a5f5f2f6e41d989d77ade8cd0941fc6fafdca3e94588046fd1
raw/chr22_500_guides_20260810T040146_correctness_final/batches/correctness/baseline/pilot/batch_020/guide_ids.txt	500	f935e4b71d19645060e0ca72e13d69481acd79c8c10fc195959eaa3cf47f5b88
raw/chr22_500_guides_20260810T040146_correctness_final/batches/correctness/baseline/pilot/batch_020/guide_order.sha256	304	3a9376443b63bd84029d3b65e5d3d067278751611d967a65ecaefab8a274851a
raw/chr22_500_guides_20260810T040146_correctness_final/batches/correctness/baseline/pilot/batch_020/guide_order.txt	500	572e533c713fe7b3c2888afb154c770fc9c470f2e614328c0b9063506eaa46af
raw/chr22_500_guides_20260810T040146_correctness_final/batches/correctness/baseline/pilot/batch_020/guide_results.tsv	5562	6f27088ccf88c9f635b9ceb12aa7276f22973c5ee81a30e931cdf364323d520f
raw/chr22_500_guides_20260810T040146_correctness_final/batches/correctness/baseline/pilot/batch_020/guides/chr22_500_guide_476/command.txt	294	f809ceca6ed55c69a1f701da27324d1fd09418cb67bc988389a77d213a6e687d
raw/chr22_500_guides_20260810T040146_correctness_final/batches/correctness/baseline/pilot/batch_020/guides/chr22_500_guide_476/metrics.tsv	294	14501cf78e554f5d7cb4805bb45dab39504bd49a9da07a638b5136aea53bf429
raw/chr22_500_guides_20260810T040146_correctness_final/batches/correctness/baseline/pilot/batch_020/guides/chr22_500_guide_476/output.paf	105	cef6bfbc08ef536f268fc772150775caeddde43f60444747b9f9fa3e77153561
raw/chr22_500_guides_20260810T040146_correctness_final/batches/correctness/baseline/pilot/batch_020/guides/chr22_500_guide_476/stderr.txt	0	e3b0c44298fc1c149afbf4c8996fb92427ae41e4649b934ca495991b7852b855
raw/chr22_500_guides_20260810T040146_correctness_final/batches/correctness/baseline/pilot/batch_020/guides/chr22_500_guide_477/command.txt	294	77e886bbbedf8d17d4e00a9c14d40986bcc3376da8759ef9f0b9d1aa25e669b4
raw/chr22_500_guides_20260810T040146_correctness_final/batches/correctness/baseline/pilot/batch_020/guides/chr22_500_guide_477/metrics.tsv	294	ec3d199bb6982f4ab2c69d7ee589e2a1a12449eb8523a5db685250f9375f2622
raw/chr22_500_guides_20260810T040146_correctness_final/batches/correctness/baseline/pilot/batch_020/guides/chr22_500_guide_477/output.paf	105	d77984734ace8e0a07533cd328de9fa78d0ec2f4b870c43722f2482d69f39cb9
raw/chr22_500_guides_20260810T040146_correctness_final/batches/correctness/baseline/pilot/batch_020/guides/chr22_500_guide_477/stderr.txt	0	e3b0c44298fc1c149afbf4c8996fb92427ae41e4649b934ca495991b7852b855
raw/chr22_500_guides_20260810T040146_correctness_final/batches/correctness/baseline/pilot/batch_020/guides/chr22_500_guide_478/command.txt	294	111ddc9a7fd7a284bef5082c64543ca18675ce04d5d1b8c6140fad62a9faa5c8
raw/chr22_500_guides_20260810T040146_correctness_final/batches/correctness/baseline/pilot/batch_020/guides/chr22_500_guide_478/metrics.tsv	294	50f9d057479b7e06b0320c768ba2655b3a8ab13edc8c9a73581122c9a5174e27
raw/chr22_500_guides_20260810T040146_correctness_final/batches/correctness/baseline/pilot/batch_020/guides/chr22_500_guide_478/output.paf	105	66356638d350f202a4fc3653512e2eb61d180a210d3b4874237620fdd88f45ac
raw/chr22_500_guides_20260810T040146_correctness_final/batches/correctness/baseline/pilot/batch_020/guides/chr22_500_guide_478/stderr.txt	0	e3b0c44298fc1c149afbf4c8996fb92427ae41e4649b934ca495991b7852b855
raw/chr22_500_guides_20260810T040146_correctness_final/batches/correctness/baseline/pilot/batch_020/guides/chr22_500_guide_479/command.txt	294	58e197219466821bc806315db22476b7971585b20f1f499f218c4ff41e6190b8
raw/chr22_500_guides_20260810T040146_correctness_final/batches/correctness/baseline/pilot/batch_020/guides/chr22_500_guide_479/metrics.tsv	294	c4cf34668f3639b67ea13a30e497b293bfc64f5ac942568f6d2e3f406064f93f
raw/chr22_500_guides_20260810T040146_correctness_final/batches/correctness/baseline/pilot/batch_020/guides/chr22_500_guide_479/output.paf	105	23595c08da0c6736f275085085ce1fa4389c0c23f7cb5e27898ed6fd96e9c578
raw/chr22_500_guides_20260810T040146_correctness_final/batches/correctness/baseline/pilot/batch_020/guides/chr22_500_guide_479/stderr.txt	0	e3b0c44298fc1c149afbf4c8996fb92427ae41e4649b934ca495991b7852b855
raw/chr22_500_guides_20260810T040146_correctness_final/batches/correctness/baseline/pilot/batch_020/guides/chr22_500_guide_480/command.txt	294	abef04f22981194bcd005e0dcf9666ae370baae74a73b083a55d57e03b52a3f8
raw/chr22_500_guides_20260810T040146_correctness_final/batches/correctness/baseline/pilot/batch_020/guides/chr22_500_guide_480/metrics.tsv	294	8cdcb701fff32d98b9c142f46d682ef1b4d620dafc9ee4e0fd5a31c7f2687b22
raw/chr22_500_guides_20260810T040146_correctness_final/batches/correctness/baseline/pilot/batch_020/guides/chr22_500_guide_480/output.paf	105	d69d8cab5f9f101c8ebebf1517222a11ca2c055ca30605b62cc9fb77a7dd9883
raw/chr22_500_guides_20260810T040146_correctness_final/batches/correctness/baseline/pilot/batch_020/guides/chr22_500_guide_480/stderr.txt	0	e3b0c44298fc1c149afbf4c8996fb92427ae41e4649b934ca495991b7852b855
raw/chr22_500_guides_20260810T040146_correctness_final/batches/correctness/baseline/pilot/batch_020/guides/chr22_500_guide_481/command.txt	294	9f36acda15ad32028c8f54c445d43e2452844aaa93f50110a0bbb75626c43f87
raw/chr22_500_guides_20260810T040146_correctness_final/batches/correctness/baseline/pilot/batch_020/guides/chr22_500_guide_481/metrics.tsv	294	d9804c9ef34b1e66c0e22feaea536ef5fbe4516e9d8ae4bb2f09de70317ba1de
raw/chr22_500_guides_20260810T040146_correctness_final/batches/correctness/baseline/pilot/batch_020/guides/chr22_500_guide_481/output.paf	105	df1d31d6c611d54432bb2ded430b33d54a73a65d9ac4e858d4332a409bd4fd6d
raw/chr22_500_guides_20260810T040146_correctness_final/batches/correctness/baseline/pilot/batch_020/guides/chr22_500_guide_481/stderr.txt	0	e3b0c44298fc1c149afbf4c8996fb92427ae41e4649b934ca495991b7852b855
raw/chr22_500_guides_20260810T040146_correctness_final/batches/correctness/baseline/pilot/batch_020/guides/chr22_500_guide_482/command.txt	294	d630ed48403e97c48301d835a46282ad9d3cf32c4342c0a13a3855c72eb9f547
raw/chr22_500_guides_20260810T040146_correctness_final/batches/correctness/baseline/pilot/batch_020/guides/chr22_500_guide_482/metrics.tsv	295	3b651cd39ac35da7a07957bfa02010c8bd0bccfa9e7feb87c333f7326ac84009
raw/chr22_500_guides_20260810T040146_correctness_final/batches/correctness/baseline/pilot/batch_020/guides/chr22_500_guide_482/output.paf	2528	bc79b29567088eb0aa6eb11f73d631eaf9402f515bbf16d294ee308fd8b40b79
raw/chr22_500_guides_20260810T040146_correctness_final/batches/correctness/baseline/pilot/batch_020/guides/chr22_500_guide_482/stderr.txt	0	e3b0c44298fc1c149afbf4c8996fb92427ae41e4649b934ca495991b7852b855
raw/chr22_500_guides_20260810T040146_correctness_final/batches/correctness/baseline/pilot/batch_020/guides/chr22_500_guide_483/command.txt	294	d353f2e899ebb93ed352f15f6ff5a29c9d6057a0eee378dc9828ef4d2556deea
raw/chr22_500_guides_20260810T040146_correctness_final/batches/correctness/baseline/pilot/batch_020/guides/chr22_500_guide_483/metrics.tsv	294	d9d09020745a82920953e235815655fda47233b5b238e0b7e5dd0dfa63311871
raw/chr22_500_guides_20260810T040146_correctness_final/batches/correctness/baseline/pilot/batch_020/guides/chr22_500_guide_483/output.paf	105	ec3317eca52cb313be8b742bd84d70d8e9f8f3d3a8dfda83e632d9ec5b3e7472
raw/chr22_500_guides_20260810T040146_correctness_final/batches/correctness/baseline/pilot/batch_020/guides/chr22_500_guide_483/stderr.txt	0	e3b0c44298fc1c149afbf4c8996fb92427ae41e4649b934ca495991b7852b855
raw/chr22_500_guides_20260810T040146_correctness_final/batches/correctness/baseline/pilot/batch_020/guides/chr22_500_guide_484/command.txt	294	8f9fd91beb6f6d4dd63dad14060ec705af92191f67985992e53d0430342e0b23
raw/chr22_500_guides_20260810T040146_correctness_final/batches/correctness/baseline/pilot/batch_020/guides/chr22_500_guide_484/metrics.tsv	294	c9059276f8faf3a5e4f39b6c714a6c248706fc73b8e998ff065526e8835efd99
raw/chr22_500_guides_20260810T040146_correctness_final/batches/correctness/baseline/pilot/batch_020/guides/chr22_500_guide_484/output.paf	105	71ecc0fae907389e715d1ca86fcbdff3ec27af9fce69bcca1c654d58d3bf98b8
raw/chr22_500_guides_20260810T040146_correctness_final/batches/correctness/baseline/pilot/batch_020/guides/chr22_500_guide_484/stderr.txt	0	e3b0c44298fc1c149afbf4c8996fb92427ae41e4649b934ca495991b7852b855
raw/chr22_500_guides_20260810T040146_correctness_final/batches/correctness/baseline/pilot/batch_020/guides/chr22_500_guide_485/command.txt	294	b800dd7049b2273daea5ddd37f462439d8d20d9a8b8f96ab3dca0021b6b20e54
raw/chr22_500_guides_20260810T040146_correctness_final/batches/correctness/baseline/pilot/batch_020/guides/chr22_500_guide_485/metrics.tsv	294	c9c618a145729323c769a651f367a38c44dc601b8716d0bc02f9def59f532575
raw/chr22_500_guides_20260810T040146_correctness_final/batches/correctness/baseline/pilot/batch_020/guides/chr22_500_guide_485/output.paf	105	9bdfb2270fa6b3abdcd6d9dc88dd6e2da7b983242b64a38aafa5c0a793e710bb
raw/chr22_500_guides_20260810T040146_correctness_final/batches/correctness/baseline/pilot/batch_020/guides/chr22_500_guide_485/stderr.txt	0	e3b0c44298fc1c149afbf4c8996fb92427ae41e4649b934ca495991b7852b855
raw/chr22_500_guides_20260810T040146_correctness_final/batches/correctness/baseline/pilot/batch_020/guides/chr22_500_guide_486/command.txt	294	7a596bd109c8b4a1b683d124e112ce02ec1e700d594921cfca93452eb1045f3f
raw/chr22_500_guides_20260810T040146_correctness_final/batches/correctness/baseline/pilot/batch_020/guides/chr22_500_guide_486/metrics.tsv	294	fdb37c3e53f8bf1705812f18a578a49e0c576508693f39407ecf5b6871fe8fd6
raw/chr22_500_guides_20260810T040146_correctness_final/batches/correctness/baseline/pilot/batch_020/guides/chr22_500_guide_486/output.paf	105	8dc058c1447c872314f3d31ec8865959f3409fdebfa5044cb15c05b939609aa2
raw/chr22_500_guides_20260810T040146_correctness_final/batches/correctness/baseline/pilot/batch_020/guides/chr22_500_guide_486/stderr.txt	0	e3b0c44298fc1c149afbf4c8996fb92427ae41e4649b934ca495991b7852b855
raw/chr22_500_guides_20260810T040146_correctness_final/batches/correctness/baseline/pilot/batch_020/guides/chr22_500_guide_487/command.txt	294	b95373a187a7d724ad8c6e7d6b58aa062dfb58bfd5f849aa6a20a9677e699a18
raw/chr22_500_guides_20260810T040146_correctness_final/batches/correctness/baseline/pilot/batch_020/guides/chr22_500_guide_487/metrics.tsv	294	57dab0e265d5607ad2faeedea56703bc5f679a28ee31e1e2d8aafff2a853956e
raw/chr22_500_guides_20260810T040146_correctness_final/batches/correctness/baseline/pilot/batch_020/guides/chr22_500_guide_487/output.paf	105	f618e6a62a671dc60aed99263392f11c178317ef24a0e60ae15e6aefd01799fb
raw/chr22_500_guides_20260810T040146_correctness_final/batches/correctness/baseline/pilot/batch_020/guides/chr22_500_guide_487/stderr.txt	0	e3b0c44298fc1c149afbf4c8996fb92427ae41e4649b934ca495991b7852b855
raw/chr22_500_guides_20260810T040146_correctness_final/batches/correctness/baseline/pilot/batch_020/guides/chr22_500_guide_488/command.txt	294	468a558e0f3fdd08d7debf0ad8923a76d1462c9c7f320e22e8005dbb2614aadf
raw/chr22_500_guides_20260810T040146_correctness_final/batches/correctness/baseline/pilot/batch_020/guides/chr22_500_guide_488/metrics.tsv	294	3fba14570ad6cce0e51a57f73d3b57d26aae11c8586d23c4237842fe5cc77692
raw/chr22_500_guides_20260810T040146_correctness_final/batches/correctness/baseline/pilot/batch_020/guides/chr22_500_guide_488/output.paf	105	624a957aae98b6d231ae1011b4e64e108e7b8e8e44287e46c4862920d0454e11
raw/chr22_500_guides_20260810T040146_correctness_final/batches/correctness/baseline/pilot/batch_020/guides/chr22_500_guide_488/stderr.txt	0	e3b0c44298fc1c149afbf4c8996fb92427ae41e4649b934ca495991b7852b855
raw/chr22_500_guides_20260810T040146_correctness_final/batches/correctness/baseline/pilot/batch_020/guides/chr22_500_guide_489/command.txt	294	79ed28d8df8dcbee7f9e4082740a064c1d085075fbd02e777cb3ccba9ced9132
raw/chr22_500_guides_20260810T040146_correctness_final/batches/correctness/baseline/pilot/batch_020/guides/chr22_500_guide_489/metrics.tsv	294	e62ed7f35b5b81282c039ed20a4a5fb7d4a50640597416fcfcd2f5f0d4d891b0
raw/chr22_500_guides_20260810T040146_correctness_final/batches/correctness/baseline/pilot/batch_020/guides/chr22_500_guide_489/output.paf	105	ec47a60387ffa032dbc15150c6ff0b1c838905815402357dae3f75329a28357a
raw/chr22_500_guides_20260810T040146_correctness_final/batches/correctness/baseline/pilot/batch_020/guides/chr22_500_guide_489/stderr.txt	0	e3b0c44298fc1c149afbf4c8996fb92427ae41e4649b934ca495991b7852b855
raw/chr22_500_guides_20260810T040146_correctness_final/batches/correctness/baseline/pilot/batch_020/guides/chr22_500_guide_490/command.txt	294	f2af4d40296a32773b844fdb547c8c496d4cb4c87e2abff457747d802cde660f
raw/chr22_500_guides_20260810T040146_correctness_final/batches/correctness/baseline/pilot/batch_020/guides/chr22_500_guide_490/metrics.tsv	294	cc1e77d4b1c2c82fe4a3b02abe87399459c707ae7f5a2e2a01ebc3be31e3c648
raw/chr22_500_guides_20260810T040146_correctness_final/batches/correctness/baseline/pilot/batch_020/guides/chr22_500_guide_490/output.paf	426	92f686a99e861f10463b1469d86b4d73913cae083f936822dc00cb7ac50183e7
raw/chr22_500_guides_20260810T040146_correctness_final/batches/correctness/baseline/pilot/batch_020/guides/chr22_500_guide_490/stderr.txt	0	e3b0c44298fc1c149afbf4c8996fb92427ae41e4649b934ca495991b7852b855
raw/chr22_500_guides_20260810T040146_correctness_final/batches/correctness/baseline/pilot/batch_020/guides/chr22_500_guide_491/command.txt	294	816bf3644dc54d653c95350d04264f099ff1b4c224ed3f846c7b4dfef6801587
raw/chr22_500_guides_20260810T040146_correctness_final/batches/correctness/baseline/pilot/batch_020/guides/chr22_500_guide_491/metrics.tsv	294	7faa410c5b0581074963937009783b4ae0503921ce4a32472d795daca7e1996d
raw/chr22_500_guides_20260810T040146_correctness_final/batches/correctness/baseline/pilot/batch_020/guides/chr22_500_guide_491/output.paf	105	d26d89bdd504b3597d3010fdc4ce82385f0052897c7c456fad509d6d59d744b9
raw/chr22_500_guides_20260810T040146_correctness_final/batches/correctness/baseline/pilot/batch_020/guides/chr22_500_guide_491/stderr.txt	0	e3b0c44298fc1c149afbf4c8996fb92427ae41e4649b934ca495991b7852b855
raw/chr22_500_guides_20260810T040146_correctness_final/batches/correctness/baseline/pilot/batch_020/guides/chr22_500_guide_492/command.txt	294	dad5fc7dc0b929d4d09fa7f776999ec392a1a26e58a7ba9dcabfc0a826a8dedf
raw/chr22_500_guides_20260810T040146_correctness_final/batches/correctness/baseline/pilot/batch_020/guides/chr22_500_guide_492/metrics.tsv	294	efb6a4c566febc3d29108652f9895b579d58202340536d5c0bcdde60e6b692fa
raw/chr22_500_guides_20260810T040146_correctness_final/batches/correctness/baseline/pilot/batch_020/guides/chr22_500_guide_492/output.paf	105	d1bbfd2faf7d69f7fbe39d9624756e6401f3ee6cd2fd299c525b88c947bdd2cf
raw/chr22_500_guides_20260810T040146_correctness_final/batches/correctness/baseline/pilot/batch_020/guides/chr22_500_guide_492/stderr.txt	0	e3b0c44298fc1c149afbf4c8996fb92427ae41e4649b934ca495991b7852b855
raw/chr22_500_guides_20260810T040146_correctness_final/batches/correctness/baseline/pilot/batch_020/guides/chr22_500_guide_493/command.txt	294	d88e1c76d6eaecf792cbc868cbf12b5cb10e920bdf39eac71f27113ad3774233
raw/chr22_500_guides_20260810T040146_correctness_final/batches/correctness/baseline/pilot/batch_020/guides/chr22_500_guide_493/metrics.tsv	294	79030298e6295fb9c3bbaea6e48b490eb59c3e1a4b375ceeec455947830223f0
raw/chr22_500_guides_20260810T040146_correctness_final/batches/correctness/baseline/pilot/batch_020/guides/chr22_500_guide_493/output.paf	210	0c905b7331f00841f95a0390edb19ac2cf54d75b8c0260c1122d1e91b8eebf98
raw/chr22_500_guides_20260810T040146_correctness_final/batches/correctness/baseline/pilot/batch_020/guides/chr22_500_guide_493/stderr.txt	0	e3b0c44298fc1c149afbf4c8996fb92427ae41e4649b934ca495991b7852b855
raw/chr22_500_guides_20260810T040146_correctness_final/batches/correctness/baseline/pilot/batch_020/guides/chr22_500_guide_494/command.txt	294	562c16adbd6a9e1805f6acbf58fc23502a7fecb74bcf04beb17a4f4b2d55dea2
raw/chr22_500_guides_20260810T040146_correctness_final/batches/correctness/baseline/pilot/batch_020/guides/chr22_500_guide_494/metrics.tsv	294	b951b28b647d5b32016b3069826167251231e02af3e400a6c88bb6c05d788ec8
raw/chr22_500_guides_20260810T040146_correctness_final/batches/correctness/baseline/pilot/batch_020/guides/chr22_500_guide_494/output.paf	105	aa7c76deb8cd48c48e0224a45cd7bdd03602ef159c762b3fe3add221cd775ad9
raw/chr22_500_guides_20260810T040146_correctness_final/batches/correctness/baseline/pilot/batch_020/guides/chr22_500_guide_494/stderr.txt	0	e3b0c44298fc1c149afbf4c8996fb92427ae41e4649b934ca495991b7852b855
raw/chr22_500_guides_20260810T040146_correctness_final/batches/correctness/baseline/pilot/batch_020/guides/chr22_500_guide_495/command.txt	294	638a636e00463bc88f544bce11acc5d26a7276467585af8db66a59a73aecc5b1
raw/chr22_500_guides_20260810T040146_correctness_final/batches/correctness/baseline/pilot/batch_020/guides/chr22_500_guide_495/metrics.tsv	294	942da891da065888787bc6d181975eae84f2323fc9ec563c80b0b03949a9db5d
raw/chr22_500_guides_20260810T040146_correctness_final/batches/correctness/baseline/pilot/batch_020/guides/chr22_500_guide_495/output.paf	105	f428fe77b5fe732c90e6cf097e5033b3a111f46c117014d9c525ee74561db8f9
raw/chr22_500_guides_20260810T040146_correctness_final/batches/correctness/baseline/pilot/batch_020/guides/chr22_500_guide_495/stderr.txt	0	e3b0c44298fc1c149afbf4c8996fb92427ae41e4649b934ca495991b7852b855
raw/chr22_500_guides_20260810T040146_correctness_final/batches/correctness/baseline/pilot/batch_020/guides/chr22_500_guide_496/command.txt	294	f424e24dd81176c34f82e30f0036c170c82d574bc31c86edcf27d76c29010209
raw/chr22_500_guides_20260810T040146_correctness_final/batches/correctness/baseline/pilot/batch_020/guides/chr22_500_guide_496/metrics.tsv	294	c1d195c0fc650ea726456ce7ea4679bbd9aa8455f903b70b2cdebe2b9402f16e
raw/chr22_500_guides_20260810T040146_correctness_final/batches/correctness/baseline/pilot/batch_020/guides/chr22_500_guide_496/output.paf	105	9dd72b30ce28bc67f5d290d9cbb867d3c3fd6dc00da22a909f03378e7a0414c4
raw/chr22_500_guides_20260810T040146_correctness_final/batches/correctness/baseline/pilot/batch_020/guides/chr22_500_guide_496/stderr.txt	0	e3b0c44298fc1c149afbf4c8996fb92427ae41e4649b934ca495991b7852b855
raw/chr22_500_guides_20260810T040146_correctness_final/batches/correctness/baseline/pilot/batch_020/guides/chr22_500_guide_497/command.txt	294	5d2fe93cdeb2ee165dd0a3f8465d9b09e5250f2f2dfa5db4098e4da05d085307
raw/chr22_500_guides_20260810T040146_correctness_final/batches/correctness/baseline/pilot/batch_020/guides/chr22_500_guide_497/metrics.tsv	294	6c3bad65f63c8a0426823f5c0d3e541b4b7b349f0f3a3a7ca9dd3eba5ab14b6e
raw/chr22_500_guides_20260810T040146_correctness_final/batches/correctness/baseline/pilot/batch_020/guides/chr22_500_guide_497/output.paf	105	95454f28187c5beb09711d60e71ffb74f1651e2307379f62112a3273597ee0ff
raw/chr22_500_guides_20260810T040146_correctness_final/batches/correctness/baseline/pilot/batch_020/guides/chr22_500_guide_497/stderr.txt	0	e3b0c44298fc1c149afbf4c8996fb92427ae41e4649b934ca495991b7852b855
raw/chr22_500_guides_20260810T040146_correctness_final/batches/correctness/baseline/pilot/batch_020/guides/chr22_500_guide_498/command.txt	294	938429361e55b67b53c1f61e2dc5394bee9fb15e084f3c079faefb2a0ac4c137
raw/chr22_500_guides_20260810T040146_correctness_final/batches/correctness/baseline/pilot/batch_020/guides/chr22_500_guide_498/metrics.tsv	294	a8727f5ecf43311d863249774a520b4c5132ee67eb3347bd6c816cb6a1a59d27
raw/chr22_500_guides_20260810T040146_correctness_final/batches/correctness/baseline/pilot/batch_020/guides/chr22_500_guide_498/output.paf	214	4bb6e4f08a7316ba26ec3e6f894f79070071b55d78d6c1605a50035d0a1d9c79
raw/chr22_500_guides_20260810T040146_correctness_final/batches/correctness/baseline/pilot/batch_020/guides/chr22_500_guide_498/stderr.txt	0	e3b0c44298fc1c149afbf4c8996fb92427ae41e4649b934ca495991b7852b855
raw/chr22_500_guides_20260810T040146_correctness_final/batches/correctness/baseline/pilot/batch_020/guides/chr22_500_guide_499/command.txt	294	d575f90f12a6591696b77420cb1c04bd945df03465c94bbf841bf80dbcacfe35
raw/chr22_500_guides_20260810T040146_correctness_final/batches/correctness/baseline/pilot/batch_020/guides/chr22_500_guide_499/metrics.tsv	294	b56ba72c513355d87bae1c17b24adfbf72252ddadf0f84b1c3730a60c4ea05d2
raw/chr22_500_guides_20260810T040146_correctness_final/batches/correctness/baseline/pilot/batch_020/guides/chr22_500_guide_499/output.paf	105	589cde34d9ad5d2d4a86bf9cca125c4004811a2581e714cb750bee2e730c7362
raw/chr22_500_guides_20260810T040146_correctness_final/batches/correctness/baseline/pilot/batch_020/guides/chr22_500_guide_499/stderr.txt	0	e3b0c44298fc1c149afbf4c8996fb92427ae41e4649b934ca495991b7852b855
raw/chr22_500_guides_20260810T040146_correctness_final/batches/correctness/baseline/pilot/batch_020/guides/chr22_500_guide_500/command.txt	294	1d4461b7cc1ae9f7fe6694af89c3f29ebe737c55d0b55adacc5aeb2bb2a3bbb8
raw/chr22_500_guides_20260810T040146_correctness_final/batches/correctness/baseline/pilot/batch_020/guides/chr22_500_guide_500/metrics.tsv	294	4259a115e0339bd81f11c128fe63f1843efb5c68fa3d95b2bdac6d07cfcb75a2
raw/chr22_500_guides_20260810T040146_correctness_final/batches/correctness/baseline/pilot/batch_020/guides/chr22_500_guide_500/output.paf	105	5a188d7c26c71afb1012046744a759f5adbb290bc704ee5eddb49329116e1309
raw/chr22_500_guides_20260810T040146_correctness_final/batches/correctness/baseline/pilot/batch_020/guides/chr22_500_guide_500/stderr.txt	0	e3b0c44298fc1c149afbf4c8996fb92427ae41e4649b934ca495991b7852b855
raw/chr22_500_guides_20260810T040146_correctness_final/batches/correctness/columba/pilot/batch_001/SUCCESS	0	e3b0c44298fc1c149afbf4c8996fb92427ae41e4649b934ca495991b7852b855
raw/chr22_500_guides_20260810T040146_correctness_final/batches/correctness/columba/pilot/batch_001/environment.tsv	599	d94ab9163c47c9a442245c82ad6a4cdd7d2e5c945131f05bfb4f594e2e341181
raw/chr22_500_guides_20260810T040146_correctness_final/batches/correctness/columba/pilot/batch_001/guide_ids.txt	500	b6523bf4a35593377f37559d2b1889d4cd919af0a9f7e3728f6060bd023a6ea2
raw/chr22_500_guides_20260810T040146_correctness_final/batches/correctness/columba/pilot/batch_001/guide_order.sha256	303	872a279d8c255513ef86f3d32b24820dba51d819c2da3f77f3f1acd89403f5d0
raw/chr22_500_guides_20260810T040146_correctness_final/batches/correctness/columba/pilot/batch_001/guide_order.txt	500	4759f09571c8b8f37fce68cdcbfe795e39e0e48e0cf2d6c679a6aaae313006c7
raw/chr22_500_guides_20260810T040146_correctness_final/batches/correctness/columba/pilot/batch_001/guide_results.tsv	5496	155c580f58435a3d30ee783808982231e5c1feb56427e53befc86f524c32106d
raw/chr22_500_guides_20260810T040146_correctness_final/batches/correctness/columba/pilot/batch_001/guides/chr22_500_guide_001/command.txt	566	8d1c49e522d4c01d652741d37f8b167c3c82399be7634072d5d6064a72766f52
raw/chr22_500_guides_20260810T040146_correctness_final/batches/correctness/columba/pilot/batch_001/guides/chr22_500_guide_001/metrics.tsv	292	e577442f282e003db1b2265a1d4cfb726b42f02d39851d87687ccdf18bbf66e5
raw/chr22_500_guides_20260810T040146_correctness_final/batches/correctness/columba/pilot/batch_001/guides/chr22_500_guide_001/output.paf	99	fb6d3b27b6d5d6a0e129f7ff72c1498333bb402de3d7b91037e5fe223d923f8b
raw/chr22_500_guides_20260810T040146_correctness_final/batches/correctness/columba/pilot/batch_001/guides/chr22_500_guide_001/stderr.txt	94	7dd0ac5af4f805444d705c3c7e54a22be911e8a63e66a31d26cc26b63cd32d01
raw/chr22_500_guides_20260810T040146_correctness_final/batches/correctness/columba/pilot/batch_001/guides/chr22_500_guide_002/command.txt	566	b625456b627c94671885bbe59e5fd756de6eb6be04acb4e84e27d7232f9503de
raw/chr22_500_guides_20260810T040146_correctness_final/batches/correctness/columba/pilot/batch_001/guides/chr22_500_guide_002/metrics.tsv	295	d112356461787bf411152eb03b6620f7fa6d644464253fe10bf1d445ef4184dc
raw/chr22_500_guides_20260810T040146_correctness_final/batches/correctness/columba/pilot/batch_001/guides/chr22_500_guide_002/output.paf	101	4f84fd663e530097a356f82b2c5a0458e090b9ebcf5c96fddc5326573df955db
raw/chr22_500_guides_20260810T040146_correctness_final/batches/correctness/columba/pilot/batch_001/guides/chr22_500_guide_002/stderr.txt	6762	c80fd56fe992a4b4f0caa221566cde42c478c3ee04be9a77fe3d27bd878707e5
raw/chr22_500_guides_20260810T040146_correctness_final/batches/correctness/columba/pilot/batch_001/guides/chr22_500_guide_003/command.txt	566	56f3f7994581c54148bc1ff6919f7573c634e731c14ed57522b4c97a47cf2202
raw/chr22_500_guides_20260810T040146_correctness_final/batches/correctness/columba/pilot/batch_001/guides/chr22_500_guide_003/metrics.tsv	294	d55929704c469ad5ee309ac8c83af112534aefe6eef2cfd85f33d8d216171095
raw/chr22_500_guides_20260810T040146_correctness_final/batches/correctness/columba/pilot/batch_001/guides/chr22_500_guide_003/output.paf	204	c788efd23026646b4da4b4a94736bffdb6646d5bb82e63ef3b54d008d2d7f496
raw/chr22_500_guides_20260810T040146_correctness_final/batches/correctness/columba/pilot/batch_001/guides/chr22_500_guide_003/stderr.txt	563	5e6212673189b137868af231f3f49365db18929fbdc4915f13b52a1622522dba
raw/chr22_500_guides_20260810T040146_correctness_final/batches/correctness/columba/pilot/batch_001/guides/chr22_500_guide_004/command.txt	566	c4d8a1e6c2d74e192176274a849e2bf7c51f81759071e17ab4a8cf7b6b7c2dbb
raw/chr22_500_guides_20260810T040146_correctness_final/batches/correctness/columba/pilot/batch_001/guides/chr22_500_guide_004/metrics.tsv	293	f5bb1c2dd9c61a3f5ed282a5bd670aca45269d20351998079435e121465dbf02
raw/chr22_500_guides_20260810T040146_correctness_final/batches/correctness/columba/pilot/batch_001/guides/chr22_500_guide_004/output.paf	309	41a9ef51e83a95092df6d34278bb584d5cb81e4e5c965e87236e8b76ec966547
raw/chr22_500_guides_20260810T040146_correctness_final/batches/correctness/columba/pilot/batch_001/guides/chr22_500_guide_004/stderr.txt	93	81e7da79c5b1e4692fe9c4cbbf1d61c2d05c9a381fd6e6ef1dbdcd870c3850e9
raw/chr22_500_guides_20260810T040146_correctness_final/batches/correctness/columba/pilot/batch_001/guides/chr22_500_guide_005/command.txt	566	0de026dbffe66f83d6497edd1be60888452816215fd6249f2b32d33556c061d7
raw/chr22_500_guides_20260810T040146_correctness_final/batches/correctness/columba/pilot/batch_001/guides/chr22_500_guide_005/metrics.tsv	294	b40984f8c399896a59ab881aaca58b466f51b08bcc496d53004918b94e535bd9
raw/chr22_500_guides_20260810T040146_correctness_final/batches/correctness/columba/pilot/batch_001/guides/chr22_500_guide_005/output.paf	204	5593b98c2493a0b88e42eaea42b482a194969227858e2af4912bc01dca9ef454
raw/chr22_500_guides_20260810T040146_correctness_final/batches/correctness/columba/pilot/batch_001/guides/chr22_500_guide_005/stderr.txt	653	5f0a8051bdb5fc6d3783fb70b09861683d378a6991ffc357c34297cbc812f16f
raw/chr22_500_guides_20260810T040146_correctness_final/batches/correctness/columba/pilot/batch_001/guides/chr22_500_guide_006/command.txt	566	c0bdbe79987d58dacf5f02c4714c8ad437c72336730706f656d593a7fe79f958
raw/chr22_500_guides_20260810T040146_correctness_final/batches/correctness/columba/pilot/batch_001/guides/chr22_500_guide_006/metrics.tsv	296	49985a9c3695fddf6058a789436e3fb8b5c5b475a3119e187e2bee20cdb167d0
raw/chr22_500_guides_20260810T040146_correctness_final/batches/correctness/columba/pilot/batch_001/guides/chr22_500_guide_006/output.paf	505	985223b6d62b5d89d90abb3b6411baab1ded4c027e524fd04733e3e131a2d641
raw/chr22_500_guides_20260810T040146_correctness_final/batches/correctness/columba/pilot/batch_001/guides/chr22_500_guide_006/stderr.txt	87986	d63df83b6ccede275655acad6516c498f156031407b4f5232c4704bd19578ab1
raw/chr22_500_guides_20260810T040146_correctness_final/batches/correctness/columba/pilot/batch_001/guides/chr22_500_guide_007/command.txt	566	acfb5e47b2627ab5391bccc67eb1c6ba091d03494784f01b17ad7a8d784dad58
raw/chr22_500_guides_20260810T040146_correctness_final/batches/correctness/columba/pilot/batch_001/guides/chr22_500_guide_007/metrics.tsv	296	58f3c606aee88e23f3b9489631b7a4f992c1a288dd60f68d8c9874259f17a7c4
raw/chr22_500_guides_20260810T040146_correctness_final/batches/correctness/columba/pilot/batch_001/guides/chr22_500_guide_007/output.paf	202	56a8fdc6b10b61e89791b719fe5bae29758da62f5f0e9c2390a9488ca443dead
raw/chr22_500_guides_20260810T040146_correctness_final/batches/correctness/columba/pilot/batch_001/guides/chr22_500_guide_007/stderr.txt	54127	a104212839e62ffcd71ff2763b833b58e738ebe0a14d5d021981425170823976
raw/chr22_500_guides_20260810T040146_correctness_final/batches/correctness/columba/pilot/batch_001/guides/chr22_500_guide_008/command.txt	566	48be265bdb8e5c6d97072b3fa2d4e11635fa02f684ae9bfe1483db37500a05ba
raw/chr22_500_guides_20260810T040146_correctness_final/batches/correctness/columba/pilot/batch_001/guides/chr22_500_guide_008/metrics.tsv	297	cf00a2ba5cbfa42570ed3b5469aa2238d4ac85abea8f27ee8541573c88eb2730
raw/chr22_500_guides_20260810T040146_correctness_final/batches/correctness/columba/pilot/batch_001/guides/chr22_500_guide_008/output.paf	2181	f0937d09b482433febb72a3aa2951bd7a1099c3bb5c4e6ae5d7f40f51dfaf291
raw/chr22_500_guides_20260810T040146_correctness_final/batches/correctness/columba/pilot/batch_001/guides/chr22_500_guide_008/stderr.txt	94307	e925e6374c2b14f26ce352338d241501af5403cd20c2f7a0a66a7ff0957a82b9
raw/chr22_500_guides_20260810T040146_correctness_final/batches/correctness/columba/pilot/batch_001/guides/chr22_500_guide_009/command.txt	566	2966366edcfdb2713769f914dc9912f74bbc258c707e1022f62dfb38fa9b1bd6
raw/chr22_500_guides_20260810T040146_correctness_final/batches/correctness/columba/pilot/batch_001/guides/chr22_500_guide_009/metrics.tsv	296	2c1bdc5f8b5cb85219a991be67aec8c5b9a6d6f80466c08a6278fce09e30128b
raw/chr22_500_guides_20260810T040146_correctness_final/batches/correctness/columba/pilot/batch_001/guides/chr22_500_guide_009/output.paf	513	120b985faeed3306e9c571ed4d15fd8c6e6693c215c811d99b5c36f8c8076653
raw/chr22_500_guides_20260810T040146_correctness_final/batches/correctness/columba/pilot/batch_001/guides/chr22_500_guide_009/stderr.txt	75011	acb1622676a14415f1babbcc14949666303bc8e297e4c7628d42d8f107d18cd9
raw/chr22_500_guides_20260810T040146_correctness_final/batches/correctness/columba/pilot/batch_001/guides/chr22_500_guide_010/command.txt	566	f5af98abc2864b0b0965de3ae672e3996fed16c3ee3731344b82ce32ba38a5f0
raw/chr22_500_guides_20260810T040146_correctness_final/batches/correctness/columba/pilot/batch_001/guides/chr22_500_guide_010/metrics.tsv	298	0794acf9dc509af7fd3aba3717dd1064e74928b3242154486eaf99bc2295ca09
raw/chr22_500_guides_20260810T040146_correctness_final/batches/correctness/columba/pilot/batch_001/guides/chr22_500_guide_010/output.paf	4983	43224567f7eba6981d50ec8046572b589274362dc062f422a9ae08d570f94634
raw/chr22_500_guides_20260810T040146_correctness_final/batches/correctness/columba/pilot/batch_001/guides/chr22_500_guide_010/stderr.txt	571791	d16c61eb0e874277dd9b6352cdad67e3ff1bd71567db70cb17cdbaefa2e398da
raw/chr22_500_guides_20260810T040146_correctness_final/batches/correctness/columba/pilot/batch_001/guides/chr22_500_guide_011/command.txt	566	1c28742251666c2d3eb66d1d002ab6acdfd2939392e5765526822f5b41c1b0ba
raw/chr22_500_guides_20260810T040146_correctness_final/batches/correctness/columba/pilot/batch_001/guides/chr22_500_guide_011/metrics.tsv	297	b37079f748802dd48255f8366ea248b80928f2219e3008ec5ee378ab30f80329
raw/chr22_500_guides_20260810T040146_correctness_final/batches/correctness/columba/pilot/batch_001/guides/chr22_500_guide_011/output.paf	1153	d296aa4b46bff4101d52cfee7f82646354978bc26bfed3fe31b8e121a22208a1
raw/chr22_500_guides_20260810T040146_correctness_final/batches/correctness/columba/pilot/batch_001/guides/chr22_500_guide_011/stderr.txt	59025	4765d3675054ef1bf78cbe216da6eb980cf13419953f3c26f44f43e84a14f024
raw/chr22_500_guides_20260810T040146_correctness_final/batches/correctness/columba/pilot/batch_001/guides/chr22_500_guide_012/command.txt	566	bde2a865d40543cdacff86748291ac3ca2f8828e6ec545c1bab87f41f84ce6e0
raw/chr22_500_guides_20260810T040146_correctness_final/batches/correctness/columba/pilot/batch_001/guides/chr22_500_guide_012/metrics.tsv	296	bfde5ee0476812c994c88b3d6b2604c62945cf30981eed9677eb86d9ff4307f8
raw/chr22_500_guides_20260810T040146_correctness_final/batches/correctness/columba/pilot/batch_001/guides/chr22_500_guide_012/output.paf	103	9e5ed8cdd1a37c75d6db7090a6f7a31471034f3cd57ca5ee982877d1f71ccf3b
raw/chr22_500_guides_20260810T040146_correctness_final/batches/correctness/columba/pilot/batch_001/guides/chr22_500_guide_012/stderr.txt	68105	cefd0459f07490ae6da131274d83625a67d7ef573c93136a6f1146f4dd918e50
raw/chr22_500_guides_20260810T040146_correctness_final/batches/correctness/columba/pilot/batch_001/guides/chr22_500_guide_013/command.txt	566	988af8d9fb7aa949c17338aa69391195bbb82ac5c4719332f3d16329248cd909
raw/chr22_500_guides_20260810T040146_correctness_final/batches/correctness/columba/pilot/batch_001/guides/chr22_500_guide_013/metrics.tsv	298	c07ebfcbaf70d363acab151b5da29f44196e234d15b3dd41264e5963e4e080e2
raw/chr22_500_guides_20260810T040146_correctness_final/batches/correctness/columba/pilot/batch_001/guides/chr22_500_guide_013/output.paf	89500	ccc3d3b80ed309cc947744aeb419da762bf360cf65ee8f19caf6d89ef8540bb4
raw/chr22_500_guides_20260810T040146_correctness_final/batches/correctness/columba/pilot/batch_001/guides/chr22_500_guide_013/stderr.txt	30549	a0f43a78ac495168b63dc33958a840d4b629f46bd21e5ea36ebe2fd81ed8e956
raw/chr22_500_guides_20260810T040146_correctness_final/batches/correctness/columba/pilot/batch_001/guides/chr22_500_guide_014/command.txt	566	c9132c859ba32580f5837b6ad0b85d3aa0d4e06ad3248431e6be4ac796cbd182
raw/chr22_500_guides_20260810T040146_correctness_final/batches/correctness/columba/pilot/batch_001/guides/chr22_500_guide_014/metrics.tsv	298	3d0aae64407a5e2901b39443ce8898cf469864767a438e556c035a154b19a8e6
raw/chr22_500_guides_20260810T040146_correctness_final/batches/correctness/columba/pilot/batch_001/guides/chr22_500_guide_014/output.paf	1147	8803a6adc2a8f578c3cdfe7bb25133f44e1f60a70f7ca0d891a2ffb9db407b18
raw/chr22_500_guides_20260810T040146_correctness_final/batches/correctness/columba/pilot/batch_001/guides/chr22_500_guide_014/stderr.txt	233868	6f1bf2e9bd839a6b30e0a124f22fdd85a366595ea3291e0d987f9b93f298de90
raw/chr22_500_guides_20260810T040146_correctness_final/batches/correctness/columba/pilot/batch_001/guides/chr22_500_guide_015/command.txt	566	30ada1b83956844f0961449634de310639158a0d1ee007e2e2d746430d751db5
raw/chr22_500_guides_20260810T040146_correctness_final/batches/correctness/columba/pilot/batch_001/guides/chr22_500_guide_015/metrics.tsv	295	7091870445d8952dcb1e01c351a8620da73aa6272f394783b0edf2984222d540
raw/chr22_500_guides_20260810T040146_correctness_final/batches/correctness/columba/pilot/batch_001/guides/chr22_500_guide_015/output.paf	103	25f71f69affd98f6790d4162f2184eeae2794ef38bcf6e8c5338d710759c2c15
raw/chr22_500_guides_20260810T040146_correctness_final/batches/correctness/columba/pilot/batch_001/guides/chr22_500_guide_015/stderr.txt	1582	06b30ec0d7910a63f7d2292f5cfbdd6a8e44d2cbf8113e86a75b48cc972e36ba
raw/chr22_500_guides_20260810T040146_correctness_final/batches/correctness/columba/pilot/batch_001/guides/chr22_500_guide_016/command.txt	566	041f482367d7719f86e6fafcf7005871527939e03781f6117fd3696f1b332641
raw/chr22_500_guides_20260810T040146_correctness_final/batches/correctness/columba/pilot/batch_001/guides/chr22_500_guide_016/metrics.tsv	298	1bc191e03536acb160915feaddc27cfebc55128ca9ad2d10fe6d43b13ec6aa36
raw/chr22_500_guides_20260810T040146_correctness_final/batches/correctness/columba/pilot/batch_001/guides/chr22_500_guide_016/output.paf	72944	70c7013ed568af038792f61db3c52997bbab937ba201d2e90a46b72c1460e639
raw/chr22_500_guides_20260810T040146_correctness_final/batches/correctness/columba/pilot/batch_001/guides/chr22_500_guide_016/stderr.txt	26147	ece699ac28391d94a6ec87accdeea6d1147778fd407407f27eec4d0d48e2bc36
raw/chr22_500_guides_20260810T040146_correctness_final/batches/correctness/columba/pilot/batch_001/guides/chr22_500_guide_017/command.txt	566	fb4235ee219f7d4307b128460981f68c15e5e795df1b5a934457b295c5678550
raw/chr22_500_guides_20260810T040146_correctness_final/batches/correctness/columba/pilot/batch_001/guides/chr22_500_guide_017/metrics.tsv	297	2abc664ec1145b973e3df12fdc8a92dbc502892e7d2f21968d0ded40821ecb79
raw/chr22_500_guides_20260810T040146_correctness_final/batches/correctness/columba/pilot/batch_001/guides/chr22_500_guide_017/output.paf	212	4248427dbded810ba66778f9ffb9237d3cb4048cb1d18ccaa9abd4103e46073a
raw/chr22_500_guides_20260810T040146_correctness_final/batches/correctness/columba/pilot/batch_001/guides/chr22_500_guide_017/stderr.txt	152555	aec793715f83f68424e0959a284d5702e794d44408c327f3003be5e143a800b8
raw/chr22_500_guides_20260810T040146_correctness_final/batches/correctness/columba/pilot/batch_001/guides/chr22_500_guide_018/command.txt	566	9b1f0fa21a4d57c6c2ccbb7b6bcef1ee262821bec6c7a9f342482cb9ba256605
raw/chr22_500_guides_20260810T040146_correctness_final/batches/correctness/columba/pilot/batch_001/guides/chr22_500_guide_018/metrics.tsv	296	f41b6d944894b67c48bce0fb595fab724198dd3bac5525eec0806d6e995c795c
raw/chr22_500_guides_20260810T040146_correctness_final/batches/correctness/columba/pilot/batch_001/guides/chr22_500_guide_018/output.paf	103	691ce0260ac4ff8426decb079b6ec2efdf4680b3abaced64e9143840bccb9552
raw/chr22_500_guides_20260810T040146_correctness_final/batches/correctness/columba/pilot/batch_001/guides/chr22_500_guide_018/stderr.txt	59585	a4c7fcea839152b57f9d48000d08a15502fd89d0fd27949928e5d265dda849b7
raw/chr22_500_guides_20260810T040146_correctness_final/batches/correctness/columba/pilot/batch_001/guides/chr22_500_guide_019/command.txt	566	786aa3487b1aa69048e51059035ab9a6d3b4941e205db52fb56a149edb32cb7c
raw/chr22_500_guides_20260810T040146_correctness_final/batches/correctness/columba/pilot/batch_001/guides/chr22_500_guide_019/metrics.tsv	296	615e2129a499b3677354afcee7b8612f772fbd86cec849982c0921d745a9b938
raw/chr22_500_guides_20260810T040146_correctness_final/batches/correctness/columba/pilot/batch_001/guides/chr22_500_guide_019/output.paf	828	e03a7033d0162ff6a605616c96ca00ea7b7904cbf3a5f8493a93365cfea5b1bc
raw/chr22_500_guides_20260810T040146_correctness_final/batches/correctness/columba/pilot/batch_001/guides/chr22_500_guide_019/stderr.txt	85215	15f25acbdf8bfb8293f4fc9cf0496b3aa5f1e5474382dcd2e82c567e5e7f1610
raw/chr22_500_guides_20260810T040146_correctness_final/batches/correctness/columba/pilot/batch_001/guides/chr22_500_guide_020/command.txt	566	21fe6ff0845cef3812793f66e36290b2e1b71cdb1e13e2073402f209955b7fa2
raw/chr22_500_guides_20260810T040146_correctness_final/batches/correctness/columba/pilot/batch_001/guides/chr22_500_guide_020/metrics.tsv	297	c3dc348845601117de9f09e48742fb9365f5c8d0918b4ed1d1d2064b1ab03d18
raw/chr22_500_guides_20260810T040146_correctness_final/batches/correctness/columba/pilot/batch_001/guides/chr22_500_guide_020/output.paf	311	b71b185c0c0d8f062ea12b64244f82b762d258f6d6b80620ea045f6635bfeed8
raw/chr22_500_guides_20260810T040146_correctness_final/batches/correctness/columba/pilot/batch_001/guides/chr22_500_guide_020/stderr.txt	112430	341656f796398472fd76cf9aafd4c36c341f2daf617841ead43636d2178e3a54
raw/chr22_500_guides_20260810T040146_correctness_final/batches/correctness/columba/pilot/batch_001/guides/chr22_500_guide_021/command.txt	566	8058102a27073df5c067761ec7384bd879d04715aab040f461a3c480c249c2c8
raw/chr22_500_guides_20260810T040146_correctness_final/batches/correctness/columba/pilot/batch_001/guides/chr22_500_guide_021/metrics.tsv	296	7204e217ac9482493c6ab61aca27ece6f927a5785e21cc462f7712863ec338f5
raw/chr22_500_guides_20260810T040146_correctness_final/batches/correctness/columba/pilot/batch_001/guides/chr22_500_guide_021/output.paf	103	2b073fcb4a2bd34250518b2ca167b1ea129dbf14264dd074ab7fc34c8f1ab035
raw/chr22_500_guides_20260810T040146_correctness_final/batches/correctness/columba/pilot/batch_001/guides/chr22_500_guide_021/stderr.txt	78232	a7db212107cef71a26aa53d3d139c0d5c1591ed3aa3107f237fc891c40be9e11
raw/chr22_500_guides_20260810T040146_correctness_final/batches/correctness/columba/pilot/batch_001/guides/chr22_500_guide_022/command.txt	566	c9d8f922d76022922842979443ff799991e88e470e7ad8ef90d12c07a054f938
raw/chr22_500_guides_20260810T040146_correctness_final/batches/correctness/columba/pilot/batch_001/guides/chr22_500_guide_022/metrics.tsv	296	2163092cda1768e43adbc3212d7f2de5dbf75c02e7c36fd0e7614d98717a2ec2
raw/chr22_500_guides_20260810T040146_correctness_final/batches/correctness/columba/pilot/batch_001/guides/chr22_500_guide_022/output.paf	309	5a62cebd8293e901a67b59a580cd404a0622d4a1deb300c572d8af96bb45378c
raw/chr22_500_guides_20260810T040146_correctness_final/batches/correctness/columba/pilot/batch_001/guides/chr22_500_guide_022/stderr.txt	52145	dbd8425f007c95a24898b8e8e47372312fadb8c87e84638b27aee21b872a6a0e
raw/chr22_500_guides_20260810T040146_correctness_final/batches/correctness/columba/pilot/batch_001/guides/chr22_500_guide_023/command.txt	566	01d9cb2b66b031d0aaae3525c6ee0eb78dca8b2265983e7488146ae3d372812e
raw/chr22_500_guides_20260810T040146_correctness_final/batches/correctness/columba/pilot/batch_001/guides/chr22_500_guide_023/metrics.tsv	294	173a7c01f3019765449065f8f8bf7bbf2cea0ca910e1562b83f5f5981c2e395f
raw/chr22_500_guides_20260810T040146_correctness_final/batches/correctness/columba/pilot/batch_001/guides/chr22_500_guide_023/output.paf	103	95686fb2b7a30116b7ae2cc467351eaaf4c6f25cab6f6b7bc6dcc05f1c409532
raw/chr22_500_guides_20260810T040146_correctness_final/batches/correctness/columba/pilot/batch_001/guides/chr22_500_guide_023/stderr.txt	651	011f515d83cd8b0bf4648cfa3d329bea0cb2939a7aabcbf319c9ccbd2ece994c
raw/chr22_500_guides_20260810T040146_correctness_final/batches/correctness/columba/pilot/batch_001/guides/chr22_500_guide_024/command.txt	566	02cafc7db3518f49294643a34844af0deff498eabaf0150f094c24f791e37c48
raw/chr22_500_guides_20260810T040146_correctness_final/batches/correctness/columba/pilot/batch_001/guides/chr22_500_guide_024/metrics.tsv	298	dda518c7e742a61f869ad328866399c7e700a9bbf2a523d3a5ea55803a2979b2
raw/chr22_500_guides_20260810T040146_correctness_final/batches/correctness/columba/pilot/batch_001/guides/chr22_500_guide_024/output.paf	12406	5ca9fb42f42af2b7d2639b38b690f8b8b82cd56462d3e1a68b682cf15da128d4
raw/chr22_500_guides_20260810T040146_correctness_final/batches/correctness/columba/pilot/batch_001/guides/chr22_500_guide_024/stderr.txt	24746	1fa60f2e3d3ac9e78ea8df10a08f27d9e59a718b2288557ff5610af51acc316a
raw/chr22_500_guides_20260810T040146_correctness_final/batches/correctness/columba/pilot/batch_001/guides/chr22_500_guide_025/command.txt	566	de19f779c00b38be74b69c7963dae9edc4c60964b3f22fc08bd05984ba692e58
raw/chr22_500_guides_20260810T040146_correctness_final/batches/correctness/columba/pilot/batch_001/guides/chr22_500_guide_025/metrics.tsv	296	4ac32d5b0c9ee55abac088915e0c1dbd88892554d43fed277639256e7dc2b01e
raw/chr22_500_guides_20260810T040146_correctness_final/batches/correctness/columba/pilot/batch_001/guides/chr22_500_guide_025/output.paf	420	7ab401acb4940e90d7c62e98e0a345dceadb56ad9ea595aec9c975332f2a9735
raw/chr22_500_guides_20260810T040146_correctness_final/batches/correctness/columba/pilot/batch_001/guides/chr22_500_guide_025/stderr.txt	22981	c8913cf3ae2a292d6f4e97bacb81bf983025bb19f372ea59b2c58afa3bedd53b
raw/chr22_500_guides_20260810T040146_correctness_final/batches/correctness/columba/pilot/batch_002/SUCCESS	0	e3b0c44298fc1c149afbf4c8996fb92427ae41e4649b934ca495991b7852b855
raw/chr22_500_guides_20260810T040146_correctness_final/batches/correctness/columba/pilot/batch_002/environment.tsv	599	beb96798f98d8fb46aa11879d7ed6d4ddcf4f403fa6ffe1a2f7b51b0af28a1c9
raw/chr22_500_guides_20260810T040146_correctness_final/batches/correctness/columba/pilot/batch_002/guide_ids.txt	500	f4f4755db7fdc3e8726eecbdbddafdd628e246de733e1ed58226c07496f95659
raw/chr22_500_guides_20260810T040146_correctness_final/batches/correctness/columba/pilot/batch_002/guide_order.sha256	303	42b34c659415b9e777303839a854b8dcf048eb07c298658910093ddf247b182e
raw/chr22_500_guides_20260810T040146_correctness_final/batches/correctness/columba/pilot/batch_002/guide_order.txt	500	de7d1f0bff5584c3343206fa815375ca8e62fa5ce1a825d21420b39e9ecba8fa
raw/chr22_500_guides_20260810T040146_correctness_final/batches/correctness/columba/pilot/batch_002/guide_results.tsv	5505	fd4f006ca1d8f13bf43afeb4beeb642f3eb31dc526aa64962df40aa77bfa011c
raw/chr22_500_guides_20260810T040146_correctness_final/batches/correctness/columba/pilot/batch_002/guides/chr22_500_guide_026/command.txt	566	70c74584bc933b7808442cb50c85b1c79e636d8acab6d6b79836c29c3312101c
raw/chr22_500_guides_20260810T040146_correctness_final/batches/correctness/columba/pilot/batch_002/guides/chr22_500_guide_026/metrics.tsv	297	c9e7b0c1d078fc83d41175c3700a4bb5b8349af5643e8bb717011c857db193a0
raw/chr22_500_guides_20260810T040146_correctness_final/batches/correctness/columba/pilot/batch_002/guides/chr22_500_guide_026/output.paf	103	92457b8eeba549253b9d7c8b508cd2a2bbb6eadd76da9e74b1cab96a0815447a
raw/chr22_500_guides_20260810T040146_correctness_final/batches/correctness/columba/pilot/batch_002/guides/chr22_500_guide_026/stderr.txt	148458	8f8b24b361c9c11f9eec6853fe385ba0823d490b61f93bf6440b129613bb495a
raw/chr22_500_guides_20260810T040146_correctness_final/batches/correctness/columba/pilot/batch_002/guides/chr22_500_guide_027/command.txt	566	860d65c242b43b5751b13c970e6c001c0fdf6d842461fa254a1f53b0dfd503c6
raw/chr22_500_guides_20260810T040146_correctness_final/batches/correctness/columba/pilot/batch_002/guides/chr22_500_guide_027/metrics.tsv	299	011ae7d1d149fb433ea68d37fc40acf31db3eb8756807f5db40cc4f8941d4a27
raw/chr22_500_guides_20260810T040146_correctness_final/batches/correctness/columba/pilot/batch_002/guides/chr22_500_guide_027/output.paf	13351	ca4e812261e7b45af70d16aa45e5ac1a6457b1411b983cdd507f599e1d4a5998
raw/chr22_500_guides_20260810T040146_correctness_final/batches/correctness/columba/pilot/batch_002/guides/chr22_500_guide_027/stderr.txt	594256	8a657e6a2409a30975fa9fbc01342820495a71cd2a0eba5e7e03db7c0051b0b4
raw/chr22_500_guides_20260810T040146_correctness_final/batches/correctness/columba/pilot/batch_002/guides/chr22_500_guide_028/command.txt	566	8573cef312b544e700e56167875329ee9f3d806ab371113f5595435f50987398
raw/chr22_500_guides_20260810T040146_correctness_final/batches/correctness/columba/pilot/batch_002/guides/chr22_500_guide_028/metrics.tsv	297	69c70e1105b4d0716cce6182dfe703fbd36477fa3fe176068b5bc4faa8296839
raw/chr22_500_guides_20260810T040146_correctness_final/batches/correctness/columba/pilot/batch_002/guides/chr22_500_guide_028/output.paf	416	b8cc43f743b2bf2f0e12fa535de856dec45a7e724e169b206e17e024502350b1
raw/chr22_500_guides_20260810T040146_correctness_final/batches/correctness/columba/pilot/batch_002/guides/chr22_500_guide_028/stderr.txt	673643	9739780944683faaa4ef3f313f816b862f341378b37d0ab5c6f2f11c524f85ce
raw/chr22_500_guides_20260810T040146_correctness_final/batches/correctness/columba/pilot/batch_002/guides/chr22_500_guide_029/command.txt	566	b340144988ad45a5ac1cfded0865a5be0c0a907c1207d81ffeff8dab519c0c76
raw/chr22_500_guides_20260810T040146_correctness_final/batches/correctness/columba/pilot/batch_002/guides/chr22_500_guide_029/metrics.tsv	297	8173eba4a9ef15334fe1e190468a8300c2f0e3edc99828131b9be90c0b9dee50
raw/chr22_500_guides_20260810T040146_correctness_final/batches/correctness/columba/pilot/batch_002/guides/chr22_500_guide_029/output.paf	531	0a560f9534d41cc31d885f88b25abf26643f57d60df57d0bd9feb9ac59f57094
raw/chr22_500_guides_20260810T040146_correctness_final/batches/correctness/columba/pilot/batch_002/guides/chr22_500_guide_029/stderr.txt	316980	b547291a1806d5b9e74f3ef16f67a4f22f736c95fc8af256ae72985d93453b4e
raw/chr22_500_guides_20260810T040146_correctness_final/batches/correctness/columba/pilot/batch_002/guides/chr22_500_guide_030/command.txt	566	7928f362a668259605768766c30ee549f0f81cae23bf75466a070d7654aa046e
raw/chr22_500_guides_20260810T040146_correctness_final/batches/correctness/columba/pilot/batch_002/guides/chr22_500_guide_030/metrics.tsv	300	2d88d634b3f865f39ec53a7707afb4f9307ff401d2328f2b8b29dd78642d5ff0
raw/chr22_500_guides_20260810T040146_correctness_final/batches/correctness/columba/pilot/batch_002/guides/chr22_500_guide_030/output.paf	375009	e50741d945656044fe5956a7d76cc5cada1c7385a3ebcd1d0c71f4461cfb87ba
raw/chr22_500_guides_20260810T040146_correctness_final/batches/correctness/columba/pilot/batch_002/guides/chr22_500_guide_030/stderr.txt	268431	a4ab0960aed0097b959ffdd7cc0606bf634d4e049dc8c5d83792e827e9ce5335
raw/chr22_500_guides_20260810T040146_correctness_final/batches/correctness/columba/pilot/batch_002/guides/chr22_500_guide_031/command.txt	566	dd98de8a1aff66b10aa3f1a456382f251f868725785fea159a9525c61d2990b3
raw/chr22_500_guides_20260810T040146_correctness_final/batches/correctness/columba/pilot/batch_002/guides/chr22_500_guide_031/metrics.tsv	295	873f1e612497234b5679a945367c804172f032bc89c497d29b55105e8c7e7012
raw/chr22_500_guides_20260810T040146_correctness_final/batches/correctness/columba/pilot/batch_002/guides/chr22_500_guide_031/output.paf	103	449eef586702df92b06ca3e4fc18604b620a552314243ced02a516e616f3adcc
raw/chr22_500_guides_20260810T040146_correctness_final/batches/correctness/columba/pilot/batch_002/guides/chr22_500_guide_031/stderr.txt	4930	006e92bfad32e647c5aa40870ca72fb1a432ddd8c5b84d1af74547ea0781b3f6
raw/chr22_500_guides_20260810T040146_correctness_final/batches/correctness/columba/pilot/batch_002/guides/chr22_500_guide_032/command.txt	566	4b4172b23a7951a7b371305d5037876248609022a274626bceb0f5494512b8a3
raw/chr22_500_guides_20260810T040146_correctness_final/batches/correctness/columba/pilot/batch_002/guides/chr22_500_guide_032/metrics.tsv	299	f1eca63cdb91b4eacc738fb61f33d8441f7052a50bdc14bd21b2ebeabbddbdf8
raw/chr22_500_guides_20260810T040146_correctness_final/batches/correctness/columba/pilot/batch_002/guides/chr22_500_guide_032/output.paf	5052	636d1d61073a00404325c289b2d0143cce292f3bf74ec312612b98efb3f0f11b
raw/chr22_500_guides_20260810T040146_correctness_final/batches/correctness/columba/pilot/batch_002/guides/chr22_500_guide_032/stderr.txt	1294956	cab8c1e914784bfa7f924ac4abe5f8a944b74ebea08067ec9b3584a30c8907fb
raw/chr22_500_guides_20260810T040146_correctness_final/batches/correctness/columba/pilot/batch_002/guides/chr22_500_guide_033/command.txt	566	274fcf6a772b1406cdf484180d376d7d3a9e628571abed1c8de8f1e7b78d0e40
raw/chr22_500_guides_20260810T040146_correctness_final/batches/correctness/columba/pilot/batch_002/guides/chr22_500_guide_033/metrics.tsv	298	2da826e25e5f76a2968f2f1daf6d4eb383adeb6dadd65589950dd79ec0af93d9
raw/chr22_500_guides_20260810T040146_correctness_final/batches/correctness/columba/pilot/batch_002/guides/chr22_500_guide_033/output.paf	8373	4ed0f166306be29e52512f6850c1b990c122568bfe38464c457a9cbc3cafab14
raw/chr22_500_guides_20260810T040146_correctness_final/batches/correctness/columba/pilot/batch_002/guides/chr22_500_guide_033/stderr.txt	173577	501f5c6c5e8d62ad0a7602fffd723666195a02b48240223d6a623d2bf75bc9d7
raw/chr22_500_guides_20260810T040146_correctness_final/batches/correctness/columba/pilot/batch_002/guides/chr22_500_guide_034/command.txt	566	f3e06ffb54decb2a3b598eabf074a0d9c35c1a350188f9631912a52a38693620
raw/chr22_500_guides_20260810T040146_correctness_final/batches/correctness/columba/pilot/batch_002/guides/chr22_500_guide_034/metrics.tsv	299	7332d3c9e8c019a4ca9eedaf1712ad6ded1cedca936eebee605f140e9b5bd27a
raw/chr22_500_guides_20260810T040146_correctness_final/batches/correctness/columba/pilot/batch_002/guides/chr22_500_guide_034/output.paf	2671	4b39890b56cc1d98e2aacb369882f1a3ce830047f70499203c17c996e921c9c7
raw/chr22_500_guides_20260810T040146_correctness_final/batches/correctness/columba/pilot/batch_002/guides/chr22_500_guide_034/stderr.txt	1240166	52a85472f77b7cb55f6f441fe4c1074d20fb8747c01686dce7849b5dd4c09389
raw/chr22_500_guides_20260810T040146_correctness_final/batches/correctness/columba/pilot/batch_002/guides/chr22_500_guide_035/command.txt	566	12c05fa6aa0a6201217de2b6f31d230759e4e81f74f003ef8892d4500622d57f
raw/chr22_500_guides_20260810T040146_correctness_final/batches/correctness/columba/pilot/batch_002/guides/chr22_500_guide_035/metrics.tsv	297	91d11913493fdf19eb9d743823b70bfd68b8615b58f3f1982893c9de3c062962
raw/chr22_500_guides_20260810T040146_correctness_final/batches/correctness/columba/pilot/batch_002/guides/chr22_500_guide_035/output.paf	1894	da00fa6414408e1903c2b2b30d17fd03d20d9c215fd38adba7e2c17a084b29d9
raw/chr22_500_guides_20260810T040146_correctness_final/batches/correctness/columba/pilot/batch_002/guides/chr22_500_guide_035/stderr.txt	45681	1e6bc9e523160056aa05f9eaded58d3afd764e3e8fa2241d892da808f051c7f9
raw/chr22_500_guides_20260810T040146_correctness_final/batches/correctness/columba/pilot/batch_002/guides/chr22_500_guide_036/command.txt	566	1ea5d08f98bee29cc27fff7f0f87f9e33652d49e18f0db4fea85b264ca5d8d25
raw/chr22_500_guides_20260810T040146_correctness_final/batches/correctness/columba/pilot/batch_002/guides/chr22_500_guide_036/metrics.tsv	292	e1b9cf0a9960e24d02a50f24ae72d20da5b29a8a4fa5f8dfbbfdc239d232afc8
raw/chr22_500_guides_20260810T040146_correctness_final/batches/correctness/columba/pilot/batch_002/guides/chr22_500_guide_036/output.paf	624	83eb0f2428da2c69bbb126c57e14b14699752ce1fdae7111b71efab6911daca6
raw/chr22_500_guides_20260810T040146_correctness_final/batches/correctness/columba/pilot/batch_002/guides/chr22_500_guide_036/stderr.txt	0	e3b0c44298fc1c149afbf4c8996fb92427ae41e4649b934ca495991b7852b855
raw/chr22_500_guides_20260810T040146_correctness_final/batches/correctness/columba/pilot/batch_002/guides/chr22_500_guide_037/command.txt	566	764a66a0530eea97ea73ff01b28142fa5b4f67fa2e6f88abcc918c36abd5625b
raw/chr22_500_guides_20260810T040146_correctness_final/batches/correctness/columba/pilot/batch_002/guides/chr22_500_guide_037/metrics.tsv	297	200b24c4cced67f445a1093a68b393b142369603463f5b69977049ba574ff3fe
raw/chr22_500_guides_20260810T040146_correctness_final/batches/correctness/columba/pilot/batch_002/guides/chr22_500_guide_037/output.paf	4868	4e2d4cdf63efc7b59e86edd83cfbb981770f4cc0bb2799d01227d16f0dcc058f
raw/chr22_500_guides_20260810T040146_correctness_final/batches/correctness/columba/pilot/batch_002/guides/chr22_500_guide_037/stderr.txt	18862	7cbd27b847ebc6ef612fb0cf06f7a356fa1b57a00ad915633f3713428f786320
raw/chr22_500_guides_20260810T040146_correctness_final/batches/correctness/columba/pilot/batch_002/guides/chr22_500_guide_038/command.txt	566	0c1fc8248f08783d01ab158c374ab506b58a3c1c996ef1da9c86b8c47c0cd027
raw/chr22_500_guides_20260810T040146_correctness_final/batches/correctness/columba/pilot/batch_002/guides/chr22_500_guide_038/metrics.tsv	296	7e507b8b8429eca3bfaa241954685b1e2d74c29534d63b7c546bb7dcbff5e51a
raw/chr22_500_guides_20260810T040146_correctness_final/batches/correctness/columba/pilot/batch_002/guides/chr22_500_guide_038/output.paf	7164	2525d9e467b0e235d87fec363306eb39498ebdd905157b97f69a01938142d417
raw/chr22_500_guides_20260810T040146_correctness_final/batches/correctness/columba/pilot/batch_002/guides/chr22_500_guide_038/stderr.txt	1120	587b33ffa851be62124e858db10a3ce0555e1fef7b9faa94a47115a7bf569d6a
raw/chr22_500_guides_20260810T040146_correctness_final/batches/correctness/columba/pilot/batch_002/guides/chr22_500_guide_039/command.txt	566	b0ebc9d5d421195c9af7ed0a932c5171c1e727d9e4ec76e9fc36604ac8684454
raw/chr22_500_guides_20260810T040146_correctness_final/batches/correctness/columba/pilot/batch_002/guides/chr22_500_guide_039/metrics.tsv	295	7f104ba78cd768240653fdd12f7948e229f52628c6ccb43beb30830fa4513579
raw/chr22_500_guides_20260810T040146_correctness_final/batches/correctness/columba/pilot/batch_002/guides/chr22_500_guide_039/output.paf	7710	ca01ddf784e6ee664ff89e5427a71cda8754aeda3e434fceb8b5ecd52ef0f5e8
raw/chr22_500_guides_20260810T040146_correctness_final/batches/correctness/columba/pilot/batch_002/guides/chr22_500_guide_039/stderr.txt	559	65136300c73d472f653a9971b93a9155970c3ef33635aa71744bbb65bfdff222
raw/chr22_500_guides_20260810T040146_correctness_final/batches/correctness/columba/pilot/batch_002/guides/chr22_500_guide_040/command.txt	566	7015bb5eeafbae8f3fbf553afc38a35d9132e569e6d26e80bce7bd442e2fe703
raw/chr22_500_guides_20260810T040146_correctness_final/batches/correctness/columba/pilot/batch_002/guides/chr22_500_guide_040/metrics.tsv	298	45552790b85479249abad410f788676a091e8d1b87453203b1996cb1fa65f00b
raw/chr22_500_guides_20260810T040146_correctness_final/batches/correctness/columba/pilot/batch_002/guides/chr22_500_guide_040/output.paf	52154	cdf7d3055b3d3eadab6e8dad2f8344fd26c02ae1b2f57d2bbf3296d80052f0ae
raw/chr22_500_guides_20260810T040146_correctness_final/batches/correctness/columba/pilot/batch_002/guides/chr22_500_guide_040/stderr.txt	16128	7005652609a5fd5509a214b3e6e4593fc3e635032e874cdd44547b3492300542
raw/chr22_500_guides_20260810T040146_correctness_final/batches/correctness/columba/pilot/batch_002/guides/chr22_500_guide_041/command.txt	566	8b9f0c2b13c721cd20645a03037caeb69b7c11752998d99d91643bd77283b3b1
raw/chr22_500_guides_20260810T040146_correctness_final/batches/correctness/columba/pilot/batch_002/guides/chr22_500_guide_041/metrics.tsv	299	65539c8001272f5b46369c0985481a889458800751af1570a9fa821298d12427
raw/chr22_500_guides_20260810T040146_correctness_final/batches/correctness/columba/pilot/batch_002/guides/chr22_500_guide_041/output.paf	90488	8fa374939158321bcef340c0ec1955ceab1fe6fdeab1750b48cf2fe0ade22e46
raw/chr22_500_guides_20260810T040146_correctness_final/batches/correctness/columba/pilot/batch_002/guides/chr22_500_guide_041/stderr.txt	140691	192ac3ce9e04d55f7d461fb998032e3d94c685e88121641962faa0b81a706e03
raw/chr22_500_guides_20260810T040146_correctness_final/batches/correctness/columba/pilot/batch_002/guides/chr22_500_guide_042/command.txt	566	019d146c14d6b5bd88ced634ed503bdc3a2b0ad24ca2d5229c93d7428637bd73
raw/chr22_500_guides_20260810T040146_correctness_final/batches/correctness/columba/pilot/batch_002/guides/chr22_500_guide_042/metrics.tsv	293	d14c1938e5e21dcd2d39acf18515f2b840c8dae7ed7c2e141298ad9240d4a2ab
raw/chr22_500_guides_20260810T040146_correctness_final/batches/correctness/columba/pilot/batch_002/guides/chr22_500_guide_042/output.paf	103	0ee48f543136d09a143c4eeae676947d7744ba356f6b4522be723210cea49fce
raw/chr22_500_guides_20260810T040146_correctness_final/batches/correctness/columba/pilot/batch_002/guides/chr22_500_guide_042/stderr.txt	93	96aa285bfe31edf4b59fefd59745369221fe1cfd86d1d89d9e299ebbecc9603c
raw/chr22_500_guides_20260810T040146_correctness_final/batches/correctness/columba/pilot/batch_002/guides/chr22_500_guide_043/command.txt	566	984b16fda32713f1afaa3d5287275e51c28d505dcae228fe3ebf3eb2deec5071
raw/chr22_500_guides_20260810T040146_correctness_final/batches/correctness/columba/pilot/batch_002/guides/chr22_500_guide_043/metrics.tsv	294	b32e8d4d2484d1db3bd509ff0ed6432dd2264742d70919836ec2f1d6e3234324
raw/chr22_500_guides_20260810T040146_correctness_final/batches/correctness/columba/pilot/batch_002/guides/chr22_500_guide_043/output.paf	426	958d7bb0d2bcce37cafabe02cb7bcd2515a249ee7abef00a06c7ca69afbeddfd
raw/chr22_500_guides_20260810T040146_correctness_final/batches/correctness/columba/pilot/batch_002/guides/chr22_500_guide_043/stderr.txt	469	b26403da3df85946d6c7931e54a923877597a6d21517a6786edcfb4f3a684c5d
raw/chr22_500_guides_20260810T040146_correctness_final/batches/correctness/columba/pilot/batch_002/guides/chr22_500_guide_044/command.txt	566	10627739313cbee736a774327317e9e19836f9bd14ffecab9a8a8a1793e2993e
raw/chr22_500_guides_20260810T040146_correctness_final/batches/correctness/columba/pilot/batch_002/guides/chr22_500_guide_044/metrics.tsv	293	248101ac10ce23c01a5f664927085ae671636327b148eb5aa22ed9598eaec2b5
raw/chr22_500_guides_20260810T040146_correctness_final/batches/correctness/columba/pilot/batch_002/guides/chr22_500_guide_044/output.paf	103	eb8670fd9176c26562fa7d6753d0ecafbdbc18ffce8eb47eac0ff7f21eaee174
raw/chr22_500_guides_20260810T040146_correctness_final/batches/correctness/columba/pilot/batch_002/guides/chr22_500_guide_044/stderr.txt	94	91bc91d3e82bafb72df10498cb20719d4fbbcf8bcae1f2aff5ee7e8b2e81f65f
raw/chr22_500_guides_20260810T040146_correctness_final/batches/correctness/columba/pilot/batch_002/guides/chr22_500_guide_045/command.txt	566	b21f234186c29fe8b6c205a059af1fdff8d9460f89ed8764ef7083c23e7f1053
raw/chr22_500_guides_20260810T040146_correctness_final/batches/correctness/columba/pilot/batch_002/guides/chr22_500_guide_045/metrics.tsv	293	bf4cedc4da933c5de3d764032b581bad358884d6252532d446b89d5927131a6c
raw/chr22_500_guides_20260810T040146_correctness_final/batches/correctness/columba/pilot/batch_002/guides/chr22_500_guide_045/output.paf	103	ad510f2f6f517e85da1ff1e3e334f60ec412670418ae765b20823bba1029db1c
raw/chr22_500_guides_20260810T040146_correctness_final/batches/correctness/columba/pilot/batch_002/guides/chr22_500_guide_045/stderr.txt	94	481c073f9e8e7b28d642e3f9ccb7de275626f37b02ba6db3a34ff5dd5ac1ef2c
raw/chr22_500_guides_20260810T040146_correctness_final/batches/correctness/columba/pilot/batch_002/guides/chr22_500_guide_046/command.txt	566	89226806ceb308495ed0d200c947e24902f602b2ac0d148993fba27660dbd0ea
raw/chr22_500_guides_20260810T040146_correctness_final/batches/correctness/columba/pilot/batch_002/guides/chr22_500_guide_046/metrics.tsv	294	6dfb58c5617933ef99cb106664084bd174d92ca8a78ed01c48198a4c0af043c7
raw/chr22_500_guides_20260810T040146_correctness_final/batches/correctness/columba/pilot/batch_002/guides/chr22_500_guide_046/output.paf	103	62be28d44f2b99ae8760da16dcf99d46c01d6cf9dde0f8c55e0864390027fe60
raw/chr22_500_guides_20260810T040146_correctness_final/batches/correctness/columba/pilot/batch_002/guides/chr22_500_guide_046/stderr.txt	187	0efc47989db451bd82c6d222d9d9baf3633278485b4492d3ec93bad2d774cc1a
raw/chr22_500_guides_20260810T040146_correctness_final/batches/correctness/columba/pilot/batch_002/guides/chr22_500_guide_047/command.txt	566	3fbe636d81d9c3ac5e3b18e77dc68a709ac0f41098eb0870c4e02a089cd48569
raw/chr22_500_guides_20260810T040146_correctness_final/batches/correctness/columba/pilot/batch_002/guides/chr22_500_guide_047/metrics.tsv	294	0f5c1e09ea0c8b77b7c9a203431ab5c0d399ddab0ef20bc66711f89b8e4fa7ef
raw/chr22_500_guides_20260810T040146_correctness_final/batches/correctness/columba/pilot/batch_002/guides/chr22_500_guide_047/output.paf	103	a0a592f68ce5c632b25a6bbf8492c14534157794a49dc98dee9ee564e3ce0f58
raw/chr22_500_guides_20260810T040146_correctness_final/batches/correctness/columba/pilot/batch_002/guides/chr22_500_guide_047/stderr.txt	658	81fab08e13487c6873e044311f8c609f42e6635a25006525c50c37d602ab6510
raw/chr22_500_guides_20260810T040146_correctness_final/batches/correctness/columba/pilot/batch_002/guides/chr22_500_guide_048/command.txt	566	e90a8d82acbceb3443d231a30e801f3e86f59541c126ecb19e84ca011a4160e4
raw/chr22_500_guides_20260810T040146_correctness_final/batches/correctness/columba/pilot/batch_002/guides/chr22_500_guide_048/metrics.tsv	297	a091e344353f93c7f339b51c31ecd47f2bda81290d50d56d3e515ce06d4d27aa
raw/chr22_500_guides_20260810T040146_correctness_final/batches/correctness/columba/pilot/batch_002/guides/chr22_500_guide_048/output.paf	2601	bbff78e8edf6476d0dd0cdd76f512cb705b72cd1e357220e1a380dbd5cb5874e
raw/chr22_500_guides_20260810T040146_correctness_final/batches/correctness/columba/pilot/batch_002/guides/chr22_500_guide_048/stderr.txt	69543	8283bb72468ef0f7298ae906c23d010c0d48c6574a33364a533179130f8c4875
raw/chr22_500_guides_20260810T040146_correctness_final/batches/correctness/columba/pilot/batch_002/guides/chr22_500_guide_049/command.txt	566	6efa3f8a42a2efeae6d919316447726fd0ac941459439a3513106e90fd2c44b6
raw/chr22_500_guides_20260810T040146_correctness_final/batches/correctness/columba/pilot/batch_002/guides/chr22_500_guide_049/metrics.tsv	297	7c95517af40bb2c406a6bb2791821ab129b5739a0085c6d52b44d8bc9a1e36c4
raw/chr22_500_guides_20260810T040146_correctness_final/batches/correctness/columba/pilot/batch_002/guides/chr22_500_guide_049/output.paf	4224	44d5d6b7adfc0b35b70543957298439addcdfb050de5fb338e6ef8bd1e41df5e
raw/chr22_500_guides_20260810T040146_correctness_final/batches/correctness/columba/pilot/batch_002/guides/chr22_500_guide_049/stderr.txt	52049	1600c692317c48e8297093e9cbaa20fe89183be3f06ab88905f98e37a6794bb2
raw/chr22_500_guides_20260810T040146_correctness_final/batches/correctness/columba/pilot/batch_002/guides/chr22_500_guide_050/command.txt	566	efb86df7564dac84b61fbafe66c8c08d18560e51c208f4115c05225157aed286
raw/chr22_500_guides_20260810T040146_correctness_final/batches/correctness/columba/pilot/batch_002/guides/chr22_500_guide_050/metrics.tsv	295	1bd59be9718f476e14132cf01186c08e5c4c1240b188ca33382145f7bf2e3b20
raw/chr22_500_guides_20260810T040146_correctness_final/batches/correctness/columba/pilot/batch_002/guides/chr22_500_guide_050/output.paf	2163	900be0709880b5503da9492a11b7d3aa93c10e3913a03c74b99aed465d1b2a2a
raw/chr22_500_guides_20260810T040146_correctness_final/batches/correctness/columba/pilot/batch_002/guides/chr22_500_guide_050/stderr.txt	280	7bbe3936b44fe9e0e516ce71902e1484d852f4eb2a095393fe3a0fdda5ff65ae
raw/chr22_500_guides_20260810T040146_correctness_final/batches/correctness/columba/pilot/batch_003/SUCCESS	0	e3b0c44298fc1c149afbf4c8996fb92427ae41e4649b934ca495991b7852b855
raw/chr22_500_guides_20260810T040146_correctness_final/batches/correctness/columba/pilot/batch_003/environment.tsv	599	7a07cb71d13567e9780aedad1b8bfd999dc0ccf7a635bb643115b7c221c75608
raw/chr22_500_guides_20260810T040146_correctness_final/batches/correctness/columba/pilot/batch_003/guide_ids.txt	500	873714bdfe8467bdf7b9ff5612ea244533792a4e74ae5cf1b4d830ead9bebdc8
raw/chr22_500_guides_20260810T040146_correctness_final/batches/correctness/columba/pilot/batch_003/guide_order.sha256	303	4d240ab151f69371462aa622e15d7ab1afd78a29e1bbc82796cdf7604043061e
raw/chr22_500_guides_20260810T040146_correctness_final/batches/correctness/columba/pilot/batch_003/guide_order.txt	500	37ddcbdeadc00c336ef89e9d5976b1e172e8facd2ba75dfc369a3a3006e5cf28
raw/chr22_500_guides_20260810T040146_correctness_final/batches/correctness/columba/pilot/batch_003/guide_results.tsv	5508	30994115b1acef7ade636a63d6018d58e9fffea243d1324694e7839569283478
raw/chr22_500_guides_20260810T040146_correctness_final/batches/correctness/columba/pilot/batch_003/guides/chr22_500_guide_051/command.txt	566	b9aac115b01d9fd72c1af513fd2882d4d80d75153a3e9e310408752ac67e93d1
raw/chr22_500_guides_20260810T040146_correctness_final/batches/correctness/columba/pilot/batch_003/guides/chr22_500_guide_051/metrics.tsv	293	c0a8489c9f66efadf154613a94a22e995ef6263ca03b800aa61781413780757b
raw/chr22_500_guides_20260810T040146_correctness_final/batches/correctness/columba/pilot/batch_003/guides/chr22_500_guide_051/output.paf	2274	841db30991dc46ac4de30e5222f01879ae98785e0c882c7709a8449e78a2a38d
raw/chr22_500_guides_20260810T040146_correctness_final/batches/correctness/columba/pilot/batch_003/guides/chr22_500_guide_051/stderr.txt	0	e3b0c44298fc1c149afbf4c8996fb92427ae41e4649b934ca495991b7852b855
raw/chr22_500_guides_20260810T040146_correctness_final/batches/correctness/columba/pilot/batch_003/guides/chr22_500_guide_052/command.txt	566	cb4c20f287c0d2cc52597950f342d35b9dac626e0d86dfe0b692c03ae12d9539
raw/chr22_500_guides_20260810T040146_correctness_final/batches/correctness/columba/pilot/batch_003/guides/chr22_500_guide_052/metrics.tsv	293	8753dd79b5ab87e639ce94475019b7ec532795fd972840ea97aa835c72ce03cc
raw/chr22_500_guides_20260810T040146_correctness_final/batches/correctness/columba/pilot/batch_003/guides/chr22_500_guide_052/output.paf	2243	ec592648254199539685feee5357d093e2e1ec0b8ee82c9ce1e89057db95c2aa
raw/chr22_500_guides_20260810T040146_correctness_final/batches/correctness/columba/pilot/batch_003/guides/chr22_500_guide_052/stderr.txt	0	e3b0c44298fc1c149afbf4c8996fb92427ae41e4649b934ca495991b7852b855
raw/chr22_500_guides_20260810T040146_correctness_final/batches/correctness/columba/pilot/batch_003/guides/chr22_500_guide_053/command.txt	566	f29181319f1920a62ba7cdb3b159a6c3e9cf0644723b72e266e384f69e0acd2a
raw/chr22_500_guides_20260810T040146_correctness_final/batches/correctness/columba/pilot/batch_003/guides/chr22_500_guide_053/metrics.tsv	293	86383faef3ae82946ac9699368f9dcf8ceab5616ae40e6b4747100214f2e0a28
raw/chr22_500_guides_20260810T040146_correctness_final/batches/correctness/columba/pilot/batch_003/guides/chr22_500_guide_053/output.paf	2243	f06dfd6c22b697d7740aae04db98ec638592c858c0cf82fc80f657832a3c522b
raw/chr22_500_guides_20260810T040146_correctness_final/batches/correctness/columba/pilot/batch_003/guides/chr22_500_guide_053/stderr.txt	0	e3b0c44298fc1c149afbf4c8996fb92427ae41e4649b934ca495991b7852b855
raw/chr22_500_guides_20260810T040146_correctness_final/batches/correctness/columba/pilot/batch_003/guides/chr22_500_guide_054/command.txt	566	c67f9af7d9b1894675424d1315a2b45097c5ef554638b0f2f315f43ad024a84e
raw/chr22_500_guides_20260810T040146_correctness_final/batches/correctness/columba/pilot/batch_003/guides/chr22_500_guide_054/metrics.tsv	295	9183d4038d3adf92bda315c168c412ddee7998691f2afa5f1dc82527aafc8241
raw/chr22_500_guides_20260810T040146_correctness_final/batches/correctness/columba/pilot/batch_003/guides/chr22_500_guide_054/output.paf	103	08105a1cf5d022b79968633482eaa3ea3e17f900fbe591f469112bf46a5ae873
raw/chr22_500_guides_20260810T040146_correctness_final/batches/correctness/columba/pilot/batch_003/guides/chr22_500_guide_054/stderr.txt	1860	ab023f194a2c2b445057a30ea8dfd693140a577a54a9ab170b8bd40a7acd2110
raw/chr22_500_guides_20260810T040146_correctness_final/batches/correctness/columba/pilot/batch_003/guides/chr22_500_guide_055/command.txt	566	9110def20835b8e14d2c97a69cab7f437cc97f03e56ac63794168e7ef0ac3690
raw/chr22_500_guides_20260810T040146_correctness_final/batches/correctness/columba/pilot/batch_003/guides/chr22_500_guide_055/metrics.tsv	296	5c14eafafc7bd2bf4421a72090a35f2670c4f66da606e3f9fd5347be53925472
raw/chr22_500_guides_20260810T040146_correctness_final/batches/correctness/columba/pilot/batch_003/guides/chr22_500_guide_055/output.paf	5484	ee56b9e2db8b0459e41ba989c4df5510d5aa569b082d2ccdc6a5d68cd6f152c8
raw/chr22_500_guides_20260810T040146_correctness_final/batches/correctness/columba/pilot/batch_003/guides/chr22_500_guide_055/stderr.txt	8042	b93330407da42bb71ce92d3f3847868e7c7301862e17aa228a7bc96970700a12
raw/chr22_500_guides_20260810T040146_correctness_final/batches/correctness/columba/pilot/batch_003/guides/chr22_500_guide_056/command.txt	566	0bc64d157101557963e06477a5650a26a52f93d4ec7d65fe9c09cd0c9d2af10b
raw/chr22_500_guides_20260810T040146_correctness_final/batches/correctness/columba/pilot/batch_003/guides/chr22_500_guide_056/metrics.tsv	297	67e4dde0226d51ebeb477b02443c7c8bb546ca882879bd3186b77c2fb753325d
raw/chr22_500_guides_20260810T040146_correctness_final/batches/correctness/columba/pilot/batch_003/guides/chr22_500_guide_056/output.paf	3610	7a8c20e2ad03e1c7a443c73dc7732dbc6caab9afc73080eb6863402ddda119cb
raw/chr22_500_guides_20260810T040146_correctness_final/batches/correctness/columba/pilot/batch_003/guides/chr22_500_guide_056/stderr.txt	16349	f08ced51ac504f9f498d2c07f3b62523b630cf3a141a87544bc45c9877f715e8
raw/chr22_500_guides_20260810T040146_correctness_final/batches/correctness/columba/pilot/batch_003/guides/chr22_500_guide_057/command.txt	566	0c80106923de64f99dd1202b68ba5739326313046c6b35efd6c78eeedb22dcb8
raw/chr22_500_guides_20260810T040146_correctness_final/batches/correctness/columba/pilot/batch_003/guides/chr22_500_guide_057/metrics.tsv	295	cc897d742aef20995c0a6d91981784e5cce8e7aafdca959c3e152f86d32b3152
raw/chr22_500_guides_20260810T040146_correctness_final/batches/correctness/columba/pilot/batch_003/guides/chr22_500_guide_057/output.paf	103	75ea28648a2a653313216f9434a7a84692519cd4e1edcee69b342edd63c5477e
raw/chr22_500_guides_20260810T040146_correctness_final/batches/correctness/columba/pilot/batch_003/guides/chr22_500_guide_057/stderr.txt	1034	5af05998d4bdd35640268a5c41ffa8cda1ebe9610686723dfa215e5b2a08ea44
raw/chr22_500_guides_20260810T040146_correctness_final/batches/correctness/columba/pilot/batch_003/guides/chr22_500_guide_058/command.txt	566	59111a2ab63d33547c572328304fe36288c7cfb1ac9accbd49f81d2cdc0f78b3
raw/chr22_500_guides_20260810T040146_correctness_final/batches/correctness/columba/pilot/batch_003/guides/chr22_500_guide_058/metrics.tsv	292	2d0064b8fa09755a1ce54193df67e21efa16f1219339970c45baf4239e6cb3b9
raw/chr22_500_guides_20260810T040146_correctness_final/batches/correctness/columba/pilot/batch_003/guides/chr22_500_guide_058/output.paf	832	9b00eaabadec78eddf839955f38b2c49038c64b495db9fc7cba00a4c5b16c2fd
raw/chr22_500_guides_20260810T040146_correctness_final/batches/correctness/columba/pilot/batch_003/guides/chr22_500_guide_058/stderr.txt	0	e3b0c44298fc1c149afbf4c8996fb92427ae41e4649b934ca495991b7852b855
raw/chr22_500_guides_20260810T040146_correctness_final/batches/correctness/columba/pilot/batch_003/guides/chr22_500_guide_059/command.txt	566	f44f4127a21852ae3d6f312e67690fb3921dea2b28efeeb5dcad9ad7388506b5
raw/chr22_500_guides_20260810T040146_correctness_final/batches/correctness/columba/pilot/batch_003/guides/chr22_500_guide_059/metrics.tsv	298	767a3c148715bdd4fce4eb537f1c033964c124edf1f60cb35a4268978c324a71
raw/chr22_500_guides_20260810T040146_correctness_final/batches/correctness/columba/pilot/batch_003/guides/chr22_500_guide_059/output.paf	3899	11f27a826a355fa1f1b4cf5db1886f96dd2a2445e36fbe85ba0cb0c6b5f53500
raw/chr22_500_guides_20260810T040146_correctness_final/batches/correctness/columba/pilot/batch_003/guides/chr22_500_guide_059/stderr.txt	240515	ed584ca0d31fe15ec6ac2e353da94565c9b5e1d45192dbc504aa1775a3d088c6
raw/chr22_500_guides_20260810T040146_correctness_final/batches/correctness/columba/pilot/batch_003/guides/chr22_500_guide_060/command.txt	566	f6fb21bd18063a0edc8abfbe4bd135bd52e9473d55727e5ed7b780412e2bc8f0
raw/chr22_500_guides_20260810T040146_correctness_final/batches/correctness/columba/pilot/batch_003/guides/chr22_500_guide_060/metrics.tsv	300	bbbdbaa29d0088f5f9b58e021700e640773042ca46eed94ea8650073a1de8260
raw/chr22_500_guides_20260810T040146_correctness_final/batches/correctness/columba/pilot/batch_003/guides/chr22_500_guide_060/output.paf	149951	58268b20d8149be3bee94e14e24bd26143e0942b90d25fca95b6a8b0f7ae15e2
raw/chr22_500_guides_20260810T040146_correctness_final/batches/correctness/columba/pilot/batch_003/guides/chr22_500_guide_060/stderr.txt	415404	9123c1e6b8d3c907be13f3dd16131f8c3a09dc7aa5e3e2336635d523adfbe1ff
raw/chr22_500_guides_20260810T040146_correctness_final/batches/correctness/columba/pilot/batch_003/guides/chr22_500_guide_061/command.txt	566	3fa0a92b27d2accd8d17070da96bc628e3bbfd3c8da370959c0241e3642fdd56
raw/chr22_500_guides_20260810T040146_correctness_final/batches/correctness/columba/pilot/batch_003/guides/chr22_500_guide_061/metrics.tsv	296	af478a06ad9e77844cdc3a5c30c1d009d0741fdbf6b70a9c26c335de48d3b305
raw/chr22_500_guides_20260810T040146_correctness_final/batches/correctness/columba/pilot/batch_003/guides/chr22_500_guide_061/output.paf	1050	0b6cbe7e12be9458ae6e3bdc2c573f51f4bcd0d98614837918ef154c942b9d76
raw/chr22_500_guides_20260810T040146_correctness_final/batches/correctness/columba/pilot/batch_003/guides/chr22_500_guide_061/stderr.txt	8094	557e735046b33292f2d66bab6a148c1ac3011aed4031b55c92d053fb13a5949b
raw/chr22_500_guides_20260810T040146_correctness_final/batches/correctness/columba/pilot/batch_003/guides/chr22_500_guide_062/command.txt	566	f34df0542136c5a2d31643451afb89cca1b2b82defdab96f38a241a12a09e12d
raw/chr22_500_guides_20260810T040146_correctness_final/batches/correctness/columba/pilot/batch_003/guides/chr22_500_guide_062/metrics.tsv	294	673ae1886aa31a763c1070f4ce8a361fe13e4b71d075b59855de44d96f0deee0
raw/chr22_500_guides_20260810T040146_correctness_final/batches/correctness/columba/pilot/batch_003/guides/chr22_500_guide_062/output.paf	103	6326b7c857afa096b6327c79b7e53d81695f794da0e844e646896ba73816ffd5
raw/chr22_500_guides_20260810T040146_correctness_final/batches/correctness/columba/pilot/batch_003/guides/chr22_500_guide_062/stderr.txt	376	cf5a6cf93ad71b7047d7fc29c8f41b306afb893175dc32638a74932fa5895a26
raw/chr22_500_guides_20260810T040146_correctness_final/batches/correctness/columba/pilot/batch_003/guides/chr22_500_guide_063/command.txt	566	9310dbfbc83548b63deaa0d0cfe32c815e82a85b6458a95427fdab998ff2e214
raw/chr22_500_guides_20260810T040146_correctness_final/batches/correctness/columba/pilot/batch_003/guides/chr22_500_guide_063/metrics.tsv	293	4ae12cb2b76b98c02f4e48d326db6fc8bec76781d8f7f64f6c27d52ed769a3b0
raw/chr22_500_guides_20260810T040146_correctness_final/batches/correctness/columba/pilot/batch_003/guides/chr22_500_guide_063/output.paf	317	14d007c41b3efc0f49a5e3c8b2c1afbdbbf6448965f329277343a75661f62b72
raw/chr22_500_guides_20260810T040146_correctness_final/batches/correctness/columba/pilot/batch_003/guides/chr22_500_guide_063/stderr.txt	94	e6ce59b275084995153a3e9c40a4958a8a70855f475daac144376dd269a555ec
raw/chr22_500_guides_20260810T040146_correctness_final/batches/correctness/columba/pilot/batch_003/guides/chr22_500_guide_064/command.txt	566	83930a4b021a05d7a01e9fa97fd09ccf012a24f0c49474115094ba564f238835
raw/chr22_500_guides_20260810T040146_correctness_final/batches/correctness/columba/pilot/batch_003/guides/chr22_500_guide_064/metrics.tsv	293	74b59fc4b379063a38f59b1c49c1571a9d081ad1a4543e29edf22f9ee7e7aa9b
raw/chr22_500_guides_20260810T040146_correctness_final/batches/correctness/columba/pilot/batch_003/guides/chr22_500_guide_064/output.paf	208	09a44e214f313d41c48214908421d55f1a26ea3288be0e13299804f97f456f32
raw/chr22_500_guides_20260810T040146_correctness_final/batches/correctness/columba/pilot/batch_003/guides/chr22_500_guide_064/stderr.txt	94	7340353120ee52255f0adcd07da68ecd20e307e0e26cf8dcb3bf773152519427
raw/chr22_500_guides_20260810T040146_correctness_final/batches/correctness/columba/pilot/batch_003/guides/chr22_500_guide_065/command.txt	566	11169e0286a93396d0d0926a70454a16ab6e65ce6117fb0a157487d26d03fb03
raw/chr22_500_guides_20260810T040146_correctness_final/batches/correctness/columba/pilot/batch_003/guides/chr22_500_guide_065/metrics.tsv	294	abcfaab948c98424bcce53667c5dec3abc49388fb2e269c345fa4f2fee2b1c03
raw/chr22_500_guides_20260810T040146_correctness_final/batches/correctness/columba/pilot/batch_003/guides/chr22_500_guide_065/output.paf	103	c111cd0bca51d032b97ac4b793c9bd060c5756f007fffa13fed504799e72ded7
raw/chr22_500_guides_20260810T040146_correctness_final/batches/correctness/columba/pilot/batch_003/guides/chr22_500_guide_065/stderr.txt	188	86866744f224d38fbd2580ab352af60907685ef6da57264acbb1257b20971600
raw/chr22_500_guides_20260810T040146_correctness_final/batches/correctness/columba/pilot/batch_003/guides/chr22_500_guide_066/command.txt	566	faf52069411522023a9e6c313b992f81e248eb098a4dc29e026ee912c886a89a
raw/chr22_500_guides_20260810T040146_correctness_final/batches/correctness/columba/pilot/batch_003/guides/chr22_500_guide_066/metrics.tsv	294	ae511f1d06bbcb7dfc35c938e64b8539ba68b4aad743d9e91013bb6599c72330
raw/chr22_500_guides_20260810T040146_correctness_final/batches/correctness/columba/pilot/batch_003/guides/chr22_500_guide_066/output.paf	103	ab7135a79310941abc028089e7706255079f1d3db5459fd46b95054fbfde6edb
raw/chr22_500_guides_20260810T040146_correctness_final/batches/correctness/columba/pilot/batch_003/guides/chr22_500_guide_066/stderr.txt	470	0b35a61d36fde4c3b58e0f595d6667831d60dbaad864caacba105b940a7bec68
raw/chr22_500_guides_20260810T040146_correctness_final/batches/correctness/columba/pilot/batch_003/guides/chr22_500_guide_067/command.txt	566	6b34beedc85665046cfbc080a7795befa0f4b2e826dddd68c8271c9a26e1909b
raw/chr22_500_guides_20260810T040146_correctness_final/batches/correctness/columba/pilot/batch_003/guides/chr22_500_guide_067/metrics.tsv	299	d140b22825a488dfcaee7dfcb00c9d46cc0c3bb838124d0027717264281cfcf2
raw/chr22_500_guides_20260810T040146_correctness_final/batches/correctness/columba/pilot/batch_003/guides/chr22_500_guide_067/output.paf	62241	b832fdc4ca648da0a03e32b355befa25d9da8b5a65775b9990c9c6f75be0471b
raw/chr22_500_guides_20260810T040146_correctness_final/batches/correctness/columba/pilot/batch_003/guides/chr22_500_guide_067/stderr.txt	206929	c70cb6520a543b13436737957d489de2c78bb07f16ae6f6b1bf79bbaf4e0edd6
raw/chr22_500_guides_20260810T040146_correctness_final/batches/correctness/columba/pilot/batch_003/guides/chr22_500_guide_068/command.txt	566	83aacd4c60d2613d98d18e28c621cdc206a30f0b5b4a6a9f426c5c8472767e8f
raw/chr22_500_guides_20260810T040146_correctness_final/batches/correctness/columba/pilot/batch_003/guides/chr22_500_guide_068/metrics.tsv	297	01ed14e2557aadd6a3561ef71a2e0a137b5824c81430e2d7f5a61141281789c2
raw/chr22_500_guides_20260810T040146_correctness_final/batches/correctness/columba/pilot/batch_003/guides/chr22_500_guide_068/output.paf	20741	18fa726a0532763a6a720243b5476e8492d4a0e21d88972a1590a5cc86c18f36
raw/chr22_500_guides_20260810T040146_correctness_final/batches/correctness/columba/pilot/batch_003/guides/chr22_500_guide_068/stderr.txt	1118	738f0679665e7cbee0e7647775b7e47573cdbc33c7d7463d5c01f8c75b0b7b5f
raw/chr22_500_guides_20260810T040146_correctness_final/batches/correctness/columba/pilot/batch_003/guides/chr22_500_guide_069/command.txt	566	d1f2b043234ed7c8239a5604dda4b8061e8f9346b904b31ec7562de4dc8e03fc
raw/chr22_500_guides_20260810T040146_correctness_final/batches/correctness/columba/pilot/batch_003/guides/chr22_500_guide_069/metrics.tsv	296	f1d87e4fa6eb648a17cacb3920e16c17a726fba4b5a2f4a45b6ad973a0d755d4
raw/chr22_500_guides_20260810T040146_correctness_final/batches/correctness/columba/pilot/batch_003/guides/chr22_500_guide_069/output.paf	103	10798f7b18b6dd224fe51359cb5fbfe45011ce2323ed7d0f27f0e92ecda0388b
raw/chr22_500_guides_20260810T040146_correctness_final/batches/correctness/columba/pilot/batch_003/guides/chr22_500_guide_069/stderr.txt	14607	1784cbe926dd58541272a852bd2d777146a73ff0cb499126b1409ee29fe291a4
raw/chr22_500_guides_20260810T040146_correctness_final/batches/correctness/columba/pilot/batch_003/guides/chr22_500_guide_070/command.txt	566	868954463704f64e18be9973363ff0e4196fbf9135557971b91ecd9f8ee7dc55
raw/chr22_500_guides_20260810T040146_correctness_final/batches/correctness/columba/pilot/batch_003/guides/chr22_500_guide_070/metrics.tsv	301	c014db2f43664cc6e3de95f453c7de7b8027b9827aca31c73abc0d277f6fb124
raw/chr22_500_guides_20260810T040146_correctness_final/batches/correctness/columba/pilot/batch_003/guides/chr22_500_guide_070/output.paf	15550	89ed8b8d0de9b02b45bd1eac76e766ef999887464e6196de09f0376c1e63ff33
raw/chr22_500_guides_20260810T040146_correctness_final/batches/correctness/columba/pilot/batch_003/guides/chr22_500_guide_070/stderr.txt	3322241	5d04d31c762977eac028b47bf38f47b9a83ed21db8c020671d12c47bcb595dc5
raw/chr22_500_guides_20260810T040146_correctness_final/batches/correctness/columba/pilot/batch_003/guides/chr22_500_guide_071/command.txt	566	3a3f304a940a0ff8f77b96cec3e65abbaeb96342066ebaf8906fc6e8af832edb
raw/chr22_500_guides_20260810T040146_correctness_final/batches/correctness/columba/pilot/batch_003/guides/chr22_500_guide_071/metrics.tsv	297	32ea787d9e688440ddd431948ea5f8f929241cca670a4c9749b57c71828f8ee8
raw/chr22_500_guides_20260810T040146_correctness_final/batches/correctness/columba/pilot/batch_003/guides/chr22_500_guide_071/output.paf	3424	464b4a7379a065c8f24635419036f163ac2079205036b32871edb1cbc20d43b1
raw/chr22_500_guides_20260810T040146_correctness_final/batches/correctness/columba/pilot/batch_003/guides/chr22_500_guide_071/stderr.txt	51947	45680b948708bcce80bf0f6f3afaae5bb641e75913f77a6c41343e5f163aa523
raw/chr22_500_guides_20260810T040146_correctness_final/batches/correctness/columba/pilot/batch_003/guides/chr22_500_guide_072/command.txt	566	09478b7a30a17dedfae139fa6c171f801114ee0b6a98942a63f4de59311b01a3
raw/chr22_500_guides_20260810T040146_correctness_final/batches/correctness/columba/pilot/batch_003/guides/chr22_500_guide_072/metrics.tsv	298	8cf780c0d9344b8719f0c8028d91b378954fbc7a464d6beb2053582abe0874ef
raw/chr22_500_guides_20260810T040146_correctness_final/batches/correctness/columba/pilot/batch_003/guides/chr22_500_guide_072/output.paf	42393	175fac6477ad65cfd4d0a3a28b2bdd07a935af4f68fd41df0b52ebf871808672
raw/chr22_500_guides_20260810T040146_correctness_final/batches/correctness/columba/pilot/batch_003/guides/chr22_500_guide_072/stderr.txt	69840	3de0ed9eb4502307a5e447c7bcd298d1bb88863dd46e7e99c29953a6709828d4
raw/chr22_500_guides_20260810T040146_correctness_final/batches/correctness/columba/pilot/batch_003/guides/chr22_500_guide_073/command.txt	566	6f85a81139438099cf88df9c702b2dcb7eb18bc38f8c9e9f77b60365bccccaeb
raw/chr22_500_guides_20260810T040146_correctness_final/batches/correctness/columba/pilot/batch_003/guides/chr22_500_guide_073/metrics.tsv	299	77d36c39e8f8f5c9fb4e5b3bb025d5716fc4d91401e4d98a2781b63c909bb694
raw/chr22_500_guides_20260810T040146_correctness_final/batches/correctness/columba/pilot/batch_003/guides/chr22_500_guide_073/output.paf	12831	14607790ed2c2aa20854f98797286082d4f4e662c4918ba18d80b5c7cabdc3a3
raw/chr22_500_guides_20260810T040146_correctness_final/batches/correctness/columba/pilot/batch_003/guides/chr22_500_guide_073/stderr.txt	830122	42f93d194038db849260c18f78fe52cdc58775b7f60fd7a14fdf15a6b1f00b50
raw/chr22_500_guides_20260810T040146_correctness_final/batches/correctness/columba/pilot/batch_003/guides/chr22_500_guide_074/command.txt	566	184cc0a42666dac5ab964d9e3e1bed2bdcc8eeb3c1fdb2c4ec23e9ec944c49a7
raw/chr22_500_guides_20260810T040146_correctness_final/batches/correctness/columba/pilot/batch_003/guides/chr22_500_guide_074/metrics.tsv	294	36fd80909b97c752c4358a5f444a36a92f6d27beb96b2bc0449a59d94106da7a
raw/chr22_500_guides_20260810T040146_correctness_final/batches/correctness/columba/pilot/batch_003/guides/chr22_500_guide_074/output.paf	416	b8219aed6e489c9c4fa0a533151aa99c22593825075d01ea0be7b4876a8b5deb
raw/chr22_500_guides_20260810T040146_correctness_final/batches/correctness/columba/pilot/batch_003/guides/chr22_500_guide_074/stderr.txt	469	c9eac62497ce2ee5bb32b209a9cc6da7e2a5d83ef2f591f53ca681dba5f1529e
raw/chr22_500_guides_20260810T040146_correctness_final/batches/correctness/columba/pilot/batch_003/guides/chr22_500_guide_075/command.txt	566	7257b163bd2ceaf419a3a0b0865812027f741a95add7a43983c5fddac6ee9795
raw/chr22_500_guides_20260810T040146_correctness_final/batches/correctness/columba/pilot/batch_003/guides/chr22_500_guide_075/metrics.tsv	294	16c3c84c2444fb42e0fd66b8026108154dc0817362e63d77c38559163df95140
raw/chr22_500_guides_20260810T040146_correctness_final/batches/correctness/columba/pilot/batch_003/guides/chr22_500_guide_075/output.paf	103	5f1787da1d7bf0626939c26621201f9de70b2ac17f865e493ff03038a3e9315f
raw/chr22_500_guides_20260810T040146_correctness_final/batches/correctness/columba/pilot/batch_003/guides/chr22_500_guide_075/stderr.txt	374	4cba2eea06e21c79bab305ea008dcddbc66b27086cbe6c85f7ec96bdefdc96cf
raw/chr22_500_guides_20260810T040146_correctness_final/batches/correctness/columba/pilot/batch_004/SUCCESS	0	e3b0c44298fc1c149afbf4c8996fb92427ae41e4649b934ca495991b7852b855
raw/chr22_500_guides_20260810T040146_correctness_final/batches/correctness/columba/pilot/batch_004/environment.tsv	599	7ce3652c4588495d48ee2cca06846fbba19577de3bdda89b336d9d9f64bdaebb
raw/chr22_500_guides_20260810T040146_correctness_final/batches/correctness/columba/pilot/batch_004/guide_ids.txt	500	3e3c46dffeb4348e0aad070ba8449e7c7dd4d9cb2c3c340082ef66f398bd4906
raw/chr22_500_guides_20260810T040146_correctness_final/batches/correctness/columba/pilot/batch_004/guide_order.sha256	303	c415c9ca8c25cda233f85ea6e7459ce2bbdf375ec6ce014d15ae9e09ae59af38
raw/chr22_500_guides_20260810T040146_correctness_final/batches/correctness/columba/pilot/batch_004/guide_order.txt	500	47f0d859e09d0bac439bc002ec4ccaebba3e264d60e09e657dba3f50752ddf3d
raw/chr22_500_guides_20260810T040146_correctness_final/batches/correctness/columba/pilot/batch_004/guide_results.tsv	5495	6ac1b34fd5d3ff6ad6e30f380b27041cdc96b5b2860e41ed8631b50ce1aed6c5
raw/chr22_500_guides_20260810T040146_correctness_final/batches/correctness/columba/pilot/batch_004/guides/chr22_500_guide_076/command.txt	566	14e42954c67ca9a8dc9d407db14a172146a09323b6d8e8ee082ffc364c9f36aa
raw/chr22_500_guides_20260810T040146_correctness_final/batches/correctness/columba/pilot/batch_004/guides/chr22_500_guide_076/metrics.tsv	294	b7e2295b3960c5b23a490a68137e65aadaf617f7e268a4efffc8f10f57ccb9c6
raw/chr22_500_guides_20260810T040146_correctness_final/batches/correctness/columba/pilot/batch_004/guides/chr22_500_guide_076/output.paf	626	0f5f207f370a122525e81363ebed1b12d2c9ada1888dbcdbbc91b0cb2a481d8c
raw/chr22_500_guides_20260810T040146_correctness_final/batches/correctness/columba/pilot/batch_004/guides/chr22_500_guide_076/stderr.txt	187	7def432da96c5bcbe520f226d237945ec6841180f82ffa8a41e9e9ef10a1709a
raw/chr22_500_guides_20260810T040146_correctness_final/batches/correctness/columba/pilot/batch_004/guides/chr22_500_guide_077/command.txt	566	69ee1b19500673f40a3091efdb65461b0a3d9a3451b249218b5e79da7b4d4b9d
raw/chr22_500_guides_20260810T040146_correctness_final/batches/correctness/columba/pilot/batch_004/guides/chr22_500_guide_077/metrics.tsv	298	a3bc48081c7d88d83c288ec5e0fdbd31745fbd37d3b33b730ce891a3334b1a2c
raw/chr22_500_guides_20260810T040146_correctness_final/batches/correctness/columba/pilot/batch_004/guides/chr22_500_guide_077/output.paf	1151	01eff103f53992e674cd4091197ade662b1f7be74e97328d4418a9fd6ab9ab89
raw/chr22_500_guides_20260810T040146_correctness_final/batches/correctness/columba/pilot/batch_004/guides/chr22_500_guide_077/stderr.txt	256357	c0edb623b2395d026ded1b0d3ea99087303be1ae34dd2c9171adbee82fe1698c
raw/chr22_500_guides_20260810T040146_correctness_final/batches/correctness/columba/pilot/batch_004/guides/chr22_500_guide_078/command.txt	566	ab87ceda319234113f9e03631f0dfbb8da9676ca62b1867b0bec9e79bb986ec4
raw/chr22_500_guides_20260810T040146_correctness_final/batches/correctness/columba/pilot/batch_004/guides/chr22_500_guide_078/metrics.tsv	295	2ca54b644bc72ffe1e8a70540007da72e2d2524ad8fa5b0f41202a66c7a3fad0
raw/chr22_500_guides_20260810T040146_correctness_final/batches/correctness/columba/pilot/batch_004/guides/chr22_500_guide_078/output.paf	103	664ca84d364b11b722ac1aa282d988cb26faa580c3801fc71e980d0a2785483d
raw/chr22_500_guides_20260810T040146_correctness_final/batches/correctness/columba/pilot/batch_004/guides/chr22_500_guide_078/stderr.txt	6603	647a3c26fb0f04ad019100c4ab0390ab87ed5c84aadfe7a252bca70b1e3bd96d
raw/chr22_500_guides_20260810T040146_correctness_final/batches/correctness/columba/pilot/batch_004/guides/chr22_500_guide_079/command.txt	566	377c874274053047e046d88ec7e6ecdd86d571570daee1e7c875658ff478b565
raw/chr22_500_guides_20260810T040146_correctness_final/batches/correctness/columba/pilot/batch_004/guides/chr22_500_guide_079/metrics.tsv	294	6801144a7c1b6471b4c9852e46da83ad90c37a1320b603d96e5083ec743ac632
raw/chr22_500_guides_20260810T040146_correctness_final/batches/correctness/columba/pilot/batch_004/guides/chr22_500_guide_079/output.paf	418	afb3a2baa61d27fcc6390dabab10c0341036168166da5891947bbfcee3778b38
raw/chr22_500_guides_20260810T040146_correctness_final/batches/correctness/columba/pilot/batch_004/guides/chr22_500_guide_079/stderr.txt	562	ff873412894078ef6ef205b13ca72e5ff12617085dc3f394412279ed33f28d02
raw/chr22_500_guides_20260810T040146_correctness_final/batches/correctness/columba/pilot/batch_004/guides/chr22_500_guide_080/command.txt	566	03f44c8c82b261d3658d9f9e904d1acd611ccec4199ea867ee350445d82f9dd2
raw/chr22_500_guides_20260810T040146_correctness_final/batches/correctness/columba/pilot/batch_004/guides/chr22_500_guide_080/metrics.tsv	294	f04602353dedb96a11ff71ada85311dc37c784998eb8ec74b0ab5d19952ff470
raw/chr22_500_guides_20260810T040146_correctness_final/batches/correctness/columba/pilot/batch_004/guides/chr22_500_guide_080/output.paf	103	a16a21db2b49ee59d414351e5cfc085e7f1c9e271758fd01d69580f32ad1a0c2
raw/chr22_500_guides_20260810T040146_correctness_final/batches/correctness/columba/pilot/batch_004/guides/chr22_500_guide_080/stderr.txt	469	4dfa4eebc9c5b4f4a82f5df597ce34d51b63bda2c3f0de7967b9d4dae3d321a0
raw/chr22_500_guides_20260810T040146_correctness_final/batches/correctness/columba/pilot/batch_004/guides/chr22_500_guide_081/command.txt	566	fb797a89058b346d5f3f9666979e8c71e7e270fd39b54983f1f738e4d315f62f
raw/chr22_500_guides_20260810T040146_correctness_final/batches/correctness/columba/pilot/batch_004/guides/chr22_500_guide_081/metrics.tsv	295	4d302105675488d9cd822b9614d762237d9f26e7aa46955da50037e474aeeb04
raw/chr22_500_guides_20260810T040146_correctness_final/batches/correctness/columba/pilot/batch_004/guides/chr22_500_guide_081/output.paf	103	87c90ab44d2432526cac1bcee02421cabf106882291b8473d5af856bbf6654a7
raw/chr22_500_guides_20260810T040146_correctness_final/batches/correctness/columba/pilot/batch_004/guides/chr22_500_guide_081/stderr.txt	5690	aa5f535485a04a0d6548f604fa5ad48e5ff270bd7b6e49efcc24849a24737b3c
raw/chr22_500_guides_20260810T040146_correctness_final/batches/correctness/columba/pilot/batch_004/guides/chr22_500_guide_082/command.txt	566	b2048f35377f68bb0cb9a175cb81e3ba5dfff6188b2bf0b98f66002d5b2c34c1
raw/chr22_500_guides_20260810T040146_correctness_final/batches/correctness/columba/pilot/batch_004/guides/chr22_500_guide_082/metrics.tsv	296	996a1e77690aa789e4ed109baf8a79d3ada604d4ce12c388750def91ea2157ef
raw/chr22_500_guides_20260810T040146_correctness_final/batches/correctness/columba/pilot/batch_004/guides/chr22_500_guide_082/output.paf	319	6f3c5867d5dbbd7f3b78e08e7b3300064d91c4ed629fff6eb12b41e686b01435
raw/chr22_500_guides_20260810T040146_correctness_final/batches/correctness/columba/pilot/batch_004/guides/chr22_500_guide_082/stderr.txt	34373	36b2282653998fc4b0f58ec158c3e0e6f5f7972aaf158c94c7642f14b59a47cf
raw/chr22_500_guides_20260810T040146_correctness_final/batches/correctness/columba/pilot/batch_004/guides/chr22_500_guide_083/command.txt	566	52f4557e649aa46e4411ae140673c301db79070be95346be56434101def0adb8
raw/chr22_500_guides_20260810T040146_correctness_final/batches/correctness/columba/pilot/batch_004/guides/chr22_500_guide_083/metrics.tsv	298	48883ccef3780f5acc837ab076553314cd98a029688ff7c09af697d79955ce32
raw/chr22_500_guides_20260810T040146_correctness_final/batches/correctness/columba/pilot/batch_004/guides/chr22_500_guide_083/output.paf	6925	443c9733648206d43672a968d8e97952afd65a9f31ce05d9d0565f64b1ea8a38
raw/chr22_500_guides_20260810T040146_correctness_final/batches/correctness/columba/pilot/batch_004/guides/chr22_500_guide_083/stderr.txt	523774	34e2228fdcbf823acbc1cf9a4520426f2726ceee2e2c487a482723b0e27f4c06
raw/chr22_500_guides_20260810T040146_correctness_final/batches/correctness/columba/pilot/batch_004/guides/chr22_500_guide_084/command.txt	566	ef5eb750486e6a777005e014b9539527cefc32f2e7d1911556bf662146814a53
raw/chr22_500_guides_20260810T040146_correctness_final/batches/correctness/columba/pilot/batch_004/guides/chr22_500_guide_084/metrics.tsv	298	ae0c4fcc60ddab558f75cced6f59ed53241a915bcea9e846d7ce08c36c97ab3f
raw/chr22_500_guides_20260810T040146_correctness_final/batches/correctness/columba/pilot/batch_004/guides/chr22_500_guide_084/output.paf	12619	d402adfea529962d3944e928919008f9a65f3ac8e471dee261aeb5aec4192c48
raw/chr22_500_guides_20260810T040146_correctness_final/batches/correctness/columba/pilot/batch_004/guides/chr22_500_guide_084/stderr.txt	87943	6beba3a70e3f992f090fd4e796fb70b5d6eac3f95004faf026557a0a55251079
raw/chr22_500_guides_20260810T040146_correctness_final/batches/correctness/columba/pilot/batch_004/guides/chr22_500_guide_085/command.txt	566	431ec19876f14c9ef704ca2c0c146c3f5857ab3e187e5aca1e7be672b7f00899
raw/chr22_500_guides_20260810T040146_correctness_final/batches/correctness/columba/pilot/batch_004/guides/chr22_500_guide_085/metrics.tsv	296	e0623e11d5781c877f5af59f1d6f20c53ba6f49655b3a402a167dedcd8a695f6
raw/chr22_500_guides_20260810T040146_correctness_final/batches/correctness/columba/pilot/batch_004/guides/chr22_500_guide_085/output.paf	103	a50b7bd87092a6e4a876b6a1b30167fc798e551762ded744e8cec689a47f6f55
raw/chr22_500_guides_20260810T040146_correctness_final/batches/correctness/columba/pilot/batch_004/guides/chr22_500_guide_085/stderr.txt	15685	0403a04a2f3326b7701979e1d0c9fa547fa91ab530f8fd99c6ae2a1bd6119591
raw/chr22_500_guides_20260810T040146_correctness_final/batches/correctness/columba/pilot/batch_004/guides/chr22_500_guide_086/command.txt	566	ace630d86e7a09c7484ee1d486c00b90e883c88693f0e4ab486a311d6d387719
raw/chr22_500_guides_20260810T040146_correctness_final/batches/correctness/columba/pilot/batch_004/guides/chr22_500_guide_086/metrics.tsv	295	e278e0d322bc8e9c52ac9517182e34f293ce3018e04ddaf27a5d2ed4d67cc412
raw/chr22_500_guides_20260810T040146_correctness_final/batches/correctness/columba/pilot/batch_004/guides/chr22_500_guide_086/output.paf	824	caf56a8d80186a132b4bbfd8a735de6b36912b11490c792bf72261e8e5cde4c3
raw/chr22_500_guides_20260810T040146_correctness_final/batches/correctness/columba/pilot/batch_004/guides/chr22_500_guide_086/stderr.txt	4756	050c924a95a143b2754fac5cd4c71a0d204bd6c77539986f3a3a766a322e39c3
raw/chr22_500_guides_20260810T040146_correctness_final/batches/correctness/columba/pilot/batch_004/guides/chr22_500_guide_087/command.txt	566	a7360e3514673f075ec12b96f4591d0abbeabaa1c159c35ece32d02eb7ed704a
raw/chr22_500_guides_20260810T040146_correctness_final/batches/correctness/columba/pilot/batch_004/guides/chr22_500_guide_087/metrics.tsv	295	6d12dbffeda63dbcc600f3d3ce9a2c2559f656d0f5afdd267814ef8ba8cde9aa
raw/chr22_500_guides_20260810T040146_correctness_final/batches/correctness/columba/pilot/batch_004/guides/chr22_500_guide_087/output.paf	208	f25a4d850004ee4c2741be2af70583a16f5f628dcdefe40556a4f787f77266ee
raw/chr22_500_guides_20260810T040146_correctness_final/batches/correctness/columba/pilot/batch_004/guides/chr22_500_guide_087/stderr.txt	7949	bd92a88d08c1fa2b3f682dc5255097cddbbd159c36caca2ecc29814711545576
raw/chr22_500_guides_20260810T040146_correctness_final/batches/correctness/columba/pilot/batch_004/guides/chr22_500_guide_088/command.txt	566	75e2baf188655797b05e9bcc7c7c52978a0f9ab393a9a0f9137f5c027fc04b28
raw/chr22_500_guides_20260810T040146_correctness_final/batches/correctness/columba/pilot/batch_004/guides/chr22_500_guide_088/metrics.tsv	296	70b1954b091abd3c26b120d37e40fa5ac77b15dbb0d32cc67c81d98dd73e6be6
raw/chr22_500_guides_20260810T040146_correctness_final/batches/correctness/columba/pilot/batch_004/guides/chr22_500_guide_088/output.paf	208	5c632dfc921b715b635c61d386497b7131eb4348bb520ea4a5cd13ab53ef1e7a
raw/chr22_500_guides_20260810T040146_correctness_final/batches/correctness/columba/pilot/batch_004/guides/chr22_500_guide_088/stderr.txt	43109	23e8f4ffff162fdc2e25089c32203c22ccb5ac9c66770c9b5d4a6408cc154ffb
raw/chr22_500_guides_20260810T040146_correctness_final/batches/correctness/columba/pilot/batch_004/guides/chr22_500_guide_089/command.txt	566	48d9537f03aba8bc13cb765b287ac71c4f2085fb60073f6b4c29607b7e0d7aa1
raw/chr22_500_guides_20260810T040146_correctness_final/batches/correctness/columba/pilot/batch_004/guides/chr22_500_guide_089/metrics.tsv	293	ecfee12983f708b8d4f9660eace23e0358c5fd7c2bbf6b27a271c358bad45a3c
raw/chr22_500_guides_20260810T040146_correctness_final/batches/correctness/columba/pilot/batch_004/guides/chr22_500_guide_089/output.paf	721	435669ee46eb24c8f7ec4039557ae1485d92adeba07ce04f76f3032c4dd179c5
raw/chr22_500_guides_20260810T040146_correctness_final/batches/correctness/columba/pilot/batch_004/guides/chr22_500_guide_089/stderr.txt	93	24cd2e6a4b5650df77901fb0bbf759a30fb2ddf3a5abc4701088887f394766b0
raw/chr22_500_guides_20260810T040146_correctness_final/batches/correctness/columba/pilot/batch_004/guides/chr22_500_guide_090/command.txt	566	1bd7e2fa84abcc72d67a2e78a83fab0329c7d74a7c0960dbf3ffdabfe58859a7
raw/chr22_500_guides_20260810T040146_correctness_final/batches/correctness/columba/pilot/batch_004/guides/chr22_500_guide_090/metrics.tsv	295	a80ab3d41ae4e5dfeb1c5039dabfe4b3888b64aa1cfeccad9140b745dbcfd1b2
raw/chr22_500_guides_20260810T040146_correctness_final/batches/correctness/columba/pilot/batch_004/guides/chr22_500_guide_090/output.paf	103	1a674244aec8ea25c8e0b9a4c719f1dd7a3136cbd5f87feb87b53bc75bbf29fb
raw/chr22_500_guides_20260810T040146_correctness_final/batches/correctness/columba/pilot/batch_004/guides/chr22_500_guide_090/stderr.txt	1126	a57155a9cef5751288db8dd5a37d6bbc9fe9d2b69d3f0dad7f65201ee77eab7c
raw/chr22_500_guides_20260810T040146_correctness_final/batches/correctness/columba/pilot/batch_004/guides/chr22_500_guide_091/command.txt	566	5fe38f1f1b2449ae26f267e817156d8fe83901fde2755ef83ea271f10b031e4e
raw/chr22_500_guides_20260810T040146_correctness_final/batches/correctness/columba/pilot/batch_004/guides/chr22_500_guide_091/metrics.tsv	294	0272a441bb482e6a43cb5a46fd30444499f2ebbde05d0edb67c96422769bd51b
raw/chr22_500_guides_20260810T040146_correctness_final/batches/correctness/columba/pilot/batch_004/guides/chr22_500_guide_091/output.paf	103	3b1208d36a7808228471f8be766844c38fb5b98323d1d2f58e690839f7fb8d80
raw/chr22_500_guides_20260810T040146_correctness_final/batches/correctness/columba/pilot/batch_004/guides/chr22_500_guide_091/stderr.txt	469	c987746dab1aefd1154d93fee3ceb0b5e57c026a3298baef3bbea8273ced27ea
raw/chr22_500_guides_20260810T040146_correctness_final/batches/correctness/columba/pilot/batch_004/guides/chr22_500_guide_092/command.txt	566	1ef71c90a8625abe421a39ac68603b8833dcd9f0901f0ba0dfe66c4dbdb735cc
raw/chr22_500_guides_20260810T040146_correctness_final/batches/correctness/columba/pilot/batch_004/guides/chr22_500_guide_092/metrics.tsv	299	ca7fc0da9500ff43842a0ed5b5fa8b5d46a305f2d38a57de3ef97ce230c7dbc6
raw/chr22_500_guides_20260810T040146_correctness_final/batches/correctness/columba/pilot/batch_004/guides/chr22_500_guide_092/output.paf	16103	f000d58c8750591a2c7cb091213b22bba518d7f9c05eb7175dccfe211f9bfb08
raw/chr22_500_guides_20260810T040146_correctness_final/batches/correctness/columba/pilot/batch_004/guides/chr22_500_guide_092/stderr.txt	214823	3b7a13444398ba7ca1c4957d456aa00242fbb59bc8fc85d529e581d34e7d746f
raw/chr22_500_guides_20260810T040146_correctness_final/batches/correctness/columba/pilot/batch_004/guides/chr22_500_guide_093/command.txt	566	c296de5e3bf06c1c788e61e8d9053d04b4211a0935d94f8679e75efe74d67409
raw/chr22_500_guides_20260810T040146_correctness_final/batches/correctness/columba/pilot/batch_004/guides/chr22_500_guide_093/metrics.tsv	295	c1104e619d05bb2d854adeae5e3257526ddeb452f5bb778a60413ca30955b391
raw/chr22_500_guides_20260810T040146_correctness_final/batches/correctness/columba/pilot/batch_004/guides/chr22_500_guide_093/output.paf	103	6cdd7ce54810d5bc4f6f9e343cba7e89b5868d4aa230081223fa53049a31ac4f
raw/chr22_500_guides_20260810T040146_correctness_final/batches/correctness/columba/pilot/batch_004/guides/chr22_500_guide_093/stderr.txt	1766	dc56e723a41ad2b033072b1d35240963852ef67de09ef8478a44d1daa4a0e78a
raw/chr22_500_guides_20260810T040146_correctness_final/batches/correctness/columba/pilot/batch_004/guides/chr22_500_guide_094/command.txt	566	bcb268e96c837eb223d4824cd6b3ccf61fbf0cdb408d90b4e9a76733ec0a7b9f
raw/chr22_500_guides_20260810T040146_correctness_final/batches/correctness/columba/pilot/batch_004/guides/chr22_500_guide_094/metrics.tsv	296	afeee7dc415e924c5bfdb9a7d80f6ef85a96f00f77bc85bebba50b86efbec306
raw/chr22_500_guides_20260810T040146_correctness_final/batches/correctness/columba/pilot/batch_004/guides/chr22_500_guide_094/output.paf	3099	948bcbfadc9596d923485f837f309e44ffa937d6b9b444a5fb02ea8581e87245
raw/chr22_500_guides_20260810T040146_correctness_final/batches/correctness/columba/pilot/batch_004/guides/chr22_500_guide_094/stderr.txt	3725	79efc16fa62b4f0a95cfc9be0cc611a7bf821b00bc1b0bd65bd02cad0eab4573
raw/chr22_500_guides_20260810T040146_correctness_final/batches/correctness/columba/pilot/batch_004/guides/chr22_500_guide_095/command.txt	566	ef4327ffbba7b9b6bc945be747fe3502a6e255681c05bea0f128a60648187d50
raw/chr22_500_guides_20260810T040146_correctness_final/batches/correctness/columba/pilot/batch_004/guides/chr22_500_guide_095/metrics.tsv	296	6cdbb278ed95f66d110eded9f48518e6de726d316f96235fec564e109d35f9d7
raw/chr22_500_guides_20260810T040146_correctness_final/batches/correctness/columba/pilot/batch_004/guides/chr22_500_guide_095/output.paf	103	78d56e6029a238e55e698734f6c34371645440cad14a3a34379e3a5d6cc8429a
raw/chr22_500_guides_20260810T040146_correctness_final/batches/correctness/columba/pilot/batch_004/guides/chr22_500_guide_095/stderr.txt	40830	a2f3102c792c3df23476f6bb4758a0972129d992dbc20ef0ee3164f5f6882b83
raw/chr22_500_guides_20260810T040146_correctness_final/batches/correctness/columba/pilot/batch_004/guides/chr22_500_guide_096/command.txt	566	e02028032c99c3a8a871267b588af0a15bcaee6396771e341edbb179cb33b9f2
raw/chr22_500_guides_20260810T040146_correctness_final/batches/correctness/columba/pilot/batch_004/guides/chr22_500_guide_096/metrics.tsv	296	7a39e6302b3d7cffa130de14ccdd144ced23ca7804a735ce9586a516fd65822d
raw/chr22_500_guides_20260810T040146_correctness_final/batches/correctness/columba/pilot/batch_004/guides/chr22_500_guide_096/output.paf	103	e4df6fa89a3b0e0120f2158b3532f9d4a6e42d02734646aca7d1906347f68735
raw/chr22_500_guides_20260810T040146_correctness_final/batches/correctness/columba/pilot/batch_004/guides/chr22_500_guide_096/stderr.txt	18729	034fd5f80e41ec35f4feb3e12a1ac57998e2443d058e5e18f13ebf5ab2369fe4
raw/chr22_500_guides_20260810T040146_correctness_final/batches/correctness/columba/pilot/batch_004/guides/chr22_500_guide_097/command.txt	566	271b28c01220e4f80a83f40e5cdb446fb3335dfe1f9bd65512774687c1edb726
raw/chr22_500_guides_20260810T040146_correctness_final/batches/correctness/columba/pilot/batch_004/guides/chr22_500_guide_097/metrics.tsv	295	64f1c83324032f8a990b72791244f6b61549f18b6109522fb35a1538ff65fb17
raw/chr22_500_guides_20260810T040146_correctness_final/batches/correctness/columba/pilot/batch_004/guides/chr22_500_guide_097/output.paf	208	58d3088e520d927bbad11c9787cefba9db56844eefd70fc7274612710d6213b5
raw/chr22_500_guides_20260810T040146_correctness_final/batches/correctness/columba/pilot/batch_004/guides/chr22_500_guide_097/stderr.txt	1027	91dd8610d687ca8fe292f44ccbc98eff7f0a64598355b67ba2671dae0642b737
raw/chr22_500_guides_20260810T040146_correctness_final/batches/correctness/columba/pilot/batch_004/guides/chr22_500_guide_098/command.txt	566	3d6c4d5ae462056631517cc4658879656edee22c7d7ce64248e801b26b4d3f46
raw/chr22_500_guides_20260810T040146_correctness_final/batches/correctness/columba/pilot/batch_004/guides/chr22_500_guide_098/metrics.tsv	296	a4bafbdd9eecd8672aa5896f60e88ff07cc274c6d60368e059c84f4a7df4ea77
raw/chr22_500_guides_20260810T040146_correctness_final/batches/correctness/columba/pilot/batch_004/guides/chr22_500_guide_098/output.paf	759	e201d7cfc5ec4a9979af6c9a236130b8f36d6e0e4dcfef596b106dbc39010303
raw/chr22_500_guides_20260810T040146_correctness_final/batches/correctness/columba/pilot/batch_004/guides/chr22_500_guide_098/stderr.txt	76628	b458b467a03688a50351b56d6e3c449c56ad4edc944351aafb91ac49def2d89e
raw/chr22_500_guides_20260810T040146_correctness_final/batches/correctness/columba/pilot/batch_004/guides/chr22_500_guide_099/command.txt	566	bfa07caf473d75db69c2a0ff5057b1db51f12deffb80a8447250662f368f200e
raw/chr22_500_guides_20260810T040146_correctness_final/batches/correctness/columba/pilot/batch_004/guides/chr22_500_guide_099/metrics.tsv	298	81e012c3c734a5ecca87654e948f7205f253ac517f7a812b8f34e500ac038fc7
raw/chr22_500_guides_20260810T040146_correctness_final/batches/correctness/columba/pilot/batch_004/guides/chr22_500_guide_099/output.paf	44730	e0c841ff70caf229925c42271dc89b4f97cfa520605d74e679a65d4a270624d4
raw/chr22_500_guides_20260810T040146_correctness_final/batches/correctness/columba/pilot/batch_004/guides/chr22_500_guide_099/stderr.txt	50420	3cf35464a1122905c66fcae5b1d5189b97f7967d4ebdbef8403b1ca3216ec463
raw/chr22_500_guides_20260810T040146_correctness_final/batches/correctness/columba/pilot/batch_004/guides/chr22_500_guide_100/command.txt	566	56697d35a8e37cbc35b17ad4a254068bd0fd4733628e2d70913ef75b5a9c1901
raw/chr22_500_guides_20260810T040146_correctness_final/batches/correctness/columba/pilot/batch_004/guides/chr22_500_guide_100/metrics.tsv	297	5762bd296d071866908bcfbc5932b341c6697991709db0f4aeb79cb65ef718a6
raw/chr22_500_guides_20260810T040146_correctness_final/batches/correctness/columba/pilot/batch_004/guides/chr22_500_guide_100/output.paf	751	6dc27402611c5897094988dd29db1a7c81bb640bd33c2bcd2edd331da526f95c
raw/chr22_500_guides_20260810T040146_correctness_final/batches/correctness/columba/pilot/batch_004/guides/chr22_500_guide_100/stderr.txt	156954	29509256720ec18e82b0ffd96d83ff775c438ac7ef60fc85cd049054356df38b
raw/chr22_500_guides_20260810T040146_correctness_final/batches/correctness/columba/pilot/batch_005/SUCCESS	0	e3b0c44298fc1c149afbf4c8996fb92427ae41e4649b934ca495991b7852b855
raw/chr22_500_guides_20260810T040146_correctness_final/batches/correctness/columba/pilot/batch_005/environment.tsv	599	5d04b64c299b46d200043d892683f2fb5630bd5ec5883ac0d5e80c2b03260e46
raw/chr22_500_guides_20260810T040146_correctness_final/batches/correctness/columba/pilot/batch_005/guide_ids.txt	500	95ba5561d9113d90b655034aebbf1efc7b94cd87ec0ed3f9b820a5c7a244d295
raw/chr22_500_guides_20260810T040146_correctness_final/batches/correctness/columba/pilot/batch_005/guide_order.sha256	303	99cb1c51d76fbe098b18c8a4f55c35cc08a27cce5d57089c515706e1ff835a70
raw/chr22_500_guides_20260810T040146_correctness_final/batches/correctness/columba/pilot/batch_005/guide_order.txt	500	85161ad7eea6438e84a163952d52844c1901253cc1c4b3da42d84497665073cf
raw/chr22_500_guides_20260810T040146_correctness_final/batches/correctness/columba/pilot/batch_005/guide_results.tsv	5505	7eed55a2682a7efde46cc2c5d00ff4f06790f6d9844a3a17b847301effb3e9e3
raw/chr22_500_guides_20260810T040146_correctness_final/batches/correctness/columba/pilot/batch_005/guides/chr22_500_guide_101/command.txt	566	add623d847086fbc392c529562b4b73f123c293423f08bef723c136f508d79e5
raw/chr22_500_guides_20260810T040146_correctness_final/batches/correctness/columba/pilot/batch_005/guides/chr22_500_guide_101/metrics.tsv	297	7955a77019aec4783f90702824a215a01ad8a35776480b188dc4b874bb5b45d3
raw/chr22_500_guides_20260810T040146_correctness_final/batches/correctness/columba/pilot/batch_005/guides/chr22_500_guide_101/output.paf	638	47e1fdce9aed179ae91336af9f3427e346b81c1516b1506ea44c7ac44e50a3cb
raw/chr22_500_guides_20260810T040146_correctness_final/batches/correctness/columba/pilot/batch_005/guides/chr22_500_guide_101/stderr.txt	59296	92c42033eeeb9aa506c0bec7fdf1104d0c3777c474f85e85480ad8d5dc7f7af6
raw/chr22_500_guides_20260810T040146_correctness_final/batches/correctness/columba/pilot/batch_005/guides/chr22_500_guide_102/command.txt	566	d0e892740d7b95f0394329c9f2c35905d4a9a5944889ee4a25399dd0ce153fad
raw/chr22_500_guides_20260810T040146_correctness_final/batches/correctness/columba/pilot/batch_005/guides/chr22_500_guide_102/metrics.tsv	296	15f628f383f94d35a038b58f4824b08843676eef0ea2fd3c222907f37d6078d0
raw/chr22_500_guides_20260810T040146_correctness_final/batches/correctness/columba/pilot/batch_005/guides/chr22_500_guide_102/output.paf	860	bc012fee47aabb62fc68539b6ec0a0735b880c5eb93ba880cdd2894a791c62b3
raw/chr22_500_guides_20260810T040146_correctness_final/batches/correctness/columba/pilot/batch_005/guides/chr22_500_guide_102/stderr.txt	18359	64de5f357da6591a46db8031cba7625902901ade5ad96b163f45ddfd462aebe6
raw/chr22_500_guides_20260810T040146_correctness_final/batches/correctness/columba/pilot/batch_005/guides/chr22_500_guide_103/command.txt	566	f9050ea994c56a1d1281887bb0fc83f4193c34c12335ce9829084521f61c8def
raw/chr22_500_guides_20260810T040146_correctness_final/batches/correctness/columba/pilot/batch_005/guides/chr22_500_guide_103/metrics.tsv	294	576b1c2b8836e2c59a465ac7b499731dd348ca5c31e9b269b62bba857cffef6e
raw/chr22_500_guides_20260810T040146_correctness_final/batches/correctness/columba/pilot/batch_005/guides/chr22_500_guide_103/output.paf	105	70d3142b6438b2233c1a63a2ac833233a13a2d75bf75339f1fccaff2fa81b453
raw/chr22_500_guides_20260810T040146_correctness_final/batches/correctness/columba/pilot/batch_005/guides/chr22_500_guide_103/stderr.txt	652	d56d96fe98b333f362ee9bd6376532e8bc00f0bfcb42456116b5b2cd748bb70d
raw/chr22_500_guides_20260810T040146_correctness_final/batches/correctness/columba/pilot/batch_005/guides/chr22_500_guide_104/command.txt	566	2abdcafe176945f684b1e6f2fd21e080f3e97ef4a1cd0fae40accaf5055d0071
raw/chr22_500_guides_20260810T040146_correctness_final/batches/correctness/columba/pilot/batch_005/guides/chr22_500_guide_104/metrics.tsv	294	b6356c69c75078a5b98aab22293b7ca541fd72304dfd67821d94d4760c5ed858
raw/chr22_500_guides_20260810T040146_correctness_final/batches/correctness/columba/pilot/batch_005/guides/chr22_500_guide_104/output.paf	105	1a566c323545c0de5dbd25e42db62374e240ce4299b47e835e757a21598da936
raw/chr22_500_guides_20260810T040146_correctness_final/batches/correctness/columba/pilot/batch_005/guides/chr22_500_guide_104/stderr.txt	186	08d20456f53b1dc81a710bb71d2819d8895a5e6fcd98e7a7ab7756dc0f4cbd8d
raw/chr22_500_guides_20260810T040146_correctness_final/batches/correctness/columba/pilot/batch_005/guides/chr22_500_guide_105/command.txt	566	d894da9156c32c1ad9f9a371559159d3d13de7c6e0428acaf066197826fd7c26
raw/chr22_500_guides_20260810T040146_correctness_final/batches/correctness/columba/pilot/batch_005/guides/chr22_500_guide_105/metrics.tsv	298	e35853984804d81560fba16776c7f02f0b08538b73a9cf6d8be560f9d3047715
raw/chr22_500_guides_20260810T040146_correctness_final/batches/correctness/columba/pilot/batch_005/guides/chr22_500_guide_105/output.paf	8718	6f059c4e0726c2fa1884434f4f975ace5c96e3d6c6b37c77b4364307c7aeea84
raw/chr22_500_guides_20260810T040146_correctness_final/batches/correctness/columba/pilot/batch_005/guides/chr22_500_guide_105/stderr.txt	111512	c0bd084dfe927a47b34af71cb0deaf32edb03482ccc22ac6739c89c80863d4eb
raw/chr22_500_guides_20260810T040146_correctness_final/batches/correctness/columba/pilot/batch_005/guides/chr22_500_guide_106/command.txt	566	15a15fdc13ed4da0dca82004aa2382dfa565e797f50f59e5e1b69457c4d0d804
raw/chr22_500_guides_20260810T040146_correctness_final/batches/correctness/columba/pilot/batch_005/guides/chr22_500_guide_106/metrics.tsv	297	c085a8eb013ca20e006c712744ce713afca5fc53490b259bb2bb77c8691b9d34
raw/chr22_500_guides_20260810T040146_correctness_final/batches/correctness/columba/pilot/batch_005/guides/chr22_500_guide_106/output.paf	2031	cd02d79cb88b58688e1a381cb9a027fc12e8f2c8ba13c33dfac7051358dc3aa5
raw/chr22_500_guides_20260810T040146_correctness_final/batches/correctness/columba/pilot/batch_005/guides/chr22_500_guide_106/stderr.txt	17094	33a3e9ab5bcdae1fbaad18fea1e55b76f8450f8567f049a34fc88646e0393f86
raw/chr22_500_guides_20260810T040146_correctness_final/batches/correctness/columba/pilot/batch_005/guides/chr22_500_guide_107/command.txt	566	23f44ab691e2b268b3f3cca5fe7eb16821ba893ed2b85bb3b6a8c408b07207e6
raw/chr22_500_guides_20260810T040146_correctness_final/batches/correctness/columba/pilot/batch_005/guides/chr22_500_guide_107/metrics.tsv	295	c770b8d6f389a085cc8198a9e5e5838c9342a29a8d489bd4bc0cf79d39f486f6
raw/chr22_500_guides_20260810T040146_correctness_final/batches/correctness/columba/pilot/batch_005/guides/chr22_500_guide_107/output.paf	105	37774d4819ec468762743e89b36baf9deaaa8cc267fbe9bd5aed95319efd242c
raw/chr22_500_guides_20260810T040146_correctness_final/batches/correctness/columba/pilot/batch_005/guides/chr22_500_guide_107/stderr.txt	5436	1746dc10e1af88335e4a12e5a7eb1b37aa40dc243ef6125524e365e80bcd8cfa
raw/chr22_500_guides_20260810T040146_correctness_final/batches/correctness/columba/pilot/batch_005/guides/chr22_500_guide_108/command.txt	566	6b4efbf55dd6e3bf25a65b5e28b7a2092729c8bb72fffea26760e282eea23625
raw/chr22_500_guides_20260810T040146_correctness_final/batches/correctness/columba/pilot/batch_005/guides/chr22_500_guide_108/metrics.tsv	297	1c5ec2b59d50a6d973befedf995f4378de3625286af76e9220c97364b3eb66d0
raw/chr22_500_guides_20260810T040146_correctness_final/batches/correctness/columba/pilot/batch_005/guides/chr22_500_guide_108/output.paf	105	6b72b7d58a6bb9700568183d8342e8f3bc79c45ffa1f7e46c161effbf9985c5d
raw/chr22_500_guides_20260810T040146_correctness_final/batches/correctness/columba/pilot/batch_005/guides/chr22_500_guide_108/stderr.txt	592188	1bdc42a6859b8b52c1db369907a7439fdf814d31ad0591c6948691ed396edcd1
raw/chr22_500_guides_20260810T040146_correctness_final/batches/correctness/columba/pilot/batch_005/guides/chr22_500_guide_109/command.txt	566	47bcb6ba5d40c3a08e168ef400bb9b85cd0d8ebe04477a9bac4cd1e9bb4a8f3d
raw/chr22_500_guides_20260810T040146_correctness_final/batches/correctness/columba/pilot/batch_005/guides/chr22_500_guide_109/metrics.tsv	294	49ef8395c0ea5571986384e1b7544446c3092b0a73eafc9d726ee88ea45fd818
raw/chr22_500_guides_20260810T040146_correctness_final/batches/correctness/columba/pilot/batch_005/guides/chr22_500_guide_109/output.paf	105	461291dcaf2e80e2a23a63e67f89a5c96faac00ade45a6b2fbf5f72f52e4e359
raw/chr22_500_guides_20260810T040146_correctness_final/batches/correctness/columba/pilot/batch_005/guides/chr22_500_guide_109/stderr.txt	845	5f6cf12d24efc302c0b18feb3261423ab8eaf500a0ce00eaad330309e72d69b8
raw/chr22_500_guides_20260810T040146_correctness_final/batches/correctness/columba/pilot/batch_005/guides/chr22_500_guide_110/command.txt	566	9cd5e6ce06ad5e8513810fb1efff975c31ad519cbd4a7ab71caaf8d574ede9e2
raw/chr22_500_guides_20260810T040146_correctness_final/batches/correctness/columba/pilot/batch_005/guides/chr22_500_guide_110/metrics.tsv	294	62cf8f3e88628e91637a9e30e7884481dc33f0dcdfc6b58c7e71fef47294ab26
raw/chr22_500_guides_20260810T040146_correctness_final/batches/correctness/columba/pilot/batch_005/guides/chr22_500_guide_110/output.paf	313	27bec362626af993604055a79ddb94b53597029f4bc27af25949739b8d89a154
raw/chr22_500_guides_20260810T040146_correctness_final/batches/correctness/columba/pilot/batch_005/guides/chr22_500_guide_110/stderr.txt	282	856c1e604acf1d18e0451c19303335814fbefe1662bcd31770ac6fbd63b99f21
raw/chr22_500_guides_20260810T040146_correctness_final/batches/correctness/columba/pilot/batch_005/guides/chr22_500_guide_111/command.txt	566	5ae8c9bb763bd45fbb8b232439e0f069ec4a19baf0a099d2e91ec646b0cddea1
raw/chr22_500_guides_20260810T040146_correctness_final/batches/correctness/columba/pilot/batch_005/guides/chr22_500_guide_111/metrics.tsv	298	cec287538d6f74627f17996719179c0060bb0be13d6547e8f9e35037a0b7fd43
raw/chr22_500_guides_20260810T040146_correctness_final/batches/correctness/columba/pilot/batch_005/guides/chr22_500_guide_111/output.paf	13754	179bedd0173a0b747757db4c53a52508aac9e4581ee9bb1f9aacaacbb5eacc88
raw/chr22_500_guides_20260810T040146_correctness_final/batches/correctness/columba/pilot/batch_005/guides/chr22_500_guide_111/stderr.txt	39750	4c72477b8ccb96aa672d0bbc91a353c395ad47db86ef2da8043a34637674b8fd
raw/chr22_500_guides_20260810T040146_correctness_final/batches/correctness/columba/pilot/batch_005/guides/chr22_500_guide_112/command.txt	566	4fef1c0182a6c7c98c0d62189e033c860a840e3c932579ae506de695fbf6b278
raw/chr22_500_guides_20260810T040146_correctness_final/batches/correctness/columba/pilot/batch_005/guides/chr22_500_guide_112/metrics.tsv	294	b624e68d928d5a57be161ae29632af6580840de71af18bb9a2581ad09025d8b6
raw/chr22_500_guides_20260810T040146_correctness_final/batches/correctness/columba/pilot/batch_005/guides/chr22_500_guide_112/output.paf	105	85e8ddbe1f41d07d2fccefdd6deb60b8cfcf17a64f052215c84a68e7db0e8e8d
raw/chr22_500_guides_20260810T040146_correctness_final/batches/correctness/columba/pilot/batch_005/guides/chr22_500_guide_112/stderr.txt	657	00005e9cafd4a8cb6f19096d8e9d54632eb6e89875c5030196a944fd19e92013
raw/chr22_500_guides_20260810T040146_correctness_final/batches/correctness/columba/pilot/batch_005/guides/chr22_500_guide_113/command.txt	566	70ccd8838041ffb2b91a0368ef5d937990570a77e556ba08b90bf9c13cf759b1
raw/chr22_500_guides_20260810T040146_correctness_final/batches/correctness/columba/pilot/batch_005/guides/chr22_500_guide_113/metrics.tsv	297	21ae5964bb3e5a3efe148ccbb27980a97d8de21c9fedc15c05632e9ebe24cfd1
raw/chr22_500_guides_20260810T040146_correctness_final/batches/correctness/columba/pilot/batch_005/guides/chr22_500_guide_113/output.paf	16229	5664c285cf2f5ae0137ca1a22d1cb40e7231faecf6a27ae4223e67a75ccdd033
raw/chr22_500_guides_20260810T040146_correctness_final/batches/correctness/columba/pilot/batch_005/guides/chr22_500_guide_113/stderr.txt	3475	94dca88f98f958fa1bf19db4e20642e9042142e03f3cac411aff6176a087ef1e
raw/chr22_500_guides_20260810T040146_correctness_final/batches/correctness/columba/pilot/batch_005/guides/chr22_500_guide_114/command.txt	566	da7acb7f2b464b93ff035a6bdb4d5421aaf3b12a66cda28369ff957ffbf83624
raw/chr22_500_guides_20260810T040146_correctness_final/batches/correctness/columba/pilot/batch_005/guides/chr22_500_guide_114/metrics.tsv	296	43289f7039c4f71a516dd1c4bc4d309135cc011d846bd818bc2b401d9ac1159d
raw/chr22_500_guides_20260810T040146_correctness_final/batches/correctness/columba/pilot/batch_005/guides/chr22_500_guide_114/output.paf	212	e99f1464fbfcc616cef25166c640673d4d2c6afce038f7bef369c4bf5c6e0046
raw/chr22_500_guides_20260810T040146_correctness_final/batches/correctness/columba/pilot/batch_005/guides/chr22_500_guide_114/stderr.txt	15409	5191b50bee9c5d1e030d6bcab94554cbe0961661f1dfd7d8bdc4c6696e1b3586
raw/chr22_500_guides_20260810T040146_correctness_final/batches/correctness/columba/pilot/batch_005/guides/chr22_500_guide_115/command.txt	566	ef29f04571e0a761422bff6e6c261ad2ec2566fae5e5130d29fd8752b532e21e
raw/chr22_500_guides_20260810T040146_correctness_final/batches/correctness/columba/pilot/batch_005/guides/chr22_500_guide_115/metrics.tsv	298	3014b865c322e2407e9d3db30650a9e82f3a8122a2a9facf1db7dff5e3364dbb
raw/chr22_500_guides_20260810T040146_correctness_final/batches/correctness/columba/pilot/batch_005/guides/chr22_500_guide_115/output.paf	5380	01ac7302e9a199c7d238bd19b09ca939f8fa4847c9f04e0179d582f6c398c3d7
raw/chr22_500_guides_20260810T040146_correctness_final/batches/correctness/columba/pilot/batch_005/guides/chr22_500_guide_115/stderr.txt	101769	46de4e2c695015b0cda6cde7c4d5a192765539cf7ca9b535b36b5be39d0e618f
raw/chr22_500_guides_20260810T040146_correctness_final/batches/correctness/columba/pilot/batch_005/guides/chr22_500_guide_116/command.txt	566	71d223e6c74e3e2a791b270fcabc35084b3630ad1ae8806f571c52d2e0488852
raw/chr22_500_guides_20260810T040146_correctness_final/batches/correctness/columba/pilot/batch_005/guides/chr22_500_guide_116/metrics.tsv	297	b27a4248c816c515b2cdf85d459bb02d895883cdee5342fc6eac436a5a7456b5
raw/chr22_500_guides_20260810T040146_correctness_final/batches/correctness/columba/pilot/batch_005/guides/chr22_500_guide_116/output.paf	1623	2c3100dc7c5e040102ad698cc36b85dd84a89471db4410bc85aa8535ac672828
raw/chr22_500_guides_20260810T040146_correctness_final/batches/correctness/columba/pilot/batch_005/guides/chr22_500_guide_116/stderr.txt	54409	10c4a9caa0af0e60d557e748006ab42c160e4f100b7e5d1bcac1c7a205f9e803
raw/chr22_500_guides_20260810T040146_correctness_final/batches/correctness/columba/pilot/batch_005/guides/chr22_500_guide_117/command.txt	566	bcc0c96a49cc27f0eaf649d3762b43e51cb1ef52c05c481137affd8a3bc5e0be
raw/chr22_500_guides_20260810T040146_correctness_final/batches/correctness/columba/pilot/batch_005/guides/chr22_500_guide_117/metrics.tsv	303	01e0d61717f112f28ced301d80de61a2f0e2f89b476a1a957c62b1b0d536ad3b
raw/chr22_500_guides_20260810T040146_correctness_final/batches/correctness/columba/pilot/batch_005/guides/chr22_500_guide_117/output.paf	358053	09dbe95198ae57879a9ba57ad4c855a45956a0ac2d97e2c6002e6651f7e06ddc
raw/chr22_500_guides_20260810T040146_correctness_final/batches/correctness/columba/pilot/batch_005/guides/chr22_500_guide_117/stderr.txt	3904595	090ac31dbde80cb5241fae47410a81ff6d12c362cba45acc52fc695ee6ea62a0
raw/chr22_500_guides_20260810T040146_correctness_final/batches/correctness/columba/pilot/batch_005/guides/chr22_500_guide_118/command.txt	566	6e346420d30f1215f572c1198ebba67285f3255da0f7399a940e5815edb3d384
raw/chr22_500_guides_20260810T040146_correctness_final/batches/correctness/columba/pilot/batch_005/guides/chr22_500_guide_118/metrics.tsv	296	51e833809cd900ec905c3815c06b383c164898d6f5df9579fd75be149b99d298
raw/chr22_500_guides_20260810T040146_correctness_final/batches/correctness/columba/pilot/batch_005/guides/chr22_500_guide_118/output.paf	214	bcee63120e7a1ad9985f53ede79aec2d8e27e6be8190904374c9bd2675cce1d4
raw/chr22_500_guides_20260810T040146_correctness_final/batches/correctness/columba/pilot/batch_005/guides/chr22_500_guide_118/stderr.txt	89840	20e0d047a90eb941c28e7c3eadd3682e2d2baa7519ca17df715655ce2d25a138
raw/chr22_500_guides_20260810T040146_correctness_final/batches/correctness/columba/pilot/batch_005/guides/chr22_500_guide_119/command.txt	566	1d22e4c23ccff07b8173fd5906e12a9ee663d9d82685a296abdd0d9b1c2f6d43
raw/chr22_500_guides_20260810T040146_correctness_final/batches/correctness/columba/pilot/batch_005/guides/chr22_500_guide_119/metrics.tsv	294	e22534f932e73b9afafed30320889a344d65c1cb37a4e4b2317bf7dcf80002d5
raw/chr22_500_guides_20260810T040146_correctness_final/batches/correctness/columba/pilot/batch_005/guides/chr22_500_guide_119/output.paf	105	4f436688014fdfd449b313b2c3b687063981e5e245571a9db7c8a5711487b353
raw/chr22_500_guides_20260810T040146_correctness_final/batches/correctness/columba/pilot/batch_005/guides/chr22_500_guide_119/stderr.txt	843	e68dade42491d3ddd00a5ea23d9612e962e69a59342f84ff18b674ac32a011cb
raw/chr22_500_guides_20260810T040146_correctness_final/batches/correctness/columba/pilot/batch_005/guides/chr22_500_guide_120/command.txt	566	83f25ab2762f53c6086204925af59967f04c71966d2c5c4ef6d8699e941a7755
raw/chr22_500_guides_20260810T040146_correctness_final/batches/correctness/columba/pilot/batch_005/guides/chr22_500_guide_120/metrics.tsv	294	ad3788d919035323f8f0b7924e09e487cc39d3655caa95a57377f532537196e7
raw/chr22_500_guides_20260810T040146_correctness_final/batches/correctness/columba/pilot/batch_005/guides/chr22_500_guide_120/output.paf	212	ecc4ab1da9f54fe98fb3daf081c50f8ea2bc6926d495e1ff393f5acdd6c088ba
raw/chr22_500_guides_20260810T040146_correctness_final/batches/correctness/columba/pilot/batch_005/guides/chr22_500_guide_120/stderr.txt	187	f833aa958a5f495183f5e033de42f6d8afe91f350e8ce2ca33fa066375294a37
raw/chr22_500_guides_20260810T040146_correctness_final/batches/correctness/columba/pilot/batch_005/guides/chr22_500_guide_121/command.txt	566	7076d967c75c02bab5f7c6ce45a42b7110c8025455e967d61eb61fc9cda5e856
raw/chr22_500_guides_20260810T040146_correctness_final/batches/correctness/columba/pilot/batch_005/guides/chr22_500_guide_121/metrics.tsv	294	d1228f5d5eb3a405d6c48d73cebe2ad308d4f24c71408c2e2d893948e004ccef
raw/chr22_500_guides_20260810T040146_correctness_final/batches/correctness/columba/pilot/batch_005/guides/chr22_500_guide_121/output.paf	105	9c2d6c2960fe78f86540e1be27182c28b286fce8b9592387bfeac03889c6dae5
raw/chr22_500_guides_20260810T040146_correctness_final/batches/correctness/columba/pilot/batch_005/guides/chr22_500_guide_121/stderr.txt	469	2704842ada9d3b25ab43a512905eaa1dcc85b9bcbfe559d667b7abe3b0e51ad2
raw/chr22_500_guides_20260810T040146_correctness_final/batches/correctness/columba/pilot/batch_005/guides/chr22_500_guide_122/command.txt	566	9e63321827dec044e07727e12f315a4e357ab8dfda92181928b6e4503cf90ed0
raw/chr22_500_guides_20260810T040146_correctness_final/batches/correctness/columba/pilot/batch_005/guides/chr22_500_guide_122/metrics.tsv	299	2d21e65d8eb4d241554af481c2bc807ea4a412e82913a4946982e73181536a64
raw/chr22_500_guides_20260810T040146_correctness_final/batches/correctness/columba/pilot/batch_005/guides/chr22_500_guide_122/output.paf	10841	e1d81e7c216feb9f8c237c0eedea03fa224a1765de1eab7c995bc6d566e9f684
raw/chr22_500_guides_20260810T040146_correctness_final/batches/correctness/columba/pilot/batch_005/guides/chr22_500_guide_122/stderr.txt	317240	fa2962666f6ecfea439cb94a57f945780bd0bc50d24174783c93c173399d6001
raw/chr22_500_guides_20260810T040146_correctness_final/batches/correctness/columba/pilot/batch_005/guides/chr22_500_guide_123/command.txt	566	c9d3511d3258b4919e14690f782a111dd5b294b9f7d7f83afbd4fe3c7f861b7c
raw/chr22_500_guides_20260810T040146_correctness_final/batches/correctness/columba/pilot/batch_005/guides/chr22_500_guide_123/metrics.tsv	300	7d57cf1ac709ae1692ee7228ef7ee0fa8275dd9045a2b116204fa721c0b034f5
raw/chr22_500_guides_20260810T040146_correctness_final/batches/correctness/columba/pilot/batch_005/guides/chr22_500_guide_123/output.paf	360399	2bcf3c36d3005ad0fb22c942310e9ac2be633eecc1be15596d48b67e278c7fd2
raw/chr22_500_guides_20260810T040146_correctness_final/batches/correctness/columba/pilot/batch_005/guides/chr22_500_guide_123/stderr.txt	685114	bbeec566678f9402686af8dfc82c742950a8cca1a8132401323a9ab6a130af25
raw/chr22_500_guides_20260810T040146_correctness_final/batches/correctness/columba/pilot/batch_005/guides/chr22_500_guide_124/command.txt	566	98514a80a7fb6984e8b06127ab2af6212bb5cee13fb247a7be0a7cb1fdd47f93
raw/chr22_500_guides_20260810T040146_correctness_final/batches/correctness/columba/pilot/batch_005/guides/chr22_500_guide_124/metrics.tsv	295	554b1dbaf9c0511ffa126be003b002e443f3ec445f44ea93f8978628388e1727
raw/chr22_500_guides_20260810T040146_correctness_final/batches/correctness/columba/pilot/batch_005/guides/chr22_500_guide_124/output.paf	206	7ddcecb77c47003c6c62506f5862a316222350a1edaf66e6e74fcc576be502f2
raw/chr22_500_guides_20260810T040146_correctness_final/batches/correctness/columba/pilot/batch_005/guides/chr22_500_guide_124/stderr.txt	2063	213ee66155794bcd4dee7a5fdd1bb0ddbe438f8dae8ead99c8735a54676fcdba
raw/chr22_500_guides_20260810T040146_correctness_final/batches/correctness/columba/pilot/batch_005/guides/chr22_500_guide_125/command.txt	566	a2dfd47a94f94ee6f13d5ea7142fa45ac21298dad50176a9c2b8f93c806d8e32
raw/chr22_500_guides_20260810T040146_correctness_final/batches/correctness/columba/pilot/batch_005/guides/chr22_500_guide_125/metrics.tsv	297	3da75c4c787024f0691a1d0bb4402ceb8c7f89b95e0461ba0ed361f97c59a92b
raw/chr22_500_guides_20260810T040146_correctness_final/batches/correctness/columba/pilot/batch_005/guides/chr22_500_guide_125/output.paf	866	492725d20fe9d5db2f1a91b2b31a147e495881c5f222ae8be30d996373d87e6c
raw/chr22_500_guides_20260810T040146_correctness_final/batches/correctness/columba/pilot/batch_005/guides/chr22_500_guide_125/stderr.txt	203792	e298661cf0d8d1d5fe7f9c04271caba45fbbdd2766f8279fa3a0ee1a9b98f4de
raw/chr22_500_guides_20260810T040146_correctness_final/batches/correctness/columba/pilot/batch_006/SUCCESS	0	e3b0c44298fc1c149afbf4c8996fb92427ae41e4649b934ca495991b7852b855
raw/chr22_500_guides_20260810T040146_correctness_final/batches/correctness/columba/pilot/batch_006/environment.tsv	599	f9e1bb0b8af91099213baf9f5aaf8cf925dbf546d7561db6df7c87ee13bc91e2
raw/chr22_500_guides_20260810T040146_correctness_final/batches/correctness/columba/pilot/batch_006/guide_ids.txt	500	2e774f5ea6ebed9260f4364eb7e89016f9b18a8634995dadc3597ae490401421
raw/chr22_500_guides_20260810T040146_correctness_final/batches/correctness/columba/pilot/batch_006/guide_order.sha256	303	1600c666bd608798b1f2a95b1380f5a5a4831ed3508a40277b50a432cfe20586
raw/chr22_500_guides_20260810T040146_correctness_final/batches/correctness/columba/pilot/batch_006/guide_order.txt	500	e389a40926e7bc96b4492aca8f9fcb2fdde47cc9037fff4613e3ad02976ca895
raw/chr22_500_guides_20260810T040146_correctness_final/batches/correctness/columba/pilot/batch_006/guide_results.tsv	5526	ac0352b37f3d2f000c5d4444b5d52bb8ac8673d196bb2ddfb5a574059f6607e5
raw/chr22_500_guides_20260810T040146_correctness_final/batches/correctness/columba/pilot/batch_006/guides/chr22_500_guide_126/command.txt	566	c8cd3b154e331c0277a13ad5e1ab92edf5f4559ef83e3951fb6474e8e57d12b1
raw/chr22_500_guides_20260810T040146_correctness_final/batches/correctness/columba/pilot/batch_006/guides/chr22_500_guide_126/metrics.tsv	300	84e8d8725af5695f5c5815d80d299af38dbe9874c87be88f37f3e666c5b74ebe
raw/chr22_500_guides_20260810T040146_correctness_final/batches/correctness/columba/pilot/batch_006/guides/chr22_500_guide_126/output.paf	210267	57abc546a36dcb61b89f5b1a7615a43135f0663d7af96d10fe70563776e0fedf
raw/chr22_500_guides_20260810T040146_correctness_final/batches/correctness/columba/pilot/batch_006/guides/chr22_500_guide_126/stderr.txt	15604	d6d0d8ebd689ebdb64d55389b0665e52a54f191a330b356a04014bf858fdbcbd
raw/chr22_500_guides_20260810T040146_correctness_final/batches/correctness/columba/pilot/batch_006/guides/chr22_500_guide_127/command.txt	566	f1c8d57678357324af9d5eedb00fbd82aaa7ec32464197f8b88eb17fd09537d4
raw/chr22_500_guides_20260810T040146_correctness_final/batches/correctness/columba/pilot/batch_006/guides/chr22_500_guide_127/metrics.tsv	298	49a3a6c8b55ee9d85e9f5af70b21da7d49248abad170b8bc38ddeb4c192a6d08
raw/chr22_500_guides_20260810T040146_correctness_final/batches/correctness/columba/pilot/batch_006/guides/chr22_500_guide_127/output.paf	2067	0c012868d6ea02fcbad0e3f44baa2a7e59ef03fb923ef2aa79007230f065f303
raw/chr22_500_guides_20260810T040146_correctness_final/batches/correctness/columba/pilot/batch_006/guides/chr22_500_guide_127/stderr.txt	206127	fc37767c92591ebde142bbb7c381093addca59df9d10e9e2c0f3a2dfb244573c
raw/chr22_500_guides_20260810T040146_correctness_final/batches/correctness/columba/pilot/batch_006/guides/chr22_500_guide_128/command.txt	566	13ba028df906384e3b2a1de8a1618c80cdcff5fdbce9f5fe963de5984996dc7b
raw/chr22_500_guides_20260810T040146_correctness_final/batches/correctness/columba/pilot/batch_006/guides/chr22_500_guide_128/metrics.tsv	298	d62be0d160bcd05b0bcc1436da76f721efcfad55c8cc4933027576f56510849f
raw/chr22_500_guides_20260810T040146_correctness_final/batches/correctness/columba/pilot/batch_006/guides/chr22_500_guide_128/output.paf	6840	74ee2057f2511f0387c90decf264283593386e47d9b30347bc9921ddcc60dd17
raw/chr22_500_guides_20260810T040146_correctness_final/batches/correctness/columba/pilot/batch_006/guides/chr22_500_guide_128/stderr.txt	763944	24451543d4981af6965232fc89a42aae084c85b1effd413db55357f5b81b7551
raw/chr22_500_guides_20260810T040146_correctness_final/batches/correctness/columba/pilot/batch_006/guides/chr22_500_guide_129/command.txt	566	f06650c0e4b2e24d580dc7d9a7a497bd0c2f78bac0836c9ec3c6793f63b7d5a3
raw/chr22_500_guides_20260810T040146_correctness_final/batches/correctness/columba/pilot/batch_006/guides/chr22_500_guide_129/metrics.tsv	298	f41f68e1c982249d08ea31c010c9e203398d8fd8a2238eb31415fcc5ab08d40b
raw/chr22_500_guides_20260810T040146_correctness_final/batches/correctness/columba/pilot/batch_006/guides/chr22_500_guide_129/output.paf	1084	5b798c4a833c3282797917b94896aef3977cf41a458001ef733fd63ce7846a2a
raw/chr22_500_guides_20260810T040146_correctness_final/batches/correctness/columba/pilot/batch_006/guides/chr22_500_guide_129/stderr.txt	603214	e2d71aa9677d93244afb220e9ad4d0eeb027015c8cb17177c33f4531c994c25a
raw/chr22_500_guides_20260810T040146_correctness_final/batches/correctness/columba/pilot/batch_006/guides/chr22_500_guide_130/command.txt	566	de0480fd1f8e30f91ca3fae9dfd218404478f865a6c00ff6f687c2d51cb05512
raw/chr22_500_guides_20260810T040146_correctness_final/batches/correctness/columba/pilot/batch_006/guides/chr22_500_guide_130/metrics.tsv	297	6ac327f50f71179c63e783e3b529c860876a154a13ea1eef1c81d2269f5d6d18
raw/chr22_500_guides_20260810T040146_correctness_final/batches/correctness/columba/pilot/batch_006/guides/chr22_500_guide_130/output.paf	214	6e3cc36326087205994258d05cc6383f0331f64e9934e6d84278df7c8484344a
raw/chr22_500_guides_20260810T040146_correctness_final/batches/correctness/columba/pilot/batch_006/guides/chr22_500_guide_130/stderr.txt	201160	0b8fde13023a2b3c026bacf0028b8ef013fe38bf3af8ee15d477b60359337cc8
raw/chr22_500_guides_20260810T040146_correctness_final/batches/correctness/columba/pilot/batch_006/guides/chr22_500_guide_131/command.txt	566	6a97cae9143a9f7fddc265c22bb9744718bc5718bff16cb08f884450e69ae436
raw/chr22_500_guides_20260810T040146_correctness_final/batches/correctness/columba/pilot/batch_006/guides/chr22_500_guide_131/metrics.tsv	298	fa2172e309f6cc5ac746a73d4785baa1876a8d7fba0b0b45d503d7700da31edd
raw/chr22_500_guides_20260810T040146_correctness_final/batches/correctness/columba/pilot/batch_006/guides/chr22_500_guide_131/output.paf	1833	9027915187829aa16b01814f987b1fd968ceb48e039fc731fd85db554bd850e3
raw/chr22_500_guides_20260810T040146_correctness_final/batches/correctness/columba/pilot/batch_006/guides/chr22_500_guide_131/stderr.txt	422248	f752d6a5333e2ad041f1cc05dad3748dda89c363ec91dec6b7b4078c7dfc1648
raw/chr22_500_guides_20260810T040146_correctness_final/batches/correctness/columba/pilot/batch_006/guides/chr22_500_guide_132/command.txt	566	65fae8a3841954573d528f8b323df758222dc239d049b7f10ae8741115c9d149
raw/chr22_500_guides_20260810T040146_correctness_final/batches/correctness/columba/pilot/batch_006/guides/chr22_500_guide_132/metrics.tsv	297	4e046956679e7a084d2f5e552fd2ab6ae8fe7c86faae09ad5845dbeac15085c9
raw/chr22_500_guides_20260810T040146_correctness_final/batches/correctness/columba/pilot/batch_006/guides/chr22_500_guide_132/output.paf	640	42b2a134cfc954cd87ffd6426dc37df74a73fa54f3fd58ece8830da40829a184
raw/chr22_500_guides_20260810T040146_correctness_final/batches/correctness/columba/pilot/batch_006/guides/chr22_500_guide_132/stderr.txt	182642	1602b2b202fdd2e87bc1dfc8829793256dd66997dbdc1d5c0e050d35db9f46aa
raw/chr22_500_guides_20260810T040146_correctness_final/batches/correctness/columba/pilot/batch_006/guides/chr22_500_guide_133/command.txt	566	42f11b0ac63b535ebba76e8909b548fac3bfd29f1f9a1e5a2956e3348c124662
raw/chr22_500_guides_20260810T040146_correctness_final/batches/correctness/columba/pilot/batch_006/guides/chr22_500_guide_133/metrics.tsv	294	50acff690a31aaff4ba87e0951b8bf79e68c4026df5d8e74439c7c0516d36960
raw/chr22_500_guides_20260810T040146_correctness_final/batches/correctness/columba/pilot/batch_006/guides/chr22_500_guide_133/output.paf	210	a7610eb051e87a34826545d10fcf8102943e8611a97a657a33ec94ff2afe4c13
raw/chr22_500_guides_20260810T040146_correctness_final/batches/correctness/columba/pilot/batch_006/guides/chr22_500_guide_133/stderr.txt	470	ca6032de9107568e011efa775fb138933bc1f4163d835edc39d12e948093dfde
raw/chr22_500_guides_20260810T040146_correctness_final/batches/correctness/columba/pilot/batch_006/guides/chr22_500_guide_134/command.txt	566	c24a5e180561a43dcd928d5be441a1bccfba49d322916f1a605573159c8d02fb
raw/chr22_500_guides_20260810T040146_correctness_final/batches/correctness/columba/pilot/batch_006/guides/chr22_500_guide_134/metrics.tsv	299	7a47256e5a0d32ba7d7d994b690eb2f6872f9070bc60581dedcbe32c1415627a
raw/chr22_500_guides_20260810T040146_correctness_final/batches/correctness/columba/pilot/batch_006/guides/chr22_500_guide_134/output.paf	181522	15ea75d1d388292df50a24ac69adfe550bfb71904110cd0f3f81f7c59be4ee94
raw/chr22_500_guides_20260810T040146_correctness_final/batches/correctness/columba/pilot/batch_006/guides/chr22_500_guide_134/stderr.txt	74730	461b5533971da140b4a6c079f8a5b080d14fbb71d9e6c1d21ffdd13fecf6c595
raw/chr22_500_guides_20260810T040146_correctness_final/batches/correctness/columba/pilot/batch_006/guides/chr22_500_guide_135/command.txt	566	c28ebc3216ff28a2f2e1c3726a10ff75ebb565593bb959b1c7042027a5ec44f2
raw/chr22_500_guides_20260810T040146_correctness_final/batches/correctness/columba/pilot/batch_006/guides/chr22_500_guide_135/metrics.tsv	297	c31e47e2f6b5eccbd6ad1f49a7c88a72c6de1e98f946bc17071a48d8f1b422f8
raw/chr22_500_guides_20260810T040146_correctness_final/batches/correctness/columba/pilot/batch_006/guides/chr22_500_guide_135/output.paf	533	e3c84bb32763d301bdf52408bec52cd184e7bd8be4a2143c3dc778c2162283c8
raw/chr22_500_guides_20260810T040146_correctness_final/batches/correctness/columba/pilot/batch_006/guides/chr22_500_guide_135/stderr.txt	196272	99d2dbfc79b13a73ce69b6c42d895375d91c3c4527abeb63763f16ddd615de2c
raw/chr22_500_guides_20260810T040146_correctness_final/batches/correctness/columba/pilot/batch_006/guides/chr22_500_guide_136/command.txt	566	6141440683432e047c6a59a34ac526b4c4154066bb39ac9277262037949e8e71
raw/chr22_500_guides_20260810T040146_correctness_final/batches/correctness/columba/pilot/batch_006/guides/chr22_500_guide_136/metrics.tsv	300	fab16a78a41bc618f7a10705a97cbe0a9d0bfae671bed942327d5ffa261bb1ad
raw/chr22_500_guides_20260810T040146_correctness_final/batches/correctness/columba/pilot/batch_006/guides/chr22_500_guide_136/output.paf	346738	843e4bf4bac6ae869a0d929408d3185ab9e833a359a6f9e5ed8d66b4855b2395
raw/chr22_500_guides_20260810T040146_correctness_final/batches/correctness/columba/pilot/batch_006/guides/chr22_500_guide_136/stderr.txt	430155	f4e18f51a69fef0720ffef6a755858aea2f69a7e050d9ee155ff89a549e655e2
raw/chr22_500_guides_20260810T040146_correctness_final/batches/correctness/columba/pilot/batch_006/guides/chr22_500_guide_137/command.txt	566	f8316e7717f859ed23821f076cbb85423361491509bd05d53b0e1061366635a2
raw/chr22_500_guides_20260810T040146_correctness_final/batches/correctness/columba/pilot/batch_006/guides/chr22_500_guide_137/metrics.tsv	297	38c8f10ebfef324cfb297a5abbe9dad67da6bbf4b834951af2c64cf48ad76521
raw/chr22_500_guides_20260810T040146_correctness_final/batches/correctness/columba/pilot/batch_006/guides/chr22_500_guide_137/output.paf	319	6b10b91714e2739dd197eb1b59d225ef355dc4c88c17eaccd81edf4c2ea2cfff
raw/chr22_500_guides_20260810T040146_correctness_final/batches/correctness/columba/pilot/batch_006/guides/chr22_500_guide_137/stderr.txt	575090	2a9d725b28c38d6308814cd7b80df45337c0daafcc80fe2958ec66eb320e7f68
raw/chr22_500_guides_20260810T040146_correctness_final/batches/correctness/columba/pilot/batch_006/guides/chr22_500_guide_138/command.txt	566	7e1a39c18a8234e4b77a15c338fb0b22f0d2e1ef98eaef93cbe5df88a9e50da9
raw/chr22_500_guides_20260810T040146_correctness_final/batches/correctness/columba/pilot/batch_006/guides/chr22_500_guide_138/metrics.tsv	299	cf09a8ee7d4a2d88aa623df2ec9388eca13521f0145ff7af59d991c5908f4dce
raw/chr22_500_guides_20260810T040146_correctness_final/batches/correctness/columba/pilot/batch_006/guides/chr22_500_guide_138/output.paf	214131	01e49abccf673768fbd38172e9592aef60a9ffa738fefa147d463cc2893ff852
raw/chr22_500_guides_20260810T040146_correctness_final/batches/correctness/columba/pilot/batch_006/guides/chr22_500_guide_138/stderr.txt	26540	6ab1cb25283fe19a6bfd4fcd5c48da2d87969a73970cab771254caf7f66a6287
raw/chr22_500_guides_20260810T040146_correctness_final/batches/correctness/columba/pilot/batch_006/guides/chr22_500_guide_139/command.txt	566	92556c0bbb313ce4bbd244144351027edabfdff73f1db27c664b7d94983c410f
raw/chr22_500_guides_20260810T040146_correctness_final/batches/correctness/columba/pilot/batch_006/guides/chr22_500_guide_139/metrics.tsv	300	8c02a09cd863ea04f2542fa1a25ade3f3d7d385e3ef85f7776dc3d7731e01bf1
raw/chr22_500_guides_20260810T040146_correctness_final/batches/correctness/columba/pilot/batch_006/guides/chr22_500_guide_139/output.paf	213341	3cf03761da568a4e8daf4caa89db6161f78870d15f4b918b5510eacf8de9a23e
raw/chr22_500_guides_20260810T040146_correctness_final/batches/correctness/columba/pilot/batch_006/guides/chr22_500_guide_139/stderr.txt	550865	95a4147eaeab6638de1bb677be3761ec0478fd70c786d342addd9843fb84b313
raw/chr22_500_guides_20260810T040146_correctness_final/batches/correctness/columba/pilot/batch_006/guides/chr22_500_guide_140/command.txt	566	603f0aea9129d7734b23c54e08661c50af670343cce3e90cd1cfacdac5c93726
raw/chr22_500_guides_20260810T040146_correctness_final/batches/correctness/columba/pilot/batch_006/guides/chr22_500_guide_140/metrics.tsv	300	d14fc0960024bf038878787850e0fd7cfacf4c4ad1a8ee96bf5cf88fd071426f
raw/chr22_500_guides_20260810T040146_correctness_final/batches/correctness/columba/pilot/batch_006/guides/chr22_500_guide_140/output.paf	215183	f82cef2df3ee74e16d91c05357ecf7567d84cb3c01dbcb249e2f6304c740c14f
raw/chr22_500_guides_20260810T040146_correctness_final/batches/correctness/columba/pilot/batch_006/guides/chr22_500_guide_140/stderr.txt	411907	33f330c2f1bca1655b750103cfa6a205079f9c4bb49c68c1f273d161b217765d
raw/chr22_500_guides_20260810T040146_correctness_final/batches/correctness/columba/pilot/batch_006/guides/chr22_500_guide_141/command.txt	566	1d5223db11f2f5fdc7747fd06cc6ce452bf4ce2739ab1850dab3a8c5f856be71
raw/chr22_500_guides_20260810T040146_correctness_final/batches/correctness/columba/pilot/batch_006/guides/chr22_500_guide_141/metrics.tsv	297	ec9af89f0bcd24365a786426a15fa3be2e1db224b6d6d66a52817a689d965bc4
raw/chr22_500_guides_20260810T040146_correctness_final/batches/correctness/columba/pilot/batch_006/guides/chr22_500_guide_141/output.paf	105	75a2846e206ef232a498051fea8840d2d310dd428aee04e323c3edd7213c8c13
raw/chr22_500_guides_20260810T040146_correctness_final/batches/correctness/columba/pilot/batch_006/guides/chr22_500_guide_141/stderr.txt	204958	99fff3ae386ed52f110ea41df18431475a304ec7248ddf16a4ce01313ad5dcdf
raw/chr22_500_guides_20260810T040146_correctness_final/batches/correctness/columba/pilot/batch_006/guides/chr22_500_guide_142/command.txt	566	055f283a7a064702920705c70def38fbe60801cef41d56675e5ba012fc80caa8
raw/chr22_500_guides_20260810T040146_correctness_final/batches/correctness/columba/pilot/batch_006/guides/chr22_500_guide_142/metrics.tsv	300	d4e52928b7113ea37383da664642e505f7cbc1e52458063c8426257c873b7709
raw/chr22_500_guides_20260810T040146_correctness_final/batches/correctness/columba/pilot/batch_006/guides/chr22_500_guide_142/output.paf	428373	f7e84528934babfe1ea46853ec6630ad9df5ed2bfec66985bf52bf280bc73fa5
raw/chr22_500_guides_20260810T040146_correctness_final/batches/correctness/columba/pilot/batch_006/guides/chr22_500_guide_142/stderr.txt	473990	7e11ccc183dd40fa26a40ed9c27d9a5a563f8c9ad4bf2f65e531900197b4e234
raw/chr22_500_guides_20260810T040146_correctness_final/batches/correctness/columba/pilot/batch_006/guides/chr22_500_guide_143/command.txt	566	8d93322f79c278600132fcd48cbcf81a163d9b58a1b21fc80d646b44faef009e
raw/chr22_500_guides_20260810T040146_correctness_final/batches/correctness/columba/pilot/batch_006/guides/chr22_500_guide_143/metrics.tsv	299	10ed0b183f90eea6ff1f2723bb7f9ba39fb7ff37277712f10623e0edb9980804
raw/chr22_500_guides_20260810T040146_correctness_final/batches/correctness/columba/pilot/batch_006/guides/chr22_500_guide_143/output.paf	199216	023a0db1667cffab02ece840deaeba274e313dbe75e80a569d4eb1e108049a70
raw/chr22_500_guides_20260810T040146_correctness_final/batches/correctness/columba/pilot/batch_006/guides/chr22_500_guide_143/stderr.txt	27636	d4e0a36311e4ca8e67b4e69d062e253606ee8ba50c03ffb98d71774fa810bdfb
raw/chr22_500_guides_20260810T040146_correctness_final/batches/correctness/columba/pilot/batch_006/guides/chr22_500_guide_144/command.txt	566	0e4ebb6d8d0154bdb1a79656bbe1156486d6a25596c7ce62577dcbdb3592acb8
raw/chr22_500_guides_20260810T040146_correctness_final/batches/correctness/columba/pilot/batch_006/guides/chr22_500_guide_144/metrics.tsv	299	5732346e6893acea407ad6eeaa84730cd28c84b1ea75ee8c5dbdecb482a69f37
raw/chr22_500_guides_20260810T040146_correctness_final/batches/correctness/columba/pilot/batch_006/guides/chr22_500_guide_144/output.paf	201731	117a882249c4d29e07ebd186a6a128effeb9154b16a9781f10cd4dc23f1f5fd0
raw/chr22_500_guides_20260810T040146_correctness_final/batches/correctness/columba/pilot/batch_006/guides/chr22_500_guide_144/stderr.txt	29422	1d2a90805309244de19406e143619c863d68a7e1c9e30f6bc749f76c584fb153
raw/chr22_500_guides_20260810T040146_correctness_final/batches/correctness/columba/pilot/batch_006/guides/chr22_500_guide_145/command.txt	566	5bf64a59caec305bb450d19740540c5c50596c098a59e1aabf86021d40ee273c
raw/chr22_500_guides_20260810T040146_correctness_final/batches/correctness/columba/pilot/batch_006/guides/chr22_500_guide_145/metrics.tsv	297	c6252afcdc2c18d0c61071b00eb5fc3b56ff88c5620c2a7505ee77a378a71054
raw/chr22_500_guides_20260810T040146_correctness_final/batches/correctness/columba/pilot/batch_006/guides/chr22_500_guide_145/output.paf	424	da2dbc6e66e71196244c1da928aa00a4263158dbcfe56f5677643d6b0131921b
raw/chr22_500_guides_20260810T040146_correctness_final/batches/correctness/columba/pilot/batch_006/guides/chr22_500_guide_145/stderr.txt	202374	51557a7bdcefdd601a7a5f2190dbfa5fc2f369a128c8ec29ad4d524e42bab353
raw/chr22_500_guides_20260810T040146_correctness_final/batches/correctness/columba/pilot/batch_006/guides/chr22_500_guide_146/command.txt	566	67518ec2e61175b694443b39f2aa7b39c964707749142143d50c746f6abebc3d
raw/chr22_500_guides_20260810T040146_correctness_final/batches/correctness/columba/pilot/batch_006/guides/chr22_500_guide_146/metrics.tsv	300	b17b0ec395eadb9060d344b0afffd11de2806eab9dc9f9add2df098461cbce1e
raw/chr22_500_guides_20260810T040146_correctness_final/batches/correctness/columba/pilot/batch_006/guides/chr22_500_guide_146/output.paf	463000	000f8210c302c2a43a1cd9ab4e4aa08d0df3475a7e7bcb713eb9aeb444996bad
raw/chr22_500_guides_20260810T040146_correctness_final/batches/correctness/columba/pilot/batch_006/guides/chr22_500_guide_146/stderr.txt	390953	cf3e450761193bcf7ca9a98101974263904078120a69ffc169b7bc969c93fef7
raw/chr22_500_guides_20260810T040146_correctness_final/batches/correctness/columba/pilot/batch_006/guides/chr22_500_guide_147/command.txt	566	670e6f6fcb4b89b13b9d84fd0cfebb41a1d64ecc82688a16b605568c0797db2f
raw/chr22_500_guides_20260810T040146_correctness_final/batches/correctness/columba/pilot/batch_006/guides/chr22_500_guide_147/metrics.tsv	298	87aa30a85f7d7bb2910cb2449ed66423ad085acd29c3293ff39b80cc2b03a62e
raw/chr22_500_guides_20260810T040146_correctness_final/batches/correctness/columba/pilot/batch_006/guides/chr22_500_guide_147/output.paf	4116	78174f6f3be7f7ee5f2b0f1d7766286d9befd7bf5b0a2d740bbcbc3ebec70334
raw/chr22_500_guides_20260810T040146_correctness_final/batches/correctness/columba/pilot/batch_006/guides/chr22_500_guide_147/stderr.txt	709724	289310efa617ff178e40d0f970fe1a8f40cd678aa4dbe28b1c2c915efc711407
raw/chr22_500_guides_20260810T040146_correctness_final/batches/correctness/columba/pilot/batch_006/guides/chr22_500_guide_148/command.txt	566	cf119fedaebf729a33ac282a4330e0dd7223f4db1879660848aa9e0a26c7948a
raw/chr22_500_guides_20260810T040146_correctness_final/batches/correctness/columba/pilot/batch_006/guides/chr22_500_guide_148/metrics.tsv	300	a8d01963b956586b17328ddacfa4c3287b067ceb02492f12ce6cbc843361b1a8
raw/chr22_500_guides_20260810T040146_correctness_final/batches/correctness/columba/pilot/batch_006/guides/chr22_500_guide_148/output.paf	230815	d29f1e6c8cefac25b1c219eeb22083b707ccd515357f995e1d890f815157db21
raw/chr22_500_guides_20260810T040146_correctness_final/batches/correctness/columba/pilot/batch_006/guides/chr22_500_guide_148/stderr.txt	272121	2438973516059989d2cd3180bc4fb2a1b25b52a873009a27bebbfc598f668a22
raw/chr22_500_guides_20260810T040146_correctness_final/batches/correctness/columba/pilot/batch_006/guides/chr22_500_guide_149/command.txt	566	ac851bba44513e096acd81879baa80c688e550204fbfa386a20760323587d28c
raw/chr22_500_guides_20260810T040146_correctness_final/batches/correctness/columba/pilot/batch_006/guides/chr22_500_guide_149/metrics.tsv	297	937952d77439c3d2ef8566927562f7483c747d5afb4df4f0b429391fc9262a60
raw/chr22_500_guides_20260810T040146_correctness_final/batches/correctness/columba/pilot/batch_006/guides/chr22_500_guide_149/output.paf	541	d858493a5129d219004e374ad1424cb6a476e79f56c71082ae1af306e90714e8
raw/chr22_500_guides_20260810T040146_correctness_final/batches/correctness/columba/pilot/batch_006/guides/chr22_500_guide_149/stderr.txt	199656	248007e873334fa7965b0796522377d85d43543acbdc1cea7f29ca78f33ba147
raw/chr22_500_guides_20260810T040146_correctness_final/batches/correctness/columba/pilot/batch_006/guides/chr22_500_guide_150/command.txt	566	afe29857aef3043530a184420b734bfb81a152baa8bd2dc9d376962e6216ba1e
raw/chr22_500_guides_20260810T040146_correctness_final/batches/correctness/columba/pilot/batch_006/guides/chr22_500_guide_150/metrics.tsv	298	1560e6a6215238bcf24a40b6144d387bc7f981c60ea01574345c0e2d6b547767
raw/chr22_500_guides_20260810T040146_correctness_final/batches/correctness/columba/pilot/batch_006/guides/chr22_500_guide_150/output.paf	4554	0c54270dc6f4d33feacaf871c5ad498c7cabae46048d5c2dc7a19376b59070e7
raw/chr22_500_guides_20260810T040146_correctness_final/batches/correctness/columba/pilot/batch_006/guides/chr22_500_guide_150/stderr.txt	170134	b07edbf1715a11f190387b46d509f48c71969bc830b814f31976577533d78f78
raw/chr22_500_guides_20260810T040146_correctness_final/batches/correctness/columba/pilot/batch_007/SUCCESS	0	e3b0c44298fc1c149afbf4c8996fb92427ae41e4649b934ca495991b7852b855
raw/chr22_500_guides_20260810T040146_correctness_final/batches/correctness/columba/pilot/batch_007/environment.tsv	599	4e2a0f78ebecbda53dfa386934a861c7f373fa4031aadf6403c53bae06117533
raw/chr22_500_guides_20260810T040146_correctness_final/batches/correctness/columba/pilot/batch_007/guide_ids.txt	500	96bcd88dba725c4ba14ca41c364893fe102b8616b9b0ee89001780c5f726ba73
raw/chr22_500_guides_20260810T040146_correctness_final/batches/correctness/columba/pilot/batch_007/guide_order.sha256	303	0ec42101e1631226929f4e5554cf4b332b85a43ea80f1b4bfc5936c74234d626
raw/chr22_500_guides_20260810T040146_correctness_final/batches/correctness/columba/pilot/batch_007/guide_order.txt	500	783be96ce607601efe1b1e8d225e270860a5d1e82f883a0b245fcc1fb6f0bfde
raw/chr22_500_guides_20260810T040146_correctness_final/batches/correctness/columba/pilot/batch_007/guide_results.tsv	5494	6643adfc1d47a6bfc8d1a59a65f56b3672bd9fc65d649086d275c61ae318e45d
raw/chr22_500_guides_20260810T040146_correctness_final/batches/correctness/columba/pilot/batch_007/guides/chr22_500_guide_151/command.txt	566	dd9909d5873c89aa8fa66957b1e75771ba1ef7ab66c998bd0cd6dd95fe6a25e2
raw/chr22_500_guides_20260810T040146_correctness_final/batches/correctness/columba/pilot/batch_007/guides/chr22_500_guide_151/metrics.tsv	298	1ac04867512d264fb18de6e5c19869e0c89b652da95cdf267c245d372cd3ba7b
raw/chr22_500_guides_20260810T040146_correctness_final/batches/correctness/columba/pilot/batch_007/guides/chr22_500_guide_151/output.paf	105	fe055a246254f30d7a48644133f08b87ee38c4ed785e2b38b800c531c83c0410
raw/chr22_500_guides_20260810T040146_correctness_final/batches/correctness/columba/pilot/batch_007/guides/chr22_500_guide_151/stderr.txt	197964	153d63b2c826073cbff44b772399d042ef1ff8785ef237dc4e4ecb96060c6768
raw/chr22_500_guides_20260810T040146_correctness_final/batches/correctness/columba/pilot/batch_007/guides/chr22_500_guide_152/command.txt	566	692f75b2c80c9e4a24af64d251c04a8a28b4bb21a176adb0d81b68d49cd1d136
raw/chr22_500_guides_20260810T040146_correctness_final/batches/correctness/columba/pilot/batch_007/guides/chr22_500_guide_152/metrics.tsv	300	4894cfaad1579a4db820f80e61b31f5bd86512f2bcfeab57c7183259ce9d37a9
raw/chr22_500_guides_20260810T040146_correctness_final/batches/correctness/columba/pilot/batch_007/guides/chr22_500_guide_152/output.paf	222482	17a6ebcb965cf7e38e6e8248ccb386749379acfb5f0ef48f1e844948c5befa13
raw/chr22_500_guides_20260810T040146_correctness_final/batches/correctness/columba/pilot/batch_007/guides/chr22_500_guide_152/stderr.txt	414540	86065101842632edc531d81d74b12a3bce421d4d518ee19ccbe05ccf06bcdeee
raw/chr22_500_guides_20260810T040146_correctness_final/batches/correctness/columba/pilot/batch_007/guides/chr22_500_guide_153/command.txt	566	b5434d72923f8388a240772e19851d5e85c18a398dfceb2c0f93d2578e8281d0
raw/chr22_500_guides_20260810T040146_correctness_final/batches/correctness/columba/pilot/batch_007/guides/chr22_500_guide_153/metrics.tsv	297	fd1271157b94eebedf53d876ab94230851a876ccd4bddef3a799f4c59258bcd5
raw/chr22_500_guides_20260810T040146_correctness_final/batches/correctness/columba/pilot/batch_007/guides/chr22_500_guide_153/output.paf	214	5d5573821365e7bc8b578e4c8587ad85cc0ce7e73cc826859074ffc07c945a42
raw/chr22_500_guides_20260810T040146_correctness_final/batches/correctness/columba/pilot/batch_007/guides/chr22_500_guide_153/stderr.txt	401466	6d757fd7aeea9c62de2f65f7620c111ca2fee818c410d59cbc0beeac17789d75
raw/chr22_500_guides_20260810T040146_correctness_final/batches/correctness/columba/pilot/batch_007/guides/chr22_500_guide_154/command.txt	566	0e00079d9f9b7d6f3a7906b7e486403a6899ddb55debeae12a85355e7fb04dca
raw/chr22_500_guides_20260810T040146_correctness_final/batches/correctness/columba/pilot/batch_007/guides/chr22_500_guide_154/metrics.tsv	298	00f2c27173cac5ef67a8e3bb88715e84342f7f24af85293d3f1537c823a02cd6
raw/chr22_500_guides_20260810T040146_correctness_final/batches/correctness/columba/pilot/batch_007/guides/chr22_500_guide_154/output.paf	6518	b9c2affe3ac6d19a9031ad5e42eeda24beda583261198c9ef3b43ab332b29d28
raw/chr22_500_guides_20260810T040146_correctness_final/batches/correctness/columba/pilot/batch_007/guides/chr22_500_guide_154/stderr.txt	290285	6e40502ea002e16a975f6fb36be7f00c6ec6edbbda7b7ae9c3a2e276f8a39e36
raw/chr22_500_guides_20260810T040146_correctness_final/batches/correctness/columba/pilot/batch_007/guides/chr22_500_guide_155/command.txt	566	a058c9cd6895487e955b1b31455d9f389cadfc1e7e7df413cf7d3457fa64f018
raw/chr22_500_guides_20260810T040146_correctness_final/batches/correctness/columba/pilot/batch_007/guides/chr22_500_guide_155/metrics.tsv	295	852ef0b3193c03fe723a3ffb03fdc283f8d6a2ef0cf66952814abfda1fcc6e34
raw/chr22_500_guides_20260810T040146_correctness_final/batches/correctness/columba/pilot/batch_007/guides/chr22_500_guide_155/output.paf	105	d7747e0db2e88e56e4a3767f47b5f9029bd6134aadc31b795c79eff5e14e67b8
raw/chr22_500_guides_20260810T040146_correctness_final/batches/correctness/columba/pilot/batch_007/guides/chr22_500_guide_155/stderr.txt	5151	8f6f6c16a65d5f9e1097eb9ca3d75e79581c57f1b45038f1f734026cf3d91212
raw/chr22_500_guides_20260810T040146_correctness_final/batches/correctness/columba/pilot/batch_007/guides/chr22_500_guide_156/command.txt	566	93dd3ea91c58892975d8fe28a22b62af0c816a4e4c50b9d547b9b8de2729a9ba
raw/chr22_500_guides_20260810T040146_correctness_final/batches/correctness/columba/pilot/batch_007/guides/chr22_500_guide_156/metrics.tsv	296	1301993d3ff1f86b848bc6dc19405234a8dd5315233bbcf5deed4265df5712e7
raw/chr22_500_guides_20260810T040146_correctness_final/batches/correctness/columba/pilot/batch_007/guides/chr22_500_guide_156/output.paf	420	41707f5dc15da2e7a571f8c8bd844c5166208fe2eaace0d20bfe1b07aa1d0ea2
raw/chr22_500_guides_20260810T040146_correctness_final/batches/correctness/columba/pilot/batch_007/guides/chr22_500_guide_156/stderr.txt	45244	3bd36695e2f7acebac13820001d86e4453ae9d7fb08136bc2a2e76ffb38cbf4f
raw/chr22_500_guides_20260810T040146_correctness_final/batches/correctness/columba/pilot/batch_007/guides/chr22_500_guide_157/command.txt	566	766e20e165182932f3272964ae2316c211710cb6d266c45c72b59d2aa56a245a
raw/chr22_500_guides_20260810T040146_correctness_final/batches/correctness/columba/pilot/batch_007/guides/chr22_500_guide_157/metrics.tsv	293	83e4520922736c91d1027ac3b43f35b4e44dc0b509afe5d79ec01acbedb9d9c3
raw/chr22_500_guides_20260810T040146_correctness_final/batches/correctness/columba/pilot/batch_007/guides/chr22_500_guide_157/output.paf	105	643dc743fd75f3ec7b2e9f6c2d518d6bf6d7cc37ab7cc77ead9e6846ae592d90
raw/chr22_500_guides_20260810T040146_correctness_final/batches/correctness/columba/pilot/batch_007/guides/chr22_500_guide_157/stderr.txt	94	21557a1819e588a11f310a665f8db49932fed425053b7a62f6fc13cae1280b70
raw/chr22_500_guides_20260810T040146_correctness_final/batches/correctness/columba/pilot/batch_007/guides/chr22_500_guide_158/command.txt	566	a6d4f5842b6d815b23b00e503451167f35aff4d342ba07f76998d8b72ea93dab
raw/chr22_500_guides_20260810T040146_correctness_final/batches/correctness/columba/pilot/batch_007/guides/chr22_500_guide_158/metrics.tsv	294	50c6076d88be7ba2653874de1f79b422f4efe1585bb01e5eb8cad5a0cc3c2519
raw/chr22_500_guides_20260810T040146_correctness_final/batches/correctness/columba/pilot/batch_007/guides/chr22_500_guide_158/output.paf	105	c25a6440be62186e25b0f165358d0d0900b923751f80af6ee5c27f0f29a85af6
raw/chr22_500_guides_20260810T040146_correctness_final/batches/correctness/columba/pilot/batch_007/guides/chr22_500_guide_158/stderr.txt	188	5bcc52812e3cd79f2c949096180d3f1ac01ae06d29eea04285bba87168ded8f9
raw/chr22_500_guides_20260810T040146_correctness_final/batches/correctness/columba/pilot/batch_007/guides/chr22_500_guide_159/command.txt	566	b9f84d0cfc9dd7045a11bffdcf527797af54c990d3cc43ede36da413be9bca98
raw/chr22_500_guides_20260810T040146_correctness_final/batches/correctness/columba/pilot/batch_007/guides/chr22_500_guide_159/metrics.tsv	294	f0e5a912afcc9858f35aa258dc7bd0df6ae0d7f4b2e228ed9ed9fa8f05f6b023
raw/chr22_500_guides_20260810T040146_correctness_final/batches/correctness/columba/pilot/batch_007/guides/chr22_500_guide_159/output.paf	214	3d4992720176e3388daa5c560bb15dec7cf3951b67550e05820230c38661f0a7
raw/chr22_500_guides_20260810T040146_correctness_final/batches/correctness/columba/pilot/batch_007/guides/chr22_500_guide_159/stderr.txt	188	4262c7ba1e5bff922093ce8649b4b6afd7d9d7631888f095c0975a592edd5bdf
raw/chr22_500_guides_20260810T040146_correctness_final/batches/correctness/columba/pilot/batch_007/guides/chr22_500_guide_160/command.txt	566	584f6206bc403dacc01296f11e415e485f8d4cbb4f3505aac3b1ec55753baf86
raw/chr22_500_guides_20260810T040146_correctness_final/batches/correctness/columba/pilot/batch_007/guides/chr22_500_guide_160/metrics.tsv	292	d4f748376c62799cdef4e346e91de2c836dc7523b19194f1eca234d304c2055b
raw/chr22_500_guides_20260810T040146_correctness_final/batches/correctness/columba/pilot/batch_007/guides/chr22_500_guide_160/output.paf	105	d6d96d826bcbd4b301c0c87e16f31ad41389f1c8474f50d3699184cfe7acda7a
raw/chr22_500_guides_20260810T040146_correctness_final/batches/correctness/columba/pilot/batch_007/guides/chr22_500_guide_160/stderr.txt	0	e3b0c44298fc1c149afbf4c8996fb92427ae41e4649b934ca495991b7852b855
raw/chr22_500_guides_20260810T040146_correctness_final/batches/correctness/columba/pilot/batch_007/guides/chr22_500_guide_161/command.txt	566	60f42428787b96823a3a0bf92589458e7b7b52341184a0f81fb05718c3c9efa5
raw/chr22_500_guides_20260810T040146_correctness_final/batches/correctness/columba/pilot/batch_007/guides/chr22_500_guide_161/metrics.tsv	294	f2fa361228663b45226f72b5715b501de241053c2d079926e5779181485bd6e6
raw/chr22_500_guides_20260810T040146_correctness_final/batches/correctness/columba/pilot/batch_007/guides/chr22_500_guide_161/output.paf	105	4ae747e8d2a44a4137f700664493d395d2b602c7f46ee11e639e12aab1a96bf3
raw/chr22_500_guides_20260810T040146_correctness_final/batches/correctness/columba/pilot/batch_007/guides/chr22_500_guide_161/stderr.txt	281	48dab6dfc66bea46cd2a989671250f1f1146d8be44c7a92764ee77e05c8a558f
raw/chr22_500_guides_20260810T040146_correctness_final/batches/correctness/columba/pilot/batch_007/guides/chr22_500_guide_162/command.txt	566	edfdf9785b4572e4cba0136709592dd0bdb7931981002c69704425f19ae7338b
raw/chr22_500_guides_20260810T040146_correctness_final/batches/correctness/columba/pilot/batch_007/guides/chr22_500_guide_162/metrics.tsv	295	a9646bb4d6666055406ee4e557c79699f5beaf4fb1b6f41180ca607b97f31f22
raw/chr22_500_guides_20260810T040146_correctness_final/batches/correctness/columba/pilot/batch_007/guides/chr22_500_guide_162/output.paf	105	b69419482bbafe6e1bcaa11e5797437af79964ee051c788015805b30820e8298
raw/chr22_500_guides_20260810T040146_correctness_final/batches/correctness/columba/pilot/batch_007/guides/chr22_500_guide_162/stderr.txt	4136	1c3598190a582a41ff1a3274b3d0055fa9afc43c12ffb132b06a64902c8298e5
raw/chr22_500_guides_20260810T040146_correctness_final/batches/correctness/columba/pilot/batch_007/guides/chr22_500_guide_163/command.txt	566	434733e1a3839dc4164adf8af4f6ab33375579bb27b5f6c6814f2e0e39dcc26e
raw/chr22_500_guides_20260810T040146_correctness_final/batches/correctness/columba/pilot/batch_007/guides/chr22_500_guide_163/metrics.tsv	294	fa4c9ced5f5742c93c4893e48813e8742780af7f758d79f8f4394814791aca88
raw/chr22_500_guides_20260810T040146_correctness_final/batches/correctness/columba/pilot/batch_007/guides/chr22_500_guide_163/output.paf	105	0effc63d85fa97f691908ce0321ab857ae6f08fabd2480f35c83ff81e76c9f0e
raw/chr22_500_guides_20260810T040146_correctness_final/batches/correctness/columba/pilot/batch_007/guides/chr22_500_guide_163/stderr.txt	656	6be499e878bb8835b2d0095d754911ca511e88d92eb98ee972ab04a1f8c00a0b
raw/chr22_500_guides_20260810T040146_correctness_final/batches/correctness/columba/pilot/batch_007/guides/chr22_500_guide_164/command.txt	566	19d8aff19a879fb5ce8c2b6bc56f1415229339bad3527b0411ff3b6b3966595c
raw/chr22_500_guides_20260810T040146_correctness_final/batches/correctness/columba/pilot/batch_007/guides/chr22_500_guide_164/metrics.tsv	294	6dc86f993aab7d2a08057a55ed0e0231356c0f3eb399e540465444416666703f
raw/chr22_500_guides_20260810T040146_correctness_final/batches/correctness/columba/pilot/batch_007/guides/chr22_500_guide_164/output.paf	105	46e7f3e1a96998b4b736b1eec08088a85a8308019dae7439865ffb87c1184f73
raw/chr22_500_guides_20260810T040146_correctness_final/batches/correctness/columba/pilot/batch_007/guides/chr22_500_guide_164/stderr.txt	188	2d8dc28c05ff97e40ab0da0dd01dfae7c84205d78c3298375625aebed49fae9d
raw/chr22_500_guides_20260810T040146_correctness_final/batches/correctness/columba/pilot/batch_007/guides/chr22_500_guide_165/command.txt	566	e4fba32a5c38f26f0aaf2a32e870233e1024a67adb9ecf045df78f46194992cf
raw/chr22_500_guides_20260810T040146_correctness_final/batches/correctness/columba/pilot/batch_007/guides/chr22_500_guide_165/metrics.tsv	293	6761347c6804f967ef125efa55f4c2d3fe017511b4370730a84e8357b293faa3
raw/chr22_500_guides_20260810T040146_correctness_final/batches/correctness/columba/pilot/batch_007/guides/chr22_500_guide_165/output.paf	105	d886af1f304911c13510c5ed489b15bb3ee85e388b776d06e045ba0c930a5f2b
raw/chr22_500_guides_20260810T040146_correctness_final/batches/correctness/columba/pilot/batch_007/guides/chr22_500_guide_165/stderr.txt	94	c43aa645a27cbc7059ec0fa97b3d82a0f8c839aaea0678f54f471fa3f05fc6f5
raw/chr22_500_guides_20260810T040146_correctness_final/batches/correctness/columba/pilot/batch_007/guides/chr22_500_guide_166/command.txt	566	6c0bdc13767577269afd178dd6ce2b79f13cc2cb77ec37570a6f0404da62c10a
raw/chr22_500_guides_20260810T040146_correctness_final/batches/correctness/columba/pilot/batch_007/guides/chr22_500_guide_166/metrics.tsv	297	9540fd45a6d4ce628f4b236c787aa6c77a955581edf23a3c980260632aebe8ec
raw/chr22_500_guides_20260810T040146_correctness_final/batches/correctness/columba/pilot/batch_007/guides/chr22_500_guide_166/output.paf	7041	f76269f3e52c3014c7aecd6b6517914bd94eac0afbb4da18dc440c8d46cb1ee9
raw/chr22_500_guides_20260810T040146_correctness_final/batches/correctness/columba/pilot/batch_007/guides/chr22_500_guide_166/stderr.txt	79781	d0ebcd3f78085dcddbc46a767f058c6f89ea3cbbb2ba0293b2685d9979fa19bb
raw/chr22_500_guides_20260810T040146_correctness_final/batches/correctness/columba/pilot/batch_007/guides/chr22_500_guide_167/command.txt	566	f343a52b77895dab145243ec92f505a4d6f8fe92b92cc2b339ca3a489209b462
raw/chr22_500_guides_20260810T040146_correctness_final/batches/correctness/columba/pilot/batch_007/guides/chr22_500_guide_167/metrics.tsv	292	6bce3c3bc2a8603aa2fccf926dd1bda94b5f7d376f3b460fb5b63c6c751dde8c
raw/chr22_500_guides_20260810T040146_correctness_final/batches/correctness/columba/pilot/batch_007/guides/chr22_500_guide_167/output.paf	105	cee264189907b3df5df36df18bf77367d70c9e3307ae209d7154fde9dfbc47a5
raw/chr22_500_guides_20260810T040146_correctness_final/batches/correctness/columba/pilot/batch_007/guides/chr22_500_guide_167/stderr.txt	0	e3b0c44298fc1c149afbf4c8996fb92427ae41e4649b934ca495991b7852b855
raw/chr22_500_guides_20260810T040146_correctness_final/batches/correctness/columba/pilot/batch_007/guides/chr22_500_guide_168/command.txt	566	4ce1b4c65927cdd6014f6bc301f313a08494b3f8aeb53328c27d47793b6cef2e
raw/chr22_500_guides_20260810T040146_correctness_final/batches/correctness/columba/pilot/batch_007/guides/chr22_500_guide_168/metrics.tsv	294	69f05eca0ce5e03d2dac3a10c2b5f465df5ea7415c1292dfe8d33d287bc1e2f6
raw/chr22_500_guides_20260810T040146_correctness_final/batches/correctness/columba/pilot/batch_007/guides/chr22_500_guide_168/output.paf	105	b799f84402b88ca7eda644ce1b5b5eb56c02b09c04d62fc51c4c70dc76c6b583
raw/chr22_500_guides_20260810T040146_correctness_final/batches/correctness/columba/pilot/batch_007/guides/chr22_500_guide_168/stderr.txt	187	4f6dc5b5a164eea9ba79b4a4c7ee686bbb2ef32b24b407949991d9e320496ddb
raw/chr22_500_guides_20260810T040146_correctness_final/batches/correctness/columba/pilot/batch_007/guides/chr22_500_guide_169/command.txt	566	fb804375652973cf981fc7128e34fbe4e2dfbd8ce9d07955d47b7b882bffcb7f
raw/chr22_500_guides_20260810T040146_correctness_final/batches/correctness/columba/pilot/batch_007/guides/chr22_500_guide_169/metrics.tsv	294	1d8d6fc5d2755cd3d171852cd5c1e8c2b2b017e23f68037b238076eadd4d2809
raw/chr22_500_guides_20260810T040146_correctness_final/batches/correctness/columba/pilot/batch_007/guides/chr22_500_guide_169/output.paf	105	0862c816f1aa3cfd555719d81c501eb6f39d78bb01666b474f7b06bc78888790
raw/chr22_500_guides_20260810T040146_correctness_final/batches/correctness/columba/pilot/batch_007/guides/chr22_500_guide_169/stderr.txt	188	d6076da4404290dc28d849925c83e76a1c91272f05c81a1269e2cfddec6c8f21
raw/chr22_500_guides_20260810T040146_correctness_final/batches/correctness/columba/pilot/batch_007/guides/chr22_500_guide_170/command.txt	566	6d7e8666b97a3cc49c913c488e82d95249868ec9744264d85040d3123cd52674
raw/chr22_500_guides_20260810T040146_correctness_final/batches/correctness/columba/pilot/batch_007/guides/chr22_500_guide_170/metrics.tsv	292	939e63d40a8f167937907fc25689a0c88412f3b7a4db392a0de2c376b14fa400
raw/chr22_500_guides_20260810T040146_correctness_final/batches/correctness/columba/pilot/batch_007/guides/chr22_500_guide_170/output.paf	105	99438952a76160fd91fde79eb2d1ef722599296aaf8bac56414ccb53df45a0b4
raw/chr22_500_guides_20260810T040146_correctness_final/batches/correctness/columba/pilot/batch_007/guides/chr22_500_guide_170/stderr.txt	0	e3b0c44298fc1c149afbf4c8996fb92427ae41e4649b934ca495991b7852b855
raw/chr22_500_guides_20260810T040146_correctness_final/batches/correctness/columba/pilot/batch_007/guides/chr22_500_guide_171/command.txt	566	2fa35d3537cccef198dc0048c8257cd0b97777796ee79685f029ff786e8bcd7d
raw/chr22_500_guides_20260810T040146_correctness_final/batches/correctness/columba/pilot/batch_007/guides/chr22_500_guide_171/metrics.tsv	294	c3908848a0f6225f438d24670b47c76675743850bdda5091f40c5a77e887058f
raw/chr22_500_guides_20260810T040146_correctness_final/batches/correctness/columba/pilot/batch_007/guides/chr22_500_guide_171/output.paf	105	e317429f77c005e356a722479e453cca3360caf415324867267d86c234fd9a0c
raw/chr22_500_guides_20260810T040146_correctness_final/batches/correctness/columba/pilot/batch_007/guides/chr22_500_guide_171/stderr.txt	564	b076137193978c5e088a07436c1ed0022cbd76125f97a81a6f5b5f2871d76d0b
raw/chr22_500_guides_20260810T040146_correctness_final/batches/correctness/columba/pilot/batch_007/guides/chr22_500_guide_172/command.txt	566	4a9f09cfbfa938144a06adddbaa54703b95664fd3ffadaebf3c0c83829ab05e5
raw/chr22_500_guides_20260810T040146_correctness_final/batches/correctness/columba/pilot/batch_007/guides/chr22_500_guide_172/metrics.tsv	295	9f979da7ba894de381de918113ec5f8aeea0a9a2c8b0e8899527e8fd5c39cd15
raw/chr22_500_guides_20260810T040146_correctness_final/batches/correctness/columba/pilot/batch_007/guides/chr22_500_guide_172/output.paf	212	9ae05e1b88f0ed17152666501156522d5556ae5d91a566028a52d1abcfaf1bc6
raw/chr22_500_guides_20260810T040146_correctness_final/batches/correctness/columba/pilot/batch_007/guides/chr22_500_guide_172/stderr.txt	8554	6bc81936cbe6405f634b2147121acf85229c6ea577c2037be77523481bc6f494
raw/chr22_500_guides_20260810T040146_correctness_final/batches/correctness/columba/pilot/batch_007/guides/chr22_500_guide_173/command.txt	566	1dfd64605fdbbfc3767c3f27341d5c28600329a526fd4cf8672d5b7756e3bc60
raw/chr22_500_guides_20260810T040146_correctness_final/batches/correctness/columba/pilot/batch_007/guides/chr22_500_guide_173/metrics.tsv	297	605a9681b2ecf6e77eb75725663d574e934e8f0d2291ade5fc3a2232a49fa55b
raw/chr22_500_guides_20260810T040146_correctness_final/batches/correctness/columba/pilot/batch_007/guides/chr22_500_guide_173/output.paf	1068	26e2eb81897f587da39402739a7f851313f0bf1adff27623b341a24f6d65d55b
raw/chr22_500_guides_20260810T040146_correctness_final/batches/correctness/columba/pilot/batch_007/guides/chr22_500_guide_173/stderr.txt	26996	99ec977a326ca10c3e115b1ced26f639f311e55f5d55485ff6a9c48c4655ed96
raw/chr22_500_guides_20260810T040146_correctness_final/batches/correctness/columba/pilot/batch_007/guides/chr22_500_guide_174/command.txt	566	5db3f2aba43f0d9218afc5d134aabd19b0fd1b9cafca25255a69020f2dcd0924
raw/chr22_500_guides_20260810T040146_correctness_final/batches/correctness/columba/pilot/batch_007/guides/chr22_500_guide_174/metrics.tsv	298	a4e11210e9653096f7da8b0197943de4a5e7282c2641fb7279da9431ce256897
raw/chr22_500_guides_20260810T040146_correctness_final/batches/correctness/columba/pilot/batch_007/guides/chr22_500_guide_174/output.paf	9396	fe5b1ea607675709c509ee4c41c07495481a78cd207e03b6053bbc685c8e7bee
raw/chr22_500_guides_20260810T040146_correctness_final/batches/correctness/columba/pilot/batch_007/guides/chr22_500_guide_174/stderr.txt	568701	0514063c648fb23168ebf56547b5f24ab52505d23dea868ff9b815032ff5e078
raw/chr22_500_guides_20260810T040146_correctness_final/batches/correctness/columba/pilot/batch_007/guides/chr22_500_guide_175/command.txt	566	c6400fc718d3369280c3c6b84dc418ce7f94eb383cff21a9f97c09af05d3e2a5
raw/chr22_500_guides_20260810T040146_correctness_final/batches/correctness/columba/pilot/batch_007/guides/chr22_500_guide_175/metrics.tsv	294	32f925b46b4ef8d467e8a2e331ab473a4a3fd09755bdee97735d0d5296ec6631
raw/chr22_500_guides_20260810T040146_correctness_final/batches/correctness/columba/pilot/batch_007/guides/chr22_500_guide_175/output.paf	105	3a2a9a535dccffd342eaaba6ec06067374dae64ca7889222dcde00af5c440547
raw/chr22_500_guides_20260810T040146_correctness_final/batches/correctness/columba/pilot/batch_007/guides/chr22_500_guide_175/stderr.txt	375	b06efbabd0b58f9175c51573e14cf929c3eb6944d699c7c7aa4dffd6cba9f0db
raw/chr22_500_guides_20260810T040146_correctness_final/batches/correctness/columba/pilot/batch_008/SUCCESS	0	e3b0c44298fc1c149afbf4c8996fb92427ae41e4649b934ca495991b7852b855
raw/chr22_500_guides_20260810T040146_correctness_final/batches/correctness/columba/pilot/batch_008/environment.tsv	599	c76e144aab0fadbd5eea359be1339a91f684514e85a39513bc0842a41eee4e2f
raw/chr22_500_guides_20260810T040146_correctness_final/batches/correctness/columba/pilot/batch_008/guide_ids.txt	500	081a82c97621aa41a7a2e263f772c55e527853d63938fe8eb87dcf7e5c3843ee
raw/chr22_500_guides_20260810T040146_correctness_final/batches/correctness/columba/pilot/batch_008/guide_order.sha256	303	a804ca1ebf4de24fa6421220bc547df4036bd1f86b11ec9886ef7503eb582e36
raw/chr22_500_guides_20260810T040146_correctness_final/batches/correctness/columba/pilot/batch_008/guide_order.txt	500	d04fce548606717cfdc049f0fd2559ec16318dacb3abdb206f4abf5f85e32d28
raw/chr22_500_guides_20260810T040146_correctness_final/batches/correctness/columba/pilot/batch_008/guide_results.tsv	5492	06273d845b4a1195a23db39692d0667820555961c20270a8645b39c496272b43
raw/chr22_500_guides_20260810T040146_correctness_final/batches/correctness/columba/pilot/batch_008/guides/chr22_500_guide_176/command.txt	566	5022ebc76005ab8c9a32ab78b262ac5be7fce78ce0f1b1b94b6c76d918a9b606
raw/chr22_500_guides_20260810T040146_correctness_final/batches/correctness/columba/pilot/batch_008/guides/chr22_500_guide_176/metrics.tsv	294	77384dacadd958ed73be14728bcba5ef9618544052acf5881aaa90205c09a3f2
raw/chr22_500_guides_20260810T040146_correctness_final/batches/correctness/columba/pilot/batch_008/guides/chr22_500_guide_176/output.paf	105	6b2b73f521ab30bc9f66dd52de9bfe397a214246ef85ca25fe53c3a46bf2510e
raw/chr22_500_guides_20260810T040146_correctness_final/batches/correctness/columba/pilot/batch_008/guides/chr22_500_guide_176/stderr.txt	94	2408d9d716ef53c9f51f7ecd00ba938ffd9f6f09c03453428555bf612d94ad8f
raw/chr22_500_guides_20260810T040146_correctness_final/batches/correctness/columba/pilot/batch_008/guides/chr22_500_guide_177/command.txt	566	676b59574772041e78c642d22e1b7d9fc7db1217085d3f07fca87a08f6c39131
raw/chr22_500_guides_20260810T040146_correctness_final/batches/correctness/columba/pilot/batch_008/guides/chr22_500_guide_177/metrics.tsv	293	454b25e1730e21de1f69c7ad1d268305b8768ec4e407dca362cc21fc62028088
raw/chr22_500_guides_20260810T040146_correctness_final/batches/correctness/columba/pilot/batch_008/guides/chr22_500_guide_177/output.paf	105	d6b0fb83ee8856732fea46f66b13f7259eb296d82bfc9c1b649d294580993c11
raw/chr22_500_guides_20260810T040146_correctness_final/batches/correctness/columba/pilot/batch_008/guides/chr22_500_guide_177/stderr.txt	94	79f17fbbb07db8bf96a8b3a6a0b82f26dff0cae9054127f4648a1d82e4f9f0c2
raw/chr22_500_guides_20260810T040146_correctness_final/batches/correctness/columba/pilot/batch_008/guides/chr22_500_guide_178/command.txt	566	34446fdba96d2f066083524581067fc03e27f2dd3f3d70048d2a6cb47060508b
raw/chr22_500_guides_20260810T040146_correctness_final/batches/correctness/columba/pilot/batch_008/guides/chr22_500_guide_178/metrics.tsv	293	504a0aa2d93eb80dc32308e9144bd0bedc19200bcae640bf8c57064173ee506b
raw/chr22_500_guides_20260810T040146_correctness_final/batches/correctness/columba/pilot/batch_008/guides/chr22_500_guide_178/output.paf	105	d902219eeefe3ff64202f082d0493776f51eb4ff2b0f1167c0e670f923533dc4
raw/chr22_500_guides_20260810T040146_correctness_final/batches/correctness/columba/pilot/batch_008/guides/chr22_500_guide_178/stderr.txt	94	561879fe16bf8d8d845615014aafa1348557dc2b653402bc983228fe11f91985
raw/chr22_500_guides_20260810T040146_correctness_final/batches/correctness/columba/pilot/batch_008/guides/chr22_500_guide_179/command.txt	566	4e790564993c88d2770e49706395d6ff6be3f4935efe74f017671ed7a803c047
raw/chr22_500_guides_20260810T040146_correctness_final/batches/correctness/columba/pilot/batch_008/guides/chr22_500_guide_179/metrics.tsv	294	01eef6d40adc7594b04ff2417fdc1429be5cc59d7b98b94b89bdb02c4c0b5100
raw/chr22_500_guides_20260810T040146_correctness_final/batches/correctness/columba/pilot/batch_008/guides/chr22_500_guide_179/output.paf	214	02d3f463b9d194d5e3344e85af306f98cb6029e93b28e7612516ef86601dfdfa
raw/chr22_500_guides_20260810T040146_correctness_final/batches/correctness/columba/pilot/batch_008/guides/chr22_500_guide_179/stderr.txt	282	91886342195da67b1d9b706bc42a21629d2bf30ce2dee7566e8dcd42aa868d52
raw/chr22_500_guides_20260810T040146_correctness_final/batches/correctness/columba/pilot/batch_008/guides/chr22_500_guide_180/command.txt	566	73efe0928f12a8e4fe910e62f173819e189e9dac2842bd7c7060f686fe8799b0
raw/chr22_500_guides_20260810T040146_correctness_final/batches/correctness/columba/pilot/batch_008/guides/chr22_500_guide_180/metrics.tsv	293	b5249a1e0f65066d25bba336d3a9dbff912056b591a842c0a5bd1230340432cc
raw/chr22_500_guides_20260810T040146_correctness_final/batches/correctness/columba/pilot/batch_008/guides/chr22_500_guide_180/output.paf	105	458362f7cd5e3313975f59a9b5fcfc0752b491681a6e3bfcc210c9fb46bd7d1e
raw/chr22_500_guides_20260810T040146_correctness_final/batches/correctness/columba/pilot/batch_008/guides/chr22_500_guide_180/stderr.txt	94	30957068fb93fd971b4c8d4d3fff934e28dfc45a7e610c43656898109b11fdb4
raw/chr22_500_guides_20260810T040146_correctness_final/batches/correctness/columba/pilot/batch_008/guides/chr22_500_guide_181/command.txt	566	9203fbc00086e1d390fd884600b33f2fdd420ef877fc8f25616598558175e0fc
raw/chr22_500_guides_20260810T040146_correctness_final/batches/correctness/columba/pilot/batch_008/guides/chr22_500_guide_181/metrics.tsv	292	3098e7801f7532ddd6893f66ce140a2790059ff9efcdabdee1db30e380c8b092
raw/chr22_500_guides_20260810T040146_correctness_final/batches/correctness/columba/pilot/batch_008/guides/chr22_500_guide_181/output.paf	105	bd12ccac3bcfe83190a4a57e0c78ff819ffd24d8f03895aa6c4610029187f937
raw/chr22_500_guides_20260810T040146_correctness_final/batches/correctness/columba/pilot/batch_008/guides/chr22_500_guide_181/stderr.txt	0	e3b0c44298fc1c149afbf4c8996fb92427ae41e4649b934ca495991b7852b855
raw/chr22_500_guides_20260810T040146_correctness_final/batches/correctness/columba/pilot/batch_008/guides/chr22_500_guide_182/command.txt	566	d3f9cafe4862433c8f334a920a47015efc2e7243eb6415f77c3f3f961d606b5d
raw/chr22_500_guides_20260810T040146_correctness_final/batches/correctness/columba/pilot/batch_008/guides/chr22_500_guide_182/metrics.tsv	299	dc58a0be845f24f9f3b56ef9c162c883ddc0108260445d9b80022d243d0a67bc
raw/chr22_500_guides_20260810T040146_correctness_final/batches/correctness/columba/pilot/batch_008/guides/chr22_500_guide_182/output.paf	11066	b3ed67db64de6ec64c6fc3786cc02908de5086a5b3f314472f8b20980456e1e2
raw/chr22_500_guides_20260810T040146_correctness_final/batches/correctness/columba/pilot/batch_008/guides/chr22_500_guide_182/stderr.txt	410581	a83afeb1cabaf839e2b1ac252b842df0015bcf3907305d443704e94ee2e67c7c
raw/chr22_500_guides_20260810T040146_correctness_final/batches/correctness/columba/pilot/batch_008/guides/chr22_500_guide_183/command.txt	566	beda16c3cbaf1a022fec89d057945cfd8465fa1dfc282b3b74180a64935f42f0
raw/chr22_500_guides_20260810T040146_correctness_final/batches/correctness/columba/pilot/batch_008/guides/chr22_500_guide_183/metrics.tsv	292	5c8dae832771dc49b2024256e82364f079e256f2ce6c4d5d5eec72024c92068a
raw/chr22_500_guides_20260810T040146_correctness_final/batches/correctness/columba/pilot/batch_008/guides/chr22_500_guide_183/output.paf	105	87a59470956d0b27daf38e5e39ded5e150cdea0e868b3bb38ed13ec71694f010
raw/chr22_500_guides_20260810T040146_correctness_final/batches/correctness/columba/pilot/batch_008/guides/chr22_500_guide_183/stderr.txt	0	e3b0c44298fc1c149afbf4c8996fb92427ae41e4649b934ca495991b7852b855
raw/chr22_500_guides_20260810T040146_correctness_final/batches/correctness/columba/pilot/batch_008/guides/chr22_500_guide_184/command.txt	566	f391ed07bfb18bb4c1c683f1943172d7f52be09c5fba57c1ebb6620877928920
raw/chr22_500_guides_20260810T040146_correctness_final/batches/correctness/columba/pilot/batch_008/guides/chr22_500_guide_184/metrics.tsv	294	b8ebb08fcfe4243a534f2c5fb71c358173f2c252d88bf30e61da3053b2a184b2
raw/chr22_500_guides_20260810T040146_correctness_final/batches/correctness/columba/pilot/batch_008/guides/chr22_500_guide_184/output.paf	210	63d6cd29cb7467d7766f34eb3e5fc1d69b1b395b993a76b0bbcfc4be9deffb04
raw/chr22_500_guides_20260810T040146_correctness_final/batches/correctness/columba/pilot/batch_008/guides/chr22_500_guide_184/stderr.txt	188	cbb148f909f0620aa32c967b252d39e0c819c327ca7ae8f9194ef0da3849bae1
raw/chr22_500_guides_20260810T040146_correctness_final/batches/correctness/columba/pilot/batch_008/guides/chr22_500_guide_185/command.txt	566	7c59199350f348410eca93f83008cfc769f0f79b4ef1ea818f16dd609f085259
raw/chr22_500_guides_20260810T040146_correctness_final/batches/correctness/columba/pilot/batch_008/guides/chr22_500_guide_185/metrics.tsv	298	f17e2ca3ca5cc6e469b393678482e93598273c5d04e697a243609844e4fe35b6
raw/chr22_500_guides_20260810T040146_correctness_final/batches/correctness/columba/pilot/batch_008/guides/chr22_500_guide_185/output.paf	4797	e2f741895a6af10ad3146bf06646230c2a7e00ab5a2bdf1150c8c05fdd7825ae
raw/chr22_500_guides_20260810T040146_correctness_final/batches/correctness/columba/pilot/batch_008/guides/chr22_500_guide_185/stderr.txt	173449	6389b3e1c29a84a416ad56d5fa787cc02a67db3bda8316d708bcbe8e8218290f
raw/chr22_500_guides_20260810T040146_correctness_final/batches/correctness/columba/pilot/batch_008/guides/chr22_500_guide_186/command.txt	566	2c6ad0d607de6d7f049ec487471ac38abbde4e315f736c07f5687da6ce46ef7e
raw/chr22_500_guides_20260810T040146_correctness_final/batches/correctness/columba/pilot/batch_008/guides/chr22_500_guide_186/metrics.tsv	297	53afd7924d6ab9c7633fdd73fb525cf92d27cbf103142bfb47b18f7fef8ea269
raw/chr22_500_guides_20260810T040146_correctness_final/batches/correctness/columba/pilot/batch_008/guides/chr22_500_guide_186/output.paf	533	f676474a73cf61aae93b7f14f3ad5050ed1b02ee16f71cd30d18f0a08cf61d92
raw/chr22_500_guides_20260810T040146_correctness_final/batches/correctness/columba/pilot/batch_008/guides/chr22_500_guide_186/stderr.txt	132671	f16e016d55244828162bae381c423bf2dd76b3ec082fd0726d19f5b7f364cfe8
raw/chr22_500_guides_20260810T040146_correctness_final/batches/correctness/columba/pilot/batch_008/guides/chr22_500_guide_187/command.txt	566	1ecda8c88065a7696d7c628d9a59e5891432a1a3f8bcfcd817fd7c9d59672556
raw/chr22_500_guides_20260810T040146_correctness_final/batches/correctness/columba/pilot/batch_008/guides/chr22_500_guide_187/metrics.tsv	294	373297bd6ddc021fa7f072a1b9a4231b6ec3e6a80d7d39b09b9de466c79af4c5
raw/chr22_500_guides_20260810T040146_correctness_final/batches/correctness/columba/pilot/batch_008/guides/chr22_500_guide_187/output.paf	420	51a176042123342a4831eba8dca01b9000fbe062e0a6c2e88db63cc931977305
raw/chr22_500_guides_20260810T040146_correctness_final/batches/correctness/columba/pilot/batch_008/guides/chr22_500_guide_187/stderr.txt	188	1f4dc320d13435be603267ca64d56395cb3f314c5c09eb17681c813b5a1a4263
raw/chr22_500_guides_20260810T040146_correctness_final/batches/correctness/columba/pilot/batch_008/guides/chr22_500_guide_188/command.txt	566	9c0ec224db1849cbefa2b5764e5537db605396f19a9a7cc317e179e279ebe990
raw/chr22_500_guides_20260810T040146_correctness_final/batches/correctness/columba/pilot/batch_008/guides/chr22_500_guide_188/metrics.tsv	294	09fd757e5423e56fb241bf422910dc5f3e4555263bd5362d0327f230ac07dcb5
raw/chr22_500_guides_20260810T040146_correctness_final/batches/correctness/columba/pilot/batch_008/guides/chr22_500_guide_188/output.paf	105	029b4bae64ebbe3decac5715b992bb89ceb0731276cd7cd8566eaca4250537b4
raw/chr22_500_guides_20260810T040146_correctness_final/batches/correctness/columba/pilot/batch_008/guides/chr22_500_guide_188/stderr.txt	846	d19c36693df71437a3e971b04638d4c55f47a0d94d8887a1c6ebbec6f71e8046
raw/chr22_500_guides_20260810T040146_correctness_final/batches/correctness/columba/pilot/batch_008/guides/chr22_500_guide_189/command.txt	566	0a754fbec3063a2648408853c7f34e053fdf430ada002ed50a3e81e44efbe17f
raw/chr22_500_guides_20260810T040146_correctness_final/batches/correctness/columba/pilot/batch_008/guides/chr22_500_guide_189/metrics.tsv	294	258087abb9271716765509d1f41e5250e00b1af96861f622d9f2546fef143ed8
raw/chr22_500_guides_20260810T040146_correctness_final/batches/correctness/columba/pilot/batch_008/guides/chr22_500_guide_189/output.paf	210	1a0a4c609cd5cf1946c36566a3f804c745395f17934a1617723121dc8047f381
raw/chr22_500_guides_20260810T040146_correctness_final/batches/correctness/columba/pilot/batch_008/guides/chr22_500_guide_189/stderr.txt	282	16c894919eb3af64e89702762f662b74036cda56113508717dd039b7701a720f
raw/chr22_500_guides_20260810T040146_correctness_final/batches/correctness/columba/pilot/batch_008/guides/chr22_500_guide_190/command.txt	566	9ebf6d09248a11824398287840cdc40199b1d5cb6ab4d115242bc7e5b7b28429
raw/chr22_500_guides_20260810T040146_correctness_final/batches/correctness/columba/pilot/batch_008/guides/chr22_500_guide_190/metrics.tsv	298	27276c11192fd43dcc1dd954c4b4be57fe2694e30e20b1dd9858ddf01b724e44
raw/chr22_500_guides_20260810T040146_correctness_final/batches/correctness/columba/pilot/batch_008/guides/chr22_500_guide_190/output.paf	7790	772794d7dfeb7e94f722de0c356d0bba086ca9710bc1538aa8fd629091bd58db
raw/chr22_500_guides_20260810T040146_correctness_final/batches/correctness/columba/pilot/batch_008/guides/chr22_500_guide_190/stderr.txt	420912	095c7d338c4ff282ff9fdd16f82db57a540a4ccf2045d351230457d829f73224
raw/chr22_500_guides_20260810T040146_correctness_final/batches/correctness/columba/pilot/batch_008/guides/chr22_500_guide_191/command.txt	566	d1826deae6b4ccd43cb8978d0e6e1e8e5b4e9b40efabd1bea8bf07cd0c4f430e
raw/chr22_500_guides_20260810T040146_correctness_final/batches/correctness/columba/pilot/batch_008/guides/chr22_500_guide_191/metrics.tsv	292	a81b87a2edbdf3aac0cb0291ebebabe940c66bd15065fd46fd772fe8a25d7c57
raw/chr22_500_guides_20260810T040146_correctness_final/batches/correctness/columba/pilot/batch_008/guides/chr22_500_guide_191/output.paf	105	ec8c5f18d6d74bcaeb3d8a9231840ea7d431ef6bd61745bcd5ac037ce5c4b79e
raw/chr22_500_guides_20260810T040146_correctness_final/batches/correctness/columba/pilot/batch_008/guides/chr22_500_guide_191/stderr.txt	0	e3b0c44298fc1c149afbf4c8996fb92427ae41e4649b934ca495991b7852b855
raw/chr22_500_guides_20260810T040146_correctness_final/batches/correctness/columba/pilot/batch_008/guides/chr22_500_guide_192/command.txt	566	b114a970d2668059eba9f435f41717b9419c4ca26307276c92bef5527c26cf7d
raw/chr22_500_guides_20260810T040146_correctness_final/batches/correctness/columba/pilot/batch_008/guides/chr22_500_guide_192/metrics.tsv	298	6d4ab63b18b12e069b1b5ac63d6489cd728b73f69ef6bb72f42c4782ad59f584
raw/chr22_500_guides_20260810T040146_correctness_final/batches/correctness/columba/pilot/batch_008/guides/chr22_500_guide_192/output.paf	3844	e681a54c96435b50639cc217f11919b4244bc18d6464debb522bc7c2fff48ce3
raw/chr22_500_guides_20260810T040146_correctness_final/batches/correctness/columba/pilot/batch_008/guides/chr22_500_guide_192/stderr.txt	136966	1de11f10571068808fa426c02241787689d36eaab4af74158ce7252d7efd2eee
raw/chr22_500_guides_20260810T040146_correctness_final/batches/correctness/columba/pilot/batch_008/guides/chr22_500_guide_193/command.txt	566	478805a118ab94046408be78b00ea8b9ff3949702199a09f057c45c132eb41a5
raw/chr22_500_guides_20260810T040146_correctness_final/batches/correctness/columba/pilot/batch_008/guides/chr22_500_guide_193/metrics.tsv	292	73cb2f3d2c4128198b6a9f9b9fbe56ca38ddde77ab4436f7803f0cc5ec50b019
raw/chr22_500_guides_20260810T040146_correctness_final/batches/correctness/columba/pilot/batch_008/guides/chr22_500_guide_193/output.paf	105	a699d8af011bf9deb858b41d0fae396d8cff7641f7f0fffbf757531340e4d266
raw/chr22_500_guides_20260810T040146_correctness_final/batches/correctness/columba/pilot/batch_008/guides/chr22_500_guide_193/stderr.txt	0	e3b0c44298fc1c149afbf4c8996fb92427ae41e4649b934ca495991b7852b855
raw/chr22_500_guides_20260810T040146_correctness_final/batches/correctness/columba/pilot/batch_008/guides/chr22_500_guide_194/command.txt	566	157038aeee43cc8c175a03643d9cd980dd6dfbf57161d117f23e25816c9a87b1
raw/chr22_500_guides_20260810T040146_correctness_final/batches/correctness/columba/pilot/batch_008/guides/chr22_500_guide_194/metrics.tsv	297	f77c274afc2bdc2b3c0af731bfd00ccae0dcbf55a6788ca5bc8e74a253a0b288
raw/chr22_500_guides_20260810T040146_correctness_final/batches/correctness/columba/pilot/batch_008/guides/chr22_500_guide_194/output.paf	533	7f584c506b18137c140505c397f299f5cfb1e2f19d1ec6daadff8bca7688d435
raw/chr22_500_guides_20260810T040146_correctness_final/batches/correctness/columba/pilot/batch_008/guides/chr22_500_guide_194/stderr.txt	215993	ee321b1a4fa0b2c782160d0ade1dc9b1e7c712baa0831134203827c6335eea64
raw/chr22_500_guides_20260810T040146_correctness_final/batches/correctness/columba/pilot/batch_008/guides/chr22_500_guide_195/command.txt	566	eb602e1c37c5531b3a91377b80326eb1fd5d01cef3381fbcb7e3086013cd7551
raw/chr22_500_guides_20260810T040146_correctness_final/batches/correctness/columba/pilot/batch_008/guides/chr22_500_guide_195/metrics.tsv	295	03d590050eace04e3d87632b8dc33eef7dfa46461c92112f7fa47762558db3de
raw/chr22_500_guides_20260810T040146_correctness_final/batches/correctness/columba/pilot/batch_008/guides/chr22_500_guide_195/output.paf	212	cb5118459e82325c3db2fd66e9783a13ede67bf9409c6eb4e4b9801a6da75cdf
raw/chr22_500_guides_20260810T040146_correctness_final/batches/correctness/columba/pilot/batch_008/guides/chr22_500_guide_195/stderr.txt	7894	3ca6c7c28da24390b5c41cd466f68a9e25f0da943d8c361c04ec9bbc6322702c
raw/chr22_500_guides_20260810T040146_correctness_final/batches/correctness/columba/pilot/batch_008/guides/chr22_500_guide_196/command.txt	566	c8e0173dc6139e83c260ad4275618f1fbe16c66473822f67228598157bea378d
raw/chr22_500_guides_20260810T040146_correctness_final/batches/correctness/columba/pilot/batch_008/guides/chr22_500_guide_196/metrics.tsv	292	b92caf43b2d642b68d9a8216853931dc09e29f34d729a267caa94e0c67b701f9
raw/chr22_500_guides_20260810T040146_correctness_final/batches/correctness/columba/pilot/batch_008/guides/chr22_500_guide_196/output.paf	105	9d313725a1565d5cfde76bfc23bd41168e8fdfe731f992e32e4e14928f1eba97
raw/chr22_500_guides_20260810T040146_correctness_final/batches/correctness/columba/pilot/batch_008/guides/chr22_500_guide_196/stderr.txt	0	e3b0c44298fc1c149afbf4c8996fb92427ae41e4649b934ca495991b7852b855
raw/chr22_500_guides_20260810T040146_correctness_final/batches/correctness/columba/pilot/batch_008/guides/chr22_500_guide_197/command.txt	566	79e8e006c7ab871acbfb7a3363888f3236f0361df1bcab9134e4b9c5f1cf1e01
raw/chr22_500_guides_20260810T040146_correctness_final/batches/correctness/columba/pilot/batch_008/guides/chr22_500_guide_197/metrics.tsv	294	692d6b601b5331345b2f52de2e6ab51397f26894400eb267a4b3ea1bebf6b755
raw/chr22_500_guides_20260810T040146_correctness_final/batches/correctness/columba/pilot/batch_008/guides/chr22_500_guide_197/output.paf	214	9eb85067d7a33bee8c8f49137a3e8ac1aec62426b1a9ddb3244bbec7c94ba60d
raw/chr22_500_guides_20260810T040146_correctness_final/batches/correctness/columba/pilot/batch_008/guides/chr22_500_guide_197/stderr.txt	469	c879bab8e175ca7ca99d471776ee53a527aa2a8ce7e388841850bd3a9a5cb905
raw/chr22_500_guides_20260810T040146_correctness_final/batches/correctness/columba/pilot/batch_008/guides/chr22_500_guide_198/command.txt	566	9e25ca24c617ed46f5e32e55fd503488516868fafc7ca7f3c46549ed25702392
raw/chr22_500_guides_20260810T040146_correctness_final/batches/correctness/columba/pilot/batch_008/guides/chr22_500_guide_198/metrics.tsv	294	45cd6528b6367a0b4694fa9ad438f79b14e93d6c6023b5bef24d727d6d437a6b
raw/chr22_500_guides_20260810T040146_correctness_final/batches/correctness/columba/pilot/batch_008/guides/chr22_500_guide_198/output.paf	105	4390a33a35b7293befeadb9fa60eb9d4727d057633aeb9a93007f6581228ca97
raw/chr22_500_guides_20260810T040146_correctness_final/batches/correctness/columba/pilot/batch_008/guides/chr22_500_guide_198/stderr.txt	188	7e3c0298e47ada9502fe1ab91e5aed0852345691cf2da9d42a3b3bb1585655fc
raw/chr22_500_guides_20260810T040146_correctness_final/batches/correctness/columba/pilot/batch_008/guides/chr22_500_guide_199/command.txt	566	32b824bbef387627a3ad8b95bea6d133e7da1a6a5e7b5058981ccd26274a4095
raw/chr22_500_guides_20260810T040146_correctness_final/batches/correctness/columba/pilot/batch_008/guides/chr22_500_guide_199/metrics.tsv	294	727358a132c68d33c55cd70a941f1fc2bd78fdec593b59c0713e7551978975de
raw/chr22_500_guides_20260810T040146_correctness_final/batches/correctness/columba/pilot/batch_008/guides/chr22_500_guide_199/output.paf	105	1a9e47a73e5d927bda478b79a2e0b4fe3a9cb6a5e919786318654d9a3e5db97f
raw/chr22_500_guides_20260810T040146_correctness_final/batches/correctness/columba/pilot/batch_008/guides/chr22_500_guide_199/stderr.txt	376	1591be8f62747dc63ff90a1bbe7959939ee4e8b9b649841b64575df53909e6d9
raw/chr22_500_guides_20260810T040146_correctness_final/batches/correctness/columba/pilot/batch_008/guides/chr22_500_guide_200/command.txt	566	5f8ffed78e66da9a6e30bd8da441562276a36186dd401c3af6fa384e0f0139d1
raw/chr22_500_guides_20260810T040146_correctness_final/batches/correctness/columba/pilot/batch_008/guides/chr22_500_guide_200/metrics.tsv	293	12c22c34c54ae232a903f1e108603dee2c72a0e86622a37f46831fb61758e2b7
raw/chr22_500_guides_20260810T040146_correctness_final/batches/correctness/columba/pilot/batch_008/guides/chr22_500_guide_200/output.paf	105	17756acd0a0ce54b4e745976cd31a47fd1c9f63f1661aa7d77bad966ffb5a944
raw/chr22_500_guides_20260810T040146_correctness_final/batches/correctness/columba/pilot/batch_008/guides/chr22_500_guide_200/stderr.txt	94	dce4bd63bbba53dfc5d40793c1256d7c8c18b7439dc831aeb3f92e33831bd080
raw/chr22_500_guides_20260810T040146_correctness_final/batches/correctness/columba/pilot/batch_009/SUCCESS	0	e3b0c44298fc1c149afbf4c8996fb92427ae41e4649b934ca495991b7852b855
raw/chr22_500_guides_20260810T040146_correctness_final/batches/correctness/columba/pilot/batch_009/environment.tsv	599	142054746f7fa450f0ae9c00f51b1a9095b242ed3bf0177688bce0911aff4009
raw/chr22_500_guides_20260810T040146_correctness_final/batches/correctness/columba/pilot/batch_009/guide_ids.txt	500	7d8267746c81d62f1a0646f3b08b7ab808f79f64a00edbaff425a68cfa193181
raw/chr22_500_guides_20260810T040146_correctness_final/batches/correctness/columba/pilot/batch_009/guide_order.sha256	303	99b5b31af474387236af0ad33de72069019aa1c75d4b97fc9d94f7752bf84d53
raw/chr22_500_guides_20260810T040146_correctness_final/batches/correctness/columba/pilot/batch_009/guide_order.txt	500	14210b2444283ea230fb5a7466132df230e598a2bb9033f7775f16c4fab412cc
raw/chr22_500_guides_20260810T040146_correctness_final/batches/correctness/columba/pilot/batch_009/guide_results.tsv	5488	f04542d360069827d6f676122a87a4a41c715db7b8fbe972ed3a12f27779cb36
raw/chr22_500_guides_20260810T040146_correctness_final/batches/correctness/columba/pilot/batch_009/guides/chr22_500_guide_201/command.txt	566	f66143b33156e8b0ce5565d485e2b93c623307e90c992738d616d858b8e71247
raw/chr22_500_guides_20260810T040146_correctness_final/batches/correctness/columba/pilot/batch_009/guides/chr22_500_guide_201/metrics.tsv	294	733d67a1e17f39c3f2c126c6f6beff58ea9b3f301fb287fd1e316e676b2d4600
raw/chr22_500_guides_20260810T040146_correctness_final/batches/correctness/columba/pilot/batch_009/guides/chr22_500_guide_201/output.paf	214	d6d98b6aeb5f2c883f79b82c45d44de2fb34edbcf0b1e9d7b04b93f9e961419b
raw/chr22_500_guides_20260810T040146_correctness_final/batches/correctness/columba/pilot/batch_009/guides/chr22_500_guide_201/stderr.txt	470	fde8b836d285794be3ca727ee724e6197588c807f8c91a19816d55152ad2ce6e
raw/chr22_500_guides_20260810T040146_correctness_final/batches/correctness/columba/pilot/batch_009/guides/chr22_500_guide_202/command.txt	566	d345a2688542b5a94a374c2b826591dae449957cc4b3e2572aa9e0c65ab4655c
raw/chr22_500_guides_20260810T040146_correctness_final/batches/correctness/columba/pilot/batch_009/guides/chr22_500_guide_202/metrics.tsv	294	270b5d9bab02f652bd3dc82b0e3cf7886f65a2cb2c3b0a8c008e60319a2f0302
raw/chr22_500_guides_20260810T040146_correctness_final/batches/correctness/columba/pilot/batch_009/guides/chr22_500_guide_202/output.paf	105	44bbd841c087139227d04935f12732bc62035e07484977bb2a50a49eea89c20d
raw/chr22_500_guides_20260810T040146_correctness_final/batches/correctness/columba/pilot/batch_009/guides/chr22_500_guide_202/stderr.txt	282	1bf5edc7b9653591aaaa56f2b64982443264cd8d9bdeda9ff91a0425a9e38e4a
raw/chr22_500_guides_20260810T040146_correctness_final/batches/correctness/columba/pilot/batch_009/guides/chr22_500_guide_203/command.txt	566	89a5d619df2660b972001d0d159c8a01fcc1576f0c09bbd29c7b700ad4072236
raw/chr22_500_guides_20260810T040146_correctness_final/batches/correctness/columba/pilot/batch_009/guides/chr22_500_guide_203/metrics.tsv	293	9b6367ff6da6556457ee3502eb3fb5bcf94b740bfc1fa1ef7926d075e8c361fb
raw/chr22_500_guides_20260810T040146_correctness_final/batches/correctness/columba/pilot/batch_009/guides/chr22_500_guide_203/output.paf	105	3e8108b8109dce3b65881841a62543e3eb3ba821fff9bc76b9b5e43ac8c75d77
raw/chr22_500_guides_20260810T040146_correctness_final/batches/correctness/columba/pilot/batch_009/guides/chr22_500_guide_203/stderr.txt	94	30d5bd1a2fd8f421e7be29640f109fecf4e022892dc5732c56ef1b76e1f5233b
raw/chr22_500_guides_20260810T040146_correctness_final/batches/correctness/columba/pilot/batch_009/guides/chr22_500_guide_204/command.txt	566	f53d9523fec4f50559140fb68a7331827894d4d15b3b089303e2f2130c2b1421
raw/chr22_500_guides_20260810T040146_correctness_final/batches/correctness/columba/pilot/batch_009/guides/chr22_500_guide_204/metrics.tsv	292	2b1e5ee0ec6bdf49e1c9037409a3005ffef6553589ab0bfd14378f183acdc6a8
raw/chr22_500_guides_20260810T040146_correctness_final/batches/correctness/columba/pilot/batch_009/guides/chr22_500_guide_204/output.paf	105	9d1a5247a3e3b449bea633b6b52c4bc96829551e72493f376f89f7886050d9a4
raw/chr22_500_guides_20260810T040146_correctness_final/batches/correctness/columba/pilot/batch_009/guides/chr22_500_guide_204/stderr.txt	0	e3b0c44298fc1c149afbf4c8996fb92427ae41e4649b934ca495991b7852b855
raw/chr22_500_guides_20260810T040146_correctness_final/batches/correctness/columba/pilot/batch_009/guides/chr22_500_guide_205/command.txt	566	be92f329f1fd261fd6d2f47552cd0e927435f0f2168fc5efd9eb954fca94426b
raw/chr22_500_guides_20260810T040146_correctness_final/batches/correctness/columba/pilot/batch_009/guides/chr22_500_guide_205/metrics.tsv	294	47d28feb9ddafcc08cf91187f00f11bea35076770fbf9cec7dd6bc376efb0a87
raw/chr22_500_guides_20260810T040146_correctness_final/batches/correctness/columba/pilot/batch_009/guides/chr22_500_guide_205/output.paf	323	31cd04449f0e717750811edfeca19670932d2ef47855d1e287806e2c35cb6234
raw/chr22_500_guides_20260810T040146_correctness_final/batches/correctness/columba/pilot/batch_009/guides/chr22_500_guide_205/stderr.txt	470	0815c62f9e9e0acfb1a6323e5a9c02127fcee511590db49a271226d63fee6be8
raw/chr22_500_guides_20260810T040146_correctness_final/batches/correctness/columba/pilot/batch_009/guides/chr22_500_guide_206/command.txt	566	1f877118c5ae131a5b0b99c90a7515d51b5b0c48dfdbc4d5b90545055dbea243
raw/chr22_500_guides_20260810T040146_correctness_final/batches/correctness/columba/pilot/batch_009/guides/chr22_500_guide_206/metrics.tsv	292	4ffa9775a44ace809b6db46c491c4310c696ca6d5f8fe4f90464739ba38ad84b
raw/chr22_500_guides_20260810T040146_correctness_final/batches/correctness/columba/pilot/batch_009/guides/chr22_500_guide_206/output.paf	105	0d05d9358e7eddcda81c0af29d014e6cbf29264f1da23b16a2ce4db5446e5bda
raw/chr22_500_guides_20260810T040146_correctness_final/batches/correctness/columba/pilot/batch_009/guides/chr22_500_guide_206/stderr.txt	0	e3b0c44298fc1c149afbf4c8996fb92427ae41e4649b934ca495991b7852b855
raw/chr22_500_guides_20260810T040146_correctness_final/batches/correctness/columba/pilot/batch_009/guides/chr22_500_guide_207/command.txt	566	d07f3f4203c1d3b69a843d77343d22f0cc477e1982c3e2b305c865b1a0f680f4
raw/chr22_500_guides_20260810T040146_correctness_final/batches/correctness/columba/pilot/batch_009/guides/chr22_500_guide_207/metrics.tsv	294	242287606da06fd7f135e850bf2be7971dfdac1442e3abbd6fe2234b82687727
raw/chr22_500_guides_20260810T040146_correctness_final/batches/correctness/columba/pilot/batch_009/guides/chr22_500_guide_207/output.paf	105	d3ec7c66bc10a3376e61eb42399a7bac83ea47eb29447109082383725c615d9d
raw/chr22_500_guides_20260810T040146_correctness_final/batches/correctness/columba/pilot/batch_009/guides/chr22_500_guide_207/stderr.txt	376	9ea2a32a6be31acfce0d1db45cd7455233cc28d44ba57ed919d204c93d0afee5
raw/chr22_500_guides_20260810T040146_correctness_final/batches/correctness/columba/pilot/batch_009/guides/chr22_500_guide_208/command.txt	566	15e5f721a9d47bcd7e89cc307e577296e5d056ad3d94663a41652d8551c9400f
raw/chr22_500_guides_20260810T040146_correctness_final/batches/correctness/columba/pilot/batch_009/guides/chr22_500_guide_208/metrics.tsv	292	63d9d29a797c3ae7bc232bcb8491735d7aa1b696eb5f7dfdc6a6ac372dce8e0e
raw/chr22_500_guides_20260810T040146_correctness_final/batches/correctness/columba/pilot/batch_009/guides/chr22_500_guide_208/output.paf	105	5924fcb39f9667884df027edda8f627478be6271057a2d69844c736321e3169f
raw/chr22_500_guides_20260810T040146_correctness_final/batches/correctness/columba/pilot/batch_009/guides/chr22_500_guide_208/stderr.txt	0	e3b0c44298fc1c149afbf4c8996fb92427ae41e4649b934ca495991b7852b855
raw/chr22_500_guides_20260810T040146_correctness_final/batches/correctness/columba/pilot/batch_009/guides/chr22_500_guide_209/command.txt	566	39e4e344c98126ea8e6941399f3c210591ae7bc88f5b5098e2f45884b9354204
raw/chr22_500_guides_20260810T040146_correctness_final/batches/correctness/columba/pilot/batch_009/guides/chr22_500_guide_209/metrics.tsv	292	0922475ac4d31216494016d353e05972026b30392059658b9699a434896d84fe
raw/chr22_500_guides_20260810T040146_correctness_final/batches/correctness/columba/pilot/batch_009/guides/chr22_500_guide_209/output.paf	105	27efb82af164e4487a5cf1ccf7177efb814a97e6868618c2fb067d455ed85d72
raw/chr22_500_guides_20260810T040146_correctness_final/batches/correctness/columba/pilot/batch_009/guides/chr22_500_guide_209/stderr.txt	0	e3b0c44298fc1c149afbf4c8996fb92427ae41e4649b934ca495991b7852b855
raw/chr22_500_guides_20260810T040146_correctness_final/batches/correctness/columba/pilot/batch_009/guides/chr22_500_guide_210/command.txt	566	27bae856a9821fe5ef3b2108d98ea45d9fdf470e7d28b6844b39188f9972c8ba
raw/chr22_500_guides_20260810T040146_correctness_final/batches/correctness/columba/pilot/batch_009/guides/chr22_500_guide_210/metrics.tsv	293	b9a1ac978e81bddeae511de6f0dee5091918af6406206e396f998843c5506dba
raw/chr22_500_guides_20260810T040146_correctness_final/batches/correctness/columba/pilot/batch_009/guides/chr22_500_guide_210/output.paf	105	410125d8cde9aa8559c2cafa33ee82e57d7a2a7be8aa4340940d389453d4aa13
raw/chr22_500_guides_20260810T040146_correctness_final/batches/correctness/columba/pilot/batch_009/guides/chr22_500_guide_210/stderr.txt	94	98eafddc6705acace023d279fe2d2474ed1bc814f781be21bc729ccb8f34da02
raw/chr22_500_guides_20260810T040146_correctness_final/batches/correctness/columba/pilot/batch_009/guides/chr22_500_guide_211/command.txt	566	f39e4e01862aa488b476226b82cc4647c572596f2abb25ed42fd202edaa880af
raw/chr22_500_guides_20260810T040146_correctness_final/batches/correctness/columba/pilot/batch_009/guides/chr22_500_guide_211/metrics.tsv	292	1736dba333f0fad85aa01df0d911779a613144079b05ec6de24a1cb5bf67a3cd
raw/chr22_500_guides_20260810T040146_correctness_final/batches/correctness/columba/pilot/batch_009/guides/chr22_500_guide_211/output.paf	323	20e008a39766f5204fa95d4bd0a8c7abc3887b792992cd6c99d7682cea48d725
raw/chr22_500_guides_20260810T040146_correctness_final/batches/correctness/columba/pilot/batch_009/guides/chr22_500_guide_211/stderr.txt	0	e3b0c44298fc1c149afbf4c8996fb92427ae41e4649b934ca495991b7852b855
raw/chr22_500_guides_20260810T040146_correctness_final/batches/correctness/columba/pilot/batch_009/guides/chr22_500_guide_212/command.txt	566	19447977a0647e4cb4cbc651818730434915521aeb828d9e7b66482e54b28b2f
raw/chr22_500_guides_20260810T040146_correctness_final/batches/correctness/columba/pilot/batch_009/guides/chr22_500_guide_212/metrics.tsv	294	21b959658ce449392f31630f751bba74d5e8c25b25a6cfc902e1fcb9feada199
raw/chr22_500_guides_20260810T040146_correctness_final/batches/correctness/columba/pilot/batch_009/guides/chr22_500_guide_212/output.paf	426	4a2f7e701731af895b6de23add8c363330b9708149d82c09d0910cf52a9071a6
raw/chr22_500_guides_20260810T040146_correctness_final/batches/correctness/columba/pilot/batch_009/guides/chr22_500_guide_212/stderr.txt	376	1b589983a8b5855076bc4491d17704756e9f42f9d5e968e92508bbc5ab23b1a2
raw/chr22_500_guides_20260810T040146_correctness_final/batches/correctness/columba/pilot/batch_009/guides/chr22_500_guide_213/command.txt	566	b67a6b497e3a6b9bdebb34b5a399c66ef87ede69a75b252be4fab3d258472f2f
raw/chr22_500_guides_20260810T040146_correctness_final/batches/correctness/columba/pilot/batch_009/guides/chr22_500_guide_213/metrics.tsv	296	8b6c2c4eff9d098160695c0b03dd59be29046d535405c2cd88598764c5475519
raw/chr22_500_guides_20260810T040146_correctness_final/batches/correctness/columba/pilot/batch_009/guides/chr22_500_guide_213/output.paf	210	453049c36d105d5fc369042ca0ab1a96b8b895a916b5c2f187ec168c02aae659
raw/chr22_500_guides_20260810T040146_correctness_final/batches/correctness/columba/pilot/batch_009/guides/chr22_500_guide_213/stderr.txt	23862	6a4a76d7576dcdf483edf9f4bfebf4e97bedcea9c2681ce642817147f17c17a9
raw/chr22_500_guides_20260810T040146_correctness_final/batches/correctness/columba/pilot/batch_009/guides/chr22_500_guide_214/command.txt	566	30f73b7e2e9e6f9717cb1b4461e491af426439db0648145b834db4ccac1b6861
raw/chr22_500_guides_20260810T040146_correctness_final/batches/correctness/columba/pilot/batch_009/guides/chr22_500_guide_214/metrics.tsv	296	b0e9a5f4b373886b3b732be655ac42455edcff899acf508f00807c8a50202382
raw/chr22_500_guides_20260810T040146_correctness_final/batches/correctness/columba/pilot/batch_009/guides/chr22_500_guide_214/output.paf	527	d1267a7002bb30f0701f4a9ab7e16c256b0704d6840f6424451faec7375707d0
raw/chr22_500_guides_20260810T040146_correctness_final/batches/correctness/columba/pilot/batch_009/guides/chr22_500_guide_214/stderr.txt	85097	40d917494a237c6ea811bf0cd067eb667f710c572bbf41c951d52e0dfcf2e541
raw/chr22_500_guides_20260810T040146_correctness_final/batches/correctness/columba/pilot/batch_009/guides/chr22_500_guide_215/command.txt	566	c1589eb2d59973fb8c5c325cb8efd46545c25f305e01d15e978e29d02831d665
raw/chr22_500_guides_20260810T040146_correctness_final/batches/correctness/columba/pilot/batch_009/guides/chr22_500_guide_215/metrics.tsv	294	eb53d2a8f2d945ef2fc5040182a12ea8dc063bbcfb912ea73f78f041b132985f
raw/chr22_500_guides_20260810T040146_correctness_final/batches/correctness/columba/pilot/batch_009/guides/chr22_500_guide_215/output.paf	105	63b76d0e58c2cecbbbcfe4992fd7ff1c45be184128a232ca263192df43d8669c
raw/chr22_500_guides_20260810T040146_correctness_final/batches/correctness/columba/pilot/batch_009/guides/chr22_500_guide_215/stderr.txt	188	4352e4e40b3713d409ba86521d55d188c008744fc455bdc8ed72ecb4955f27ea
raw/chr22_500_guides_20260810T040146_correctness_final/batches/correctness/columba/pilot/batch_009/guides/chr22_500_guide_216/command.txt	566	d8b23720a5be4c0760a1c60bf10a4b3d3c90084961e8a43bd776094e97cf6bf3
raw/chr22_500_guides_20260810T040146_correctness_final/batches/correctness/columba/pilot/batch_009/guides/chr22_500_guide_216/metrics.tsv	294	26ec5ab725b41f0d2e0a4b48ab6c37142c3dfd85265a238dae1db56dad79eac0
raw/chr22_500_guides_20260810T040146_correctness_final/batches/correctness/columba/pilot/batch_009/guides/chr22_500_guide_216/output.paf	105	e266b204a7997147a3fd8f9d94740378fc9a8435605b2363e7555257caffd730
raw/chr22_500_guides_20260810T040146_correctness_final/batches/correctness/columba/pilot/batch_009/guides/chr22_500_guide_216/stderr.txt	188	799ab8a11c5febaaad680d06285bb2f1272ee07b717ebf92072b318d43aac3d9
raw/chr22_500_guides_20260810T040146_correctness_final/batches/correctness/columba/pilot/batch_009/guides/chr22_500_guide_217/command.txt	566	62df41b3a9ac92c0f5f1871ae86829f02ea16c18394e94f2a05514160769b8c3
raw/chr22_500_guides_20260810T040146_correctness_final/batches/correctness/columba/pilot/batch_009/guides/chr22_500_guide_217/metrics.tsv	292	8db8376463fee20e77e769280b7ec921de50ce57f6f0363f21b0c74ad70fda29
raw/chr22_500_guides_20260810T040146_correctness_final/batches/correctness/columba/pilot/batch_009/guides/chr22_500_guide_217/output.paf	105	bf3ea3e4771c6389b495a35456fadd28c1e956c9034804a5821e52e1827a51ff
raw/chr22_500_guides_20260810T040146_correctness_final/batches/correctness/columba/pilot/batch_009/guides/chr22_500_guide_217/stderr.txt	0	e3b0c44298fc1c149afbf4c8996fb92427ae41e4649b934ca495991b7852b855
raw/chr22_500_guides_20260810T040146_correctness_final/batches/correctness/columba/pilot/batch_009/guides/chr22_500_guide_218/command.txt	566	54530671f67746b66d95a33193c18e5abbbd5ce5541084af83255ec6a0ac78ce
raw/chr22_500_guides_20260810T040146_correctness_final/batches/correctness/columba/pilot/batch_009/guides/chr22_500_guide_218/metrics.tsv	295	4d13537aecd260fe56523ac879f3451d3e06f04e6593817d976dc5334c157692
raw/chr22_500_guides_20260810T040146_correctness_final/batches/correctness/columba/pilot/batch_009/guides/chr22_500_guide_218/output.paf	212	4f1d85930718319dee2874ba1c96e3f8e80885b044e2550d9d3285234eb16d34
raw/chr22_500_guides_20260810T040146_correctness_final/batches/correctness/columba/pilot/batch_009/guides/chr22_500_guide_218/stderr.txt	8926	ac80b04a88870303112f4ee98ea5b95636d0b8b35af5c52fb77c23238f1648db
raw/chr22_500_guides_20260810T040146_correctness_final/batches/correctness/columba/pilot/batch_009/guides/chr22_500_guide_219/command.txt	566	a088879a792a40e6e23948d99a0b5d1fc110a40a6eae65d7ff616cd9516edb43
raw/chr22_500_guides_20260810T040146_correctness_final/batches/correctness/columba/pilot/batch_009/guides/chr22_500_guide_219/metrics.tsv	295	c775031cc3b2ec7bf6d3b6d0057e3265b375955010f0ffe9881955e739f89d10
raw/chr22_500_guides_20260810T040146_correctness_final/batches/correctness/columba/pilot/batch_009/guides/chr22_500_guide_219/output.paf	105	872f2f85baa7c28f5b262483d1218ee6344fc208ed78aec17d684a0eae7c0c68
raw/chr22_500_guides_20260810T040146_correctness_final/batches/correctness/columba/pilot/batch_009/guides/chr22_500_guide_219/stderr.txt	1034	36f8fdad0538985a1a18f9afb927cc8b20bdf6efbdfbda4ab6136998e339304c
raw/chr22_500_guides_20260810T040146_correctness_final/batches/correctness/columba/pilot/batch_009/guides/chr22_500_guide_220/command.txt	566	58363eda13dd8684991a3f1edb1ddb072f9de9992175c5d61c5824526e21e381
raw/chr22_500_guides_20260810T040146_correctness_final/batches/correctness/columba/pilot/batch_009/guides/chr22_500_guide_220/metrics.tsv	292	a10d683ea2662741ccdffbb449960f09f5bd6e216a1b69f4523f2149d8054478
raw/chr22_500_guides_20260810T040146_correctness_final/batches/correctness/columba/pilot/batch_009/guides/chr22_500_guide_220/output.paf	212	42c2ae15b75a013aad8e8379ddbc2d5b12ac8407ab6c2b2793e73d4fc6bd83cf
raw/chr22_500_guides_20260810T040146_correctness_final/batches/correctness/columba/pilot/batch_009/guides/chr22_500_guide_220/stderr.txt	0	e3b0c44298fc1c149afbf4c8996fb92427ae41e4649b934ca495991b7852b855
raw/chr22_500_guides_20260810T040146_correctness_final/batches/correctness/columba/pilot/batch_009/guides/chr22_500_guide_221/command.txt	566	a36b0e641b8a66a16c6bdf018f4b0efa1e004a9a980509889393718bd95f7b23
raw/chr22_500_guides_20260810T040146_correctness_final/batches/correctness/columba/pilot/batch_009/guides/chr22_500_guide_221/metrics.tsv	294	dfe3f8dbe5b82be34abfa4ba7893c4942cfd0abcf0450e261fb5a2d7f9ec3974
raw/chr22_500_guides_20260810T040146_correctness_final/batches/correctness/columba/pilot/batch_009/guides/chr22_500_guide_221/output.paf	214	cd268f0877e9f2defd94547cb7d413e6318e8a8a578332b3534c975a280f1ed5
raw/chr22_500_guides_20260810T040146_correctness_final/batches/correctness/columba/pilot/batch_009/guides/chr22_500_guide_221/stderr.txt	282	7821a7e3e4ac6b058b526096b8686db589056db949c9be3a45c23ffe19cc9708
raw/chr22_500_guides_20260810T040146_correctness_final/batches/correctness/columba/pilot/batch_009/guides/chr22_500_guide_222/command.txt	566	48f304210917d4324814ad9ad1bb33ea8181ebd0c6018d7eaeda2402159a4d0c
raw/chr22_500_guides_20260810T040146_correctness_final/batches/correctness/columba/pilot/batch_009/guides/chr22_500_guide_222/metrics.tsv	294	2e1017a1ff62358121dd73b056d9ffdf05192232a75ae841611c439f0fd73003
raw/chr22_500_guides_20260810T040146_correctness_final/batches/correctness/columba/pilot/batch_009/guides/chr22_500_guide_222/output.paf	105	6f82a4b03c8a18fd06ca9940024af4ce0a01fb5e93ea9ba2feacab228c154786
raw/chr22_500_guides_20260810T040146_correctness_final/batches/correctness/columba/pilot/batch_009/guides/chr22_500_guide_222/stderr.txt	470	06895de691d7efaae1016e7edb8391cb6b084415ed0bdfc2cff632bf936f12b5
raw/chr22_500_guides_20260810T040146_correctness_final/batches/correctness/columba/pilot/batch_009/guides/chr22_500_guide_223/command.txt	566	a5dc2c466af134335a0814a6fdc2abbfeea25b3c539a72e90cfd77196bf537a2
raw/chr22_500_guides_20260810T040146_correctness_final/batches/correctness/columba/pilot/batch_009/guides/chr22_500_guide_223/metrics.tsv	293	b3999b14b59b8dff7d42473319012b7656d6b09d7989ffdd77d9946c838d5083
raw/chr22_500_guides_20260810T040146_correctness_final/batches/correctness/columba/pilot/batch_009/guides/chr22_500_guide_223/output.paf	105	7e528a989c31c40be279492b74efb2b32bbafcb76168ffa5ecf4da003dd2852c
raw/chr22_500_guides_20260810T040146_correctness_final/batches/correctness/columba/pilot/batch_009/guides/chr22_500_guide_223/stderr.txt	94	dd567e27451842465f72c8df72e5b23a60f4533474e55b65999ba98af50e5e25
raw/chr22_500_guides_20260810T040146_correctness_final/batches/correctness/columba/pilot/batch_009/guides/chr22_500_guide_224/command.txt	566	f7ab134963e86c7884be576dde195077531fee95f264daeec6d5fc2bf3654d03
raw/chr22_500_guides_20260810T040146_correctness_final/batches/correctness/columba/pilot/batch_009/guides/chr22_500_guide_224/metrics.tsv	298	be2db654610e2b106f276588bcbb68ab382581f8854ff26a12e86a8532c40bbb
raw/chr22_500_guides_20260810T040146_correctness_final/batches/correctness/columba/pilot/batch_009/guides/chr22_500_guide_224/output.paf	60617	54d11e3db2366ce541d6dd624ad37c81cfeac13a61d37678c89ef153e33b66b2
raw/chr22_500_guides_20260810T040146_correctness_final/batches/correctness/columba/pilot/batch_009/guides/chr22_500_guide_224/stderr.txt	65365	7c3c605f1b0416f4677072a66d3b67749c050f71df57e5cbe5d956ec14e37e1e
raw/chr22_500_guides_20260810T040146_correctness_final/batches/correctness/columba/pilot/batch_009/guides/chr22_500_guide_225/command.txt	566	3ae42b1c6dd0658f966c6a4df757bcbcf0af89a96edc881c697d23cd546518b3
raw/chr22_500_guides_20260810T040146_correctness_final/batches/correctness/columba/pilot/batch_009/guides/chr22_500_guide_225/metrics.tsv	294	dd6f458c828c0fb5f492ad74801ecf37fa9bb800e1f6c748fbd06ecb0ccc2820
raw/chr22_500_guides_20260810T040146_correctness_final/batches/correctness/columba/pilot/batch_009/guides/chr22_500_guide_225/output.paf	214	2256242036940b1116433901a0599960dc42ab0e478a65137c775e38bd0273a2
raw/chr22_500_guides_20260810T040146_correctness_final/batches/correctness/columba/pilot/batch_009/guides/chr22_500_guide_225/stderr.txt	564	db63611d9aa229289b158dc50bacab0411b142385e4f4f6d34b3f1d2165fe370
raw/chr22_500_guides_20260810T040146_correctness_final/batches/correctness/columba/pilot/batch_010/SUCCESS	0	e3b0c44298fc1c149afbf4c8996fb92427ae41e4649b934ca495991b7852b855
raw/chr22_500_guides_20260810T040146_correctness_final/batches/correctness/columba/pilot/batch_010/environment.tsv	600	dd34357541a0caea7baa0ca6967a9799b6e95c0b0443841a9415d199ed7d3e59
raw/chr22_500_guides_20260810T040146_correctness_final/batches/correctness/columba/pilot/batch_010/guide_ids.txt	500	20d1c29a9ac726a3a2d3afd1c37bc2e5193911491b8bbc2fe2ba546e19a998fa
raw/chr22_500_guides_20260810T040146_correctness_final/batches/correctness/columba/pilot/batch_010/guide_order.sha256	303	b36a3259937356d388c4f5f775d01331ebd3391fdfef595b45fc7aa62e7597aa
raw/chr22_500_guides_20260810T040146_correctness_final/batches/correctness/columba/pilot/batch_010/guide_order.txt	500	bf73aedf1248915dd1bd8a65a0434f67c2e329e23c61eb4df26770d906516dad
raw/chr22_500_guides_20260810T040146_correctness_final/batches/correctness/columba/pilot/batch_010/guide_results.tsv	5489	456aa6d5c73e310d6b3ea75d625b2144aa75191c3454918bf94ac4ed34053efc
raw/chr22_500_guides_20260810T040146_correctness_final/batches/correctness/columba/pilot/batch_010/guides/chr22_500_guide_226/command.txt	566	27b13cf572b2633fc2449d809c1113b23e1947e35cefeebcbb2f90a57161fad1
raw/chr22_500_guides_20260810T040146_correctness_final/batches/correctness/columba/pilot/batch_010/guides/chr22_500_guide_226/metrics.tsv	294	38bec043afa331510cacdb5891beddc5ae1f84e831071bf7dbec4e062e96b0fc
raw/chr22_500_guides_20260810T040146_correctness_final/batches/correctness/columba/pilot/batch_010/guides/chr22_500_guide_226/output.paf	105	94662f76c5a2e1983e29f9285786131e7dfa5e0469adfc1d64b03f76edd026e8
raw/chr22_500_guides_20260810T040146_correctness_final/batches/correctness/columba/pilot/batch_010/guides/chr22_500_guide_226/stderr.txt	188	235fba1f3a94247886ec99d48f73a64642fd981c1ab5e7aaa7deea44178dce56
raw/chr22_500_guides_20260810T040146_correctness_final/batches/correctness/columba/pilot/batch_010/guides/chr22_500_guide_227/command.txt	566	da76d26c12b55af3a3688d3c97797768e7f0de6831ce1b4efd4ee51a3d352c6d
raw/chr22_500_guides_20260810T040146_correctness_final/batches/correctness/columba/pilot/batch_010/guides/chr22_500_guide_227/metrics.tsv	294	d537aa2e0dee8bbcbfacf08c0647211e20ea6d8c55b6ebcdcc18c8b3398c0dcb
raw/chr22_500_guides_20260810T040146_correctness_final/batches/correctness/columba/pilot/batch_010/guides/chr22_500_guide_227/output.paf	105	22d5655df7a017b496eba42ed43213b203f8a0be1e2d8f176c1e3c5f3c371478
raw/chr22_500_guides_20260810T040146_correctness_final/batches/correctness/columba/pilot/batch_010/guides/chr22_500_guide_227/stderr.txt	188	9cdd2124e0417c3f306c31a94554e954f5a25ef700c62f3745d75abe2ba08650
raw/chr22_500_guides_20260810T040146_correctness_final/batches/correctness/columba/pilot/batch_010/guides/chr22_500_guide_228/command.txt	566	87d7006eff9339b20600f06c4232d644acdcea738e1b21a96f6a8b23acedaf6e
raw/chr22_500_guides_20260810T040146_correctness_final/batches/correctness/columba/pilot/batch_010/guides/chr22_500_guide_228/metrics.tsv	293	9516489e21963daca9a365e0ceb2982b25b77f0c753aed9ad5c682522c187ceb
raw/chr22_500_guides_20260810T040146_correctness_final/batches/correctness/columba/pilot/batch_010/guides/chr22_500_guide_228/output.paf	105	714554ca8eac6dff9bf1ea7bcd982ded36f466eaa79bea00a33e12ff4252393b
raw/chr22_500_guides_20260810T040146_correctness_final/batches/correctness/columba/pilot/batch_010/guides/chr22_500_guide_228/stderr.txt	94	32b0fdb408a245e8ea00a9e3729e5f81f9093394a9fdef4348318ec666ad1e55
raw/chr22_500_guides_20260810T040146_correctness_final/batches/correctness/columba/pilot/batch_010/guides/chr22_500_guide_229/command.txt	566	f734ae802cfc2f8767422e352f0b8ed21f58766dadd0b7e2f26a82376df54003
raw/chr22_500_guides_20260810T040146_correctness_final/batches/correctness/columba/pilot/batch_010/guides/chr22_500_guide_229/metrics.tsv	293	5d6c9824d551d49a12f6b0085aa2e8259efb330782178a639baa9967f182e6f2
raw/chr22_500_guides_20260810T040146_correctness_final/batches/correctness/columba/pilot/batch_010/guides/chr22_500_guide_229/output.paf	105	5dd95897a99de5c99923bee729265bb935a9a9c19c1fcf9fdf9f1a7f104c4420
raw/chr22_500_guides_20260810T040146_correctness_final/batches/correctness/columba/pilot/batch_010/guides/chr22_500_guide_229/stderr.txt	94	c726d65732b5f43969e478c08b4184e4305070be4a134e1c005cb3a97a1d233b
raw/chr22_500_guides_20260810T040146_correctness_final/batches/correctness/columba/pilot/batch_010/guides/chr22_500_guide_230/command.txt	566	47e6cdc1cbbd445b2435e7db6ea1cad428067c193dd490e2eba951276e5529ed
raw/chr22_500_guides_20260810T040146_correctness_final/batches/correctness/columba/pilot/batch_010/guides/chr22_500_guide_230/metrics.tsv	298	470ed89a44e46a8b09924bb4a916ff56cc21380b8ccd5160a6b989a4794b3ac6
raw/chr22_500_guides_20260810T040146_correctness_final/batches/correctness/columba/pilot/batch_010/guides/chr22_500_guide_230/output.paf	8268	229cd2876388c13a745adca55a17654843ad63887cb0e9318cc87c6d233ee208
raw/chr22_500_guides_20260810T040146_correctness_final/batches/correctness/columba/pilot/batch_010/guides/chr22_500_guide_230/stderr.txt	150802	bc47c58a6a7cc85cc048ce68721fac44532859fd449a8942633afc39fd58680e
raw/chr22_500_guides_20260810T040146_correctness_final/batches/correctness/columba/pilot/batch_010/guides/chr22_500_guide_231/command.txt	566	61a2d73a28eb64aaff10bf33ac0997f160255ec560d1006423255c84b4c8d589
raw/chr22_500_guides_20260810T040146_correctness_final/batches/correctness/columba/pilot/batch_010/guides/chr22_500_guide_231/metrics.tsv	292	0596d518857893e12469df2ba2d239fb13a04a9519538bfd33141c5d76601982
raw/chr22_500_guides_20260810T040146_correctness_final/batches/correctness/columba/pilot/batch_010/guides/chr22_500_guide_231/output.paf	105	948dbfd6425bdb3088906f63eb868902942301af431fc9e95949314af66ff6d0
raw/chr22_500_guides_20260810T040146_correctness_final/batches/correctness/columba/pilot/batch_010/guides/chr22_500_guide_231/stderr.txt	0	e3b0c44298fc1c149afbf4c8996fb92427ae41e4649b934ca495991b7852b855
raw/chr22_500_guides_20260810T040146_correctness_final/batches/correctness/columba/pilot/batch_010/guides/chr22_500_guide_232/command.txt	566	2385b1de880136ab330d2a3e641ee3de6507e27ee2d3f2194c5091cdb3971c09
raw/chr22_500_guides_20260810T040146_correctness_final/batches/correctness/columba/pilot/batch_010/guides/chr22_500_guide_232/metrics.tsv	295	4214f6142e940c773373309b510fe0ac3a0fb4d56968188b1f767f8c0f069f95
raw/chr22_500_guides_20260810T040146_correctness_final/batches/correctness/columba/pilot/batch_010/guides/chr22_500_guide_232/output.paf	319	188c8dad2c7680aaff5b71eba79ecd0b2ba15fd65a3ee65ac94687c20a8de512
raw/chr22_500_guides_20260810T040146_correctness_final/batches/correctness/columba/pilot/batch_010/guides/chr22_500_guide_232/stderr.txt	1222	f9f8962e1e3cadf0ea9f0dc5f7a07a00ebc744f96abb0f0ffa226fe45caf2703
raw/chr22_500_guides_20260810T040146_correctness_final/batches/correctness/columba/pilot/batch_010/guides/chr22_500_guide_233/command.txt	566	09a07f9402cbb8f11a93f4619d86a05a1f257ff3e198b47115e26c3ecb6c46ca
raw/chr22_500_guides_20260810T040146_correctness_final/batches/correctness/columba/pilot/batch_010/guides/chr22_500_guide_233/metrics.tsv	294	996822d17b1fd48cb2ff1d8d4021784a6004858b56821e2750bc18e9106e6d06
raw/chr22_500_guides_20260810T040146_correctness_final/batches/correctness/columba/pilot/batch_010/guides/chr22_500_guide_233/output.paf	105	ca51411298336dbdfe2d1022ed02e74028dfbcd2e0e397a8224fce4f6017af72
raw/chr22_500_guides_20260810T040146_correctness_final/batches/correctness/columba/pilot/batch_010/guides/chr22_500_guide_233/stderr.txt	282	b76583d8074d81b6123010653d515a4ff97310c43c5bf08081014d9154db7606
raw/chr22_500_guides_20260810T040146_correctness_final/batches/correctness/columba/pilot/batch_010/guides/chr22_500_guide_234/command.txt	566	2924c5b8c62d159d8754fd1d4f4f7d44179cd25a81f90cecd385d33e65179cb2
raw/chr22_500_guides_20260810T040146_correctness_final/batches/correctness/columba/pilot/batch_010/guides/chr22_500_guide_234/metrics.tsv	295	6b85631070b9303a979abaccc5e24687d6e77b14d43deb5c4367966001c5fcb6
raw/chr22_500_guides_20260810T040146_correctness_final/batches/correctness/columba/pilot/batch_010/guides/chr22_500_guide_234/output.paf	105	559f7e67d202d27824782db27afaef4c7023d13de9ac2f9e0d96441ac0764ef7
raw/chr22_500_guides_20260810T040146_correctness_final/batches/correctness/columba/pilot/batch_010/guides/chr22_500_guide_234/stderr.txt	1126	99b26d9c321efae0760ea43b93fde2b0881ccedd47537bb8554a42faeb20a979
raw/chr22_500_guides_20260810T040146_correctness_final/batches/correctness/columba/pilot/batch_010/guides/chr22_500_guide_235/command.txt	566	cdc5610eda9c06b5d1680ba793495e1ed5a04913b52f2bd0faed375b992bf718
raw/chr22_500_guides_20260810T040146_correctness_final/batches/correctness/columba/pilot/batch_010/guides/chr22_500_guide_235/metrics.tsv	294	62285f9c186dac1402b4a63de919847597e2eccc49d24999d85bc6faf650e284
raw/chr22_500_guides_20260810T040146_correctness_final/batches/correctness/columba/pilot/batch_010/guides/chr22_500_guide_235/output.paf	105	80326d781f5ecae351589ee4107bc2da49fa1ef20ecd12922b789c1f9c7c6bc1
raw/chr22_500_guides_20260810T040146_correctness_final/batches/correctness/columba/pilot/batch_010/guides/chr22_500_guide_235/stderr.txt	188	ccfb6c7940abd8dcfff9776cbdec4da4a59be0807799887f5e2ad97f4bdaa5ae
raw/chr22_500_guides_20260810T040146_correctness_final/batches/correctness/columba/pilot/batch_010/guides/chr22_500_guide_236/command.txt	566	d3af264d1b2b9d7b7c746c7da240c75c9dfcfef972698e78e8c772cd2120c08a
raw/chr22_500_guides_20260810T040146_correctness_final/batches/correctness/columba/pilot/batch_010/guides/chr22_500_guide_236/metrics.tsv	293	de287435eeebfdc9b4d296349b3347511f516275ac17ef641d5e3191c3e711cd
raw/chr22_500_guides_20260810T040146_correctness_final/batches/correctness/columba/pilot/batch_010/guides/chr22_500_guide_236/output.paf	105	6873e81c95093f02fe9950b0a4e16005b1a7677c0c2d1e08e409ac9fcee80573
raw/chr22_500_guides_20260810T040146_correctness_final/batches/correctness/columba/pilot/batch_010/guides/chr22_500_guide_236/stderr.txt	94	b8dd2ed21cf80ae3abed35117ab86b66f6ca8c3e1afd96054c3912fef96cde74
raw/chr22_500_guides_20260810T040146_correctness_final/batches/correctness/columba/pilot/batch_010/guides/chr22_500_guide_237/command.txt	566	09952b0bdda64b79325798044ea27d99b6868357d789f0d7f2afc65a54fb35fd
raw/chr22_500_guides_20260810T040146_correctness_final/batches/correctness/columba/pilot/batch_010/guides/chr22_500_guide_237/metrics.tsv	293	3d38734bc880c26f45f14b667c483dc29ffe6d74aa9775b32ff5cf0a69b01d0f
raw/chr22_500_guides_20260810T040146_correctness_final/batches/correctness/columba/pilot/batch_010/guides/chr22_500_guide_237/output.paf	105	0abb692cfa9f5a252fe3b1d2d8d9d08f6739c95819a20ad81f84a718487ff25a
raw/chr22_500_guides_20260810T040146_correctness_final/batches/correctness/columba/pilot/batch_010/guides/chr22_500_guide_237/stderr.txt	94	f1681c85e42a69ceaaff6903aaa62a44913460d6721d15522ef2daddcec1b504
raw/chr22_500_guides_20260810T040146_correctness_final/batches/correctness/columba/pilot/batch_010/guides/chr22_500_guide_238/command.txt	566	013615c7451b42b2e94f086fe08854e475f20dd3d22c9013797b8fc057463758
raw/chr22_500_guides_20260810T040146_correctness_final/batches/correctness/columba/pilot/batch_010/guides/chr22_500_guide_238/metrics.tsv	292	3270befed46a3bcd41012e9842d0537ea37d0f8c0693c8b250baeb4114e8d3d1
raw/chr22_500_guides_20260810T040146_correctness_final/batches/correctness/columba/pilot/batch_010/guides/chr22_500_guide_238/output.paf	105	bc3b9f3f86cc8bbd34d0a114947da783ee284f28a9a17754f8b3028fd08951a9
raw/chr22_500_guides_20260810T040146_correctness_final/batches/correctness/columba/pilot/batch_010/guides/chr22_500_guide_238/stderr.txt	0	e3b0c44298fc1c149afbf4c8996fb92427ae41e4649b934ca495991b7852b855
raw/chr22_500_guides_20260810T040146_correctness_final/batches/correctness/columba/pilot/batch_010/guides/chr22_500_guide_239/command.txt	566	8de7845b71ca8aaf2fd559b54f88a8af93aba4259a808d2d63125384b8a593fe
raw/chr22_500_guides_20260810T040146_correctness_final/batches/correctness/columba/pilot/batch_010/guides/chr22_500_guide_239/metrics.tsv	295	9a598a727d629c79d420cad7106f3624fb87c1512a73ed30e433d5344e7bebaf
raw/chr22_500_guides_20260810T040146_correctness_final/batches/correctness/columba/pilot/batch_010/guides/chr22_500_guide_239/output.paf	105	b06803d19ac167e2ad3b8c6242945d1284df798d5c097e179fbae26c172aed64
raw/chr22_500_guides_20260810T040146_correctness_final/batches/correctness/columba/pilot/batch_010/guides/chr22_500_guide_239/stderr.txt	3007	f503053835301ccabae87d530bd8b8708967e5f35869a83beb6c8bf50f09fb7d
raw/chr22_500_guides_20260810T040146_correctness_final/batches/correctness/columba/pilot/batch_010/guides/chr22_500_guide_240/command.txt	566	a9f831addbc34098a95fa7e6ea6af88125c2440c793836eed6bcf9e0acf7a893
raw/chr22_500_guides_20260810T040146_correctness_final/batches/correctness/columba/pilot/batch_010/guides/chr22_500_guide_240/metrics.tsv	293	42f532344ce7a2463b6bdde90713aabf327e22ed4f5a3a5eb932554092414310
raw/chr22_500_guides_20260810T040146_correctness_final/batches/correctness/columba/pilot/batch_010/guides/chr22_500_guide_240/output.paf	105	cd82c6f69d17ef93e8a39ab104e1fd06550b7e78cbabd6c112773fbb528ade2f
raw/chr22_500_guides_20260810T040146_correctness_final/batches/correctness/columba/pilot/batch_010/guides/chr22_500_guide_240/stderr.txt	94	4ca148772c0176955a99a22eadee5354de3a207bd17bf3f913e6935f37987484
raw/chr22_500_guides_20260810T040146_correctness_final/batches/correctness/columba/pilot/batch_010/guides/chr22_500_guide_241/command.txt	566	c9d9ad817db21e761b43c112372cae64113d73cb4746a49ad1608a86b0bf53af
raw/chr22_500_guides_20260810T040146_correctness_final/batches/correctness/columba/pilot/batch_010/guides/chr22_500_guide_241/metrics.tsv	292	60e923be6d3dd4d2e9fc3b0bac0308aba5a6769f14b4f0184f17571734dfc88a
raw/chr22_500_guides_20260810T040146_correctness_final/batches/correctness/columba/pilot/batch_010/guides/chr22_500_guide_241/output.paf	105	e37c211d0e5aef8879cc8a7d50e07e6c3225c140733fc907790bcb68cb40cc27
raw/chr22_500_guides_20260810T040146_correctness_final/batches/correctness/columba/pilot/batch_010/guides/chr22_500_guide_241/stderr.txt	0	e3b0c44298fc1c149afbf4c8996fb92427ae41e4649b934ca495991b7852b855
raw/chr22_500_guides_20260810T040146_correctness_final/batches/correctness/columba/pilot/batch_010/guides/chr22_500_guide_242/command.txt	566	1d5d507e346acfb621cd8044951507dd4b564caaf3990348d790f307a60cd2a0
raw/chr22_500_guides_20260810T040146_correctness_final/batches/correctness/columba/pilot/batch_010/guides/chr22_500_guide_242/metrics.tsv	293	32dcf6144e9f4d2381b3b6f5475be4656c1f51a244af037fa16a4e0d02001e09
raw/chr22_500_guides_20260810T040146_correctness_final/batches/correctness/columba/pilot/batch_010/guides/chr22_500_guide_242/output.paf	105	808b851e321fd57c9ed18955deffb0cd298667205fc930fb7b5e62d4518211e3
raw/chr22_500_guides_20260810T040146_correctness_final/batches/correctness/columba/pilot/batch_010/guides/chr22_500_guide_242/stderr.txt	94	829affcd3dc991a38379dc4b02dc3e50a5dc29482a037fe3d1d681abd7aa825a
raw/chr22_500_guides_20260810T040146_correctness_final/batches/correctness/columba/pilot/batch_010/guides/chr22_500_guide_243/command.txt	566	8aab2e7241e9a2a123f3def9f000857a2f80382ca271073ee216c231d6d447b7
raw/chr22_500_guides_20260810T040146_correctness_final/batches/correctness/columba/pilot/batch_010/guides/chr22_500_guide_243/metrics.tsv	294	0aac7dd2217c39e1366a65e0670f80df0139ef1643a79c6b83a83476e99ca906
raw/chr22_500_guides_20260810T040146_correctness_final/batches/correctness/columba/pilot/batch_010/guides/chr22_500_guide_243/output.paf	323	00230428f6d63582ec60d092b6bc6c689bf77cb21e9480a627f5e8c16d0dc979
raw/chr22_500_guides_20260810T040146_correctness_final/batches/correctness/columba/pilot/batch_010/guides/chr22_500_guide_243/stderr.txt	940	42d1ec48cb0493956d77fad00767b6c2fed5e28ca7790d50779e46dd1957fd55
raw/chr22_500_guides_20260810T040146_correctness_final/batches/correctness/columba/pilot/batch_010/guides/chr22_500_guide_244/command.txt	566	8b52c6e6c0c732ba786212d453600b0041be2aaa98d6a20fcb04e14e17e396a5
raw/chr22_500_guides_20260810T040146_correctness_final/batches/correctness/columba/pilot/batch_010/guides/chr22_500_guide_244/metrics.tsv	296	b4e65bf9ae72aa8b4b158f64bc607c1e9da83da5ad4d2ad9fd3c13f6853699ca
raw/chr22_500_guides_20260810T040146_correctness_final/batches/correctness/columba/pilot/batch_010/guides/chr22_500_guide_244/output.paf	214	8d38040c24e6e97c20c2877e156843b5f7175c5176567f9b468667f22eaf818b
raw/chr22_500_guides_20260810T040146_correctness_final/batches/correctness/columba/pilot/batch_010/guides/chr22_500_guide_244/stderr.txt	22921	e707c825bd0f8d3419714a3a36d84b950e313e94cda89480dcbd1c3edfc741f7
raw/chr22_500_guides_20260810T040146_correctness_final/batches/correctness/columba/pilot/batch_010/guides/chr22_500_guide_245/command.txt	566	213fc3c14b2e78f5c1c31e6a1163bd4479b6485360cc1f2f4004a3d9a1a18692
raw/chr22_500_guides_20260810T040146_correctness_final/batches/correctness/columba/pilot/batch_010/guides/chr22_500_guide_245/metrics.tsv	295	023e15191c4d6ea4033ba66e7267bb64018d0d07c4c75ec0cfbb41d6c21963c2
raw/chr22_500_guides_20260810T040146_correctness_final/batches/correctness/columba/pilot/batch_010/guides/chr22_500_guide_245/output.paf	214	fd4b11a3f64063954752abbe6c5cd929d6d17f4c7df6ee3281a32632ef54c7a5
raw/chr22_500_guides_20260810T040146_correctness_final/batches/correctness/columba/pilot/batch_010/guides/chr22_500_guide_245/stderr.txt	2254	869971ca2f44f99536329798ee65ec677f74029e7bec74b82647bde8260e08f5
raw/chr22_500_guides_20260810T040146_correctness_final/batches/correctness/columba/pilot/batch_010/guides/chr22_500_guide_246/command.txt	566	91d37c06a270fab8df3accca8bb4f655e7c3d51195c906ee64737b4612fa4d95
raw/chr22_500_guides_20260810T040146_correctness_final/batches/correctness/columba/pilot/batch_010/guides/chr22_500_guide_246/metrics.tsv	294	bf202ac2524bee46ee5ef84b210fd25223325adc7eca5cb4556be3be002b0a13
raw/chr22_500_guides_20260810T040146_correctness_final/batches/correctness/columba/pilot/batch_010/guides/chr22_500_guide_246/output.paf	214	50c9c70bb2ba41c14b8f52dd19268a1bf7a65cfa6ccefd7d86abea9175974411
raw/chr22_500_guides_20260810T040146_correctness_final/batches/correctness/columba/pilot/batch_010/guides/chr22_500_guide_246/stderr.txt	376	28bdc98b476463c1c59549e7e05eaae3c6743ba286c6b81ce7d4a41a2f1e5e94
raw/chr22_500_guides_20260810T040146_correctness_final/batches/correctness/columba/pilot/batch_010/guides/chr22_500_guide_247/command.txt	566	785f4062e839c571fa8c45daa080ae28e0e6b1d291f35ac6b839a7d26e1d7416
raw/chr22_500_guides_20260810T040146_correctness_final/batches/correctness/columba/pilot/batch_010/guides/chr22_500_guide_247/metrics.tsv	295	f9c5b00e944dbc770f3a1436692b49c92b36c03c74974ae1344374abd7ad30b1
raw/chr22_500_guides_20260810T040146_correctness_final/batches/correctness/columba/pilot/batch_010/guides/chr22_500_guide_247/output.paf	105	98ddd5914fdce39e5c1fd0ce66277bfed0fed939ac7e85ad7cae4c1003db9a59
raw/chr22_500_guides_20260810T040146_correctness_final/batches/correctness/columba/pilot/batch_010/guides/chr22_500_guide_247/stderr.txt	1598	ab68a533421ced6f0a80d262f9ae1f20b3886cce86d91dfd9b948b705f74c637
raw/chr22_500_guides_20260810T040146_correctness_final/batches/correctness/columba/pilot/batch_010/guides/chr22_500_guide_248/command.txt	566	c4ee76804607468ef9600712f44ea93a2312cce48ada62302ef5577876e60bd3
raw/chr22_500_guides_20260810T040146_correctness_final/batches/correctness/columba/pilot/batch_010/guides/chr22_500_guide_248/metrics.tsv	297	611c6dfe3aa932aa3b8b6612aa308970e090a73a9680ed25d0a49b928be4440d
raw/chr22_500_guides_20260810T040146_correctness_final/batches/correctness/columba/pilot/batch_010/guides/chr22_500_guide_248/output.paf	8608	a3962782031d7a99caa2c5378ed324dd3f3d615a63e3f3246b35b7371cee0cde
raw/chr22_500_guides_20260810T040146_correctness_final/batches/correctness/columba/pilot/batch_010/guides/chr22_500_guide_248/stderr.txt	94235	76defb6e40a3b8e0ecc76033ed3e6b9c80b03fa159050eccc782c7a714c2d894
raw/chr22_500_guides_20260810T040146_correctness_final/batches/correctness/columba/pilot/batch_010/guides/chr22_500_guide_249/command.txt	566	f20319e6e1c250ff1b1bf003af486198aa0c7b872f5a98feabee6d978ac42bf9
raw/chr22_500_guides_20260810T040146_correctness_final/batches/correctness/columba/pilot/batch_010/guides/chr22_500_guide_249/metrics.tsv	297	6c0f9de50551a8e369155fa67e65f56c8149e312e0073aeb11fe96d8f0647850
raw/chr22_500_guides_20260810T040146_correctness_final/batches/correctness/columba/pilot/batch_010/guides/chr22_500_guide_249/output.paf	2992	91eaee42bedf24bf2111c1235a1a999ab6f9f4cd19a598b6c5d619b429099649
raw/chr22_500_guides_20260810T040146_correctness_final/batches/correctness/columba/pilot/batch_010/guides/chr22_500_guide_249/stderr.txt	22365	5507075d66691860dc1d01623eb7c52149380b015c66e3443d640004a79accbb
raw/chr22_500_guides_20260810T040146_correctness_final/batches/correctness/columba/pilot/batch_010/guides/chr22_500_guide_250/command.txt	566	23afc21b200487683d5b2624d3615b34121533bd799f9785d58b9c5fda6b2d11
raw/chr22_500_guides_20260810T040146_correctness_final/batches/correctness/columba/pilot/batch_010/guides/chr22_500_guide_250/metrics.tsv	294	57ba6a414e4ffaee7a69e231e8aa4e61c8f225fb3ea77dab0ee69cc20cdba469
raw/chr22_500_guides_20260810T040146_correctness_final/batches/correctness/columba/pilot/batch_010/guides/chr22_500_guide_250/output.paf	105	3a7597cc582f0a7be9eff099d86a4b5be941fbb6e265ffb9caa3883e9eb04a7d
raw/chr22_500_guides_20260810T040146_correctness_final/batches/correctness/columba/pilot/batch_010/guides/chr22_500_guide_250/stderr.txt	188	9fcc2d43671c28725c44c4302b71d78323275e0a295762355d514e8ebfba3a35
raw/chr22_500_guides_20260810T040146_correctness_final/batches/correctness/columba/pilot/batch_011/SUCCESS	0	e3b0c44298fc1c149afbf4c8996fb92427ae41e4649b934ca495991b7852b855
raw/chr22_500_guides_20260810T040146_correctness_final/batches/correctness/columba/pilot/batch_011/environment.tsv	600	b5e9a12f365e99a558baa48d66697d493bc7dbfb7f351591aaa95a254104b2f3
raw/chr22_500_guides_20260810T040146_correctness_final/batches/correctness/columba/pilot/batch_011/guide_ids.txt	500	34b0c4d95e2c9f810ccf574c7f620f20689e0393c50f2f0596093a1397f64e12
raw/chr22_500_guides_20260810T040146_correctness_final/batches/correctness/columba/pilot/batch_011/guide_order.sha256	303	af20bec4eb435facc26a85fd96ea4fe28f059c067838f0d8cceff4781348e966
raw/chr22_500_guides_20260810T040146_correctness_final/batches/correctness/columba/pilot/batch_011/guide_order.txt	500	9e471e7cde64821c5f1613cea11307b34cac41cd667f75f17e3a4dedaa1ab090
raw/chr22_500_guides_20260810T040146_correctness_final/batches/correctness/columba/pilot/batch_011/guide_results.tsv	5491	72558c333bcd3cb8344ace69c0ba83ecf48c4cccf02972a120c9cc0a82e561a6
raw/chr22_500_guides_20260810T040146_correctness_final/batches/correctness/columba/pilot/batch_011/guides/chr22_500_guide_251/command.txt	566	7d4254c96b20dad7c9f1c29a58e6cdae1ce2514915f8d3cdbe3903b46ef273b9
raw/chr22_500_guides_20260810T040146_correctness_final/batches/correctness/columba/pilot/batch_011/guides/chr22_500_guide_251/metrics.tsv	295	eac6cf5abdc7cb91effbfc00a8188b167e5af7abb38ad1e174664a07e7ecc2a1
raw/chr22_500_guides_20260810T040146_correctness_final/batches/correctness/columba/pilot/batch_011/guides/chr22_500_guide_251/output.paf	105	0c3bb5f8913d9c96bb40ed3175b5838d5a29298d87c0429f6c483a88658f5cc7
raw/chr22_500_guides_20260810T040146_correctness_final/batches/correctness/columba/pilot/batch_011/guides/chr22_500_guide_251/stderr.txt	6359	fc792695632a02007ca04d144b4d98dc1164719773a2e501c2875e421c3c052c
raw/chr22_500_guides_20260810T040146_correctness_final/batches/correctness/columba/pilot/batch_011/guides/chr22_500_guide_252/command.txt	566	8803b0f1a811de5c3af53305767086a326109b01e59bf5d3e9cbb11da776e5f7
raw/chr22_500_guides_20260810T040146_correctness_final/batches/correctness/columba/pilot/batch_011/guides/chr22_500_guide_252/metrics.tsv	297	3a66905e0b8a17432042207642de9a02d4b3ae6a7c80111a1a7a88ea3375bc9a
raw/chr22_500_guides_20260810T040146_correctness_final/batches/correctness/columba/pilot/batch_011/guides/chr22_500_guide_252/output.paf	1187	b8bdbf368bbcc5a2cff3b7b86ceca006e004123173c04696ad8da2e07182e852
raw/chr22_500_guides_20260810T040146_correctness_final/batches/correctness/columba/pilot/batch_011/guides/chr22_500_guide_252/stderr.txt	89255	e29a971bfb37319f8992d4c71e2059a10a9d82074cf96b4ec81b10146f9c8c6d
raw/chr22_500_guides_20260810T040146_correctness_final/batches/correctness/columba/pilot/batch_011/guides/chr22_500_guide_253/command.txt	566	6930dd10c6a4b90b15bd34111d8bf425357a22fd57a493aa3299b720108e74aa
raw/chr22_500_guides_20260810T040146_correctness_final/batches/correctness/columba/pilot/batch_011/guides/chr22_500_guide_253/metrics.tsv	293	16381cb99d5c2dbd7f152d25a45ed7158bdc0e64b6670e9a3373ee25e8690bd9
raw/chr22_500_guides_20260810T040146_correctness_final/batches/correctness/columba/pilot/batch_011/guides/chr22_500_guide_253/output.paf	105	14ef5eacd0519bf8d6f3f1e421b2147ce2cef2d89992ac6bc3c0c6493049fd6f
raw/chr22_500_guides_20260810T040146_correctness_final/batches/correctness/columba/pilot/batch_011/guides/chr22_500_guide_253/stderr.txt	94	b3f77e03add0f929849c64c186a0f6ee8168522805e29a074a8498ff01f34924
raw/chr22_500_guides_20260810T040146_correctness_final/batches/correctness/columba/pilot/batch_011/guides/chr22_500_guide_254/command.txt	566	da49356416c99c5d3da9928bae65db45f0ee7480b25e5d9bc8051c4e71678af4
raw/chr22_500_guides_20260810T040146_correctness_final/batches/correctness/columba/pilot/batch_011/guides/chr22_500_guide_254/metrics.tsv	294	4326dddf17081f77982999e49c36ee963db14f7a25d9cc86d887b502a56b3d1f
raw/chr22_500_guides_20260810T040146_correctness_final/batches/correctness/columba/pilot/batch_011/guides/chr22_500_guide_254/output.paf	105	a2299552cb699e14d2ae59955314a90bb8969bee46b6c9e47f326ce8511aa0d3
raw/chr22_500_guides_20260810T040146_correctness_final/batches/correctness/columba/pilot/batch_011/guides/chr22_500_guide_254/stderr.txt	188	64971e12c61fc6fa6ebb70fbc2bd2ea95e8aff434744fbefd3855be5e1783bef
raw/chr22_500_guides_20260810T040146_correctness_final/batches/correctness/columba/pilot/batch_011/guides/chr22_500_guide_255/command.txt	566	a2ceabca4c3fa0aa63dffcff19be24ba37e82a7014df5ca462e66702806f6fc3
raw/chr22_500_guides_20260810T040146_correctness_final/batches/correctness/columba/pilot/batch_011/guides/chr22_500_guide_255/metrics.tsv	296	679b73acecf84c839f95e875357279d59ce3065d12b7483bfb162bcdf9004b4a
raw/chr22_500_guides_20260810T040146_correctness_final/batches/correctness/columba/pilot/batch_011/guides/chr22_500_guide_255/output.paf	105	08f98f3ad365100ac1996a1ea822a2d4046f6814391006bbedb86aee8a7133c2
raw/chr22_500_guides_20260810T040146_correctness_final/batches/correctness/columba/pilot/batch_011/guides/chr22_500_guide_255/stderr.txt	18889	fa3a5c7a3c9379783995234f62335dc0a3d1fe35a66851f1f33d2f84634ef18b
raw/chr22_500_guides_20260810T040146_correctness_final/batches/correctness/columba/pilot/batch_011/guides/chr22_500_guide_256/command.txt	566	770046688ef24ec8bb4364d6af2b36362b801a40483f0b3303fb15bfa45f4c0e
raw/chr22_500_guides_20260810T040146_correctness_final/batches/correctness/columba/pilot/batch_011/guides/chr22_500_guide_256/metrics.tsv	294	6cbc134e6555e995169da33d1c97e04709ae7a75b092b19f6a16e7f14dd8fa81
raw/chr22_500_guides_20260810T040146_correctness_final/batches/correctness/columba/pilot/batch_011/guides/chr22_500_guide_256/output.paf	105	dc65ad43323263785a083294d17584c11e378d04f99c3a48ba1b50606118a885
raw/chr22_500_guides_20260810T040146_correctness_final/batches/correctness/columba/pilot/batch_011/guides/chr22_500_guide_256/stderr.txt	282	75df6cad23b68a7a5f99ed089452f3ec4a0dfc1e9509bd323fbdf9bda6543084
raw/chr22_500_guides_20260810T040146_correctness_final/batches/correctness/columba/pilot/batch_011/guides/chr22_500_guide_257/command.txt	566	865e741de0e8ed316c340c1df77046e72c923486a10f7750b236d196ce6ff854
raw/chr22_500_guides_20260810T040146_correctness_final/batches/correctness/columba/pilot/batch_011/guides/chr22_500_guide_257/metrics.tsv	295	dc5f5a347ed43632265499d627ea421f80a2979af3ea31facc5ea03a43f9c174
raw/chr22_500_guides_20260810T040146_correctness_final/batches/correctness/columba/pilot/batch_011/guides/chr22_500_guide_257/output.paf	644	4939af4bc68d9de12a17a9d18be8013bcdba99669455a9e3831052a8b64018df
raw/chr22_500_guides_20260810T040146_correctness_final/batches/correctness/columba/pilot/batch_011/guides/chr22_500_guide_257/stderr.txt	6199	1c5228b9731accf02be30bf92244191931da3709b382f333975c5bcda649b1bf
raw/chr22_500_guides_20260810T040146_correctness_final/batches/correctness/columba/pilot/batch_011/guides/chr22_500_guide_258/command.txt	566	56fcec6ace838c7592226df602b7be1f4a7687b9485435fe9be6e73b08444f71
raw/chr22_500_guides_20260810T040146_correctness_final/batches/correctness/columba/pilot/batch_011/guides/chr22_500_guide_258/metrics.tsv	293	b60d2b824c971fc416ffaf434f3a6d65fb3c78a4e51e27f0c61593ce4fe6a6ff
raw/chr22_500_guides_20260810T040146_correctness_final/batches/correctness/columba/pilot/batch_011/guides/chr22_500_guide_258/output.paf	105	b743dcf20b0f8a4d8e1a343b97d48c58a0bc7fc4d1bb2a983a38d2078d740fcd
raw/chr22_500_guides_20260810T040146_correctness_final/batches/correctness/columba/pilot/batch_011/guides/chr22_500_guide_258/stderr.txt	94	2948117454b190d6eeeaca3bc94a2bf5793d77da14d80a9f2def8405cee8a845
raw/chr22_500_guides_20260810T040146_correctness_final/batches/correctness/columba/pilot/batch_011/guides/chr22_500_guide_259/command.txt	566	9d113b8c5f075723f4bb4ce8a789816c51d0f006dd9d1e205a709a9105055cf5
raw/chr22_500_guides_20260810T040146_correctness_final/batches/correctness/columba/pilot/batch_011/guides/chr22_500_guide_259/metrics.tsv	292	a1802b132433a936d0248381b5998d6ee7552c2c07e7b81371daef69f2a9bf34
raw/chr22_500_guides_20260810T040146_correctness_final/batches/correctness/columba/pilot/batch_011/guides/chr22_500_guide_259/output.paf	105	8ea5cafdf0d18eeade9b610505bed740032f18636ab57803898abcbe44cdd8e8
raw/chr22_500_guides_20260810T040146_correctness_final/batches/correctness/columba/pilot/batch_011/guides/chr22_500_guide_259/stderr.txt	0	e3b0c44298fc1c149afbf4c8996fb92427ae41e4649b934ca495991b7852b855
raw/chr22_500_guides_20260810T040146_correctness_final/batches/correctness/columba/pilot/batch_011/guides/chr22_500_guide_260/command.txt	566	32f952b513f483202080bd184f7b0cc8be96f95669063b211fd6fee3039a6307
raw/chr22_500_guides_20260810T040146_correctness_final/batches/correctness/columba/pilot/batch_011/guides/chr22_500_guide_260/metrics.tsv	295	422aa52871d2bf140553f0356c298d3aba841693beace0136d8e482e9942f599
raw/chr22_500_guides_20260810T040146_correctness_final/batches/correctness/columba/pilot/batch_011/guides/chr22_500_guide_260/output.paf	432	f78f8bfc1547840e498b2c5ab88016095e4836ab8f97b77506fd05dcb7e111f8
raw/chr22_500_guides_20260810T040146_correctness_final/batches/correctness/columba/pilot/batch_011/guides/chr22_500_guide_260/stderr.txt	2531	c0091dca2554632863ae533a60340f8ec9e8b99016d1d1e05ee3fa1a8ffd2b67
raw/chr22_500_guides_20260810T040146_correctness_final/batches/correctness/columba/pilot/batch_011/guides/chr22_500_guide_261/command.txt	566	80ef5bb61e323e0a070e9f1eabb8a54c91ceef3dcc9912311e6373b7d6cd12a3
raw/chr22_500_guides_20260810T040146_correctness_final/batches/correctness/columba/pilot/batch_011/guides/chr22_500_guide_261/metrics.tsv	294	eb368afddd9400e8535e15e047892b1dd30d757cd9b443bb111a2dbc165ebe67
raw/chr22_500_guides_20260810T040146_correctness_final/batches/correctness/columba/pilot/batch_011/guides/chr22_500_guide_261/output.paf	105	b839624aa5bb002a76b04ff4d05b7a0ec4ecea160053801ca45bcc541703762c
raw/chr22_500_guides_20260810T040146_correctness_final/batches/correctness/columba/pilot/batch_011/guides/chr22_500_guide_261/stderr.txt	846	61b97790ddd4471eeee6684f6270f8fdf199b1a8d402ca28405987cee8439d43
raw/chr22_500_guides_20260810T040146_correctness_final/batches/correctness/columba/pilot/batch_011/guides/chr22_500_guide_262/command.txt	566	36e8895fccf149a2a68eed27db231469a83db99f5670ab083036b59671b1ed58
raw/chr22_500_guides_20260810T040146_correctness_final/batches/correctness/columba/pilot/batch_011/guides/chr22_500_guide_262/metrics.tsv	292	a8df77f56fd6c3e44cf427741c0c7f29ea6061a26f4b124cf913b071b22040f7
raw/chr22_500_guides_20260810T040146_correctness_final/batches/correctness/columba/pilot/batch_011/guides/chr22_500_guide_262/output.paf	105	cab2ab2bbde4e365ef2454f22e0d08cd93e57c6b29ed335c1d62ceae307d4365
raw/chr22_500_guides_20260810T040146_correctness_final/batches/correctness/columba/pilot/batch_011/guides/chr22_500_guide_262/stderr.txt	0	e3b0c44298fc1c149afbf4c8996fb92427ae41e4649b934ca495991b7852b855
raw/chr22_500_guides_20260810T040146_correctness_final/batches/correctness/columba/pilot/batch_011/guides/chr22_500_guide_263/command.txt	566	48476778c0a3f35ba869b05bf8bf6b785237f764574c5b20d02bc627fd6fb84e
raw/chr22_500_guides_20260810T040146_correctness_final/batches/correctness/columba/pilot/batch_011/guides/chr22_500_guide_263/metrics.tsv	293	c7f061ae0394fb6012b5b53856c866980f986010e27d0710a0bc789dc80bf4ab
raw/chr22_500_guides_20260810T040146_correctness_final/batches/correctness/columba/pilot/batch_011/guides/chr22_500_guide_263/output.paf	105	7f92fd7dddc708c2b3ec905f92a74e766b81d6ff9eaf13b4dc9c11ff5e96767a
raw/chr22_500_guides_20260810T040146_correctness_final/batches/correctness/columba/pilot/batch_011/guides/chr22_500_guide_263/stderr.txt	94	eb38c77d3364d29cf9b4a0c82bd850e49266e1046930de12097b9d1d6f671ebe
raw/chr22_500_guides_20260810T040146_correctness_final/batches/correctness/columba/pilot/batch_011/guides/chr22_500_guide_264/command.txt	566	fa94551b80885ff4295d2d66c3c2b53ced1ada8951ab7cb63e5fec17bfb0cc4e
raw/chr22_500_guides_20260810T040146_correctness_final/batches/correctness/columba/pilot/batch_011/guides/chr22_500_guide_264/metrics.tsv	300	2dc5a3c15bd511add892c3bc1e8b7b601277260d49833f5e87ed23157df657a6
raw/chr22_500_guides_20260810T040146_correctness_final/batches/correctness/columba/pilot/batch_011/guides/chr22_500_guide_264/output.paf	154422	282c6062a191ca3cd9fb5ec88da608ee4ab1c06f9c292ce00870a00238a8020a
raw/chr22_500_guides_20260810T040146_correctness_final/batches/correctness/columba/pilot/batch_011/guides/chr22_500_guide_264/stderr.txt	220395	d8918b15a5cb616dc3482dc6d861ba6844159a4ba1f5f4e43143b625cb16409e
raw/chr22_500_guides_20260810T040146_correctness_final/batches/correctness/columba/pilot/batch_011/guides/chr22_500_guide_265/command.txt	566	14e8eb4e1c193f4175d5bbec4f68b3bd9aaadd108f2ab2f2577eb6a8fe2cc2ed
raw/chr22_500_guides_20260810T040146_correctness_final/batches/correctness/columba/pilot/batch_011/guides/chr22_500_guide_265/metrics.tsv	297	20cb0f33a0eedaa75e3e745add11b9285c980d1eef8268580c1957713f53837d
raw/chr22_500_guides_20260810T040146_correctness_final/batches/correctness/columba/pilot/batch_011/guides/chr22_500_guide_265/output.paf	755	b2564cf767e489adee6e3fd7ab48621b5b8ab3c7e9890de8ad6ed1e34a6a7317
raw/chr22_500_guides_20260810T040146_correctness_final/batches/correctness/columba/pilot/batch_011/guides/chr22_500_guide_265/stderr.txt	162722	c124bc9251b7449e54f552bf0dc293b2b60a80a4d77f44ba65d3f4b1f656dccf
raw/chr22_500_guides_20260810T040146_correctness_final/batches/correctness/columba/pilot/batch_011/guides/chr22_500_guide_266/command.txt	566	fa52a78691d0aa0437a9a4dbf28843ca8801c0b532a65408e233b96b11698725
raw/chr22_500_guides_20260810T040146_correctness_final/batches/correctness/columba/pilot/batch_011/guides/chr22_500_guide_266/metrics.tsv	294	4f80590b252e9c1d3ff693a0f840713baa7af6aa49d7146d0ee4290a8a1c8e77
raw/chr22_500_guides_20260810T040146_correctness_final/batches/correctness/columba/pilot/batch_011/guides/chr22_500_guide_266/output.paf	105	ee0724b7721eeb7026f8ec19f3741fc6026e209f17c8c1dfd45658c19daffca8
raw/chr22_500_guides_20260810T040146_correctness_final/batches/correctness/columba/pilot/batch_011/guides/chr22_500_guide_266/stderr.txt	188	99e133b40e2a63f9387d2aadf2b231bce1404b51755160786621dec698b931b8
raw/chr22_500_guides_20260810T040146_correctness_final/batches/correctness/columba/pilot/batch_011/guides/chr22_500_guide_267/command.txt	566	4567e69542a5c5ae2bac08457863e2572005104c960afa100e88642b8f5d285a
raw/chr22_500_guides_20260810T040146_correctness_final/batches/correctness/columba/pilot/batch_011/guides/chr22_500_guide_267/metrics.tsv	294	f63321479cbaca74efb91856e81c5195e850c6599fb2f01226b5d8c436796d4d
raw/chr22_500_guides_20260810T040146_correctness_final/batches/correctness/columba/pilot/batch_011/guides/chr22_500_guide_267/output.paf	105	30ceab938998e2f8848144534fd4b41a8e46e76dd1f2040915462ed81ff96f96
raw/chr22_500_guides_20260810T040146_correctness_final/batches/correctness/columba/pilot/batch_011/guides/chr22_500_guide_267/stderr.txt	376	aa7e0523fe3b7c364fbafb64f3add479d903af640d09dc702c8120390b0d297b
raw/chr22_500_guides_20260810T040146_correctness_final/batches/correctness/columba/pilot/batch_011/guides/chr22_500_guide_268/command.txt	566	e9e3276e6748b10bcfbf0d19b96954bc3988c3aab61428628023340dbff2d19d
raw/chr22_500_guides_20260810T040146_correctness_final/batches/correctness/columba/pilot/batch_011/guides/chr22_500_guide_268/metrics.tsv	297	a1a4123b5109f73d91f5771e9625a2417314bc16aba3958404607c4949900a7b
raw/chr22_500_guides_20260810T040146_correctness_final/batches/correctness/columba/pilot/batch_011/guides/chr22_500_guide_268/output.paf	1518	d9abcf3e269963d774edd15ecfe3248bb12de76053f6fba41a9ca58879ce535c
raw/chr22_500_guides_20260810T040146_correctness_final/batches/correctness/columba/pilot/batch_011/guides/chr22_500_guide_268/stderr.txt	18702	62cdbb700ac6e400eb15d3c313f1c22cd0466e5941035e515b9a58218cbfa7d7
raw/chr22_500_guides_20260810T040146_correctness_final/batches/correctness/columba/pilot/batch_011/guides/chr22_500_guide_269/command.txt	566	4531a33f703d8fc6679416b0b04f560de694315c8b5d753fbe64f82410e83135
raw/chr22_500_guides_20260810T040146_correctness_final/batches/correctness/columba/pilot/batch_011/guides/chr22_500_guide_269/metrics.tsv	295	34da1c895b1c5acc8e55d47d91e376063e035ab2f77815d1bb01ab6e3cadc918
raw/chr22_500_guides_20260810T040146_correctness_final/batches/correctness/columba/pilot/batch_011/guides/chr22_500_guide_269/output.paf	214	5c510bc2430b8d09ab1af4ed571bad58f0550bdec912dfc11ef08fa5bd64a43b
raw/chr22_500_guides_20260810T040146_correctness_final/batches/correctness/columba/pilot/batch_011/guides/chr22_500_guide_269/stderr.txt	1595	ad32accc7c498840dcac17215095b2dbf04ac815db44dd9726fc04472917d388
raw/chr22_500_guides_20260810T040146_correctness_final/batches/correctness/columba/pilot/batch_011/guides/chr22_500_guide_270/command.txt	566	87efccd972a04593827abac839c4c2f3fee92a1118c7fd9eedf0425cda11ecd8
raw/chr22_500_guides_20260810T040146_correctness_final/batches/correctness/columba/pilot/batch_011/guides/chr22_500_guide_270/metrics.tsv	294	e44a0e8f78eb2028a5807d6a7fcb2060cdc34e85d2130524836820b6d7449ba2
raw/chr22_500_guides_20260810T040146_correctness_final/batches/correctness/columba/pilot/batch_011/guides/chr22_500_guide_270/output.paf	105	4e885841e492e9cb2b9b1fe0d7ac9a863940cb7bae26336cd428bcb7378430a8
raw/chr22_500_guides_20260810T040146_correctness_final/batches/correctness/columba/pilot/batch_011/guides/chr22_500_guide_270/stderr.txt	188	84e6d892543d0ad91338a7a7ebd953928705b679e20f385245ee214c8e37c9af
raw/chr22_500_guides_20260810T040146_correctness_final/batches/correctness/columba/pilot/batch_011/guides/chr22_500_guide_271/command.txt	566	cb061ac592a7ce0a64c34695f024e07e03c175dbc2b39db7ba4e4757f9f126b2
raw/chr22_500_guides_20260810T040146_correctness_final/batches/correctness/columba/pilot/batch_011/guides/chr22_500_guide_271/metrics.tsv	297	83b6eb2d27e2f680b340204c50417d21c68e63a78c3bb329ef7601940937707a
raw/chr22_500_guides_20260810T040146_correctness_final/batches/correctness/columba/pilot/batch_011/guides/chr22_500_guide_271/output.paf	105	0247a06f38ead69247c929d76c572e2db952d690368c7445d6cbc0b32f284eff
raw/chr22_500_guides_20260810T040146_correctness_final/batches/correctness/columba/pilot/batch_011/guides/chr22_500_guide_271/stderr.txt	124028	9d7f3a845f0333b1a30eea83c31ed76993b5d89b22b5ac0f83e17b6c93430e3d
raw/chr22_500_guides_20260810T040146_correctness_final/batches/correctness/columba/pilot/batch_011/guides/chr22_500_guide_272/command.txt	566	732e4a85a813322f106a56d366f6821146f27f5ec3a96b2c641707aaca9845bd
raw/chr22_500_guides_20260810T040146_correctness_final/batches/correctness/columba/pilot/batch_011/guides/chr22_500_guide_272/metrics.tsv	293	4b05f3df4a8a0fa64ee9a5f7dc40a5bbdcc46ec114646197bcb2b5513ae21186
raw/chr22_500_guides_20260810T040146_correctness_final/batches/correctness/columba/pilot/batch_011/guides/chr22_500_guide_272/output.paf	105	c0af294e02eedfcb766e740085eb1dc5f88ebc5938b16fce276fc72aad58dca5
raw/chr22_500_guides_20260810T040146_correctness_final/batches/correctness/columba/pilot/batch_011/guides/chr22_500_guide_272/stderr.txt	94	826d1752faca4a7f02656eeee617f8cf61f288026395a8575beccc56929124a1
raw/chr22_500_guides_20260810T040146_correctness_final/batches/correctness/columba/pilot/batch_011/guides/chr22_500_guide_273/command.txt	566	c1ce6223400c52d529f8dfd61438a711cb00e3bab4d1b781c8468977494db9fe
raw/chr22_500_guides_20260810T040146_correctness_final/batches/correctness/columba/pilot/batch_011/guides/chr22_500_guide_273/metrics.tsv	294	df5bd5f57bfaf65a87495b7399e46dc813170ddbe1109bd2d9b5718bc9a8e51d
raw/chr22_500_guides_20260810T040146_correctness_final/batches/correctness/columba/pilot/batch_011/guides/chr22_500_guide_273/output.paf	105	a3d6cd5055990fc10a7f55f785689720f3a06133f1b0f4568f98749ce2751038
raw/chr22_500_guides_20260810T040146_correctness_final/batches/correctness/columba/pilot/batch_011/guides/chr22_500_guide_273/stderr.txt	282	cbf8fe25e09218949637c014c44b0ac6c41b7c9311afed997f16260a3c1fbf6a
raw/chr22_500_guides_20260810T040146_correctness_final/batches/correctness/columba/pilot/batch_011/guides/chr22_500_guide_274/command.txt	566	b1008029edc3b0295a539418c2b105d9ad5ee8fe4d93724b6755d53ee4806376
raw/chr22_500_guides_20260810T040146_correctness_final/batches/correctness/columba/pilot/batch_011/guides/chr22_500_guide_274/metrics.tsv	294	68ce6426765bf77dc459aff5d51f3c9848f35bd699799250c18c4444f3f29bfc
raw/chr22_500_guides_20260810T040146_correctness_final/batches/correctness/columba/pilot/batch_011/guides/chr22_500_guide_274/output.paf	105	6687d14031a23ac70963eea659c8529b893e7f0089817aa41e700050f9a07324
raw/chr22_500_guides_20260810T040146_correctness_final/batches/correctness/columba/pilot/batch_011/guides/chr22_500_guide_274/stderr.txt	564	5eaada245b2c4cffef68caf800357898758e0e6452a422a36443499c5335dcb7
raw/chr22_500_guides_20260810T040146_correctness_final/batches/correctness/columba/pilot/batch_011/guides/chr22_500_guide_275/command.txt	566	3e9aae911eb6e7cdec555713d25e433f32fc0213b3a38e628d8109ecddde0a59
raw/chr22_500_guides_20260810T040146_correctness_final/batches/correctness/columba/pilot/batch_011/guides/chr22_500_guide_275/metrics.tsv	294	ec064c684c0ab0df2424890a06265129281d9f41eb06ce66259727e2580929e6
raw/chr22_500_guides_20260810T040146_correctness_final/batches/correctness/columba/pilot/batch_011/guides/chr22_500_guide_275/output.paf	105	4ec6baaeae2aa70e532904fcfd4c142948c7cdfeac73dda04d4fd531212f17f6
raw/chr22_500_guides_20260810T040146_correctness_final/batches/correctness/columba/pilot/batch_011/guides/chr22_500_guide_275/stderr.txt	374	11f88690bf6873d45b292d87cf0564e3756c0bbd8baf0452a4a65f0acb4e00c1
raw/chr22_500_guides_20260810T040146_correctness_final/batches/correctness/columba/pilot/batch_012/SUCCESS	0	e3b0c44298fc1c149afbf4c8996fb92427ae41e4649b934ca495991b7852b855
raw/chr22_500_guides_20260810T040146_correctness_final/batches/correctness/columba/pilot/batch_012/environment.tsv	600	7d3caa9d4610da1fe9c0e08c5a61458379b83f215d092e8747d6fa570da8ae5d
raw/chr22_500_guides_20260810T040146_correctness_final/batches/correctness/columba/pilot/batch_012/guide_ids.txt	500	019b57c7ba9c696961968696aa70a53dedfeeee30c71204d1a7920512709a0d9
raw/chr22_500_guides_20260810T040146_correctness_final/batches/correctness/columba/pilot/batch_012/guide_order.sha256	303	0aa1d5007b72563110e0c56465b8ae09e9207b5735914ea69804f371e8535e27
raw/chr22_500_guides_20260810T040146_correctness_final/batches/correctness/columba/pilot/batch_012/guide_order.txt	500	89e6968f066ccdbb77e96967e02d99c438bacd0113a7503d9db1940cbe95e2fd
raw/chr22_500_guides_20260810T040146_correctness_final/batches/correctness/columba/pilot/batch_012/guide_results.tsv	5493	ca43080c7fb0fbac02b924c3767bdb591adecfee61d4be4ac391252990145c0b
raw/chr22_500_guides_20260810T040146_correctness_final/batches/correctness/columba/pilot/batch_012/guides/chr22_500_guide_276/command.txt	566	2fd19cd923af426a094aac4fca27e4c5dc99fa978d1b3336a712ef924c6f4126
raw/chr22_500_guides_20260810T040146_correctness_final/batches/correctness/columba/pilot/batch_012/guides/chr22_500_guide_276/metrics.tsv	292	b2632370457ce406ac819a167d56a4d3314056684775542fe7a3e5994ae018e4
raw/chr22_500_guides_20260810T040146_correctness_final/batches/correctness/columba/pilot/batch_012/guides/chr22_500_guide_276/output.paf	105	6a496ea64944f03d6155e9304a84fa64e904aaee2ce382727a522cf4526fd476
raw/chr22_500_guides_20260810T040146_correctness_final/batches/correctness/columba/pilot/batch_012/guides/chr22_500_guide_276/stderr.txt	0	e3b0c44298fc1c149afbf4c8996fb92427ae41e4649b934ca495991b7852b855
raw/chr22_500_guides_20260810T040146_correctness_final/batches/correctness/columba/pilot/batch_012/guides/chr22_500_guide_277/command.txt	566	6ff4dc0f5973509444d8a4eb6ba7dd0c913c611789c73a809114d61a822df69d
raw/chr22_500_guides_20260810T040146_correctness_final/batches/correctness/columba/pilot/batch_012/guides/chr22_500_guide_277/metrics.tsv	294	c9e21b6033703a494c2d11dfbe96936cf6a79311010ab698621717142ef9b736
raw/chr22_500_guides_20260810T040146_correctness_final/batches/correctness/columba/pilot/batch_012/guides/chr22_500_guide_277/output.paf	105	3cfcc8189860be2c8d7d759f26bc1880f98e596a26b63ff55d7eae6897aa9216
raw/chr22_500_guides_20260810T040146_correctness_final/batches/correctness/columba/pilot/batch_012/guides/chr22_500_guide_277/stderr.txt	282	a6e6ff19c5376919c850f73f11407ded4d3b8530b28c22e5b975d72ebf6adcdf
raw/chr22_500_guides_20260810T040146_correctness_final/batches/correctness/columba/pilot/batch_012/guides/chr22_500_guide_278/command.txt	566	8beabd8783755a9d30707f2d2e045d588a57dceb13de2d243acef0cf3ff57b73
raw/chr22_500_guides_20260810T040146_correctness_final/batches/correctness/columba/pilot/batch_012/guides/chr22_500_guide_278/metrics.tsv	292	4bae3c5326f78b0073bc8b1b1180d9ddc852b3068980d663c7eb4e3067968984
raw/chr22_500_guides_20260810T040146_correctness_final/batches/correctness/columba/pilot/batch_012/guides/chr22_500_guide_278/output.paf	105	4a6cdc3b90d2775c2496444fab6f836151cd422ec2c82a9bf758cde5414f2417
raw/chr22_500_guides_20260810T040146_correctness_final/batches/correctness/columba/pilot/batch_012/guides/chr22_500_guide_278/stderr.txt	0	e3b0c44298fc1c149afbf4c8996fb92427ae41e4649b934ca495991b7852b855
raw/chr22_500_guides_20260810T040146_correctness_final/batches/correctness/columba/pilot/batch_012/guides/chr22_500_guide_279/command.txt	566	b1296057c92c8f2a5f7017668baf86af055d73845a3837a1b428606bc41fb64d
raw/chr22_500_guides_20260810T040146_correctness_final/batches/correctness/columba/pilot/batch_012/guides/chr22_500_guide_279/metrics.tsv	294	6c310fa0f200b1841320ab68f1bf52abc413123c63d60120dbdc61063a501601
raw/chr22_500_guides_20260810T040146_correctness_final/batches/correctness/columba/pilot/batch_012/guides/chr22_500_guide_279/output.paf	214	19fa7f82f9fb43d2cfd92618603432693d6fab216cc3440c559166905e949302
raw/chr22_500_guides_20260810T040146_correctness_final/batches/correctness/columba/pilot/batch_012/guides/chr22_500_guide_279/stderr.txt	376	ad78ee2f8846b40dd1b600f4ed2ed1811ea2aed6e8d5ec89b80a7cc4fa77c3f1
raw/chr22_500_guides_20260810T040146_correctness_final/batches/correctness/columba/pilot/batch_012/guides/chr22_500_guide_280/command.txt	566	1ccd7e1c1a60c05293393642a5f737248d2ab937d5756fc784e4692badbc2acc
raw/chr22_500_guides_20260810T040146_correctness_final/batches/correctness/columba/pilot/batch_012/guides/chr22_500_guide_280/metrics.tsv	294	0c127ddecb2ba3917e83c9c6701330666ff41b5dd8022b07e0352bd764dc57d3
raw/chr22_500_guides_20260810T040146_correctness_final/batches/correctness/columba/pilot/batch_012/guides/chr22_500_guide_280/output.paf	105	69b844b93cc461829c55614686b48ad023280711014412f5c486fbcbc19cb86e
raw/chr22_500_guides_20260810T040146_correctness_final/batches/correctness/columba/pilot/batch_012/guides/chr22_500_guide_280/stderr.txt	281	9d277551bdd4d81a4399d336347b4bb575fd11034380eee7d8b772195204f1cf
raw/chr22_500_guides_20260810T040146_correctness_final/batches/correctness/columba/pilot/batch_012/guides/chr22_500_guide_281/command.txt	566	15cf39bad838053ec6b18374fd5e33affea5022bc8c5c7da930584d93e8030e1
raw/chr22_500_guides_20260810T040146_correctness_final/batches/correctness/columba/pilot/batch_012/guides/chr22_500_guide_281/metrics.tsv	292	47bce6c9229d2079ecfad9b9a811fd64072c9f745d9712b3b3bf614a15760ac7
raw/chr22_500_guides_20260810T040146_correctness_final/batches/correctness/columba/pilot/batch_012/guides/chr22_500_guide_281/output.paf	105	a9fa224f0195b3893caf93e1c0b8cc17844e550145c38de073e1d229cf7694fb
raw/chr22_500_guides_20260810T040146_correctness_final/batches/correctness/columba/pilot/batch_012/guides/chr22_500_guide_281/stderr.txt	0	e3b0c44298fc1c149afbf4c8996fb92427ae41e4649b934ca495991b7852b855
raw/chr22_500_guides_20260810T040146_correctness_final/batches/correctness/columba/pilot/batch_012/guides/chr22_500_guide_282/command.txt	566	64dfde5c8ee5e85b4b921b8c96323681b9dccb35e111e124aabbb01470b0c7d4
raw/chr22_500_guides_20260810T040146_correctness_final/batches/correctness/columba/pilot/batch_012/guides/chr22_500_guide_282/metrics.tsv	297	0ea369ec7d578e837a83a14170460bfd47edcbe942b0ee590ec99062a93a1a05
raw/chr22_500_guides_20260810T040146_correctness_final/batches/correctness/columba/pilot/batch_012/guides/chr22_500_guide_282/output.paf	2035	ce1e2008d3b359138e2bc8bf8b14a1f8e242530e5cbb8d928ad3f7574024cd8e
raw/chr22_500_guides_20260810T040146_correctness_final/batches/correctness/columba/pilot/batch_012/guides/chr22_500_guide_282/stderr.txt	92631	48815ad718040dd03de294d676ed45eac1d3daa27e860fc24588814c450db79e
raw/chr22_500_guides_20260810T040146_correctness_final/batches/correctness/columba/pilot/batch_012/guides/chr22_500_guide_283/command.txt	566	939a79152fdaff1ae639fc8159780cd928c7fc1eee34b839d6e4d6741a853f22
raw/chr22_500_guides_20260810T040146_correctness_final/batches/correctness/columba/pilot/batch_012/guides/chr22_500_guide_283/metrics.tsv	299	53474247770d3780bcd031e4b30f8837f67d1c7f24a460397683ef12e9959eb3
raw/chr22_500_guides_20260810T040146_correctness_final/batches/correctness/columba/pilot/batch_012/guides/chr22_500_guide_283/output.paf	63917	783a46d43d98318f821fc86b8be9e506027471318fc62ea5c629dfb1aca5a195
raw/chr22_500_guides_20260810T040146_correctness_final/batches/correctness/columba/pilot/batch_012/guides/chr22_500_guide_283/stderr.txt	271825	62403cc55bceb18e3f7dc799bae6212084c8fd72be3b5f839029a386d7c94f53
raw/chr22_500_guides_20260810T040146_correctness_final/batches/correctness/columba/pilot/batch_012/guides/chr22_500_guide_284/command.txt	566	0a674c720de93daf6617ad856c2c152ca9615d9519576c771af660a18da6e352
raw/chr22_500_guides_20260810T040146_correctness_final/batches/correctness/columba/pilot/batch_012/guides/chr22_500_guide_284/metrics.tsv	296	3744b2228a89c97038f4bda644ea552622cf2c7af5df78bb97daad4b7918b445
raw/chr22_500_guides_20260810T040146_correctness_final/batches/correctness/columba/pilot/batch_012/guides/chr22_500_guide_284/output.paf	1304	8cc87daac842076e4b04f70cbfc50cf66ec0181d3f928fb811d841eaeb17e199
raw/chr22_500_guides_20260810T040146_correctness_final/batches/correctness/columba/pilot/batch_012/guides/chr22_500_guide_284/stderr.txt	2631	230fedfb7097ae0803930855d7008013db8b1daa26bcde45cf34ce4c0b88fdf2
raw/chr22_500_guides_20260810T040146_correctness_final/batches/correctness/columba/pilot/batch_012/guides/chr22_500_guide_285/command.txt	566	e8a97196a9f8aee53a6be19674a96ecc6b62250f4c111965f911d1d4a2078de7
raw/chr22_500_guides_20260810T040146_correctness_final/batches/correctness/columba/pilot/batch_012/guides/chr22_500_guide_285/metrics.tsv	294	676ac5523bcad0c7cf3da00aa2a7dff9369306c2cd366029cba6bcd674ce544d
raw/chr22_500_guides_20260810T040146_correctness_final/batches/correctness/columba/pilot/batch_012/guides/chr22_500_guide_285/output.paf	105	1bf3bce9877ba3ed3c12502aa3023e01f5304f64b9a3663190271da34a300628
raw/chr22_500_guides_20260810T040146_correctness_final/batches/correctness/columba/pilot/batch_012/guides/chr22_500_guide_285/stderr.txt	188	85641bb87c36e15cac216f014cec24bb47a9bebec7b1d811e559ef005affc29b
raw/chr22_500_guides_20260810T040146_correctness_final/batches/correctness/columba/pilot/batch_012/guides/chr22_500_guide_286/command.txt	566	4046efa3fdcdb73776f4cde66227ddf9fc21e0d68fbe8fa43acc303e0f06d069
raw/chr22_500_guides_20260810T040146_correctness_final/batches/correctness/columba/pilot/batch_012/guides/chr22_500_guide_286/metrics.tsv	297	ed99c7c66416fd6071867e774c65a9deab3b3ff6446391f4317c75b4e133a1e8
raw/chr22_500_guides_20260810T040146_correctness_final/batches/correctness/columba/pilot/batch_012/guides/chr22_500_guide_286/output.paf	2901	d9d0125248255e3b01977afcba6f743b372feb91c4c1b6e81c96f8f97477ff25
raw/chr22_500_guides_20260810T040146_correctness_final/batches/correctness/columba/pilot/batch_012/guides/chr22_500_guide_286/stderr.txt	28557	9c77a71006e46e997d5a5cb77f532a924fda68458a931b5259e0b3c1ce6b488f
raw/chr22_500_guides_20260810T040146_correctness_final/batches/correctness/columba/pilot/batch_012/guides/chr22_500_guide_287/command.txt	566	8b9e6f598bbac949af74f93fe80d04e4468f29bddf34aba7416565caaedbd7ab
raw/chr22_500_guides_20260810T040146_correctness_final/batches/correctness/columba/pilot/batch_012/guides/chr22_500_guide_287/metrics.tsv	299	bd47678b6859020e790ee21ff83e6fe7915a43badb791e3c3a3a7c89d9ca862a
raw/chr22_500_guides_20260810T040146_correctness_final/batches/correctness/columba/pilot/batch_012/guides/chr22_500_guide_287/output.paf	11631	4ec0b76219e5e580e4f737e4ba5a1e139654f1ce00651f4a3d25246556169023
raw/chr22_500_guides_20260810T040146_correctness_final/batches/correctness/columba/pilot/batch_012/guides/chr22_500_guide_287/stderr.txt	329731	8ac36743cb87dbd14741222e54ceb13ff99f794143034deeefdad56972304668
raw/chr22_500_guides_20260810T040146_correctness_final/batches/correctness/columba/pilot/batch_012/guides/chr22_500_guide_288/command.txt	566	7eb09ce5de4178d7c4d5aa594ca636f2fb1d8967182a3455f28ac42e2bbc4525
raw/chr22_500_guides_20260810T040146_correctness_final/batches/correctness/columba/pilot/batch_012/guides/chr22_500_guide_288/metrics.tsv	293	1b96fb2c912b55cf72a3a83819273965143baeb7cce9105e7393e22decec3ce4
raw/chr22_500_guides_20260810T040146_correctness_final/batches/correctness/columba/pilot/batch_012/guides/chr22_500_guide_288/output.paf	105	b7517a16df61180265ec10a20cb33a003c3ea568992073591f20e96d81391119
raw/chr22_500_guides_20260810T040146_correctness_final/batches/correctness/columba/pilot/batch_012/guides/chr22_500_guide_288/stderr.txt	94	b52ea0dac91d497aaec6f642a08329c4472b1d235792c856330e28a7c0b02c57
raw/chr22_500_guides_20260810T040146_correctness_final/batches/correctness/columba/pilot/batch_012/guides/chr22_500_guide_289/command.txt	566	451a8261095dcef859d78c28f1f9a1c3b1235d615485fc0b76fc0931d26224bd
raw/chr22_500_guides_20260810T040146_correctness_final/batches/correctness/columba/pilot/batch_012/guides/chr22_500_guide_289/metrics.tsv	292	3d13c4f773acc55c9e4ec91917383b8954d4c8568bae44b65ecd2c7dca5c6942
raw/chr22_500_guides_20260810T040146_correctness_final/batches/correctness/columba/pilot/batch_012/guides/chr22_500_guide_289/output.paf	105	d9219c3b6740e22448b806b2c7c9eac232d8371a0a1aa50f40645ce369f669dc
raw/chr22_500_guides_20260810T040146_correctness_final/batches/correctness/columba/pilot/batch_012/guides/chr22_500_guide_289/stderr.txt	0	e3b0c44298fc1c149afbf4c8996fb92427ae41e4649b934ca495991b7852b855
raw/chr22_500_guides_20260810T040146_correctness_final/batches/correctness/columba/pilot/batch_012/guides/chr22_500_guide_290/command.txt	566	5527f85b6a8afce0f0e18457bb335ce3131af941090f95f938d6a0b6d1a46eca
raw/chr22_500_guides_20260810T040146_correctness_final/batches/correctness/columba/pilot/batch_012/guides/chr22_500_guide_290/metrics.tsv	292	310f6301ba30dd07748479185ac73c8a73c8d4f2e0739578ad527ddc8fae4500
raw/chr22_500_guides_20260810T040146_correctness_final/batches/correctness/columba/pilot/batch_012/guides/chr22_500_guide_290/output.paf	105	d7e9813af3f2368064a2285d3e56a0325aba8653c021fdaae43d3d6bd660754c
raw/chr22_500_guides_20260810T040146_correctness_final/batches/correctness/columba/pilot/batch_012/guides/chr22_500_guide_290/stderr.txt	0	e3b0c44298fc1c149afbf4c8996fb92427ae41e4649b934ca495991b7852b855
raw/chr22_500_guides_20260810T040146_correctness_final/batches/correctness/columba/pilot/batch_012/guides/chr22_500_guide_291/command.txt	566	743048aab473a371b4708bb3ce48870f5f3f3a7e7c4e2ee4d9fa8d90eaab3ce0
raw/chr22_500_guides_20260810T040146_correctness_final/batches/correctness/columba/pilot/batch_012/guides/chr22_500_guide_291/metrics.tsv	294	744aa346b23af34dd48a99c2590a8fbeff3db4de0c231cda4ead08d84946cebc
raw/chr22_500_guides_20260810T040146_correctness_final/batches/correctness/columba/pilot/batch_012/guides/chr22_500_guide_291/output.paf	105	800382f6b1e1f5501a4440ffaf65afb9d88391aa57625459a1825e4cf7ba87a1
raw/chr22_500_guides_20260810T040146_correctness_final/batches/correctness/columba/pilot/batch_012/guides/chr22_500_guide_291/stderr.txt	376	7cbb837c5898a23402f5c4a09c1690146865a6471cbaf1941da78c26423250ae
raw/chr22_500_guides_20260810T040146_correctness_final/batches/correctness/columba/pilot/batch_012/guides/chr22_500_guide_292/command.txt	566	549319bc7f227691bb32b3a3e0b5e942318da829764fdba2205d2de7180ea5b4
raw/chr22_500_guides_20260810T040146_correctness_final/batches/correctness/columba/pilot/batch_012/guides/chr22_500_guide_292/metrics.tsv	294	7fb4f05f9bb47d94dde2cbbe230d33487647f2839d167ddff40cbaf55227dcf0
raw/chr22_500_guides_20260810T040146_correctness_final/batches/correctness/columba/pilot/batch_012/guides/chr22_500_guide_292/output.paf	105	5941dd24b1361301897320aac40154d572007d35f9b20166ac32f6d1231e2acd
raw/chr22_500_guides_20260810T040146_correctness_final/batches/correctness/columba/pilot/batch_012/guides/chr22_500_guide_292/stderr.txt	752	d60a6c3fb4d62702450962ac6b97e4a27bfdd118aad467e710fe2477c39a2052
raw/chr22_500_guides_20260810T040146_correctness_final/batches/correctness/columba/pilot/batch_012/guides/chr22_500_guide_293/command.txt	566	c3537f828122d28432cb2772f00c70b2a2ee786cc6f3eaa59447bd6088b95563
raw/chr22_500_guides_20260810T040146_correctness_final/batches/correctness/columba/pilot/batch_012/guides/chr22_500_guide_293/metrics.tsv	293	0ed27d3545d5aa071fed6dcedbcf5ab54d2323fa20e9dd981d4ebde282801ae2
raw/chr22_500_guides_20260810T040146_correctness_final/batches/correctness/columba/pilot/batch_012/guides/chr22_500_guide_293/output.paf	105	a6e8f7dbe8440152b018e778c86e594c220662576f7388bf74086116bfb557b5
raw/chr22_500_guides_20260810T040146_correctness_final/batches/correctness/columba/pilot/batch_012/guides/chr22_500_guide_293/stderr.txt	94	0125d3c4984bdc22f6fcb221414dd3900ca99fecfcf592d4992e3000caf67fe4
raw/chr22_500_guides_20260810T040146_correctness_final/batches/correctness/columba/pilot/batch_012/guides/chr22_500_guide_294/command.txt	566	c2f1fa4b38b46a9f0acb823c5f573059b33f12d311f49d64f7d2e98b5d857c4c
raw/chr22_500_guides_20260810T040146_correctness_final/batches/correctness/columba/pilot/batch_012/guides/chr22_500_guide_294/metrics.tsv	294	9e26d92900ae50d74362c5eff8fa4bd69258e53724dcf3e46568eeed910974c6
raw/chr22_500_guides_20260810T040146_correctness_final/batches/correctness/columba/pilot/batch_012/guides/chr22_500_guide_294/output.paf	105	dab4e592ef1445cf45b46075f9efbba95f9bfc2d670471fca86e90e48d9e7fa9
raw/chr22_500_guides_20260810T040146_correctness_final/batches/correctness/columba/pilot/batch_012/guides/chr22_500_guide_294/stderr.txt	188	356769f036266674bc61ff8ffa6c2458a399b11ac20fe3a960ded44a0c8421de
raw/chr22_500_guides_20260810T040146_correctness_final/batches/correctness/columba/pilot/batch_012/guides/chr22_500_guide_295/command.txt	566	ed98884d74487c7abb0cd127cd6af5e3a5dec569d60f2207ce84a0e37fa5b368
raw/chr22_500_guides_20260810T040146_correctness_final/batches/correctness/columba/pilot/batch_012/guides/chr22_500_guide_295/metrics.tsv	292	2d162fe289dfa0aad1df3c66cf89682f001535755978ecb2fa2335b2f95ff40d
raw/chr22_500_guides_20260810T040146_correctness_final/batches/correctness/columba/pilot/batch_012/guides/chr22_500_guide_295/output.paf	105	2d77b320ec43b12ee3f6094ded8591196f9a7acd33e7308010ac9edce4593dcd
raw/chr22_500_guides_20260810T040146_correctness_final/batches/correctness/columba/pilot/batch_012/guides/chr22_500_guide_295/stderr.txt	0	e3b0c44298fc1c149afbf4c8996fb92427ae41e4649b934ca495991b7852b855
raw/chr22_500_guides_20260810T040146_correctness_final/batches/correctness/columba/pilot/batch_012/guides/chr22_500_guide_296/command.txt	566	76455f0ce0a706747808e34d06439bcffd34678bc54359a1b579d2007a045c21
raw/chr22_500_guides_20260810T040146_correctness_final/batches/correctness/columba/pilot/batch_012/guides/chr22_500_guide_296/metrics.tsv	293	025ac7cfac7d1f3d2d57b5de403bef73346efbe246a4e04d9fca1e0070db8dce
raw/chr22_500_guides_20260810T040146_correctness_final/batches/correctness/columba/pilot/batch_012/guides/chr22_500_guide_296/output.paf	105	da3687baf79f356a7107d728d14228a0dd66bfc10a9e5ee4b96bded376c6c3f6
raw/chr22_500_guides_20260810T040146_correctness_final/batches/correctness/columba/pilot/batch_012/guides/chr22_500_guide_296/stderr.txt	94	85d0a378f233e88179a468f7ce900cd160aea05d5c8db7c9de21707d81c1d446
raw/chr22_500_guides_20260810T040146_correctness_final/batches/correctness/columba/pilot/batch_012/guides/chr22_500_guide_297/command.txt	566	8a229459cda45fef018de5cfceb33ec6b131a68de7557650d1e614a007aeb0e3
raw/chr22_500_guides_20260810T040146_correctness_final/batches/correctness/columba/pilot/batch_012/guides/chr22_500_guide_297/metrics.tsv	294	d04c7322e945c0451993ca71ae15a702cf58703852b34abd500c39383207ecac
raw/chr22_500_guides_20260810T040146_correctness_final/batches/correctness/columba/pilot/batch_012/guides/chr22_500_guide_297/output.paf	105	67d715df04795b597b55d1e6f751ac48727e34c17090a29c4f40831563d3c69a
raw/chr22_500_guides_20260810T040146_correctness_final/batches/correctness/columba/pilot/batch_012/guides/chr22_500_guide_297/stderr.txt	470	a39cd14fbaa2775644096409476e75ea71d2c4e5e3832e7fe5798d9d75abf982
raw/chr22_500_guides_20260810T040146_correctness_final/batches/correctness/columba/pilot/batch_012/guides/chr22_500_guide_298/command.txt	566	f675caf8479b208360f406ce301af37f1a970747d7605a9cefe149eb906385db
raw/chr22_500_guides_20260810T040146_correctness_final/batches/correctness/columba/pilot/batch_012/guides/chr22_500_guide_298/metrics.tsv	294	949a24d9b476b42d499f463fbd09f7cbd1049d8309443d5d604b36d580ae8a19
raw/chr22_500_guides_20260810T040146_correctness_final/batches/correctness/columba/pilot/batch_012/guides/chr22_500_guide_298/output.paf	105	96bacc0c5f62f5ee3cb64d6560e882e64673267447e8714383a4ab744f1c99a8
raw/chr22_500_guides_20260810T040146_correctness_final/batches/correctness/columba/pilot/batch_012/guides/chr22_500_guide_298/stderr.txt	932	ccbb31fe1ebb9328fe27201916e87bd7c24b711b7b0b063a7f477755fe73cf70
raw/chr22_500_guides_20260810T040146_correctness_final/batches/correctness/columba/pilot/batch_012/guides/chr22_500_guide_299/command.txt	566	0dcb57dc22ba9e0e1cbe9a86d42693f8a1eb181eca517ea9e0e5599893b6a3af
raw/chr22_500_guides_20260810T040146_correctness_final/batches/correctness/columba/pilot/batch_012/guides/chr22_500_guide_299/metrics.tsv	293	0c9e57435d88940bd6b140493841e5a298e78a35b116775b9e4bb46cb9e559e2
raw/chr22_500_guides_20260810T040146_correctness_final/batches/correctness/columba/pilot/batch_012/guides/chr22_500_guide_299/output.paf	105	1eba404868f62a6cddb13fd737dc01862933045368e97c33d9d65d18860a5cba
raw/chr22_500_guides_20260810T040146_correctness_final/batches/correctness/columba/pilot/batch_012/guides/chr22_500_guide_299/stderr.txt	94	5b6e954eb6c7badced7c28da0d79cae86a59e9a27acba5b5b302c4ae5a68f237
raw/chr22_500_guides_20260810T040146_correctness_final/batches/correctness/columba/pilot/batch_012/guides/chr22_500_guide_300/command.txt	566	e471d083abe47ec18d80000f678d258809f2a275f590e09eb646e810cd43e129
raw/chr22_500_guides_20260810T040146_correctness_final/batches/correctness/columba/pilot/batch_012/guides/chr22_500_guide_300/metrics.tsv	293	433e4179fe575aa9c17362c6c2625bab1b84517c1996d4b09b92146c67b50c52
raw/chr22_500_guides_20260810T040146_correctness_final/batches/correctness/columba/pilot/batch_012/guides/chr22_500_guide_300/output.paf	105	14d7ad904267e9f27e192421458cd4c9b704e3a66f504d917fb35a619fd91865
raw/chr22_500_guides_20260810T040146_correctness_final/batches/correctness/columba/pilot/batch_012/guides/chr22_500_guide_300/stderr.txt	94	5e582ddc4d3550d4999107d08aef3c5a96ff7279b5a0cd2a5bfb5606193f0f36
raw/chr22_500_guides_20260810T040146_correctness_final/batches/correctness/columba/pilot/batch_013/SUCCESS	0	e3b0c44298fc1c149afbf4c8996fb92427ae41e4649b934ca495991b7852b855
raw/chr22_500_guides_20260810T040146_correctness_final/batches/correctness/columba/pilot/batch_013/environment.tsv	600	ebebac701366b720c3807decf4ef4e9f3d10b8310b44021868086d0cfdf48b8e
raw/chr22_500_guides_20260810T040146_correctness_final/batches/correctness/columba/pilot/batch_013/guide_ids.txt	500	be78f276c1fe515ca6b08b1fee537c8ecc9a6038b3e4405c8a57c96cfdf79fcb
raw/chr22_500_guides_20260810T040146_correctness_final/batches/correctness/columba/pilot/batch_013/guide_order.sha256	303	43d18bf89937bc296b7f65cef9540ffd0e5e72485d7262417c8edb1ddbb7b397
raw/chr22_500_guides_20260810T040146_correctness_final/batches/correctness/columba/pilot/batch_013/guide_order.txt	500	b5748f95652609faf38c7cbf3fde0861e3bfc42cf2097f57d2b515ef71e3d6c4
raw/chr22_500_guides_20260810T040146_correctness_final/batches/correctness/columba/pilot/batch_013/guide_results.tsv	5492	9809b166dafd48fcd88e61b6adf5c4439cc19b36efebe0391d22adb3972108b3
raw/chr22_500_guides_20260810T040146_correctness_final/batches/correctness/columba/pilot/batch_013/guides/chr22_500_guide_301/command.txt	566	3a8d76e227f0965a5173ffcf1d22e9d7c6d20daf656c0e0c64725c205a3ab34b
raw/chr22_500_guides_20260810T040146_correctness_final/batches/correctness/columba/pilot/batch_013/guides/chr22_500_guide_301/metrics.tsv	298	550503e7db7737e4a6fa56611f03952458f0ddb1e953d547854a7b5febc135be
raw/chr22_500_guides_20260810T040146_correctness_final/batches/correctness/columba/pilot/batch_013/guides/chr22_500_guide_301/output.paf	1185	d04129de8be8d4dac4fd5275af2741dd8e890339efb41c3379327e777db34a8a
raw/chr22_500_guides_20260810T040146_correctness_final/batches/correctness/columba/pilot/batch_013/guides/chr22_500_guide_301/stderr.txt	140270	73448e37e3c76a534363f984dfe8dc211337bc3f6607ca726031d421e9292324
raw/chr22_500_guides_20260810T040146_correctness_final/batches/correctness/columba/pilot/batch_013/guides/chr22_500_guide_302/command.txt	566	0acd5221dbe3851a6ab167a6abffa3a723e722622f83c8292a27b7e857692b6e
raw/chr22_500_guides_20260810T040146_correctness_final/batches/correctness/columba/pilot/batch_013/guides/chr22_500_guide_302/metrics.tsv	294	f203a05ef6dbf87eda51e264f9ea91d83acaded790454435a24e8092d8a55357
raw/chr22_500_guides_20260810T040146_correctness_final/batches/correctness/columba/pilot/batch_013/guides/chr22_500_guide_302/output.paf	105	d3783eb23d426c2c0580af71666746b5222070a22a5f6ccc626b4f5f194c85e3
raw/chr22_500_guides_20260810T040146_correctness_final/batches/correctness/columba/pilot/batch_013/guides/chr22_500_guide_302/stderr.txt	188	18c681aea9c8270350bb46a172bfad98248cbbf4921a3f76fe04d099ba728f85
raw/chr22_500_guides_20260810T040146_correctness_final/batches/correctness/columba/pilot/batch_013/guides/chr22_500_guide_303/command.txt	566	650f4a13a507d96048e121012f990c63693293901f36d8425e7b722d48b66b06
raw/chr22_500_guides_20260810T040146_correctness_final/batches/correctness/columba/pilot/batch_013/guides/chr22_500_guide_303/metrics.tsv	294	2b53e0e99410970626f287eace37597dd1033d16a11ee3e9d0d0901153bd9a4a
raw/chr22_500_guides_20260810T040146_correctness_final/batches/correctness/columba/pilot/batch_013/guides/chr22_500_guide_303/output.paf	105	9246314add68bcb309196485353ca32264aa9d97b65d40e3825659e7fa9e07c5
raw/chr22_500_guides_20260810T040146_correctness_final/batches/correctness/columba/pilot/batch_013/guides/chr22_500_guide_303/stderr.txt	188	12cf0f82ebccaab6f5456eda16e6f1aa1c8c09e0e0b6bfe076d282d5294656c8
raw/chr22_500_guides_20260810T040146_correctness_final/batches/correctness/columba/pilot/batch_013/guides/chr22_500_guide_304/command.txt	566	e057b1b2425d4f16fab90084d0a0459189f9427e8bdddc71f5d081a98e3b36b6
raw/chr22_500_guides_20260810T040146_correctness_final/batches/correctness/columba/pilot/batch_013/guides/chr22_500_guide_304/metrics.tsv	294	fc563f97887f744603170f502a48f5de2fbe82b5d006ac0733e97f2d2ce359cd
raw/chr22_500_guides_20260810T040146_correctness_final/batches/correctness/columba/pilot/batch_013/guides/chr22_500_guide_304/output.paf	105	c4733a0adb33265b42f1ea521dc40264cba04876a6f6679bbc39519cf0338918
raw/chr22_500_guides_20260810T040146_correctness_final/batches/correctness/columba/pilot/batch_013/guides/chr22_500_guide_304/stderr.txt	188	131cac26c2cf60e9b281d468a53a21529d330822306727ae17886a5de5c6d7c6
raw/chr22_500_guides_20260810T040146_correctness_final/batches/correctness/columba/pilot/batch_013/guides/chr22_500_guide_305/command.txt	566	a0921458068df70710a704bd65d9bac5a07220c91844e67e03d9f7490681e51c
raw/chr22_500_guides_20260810T040146_correctness_final/batches/correctness/columba/pilot/batch_013/guides/chr22_500_guide_305/metrics.tsv	299	50f5fb9b96202b9f7e43b6f52a27ff10974483dbdab3b7134aab1d93ce05e26c
raw/chr22_500_guides_20260810T040146_correctness_final/batches/correctness/columba/pilot/batch_013/guides/chr22_500_guide_305/output.paf	32883	e0b27692b0c1e3e0fa6e6a611f1ddc90bc0955f13032f679636fef74f2973bb1
raw/chr22_500_guides_20260810T040146_correctness_final/batches/correctness/columba/pilot/batch_013/guides/chr22_500_guide_305/stderr.txt	105817	2d7d425860658facb6074f48d7e2e310ccd81a1e5d101452319a3a826b8cfb4c
raw/chr22_500_guides_20260810T040146_correctness_final/batches/correctness/columba/pilot/batch_013/guides/chr22_500_guide_306/command.txt	566	c754a6e16e618acdf2462df3433ff49aec7edee54fc88f5b90a18accde465144
raw/chr22_500_guides_20260810T040146_correctness_final/batches/correctness/columba/pilot/batch_013/guides/chr22_500_guide_306/metrics.tsv	292	3c077a3c71af8f6e9a27bc36ad7edc1a5a758b449d7c13ad6472ed7135c4a32e
raw/chr22_500_guides_20260810T040146_correctness_final/batches/correctness/columba/pilot/batch_013/guides/chr22_500_guide_306/output.paf	105	6a309defbbe5f08abe920ac12a2c13155098f57994aeb2c767ac2a830d0db569
raw/chr22_500_guides_20260810T040146_correctness_final/batches/correctness/columba/pilot/batch_013/guides/chr22_500_guide_306/stderr.txt	0	e3b0c44298fc1c149afbf4c8996fb92427ae41e4649b934ca495991b7852b855
raw/chr22_500_guides_20260810T040146_correctness_final/batches/correctness/columba/pilot/batch_013/guides/chr22_500_guide_307/command.txt	566	05c1a9dd60313f4dfd286c94753242ba1929de1079e0cc77d737dd3927f57f5c
raw/chr22_500_guides_20260810T040146_correctness_final/batches/correctness/columba/pilot/batch_013/guides/chr22_500_guide_307/metrics.tsv	293	889c8f5e51b20923b7191085f8afe6d5aeaad52f98cf6080f503a4eb2aa82c18
raw/chr22_500_guides_20260810T040146_correctness_final/batches/correctness/columba/pilot/batch_013/guides/chr22_500_guide_307/output.paf	105	9600eb890ca0d1d43f7656d7c3b247fcb0b36ee444a3a6e1db8fb2b17ec4905e
raw/chr22_500_guides_20260810T040146_correctness_final/batches/correctness/columba/pilot/batch_013/guides/chr22_500_guide_307/stderr.txt	94	60e81241c91af1956f5b79e5f85ab8428ca95b3ef399dc6e24c08f43d4d187d5
raw/chr22_500_guides_20260810T040146_correctness_final/batches/correctness/columba/pilot/batch_013/guides/chr22_500_guide_308/command.txt	566	a171f4906b917c9444cb15e384cf94bd72bb1f50e60d9c439fe183380f9af0c5
raw/chr22_500_guides_20260810T040146_correctness_final/batches/correctness/columba/pilot/batch_013/guides/chr22_500_guide_308/metrics.tsv	292	9c1a1403636eea04f3615c3e31beea264f87bc857c460723e84969f897d052b8
raw/chr22_500_guides_20260810T040146_correctness_final/batches/correctness/columba/pilot/batch_013/guides/chr22_500_guide_308/output.paf	105	4832e7aa711ccdac22496f6cb8a979eec30369c372fca1b6aba1e3edfb12e8a1
raw/chr22_500_guides_20260810T040146_correctness_final/batches/correctness/columba/pilot/batch_013/guides/chr22_500_guide_308/stderr.txt	0	e3b0c44298fc1c149afbf4c8996fb92427ae41e4649b934ca495991b7852b855
raw/chr22_500_guides_20260810T040146_correctness_final/batches/correctness/columba/pilot/batch_013/guides/chr22_500_guide_309/command.txt	566	b61378ebf574a6dd9bd4f128db8ffdeeccdcb49f2aefba32803be2da756ff575
raw/chr22_500_guides_20260810T040146_correctness_final/batches/correctness/columba/pilot/batch_013/guides/chr22_500_guide_309/metrics.tsv	298	6d4a6907e2c14bbab1764b14326655e388768314b8c90d1dc84b903efb6d58c2
raw/chr22_500_guides_20260810T040146_correctness_final/batches/correctness/columba/pilot/batch_013/guides/chr22_500_guide_309/output.paf	2257	519791d7195efb78908ecb389d5204468d379f61fed446b9df463381ef8b2d5f
raw/chr22_500_guides_20260810T040146_correctness_final/batches/correctness/columba/pilot/batch_013/guides/chr22_500_guide_309/stderr.txt	158916	b2e55ad1218c1b129510001f8b1daaff942da046a8d6710514217b3696dc4128
raw/chr22_500_guides_20260810T040146_correctness_final/batches/correctness/columba/pilot/batch_013/guides/chr22_500_guide_310/command.txt	566	fee714121e2693b551074f3e82959b0824357b11ebcd80f0c7dd32dd020b899d
raw/chr22_500_guides_20260810T040146_correctness_final/batches/correctness/columba/pilot/batch_013/guides/chr22_500_guide_310/metrics.tsv	294	cba2240692a8af6bdf5be382d919bab868853e423158b822b7735c209d97cfd3
raw/chr22_500_guides_20260810T040146_correctness_final/batches/correctness/columba/pilot/batch_013/guides/chr22_500_guide_310/output.paf	105	6535286bd318c12e4be70453ccc7d1c063c4e2a4f73eeeb18ca81403b343aa14
raw/chr22_500_guides_20260810T040146_correctness_final/batches/correctness/columba/pilot/batch_013/guides/chr22_500_guide_310/stderr.txt	470	bb057ec41716e92d1418e82429afd5ce2f0fa451355051b37c5bfd0faa6b8a83
raw/chr22_500_guides_20260810T040146_correctness_final/batches/correctness/columba/pilot/batch_013/guides/chr22_500_guide_311/command.txt	566	9ee9cf0df8ae43de51a266e464bdf40cdbcb87d6f8c1f82d9636170f5991e454
raw/chr22_500_guides_20260810T040146_correctness_final/batches/correctness/columba/pilot/batch_013/guides/chr22_500_guide_311/metrics.tsv	296	e7c39e8c3675a35c85d0ba0ef9df8546ccb7aba6505692e6516a0299a4a2a057
raw/chr22_500_guides_20260810T040146_correctness_final/batches/correctness/columba/pilot/batch_013/guides/chr22_500_guide_311/output.paf	214	7961773ecc533d0844639ea262d71f5383891afc03bdbad9d08a2cacd714a3c1
raw/chr22_500_guides_20260810T040146_correctness_final/batches/correctness/columba/pilot/batch_013/guides/chr22_500_guide_311/stderr.txt	22647	a358d09a33674eca3533820bf62e46cc001b15bad42ce368619928bf0175df1d
raw/chr22_500_guides_20260810T040146_correctness_final/batches/correctness/columba/pilot/batch_013/guides/chr22_500_guide_312/command.txt	566	41fdb589231040f0fabd8af30d0a6aa1b3b24f41cbc0f7f4929d8521115aba3c
raw/chr22_500_guides_20260810T040146_correctness_final/batches/correctness/columba/pilot/batch_013/guides/chr22_500_guide_312/metrics.tsv	294	d7a37d09ccfe2d0a9c41dc98323ec33a5f2986f1c001ee7b99cd4034d13d3ed9
raw/chr22_500_guides_20260810T040146_correctness_final/batches/correctness/columba/pilot/batch_013/guides/chr22_500_guide_312/output.paf	105	6277afa4b9349b6787fb9412e1072d4091ce90d200a90b3e74c1764882da95fa
raw/chr22_500_guides_20260810T040146_correctness_final/batches/correctness/columba/pilot/batch_013/guides/chr22_500_guide_312/stderr.txt	282	9665e51107460df86c1d573175c9416da573c8a8c2711cc5b0d99ef0adc8aa50
raw/chr22_500_guides_20260810T040146_correctness_final/batches/correctness/columba/pilot/batch_013/guides/chr22_500_guide_313/command.txt	566	8763348e45d4d4c45c8cef4948b1fd06ac339aadcc02d5a956f282c1ac0c35ef
raw/chr22_500_guides_20260810T040146_correctness_final/batches/correctness/columba/pilot/batch_013/guides/chr22_500_guide_313/metrics.tsv	293	c24dffa00c7cbd0848898f708f186a60b84b273559cc38dd44ca05847e954c56
raw/chr22_500_guides_20260810T040146_correctness_final/batches/correctness/columba/pilot/batch_013/guides/chr22_500_guide_313/output.paf	105	c4ca7ddc636638d7005d3e187756ba84185296e1c2585b41d0a7a856e2606213
raw/chr22_500_guides_20260810T040146_correctness_final/batches/correctness/columba/pilot/batch_013/guides/chr22_500_guide_313/stderr.txt	94	696e651629a088ed51fa18bf92752b7cebcc5231944eb0da133c1b9ea7800ae7
raw/chr22_500_guides_20260810T040146_correctness_final/batches/correctness/columba/pilot/batch_013/guides/chr22_500_guide_314/command.txt	566	8f511b7e8baf86fdec1a820fa55b9c00df0b1c5685edc9bd3f16dc5a477ee6d1
raw/chr22_500_guides_20260810T040146_correctness_final/batches/correctness/columba/pilot/batch_013/guides/chr22_500_guide_314/metrics.tsv	294	503a7faac4bdf3b4b4e3b804631326f9c35eb1bcaadf67f2ee297f604a2ae566
raw/chr22_500_guides_20260810T040146_correctness_final/batches/correctness/columba/pilot/batch_013/guides/chr22_500_guide_314/output.paf	105	a2eb1dfaf7ba7e176fe1c242346652aa7a1166c410da2c5736b9d5677fc8a13f
raw/chr22_500_guides_20260810T040146_correctness_final/batches/correctness/columba/pilot/batch_013/guides/chr22_500_guide_314/stderr.txt	188	bda5998bb914473f23dc6c28e50a3c552ad1046e071b3a23265226f2c240b26d
raw/chr22_500_guides_20260810T040146_correctness_final/batches/correctness/columba/pilot/batch_013/guides/chr22_500_guide_315/command.txt	566	78b7666b0f3d4e70e42839be88771d09c6cfefa9d0f66341e8f1057b30f7e22d
raw/chr22_500_guides_20260810T040146_correctness_final/batches/correctness/columba/pilot/batch_013/guides/chr22_500_guide_315/metrics.tsv	296	da6405d572cdc86e06e62107f03f2856bddfd79ced34653155dd99050492259d
raw/chr22_500_guides_20260810T040146_correctness_final/batches/correctness/columba/pilot/batch_013/guides/chr22_500_guide_315/output.paf	105	3d96c21755e994f100780beab6f0ddd4428febb86225f1f6d35991b5ca1cbb8d
raw/chr22_500_guides_20260810T040146_correctness_final/batches/correctness/columba/pilot/batch_013/guides/chr22_500_guide_315/stderr.txt	40857	822766485797cf52c9137ac21d677e6731daaea975a9af3ce0e0e7393462487c
raw/chr22_500_guides_20260810T040146_correctness_final/batches/correctness/columba/pilot/batch_013/guides/chr22_500_guide_316/command.txt	566	ae327e18ccd7159b6cfeb046533270b99604d770c066807e47aa5517cbf4854f
raw/chr22_500_guides_20260810T040146_correctness_final/batches/correctness/columba/pilot/batch_013/guides/chr22_500_guide_316/metrics.tsv	298	48f90715b9eb7cb868cacbefa3ad4c010365ee6c747c9301df3988e6f9b78d74
raw/chr22_500_guides_20260810T040146_correctness_final/batches/correctness/columba/pilot/batch_013/guides/chr22_500_guide_316/output.paf	5586	ad30ddd4293bc215b8c5f24479333f1968d9cf14e270ecf1c90ee0f73825600a
raw/chr22_500_guides_20260810T040146_correctness_final/batches/correctness/columba/pilot/batch_013/guides/chr22_500_guide_316/stderr.txt	153513	337bcc89e8298dcc4ebfc80a8c52765e0e7a1d58fb7d0d64611230e652b65f84
raw/chr22_500_guides_20260810T040146_correctness_final/batches/correctness/columba/pilot/batch_013/guides/chr22_500_guide_317/command.txt	566	9c76747f706d002c33fe8f0531ccb25b29ec39b4c2c89a67988d2fbccd2ba68e
raw/chr22_500_guides_20260810T040146_correctness_final/batches/correctness/columba/pilot/batch_013/guides/chr22_500_guide_317/metrics.tsv	294	f20a4324dceff18cd2464a95b291a9ff204a95bbf7789b6cdc9b253136362a59
raw/chr22_500_guides_20260810T040146_correctness_final/batches/correctness/columba/pilot/batch_013/guides/chr22_500_guide_317/output.paf	105	199b4cdcf8c5032c951850e7cb976ec2771edcaac16079c8f1ad422ea45e52c2
raw/chr22_500_guides_20260810T040146_correctness_final/batches/correctness/columba/pilot/batch_013/guides/chr22_500_guide_317/stderr.txt	282	c70dc325e7b0c997c11a7c8ed9c30733c490060592d8008d893d2d764785706a
raw/chr22_500_guides_20260810T040146_correctness_final/batches/correctness/columba/pilot/batch_013/guides/chr22_500_guide_318/command.txt	566	cbfa779c953bf1b574cb41e057ec20878b0869a63cd3d04f0cd6279b249ef292
raw/chr22_500_guides_20260810T040146_correctness_final/batches/correctness/columba/pilot/batch_013/guides/chr22_500_guide_318/metrics.tsv	294	17ff7b9ca4c64794c6133d65f39ed5ea672ea5329e9e390f18cbb0ddcd4db6bc
raw/chr22_500_guides_20260810T040146_correctness_final/batches/correctness/columba/pilot/batch_013/guides/chr22_500_guide_318/output.paf	105	b38f02456f345d872287da7f74b53691b169eb255cc35d11d103c308c700d2eb
raw/chr22_500_guides_20260810T040146_correctness_final/batches/correctness/columba/pilot/batch_013/guides/chr22_500_guide_318/stderr.txt	282	80ee862860c0660e526ecb32b831aefab1ec8d289bb9d77c6b7b292513f4e728
raw/chr22_500_guides_20260810T040146_correctness_final/batches/correctness/columba/pilot/batch_013/guides/chr22_500_guide_319/command.txt	566	67fe3cab8c2f217335d6d3f0a832c843ecbe224a38f36d89aa3b40cd139df724
raw/chr22_500_guides_20260810T040146_correctness_final/batches/correctness/columba/pilot/batch_013/guides/chr22_500_guide_319/metrics.tsv	292	cfc5085672f251b20ad5b484c6fbeea320716867d3845072ffe656635608585a
raw/chr22_500_guides_20260810T040146_correctness_final/batches/correctness/columba/pilot/batch_013/guides/chr22_500_guide_319/output.paf	105	8563fc61dbbd0d60d302841d7a8b30a35df84832e0dff341b56de54c3f033908
raw/chr22_500_guides_20260810T040146_correctness_final/batches/correctness/columba/pilot/batch_013/guides/chr22_500_guide_319/stderr.txt	0	e3b0c44298fc1c149afbf4c8996fb92427ae41e4649b934ca495991b7852b855
raw/chr22_500_guides_20260810T040146_correctness_final/batches/correctness/columba/pilot/batch_013/guides/chr22_500_guide_320/command.txt	566	2c7bf0f73bbf4cc0592be04adacc4970f12a340eccbd1986b181aef00a2cd7c3
raw/chr22_500_guides_20260810T040146_correctness_final/batches/correctness/columba/pilot/batch_013/guides/chr22_500_guide_320/metrics.tsv	292	32608ee18a7fe6a8acef1e57108199a8806a4398032e58c846f056029644b2ad
raw/chr22_500_guides_20260810T040146_correctness_final/batches/correctness/columba/pilot/batch_013/guides/chr22_500_guide_320/output.paf	105	c2e1e987296dcbb577c4b7951bfb8b1995247a8821cc87ff854132058dc825ac
raw/chr22_500_guides_20260810T040146_correctness_final/batches/correctness/columba/pilot/batch_013/guides/chr22_500_guide_320/stderr.txt	0	e3b0c44298fc1c149afbf4c8996fb92427ae41e4649b934ca495991b7852b855
raw/chr22_500_guides_20260810T040146_correctness_final/batches/correctness/columba/pilot/batch_013/guides/chr22_500_guide_321/command.txt	566	77d7b33e7aa87a3e9ac9b97c3799aa354cc7c2c4470536adec8900ea9ac0f569
raw/chr22_500_guides_20260810T040146_correctness_final/batches/correctness/columba/pilot/batch_013/guides/chr22_500_guide_321/metrics.tsv	292	e840de5b6bb9cf606a0e32e4bd2b625c83cf5f14cf9c0ea2d7ddad898a4ef780
raw/chr22_500_guides_20260810T040146_correctness_final/batches/correctness/columba/pilot/batch_013/guides/chr22_500_guide_321/output.paf	105	892cbd65261cab1dd9eba0484885dfe844de435deb75ad1f5e1f4399d276ae48
raw/chr22_500_guides_20260810T040146_correctness_final/batches/correctness/columba/pilot/batch_013/guides/chr22_500_guide_321/stderr.txt	0	e3b0c44298fc1c149afbf4c8996fb92427ae41e4649b934ca495991b7852b855
raw/chr22_500_guides_20260810T040146_correctness_final/batches/correctness/columba/pilot/batch_013/guides/chr22_500_guide_322/command.txt	566	49bd6a66c1224306edec9e053394ef866eaa41fabfcae664d165b28f5fe6ba33
raw/chr22_500_guides_20260810T040146_correctness_final/batches/correctness/columba/pilot/batch_013/guides/chr22_500_guide_322/metrics.tsv	294	87b6380a307cf532f0fb49046a6b8556cebb6a7da4d89020032d08f59f999961
raw/chr22_500_guides_20260810T040146_correctness_final/batches/correctness/columba/pilot/batch_013/guides/chr22_500_guide_322/output.paf	105	396abb3fe32a2f2146132ac394667b66997edeab77b936030f6112ddf78f1c57
raw/chr22_500_guides_20260810T040146_correctness_final/batches/correctness/columba/pilot/batch_013/guides/chr22_500_guide_322/stderr.txt	282	e04fc6de7a6e4079d2a5f23f2435a12e25959a8640b0f870f7222fb7b4a79fd7
raw/chr22_500_guides_20260810T040146_correctness_final/batches/correctness/columba/pilot/batch_013/guides/chr22_500_guide_323/command.txt	566	cd8bea7ad0302bb53f4545cde2f35efde24f2fb175dfc2c4ed9246058809a00d
raw/chr22_500_guides_20260810T040146_correctness_final/batches/correctness/columba/pilot/batch_013/guides/chr22_500_guide_323/metrics.tsv	292	7982999c749ee572a3f591e7a804d3abf40ee2862c632867d3a98070afaa834e
raw/chr22_500_guides_20260810T040146_correctness_final/batches/correctness/columba/pilot/batch_013/guides/chr22_500_guide_323/output.paf	105	4a6f7a313e251182f276be210f99075cb7bfa5275fa278d132ac27df6e713db1
raw/chr22_500_guides_20260810T040146_correctness_final/batches/correctness/columba/pilot/batch_013/guides/chr22_500_guide_323/stderr.txt	0	e3b0c44298fc1c149afbf4c8996fb92427ae41e4649b934ca495991b7852b855
raw/chr22_500_guides_20260810T040146_correctness_final/batches/correctness/columba/pilot/batch_013/guides/chr22_500_guide_324/command.txt	566	a2f046d8e39fbeff0ffb8627e4709cf4b41d64b489e0eef2b43551b264d2f75b
raw/chr22_500_guides_20260810T040146_correctness_final/batches/correctness/columba/pilot/batch_013/guides/chr22_500_guide_324/metrics.tsv	293	bcdbe2994965bd784e515c68aa733c9965ef005e934c76170447bc2d88805007
raw/chr22_500_guides_20260810T040146_correctness_final/batches/correctness/columba/pilot/batch_013/guides/chr22_500_guide_324/output.paf	105	cbbe558a8ebcdafac709628c3f691e809429843d257c707fd153017cacda4ecc
raw/chr22_500_guides_20260810T040146_correctness_final/batches/correctness/columba/pilot/batch_013/guides/chr22_500_guide_324/stderr.txt	94	5ec2d91ba95153551be1a9dd6b1c226415f9cb979acf771f59f63f27df857a0f
raw/chr22_500_guides_20260810T040146_correctness_final/batches/correctness/columba/pilot/batch_013/guides/chr22_500_guide_325/command.txt	566	58b34a8fe6941a4ac746afa12d8fa0ebc57fec2e4ac35311c2c234beb6ee57af
raw/chr22_500_guides_20260810T040146_correctness_final/batches/correctness/columba/pilot/batch_013/guides/chr22_500_guide_325/metrics.tsv	298	dac6392deff13180f4cdeee8b5c73ec557e85c95142a6880650659a7e950f667
raw/chr22_500_guides_20260810T040146_correctness_final/batches/correctness/columba/pilot/batch_013/guides/chr22_500_guide_325/output.paf	5778	885e6dc120e84a6d00f5bd48654071f4cc6fc3caef5a17796a6fa4be89d995fe
raw/chr22_500_guides_20260810T040146_correctness_final/batches/correctness/columba/pilot/batch_013/guides/chr22_500_guide_325/stderr.txt	372309	ef22047db70016797b05d71e1a0e115a234488711d8b1f8fef0ee4f624c76b79
raw/chr22_500_guides_20260810T040146_correctness_final/batches/correctness/columba/pilot/batch_014/SUCCESS	0	e3b0c44298fc1c149afbf4c8996fb92427ae41e4649b934ca495991b7852b855
raw/chr22_500_guides_20260810T040146_correctness_final/batches/correctness/columba/pilot/batch_014/environment.tsv	600	af16ac6bfed7620094ff36888236cc01492c4bca9fa0171712da145c4cd14105
raw/chr22_500_guides_20260810T040146_correctness_final/batches/correctness/columba/pilot/batch_014/guide_ids.txt	500	8f84c0197f2a57a124683398c24731f28e05d1056468458502c2917d1dca0420
raw/chr22_500_guides_20260810T040146_correctness_final/batches/correctness/columba/pilot/batch_014/guide_order.sha256	303	589e8b1583e03df3353401713d61ddc6d8c2dbb9e171d9e20b91911ab1b6140a
raw/chr22_500_guides_20260810T040146_correctness_final/batches/correctness/columba/pilot/batch_014/guide_order.txt	500	7ba816592e7ac1db9813523fa3c3e8b38625b147f4bd8a7280b2ce7e30847730
raw/chr22_500_guides_20260810T040146_correctness_final/batches/correctness/columba/pilot/batch_014/guide_results.tsv	5489	43cbf2ce29e6d39e005734202fa98c9440c33cbc1481f17e7944798634672bc8
raw/chr22_500_guides_20260810T040146_correctness_final/batches/correctness/columba/pilot/batch_014/guides/chr22_500_guide_326/command.txt	566	3a6ea22f549060c54effdcaa9098a7ec9e4aa9197b4753dfd6263b75cc20089d
raw/chr22_500_guides_20260810T040146_correctness_final/batches/correctness/columba/pilot/batch_014/guides/chr22_500_guide_326/metrics.tsv	293	404df2f033fe32435fc3879a6a29b17c4d2f7ee63e8bbd0bed58d48849ade163
raw/chr22_500_guides_20260810T040146_correctness_final/batches/correctness/columba/pilot/batch_014/guides/chr22_500_guide_326/output.paf	105	b2d49d7c3ccb583fac522482ca0d20527789ac77a349156625a99eff436ed534
raw/chr22_500_guides_20260810T040146_correctness_final/batches/correctness/columba/pilot/batch_014/guides/chr22_500_guide_326/stderr.txt	94	c3ccb92ccd6ccae28e446e77aa8d27ef8d15de3221b12c2801681b5709265816
raw/chr22_500_guides_20260810T040146_correctness_final/batches/correctness/columba/pilot/batch_014/guides/chr22_500_guide_327/command.txt	566	1552835d9ec183474099de225eceb2095c8b65d1c123334eef386ac31f539dbc
raw/chr22_500_guides_20260810T040146_correctness_final/batches/correctness/columba/pilot/batch_014/guides/chr22_500_guide_327/metrics.tsv	293	b1c116a9c1fe1b330a04f38a4317120dc96b98ca2dc3eefa4917e329b4e733a9
raw/chr22_500_guides_20260810T040146_correctness_final/batches/correctness/columba/pilot/batch_014/guides/chr22_500_guide_327/output.paf	105	81f44fc4ec1edbc9b9ab1035ba9d69b00400930d5350fca627234e150e86c644
raw/chr22_500_guides_20260810T040146_correctness_final/batches/correctness/columba/pilot/batch_014/guides/chr22_500_guide_327/stderr.txt	94	e78580db3d883b1289c917c76a5b8c3b9cea5003251b48b2ce65288ae0f35972
raw/chr22_500_guides_20260810T040146_correctness_final/batches/correctness/columba/pilot/batch_014/guides/chr22_500_guide_328/command.txt	566	c69994929b6770cb304fdeac6afc4e19a288b04c9df37b0b524f6678ae4d6c60
raw/chr22_500_guides_20260810T040146_correctness_final/batches/correctness/columba/pilot/batch_014/guides/chr22_500_guide_328/metrics.tsv	293	f145c46af43c2326fd7bc8a75d95fccf8fc5460bc80645bac87b37b3941298d7
raw/chr22_500_guides_20260810T040146_correctness_final/batches/correctness/columba/pilot/batch_014/guides/chr22_500_guide_328/output.paf	105	4802296ebbba9922a4ece696902be06427691049808ba406ed873a9a4a219f9c
raw/chr22_500_guides_20260810T040146_correctness_final/batches/correctness/columba/pilot/batch_014/guides/chr22_500_guide_328/stderr.txt	94	5f467778f752a1aaed5df46d05a9a1b73450c302e12b8f1f7e33ddf845f2077e
raw/chr22_500_guides_20260810T040146_correctness_final/batches/correctness/columba/pilot/batch_014/guides/chr22_500_guide_329/command.txt	566	2bfaee27ab7c3c32bb3d4ed70164b7667a99469bd205c60d2c04183a96239c49
raw/chr22_500_guides_20260810T040146_correctness_final/batches/correctness/columba/pilot/batch_014/guides/chr22_500_guide_329/metrics.tsv	293	3b71943edd608faca264684140db27787eb36001a1d854a11078ef2e4c55903f
raw/chr22_500_guides_20260810T040146_correctness_final/batches/correctness/columba/pilot/batch_014/guides/chr22_500_guide_329/output.paf	105	53160558bcc9bae1eddb3a7544f10009a4e838edc9a42ac6c0ff63bb0706fc0f
raw/chr22_500_guides_20260810T040146_correctness_final/batches/correctness/columba/pilot/batch_014/guides/chr22_500_guide_329/stderr.txt	94	0224a4d3dae0f7a9ce3b48b072f2a95211f8597428305ccae010ea87d8243779
raw/chr22_500_guides_20260810T040146_correctness_final/batches/correctness/columba/pilot/batch_014/guides/chr22_500_guide_330/command.txt	566	699c92db75daab6f1f72aa335897acef4e1080f2e9d418e0906ac6dde952ce73
raw/chr22_500_guides_20260810T040146_correctness_final/batches/correctness/columba/pilot/batch_014/guides/chr22_500_guide_330/metrics.tsv	292	978bd7ae9b4805acc268ddc5fcc78d37cac290ed367994fc54cf6c539aadcfc9
raw/chr22_500_guides_20260810T040146_correctness_final/batches/correctness/columba/pilot/batch_014/guides/chr22_500_guide_330/output.paf	105	d4d719db9cf60d1d26c2a77552cfa85928b794088821836441391b9cbf90324e
raw/chr22_500_guides_20260810T040146_correctness_final/batches/correctness/columba/pilot/batch_014/guides/chr22_500_guide_330/stderr.txt	0	e3b0c44298fc1c149afbf4c8996fb92427ae41e4649b934ca495991b7852b855
raw/chr22_500_guides_20260810T040146_correctness_final/batches/correctness/columba/pilot/batch_014/guides/chr22_500_guide_331/command.txt	566	08ee625b8e03439e7f6038853a973f62b5ab2154ac972e3a6eaa98306ec74379
raw/chr22_500_guides_20260810T040146_correctness_final/batches/correctness/columba/pilot/batch_014/guides/chr22_500_guide_331/metrics.tsv	296	f7a5e6185c439d73d4ff3d0ad60abc30188851e871d3b21ac8c50bc859b53615
raw/chr22_500_guides_20260810T040146_correctness_final/batches/correctness/columba/pilot/batch_014/guides/chr22_500_guide_331/output.paf	426	f330912db02125dacc0ac5bd1e578661eda892e92fb1dcde0769acfcf90c4453
raw/chr22_500_guides_20260810T040146_correctness_final/batches/correctness/columba/pilot/batch_014/guides/chr22_500_guide_331/stderr.txt	53940	0b78666d40b77c54458bfd9b167a201cccc2682527108648467e5d2cbfd211cd
raw/chr22_500_guides_20260810T040146_correctness_final/batches/correctness/columba/pilot/batch_014/guides/chr22_500_guide_332/command.txt	566	3e806ccff58f1b4b50350bd7f8b57b68137dd15802d538ca7698dc27cfa17a83
raw/chr22_500_guides_20260810T040146_correctness_final/batches/correctness/columba/pilot/batch_014/guides/chr22_500_guide_332/metrics.tsv	292	10acbd6bda7f3b051b2ed147ece3788da29cacbdcfe1d548f01410460d6b838f
raw/chr22_500_guides_20260810T040146_correctness_final/batches/correctness/columba/pilot/batch_014/guides/chr22_500_guide_332/output.paf	105	29c4772e4107ff2db3e3247ecda31600cd1ffb80dd80301655f834bbee283d9d
raw/chr22_500_guides_20260810T040146_correctness_final/batches/correctness/columba/pilot/batch_014/guides/chr22_500_guide_332/stderr.txt	0	e3b0c44298fc1c149afbf4c8996fb92427ae41e4649b934ca495991b7852b855
raw/chr22_500_guides_20260810T040146_correctness_final/batches/correctness/columba/pilot/batch_014/guides/chr22_500_guide_333/command.txt	566	1b1523f9c92f86af9cfe29cb89d4261c92b593a6c7fc810de26996f588036e43
raw/chr22_500_guides_20260810T040146_correctness_final/batches/correctness/columba/pilot/batch_014/guides/chr22_500_guide_333/metrics.tsv	294	2880fd8915cec141b4330cf26cba03b56b501a858484e0d08238aa13ca1accf7
raw/chr22_500_guides_20260810T040146_correctness_final/batches/correctness/columba/pilot/batch_014/guides/chr22_500_guide_333/output.paf	105	0229a4fc79d3d37ddda05a4910899ff60fcd29aa41d3690d08b235deae1dd329
raw/chr22_500_guides_20260810T040146_correctness_final/batches/correctness/columba/pilot/batch_014/guides/chr22_500_guide_333/stderr.txt	282	53b771ffaca11cb96d720daf7c16129376f1614689ba28d188fa0d0308cc5d07
raw/chr22_500_guides_20260810T040146_correctness_final/batches/correctness/columba/pilot/batch_014/guides/chr22_500_guide_334/command.txt	566	d33f08a98cf384ac57faf1530e605ffd503ac13c2460c0488fcbf66c7ced32c5
raw/chr22_500_guides_20260810T040146_correctness_final/batches/correctness/columba/pilot/batch_014/guides/chr22_500_guide_334/metrics.tsv	293	5d54b31088cdb5b3c66fd3edf50fae44137642562e783a35930bd8fd96d853e9
raw/chr22_500_guides_20260810T040146_correctness_final/batches/correctness/columba/pilot/batch_014/guides/chr22_500_guide_334/output.paf	105	3e06c516c97d7d73f713b948e4ae2d850b9f95bb21edf7115970f95a2a44c88b
raw/chr22_500_guides_20260810T040146_correctness_final/batches/correctness/columba/pilot/batch_014/guides/chr22_500_guide_334/stderr.txt	94	93db122ebfc0a73cf6c20d9b51ea6666a41c5a1cf5e0a00d6afb80d831f93129
raw/chr22_500_guides_20260810T040146_correctness_final/batches/correctness/columba/pilot/batch_014/guides/chr22_500_guide_335/command.txt	566	f3333482dc8855895d3fab81050cde5acf37df4c788f7f163d1435986511ec47
raw/chr22_500_guides_20260810T040146_correctness_final/batches/correctness/columba/pilot/batch_014/guides/chr22_500_guide_335/metrics.tsv	298	89b9ecf256c6b2324f0a5ad27eed0c77613b58ad33071bd38c9099d6967c5e51
raw/chr22_500_guides_20260810T040146_correctness_final/batches/correctness/columba/pilot/batch_014/guides/chr22_500_guide_335/output.paf	9452	ef65e2128a6c9efe559f97150bc78e5ed436eaa44413d0bb04a64343a7057059
raw/chr22_500_guides_20260810T040146_correctness_final/batches/correctness/columba/pilot/batch_014/guides/chr22_500_guide_335/stderr.txt	196175	e63d14412a8418f0fdd6c0eb1502dd20a6662d2123498a94a6040e0009acee93
raw/chr22_500_guides_20260810T040146_correctness_final/batches/correctness/columba/pilot/batch_014/guides/chr22_500_guide_336/command.txt	566	031c88bed256add5749a4b83b02e20073d47ebc852a85995bc149ee751f48b0a
raw/chr22_500_guides_20260810T040146_correctness_final/batches/correctness/columba/pilot/batch_014/guides/chr22_500_guide_336/metrics.tsv	296	7ea5f691a66f6e3c3ee0515caf8f0368d47ff85e78767bd753675411033997b5
raw/chr22_500_guides_20260810T040146_correctness_final/batches/correctness/columba/pilot/batch_014/guides/chr22_500_guide_336/output.paf	210	50ccc63b38ee716d2737d977e6f3408dfce387328b217e21703d95388f86432a
raw/chr22_500_guides_20260810T040146_correctness_final/batches/correctness/columba/pilot/batch_014/guides/chr22_500_guide_336/stderr.txt	81815	0966ab5ec1213b02b153ee82c641bab4718043a57ebf4ce0d2e0b8691d57df7d
raw/chr22_500_guides_20260810T040146_correctness_final/batches/correctness/columba/pilot/batch_014/guides/chr22_500_guide_337/command.txt	566	9d57913b0a3f6e30cff28d669c1a7b0d964b4c2277012364ae60f40e515d4c57
raw/chr22_500_guides_20260810T040146_correctness_final/batches/correctness/columba/pilot/batch_014/guides/chr22_500_guide_337/metrics.tsv	292	c1d4d495b9c76a94f8411a40d01ace00663dbea638810ac3a2494cfe3a40727c
raw/chr22_500_guides_20260810T040146_correctness_final/batches/correctness/columba/pilot/batch_014/guides/chr22_500_guide_337/output.paf	105	55435a5f33dd9d0e307a3acbca8e33480145e2cff41751aa697bcad2c269889e
raw/chr22_500_guides_20260810T040146_correctness_final/batches/correctness/columba/pilot/batch_014/guides/chr22_500_guide_337/stderr.txt	0	e3b0c44298fc1c149afbf4c8996fb92427ae41e4649b934ca495991b7852b855
raw/chr22_500_guides_20260810T040146_correctness_final/batches/correctness/columba/pilot/batch_014/guides/chr22_500_guide_338/command.txt	566	b4f95c6280b1a4dc349971cca88c87fd6230df502fa8f9023aa12bfe754f76e7
raw/chr22_500_guides_20260810T040146_correctness_final/batches/correctness/columba/pilot/batch_014/guides/chr22_500_guide_338/metrics.tsv	294	009ba4ff5c9f638600d30e4d14272a8fc3e85d06c91f391830aceb2e9d798d2f
raw/chr22_500_guides_20260810T040146_correctness_final/batches/correctness/columba/pilot/batch_014/guides/chr22_500_guide_338/output.paf	214	d39c5b6762aa09453e14f55e106ab300ceb4955ee3d73b381937cbf2220ed042
raw/chr22_500_guides_20260810T040146_correctness_final/batches/correctness/columba/pilot/batch_014/guides/chr22_500_guide_338/stderr.txt	188	fc6bbc4c65e692473cbf32ff151557635e2d1dd99e4b69c5ee3da000a109cea9
raw/chr22_500_guides_20260810T040146_correctness_final/batches/correctness/columba/pilot/batch_014/guides/chr22_500_guide_339/command.txt	566	b75370b57378cd2c01fb9936b0c5275ba7c3570701208bde1aee7896f445d48d
raw/chr22_500_guides_20260810T040146_correctness_final/batches/correctness/columba/pilot/batch_014/guides/chr22_500_guide_339/metrics.tsv	294	e1979e4e54083f2096c0e7e743906d3ad10678b3dc28f47e3a8fb39e07f3eaad
raw/chr22_500_guides_20260810T040146_correctness_final/batches/correctness/columba/pilot/batch_014/guides/chr22_500_guide_339/output.paf	105	b5a14cce7e770e9c1ee2fef328720dcef66c7a959853bd5a6a6adf9fbc70ffb5
raw/chr22_500_guides_20260810T040146_correctness_final/batches/correctness/columba/pilot/batch_014/guides/chr22_500_guide_339/stderr.txt	188	ca4042a4bec12c6a1456ec7111a9014fb1d93da6aac168abb36562b78b298793
raw/chr22_500_guides_20260810T040146_correctness_final/batches/correctness/columba/pilot/batch_014/guides/chr22_500_guide_340/command.txt	566	8e039713584873abf4dd3125ad017e6b535bfa2a521565ee9e970260950c869f
raw/chr22_500_guides_20260810T040146_correctness_final/batches/correctness/columba/pilot/batch_014/guides/chr22_500_guide_340/metrics.tsv	294	ac8f5322d62cee99ff0074ff7e302976e12f89312eb5ecce713a518dc431f91e
raw/chr22_500_guides_20260810T040146_correctness_final/batches/correctness/columba/pilot/batch_014/guides/chr22_500_guide_340/output.paf	105	922985e3fca731f38882f32a1706760924853766b2a2e0c607c0dae6f012035d
raw/chr22_500_guides_20260810T040146_correctness_final/batches/correctness/columba/pilot/batch_014/guides/chr22_500_guide_340/stderr.txt	188	6a088638ce6e865966aae3464c05d8fdc6f4bb2d80f44dedaf11925139f52a40
raw/chr22_500_guides_20260810T040146_correctness_final/batches/correctness/columba/pilot/batch_014/guides/chr22_500_guide_341/command.txt	566	5a0fb9838a5a18fc136adbdba4b0840e7a8fa5e47ca367566bc8415c81d401ec
raw/chr22_500_guides_20260810T040146_correctness_final/batches/correctness/columba/pilot/batch_014/guides/chr22_500_guide_341/metrics.tsv	293	50a35b98fd5a93ec4524acec1cdd5f832ffe1281d3ffc3200a40673ad107e0d8
raw/chr22_500_guides_20260810T040146_correctness_final/batches/correctness/columba/pilot/batch_014/guides/chr22_500_guide_341/output.paf	214	3bd1f323efe85c2f37a859fce595f3ff2320d8c0883de95c26c97bab5696f5d2
raw/chr22_500_guides_20260810T040146_correctness_final/batches/correctness/columba/pilot/batch_014/guides/chr22_500_guide_341/stderr.txt	94	402fe40b3e1ef085bb67ac5bad67ed18a4d327a286f3b5e235cc59c2b03e74c1
raw/chr22_500_guides_20260810T040146_correctness_final/batches/correctness/columba/pilot/batch_014/guides/chr22_500_guide_342/command.txt	566	10f03158a818d79d0eb55bec310a79ac62014e74c65033188a380bfd41b5b48a
raw/chr22_500_guides_20260810T040146_correctness_final/batches/correctness/columba/pilot/batch_014/guides/chr22_500_guide_342/metrics.tsv	298	70ab0e58bcbe1350feac7b78557c2afc653c8eed2719bdca7efa0d2d2ed4c04e
raw/chr22_500_guides_20260810T040146_correctness_final/batches/correctness/columba/pilot/batch_014/guides/chr22_500_guide_342/output.paf	15543	4a1c329ce2989dab797f0af0ed1ae3e483324c103367e0da646f2635ee6ce1e9
raw/chr22_500_guides_20260810T040146_correctness_final/batches/correctness/columba/pilot/batch_014/guides/chr22_500_guide_342/stderr.txt	56938	3f1b867e1c7c708d631aaa5b4aa7e1e18fb4fe9beff07e272f9fa4746b970ba4
raw/chr22_500_guides_20260810T040146_correctness_final/batches/correctness/columba/pilot/batch_014/guides/chr22_500_guide_343/command.txt	566	6ab248107276765722b8a3fdbe4c32639a5386a8a99ebb56c252f33b45d836de
raw/chr22_500_guides_20260810T040146_correctness_final/batches/correctness/columba/pilot/batch_014/guides/chr22_500_guide_343/metrics.tsv	294	f5ef5be2769950237f64ff70a66bafcb765b534182b34c0cd7fe78aa8aca1bfe
raw/chr22_500_guides_20260810T040146_correctness_final/batches/correctness/columba/pilot/batch_014/guides/chr22_500_guide_343/output.paf	105	77885b288a794217926cbdc3f9557271a5584ca0a3525a33368ba9dfa0f79c36
raw/chr22_500_guides_20260810T040146_correctness_final/batches/correctness/columba/pilot/batch_014/guides/chr22_500_guide_343/stderr.txt	470	5d430161443a2a46da19dfd91300b023436381d8acde81bd4858cc16663951ac
raw/chr22_500_guides_20260810T040146_correctness_final/batches/correctness/columba/pilot/batch_014/guides/chr22_500_guide_344/command.txt	566	29ef86da2977465d64305cbb1f82ab94d83cc483a92e40c9305102830aecb729
raw/chr22_500_guides_20260810T040146_correctness_final/batches/correctness/columba/pilot/batch_014/guides/chr22_500_guide_344/metrics.tsv	293	43eb57fced210065a6d85187fba70d825cff06ea00b4cda079c8d8a62960c3b2
raw/chr22_500_guides_20260810T040146_correctness_final/batches/correctness/columba/pilot/batch_014/guides/chr22_500_guide_344/output.paf	105	09e462275331cba68859c5b638f2ddc6ae613f21f1d352a49196de190eab4a63
raw/chr22_500_guides_20260810T040146_correctness_final/batches/correctness/columba/pilot/batch_014/guides/chr22_500_guide_344/stderr.txt	94	8d4f2e80016689bb5e885622d34cf528260025374609a6f5c85941d402b66a80
raw/chr22_500_guides_20260810T040146_correctness_final/batches/correctness/columba/pilot/batch_014/guides/chr22_500_guide_345/command.txt	566	4a2692281ddc2903275f3dfcdde72527ce43e32a54a0e3b9a6402c352dc31b03
raw/chr22_500_guides_20260810T040146_correctness_final/batches/correctness/columba/pilot/batch_014/guides/chr22_500_guide_345/metrics.tsv	292	068e3244e57fa3cd1629de249b602834310fb5f98b0dfb9d73b8c7ff6b2dd794
raw/chr22_500_guides_20260810T040146_correctness_final/batches/correctness/columba/pilot/batch_014/guides/chr22_500_guide_345/output.paf	105	b14e82166f74c064cc827ea6c2c7ecb58202c27a7e48eab02878079d65a0b1c2
raw/chr22_500_guides_20260810T040146_correctness_final/batches/correctness/columba/pilot/batch_014/guides/chr22_500_guide_345/stderr.txt	0	e3b0c44298fc1c149afbf4c8996fb92427ae41e4649b934ca495991b7852b855
raw/chr22_500_guides_20260810T040146_correctness_final/batches/correctness/columba/pilot/batch_014/guides/chr22_500_guide_346/command.txt	566	99400f112ca6fd787387b0b5ef6ab1fe19f7887ca2b6e3d99b56fad2bd49f57d
raw/chr22_500_guides_20260810T040146_correctness_final/batches/correctness/columba/pilot/batch_014/guides/chr22_500_guide_346/metrics.tsv	294	1020ebf303eebd986c80f1e0b8f943c2d6db5b70c69dc29131a3266c8656174a
raw/chr22_500_guides_20260810T040146_correctness_final/batches/correctness/columba/pilot/batch_014/guides/chr22_500_guide_346/output.paf	105	c1578e221280fa40949a92a15ecf9b403390f444d83730224cd36b3639bc9cfd
raw/chr22_500_guides_20260810T040146_correctness_final/batches/correctness/columba/pilot/batch_014/guides/chr22_500_guide_346/stderr.txt	282	14b97861def5e12b2b025196d75a8ac024ee0a78f0be084cdfab57faf0ba20d8
raw/chr22_500_guides_20260810T040146_correctness_final/batches/correctness/columba/pilot/batch_014/guides/chr22_500_guide_347/command.txt	566	939addc8acedde6c2ad28ef61c03b7d7240b159647e68dfe5a53d205b1b3e951
raw/chr22_500_guides_20260810T040146_correctness_final/batches/correctness/columba/pilot/batch_014/guides/chr22_500_guide_347/metrics.tsv	294	6f74e6d661bf656be87f908e0e40553293f4da4efb836e4b00b0268dd0a282ba
raw/chr22_500_guides_20260810T040146_correctness_final/batches/correctness/columba/pilot/batch_014/guides/chr22_500_guide_347/output.paf	105	fd3ecc223334a0f86c963a7df372cfce5e93a87dd0ef90a6c46e2780fd37a308
raw/chr22_500_guides_20260810T040146_correctness_final/batches/correctness/columba/pilot/batch_014/guides/chr22_500_guide_347/stderr.txt	282	3b246db8c8d570bd79df0ffc06cdeb1fef9b15e5e9b440ff9e7c0d2c4e09f198
raw/chr22_500_guides_20260810T040146_correctness_final/batches/correctness/columba/pilot/batch_014/guides/chr22_500_guide_348/command.txt	566	3e50a90b55d592389b4d53c90eb7f4f4ac764beaebd77db60eb82cbf62079482
raw/chr22_500_guides_20260810T040146_correctness_final/batches/correctness/columba/pilot/batch_014/guides/chr22_500_guide_348/metrics.tsv	293	503f0a0b5e662365ddd37170255d7c58073321ba18fef4ce670176b74b516bb5
raw/chr22_500_guides_20260810T040146_correctness_final/batches/correctness/columba/pilot/batch_014/guides/chr22_500_guide_348/output.paf	105	555a66e1753526673117e366fb233c844df0cfc38a64971866528e20e52f4ca2
raw/chr22_500_guides_20260810T040146_correctness_final/batches/correctness/columba/pilot/batch_014/guides/chr22_500_guide_348/stderr.txt	94	daf225fd739240830663f4f6fa1add420c3d409ae734e31ecd3e9a98f65456bd
raw/chr22_500_guides_20260810T040146_correctness_final/batches/correctness/columba/pilot/batch_014/guides/chr22_500_guide_349/command.txt	566	3a0c64b9e5a49a9631d05e0b0d8346cd91f98c751afb9d8f285836c58e307e1d
raw/chr22_500_guides_20260810T040146_correctness_final/batches/correctness/columba/pilot/batch_014/guides/chr22_500_guide_349/metrics.tsv	293	d18b9302df311f5a1305d672132f5b7706cc2c2802726623dfe3bc296c556e48
raw/chr22_500_guides_20260810T040146_correctness_final/batches/correctness/columba/pilot/batch_014/guides/chr22_500_guide_349/output.paf	105	2812e7c58993b0b84d9ed9b8583c00bfe201048e2de143a928f4bb50f26d68ca
raw/chr22_500_guides_20260810T040146_correctness_final/batches/correctness/columba/pilot/batch_014/guides/chr22_500_guide_349/stderr.txt	94	86cac9a80ffac89152c7302e8a38fc526a28e142d2db6335cdf7f010a84d5c52
raw/chr22_500_guides_20260810T040146_correctness_final/batches/correctness/columba/pilot/batch_014/guides/chr22_500_guide_350/command.txt	566	7c3d7cf7c192c1ba2f640e62fc7c092a50432a0cbe6cd4095f76028da9966cdd
raw/chr22_500_guides_20260810T040146_correctness_final/batches/correctness/columba/pilot/batch_014/guides/chr22_500_guide_350/metrics.tsv	294	74e5c093d68b6b9fba19d434d712d7e63771dfb029aedf59d81e1b9eec9bfe14
raw/chr22_500_guides_20260810T040146_correctness_final/batches/correctness/columba/pilot/batch_014/guides/chr22_500_guide_350/output.paf	105	690363745e23b36de9cf8198ae1a2f9b36e8aea59f5c0d77f85a6a355dc64483
raw/chr22_500_guides_20260810T040146_correctness_final/batches/correctness/columba/pilot/batch_014/guides/chr22_500_guide_350/stderr.txt	188	dca175bac14d376b3d38e1f13518141d59e090abdd2408aa19291095809dbc84
raw/chr22_500_guides_20260810T040146_correctness_final/batches/correctness/columba/pilot/batch_015/SUCCESS	0	e3b0c44298fc1c149afbf4c8996fb92427ae41e4649b934ca495991b7852b855
raw/chr22_500_guides_20260810T040146_correctness_final/batches/correctness/columba/pilot/batch_015/environment.tsv	600	ac9402e783011396b72b5b62ab88949bd5cedbf7801c670152f7d980da04c6a2
raw/chr22_500_guides_20260810T040146_correctness_final/batches/correctness/columba/pilot/batch_015/guide_ids.txt	500	686045272b8d4c8526ff93b5064a037b9159071d510144e70ecc3190692ecaf7
raw/chr22_500_guides_20260810T040146_correctness_final/batches/correctness/columba/pilot/batch_015/guide_order.sha256	303	193a87f4faa44d1097b75cbda8a8cf92490cb957d3012b7c43a6ecdf704cdb6d
raw/chr22_500_guides_20260810T040146_correctness_final/batches/correctness/columba/pilot/batch_015/guide_order.txt	500	59e978d6c172056c424af3dfb68587f49393244e2007aff3fd2dd954d51c0b63
raw/chr22_500_guides_20260810T040146_correctness_final/batches/correctness/columba/pilot/batch_015/guide_results.tsv	5491	f4ce10f2088faefa72924d5ca6faaa08a726eaac1412ea10c48a218824d82d6a
raw/chr22_500_guides_20260810T040146_correctness_final/batches/correctness/columba/pilot/batch_015/guides/chr22_500_guide_351/command.txt	566	1b86df4d04525603c4144b82b3ea99bcd9c4e09a275481342507265dde9db4ae
raw/chr22_500_guides_20260810T040146_correctness_final/batches/correctness/columba/pilot/batch_015/guides/chr22_500_guide_351/metrics.tsv	294	04f74ec661fa84105963002fcf66d308f8fa04e589d11794d6885d4b1f95a109
raw/chr22_500_guides_20260810T040146_correctness_final/batches/correctness/columba/pilot/batch_015/guides/chr22_500_guide_351/output.paf	105	4289dcb5c2a6d1840edf8b185512e1412c3489db3a0bc4685ad3b715bc63461e
raw/chr22_500_guides_20260810T040146_correctness_final/batches/correctness/columba/pilot/batch_015/guides/chr22_500_guide_351/stderr.txt	282	705dae0fe269c44ac046ec2ba89b5d0e805c8ee78b3582f8ade637f0f3666199
raw/chr22_500_guides_20260810T040146_correctness_final/batches/correctness/columba/pilot/batch_015/guides/chr22_500_guide_352/command.txt	566	62381b1ca4b0daa0c16b16f8c79f0e4fc8a35a1324a30c36b18ff5f104bb47fe
raw/chr22_500_guides_20260810T040146_correctness_final/batches/correctness/columba/pilot/batch_015/guides/chr22_500_guide_352/metrics.tsv	294	fc2d4ee5f9c8a894a6067e5db170320b319bc3440f2e7b102832fc678692309b
raw/chr22_500_guides_20260810T040146_correctness_final/batches/correctness/columba/pilot/batch_015/guides/chr22_500_guide_352/output.paf	214	f2d0b8b9fe9956bfaa96c3ee3b5f5055928c86e9032a49d79bb0fdc9103d993a
raw/chr22_500_guides_20260810T040146_correctness_final/batches/correctness/columba/pilot/batch_015/guides/chr22_500_guide_352/stderr.txt	376	3ccc60558c4ac2af55e0a7be97b9b79ed9bcab8ee0202db8e23813be12f662de
raw/chr22_500_guides_20260810T040146_correctness_final/batches/correctness/columba/pilot/batch_015/guides/chr22_500_guide_353/command.txt	566	cf3d3efc4290dcac6538399bcdb35e7649abd5a1bb77134f82032d399cfc2cd2
raw/chr22_500_guides_20260810T040146_correctness_final/batches/correctness/columba/pilot/batch_015/guides/chr22_500_guide_353/metrics.tsv	292	05377ab49d5bfbd2b7a49099a806f5032b0ffbb642ad3ca7f1c2e8cb81835f5d
raw/chr22_500_guides_20260810T040146_correctness_final/batches/correctness/columba/pilot/batch_015/guides/chr22_500_guide_353/output.paf	105	db50066ab5215e0ab40715d3e84c765c47977eb5d92e2f74fef9a37ee0c19f96
raw/chr22_500_guides_20260810T040146_correctness_final/batches/correctness/columba/pilot/batch_015/guides/chr22_500_guide_353/stderr.txt	0	e3b0c44298fc1c149afbf4c8996fb92427ae41e4649b934ca495991b7852b855
raw/chr22_500_guides_20260810T040146_correctness_final/batches/correctness/columba/pilot/batch_015/guides/chr22_500_guide_354/command.txt	566	c1b4abbe186e916aa88539ede354661102ff8bce65d951c6aa7d4939f657051d
raw/chr22_500_guides_20260810T040146_correctness_final/batches/correctness/columba/pilot/batch_015/guides/chr22_500_guide_354/metrics.tsv	292	46978c1b9cfeb4b55948b4891945e44aa869328e851fad94a576529b7a13da53
raw/chr22_500_guides_20260810T040146_correctness_final/batches/correctness/columba/pilot/batch_015/guides/chr22_500_guide_354/output.paf	105	a25546c9bbae8cdc0d19e70bfe3c8882004a3d36efa6d3e1a8f84d71f02d3a3f
raw/chr22_500_guides_20260810T040146_correctness_final/batches/correctness/columba/pilot/batch_015/guides/chr22_500_guide_354/stderr.txt	0	e3b0c44298fc1c149afbf4c8996fb92427ae41e4649b934ca495991b7852b855
raw/chr22_500_guides_20260810T040146_correctness_final/batches/correctness/columba/pilot/batch_015/guides/chr22_500_guide_355/command.txt	566	ef2e40f588ade8a5d968d6418f69966d931149669553486117276b436c14e73d
raw/chr22_500_guides_20260810T040146_correctness_final/batches/correctness/columba/pilot/batch_015/guides/chr22_500_guide_355/metrics.tsv	296	27adec433b039c8b6427f6d2f21043e957b89eb43dd3b2d1790a10c8d325bac7
raw/chr22_500_guides_20260810T040146_correctness_final/batches/correctness/columba/pilot/batch_015/guides/chr22_500_guide_355/output.paf	105	8a75a85488ad929f0680cd3aa83ddfd5294134a2984494dc614768a98595757f
raw/chr22_500_guides_20260810T040146_correctness_final/batches/correctness/columba/pilot/batch_015/guides/chr22_500_guide_355/stderr.txt	81659	e3c890b567359966a979593cd6f26e84b0e4499d960f795de2578d207ff1c93b
raw/chr22_500_guides_20260810T040146_correctness_final/batches/correctness/columba/pilot/batch_015/guides/chr22_500_guide_356/command.txt	566	200d52e5e879a8f63c3ccea1431b585b7d5517711988d347b0095f2f490c76b4
raw/chr22_500_guides_20260810T040146_correctness_final/batches/correctness/columba/pilot/batch_015/guides/chr22_500_guide_356/metrics.tsv	292	9f3cd92bedb51ce6bcf8e0ffc002a5a776b12d014ffb811a7604fbaa81aa6d9a
raw/chr22_500_guides_20260810T040146_correctness_final/batches/correctness/columba/pilot/batch_015/guides/chr22_500_guide_356/output.paf	105	867385907bbb717d91959186236ef4b8f9435d870da655ff1762344f446ca85a
raw/chr22_500_guides_20260810T040146_correctness_final/batches/correctness/columba/pilot/batch_015/guides/chr22_500_guide_356/stderr.txt	0	e3b0c44298fc1c149afbf4c8996fb92427ae41e4649b934ca495991b7852b855
raw/chr22_500_guides_20260810T040146_correctness_final/batches/correctness/columba/pilot/batch_015/guides/chr22_500_guide_357/command.txt	566	9589404ad60ebed179607f0b22e07c26b38e87db74e70e2e57c6139690b73b42
raw/chr22_500_guides_20260810T040146_correctness_final/batches/correctness/columba/pilot/batch_015/guides/chr22_500_guide_357/metrics.tsv	293	38ed17da5840a4aaed0a4c418230d2727a19aa34bb9567c91f776586bab1031d
raw/chr22_500_guides_20260810T040146_correctness_final/batches/correctness/columba/pilot/batch_015/guides/chr22_500_guide_357/output.paf	315	e92ae9c88b8f12941d07537ab79c644385376ff1dcb918357c6c15bd0feddba1
raw/chr22_500_guides_20260810T040146_correctness_final/batches/correctness/columba/pilot/batch_015/guides/chr22_500_guide_357/stderr.txt	94	3569ab7a23d0e7159deaa5429cb6ee66d140f3240f4bb91358aa683f6e2fb990
raw/chr22_500_guides_20260810T040146_correctness_final/batches/correctness/columba/pilot/batch_015/guides/chr22_500_guide_358/command.txt	566	094ffe4630fe361070d84d4d80c4f5bbfa18cfafddd156b27194d89d96fd10ea
raw/chr22_500_guides_20260810T040146_correctness_final/batches/correctness/columba/pilot/batch_015/guides/chr22_500_guide_358/metrics.tsv	294	90916c677f04874915b22f6ddb328f89faca7d327e5f70a5125cd7ba53076865
raw/chr22_500_guides_20260810T040146_correctness_final/batches/correctness/columba/pilot/batch_015/guides/chr22_500_guide_358/output.paf	105	a7389bd954eaa7a8f7c3e448a2ff3a3f4ef011b680d833fad933fd884d099eca
raw/chr22_500_guides_20260810T040146_correctness_final/batches/correctness/columba/pilot/batch_015/guides/chr22_500_guide_358/stderr.txt	282	9b7501725ac0e846ebbf11d00696dd347ff96cf1e9b93286935af165a5a8fa66
raw/chr22_500_guides_20260810T040146_correctness_final/batches/correctness/columba/pilot/batch_015/guides/chr22_500_guide_359/command.txt	566	df1b1b742b2c0011c4ceb0a961a4fea0cb1f2d95996d68353ce2439994a5b638
raw/chr22_500_guides_20260810T040146_correctness_final/batches/correctness/columba/pilot/batch_015/guides/chr22_500_guide_359/metrics.tsv	293	8fb1630818c33894b6d606268325db579579a7007217aed75236f2d03259c29f
raw/chr22_500_guides_20260810T040146_correctness_final/batches/correctness/columba/pilot/batch_015/guides/chr22_500_guide_359/output.paf	105	67f8eaad6970d67a23b137b039edd8958c127a6240cb405f3c0d44d014269abd
raw/chr22_500_guides_20260810T040146_correctness_final/batches/correctness/columba/pilot/batch_015/guides/chr22_500_guide_359/stderr.txt	94	2e82844d3946a864766661226def508efcf2767f83a01a4d7d9897a9c2e53719
raw/chr22_500_guides_20260810T040146_correctness_final/batches/correctness/columba/pilot/batch_015/guides/chr22_500_guide_360/command.txt	566	e6d0d6e52f21be9a5125c49c8c7411488267efb7ebe61a662f8b31845e094a13
raw/chr22_500_guides_20260810T040146_correctness_final/batches/correctness/columba/pilot/batch_015/guides/chr22_500_guide_360/metrics.tsv	299	f89e89be4a2ef3921fcfda7ad239db8ec8f2384852a3e5d953980e72ecf37c8f
raw/chr22_500_guides_20260810T040146_correctness_final/batches/correctness/columba/pilot/batch_015/guides/chr22_500_guide_360/output.paf	100217	ae4db361c45dbca965229ee02a5cccbf98ae522f0092d3e12e65280367cef806
raw/chr22_500_guides_20260810T040146_correctness_final/batches/correctness/columba/pilot/batch_015/guides/chr22_500_guide_360/stderr.txt	69447	055b5e3fa180e4446e09732291e36376f23df8ff4960d2cdc51713cca90ee10d
raw/chr22_500_guides_20260810T040146_correctness_final/batches/correctness/columba/pilot/batch_015/guides/chr22_500_guide_361/command.txt	566	53e468ccdafc7a112c6c9141a27b1c36576318e80d3363c24d0cf538475348bb
raw/chr22_500_guides_20260810T040146_correctness_final/batches/correctness/columba/pilot/batch_015/guides/chr22_500_guide_361/metrics.tsv	292	3ab7317fc167e0ffd559ba42b5759e44bd0b3f261b01cf5f8621a0b2835d7e58
raw/chr22_500_guides_20260810T040146_correctness_final/batches/correctness/columba/pilot/batch_015/guides/chr22_500_guide_361/output.paf	105	10c56888dfd2bcc3e5d0675d9a8e316b6ae168a941759f3370757a5730f843c3
raw/chr22_500_guides_20260810T040146_correctness_final/batches/correctness/columba/pilot/batch_015/guides/chr22_500_guide_361/stderr.txt	0	e3b0c44298fc1c149afbf4c8996fb92427ae41e4649b934ca495991b7852b855
raw/chr22_500_guides_20260810T040146_correctness_final/batches/correctness/columba/pilot/batch_015/guides/chr22_500_guide_362/command.txt	566	86cf08b0a6dc375191ba3ff62e693b2e3374724cf3ae2aa5bf22904c44a09f44
raw/chr22_500_guides_20260810T040146_correctness_final/batches/correctness/columba/pilot/batch_015/guides/chr22_500_guide_362/metrics.tsv	294	c43e3ae998d9b2e6d04353debe6d284be38c9bf89a8deb45797aa1c0df8394dc
raw/chr22_500_guides_20260810T040146_correctness_final/batches/correctness/columba/pilot/batch_015/guides/chr22_500_guide_362/output.paf	105	ae0e1999294b6c0fe52b495744bbfe62e218ee6d3c22e776bbc769dcedf3d0eb
raw/chr22_500_guides_20260810T040146_correctness_final/batches/correctness/columba/pilot/batch_015/guides/chr22_500_guide_362/stderr.txt	282	599f8a4b745068bd678ffa5483fb43c31be7bbfae1a254c74af9ceb50d56c24d
raw/chr22_500_guides_20260810T040146_correctness_final/batches/correctness/columba/pilot/batch_015/guides/chr22_500_guide_363/command.txt	566	eba1264cf9013d38525c2d30bcf23d12aa2915d02fc0212879ab1e5d20bb5fc4
raw/chr22_500_guides_20260810T040146_correctness_final/batches/correctness/columba/pilot/batch_015/guides/chr22_500_guide_363/metrics.tsv	293	9ad32f79d94fb72c9563e7e42a3cf57c519ab0b5fbaa9651c643f2d59cd63db0
raw/chr22_500_guides_20260810T040146_correctness_final/batches/correctness/columba/pilot/batch_015/guides/chr22_500_guide_363/output.paf	105	850390cf00e784716c531f5e64380876ff07596af289e7ba34bc096bff075ecc
raw/chr22_500_guides_20260810T040146_correctness_final/batches/correctness/columba/pilot/batch_015/guides/chr22_500_guide_363/stderr.txt	94	f44e84d998c57621965bbb72ae37ec201bf3185e3f28563924ad182f849d8046
raw/chr22_500_guides_20260810T040146_correctness_final/batches/correctness/columba/pilot/batch_015/guides/chr22_500_guide_364/command.txt	566	8995b1e2c4dd252c36f2d89ef2fee3ca28fadeb510f4d0e5c58b5eacb21b08c6
raw/chr22_500_guides_20260810T040146_correctness_final/batches/correctness/columba/pilot/batch_015/guides/chr22_500_guide_364/metrics.tsv	294	5a131f210c069250f35e5c439d42edbf9ade2a621c4aeb33c59b90813cc0156c
raw/chr22_500_guides_20260810T040146_correctness_final/batches/correctness/columba/pilot/batch_015/guides/chr22_500_guide_364/output.paf	105	74ce4e0f24c8c5bf9ff04f0abd30cb25e9cfa613e2689424b2f777753af8809a
raw/chr22_500_guides_20260810T040146_correctness_final/batches/correctness/columba/pilot/batch_015/guides/chr22_500_guide_364/stderr.txt	188	ee67cd10975d34d2d4f9940ac3a1b877f337b1e31d14d7dd015bf989935a494e
raw/chr22_500_guides_20260810T040146_correctness_final/batches/correctness/columba/pilot/batch_015/guides/chr22_500_guide_365/command.txt	566	ef63f55120cf7050f390337e88243336adbb172ac8788b06cc07ec556fdd7ed1
raw/chr22_500_guides_20260810T040146_correctness_final/batches/correctness/columba/pilot/batch_015/guides/chr22_500_guide_365/metrics.tsv	293	d3d89f089d51cb1890679a56a59351775d8791c879c6ee6e0d5c73b0a4136d8a
raw/chr22_500_guides_20260810T040146_correctness_final/batches/correctness/columba/pilot/batch_015/guides/chr22_500_guide_365/output.paf	105	7711156130fd328754eb2f08bfcd7ecb1894492aca3fe7d1aa2b964ffa029648
raw/chr22_500_guides_20260810T040146_correctness_final/batches/correctness/columba/pilot/batch_015/guides/chr22_500_guide_365/stderr.txt	94	108d78c8668187681b1e3962e3287f5f681fc0cc8dd759cd5383ae3b1023da1e
raw/chr22_500_guides_20260810T040146_correctness_final/batches/correctness/columba/pilot/batch_015/guides/chr22_500_guide_366/command.txt	566	2bd0ff199b9715aa98c663add1578624f233a25df3988b85fa47c2d6ec6b7cf3
raw/chr22_500_guides_20260810T040146_correctness_final/batches/correctness/columba/pilot/batch_015/guides/chr22_500_guide_366/metrics.tsv	294	d5fe1581edaf7d5b2e622eedec431bd5446b32c1f7b44f1c165b001b68264f6f
raw/chr22_500_guides_20260810T040146_correctness_final/batches/correctness/columba/pilot/batch_015/guides/chr22_500_guide_366/output.paf	105	23700230984e70232e9331c81d6527a76bbf30918c396a14eb70f853a92cdb05
raw/chr22_500_guides_20260810T040146_correctness_final/batches/correctness/columba/pilot/batch_015/guides/chr22_500_guide_366/stderr.txt	188	2748dc29372d3202528e1826d4db12b5386fe6ae62ded1da9fd7ad1f6978007a
raw/chr22_500_guides_20260810T040146_correctness_final/batches/correctness/columba/pilot/batch_015/guides/chr22_500_guide_367/command.txt	566	af62e6a4b40b0330f85c275010f146110d6faaa4e5dcb5a8937fb1c33184ceef
raw/chr22_500_guides_20260810T040146_correctness_final/batches/correctness/columba/pilot/batch_015/guides/chr22_500_guide_367/metrics.tsv	292	34e8aaa8c981dbaf469f74a4a245eb3023a6c47aa6eca0dba12054dc1db9891c
raw/chr22_500_guides_20260810T040146_correctness_final/batches/correctness/columba/pilot/batch_015/guides/chr22_500_guide_367/output.paf	105	eafc7cf8ee809fe80890b34a135f0b6a144b58d1c39489c64df9d2821704064f
raw/chr22_500_guides_20260810T040146_correctness_final/batches/correctness/columba/pilot/batch_015/guides/chr22_500_guide_367/stderr.txt	0	e3b0c44298fc1c149afbf4c8996fb92427ae41e4649b934ca495991b7852b855
raw/chr22_500_guides_20260810T040146_correctness_final/batches/correctness/columba/pilot/batch_015/guides/chr22_500_guide_368/command.txt	566	1de414c580ca4646dae0aea0ec19ffe2efd70be71594dfa9581396a7bf5bbd4f
raw/chr22_500_guides_20260810T040146_correctness_final/batches/correctness/columba/pilot/batch_015/guides/chr22_500_guide_368/metrics.tsv	298	9504db7027869c259ecd35a24136841ea3fa82bafc9d3e40f827828828cb283a
raw/chr22_500_guides_20260810T040146_correctness_final/batches/correctness/columba/pilot/batch_015/guides/chr22_500_guide_368/output.paf	1601	97f0d8858f903bcb6a054b2a856681ae3d750161733d345ff4336bfc33819503
raw/chr22_500_guides_20260810T040146_correctness_final/batches/correctness/columba/pilot/batch_015/guides/chr22_500_guide_368/stderr.txt	105149	47727314b57ea803c5a3fa2d696319a895d425c026877c7342ec66d95555ff9d
raw/chr22_500_guides_20260810T040146_correctness_final/batches/correctness/columba/pilot/batch_015/guides/chr22_500_guide_369/command.txt	566	fe98497966fc2e3d75ab6c2100f2dff24a62a6d4e329597ad952d93aee04e57e
raw/chr22_500_guides_20260810T040146_correctness_final/batches/correctness/columba/pilot/batch_015/guides/chr22_500_guide_369/metrics.tsv	292	bbb81e3929ea9868f3c70817534d440814795234a59ccc5d8c331c3ab570589e
raw/chr22_500_guides_20260810T040146_correctness_final/batches/correctness/columba/pilot/batch_015/guides/chr22_500_guide_369/output.paf	105	08c5984412b18c370e990f17b4bc5ad2cbed1f4c3dfedd748d4e1535a3fadb1b
raw/chr22_500_guides_20260810T040146_correctness_final/batches/correctness/columba/pilot/batch_015/guides/chr22_500_guide_369/stderr.txt	0	e3b0c44298fc1c149afbf4c8996fb92427ae41e4649b934ca495991b7852b855
raw/chr22_500_guides_20260810T040146_correctness_final/batches/correctness/columba/pilot/batch_015/guides/chr22_500_guide_370/command.txt	566	61572cdf79dbdad807cebcca277340d8732a4dc57756a7cb921f926a136c8570
raw/chr22_500_guides_20260810T040146_correctness_final/batches/correctness/columba/pilot/batch_015/guides/chr22_500_guide_370/metrics.tsv	296	7ff96559bb9a6910b1288b8cab6b709f5606ecfab49d6f93855afabe949a2024
raw/chr22_500_guides_20260810T040146_correctness_final/batches/correctness/columba/pilot/batch_015/guides/chr22_500_guide_370/output.paf	321	fea931606683fcad854ee83f91f0202bd096d1da03921b3877e5220db0c82a5e
raw/chr22_500_guides_20260810T040146_correctness_final/batches/correctness/columba/pilot/batch_015/guides/chr22_500_guide_370/stderr.txt	14285	7f5277a767f0a6275e70f272cc6f138af107412b0816bc015184a3d706c76196
raw/chr22_500_guides_20260810T040146_correctness_final/batches/correctness/columba/pilot/batch_015/guides/chr22_500_guide_371/command.txt	566	4f36f3ecdc7ea26006afb7f48ba70515bc18455e14c82b003d3d4af9427d40b5
raw/chr22_500_guides_20260810T040146_correctness_final/batches/correctness/columba/pilot/batch_015/guides/chr22_500_guide_371/metrics.tsv	293	9d8d5d812d817fe92b968b0fa23b252a44583a7ea5c810f51ba84b8763afd30b
raw/chr22_500_guides_20260810T040146_correctness_final/batches/correctness/columba/pilot/batch_015/guides/chr22_500_guide_371/output.paf	105	2d5e99ae0c7bcb58f0b6b71473c477ba54d8c8724c2758627a6c66d26e4c8657
raw/chr22_500_guides_20260810T040146_correctness_final/batches/correctness/columba/pilot/batch_015/guides/chr22_500_guide_371/stderr.txt	94	79dbe6e1fc0f2e471a11f550a44f46787fb0c808d6a2c8e755f1e5d11f718675
raw/chr22_500_guides_20260810T040146_correctness_final/batches/correctness/columba/pilot/batch_015/guides/chr22_500_guide_372/command.txt	566	62b46c4c1ed735c38a1490be7bfe45f4f5d63a317c91b5c8d339385c0b5b3547
raw/chr22_500_guides_20260810T040146_correctness_final/batches/correctness/columba/pilot/batch_015/guides/chr22_500_guide_372/metrics.tsv	293	bc9e99a7ba0a0d01d6eac32b35000b3bb63bbb06b0d5a0e223d2bc4f3f318648
raw/chr22_500_guides_20260810T040146_correctness_final/batches/correctness/columba/pilot/batch_015/guides/chr22_500_guide_372/output.paf	105	03c6b87f8e111baff737d699832be31b9947a70427c85b014752cb5b542a2eed
raw/chr22_500_guides_20260810T040146_correctness_final/batches/correctness/columba/pilot/batch_015/guides/chr22_500_guide_372/stderr.txt	94	fde8f9047a757b2080a3b24c6cde1ef943597a66564757cc3f8590076e1cde15
raw/chr22_500_guides_20260810T040146_correctness_final/batches/correctness/columba/pilot/batch_015/guides/chr22_500_guide_373/command.txt	566	98658e1f73bdf5d075e4a24f6a1098b56c3aba0440255c52455a073c4450183d
raw/chr22_500_guides_20260810T040146_correctness_final/batches/correctness/columba/pilot/batch_015/guides/chr22_500_guide_373/metrics.tsv	298	326b788848b4146357adc00ce7712b901f34255dc4c55dcd6acf33db2dcd2ffd
raw/chr22_500_guides_20260810T040146_correctness_final/batches/correctness/columba/pilot/batch_015/guides/chr22_500_guide_373/output.paf	75168	2354f825ce61636eff2ebd9b9f04785099b672e2778924a5bfbd006333613cf6
raw/chr22_500_guides_20260810T040146_correctness_final/batches/correctness/columba/pilot/batch_015/guides/chr22_500_guide_373/stderr.txt	83075	7e96804198e52de0cf9624d7983a3fce1c16d78c3101a89c4b2d30f13556ce60
raw/chr22_500_guides_20260810T040146_correctness_final/batches/correctness/columba/pilot/batch_015/guides/chr22_500_guide_374/command.txt	566	cd0005854aa036255c2b51ef692f54a02181c07e5b6c72e708e821ccf92080c1
raw/chr22_500_guides_20260810T040146_correctness_final/batches/correctness/columba/pilot/batch_015/guides/chr22_500_guide_374/metrics.tsv	294	ef2476ed5dbe55b6d3ebe2bd20bd14ff9e6d2c600bfc50d02b65ee9f24beca5d
raw/chr22_500_guides_20260810T040146_correctness_final/batches/correctness/columba/pilot/batch_015/guides/chr22_500_guide_374/output.paf	105	c3fc24d7c32679e1bb8d0997359e61e66898f2661248e500254761c6363bc345
raw/chr22_500_guides_20260810T040146_correctness_final/batches/correctness/columba/pilot/batch_015/guides/chr22_500_guide_374/stderr.txt	188	171e6521f745b44a2a23c6f5a6c5d268c785a5c1ec8c8da9f889737df19e5d0c
raw/chr22_500_guides_20260810T040146_correctness_final/batches/correctness/columba/pilot/batch_015/guides/chr22_500_guide_375/command.txt	566	e69f3dceb4dbe78f3c78a3f237e0067de17df2812c856fcdd710d3bbd0a0a81f
raw/chr22_500_guides_20260810T040146_correctness_final/batches/correctness/columba/pilot/batch_015/guides/chr22_500_guide_375/metrics.tsv	293	191c780b7464fb55af19213e0ed45552c0134d4b344cfc4f4556ee67b3b3c548
raw/chr22_500_guides_20260810T040146_correctness_final/batches/correctness/columba/pilot/batch_015/guides/chr22_500_guide_375/output.paf	105	030ec29164c173123d1d27dfea06a9700f90b3ab218d4b0a8e8aef3c9e9126f7
raw/chr22_500_guides_20260810T040146_correctness_final/batches/correctness/columba/pilot/batch_015/guides/chr22_500_guide_375/stderr.txt	94	09ec3c94fb92b2cf79020ad621a063aec28830d915cf45ce11964b222973bbc0
raw/chr22_500_guides_20260810T040146_correctness_final/batches/correctness/columba/pilot/batch_016/SUCCESS	0	e3b0c44298fc1c149afbf4c8996fb92427ae41e4649b934ca495991b7852b855
raw/chr22_500_guides_20260810T040146_correctness_final/batches/correctness/columba/pilot/batch_016/environment.tsv	600	04169e0f60fa93fa344075e4c61282522ae9876d47e8689bf692d9cc5914257e
raw/chr22_500_guides_20260810T040146_correctness_final/batches/correctness/columba/pilot/batch_016/guide_ids.txt	500	b54129f0b0470cfb7887ccd82bf9dd018298955684b2771dcdfb33b90c376bab
raw/chr22_500_guides_20260810T040146_correctness_final/batches/correctness/columba/pilot/batch_016/guide_order.sha256	303	2a1290246fbb7bbbe7c155b48e50f875f68e9b18762cb7565d8693f17f47821f
raw/chr22_500_guides_20260810T040146_correctness_final/batches/correctness/columba/pilot/batch_016/guide_order.txt	500	f6c93d516f32700cc0cdd8bbc115e486f3682800698a2e62cba3c026de90e6cd
raw/chr22_500_guides_20260810T040146_correctness_final/batches/correctness/columba/pilot/batch_016/guide_results.tsv	5489	31c11ad8dcc8025b5aa90bb8ccab5ce8631c6ca3385b5230a54a24c0d413308e
raw/chr22_500_guides_20260810T040146_correctness_final/batches/correctness/columba/pilot/batch_016/guides/chr22_500_guide_376/command.txt	566	65193c5ca153b8eb1f186e18862d506a47ce15c8865fb5ab2e708cd2c89c8e15
raw/chr22_500_guides_20260810T040146_correctness_final/batches/correctness/columba/pilot/batch_016/guides/chr22_500_guide_376/metrics.tsv	294	e6ba8e05925af449c12afb3c72d0adab1efb54b344c924624fde36d936cf3937
raw/chr22_500_guides_20260810T040146_correctness_final/batches/correctness/columba/pilot/batch_016/guides/chr22_500_guide_376/output.paf	105	7e19f347dbb159b99327c48f045135540fc5a7b2a7ee081802a3916d383f8976
raw/chr22_500_guides_20260810T040146_correctness_final/batches/correctness/columba/pilot/batch_016/guides/chr22_500_guide_376/stderr.txt	188	38aa84a1303479d4a92281f2cf630fdfbe063a8edf4ea51f6c434255c99ecb9e
raw/chr22_500_guides_20260810T040146_correctness_final/batches/correctness/columba/pilot/batch_016/guides/chr22_500_guide_377/command.txt	566	d5d07399afe32802a89bc5b1edd666cda3624babe7aeb47dc668d05dfc1c5966
raw/chr22_500_guides_20260810T040146_correctness_final/batches/correctness/columba/pilot/batch_016/guides/chr22_500_guide_377/metrics.tsv	296	185944f1e468f1b5803c4e5f498c834e919be7e9ff61356431947964b039899e
raw/chr22_500_guides_20260810T040146_correctness_final/batches/correctness/columba/pilot/batch_016/guides/chr22_500_guide_377/output.paf	105	55a3f7499e0cfd7e01d39b6abf5895c90ab0b4bd0a5fce5f05529c08d2547f2a
raw/chr22_500_guides_20260810T040146_correctness_final/batches/correctness/columba/pilot/batch_016/guides/chr22_500_guide_377/stderr.txt	20480	d1005f28be7d115fe33004a506e0b0c586f011efeae99f9dff00bae13b354460
raw/chr22_500_guides_20260810T040146_correctness_final/batches/correctness/columba/pilot/batch_016/guides/chr22_500_guide_378/command.txt	566	87f7dcb24038b78b26f44b74116c77e21deac72c253eb35c7be0d7648be62d64
raw/chr22_500_guides_20260810T040146_correctness_final/batches/correctness/columba/pilot/batch_016/guides/chr22_500_guide_378/metrics.tsv	298	5409ae04aaea4a28d9bf80d2f6fd6761778cdb8f372d1027afd2e55ea49d8e83
raw/chr22_500_guides_20260810T040146_correctness_final/batches/correctness/columba/pilot/batch_016/guides/chr22_500_guide_378/output.paf	4072	ca302eb1021b149cad0aa565a08684a3f95b4dc2d440c7d21ea5b8af132306eb
raw/chr22_500_guides_20260810T040146_correctness_final/batches/correctness/columba/pilot/batch_016/guides/chr22_500_guide_378/stderr.txt	225798	1486cd8c9af853f27a3bc3677c2cd49263a916b45c25f5b4df6be61b5d3536f6
raw/chr22_500_guides_20260810T040146_correctness_final/batches/correctness/columba/pilot/batch_016/guides/chr22_500_guide_379/command.txt	566	5ad49533eb4a6fcabd4867a792132f17f40b9172c1b5c10c4e59ae8973f2a2c9
raw/chr22_500_guides_20260810T040146_correctness_final/batches/correctness/columba/pilot/batch_016/guides/chr22_500_guide_379/metrics.tsv	294	2a6c0366119b267e9d2396ddf04d9632bdc8c60b8268aeefff9f07c38d495c51
raw/chr22_500_guides_20260810T040146_correctness_final/batches/correctness/columba/pilot/batch_016/guides/chr22_500_guide_379/output.paf	105	5aa69e89a9ef985351b79202bc785b14f8909565c64344816b590744c39c799c
raw/chr22_500_guides_20260810T040146_correctness_final/batches/correctness/columba/pilot/batch_016/guides/chr22_500_guide_379/stderr.txt	282	989e698d1c4a4d18eef9f47f878d8779ebd2e6807c818bd4af6354228c6d2efa
raw/chr22_500_guides_20260810T040146_correctness_final/batches/correctness/columba/pilot/batch_016/guides/chr22_500_guide_380/command.txt	566	acadf764833a669ee75c1b57d7e69c057bb9924a35d55d9751c0f1cff2f8f62b
raw/chr22_500_guides_20260810T040146_correctness_final/batches/correctness/columba/pilot/batch_016/guides/chr22_500_guide_380/metrics.tsv	292	7b74ad74338b5a74d1eeaf778cfface4d31cbb74223ed928e393a4d5ed284bd0
raw/chr22_500_guides_20260810T040146_correctness_final/batches/correctness/columba/pilot/batch_016/guides/chr22_500_guide_380/output.paf	105	3696847df4deac858a26ab0acacdd39fc23eeee62d5f8c152b739c4d558ce954
raw/chr22_500_guides_20260810T040146_correctness_final/batches/correctness/columba/pilot/batch_016/guides/chr22_500_guide_380/stderr.txt	0	e3b0c44298fc1c149afbf4c8996fb92427ae41e4649b934ca495991b7852b855
raw/chr22_500_guides_20260810T040146_correctness_final/batches/correctness/columba/pilot/batch_016/guides/chr22_500_guide_381/command.txt	566	8a5e0871528f2aa599fe23bb8bc593707dec7803716b8eb30294d99a261a89f0
raw/chr22_500_guides_20260810T040146_correctness_final/batches/correctness/columba/pilot/batch_016/guides/chr22_500_guide_381/metrics.tsv	294	efeb9a6b4781a61df1398dbd423776e6f954c2564af538fa834a9edfcd64c4c1
raw/chr22_500_guides_20260810T040146_correctness_final/batches/correctness/columba/pilot/batch_016/guides/chr22_500_guide_381/output.paf	105	66e0ad380442bdf04037ab83d0949141edf92e5a350d869acf3f12e9e0e18df5
raw/chr22_500_guides_20260810T040146_correctness_final/batches/correctness/columba/pilot/batch_016/guides/chr22_500_guide_381/stderr.txt	658	2fb03fc1942657d9658373b9bba607d1b3320fd14208eeebab4ae70cb3a42551
raw/chr22_500_guides_20260810T040146_correctness_final/batches/correctness/columba/pilot/batch_016/guides/chr22_500_guide_382/command.txt	566	77ec2fca9902346c4ccf5d486af8870cecf427a4bfa3df356878e169e58b5610
raw/chr22_500_guides_20260810T040146_correctness_final/batches/correctness/columba/pilot/batch_016/guides/chr22_500_guide_382/metrics.tsv	294	3b545e90cfe17e85eed393337bd3b3fe299ac743f655e28393cd6c41df38dc5c
raw/chr22_500_guides_20260810T040146_correctness_final/batches/correctness/columba/pilot/batch_016/guides/chr22_500_guide_382/output.paf	105	334ed3775f29c2188d7fea058f91103c4d4b121f2e3c2fd6f915633ae391b52f
raw/chr22_500_guides_20260810T040146_correctness_final/batches/correctness/columba/pilot/batch_016/guides/chr22_500_guide_382/stderr.txt	280	c24021f8a8c017c17733db2cfa13c322027ef4a8970fc1c94b942d47a2f24ca9
raw/chr22_500_guides_20260810T040146_correctness_final/batches/correctness/columba/pilot/batch_016/guides/chr22_500_guide_383/command.txt	566	e9695feb5898e638ab32195c49ff76b873f8dc943737ca1979ee8c1b4ec12301
raw/chr22_500_guides_20260810T040146_correctness_final/batches/correctness/columba/pilot/batch_016/guides/chr22_500_guide_383/metrics.tsv	293	0e539085f1cedf49058863c123592e7771914c79a13242db19bda200c38c3cc2
raw/chr22_500_guides_20260810T040146_correctness_final/batches/correctness/columba/pilot/batch_016/guides/chr22_500_guide_383/output.paf	105	e3869c3952dd0b0eb3e37141b1040c6f25b82c4e398011436f2219c75f8febe8
raw/chr22_500_guides_20260810T040146_correctness_final/batches/correctness/columba/pilot/batch_016/guides/chr22_500_guide_383/stderr.txt	94	b9c553e0ccfe2ce660998762584c8775fddbac678c08f7828037c9b6239ea576
raw/chr22_500_guides_20260810T040146_correctness_final/batches/correctness/columba/pilot/batch_016/guides/chr22_500_guide_384/command.txt	566	111a133c0485770ace955e83fa8a93db48804e9596cddf67fa745c41dea0de2c
raw/chr22_500_guides_20260810T040146_correctness_final/batches/correctness/columba/pilot/batch_016/guides/chr22_500_guide_384/metrics.tsv	295	a308653e195b339fa1a6e0023583f2469bca37694da10d5e196a3942d0286740
raw/chr22_500_guides_20260810T040146_correctness_final/batches/correctness/columba/pilot/batch_016/guides/chr22_500_guide_384/output.paf	105	d0f1f0ccacb8155b15cbd0aae71b84ef21dd4b82cfa458fe2fe387cdef067e94
raw/chr22_500_guides_20260810T040146_correctness_final/batches/correctness/columba/pilot/batch_016/guides/chr22_500_guide_384/stderr.txt	5396	236eaa49e75beec8f2cc3caa11fc71b5065921bfe6b88d38ecb9b85b86474d1c
raw/chr22_500_guides_20260810T040146_correctness_final/batches/correctness/columba/pilot/batch_016/guides/chr22_500_guide_385/command.txt	566	bddfac68cb2decb0f4a5a2d44b2dfd90878768d3ecc790734c73d47709cde111
raw/chr22_500_guides_20260810T040146_correctness_final/batches/correctness/columba/pilot/batch_016/guides/chr22_500_guide_385/metrics.tsv	295	d34940c1a08a1209cc7e9541fc6ae07e1a73f1f62e65a7e91273c794f0c37ef0
raw/chr22_500_guides_20260810T040146_correctness_final/batches/correctness/columba/pilot/batch_016/guides/chr22_500_guide_385/output.paf	105	c8af66ce12fb1c3e40ec64de1e6fe4633665b6b60f3b1cb98347963b883658a6
raw/chr22_500_guides_20260810T040146_correctness_final/batches/correctness/columba/pilot/batch_016/guides/chr22_500_guide_385/stderr.txt	1128	13b42682a37b685b307698d62a4936ac76d467106243c3fb2e79d8f27544b17a
raw/chr22_500_guides_20260810T040146_correctness_final/batches/correctness/columba/pilot/batch_016/guides/chr22_500_guide_386/command.txt	566	02284d1b92f51efaa6b97c30f1cdf899fa441078a41324d53646798525f2041c
raw/chr22_500_guides_20260810T040146_correctness_final/batches/correctness/columba/pilot/batch_016/guides/chr22_500_guide_386/metrics.tsv	292	0e0a5afbbba8826c836801a0e7d89a4542841394f442b8e14c55399ac6642705
raw/chr22_500_guides_20260810T040146_correctness_final/batches/correctness/columba/pilot/batch_016/guides/chr22_500_guide_386/output.paf	105	250d9437844a88773662267f23ae1f91e8636f98a0f86b6c48484d98887d9e23
raw/chr22_500_guides_20260810T040146_correctness_final/batches/correctness/columba/pilot/batch_016/guides/chr22_500_guide_386/stderr.txt	0	e3b0c44298fc1c149afbf4c8996fb92427ae41e4649b934ca495991b7852b855
raw/chr22_500_guides_20260810T040146_correctness_final/batches/correctness/columba/pilot/batch_016/guides/chr22_500_guide_387/command.txt	566	2ac8d8af7750c570c322e3470b58b6411da8361c6b48c7078aed53298e3c9ccc
raw/chr22_500_guides_20260810T040146_correctness_final/batches/correctness/columba/pilot/batch_016/guides/chr22_500_guide_387/metrics.tsv	292	7e72c25e87e8b8feea919d4a88280032aab54bb239f93a39de3accee43510b9c
raw/chr22_500_guides_20260810T040146_correctness_final/batches/correctness/columba/pilot/batch_016/guides/chr22_500_guide_387/output.paf	105	a909238b05dda7cb5d453b651946c3f21b89303ee28398c030999e7ff3980c4a
raw/chr22_500_guides_20260810T040146_correctness_final/batches/correctness/columba/pilot/batch_016/guides/chr22_500_guide_387/stderr.txt	0	e3b0c44298fc1c149afbf4c8996fb92427ae41e4649b934ca495991b7852b855
raw/chr22_500_guides_20260810T040146_correctness_final/batches/correctness/columba/pilot/batch_016/guides/chr22_500_guide_388/command.txt	566	f9c7351bcc66b75e96ec02ff0802506b5e2eec8a2d9441060693a17c153c38a2
raw/chr22_500_guides_20260810T040146_correctness_final/batches/correctness/columba/pilot/batch_016/guides/chr22_500_guide_388/metrics.tsv	292	090ab402879d28a5e79c72099dbfd639c18bbe9156e5327170ffff2c5d3e5039
raw/chr22_500_guides_20260810T040146_correctness_final/batches/correctness/columba/pilot/batch_016/guides/chr22_500_guide_388/output.paf	105	b32f95b3659bdf5efde0a545c93605a84811e1f51637e98948f88b66e0c918a9
raw/chr22_500_guides_20260810T040146_correctness_final/batches/correctness/columba/pilot/batch_016/guides/chr22_500_guide_388/stderr.txt	0	e3b0c44298fc1c149afbf4c8996fb92427ae41e4649b934ca495991b7852b855
raw/chr22_500_guides_20260810T040146_correctness_final/batches/correctness/columba/pilot/batch_016/guides/chr22_500_guide_389/command.txt	566	c6512a7178a646eeeb70de6daac368de579c87f72fc89f1c3613e25a239695ea
raw/chr22_500_guides_20260810T040146_correctness_final/batches/correctness/columba/pilot/batch_016/guides/chr22_500_guide_389/metrics.tsv	294	9bcbaa0e765c84331408169cad7cebc1b4ef33de6f631ac815ea2a44266a0ad8
raw/chr22_500_guides_20260810T040146_correctness_final/batches/correctness/columba/pilot/batch_016/guides/chr22_500_guide_389/output.paf	105	f8eaf62cda887424db5ab9182cf8cda1f095c522200d8c7053494e3cd3f0013f
raw/chr22_500_guides_20260810T040146_correctness_final/batches/correctness/columba/pilot/batch_016/guides/chr22_500_guide_389/stderr.txt	564	896c23fb2a489fc9583d5e5b9e6c0022e88f6731c19230f066426912970c28eb
raw/chr22_500_guides_20260810T040146_correctness_final/batches/correctness/columba/pilot/batch_016/guides/chr22_500_guide_390/command.txt	566	daca8325b38d3320bf1b0d322658432afb781db4c60194e87cedeb44c504e146
raw/chr22_500_guides_20260810T040146_correctness_final/batches/correctness/columba/pilot/batch_016/guides/chr22_500_guide_390/metrics.tsv	292	b3a4350acc058a866a5938e55b6cb4494d98ad63f6ac10347e2e2f3bac96e755
raw/chr22_500_guides_20260810T040146_correctness_final/batches/correctness/columba/pilot/batch_016/guides/chr22_500_guide_390/output.paf	105	49a680215bc86d76c112afc22c01ae23139a059bb99b4c5bb7a9277777d15b2b
raw/chr22_500_guides_20260810T040146_correctness_final/batches/correctness/columba/pilot/batch_016/guides/chr22_500_guide_390/stderr.txt	0	e3b0c44298fc1c149afbf4c8996fb92427ae41e4649b934ca495991b7852b855
raw/chr22_500_guides_20260810T040146_correctness_final/batches/correctness/columba/pilot/batch_016/guides/chr22_500_guide_391/command.txt	566	18a29d1e79ad733ec807ac526515c54007db3b606419c0a299b6d096e1b95589
raw/chr22_500_guides_20260810T040146_correctness_final/batches/correctness/columba/pilot/batch_016/guides/chr22_500_guide_391/metrics.tsv	294	92e1e4ae455f5032d0ee2964d5e80868a1226a8e6ebe9abb84b5085052452373
raw/chr22_500_guides_20260810T040146_correctness_final/batches/correctness/columba/pilot/batch_016/guides/chr22_500_guide_391/output.paf	105	c21b67904c7c4e4e487bce9bef7d7a8c1f63a73c6fb931f2b8148f858e585517
raw/chr22_500_guides_20260810T040146_correctness_final/batches/correctness/columba/pilot/batch_016/guides/chr22_500_guide_391/stderr.txt	282	dd28c7db25946f59b7d8d9c315bb313f8a087cc04b94318bbb9d47bfad45f561
raw/chr22_500_guides_20260810T040146_correctness_final/batches/correctness/columba/pilot/batch_016/guides/chr22_500_guide_392/command.txt	566	3b6fad09ecbabb6d0b641c479a7494cb7215946d5d652d37bf33b07f34a000de
raw/chr22_500_guides_20260810T040146_correctness_final/batches/correctness/columba/pilot/batch_016/guides/chr22_500_guide_392/metrics.tsv	294	f13785c9dad88806bce5a8847d67047b173381da5b781ca1d415e0820a8e793f
raw/chr22_500_guides_20260810T040146_correctness_final/batches/correctness/columba/pilot/batch_016/guides/chr22_500_guide_392/output.paf	105	62af6dbf97486ac949ef3ab898566d88afe47152d399c78e5d7b872f755770bf
raw/chr22_500_guides_20260810T040146_correctness_final/batches/correctness/columba/pilot/batch_016/guides/chr22_500_guide_392/stderr.txt	188	dc42588f31d676dfd51273b514e75d9234e0f0e23c5da22dc376def453788a58
raw/chr22_500_guides_20260810T040146_correctness_final/batches/correctness/columba/pilot/batch_016/guides/chr22_500_guide_393/command.txt	566	8ea7de91065d96cb7237ab072a8256cdc57cdf37a3558a1dd7fd031b56a7bdeb
raw/chr22_500_guides_20260810T040146_correctness_final/batches/correctness/columba/pilot/batch_016/guides/chr22_500_guide_393/metrics.tsv	294	41b5a5d0541b4e9074b3dd48a6b79046e16257cce34ce498da668f2d4204393d
raw/chr22_500_guides_20260810T040146_correctness_final/batches/correctness/columba/pilot/batch_016/guides/chr22_500_guide_393/output.paf	105	3719b9c87eb26bae46571444132aecd72ec6971081ed8592128ac8081655f637
raw/chr22_500_guides_20260810T040146_correctness_final/batches/correctness/columba/pilot/batch_016/guides/chr22_500_guide_393/stderr.txt	188	ba8e3024a8dbd3ab92f3c3efd62af4339a44a56f1d02bd2d31d752a8b26c0e77
raw/chr22_500_guides_20260810T040146_correctness_final/batches/correctness/columba/pilot/batch_016/guides/chr22_500_guide_394/command.txt	566	d4d3257df705816ea7bc04647d770e38a016f33d0df3dd3a7aab1499c135acd6
raw/chr22_500_guides_20260810T040146_correctness_final/batches/correctness/columba/pilot/batch_016/guides/chr22_500_guide_394/metrics.tsv	293	d6201c334282f40c8ae53ce9ddd88547a08d41211d042aab47ab2f958dbb3e62
raw/chr22_500_guides_20260810T040146_correctness_final/batches/correctness/columba/pilot/batch_016/guides/chr22_500_guide_394/output.paf	105	3c3e23f0b752c439ab97e64bef2a4113aa18f8d8cf527c29e6927a6e204121a1
raw/chr22_500_guides_20260810T040146_correctness_final/batches/correctness/columba/pilot/batch_016/guides/chr22_500_guide_394/stderr.txt	94	09a651b3004ee11edf404b4540c688a527e6879814c29ce97f4c75c377bd80d3
raw/chr22_500_guides_20260810T040146_correctness_final/batches/correctness/columba/pilot/batch_016/guides/chr22_500_guide_395/command.txt	566	faa8ea8d2e65df23306a6d56579f03f6c69bd014ec15e24dc95474bf90ba779a
raw/chr22_500_guides_20260810T040146_correctness_final/batches/correctness/columba/pilot/batch_016/guides/chr22_500_guide_395/metrics.tsv	294	e1580e5edd5af3f3135237d9eb52de3a1a9647dda5b2692e5c1b975117da9e33
raw/chr22_500_guides_20260810T040146_correctness_final/batches/correctness/columba/pilot/batch_016/guides/chr22_500_guide_395/output.paf	105	ede3ceee5da1cbf4355f6f21ee507d425126143830cc60dea7e0c7937667a8bc
raw/chr22_500_guides_20260810T040146_correctness_final/batches/correctness/columba/pilot/batch_016/guides/chr22_500_guide_395/stderr.txt	282	ce49cb1aee848c70e76b9bf94ca52bd0f39393c3e52003ce42c879cab22183a3
raw/chr22_500_guides_20260810T040146_correctness_final/batches/correctness/columba/pilot/batch_016/guides/chr22_500_guide_396/command.txt	566	932bc3b0b93ff15659bee1fc7a5cd7952213a8bf7dbd59e6007f2b72e6d9db71
raw/chr22_500_guides_20260810T040146_correctness_final/batches/correctness/columba/pilot/batch_016/guides/chr22_500_guide_396/metrics.tsv	295	d44e573af90ddc46432f039b3c55c15612c0559dc9772a636a105ce186e76d34
raw/chr22_500_guides_20260810T040146_correctness_final/batches/correctness/columba/pilot/batch_016/guides/chr22_500_guide_396/output.paf	214	6a49b8eaa1819f1494925c174a6d3c9e04b8a6b858f87644be03b5e3218bd567
raw/chr22_500_guides_20260810T040146_correctness_final/batches/correctness/columba/pilot/batch_016/guides/chr22_500_guide_396/stderr.txt	8996	8668d29c0d00b05858b4982e45acccfbe689faaf7c9ba57a4c8ae9056d4bb60b
raw/chr22_500_guides_20260810T040146_correctness_final/batches/correctness/columba/pilot/batch_016/guides/chr22_500_guide_397/command.txt	566	3b46d1e643a261264f3fdcaf0ed481ff2027e9fd587b94c6c567e8fc8f5bda68
raw/chr22_500_guides_20260810T040146_correctness_final/batches/correctness/columba/pilot/batch_016/guides/chr22_500_guide_397/metrics.tsv	294	59fc5db29b0733a2bea741ec1fabea4c4694fab55d6494225013627e3e8feae9
raw/chr22_500_guides_20260810T040146_correctness_final/batches/correctness/columba/pilot/batch_016/guides/chr22_500_guide_397/output.paf	105	5d54478d4376f895371f8d339b5dccd454974991171a09a85d4673e7f8e0fcce
raw/chr22_500_guides_20260810T040146_correctness_final/batches/correctness/columba/pilot/batch_016/guides/chr22_500_guide_397/stderr.txt	187	200d5cb18d308e1b596c2e57e4597fe09c608c7454ffcd8b01ec62052a34f0f3
raw/chr22_500_guides_20260810T040146_correctness_final/batches/correctness/columba/pilot/batch_016/guides/chr22_500_guide_398/command.txt	566	2d4beb5215dc7bb7ae5ee9b27f218d9dcc93a4842d23a09fe9e71372bcb574ab
raw/chr22_500_guides_20260810T040146_correctness_final/batches/correctness/columba/pilot/batch_016/guides/chr22_500_guide_398/metrics.tsv	293	cc770a93685c3f5442586a5d5c7baa5e7cda95ad2ec4fe235e1e06259210df4c
raw/chr22_500_guides_20260810T040146_correctness_final/batches/correctness/columba/pilot/batch_016/guides/chr22_500_guide_398/output.paf	105	5c9d989f365df1d424483a28cbc77093b089ff7ebee8cd46972f309ff0b6db17
raw/chr22_500_guides_20260810T040146_correctness_final/batches/correctness/columba/pilot/batch_016/guides/chr22_500_guide_398/stderr.txt	94	2f17411719ddcf823a39fa8532b48978e18ea71b4f65cc71e1b1d51840c18def
raw/chr22_500_guides_20260810T040146_correctness_final/batches/correctness/columba/pilot/batch_016/guides/chr22_500_guide_399/command.txt	566	d92b0e2ed1e631ae427c8b05a1a1415819b87730a7c5fc5fad512940fb748b2f
raw/chr22_500_guides_20260810T040146_correctness_final/batches/correctness/columba/pilot/batch_016/guides/chr22_500_guide_399/metrics.tsv	292	bc1402f397e17c0a1841b9814c5b88e50a6466ffa88f71b76b76f605aba77d5b
raw/chr22_500_guides_20260810T040146_correctness_final/batches/correctness/columba/pilot/batch_016/guides/chr22_500_guide_399/output.paf	105	aed3025f5878f3f627cc0e24560dad556e9470377c3f5e6f682ae922deceebb8
raw/chr22_500_guides_20260810T040146_correctness_final/batches/correctness/columba/pilot/batch_016/guides/chr22_500_guide_399/stderr.txt	0	e3b0c44298fc1c149afbf4c8996fb92427ae41e4649b934ca495991b7852b855
raw/chr22_500_guides_20260810T040146_correctness_final/batches/correctness/columba/pilot/batch_016/guides/chr22_500_guide_400/command.txt	566	b473c4e325f0db64f02c5f55914f7f60fca8ca36752a3dcde485726914a3fb63
raw/chr22_500_guides_20260810T040146_correctness_final/batches/correctness/columba/pilot/batch_016/guides/chr22_500_guide_400/metrics.tsv	297	4dfaaaf9a6084772f7a9274e43ca701b9d7de99f442d5cf8369be8a2cdf09b86
raw/chr22_500_guides_20260810T040146_correctness_final/batches/correctness/columba/pilot/batch_016/guides/chr22_500_guide_400/output.paf	16009	8f057bc04afcef83ab0c8e0f28c1c32ed1e3fd0dbc8a1dc5f417e117852ab05d
raw/chr22_500_guides_20260810T040146_correctness_final/batches/correctness/columba/pilot/batch_016/guides/chr22_500_guide_400/stderr.txt	4131	e985c5eb551d6356d5762eae457d4818dc87e79770f01b55801cc0cab9666cee
raw/chr22_500_guides_20260810T040146_correctness_final/batches/correctness/columba/pilot/batch_017/SUCCESS	0	e3b0c44298fc1c149afbf4c8996fb92427ae41e4649b934ca495991b7852b855
raw/chr22_500_guides_20260810T040146_correctness_final/batches/correctness/columba/pilot/batch_017/environment.tsv	600	addb1b3c51e3cfe134de490b939b3db17ab313cc11a70a2f1ba17cf692015e4a
raw/chr22_500_guides_20260810T040146_correctness_final/batches/correctness/columba/pilot/batch_017/guide_ids.txt	500	07598f0dcb4bd1a3610b7726f7ec64569f1f70b51de3ac5afd09e9ffef89f967
raw/chr22_500_guides_20260810T040146_correctness_final/batches/correctness/columba/pilot/batch_017/guide_order.sha256	303	1de6025c198e0cb0c4ab9e07e2b64306808a30ceb9a874401a37c7f4048aa71b
raw/chr22_500_guides_20260810T040146_correctness_final/batches/correctness/columba/pilot/batch_017/guide_order.txt	500	76f785a8a0cbfd5b835c596e214882caed639004e5e305199acca06aab101628
raw/chr22_500_guides_20260810T040146_correctness_final/batches/correctness/columba/pilot/batch_017/guide_results.tsv	5489	e72ec6af71f4a50a342f179dd792f9dd17b559733c04c34476dea28d868f90dc
raw/chr22_500_guides_20260810T040146_correctness_final/batches/correctness/columba/pilot/batch_017/guides/chr22_500_guide_401/command.txt	566	f76d46c7965a7532bf0a6d46a88f2007816429d8ec63d22d789b8588a410b6d1
raw/chr22_500_guides_20260810T040146_correctness_final/batches/correctness/columba/pilot/batch_017/guides/chr22_500_guide_401/metrics.tsv	292	234d6e68d49ca5eb702c9c9b7fe217d443331dc647be2d779aadd7cbfdd3a757
raw/chr22_500_guides_20260810T040146_correctness_final/batches/correctness/columba/pilot/batch_017/guides/chr22_500_guide_401/output.paf	105	574130b195313d28babf956f57ec6cad7babdaa442fd51fc95c6c4fe01874730
raw/chr22_500_guides_20260810T040146_correctness_final/batches/correctness/columba/pilot/batch_017/guides/chr22_500_guide_401/stderr.txt	0	e3b0c44298fc1c149afbf4c8996fb92427ae41e4649b934ca495991b7852b855
raw/chr22_500_guides_20260810T040146_correctness_final/batches/correctness/columba/pilot/batch_017/guides/chr22_500_guide_402/command.txt	566	cfeb21087c523efabe8b8ece8e1afebd6ad8090457261f3712349b7f398617a1
raw/chr22_500_guides_20260810T040146_correctness_final/batches/correctness/columba/pilot/batch_017/guides/chr22_500_guide_402/metrics.tsv	292	c14b6ed1a19eecb9a639e4e361828eaf32d9cd3c8f18e1c4692bd1a25a8fc5c3
raw/chr22_500_guides_20260810T040146_correctness_final/batches/correctness/columba/pilot/batch_017/guides/chr22_500_guide_402/output.paf	105	6885aa6e1f736a3800e5b8e869b1130951942bd1a6cc0d1a25a536d26fffc928
raw/chr22_500_guides_20260810T040146_correctness_final/batches/correctness/columba/pilot/batch_017/guides/chr22_500_guide_402/stderr.txt	0	e3b0c44298fc1c149afbf4c8996fb92427ae41e4649b934ca495991b7852b855
raw/chr22_500_guides_20260810T040146_correctness_final/batches/correctness/columba/pilot/batch_017/guides/chr22_500_guide_403/command.txt	566	edea278b4b049a5340bb5c50fc2d230e91dcfde3ecd1f021aa9d84b5570318b2
raw/chr22_500_guides_20260810T040146_correctness_final/batches/correctness/columba/pilot/batch_017/guides/chr22_500_guide_403/metrics.tsv	292	e2fd0bedeb76502add2489197890451f23145fc2646f3a2fd4067e62e25f8b9a
raw/chr22_500_guides_20260810T040146_correctness_final/batches/correctness/columba/pilot/batch_017/guides/chr22_500_guide_403/output.paf	105	60f8b2bdc588b6b13527c78acc609879caa8defea9c72ada132dee63d52ad9bf
raw/chr22_500_guides_20260810T040146_correctness_final/batches/correctness/columba/pilot/batch_017/guides/chr22_500_guide_403/stderr.txt	0	e3b0c44298fc1c149afbf4c8996fb92427ae41e4649b934ca495991b7852b855
raw/chr22_500_guides_20260810T040146_correctness_final/batches/correctness/columba/pilot/batch_017/guides/chr22_500_guide_404/command.txt	566	db67df389b8af4e5ddb9b857d63275167a3875e4452a6986131a6a75194911a2
raw/chr22_500_guides_20260810T040146_correctness_final/batches/correctness/columba/pilot/batch_017/guides/chr22_500_guide_404/metrics.tsv	294	7b7cce19267ae950706b95abecbf13840ebc1638b0465b068fdae6afe418b958
raw/chr22_500_guides_20260810T040146_correctness_final/batches/correctness/columba/pilot/batch_017/guides/chr22_500_guide_404/output.paf	105	e0db171417b9d617b25a64277096c843a4bac7911334e46ccc8a3338fdf0c0f5
raw/chr22_500_guides_20260810T040146_correctness_final/batches/correctness/columba/pilot/batch_017/guides/chr22_500_guide_404/stderr.txt	188	f2d8286b2b5cba83981d2af701b8847d4fbcc2b396b39e5c9f41b2cbd813b8d5
raw/chr22_500_guides_20260810T040146_correctness_final/batches/correctness/columba/pilot/batch_017/guides/chr22_500_guide_405/command.txt	566	f52626bc7a551c3e71bc18f7284b3cc5203444c9dc4750f29bd8d6bfde2e6cb8
raw/chr22_500_guides_20260810T040146_correctness_final/batches/correctness/columba/pilot/batch_017/guides/chr22_500_guide_405/metrics.tsv	292	1c8081f21760ebfb74b38729a98ced5924ab611b2d54bf088504673ca85e381e
raw/chr22_500_guides_20260810T040146_correctness_final/batches/correctness/columba/pilot/batch_017/guides/chr22_500_guide_405/output.paf	214	4569698d5f1eea2d0e21201f084895461a4fa0ad0bd743ff89296ecc28b8c92f
raw/chr22_500_guides_20260810T040146_correctness_final/batches/correctness/columba/pilot/batch_017/guides/chr22_500_guide_405/stderr.txt	0	e3b0c44298fc1c149afbf4c8996fb92427ae41e4649b934ca495991b7852b855
raw/chr22_500_guides_20260810T040146_correctness_final/batches/correctness/columba/pilot/batch_017/guides/chr22_500_guide_406/command.txt	566	547022104924b253b8f77b370f4bea8c018822638bf46774e1c9b0724374ca3a
raw/chr22_500_guides_20260810T040146_correctness_final/batches/correctness/columba/pilot/batch_017/guides/chr22_500_guide_406/metrics.tsv	292	311924eea005c7f7648b67e2c8d4a72cee0555bf21470d59187c796677e244f3
raw/chr22_500_guides_20260810T040146_correctness_final/batches/correctness/columba/pilot/batch_017/guides/chr22_500_guide_406/output.paf	105	01fd169b93a95edc4956f61dcb9cd8ef7872958fc48ea50bc5f16e92ae9e7cc7
raw/chr22_500_guides_20260810T040146_correctness_final/batches/correctness/columba/pilot/batch_017/guides/chr22_500_guide_406/stderr.txt	0	e3b0c44298fc1c149afbf4c8996fb92427ae41e4649b934ca495991b7852b855
raw/chr22_500_guides_20260810T040146_correctness_final/batches/correctness/columba/pilot/batch_017/guides/chr22_500_guide_407/command.txt	566	3882ab16e2e7a5ab338ebcca658eac31a1476d77424807e94327b407a9936560
raw/chr22_500_guides_20260810T040146_correctness_final/batches/correctness/columba/pilot/batch_017/guides/chr22_500_guide_407/metrics.tsv	294	675b79c4857e07ee471a0b2aa7812639dde8c859523a44197b37128a5ffbeb1a
raw/chr22_500_guides_20260810T040146_correctness_final/batches/correctness/columba/pilot/batch_017/guides/chr22_500_guide_407/output.paf	105	4efa47f300dbac5583b98c9f2679ad02d98d6d8e72976d6e2a1249fe2d685eb4
raw/chr22_500_guides_20260810T040146_correctness_final/batches/correctness/columba/pilot/batch_017/guides/chr22_500_guide_407/stderr.txt	940	f375403c23d55ea27ab856c0e75ee1a44c23de9c28a708b2d190156d92eeca36
raw/chr22_500_guides_20260810T040146_correctness_final/batches/correctness/columba/pilot/batch_017/guides/chr22_500_guide_408/command.txt	566	8d8ee63c2dc3597eb4d53ab55f7bd7f259286db993286b37bd5b9449ec608352
raw/chr22_500_guides_20260810T040146_correctness_final/batches/correctness/columba/pilot/batch_017/guides/chr22_500_guide_408/metrics.tsv	292	f9ed6b38a51036384db8ad37ad4650682d15e7680cfea33e98e7d514d37f89e9
raw/chr22_500_guides_20260810T040146_correctness_final/batches/correctness/columba/pilot/batch_017/guides/chr22_500_guide_408/output.paf	105	8aa0d629b648d54d65dead9f626b4f79b04416d14abcb761ce6f8afd4c8d5a02
raw/chr22_500_guides_20260810T040146_correctness_final/batches/correctness/columba/pilot/batch_017/guides/chr22_500_guide_408/stderr.txt	0	e3b0c44298fc1c149afbf4c8996fb92427ae41e4649b934ca495991b7852b855
raw/chr22_500_guides_20260810T040146_correctness_final/batches/correctness/columba/pilot/batch_017/guides/chr22_500_guide_409/command.txt	566	7420e98fd18cceaad09d4facae37c08b0857130014ef0dd0b3adf38f7f680ed1
raw/chr22_500_guides_20260810T040146_correctness_final/batches/correctness/columba/pilot/batch_017/guides/chr22_500_guide_409/metrics.tsv	296	930176b1e816bf9db858f0488acd7d62b105d25f369fb3202aabed03701e1d06
raw/chr22_500_guides_20260810T040146_correctness_final/batches/correctness/columba/pilot/batch_017/guides/chr22_500_guide_409/output.paf	105	2b4fb62fff6dc125549ec78c24c4284e9baefb167f735d57c29fb7fa1377fd37
raw/chr22_500_guides_20260810T040146_correctness_final/batches/correctness/columba/pilot/batch_017/guides/chr22_500_guide_409/stderr.txt	44923	2d50f84b6ad3e8a16f9640ed487a7d2815f9c3b2d254cea6443f3878cb008dd7
raw/chr22_500_guides_20260810T040146_correctness_final/batches/correctness/columba/pilot/batch_017/guides/chr22_500_guide_410/command.txt	566	29bcb47792456e9ad3c70335994f742789eaa30a279dae3103a037c341991204
raw/chr22_500_guides_20260810T040146_correctness_final/batches/correctness/columba/pilot/batch_017/guides/chr22_500_guide_410/metrics.tsv	298	208d89b5ff82703c51461c2ef66ed2d84bdc74d79357955342b41c1d06541527
raw/chr22_500_guides_20260810T040146_correctness_final/batches/correctness/columba/pilot/batch_017/guides/chr22_500_guide_410/output.paf	2037	d7935db724d2590aa42d14557607d9530da5f0a024bfa8c1b2ef51906a06692f
raw/chr22_500_guides_20260810T040146_correctness_final/batches/correctness/columba/pilot/batch_017/guides/chr22_500_guide_410/stderr.txt	385918	6bd9b57c39d426e1f8a0345ee7d0cfb0f7105ef1ce9135de4bb7144d404bb9fe
raw/chr22_500_guides_20260810T040146_correctness_final/batches/correctness/columba/pilot/batch_017/guides/chr22_500_guide_411/command.txt	566	1d1d2ff1358fa3aaad1c6ac200ea599e20e05f8266454b5fb418238de3e6bcda
raw/chr22_500_guides_20260810T040146_correctness_final/batches/correctness/columba/pilot/batch_017/guides/chr22_500_guide_411/metrics.tsv	298	882806ae69a88d9016f8b67dbdd2d794247699158d2782897c3a0c5474826ce0
raw/chr22_500_guides_20260810T040146_correctness_final/batches/correctness/columba/pilot/batch_017/guides/chr22_500_guide_411/output.paf	7564	499e4bf17f159494f38ac952b3b30c7c711818602b1f3034d79b3f9dbd43fca7
raw/chr22_500_guides_20260810T040146_correctness_final/batches/correctness/columba/pilot/batch_017/guides/chr22_500_guide_411/stderr.txt	691238	fdb15482fe5ea0353179a276eeb770dd5d9559a083081f6975fa5e382e6b36ac
raw/chr22_500_guides_20260810T040146_correctness_final/batches/correctness/columba/pilot/batch_017/guides/chr22_500_guide_412/command.txt	566	00f2fd397b24ef91e9755830f4ff834fcbccdfa97243d67e427ef4f2b22e8ecc
raw/chr22_500_guides_20260810T040146_correctness_final/batches/correctness/columba/pilot/batch_017/guides/chr22_500_guide_412/metrics.tsv	294	b734458eff5e97fb45f633713e50fa5446a0d5043809046c2b2d6f4aa74cba3a
raw/chr22_500_guides_20260810T040146_correctness_final/batches/correctness/columba/pilot/batch_017/guides/chr22_500_guide_412/output.paf	214	b71525c5999ec941808f42e2e7232f05c38284832a19e892758fb4125649d7b2
raw/chr22_500_guides_20260810T040146_correctness_final/batches/correctness/columba/pilot/batch_017/guides/chr22_500_guide_412/stderr.txt	376	335ce1159587f90ff34a0d336e1781adcb0a334a8b3649291877403667fe9578
raw/chr22_500_guides_20260810T040146_correctness_final/batches/correctness/columba/pilot/batch_017/guides/chr22_500_guide_413/command.txt	566	265dab80c13692588576635f415fb6f819f737e48546a4f351922e056f63a6d4
raw/chr22_500_guides_20260810T040146_correctness_final/batches/correctness/columba/pilot/batch_017/guides/chr22_500_guide_413/metrics.tsv	295	2eb9de9b0e4d7614dbb518b33753c1e11131f978a2b04aeae57583a115a2b18e
raw/chr22_500_guides_20260810T040146_correctness_final/batches/correctness/columba/pilot/batch_017/guides/chr22_500_guide_413/output.paf	105	1da030b92202db00fdf4fa746fa0de1c56a74c6415d7abf8e6e634730c0990ca
raw/chr22_500_guides_20260810T040146_correctness_final/batches/correctness/columba/pilot/batch_017/guides/chr22_500_guide_413/stderr.txt	3477	e8d6de60c3ba05b27001c144755f4d3ad082de5cdf0fdf5e9cf6b7717422195e
raw/chr22_500_guides_20260810T040146_correctness_final/batches/correctness/columba/pilot/batch_017/guides/chr22_500_guide_414/command.txt	566	2352fc6868ef026ac1ca97ccb59aef572d68c5512cae1ead073359653f33bcc8
raw/chr22_500_guides_20260810T040146_correctness_final/batches/correctness/columba/pilot/batch_017/guides/chr22_500_guide_414/metrics.tsv	295	932ceae0e04dbebfed2421fcad4d3d082bba466e04081afa65b1e6d9295d2338
raw/chr22_500_guides_20260810T040146_correctness_final/batches/correctness/columba/pilot/batch_017/guides/chr22_500_guide_414/output.paf	105	dc18e7565a147dc0468401f11a1aec5c441da305cffc4f6068bf0abbeec51b24
raw/chr22_500_guides_20260810T040146_correctness_final/batches/correctness/columba/pilot/batch_017/guides/chr22_500_guide_414/stderr.txt	3382	ce74bdbd63ca7ca7425c912fcb7a3ee46b97f11171233b4ad944428469beaf24
raw/chr22_500_guides_20260810T040146_correctness_final/batches/correctness/columba/pilot/batch_017/guides/chr22_500_guide_415/command.txt	566	06087d502ba875c28f4fd929c90633ce6fc2537a848c61e6e857f5ca2e88c01a
raw/chr22_500_guides_20260810T040146_correctness_final/batches/correctness/columba/pilot/batch_017/guides/chr22_500_guide_415/metrics.tsv	294	e04617c7b7654a7fc0a52b361ad773f2bb4348c5af65ba66639919434a79bc15
raw/chr22_500_guides_20260810T040146_correctness_final/batches/correctness/columba/pilot/batch_017/guides/chr22_500_guide_415/output.paf	105	8e4f5083c2024a772ae064b2a50dda44f56d59a9eb501cc86d2d66e0f1289d35
raw/chr22_500_guides_20260810T040146_correctness_final/batches/correctness/columba/pilot/batch_017/guides/chr22_500_guide_415/stderr.txt	188	9bc00fd253d069fa090442d7f0fb4c87032984be5c2a9c2586d2fd927d967488
raw/chr22_500_guides_20260810T040146_correctness_final/batches/correctness/columba/pilot/batch_017/guides/chr22_500_guide_416/command.txt	566	f68dd7cc880f814276ae86ee59f293f4aa9a92710efc2a95ec6bf8df640c6bb3
raw/chr22_500_guides_20260810T040146_correctness_final/batches/correctness/columba/pilot/batch_017/guides/chr22_500_guide_416/metrics.tsv	292	cffc4ce900edc39d1830bdb14eadbcb5000ccfefd1484275a22285616c6323c8
raw/chr22_500_guides_20260810T040146_correctness_final/batches/correctness/columba/pilot/batch_017/guides/chr22_500_guide_416/output.paf	105	4ad6a29fbc0b47bcfe2c01e5aa0dadb830813fb301aa125f8326472a10dc2471
raw/chr22_500_guides_20260810T040146_correctness_final/batches/correctness/columba/pilot/batch_017/guides/chr22_500_guide_416/stderr.txt	0	e3b0c44298fc1c149afbf4c8996fb92427ae41e4649b934ca495991b7852b855
raw/chr22_500_guides_20260810T040146_correctness_final/batches/correctness/columba/pilot/batch_017/guides/chr22_500_guide_417/command.txt	566	f32cdd1c7e9d2dcc850200263c8d8cd14c5e75be50a9b97a5d9c3ba5321ff8d5
raw/chr22_500_guides_20260810T040146_correctness_final/batches/correctness/columba/pilot/batch_017/guides/chr22_500_guide_417/metrics.tsv	293	696ac318ef75405f845f2a58a33c1af6fd6e73935c37b9b9235e53ecbc3b7eda
raw/chr22_500_guides_20260810T040146_correctness_final/batches/correctness/columba/pilot/batch_017/guides/chr22_500_guide_417/output.paf	105	62cc8aeb4bf28a1df53587ae2f74a5e6f1288ede9db90aee0f72abe8f5f3a9b6
raw/chr22_500_guides_20260810T040146_correctness_final/batches/correctness/columba/pilot/batch_017/guides/chr22_500_guide_417/stderr.txt	94	87049b76af767ec02ba1df539670a0b29d40ec17e245542a6e7b7b878e103dca
raw/chr22_500_guides_20260810T040146_correctness_final/batches/correctness/columba/pilot/batch_017/guides/chr22_500_guide_418/command.txt	566	652cf2a3baf6abf7fca52799913ebc1e19a0496d559a3709599e2e145044eed8
raw/chr22_500_guides_20260810T040146_correctness_final/batches/correctness/columba/pilot/batch_017/guides/chr22_500_guide_418/metrics.tsv	298	28e6134e2e91f48ad48d5a7523484ad7c53c30a69a1d357c9915557141e5865e
raw/chr22_500_guides_20260810T040146_correctness_final/batches/correctness/columba/pilot/batch_017/guides/chr22_500_guide_418/output.paf	6325	85f162921bfeefc97d3de55dbe3f97c5f8f6192ca4eb2dd40a561a137aa14173
raw/chr22_500_guides_20260810T040146_correctness_final/batches/correctness/columba/pilot/batch_017/guides/chr22_500_guide_418/stderr.txt	151222	5b15e8ffd7e3dbd341b4575d46e2dae3dfaa6a747317a1348b5b7768a37886c9
raw/chr22_500_guides_20260810T040146_correctness_final/batches/correctness/columba/pilot/batch_017/guides/chr22_500_guide_419/command.txt	566	31b63df9d6a92dd60fcc0b39b961df37b09c27a8781b742b277c2ee54ec23c30
raw/chr22_500_guides_20260810T040146_correctness_final/batches/correctness/columba/pilot/batch_017/guides/chr22_500_guide_419/metrics.tsv	294	59c68bc7cff16f601fa9f5679372e9b2a439cacf53fe57386235fa4df4228c81
raw/chr22_500_guides_20260810T040146_correctness_final/batches/correctness/columba/pilot/batch_017/guides/chr22_500_guide_419/output.paf	105	8b4d19c546d86b7a041d4cab724163d2f559d5bbd6dec136726c5a5edeb6eee1
raw/chr22_500_guides_20260810T040146_correctness_final/batches/correctness/columba/pilot/batch_017/guides/chr22_500_guide_419/stderr.txt	375	f48ab7d2f02c45ec65f90a13333d2b4eeeb4449d5e773698b92c83d5940d2b1c
raw/chr22_500_guides_20260810T040146_correctness_final/batches/correctness/columba/pilot/batch_017/guides/chr22_500_guide_420/command.txt	566	c28cdbdf03465b6526ba1380740cf2d983cef9685ec39aa73c847d539608ba4a
raw/chr22_500_guides_20260810T040146_correctness_final/batches/correctness/columba/pilot/batch_017/guides/chr22_500_guide_420/metrics.tsv	293	6f4f4ad6eda9af62620959f985052c555e519ab70dc1676a6c1b0c0f004cb99b
raw/chr22_500_guides_20260810T040146_correctness_final/batches/correctness/columba/pilot/batch_017/guides/chr22_500_guide_420/output.paf	212	ee3652d1b1446d7dfbbfd9858af8a0c9ebcf8ac5ca625d77d1520fcf2b7ad846
raw/chr22_500_guides_20260810T040146_correctness_final/batches/correctness/columba/pilot/batch_017/guides/chr22_500_guide_420/stderr.txt	93	c6def3f0ce68671eabc286730e419496932a303eafcae9d96311082c7ba486dc
raw/chr22_500_guides_20260810T040146_correctness_final/batches/correctness/columba/pilot/batch_017/guides/chr22_500_guide_421/command.txt	566	08053ac7c2f0f1bec2d2001d8a157fe14e9e85ef2c36157d4547e1d17f195e45
raw/chr22_500_guides_20260810T040146_correctness_final/batches/correctness/columba/pilot/batch_017/guides/chr22_500_guide_421/metrics.tsv	294	5ae0a3d91d2a3deba3265057a91c7b26e6ff1d7c4c596386285ec16bffcefbe7
raw/chr22_500_guides_20260810T040146_correctness_final/batches/correctness/columba/pilot/batch_017/guides/chr22_500_guide_421/output.paf	214	591c54666dfecd5791fe286b82e7feca29c4c5cf48b651910162ac7317e74c84
raw/chr22_500_guides_20260810T040146_correctness_final/batches/correctness/columba/pilot/batch_017/guides/chr22_500_guide_421/stderr.txt	376	c1f64eecf20719ac873374da61948e32eba605cc039ae6073990331a7d35b460
raw/chr22_500_guides_20260810T040146_correctness_final/batches/correctness/columba/pilot/batch_017/guides/chr22_500_guide_422/command.txt	566	9ea2730c16e76d7702887d518b706cce83cf6a291ebf2e824f9ae954dabfc388
raw/chr22_500_guides_20260810T040146_correctness_final/batches/correctness/columba/pilot/batch_017/guides/chr22_500_guide_422/metrics.tsv	295	73af77935f38a92981d5ed540ce4ebd6321ce8687a281265f7813179571df101
raw/chr22_500_guides_20260810T040146_correctness_final/batches/correctness/columba/pilot/batch_017/guides/chr22_500_guide_422/output.paf	214	79922e4ccae711acd4c3a77469bc5b0e294bfeaea9fb20c05241da4334d7cbc9
raw/chr22_500_guides_20260810T040146_correctness_final/batches/correctness/columba/pilot/batch_017/guides/chr22_500_guide_422/stderr.txt	1220	f78667274ca1336417d5d6aaf18efb15436db3e7b023ba39e7a5ff440752f94d
raw/chr22_500_guides_20260810T040146_correctness_final/batches/correctness/columba/pilot/batch_017/guides/chr22_500_guide_423/command.txt	566	c35c3ed68b7b3ec3e66308379e99e66e1aa9e45d56a2aad753bb40f887fb41f7
raw/chr22_500_guides_20260810T040146_correctness_final/batches/correctness/columba/pilot/batch_017/guides/chr22_500_guide_423/metrics.tsv	292	bf4f3befe6462eaf3d0cd9cbd63f02e087f3f61c6a71b2ae858be6eb8440a41f
raw/chr22_500_guides_20260810T040146_correctness_final/batches/correctness/columba/pilot/batch_017/guides/chr22_500_guide_423/output.paf	105	886f21508ef43139da65b3307d412b9c43af12390fb60b152be51f2961337117
raw/chr22_500_guides_20260810T040146_correctness_final/batches/correctness/columba/pilot/batch_017/guides/chr22_500_guide_423/stderr.txt	0	e3b0c44298fc1c149afbf4c8996fb92427ae41e4649b934ca495991b7852b855
raw/chr22_500_guides_20260810T040146_correctness_final/batches/correctness/columba/pilot/batch_017/guides/chr22_500_guide_424/command.txt	566	80565f12ed1f2ec0dc8635116cc9e086be2c5ab1a6423ca49ccb521c4f138e51
raw/chr22_500_guides_20260810T040146_correctness_final/batches/correctness/columba/pilot/batch_017/guides/chr22_500_guide_424/metrics.tsv	292	9b64e9ad7ac6fe8f91cd3ebd8c538ec596a3065305e6fafd26648c591d153e0f
raw/chr22_500_guides_20260810T040146_correctness_final/batches/correctness/columba/pilot/batch_017/guides/chr22_500_guide_424/output.paf	105	532477fc4faa3f4f69315f7dba2d04ab90953c2c448e147b198a08dd360f39fc
raw/chr22_500_guides_20260810T040146_correctness_final/batches/correctness/columba/pilot/batch_017/guides/chr22_500_guide_424/stderr.txt	0	e3b0c44298fc1c149afbf4c8996fb92427ae41e4649b934ca495991b7852b855
raw/chr22_500_guides_20260810T040146_correctness_final/batches/correctness/columba/pilot/batch_017/guides/chr22_500_guide_425/command.txt	566	e827060f8a9d8d2c99f4989b5c341b83c215f3fddc587deed673fc3e708565bc
raw/chr22_500_guides_20260810T040146_correctness_final/batches/correctness/columba/pilot/batch_017/guides/chr22_500_guide_425/metrics.tsv	292	3e27ea7b87dd350c86afcca3d0f597258acb2e080e644f2854c5995b008f58dd
raw/chr22_500_guides_20260810T040146_correctness_final/batches/correctness/columba/pilot/batch_017/guides/chr22_500_guide_425/output.paf	105	faeff617f365f7f7cd0dd00c539f34b67b3dd81f82a85e89c41ed578516099f5
raw/chr22_500_guides_20260810T040146_correctness_final/batches/correctness/columba/pilot/batch_017/guides/chr22_500_guide_425/stderr.txt	0	e3b0c44298fc1c149afbf4c8996fb92427ae41e4649b934ca495991b7852b855
raw/chr22_500_guides_20260810T040146_correctness_final/batches/correctness/columba/pilot/batch_018/SUCCESS	0	e3b0c44298fc1c149afbf4c8996fb92427ae41e4649b934ca495991b7852b855
raw/chr22_500_guides_20260810T040146_correctness_final/batches/correctness/columba/pilot/batch_018/environment.tsv	600	7b7b02993d56b980d8cee56ce4026d21be88230df5ffc3b95f748baa53775174
raw/chr22_500_guides_20260810T040146_correctness_final/batches/correctness/columba/pilot/batch_018/guide_ids.txt	500	f79e3fec86888bce16f543b2c8552a9c756e8ca76e0ba9e25b3d84a4c6f59d61
raw/chr22_500_guides_20260810T040146_correctness_final/batches/correctness/columba/pilot/batch_018/guide_order.sha256	303	52ec03bb14d4b960333f99ce2bc144afea24ec339d9b54c0a1ad9d06a184ab26
raw/chr22_500_guides_20260810T040146_correctness_final/batches/correctness/columba/pilot/batch_018/guide_order.txt	500	47ce216e31cd71d266e963291b8f02ebf8b41c086d2b095f2d1e88896a403d96
raw/chr22_500_guides_20260810T040146_correctness_final/batches/correctness/columba/pilot/batch_018/guide_results.tsv	5486	e265c110bf16e1e06c52e13a2eec1ae1f087f62984292f87ef4856bbcaade972
raw/chr22_500_guides_20260810T040146_correctness_final/batches/correctness/columba/pilot/batch_018/guides/chr22_500_guide_426/command.txt	566	61190a6abbd3986743bcf5c6d246394c598fe842fa7a30f9e1c45e44b19d91f2
raw/chr22_500_guides_20260810T040146_correctness_final/batches/correctness/columba/pilot/batch_018/guides/chr22_500_guide_426/metrics.tsv	293	c5c59330b86ad1c3b443a5c5197a66d299b002dfe712b516e13221b2c3077a8f
raw/chr22_500_guides_20260810T040146_correctness_final/batches/correctness/columba/pilot/batch_018/guides/chr22_500_guide_426/output.paf	105	395d0cbf64200bcb6eca014619ea92462c25e08973e7212d07f4d64d62a51189
raw/chr22_500_guides_20260810T040146_correctness_final/batches/correctness/columba/pilot/batch_018/guides/chr22_500_guide_426/stderr.txt	94	9ecaba29ded4b0d1d03f7d309eae624e9b4effea0e3257d0bd0b9aeca0bbb64e
raw/chr22_500_guides_20260810T040146_correctness_final/batches/correctness/columba/pilot/batch_018/guides/chr22_500_guide_427/command.txt	566	a785f1fdbc69746813f26064204d6ecc991dfdf0d8467eb844479d5ede526647
raw/chr22_500_guides_20260810T040146_correctness_final/batches/correctness/columba/pilot/batch_018/guides/chr22_500_guide_427/metrics.tsv	292	ce39b0e1ae28e9e8ebcc452ca34acb8a3cac5cacbd0766617c1dbedeaf98c6b9
raw/chr22_500_guides_20260810T040146_correctness_final/batches/correctness/columba/pilot/batch_018/guides/chr22_500_guide_427/output.paf	105	36112c32c710f17d0fbd10979505f5d7a5215cd2ad64520ac74f8b537266216c
raw/chr22_500_guides_20260810T040146_correctness_final/batches/correctness/columba/pilot/batch_018/guides/chr22_500_guide_427/stderr.txt	0	e3b0c44298fc1c149afbf4c8996fb92427ae41e4649b934ca495991b7852b855
raw/chr22_500_guides_20260810T040146_correctness_final/batches/correctness/columba/pilot/batch_018/guides/chr22_500_guide_428/command.txt	566	c956abb4db5d46c3fae1578ba5adbeb3e399ad25084a0984a122ca3a62d0db46
raw/chr22_500_guides_20260810T040146_correctness_final/batches/correctness/columba/pilot/batch_018/guides/chr22_500_guide_428/metrics.tsv	294	493166d6e5c8bb0e987f76a62c60dc34334dafe2ba1c177407d1c4f4ce197164
raw/chr22_500_guides_20260810T040146_correctness_final/batches/correctness/columba/pilot/batch_018/guides/chr22_500_guide_428/output.paf	105	b49d937c3f713b95c07b0df4983659c5531f5062b2c8b309c93edf95c5d33253
raw/chr22_500_guides_20260810T040146_correctness_final/batches/correctness/columba/pilot/batch_018/guides/chr22_500_guide_428/stderr.txt	281	fe8b505978787bbd7a6d3b5268bab52bb800793326eda2f064520359431dd393
raw/chr22_500_guides_20260810T040146_correctness_final/batches/correctness/columba/pilot/batch_018/guides/chr22_500_guide_429/command.txt	566	7350f7a3f91a746bb750dfc9fbfbb0e02b66f6ee5a0d8dfb3ed2ab198ab7b900
raw/chr22_500_guides_20260810T040146_correctness_final/batches/correctness/columba/pilot/batch_018/guides/chr22_500_guide_429/metrics.tsv	294	b3ed9194d6275e6ae86c0eda184766b323b163e502abfaf438e45b9279901098
raw/chr22_500_guides_20260810T040146_correctness_final/batches/correctness/columba/pilot/batch_018/guides/chr22_500_guide_429/output.paf	105	2ec43a3a14908487e4da93624a407c3b7f19272d01e1812f2764b52f28ae9ae9
raw/chr22_500_guides_20260810T040146_correctness_final/batches/correctness/columba/pilot/batch_018/guides/chr22_500_guide_429/stderr.txt	282	73ce423ffc92f5f5e6b442698a9f7888d6c08b821780197741ee0d5e7ca07afe
raw/chr22_500_guides_20260810T040146_correctness_final/batches/correctness/columba/pilot/batch_018/guides/chr22_500_guide_430/command.txt	566	ff9ab69c35b3f3d6b2b6a61337fbeca6951b95097d47ea48b041c99e2e65a653
raw/chr22_500_guides_20260810T040146_correctness_final/batches/correctness/columba/pilot/batch_018/guides/chr22_500_guide_430/metrics.tsv	294	b572becc822430d7dbf7e67b746c215aa92cb8b2b188bae7f1078ab6b6fb1a4c
raw/chr22_500_guides_20260810T040146_correctness_final/batches/correctness/columba/pilot/batch_018/guides/chr22_500_guide_430/output.paf	105	a39d953b063860baaa128981774a27431eda978fc37949bc65f2cb01ed3bc55a
raw/chr22_500_guides_20260810T040146_correctness_final/batches/correctness/columba/pilot/batch_018/guides/chr22_500_guide_430/stderr.txt	188	df3ff8cdcef407782a7e9cec32e76ccc82f5f7ba958b51fcd8f1bddac7e1d61e
raw/chr22_500_guides_20260810T040146_correctness_final/batches/correctness/columba/pilot/batch_018/guides/chr22_500_guide_431/command.txt	566	5e640208bde31af270eb42c62eaddb977a4346db98d43a08b3228393e27bab68
raw/chr22_500_guides_20260810T040146_correctness_final/batches/correctness/columba/pilot/batch_018/guides/chr22_500_guide_431/metrics.tsv	292	0bbe4c8d7de2c819eabb93a4e60dd8b8c4fb6248b3ee87e9cbf0e9d313be4dc0
raw/chr22_500_guides_20260810T040146_correctness_final/batches/correctness/columba/pilot/batch_018/guides/chr22_500_guide_431/output.paf	105	4e671a38249a3b235de336c42d1952eb9cbfb6883be90588a0a03c1c10b6bebb
raw/chr22_500_guides_20260810T040146_correctness_final/batches/correctness/columba/pilot/batch_018/guides/chr22_500_guide_431/stderr.txt	0	e3b0c44298fc1c149afbf4c8996fb92427ae41e4649b934ca495991b7852b855
raw/chr22_500_guides_20260810T040146_correctness_final/batches/correctness/columba/pilot/batch_018/guides/chr22_500_guide_432/command.txt	566	f96841c445d3bd882deb3b548791ac749382400ab3a5a8757e9b28d0d4cafc69
raw/chr22_500_guides_20260810T040146_correctness_final/batches/correctness/columba/pilot/batch_018/guides/chr22_500_guide_432/metrics.tsv	292	597acd29ba7cdff390375c0da5f9ab38f208353f29f03d3b1ca543d71496aa55
raw/chr22_500_guides_20260810T040146_correctness_final/batches/correctness/columba/pilot/batch_018/guides/chr22_500_guide_432/output.paf	105	32298278cb6ff6636d2515a3c62ad9ef6a2566d429dc65a2563a46e879c0f415
raw/chr22_500_guides_20260810T040146_correctness_final/batches/correctness/columba/pilot/batch_018/guides/chr22_500_guide_432/stderr.txt	0	e3b0c44298fc1c149afbf4c8996fb92427ae41e4649b934ca495991b7852b855
raw/chr22_500_guides_20260810T040146_correctness_final/batches/correctness/columba/pilot/batch_018/guides/chr22_500_guide_433/command.txt	566	c1b44b1cfb9abb07528060f7b65b22634376a03df1e64d63dcbd991d5e09bb2e
raw/chr22_500_guides_20260810T040146_correctness_final/batches/correctness/columba/pilot/batch_018/guides/chr22_500_guide_433/metrics.tsv	297	2e466557f9b104ac6af1c95a15c2581ab73359fa3ed8a874c4128a13549948fe
raw/chr22_500_guides_20260810T040146_correctness_final/batches/correctness/columba/pilot/batch_018/guides/chr22_500_guide_433/output.paf	537	7299c25e9e9229b69fae4918dbd7a3d10cf292aa3a5ae9e727231b52918c4ec1
raw/chr22_500_guides_20260810T040146_correctness_final/batches/correctness/columba/pilot/batch_018/guides/chr22_500_guide_433/stderr.txt	124597	e022cf39cf254e9d5e76a228fc4449c3751d849c1fa8e8eb5b7d348ead9de8a8
raw/chr22_500_guides_20260810T040146_correctness_final/batches/correctness/columba/pilot/batch_018/guides/chr22_500_guide_434/command.txt	566	945791f67eb0beb0edd125f160e0dab7bf0b4babf001343ff613fc110a01cec3
raw/chr22_500_guides_20260810T040146_correctness_final/batches/correctness/columba/pilot/batch_018/guides/chr22_500_guide_434/metrics.tsv	296	41e344a128974729ce607f273bbfd5b21f41496414b6c25e445f05601a0e6a62
raw/chr22_500_guides_20260810T040146_correctness_final/batches/correctness/columba/pilot/batch_018/guides/chr22_500_guide_434/output.paf	642	3d86a983e1bb53d361b20def5e1bc28e952352dcec81b88aacf39a93f87c0638
raw/chr22_500_guides_20260810T040146_correctness_final/batches/correctness/columba/pilot/batch_018/guides/chr22_500_guide_434/stderr.txt	64559	f2c83a50ee020abd2071daf544837187b8d538e5ba28c33238e605b22e8b8d6f
raw/chr22_500_guides_20260810T040146_correctness_final/batches/correctness/columba/pilot/batch_018/guides/chr22_500_guide_435/command.txt	566	d42d6930d7e0616b7935cfbcd68c5b75baf4f519f840004bfe961290bcbfaa4b
raw/chr22_500_guides_20260810T040146_correctness_final/batches/correctness/columba/pilot/batch_018/guides/chr22_500_guide_435/metrics.tsv	293	300bb1b9a4ae087b91ee21cede8233e9486b04f7980ecaeb6571bd53fe6245b7
raw/chr22_500_guides_20260810T040146_correctness_final/batches/correctness/columba/pilot/batch_018/guides/chr22_500_guide_435/output.paf	105	16038bdcd50f85ce0a4ea6efea47731dafa305bb4bacdd999a696aa8fce480a8
raw/chr22_500_guides_20260810T040146_correctness_final/batches/correctness/columba/pilot/batch_018/guides/chr22_500_guide_435/stderr.txt	94	37abd8bdb82e1a5862037257d934a15a429ff5e431e94cc140058315515fcf04
raw/chr22_500_guides_20260810T040146_correctness_final/batches/correctness/columba/pilot/batch_018/guides/chr22_500_guide_436/command.txt	566	c9ae05e21e42e6d83c8ee616f5e8f73023c8c910c89cfd1e9e49ce37e21e8618
raw/chr22_500_guides_20260810T040146_correctness_final/batches/correctness/columba/pilot/batch_018/guides/chr22_500_guide_436/metrics.tsv	292	3e12472d00bedfa6321b87e3219b909bd96367394460a2cc61841fad5107ec57
raw/chr22_500_guides_20260810T040146_correctness_final/batches/correctness/columba/pilot/batch_018/guides/chr22_500_guide_436/output.paf	105	b1ba996fcdf443c50ed85ef5e151eb2c859ed3ad0d425e25cdd737554a74fb66
raw/chr22_500_guides_20260810T040146_correctness_final/batches/correctness/columba/pilot/batch_018/guides/chr22_500_guide_436/stderr.txt	0	e3b0c44298fc1c149afbf4c8996fb92427ae41e4649b934ca495991b7852b855
raw/chr22_500_guides_20260810T040146_correctness_final/batches/correctness/columba/pilot/batch_018/guides/chr22_500_guide_437/command.txt	566	2b88a87148a839208ef239046baa1b01f17dbc6d1f71dcd4abd6ab6366526afc
raw/chr22_500_guides_20260810T040146_correctness_final/batches/correctness/columba/pilot/batch_018/guides/chr22_500_guide_437/metrics.tsv	293	a3e2edd72564d2d5de8960a06fcbf27a74d0dd028d0e957891e283c6dc979092
raw/chr22_500_guides_20260810T040146_correctness_final/batches/correctness/columba/pilot/batch_018/guides/chr22_500_guide_437/output.paf	105	36e9d38b2d923f897d6e2a53db577c6fd69c1d15750199d51b2165f6f7da9dd4
raw/chr22_500_guides_20260810T040146_correctness_final/batches/correctness/columba/pilot/batch_018/guides/chr22_500_guide_437/stderr.txt	94	08ee64bdb9e2670b8ef166295b09bd5db537c33891bc5cfbcdec1ac2530151e8
raw/chr22_500_guides_20260810T040146_correctness_final/batches/correctness/columba/pilot/batch_018/guides/chr22_500_guide_438/command.txt	566	77114703b970f8f9941648271a04fc172d15df91fc3d72635a634db9e68ae78a
raw/chr22_500_guides_20260810T040146_correctness_final/batches/correctness/columba/pilot/batch_018/guides/chr22_500_guide_438/metrics.tsv	294	9588565df20d92b66f62b8e59f5bd581e5f856a32d46fa21de5dc2283918df85
raw/chr22_500_guides_20260810T040146_correctness_final/batches/correctness/columba/pilot/batch_018/guides/chr22_500_guide_438/output.paf	105	7b9ea615f9aa7e046adebd0e63adf8ebdc63c09e2a683a13ae5b9e9457fd8152
raw/chr22_500_guides_20260810T040146_correctness_final/batches/correctness/columba/pilot/batch_018/guides/chr22_500_guide_438/stderr.txt	282	000abe2ead510b1e81f85058fe4a2422bdd56dfa268e082b10ff250075738f0e
raw/chr22_500_guides_20260810T040146_correctness_final/batches/correctness/columba/pilot/batch_018/guides/chr22_500_guide_439/command.txt	566	7bdb9c84488dbef10d420ab5c7e6563462583376cc06ebb31163dc3d9c37bf30
raw/chr22_500_guides_20260810T040146_correctness_final/batches/correctness/columba/pilot/batch_018/guides/chr22_500_guide_439/metrics.tsv	295	35d768426e24d2807b6a21d5381f4e3d4157cdbfc44bcc129a78d2932a6edba0
raw/chr22_500_guides_20260810T040146_correctness_final/batches/correctness/columba/pilot/batch_018/guides/chr22_500_guide_439/output.paf	105	0190f0e84eeb95df6b5df5716b62537156b62b0d06f75ce0d84a290b7aa01e5c
raw/chr22_500_guides_20260810T040146_correctness_final/batches/correctness/columba/pilot/batch_018/guides/chr22_500_guide_439/stderr.txt	1316	b896919ab6bcceacc3f4e846827a23dc333234532f2f06ac14a1d278d6db1dd5
raw/chr22_500_guides_20260810T040146_correctness_final/batches/correctness/columba/pilot/batch_018/guides/chr22_500_guide_440/command.txt	566	0777c0afaf878264a8709dd50284d2c00660c7726506574439c418e238f6544c
raw/chr22_500_guides_20260810T040146_correctness_final/batches/correctness/columba/pilot/batch_018/guides/chr22_500_guide_440/metrics.tsv	292	bf97f477b951d022a71425b349e9f90207cfc1d6febe6cde3219277c5cbbbe1c
raw/chr22_500_guides_20260810T040146_correctness_final/batches/correctness/columba/pilot/batch_018/guides/chr22_500_guide_440/output.paf	105	4e987bd4a59588a3e2670ef83a8c80580f551f01774158544976def06a148b63
raw/chr22_500_guides_20260810T040146_correctness_final/batches/correctness/columba/pilot/batch_018/guides/chr22_500_guide_440/stderr.txt	0	e3b0c44298fc1c149afbf4c8996fb92427ae41e4649b934ca495991b7852b855
raw/chr22_500_guides_20260810T040146_correctness_final/batches/correctness/columba/pilot/batch_018/guides/chr22_500_guide_441/command.txt	566	82923fc8efba5a361a95c6fab2d057675e89a52e47c9aed17bd14b51ce7b77a3
raw/chr22_500_guides_20260810T040146_correctness_final/batches/correctness/columba/pilot/batch_018/guides/chr22_500_guide_441/metrics.tsv	293	89b99eef2a7d9c238cff677c386bd1504253bcc80d90d6adc1e95faa1009148f
raw/chr22_500_guides_20260810T040146_correctness_final/batches/correctness/columba/pilot/batch_018/guides/chr22_500_guide_441/output.paf	105	54ee762514de0802a27df6c1af3fc83fafeedee43a6a9a9f5c8ab4b9ffbc2983
raw/chr22_500_guides_20260810T040146_correctness_final/batches/correctness/columba/pilot/batch_018/guides/chr22_500_guide_441/stderr.txt	94	21a5c8eaf72efbed526f9dd9050f980153533010c0ad5c3822e2271f1728b5e2
raw/chr22_500_guides_20260810T040146_correctness_final/batches/correctness/columba/pilot/batch_018/guides/chr22_500_guide_442/command.txt	566	43c50d7b1a720a709b9b3d8e8fdd65523a95833c2e078b6dea7d4d45447c8fb7
raw/chr22_500_guides_20260810T040146_correctness_final/batches/correctness/columba/pilot/batch_018/guides/chr22_500_guide_442/metrics.tsv	293	dbeb315e8c87ba27c499e6e0c93bb984cd50e2df7f1c7d24db64ceb64a6a587b
raw/chr22_500_guides_20260810T040146_correctness_final/batches/correctness/columba/pilot/batch_018/guides/chr22_500_guide_442/output.paf	105	ef3c258a25c35b787ec480cc4cdb3290a24d2941ff110cad9b9e40c1a9c2819c
raw/chr22_500_guides_20260810T040146_correctness_final/batches/correctness/columba/pilot/batch_018/guides/chr22_500_guide_442/stderr.txt	94	e9dcd42f42ccb17ebf0879cdef15319487296ddb019fc8c186cd06266a5afc51
raw/chr22_500_guides_20260810T040146_correctness_final/batches/correctness/columba/pilot/batch_018/guides/chr22_500_guide_443/command.txt	566	cb174a5304d89f52664baefbea68e481d943e4424d74197582aac02b4e4a5d71
raw/chr22_500_guides_20260810T040146_correctness_final/batches/correctness/columba/pilot/batch_018/guides/chr22_500_guide_443/metrics.tsv	293	b85b5eabeeb6cc27b0dc6cf6b005f30f35d2981f33befc7b4100109c6431d0c9
raw/chr22_500_guides_20260810T040146_correctness_final/batches/correctness/columba/pilot/batch_018/guides/chr22_500_guide_443/output.paf	105	790719bd8847db6a942f261864ea37c0ec15f7a4f400e0bd1eaf31a8e659f354
raw/chr22_500_guides_20260810T040146_correctness_final/batches/correctness/columba/pilot/batch_018/guides/chr22_500_guide_443/stderr.txt	94	5747958b98329bf390adcb88fe0c55df552279978269e4428317edf8497c35fb
raw/chr22_500_guides_20260810T040146_correctness_final/batches/correctness/columba/pilot/batch_018/guides/chr22_500_guide_444/command.txt	566	0229c0a98231686847bb27df783ce1c1f5adeabe48fa027878be2f9b18b94e1f
raw/chr22_500_guides_20260810T040146_correctness_final/batches/correctness/columba/pilot/batch_018/guides/chr22_500_guide_444/metrics.tsv	293	355ee81a86bdea06e7b0879d9013c0d07a64d29fb70a562dc627aeb0e2741faf
raw/chr22_500_guides_20260810T040146_correctness_final/batches/correctness/columba/pilot/batch_018/guides/chr22_500_guide_444/output.paf	105	ed405985e5d0bc3cc4bbfe39199e2d58f5774a7a47a5d2ecf9175eacabcb490a
raw/chr22_500_guides_20260810T040146_correctness_final/batches/correctness/columba/pilot/batch_018/guides/chr22_500_guide_444/stderr.txt	94	1186a57cc2b9625914c20fee5e43b2f5cf9d4c26205f4a86599eacb7da95d2d2
raw/chr22_500_guides_20260810T040146_correctness_final/batches/correctness/columba/pilot/batch_018/guides/chr22_500_guide_445/command.txt	566	34755879307bcb869e7a164515eddb882982221e318c480fb3ea7d0165aba17a
raw/chr22_500_guides_20260810T040146_correctness_final/batches/correctness/columba/pilot/batch_018/guides/chr22_500_guide_445/metrics.tsv	294	15a529e2af75f45fe094bdf3c5255590b5a12301fa8cca7f134fe787d6ddfedc
raw/chr22_500_guides_20260810T040146_correctness_final/batches/correctness/columba/pilot/batch_018/guides/chr22_500_guide_445/output.paf	105	d34c378716f257e185bb5cb139c57e699a09f1073521990fef6b3c76f400769b
raw/chr22_500_guides_20260810T040146_correctness_final/batches/correctness/columba/pilot/batch_018/guides/chr22_500_guide_445/stderr.txt	188	1b6acd9255bbf0a03a5cf8ee50f3199edbf54b5e0a946935ad20dc062f070c0f
raw/chr22_500_guides_20260810T040146_correctness_final/batches/correctness/columba/pilot/batch_018/guides/chr22_500_guide_446/command.txt	566	c763cf10196667609dedbed16dfb3334c4dd65a7228838f5ea721387f5740859
raw/chr22_500_guides_20260810T040146_correctness_final/batches/correctness/columba/pilot/batch_018/guides/chr22_500_guide_446/metrics.tsv	293	615c64f3fefa6b11c76bb75bd243262ebcce13bd51e0e511db9008aa9ad63a9f
raw/chr22_500_guides_20260810T040146_correctness_final/batches/correctness/columba/pilot/batch_018/guides/chr22_500_guide_446/output.paf	105	54483d7d719636ef82e5f65aac8636a0f5c68fea1e6f0c1096ad241066c4066f
raw/chr22_500_guides_20260810T040146_correctness_final/batches/correctness/columba/pilot/batch_018/guides/chr22_500_guide_446/stderr.txt	94	db91d4b93d32bd9c59528ce677afec541e6e97b07a5461ee238500bb160c809a
raw/chr22_500_guides_20260810T040146_correctness_final/batches/correctness/columba/pilot/batch_018/guides/chr22_500_guide_447/command.txt	566	b97469495b396fa81332f19a8f48e3fbaf61c4735fb0e8244d3313d703f5dcd9
raw/chr22_500_guides_20260810T040146_correctness_final/batches/correctness/columba/pilot/batch_018/guides/chr22_500_guide_447/metrics.tsv	293	2082fe17096e8fdda082795851dac9c9781c05507df7a9013cfd69b2daddf5e6
raw/chr22_500_guides_20260810T040146_correctness_final/batches/correctness/columba/pilot/batch_018/guides/chr22_500_guide_447/output.paf	214	0943e41f522eda2a3346af0db05e414e69604c28d94199ca4f075a633db117ba
raw/chr22_500_guides_20260810T040146_correctness_final/batches/correctness/columba/pilot/batch_018/guides/chr22_500_guide_447/stderr.txt	94	e76b74ea006f9ca50e69929940b1bca778c7576b439207b0a49cd6bcbcebef86
raw/chr22_500_guides_20260810T040146_correctness_final/batches/correctness/columba/pilot/batch_018/guides/chr22_500_guide_448/command.txt	566	97804ea5ccea07c7d3140fe3f7f9435d15f4eb14000d76f6dd3e682137d9d481
raw/chr22_500_guides_20260810T040146_correctness_final/batches/correctness/columba/pilot/batch_018/guides/chr22_500_guide_448/metrics.tsv	294	f34249fe11e7728b4e4117ce5bebb5788020c69410f06de4e6095b6123ca960c
raw/chr22_500_guides_20260810T040146_correctness_final/batches/correctness/columba/pilot/batch_018/guides/chr22_500_guide_448/output.paf	105	af0e7d04b9032b6ba55a507cdc6196da5e7f3adbce117a38bb6ba2d2fb078cba
raw/chr22_500_guides_20260810T040146_correctness_final/batches/correctness/columba/pilot/batch_018/guides/chr22_500_guide_448/stderr.txt	188	bb969d4b02ddd34c284543e306e202b2336d7575aa86daa3e6466757c09fd92b
raw/chr22_500_guides_20260810T040146_correctness_final/batches/correctness/columba/pilot/batch_018/guides/chr22_500_guide_449/command.txt	566	fb0a68c5d41b496305681958c232948631db3c7d1470628e57a273c040d99157
raw/chr22_500_guides_20260810T040146_correctness_final/batches/correctness/columba/pilot/batch_018/guides/chr22_500_guide_449/metrics.tsv	292	38e5ed50c9e6e2228ddb12088782ffef181b974e156ec32effd5503b9150720c
raw/chr22_500_guides_20260810T040146_correctness_final/batches/correctness/columba/pilot/batch_018/guides/chr22_500_guide_449/output.paf	105	e8367625cb9c97ec27975858ed7924135dd7d288bb56eed2c76e0d9bc4e5713d
raw/chr22_500_guides_20260810T040146_correctness_final/batches/correctness/columba/pilot/batch_018/guides/chr22_500_guide_449/stderr.txt	0	e3b0c44298fc1c149afbf4c8996fb92427ae41e4649b934ca495991b7852b855
raw/chr22_500_guides_20260810T040146_correctness_final/batches/correctness/columba/pilot/batch_018/guides/chr22_500_guide_450/command.txt	566	17219186768b6f62b68a9cf8da8327d2f5531ef9d9b4be64f06a3609974e3d30
raw/chr22_500_guides_20260810T040146_correctness_final/batches/correctness/columba/pilot/batch_018/guides/chr22_500_guide_450/metrics.tsv	292	df4b7a3681927092c7718165b056b6efc02691705c4b04177be865ed63cdce7d
raw/chr22_500_guides_20260810T040146_correctness_final/batches/correctness/columba/pilot/batch_018/guides/chr22_500_guide_450/output.paf	105	2ae6d416707fe71130cb2b7d3e365409b98aa031487d875b6091675f3f98e6a3
raw/chr22_500_guides_20260810T040146_correctness_final/batches/correctness/columba/pilot/batch_018/guides/chr22_500_guide_450/stderr.txt	0	e3b0c44298fc1c149afbf4c8996fb92427ae41e4649b934ca495991b7852b855
raw/chr22_500_guides_20260810T040146_correctness_final/batches/correctness/columba/pilot/batch_019/SUCCESS	0	e3b0c44298fc1c149afbf4c8996fb92427ae41e4649b934ca495991b7852b855
raw/chr22_500_guides_20260810T040146_correctness_final/batches/correctness/columba/pilot/batch_019/environment.tsv	600	d3d0ee1b3f13912994b1ef880ab022a82b1795254efc9a843edae289330b5ef8
raw/chr22_500_guides_20260810T040146_correctness_final/batches/correctness/columba/pilot/batch_019/guide_ids.txt	500	c35ff8ae08432717564d1f33a20fd45a22626bfb00facda859796cdd2fde7cb0
raw/chr22_500_guides_20260810T040146_correctness_final/batches/correctness/columba/pilot/batch_019/guide_order.sha256	303	f728671ef2b360986c8602b146382aeaac30cca8055d281ed0bad8ab20908fb7
raw/chr22_500_guides_20260810T040146_correctness_final/batches/correctness/columba/pilot/batch_019/guide_order.txt	500	dd57bc60241dccba6ea813a796bdd201a3cc4265b3daa1b45b8b0421d94cff82
raw/chr22_500_guides_20260810T040146_correctness_final/batches/correctness/columba/pilot/batch_019/guide_results.tsv	5486	8af2b040bc28410a0666067eacd3fd14eaf066d001d6e1f30aba71fb17d77a5a
raw/chr22_500_guides_20260810T040146_correctness_final/batches/correctness/columba/pilot/batch_019/guides/chr22_500_guide_451/command.txt	566	d4e141cb4398e8cda9468d1b9a006c015d65d99f6dfc768ac4a82f6552fdd223
raw/chr22_500_guides_20260810T040146_correctness_final/batches/correctness/columba/pilot/batch_019/guides/chr22_500_guide_451/metrics.tsv	292	694703075a1d5b1a15502a528c4f81b920f18991b5f34e302480ed452af3111a
raw/chr22_500_guides_20260810T040146_correctness_final/batches/correctness/columba/pilot/batch_019/guides/chr22_500_guide_451/output.paf	105	9eb0735b9bb6914649d66118c5e11946fd1c28f2f4ab317728d097308297e6e9
raw/chr22_500_guides_20260810T040146_correctness_final/batches/correctness/columba/pilot/batch_019/guides/chr22_500_guide_451/stderr.txt	0	e3b0c44298fc1c149afbf4c8996fb92427ae41e4649b934ca495991b7852b855
raw/chr22_500_guides_20260810T040146_correctness_final/batches/correctness/columba/pilot/batch_019/guides/chr22_500_guide_452/command.txt	566	c091c602f7782c2f5374903b63cb2d1698d9b70003ee8cacbbf40b0dee52c3bf
raw/chr22_500_guides_20260810T040146_correctness_final/batches/correctness/columba/pilot/batch_019/guides/chr22_500_guide_452/metrics.tsv	292	a98c753332ec976191b9000ccc33414ba9d10804048b5693c8fcc068ae514869
raw/chr22_500_guides_20260810T040146_correctness_final/batches/correctness/columba/pilot/batch_019/guides/chr22_500_guide_452/output.paf	105	caa33e4a34bebd20f093ad8c057e31eee06ee3c0812711a5e984996ec3d44dea
raw/chr22_500_guides_20260810T040146_correctness_final/batches/correctness/columba/pilot/batch_019/guides/chr22_500_guide_452/stderr.txt	0	e3b0c44298fc1c149afbf4c8996fb92427ae41e4649b934ca495991b7852b855
raw/chr22_500_guides_20260810T040146_correctness_final/batches/correctness/columba/pilot/batch_019/guides/chr22_500_guide_453/command.txt	566	0d91d0abe127937436cec38cf5c1b8e5e2b01735df65df22d7c6ead878abcfe7
raw/chr22_500_guides_20260810T040146_correctness_final/batches/correctness/columba/pilot/batch_019/guides/chr22_500_guide_453/metrics.tsv	294	09792263f37af80dc84ebfa0c25ef93644a892476e6d600c541aa80df9804a3d
raw/chr22_500_guides_20260810T040146_correctness_final/batches/correctness/columba/pilot/batch_019/guides/chr22_500_guide_453/output.paf	214	cf53e5c0ba2549b95ad7cc66f6caa57165a2d7ef971b8448816c1f5189dcba42
raw/chr22_500_guides_20260810T040146_correctness_final/batches/correctness/columba/pilot/batch_019/guides/chr22_500_guide_453/stderr.txt	376	99ee76e9b64774c9369be8a6f72c896db95e3888b9d30ddcbc455b25e12e4601
raw/chr22_500_guides_20260810T040146_correctness_final/batches/correctness/columba/pilot/batch_019/guides/chr22_500_guide_454/command.txt	566	0397d6a8b3e1214155f1f6469326626a112296c8f3ca072d3a17335bc7db854e
raw/chr22_500_guides_20260810T040146_correctness_final/batches/correctness/columba/pilot/batch_019/guides/chr22_500_guide_454/metrics.tsv	292	b882eeef64ebdd39bcd679c87d86194d3a75fc95ac18d235f21fdad0e199be8e
raw/chr22_500_guides_20260810T040146_correctness_final/batches/correctness/columba/pilot/batch_019/guides/chr22_500_guide_454/output.paf	105	c0ef84c923d1575aebfb474d6b0b9a489622223e07ca9c1b3dad0154c8b192f2
raw/chr22_500_guides_20260810T040146_correctness_final/batches/correctness/columba/pilot/batch_019/guides/chr22_500_guide_454/stderr.txt	0	e3b0c44298fc1c149afbf4c8996fb92427ae41e4649b934ca495991b7852b855
raw/chr22_500_guides_20260810T040146_correctness_final/batches/correctness/columba/pilot/batch_019/guides/chr22_500_guide_455/command.txt	566	714d5800ffe07cc25b52240779fd702aa2c2c42c967dc0fc8a15a5a1f4254b19
raw/chr22_500_guides_20260810T040146_correctness_final/batches/correctness/columba/pilot/batch_019/guides/chr22_500_guide_455/metrics.tsv	294	c04f21dc85f6204127a3ca251e05a73210973e36b3ab62622e52c2aba93f1ab5
raw/chr22_500_guides_20260810T040146_correctness_final/batches/correctness/columba/pilot/batch_019/guides/chr22_500_guide_455/output.paf	105	39b13c0090e1f7f870c746fb96e5c188a646262e69c8ee9de2a349db812a6b7c
raw/chr22_500_guides_20260810T040146_correctness_final/batches/correctness/columba/pilot/batch_019/guides/chr22_500_guide_455/stderr.txt	468	64c92e29a7f88014fb362e217f604f66dcc5222abb7ceaecaf89799a92742638
raw/chr22_500_guides_20260810T040146_correctness_final/batches/correctness/columba/pilot/batch_019/guides/chr22_500_guide_456/command.txt	566	10f6ed2ce5617599fef08fb1db387ac4dd8ec89826b921e0070cef5b91b0a59b
raw/chr22_500_guides_20260810T040146_correctness_final/batches/correctness/columba/pilot/batch_019/guides/chr22_500_guide_456/metrics.tsv	292	5bef65184e58b7af2cae16f096bb2a4d0d43b4e2f1d09fcebcc9ee086846653e
raw/chr22_500_guides_20260810T040146_correctness_final/batches/correctness/columba/pilot/batch_019/guides/chr22_500_guide_456/output.paf	105	66f40ebb678d2f2bfd77dd7a61e3770095414767dee777d47bb89cfd112d7a94
raw/chr22_500_guides_20260810T040146_correctness_final/batches/correctness/columba/pilot/batch_019/guides/chr22_500_guide_456/stderr.txt	0	e3b0c44298fc1c149afbf4c8996fb92427ae41e4649b934ca495991b7852b855
raw/chr22_500_guides_20260810T040146_correctness_final/batches/correctness/columba/pilot/batch_019/guides/chr22_500_guide_457/command.txt	566	81eea144c13f81910ec380650d97cdbd708ff67ca94fa859688df8136412bbc1
raw/chr22_500_guides_20260810T040146_correctness_final/batches/correctness/columba/pilot/batch_019/guides/chr22_500_guide_457/metrics.tsv	292	4723b3b8e9795270df33ab0277ae23304de22925bca171110fee1b51423c9ddf
raw/chr22_500_guides_20260810T040146_correctness_final/batches/correctness/columba/pilot/batch_019/guides/chr22_500_guide_457/output.paf	105	a8ea62f296fdaae7567af8f86405abdc3f234652944e90572bd9ec8d12ebe699
raw/chr22_500_guides_20260810T040146_correctness_final/batches/correctness/columba/pilot/batch_019/guides/chr22_500_guide_457/stderr.txt	0	e3b0c44298fc1c149afbf4c8996fb92427ae41e4649b934ca495991b7852b855
raw/chr22_500_guides_20260810T040146_correctness_final/batches/correctness/columba/pilot/batch_019/guides/chr22_500_guide_458/command.txt	566	82b6bb884dfe7e6ebafb6087ccdcf199d3657098116bab9bd175a99e58d05f2e
raw/chr22_500_guides_20260810T040146_correctness_final/batches/correctness/columba/pilot/batch_019/guides/chr22_500_guide_458/metrics.tsv	294	d70c3000176c2fe11c26d9859c8823a1adcf96a91350ca0b409d78079b20bf43
raw/chr22_500_guides_20260810T040146_correctness_final/batches/correctness/columba/pilot/batch_019/guides/chr22_500_guide_458/output.paf	105	36dc22934c7c02b9c1a4043e7fa71e9fab23fac626842ee0233fa0a19e8a4d8d
raw/chr22_500_guides_20260810T040146_correctness_final/batches/correctness/columba/pilot/batch_019/guides/chr22_500_guide_458/stderr.txt	282	f9edfd1414c172b5a32e647be62f7efb9a1867b2825caa326cd197691299ad06
raw/chr22_500_guides_20260810T040146_correctness_final/batches/correctness/columba/pilot/batch_019/guides/chr22_500_guide_459/command.txt	566	9d556cb2e63197a0335eec530f02c7bc88eb004238687afec68b73c5f049aa37
raw/chr22_500_guides_20260810T040146_correctness_final/batches/correctness/columba/pilot/batch_019/guides/chr22_500_guide_459/metrics.tsv	292	2f4edf0116ca90d1219de2cda6170a3183929353e96a0520fc7a32f5db247e0e
raw/chr22_500_guides_20260810T040146_correctness_final/batches/correctness/columba/pilot/batch_019/guides/chr22_500_guide_459/output.paf	105	ae2877403afc338a66d249e49defd6d72d59aabceb17722a5f7e4ba810ac724e
raw/chr22_500_guides_20260810T040146_correctness_final/batches/correctness/columba/pilot/batch_019/guides/chr22_500_guide_459/stderr.txt	0	e3b0c44298fc1c149afbf4c8996fb92427ae41e4649b934ca495991b7852b855
raw/chr22_500_guides_20260810T040146_correctness_final/batches/correctness/columba/pilot/batch_019/guides/chr22_500_guide_460/command.txt	566	7bed7d0416b38c001e965a84636e0ec0caafaea5194a9272b9efc957bb421595
raw/chr22_500_guides_20260810T040146_correctness_final/batches/correctness/columba/pilot/batch_019/guides/chr22_500_guide_460/metrics.tsv	293	6365dbe119ff83d2142231574737d28f7cbaf2487e26bbaacede16b01d77da64
raw/chr22_500_guides_20260810T040146_correctness_final/batches/correctness/columba/pilot/batch_019/guides/chr22_500_guide_460/output.paf	105	0702f00d8238249f52addcc891eb35cc8cb302324182724fd51f2abb5aa2c204
raw/chr22_500_guides_20260810T040146_correctness_final/batches/correctness/columba/pilot/batch_019/guides/chr22_500_guide_460/stderr.txt	94	cad84e4a2be667257305efdf704815379669daec3f47f22613779f398ea75bc6
raw/chr22_500_guides_20260810T040146_correctness_final/batches/correctness/columba/pilot/batch_019/guides/chr22_500_guide_461/command.txt	566	c3064124a2c0b31ab9d6b431e78f80b007b9c6d11d5bf257f454f74c21fa321d
raw/chr22_500_guides_20260810T040146_correctness_final/batches/correctness/columba/pilot/batch_019/guides/chr22_500_guide_461/metrics.tsv	294	284091843f0c389b83056406695333696b1084ac84e89c1dba6f0b7350b5a556
raw/chr22_500_guides_20260810T040146_correctness_final/batches/correctness/columba/pilot/batch_019/guides/chr22_500_guide_461/output.paf	105	1b23f23233d0e8e334dba7ee9b2f71ed071325e62b0b2df036bd5c76d22fcacd
raw/chr22_500_guides_20260810T040146_correctness_final/batches/correctness/columba/pilot/batch_019/guides/chr22_500_guide_461/stderr.txt	282	07560ce039455dd35446a6a5ffcc7c13514c23534594839cecc0a226db5fa89a
raw/chr22_500_guides_20260810T040146_correctness_final/batches/correctness/columba/pilot/batch_019/guides/chr22_500_guide_462/command.txt	566	58e56a3cc8f949daa8be3d315c8b18f5a0baf0d249d3501240fb43ab54cd9379
raw/chr22_500_guides_20260810T040146_correctness_final/batches/correctness/columba/pilot/batch_019/guides/chr22_500_guide_462/metrics.tsv	293	97c0bd862852f9a2e5ae281bcf6e44e0724fbbddc19a1f0297e445fd45e7b236
raw/chr22_500_guides_20260810T040146_correctness_final/batches/correctness/columba/pilot/batch_019/guides/chr22_500_guide_462/output.paf	105	e5b9eb0597eacedf59b768109c64075d0da741152d13fb2e439f5d58c018c128
raw/chr22_500_guides_20260810T040146_correctness_final/batches/correctness/columba/pilot/batch_019/guides/chr22_500_guide_462/stderr.txt	93	1d9afb520433d3b0e51e4a69c06fada8c59ecc97528d47fbed33edf3d984ef57
raw/chr22_500_guides_20260810T040146_correctness_final/batches/correctness/columba/pilot/batch_019/guides/chr22_500_guide_463/command.txt	566	75423228da4358cddac92bbb5822ed6e161e55c6642324e65e72684aabe31ab8
raw/chr22_500_guides_20260810T040146_correctness_final/batches/correctness/columba/pilot/batch_019/guides/chr22_500_guide_463/metrics.tsv	293	2244eceeee44a0f7cdb0712994136fa0c757475a6ef045f9917b7d2878d5a628
raw/chr22_500_guides_20260810T040146_correctness_final/batches/correctness/columba/pilot/batch_019/guides/chr22_500_guide_463/output.paf	105	7c248ba9765e06499bdbdd56fa063150392f57bbcf49d7273e7a34148cb2a14e
raw/chr22_500_guides_20260810T040146_correctness_final/batches/correctness/columba/pilot/batch_019/guides/chr22_500_guide_463/stderr.txt	94	cb99cf2cb5c76fa9de96c7d214883bdebf51068c4cfea4bec3c2c4a8fda8efb1
raw/chr22_500_guides_20260810T040146_correctness_final/batches/correctness/columba/pilot/batch_019/guides/chr22_500_guide_464/command.txt	566	c594b6648ba931feb3b6c759f96e28dccd177d5ca42b75bdbb5004223ce373f5
raw/chr22_500_guides_20260810T040146_correctness_final/batches/correctness/columba/pilot/batch_019/guides/chr22_500_guide_464/metrics.tsv	292	624dcf9316f1128847974847a81cdbe407b8973cb7fa285a208d7c28f30b7ccf
raw/chr22_500_guides_20260810T040146_correctness_final/batches/correctness/columba/pilot/batch_019/guides/chr22_500_guide_464/output.paf	105	572a412f62c765fdaf94fa017837ae004da8b8070c016a242544a182aefe63e1
raw/chr22_500_guides_20260810T040146_correctness_final/batches/correctness/columba/pilot/batch_019/guides/chr22_500_guide_464/stderr.txt	0	e3b0c44298fc1c149afbf4c8996fb92427ae41e4649b934ca495991b7852b855
raw/chr22_500_guides_20260810T040146_correctness_final/batches/correctness/columba/pilot/batch_019/guides/chr22_500_guide_465/command.txt	566	62d4d7824d9107274416bf6a49f82c3c94a39031d85db7f3a7e790be156a60cf
raw/chr22_500_guides_20260810T040146_correctness_final/batches/correctness/columba/pilot/batch_019/guides/chr22_500_guide_465/metrics.tsv	294	b3b7d5c55438560ac83cb28a23238c2ae314d53a8c118ae595099548812e9fb9
raw/chr22_500_guides_20260810T040146_correctness_final/batches/correctness/columba/pilot/batch_019/guides/chr22_500_guide_465/output.paf	105	71aca4d4d36b2443e6e04db67d1c059a16d050f4e1c6e90f522b493e94915886
raw/chr22_500_guides_20260810T040146_correctness_final/batches/correctness/columba/pilot/batch_019/guides/chr22_500_guide_465/stderr.txt	188	a1f199b7a5efea9ec8ad0c6aa62274cb0b74bebe9f0a0b5c2fce23a9c2ecc009
raw/chr22_500_guides_20260810T040146_correctness_final/batches/correctness/columba/pilot/batch_019/guides/chr22_500_guide_466/command.txt	566	be8a0170ccee34c2a1fe650926e34a95af27d149d4eb5391ae0128b3027f4bb8
raw/chr22_500_guides_20260810T040146_correctness_final/batches/correctness/columba/pilot/batch_019/guides/chr22_500_guide_466/metrics.tsv	292	a1da46b8bf5bc440f1f90887d825d74a05efdcfe9d41ecf55c0db034cfb9ec32
raw/chr22_500_guides_20260810T040146_correctness_final/batches/correctness/columba/pilot/batch_019/guides/chr22_500_guide_466/output.paf	105	ce36001de0595b6ca48e3f857e190887e3219eb435d5c95d003f9c73f5c7e4f9
raw/chr22_500_guides_20260810T040146_correctness_final/batches/correctness/columba/pilot/batch_019/guides/chr22_500_guide_466/stderr.txt	0	e3b0c44298fc1c149afbf4c8996fb92427ae41e4649b934ca495991b7852b855
raw/chr22_500_guides_20260810T040146_correctness_final/batches/correctness/columba/pilot/batch_019/guides/chr22_500_guide_467/command.txt	566	8289076b9a67f8f61ba2dc153c4948240c85b4673823949530578492fcaa660d
raw/chr22_500_guides_20260810T040146_correctness_final/batches/correctness/columba/pilot/batch_019/guides/chr22_500_guide_467/metrics.tsv	294	12f8eb0912a6611ceb0b334d10039717defec2f45446fcca012cb508f8929c08
raw/chr22_500_guides_20260810T040146_correctness_final/batches/correctness/columba/pilot/batch_019/guides/chr22_500_guide_467/output.paf	105	333a2ac75dcc9c0aeaef85b902f8c4923c58c1bb5bb7a6e3b7ef5c77edecd079
raw/chr22_500_guides_20260810T040146_correctness_final/batches/correctness/columba/pilot/batch_019/guides/chr22_500_guide_467/stderr.txt	376	0bd827c81b6d74bd1b7cdda71e0e8fd9f2124d059fdbc52087817ac78a8185e5
raw/chr22_500_guides_20260810T040146_correctness_final/batches/correctness/columba/pilot/batch_019/guides/chr22_500_guide_468/command.txt	566	1611a9955c028c9e0b50ffbc9c8be9c9c129b9f18b1fed46ad8dc10176612085
raw/chr22_500_guides_20260810T040146_correctness_final/batches/correctness/columba/pilot/batch_019/guides/chr22_500_guide_468/metrics.tsv	292	6d0270828b39ced0b3c18ba12105c0006870e86c4e1b03a1c7447480cb4e17f2
raw/chr22_500_guides_20260810T040146_correctness_final/batches/correctness/columba/pilot/batch_019/guides/chr22_500_guide_468/output.paf	105	b129ef3c4f85946c1752fcdec67457fbfa137faf10c495dcfb79020726f0093a
raw/chr22_500_guides_20260810T040146_correctness_final/batches/correctness/columba/pilot/batch_019/guides/chr22_500_guide_468/stderr.txt	0	e3b0c44298fc1c149afbf4c8996fb92427ae41e4649b934ca495991b7852b855
raw/chr22_500_guides_20260810T040146_correctness_final/batches/correctness/columba/pilot/batch_019/guides/chr22_500_guide_469/command.txt	566	4c10a9e8189736fb35b5c680287ac16f529e73f88b97670fe4ca0d2fe32257b8
raw/chr22_500_guides_20260810T040146_correctness_final/batches/correctness/columba/pilot/batch_019/guides/chr22_500_guide_469/metrics.tsv	293	eb51002ac3953532d8f7f0713e6c5799c2bc81a65b6f64d5d70053c520546b93
raw/chr22_500_guides_20260810T040146_correctness_final/batches/correctness/columba/pilot/batch_019/guides/chr22_500_guide_469/output.paf	105	396a48dd0384e6e289e748eaa3a473e02786e2d98d3c9ccc975cfdc1f2077813
raw/chr22_500_guides_20260810T040146_correctness_final/batches/correctness/columba/pilot/batch_019/guides/chr22_500_guide_469/stderr.txt	94	eae991de7724f014960152cfc5b73a664d920e3571b036903887c7e8904e64d8
raw/chr22_500_guides_20260810T040146_correctness_final/batches/correctness/columba/pilot/batch_019/guides/chr22_500_guide_470/command.txt	566	c27ead36592a3476712a4025fa74622dc0f689c9cb77a67cdbfb3d82713d576c
raw/chr22_500_guides_20260810T040146_correctness_final/batches/correctness/columba/pilot/batch_019/guides/chr22_500_guide_470/metrics.tsv	294	4989293dc63047146a8e0567e273dbe29d9f47e8ce807d031ad27f7163f0647d
raw/chr22_500_guides_20260810T040146_correctness_final/batches/correctness/columba/pilot/batch_019/guides/chr22_500_guide_470/output.paf	105	50da73a873102212cf126ed04756d602d15aff5c7c9be11a43ca7ed77b9d1dcc
raw/chr22_500_guides_20260810T040146_correctness_final/batches/correctness/columba/pilot/batch_019/guides/chr22_500_guide_470/stderr.txt	281	fc2111f6ff6889e5e52e8c40636ccf8bf271f21e8a3ed1fe8f5cb943881c6136
raw/chr22_500_guides_20260810T040146_correctness_final/batches/correctness/columba/pilot/batch_019/guides/chr22_500_guide_471/command.txt	566	8d53aab766131a1f8832d9847f94531342947365a577b12dbdc01092e3413a6a
raw/chr22_500_guides_20260810T040146_correctness_final/batches/correctness/columba/pilot/batch_019/guides/chr22_500_guide_471/metrics.tsv	294	de3a04aa6bcefaf6ed91afd29a3adc0b0c50724e759209e8d3400bf51bdeaf93
raw/chr22_500_guides_20260810T040146_correctness_final/batches/correctness/columba/pilot/batch_019/guides/chr22_500_guide_471/output.paf	105	b0bd2d17b793d19a9cc8aebd15bdd4c22df56bdaf8aab2b3c1abdd99fab13456
raw/chr22_500_guides_20260810T040146_correctness_final/batches/correctness/columba/pilot/batch_019/guides/chr22_500_guide_471/stderr.txt	282	6fad211fe1d6ffab7321285350b2d8f46c9a7e49ee03f700c5e8c4e00c84da13
raw/chr22_500_guides_20260810T040146_correctness_final/batches/correctness/columba/pilot/batch_019/guides/chr22_500_guide_472/command.txt	566	cddf48e1024fd32fe1660be83d1d39084b21c4f109e23f512d640b55976aee84
raw/chr22_500_guides_20260810T040146_correctness_final/batches/correctness/columba/pilot/batch_019/guides/chr22_500_guide_472/metrics.tsv	295	63b483fe87cc5bb1abef28fc873e9efe14a9a0a288e20d6589eb0a1562083d52
raw/chr22_500_guides_20260810T040146_correctness_final/batches/correctness/columba/pilot/batch_019/guides/chr22_500_guide_472/output.paf	646	d15db5e4c40fedd9b95e2caa34e3fbe03eff2bfb494ed6bc086b2d4d0787a91a
raw/chr22_500_guides_20260810T040146_correctness_final/batches/correctness/columba/pilot/batch_019/guides/chr22_500_guide_472/stderr.txt	3379	dbe731966dd89090786db2cebe2de5643d92557c139dce327e5fe24ff919fd3d
raw/chr22_500_guides_20260810T040146_correctness_final/batches/correctness/columba/pilot/batch_019/guides/chr22_500_guide_473/command.txt	566	b23e9caf78828ea66a5e975d497d0672f697b588e38fbc498b22d0d319f91103
raw/chr22_500_guides_20260810T040146_correctness_final/batches/correctness/columba/pilot/batch_019/guides/chr22_500_guide_473/metrics.tsv	293	b2aa8e46f6d67963590c04b2dfa8d0404ccfd742ceefdfb39cac849c7613c788
raw/chr22_500_guides_20260810T040146_correctness_final/batches/correctness/columba/pilot/batch_019/guides/chr22_500_guide_473/output.paf	214	72cfccdb732c7f835e82aebb76ca4186954ee044989d4d3f165c230249e1ab41
raw/chr22_500_guides_20260810T040146_correctness_final/batches/correctness/columba/pilot/batch_019/guides/chr22_500_guide_473/stderr.txt	94	8dd8d8e768aa6c5cd7d90852728b3841c27aebb8dbde3dfbf7f30997ce15d157
raw/chr22_500_guides_20260810T040146_correctness_final/batches/correctness/columba/pilot/batch_019/guides/chr22_500_guide_474/command.txt	566	88e266779eb685d75daf80a3d00f133532649e4a508ea00970f6e696963de875
raw/chr22_500_guides_20260810T040146_correctness_final/batches/correctness/columba/pilot/batch_019/guides/chr22_500_guide_474/metrics.tsv	293	e782f4d219c3c860567b1bb08bf6ca390499ea95a0de302367a939020458acb7
raw/chr22_500_guides_20260810T040146_correctness_final/batches/correctness/columba/pilot/batch_019/guides/chr22_500_guide_474/output.paf	105	27f4db87eaef5a8e95ee563eb60799da341bd01d4adb8e80aa230848dce17378
raw/chr22_500_guides_20260810T040146_correctness_final/batches/correctness/columba/pilot/batch_019/guides/chr22_500_guide_474/stderr.txt	94	e818a50900608a54e52cfb114365a67c5953dbb0a2adcfb43ff1f8c89006a04e
raw/chr22_500_guides_20260810T040146_correctness_final/batches/correctness/columba/pilot/batch_019/guides/chr22_500_guide_475/command.txt	566	2e25437c562f4c19ab8a8f60f826479b7d5ec3b0bbb0f362e4fe6c5c44de238b
raw/chr22_500_guides_20260810T040146_correctness_final/batches/correctness/columba/pilot/batch_019/guides/chr22_500_guide_475/metrics.tsv	292	e594e28bc5488741c048e3a3e18af8758702d69120f370a4c11072ab48ec9ad1
raw/chr22_500_guides_20260810T040146_correctness_final/batches/correctness/columba/pilot/batch_019/guides/chr22_500_guide_475/output.paf	105	e384b7a2569a5848931984dada58a7863fa4ad10cf0639f33dc3d4b245ecd919
raw/chr22_500_guides_20260810T040146_correctness_final/batches/correctness/columba/pilot/batch_019/guides/chr22_500_guide_475/stderr.txt	0	e3b0c44298fc1c149afbf4c8996fb92427ae41e4649b934ca495991b7852b855
raw/chr22_500_guides_20260810T040146_correctness_final/batches/correctness/columba/pilot/batch_020/SUCCESS	0	e3b0c44298fc1c149afbf4c8996fb92427ae41e4649b934ca495991b7852b855
raw/chr22_500_guides_20260810T040146_correctness_final/batches/correctness/columba/pilot/batch_020/environment.tsv	600	57ac4d3b1db723f639445a33d4c0234d019a9bb52ee95bc317e600ec2c433929
raw/chr22_500_guides_20260810T040146_correctness_final/batches/correctness/columba/pilot/batch_020/guide_ids.txt	500	f935e4b71d19645060e0ca72e13d69481acd79c8c10fc195959eaa3cf47f5b88
raw/chr22_500_guides_20260810T040146_correctness_final/batches/correctness/columba/pilot/batch_020/guide_order.sha256	303	2bf0a61eb2d8e5e9529446cf853bf8205ebd238a04cf15570957b0cfc230eaec
raw/chr22_500_guides_20260810T040146_correctness_final/batches/correctness/columba/pilot/batch_020/guide_order.txt	500	572e533c713fe7b3c2888afb154c770fc9c470f2e614328c0b9063506eaa46af
raw/chr22_500_guides_20260810T040146_correctness_final/batches/correctness/columba/pilot/batch_020/guide_results.tsv	5488	608409f06037554a518f7f247825a74cc76ee1d3958f1d29efcce11694cf4517
raw/chr22_500_guides_20260810T040146_correctness_final/batches/correctness/columba/pilot/batch_020/guides/chr22_500_guide_476/command.txt	566	c93bc73d337d0d34d2d0ed682275a66074ac74e63d373f954cb1f02e3c9ba756
raw/chr22_500_guides_20260810T040146_correctness_final/batches/correctness/columba/pilot/batch_020/guides/chr22_500_guide_476/metrics.tsv	292	38886052283ab6198d08c75fcffac53f51a0a84b9666fecf7b996699d05f43f4
raw/chr22_500_guides_20260810T040146_correctness_final/batches/correctness/columba/pilot/batch_020/guides/chr22_500_guide_476/output.paf	105	cef6bfbc08ef536f268fc772150775caeddde43f60444747b9f9fa3e77153561
raw/chr22_500_guides_20260810T040146_correctness_final/batches/correctness/columba/pilot/batch_020/guides/chr22_500_guide_476/stderr.txt	0	e3b0c44298fc1c149afbf4c8996fb92427ae41e4649b934ca495991b7852b855
raw/chr22_500_guides_20260810T040146_correctness_final/batches/correctness/columba/pilot/batch_020/guides/chr22_500_guide_477/command.txt	566	0b7d3d3caee8f60e7d5b47562e3369f822fcad9e9b58623041befb9000e87642
raw/chr22_500_guides_20260810T040146_correctness_final/batches/correctness/columba/pilot/batch_020/guides/chr22_500_guide_477/metrics.tsv	294	12f9cfdd1aae54b635784552cc0e903fbc625e9d3e564416cf151f0cdbbaf449
raw/chr22_500_guides_20260810T040146_correctness_final/batches/correctness/columba/pilot/batch_020/guides/chr22_500_guide_477/output.paf	323	8c86a6a96697df1c7b7b0f7391f45a3e6175b05261263ee01ce4309ac6570263
raw/chr22_500_guides_20260810T040146_correctness_final/batches/correctness/columba/pilot/batch_020/guides/chr22_500_guide_477/stderr.txt	846	0b1b73506e6389d259f4dc5a344c034ac077b42785449440fa57b7a738b1b333
raw/chr22_500_guides_20260810T040146_correctness_final/batches/correctness/columba/pilot/batch_020/guides/chr22_500_guide_478/command.txt	566	cc8c07c4d9cdf195933dc528fcd307f7d913356d409af62b2ac24755f5176818
raw/chr22_500_guides_20260810T040146_correctness_final/batches/correctness/columba/pilot/batch_020/guides/chr22_500_guide_478/metrics.tsv	294	04111b7116341e8eb4831117ad8673faf66a1996e54ba45d6540ddea8498cac0
raw/chr22_500_guides_20260810T040146_correctness_final/batches/correctness/columba/pilot/batch_020/guides/chr22_500_guide_478/output.paf	105	66356638d350f202a4fc3653512e2eb61d180a210d3b4874237620fdd88f45ac
raw/chr22_500_guides_20260810T040146_correctness_final/batches/correctness/columba/pilot/batch_020/guides/chr22_500_guide_478/stderr.txt	376	96e1dce767526b5e03b01ea34764f33de2e58653d775c70a8355e05d5d77a707
raw/chr22_500_guides_20260810T040146_correctness_final/batches/correctness/columba/pilot/batch_020/guides/chr22_500_guide_479/command.txt	566	584216561f19290b80139bf5225d176e1cc47c6679cfa7ea6a7bfe119016e32f
raw/chr22_500_guides_20260810T040146_correctness_final/batches/correctness/columba/pilot/batch_020/guides/chr22_500_guide_479/metrics.tsv	294	ab882df1218d74e6a02a364bceee63d59c47f02853c9ea64dcfcd61d986a072b
raw/chr22_500_guides_20260810T040146_correctness_final/batches/correctness/columba/pilot/batch_020/guides/chr22_500_guide_479/output.paf	105	23595c08da0c6736f275085085ce1fa4389c0c23f7cb5e27898ed6fd96e9c578
raw/chr22_500_guides_20260810T040146_correctness_final/batches/correctness/columba/pilot/batch_020/guides/chr22_500_guide_479/stderr.txt	188	e888fefb85f961569d998e93ad1711e945284bd8daa566763f3c837674aea9cd
raw/chr22_500_guides_20260810T040146_correctness_final/batches/correctness/columba/pilot/batch_020/guides/chr22_500_guide_480/command.txt	566	42d491d3cad7415e64e62747604f51e2e1a838f1d48f96a9e72e42d83c4dd0e9
raw/chr22_500_guides_20260810T040146_correctness_final/batches/correctness/columba/pilot/batch_020/guides/chr22_500_guide_480/metrics.tsv	294	4678fa84023617bf2377cdec97a6393ce8734b7c390c3708ba76f2b4bd4a03d5
raw/chr22_500_guides_20260810T040146_correctness_final/batches/correctness/columba/pilot/batch_020/guides/chr22_500_guide_480/output.paf	105	d69d8cab5f9f101c8ebebf1517222a11ca2c055ca30605b62cc9fb77a7dd9883
raw/chr22_500_guides_20260810T040146_correctness_final/batches/correctness/columba/pilot/batch_020/guides/chr22_500_guide_480/stderr.txt	282	8835a94711a0e16368011d50f3408c88d74608d27950c931af79f22274094e7b
raw/chr22_500_guides_20260810T040146_correctness_final/batches/correctness/columba/pilot/batch_020/guides/chr22_500_guide_481/command.txt	566	ea0bdce1b0f01543672e878496c172e33830fb7b3c30d8650423d9705c5dfe57
raw/chr22_500_guides_20260810T040146_correctness_final/batches/correctness/columba/pilot/batch_020/guides/chr22_500_guide_481/metrics.tsv	293	74975670b650b9ebe5f81c9e16266f350db945b6c1ba1ff70d29404894abf5c6
raw/chr22_500_guides_20260810T040146_correctness_final/batches/correctness/columba/pilot/batch_020/guides/chr22_500_guide_481/output.paf	105	df1d31d6c611d54432bb2ded430b33d54a73a65d9ac4e858d4332a409bd4fd6d
raw/chr22_500_guides_20260810T040146_correctness_final/batches/correctness/columba/pilot/batch_020/guides/chr22_500_guide_481/stderr.txt	94	6c72161bf4b1e404143811678fde516dfbc9874a827c1f0519c952311724c960
raw/chr22_500_guides_20260810T040146_correctness_final/batches/correctness/columba/pilot/batch_020/guides/chr22_500_guide_482/command.txt	566	cf253b695351ff92d0377a902f96069e4f3ef1c0bf08c514e85ae44f8fee42de
raw/chr22_500_guides_20260810T040146_correctness_final/batches/correctness/columba/pilot/batch_020/guides/chr22_500_guide_482/metrics.tsv	298	e0001cc9ca32108710bde2c8481bbe8371853bfd9a5f53067299cc950dd83371
raw/chr22_500_guides_20260810T040146_correctness_final/batches/correctness/columba/pilot/batch_020/guides/chr22_500_guide_482/output.paf	3640	8b558da3c10ee9a2aa84ec0d75378e66ceea581cf538abe6fc595f479db265f3
raw/chr22_500_guides_20260810T040146_correctness_final/batches/correctness/columba/pilot/batch_020/guides/chr22_500_guide_482/stderr.txt	150800	483d6754dd436ada60ef0f3d7dc394494ade844621ea3dff1624604ae8ce585e
raw/chr22_500_guides_20260810T040146_correctness_final/batches/correctness/columba/pilot/batch_020/guides/chr22_500_guide_483/command.txt	566	e76b33e28d66a2a0ec64cd64199ca3676d87f6718cfa073c2a38746ce3da45e0
raw/chr22_500_guides_20260810T040146_correctness_final/batches/correctness/columba/pilot/batch_020/guides/chr22_500_guide_483/metrics.tsv	294	1b1535340b91098dc9aa084ae100a261eae35c429edeb30834097fb30b1b29c8
raw/chr22_500_guides_20260810T040146_correctness_final/batches/correctness/columba/pilot/batch_020/guides/chr22_500_guide_483/output.paf	105	ec3317eca52cb313be8b742bd84d70d8e9f8f3d3a8dfda83e632d9ec5b3e7472
raw/chr22_500_guides_20260810T040146_correctness_final/batches/correctness/columba/pilot/batch_020/guides/chr22_500_guide_483/stderr.txt	188	c34143c4b66ce37c239db5fc991d73357da56a527f237f74e6df9d61bb22831f
raw/chr22_500_guides_20260810T040146_correctness_final/batches/correctness/columba/pilot/batch_020/guides/chr22_500_guide_484/command.txt	566	4579bfbe6585ba2d993a200dd89fb9a6ef860ea0e18bb917875662bdf71eb14d
raw/chr22_500_guides_20260810T040146_correctness_final/batches/correctness/columba/pilot/batch_020/guides/chr22_500_guide_484/metrics.tsv	294	63e1f8bb05a2e0b7a2ed99bbac9c2a6275afdc4a846bfe11a1f212989410a559
raw/chr22_500_guides_20260810T040146_correctness_final/batches/correctness/columba/pilot/batch_020/guides/chr22_500_guide_484/output.paf	105	71ecc0fae907389e715d1ca86fcbdff3ec27af9fce69bcca1c654d58d3bf98b8
raw/chr22_500_guides_20260810T040146_correctness_final/batches/correctness/columba/pilot/batch_020/guides/chr22_500_guide_484/stderr.txt	188	af041a5b402c4eaeb0e586590f1dccf709f1c1de84a141cb38a25d50d0c45982
raw/chr22_500_guides_20260810T040146_correctness_final/batches/correctness/columba/pilot/batch_020/guides/chr22_500_guide_485/command.txt	566	43df743933a556281f655426413f9cb7a6968788c1a0339c9c9d9146132a074c
raw/chr22_500_guides_20260810T040146_correctness_final/batches/correctness/columba/pilot/batch_020/guides/chr22_500_guide_485/metrics.tsv	294	bf4965794657945507385d62ce31747eeb1ff6a8a0ff771973512e8321e68da1
raw/chr22_500_guides_20260810T040146_correctness_final/batches/correctness/columba/pilot/batch_020/guides/chr22_500_guide_485/output.paf	105	9bdfb2270fa6b3abdcd6d9dc88dd6e2da7b983242b64a38aafa5c0a793e710bb
raw/chr22_500_guides_20260810T040146_correctness_final/batches/correctness/columba/pilot/batch_020/guides/chr22_500_guide_485/stderr.txt	188	6657a61097a1338f10d79d9a991ff4b0d561741d23a6e9842fc11c2dc9ca1d41
raw/chr22_500_guides_20260810T040146_correctness_final/batches/correctness/columba/pilot/batch_020/guides/chr22_500_guide_486/command.txt	566	c47ddf559c3144863a3736a8aacc7b907ad6e068a06072fbb80cc3badbc10c37
raw/chr22_500_guides_20260810T040146_correctness_final/batches/correctness/columba/pilot/batch_020/guides/chr22_500_guide_486/metrics.tsv	294	e4ef3e0a97089a15f7e8e2fa2c0d2529b74c0d8e426727279658b7b08d30ebe2
raw/chr22_500_guides_20260810T040146_correctness_final/batches/correctness/columba/pilot/batch_020/guides/chr22_500_guide_486/output.paf	105	8dc058c1447c872314f3d31ec8865959f3409fdebfa5044cb15c05b939609aa2
raw/chr22_500_guides_20260810T040146_correctness_final/batches/correctness/columba/pilot/batch_020/guides/chr22_500_guide_486/stderr.txt	470	c892c2994baeaed04bfb8649ee3f462d65bcecb131f4f8201c7c6a3ae3ee4832
raw/chr22_500_guides_20260810T040146_correctness_final/batches/correctness/columba/pilot/batch_020/guides/chr22_500_guide_487/command.txt	566	b98914f747b60d8c5525c9034390c02ea89be9b8a4eca48a31e078ab6054c991
raw/chr22_500_guides_20260810T040146_correctness_final/batches/correctness/columba/pilot/batch_020/guides/chr22_500_guide_487/metrics.tsv	294	d8e8adcacfaafb6b6ec426517c9c97def7f1f27e9659e13a1afd1ce40f7dc987
raw/chr22_500_guides_20260810T040146_correctness_final/batches/correctness/columba/pilot/batch_020/guides/chr22_500_guide_487/output.paf	105	f618e6a62a671dc60aed99263392f11c178317ef24a0e60ae15e6aefd01799fb
raw/chr22_500_guides_20260810T040146_correctness_final/batches/correctness/columba/pilot/batch_020/guides/chr22_500_guide_487/stderr.txt	470	2ba33f35005774eab487afa75b92cb10d850baa0e4b8cfbcbaf0da77e0e3bb7d
raw/chr22_500_guides_20260810T040146_correctness_final/batches/correctness/columba/pilot/batch_020/guides/chr22_500_guide_488/command.txt	566	0c6937bca66d9f73b75c76533cba8aa0fda72dbd5e7c1807d67919aaf4d88501
raw/chr22_500_guides_20260810T040146_correctness_final/batches/correctness/columba/pilot/batch_020/guides/chr22_500_guide_488/metrics.tsv	296	3e5f16f99a9d1785d96f8c2d0713c56fdc5f877225661563d4fb772d0e66b275
raw/chr22_500_guides_20260810T040146_correctness_final/batches/correctness/columba/pilot/batch_020/guides/chr22_500_guide_488/output.paf	965	6803cc83cccde78136058d3d854eb89cc05eab1188efe7c0cabebb43cb9eb17d
raw/chr22_500_guides_20260810T040146_correctness_final/batches/correctness/columba/pilot/batch_020/guides/chr22_500_guide_488/stderr.txt	48498	86060c0d0ba22165d0282d1cf92bc8afade2100bd1def809b1f81bb96b9678e3
raw/chr22_500_guides_20260810T040146_correctness_final/batches/correctness/columba/pilot/batch_020/guides/chr22_500_guide_489/command.txt	566	45ba1fa9908c03a8bb55bf1782017d389bffc99e4c1bf15ed3b6d2c453b4bfc3
raw/chr22_500_guides_20260810T040146_correctness_final/batches/correctness/columba/pilot/batch_020/guides/chr22_500_guide_489/metrics.tsv	294	0ef41024b04d7d1b309ad4ee331fa9fff282c19cf5e2430a04dac7f7a575f8ec
raw/chr22_500_guides_20260810T040146_correctness_final/batches/correctness/columba/pilot/batch_020/guides/chr22_500_guide_489/output.paf	105	ec47a60387ffa032dbc15150c6ff0b1c838905815402357dae3f75329a28357a
raw/chr22_500_guides_20260810T040146_correctness_final/batches/correctness/columba/pilot/batch_020/guides/chr22_500_guide_489/stderr.txt	470	c430e6a4dbd5c3e9f487e20eebedf90d6511fccdc5072ffcfc0b5787cadc0f07
raw/chr22_500_guides_20260810T040146_correctness_final/batches/correctness/columba/pilot/batch_020/guides/chr22_500_guide_490/command.txt	566	3a14586e8ff842ddf829ebdf8db5ed48aeab738502d3c56880996ee0a6ca242a
raw/chr22_500_guides_20260810T040146_correctness_final/batches/correctness/columba/pilot/batch_020/guides/chr22_500_guide_490/metrics.tsv	296	645400042d2867c80135c44f25a5c36c60d23d128a7cb8ebce5a0e36169d6012
raw/chr22_500_guides_20260810T040146_correctness_final/batches/correctness/columba/pilot/batch_020/guides/chr22_500_guide_490/output.paf	4976	42d2d3de06e689ee1d8f063b9b57cf92f32bb959199c9c880df4b714e510739d
raw/chr22_500_guides_20260810T040146_correctness_final/batches/correctness/columba/pilot/batch_020/guides/chr22_500_guide_490/stderr.txt	7308	c220eca9da5246c5ee3fc99b8afb445aa05b2c87090ea4fae3f86c2a0c74e997
raw/chr22_500_guides_20260810T040146_correctness_final/batches/correctness/columba/pilot/batch_020/guides/chr22_500_guide_491/command.txt	566	a04548c50196bf8f7472503232972aab17330a2dbd608e1ef0e37c2caf4c0d88
raw/chr22_500_guides_20260810T040146_correctness_final/batches/correctness/columba/pilot/batch_020/guides/chr22_500_guide_491/metrics.tsv	292	e0550789dc5ea439ef430033e351f23864acef0e4ddc60590e607360818d46e1
raw/chr22_500_guides_20260810T040146_correctness_final/batches/correctness/columba/pilot/batch_020/guides/chr22_500_guide_491/output.paf	105	d26d89bdd504b3597d3010fdc4ce82385f0052897c7c456fad509d6d59d744b9
raw/chr22_500_guides_20260810T040146_correctness_final/batches/correctness/columba/pilot/batch_020/guides/chr22_500_guide_491/stderr.txt	0	e3b0c44298fc1c149afbf4c8996fb92427ae41e4649b934ca495991b7852b855
raw/chr22_500_guides_20260810T040146_correctness_final/batches/correctness/columba/pilot/batch_020/guides/chr22_500_guide_492/command.txt	566	92cf141379c96df6ce332a0a44dab97ee00e04aad29cb0cf92032a7a8d8b6cb0
raw/chr22_500_guides_20260810T040146_correctness_final/batches/correctness/columba/pilot/batch_020/guides/chr22_500_guide_492/metrics.tsv	294	e070597e210e530abfa2eef0807b84fad9eec6296aff01e76fd1305e1d8fab16
raw/chr22_500_guides_20260810T040146_correctness_final/batches/correctness/columba/pilot/batch_020/guides/chr22_500_guide_492/output.paf	105	d1bbfd2faf7d69f7fbe39d9624756e6401f3ee6cd2fd299c525b88c947bdd2cf
raw/chr22_500_guides_20260810T040146_correctness_final/batches/correctness/columba/pilot/batch_020/guides/chr22_500_guide_492/stderr.txt	470	b64a97cd564fea43f1d90c70d4e484cb7b16f7fa33c37152c2fa5d76076b5b6f
raw/chr22_500_guides_20260810T040146_correctness_final/batches/correctness/columba/pilot/batch_020/guides/chr22_500_guide_493/command.txt	566	68e5ff2b91e061540d057809e486e1c1bacd48d49a503f8c2ca463ad5ca3f6ae
raw/chr22_500_guides_20260810T040146_correctness_final/batches/correctness/columba/pilot/batch_020/guides/chr22_500_guide_493/metrics.tsv	295	e2aba315b66a5a47eee57f8418e77f25580bdbeb9eaa6551730be1f893a9a108
raw/chr22_500_guides_20260810T040146_correctness_final/batches/correctness/columba/pilot/batch_020/guides/chr22_500_guide_493/output.paf	430	1fd7872322173d0504d0c832d225fc1f16e4c6a2d976d3c96de80baf41629173
raw/chr22_500_guides_20260810T040146_correctness_final/batches/correctness/columba/pilot/batch_020/guides/chr22_500_guide_493/stderr.txt	1222	8b7f11de3ad2254629636c6d8342d71050f8c150a04e6c52ecefb6984e7ab6b5
raw/chr22_500_guides_20260810T040146_correctness_final/batches/correctness/columba/pilot/batch_020/guides/chr22_500_guide_494/command.txt	566	0bae27e54df0a54d14599d47242b62df795ad038709c7b96d0b31e2188c93a58
raw/chr22_500_guides_20260810T040146_correctness_final/batches/correctness/columba/pilot/batch_020/guides/chr22_500_guide_494/metrics.tsv	292	17fc5912a0c520bf62f38e9b0296a7a49784d213744b09e136c979533b5ce9cd
raw/chr22_500_guides_20260810T040146_correctness_final/batches/correctness/columba/pilot/batch_020/guides/chr22_500_guide_494/output.paf	105	aa7c76deb8cd48c48e0224a45cd7bdd03602ef159c762b3fe3add221cd775ad9
raw/chr22_500_guides_20260810T040146_correctness_final/batches/correctness/columba/pilot/batch_020/guides/chr22_500_guide_494/stderr.txt	0	e3b0c44298fc1c149afbf4c8996fb92427ae41e4649b934ca495991b7852b855
raw/chr22_500_guides_20260810T040146_correctness_final/batches/correctness/columba/pilot/batch_020/guides/chr22_500_guide_495/command.txt	566	873e79202dddda44e9acba623165e4514f1351f1f3f3d04d6115d98551b0444d
raw/chr22_500_guides_20260810T040146_correctness_final/batches/correctness/columba/pilot/batch_020/guides/chr22_500_guide_495/metrics.tsv	293	379b0060f5561abd0b0ed1a82809ee3ca0b5a7f4f910f956c070460fd93633c8
raw/chr22_500_guides_20260810T040146_correctness_final/batches/correctness/columba/pilot/batch_020/guides/chr22_500_guide_495/output.paf	105	f428fe77b5fe732c90e6cf097e5033b3a111f46c117014d9c525ee74561db8f9
raw/chr22_500_guides_20260810T040146_correctness_final/batches/correctness/columba/pilot/batch_020/guides/chr22_500_guide_495/stderr.txt	94	50b15688b035625445ab546462a765f18e533bf2253903249c4e089ba78cdada
raw/chr22_500_guides_20260810T040146_correctness_final/batches/correctness/columba/pilot/batch_020/guides/chr22_500_guide_496/command.txt	566	40c61ad2ae582d483990b56e56673958b52cdec480df3229820bed74f6dbf299
raw/chr22_500_guides_20260810T040146_correctness_final/batches/correctness/columba/pilot/batch_020/guides/chr22_500_guide_496/metrics.tsv	294	042d0cb651f02e70928f62c9eff224aba8f1743aa519a14d4fafd2766ab9cb3c
raw/chr22_500_guides_20260810T040146_correctness_final/batches/correctness/columba/pilot/batch_020/guides/chr22_500_guide_496/output.paf	212	46838c2c8f68dbba89a0176c89867bf08352c3cf1248a5d9e6318b1b45445edd
raw/chr22_500_guides_20260810T040146_correctness_final/batches/correctness/columba/pilot/batch_020/guides/chr22_500_guide_496/stderr.txt	376	868ff6de1910b74ec3483a86362e5c5c44ba887c5e76ffdacd6e097d4e643cd2
raw/chr22_500_guides_20260810T040146_correctness_final/batches/correctness/columba/pilot/batch_020/guides/chr22_500_guide_497/command.txt	566	d86661cc847512040fcc76f05bb875f099e9f66327638c82762c24c75e560b5d
raw/chr22_500_guides_20260810T040146_correctness_final/batches/correctness/columba/pilot/batch_020/guides/chr22_500_guide_497/metrics.tsv	294	5495936a16a84f68e853e3ffdb047286a9bcaad7a8f6221bec6dfe1fabf03c3c
raw/chr22_500_guides_20260810T040146_correctness_final/batches/correctness/columba/pilot/batch_020/guides/chr22_500_guide_497/output.paf	105	95454f28187c5beb09711d60e71ffb74f1651e2307379f62112a3273597ee0ff
raw/chr22_500_guides_20260810T040146_correctness_final/batches/correctness/columba/pilot/batch_020/guides/chr22_500_guide_497/stderr.txt	282	0ffcdade862bae14ff8a6e3fa9c66875b11600682dcdfe1c2f93f5404d7144a1
raw/chr22_500_guides_20260810T040146_correctness_final/batches/correctness/columba/pilot/batch_020/guides/chr22_500_guide_498/command.txt	566	b925859ced49dd9949df5b9ec58d5f62c02c9395b6245f612ec7fc1c15d56407
raw/chr22_500_guides_20260810T040146_correctness_final/batches/correctness/columba/pilot/batch_020/guides/chr22_500_guide_498/metrics.tsv	294	ec4c41573d17753b65e5c7b97e438077caaf6171b6e8692a18a261236a5b0bf2
raw/chr22_500_guides_20260810T040146_correctness_final/batches/correctness/columba/pilot/batch_020/guides/chr22_500_guide_498/output.paf	214	4bb6e4f08a7316ba26ec3e6f894f79070071b55d78d6c1605a50035d0a1d9c79
raw/chr22_500_guides_20260810T040146_correctness_final/batches/correctness/columba/pilot/batch_020/guides/chr22_500_guide_498/stderr.txt	188	43c575a7c9c47d3164a453eb851e84a8842b01388a4b2fe7c9503045ddc887e0
raw/chr22_500_guides_20260810T040146_correctness_final/batches/correctness/columba/pilot/batch_020/guides/chr22_500_guide_499/command.txt	566	c00fe86be706e8b78f4b73b0762c38ce952437d9a62c633be427eac23862c9ce
raw/chr22_500_guides_20260810T040146_correctness_final/batches/correctness/columba/pilot/batch_020/guides/chr22_500_guide_499/metrics.tsv	292	9545e942277b2b43782539f7d89ee6f05e04a3edf58a3c3488fd7953537a6908
raw/chr22_500_guides_20260810T040146_correctness_final/batches/correctness/columba/pilot/batch_020/guides/chr22_500_guide_499/output.paf	105	589cde34d9ad5d2d4a86bf9cca125c4004811a2581e714cb750bee2e730c7362
raw/chr22_500_guides_20260810T040146_correctness_final/batches/correctness/columba/pilot/batch_020/guides/chr22_500_guide_499/stderr.txt	0	e3b0c44298fc1c149afbf4c8996fb92427ae41e4649b934ca495991b7852b855
raw/chr22_500_guides_20260810T040146_correctness_final/batches/correctness/columba/pilot/batch_020/guides/chr22_500_guide_500/command.txt	566	016345bb4d0746a448d9ca7c2cbc3210973e1db9705911e01e85dedda3b084e9
raw/chr22_500_guides_20260810T040146_correctness_final/batches/correctness/columba/pilot/batch_020/guides/chr22_500_guide_500/metrics.tsv	295	ec40f47af67520b251c4a3ed8a100fb9bc42515701bf980393e31c95d223ef0e
raw/chr22_500_guides_20260810T040146_correctness_final/batches/correctness/columba/pilot/batch_020/guides/chr22_500_guide_500/output.paf	105	5a188d7c26c71afb1012046744a759f5adbb290bc704ee5eddb49329116e1309
raw/chr22_500_guides_20260810T040146_correctness_final/batches/correctness/columba/pilot/batch_020/guides/chr22_500_guide_500/stderr.txt	1034	adad44ffe01ececf743ffad589f29e88568d9c6c773333064650cb8955fb7b1b
raw/chr22_500_guides_20260810T040146_correctness_final/summary/aggregate_status.tsv	105	cc11c2cc61270d05b151139671a3f1718fb1d72be053d7bd2e3f91897edd88c4
raw/chr22_500_guides_20260810T040146_correctness_final/summary/batch_summary.tsv	4819	da446574da3dd990fc1d2b7589e84df52b66c38ee151b4f0b773130e056bc3cb
raw/chr22_500_guides_20260810T040146_correctness_final/summary/correctness_summary.tsv	270	8fa9706a90c95b4b40df5de1002b89d669606ed98ad9d8925a1e9c63fad7d507
raw/chr22_500_guides_20260810T040146_correctness_final/summary/guide_results.tsv	216900	dba4ed6b3cec029de6aa84ab7dec55709b201eb8ca4f47e451635914ee29c28e
raw/chr22_500_guides_20260810T040146_correctness_final/summary/oracle_columba_rows.tsv	5943674	e7d3ebc4b807c78a3f2b0ceaac1e4f8a7f583a58a56b21dfb5309cca5c2b3b4a
raw/chr22_500_guides_20260810T040146_correctness_final/summary/per_guide_correctness.tsv	34701	7dae567bb04a82373774b0260703eb2f49bd172a2a4f4177a34cff95c34eed68
raw/chr22_500_guides_20260810T040146_correctness_final/summary/previous_23_recovery.tsv	822	5b50440b436784d9e87a74a2cffbb70f4a1f73ee929a37cf6567b6c04c48a7d1
raw/chr22_500_guides_20260810T040146_correctness_final/summary/run_summary.tsv	243	a98ecb57c1d3cb72472181ef362b55f8f4fc220508c04db4b8cd68f100051628
