guide_id	mode	phase	iteration	exit_status	wall_seconds	user_seconds	system_seconds	peak_rss_kib	paf_records	stdout_sha256	stderr_sha256
chr22_500_guide_001	baseline	timing	measured_1	0	38.273456	36.058989	0.040003	125272	1	fb6d3b27b6d5d6a0e129f7ff72c1498333bb402de3d7b91037e5fe223d923f8b	e3b0c44298fc1c149afbf4c8996fb92427ae41e4649b934ca495991b7852b855
chr22_500_guide_002	baseline	timing	measured_1	0	38.713176	38.546419	0.091977	125764	1	4f84fd663e530097a356f82b2c5a0458e090b9ebcf5c96fddc5326573df955db	e3b0c44298fc1c149afbf4c8996fb92427ae41e4649b934ca495991b7852b855
chr22_500_guide_003	baseline	timing	measured_1	0	39.698449	39.508837	0.088001	123964	2	c788efd23026646b4da4b4a94736bffdb6646d5bb82e63ef3b54d008d2d7f496	e3b0c44298fc1c149afbf4c8996fb92427ae41e4649b934ca495991b7852b855
chr22_500_guide_004	baseline	timing	measured_1	0	37.086723	36.890943	0.055998	124156	3	41a9ef51e83a95092df6d34278bb584d5cb81e4e5c965e87236e8b76ec966547	e3b0c44298fc1c149afbf4c8996fb92427ae41e4649b934ca495991b7852b855
chr22_500_guide_005	baseline	timing	measured_1	0	36.133243	36.052489	0.072000	124180	2	5593b98c2493a0b88e42eaea42b482a194969227858e2af4912bc01dca9ef454	e3b0c44298fc1c149afbf4c8996fb92427ae41e4649b934ca495991b7852b855
chr22_500_guide_006	baseline	timing	measured_1	0	35.432093	35.337490	0.071994	124164	5	985223b6d62b5d89d90abb3b6411baab1ded4c027e524fd04733e3e131a2d641	e3b0c44298fc1c149afbf4c8996fb92427ae41e4649b934ca495991b7852b855
chr22_500_guide_007	baseline	timing	measured_1	0	34.957176	34.859719	0.051993	124040	2	56a8fdc6b10b61e89791b719fe5bae29758da62f5f0e9c2390a9488ca443dead	e3b0c44298fc1c149afbf4c8996fb92427ae41e4649b934ca495991b7852b855
chr22_500_guide_008	baseline	timing	measured_1	0	36.681672	36.597876	0.039997	125132	16	b6990544da13d962d7f467b1fb67c5261747dba657b1d60c3fb8408d038daca1	e3b0c44298fc1c149afbf4c8996fb92427ae41e4649b934ca495991b7852b855
chr22_500_guide_009	baseline	timing	measured_1	0	39.850190	39.683067	0.099977	124060	5	6e346ab2db55d3c7f91d6a8db09d40601049b9903bb02a609532ed9b4a1ef0ce	e3b0c44298fc1c149afbf4c8996fb92427ae41e4649b934ca495991b7852b855
chr22_500_guide_010	baseline	timing	measured_1	0	37.457151	37.339806	0.059986	124212	12	7f7855cba48cfcf018b64b735f9486f5a07f3f795cc2f12c2057a931c4a8b973	e3b0c44298fc1c149afbf4c8996fb92427ae41e4649b934ca495991b7852b855
chr22_500_guide_011	baseline	timing	measured_1	0	40.054785	39.800557	0.083984	124092	2	20a6fef7d7bba749a421911e40b3f958fa4ccc9b15ddc614b71a76e6e5df9ae2	e3b0c44298fc1c149afbf4c8996fb92427ae41e4649b934ca495991b7852b855
chr22_500_guide_012	baseline	timing	measured_1	0	38.873099	38.361571	0.443879	127212	1	9e5ed8cdd1a37c75d6db7090a6f7a31471034f3cd57ca5ee982877d1f71ccf3b	e3b0c44298fc1c149afbf4c8996fb92427ae41e4649b934ca495991b7852b855
chr22_500_guide_013	baseline	timing	measured_1	0	40.631668	40.317629	0.299952	124068	16	ccf03cb0d6d8c00fb3db8165e337310508524df7a263eceba59b5c326620e6da	e3b0c44298fc1c149afbf4c8996fb92427ae41e4649b934ca495991b7852b855
chr22_500_guide_014	baseline	timing	measured_1	0	43.175119	42.982303	0.159993	124028	7	4917abdb471b3259d47ffd252cf48aef15920d913920ae0cf6df5d07f7f51a6b	e3b0c44298fc1c149afbf4c8996fb92427ae41e4649b934ca495991b7852b855
chr22_500_guide_015	baseline	timing	measured_1	0	39.925025	39.813862	0.087995	124040	1	25f71f69affd98f6790d4162f2184eeae2794ef38bcf6e8c5338d710759c2c15	e3b0c44298fc1c149afbf4c8996fb92427ae41e4649b934ca495991b7852b855
chr22_500_guide_016	baseline	timing	measured_1	0	43.289235	43.058294	0.099977	124452	675	0daab402822b20c338cdf64b5a65403acba77d316eeb8a75a71184e96d24e93b	e3b0c44298fc1c149afbf4c8996fb92427ae41e4649b934ca495991b7852b855
chr22_500_guide_017	baseline	timing	measured_1	0	39.769615	39.674290	0.031998	125768	2	4248427dbded810ba66778f9ffb9237d3cb4048cb1d18ccaa9abd4103e46073a	e3b0c44298fc1c149afbf4c8996fb92427ae41e4649b934ca495991b7852b855
chr22_500_guide_018	baseline	timing	measured_1	0	45.107432	45.005672	0.071989	124100	1	691ce0260ac4ff8426decb079b6ec2efdf4680b3abaced64e9143840bccb9552	e3b0c44298fc1c149afbf4c8996fb92427ae41e4649b934ca495991b7852b855
chr22_500_guide_019	baseline	timing	measured_1	0	42.504700	42.308907	0.123990	124000	5	866f7d39fe47126f9528eb8dfb34b40a7009ae6feed7c9a2c91e7d6e0cdbd671	e3b0c44298fc1c149afbf4c8996fb92427ae41e4649b934ca495991b7852b855
chr22_500_guide_020	baseline	timing	measured_1	0	47.515848	47.395391	0.027997	124308	3	ffed6ef882a5b49bea13ef17900273b66796a85e7b8e37bc5ebfa5b406342510	e3b0c44298fc1c149afbf4c8996fb92427ae41e4649b934ca495991b7852b855
chr22_500_guide_021	baseline	timing	measured_1	0	43.306510	42.398328	0.051997	123996	1	2b073fcb4a2bd34250518b2ca167b1ea129dbf14264dd074ab7fc34c8f1ab035	e3b0c44298fc1c149afbf4c8996fb92427ae41e4649b934ca495991b7852b855
chr22_500_guide_022	baseline	timing	measured_1	0	39.949837	39.638039	0.283957	124060	3	5a62cebd8293e901a67b59a580cd404a0622d4a1deb300c572d8af96bb45378c	e3b0c44298fc1c149afbf4c8996fb92427ae41e4649b934ca495991b7852b855
chr22_500_guide_023	baseline	timing	measured_1	0	44.200207	43.785407	0.019998	124196	1	95686fb2b7a30116b7ae2cc467351eaaf4c6f25cab6f6b7bc6dcc05f1c409532	e3b0c44298fc1c149afbf4c8996fb92427ae41e4649b934ca495991b7852b855
chr22_500_guide_024	baseline	timing	measured_1	0	43.070665	42.923082	0.067998	124020	3	e2141db7e991148b16ad16f2e3fdeeb38a6d09c2e02a41849b41c0e3f204e31a	e3b0c44298fc1c149afbf4c8996fb92427ae41e4649b934ca495991b7852b855
chr22_500_guide_025	baseline	timing	measured_1	0	47.251084	47.137465	0.071990	124164	1	31d2eb4b52dd3ff5d5f7d7232cbb7268020caafdc57c4696b5e875b10cf57fd5	e3b0c44298fc1c149afbf4c8996fb92427ae41e4649b934ca495991b7852b855
chr22_500_guide_026	baseline	timing	measured_1	0	37.985906	34.799626	0.047988	125652	1	92457b8eeba549253b9d7c8b508cd2a2bbb6eadd76da9e74b1cab96a0815447a	e3b0c44298fc1c149afbf4c8996fb92427ae41e4649b934ca495991b7852b855
chr22_500_guide_027	baseline	timing	measured_1	0	37.059283	36.048017	0.043995	125216	58	a1408eb58d02e0d8a9ebf5a196b6bbbd30d368ff8a4621e96b3ab600e8a5bbdd	e3b0c44298fc1c149afbf4c8996fb92427ae41e4649b934ca495991b7852b855
chr22_500_guide_028	baseline	timing	measured_1	0	36.168024	35.926885	0.043993	125216	4	381669eac105895c77936e91601bef5a44b194dce1468388fa6bc22b65e83aab	e3b0c44298fc1c149afbf4c8996fb92427ae41e4649b934ca495991b7852b855
chr22_500_guide_029	baseline	timing	measured_1	0	35.223294	34.228778	0.023997	124300	4	ccd3d95494b84b5ddea518d35d8ffb3b163a2d9c577024dd2531a1c47d1297a6	e3b0c44298fc1c149afbf4c8996fb92427ae41e4649b934ca495991b7852b855
chr22_500_guide_030	baseline	timing	measured_1	0	36.169889	36.053953	0.039997	125320	34	808fb7944fc9bb9c4aac291784fc8cbcc076a7b6e1db13c1189f412ffd7cb3de	e3b0c44298fc1c149afbf4c8996fb92427ae41e4649b934ca495991b7852b855
chr22_500_guide_031	baseline	timing	measured_1	0	38.283934	37.054576	0.083987	125320	1	449eef586702df92b06ca3e4fc18604b620a552314243ced02a516e616f3adcc	e3b0c44298fc1c149afbf4c8996fb92427ae41e4649b934ca495991b7852b855
chr22_500_guide_032	baseline	timing	measured_1	0	39.739551	39.683621	0.039995	127264	46	001dad7b152b520ee7463975ee8f25aca405ad6ed7e3135c6afeec55337f0b4a	e3b0c44298fc1c149afbf4c8996fb92427ae41e4649b934ca495991b7852b855
chr22_500_guide_033	baseline	timing	measured_1	0	40.151944	40.094442	0.039990	125292	39	2e1d8ff63d9ef81ef131f76846d45cc86dabea52aaf0f84b984560d7fb17cf87	e3b0c44298fc1c149afbf4c8996fb92427ae41e4649b934ca495991b7852b855
chr22_500_guide_034	baseline	timing	measured_1	0	39.699519	39.638874	0.039998	125332	20	7844cc0f619b1981e5c9459584a26685c990deda3d4720e2b2e39b1ddee36df7	e3b0c44298fc1c149afbf4c8996fb92427ae41e4649b934ca495991b7852b855
chr22_500_guide_035	baseline	timing	measured_1	0	36.692121	36.619086	0.027999	125228	2	2210c39cb2f71ce621020d38f2977993ae3cc0a916f10697dcce8a974d5ee049	e3b0c44298fc1c149afbf4c8996fb92427ae41e4649b934ca495991b7852b855
chr22_500_guide_036	baseline	timing	measured_1	0	35.576663	35.468375	0.039995	125240	4	c18ffe12326ba7abb0a9b021b7b8c403c87e06df023f754230f2ea877197fd40	e3b0c44298fc1c149afbf4c8996fb92427ae41e4649b934ca495991b7852b855
chr22_500_guide_037	baseline	timing	measured_1	0	38.651180	38.564644	0.039996	125436	12	018be0f55c2783224c352be5f912d1bdf5b297e8d68a81e1cce4142c42199216	e3b0c44298fc1c149afbf4c8996fb92427ae41e4649b934ca495991b7852b855
chr22_500_guide_038	baseline	timing	measured_1	0	36.244467	35.303415	0.868083	124280	68	ba3197353a7a6ca64b2b565ddc20fc1a01f42c2fd9384ac9a21bb08593cedd31	e3b0c44298fc1c149afbf4c8996fb92427ae41e4649b934ca495991b7852b855
chr22_500_guide_039	baseline	timing	measured_1	0	37.500638	37.372943	0.023992	125180	1	8a40b1af594d7469b21e93053d26455deb24982286e05791abe94aeb8a8156aa	e3b0c44298fc1c149afbf4c8996fb92427ae41e4649b934ca495991b7852b855
chr22_500_guide_040	baseline	timing	measured_1	0	45.274633	45.223080	0.015998	125296	24	64469dba4378dce90a2ff67dfab342dc80c0819b671f482b6b0b408898e75d22	e3b0c44298fc1c149afbf4c8996fb92427ae41e4649b934ca495991b7852b855
chr22_500_guide_041	baseline	timing	measured_1	0	39.087972	39.013390	0.051996	125664	22	8273b97e0e23dba64e0c1935246eeff04a1c2fc1f90a180a33901a0da78ecfda	e3b0c44298fc1c149afbf4c8996fb92427ae41e4649b934ca495991b7852b855
chr22_500_guide_042	baseline	timing	measured_1	0	38.239526	37.872870	0.327972	125172	1	0ee48f543136d09a143c4eeae676947d7744ba356f6b4522be723210cea49fce	e3b0c44298fc1c149afbf4c8996fb92427ae41e4649b934ca495991b7852b855
chr22_500_guide_043	baseline	timing	measured_1	0	39.934759	39.881624	0.027995	125280	2	7ff435e8f2284b0e1155c1c41e547855555c50593735221aa581ff02bbcfd922	e3b0c44298fc1c149afbf4c8996fb92427ae41e4649b934ca495991b7852b855
chr22_500_guide_044	baseline	timing	measured_1	0	40.820259	40.761453	0.024000	125804	1	eb8670fd9176c26562fa7d6753d0ecafbdbc18ffce8eb47eac0ff7f21eaee174	e3b0c44298fc1c149afbf4c8996fb92427ae41e4649b934ca495991b7852b855
chr22_500_guide_045	baseline	timing	measured_1	0	41.026723	40.923181	0.027996	125364	1	ad510f2f6f517e85da1ff1e3e334f60ec412670418ae765b20823bba1029db1c	e3b0c44298fc1c149afbf4c8996fb92427ae41e4649b934ca495991b7852b855
chr22_500_guide_046	baseline	timing	measured_1	0	38.110294	37.618504	0.039998	125784	1	62be28d44f2b99ae8760da16dcf99d46c01d6cf9dde0f8c55e0864390027fe60	e3b0c44298fc1c149afbf4c8996fb92427ae41e4649b934ca495991b7852b855
chr22_500_guide_047	baseline	timing	measured_1	0	35.971380	34.763025	0.035994	125184	1	a0a592f68ce5c632b25a6bbf8492c14534157794a49dc98dee9ee564e3ce0f58	e3b0c44298fc1c149afbf4c8996fb92427ae41e4649b934ca495991b7852b855
chr22_500_guide_048	baseline	timing	measured_1	0	36.643132	36.180991	0.028000	124252	19	53836549b5871774dbbbbcc7209be7da876564302d97fe0f8699c8af9c7adc03	e3b0c44298fc1c149afbf4c8996fb92427ae41e4649b934ca495991b7852b855
chr22_500_guide_049	baseline	timing	measured_1	0	45.874039	45.711456	0.031996	126964	22	11517fafae4042a3e66b4f370e5dd3feacacecca6f98e23838286b3bba13edd5	e3b0c44298fc1c149afbf4c8996fb92427ae41e4649b934ca495991b7852b855
chr22_500_guide_050	baseline	timing	measured_1	0	36.299907	36.216481	0.051989	125404	21	900be0709880b5503da9492a11b7d3aa93c10e3913a03c74b99aed465d1b2a2a	e3b0c44298fc1c149afbf4c8996fb92427ae41e4649b934ca495991b7852b855
chr22_500_guide_051	baseline	timing	measured_1	0	35.204305	35.105851	0.048002	124004	18	a77710c7d549e227cbb357d79088a9e28066d5b725c9380aa42fc2904642b1a5	e3b0c44298fc1c149afbf4c8996fb92427ae41e4649b934ca495991b7852b855
chr22_500_guide_052	baseline	timing	measured_1	0	39.845187	39.664866	0.167969	125224	1	951a40369bd86d0839b2d2addecaf6b337cdc3fa4cf552c0d5fd78bef17d3892	e3b0c44298fc1c149afbf4c8996fb92427ae41e4649b934ca495991b7852b855
chr22_500_guide_053	baseline	timing	measured_1	0	38.249128	38.063192	0.035995	125132	1	7622d4d51684d8454f0b41cc20f3723141c918019cde594e46301e79765ccd12	e3b0c44298fc1c149afbf4c8996fb92427ae41e4649b934ca495991b7852b855
chr22_500_guide_054	baseline	timing	measured_1	0	39.095013	38.998156	0.035998	125040	1	08105a1cf5d022b79968633482eaa3ea3e17f900fbe591f469112bf46a5ae873	e3b0c44298fc1c149afbf4c8996fb92427ae41e4649b934ca495991b7852b855
chr22_500_guide_055	baseline	timing	measured_1	0	35.449368	35.385168	0.039996	125196	8	11838afb33e1074badb9c81239929a95a4c5493d0163d05d49262425cf8e9904	e3b0c44298fc1c149afbf4c8996fb92427ae41e4649b934ca495991b7852b855
chr22_500_guide_056	baseline	timing	measured_1	0	36.077476	36.030315	0.035990	125128	12	4a0ee3c1d88eb278fda95f61e672d7969aa817cba3aa302a99c2bea5c66aed43	e3b0c44298fc1c149afbf4c8996fb92427ae41e4649b934ca495991b7852b855
chr22_500_guide_057	baseline	timing	measured_1	0	37.264305	37.001677	0.220009	124020	1	75ea28648a2a653313216f9434a7a84692519cd4e1edcee69b342edd63c5477e	e3b0c44298fc1c149afbf4c8996fb92427ae41e4649b934ca495991b7852b855
chr22_500_guide_058	baseline	timing	measured_1	0	44.694888	44.583839	0.043995	126024	4	f693a92e20748272242c1d8d3a1b90c09e045d71ee219e8daf561a07fcf1b3bf	e3b0c44298fc1c149afbf4c8996fb92427ae41e4649b934ca495991b7852b855
chr22_500_guide_059	baseline	timing	measured_1	0	39.261208	39.133011	0.075986	125132	3	8e1babfb8af7457114a82f741b182db58256d93dfdc266825a62148cbbf5d26e	e3b0c44298fc1c149afbf4c8996fb92427ae41e4649b934ca495991b7852b855
chr22_500_guide_060	baseline	timing	measured_1	0	37.058194	36.400389	0.619870	125260	105	ab7535f1436e5a98fc8169fb7595043e0633427acdfe7d21a60f3ee455a53b20	e3b0c44298fc1c149afbf4c8996fb92427ae41e4649b934ca495991b7852b855
chr22_500_guide_061	baseline	timing	measured_1	0	41.954610	41.655124	0.271994	125172	2	01742698af509a1acb8aaf1e0230815259059acffddbc9e35930e961b06241b4	e3b0c44298fc1c149afbf4c8996fb92427ae41e4649b934ca495991b7852b855
chr22_500_guide_062	baseline	timing	measured_1	0	38.866284	38.796244	0.027997	125256	1	6326b7c857afa096b6327c79b7e53d81695f794da0e844e646896ba73816ffd5	e3b0c44298fc1c149afbf4c8996fb92427ae41e4649b934ca495991b7852b855
chr22_500_guide_063	baseline	timing	measured_1	0	36.823579	36.766115	0.027995	125180	1	d0e1f61006a51712a6e3a7a08a2d9ed9a2e486bf46c47b49e89668b53f2efe69	e3b0c44298fc1c149afbf4c8996fb92427ae41e4649b934ca495991b7852b855
chr22_500_guide_064	baseline	timing	measured_1	0	43.830103	43.776448	0.020000	124300	2	09a44e214f313d41c48214908421d55f1a26ea3288be0e13299804f97f456f32	e3b0c44298fc1c149afbf4c8996fb92427ae41e4649b934ca495991b7852b855
chr22_500_guide_065	baseline	timing	measured_1	0	44.158444	43.749550	0.264009	124220	1	c111cd0bca51d032b97ac4b793c9bd060c5756f007fffa13fed504799e72ded7	e3b0c44298fc1c149afbf4c8996fb92427ae41e4649b934ca495991b7852b855
chr22_500_guide_066	baseline	timing	measured_1	0	41.228366	41.160689	0.039992	125860	1	ab7135a79310941abc028089e7706255079f1d3db5459fd46b95054fbfde6edb	e3b0c44298fc1c149afbf4c8996fb92427ae41e4649b934ca495991b7852b855
chr22_500_guide_067	baseline	timing	measured_1	0	42.802606	42.734047	0.047988	125332	405	5de659012ed7ac6c3f7a11118ed76d46e292af01b54f58e54286755731a3d2ce	e3b0c44298fc1c149afbf4c8996fb92427ae41e4649b934ca495991b7852b855
chr22_500_guide_068	baseline	timing	measured_1	0	39.233428	38.601552	0.116028	124028	7	925f7531b43144c3df9f8b8af2b5300653b5bf1807aa7f5ae89249b19e09a0a3	e3b0c44298fc1c149afbf4c8996fb92427ae41e4649b934ca495991b7852b855
chr22_500_guide_069	baseline	timing	measured_1	0	36.804808	36.578901	0.179955	125252	1	10798f7b18b6dd224fe51359cb5fbfe45011ce2323ed7d0f27f0e92ecda0388b	e3b0c44298fc1c149afbf4c8996fb92427ae41e4649b934ca495991b7852b855
chr22_500_guide_070	baseline	timing	measured_1	0	40.676638	40.590096	0.035994	125396	88	db0142fb843c637356ac20ca84eaea71fc1a23bb217424eceab84767f727b1e4	e3b0c44298fc1c149afbf4c8996fb92427ae41e4649b934ca495991b7852b855
chr22_500_guide_071	baseline	timing	measured_1	0	36.615009	36.454146	0.059996	125284	18	9653d672b69fe3c1bcd798e3ff80d7040c43f087f4310eec1d3228653803ae56	e3b0c44298fc1c149afbf4c8996fb92427ae41e4649b934ca495991b7852b855
chr22_500_guide_072	baseline	timing	measured_1	0	34.824662	34.757986	0.035993	125976	20	2af3844b8c686b160a357b1782cc71987e4980f76c86569afe19be89994bc6e1	e3b0c44298fc1c149afbf4c8996fb92427ae41e4649b934ca495991b7852b855
chr22_500_guide_073	baseline	timing	measured_1	0	38.403554	38.277181	0.067994	126008	8	5ff8c497c5aee1704e3e04741f1d42a3eb487aed43f83e6b91d0cb05962e2550	e3b0c44298fc1c149afbf4c8996fb92427ae41e4649b934ca495991b7852b855
chr22_500_guide_074	baseline	timing	measured_1	0	39.421052	39.334138	0.047983	125760	4	86ba7ce7f4aaa96b953261bca8cee185393e1072c1b93ff910d0c588cb9d490f	e3b0c44298fc1c149afbf4c8996fb92427ae41e4649b934ca495991b7852b855
chr22_500_guide_075	baseline	timing	measured_1	0	42.769103	42.682376	0.015999	125928	1	5f1787da1d7bf0626939c26621201f9de70b2ac17f865e493ff03038a3e9315f	e3b0c44298fc1c149afbf4c8996fb92427ae41e4649b934ca495991b7852b855
chr22_500_guide_076	baseline	timing	measured_1	0	43.925588	40.069517	0.075972	125144	6	a1a07a708fafafc2227b689434e9a290132f1fb7518cb5082321573675acd023	e3b0c44298fc1c149afbf4c8996fb92427ae41e4649b934ca495991b7852b855
chr22_500_guide_077	baseline	timing	measured_1	0	48.318303	44.651610	0.092007	126012	6	c61d2117b663bf3db6ccf9f810f6467e0a94787b75c2bad8a628adfc5dae16d2	e3b0c44298fc1c149afbf4c8996fb92427ae41e4649b934ca495991b7852b855
chr22_500_guide_078	baseline	timing	measured_1	0	36.787412	36.691502	0.031996	125420	1	664ca84d364b11b722ac1aa282d988cb26faa580c3801fc71e980d0a2785483d	e3b0c44298fc1c149afbf4c8996fb92427ae41e4649b934ca495991b7852b855
chr22_500_guide_079	baseline	timing	measured_1	0	44.800285	44.702639	0.051989	125136	1	60c576f7279f0431f628428e260318198f63b21a255b92c2846c5a1e50930e93	e3b0c44298fc1c149afbf4c8996fb92427ae41e4649b934ca495991b7852b855
chr22_500_guide_080	baseline	timing	measured_1	0	48.329057	48.223681	0.047995	125228	1	a16a21db2b49ee59d414351e5cfc085e7f1c9e271758fd01d69580f32ad1a0c2	e3b0c44298fc1c149afbf4c8996fb92427ae41e4649b934ca495991b7852b855
chr22_500_guide_081	baseline	timing	measured_1	0	36.159193	36.083393	0.027999	124256	1	87c90ab44d2432526cac1bcee02421cabf106882291b8473d5af856bbf6654a7	e3b0c44298fc1c149afbf4c8996fb92427ae41e4649b934ca495991b7852b855
chr22_500_guide_082	baseline	timing	measured_1	0	36.549673	36.499170	0.027999	125912	3	6f3c5867d5dbbd7f3b78e08e7b3300064d91c4ed629fff6eb12b41e686b01435	e3b0c44298fc1c149afbf4c8996fb92427ae41e4649b934ca495991b7852b855
chr22_500_guide_083	baseline	timing	measured_1	0	36.568707	36.469932	0.055996	125260	42	4c95d8387f96ff01243ac44e2f1d0dbf63d6a1a6ca4b8d60aa617dadfad8712c	e3b0c44298fc1c149afbf4c8996fb92427ae41e4649b934ca495991b7852b855
chr22_500_guide_084	baseline	timing	measured_1	0	36.305627	36.252255	0.020000	124144	7	43f1343139c460491ab834b8652be82a598213117a95c1897da0065810eeb8dd	e3b0c44298fc1c149afbf4c8996fb92427ae41e4649b934ca495991b7852b855
chr22_500_guide_085	baseline	timing	measured_1	0	38.673992	38.516833	0.024000	125492	1	a50b7bd87092a6e4a876b6a1b30167fc798e551762ded744e8cec689a47f6f55	e3b0c44298fc1c149afbf4c8996fb92427ae41e4649b934ca495991b7852b855
chr22_500_guide_086	baseline	timing	measured_1	0	41.156998	41.085810	0.027998	124996	8	caf56a8d80186a132b4bbfd8a735de6b36912b11490c792bf72261e8e5cde4c3	e3b0c44298fc1c149afbf4c8996fb92427ae41e4649b934ca495991b7852b855
chr22_500_guide_087	baseline	timing	measured_1	0	41.217673	41.154059	0.019999	124352	2	f25a4d850004ee4c2741be2af70583a16f5f628dcdefe40556a4f787f77266ee	e3b0c44298fc1c149afbf4c8996fb92427ae41e4649b934ca495991b7852b855
chr22_500_guide_088	baseline	timing	measured_1	0	41.010424	40.690525	0.259965	125256	2	5c632dfc921b715b635c61d386497b7131eb4348bb520ea4a5cd13ab53ef1e7a	e3b0c44298fc1c149afbf4c8996fb92427ae41e4649b934ca495991b7852b855
chr22_500_guide_089	baseline	timing	measured_1	0	38.000549	37.954732	0.023999	126224	7	435669ee46eb24c8f7ec4039557ae1485d92adeba07ce04f76f3032c4dd179c5	e3b0c44298fc1c149afbf4c8996fb92427ae41e4649b934ca495991b7852b855
chr22_500_guide_090	baseline	timing	measured_1	0	44.678222	44.499258	0.156011	124124	1	1a674244aec8ea25c8e0b9a4c719f1dd7a3136cbd5f87feb87b53bc75bbf29fb	e3b0c44298fc1c149afbf4c8996fb92427ae41e4649b934ca495991b7852b855
chr22_500_guide_091	baseline	timing	measured_1	0	36.706440	36.641331	0.039992	125692	1	3b1208d36a7808228471f8be766844c38fb5b98323d1d2f58e690839f7fb8d80	e3b0c44298fc1c149afbf4c8996fb92427ae41e4649b934ca495991b7852b855
chr22_500_guide_092	baseline	timing	measured_1	0	44.677382	43.921589	0.679529	123988	20	b03e1158711aa1d237ec6814d0790dfa91ff96c8322d246e634c8fce30c38c82	e3b0c44298fc1c149afbf4c8996fb92427ae41e4649b934ca495991b7852b855
chr22_500_guide_093	baseline	timing	measured_1	0	41.581222	41.457261	0.031988	125192	1	6cdd7ce54810d5bc4f6f9e343cba7e89b5868d4aa230081223fa53049a31ac4f	e3b0c44298fc1c149afbf4c8996fb92427ae41e4649b934ca495991b7852b855
chr22_500_guide_094	baseline	timing	measured_1	0	37.778772	37.700196	0.040000	126928	2	b43819067995157b46212743f86d94969b945776f3aba8b499e5a41d3ff29bbc	e3b0c44298fc1c149afbf4c8996fb92427ae41e4649b934ca495991b7852b855
chr22_500_guide_095	baseline	timing	measured_1	0	36.738849	36.698606	0.019997	125224	1	78d56e6029a238e55e698734f6c34371645440cad14a3a34379e3a5d6cc8429a	e3b0c44298fc1c149afbf4c8996fb92427ae41e4649b934ca495991b7852b855
chr22_500_guide_096	baseline	timing	measured_1	0	44.790663	44.636900	0.131990	124188	1	e4df6fa89a3b0e0120f2158b3532f9d4a6e42d02734646aca7d1906347f68735	e3b0c44298fc1c149afbf4c8996fb92427ae41e4649b934ca495991b7852b855
chr22_500_guide_097	baseline	timing	measured_1	0	39.057313	38.875608	0.131985	124272	2	58d3088e520d927bbad11c9787cefba9db56844eefd70fc7274612710d6213b5	e3b0c44298fc1c149afbf4c8996fb92427ae41e4649b934ca495991b7852b855
chr22_500_guide_098	baseline	timing	measured_1	0	45.696794	45.169731	0.035998	124276	1	444ff3228a137a38f7153b4f242a69cfa59f508d73251c41aa4006df73b202e7	e3b0c44298fc1c149afbf4c8996fb92427ae41e4649b934ca495991b7852b855
chr22_500_guide_099	baseline	timing	measured_1	0	44.579146	44.464319	0.055995	124300	130	200e3684fe8ee21531cdd450bce05de9cd3d00ee01de1866b7a02436f3d4b8af	e3b0c44298fc1c149afbf4c8996fb92427ae41e4649b934ca495991b7852b855
chr22_500_guide_100	baseline	timing	measured_1	0	36.895150	36.675360	0.175996	124940	2	57714a6c21e1be497c563abaa49fbf21588fd7f8c2e0da3a8f922ed775797dcd	e3b0c44298fc1c149afbf4c8996fb92427ae41e4649b934ca495991b7852b855
chr22_500_guide_101	baseline	timing	measured_1	0	38.151409	37.967864	0.039999	125908	2	84330282ecd915e002d4a3f8d0d70096e90a960e87744ed87a49bc36afba7e69	e3b0c44298fc1c149afbf4c8996fb92427ae41e4649b934ca495991b7852b855
chr22_500_guide_102	baseline	timing	measured_1	0	42.427659	42.293203	0.067989	124016	7	f8b648b825393f5a54f18987b4d1fa193c72f7d8c279ff37d26b282e1e8e96df	e3b0c44298fc1c149afbf4c8996fb92427ae41e4649b934ca495991b7852b855
chr22_500_guide_103	baseline	timing	measured_1	0	39.196000	39.116006	0.031993	124344	1	70d3142b6438b2233c1a63a2ac833233a13a2d75bf75339f1fccaff2fa81b453	e3b0c44298fc1c149afbf4c8996fb92427ae41e4649b934ca495991b7852b855
chr22_500_guide_104	baseline	timing	measured_1	0	43.475389	43.339146	0.031996	124968	1	1a566c323545c0de5dbd25e42db62374e240ce4299b47e835e757a21598da936	e3b0c44298fc1c149afbf4c8996fb92427ae41e4649b934ca495991b7852b855
chr22_500_guide_105	baseline	timing	measured_1	0	39.590618	39.523118	0.035995	124368	42	d32e6816069e419d3162187451c11a213a240ab9e92df97a87f0f016e2f343f9	e3b0c44298fc1c149afbf4c8996fb92427ae41e4649b934ca495991b7852b855
chr22_500_guide_106	baseline	timing	measured_1	0	39.287826	39.251956	0.015999	125764	3	acbf824e1f48ae5fa25fdb96c78cdb2516f3595685f7e7bc17a5114a40986303	e3b0c44298fc1c149afbf4c8996fb92427ae41e4649b934ca495991b7852b855
chr22_500_guide_107	baseline	timing	measured_1	0	40.467374	40.106252	0.311986	124332	1	37774d4819ec468762743e89b36baf9deaaa8cc267fbe9bd5aed95319efd242c	e3b0c44298fc1c149afbf4c8996fb92427ae41e4649b934ca495991b7852b855
chr22_500_guide_108	baseline	timing	measured_1	0	36.232164	36.178486	0.031998	125156	1	6b72b7d58a6bb9700568183d8342e8f3bc79c45ffa1f7e46c161effbf9985c5d	e3b0c44298fc1c149afbf4c8996fb92427ae41e4649b934ca495991b7852b855
chr22_500_guide_109	baseline	timing	measured_1	0	37.452004	37.378013	0.040002	125300	1	461291dcaf2e80e2a23a63e67f89a5c96faac00ade45a6b2fbf5f72f52e4e359	e3b0c44298fc1c149afbf4c8996fb92427ae41e4649b934ca495991b7852b855
chr22_500_guide_110	baseline	timing	measured_1	0	40.512058	39.993050	0.467918	125244	3	27bec362626af993604055a79ddb94b53597029f4bc27af25949739b8d89a154	e3b0c44298fc1c149afbf4c8996fb92427ae41e4649b934ca495991b7852b855
chr22_500_guide_111	baseline	timing	measured_1	0	36.091831	35.900534	0.143986	125332	67	52d8a67441eaad4f447f4d7da7e3cf6ce72d02605058ec13fbe82404b4066c28	e3b0c44298fc1c149afbf4c8996fb92427ae41e4649b934ca495991b7852b855
chr22_500_guide_112	baseline	timing	measured_1	0	44.956823	44.825807	0.039998	127516	1	85e8ddbe1f41d07d2fccefdd6deb60b8cfcf17a64f052215c84a68e7db0e8e8d	e3b0c44298fc1c149afbf4c8996fb92427ae41e4649b934ca495991b7852b855
chr22_500_guide_113	baseline	timing	measured_1	0	44.398526	44.325801	0.035994	125504	149	7e0733a562ff39a952035404c085b0f497df39eeac4dd3cc052a4de78c8e9cdd	e3b0c44298fc1c149afbf4c8996fb92427ae41e4649b934ca495991b7852b855
chr22_500_guide_114	baseline	timing	measured_1	0	39.029033	38.940089	0.032000	125028	1	853d765383b1cbbee4dc3bac9cc1407658422a8e408ffb099ae069cbefe32c96	e3b0c44298fc1c149afbf4c8996fb92427ae41e4649b934ca495991b7852b855
chr22_500_guide_115	baseline	timing	measured_1	0	41.978281	41.916933	0.012000	126064	32	c9f7f81e6f38c20192d49fd1712b128cd09f9d730b5376365ba2e2fc563537d0	e3b0c44298fc1c149afbf4c8996fb92427ae41e4649b934ca495991b7852b855
chr22_500_guide_116	baseline	timing	measured_1	0	39.501091	39.407595	0.064005	125736	4	3da79bc941b754384629618a500ad59f9e794c50f96e623a907f1ce30de4efe7	e3b0c44298fc1c149afbf4c8996fb92427ae41e4649b934ca495991b7852b855
chr22_500_guide_117	baseline	timing	measured_1	0	42.827096	42.678020	0.032001	125524	410	57f1306bef889f6aafc8ed96482b055560c93deefa5a64bc4ad6a477603ffb56	e3b0c44298fc1c149afbf4c8996fb92427ae41e4649b934ca495991b7852b855
chr22_500_guide_118	baseline	timing	measured_1	0	42.169010	42.133100	0.024007	124080	1	d7464b7872231b66a5d5e8b9529462954e8dbe3c50718817fdfc12087ef94681	e3b0c44298fc1c149afbf4c8996fb92427ae41e4649b934ca495991b7852b855
chr22_500_guide_119	baseline	timing	measured_1	0	34.636412	34.575768	0.027996	125616	1	4f436688014fdfd449b313b2c3b687063981e5e245571a9db7c8a5711487b353	e3b0c44298fc1c149afbf4c8996fb92427ae41e4649b934ca495991b7852b855
chr22_500_guide_120	baseline	timing	measured_1	0	42.747745	42.616577	0.100001	124132	1	33bddbc7779554629ceac64834ec2be3184cdb2699e293b4791aa9ab6b896254	e3b0c44298fc1c149afbf4c8996fb92427ae41e4649b934ca495991b7852b855
chr22_500_guide_121	baseline	timing	measured_1	0	38.727003	38.689205	0.028000	124204	1	9c2d6c2960fe78f86540e1be27182c28b286fce8b9592387bfeac03889c6dae5	e3b0c44298fc1c149afbf4c8996fb92427ae41e4649b934ca495991b7852b855
chr22_500_guide_122	baseline	timing	measured_1	0	40.249588	40.181926	0.035990	125360	57	f3f60872b3be2da10e797d6ad288882a8bb897cb10a8c581e0ad714bedaebf67	e3b0c44298fc1c149afbf4c8996fb92427ae41e4649b934ca495991b7852b855
chr22_500_guide_123	baseline	timing	measured_1	0	37.312135	37.244442	0.027997	126012	133	b22b12dbe3c2c81d9623997bdae8791fafa5bf35117827e8b1112c7ba4f382a1	e3b0c44298fc1c149afbf4c8996fb92427ae41e4649b934ca495991b7852b855
chr22_500_guide_124	baseline	timing	measured_1	0	38.020354	37.938056	0.043993	125096	1	97a3ea1c1d49016761918329e596d51881a5db88c4ec927743def1525e8cc766	e3b0c44298fc1c149afbf4c8996fb92427ae41e4649b934ca495991b7852b855
chr22_500_guide_125	baseline	timing	measured_1	0	43.298907	43.197410	0.039993	125140	4	6c198203265676ee7489aa7bb5fc305ae32117598132205a3fca1d1a0055015d	e3b0c44298fc1c149afbf4c8996fb92427ae41e4649b934ca495991b7852b855
chr22_500_guide_126	baseline	timing	measured_1	0	43.228739	42.954603	0.127746	125660	48	28c9b9ae100eb1e2813ad4683f5bd96d5444ce8355672ba908ebe7a60e559fd9	e3b0c44298fc1c149afbf4c8996fb92427ae41e4649b934ca495991b7852b855
chr22_500_guide_127	baseline	timing	measured_1	0	38.218563	37.909744	0.207965	125224	1	7fbbd7f172462259a6f4de139401afd584462680da6bbb0e834137af7f13b985	e3b0c44298fc1c149afbf4c8996fb92427ae41e4649b934ca495991b7852b855
chr22_500_guide_128	baseline	timing	measured_1	0	37.977383	37.604713	0.068001	123948	6	f644a91d8a5c365fe3c7c1c3f30ad178f34333e94f697e1f1e75d0fa64c39923	e3b0c44298fc1c149afbf4c8996fb92427ae41e4649b934ca495991b7852b855
chr22_500_guide_129	baseline	timing	measured_1	0	42.182931	42.081388	0.055991	124040	8	a037a629f95969ba862133edbc2f9b4d54e67b20a84c223a97df966abdd0f7dd	e3b0c44298fc1c149afbf4c8996fb92427ae41e4649b934ca495991b7852b855
chr22_500_guide_130	baseline	timing	measured_1	0	34.885253	34.853118	0.040028	126244	1	474f4e55f985c5d56a5f5af49fa5a1b75cc1a9e85e18115e9a96dd6cd3079ad9	e3b0c44298fc1c149afbf4c8996fb92427ae41e4649b934ca495991b7852b855
chr22_500_guide_131	baseline	timing	measured_1	0	37.146164	37.061831	0.080055	124196	16	96cee5fb4cab3acc4fd0a53b03049c1d6002bd615ab74125f127320897f9f0a4	e3b0c44298fc1c149afbf4c8996fb92427ae41e4649b934ca495991b7852b855
chr22_500_guide_132	baseline	timing	measured_1	0	34.386250	34.262953	0.067997	124116	1	713820ba358721f9caf9011041070c6453565161fb3256a91b67617a2347babf	e3b0c44298fc1c149afbf4c8996fb92427ae41e4649b934ca495991b7852b855
chr22_500_guide_133	baseline	timing	measured_1	0	36.494284	36.397000	0.075993	124040	2	a7610eb051e87a34826545d10fcf8102943e8611a97a657a33ec94ff2afe4c13	e3b0c44298fc1c149afbf4c8996fb92427ae41e4649b934ca495991b7852b855
chr22_500_guide_134	baseline	timing	measured_1	0	37.258337	37.141518	0.055984	125252	1675	4b09d9bc429d2d59a76cab2e1259da49b7457e88dba8aa146f791257d05d4ef7	e3b0c44298fc1c149afbf4c8996fb92427ae41e4649b934ca495991b7852b855
chr22_500_guide_135	baseline	timing	measured_1	0	35.647524	35.386894	0.103973	125712	5	4f79902dc45cb76ad8a1031ff3e89b12ec69bb6b0ad88647387d6bec19895c60	e3b0c44298fc1c149afbf4c8996fb92427ae41e4649b934ca495991b7852b855
chr22_500_guide_136	baseline	timing	measured_1	0	41.634239	41.500190	0.028002	124324	177	7cc494b15bc7ba4bce6524e43fb805cc4751f072060bdb6db0514902b852cdc9	e3b0c44298fc1c149afbf4c8996fb92427ae41e4649b934ca495991b7852b855
chr22_500_guide_137	baseline	timing	measured_1	0	38.356234	38.181141	0.143959	125196	2	2aca6e493141072414d5d6d67dc6cd668bf7f75a43d4895d99828b717099cafe	e3b0c44298fc1c149afbf4c8996fb92427ae41e4649b934ca495991b7852b855
chr22_500_guide_138	baseline	timing	measured_1	0	40.347970	40.012345	0.288002	124136	58	9838a748f83250618473227cbc2b798e921118551a385e778337b49637186fe3	e3b0c44298fc1c149afbf4c8996fb92427ae41e4649b934ca495991b7852b855
chr22_500_guide_139	baseline	timing	measured_1	0	42.239201	42.165345	0.027995	126456	1887	3e826746e760aa3a165b6aa5fb4fbec6909bbdfc73db9650f134ebf5c31127d3	e3b0c44298fc1c149afbf4c8996fb92427ae41e4649b934ca495991b7852b855
chr22_500_guide_140	baseline	timing	measured_1	0	43.712088	43.597254	0.008001	125252	15	d609368e1abb9ae3506ac52c66a2d9143a55af333b119d1b8286fcf53f0732d2	e3b0c44298fc1c149afbf4c8996fb92427ae41e4649b934ca495991b7852b855
chr22_500_guide_141	baseline	timing	measured_1	0	40.903967	40.772765	0.076001	124204	1	75a2846e206ef232a498051fea8840d2d310dd428aee04e323c3edd7213c8c13	e3b0c44298fc1c149afbf4c8996fb92427ae41e4649b934ca495991b7852b855
chr22_500_guide_142	baseline	timing	measured_1	0	42.164970	42.095966	0.023999	127536	3957	76d47834a58aca1fc8b0a55ade58aab759cbba1cdf083fcd9d2bc42eef01b632	e3b0c44298fc1c149afbf4c8996fb92427ae41e4649b934ca495991b7852b855
chr22_500_guide_143	baseline	timing	measured_1	0	37.792420	37.732783	0.039996	125264	54	fec4266348f400a636b679dea725f0c74e62ee984b07daae005cd78179aa0b16	e3b0c44298fc1c149afbf4c8996fb92427ae41e4649b934ca495991b7852b855
chr22_500_guide_144	baseline	timing	measured_1	0	39.514119	39.232996	0.060001	124208	4	e9b97718cfb68076fc6b0adeb42a25acf3165f71b3de6678c1f8adad8155a9c3	e3b0c44298fc1c149afbf4c8996fb92427ae41e4649b934ca495991b7852b855
chr22_500_guide_145	baseline	timing	measured_1	0	36.918268	36.765850	0.047997	125324	4	67232b3f8756228358fbb21eb05c251090dc44307f21a6a5ff67d618f2a48cb7	e3b0c44298fc1c149afbf4c8996fb92427ae41e4649b934ca495991b7852b855
chr22_500_guide_146	baseline	timing	measured_1	0	43.325023	42.978117	0.303930	124204	396	1ff6a26b41e6d377e7603ff601eaba3a0b81265a7b64f3aa4075c534ae064ea8	e3b0c44298fc1c149afbf4c8996fb92427ae41e4649b934ca495991b7852b855
chr22_500_guide_147	baseline	timing	measured_1	0	40.282153	39.378905	0.135982	124376	8	daeb3aaacd5dbf851ce837451bf8b8c4784f489a16a8883fa7d9d7cd74be7820	e3b0c44298fc1c149afbf4c8996fb92427ae41e4649b934ca495991b7852b855
chr22_500_guide_148	baseline	timing	measured_1	0	43.945859	43.767388	0.131986	125380	2028	05b0a21dfecef722640608a4ae56c59ede427d21069ea5c054d3e93ff6e1f572	e3b0c44298fc1c149afbf4c8996fb92427ae41e4649b934ca495991b7852b855
chr22_500_guide_149	baseline	timing	measured_1	0	42.524007	41.981172	0.451926	125176	5	d858493a5129d219004e374ad1424cb6a476e79f56c71082ae1af306e90714e8	e3b0c44298fc1c149afbf4c8996fb92427ae41e4649b934ca495991b7852b855
chr22_500_guide_150	baseline	timing	measured_1	0	40.617334	40.535142	0.056004	125092	34	9478f4139cd60beb657c1854b7fe8d6c06426d490e56a215a5e2cb6874d5658c	e3b0c44298fc1c149afbf4c8996fb92427ae41e4649b934ca495991b7852b855
chr22_500_guide_151	baseline	timing	measured_1	0	39.937657	39.809453	0.087985	124048	1	fe055a246254f30d7a48644133f08b87ee38c4ed785e2b38b800c531c83c0410	e3b0c44298fc1c149afbf4c8996fb92427ae41e4649b934ca495991b7852b855
chr22_500_guide_152	baseline	timing	measured_1	0	37.545265	37.507800	0.019997	126904	2006	d0d57e9add171764f63652742396a4f0fb821146dbd8b2dc41ebf4e5411ac452	e3b0c44298fc1c149afbf4c8996fb92427ae41e4649b934ca495991b7852b855
chr22_500_guide_153	baseline	timing	measured_1	0	36.881130	36.695438	0.043994	125236	1	bcce8596509aa2be4a7f3566961162e72e4443c46ea7cf8fc2c5ffb6cee2780a	e3b0c44298fc1c149afbf4c8996fb92427ae41e4649b934ca495991b7852b855
chr22_500_guide_154	baseline	timing	measured_1	0	35.985965	35.888933	0.047985	125108	4	57a8507c498e199c51e4d018ab9d347257f39b1d9699e42636d9bd384a046f78	e3b0c44298fc1c149afbf4c8996fb92427ae41e4649b934ca495991b7852b855
chr22_500_guide_155	baseline	timing	measured_1	0	44.415157	44.356010	0.036025	124212	1	d7747e0db2e88e56e4a3767f47b5f9029bd6134aadc31b795c79eff5e14e67b8	e3b0c44298fc1c149afbf4c8996fb92427ae41e4649b934ca495991b7852b855
chr22_500_guide_156	baseline	timing	measured_1	0	34.212531	34.190841	0.032017	127004	4	41707f5dc15da2e7a571f8c8bd844c5166208fe2eaace0d20bfe1b07aa1d0ea2	e3b0c44298fc1c149afbf4c8996fb92427ae41e4649b934ca495991b7852b855
chr22_500_guide_157	baseline	timing	measured_1	0	36.687041	36.618312	0.051997	125576	1	643dc743fd75f3ec7b2e9f6c2d518d6bf6d7cc37ab7cc77ead9e6846ae592d90	e3b0c44298fc1c149afbf4c8996fb92427ae41e4649b934ca495991b7852b855
chr22_500_guide_158	baseline	timing	measured_1	0	39.869722	39.817106	0.032004	125108	1	c25a6440be62186e25b0f165358d0d0900b923751f80af6ee5c27f0f29a85af6	e3b0c44298fc1c149afbf4c8996fb92427ae41e4649b934ca495991b7852b855
chr22_500_guide_159	baseline	timing	measured_1	0	36.666813	36.553221	0.059975	124028	2	3d4992720176e3388daa5c560bb15dec7cf3951b67550e05820230c38661f0a7	e3b0c44298fc1c149afbf4c8996fb92427ae41e4649b934ca495991b7852b855
chr22_500_guide_160	baseline	timing	measured_1	0	38.016253	37.885112	0.095972	124044	1	d6d96d826bcbd4b301c0c87e16f31ad41389f1c8474f50d3699184cfe7acda7a	e3b0c44298fc1c149afbf4c8996fb92427ae41e4649b934ca495991b7852b855
chr22_500_guide_161	baseline	timing	measured_1	0	36.283655	35.857232	0.379928	125748	1	4ae747e8d2a44a4137f700664493d395d2b602c7f46ee11e639e12aab1a96bf3	e3b0c44298fc1c149afbf4c8996fb92427ae41e4649b934ca495991b7852b855
chr22_500_guide_162	baseline	timing	measured_1	0	40.803698	40.759322	0.012000	124000	1	b69419482bbafe6e1bcaa11e5797437af79964ee051c788015805b30820e8298	e3b0c44298fc1c149afbf4c8996fb92427ae41e4649b934ca495991b7852b855
chr22_500_guide_163	baseline	timing	measured_1	0	37.444201	37.246389	0.175992	124008	1	0effc63d85fa97f691908ce0321ab857ae6f08fabd2480f35c83ff81e76c9f0e	e3b0c44298fc1c149afbf4c8996fb92427ae41e4649b934ca495991b7852b855
chr22_500_guide_164	baseline	timing	measured_1	0	41.501028	39.827342	0.059992	124068	1	46e7f3e1a96998b4b736b1eec08088a85a8308019dae7439865ffb87c1184f73	e3b0c44298fc1c149afbf4c8996fb92427ae41e4649b934ca495991b7852b855
chr22_500_guide_165	baseline	timing	measured_1	0	40.043991	39.583719	0.327931	124020	1	d886af1f304911c13510c5ed489b15bb3ee85e388b776d06e045ba0c930a5f2b	e3b0c44298fc1c149afbf4c8996fb92427ae41e4649b934ca495991b7852b855
chr22_500_guide_166	baseline	timing	measured_1	0	34.309349	34.256048	0.024002	125300	44	dc3018a72e7ce02a7ac7ec80d1b06fc3b73c3a8ab079e32e046eee0788230bbd	e3b0c44298fc1c149afbf4c8996fb92427ae41e4649b934ca495991b7852b855
chr22_500_guide_167	baseline	timing	measured_1	0	41.259705	41.096335	0.055995	125036	1	cee264189907b3df5df36df18bf77367d70c9e3307ae209d7154fde9dfbc47a5	e3b0c44298fc1c149afbf4c8996fb92427ae41e4649b934ca495991b7852b855
chr22_500_guide_168	baseline	timing	measured_1	0	41.334707	41.141020	0.043996	125160	1	b799f84402b88ca7eda644ce1b5b5eb56c02b09c04d62fc51c4c70dc76c6b583	e3b0c44298fc1c149afbf4c8996fb92427ae41e4649b934ca495991b7852b855
chr22_500_guide_169	baseline	timing	measured_1	0	39.958598	39.813676	0.059996	125172	1	0862c816f1aa3cfd555719d81c501eb6f39d78bb01666b474f7b06bc78888790	e3b0c44298fc1c149afbf4c8996fb92427ae41e4649b934ca495991b7852b855
chr22_500_guide_170	baseline	timing	measured_1	0	38.126315	38.017588	0.071965	124084	1	99438952a76160fd91fde79eb2d1ef722599296aaf8bac56414ccb53df45a0b4	e3b0c44298fc1c149afbf4c8996fb92427ae41e4649b934ca495991b7852b855
chr22_500_guide_171	baseline	timing	measured_1	0	34.015836	33.910198	0.063996	124140	1	e317429f77c005e356a722479e453cca3360caf415324867267d86c234fd9a0c	e3b0c44298fc1c149afbf4c8996fb92427ae41e4649b934ca495991b7852b855
chr22_500_guide_172	baseline	timing	measured_1	0	36.963739	36.837517	0.047991	123896	1	e5b0c29742d6b80c7f8138b85ad44dd8d26b1f837257324c59b7b25c2967eb08	e3b0c44298fc1c149afbf4c8996fb92427ae41e4649b934ca495991b7852b855
chr22_500_guide_173	baseline	timing	measured_1	0	39.682803	38.949245	0.675952	125196	10	a8dc62675b8071ea431c2a3a7f1b9d1040c76477ab30b8bdab2879c9ac4038dd	e3b0c44298fc1c149afbf4c8996fb92427ae41e4649b934ca495991b7852b855
chr22_500_guide_174	baseline	timing	measured_1	0	38.244692	38.150801	0.079989	124312	66	c867cd4ee39ff216acadcaeb5b2b351904393dc6b35d5ed707642854dc83a01d	e3b0c44298fc1c149afbf4c8996fb92427ae41e4649b934ca495991b7852b855
chr22_500_guide_175	baseline	timing	measured_1	0	43.760634	43.626416	0.083996	124040	1	3a2a9a535dccffd342eaaba6ec06067374dae64ca7889222dcde00af5c440547	e3b0c44298fc1c149afbf4c8996fb92427ae41e4649b934ca495991b7852b855
chr22_500_guide_176	baseline	timing	measured_1	0	38.569082	38.478408	0.008000	125400	1	6b2b73f521ab30bc9f66dd52de9bfe397a214246ef85ca25fe53c3a46bf2510e	e3b0c44298fc1c149afbf4c8996fb92427ae41e4649b934ca495991b7852b855
chr22_500_guide_177	baseline	timing	measured_1	0	39.491419	39.426934	0.023999	125840	1	d6b0fb83ee8856732fea46f66b13f7259eb296d82bfc9c1b649d294580993c11	e3b0c44298fc1c149afbf4c8996fb92427ae41e4649b934ca495991b7852b855
chr22_500_guide_178	baseline	timing	measured_1	0	43.300040	43.228030	0.035993	125228	1	d902219eeefe3ff64202f082d0493776f51eb4ff2b0f1167c0e670f923533dc4	e3b0c44298fc1c149afbf4c8996fb92427ae41e4649b934ca495991b7852b855
chr22_500_guide_179	baseline	timing	measured_1	0	35.930385	35.908003	0.008000	124348	2	443eb2e109c7ead1fb87ffc5b4717052c5d61921e4718b70ea3aef670060f0d6	e3b0c44298fc1c149afbf4c8996fb92427ae41e4649b934ca495991b7852b855
chr22_500_guide_180	baseline	timing	measured_1	0	42.283396	42.223103	0.019997	127524	1	458362f7cd5e3313975f59a9b5fcfc0752b491681a6e3bfcc210c9fb46bd7d1e	e3b0c44298fc1c149afbf4c8996fb92427ae41e4649b934ca495991b7852b855
chr22_500_guide_181	baseline	timing	measured_1	0	38.708261	38.654755	0.031998	124052	1	bd12ccac3bcfe83190a4a57e0c78ff819ffd24d8f03895aa6c4610029187f937	e3b0c44298fc1c149afbf4c8996fb92427ae41e4649b934ca495991b7852b855
chr22_500_guide_182	baseline	timing	measured_1	0	36.690739	35.599346	0.023996	125516	65	531c1b7b3de968da3348bf840baf458fe9cdf431a72dd84a883d9181a4720a26	e3b0c44298fc1c149afbf4c8996fb92427ae41e4649b934ca495991b7852b855
chr22_500_guide_183	baseline	timing	measured_1	0	37.095156	37.010638	0.039994	126036	1	87a59470956d0b27daf38e5e39ded5e150cdea0e868b3bb38ed13ec71694f010	e3b0c44298fc1c149afbf4c8996fb92427ae41e4649b934ca495991b7852b855
chr22_500_guide_184	baseline	timing	measured_1	0	44.775914	44.691142	0.043987	124192	2	63d6cd29cb7467d7766f34eb3e5fc1d69b1b395b993a76b0bbcfc4be9deffb04	e3b0c44298fc1c149afbf4c8996fb92427ae41e4649b934ca495991b7852b855
chr22_500_guide_185	baseline	timing	measured_1	0	38.195373	38.115525	0.023999	125512	26	95b8d15842bbb4833716aaf068f7557567aa14a17442091b35dd25158d78e05c	e3b0c44298fc1c149afbf4c8996fb92427ae41e4649b934ca495991b7852b855
chr22_500_guide_186	baseline	timing	measured_1	0	39.002062	38.917778	0.035997	125424	3	7d8d52ada474c77ec92888fd04abed74393d2818f80e25789addd2b709ba18dd	e3b0c44298fc1c149afbf4c8996fb92427ae41e4649b934ca495991b7852b855
chr22_500_guide_187	baseline	timing	measured_1	0	40.214708	39.544805	0.627949	125080	4	51a176042123342a4831eba8dca01b9000fbe062e0a6c2e88db63cc931977305	e3b0c44298fc1c149afbf4c8996fb92427ae41e4649b934ca495991b7852b855
chr22_500_guide_188	baseline	timing	measured_1	0	40.549858	40.441434	0.063995	125252	1	029b4bae64ebbe3decac5715b992bb89ceb0731276cd7cd8566eaca4250537b4	e3b0c44298fc1c149afbf4c8996fb92427ae41e4649b934ca495991b7852b855
chr22_500_guide_189	baseline	timing	measured_1	0	39.937542	39.838382	0.023999	125052	2	1a0a4c609cd5cf1946c36566a3f804c745395f17934a1617723121dc8047f381	e3b0c44298fc1c149afbf4c8996fb92427ae41e4649b934ca495991b7852b855
chr22_500_guide_190	baseline	timing	measured_1	0	37.815198	37.719922	0.039999	125804	11	3ec0f5a983ad12bb0b1f8ac3572e197bc9e1bd827889258e3cfbbf5c86e86c93	e3b0c44298fc1c149afbf4c8996fb92427ae41e4649b934ca495991b7852b855
chr22_500_guide_191	baseline	timing	measured_1	0	44.880010	44.771519	0.023997	127580	1	ec8c5f18d6d74bcaeb3d8a9231840ea7d431ef6bd61745bcd5ac037ce5c4b79e	e3b0c44298fc1c149afbf4c8996fb92427ae41e4649b934ca495991b7852b855
chr22_500_guide_192	baseline	timing	measured_1	0	37.410724	37.310285	0.035998	125780	11	954988cb7375212d81ebc6674f60a27db61dcfd6fb3a126b3811f3fde1ed2ae6	e3b0c44298fc1c149afbf4c8996fb92427ae41e4649b934ca495991b7852b855
chr22_500_guide_193	baseline	timing	measured_1	0	48.209942	48.126352	0.032001	125212	1	a699d8af011bf9deb858b41d0fae396d8cff7641f7f0fffbf757531340e4d266	e3b0c44298fc1c149afbf4c8996fb92427ae41e4649b934ca495991b7852b855
chr22_500_guide_194	baseline	timing	measured_1	0	44.509403	44.363745	0.087975	124120	4	acd324d561813e25329268cea5ef3cd65972ae8c88b93e0ca4c4d57a9dac8f3f	e3b0c44298fc1c149afbf4c8996fb92427ae41e4649b934ca495991b7852b855
chr22_500_guide_195	baseline	timing	measured_1	0	43.839978	43.687049	0.091997	124200	1	cac63da066aaf63d31569e7c953806e38e664ec0d4f305a178c2932f86cda903	e3b0c44298fc1c149afbf4c8996fb92427ae41e4649b934ca495991b7852b855
chr22_500_guide_196	baseline	timing	measured_1	0	49.260914	48.991041	0.195948	125500	1	9d313725a1565d5cfde76bfc23bd41168e8fdfe731f992e32e4e14928f1eba97	e3b0c44298fc1c149afbf4c8996fb92427ae41e4649b934ca495991b7852b855
chr22_500_guide_197	baseline	timing	measured_1	0	44.753781	44.670632	0.051989	125076	2	9eb85067d7a33bee8c8f49137a3e8ac1aec62426b1a9ddb3244bbec7c94ba60d	e3b0c44298fc1c149afbf4c8996fb92427ae41e4649b934ca495991b7852b855
chr22_500_guide_198	baseline	timing	measured_1	0	46.326127	46.122632	0.055954	123988	1	4390a33a35b7293befeadb9fa60eb9d4727d057633aeb9a93007f6581228ca97	e3b0c44298fc1c149afbf4c8996fb92427ae41e4649b934ca495991b7852b855
chr22_500_guide_199	baseline	timing	measured_1	0	38.609118	38.472170	0.027997	125264	1	1a9e47a73e5d927bda478b79a2e0b4fe3a9cb6a5e919786318654d9a3e5db97f	e3b0c44298fc1c149afbf4c8996fb92427ae41e4649b934ca495991b7852b855
chr22_500_guide_200	baseline	timing	measured_1	0	40.616074	40.579375	0.027999	124976	1	17756acd0a0ce54b4e745976cd31a47fd1c9f63f1661aa7d77bad966ffb5a944	e3b0c44298fc1c149afbf4c8996fb92427ae41e4649b934ca495991b7852b855
chr22_500_guide_201	baseline	timing	measured_1	0	36.099086	35.771785	0.211998	124228	2	d6d98b6aeb5f2c883f79b82c45d44de2fb34edbcf0b1e9d7b04b93f9e961419b	e3b0c44298fc1c149afbf4c8996fb92427ae41e4649b934ca495991b7852b855
chr22_500_guide_202	baseline	timing	measured_1	0	39.386192	39.094075	0.035998	125432	1	44bbd841c087139227d04935f12732bc62035e07484977bb2a50a49eea89c20d	e3b0c44298fc1c149afbf4c8996fb92427ae41e4649b934ca495991b7852b855
chr22_500_guide_203	baseline	timing	measured_1	0	36.869984	36.759000	0.035995	125308	1	3e8108b8109dce3b65881841a62543e3eb3ba821fff9bc76b9b5e43ac8c75d77	e3b0c44298fc1c149afbf4c8996fb92427ae41e4649b934ca495991b7852b855
chr22_500_guide_204	baseline	timing	measured_1	0	36.971110	35.835736	0.023999	124152	1	9d1a5247a3e3b449bea633b6b52c4bc96829551e72493f376f89f7886050d9a4	e3b0c44298fc1c149afbf4c8996fb92427ae41e4649b934ca495991b7852b855
chr22_500_guide_205	baseline	timing	measured_1	0	36.515142	36.249676	0.047991	124284	3	d5db0c5187db9eafb26b8874a7f234588abef20748b1e3c9300909a98f6ef9ad	e3b0c44298fc1c149afbf4c8996fb92427ae41e4649b934ca495991b7852b855
chr22_500_guide_206	baseline	timing	measured_1	0	37.439631	37.226938	0.060004	124996	1	0d05d9358e7eddcda81c0af29d014e6cbf29264f1da23b16a2ce4db5446e5bda	e3b0c44298fc1c149afbf4c8996fb92427ae41e4649b934ca495991b7852b855
chr22_500_guide_207	baseline	timing	measured_1	0	34.134724	33.905526	0.075994	125240	1	d3ec7c66bc10a3376e61eb42399a7bac83ea47eb29447109082383725c615d9d	e3b0c44298fc1c149afbf4c8996fb92427ae41e4649b934ca495991b7852b855
chr22_500_guide_208	baseline	timing	measured_1	0	38.291910	38.052496	0.183983	125252	1	5924fcb39f9667884df027edda8f627478be6271057a2d69844c736321e3169f	e3b0c44298fc1c149afbf4c8996fb92427ae41e4649b934ca495991b7852b855
chr22_500_guide_209	baseline	timing	measured_1	0	35.832463	35.703653	0.071991	124928	1	27efb82af164e4487a5cf1ccf7177efb814a97e6868618c2fb067d455ed85d72	e3b0c44298fc1c149afbf4c8996fb92427ae41e4649b934ca495991b7852b855
chr22_500_guide_210	baseline	timing	measured_1	0	35.496231	35.302677	0.051974	125676	1	410125d8cde9aa8559c2cafa33ee82e57d7a2a7be8aa4340940d389453d4aa13	e3b0c44298fc1c149afbf4c8996fb92427ae41e4649b934ca495991b7852b855
chr22_500_guide_211	baseline	timing	measured_1	0	38.852472	38.730372	0.087978	124208	1	41e46274a8dd6cb1d657fad47699c5e390b73ef35a2ecc76c39b610ebd936738	e3b0c44298fc1c149afbf4c8996fb92427ae41e4649b934ca495991b7852b855
chr22_500_guide_212	baseline	timing	measured_1	0	43.317341	43.249011	0.032000	125084	2	75ee181dc877025b1a277d0dde148dffea356dea31570c65c9071f2fb713e887	e3b0c44298fc1c149afbf4c8996fb92427ae41e4649b934ca495991b7852b855
chr22_500_guide_213	baseline	timing	measured_1	0	35.990210	35.901063	0.028000	125240	2	453049c36d105d5fc369042ca0ab1a96b8b895a916b5c2f187ec168c02aae659	e3b0c44298fc1c149afbf4c8996fb92427ae41e4649b934ca495991b7852b855
chr22_500_guide_214	baseline	timing	measured_1	0	39.204207	35.214510	0.387983	125792	4	7403f4081b4f88388590da82657c8370fdb9644b51d184ced412e397288beb43	e3b0c44298fc1c149afbf4c8996fb92427ae41e4649b934ca495991b7852b855
chr22_500_guide_215	baseline	timing	measured_1	0	44.829470	44.711189	0.035999	127060	1	63b76d0e58c2cecbbbcfe4992fd7ff1c45be184128a232ca263192df43d8669c	e3b0c44298fc1c149afbf4c8996fb92427ae41e4649b934ca495991b7852b855
chr22_500_guide_216	baseline	timing	measured_1	0	38.506840	38.444770	0.028000	125156	1	e266b204a7997147a3fd8f9d94740378fc9a8435605b2363e7555257caffd730	e3b0c44298fc1c149afbf4c8996fb92427ae41e4649b934ca495991b7852b855
chr22_500_guide_217	baseline	timing	measured_1	0	34.695628	34.557939	0.120006	124048	1	bf3ea3e4771c6389b495a35456fadd28c1e956c9034804a5821e52e1827a51ff	e3b0c44298fc1c149afbf4c8996fb92427ae41e4649b934ca495991b7852b855
chr22_500_guide_218	baseline	timing	measured_1	0	36.906732	36.565402	0.255981	124212	2	36c01c1a6474ac52f343fae4779e9be3cbc148c72932a20a98d199f0987ceea6	e3b0c44298fc1c149afbf4c8996fb92427ae41e4649b934ca495991b7852b855
chr22_500_guide_219	baseline	timing	measured_1	0	42.203042	42.032361	0.111990	125672	1	872f2f85baa7c28f5b262483d1218ee6344fc208ed78aec17d684a0eae7c0c68	e3b0c44298fc1c149afbf4c8996fb92427ae41e4649b934ca495991b7852b855
chr22_500_guide_220	baseline	timing	measured_1	0	39.030476	38.987972	0.031996	125676	2	5caccb6a555c66a357a84d81511bc5346d8c3386a9a53fd0ae08d0cfcf763064	e3b0c44298fc1c149afbf4c8996fb92427ae41e4649b934ca495991b7852b855
chr22_500_guide_221	baseline	timing	measured_1	0	35.278220	34.768909	0.463905	125152	1	72b47f3e3ff515f9d0c7166ead60950213736f749d386c6069b92560416c9c56	e3b0c44298fc1c149afbf4c8996fb92427ae41e4649b934ca495991b7852b855
chr22_500_guide_222	baseline	timing	measured_1	0	39.365820	39.184931	0.147988	125176	1	6f82a4b03c8a18fd06ca9940024af4ce0a01fb5e93ea9ba2feacab228c154786	e3b0c44298fc1c149afbf4c8996fb92427ae41e4649b934ca495991b7852b855
chr22_500_guide_223	baseline	timing	measured_1	0	42.405831	42.022587	0.179976	124156	1	7e528a989c31c40be279492b74efb2b32bbafcb76168ffa5ecf4da003dd2852c	e3b0c44298fc1c149afbf4c8996fb92427ae41e4649b934ca495991b7852b855
chr22_500_guide_224	baseline	timing	measured_1	0	38.500787	38.411140	0.047998	125348	22	f5d0c1a0dd59bf68e00647ef4359c0e5155e451ac49b7baeecbf3c4743d88be8	e3b0c44298fc1c149afbf4c8996fb92427ae41e4649b934ca495991b7852b855
chr22_500_guide_225	baseline	timing	measured_1	0	39.589345	39.437042	0.048001	124300	2	2256242036940b1116433901a0599960dc42ab0e478a65137c775e38bd0273a2	e3b0c44298fc1c149afbf4c8996fb92427ae41e4649b934ca495991b7852b855
chr22_500_guide_226	baseline	timing	measured_1	0	39.627028	39.518523	0.031998	126916	1	94662f76c5a2e1983e29f9285786131e7dfa5e0469adfc1d64b03f76edd026e8	e3b0c44298fc1c149afbf4c8996fb92427ae41e4649b934ca495991b7852b855
chr22_500_guide_227	baseline	timing	measured_1	0	34.126212	34.068426	0.039995	125200	1	22d5655df7a017b496eba42ed43213b203f8a0be1e2d8f176c1e3c5f3c371478	e3b0c44298fc1c149afbf4c8996fb92427ae41e4649b934ca495991b7852b855
chr22_500_guide_228	baseline	timing	measured_1	0	41.190360	41.135134	0.027996	125064	1	714554ca8eac6dff9bf1ea7bcd982ded36f466eaa79bea00a33e12ff4252393b	e3b0c44298fc1c149afbf4c8996fb92427ae41e4649b934ca495991b7852b855
chr22_500_guide_229	baseline	timing	measured_1	0	40.642425	40.567465	0.036003	125324	1	5dd95897a99de5c99923bee729265bb935a9a9c19c1fcf9fdf9f1a7f104c4420	e3b0c44298fc1c149afbf4c8996fb92427ae41e4649b934ca495991b7852b855
chr22_500_guide_230	baseline	timing	measured_1	0	41.562745	40.929850	0.575913	125536	71	adfd69a3ef88f06ef9717b3abd2a50aead96e172bedf9bd9bacaa5747b27a483	e3b0c44298fc1c149afbf4c8996fb92427ae41e4649b934ca495991b7852b855
chr22_500_guide_231	baseline	timing	measured_1	0	37.763306	37.704897	0.036000	124964	1	948dbfd6425bdb3088906f63eb868902942301af431fc9e95949314af66ff6d0	e3b0c44298fc1c149afbf4c8996fb92427ae41e4649b934ca495991b7852b855
chr22_500_guide_232	baseline	timing	measured_1	0	44.028986	43.955708	0.019999	125340	2	5a0c3d3934f0b3f158167a9dda4ed61e4b878613b55c83eba3a29cb122bb587f	e3b0c44298fc1c149afbf4c8996fb92427ae41e4649b934ca495991b7852b855
chr22_500_guide_233	baseline	timing	measured_1	0	38.023982	37.938465	0.035990	125248	1	ca51411298336dbdfe2d1022ed02e74028dfbcd2e0e397a8224fce4f6017af72	e3b0c44298fc1c149afbf4c8996fb92427ae41e4649b934ca495991b7852b855
chr22_500_guide_234	baseline	timing	measured_1	0	36.226180	36.035928	0.127999	124300	1	559f7e67d202d27824782db27afaef4c7023d13de9ac2f9e0d96441ac0764ef7	e3b0c44298fc1c149afbf4c8996fb92427ae41e4649b934ca495991b7852b855
chr22_500_guide_235	baseline	timing	measured_1	0	39.757512	39.673789	0.043997	125808	1	80326d781f5ecae351589ee4107bc2da49fa1ef20ecd12922b789c1f9c7c6bc1	e3b0c44298fc1c149afbf4c8996fb92427ae41e4649b934ca495991b7852b855
chr22_500_guide_236	baseline	timing	measured_1	0	37.150487	36.982231	0.031998	126980	1	6873e81c95093f02fe9950b0a4e16005b1a7677c0c2d1e08e409ac9fcee80573	e3b0c44298fc1c149afbf4c8996fb92427ae41e4649b934ca495991b7852b855
chr22_500_guide_237	baseline	timing	measured_1	0	39.137895	39.033315	0.047996	124248	1	0abb692cfa9f5a252fe3b1d2d8d9d08f6739c95819a20ad81f84a718487ff25a	e3b0c44298fc1c149afbf4c8996fb92427ae41e4649b934ca495991b7852b855
chr22_500_guide_238	baseline	timing	measured_1	0	35.297717	35.040467	0.247946	124360	1	bc3b9f3f86cc8bbd34d0a114947da783ee284f28a9a17754f8b3028fd08951a9	e3b0c44298fc1c149afbf4c8996fb92427ae41e4649b934ca495991b7852b855
chr22_500_guide_239	baseline	timing	measured_1	0	41.603545	41.414626	0.152009	125724	1	b06803d19ac167e2ad3b8c6242945d1284df798d5c097e179fbae26c172aed64	e3b0c44298fc1c149afbf4c8996fb92427ae41e4649b934ca495991b7852b855
chr22_500_guide_240	baseline	timing	measured_1	0	43.139024	42.883354	0.207996	126068	1	cd82c6f69d17ef93e8a39ab104e1fd06550b7e78cbabd6c112773fbb528ade2f	e3b0c44298fc1c149afbf4c8996fb92427ae41e4649b934ca495991b7852b855
chr22_500_guide_241	baseline	timing	measured_1	0	42.135254	42.035339	0.043999	123956	1	e37c211d0e5aef8879cc8a7d50e07e6c3225c140733fc907790bcb68cb40cc27	e3b0c44298fc1c149afbf4c8996fb92427ae41e4649b934ca495991b7852b855
chr22_500_guide_242	baseline	timing	measured_1	0	39.749070	39.602778	0.027999	125664	1	808b851e321fd57c9ed18955deffb0cd298667205fc930fb7b5e62d4518211e3	e3b0c44298fc1c149afbf4c8996fb92427ae41e4649b934ca495991b7852b855
chr22_500_guide_243	baseline	timing	measured_1	0	39.606734	39.542340	0.032001	125252	3	183882d3a63163e76a98ee38ccfea1b4877101dd283d80328c01c33dcd6c0e0b	e3b0c44298fc1c149afbf4c8996fb92427ae41e4649b934ca495991b7852b855
chr22_500_guide_244	baseline	timing	measured_1	0	38.136372	38.088178	0.023997	124296	1	6704622dd7912d569d9cfe0b9940b5008fe34c1bc6e7e7bb8fb80ed61ef81a18	e3b0c44298fc1c149afbf4c8996fb92427ae41e4649b934ca495991b7852b855
chr22_500_guide_245	baseline	timing	measured_1	0	37.289703	37.198469	0.044002	124312	2	cb579a674dd92426941fdd78265bc778c3ac339ad144f842dfb793904a34ca3d	e3b0c44298fc1c149afbf4c8996fb92427ae41e4649b934ca495991b7852b855
chr22_500_guide_246	baseline	timing	measured_1	0	36.928103	36.851615	0.035991	125184	2	50c9c70bb2ba41c14b8f52dd19268a1bf7a65cfa6ccefd7d86abea9175974411	e3b0c44298fc1c149afbf4c8996fb92427ae41e4649b934ca495991b7852b855
chr22_500_guide_247	baseline	timing	measured_1	0	40.600395	40.508055	0.039992	125284	1	98ddd5914fdce39e5c1fd0ce66277bfed0fed939ac7e85ad7cae4c1003db9a59	e3b0c44298fc1c149afbf4c8996fb92427ae41e4649b934ca495991b7852b855
chr22_500_guide_248	baseline	timing	measured_1	0	38.456023	37.513102	0.920027	123924	12	d8ae73e599a748f29fbb68ec4a4bad377248fdfede8f8198916013e34dae8d84	e3b0c44298fc1c149afbf4c8996fb92427ae41e4649b934ca495991b7852b855
chr22_500_guide_249	baseline	timing	measured_1	0	43.389933	42.934943	0.419989	125060	5	a927870513893ed201df2a16839cbe1d9efecc8532ac5c60b8d05a23cc103ad4	e3b0c44298fc1c149afbf4c8996fb92427ae41e4649b934ca495991b7852b855
chr22_500_guide_250	baseline	timing	measured_1	0	43.308807	43.192722	0.063995	125144	1	3a7597cc582f0a7be9eff099d86a4b5be941fbb6e265ffb9caa3883e9eb04a7d	e3b0c44298fc1c149afbf4c8996fb92427ae41e4649b934ca495991b7852b855
chr22_500_guide_251	baseline	timing	measured_1	0	44.301035	43.476739	0.096010	124076	1	0c3bb5f8913d9c96bb40ed3175b5838d5a29298d87c0429f6c483a88658f5cc7	e3b0c44298fc1c149afbf4c8996fb92427ae41e4649b934ca495991b7852b855
chr22_500_guide_252	baseline	timing	measured_1	0	43.220953	43.096266	0.075993	124060	6	d2e7a92bfb50218079e6a6b775436dd68b8e480fc2847b1ffbd3b9c602d92171	e3b0c44298fc1c149afbf4c8996fb92427ae41e4649b934ca495991b7852b855
chr22_500_guide_253	baseline	timing	measured_1	0	46.872569	46.633499	0.099960	124128	1	14ef5eacd0519bf8d6f3f1e421b2147ce2cef2d89992ac6bc3c0c6493049fd6f	e3b0c44298fc1c149afbf4c8996fb92427ae41e4649b934ca495991b7852b855
chr22_500_guide_254	baseline	timing	measured_1	0	43.798707	43.303341	0.267649	124072	1	a2299552cb699e14d2ae59955314a90bb8969bee46b6c9e47f326ce8511aa0d3	e3b0c44298fc1c149afbf4c8996fb92427ae41e4649b934ca495991b7852b855
chr22_500_guide_255	baseline	timing	measured_1	0	43.553916	43.250708	0.115985	123944	1	08f98f3ad365100ac1996a1ea822a2d4046f6814391006bbedb86aee8a7133c2	e3b0c44298fc1c149afbf4c8996fb92427ae41e4649b934ca495991b7852b855
chr22_500_guide_256	baseline	timing	measured_1	0	42.400712	41.751906	0.599653	124124	1	dc65ad43323263785a083294d17584c11e378d04f99c3a48ba1b50606118a885	e3b0c44298fc1c149afbf4c8996fb92427ae41e4649b934ca495991b7852b855
chr22_500_guide_257	baseline	timing	measured_1	0	48.036189	47.988464	0.016000	125520	3	1dc3fe38e261eb5a81651607855e4fd59c3f84e5a239a5c7dd4f1581946da31f	e3b0c44298fc1c149afbf4c8996fb92427ae41e4649b934ca495991b7852b855
chr22_500_guide_258	baseline	timing	measured_1	0	46.497633	46.010570	0.215936	124068	1	b743dcf20b0f8a4d8e1a343b97d48c58a0bc7fc4d1bb2a983a38d2078d740fcd	e3b0c44298fc1c149afbf4c8996fb92427ae41e4649b934ca495991b7852b855
chr22_500_guide_259	baseline	timing	measured_1	0	38.611488	38.410061	0.163957	124116	1	8ea5cafdf0d18eeade9b610505bed740032f18636ab57803898abcbe44cdd8e8	e3b0c44298fc1c149afbf4c8996fb92427ae41e4649b934ca495991b7852b855
chr22_500_guide_260	baseline	timing	measured_1	0	45.286129	45.149854	0.028001	125148	4	f78f8bfc1547840e498b2c5ab88016095e4836ab8f97b77506fd05dcb7e111f8	e3b0c44298fc1c149afbf4c8996fb92427ae41e4649b934ca495991b7852b855
chr22_500_guide_261	baseline	timing	measured_1	0	38.659300	38.077102	0.056001	124124	1	b839624aa5bb002a76b04ff4d05b7a0ec4ecea160053801ca45bcc541703762c	e3b0c44298fc1c149afbf4c8996fb92427ae41e4649b934ca495991b7852b855
chr22_500_guide_262	baseline	timing	measured_1	0	42.400634	42.266645	0.048003	127184	1	cab2ab2bbde4e365ef2454f22e0d08cd93e57c6b29ed335c1d62ceae307d4365	e3b0c44298fc1c149afbf4c8996fb92427ae41e4649b934ca495991b7852b855
chr22_500_guide_263	baseline	timing	measured_1	0	36.259998	36.166490	0.035998	125052	1	7f92fd7dddc708c2b3ec905f92a74e766b81d6ff9eaf13b4dc9c11ff5e96767a	e3b0c44298fc1c149afbf4c8996fb92427ae41e4649b934ca495991b7852b855
chr22_500_guide_264	baseline	timing	measured_1	0	45.737973	45.613347	0.067990	124496	926	438a8e4dd7a856d6eb4378eeddd966102129b05cdd31a850992a15cd650a1643	e3b0c44298fc1c149afbf4c8996fb92427ae41e4649b934ca495991b7852b855
chr22_500_guide_265	baseline	timing	measured_1	0	44.656585	44.538573	0.051993	124056	6	125d1caaed6ad1ede4b9fe8544864470ca331c5c37a0fb80c6da1d0de7797b52	e3b0c44298fc1c149afbf4c8996fb92427ae41e4649b934ca495991b7852b855
chr22_500_guide_266	baseline	timing	measured_1	0	37.474799	37.261432	0.131990	123992	1	ee0724b7721eeb7026f8ec19f3741fc6026e209f17c8c1dfd45658c19daffca8	e3b0c44298fc1c149afbf4c8996fb92427ae41e4649b934ca495991b7852b855
chr22_500_guide_267	baseline	timing	measured_1	0	40.000367	39.847450	0.079990	124016	1	30ceab938998e2f8848144534fd4b41a8e46e76dd1f2040915462ed81ff96f96	e3b0c44298fc1c149afbf4c8996fb92427ae41e4649b934ca495991b7852b855
chr22_500_guide_268	baseline	timing	measured_1	0	37.845841	37.652332	0.179982	124020	13	6cbc11eb9208651f05db2d630c407975e4e59caf923a8df7511bdf798321f4a2	e3b0c44298fc1c149afbf4c8996fb92427ae41e4649b934ca495991b7852b855
chr22_500_guide_269	baseline	timing	measured_1	0	41.833225	41.625249	0.168005	124092	2	58c49dde1eaa0144f6f3a7fd849f04293c333945f324fde2c58c4b6d1d9f8f82	e3b0c44298fc1c149afbf4c8996fb92427ae41e4649b934ca495991b7852b855
chr22_500_guide_270	baseline	timing	measured_1	0	42.334909	42.257939	0.023996	125660	1	4e885841e492e9cb2b9b1fe0d7ac9a863940cb7bae26336cd428bcb7378430a8	e3b0c44298fc1c149afbf4c8996fb92427ae41e4649b934ca495991b7852b855
chr22_500_guide_271	baseline	timing	measured_1	0	40.881345	40.836861	0.032000	125144	1	0247a06f38ead69247c929d76c572e2db952d690368c7445d6cbc0b32f284eff	e3b0c44298fc1c149afbf4c8996fb92427ae41e4649b934ca495991b7852b855
chr22_500_guide_272	baseline	timing	measured_1	0	43.019018	42.828171	0.163985	124024	1	c0af294e02eedfcb766e740085eb1dc5f88ebc5938b16fce276fc72aad58dca5	e3b0c44298fc1c149afbf4c8996fb92427ae41e4649b934ca495991b7852b855
chr22_500_guide_273	baseline	timing	measured_1	0	46.863763	46.740034	0.099974	124048	1	a3d6cd5055990fc10a7f55f785689720f3a06133f1b0f4568f98749ce2751038	e3b0c44298fc1c149afbf4c8996fb92427ae41e4649b934ca495991b7852b855
chr22_500_guide_274	baseline	timing	measured_1	0	46.041628	45.869377	0.131992	123936	1	6687d14031a23ac70963eea659c8529b893e7f0089817aa41e700050f9a07324	e3b0c44298fc1c149afbf4c8996fb92427ae41e4649b934ca495991b7852b855
chr22_500_guide_275	baseline	timing	measured_1	0	34.254577	34.112801	0.136019	124020	1	4ec6baaeae2aa70e532904fcfd4c142948c7cdfeac73dda04d4fd531212f17f6	e3b0c44298fc1c149afbf4c8996fb92427ae41e4649b934ca495991b7852b855
chr22_500_guide_276	baseline	timing	measured_1	0	39.187139	39.044425	0.056000	124004	1	6a496ea64944f03d6155e9304a84fa64e904aaee2ce382727a522cf4526fd476	e3b0c44298fc1c149afbf4c8996fb92427ae41e4649b934ca495991b7852b855
chr22_500_guide_277	baseline	timing	measured_1	0	44.403915	44.316159	0.035996	125236	1	3cfcc8189860be2c8d7d759f26bc1880f98e596a26b63ff55d7eae6897aa9216	e3b0c44298fc1c149afbf4c8996fb92427ae41e4649b934ca495991b7852b855
chr22_500_guide_278	baseline	timing	measured_1	0	43.353964	43.232105	0.047995	125724	1	4a6cdc3b90d2775c2496444fab6f836151cd422ec2c82a9bf758cde5414f2417	e3b0c44298fc1c149afbf4c8996fb92427ae41e4649b934ca495991b7852b855
chr22_500_guide_279	baseline	timing	measured_1	0	39.044273	38.889500	0.051996	124144	2	19fa7f82f9fb43d2cfd92618603432693d6fab216cc3440c559166905e949302	e3b0c44298fc1c149afbf4c8996fb92427ae41e4649b934ca495991b7852b855
chr22_500_guide_280	baseline	timing	measured_1	0	41.016129	40.280694	0.667878	125256	1	69b844b93cc461829c55614686b48ad023280711014412f5c486fbcbc19cb86e	e3b0c44298fc1c149afbf4c8996fb92427ae41e4649b934ca495991b7852b855
chr22_500_guide_281	baseline	timing	measured_1	0	35.394552	35.307203	0.051998	125668	1	a9fa224f0195b3893caf93e1c0b8cc17844e550145c38de073e1d229cf7694fb	e3b0c44298fc1c149afbf4c8996fb92427ae41e4649b934ca495991b7852b855
chr22_500_guide_282	baseline	timing	measured_1	0	44.282992	44.150239	0.064003	127164	1	e53f6cca18329d7598017397133878d420010d56cbf6c1bf8f2b136e95bbb077	e3b0c44298fc1c149afbf4c8996fb92427ae41e4649b934ca495991b7852b855
chr22_500_guide_283	baseline	timing	measured_1	0	44.935732	44.722584	0.124007	124100	47	ae3ca86ece2af8c1e764664fe6db82d19e2cf8a29fa0a43ffd92b82eda74d3cb	e3b0c44298fc1c149afbf4c8996fb92427ae41e4649b934ca495991b7852b855
chr22_500_guide_284	baseline	timing	measured_1	0	36.738054	36.676283	0.027997	125360	3	a5b68e62ac40ee9e933602a099170807e0b1bf736499b92d9b4531f8bd5ce2d2	e3b0c44298fc1c149afbf4c8996fb92427ae41e4649b934ca495991b7852b855
chr22_500_guide_285	baseline	timing	measured_1	0	40.930835	37.912954	0.075985	125268	1	1bf3bce9877ba3ed3c12502aa3023e01f5304f64b9a3663190271da34a300628	e3b0c44298fc1c149afbf4c8996fb92427ae41e4649b934ca495991b7852b855
chr22_500_guide_286	baseline	timing	measured_1	0	38.100426	37.202168	0.023998	125372	16	30cd3bed8a1ff146ae53f84ac140e5fd63d22ac697d6e39d632f98097c09ebf1	e3b0c44298fc1c149afbf4c8996fb92427ae41e4649b934ca495991b7852b855
chr22_500_guide_287	baseline	timing	measured_1	0	43.972811	43.869918	0.031995	125380	102	d529ba9cda8a5e1e56958b555bf2dcf2347fcd4bfc1057c68153de1e98a8ac43	e3b0c44298fc1c149afbf4c8996fb92427ae41e4649b934ca495991b7852b855
chr22_500_guide_288	baseline	timing	measured_1	0	38.667581	38.509339	0.047991	126896	1	b7517a16df61180265ec10a20cb33a003c3ea568992073591f20e96d81391119	e3b0c44298fc1c149afbf4c8996fb92427ae41e4649b934ca495991b7852b855
chr22_500_guide_289	baseline	timing	measured_1	0	37.679753	37.581372	0.044001	125264	1	d9219c3b6740e22448b806b2c7c9eac232d8371a0a1aa50f40645ce369f669dc	e3b0c44298fc1c149afbf4c8996fb92427ae41e4649b934ca495991b7852b855
chr22_500_guide_290	baseline	timing	measured_1	0	40.932482	40.847294	0.035999	127464	1	d7e9813af3f2368064a2285d3e56a0325aba8653c021fdaae43d3d6bd660754c	e3b0c44298fc1c149afbf4c8996fb92427ae41e4649b934ca495991b7852b855
chr22_500_guide_291	baseline	timing	measured_1	0	40.320826	40.013817	0.220009	125572	1	800382f6b1e1f5501a4440ffaf65afb9d88391aa57625459a1825e4cf7ba87a1	e3b0c44298fc1c149afbf4c8996fb92427ae41e4649b934ca495991b7852b855
chr22_500_guide_292	baseline	timing	measured_1	0	39.471247	38.871026	0.527769	125764	1	5941dd24b1361301897320aac40154d572007d35f9b20166ac32f6d1231e2acd	e3b0c44298fc1c149afbf4c8996fb92427ae41e4649b934ca495991b7852b855
chr22_500_guide_293	baseline	timing	measured_1	0	41.648789	41.226586	0.343988	126916	1	a6e8f7dbe8440152b018e778c86e594c220662576f7388bf74086116bfb557b5	e3b0c44298fc1c149afbf4c8996fb92427ae41e4649b934ca495991b7852b855
chr22_500_guide_294	baseline	timing	measured_1	0	41.857299	41.669862	0.039994	125228	1	dab4e592ef1445cf45b46075f9efbba95f9bfc2d670471fca86e90e48d9e7fa9	e3b0c44298fc1c149afbf4c8996fb92427ae41e4649b934ca495991b7852b855
chr22_500_guide_295	baseline	timing	measured_1	0	35.147259	35.055713	0.043994	125288	1	2d77b320ec43b12ee3f6094ded8591196f9a7acd33e7308010ac9edce4593dcd	e3b0c44298fc1c149afbf4c8996fb92427ae41e4649b934ca495991b7852b855
chr22_500_guide_296	baseline	timing	measured_1	0	36.445963	36.330684	0.039989	125016	1	da3687baf79f356a7107d728d14228a0dd66bfc10a9e5ee4b96bded376c6c3f6	e3b0c44298fc1c149afbf4c8996fb92427ae41e4649b934ca495991b7852b855
chr22_500_guide_297	baseline	timing	measured_1	0	41.232753	41.138454	0.036002	125720	1	67d715df04795b597b55d1e6f751ac48727e34c17090a29c4f40831563d3c69a	e3b0c44298fc1c149afbf4c8996fb92427ae41e4649b934ca495991b7852b855
chr22_500_guide_298	baseline	timing	measured_1	0	40.097581	40.022195	0.019999	127080	1	96bacc0c5f62f5ee3cb64d6560e882e64673267447e8714383a4ab744f1c99a8	e3b0c44298fc1c149afbf4c8996fb92427ae41e4649b934ca495991b7852b855
chr22_500_guide_299	baseline	timing	measured_1	0	40.222644	40.044980	0.031936	126952	1	1eba404868f62a6cddb13fd737dc01862933045368e97c33d9d65d18860a5cba	e3b0c44298fc1c149afbf4c8996fb92427ae41e4649b934ca495991b7852b855
chr22_500_guide_300	baseline	timing	measured_1	0	38.442489	38.342316	0.028001	124276	1	14d7ad904267e9f27e192421458cd4c9b704e3a66f504d917fb35a619fd91865	e3b0c44298fc1c149afbf4c8996fb92427ae41e4649b934ca495991b7852b855
chr22_500_guide_301	baseline	timing	measured_1	0	37.230983	36.880344	0.308002	125172	5	d07a1cb21dd959e5a8d20fa90977b6e378b6bd571c9a955c95b32d23d56c527a	e3b0c44298fc1c149afbf4c8996fb92427ae41e4649b934ca495991b7852b855
chr22_500_guide_302	baseline	timing	measured_1	0	38.026943	37.980647	0.023997	125096	1	d3783eb23d426c2c0580af71666746b5222070a22a5f6ccc626b4f5f194c85e3	e3b0c44298fc1c149afbf4c8996fb92427ae41e4649b934ca495991b7852b855
chr22_500_guide_303	baseline	timing	measured_1	0	35.473748	35.376849	0.035996	124220	1	9246314add68bcb309196485353ca32264aa9d97b65d40e3825659e7fa9e07c5	e3b0c44298fc1c149afbf4c8996fb92427ae41e4649b934ca495991b7852b855
chr22_500_guide_304	baseline	timing	measured_1	0	37.409606	37.338256	0.027995	124324	1	c4733a0adb33265b42f1ea521dc40264cba04876a6f6679bbc39519cf0338918	e3b0c44298fc1c149afbf4c8996fb92427ae41e4649b934ca495991b7852b855
chr22_500_guide_305	baseline	timing	measured_1	0	34.758219	34.696627	0.020000	125312	21	1abd128ff542b88efbb448de8a560f284db21b8a068956b649819d3fd04b45d8	e3b0c44298fc1c149afbf4c8996fb92427ae41e4649b934ca495991b7852b855
chr22_500_guide_306	baseline	timing	measured_1	0	45.469176	45.423222	0.019997	125240	1	6a309defbbe5f08abe920ac12a2c13155098f57994aeb2c767ac2a830d0db569	e3b0c44298fc1c149afbf4c8996fb92427ae41e4649b934ca495991b7852b855
chr22_500_guide_307	baseline	timing	measured_1	0	41.545581	41.442714	0.047998	127608	1	9600eb890ca0d1d43f7656d7c3b247fcb0b36ee444a3a6e1db8fb2b17ec4905e	e3b0c44298fc1c149afbf4c8996fb92427ae41e4649b934ca495991b7852b855
chr22_500_guide_308	baseline	timing	measured_1	0	35.568823	35.384741	0.032000	124356	1	4832e7aa711ccdac22496f6cb8a979eec30369c372fca1b6aba1e3edfb12e8a1	e3b0c44298fc1c149afbf4c8996fb92427ae41e4649b934ca495991b7852b855
chr22_500_guide_309	baseline	timing	measured_1	0	38.465041	38.269650	0.087976	125412	2	e0ea85c97e994ad6b9ba6eb50fc39b34e24e2ceef5dd53147909795eac770a72	e3b0c44298fc1c149afbf4c8996fb92427ae41e4649b934ca495991b7852b855
chr22_500_guide_310	baseline	timing	measured_1	0	38.345730	38.175842	0.039999	125036	1	6535286bd318c12e4be70453ccc7d1c063c4e2a4f73eeeb18ca81403b343aa14	e3b0c44298fc1c149afbf4c8996fb92427ae41e4649b934ca495991b7852b855
chr22_500_guide_311	baseline	timing	measured_1	0	40.706697	40.454440	0.163993	125572	2	7961773ecc533d0844639ea262d71f5383891afc03bdbad9d08a2cacd714a3c1	e3b0c44298fc1c149afbf4c8996fb92427ae41e4649b934ca495991b7852b855
chr22_500_guide_312	baseline	timing	measured_1	0	40.925584	40.406855	0.503935	125908	1	6277afa4b9349b6787fb9412e1072d4091ce90d200a90b3e74c1764882da95fa	e3b0c44298fc1c149afbf4c8996fb92427ae41e4649b934ca495991b7852b855
chr22_500_guide_313	baseline	timing	measured_1	0	36.153643	36.061601	0.051996	125288	1	c4ca7ddc636638d7005d3e187756ba84185296e1c2585b41d0a7a856e2606213	e3b0c44298fc1c149afbf4c8996fb92427ae41e4649b934ca495991b7852b855
chr22_500_guide_314	baseline	timing	measured_1	0	45.206938	44.505659	0.040001	127104	1	a2eb1dfaf7ba7e176fe1c242346652aa7a1166c410da2c5736b9d5677fc8a13f	e3b0c44298fc1c149afbf4c8996fb92427ae41e4649b934ca495991b7852b855
chr22_500_guide_315	baseline	timing	measured_1	0	40.660858	40.526494	0.051992	124304	1	3d96c21755e994f100780beab6f0ddd4428febb86225f1f6d35991b5ca1cbb8d	e3b0c44298fc1c149afbf4c8996fb92427ae41e4649b934ca495991b7852b855
chr22_500_guide_316	baseline	timing	measured_1	0	39.456243	39.392264	0.028000	125072	19	beda36680639225334e1607079c121b9190b3ca2e2568c1f808a5fe780d0b339	e3b0c44298fc1c149afbf4c8996fb92427ae41e4649b934ca495991b7852b855
chr22_500_guide_317	baseline	timing	measured_1	0	36.781893	36.713530	0.047991	125160	1	199b4cdcf8c5032c951850e7cb976ec2771edcaac16079c8f1ad422ea45e52c2	e3b0c44298fc1c149afbf4c8996fb92427ae41e4649b934ca495991b7852b855
chr22_500_guide_318	baseline	timing	measured_1	0	36.534267	36.480389	0.028000	126084	1	b38f02456f345d872287da7f74b53691b169eb255cc35d11d103c308c700d2eb	e3b0c44298fc1c149afbf4c8996fb92427ae41e4649b934ca495991b7852b855
chr22_500_guide_319	baseline	timing	measured_1	0	43.740607	43.668392	0.047996	124920	1	8563fc61dbbd0d60d302841d7a8b30a35df84832e0dff341b56de54c3f033908	e3b0c44298fc1c149afbf4c8996fb92427ae41e4649b934ca495991b7852b855
chr22_500_guide_320	baseline	timing	measured_1	0	36.266298	36.192683	0.028000	125216	1	c2e1e987296dcbb577c4b7951bfb8b1995247a8821cc87ff854132058dc825ac	e3b0c44298fc1c149afbf4c8996fb92427ae41e4649b934ca495991b7852b855
chr22_500_guide_321	baseline	timing	measured_1	0	37.168556	37.057394	0.059989	125996	1	892cbd65261cab1dd9eba0484885dfe844de435deb75ad1f5e1f4399d276ae48	e3b0c44298fc1c149afbf4c8996fb92427ae41e4649b934ca495991b7852b855
chr22_500_guide_322	baseline	timing	measured_1	0	38.648299	38.575634	0.027999	125160	1	396abb3fe32a2f2146132ac394667b66997edeab77b936030f6112ddf78f1c57	e3b0c44298fc1c149afbf4c8996fb92427ae41e4649b934ca495991b7852b855
chr22_500_guide_323	baseline	timing	measured_1	0	35.323653	35.113402	0.120004	127108	1	4a6f7a313e251182f276be210f99075cb7bfa5275fa278d132ac27df6e713db1	e3b0c44298fc1c149afbf4c8996fb92427ae41e4649b934ca495991b7852b855
chr22_500_guide_324	baseline	timing	measured_1	0	42.406989	41.415795	0.035985	127204	1	cbbe558a8ebcdafac709628c3f691e809429843d257c707fd153017cacda4ecc	e3b0c44298fc1c149afbf4c8996fb92427ae41e4649b934ca495991b7852b855
chr22_500_guide_325	baseline	timing	measured_1	0	41.085459	40.969788	0.031992	124300	3	8d16991bc618dd19ca977eb9d9a3d9f991d0a66b5e79ff3df88a0dcf3eee5bee	e3b0c44298fc1c149afbf4c8996fb92427ae41e4649b934ca495991b7852b855
chr22_500_guide_326	baseline	timing	measured_1	0	41.969177	41.932099	0.020000	124136	1	b2d49d7c3ccb583fac522482ca0d20527789ac77a349156625a99eff436ed534	e3b0c44298fc1c149afbf4c8996fb92427ae41e4649b934ca495991b7852b855
chr22_500_guide_327	baseline	timing	measured_1	0	37.043920	36.942670	0.016001	125292	1	81f44fc4ec1edbc9b9ab1035ba9d69b00400930d5350fca627234e150e86c644	e3b0c44298fc1c149afbf4c8996fb92427ae41e4649b934ca495991b7852b855
chr22_500_guide_328	baseline	timing	measured_1	0	36.499708	35.954513	0.479766	125992	1	4802296ebbba9922a4ece696902be06427691049808ba406ed873a9a4a219f9c	e3b0c44298fc1c149afbf4c8996fb92427ae41e4649b934ca495991b7852b855
chr22_500_guide_329	baseline	timing	measured_1	0	43.838701	43.296160	0.515954	125308	1	53160558bcc9bae1eddb3a7544f10009a4e838edc9a42ac6c0ff63bb0706fc0f	e3b0c44298fc1c149afbf4c8996fb92427ae41e4649b934ca495991b7852b855
chr22_500_guide_330	baseline	timing	measured_1	0	39.143640	39.016030	0.039995	125276	1	d4d719db9cf60d1d26c2a77552cfa85928b794088821836441391b9cbf90324e	e3b0c44298fc1c149afbf4c8996fb92427ae41e4649b934ca495991b7852b855
chr22_500_guide_331	baseline	timing	measured_1	0	43.336528	43.112630	0.087936	124340	1	5c1209b8d42788f36eb44042fff56635d97feee4c31dd62f64f13b68b55cf21e	e3b0c44298fc1c149afbf4c8996fb92427ae41e4649b934ca495991b7852b855
chr22_500_guide_332	baseline	timing	measured_1	0	41.303666	41.180788	0.064001	126104	1	29c4772e4107ff2db3e3247ecda31600cd1ffb80dd80301655f834bbee283d9d	e3b0c44298fc1c149afbf4c8996fb92427ae41e4649b934ca495991b7852b855
chr22_500_guide_333	baseline	timing	measured_1	0	37.594199	37.453030	0.079993	124264	1	0229a4fc79d3d37ddda05a4910899ff60fcd29aa41d3690d08b235deae1dd329	e3b0c44298fc1c149afbf4c8996fb92427ae41e4649b934ca495991b7852b855
chr22_500_guide_334	baseline	timing	measured_1	0	43.661044	43.593455	0.031998	124992	1	3e06c516c97d7d73f713b948e4ae2d850b9f95bb21edf7115970f95a2a44c88b	e3b0c44298fc1c149afbf4c8996fb92427ae41e4649b934ca495991b7852b855
chr22_500_guide_335	baseline	timing	measured_1	0	34.578878	34.326842	0.191948	125484	4	a4be7ac9902481c62f785482d396500555aeccb79607c9662ef20aff907385ce	e3b0c44298fc1c149afbf4c8996fb92427ae41e4649b934ca495991b7852b855
chr22_500_guide_336	baseline	timing	measured_1	0	40.455731	40.113144	0.295949	125624	2	50ccc63b38ee716d2737d977e6f3408dfce387328b217e21703d95388f86432a	e3b0c44298fc1c149afbf4c8996fb92427ae41e4649b934ca495991b7852b855
chr22_500_guide_337	baseline	timing	measured_1	0	40.508716	40.200981	0.252006	124040	1	55435a5f33dd9d0e307a3acbca8e33480145e2cff41751aa697bcad2c269889e	e3b0c44298fc1c149afbf4c8996fb92427ae41e4649b934ca495991b7852b855
chr22_500_guide_338	baseline	timing	measured_1	0	41.115643	40.873421	0.195987	124140	2	d39c5b6762aa09453e14f55e106ab300ceb4955ee3d73b381937cbf2220ed042	e3b0c44298fc1c149afbf4c8996fb92427ae41e4649b934ca495991b7852b855
chr22_500_guide_339	baseline	timing	measured_1	0	39.548866	39.119861	0.391998	125272	1	b5a14cce7e770e9c1ee2fef328720dcef66c7a959853bd5a6a6adf9fbc70ffb5	e3b0c44298fc1c149afbf4c8996fb92427ae41e4649b934ca495991b7852b855
chr22_500_guide_340	baseline	timing	measured_1	0	41.153991	41.026230	0.031998	127088	1	922985e3fca731f38882f32a1706760924853766b2a2e0c607c0dae6f012035d	e3b0c44298fc1c149afbf4c8996fb92427ae41e4649b934ca495991b7852b855
chr22_500_guide_341	baseline	timing	measured_1	0	39.967905	39.864578	0.028000	125736	1	7886c91b47b2d45bc063b2e8ad0e317027b6f77a80681247d1bb8098e3d93f91	e3b0c44298fc1c149afbf4c8996fb92427ae41e4649b934ca495991b7852b855
chr22_500_guide_342	baseline	timing	measured_1	0	41.092295	41.003925	0.051999	125928	63	0d2377806d0dbab21b05fd2305cbf480ab361f27db8755d6dcdace472a20cf05	e3b0c44298fc1c149afbf4c8996fb92427ae41e4649b934ca495991b7852b855
chr22_500_guide_343	baseline	timing	measured_1	0	38.183346	38.071167	0.063998	125244	1	77885b288a794217926cbdc3f9557271a5584ca0a3525a33368ba9dfa0f79c36	e3b0c44298fc1c149afbf4c8996fb92427ae41e4649b934ca495991b7852b855
chr22_500_guide_344	baseline	timing	measured_1	0	38.837453	38.417825	0.391896	125044	1	09e462275331cba68859c5b638f2ddc6ae613f21f1d352a49196de190eab4a63	e3b0c44298fc1c149afbf4c8996fb92427ae41e4649b934ca495991b7852b855
chr22_500_guide_345	baseline	timing	measured_1	0	43.330434	43.273646	0.027998	124248	1	b14e82166f74c064cc827ea6c2c7ecb58202c27a7e48eab02878079d65a0b1c2	e3b0c44298fc1c149afbf4c8996fb92427ae41e4649b934ca495991b7852b855
chr22_500_guide_346	baseline	timing	measured_1	0	39.094588	39.010376	0.023999	125084	1	c1578e221280fa40949a92a15ecf9b403390f444d83730224cd36b3639bc9cfd	e3b0c44298fc1c149afbf4c8996fb92427ae41e4649b934ca495991b7852b855
chr22_500_guide_347	baseline	timing	measured_1	0	38.120051	38.082253	0.019999	125108	1	fd3ecc223334a0f86c963a7df372cfce5e93a87dd0ef90a6c46e2780fd37a308	e3b0c44298fc1c149afbf4c8996fb92427ae41e4649b934ca495991b7852b855
chr22_500_guide_348	baseline	timing	measured_1	0	44.770338	44.723315	0.035996	125224	1	555a66e1753526673117e366fb233c844df0cfc38a64971866528e20e52f4ca2	e3b0c44298fc1c149afbf4c8996fb92427ae41e4649b934ca495991b7852b855
chr22_500_guide_349	baseline	timing	measured_1	0	40.283628	40.213288	0.024000	126032	1	2812e7c58993b0b84d9ed9b8583c00bfe201048e2de143a928f4bb50f26d68ca	e3b0c44298fc1c149afbf4c8996fb92427ae41e4649b934ca495991b7852b855
chr22_500_guide_350	baseline	timing	measured_1	0	36.472760	36.349076	0.040001	125740	1	690363745e23b36de9cf8198ae1a2f9b36e8aea59f5c0d77f85a6a355dc64483	e3b0c44298fc1c149afbf4c8996fb92427ae41e4649b934ca495991b7852b855
chr22_500_guide_351	baseline	timing	measured_1	0	34.653106	34.544232	0.063993	125012	1	4289dcb5c2a6d1840edf8b185512e1412c3489db3a0bc4685ad3b715bc63461e	e3b0c44298fc1c149afbf4c8996fb92427ae41e4649b934ca495991b7852b855
chr22_500_guide_352	baseline	timing	measured_1	0	41.685973	41.559864	0.047999	124016	2	f2d0b8b9fe9956bfaa96c3ee3b5f5055928c86e9032a49d79bb0fdc9103d993a	e3b0c44298fc1c149afbf4c8996fb92427ae41e4649b934ca495991b7852b855
chr22_500_guide_353	baseline	timing	measured_1	0	42.015997	41.479403	0.047999	125264	1	db50066ab5215e0ab40715d3e84c765c47977eb5d92e2f74fef9a37ee0c19f96	e3b0c44298fc1c149afbf4c8996fb92427ae41e4649b934ca495991b7852b855
chr22_500_guide_354	baseline	timing	measured_1	0	39.517318	39.377142	0.031997	125232	1	a25546c9bbae8cdc0d19e70bfe3c8882004a3d36efa6d3e1a8f84d71f02d3a3f	e3b0c44298fc1c149afbf4c8996fb92427ae41e4649b934ca495991b7852b855
chr22_500_guide_355	baseline	timing	measured_1	0	40.288802	40.169676	0.063996	125084	1	8a75a85488ad929f0680cd3aa83ddfd5294134a2984494dc614768a98595757f	e3b0c44298fc1c149afbf4c8996fb92427ae41e4649b934ca495991b7852b855
chr22_500_guide_356	baseline	timing	measured_1	0	35.354059	35.280346	0.035988	125220	1	867385907bbb717d91959186236ef4b8f9435d870da655ff1762344f446ca85a	e3b0c44298fc1c149afbf4c8996fb92427ae41e4649b934ca495991b7852b855
chr22_500_guide_357	baseline	timing	measured_1	0	44.041068	43.315449	0.623819	125652	3	e92ae9c88b8f12941d07537ab79c644385376ff1dcb918357c6c15bd0feddba1	e3b0c44298fc1c149afbf4c8996fb92427ae41e4649b934ca495991b7852b855
chr22_500_guide_358	baseline	timing	measured_1	0	38.639740	38.538709	0.028001	124336	1	a7389bd954eaa7a8f7c3e448a2ff3a3f4ef011b680d833fad933fd884d099eca	e3b0c44298fc1c149afbf4c8996fb92427ae41e4649b934ca495991b7852b855
chr22_500_guide_359	baseline	timing	measured_1	0	36.725931	36.655443	0.027996	125212	1	67f8eaad6970d67a23b137b039edd8958c127a6240cb405f3c0d44d014269abd	e3b0c44298fc1c149afbf4c8996fb92427ae41e4649b934ca495991b7852b855
chr22_500_guide_360	baseline	timing	measured_1	0	38.898729	38.756315	0.087991	124332	116	ab92b0dbf561032ca37778c31da69d5087a0727d0751d67e0a7d7f3d3516eac0	e3b0c44298fc1c149afbf4c8996fb92427ae41e4649b934ca495991b7852b855
chr22_500_guide_361	baseline	timing	measured_1	0	48.213566	48.107649	0.059999	125108	1	10c56888dfd2bcc3e5d0675d9a8e316b6ae168a941759f3370757a5730f843c3	e3b0c44298fc1c149afbf4c8996fb92427ae41e4649b934ca495991b7852b855
chr22_500_guide_362	baseline	timing	measured_1	0	39.446678	39.305278	0.047996	125696	1	ae0e1999294b6c0fe52b495744bbfe62e218ee6d3c22e776bbc769dcedf3d0eb	e3b0c44298fc1c149afbf4c8996fb92427ae41e4649b934ca495991b7852b855
chr22_500_guide_363	baseline	timing	measured_1	0	40.592474	40.499427	0.059993	124972	1	850390cf00e784716c531f5e64380876ff07596af289e7ba34bc096bff075ecc	e3b0c44298fc1c149afbf4c8996fb92427ae41e4649b934ca495991b7852b855
chr22_500_guide_364	baseline	timing	measured_1	0	43.021030	42.646113	0.347984	124300	1	74ce4e0f24c8c5bf9ff04f0abd30cb25e9cfa613e2689424b2f777753af8809a	e3b0c44298fc1c149afbf4c8996fb92427ae41e4649b934ca495991b7852b855
chr22_500_guide_365	baseline	timing	measured_1	0	37.286503	36.666010	0.023998	125724	1	7711156130fd328754eb2f08bfcd7ecb1894492aca3fe7d1aa2b964ffa029648	e3b0c44298fc1c149afbf4c8996fb92427ae41e4649b934ca495991b7852b855
chr22_500_guide_366	baseline	timing	measured_1	0	40.593309	40.506795	0.047998	124288	1	23700230984e70232e9331c81d6527a76bbf30918c396a14eb70f853a92cdb05	e3b0c44298fc1c149afbf4c8996fb92427ae41e4649b934ca495991b7852b855
chr22_500_guide_367	baseline	timing	measured_1	0	39.230643	39.142750	0.039994	125244	1	eafc7cf8ee809fe80890b34a135f0b6a144b58d1c39489c64df9d2821704064f	e3b0c44298fc1c149afbf4c8996fb92427ae41e4649b934ca495991b7852b855
chr22_500_guide_368	baseline	timing	measured_1	0	36.310324	36.162240	0.139993	125012	1	1f00016106bffc2ceba39230352e1e4ef914076353527946b8890d37546c25f5	e3b0c44298fc1c149afbf4c8996fb92427ae41e4649b934ca495991b7852b855
chr22_500_guide_369	baseline	timing	measured_1	0	36.788765	36.678991	0.048003	125296	1	08c5984412b18c370e990f17b4bc5ad2cbed1f4c3dfedd748d4e1535a3fadb1b	e3b0c44298fc1c149afbf4c8996fb92427ae41e4649b934ca495991b7852b855
chr22_500_guide_370	baseline	timing	measured_1	0	44.107781	43.980178	0.031997	124248	2	b15164b1a6028ce7dfe5c50730678163fb0be17ba30b67ef49aa87ee10f29cfd	e3b0c44298fc1c149afbf4c8996fb92427ae41e4649b934ca495991b7852b855
chr22_500_guide_371	baseline	timing	measured_1	0	38.477131	38.414156	0.027998	125288	1	2d5e99ae0c7bcb58f0b6b71473c477ba54d8c8724c2758627a6c66d26e4c8657	e3b0c44298fc1c149afbf4c8996fb92427ae41e4649b934ca495991b7852b855
chr22_500_guide_372	baseline	timing	measured_1	0	36.808509	36.651732	0.047994	125228	1	03c6b87f8e111baff737d699832be31b9947a70427c85b014752cb5b542a2eed	e3b0c44298fc1c149afbf4c8996fb92427ae41e4649b934ca495991b7852b855
chr22_500_guide_373	baseline	timing	measured_1	0	39.911623	39.828532	0.067994	124096	58	71f2239dc8f59ee257b89e03bbb841fd3c2f43e0a0d0682e3ff928f0cebe09c3	e3b0c44298fc1c149afbf4c8996fb92427ae41e4649b934ca495991b7852b855
chr22_500_guide_374	baseline	timing	measured_1	0	41.351574	41.296432	0.023997	124224	1	c3fc24d7c32679e1bb8d0997359e61e66898f2661248e500254761c6363bc345	e3b0c44298fc1c149afbf4c8996fb92427ae41e4649b934ca495991b7852b855
chr22_500_guide_375	baseline	timing	measured_1	0	35.596786	35.557522	0.028001	125120	1	030ec29164c173123d1d27dfea06a9700f90b3ab218d4b0a8e8aef3c9e9126f7	e3b0c44298fc1c149afbf4c8996fb92427ae41e4649b934ca495991b7852b855
chr22_500_guide_376	baseline	timing	measured_1	0	38.115768	37.966407	0.047987	125532	1	7e19f347dbb159b99327c48f045135540fc5a7b2a7ee081802a3916d383f8976	e3b0c44298fc1c149afbf4c8996fb92427ae41e4649b934ca495991b7852b855
chr22_500_guide_377	baseline	timing	measured_1	0	41.713162	40.678324	0.024001	125244	1	55a3f7499e0cfd7e01d39b6abf5895c90ab0b4bd0a5fce5f05529c08d2547f2a	e3b0c44298fc1c149afbf4c8996fb92427ae41e4649b934ca495991b7852b855
chr22_500_guide_378	baseline	timing	measured_1	0	37.893884	37.776315	0.043995	125516	4	ca193645a2f950677ee819c76deafecf7fc8fd5ddbbdd69ce32b77a0426369d6	e3b0c44298fc1c149afbf4c8996fb92427ae41e4649b934ca495991b7852b855
chr22_500_guide_379	baseline	timing	measured_1	0	36.171355	36.091280	0.027999	125144	1	5aa69e89a9ef985351b79202bc785b14f8909565c64344816b590744c39c799c	e3b0c44298fc1c149afbf4c8996fb92427ae41e4649b934ca495991b7852b855
chr22_500_guide_380	baseline	timing	measured_1	0	47.491944	47.320020	0.144000	124176	1	3696847df4deac858a26ab0acacdd39fc23eeee62d5f8c152b739c4d558ce954	e3b0c44298fc1c149afbf4c8996fb92427ae41e4649b934ca495991b7852b855
chr22_500_guide_381	baseline	timing	measured_1	0	36.191887	36.050561	0.096006	124048	1	66e0ad380442bdf04037ab83d0949141edf92e5a350d869acf3f12e9e0e18df5	e3b0c44298fc1c149afbf4c8996fb92427ae41e4649b934ca495991b7852b855
chr22_500_guide_382	baseline	timing	measured_1	0	35.893044	35.811355	0.027999	125292	1	334ed3775f29c2188d7fea058f91103c4d4b121f2e3c2fd6f915633ae391b52f	e3b0c44298fc1c149afbf4c8996fb92427ae41e4649b934ca495991b7852b855
chr22_500_guide_383	baseline	timing	measured_1	0	37.665461	37.291146	0.360030	124024	1	e3869c3952dd0b0eb3e37141b1040c6f25b82c4e398011436f2219c75f8febe8	e3b0c44298fc1c149afbf4c8996fb92427ae41e4649b934ca495991b7852b855
chr22_500_guide_384	baseline	timing	measured_1	0	38.787961	38.556157	0.211978	124240	1	d0f1f0ccacb8155b15cbd0aae71b84ef21dd4b82cfa458fe2fe387cdef067e94	e3b0c44298fc1c149afbf4c8996fb92427ae41e4649b934ca495991b7852b855
chr22_500_guide_385	baseline	timing	measured_1	0	40.223777	40.167442	0.040015	125260	1	c8af66ce12fb1c3e40ec64de1e6fe4633665b6b60f3b1cb98347963b883658a6	e3b0c44298fc1c149afbf4c8996fb92427ae41e4649b934ca495991b7852b855
chr22_500_guide_386	baseline	timing	measured_1	0	38.159553	38.099539	0.028002	125304	1	250d9437844a88773662267f23ae1f91e8636f98a0f86b6c48484d98887d9e23	e3b0c44298fc1c149afbf4c8996fb92427ae41e4649b934ca495991b7852b855
chr22_500_guide_387	baseline	timing	measured_1	0	42.843909	42.711880	0.091999	124180	1	a909238b05dda7cb5d453b651946c3f21b89303ee28398c030999e7ff3980c4a	e3b0c44298fc1c149afbf4c8996fb92427ae41e4649b934ca495991b7852b855
chr22_500_guide_388	baseline	timing	measured_1	0	38.112571	37.983247	0.067991	124140	1	b32f95b3659bdf5efde0a545c93605a84811e1f51637e98948f88b66e0c918a9	e3b0c44298fc1c149afbf4c8996fb92427ae41e4649b934ca495991b7852b855
chr22_500_guide_389	baseline	timing	measured_1	0	37.590666	37.201575	0.363898	125644	1	f8eaf62cda887424db5ab9182cf8cda1f095c522200d8c7053494e3cd3f0013f	e3b0c44298fc1c149afbf4c8996fb92427ae41e4649b934ca495991b7852b855
chr22_500_guide_390	baseline	timing	measured_1	0	41.085831	40.798301	0.219990	125076	1	49a680215bc86d76c112afc22c01ae23139a059bb99b4c5bb7a9277777d15b2b	e3b0c44298fc1c149afbf4c8996fb92427ae41e4649b934ca495991b7852b855
chr22_500_guide_391	baseline	timing	measured_1	0	42.211581	41.843165	0.039991	125236	1	c21b67904c7c4e4e487bce9bef7d7a8c1f63a73c6fb931f2b8148f858e585517	e3b0c44298fc1c149afbf4c8996fb92427ae41e4649b934ca495991b7852b855
chr22_500_guide_392	baseline	timing	measured_1	0	45.477831	44.943136	0.380094	125156	1	62af6dbf97486ac949ef3ab898566d88afe47152d399c78e5d7b872f755770bf	e3b0c44298fc1c149afbf4c8996fb92427ae41e4649b934ca495991b7852b855
chr22_500_guide_393	baseline	timing	measured_1	0	36.913891	36.833143	0.043967	125088	1	3719b9c87eb26bae46571444132aecd72ec6971081ed8592128ac8081655f637	e3b0c44298fc1c149afbf4c8996fb92427ae41e4649b934ca495991b7852b855
chr22_500_guide_394	baseline	timing	measured_1	0	35.444972	35.330985	0.095986	124156	1	3c3e23f0b752c439ab97e64bef2a4113aa18f8d8cf527c29e6927a6e204121a1	e3b0c44298fc1c149afbf4c8996fb92427ae41e4649b934ca495991b7852b855
chr22_500_guide_395	baseline	timing	measured_1	0	39.247217	39.140890	0.060001	124336	1	ede3ceee5da1cbf4355f6f21ee507d425126143830cc60dea7e0c7937667a8bc	e3b0c44298fc1c149afbf4c8996fb92427ae41e4649b934ca495991b7852b855
chr22_500_guide_396	baseline	timing	measured_1	0	41.781029	41.618667	0.028001	125244	1	b21d421132b22f0fc3fad2100df0c4da43b549e974ec809bb1982d27ac76b2a2	e3b0c44298fc1c149afbf4c8996fb92427ae41e4649b934ca495991b7852b855
chr22_500_guide_397	baseline	timing	measured_1	0	39.138714	38.676533	0.444006	124184	1	5d54478d4376f895371f8d339b5dccd454974991171a09a85d4673e7f8e0fcce	e3b0c44298fc1c149afbf4c8996fb92427ae41e4649b934ca495991b7852b855
chr22_500_guide_398	baseline	timing	measured_1	0	38.404409	38.159614	0.091989	124108	1	5c9d989f365df1d424483a28cbc77093b089ff7ebee8cd46972f309ff0b6db17	e3b0c44298fc1c149afbf4c8996fb92427ae41e4649b934ca495991b7852b855
chr22_500_guide_399	baseline	timing	measured_1	0	42.387345	42.290383	0.048002	124256	1	aed3025f5878f3f627cc0e24560dad556e9470377c3f5e6f682ae922deceebb8	e3b0c44298fc1c149afbf4c8996fb92427ae41e4649b934ca495991b7852b855
chr22_500_guide_400	baseline	timing	measured_1	0	42.942767	42.576360	0.328002	125952	31	988a05b73e3dcb776618ef03e29e43262f8fb8cead41d3edac1b8d32995aba61	e3b0c44298fc1c149afbf4c8996fb92427ae41e4649b934ca495991b7852b855
chr22_500_guide_401	baseline	timing	measured_1	0	44.909516	44.797206	0.071995	124176	1	574130b195313d28babf956f57ec6cad7babdaa442fd51fc95c6c4fe01874730	e3b0c44298fc1c149afbf4c8996fb92427ae41e4649b934ca495991b7852b855
chr22_500_guide_402	baseline	timing	measured_1	0	45.574530	45.416893	0.115961	124096	1	6885aa6e1f736a3800e5b8e869b1130951942bd1a6cc0d1a25a536d26fffc928	e3b0c44298fc1c149afbf4c8996fb92427ae41e4649b934ca495991b7852b855
chr22_500_guide_403	baseline	timing	measured_1	0	40.342505	39.965587	0.324012	125168	1	60f8b2bdc588b6b13527c78acc609879caa8defea9c72ada132dee63d52ad9bf	e3b0c44298fc1c149afbf4c8996fb92427ae41e4649b934ca495991b7852b855
chr22_500_guide_404	baseline	timing	measured_1	0	42.454955	42.292824	0.063977	123960	1	e0db171417b9d617b25a64277096c843a4bac7911334e46ccc8a3338fdf0c0f5	e3b0c44298fc1c149afbf4c8996fb92427ae41e4649b934ca495991b7852b855
chr22_500_guide_405	baseline	timing	measured_1	0	42.393093	42.157066	0.187986	124132	2	4569698d5f1eea2d0e21201f084895461a4fa0ad0bd743ff89296ecc28b8c92f	e3b0c44298fc1c149afbf4c8996fb92427ae41e4649b934ca495991b7852b855
chr22_500_guide_406	baseline	timing	measured_1	0	42.227152	42.166800	0.023997	125340	1	01fd169b93a95edc4956f61dcb9cd8ef7872958fc48ea50bc5f16e92ae9e7cc7	e3b0c44298fc1c149afbf4c8996fb92427ae41e4649b934ca495991b7852b855
chr22_500_guide_407	baseline	timing	measured_1	0	45.189008	44.846305	0.151980	124108	1	4efa47f300dbac5583b98c9f2679ad02d98d6d8e72976d6e2a1249fe2d685eb4	e3b0c44298fc1c149afbf4c8996fb92427ae41e4649b934ca495991b7852b855
chr22_500_guide_408	baseline	timing	measured_1	0	45.852325	45.324803	0.387904	124176	1	8aa0d629b648d54d65dead9f626b4f79b04416d14abcb761ce6f8afd4c8d5a02	e3b0c44298fc1c149afbf4c8996fb92427ae41e4649b934ca495991b7852b855
chr22_500_guide_409	baseline	timing	measured_1	0	44.752638	44.562979	0.112007	125808	1	2b4fb62fff6dc125549ec78c24c4284e9baefb167f735d57c29fb7fa1377fd37	e3b0c44298fc1c149afbf4c8996fb92427ae41e4649b934ca495991b7852b855
chr22_500_guide_410	baseline	timing	measured_1	0	40.496923	40.320360	0.064000	124164	6	53ab8fffbc99fd08cdca707d896c57c4b93d1d95688c8a754add17ae556f7bda	e3b0c44298fc1c149afbf4c8996fb92427ae41e4649b934ca495991b7852b855
chr22_500_guide_411	baseline	timing	measured_1	0	44.344973	43.930559	0.339865	125000	39	df0b5ae1179d3e3eabfad1a9f51f675a72a3e0b56dadf41775eb0facbdb8bbba	e3b0c44298fc1c149afbf4c8996fb92427ae41e4649b934ca495991b7852b855
chr22_500_guide_412	baseline	timing	measured_1	0	37.966277	37.880527	0.023997	125152	2	b71525c5999ec941808f42e2e7232f05c38284832a19e892758fb4125649d7b2	e3b0c44298fc1c149afbf4c8996fb92427ae41e4649b934ca495991b7852b855
chr22_500_guide_413	baseline	timing	measured_1	0	41.233374	41.165918	0.051997	125224	1	1da030b92202db00fdf4fa746fa0de1c56a74c6415d7abf8e6e634730c0990ca	e3b0c44298fc1c149afbf4c8996fb92427ae41e4649b934ca495991b7852b855
chr22_500_guide_414	baseline	timing	measured_1	0	37.808120	37.712138	0.055994	125080	1	dc18e7565a147dc0468401f11a1aec5c441da305cffc4f6068bf0abbeec51b24	e3b0c44298fc1c149afbf4c8996fb92427ae41e4649b934ca495991b7852b855
chr22_500_guide_415	baseline	timing	measured_1	0	46.655500	46.211037	0.372088	124144	1	8e4f5083c2024a772ae064b2a50dda44f56d59a9eb501cc86d2d66e0f1289d35	e3b0c44298fc1c149afbf4c8996fb92427ae41e4649b934ca495991b7852b855
chr22_500_guide_416	baseline	timing	measured_1	0	39.619167	39.507511	0.083998	124052	1	4ad6a29fbc0b47bcfe2c01e5aa0dadb830813fb301aa125f8326472a10dc2471	e3b0c44298fc1c149afbf4c8996fb92427ae41e4649b934ca495991b7852b855
chr22_500_guide_417	baseline	timing	measured_1	0	38.034076	37.931298	0.079981	124136	1	62cc8aeb4bf28a1df53587ae2f74a5e6f1288ede9db90aee0f72abe8f5f3a9b6	e3b0c44298fc1c149afbf4c8996fb92427ae41e4649b934ca495991b7852b855
chr22_500_guide_418	baseline	timing	measured_1	0	37.676031	37.598037	0.023998	125208	5	c8420dc291eb0f976f276d62a4f033b79c9304d06df7d3335d344d7082a0558b	e3b0c44298fc1c149afbf4c8996fb92427ae41e4649b934ca495991b7852b855
chr22_500_guide_419	baseline	timing	measured_1	0	45.136363	45.030436	0.027996	125184	1	8b4d19c546d86b7a041d4cab724163d2f559d5bbd6dec136726c5a5edeb6eee1	e3b0c44298fc1c149afbf4c8996fb92427ae41e4649b934ca495991b7852b855
chr22_500_guide_420	baseline	timing	measured_1	0	36.953084	36.836512	0.068008	124152	2	edce994bfb7cd75759e857477e241b187a4b95b66a692bae5c2f64075eae777b	e3b0c44298fc1c149afbf4c8996fb92427ae41e4649b934ca495991b7852b855
chr22_500_guide_421	baseline	timing	measured_1	0	39.744349	39.636107	0.043995	125004	2	1acdcae445259d1743c7e71e5cb99366b97c824db11e7bb75fdc47e02107a5d9	e3b0c44298fc1c149afbf4c8996fb92427ae41e4649b934ca495991b7852b855
chr22_500_guide_422	baseline	timing	measured_1	0	35.884169	35.772232	0.064000	124008	2	094655244d82c853ad703323fdc0fe0c65a6e6569cff26464a0e73ad84d55488	e3b0c44298fc1c149afbf4c8996fb92427ae41e4649b934ca495991b7852b855
chr22_500_guide_423	baseline	timing	measured_1	0	40.178899	39.980613	0.052000	124048	1	886f21508ef43139da65b3307d412b9c43af12390fb60b152be51f2961337117	e3b0c44298fc1c149afbf4c8996fb92427ae41e4649b934ca495991b7852b855
chr22_500_guide_424	baseline	timing	measured_1	0	36.073893	35.967436	0.080007	124092	1	532477fc4faa3f4f69315f7dba2d04ab90953c2c448e147b198a08dd360f39fc	e3b0c44298fc1c149afbf4c8996fb92427ae41e4649b934ca495991b7852b855
chr22_500_guide_425	baseline	timing	measured_1	0	45.824284	45.651498	0.131998	124108	1	faeff617f365f7f7cd0dd00c539f34b67b3dd81f82a85e89c41ed578516099f5	e3b0c44298fc1c149afbf4c8996fb92427ae41e4649b934ca495991b7852b855
chr22_500_guide_426	baseline	timing	measured_1	0	39.721678	39.083355	0.071991	124164	1	395d0cbf64200bcb6eca014619ea92462c25e08973e7212d07f4d64d62a51189	e3b0c44298fc1c149afbf4c8996fb92427ae41e4649b934ca495991b7852b855
chr22_500_guide_427	baseline	timing	measured_1	0	41.977232	41.774760	0.035995	125232	1	36112c32c710f17d0fbd10979505f5d7a5215cd2ad64520ac74f8b537266216c	e3b0c44298fc1c149afbf4c8996fb92427ae41e4649b934ca495991b7852b855
chr22_500_guide_428	baseline	timing	measured_1	0	38.141009	38.025168	0.044001	124176	1	b49d937c3f713b95c07b0df4983659c5531f5062b2c8b309c93edf95c5d33253	e3b0c44298fc1c149afbf4c8996fb92427ae41e4649b934ca495991b7852b855
chr22_500_guide_429	baseline	timing	measured_1	0	40.610776	40.477687	0.019996	124384	1	2ec43a3a14908487e4da93624a407c3b7f19272d01e1812f2764b52f28ae9ae9	e3b0c44298fc1c149afbf4c8996fb92427ae41e4649b934ca495991b7852b855
chr22_500_guide_430	baseline	timing	measured_1	0	43.428582	41.928691	0.040000	125264	1	a39d953b063860baaa128981774a27431eda978fc37949bc65f2cb01ed3bc55a	e3b0c44298fc1c149afbf4c8996fb92427ae41e4649b934ca495991b7852b855
chr22_500_guide_431	baseline	timing	measured_1	0	38.578506	38.528499	0.015998	125480	1	4e671a38249a3b235de336c42d1952eb9cbfb6883be90588a0a03c1c10b6bebb	e3b0c44298fc1c149afbf4c8996fb92427ae41e4649b934ca495991b7852b855
chr22_500_guide_432	baseline	timing	measured_1	0	38.219374	38.169613	0.023998	125344	1	32298278cb6ff6636d2515a3c62ad9ef6a2566d429dc65a2563a46e879c0f415	e3b0c44298fc1c149afbf4c8996fb92427ae41e4649b934ca495991b7852b855
chr22_500_guide_433	baseline	timing	measured_1	0	41.624054	41.541872	0.047997	124204	3	9a84143c1c0ae741457654eac03a337269c00cb43411a6b54461fbe5949d0b50	e3b0c44298fc1c149afbf4c8996fb92427ae41e4649b934ca495991b7852b855
chr22_500_guide_434	baseline	timing	measured_1	0	38.685119	38.582382	0.031998	124196	6	7e3e3f4ef531051d6a7795201988700e8dc6fb4e69e0fe1d683e1178275b1e17	e3b0c44298fc1c149afbf4c8996fb92427ae41e4649b934ca495991b7852b855
chr22_500_guide_435	baseline	timing	measured_1	0	42.810570	42.721484	0.027995	125252	1	16038bdcd50f85ce0a4ea6efea47731dafa305bb4bacdd999a696aa8fce480a8	e3b0c44298fc1c149afbf4c8996fb92427ae41e4649b934ca495991b7852b855
chr22_500_guide_436	baseline	timing	measured_1	0	38.397170	38.210488	0.071997	124184	1	b1ba996fcdf443c50ed85ef5e151eb2c859ed3ad0d425e25cdd737554a74fb66	e3b0c44298fc1c149afbf4c8996fb92427ae41e4649b934ca495991b7852b855
chr22_500_guide_437	baseline	timing	measured_1	0	36.175522	35.989599	0.159989	125332	1	36e9d38b2d923f897d6e2a53db577c6fd69c1d15750199d51b2165f6f7da9dd4	e3b0c44298fc1c149afbf4c8996fb92427ae41e4649b934ca495991b7852b855
chr22_500_guide_438	baseline	timing	measured_1	0	39.560610	39.504234	0.035996	125312	1	7b9ea615f9aa7e046adebd0e63adf8ebdc63c09e2a683a13ae5b9e9457fd8152	e3b0c44298fc1c149afbf4c8996fb92427ae41e4649b934ca495991b7852b855
chr22_500_guide_439	baseline	timing	measured_1	0	33.266930	33.086021	0.024001	125136	1	0190f0e84eeb95df6b5df5716b62537156b62b0d06f75ce0d84a290b7aa01e5c	e3b0c44298fc1c149afbf4c8996fb92427ae41e4649b934ca495991b7852b855
chr22_500_guide_440	baseline	timing	measured_1	0	36.965021	36.852057	0.048000	125908	1	4e987bd4a59588a3e2670ef83a8c80580f551f01774158544976def06a148b63	e3b0c44298fc1c149afbf4c8996fb92427ae41e4649b934ca495991b7852b855
chr22_500_guide_441	baseline	timing	measured_1	0	38.657170	37.806731	0.771974	124032	1	54ee762514de0802a27df6c1af3fc83fafeedee43a6a9a9f5c8ab4b9ffbc2983	e3b0c44298fc1c149afbf4c8996fb92427ae41e4649b934ca495991b7852b855
chr22_500_guide_442	baseline	timing	measured_1	0	42.687514	42.560304	0.051990	127156	1	ef3c258a25c35b787ec480cc4cdb3290a24d2941ff110cad9b9e40c1a9c2819c	e3b0c44298fc1c149afbf4c8996fb92427ae41e4649b934ca495991b7852b855
chr22_500_guide_443	baseline	timing	measured_1	0	39.095351	39.015694	0.023999	125236	1	790719bd8847db6a942f261864ea37c0ec15f7a4f400e0bd1eaf31a8e659f354	e3b0c44298fc1c149afbf4c8996fb92427ae41e4649b934ca495991b7852b855
chr22_500_guide_444	baseline	timing	measured_1	0	35.773625	35.707582	0.031999	127164	1	ed405985e5d0bc3cc4bbfe39199e2d58f5774a7a47a5d2ecf9175eacabcb490a	e3b0c44298fc1c149afbf4c8996fb92427ae41e4649b934ca495991b7852b855
chr22_500_guide_445	baseline	timing	measured_1	0	47.961054	47.888437	0.043996	126024	1	d34c378716f257e185bb5cb139c57e699a09f1073521990fef6b3c76f400769b	e3b0c44298fc1c149afbf4c8996fb92427ae41e4649b934ca495991b7852b855
chr22_500_guide_446	baseline	timing	measured_1	0	38.599336	38.416686	0.135974	124316	1	54483d7d719636ef82e5f65aac8636a0f5c68fea1e6f0c1096ad241066c4066f	e3b0c44298fc1c149afbf4c8996fb92427ae41e4649b934ca495991b7852b855
chr22_500_guide_447	baseline	timing	measured_1	0	35.976771	35.807344	0.139966	125176	2	5a9cd0289bd695702c26612a860ac7c7ffd186ec9855e9ebb39e174698893cea	e3b0c44298fc1c149afbf4c8996fb92427ae41e4649b934ca495991b7852b855
chr22_500_guide_448	baseline	timing	measured_1	0	38.063397	37.758962	0.255938	125224	1	af0e7d04b9032b6ba55a507cdc6196da5e7f3adbce117a38bb6ba2d2fb078cba	e3b0c44298fc1c149afbf4c8996fb92427ae41e4649b934ca495991b7852b855
chr22_500_guide_449	baseline	timing	measured_1	0	43.300358	43.252210	0.020000	125024	1	e8367625cb9c97ec27975858ed7924135dd7d288bb56eed2c76e0d9bc4e5713d	e3b0c44298fc1c149afbf4c8996fb92427ae41e4649b934ca495991b7852b855
chr22_500_guide_450	baseline	timing	measured_1	0	41.002680	39.805737	0.031998	125264	1	2ae6d416707fe71130cb2b7d3e365409b98aa031487d875b6091675f3f98e6a3	e3b0c44298fc1c149afbf4c8996fb92427ae41e4649b934ca495991b7852b855
chr22_500_guide_451	baseline	timing	measured_1	0	42.527406	42.287727	0.211978	124080	1	9eb0735b9bb6914649d66118c5e11946fd1c28f2f4ab317728d097308297e6e9	e3b0c44298fc1c149afbf4c8996fb92427ae41e4649b934ca495991b7852b855
chr22_500_guide_452	baseline	timing	measured_1	0	40.172337	40.114464	0.023999	126708	1	caa33e4a34bebd20f093ad8c057e31eee06ee3c0812711a5e984996ec3d44dea	e3b0c44298fc1c149afbf4c8996fb92427ae41e4649b934ca495991b7852b855
chr22_500_guide_453	baseline	timing	measured_1	0	42.140063	42.030181	0.087996	126724	2	cf53e5c0ba2549b95ad7cc66f6caa57165a2d7ef971b8448816c1f5189dcba42	e3b0c44298fc1c149afbf4c8996fb92427ae41e4649b934ca495991b7852b855
chr22_500_guide_454	baseline	timing	measured_1	0	42.243546	42.172534	0.027997	125124	1	c0ef84c923d1575aebfb474d6b0b9a489622223e07ca9c1b3dad0154c8b192f2	e3b0c44298fc1c149afbf4c8996fb92427ae41e4649b934ca495991b7852b855
chr22_500_guide_455	baseline	timing	measured_1	0	46.610198	46.488663	0.035994	125384	1	39b13c0090e1f7f870c746fb96e5c188a646262e69c8ee9de2a349db812a6b7c	e3b0c44298fc1c149afbf4c8996fb92427ae41e4649b934ca495991b7852b855
chr22_500_guide_456	baseline	timing	measured_1	0	45.553767	45.260495	0.196019	125088	1	66f40ebb678d2f2bfd77dd7a61e3770095414767dee777d47bb89cfd112d7a94	e3b0c44298fc1c149afbf4c8996fb92427ae41e4649b934ca495991b7852b855
chr22_500_guide_457	baseline	timing	measured_1	0	38.010218	37.867863	0.023997	125388	1	a8ea62f296fdaae7567af8f86405abdc3f234652944e90572bd9ec8d12ebe699	e3b0c44298fc1c149afbf4c8996fb92427ae41e4649b934ca495991b7852b855
chr22_500_guide_458	baseline	timing	measured_1	0	37.443085	37.114434	0.208036	125156	1	36dc22934c7c02b9c1a4043e7fa71e9fab23fac626842ee0233fa0a19e8a4d8d	e3b0c44298fc1c149afbf4c8996fb92427ae41e4649b934ca495991b7852b855
chr22_500_guide_459	baseline	timing	measured_1	0	42.585830	42.489959	0.011998	125484	1	ae2877403afc338a66d249e49defd6d72d59aabceb17722a5f7e4ba810ac724e	e3b0c44298fc1c149afbf4c8996fb92427ae41e4649b934ca495991b7852b855
chr22_500_guide_460	baseline	timing	measured_1	0	39.445460	38.810011	0.556028	125108	1	0702f00d8238249f52addcc891eb35cc8cb302324182724fd51f2abb5aa2c204	e3b0c44298fc1c149afbf4c8996fb92427ae41e4649b934ca495991b7852b855
chr22_500_guide_461	baseline	timing	measured_1	0	37.459122	37.022993	0.323956	123948	1	1b23f23233d0e8e334dba7ee9b2f71ed071325e62b0b2df036bd5c76d22fcacd	e3b0c44298fc1c149afbf4c8996fb92427ae41e4649b934ca495991b7852b855
chr22_500_guide_462	baseline	timing	measured_1	0	37.476767	37.380613	0.067993	125056	1	e5b9eb0597eacedf59b768109c64075d0da741152d13fb2e439f5d58c018c128	e3b0c44298fc1c149afbf4c8996fb92427ae41e4649b934ca495991b7852b855
chr22_500_guide_463	baseline	timing	measured_1	0	35.617394	35.550909	0.039998	124148	1	7c248ba9765e06499bdbdd56fa063150392f57bbcf49d7273e7a34148cb2a14e	e3b0c44298fc1c149afbf4c8996fb92427ae41e4649b934ca495991b7852b855
chr22_500_guide_464	baseline	timing	measured_1	0	37.865295	37.805141	0.035997	125448	1	572a412f62c765fdaf94fa017837ae004da8b8070c016a242544a182aefe63e1	e3b0c44298fc1c149afbf4c8996fb92427ae41e4649b934ca495991b7852b855
chr22_500_guide_465	baseline	timing	measured_1	0	35.528939	35.458488	0.031991	125144	1	71aca4d4d36b2443e6e04db67d1c059a16d050f4e1c6e90f522b493e94915886	e3b0c44298fc1c149afbf4c8996fb92427ae41e4649b934ca495991b7852b855
chr22_500_guide_466	baseline	timing	measured_1	0	41.047519	40.996146	0.031996	126700	1	ce36001de0595b6ca48e3f857e190887e3219eb435d5c95d003f9c73f5c7e4f9	e3b0c44298fc1c149afbf4c8996fb92427ae41e4649b934ca495991b7852b855
chr22_500_guide_467	baseline	timing	measured_1	0	40.128062	39.989163	0.023998	124168	1	333a2ac75dcc9c0aeaef85b902f8c4923c58c1bb5bb7a6e3b7ef5c77edecd079	e3b0c44298fc1c149afbf4c8996fb92427ae41e4649b934ca495991b7852b855
chr22_500_guide_468	baseline	timing	measured_1	0	37.790798	37.656761	0.076001	124928	1	b129ef3c4f85946c1752fcdec67457fbfa137faf10c495dcfb79020726f0093a	e3b0c44298fc1c149afbf4c8996fb92427ae41e4649b934ca495991b7852b855
chr22_500_guide_469	baseline	timing	measured_1	0	39.149503	39.086856	0.031995	125152	1	396a48dd0384e6e289e748eaa3a473e02786e2d98d3c9ccc975cfdc1f2077813	e3b0c44298fc1c149afbf4c8996fb92427ae41e4649b934ca495991b7852b855
chr22_500_guide_470	baseline	timing	measured_1	0	38.086283	38.040126	0.028000	124856	1	50da73a873102212cf126ed04756d602d15aff5c7c9be11a43ca7ed77b9d1dcc	e3b0c44298fc1c149afbf4c8996fb92427ae41e4649b934ca495991b7852b855
chr22_500_guide_471	baseline	timing	measured_1	0	45.020322	44.829693	0.035991	125160	1	b0bd2d17b793d19a9cc8aebd15bdd4c22df56bdaf8aab2b3c1abdd99fab13456	e3b0c44298fc1c149afbf4c8996fb92427ae41e4649b934ca495991b7852b855
chr22_500_guide_472	baseline	timing	measured_1	0	39.344053	39.208217	0.036000	126600	6	ce394b6203610b5d25de41f4bfc33b08abfc0c9ba525df869a394cae61776f1e	e3b0c44298fc1c149afbf4c8996fb92427ae41e4649b934ca495991b7852b855
chr22_500_guide_473	baseline	timing	measured_1	0	39.390577	39.315260	0.027999	125204	2	72cfccdb732c7f835e82aebb76ca4186954ee044989d4d3f165c230249e1ab41	e3b0c44298fc1c149afbf4c8996fb92427ae41e4649b934ca495991b7852b855
chr22_500_guide_474	baseline	timing	measured_1	0	40.127443	39.996669	0.071994	124852	1	27f4db87eaef5a8e95ee563eb60799da341bd01d4adb8e80aa230848dce17378	e3b0c44298fc1c149afbf4c8996fb92427ae41e4649b934ca495991b7852b855
chr22_500_guide_475	baseline	timing	measured_1	0	41.086891	41.039815	0.011999	125740	1	e384b7a2569a5848931984dada58a7863fa4ad10cf0639f33dc3d4b245ecd919	e3b0c44298fc1c149afbf4c8996fb92427ae41e4649b934ca495991b7852b855
chr22_500_guide_476	baseline	timing	measured_1	0	36.430619	36.222163	0.135978	125360	1	cef6bfbc08ef536f268fc772150775caeddde43f60444747b9f9fa3e77153561	e3b0c44298fc1c149afbf4c8996fb92427ae41e4649b934ca495991b7852b855
chr22_500_guide_477	baseline	timing	measured_1	0	36.261001	36.204984	0.032000	124188	1	d77984734ace8e0a07533cd328de9fa78d0ec2f4b870c43722f2482d69f39cb9	e3b0c44298fc1c149afbf4c8996fb92427ae41e4649b934ca495991b7852b855
chr22_500_guide_478	baseline	timing	measured_1	0	38.930574	38.845586	0.039997	125116	1	66356638d350f202a4fc3653512e2eb61d180a210d3b4874237620fdd88f45ac	e3b0c44298fc1c149afbf4c8996fb92427ae41e4649b934ca495991b7852b855
chr22_500_guide_479	baseline	timing	measured_1	0	38.429611	38.364036	0.055994	125760	1	23595c08da0c6736f275085085ce1fa4389c0c23f7cb5e27898ed6fd96e9c578	e3b0c44298fc1c149afbf4c8996fb92427ae41e4649b934ca495991b7852b855
chr22_500_guide_480	baseline	timing	measured_1	0	42.285663	42.121364	0.031997	125732	1	d69d8cab5f9f101c8ebebf1517222a11ca2c055ca30605b62cc9fb77a7dd9883	e3b0c44298fc1c149afbf4c8996fb92427ae41e4649b934ca495991b7852b855
chr22_500_guide_481	baseline	timing	measured_1	0	35.859100	35.553056	0.035997	125448	1	df1d31d6c611d54432bb2ded430b33d54a73a65d9ac4e858d4332a409bd4fd6d	e3b0c44298fc1c149afbf4c8996fb92427ae41e4649b934ca495991b7852b855
chr22_500_guide_482	baseline	timing	measured_1	0	34.476404	34.406119	0.047997	125736	24	bc79b29567088eb0aa6eb11f73d631eaf9402f515bbf16d294ee308fd8b40b79	e3b0c44298fc1c149afbf4c8996fb92427ae41e4649b934ca495991b7852b855
chr22_500_guide_483	baseline	timing	measured_1	0	35.702664	35.615929	0.059999	124060	1	ec3317eca52cb313be8b742bd84d70d8e9f8f3d3a8dfda83e632d9ec5b3e7472	e3b0c44298fc1c149afbf4c8996fb92427ae41e4649b934ca495991b7852b855
chr22_500_guide_484	baseline	timing	measured_1	0	39.521927	39.453949	0.031995	125232	1	71ecc0fae907389e715d1ca86fcbdff3ec27af9fce69bcca1c654d58d3bf98b8	e3b0c44298fc1c149afbf4c8996fb92427ae41e4649b934ca495991b7852b855
chr22_500_guide_485	baseline	timing	measured_1	0	35.725567	35.558862	0.068005	125120	1	9bdfb2270fa6b3abdcd6d9dc88dd6e2da7b983242b64a38aafa5c0a793e710bb	e3b0c44298fc1c149afbf4c8996fb92427ae41e4649b934ca495991b7852b855
chr22_500_guide_486	baseline	timing	measured_1	0	42.110356	41.869414	0.079987	125404	1	8dc058c1447c872314f3d31ec8865959f3409fdebfa5044cb15c05b939609aa2	e3b0c44298fc1c149afbf4c8996fb92427ae41e4649b934ca495991b7852b855
chr22_500_guide_487	baseline	timing	measured_1	0	47.095022	46.971377	0.027997	125120	1	f618e6a62a671dc60aed99263392f11c178317ef24a0e60ae15e6aefd01799fb	e3b0c44298fc1c149afbf4c8996fb92427ae41e4649b934ca495991b7852b855
chr22_500_guide_488	baseline	timing	measured_1	0	41.148073	41.008031	0.056000	124020	1	624a957aae98b6d231ae1011b4e64e108e7b8e8e44287e46c4862920d0454e11	e3b0c44298fc1c149afbf4c8996fb92427ae41e4649b934ca495991b7852b855
chr22_500_guide_489	baseline	timing	measured_1	0	38.650850	38.474950	0.147965	124240	1	ec47a60387ffa032dbc15150c6ff0b1c838905815402357dae3f75329a28357a	e3b0c44298fc1c149afbf4c8996fb92427ae41e4649b934ca495991b7852b855
chr22_500_guide_490	baseline	timing	measured_1	0	36.082823	35.996076	0.024000	125200	4	92f686a99e861f10463b1469d86b4d73913cae083f936822dc00cb7ac50183e7	e3b0c44298fc1c149afbf4c8996fb92427ae41e4649b934ca495991b7852b855
chr22_500_guide_491	baseline	timing	measured_1	0	38.831937	38.800975	0.016000	125192	1	d26d89bdd504b3597d3010fdc4ce82385f0052897c7c456fad509d6d59d744b9	e3b0c44298fc1c149afbf4c8996fb92427ae41e4649b934ca495991b7852b855
chr22_500_guide_492	baseline	timing	measured_1	0	45.479784	44.341399	0.071995	124032	1	d1bbfd2faf7d69f7fbe39d9624756e6401f3ee6cd2fd299c525b88c947bdd2cf	e3b0c44298fc1c149afbf4c8996fb92427ae41e4649b934ca495991b7852b855
chr22_500_guide_493	baseline	timing	measured_1	0	36.784582	36.575894	0.031992	124304	2	0c905b7331f00841f95a0390edb19ac2cf54d75b8c0260c1122d1e91b8eebf98	e3b0c44298fc1c149afbf4c8996fb92427ae41e4649b934ca495991b7852b855
chr22_500_guide_494	baseline	timing	measured_1	0	39.410840	39.336657	0.036000	125220	1	aa7c76deb8cd48c48e0224a45cd7bdd03602ef159c762b3fe3add221cd775ad9	e3b0c44298fc1c149afbf4c8996fb92427ae41e4649b934ca495991b7852b855
chr22_500_guide_495	baseline	timing	measured_1	0	35.501857	35.430360	0.036002	125264	1	f428fe77b5fe732c90e6cf097e5033b3a111f46c117014d9c525ee74561db8f9	e3b0c44298fc1c149afbf4c8996fb92427ae41e4649b934ca495991b7852b855
chr22_500_guide_496	baseline	timing	measured_1	0	35.530879	35.477237	0.032001	125140	1	9dd72b30ce28bc67f5d290d9cbb867d3c3fd6dc00da22a909f03378e7a0414c4	e3b0c44298fc1c149afbf4c8996fb92427ae41e4649b934ca495991b7852b855
chr22_500_guide_497	baseline	timing	measured_1	0	40.030404	39.943954	0.051999	125256	1	95454f28187c5beb09711d60e71ffb74f1651e2307379f62112a3273597ee0ff	e3b0c44298fc1c149afbf4c8996fb92427ae41e4649b934ca495991b7852b855
chr22_500_guide_498	baseline	timing	measured_1	0	36.406318	36.321213	0.052001	125184	2	4bb6e4f08a7316ba26ec3e6f894f79070071b55d78d6c1605a50035d0a1d9c79	e3b0c44298fc1c149afbf4c8996fb92427ae41e4649b934ca495991b7852b855
chr22_500_guide_499	baseline	timing	measured_1	0	34.734797	34.649863	0.027998	125732	1	589cde34d9ad5d2d4a86bf9cca125c4004811a2581e714cb750bee2e730c7362	e3b0c44298fc1c149afbf4c8996fb92427ae41e4649b934ca495991b7852b855
chr22_500_guide_500	baseline	timing	measured_1	0	36.604104	36.157105	0.367970	125128	1	5a188d7c26c71afb1012046744a759f5adbb290bc704ee5eddb49329116e1309	e3b0c44298fc1c149afbf4c8996fb92427ae41e4649b934ca495991b7852b855
chr22_500_guide_001	columba	timing	measured_1	0	18.255402	0.596433	0.260275	290508	1	fb6d3b27b6d5d6a0e129f7ff72c1498333bb402de3d7b91037e5fe223d923f8b	7dd0ac5af4f805444d705c3c7e54a22be911e8a63e66a31d26cc26b63cd32d01
chr22_500_guide_002	columba	timing	measured_1	0	0.910135	0.689247	0.170568	290536	1	4f84fd663e530097a356f82b2c5a0458e090b9ebcf5c96fddc5326573df955db	c80fd56fe992a4b4f0caa221566cde42c478c3ee04be9a77fe3d27bd878707e5
chr22_500_guide_003	columba	timing	measured_1	0	1.061002	0.822625	0.207599	290536	2	c788efd23026646b4da4b4a94736bffdb6646d5bb82e63ef3b54d008d2d7f496	5e6212673189b137868af231f3f49365db18929fbdc4915f13b52a1622522dba
chr22_500_guide_004	columba	timing	measured_1	0	0.961803	0.691332	0.216196	290420	3	41a9ef51e83a95092df6d34278bb584d5cb81e4e5c965e87236e8b76ec966547	81e7da79c5b1e4692fe9c4cbbf1d61c2d05c9a381fd6e6ef1dbdcd870c3850e9
chr22_500_guide_005	columba	timing	measured_1	0	0.959393	0.663891	0.226737	290372	2	5593b98c2493a0b88e42eaea42b482a194969227858e2af4912bc01dca9ef454	5f0a8051bdb5fc6d3783fb70b09861683d378a6991ffc357c34297cbc812f16f
chr22_500_guide_006	columba	timing	measured_1	0	1.059987	0.698648	0.196180	290540	5	985223b6d62b5d89d90abb3b6411baab1ded4c027e524fd04733e3e131a2d641	d63df83b6ccede275655acad6516c498f156031407b4f5232c4704bd19578ab1
chr22_500_guide_007	columba	timing	measured_1	0	1.011784	0.727509	0.186101	290412	2	56a8fdc6b10b61e89791b719fe5bae29758da62f5f0e9c2390a9488ca443dead	a104212839e62ffcd71ff2763b833b58e738ebe0a14d5d021981425170823976
chr22_500_guide_008	columba	timing	measured_1	0	1.261432	0.800019	0.232387	290640	21	f0937d09b482433febb72a3aa2951bd7a1099c3bb5c4e6ae5d7f40f51dfaf291	e925e6374c2b14f26ce352338d241501af5403cd20c2f7a0a66a7ff0957a82b9
chr22_500_guide_009	columba	timing	measured_1	0	1.211604	0.806505	0.227531	290624	5	120b985faeed3306e9c571ed4d15fd8c6e6693c215c811d99b5c36f8c8076653	acb1622676a14415f1babbcc14949666303bc8e297e4c7628d42d8f107d18cd9
chr22_500_guide_010	columba	timing	measured_1	0	3.378016	1.947128	0.620954	291436	47	43224567f7eba6981d50ec8046572b589274362dc062f422a9ae08d570f94634	d16c61eb0e874277dd9b6352cdad67e3ff1bd71567db70cb17cdbaefa2e398da
chr22_500_guide_011	columba	timing	measured_1	0	1.111128	0.654206	0.220611	290460	11	d296aa4b46bff4101d52cfee7f82646354978bc26bfed3fe31b8e121a22208a1	4765d3675054ef1bf78cbe216da6eb980cf13419953f3c26f44f43e84a14f024
chr22_500_guide_012	columba	timing	measured_1	0	1.414983	0.907982	0.269854	290528	1	9e5ed8cdd1a37c75d6db7090a6f7a31471034f3cd57ca5ee982877d1f71ccf3b	cefd0459f07490ae6da131274d83625a67d7ef573c93136a6f1146f4dd918e50
chr22_500_guide_013	columba	timing	measured_1	0	1.163647	0.785228	0.267122	290468	856	ccc3d3b80ed309cc947744aeb419da762bf360cf65ee8f19caf6d89ef8540bb4	a0f43a78ac495168b63dc33958a840d4b629f46bd21e5ea36ebe2fd81ed8e956
chr22_500_guide_014	columba	timing	measured_1	0	1.966889	1.177919	0.336754	290876	11	8803a6adc2a8f578c3cdfe7bb25133f44e1f60a70f7ca0d891a2ffb9db407b18	6f1bf2e9bd839a6b30e0a124f22fdd85a366595ea3291e0d987f9b93f298de90
chr22_500_guide_015	columba	timing	measured_1	0	0.964405	0.687661	0.205465	290416	1	25f71f69affd98f6790d4162f2184eeae2794ef38bcf6e8c5338d710759c2c15	06b30ec0d7910a63f7d2292f5cfbdd6a8e44d2cbf8113e86a75b48cc972e36ba
chr22_500_guide_016	columba	timing	measured_1	0	1.061026	0.693792	0.177541	290596	698	70c7013ed568af038792f61db3c52997bbab937ba201d2e90a46b72c1460e639	ece699ac28391d94a6ec87accdeea6d1147778fd407407f27eec4d0d48e2bc36
chr22_500_guide_017	columba	timing	measured_1	0	1.462168	0.931592	0.273619	290792	2	4248427dbded810ba66778f9ffb9237d3cb4048cb1d18ccaa9abd4103e46073a	aec793715f83f68424e0959a284d5702e794d44408c327f3003be5e143a800b8
chr22_500_guide_018	columba	timing	measured_1	0	1.269588	0.807617	0.231741	290564	1	691ce0260ac4ff8426decb079b6ec2efdf4680b3abaced64e9143840bccb9552	a4c7fcea839152b57f9d48000d08a15502fd89d0fd27949928e5d265dda849b7
chr22_500_guide_019	columba	timing	measured_1	0	1.211232	0.803618	0.227627	290460	8	e03a7033d0162ff6a605616c96ca00ea7b7904cbf3a5f8493a93365cfea5b1bc	15f25acbdf8bfb8293f4fc9cf0496b3aa5f1e5474382dcd2e82c567e5e7f1610
chr22_500_guide_020	columba	timing	measured_1	0	1.360178	0.911355	0.239938	290352	3	b71b185c0c0d8f062ea12b64244f82b762d258f6d6b80620ea045f6635bfeed8	341656f796398472fd76cf9aafd4c36c341f2daf617841ead43636d2178e3a54
chr22_500_guide_021	columba	timing	measured_1	0	1.111873	0.736993	0.208241	290196	1	2b073fcb4a2bd34250518b2ca167b1ea129dbf14264dd074ab7fc34c8f1ab035	a7db212107cef71a26aa53d3d139c0d5c1591ed3aa3107f237fc891c40be9e11
chr22_500_guide_022	columba	timing	measured_1	0	1.212448	0.786300	0.296446	290132	3	5a62cebd8293e901a67b59a580cd404a0622d4a1deb300c572d8af96bb45378c	dbd8425f007c95a24898b8e8e47372312fadb8c87e84638b27aee21b872a6a0e
chr22_500_guide_023	columba	timing	measured_1	0	0.910245	0.626889	0.255185	290512	1	95686fb2b7a30116b7ae2cc467351eaaf4c6f25cab6f6b7bc6dcc05f1c409532	011f515d83cd8b0bf4648cfa3d329bea0cb2939a7aabcbf319c9ccbd2ece994c
chr22_500_guide_024	columba	timing	measured_1	0	0.959970	0.689825	0.174680	290352	116	5ca9fb42f42af2b7d2639b38b690f8b8b82cd56462d3e1a68b682cf15da128d4	1fa60f2e3d3ac9e78ea8df10a08f27d9e59a718b2288557ff5610af51acc316a
chr22_500_guide_025	columba	timing	measured_1	0	0.908354	0.624384	0.191062	290768	4	7ab401acb4940e90d7c62e98e0a345dceadb56ad9ea595aec9c975332f2a9735	c8913cf3ae2a292d6f4e97bacb81bf983025bb19f372ea59b2c58afa3bedd53b
chr22_500_guide_026	columba	timing	measured_1	0	11.343789	0.998421	0.322951	290636	1	92457b8eeba549253b9d7c8b508cd2a2bbb6eadd76da9e74b1cab96a0815447a	8f8b24b361c9c11f9eec6853fe385ba0823d490b61f93bf6440b129613bb495a
chr22_500_guide_027	columba	timing	measured_1	0	3.627043	2.055303	0.575519	291400	125	ca4e812261e7b45af70d16aa45e5ac1a6457b1411b983cdd507f599e1d4a5998	8a657e6a2409a30975fa9fbc01342820495a71cd2a0eba5e7e03db7c0051b0b4
chr22_500_guide_028	columba	timing	measured_1	0	4.075893	2.340959	0.633846	291860	4	b8cc43f743b2bf2f0e12fa535de856dec45a7e724e169b206e17e024502350b1	9739780944683faaa4ef3f313f816b862f341378b37d0ab5c6f2f11c524f85ce
chr22_500_guide_029	columba	timing	measured_1	0	2.369168	1.482593	0.382211	291132	5	0a560f9534d41cc31d885f88b25abf26643f57d60df57d0bd9feb9ac59f57094	b547291a1806d5b9e74f3ef16f67a4f22f736c95fc8af256ae72985d93453b4e
chr22_500_guide_030	columba	timing	measured_1	0	3.023677	1.936389	0.385245	293468	3571	e50741d945656044fe5956a7d76cc5cada1c7385a3ebcd1d0c71f4461cfb87ba	a4ab0960aed0097b959ffdd7cc0606bf634d4e049dc8c5d83792e827e9ce5335
chr22_500_guide_031	columba	timing	measured_1	0	0.909659	0.640738	0.168106	290256	1	449eef586702df92b06ca3e4fc18604b620a552314243ced02a516e616f3adcc	006e92bfad32e647c5aa40870ca72fb1a432ddd8c5b84d1af74547ea0781b3f6
chr22_500_guide_032	columba	timing	measured_1	0	6.745774	3.812334	0.954873	292892	48	636d1d61073a00404325c289b2d0143cce292f3bf74ec312612b98efb3f0f11b	cab8c1e914784bfa7f924ac4abe5f8a944b74ebea08067ec9b3584a30c8907fb
chr22_500_guide_033	columba	timing	measured_1	0	1.714329	1.062800	0.271512	290812	77	4ed0f166306be29e52512f6850c1b990c122568bfe38464c457a9cbc3cafab14	501f5c6c5e8d62ad0a7602fffd723666195a02b48240223d6a623d2bf75bc9d7
chr22_500_guide_034	columba	timing	measured_1	0	6.406909	3.719585	0.880298	295612	25	4b39890b56cc1d98e2aacb369882f1a3ce830047f70499203c17c996e921c9c7	52a85472f77b7cb55f6f441fe4c1074d20fb8747c01686dce7849b5dd4c09389
chr22_500_guide_035	columba	timing	measured_1	0	1.263598	0.925625	0.236176	290312	18	da00fa6414408e1903c2b2b30d17fd03d20d9c215fd38adba7e2c17a084b29d9	1e6bc9e523160056aa05f9eaded58d3afd764e3e8fa2241d892da808f051c7f9
chr22_500_guide_036	columba	timing	measured_1	0	1.060845	0.793293	0.245675	290328	6	83eb0f2428da2c69bbb126c57e14b14699752ce1fdae7111b71efab6911daca6	e3b0c44298fc1c149afbf4c8996fb92427ae41e4649b934ca495991b7852b855
chr22_500_guide_037	columba	timing	measured_1	0	1.213925	0.828973	0.283093	290300	46	4e2d4cdf63efc7b59e86edd83cfbb981770f4cc0bb2799d01227d16f0dcc058f	7cbd27b847ebc6ef612fb0cf06f7a356fa1b57a00ad915633f3713428f786320
chr22_500_guide_038	columba	timing	measured_1	0	1.061584	0.783962	0.252233	290220	70	2525d9e467b0e235d87fec363306eb39498ebdd905157b97f69a01938142d417	587b33ffa851be62124e858db10a3ce0555e1fef7b9faa94a47115a7bf569d6a
chr22_500_guide_039	columba	timing	measured_1	0	1.111487	0.763577	0.233715	290280	74	ca01ddf784e6ee664ff89e5427a71cda8754aeda3e434fceb8b5ecd52ef0f5e8	65136300c73d472f653a9971b93a9155970c3ef33635aa71744bbb65bfdff222
chr22_500_guide_040	columba	timing	measured_1	0	1.212673	0.891196	0.216285	290492	500	cdf7d3055b3d3eadab6e8dad2f8344fd26c02ae1b2f57d2bbf3296d80052f0ae	7005652609a5fd5509a214b3e6e4593fc3e635032e874cdd44547b3492300542
chr22_500_guide_041	columba	timing	measured_1	0	1.716228	1.143069	0.297396	290860	854	8fa374939158321bcef340c0ec1955ceab1fe6fdeab1750b48cf2fe0ade22e46	192ac3ce9e04d55f7d461fb998032e3d94c685e88121641962faa0b81a706e03
chr22_500_guide_042	columba	timing	measured_1	0	0.865398	0.628726	0.170954	290680	1	0ee48f543136d09a143c4eeae676947d7744ba356f6b4522be723210cea49fce	96aa285bfe31edf4b59fefd59745369221fe1cfd86d1d89d9e299ebbecc9603c
chr22_500_guide_043	columba	timing	measured_1	0	0.960546	0.640710	0.156619	290520	4	958d7bb0d2bcce37cafabe02cb7bcd2515a249ee7abef00a06c7ca69afbeddfd	b26403da3df85946d6c7931e54a923877597a6d21517a6786edcfb4f3a684c5d
chr22_500_guide_044	columba	timing	measured_1	0	0.910839	0.628523	0.171005	290540	1	eb8670fd9176c26562fa7d6753d0ecafbdbc18ffce8eb47eac0ff7f21eaee174	91bc91d3e82bafb72df10498cb20719d4fbbcf8bcae1f2aff5ee7e8b2e81f65f
chr22_500_guide_045	columba	timing	measured_1	0	0.909968	0.680062	0.153969	290516	1	ad510f2f6f517e85da1ff1e3e334f60ec412670418ae765b20823bba1029db1c	481c073f9e8e7b28d642e3f9ccb7de275626f37b02ba6db3a34ff5dd5ac1ef2c
chr22_500_guide_046	columba	timing	measured_1	0	0.909312	0.625606	0.202439	290552	1	62be28d44f2b99ae8760da16dcf99d46c01d6cf9dde0f8c55e0864390027fe60	0efc47989db451bd82c6d222d9d9baf3633278485b4492d3ec93bad2d774cc1a
chr22_500_guide_047	columba	timing	measured_1	0	0.913937	0.647910	0.179114	290584	1	a0a592f68ce5c632b25a6bbf8492c14534157794a49dc98dee9ee564e3ce0f58	81fab08e13487c6873e044311f8c609f42e6635a25006525c50c37d602ab6510
chr22_500_guide_048	columba	timing	measured_1	0	1.262407	0.888672	0.236082	290448	25	bbff78e8edf6476d0dd0cdd76f512cb705b72cd1e357220e1a380dbd5cb5874e	8283bb72468ef0f7298ae906c23d010c0d48c6574a33364a533179130f8c4875
chr22_500_guide_049	columba	timing	measured_1	0	1.311001	0.739854	0.204599	290484	40	44d5d6b7adfc0b35b70543957298439addcdfb050de5fb338e6ef8bd1e41df5e	1600c692317c48e8297093e9cbaa20fe89183be3f06ab88905f98e37a6794bb2
chr22_500_guide_050	columba	timing	measured_1	0	0.914922	0.660913	0.182243	290544	21	900be0709880b5503da9492a11b7d3aa93c10e3913a03c74b99aed465d1b2a2a	7bbe3936b44fe9e0e516ce71902e1484d852f4eb2a095393fe3a0fdda5ff65ae
chr22_500_guide_051	columba	timing	measured_1	0	15.526358	0.612370	0.241234	290504	22	841db30991dc46ac4de30e5222f01879ae98785e0c882c7709a8449e78a2a38d	e3b0c44298fc1c149afbf4c8996fb92427ae41e4649b934ca495991b7852b855
chr22_500_guide_052	columba	timing	measured_1	0	1.010474	0.726648	0.206719	290468	21	ec592648254199539685feee5357d093e2e1ec0b8ee82c9ce1e89057db95c2aa	e3b0c44298fc1c149afbf4c8996fb92427ae41e4649b934ca495991b7852b855
chr22_500_guide_053	columba	timing	measured_1	0	0.960086	0.687515	0.234558	290556	21	f06dfd6c22b697d7740aae04db98ec638592c858c0cf82fc80f657832a3c522b	e3b0c44298fc1c149afbf4c8996fb92427ae41e4649b934ca495991b7852b855
chr22_500_guide_054	columba	timing	measured_1	0	0.860799	0.604759	0.196974	290464	1	08105a1cf5d022b79968633482eaa3ea3e17f900fbe591f469112bf46a5ae873	ab023f194a2c2b445057a30ea8dfd693140a577a54a9ab170b8bd40a7acd2110
chr22_500_guide_055	columba	timing	measured_1	0	0.861602	0.676668	0.156056	290504	52	ee56b9e2db8b0459e41ba989c4df5510d5aa569b082d2ccdc6a5d68cd6f152c8	b93330407da42bb71ce92d3f3847868e7c7301862e17aa228a7bc96970700a12
chr22_500_guide_056	columba	timing	measured_1	0	0.808534	0.571414	0.178358	290488	34	7a8c20e2ad03e1c7a443c73dc7732dbc6caab9afc73080eb6863402ddda119cb	f08ced51ac504f9f498d2c07f3b62523b630cf3a141a87544bc45c9877f715e8
chr22_500_guide_057	columba	timing	measured_1	0	0.859768	0.650396	0.185784	290512	1	75ea28648a2a653313216f9434a7a84692519cd4e1edcee69b342edd63c5477e	5af05998d4bdd35640268a5c41ffa8cda1ebe9610686723dfa215e5b2a08ea44
chr22_500_guide_058	columba	timing	measured_1	0	0.859246	0.610430	0.181133	290584	8	9b00eaabadec78eddf839955f38b2c49038c64b495db9fc7cba00a4c5b16c2fd	e3b0c44298fc1c149afbf4c8996fb92427ae41e4649b934ca495991b7852b855
chr22_500_guide_059	columba	timing	measured_1	0	1.765875	1.086887	0.303220	290668	37	11f27a826a355fa1f1b4cf5db1886f96dd2a2445e36fbe85ba0cb0c6b5f53500	ed584ca0d31fe15ec6ac2e353da94565c9b5e1d45192dbc504aa1775a3d088c6
chr22_500_guide_060	columba	timing	measured_1	0	2.770758	1.835378	0.389266	291500	1411	58268b20d8149be3bee94e14e24bd26143e0942b90d25fca95b6a8b0f7ae15e2	9123c1e6b8d3c907be13f3dd16131f8c3a09dc7aa5e3e2336635d523adfbe1ff
chr22_500_guide_061	columba	timing	measured_1	0	0.809729	0.596555	0.168101	290440	10	0b6cbe7e12be9458ae6e3bdc2c573f51f4bcd0d98614837918ef154c942b9d76	557e735046b33292f2d66bab6a148c1ac3011aed4031b55c92d053fb13a5949b
chr22_500_guide_062	columba	timing	measured_1	0	0.809402	0.582286	0.195314	290672	1	6326b7c857afa096b6327c79b7e53d81695f794da0e844e646896ba73816ffd5	cf5a6cf93ad71b7047d7fc29c8f41b306afb893175dc32638a74932fa5895a26
chr22_500_guide_063	columba	timing	measured_1	0	0.958865	0.630659	0.210138	290460	3	14d007c41b3efc0f49a5e3c8b2c1afbdbbf6448965f329277343a75661f62b72	e6ce59b275084995153a3e9c40a4958a8a70855f475daac144376dd269a555ec
chr22_500_guide_064	columba	timing	measured_1	0	1.062878	0.728572	0.250724	290320	2	09a44e214f313d41c48214908421d55f1a26ea3288be0e13299804f97f456f32	7340353120ee52255f0adcd07da68ecd20e307e0e26cf8dcb3bf773152519427
chr22_500_guide_065	columba	timing	measured_1	0	0.959755	0.685985	0.219460	290476	1	c111cd0bca51d032b97ac4b793c9bd060c5756f007fffa13fed504799e72ded7	86866744f224d38fbd2580ab352af60907685ef6da57264acbb1257b20971600
chr22_500_guide_066	columba	timing	measured_1	0	0.810370	0.573322	0.188019	292296	1	ab7135a79310941abc028089e7706255079f1d3db5459fd46b95054fbfde6edb	0b35a61d36fde4c3b58e0f595d6667831d60dbaad864caacba105b940a7bec68
chr22_500_guide_067	columba	timing	measured_1	0	1.965540	1.170557	0.383654	290744	582	b832fdc4ca648da0a03e32b355befa25d9da8b5a65775b9990c9c6f75be0471b	c70cb6520a543b13436737957d489de2c78bb07f16ae6f6b1bf79bbaf4e0edd6
chr22_500_guide_068	columba	timing	measured_1	0	0.959259	0.673359	0.218908	290608	193	18fa726a0532763a6a720243b5476e8492d4a0e21d88972a1590a5cc86c18f36	738f0679665e7cbee0e7647775b7e47573cdbc33c7d7463d5c01f8c75b0b7b5f
chr22_500_guide_069	columba	timing	measured_1	0	0.857934	0.538537	0.151873	291104	1	10798f7b18b6dd224fe51359cb5fbfe45011ce2323ed7d0f27f0e92ecda0388b	1784cbe926dd58541272a852bd2d777146a73ff0cb499126b1409ee29fe291a4
chr22_500_guide_070	columba	timing	measured_1	0	14.896310	8.137587	2.122679	298960	146	89ed8b8d0de9b02b45bd1eac76e766ef999887464e6196de09f0376c1e63ff33	5d04d31c762977eac028b47bf38f47b9a83ed21db8c020671d12c47bcb595dc5
chr22_500_guide_071	columba	timing	measured_1	0	1.058392	0.664356	0.149078	290624	32	464b4a7379a065c8f24635419036f163ac2079205036b32871edb1cbc20d43b1	45680b948708bcce80bf0f6f3afaae5bb641e75913f77a6c41343e5f163aa523
chr22_500_guide_072	columba	timing	measured_1	0	1.313101	0.828615	0.268075	290564	401	175fac6477ad65cfd4d0a3a28b2bdd07a935af4f68fd41df0b52ebf871808672	3de0ed9eb4502307a5e447c7bcd298d1bb88863dd46e7e99c29953a6709828d4
chr22_500_guide_073	columba	timing	measured_1	0	4.338374	2.596443	0.602017	293972	121	14607790ed2c2aa20854f98797286082d4f4e662c4918ba18d80b5c7cabdc3a3	42f93d194038db849260c18f78fe52cdc58775b7f60fd7a14fdf15a6b1f00b50
chr22_500_guide_074	columba	timing	measured_1	0	0.860234	0.617083	0.164577	290496	4	b8219aed6e489c9c4fa0a533151aa99c22593825075d01ea0be7b4876a8b5deb	c9eac62497ce2ee5bb32b209a9cc6da7e2a5d83ef2f591f53ca681dba5f1529e
chr22_500_guide_075	columba	timing	measured_1	0	0.908904	0.638089	0.217853	290492	1	5f1787da1d7bf0626939c26621201f9de70b2ac17f865e493ff03038a3e9315f	4cba2eea06e21c79bab305ea008dcddbc66b27086cbe6c85f7ec96bdefdc96cf
chr22_500_guide_076	columba	timing	measured_1	0	4.537520	0.679782	0.272834	290424	6	0f5f207f370a122525e81363ebed1b12d2c9ada1888dbcdbbc91b0cb2a481d8c	7def432da96c5bcbe520f226d237945ec6841180f82ffa8a41e9e9ef10a1709a
chr22_500_guide_077	columba	timing	measured_1	0	2.268981	1.407238	0.374962	290712	11	01eff103f53992e674cd4091197ade662b1f7be74e97328d4418a9fd6ab9ab89	c0edb623b2395d026ded1b0d3ea99087303be1ae34dd2c9171adbee82fe1698c
chr22_500_guide_078	columba	timing	measured_1	0	1.060328	0.700239	0.244205	290328	1	664ca84d364b11b722ac1aa282d988cb26faa580c3801fc71e980d0a2785483d	647a3c26fb0f04ad019100c4ab0390ab87ed5c84aadfe7a252bca70b1e3bd96d
chr22_500_guide_079	columba	timing	measured_1	0	0.959117	0.670189	0.249802	290320	4	afb3a2baa61d27fcc6390dabab10c0341036168166da5891947bbfcee3778b38	ff873412894078ef6ef205b13ca72e5ff12617085dc3f394412279ed33f28d02
chr22_500_guide_080	columba	timing	measured_1	0	1.012988	0.685639	0.248241	290480	1	a16a21db2b49ee59d414351e5cfc085e7f1c9e271758fd01d69580f32ad1a0c2	4dfa4eebc9c5b4f4a82f5df597ce34d51b63bda2c3f0de7967b9d4dae3d321a0
chr22_500_guide_081	columba	timing	measured_1	0	1.009424	0.680439	0.248539	290740	1	87c90ab44d2432526cac1bcee02421cabf106882291b8473d5af856bbf6654a7	aa5f535485a04a0d6548f604fa5ad48e5ff270bd7b6e49efcc24849a24737b3c
chr22_500_guide_082	columba	timing	measured_1	0	1.161727	0.742165	0.232298	290428	3	6f3c5867d5dbbd7f3b78e08e7b3300064d91c4ed629fff6eb12b41e686b01435	36b2282653998fc4b0f58ec158c3e0e6f5f7972aaf158c94c7642f14b59a47cf
chr22_500_guide_083	columba	timing	measured_1	0	3.526526	2.010528	0.571790	291276	65	443c9733648206d43672a968d8e97952afd65a9f31ce05d9d0565f64b1ea8a38	34e2228fdcbf823acbc1cf9a4520426f2726ceee2e2c487a482723b0e27f4c06
chr22_500_guide_084	columba	timing	measured_1	0	1.313070	0.866990	0.280429	290496	119	d402adfea529962d3944e928919008f9a65f3ac8e471dee261aeb5aec4192c48	6beba3a70e3f992f090fd4e796fb70b5d6eac3f95004faf026557a0a55251079
chr22_500_guide_085	columba	timing	measured_1	0	1.112465	0.707799	0.161671	290632	1	a50b7bd87092a6e4a876b6a1b30167fc798e551762ded744e8cec689a47f6f55	0403a04a2f3326b7701979e1d0c9fa547fa91ab530f8fd99c6ae2a1bd6119591
chr22_500_guide_086	columba	timing	measured_1	0	0.961231	0.649636	0.222873	290300	8	caf56a8d80186a132b4bbfd8a735de6b36912b11490c792bf72261e8e5cde4c3	050c924a95a143b2754fac5cd4c71a0d204bd6c77539986f3a3a766a322e39c3
chr22_500_guide_087	columba	timing	measured_1	0	1.111004	0.684883	0.219834	290284	2	f25a4d850004ee4c2741be2af70583a16f5f628dcdefe40556a4f787f77266ee	bd92a88d08c1fa2b3f682dc5255097cddbbd159c36caca2ecc29814711545576
chr22_500_guide_088	columba	timing	measured_1	0	1.162091	0.784502	0.257989	290144	2	5c632dfc921b715b635c61d386497b7131eb4348bb520ea4a5cd13ab53ef1e7a	23e8f4ffff162fdc2e25089c32203c22ccb5ac9c66770c9b5d4a6408cc154ffb
chr22_500_guide_089	columba	timing	measured_1	0	0.960275	0.658987	0.151111	290476	7	435669ee46eb24c8f7ec4039557ae1485d92adeba07ce04f76f3032c4dd179c5	24cd2e6a4b5650df77901fb0bbf759a30fb2ddf3a5abc4701088887f394766b0
chr22_500_guide_090	columba	timing	measured_1	0	0.810899	0.636960	0.146476	290588	1	1a674244aec8ea25c8e0b9a4c719f1dd7a3136cbd5f87feb87b53bc75bbf29fb	a57155a9cef5751288db8dd5a37d6bbc9fe9d2b69d3f0dad7f65201ee77eab7c
chr22_500_guide_091	columba	timing	measured_1	0	0.910878	0.664383	0.214766	290320	1	3b1208d36a7808228471f8be766844c38fb5b98323d1d2f58e690839f7fb8d80	c987746dab1aefd1154d93fee3ceb0b5e57c026a3298baef3bbea8273ced27ea
chr22_500_guide_092	columba	timing	measured_1	0	1.969750	1.244101	0.304353	290612	151	f000d58c8750591a2c7cb091213b22bba518d7f9c05eb7175dccfe211f9bfb08	3b7a13444398ba7ca1c4957d456aa00242fbb59bc8fc85d529e581d34e7d746f
chr22_500_guide_093	columba	timing	measured_1	0	0.861521	0.565991	0.217102	290404	1	6cdd7ce54810d5bc4f6f9e343cba7e89b5868d4aa230081223fa53049a31ac4f	dc56e723a41ad2b033072b1d35240963852ef67de09ef8478a44d1daa4a0e78a
chr22_500_guide_094	columba	timing	measured_1	0	1.025071	0.606963	0.159961	290512	29	948bcbfadc9596d923485f837f309e44ffa937d6b9b444a5fb02ea8581e87245	79efc16fa62b4f0a95cfc9be0cc611a7bf821b00bc1b0bd65bd02cad0eab4573
chr22_500_guide_095	columba	timing	measured_1	0	1.062146	0.790859	0.168799	290772	1	78d56e6029a238e55e698734f6c34371645440cad14a3a34379e3a5d6cc8429a	a2f3102c792c3df23476f6bb4758a0972129d992dbc20ef0ee3164f5f6882b83
chr22_500_guide_096	columba	timing	measured_1	0	0.861528	0.646687	0.128594	290580	1	e4df6fa89a3b0e0120f2158b3532f9d4a6e42d02734646aca7d1906347f68735	034fd5f80e41ec35f4feb3e12a1ac57998e2443d058e5e18f13ebf5ab2369fe4
chr22_500_guide_097	columba	timing	measured_1	0	0.910310	0.699413	0.132656	290448	2	58d3088e520d927bbad11c9787cefba9db56844eefd70fc7274612710d6213b5	91dd8610d687ca8fe292f44ccbc98eff7f0a64598355b67ba2671dae0642b737
chr22_500_guide_098	columba	timing	measured_1	0	1.313734	0.903059	0.170888	290552	7	e201d7cfc5ec4a9979af6c9a236130b8f36d6e0e4dcfef596b106dbc39010303	b458b467a03688a50351b56d6e3c449c56ad4edc944351aafb91ac49def2d89e
chr22_500_guide_099	columba	timing	measured_1	0	1.263048	0.790162	0.322565	290332	418	e0c841ff70caf229925c42271dc89b4f97cfa520605d74e679a65d4a270624d4	3cf35464a1122905c66fcae5b1d5189b97f7967d4ebdbef8403b1ca3216ec463
chr22_500_guide_100	columba	timing	measured_1	0	1.614962	1.021909	0.321092	290568	7	6dc27402611c5897094988dd29db1a7c81bb640bd33c2bcd2edd331da526f95c	29509256720ec18e82b0ffd96d83ff775c438ac7ef60fc85cd049054356df38b
chr22_500_guide_101	columba	timing	measured_1	0	1.109618	0.737262	0.166374	290656	6	47e1fdce9aed179ae91336af9f3427e346b81c1516b1506ea44c7ac44e50a3cb	92c42033eeeb9aa506c0bec7fdf1104d0c3777c474f85e85480ad8d5dc7f7af6
chr22_500_guide_102	columba	timing	measured_1	0	0.908973	0.631468	0.207800	290496	8	bc012fee47aabb62fc68539b6ec0a0735b880c5eb93ba880cdd2894a791c62b3	64de5f357da6591a46db8031cba7625902901ade5ad96b163f45ddfd462aebe6
chr22_500_guide_103	columba	timing	measured_1	0	0.910675	0.634075	0.182065	290736	1	70d3142b6438b2233c1a63a2ac833233a13a2d75bf75339f1fccaff2fa81b453	d56d96fe98b333f362ee9bd6376532e8bc00f0bfcb42456116b5b2cd748bb70d
chr22_500_guide_104	columba	timing	measured_1	0	0.960498	0.682399	0.234381	290604	1	1a566c323545c0de5dbd25e42db62374e240ce4299b47e835e757a21598da936	08d20456f53b1dc81a710bb71d2819d8895a5e6fcd98e7a7ab7756dc0f4cbd8d
chr22_500_guide_105	columba	timing	measured_1	0	1.411305	0.934472	0.262883	290472	82	6f059c4e0726c2fa1884434f4f975ace5c96e3d6c6b37c77b4364307c7aeea84	c0bd084dfe927a47b34af71cb0deaf32edb03482ccc22ac6739c89c80863d4eb
chr22_500_guide_106	columba	timing	measured_1	0	1.062029	0.773578	0.225307	290380	19	cd02d79cb88b58688e1a381cb9a027fc12e8f2c8ba13c33dfac7051358dc3aa5	33a3e9ab5bcdae1fbaad18fea1e55b76f8450f8567f049a34fc88646e0393f86
chr22_500_guide_107	columba	timing	measured_1	0	0.909536	0.669171	0.166898	290572	1	37774d4819ec468762743e89b36baf9deaaa8cc267fbe9bd5aed95319efd242c	1746dc10e1af88335e4a12e5a7eb1b37aa40dc243ef6125524e365e80bcd8cfa
chr22_500_guide_108	columba	timing	measured_1	0	3.118605	1.874422	0.466316	291548	1	6b72b7d58a6bb9700568183d8342e8f3bc79c45ffa1f7e46c161effbf9985c5d	1bdc42a6859b8b52c1db369907a7439fdf814d31ad0591c6948691ed396edcd1
chr22_500_guide_109	columba	timing	measured_1	0	0.757168	0.531587	0.133003	290564	1	461291dcaf2e80e2a23a63e67f89a5c96faac00ade45a6b2fbf5f72f52e4e359	5f6cf12d24efc302c0b18feb3261423ab8eaf500a0ce00eaad330309e72d69b8
chr22_500_guide_110	columba	timing	measured_1	0	0.708394	0.555616	0.132640	290536	3	27bec362626af993604055a79ddb94b53597029f4bc27af25949739b8d89a154	856c1e604acf1d18e0451c19303335814fbefe1662bcd31770ac6fbd63b99f21
chr22_500_guide_111	columba	timing	measured_1	0	0.909490	0.609865	0.180546	290328	128	179bedd0173a0b747757db4c53a52508aac9e4581ee9bb1f9aacaacbb5eacc88	4c72477b8ccb96aa672d0bbc91a353c395ad47db86ef2da8043a34637674b8fd
chr22_500_guide_112	columba	timing	measured_1	0	0.909632	0.655215	0.176474	290904	1	85e8ddbe1f41d07d2fccefdd6deb60b8cfcf17a64f052215c84a68e7db0e8e8d	00005e9cafd4a8cb6f19096d8e9d54632eb6e89875c5030196a944fd19e92013
chr22_500_guide_113	columba	timing	measured_1	0	1.062046	0.685314	0.261480	290388	149	5664c285cf2f5ae0137ca1a22d1cb40e7231faecf6a27ae4223e67a75ccdd033	94dca88f98f958fa1bf19db4e20642e9042142e03f3cac411aff6176a087ef1e
chr22_500_guide_114	columba	timing	measured_1	0	5.028191	0.660246	0.173446	290644	2	e99f1464fbfcc616cef25166c640673d4d2c6afce038f7bef369c4bf5c6e0046	5191b50bee9c5d1e030d6bcab94554cbe0961661f1dfd7d8bdc4c6696e1b3586
chr22_500_guide_115	columba	timing	measured_1	0	1.463810	0.900623	0.250750	290664	50	01ac7302e9a199c7d238bd19b09ca939f8fa4847c9f04e0179d582f6c398c3d7	46de4e2c695015b0cda6cde7c4d5a192765539cf7ca9b535b36b5be39d0e618f
chr22_500_guide_116	columba	timing	measured_1	0	1.061626	0.725023	0.207562	290612	15	2c3100dc7c5e040102ad698cc36b85dd84a89471db4410bc85aa8535ac672828	10c4a9caa0af0e60d557e748006ab42c160e4f100b7e5d1bcac1c7a205f9e803
chr22_500_guide_117	columba	timing	measured_1	0	16.212563	8.486204	2.466172	308272	3335	09dbe95198ae57879a9ba57ad4c855a45956a0ac2d97e2c6002e6651f7e06ddc	090ac31dbde80cb5241fae47410a81ff6d12c362cba45acc52fc695ee6ea62a0
chr22_500_guide_118	columba	timing	measured_1	0	1.111760	0.707049	0.244540	290432	2	bcee63120e7a1ad9985f53ede79aec2d8e27e6be8190904374c9bd2675cce1d4	20e0d047a90eb941c28e7c3eadd3682e2d2baa7519ca17df715655ce2d25a138
chr22_500_guide_119	columba	timing	measured_1	0	0.809599	0.604599	0.140244	290352	1	4f436688014fdfd449b313b2c3b687063981e5e245571a9db7c8a5711487b353	e68dade42491d3ddd00a5ea23d9612e962e69a59342f84ff18b674ac32a011cb
chr22_500_guide_120	columba	timing	measured_1	0	0.859527	0.605931	0.179981	290448	2	ecc4ab1da9f54fe98fb3daf081c50f8ea2bc6926d495e1ff393f5acdd6c088ba	f833aa958a5f495183f5e033de42f6d8afe91f350e8ce2ca33fa066375294a37
chr22_500_guide_121	columba	timing	measured_1	0	0.859957	0.578245	0.205780	291052	1	9c2d6c2960fe78f86540e1be27182c28b286fce8b9592387bfeac03889c6dae5	2704842ada9d3b25ab43a512905eaa1dcc85b9bcbfe559d667b7abe3b0e51ad2
chr22_500_guide_122	columba	timing	measured_1	0	2.216715	1.294131	0.393538	290944	101	e1d81e7c216feb9f8c237c0eedea03fa224a1765de1eab7c995bc6d566e9f684	fa2962666f6ecfea439cb94a57f945780bd0bc50d24174783c93c173399d6001
chr22_500_guide_123	columba	timing	measured_1	0	4.443346	2.916420	0.562013	292280	3309	2bcf3c36d3005ad0fb22c942310e9ac2be633eecc1be15596d48b67e278c7fd2	bbeec566678f9402686af8dfc82c742950a8cca1a8132401323a9ab6a130af25
chr22_500_guide_124	columba	timing	measured_1	0	4.234914	0.690485	0.234107	290556	2	7ddcecb77c47003c6c62506f5862a316222350a1edaf66e6e74fcc576be502f2	213ee66155794bcd4dee7a5fdd1bb0ddbe438f8dae8ead99c8735a54676fcdba
chr22_500_guide_125	columba	timing	measured_1	0	1.971444	1.267962	0.366343	290636	8	492725d20fe9d5db2f1a91b2b31a147e495881c5f222ae8be30d996373d87e6c	e298661cf0d8d1d5fe7f9c04271caba45fbbdd2766f8279fa3a0ee1a9b98f4de
chr22_500_guide_126	columba	timing	measured_1	0	0.910215	0.662569	0.198378	290768	1965	57abc546a36dcb61b89f5b1a7615a43135f0663d7af96d10fe70563776e0fedf	d6d0d8ebd689ebdb64d55389b0665e52a54f191a330b356a04014bf858fdbcbd
chr22_500_guide_127	columba	timing	measured_1	0	1.968624	1.214126	0.296421	291432	19	0c012868d6ea02fcbad0e3f44baa2a7e59ef03fb923ef2aa79007230f065f303	fc37767c92591ebde142bbb7c381093addca59df9d10e9e2c0f3a2dfb244573c
chr22_500_guide_128	columba	timing	measured_1	0	4.581484	2.765010	0.647209	291724	64	74ee2057f2511f0387c90decf264283593386e47d9b30347bc9921ddcc60dd17	24451543d4981af6965232fc89a42aae084c85b1effd413db55357f5b81b7551
chr22_500_guide_129	columba	timing	measured_1	0	6.537527	1.991843	0.540193	291360	10	5b798c4a833c3282797917b94896aef3977cf41a458001ef733fd63ce7846a2a	e2d71aa9677d93244afb220e9ad4d0eeb027015c8cb17177c33f4531c994c25a
chr22_500_guide_130	columba	timing	measured_1	0	1.863944	1.147460	0.312077	290644	2	6e3cc36326087205994258d05cc6383f0331f64e9934e6d84278df7c8484344a	0b8fde13023a2b3c026bacf0028b8ef013fe38bf3af8ee15d477b60359337cc8
chr22_500_guide_131	columba	timing	measured_1	0	2.922274	1.753267	0.441963	291060	17	9027915187829aa16b01814f987b1fd968ceb48e039fc731fd85db554bd850e3	f752d6a5333e2ad041f1cc05dad3748dda89c363ec91dec6b7b4078c7dfc1648
chr22_500_guide_132	columba	timing	measured_1	0	1.514064	0.980142	0.273611	290516	6	42b2a134cfc954cd87ffd6426dc37df74a73fa54f3fd58ece8830da40829a184	1602b2b202fdd2e87bc1dfc8829793256dd66997dbdc1d5c0e050d35db9f46aa
chr22_500_guide_133	columba	timing	measured_1	0	1.009800	0.652677	0.174981	290324	2	a7610eb051e87a34826545d10fcf8102943e8611a97a657a33ec94ff2afe4c13	ca6032de9107568e011efa775fb138933bc1f4163d835edc39d12e948093dfde
chr22_500_guide_134	columba	timing	measured_1	0	1.564438	1.112192	0.207661	290860	1696	15ea75d1d388292df50a24ac69adfe550bfb71904110cd0f3f81f7c59be4ee94	461b5533971da140b4a6c079f8a5b080d14fbb71d9e6c1d21ffdd13fecf6c595
chr22_500_guide_135	columba	timing	measured_1	0	1.765893	1.111205	0.302057	290856	5	e3c84bb32763d301bdf52408bec52cd184e7bd8be4a2143c3dc778c2162283c8	99d2dbfc79b13a73ce69b6c42d895375d91c3c4527abeb63763f16ddd615de2c
chr22_500_guide_136	columba	timing	measured_1	0	3.423568	2.285499	0.426076	291820	3244	843e4bf4bac6ae869a0d929408d3185ab9e833a359a6f9e5ed8d66b4855b2395	f4e18f51a69fef0720ffef6a755858aea2f69a7e050d9ee155ff89a549e655e2
chr22_500_guide_137	columba	timing	measured_1	0	3.476328	2.040167	0.475847	291208	3	6b10b91714e2739dd197eb1b59d225ef355dc4c88c17eaccd81edf4c2ea2cfff	2a9d725b28c38d6308814cd7b80df45337c0daafcc80fe2958ec66eb320e7f68
chr22_500_guide_138	columba	timing	measured_1	0	1.010839	0.723611	0.185644	290668	2001	01e49abccf673768fbd38172e9592aef60a9ffa738fefa147d463cc2893ff852	6ab1cb25283fe19a6bfd4fcd5c48da2d87969a73970cab771254caf7f66a6287
chr22_500_guide_139	columba	timing	measured_1	0	4.541415	2.509185	0.563176	291808	1993	3cf03761da568a4e8daf4caa89db6161f78870d15f4b918b5510eacf8de9a23e	95a4147eaeab6638de1bb677be3761ec0478fd70c786d342addd9843fb84b313
chr22_500_guide_140	columba	timing	measured_1	0	3.076282	2.122879	0.353637	291556	2011	f82cef2df3ee74e16d91c05357ecf7567d84cb3c01dbcb249e2f6304c740c14f	33f330c2f1bca1655b750103cfa6a205079f9c4bb49c68c1f273d161b217765d
chr22_500_guide_141	columba	timing	measured_1	0	1.664869	1.067593	0.225156	290628	1	75a2846e206ef232a498051fea8840d2d310dd428aee04e323c3edd7213c8c13	99fff3ae386ed52f110ea41df18431475a304ec7248ddf16a4ce01313ad5dcdf
chr22_500_guide_142	columba	timing	measured_1	0	4.978678	2.452516	0.442809	292968	4003	f7e84528934babfe1ea46853ec6630ad9df5ed2bfec66985bf52bf280bc73fa5	7e11ccc183dd40fa26a40ed9c27d9a5a563f8c9ad4bf2f65e531900197b4e234
chr22_500_guide_143	columba	timing	measured_1	0	1.163242	0.816992	0.203144	290680	1862	023a0db1667cffab02ece840deaeba274e313dbe75e80a569d4eb1e108049a70	d4e0a36311e4ca8e67b4e69d062e253606ee8ba50c03ffb98d71774fa810bdfb
chr22_500_guide_144	columba	timing	measured_1	0	1.415958	1.033496	0.223090	290776	1885	117a882249c4d29e07ebd186a6a128effeb9154b16a9781f10cd4dc23f1f5fd0	1d2a90805309244de19406e143619c863d68a7e1c9e30f6bc749f76c584fb153
chr22_500_guide_145	columba	timing	measured_1	0	1.814367	1.127826	0.281996	290704	4	da2dbc6e66e71196244c1da928aa00a4263158dbcfe56f5677643d6b0131921b	51557a7bdcefdd601a7a5f2190dbfa5fc2f369a128c8ec29ad4d524e42bab353
chr22_500_guide_146	columba	timing	measured_1	0	3.325362	2.294343	0.401716	293108	4326	000f8210c302c2a43a1cd9ab4e4aa08d0df3475a7e7bcb713eb9aeb444996bad	cf3e450761193bcf7ca9a98101974263904078120a69ffc169b7bc969c93fef7
chr22_500_guide_147	columba	timing	measured_1	0	4.182262	2.470392	0.579032	291600	38	78174f6f3be7f7ee5f2b0f1d7766286d9befd7bf5b0a2d740bbcbc3ebec70334	289310efa617ff178e40d0f970fe1a8f40cd678aa4dbe28b1c2c915efc711407
chr22_500_guide_148	columba	timing	measured_1	0	2.621169	1.808139	0.323572	291832	2155	d29f1e6c8cefac25b1c219eeb22083b707ccd515357f995e1d890f815157db21	2438973516059989d2cd3180bc4fb2a1b25b52a873009a27bebbfc598f668a22
chr22_500_guide_149	columba	timing	measured_1	0	1.764636	1.081092	0.326596	291508	5	d858493a5129d219004e374ad1424cb6a476e79f56c71082ae1af306e90714e8	248007e873334fa7965b0796522377d85d43543acbdc1cea7f29ca78f33ba147
chr22_500_guide_150	columba	timing	measured_1	0	1.716202	1.138317	0.279151	291220	42	0c54270dc6f4d33feacaf871c5ad498c7cabae46048d5c2dc7a19376b59070e7	b07edbf1715a11f190387b46d509f48c71969bc830b814f31976577533d78f78
chr22_500_guide_151	columba	timing	measured_1	0	1.764787	1.072286	0.289890	290792	1	fe055a246254f30d7a48644133f08b87ee38c4ed785e2b38b800c531c83c0410	153d63b2c826073cbff44b772399d042ef1ff8785ef237dc4e4ecb96060c6768
chr22_500_guide_152	columba	timing	measured_1	0	3.122811	2.010420	0.476136	291516	2048	17a6ebcb965cf7e38e6e8248ccb386749379acfb5f0ef48f1e844948c5befa13	86065101842632edc531d81d74b12a3bce421d4d518ee19ccbe05ccf06bcdeee
chr22_500_guide_153	columba	timing	measured_1	0	2.471493	1.505459	0.413105	291204	2	5d5573821365e7bc8b578e4c8587ad85cc0ce7e73cc826859074ffc07c945a42	6d757fd7aeea9c62de2f65f7620c111ca2fee818c410d59cbc0beeac17789d75
chr22_500_guide_154	columba	timing	measured_1	0	6.037244	1.321426	0.356514	291488	60	b9c2affe3ac6d19a9031ad5e42eeda24beda583261198c9ef3b43ab332b29d28	6e40502ea002e16a975f6fb36be7f00c6ec6edbbda7b7ae9c3a2e276f8a39e36
chr22_500_guide_155	columba	timing	measured_1	0	1.011016	0.679692	0.155081	290492	1	d7747e0db2e88e56e4a3767f47b5f9029bd6134aadc31b795c79eff5e14e67b8	8f6f6c16a65d5f9e1097eb9ca3d75e79581c57f1b45038f1f734026cf3d91212
chr22_500_guide_156	columba	timing	measured_1	0	1.110304	0.777010	0.194080	290628	4	41707f5dc15da2e7a571f8c8bd844c5166208fe2eaace0d20bfe1b07aa1d0ea2	3bd36695e2f7acebac13820001d86e4453ae9d7fb08136bc2a2e76ffb38cbf4f
chr22_500_guide_157	columba	timing	measured_1	0	0.909461	0.643645	0.166324	290524	1	643dc743fd75f3ec7b2e9f6c2d518d6bf6d7cc37ab7cc77ead9e6846ae592d90	21557a1819e588a11f310a665f8db49932fed425053b7a62f6fc13cae1280b70
chr22_500_guide_158	columba	timing	measured_1	0	0.859305	0.650147	0.176630	290848	1	c25a6440be62186e25b0f165358d0d0900b923751f80af6ee5c27f0f29a85af6	5bcc52812e3cd79f2c949096180d3f1ac01ae06d29eea04285bba87168ded8f9
chr22_500_guide_159	columba	timing	measured_1	0	0.809220	0.584584	0.170748	290252	2	3d4992720176e3388daa5c560bb15dec7cf3951b67550e05820230c38661f0a7	4262c7ba1e5bff922093ce8649b4b6afd7d9d7631888f095c0975a592edd5bdf
chr22_500_guide_160	columba	timing	measured_1	0	0.909851	0.607605	0.154484	290500	1	d6d96d826bcbd4b301c0c87e16f31ad41389f1c8474f50d3699184cfe7acda7a	e3b0c44298fc1c149afbf4c8996fb92427ae41e4649b934ca495991b7852b855
chr22_500_guide_161	columba	timing	measured_1	0	0.810086	0.575121	0.176037	290384	1	4ae747e8d2a44a4137f700664493d395d2b602c7f46ee11e639e12aab1a96bf3	48dab6dfc66bea46cd2a989671250f1f1146d8be44c7a92764ee77e05c8a558f
chr22_500_guide_162	columba	timing	measured_1	0	0.759222	0.548949	0.177554	290384	1	b69419482bbafe6e1bcaa11e5797437af79964ee051c788015805b30820e8298	1c3598190a582a41ff1a3274b3d0055fa9afc43c12ffb132b06a64902c8298e5
chr22_500_guide_163	columba	timing	measured_1	0	0.808971	0.572702	0.150106	290424	1	0effc63d85fa97f691908ce0321ab857ae6f08fabd2480f35c83ff81e76c9f0e	6be499e878bb8835b2d0095d754911ca511e88d92eb98ee972ab04a1f8c00a0b
chr22_500_guide_164	columba	timing	measured_1	0	0.861154	0.624541	0.187843	290624	1	46e7f3e1a96998b4b736b1eec08088a85a8308019dae7439865ffb87c1184f73	2d8dc28c05ff97e40ab0da0dd01dfae7c84205d78c3298375625aebed49fae9d
chr22_500_guide_165	columba	timing	measured_1	0	0.911211	0.674611	0.169157	290516	1	d886af1f304911c13510c5ed489b15bb3ee85e388b776d06e045ba0c930a5f2b	c43aa645a27cbc7059ec0fa97b3d82a0f8c839aaea0678f54f471fa3f05fc6f5
chr22_500_guide_166	columba	timing	measured_1	0	1.263810	0.811813	0.188020	290452	65	f76269f3e52c3014c7aecd6b6517914bd94eac0afbb4da18dc440c8d46cb1ee9	d0ebcd3f78085dcddbc46a767f058c6f89ea3cbbb2ba0293b2685d9979fa19bb
chr22_500_guide_167	columba	timing	measured_1	0	0.911077	0.629137	0.184122	292592	1	cee264189907b3df5df36df18bf77367d70c9e3307ae209d7154fde9dfbc47a5	e3b0c44298fc1c149afbf4c8996fb92427ae41e4649b934ca495991b7852b855
chr22_500_guide_168	columba	timing	measured_1	0	0.858750	0.619413	0.169761	290404	1	b799f84402b88ca7eda644ce1b5b5eb56c02b09c04d62fc51c4c70dc76c6b583	4f6dc5b5a164eea9ba79b4a4c7ee686bbb2ef32b24b407949991d9e320496ddb
chr22_500_guide_169	columba	timing	measured_1	0	0.860189	0.628028	0.191144	291020	1	0862c816f1aa3cfd555719d81c501eb6f39d78bb01666b474f7b06bc78888790	d6076da4404290dc28d849925c83e76a1c91272f05c81a1269e2cfddec6c8f21
chr22_500_guide_170	columba	timing	measured_1	0	0.960065	0.660089	0.145109	290412	1	99438952a76160fd91fde79eb2d1ef722599296aaf8bac56414ccb53df45a0b4	e3b0c44298fc1c149afbf4c8996fb92427ae41e4649b934ca495991b7852b855
chr22_500_guide_171	columba	timing	measured_1	0	0.858604	0.554857	0.171313	290472	1	e317429f77c005e356a722479e453cca3360caf415324867267d86c234fd9a0c	b076137193978c5e088a07436c1ed0022cbd76125f97a81a6f5b5f2871d76d0b
chr22_500_guide_172	columba	timing	measured_1	0	0.959560	0.657744	0.196166	290460	2	9ae05e1b88f0ed17152666501156522d5556ae5d91a566028a52d1abcfaf1bc6	6bc81936cbe6405f634b2147121acf85229c6ea577c2037be77523481bc6f494
chr22_500_guide_173	columba	timing	measured_1	0	0.910278	0.643528	0.161550	290492	10	26e2eb81897f587da39402739a7f851313f0bf1adff27623b341a24f6d65d55b	99ec977a326ca10c3e115b1ced26f639f311e55f5d55485ff6a9c48c4655ed96
chr22_500_guide_174	columba	timing	measured_1	0	4.033028	2.277749	0.564236	291500	88	fe5b1ea607675709c509ee4c41c07495481a78cd207e03b6053bbc685c8e7bee	0514063c648fb23168ebf56547b5f24ab52505d23dea868ff9b815032ff5e078
chr22_500_guide_175	columba	timing	measured_1	0	1.015412	0.773947	0.208543	290328	1	3a2a9a535dccffd342eaaba6ec06067374dae64ca7889222dcde00af5c440547	b06efbabd0b58f9175c51573e14cf929c3eb6944d699c7c7aa4dffd6cba9f0db
chr22_500_guide_176	columba	timing	measured_1	0	0.858481	0.604847	0.196650	290420	1	6b2b73f521ab30bc9f66dd52de9bfe397a214246ef85ca25fe53c3a46bf2510e	2408d9d716ef53c9f51f7ecd00ba938ffd9f6f09c03453428555bf612d94ad8f
chr22_500_guide_177	columba	timing	measured_1	0	0.758786	0.574817	0.148174	290488	1	d6b0fb83ee8856732fea46f66b13f7259eb296d82bfc9c1b649d294580993c11	79f17fbbb07db8bf96a8b3a6a0b82f26dff0cae9054127f4648a1d82e4f9f0c2
chr22_500_guide_178	columba	timing	measured_1	0	0.910344	0.654650	0.188297	291096	1	d902219eeefe3ff64202f082d0493776f51eb4ff2b0f1167c0e670f923533dc4	561879fe16bf8d8d845615014aafa1348557dc2b653402bc983228fe11f91985
chr22_500_guide_179	columba	timing	measured_1	0	0.859247	0.644306	0.160619	290508	2	02d3f463b9d194d5e3344e85af306f98cb6029e93b28e7612516ef86601dfdfa	91886342195da67b1d9b706bc42a21629d2bf30ce2dee7566e8dcd42aa868d52
chr22_500_guide_180	columba	timing	measured_1	0	0.960284	0.695186	0.194526	290668	1	458362f7cd5e3313975f59a9b5fcfc0752b491681a6e3bfcc210c9fb46bd7d1e	30957068fb93fd971b4c8d4d3fff934e28dfc45a7e610c43656898109b11fdb4
chr22_500_guide_181	columba	timing	measured_1	0	0.759759	0.544448	0.159931	290492	1	bd12ccac3bcfe83190a4a57e0c78ff819ffd24d8f03895aa6c4610029187f937	e3b0c44298fc1c149afbf4c8996fb92427ae41e4649b934ca495991b7852b855
chr22_500_guide_182	columba	timing	measured_1	0	2.523749	1.434779	0.469411	291244	102	b3ed67db64de6ec64c6fc3786cc02908de5086a5b3f314472f8b20980456e1e2	a83afeb1cabaf839e2b1ac252b842df0015bcf3907305d443704e94ee2e67c7c
chr22_500_guide_183	columba	timing	measured_1	0	0.857797	0.593175	0.174964	292660	1	87a59470956d0b27daf38e5e39ded5e150cdea0e868b3bb38ed13ec71694f010	e3b0c44298fc1c149afbf4c8996fb92427ae41e4649b934ca495991b7852b855
chr22_500_guide_184	columba	timing	measured_1	0	0.964705	0.740993	0.172299	290880	2	63d6cd29cb7467d7766f34eb3e5fc1d69b1b395b993a76b0bbcfc4be9deffb04	cbb148f909f0620aa32c967b252d39e0c819c327ca7ae8f9194ef0da3849bae1
chr22_500_guide_185	columba	timing	measured_1	0	1.665791	1.089339	0.281632	290740	45	e2f741895a6af10ad3146bf06646230c2a7e00ab5a2bdf1150c8c05fdd7825ae	6389b3e1c29a84a416ad56d5fa787cc02a67db3bda8316d708bcbe8e8218290f
chr22_500_guide_186	columba	timing	measured_1	0	1.258408	0.831368	0.226055	290612	5	f676474a73cf61aae93b7f14f3ad5050ed1b02ee16f71cd30d18f0a08cf61d92	f16e016d55244828162bae381c423bf2dd76b3ec082fd0726d19f5b7f364cfe8
chr22_500_guide_187	columba	timing	measured_1	0	0.707301	0.492886	0.156563	290476	4	51a176042123342a4831eba8dca01b9000fbe062e0a6c2e88db63cc931977305	1f4dc320d13435be603267ca64d56395cb3f314c5c09eb17681c813b5a1a4263
chr22_500_guide_188	columba	timing	measured_1	0	0.860648	0.607160	0.144726	290432	1	029b4bae64ebbe3decac5715b992bb89ceb0731276cd7cd8566eaca4250537b4	d19c36693df71437a3e971b04638d4c55f47a0d94d8887a1c6ebbec6f71e8046
chr22_500_guide_189	columba	timing	measured_1	0	0.810386	0.601100	0.145196	290476	2	1a0a4c609cd5cf1946c36566a3f804c745395f17934a1617723121dc8047f381	16c894919eb3af64e89702762f662b74036cda56113508717dd039b7701a720f
chr22_500_guide_190	columba	timing	measured_1	0	2.665604	1.375700	0.459153	291124	72	772794d7dfeb7e94f722de0c356d0bba086ca9710bc1538aa8fd629091bd58db	095c7d338c4ff282ff9fdd16f82db57a540a4ccf2045d351230457d829f73224
chr22_500_guide_191	columba	timing	measured_1	0	0.909267	0.613159	0.234674	290264	1	ec8c5f18d6d74bcaeb3d8a9231840ea7d431ef6bd61745bcd5ac037ce5c4b79e	e3b0c44298fc1c149afbf4c8996fb92427ae41e4649b934ca495991b7852b855
chr22_500_guide_192	columba	timing	measured_1	0	1.314074	0.888159	0.216162	290588	36	e681a54c96435b50639cc217f11919b4244bc18d6464debb522bc7c2fff48ce3	1de11f10571068808fa426c02241787689d36eaab4af74158ce7252d7efd2eee
chr22_500_guide_193	columba	timing	measured_1	0	0.909811	0.589093	0.163098	290560	1	a699d8af011bf9deb858b41d0fae396d8cff7641f7f0fffbf757531340e4d266	e3b0c44298fc1c149afbf4c8996fb92427ae41e4649b934ca495991b7852b855
chr22_500_guide_194	columba	timing	measured_1	0	1.619777	1.025633	0.249235	290784	5	7f584c506b18137c140505c397f299f5cfb1e2f19d1ec6daadff8bca7688d435	ee321b1a4fa0b2c782160d0ade1dc9b1e7c712baa0831134203827c6335eea64
chr22_500_guide_195	columba	timing	measured_1	0	0.808930	0.573382	0.166638	290456	2	cb5118459e82325c3db2fd66e9783a13ede67bf9409c6eb4e4b9801a6da75cdf	3ca6c7c28da24390b5c41cd466f68a9e25f0da943d8c361c04ec9bbc6322702c
chr22_500_guide_196	columba	timing	measured_1	0	0.758944	0.548977	0.153292	290572	1	9d313725a1565d5cfde76bfc23bd41168e8fdfe731f992e32e4e14928f1eba97	e3b0c44298fc1c149afbf4c8996fb92427ae41e4649b934ca495991b7852b855
chr22_500_guide_197	columba	timing	measured_1	0	0.911583	0.656523	0.181986	290448	2	9eb85067d7a33bee8c8f49137a3e8ac1aec62426b1a9ddb3244bbec7c94ba60d	c879bab8e175ca7ca99d471776ee53a527aa2a8ce7e388841850bd3a9a5cb905
chr22_500_guide_198	columba	timing	measured_1	0	0.859673	0.590700	0.190412	290532	1	4390a33a35b7293befeadb9fa60eb9d4727d057633aeb9a93007f6581228ca97	7e3c0298e47ada9502fe1ab91e5aed0852345691cf2da9d42a3b3bb1585655fc
chr22_500_guide_199	columba	timing	measured_1	0	0.860224	0.600595	0.196100	290456	1	1a9e47a73e5d927bda478b79a2e0b4fe3a9cb6a5e919786318654d9a3e5db97f	1591be8f62747dc63ff90a1bbe7959939ee4e8b9b649841b64575df53909e6d9
chr22_500_guide_200	columba	timing	measured_1	0	1.010705	0.771131	0.190767	290488	1	17756acd0a0ce54b4e745976cd31a47fd1c9f63f1661aa7d77bad966ffb5a944	dce4bd63bbba53dfc5d40793c1256d7c8c18b7439dc831aeb3f92e33831bd080
chr22_500_guide_201	columba	timing	measured_1	0	0.857865	0.584384	0.198211	290572	2	d6d98b6aeb5f2c883f79b82c45d44de2fb34edbcf0b1e9d7b04b93f9e961419b	fde8b836d285794be3ca727ee724e6197588c807f8c91a19816d55152ad2ce6e
chr22_500_guide_202	columba	timing	measured_1	0	0.912141	0.668298	0.192060	290328	1	44bbd841c087139227d04935f12732bc62035e07484977bb2a50a49eea89c20d	1bf5edc7b9653591aaaa56f2b64982443264cd8d9bdeda9ff91a0425a9e38e4a
chr22_500_guide_203	columba	timing	measured_1	0	0.810423	0.646347	0.144498	290540	1	3e8108b8109dce3b65881841a62543e3eb3ba821fff9bc76b9b5e43ac8c75d77	30d5bd1a2fd8f421e7be29640f109fecf4e022892dc5732c56ef1b76e1f5233b
chr22_500_guide_204	columba	timing	measured_1	0	1.011834	0.726029	0.211961	290488	1	9d1a5247a3e3b449bea633b6b52c4bc96829551e72493f376f89f7886050d9a4	e3b0c44298fc1c149afbf4c8996fb92427ae41e4649b934ca495991b7852b855
chr22_500_guide_205	columba	timing	measured_1	0	3.669385	0.586582	0.167732	290452	3	31cd04449f0e717750811edfeca19670932d2ef47855d1e287806e2c35cb6234	0815c62f9e9e0acfb1a6323e5a9c02127fcee511590db49a271226d63fee6be8
chr22_500_guide_206	columba	timing	measured_1	0	0.910542	0.611565	0.202400	290428	1	0d05d9358e7eddcda81c0af29d014e6cbf29264f1da23b16a2ce4db5446e5bda	e3b0c44298fc1c149afbf4c8996fb92427ae41e4649b934ca495991b7852b855
chr22_500_guide_207	columba	timing	measured_1	0	0.858233	0.627088	0.170133	290328	1	d3ec7c66bc10a3376e61eb42399a7bac83ea47eb29447109082383725c615d9d	9ea2a32a6be31acfce0d1db45cd7455233cc28d44ba57ed919d204c93d0afee5
chr22_500_guide_208	columba	timing	measured_1	0	0.709074	0.519113	0.138459	292664	1	5924fcb39f9667884df027edda8f627478be6271057a2d69844c736321e3169f	e3b0c44298fc1c149afbf4c8996fb92427ae41e4649b934ca495991b7852b855
chr22_500_guide_209	columba	timing	measured_1	0	0.960122	0.703723	0.189396	290604	1	27efb82af164e4487a5cf1ccf7177efb814a97e6868618c2fb067d455ed85d72	e3b0c44298fc1c149afbf4c8996fb92427ae41e4649b934ca495991b7852b855
chr22_500_guide_210	columba	timing	measured_1	0	0.910541	0.657641	0.190468	290564	1	410125d8cde9aa8559c2cafa33ee82e57d7a2a7be8aa4340940d389453d4aa13	98eafddc6705acace023d279fe2d2474ed1bc814f781be21bc729ccb8f34da02
chr22_500_guide_211	columba	timing	measured_1	0	1.165154	0.803419	0.228110	290556	3	20e008a39766f5204fa95d4bd0a8c7abc3887b792992cd6c99d7682cea48d725	e3b0c44298fc1c149afbf4c8996fb92427ae41e4649b934ca495991b7852b855
chr22_500_guide_212	columba	timing	measured_1	0	1.166319	0.813111	0.234299	290744	4	4a2f7e701731af895b6de23add8c363330b9708149d82c09d0910cf52a9071a6	1b589983a8b5855076bc4491d17704756e9f42f9d5e968e92508bbc5ab23b1a2
chr22_500_guide_213	columba	timing	measured_1	0	1.421255	1.033573	0.256909	290420	2	453049c36d105d5fc369042ca0ab1a96b8b895a916b5c2f187ec168c02aae659	6a4a76d7576dcdf483edf9f4bfebf4e97bedcea9c2681ce642817147f17c17a9
chr22_500_guide_214	columba	timing	measured_1	0	1.216164	0.821679	0.229621	290644	5	d1267a7002bb30f0701f4a9ab7e16c256b0704d6840f6424451faec7375707d0	40d917494a237c6ea811bf0cd067eb667f710c572bbf41c951d52e0dfcf2e541
chr22_500_guide_215	columba	timing	measured_1	0	0.758372	0.570879	0.132962	290368	1	63b76d0e58c2cecbbbcfe4992fd7ff1c45be184128a232ca263192df43d8669c	4352e4e40b3713d409ba86521d55d188c008744fc455bdc8ed72ecb4955f27ea
chr22_500_guide_216	columba	timing	measured_1	0	0.859288	0.662977	0.172721	290392	1	e266b204a7997147a3fd8f9d94740378fc9a8435605b2363e7555257caffd730	799ab8a11c5febaaad680d06285bb2f1272ee07b717ebf92072b318d43aac3d9
chr22_500_guide_217	columba	timing	measured_1	0	0.758413	0.542799	0.166710	290480	1	bf3ea3e4771c6389b495a35456fadd28c1e956c9034804a5821e52e1827a51ff	e3b0c44298fc1c149afbf4c8996fb92427ae41e4649b934ca495991b7852b855
chr22_500_guide_218	columba	timing	measured_1	0	0.909019	0.668724	0.179241	290532	2	4f1d85930718319dee2874ba1c96e3f8e80885b044e2550d9d3285234eb16d34	ac80b04a88870303112f4ee98ea5b95636d0b8b35af5c52fb77c23238f1648db
chr22_500_guide_219	columba	timing	measured_1	0	1.059820	0.618520	0.186138	290692	1	872f2f85baa7c28f5b262483d1218ee6344fc208ed78aec17d684a0eae7c0c68	36f8fdad0538985a1a18f9afb927cc8b20bdf6efbdfbda4ab6136998e339304c
chr22_500_guide_220	columba	timing	measured_1	0	0.859423	0.591416	0.200272	290460	2	42c2ae15b75a013aad8e8379ddbc2d5b12ac8407ab6c2b2793e73d4fc6bd83cf	e3b0c44298fc1c149afbf4c8996fb92427ae41e4649b934ca495991b7852b855
chr22_500_guide_221	columba	timing	measured_1	0	0.859107	0.673802	0.153513	290528	2	cd268f0877e9f2defd94547cb7d413e6318e8a8a578332b3534c975a280f1ed5	7821a7e3e4ac6b058b526096b8686db589056db949c9be3a45c23ffe19cc9708
chr22_500_guide_222	columba	timing	measured_1	0	0.759406	0.557013	0.164394	290656	1	6f82a4b03c8a18fd06ca9940024af4ce0a01fb5e93ea9ba2feacab228c154786	06895de691d7efaae1016e7edb8391cb6b084415ed0bdfc2cff632bf936f12b5
chr22_500_guide_223	columba	timing	measured_1	0	0.908478	0.708155	0.167900	290516	1	7e528a989c31c40be279492b74efb2b32bbafcb76168ffa5ecf4da003dd2852c	dd567e27451842465f72c8df72e5b23a60f4533474e55b65999ba98af50e5e25
chr22_500_guide_224	columba	timing	measured_1	0	1.162202	0.811272	0.194854	290776	567	54d11e3db2366ce541d6dd624ad37c81cfeac13a61d37678c89ef153e33b66b2	7c3c605f1b0416f4677072a66d3b67749c050f71df57e5cbe5d956ec14e37e1e
chr22_500_guide_225	columba	timing	measured_1	0	0.910932	0.639227	0.231704	290520	2	2256242036940b1116433901a0599960dc42ab0e478a65137c775e38bd0273a2	db63611d9aa229289b158dc50bacab0411b142385e4f4f6d34b3f1d2165fe370
chr22_500_guide_226	columba	timing	measured_1	0	0.961559	0.700880	0.207095	290420	1	94662f76c5a2e1983e29f9285786131e7dfa5e0469adfc1d64b03f76edd026e8	235fba1f3a94247886ec99d48f73a64642fd981c1ab5e7aaa7deea44178dce56
chr22_500_guide_227	columba	timing	measured_1	0	0.961426	0.700235	0.182943	290352	1	22d5655df7a017b496eba42ed43213b203f8a0be1e2d8f176c1e3c5f3c371478	9cdd2124e0417c3f306c31a94554e954f5a25ef700c62f3745d75abe2ba08650
chr22_500_guide_228	columba	timing	measured_1	0	0.859781	0.619642	0.187927	290556	1	714554ca8eac6dff9bf1ea7bcd982ded36f466eaa79bea00a33e12ff4252393b	32b0fdb408a245e8ea00a9e3729e5f81f9093394a9fdef4348318ec666ad1e55
chr22_500_guide_229	columba	timing	measured_1	0	0.908302	0.674759	0.162639	290312	1	5dd95897a99de5c99923bee729265bb935a9a9c19c1fcf9fdf9f1a7f104c4420	c726d65732b5f43969e478c08b4184e4305070be4a134e1c005cb3a97a1d233b
chr22_500_guide_230	columba	timing	measured_1	0	3.573724	0.993103	0.258918	290480	76	229cd2876388c13a745adca55a17654843ad63887cb0e9318cc87c6d233ee208	bc47c58a6a7cc85cc048ce68721fac44532859fd449a8942633afc39fd58680e
chr22_500_guide_231	columba	timing	measured_1	0	0.961178	0.662252	0.181172	291092	1	948dbfd6425bdb3088906f63eb868902942301af431fc9e95949314af66ff6d0	e3b0c44298fc1c149afbf4c8996fb92427ae41e4649b934ca495991b7852b855
chr22_500_guide_232	columba	timing	measured_1	0	0.860906	0.617895	0.204263	290448	3	188c8dad2c7680aaff5b71eba79ecd0b2ba15fd65a3ee65ac94687c20a8de512	f9f8962e1e3cadf0ea9f0dc5f7a07a00ebc744f96abb0f0ffa226fe45caf2703
chr22_500_guide_233	columba	timing	measured_1	0	0.964899	0.651933	0.176023	290636	1	ca51411298336dbdfe2d1022ed02e74028dfbcd2e0e397a8224fce4f6017af72	b76583d8074d81b6123010653d515a4ff97310c43c5bf08081014d9154db7606
chr22_500_guide_234	columba	timing	measured_1	0	0.914320	0.687727	0.183681	290476	1	559f7e67d202d27824782db27afaef4c7023d13de9ac2f9e0d96441ac0764ef7	99b26d9c321efae0760ea43b93fde2b0881ccedd47537bb8554a42faeb20a979
chr22_500_guide_235	columba	timing	measured_1	0	0.961251	0.734053	0.179805	290808	1	80326d781f5ecae351589ee4107bc2da49fa1ef20ecd12922b789c1f9c7c6bc1	ccfb6c7940abd8dcfff9776cbdec4da4a59be0807799887f5e2ad97f4bdaa5ae
chr22_500_guide_236	columba	timing	measured_1	0	0.860835	0.648779	0.148225	290308	1	6873e81c95093f02fe9950b0a4e16005b1a7677c0c2d1e08e409ac9fcee80573	b8dd2ed21cf80ae3abed35117ab86b66f6ca8c3e1afd96054c3912fef96cde74
chr22_500_guide_237	columba	timing	measured_1	0	0.859542	0.650488	0.174740	290380	1	0abb692cfa9f5a252fe3b1d2d8d9d08f6739c95819a20ad81f84a718487ff25a	f1681c85e42a69ceaaff6903aaa62a44913460d6721d15522ef2daddcec1b504
chr22_500_guide_238	columba	timing	measured_1	0	0.858930	0.636487	0.174773	290376	1	bc3b9f3f86cc8bbd34d0a114947da783ee284f28a9a17754f8b3028fd08951a9	e3b0c44298fc1c149afbf4c8996fb92427ae41e4649b934ca495991b7852b855
chr22_500_guide_239	columba	timing	measured_1	0	0.858793	0.639220	0.167503	290644	1	b06803d19ac167e2ad3b8c6242945d1284df798d5c097e179fbae26c172aed64	f503053835301ccabae87d530bd8b8708967e5f35869a83beb6c8bf50f09fb7d
chr22_500_guide_240	columba	timing	measured_1	0	0.859389	0.663400	0.168605	290448	1	cd82c6f69d17ef93e8a39ab104e1fd06550b7e78cbabd6c112773fbb528ade2f	4ca148772c0176955a99a22eadee5354de3a207bd17bf3f913e6935f37987484
chr22_500_guide_241	columba	timing	measured_1	0	0.860292	0.611523	0.209420	290484	1	e37c211d0e5aef8879cc8a7d50e07e6c3225c140733fc907790bcb68cb40cc27	e3b0c44298fc1c149afbf4c8996fb92427ae41e4649b934ca495991b7852b855
chr22_500_guide_242	columba	timing	measured_1	0	0.859243	0.652642	0.169219	291112	1	808b851e321fd57c9ed18955deffb0cd298667205fc930fb7b5e62d4518211e3	829affcd3dc991a38379dc4b02dc3e50a5dc29482a037fe3d1d681abd7aa825a
chr22_500_guide_243	columba	timing	measured_1	0	0.960415	0.689954	0.171465	290648	3	00230428f6d63582ec60d092b6bc6c689bf77cb21e9480a627f5e8c16d0dc979	42d1ec48cb0493956d77fad00767b6c2fed5e28ca7790d50779e46dd1957fd55
chr22_500_guide_244	columba	timing	measured_1	0	1.376207	0.727184	0.178908	290500	2	8d38040c24e6e97c20c2877e156843b5f7175c5176567f9b468667f22eaf818b	e707c825bd0f8d3419714a3a36d84b950e313e94cda89480dcbd1c3edfc741f7
chr22_500_guide_245	columba	timing	measured_1	0	0.859286	0.634014	0.188697	290336	2	fd4b11a3f64063954752abbe6c5cd929d6d17f4c7df6ee3281a32632ef54c7a5	869971ca2f44f99536329798ee65ec677f74029e7bec74b82647bde8260e08f5
chr22_500_guide_246	columba	timing	measured_1	0	0.859381	0.669733	0.160369	290764	2	50c9c70bb2ba41c14b8f52dd19268a1bf7a65cfa6ccefd7d86abea9175974411	28bdc98b476463c1c59549e7e05eaae3c6743ba286c6b81ce7d4a41a2f1e5e94
chr22_500_guide_247	columba	timing	measured_1	0	0.759082	0.554107	0.182005	290316	1	98ddd5914fdce39e5c1fd0ce66277bfed0fed939ac7e85ad7cae4c1003db9a59	ab68a533421ced6f0a80d262f9ae1f20b3886cce86d91dfd9b948b705f74c637
chr22_500_guide_248	columba	timing	measured_1	0	1.413181	0.873017	0.256273	290500	80	a3962782031d7a99caa2c5378ed324dd3f3d615a63e3f3246b35b7371cee0cde	76defb6e40a3b8e0ecc76033ed3e6b9c80b03fa159050eccc782c7a714c2d894
chr22_500_guide_249	columba	timing	measured_1	0	0.959282	0.695027	0.178914	290788	28	91eaee42bedf24bf2111c1235a1a999ab6f9f4cd19a598b6c5d619b429099649	5507075d66691860dc1d01623eb7c52149380b015c66e3443d640004a79accbb
chr22_500_guide_250	columba	timing	measured_1	0	0.810248	0.613423	0.135302	290592	1	3a7597cc582f0a7be9eff099d86a4b5be941fbb6e265ffb9caa3883e9eb04a7d	9fcc2d43671c28725c44c4302b71d78323275e0a295762355d514e8ebfba3a35
chr22_500_guide_251	columba	timing	measured_1	0	0.859958	0.641659	0.164281	290460	1	0c3bb5f8913d9c96bb40ed3175b5838d5a29298d87c0429f6c483a88658f5cc7	fc792695632a02007ca04d144b4d98dc1164719773a2e501c2875e421c3c052c
chr22_500_guide_252	columba	timing	measured_1	0	1.365564	0.918375	0.284690	290188	11	b8bdbf368bbcc5a2cff3b7b86ceca006e004123173c04696ad8da2e07182e852	e29a971bfb37319f8992d4c71e2059a10a9d82074cf96b4ec81b10146f9c8c6d
chr22_500_guide_253	columba	timing	measured_1	0	0.911353	0.662003	0.218642	290372	1	14ef5eacd0519bf8d6f3f1e421b2147ce2cef2d89992ac6bc3c0c6493049fd6f	b3f77e03add0f929849c64c186a0f6ee8168522805e29a074a8498ff01f34924
chr22_500_guide_254	columba	timing	measured_1	0	1.213080	0.799986	0.263513	290288	1	a2299552cb699e14d2ae59955314a90bb8969bee46b6c9e47f326ce8511aa0d3	64971e12c61fc6fa6ebb70fbc2bd2ea95e8aff434744fbefd3855be5e1783bef
chr22_500_guide_255	columba	timing	measured_1	0	1.011686	0.645464	0.232603	290480	1	08f98f3ad365100ac1996a1ea822a2d4046f6814391006bbedb86aee8a7133c2	fa3a5c7a3c9379783995234f62335dc0a3d1fe35a66851f1f33d2f84634ef18b
chr22_500_guide_256	columba	timing	measured_1	0	0.912601	0.597568	0.209524	290484	1	dc65ad43323263785a083294d17584c11e378d04f99c3a48ba1b50606118a885	75df6cad23b68a7a5f99ed089452f3ec4a0dfc1e9509bd323fbdf9bda6543084
chr22_500_guide_257	columba	timing	measured_1	0	1.012421	0.677594	0.250928	290448	6	4939af4bc68d9de12a17a9d18be8013bcdba99669455a9e3831052a8b64018df	1c5228b9731accf02be30bf92244191931da3709b382f333975c5bcda649b1bf
chr22_500_guide_258	columba	timing	measured_1	0	0.910494	0.653083	0.230923	290516	1	b743dcf20b0f8a4d8e1a343b97d48c58a0bc7fc4d1bb2a983a38d2078d740fcd	2948117454b190d6eeeaca3bc94a2bf5793d77da14d80a9f2def8405cee8a845
chr22_500_guide_259	columba	timing	measured_1	0	1.062299	0.680866	0.265892	290376	1	8ea5cafdf0d18eeade9b610505bed740032f18636ab57803898abcbe44cdd8e8	e3b0c44298fc1c149afbf4c8996fb92427ae41e4649b934ca495991b7852b855
chr22_500_guide_260	columba	timing	measured_1	0	0.960940	0.675908	0.218871	290536	4	f78f8bfc1547840e498b2c5ab88016095e4836ab8f97b77506fd05dcb7e111f8	c0091dca2554632863ae533a60340f8ec9e8b99016d1d1e05ee3fa1a8ffd2b67
chr22_500_guide_261	columba	timing	measured_1	0	1.012260	0.725292	0.260436	290324	1	b839624aa5bb002a76b04ff4d05b7a0ec4ecea160053801ca45bcc541703762c	61b97790ddd4471eeee6684f6270f8fdf199b1a8d402ca28405987cee8439d43
chr22_500_guide_262	columba	timing	measured_1	0	1.011314	0.705361	0.242648	290452	1	cab2ab2bbde4e365ef2454f22e0d08cd93e57c6b29ed335c1d62ceae307d4365	e3b0c44298fc1c149afbf4c8996fb92427ae41e4649b934ca495991b7852b855
chr22_500_guide_263	columba	timing	measured_1	0	0.859770	0.615052	0.160726	290580	1	7f92fd7dddc708c2b3ec905f92a74e766b81d6ff9eaf13b4dc9c11ff5e96767a	eb38c77d3364d29cf9b4a0c82bd850e49266e1046930de12097b9d1d6f671ebe
chr22_500_guide_264	columba	timing	measured_1	0	2.066610	1.447630	0.280543	290956	1442	282c6062a191ca3cd9fb5ec88da608ee4ab1c06f9c292ce00870a00238a8020a	d8918b15a5cb616dc3482dc6d861ba6844159a4ba1f5f4e43143b625cb16409e
chr22_500_guide_265	columba	timing	measured_1	0	1.765428	1.150172	0.343411	290356	7	b2564cf767e489adee6e3fd7ab48621b5b8ab3c7e9890de8ad6ed1e34a6a7317	c124bc9251b7449e54f552bf0dc293b2b60a80a4d77f44ba65d3f4b1f656dccf
chr22_500_guide_266	columba	timing	measured_1	0	1.011157	0.718896	0.240789	290360	1	ee0724b7721eeb7026f8ec19f3741fc6026e209f17c8c1dfd45658c19daffca8	99e133b40e2a63f9387d2aadf2b231bce1404b51755160786621dec698b931b8
chr22_500_guide_267	columba	timing	measured_1	0	1.061419	0.738322	0.246009	290408	1	30ceab938998e2f8848144534fd4b41a8e46e76dd1f2040915462ed81ff96f96	aa7e0523fe3b7c364fbafb64f3add479d903af640d09dc702c8120390b0d297b
chr22_500_guide_268	columba	timing	measured_1	0	1.061093	0.722118	0.251833	290520	14	d9abcf3e269963d774edd15ecfe3248bb12de76053f6fba41a9ca58879ce535c	62cdbb700ac6e400eb15d3c313f1c22cd0466e5941035e515b9a58218cbfa7d7
chr22_500_guide_269	columba	timing	measured_1	0	0.860031	0.618601	0.183702	290488	2	5c510bc2430b8d09ab1af4ed571bad58f0550bdec912dfc11ef08fa5bd64a43b	ad32accc7c498840dcac17215095b2dbf04ac815db44dd9726fc04472917d388
chr22_500_guide_270	columba	timing	measured_1	0	0.862952	0.637279	0.180762	290708	1	4e885841e492e9cb2b9b1fe0d7ac9a863940cb7bae26336cd428bcb7378430a8	84e6d892543d0ad91338a7a7ebd953928705b679e20f385245ee214c8e37c9af
chr22_500_guide_271	columba	timing	measured_1	0	1.416239	0.932438	0.264324	290752	1	0247a06f38ead69247c929d76c572e2db952d690368c7445d6cbc0b32f284eff	9d7f3a845f0333b1a30eea83c31ed76993b5d89b22b5ac0f83e17b6c93430e3d
chr22_500_guide_272	columba	timing	measured_1	0	0.809933	0.596923	0.171092	290508	1	c0af294e02eedfcb766e740085eb1dc5f88ebc5938b16fce276fc72aad58dca5	826d1752faca4a7f02656eeee617f8cf61f288026395a8575beccc56929124a1
chr22_500_guide_273	columba	timing	measured_1	0	0.909681	0.605844	0.207193	290312	1	a3d6cd5055990fc10a7f55f785689720f3a06133f1b0f4568f98749ce2751038	cbf8fe25e09218949637c014c44b0ac6c41b7c9311afed997f16260a3c1fbf6a
chr22_500_guide_274	columba	timing	measured_1	0	0.759590	0.538572	0.171192	290356	1	6687d14031a23ac70963eea659c8529b893e7f0089817aa41e700050f9a07324	5eaada245b2c4cffef68caf800357898758e0e6452a422a36443499c5335dcb7
chr22_500_guide_275	columba	timing	measured_1	0	2.723072	0.682596	0.223404	290192	1	4ec6baaeae2aa70e532904fcfd4c142948c7cdfeac73dda04d4fd531212f17f6	11f88690bf6873d45b292d87cf0564e3756c0bbd8baf0452a4a65f0acb4e00c1
chr22_500_guide_276	columba	timing	measured_1	0	0.859618	0.640891	0.177248	290648	1	6a496ea64944f03d6155e9304a84fa64e904aaee2ce382727a522cf4526fd476	e3b0c44298fc1c149afbf4c8996fb92427ae41e4649b934ca495991b7852b855
chr22_500_guide_277	columba	timing	measured_1	0	0.808234	0.573964	0.161927	290416	1	3cfcc8189860be2c8d7d759f26bc1880f98e596a26b63ff55d7eae6897aa9216	a6e6ff19c5376919c850f73f11407ded4d3b8530b28c22e5b975d72ebf6adcdf
chr22_500_guide_278	columba	timing	measured_1	0	0.859980	0.622594	0.194382	290504	1	4a6cdc3b90d2775c2496444fab6f836151cd422ec2c82a9bf758cde5414f2417	e3b0c44298fc1c149afbf4c8996fb92427ae41e4649b934ca495991b7852b855
chr22_500_guide_279	columba	timing	measured_1	0	0.758495	0.572467	0.154175	290504	2	19fa7f82f9fb43d2cfd92618603432693d6fab216cc3440c559166905e949302	ad78ee2f8846b40dd1b600f4ed2ed1811ea2aed6e8d5ec89b80a7cc4fa77c3f1
chr22_500_guide_280	columba	timing	measured_1	0	0.859901	0.676600	0.160212	290588	1	69b844b93cc461829c55614686b48ad023280711014412f5c486fbcbc19cb86e	9d277551bdd4d81a4399d336347b4bb575fd11034380eee7d8b772195204f1cf
chr22_500_guide_281	columba	timing	measured_1	0	0.860036	0.640952	0.188849	290368	1	a9fa224f0195b3893caf93e1c0b8cc17844e550145c38de073e1d229cf7694fb	e3b0c44298fc1c149afbf4c8996fb92427ae41e4649b934ca495991b7852b855
chr22_500_guide_282	columba	timing	measured_1	0	1.414852	0.930635	0.230657	290600	19	ce1e2008d3b359138e2bc8bf8b14a1f8e242530e5cbb8d928ad3f7574024cd8e	48815ad718040dd03de294d676ed45eac1d3daa27e860fc24588814c450db79e
chr22_500_guide_283	columba	timing	measured_1	0	2.217982	1.412558	0.350327	290760	587	783a46d43d98318f821fc86b8be9e506027471318fc62ea5c629dfb1aca5a195	62403cc55bceb18e3f7dc799bae6212084c8fd72be3b5f839029a386d7c94f53
chr22_500_guide_284	columba	timing	measured_1	0	0.859721	0.663535	0.137568	290420	12	8cc87daac842076e4b04f70cbfc50cf66ec0181d3f928fb811d841eaeb17e199	230fedfb7097ae0803930855d7008013db8b1daa26bcde45cf34ce4c0b88fdf2
chr22_500_guide_285	columba	timing	measured_1	0	0.912021	0.667660	0.177036	290392	1	1bf3bce9877ba3ed3c12502aa3023e01f5304f64b9a3663190271da34a300628	85641bb87c36e15cac216f014cec24bb47a9bebec7b1d811e559ef005affc29b
chr22_500_guide_286	columba	timing	measured_1	0	1.019096	0.722340	0.190529	290428	27	d9d0125248255e3b01977afcba6f743b372feb91c4c1b6e81c96f8f97477ff25	9c77a71006e46e997d5a5cb77f532a924fda68458a931b5259e0b3c1ce6b488f
chr22_500_guide_287	columba	timing	measured_1	0	2.469644	1.493894	0.357526	291052	107	4ec0b76219e5e580e4f737e4ba5a1e139654f1ce00651f4a3d25246556169023	8ac36743cb87dbd14741222e54ceb13ff99f794143034deeefdad56972304668
chr22_500_guide_288	columba	timing	measured_1	0	1.062199	0.669948	0.180664	290424	1	b7517a16df61180265ec10a20cb33a003c3ea568992073591f20e96d81391119	b52ea0dac91d497aaec6f642a08329c4472b1d235792c856330e28a7c0b02c57
chr22_500_guide_289	columba	timing	measured_1	0	0.911161	0.648103	0.193712	290440	1	d9219c3b6740e22448b806b2c7c9eac232d8371a0a1aa50f40645ce369f669dc	e3b0c44298fc1c149afbf4c8996fb92427ae41e4649b934ca495991b7852b855
chr22_500_guide_290	columba	timing	measured_1	0	0.859839	0.633345	0.172506	290460	1	d7e9813af3f2368064a2285d3e56a0325aba8653c021fdaae43d3d6bd660754c	e3b0c44298fc1c149afbf4c8996fb92427ae41e4649b934ca495991b7852b855
chr22_500_guide_291	columba	timing	measured_1	0	0.809435	0.602334	0.160867	290656	1	800382f6b1e1f5501a4440ffaf65afb9d88391aa57625459a1825e4cf7ba87a1	7cbb837c5898a23402f5c4a09c1690146865a6471cbaf1941da78c26423250ae
chr22_500_guide_292	columba	timing	measured_1	0	0.960572	0.670787	0.170447	290556	1	5941dd24b1361301897320aac40154d572007d35f9b20166ac32f6d1231e2acd	d60a6c3fb4d62702450962ac6b97e4a27bfdd118aad467e710fe2477c39a2052
chr22_500_guide_293	columba	timing	measured_1	0	0.911225	0.663813	0.187005	290560	1	a6e8f7dbe8440152b018e778c86e594c220662576f7388bf74086116bfb557b5	0125d3c4984bdc22f6fcb221414dd3900ca99fecfcf592d4992e3000caf67fe4
chr22_500_guide_294	columba	timing	measured_1	0	0.861161	0.621977	0.170944	290340	1	dab4e592ef1445cf45b46075f9efbba95f9bfc2d670471fca86e90e48d9e7fa9	356769f036266674bc61ff8ffa6c2458a399b11ac20fe3a960ded44a0c8421de
chr22_500_guide_295	columba	timing	measured_1	0	0.909779	0.720879	0.153562	291096	1	2d77b320ec43b12ee3f6094ded8591196f9a7acd33e7308010ac9edce4593dcd	e3b0c44298fc1c149afbf4c8996fb92427ae41e4649b934ca495991b7852b855
chr22_500_guide_296	columba	timing	measured_1	0	1.011134	0.763796	0.152904	290492	1	da3687baf79f356a7107d728d14228a0dd66bfc10a9e5ee4b96bded376c6c3f6	85d0a378f233e88179a468f7ce900cd160aea05d5c8db7c9de21707d81c1d446
chr22_500_guide_297	columba	timing	measured_1	0	0.911136	0.693539	0.167374	290492	1	67d715df04795b597b55d1e6f751ac48727e34c17090a29c4f40831563d3c69a	a39cd14fbaa2775644096409476e75ea71d2c4e5e3832e7fe5798d9d75abf982
chr22_500_guide_298	columba	timing	measured_1	0	1.061865	0.732599	0.185853	290468	1	96bacc0c5f62f5ee3cb64d6560e882e64673267447e8714383a4ab744f1c99a8	ccbb31fe1ebb9328fe27201916e87bd7c24b711b7b0b063a7f477755fe73cf70
chr22_500_guide_299	columba	timing	measured_1	0	0.962590	0.732373	0.176592	290340	1	1eba404868f62a6cddb13fd737dc01862933045368e97c33d9d65d18860a5cba	5b6e954eb6c7badced7c28da0d79cae86a59e9a27acba5b5b302c4ae5a68f237
chr22_500_guide_300	columba	timing	measured_1	0	0.911265	0.728256	0.152808	290360	1	14d7ad904267e9f27e192421458cd4c9b704e3a66f504d917fb35a619fd91865	5e582ddc4d3550d4999107d08aef3c5a96ff7279b5a0cd2a5bfb5606193f0f36
chr22_500_guide_301	columba	timing	measured_1	0	1.464816	1.007492	0.281932	290704	11	d04129de8be8d4dac4fd5275af2741dd8e890339efb41c3379327e777db34a8a	73448e37e3c76a534363f984dfe8dc211337bc3f6607ca726031d421e9292324
chr22_500_guide_302	columba	timing	measured_1	0	0.960140	0.713927	0.200054	290368	1	d3783eb23d426c2c0580af71666746b5222070a22a5f6ccc626b4f5f194c85e3	18c681aea9c8270350bb46a172bfad98248cbbf4921a3f76fe04d099ba728f85
chr22_500_guide_303	columba	timing	measured_1	0	0.911098	0.643481	0.209036	290308	1	9246314add68bcb309196485353ca32264aa9d97b65d40e3825659e7fa9e07c5	12cf0f82ebccaab6f5456eda16e6f1aa1c8c09e0e0b6bfe076d282d5294656c8
chr22_500_guide_304	columba	timing	measured_1	0	0.857137	0.625074	0.180100	290420	1	c4733a0adb33265b42f1ea521dc40264cba04876a6f6679bbc39519cf0338918	131cac26c2cf60e9b281d468a53a21529d330822306727ae17886a5de5c6d7c6
chr22_500_guide_305	columba	timing	measured_1	0	1.313252	0.871824	0.274873	290692	307	e0b27692b0c1e3e0fa6e6a611f1ddc90bc0955f13032f679636fef74f2973bb1	2d7d425860658facb6074f48d7e2e310ccd81a1e5d101452319a3a826b8cfb4c
chr22_500_guide_306	columba	timing	measured_1	0	0.809960	0.620399	0.141906	290588	1	6a309defbbe5f08abe920ac12a2c13155098f57994aeb2c767ac2a830d0db569	e3b0c44298fc1c149afbf4c8996fb92427ae41e4649b934ca495991b7852b855
chr22_500_guide_307	columba	timing	measured_1	0	1.011731	0.677896	0.259501	290460	1	9600eb890ca0d1d43f7656d7c3b247fcb0b36ee444a3a6e1db8fb2b17ec4905e	60e81241c91af1956f5b79e5f85ab8428ca95b3ef399dc6e24c08f43d4d187d5
chr22_500_guide_308	columba	timing	measured_1	0	3.578147	0.634578	0.220411	290372	1	4832e7aa711ccdac22496f6cb8a979eec30369c372fca1b6aba1e3edfb12e8a1	e3b0c44298fc1c149afbf4c8996fb92427ae41e4649b934ca495991b7852b855
chr22_500_guide_309	columba	timing	measured_1	0	1.464207	0.919893	0.274056	290636	21	519791d7195efb78908ecb389d5204468d379f61fed446b9df463381ef8b2d5f	b2e55ad1218c1b129510001f8b1daaff942da046a8d6710514217b3696dc4128
chr22_500_guide_310	columba	timing	measured_1	0	0.809048	0.591809	0.170772	290676	1	6535286bd318c12e4be70453ccc7d1c063c4e2a4f73eeeb18ca81403b343aa14	bb057ec41716e92d1418e82429afd5ce2f0fa451355051b37c5bfd0faa6b8a83
chr22_500_guide_311	columba	timing	measured_1	0	1.164345	0.739684	0.244208	290316	2	7961773ecc533d0844639ea262d71f5383891afc03bdbad9d08a2cacd714a3c1	a358d09a33674eca3533820bf62e46cc001b15bad42ce368619928bf0175df1d
chr22_500_guide_312	columba	timing	measured_1	0	0.960500	0.584902	0.171532	290956	1	6277afa4b9349b6787fb9412e1072d4091ce90d200a90b3e74c1764882da95fa	9665e51107460df86c1d573175c9416da573c8a8c2711cc5b0d99ef0adc8aa50
chr22_500_guide_313	columba	timing	measured_1	0	0.809680	0.569639	0.179213	290436	1	c4ca7ddc636638d7005d3e187756ba84185296e1c2585b41d0a7a856e2606213	696e651629a088ed51fa18bf92752b7cebcc5231944eb0da133c1b9ea7800ae7
chr22_500_guide_314	columba	timing	measured_1	0	0.962809	0.630826	0.276759	290232	1	a2eb1dfaf7ba7e176fe1c242346652aa7a1166c410da2c5736b9d5677fc8a13f	bda5998bb914473f23dc6c28e50a3c552ad1046e071b3a23265226f2c240b26d
chr22_500_guide_315	columba	timing	measured_1	0	1.159829	0.797001	0.273665	290536	1	3d96c21755e994f100780beab6f0ddd4428febb86225f1f6d35991b5ca1cbb8d	822766485797cf52c9137ac21d677e6731daaea975a9af3ce0e0e7393462487c
chr22_500_guide_316	columba	timing	measured_1	0	1.512208	0.984282	0.264391	290668	52	ad30ddd4293bc215b8c5f24479333f1968d9cf14e270ecf1c90ee0f73825600a	337bcc89e8298dcc4ebfc80a8c52765e0e7a1d58fb7d0d64611230e652b65f84
chr22_500_guide_317	columba	timing	measured_1	0	0.909709	0.695533	0.171108	290628	1	199b4cdcf8c5032c951850e7cb976ec2771edcaac16079c8f1ad422ea45e52c2	c70dc325e7b0c997c11a7c8ed9c30733c490060592d8008d893d2d764785706a
chr22_500_guide_318	columba	timing	measured_1	0	1.011323	0.711077	0.276534	290308	1	b38f02456f345d872287da7f74b53691b169eb255cc35d11d103c308c700d2eb	80ee862860c0660e526ecb32b831aefab1ec8d289bb9d77c6b7b292513f4e728
chr22_500_guide_319	columba	timing	measured_1	0	1.061314	0.703894	0.280089	290336	1	8563fc61dbbd0d60d302841d7a8b30a35df84832e0dff341b56de54c3f033908	e3b0c44298fc1c149afbf4c8996fb92427ae41e4649b934ca495991b7852b855
chr22_500_guide_320	columba	timing	measured_1	0	0.809670	0.564441	0.179259	290748	1	c2e1e987296dcbb577c4b7951bfb8b1995247a8821cc87ff854132058dc825ac	e3b0c44298fc1c149afbf4c8996fb92427ae41e4649b934ca495991b7852b855
chr22_500_guide_321	columba	timing	measured_1	0	1.061030	0.596959	0.294607	290380	1	892cbd65261cab1dd9eba0484885dfe844de435deb75ad1f5e1f4399d276ae48	e3b0c44298fc1c149afbf4c8996fb92427ae41e4649b934ca495991b7852b855
chr22_500_guide_322	columba	timing	measured_1	0	0.809026	0.575833	0.177764	290784	1	396abb3fe32a2f2146132ac394667b66997edeab77b936030f6112ddf78f1c57	e04fc6de7a6e4079d2a5f23f2435a12e25959a8640b0f870f7222fb7b4a79fd7
chr22_500_guide_323	columba	timing	measured_1	0	0.758784	0.574488	0.132558	290492	1	4a6f7a313e251182f276be210f99075cb7bfa5275fa278d132ac27df6e713db1	e3b0c44298fc1c149afbf4c8996fb92427ae41e4649b934ca495991b7852b855
chr22_500_guide_324	columba	timing	measured_1	0	0.910766	0.667980	0.181003	290584	1	cbbe558a8ebcdafac709628c3f691e809429843d257c707fd153017cacda4ecc	5ec2d91ba95153551be1a9dd6b1c226415f9cb979acf771f59f63f27df857a0f
chr22_500_guide_325	columba	timing	measured_1	0	2.471960	1.483375	0.309576	291080	54	885e6dc120e84a6d00f5bd48654071f4cc6fc3caef5a17796a6fa4be89d995fe	ef22047db70016797b05d71e1a0e115a234488711d8b1f8fef0ee4f624c76b79
chr22_500_guide_326	columba	timing	measured_1	0	0.809110	0.594266	0.194266	290504	1	b2d49d7c3ccb583fac522482ca0d20527789ac77a349156625a99eff436ed534	c3ccb92ccd6ccae28e446e77aa8d27ef8d15de3221b12c2801681b5709265816
chr22_500_guide_327	columba	timing	measured_1	0	0.859554	0.653191	0.159478	290468	1	81f44fc4ec1edbc9b9ab1035ba9d69b00400930d5350fca627234e150e86c644	e78580db3d883b1289c917c76a5b8c3b9cea5003251b48b2ce65288ae0f35972
chr22_500_guide_328	columba	timing	measured_1	0	0.708889	0.524513	0.148267	290512	1	4802296ebbba9922a4ece696902be06427691049808ba406ed873a9a4a219f9c	5f467778f752a1aaed5df46d05a9a1b73450c302e12b8f1f7e33ddf845f2077e
chr22_500_guide_329	columba	timing	measured_1	0	0.859111	0.648081	0.172472	290408	1	53160558bcc9bae1eddb3a7544f10009a4e838edc9a42ac6c0ff63bb0706fc0f	0224a4d3dae0f7a9ce3b48b072f2a95211f8597428305ccae010ea87d8243779
chr22_500_guide_330	columba	timing	measured_1	0	0.757276	0.538196	0.170703	290552	1	d4d719db9cf60d1d26c2a77552cfa85928b794088821836441391b9cbf90324e	e3b0c44298fc1c149afbf4c8996fb92427ae41e4649b934ca495991b7852b855
chr22_500_guide_331	columba	timing	measured_1	0	1.010773	0.671212	0.194894	290568	4	f330912db02125dacc0ac5bd1e578661eda892e92fb1dcde0769acfcf90c4453	0b78666d40b77c54458bfd9b167a201cccc2682527108648467e5d2cbfd211cd
chr22_500_guide_332	columba	timing	measured_1	0	0.858724	0.652729	0.149095	290464	1	29c4772e4107ff2db3e3247ecda31600cd1ffb80dd80301655f834bbee283d9d	e3b0c44298fc1c149afbf4c8996fb92427ae41e4649b934ca495991b7852b855
chr22_500_guide_333	columba	timing	measured_1	0	0.808637	0.568782	0.180109	290536	1	0229a4fc79d3d37ddda05a4910899ff60fcd29aa41d3690d08b235deae1dd329	53b771ffaca11cb96d720daf7c16129376f1614689ba28d188fa0d0308cc5d07
chr22_500_guide_334	columba	timing	measured_1	0	0.706984	0.488638	0.145603	290328	1	3e06c516c97d7d73f713b948e4ae2d850b9f95bb21edf7115970f95a2a44c88b	93db122ebfc0a73cf6c20d9b51ea6666a41c5a1cf5e0a00d6afb80d831f93129
chr22_500_guide_335	columba	timing	measured_1	0	3.266073	0.939154	0.229905	290720	88	ef65e2128a6c9efe559f97150bc78e5ed436eaa44413d0bb04a64343a7057059	e63d14412a8418f0fdd6c0eb1502dd20a6662d2123498a94a6040e0009acee93
chr22_500_guide_336	columba	timing	measured_1	0	1.261361	0.789044	0.269621	290640	2	50ccc63b38ee716d2737d977e6f3408dfce387328b217e21703d95388f86432a	0966ab5ec1213b02b153ee82c641bab4718043a57ebf4ce0d2e0b8691d57df7d
chr22_500_guide_337	columba	timing	measured_1	0	0.809221	0.629699	0.139350	290616	1	55435a5f33dd9d0e307a3acbca8e33480145e2cff41751aa697bcad2c269889e	e3b0c44298fc1c149afbf4c8996fb92427ae41e4649b934ca495991b7852b855
chr22_500_guide_338	columba	timing	measured_1	0	0.758936	0.515893	0.158536	290616	2	d39c5b6762aa09453e14f55e106ab300ceb4955ee3d73b381937cbf2220ed042	fc6bbc4c65e692473cbf32ff151557635e2d1dd99e4b69c5ee3da000a109cea9
chr22_500_guide_339	columba	timing	measured_1	0	0.708489	0.533250	0.143808	290560	1	b5a14cce7e770e9c1ee2fef328720dcef66c7a959853bd5a6a6adf9fbc70ffb5	ca4042a4bec12c6a1456ec7111a9014fb1d93da6aac168abb36562b78b298793
chr22_500_guide_340	columba	timing	measured_1	0	0.908607	0.620245	0.169952	290388	1	922985e3fca731f38882f32a1706760924853766b2a2e0c607c0dae6f012035d	6a088638ce6e865966aae3464c05d8fdc6f4bb2d80f44dedaf11925139f52a40
chr22_500_guide_341	columba	timing	measured_1	0	0.758590	0.555127	0.140778	290348	2	3bd1f323efe85c2f37a859fce595f3ff2320d8c0883de95c26c97bab5696f5d2	402fe40b3e1ef085bb67ac5bad67ed18a4d327a286f3b5e235cc59c2b03e74c1
chr22_500_guide_342	columba	timing	measured_1	0	1.111780	0.823326	0.175759	290356	143	4a1c329ce2989dab797f0af0ed1ae3e483324c103367e0da646f2635ee6ce1e9	3f1b867e1c7c708d631aaa5b4aa7e1e18fb4fe9beff07e272f9fa4746b970ba4
chr22_500_guide_343	columba	timing	measured_1	0	0.911180	0.570090	0.309133	290160	1	77885b288a794217926cbdc3f9557271a5584ca0a3525a33368ba9dfa0f79c36	5d430161443a2a46da19dfd91300b023436381d8acde81bd4858cc16663951ac
chr22_500_guide_344	columba	timing	measured_1	0	1.062684	0.788004	0.252946	290420	1	09e462275331cba68859c5b638f2ddc6ae613f21f1d352a49196de190eab4a63	8d4f2e80016689bb5e885622d34cf528260025374609a6f5c85941d402b66a80
chr22_500_guide_345	columba	timing	measured_1	0	1.061156	0.768778	0.250935	290476	1	b14e82166f74c064cc827ea6c2c7ecb58202c27a7e48eab02878079d65a0b1c2	e3b0c44298fc1c149afbf4c8996fb92427ae41e4649b934ca495991b7852b855
chr22_500_guide_346	columba	timing	measured_1	0	1.163405	0.809710	0.290748	290284	1	c1578e221280fa40949a92a15ecf9b403390f444d83730224cd36b3639bc9cfd	14b97861def5e12b2b025196d75a8ac024ee0a78f0be084cdfab57faf0ba20d8
chr22_500_guide_347	columba	timing	measured_1	0	0.809824	0.523635	0.170659	290440	1	fd3ecc223334a0f86c963a7df372cfce5e93a87dd0ef90a6c46e2780fd37a308	3b246db8c8d570bd79df0ffc06cdeb1fef9b15e5e9b440ff9e7c0d2c4e09f198
chr22_500_guide_348	columba	timing	measured_1	0	0.866759	0.581620	0.209056	290348	1	555a66e1753526673117e366fb233c844df0cfc38a64971866528e20e52f4ca2	daf225fd739240830663f4f6fa1add420c3d409ae734e31ecd3e9a98f65456bd
chr22_500_guide_349	columba	timing	measured_1	0	0.809899	0.506447	0.188772	290496	1	2812e7c58993b0b84d9ed9b8583c00bfe201048e2de143a928f4bb50f26d68ca	86cac9a80ffac89152c7302e8a38fc526a28e142d2db6335cdf7f010a84d5c52
chr22_500_guide_350	columba	timing	measured_1	0	0.965215	0.689055	0.190884	290644	1	690363745e23b36de9cf8198ae1a2f9b36e8aea59f5c0d77f85a6a355dc64483	dca175bac14d376b3d38e1f13518141d59e090abdd2408aa19291095809dbc84
chr22_500_guide_351	columba	timing	measured_1	0	0.809352	0.581027	0.192580	290488	1	4289dcb5c2a6d1840edf8b185512e1412c3489db3a0bc4685ad3b715bc63461e	705dae0fe269c44ac046ec2ba89b5d0e805c8ee78b3582f8ade637f0f3666199
chr22_500_guide_352	columba	timing	measured_1	0	0.858781	0.643706	0.165050	290420	2	f2d0b8b9fe9956bfaa96c3ee3b5f5055928c86e9032a49d79bb0fdc9103d993a	3ccc60558c4ac2af55e0a7be97b9b79ed9bcab8ee0202db8e23813be12f662de
chr22_500_guide_353	columba	timing	measured_1	0	0.910839	0.658899	0.187719	290532	1	db50066ab5215e0ab40715d3e84c765c47977eb5d92e2f74fef9a37ee0c19f96	e3b0c44298fc1c149afbf4c8996fb92427ae41e4649b934ca495991b7852b855
chr22_500_guide_354	columba	timing	measured_1	0	1.009836	0.679250	0.214294	290464	1	a25546c9bbae8cdc0d19e70bfe3c8882004a3d36efa6d3e1a8f84d71f02d3a3f	e3b0c44298fc1c149afbf4c8996fb92427ae41e4649b934ca495991b7852b855
chr22_500_guide_355	columba	timing	measured_1	0	1.110932	0.732169	0.227185	290572	1	8a75a85488ad929f0680cd3aa83ddfd5294134a2984494dc614768a98595757f	e3c890b567359966a979593cd6f26e84b0e4499d960f795de2578d207ff1c93b
chr22_500_guide_356	columba	timing	measured_1	0	0.910170	0.662110	0.186808	290568	1	867385907bbb717d91959186236ef4b8f9435d870da655ff1762344f446ca85a	e3b0c44298fc1c149afbf4c8996fb92427ae41e4649b934ca495991b7852b855
chr22_500_guide_357	columba	timing	measured_1	0	0.762537	0.552805	0.168681	290492	3	e92ae9c88b8f12941d07537ab79c644385376ff1dcb918357c6c15bd0feddba1	3569ab7a23d0e7159deaa5429cb6ee66d140f3240f4bb91358aa683f6e2fb990
chr22_500_guide_358	columba	timing	measured_1	0	0.858782	0.638767	0.173979	290416	1	a7389bd954eaa7a8f7c3e448a2ff3a3f4ef011b680d833fad933fd884d099eca	9b7501725ac0e846ebbf11d00696dd347ff96cf1e9b93286935af165a5a8fa66
chr22_500_guide_359	columba	timing	measured_1	0	0.910582	0.672262	0.205073	290444	1	67f8eaad6970d67a23b137b039edd8958c127a6240cb405f3c0d44d014269abd	2e82844d3946a864766661226def508efcf2767f83a01a4d7d9897a9c2e53719
chr22_500_guide_360	columba	timing	measured_1	0	1.413637	1.035659	0.234714	290772	933	ae4db361c45dbca965229ee02a5cccbf98ae522f0092d3e12e65280367cef806	055b5e3fa180e4446e09732291e36376f23df8ff4960d2cdc51713cca90ee10d
chr22_500_guide_361	columba	timing	measured_1	0	0.910899	0.659930	0.165836	290448	1	10c56888dfd2bcc3e5d0675d9a8e316b6ae168a941759f3370757a5730f843c3	e3b0c44298fc1c149afbf4c8996fb92427ae41e4649b934ca495991b7852b855
chr22_500_guide_362	columba	timing	measured_1	0	0.911160	0.681995	0.163609	290328	1	ae0e1999294b6c0fe52b495744bbfe62e218ee6d3c22e776bbc769dcedf3d0eb	599f8a4b745068bd678ffa5483fb43c31be7bbfae1a254c74af9ceb50d56c24d
chr22_500_guide_363	columba	timing	measured_1	0	0.962444	0.737816	0.164901	290564	1	850390cf00e784716c531f5e64380876ff07596af289e7ba34bc096bff075ecc	f44e84d998c57621965bbb72ae37ec201bf3185e3f28563924ad182f849d8046
chr22_500_guide_364	columba	timing	measured_1	0	0.961017	0.727684	0.189145	290512	1	74ce4e0f24c8c5bf9ff04f0abd30cb25e9cfa613e2689424b2f777753af8809a	ee67cd10975d34d2d4f9940ac3a1b877f337b1e31d14d7dd015bf989935a494e
chr22_500_guide_365	columba	timing	measured_1	0	0.860957	0.673209	0.160835	290480	1	7711156130fd328754eb2f08bfcd7ecb1894492aca3fe7d1aa2b964ffa029648	108d78c8668187681b1e3962e3287f5f681fc0cc8dd759cd5383ae3b1023da1e
chr22_500_guide_366	columba	timing	measured_1	0	0.810472	0.597463	0.175022	290628	1	23700230984e70232e9331c81d6527a76bbf30918c396a14eb70f853a92cdb05	2748dc29372d3202528e1826d4db12b5386fe6ae62ded1da9fd7ad1f6978007a
chr22_500_guide_367	columba	timing	measured_1	0	0.759162	0.596728	0.138012	290460	1	eafc7cf8ee809fe80890b34a135f0b6a144b58d1c39489c64df9d2821704064f	e3b0c44298fc1c149afbf4c8996fb92427ae41e4649b934ca495991b7852b855
chr22_500_guide_368	columba	timing	measured_1	0	1.312380	0.904860	0.209235	290560	15	97f0d8858f903bcb6a054b2a856681ae3d750161733d345ff4336bfc33819503	47727314b57ea803c5a3fa2d696319a895d425c026877c7342ec66d95555ff9d
chr22_500_guide_369	columba	timing	measured_1	0	0.858690	0.613822	0.170459	290576	1	08c5984412b18c370e990f17b4bc5ad2cbed1f4c3dfedd748d4e1535a3fadb1b	e3b0c44298fc1c149afbf4c8996fb92427ae41e4649b934ca495991b7852b855
chr22_500_guide_370	columba	timing	measured_1	0	0.961011	0.651686	0.190682	290508	3	fea931606683fcad854ee83f91f0202bd096d1da03921b3877e5220db0c82a5e	7f5277a767f0a6275e70f272cc6f138af107412b0816bc015184a3d706c76196
chr22_500_guide_371	columba	timing	measured_1	0	0.758970	0.567862	0.145403	290932	1	2d5e99ae0c7bcb58f0b6b71473c477ba54d8c8724c2758627a6c66d26e4c8657	79dbe6e1fc0f2e471a11f550a44f46787fb0c808d6a2c8e755f1e5d11f718675
chr22_500_guide_372	columba	timing	measured_1	0	1.262575	0.639378	0.200159	290452	1	03c6b87f8e111baff737d699832be31b9947a70427c85b014752cb5b542a2eed	fde8f9047a757b2080a3b24c6cde1ef943597a66564757cc3f8590076e1cde15
chr22_500_guide_373	columba	timing	measured_1	0	1.211812	0.842176	0.218413	290484	690	2354f825ce61636eff2ebd9b9f04785099b672e2778924a5bfbd006333613cf6	7e96804198e52de0cf9624d7983a3fce1c16d78c3101a89c4b2d30f13556ce60
chr22_500_guide_374	columba	timing	measured_1	0	0.910783	0.666459	0.188117	290380	1	c3fc24d7c32679e1bb8d0997359e61e66898f2661248e500254761c6363bc345	171e6521f745b44a2a23c6f5a6c5d268c785a5c1ec8c8da9f889737df19e5d0c
chr22_500_guide_375	columba	timing	measured_1	0	0.910160	0.654084	0.177769	290568	1	030ec29164c173123d1d27dfea06a9700f90b3ab218d4b0a8e8aef3c9e9126f7	09ec3c94fb92b2cf79020ad621a063aec28830d915cf45ce11964b222973bbc0
chr22_500_guide_376	columba	timing	measured_1	0	0.860124	0.592489	0.200094	290504	1	7e19f347dbb159b99327c48f045135540fc5a7b2a7ee081802a3916d383f8976	38aa84a1303479d4a92281f2cf630fdfbe063a8edf4ea51f6c434255c99ecb9e
chr22_500_guide_377	columba	timing	measured_1	0	0.960569	0.651643	0.186706	290400	1	55a3f7499e0cfd7e01d39b6abf5895c90ab0b4bd0a5fce5f05529c08d2547f2a	d1005f28be7d115fe33004a506e0b0c586f011efeae99f9dff00bae13b354460
chr22_500_guide_378	columba	timing	measured_1	0	1.664586	1.062648	0.300585	291948	38	ca302eb1021b149cad0aa565a08684a3f95b4dc2d440c7d21ea5b8af132306eb	1486cd8c9af853f27a3bc3677c2cd49263a916b45c25f5b4df6be61b5d3536f6
chr22_500_guide_379	columba	timing	measured_1	0	0.809446	0.618238	0.143783	290404	1	5aa69e89a9ef985351b79202bc785b14f8909565c64344816b590744c39c799c	989e698d1c4a4d18eef9f47f878d8779ebd2e6807c818bd4af6354228c6d2efa
chr22_500_guide_380	columba	timing	measured_1	0	0.909777	0.639522	0.175918	290500	1	3696847df4deac858a26ab0acacdd39fc23eeee62d5f8c152b739c4d558ce954	e3b0c44298fc1c149afbf4c8996fb92427ae41e4649b934ca495991b7852b855
chr22_500_guide_381	columba	timing	measured_1	0	0.759263	0.570446	0.169522	290460	1	66e0ad380442bdf04037ab83d0949141edf92e5a350d869acf3f12e9e0e18df5	2fb03fc1942657d9658373b9bba607d1b3320fd14208eeebab4ae70cb3a42551
chr22_500_guide_382	columba	timing	measured_1	0	1.262284	0.640931	0.185202	290500	1	334ed3775f29c2188d7fea058f91103c4d4b121f2e3c2fd6f915633ae391b52f	c24021f8a8c017c17733db2cfa13c322027ef4a8970fc1c94b942d47a2f24ca9
chr22_500_guide_383	columba	timing	measured_1	0	0.859558	0.664476	0.143019	290400	1	e3869c3952dd0b0eb3e37141b1040c6f25b82c4e398011436f2219c75f8febe8	b9c553e0ccfe2ce660998762584c8775fddbac678c08f7828037c9b6239ea576
chr22_500_guide_384	columba	timing	measured_1	0	0.910635	0.660612	0.168295	290480	1	d0f1f0ccacb8155b15cbd0aae71b84ef21dd4b82cfa458fe2fe387cdef067e94	236eaa49e75beec8f2cc3caa11fc71b5065921bfe6b88d38ecb9b85b86474d1c
chr22_500_guide_385	columba	timing	measured_1	0	0.910218	0.683335	0.175476	290424	1	c8af66ce12fb1c3e40ec64de1e6fe4633665b6b60f3b1cb98347963b883658a6	13b42682a37b685b307698d62a4936ac76d467106243c3fb2e79d8f27544b17a
chr22_500_guide_386	columba	timing	measured_1	0	0.911140	0.638210	0.156553	290392	1	250d9437844a88773662267f23ae1f91e8636f98a0f86b6c48484d98887d9e23	e3b0c44298fc1c149afbf4c8996fb92427ae41e4649b934ca495991b7852b855
chr22_500_guide_387	columba	timing	measured_1	0	0.960694	0.687367	0.177041	290576	1	a909238b05dda7cb5d453b651946c3f21b89303ee28398c030999e7ff3980c4a	e3b0c44298fc1c149afbf4c8996fb92427ae41e4649b934ca495991b7852b855
chr22_500_guide_388	columba	timing	measured_1	0	1.011505	0.666517	0.149618	290472	1	b32f95b3659bdf5efde0a545c93605a84811e1f51637e98948f88b66e0c918a9	e3b0c44298fc1c149afbf4c8996fb92427ae41e4649b934ca495991b7852b855
chr22_500_guide_389	columba	timing	measured_1	0	1.212937	0.752018	0.186790	290556	1	f8eaf62cda887424db5ab9182cf8cda1f095c522200d8c7053494e3cd3f0013f	896c23fb2a489fc9583d5e5b9e6c0022e88f6731c19230f066426912970c28eb
chr22_500_guide_390	columba	timing	measured_1	0	0.809435	0.541687	0.173180	290480	1	49a680215bc86d76c112afc22c01ae23139a059bb99b4c5bb7a9277777d15b2b	e3b0c44298fc1c149afbf4c8996fb92427ae41e4649b934ca495991b7852b855
chr22_500_guide_391	columba	timing	measured_1	0	3.721241	0.578769	0.181072	290448	1	c21b67904c7c4e4e487bce9bef7d7a8c1f63a73c6fb931f2b8148f858e585517	dd28c7db25946f59b7d8d9c315bb313f8a087cc04b94318bbb9d47bfad45f561
chr22_500_guide_392	columba	timing	measured_1	0	0.960107	0.635190	0.146462	290588	1	62af6dbf97486ac949ef3ab898566d88afe47152d399c78e5d7b872f755770bf	dc42588f31d676dfd51273b514e75d9234e0f0e23c5da22dc376def453788a58
chr22_500_guide_393	columba	timing	measured_1	0	0.910923	0.564131	0.181610	290316	1	3719b9c87eb26bae46571444132aecd72ec6971081ed8592128ac8081655f637	ba8e3024a8dbd3ab92f3c3efd62af4339a44a56f1d02bd2d31d752a8b26c0e77
chr22_500_guide_394	columba	timing	measured_1	0	0.758630	0.553685	0.152278	290472	1	3c3e23f0b752c439ab97e64bef2a4113aa18f8d8cf527c29e6927a6e204121a1	09a651b3004ee11edf404b4540c688a527e6879814c29ce97f4c75c377bd80d3
chr22_500_guide_395	columba	timing	measured_1	0	0.859499	0.654741	0.140642	290316	1	ede3ceee5da1cbf4355f6f21ee507d425126143830cc60dea7e0c7937667a8bc	ce49cb1aee848c70e76b9bf94ca52bd0f39393c3e52003ce42c879cab22183a3
chr22_500_guide_396	columba	timing	measured_1	0	1.011344	0.710563	0.212344	290448	2	6a49b8eaa1819f1494925c174a6d3c9e04b8a6b858f87644be03b5e3218bd567	8668d29c0d00b05858b4982e45acccfbe689faaf7c9ba57a4c8ae9056d4bb60b
chr22_500_guide_397	columba	timing	measured_1	0	0.808919	0.581699	0.153490	290476	1	5d54478d4376f895371f8d339b5dccd454974991171a09a85d4673e7f8e0fcce	200d5cb18d308e1b596c2e57e4597fe09c608c7454ffcd8b01ec62052a34f0f3
chr22_500_guide_398	columba	timing	measured_1	0	0.859606	0.616399	0.191092	290356	1	5c9d989f365df1d424483a28cbc77093b089ff7ebee8cd46972f309ff0b6db17	2f17411719ddcf823a39fa8532b48978e18ea71b4f65cc71e1b1d51840c18def
chr22_500_guide_399	columba	timing	measured_1	0	1.011318	0.695917	0.184155	290516	1	aed3025f5878f3f627cc0e24560dad556e9470377c3f5e6f682ae922deceebb8	e3b0c44298fc1c149afbf4c8996fb92427ae41e4649b934ca495991b7852b855
chr22_500_guide_400	columba	timing	measured_1	0	0.809369	0.605154	0.159334	290572	147	8f057bc04afcef83ab0c8e0f28c1c32ed1e3fd0dbc8a1dc5f417e117852ab05d	e985c5eb551d6356d5762eae457d4818dc87e79770f01b55801cc0cab9666cee
chr22_500_guide_401	columba	timing	measured_1	0	0.911185	0.688407	0.177959	290688	1	574130b195313d28babf956f57ec6cad7babdaa442fd51fc95c6c4fe01874730	e3b0c44298fc1c149afbf4c8996fb92427ae41e4649b934ca495991b7852b855
chr22_500_guide_402	columba	timing	measured_1	0	0.912552	0.695882	0.176632	290468	1	6885aa6e1f736a3800e5b8e869b1130951942bd1a6cc0d1a25a536d26fffc928	e3b0c44298fc1c149afbf4c8996fb92427ae41e4649b934ca495991b7852b855
chr22_500_guide_403	columba	timing	measured_1	0	1.165493	0.816276	0.274615	290848	1	60f8b2bdc588b6b13527c78acc609879caa8defea9c72ada132dee63d52ad9bf	e3b0c44298fc1c149afbf4c8996fb92427ae41e4649b934ca495991b7852b855
chr22_500_guide_404	columba	timing	measured_1	0	0.809025	0.587463	0.159501	290380	1	e0db171417b9d617b25a64277096c843a4bac7911334e46ccc8a3338fdf0c0f5	f2d8286b2b5cba83981d2af701b8847d4fbcc2b396b39e5c9f41b2cbd813b8d5
chr22_500_guide_405	columba	timing	measured_1	0	0.861219	0.627486	0.145110	290532	2	4569698d5f1eea2d0e21201f084895461a4fa0ad0bd743ff89296ecc28b8c92f	e3b0c44298fc1c149afbf4c8996fb92427ae41e4649b934ca495991b7852b855
chr22_500_guide_406	columba	timing	measured_1	0	0.809738	0.542215	0.164590	290532	1	01fd169b93a95edc4956f61dcb9cd8ef7872958fc48ea50bc5f16e92ae9e7cc7	e3b0c44298fc1c149afbf4c8996fb92427ae41e4649b934ca495991b7852b855
chr22_500_guide_407	columba	timing	measured_1	0	0.759533	0.534068	0.171400	290548	1	4efa47f300dbac5583b98c9f2679ad02d98d6d8e72976d6e2a1249fe2d685eb4	f375403c23d55ea27ab856c0e75ee1a44c23de9c28a708b2d190156d92eeca36
chr22_500_guide_408	columba	timing	measured_1	0	0.709018	0.522468	0.155362	290608	1	8aa0d629b648d54d65dead9f626b4f79b04416d14abcb761ce6f8afd4c8d5a02	e3b0c44298fc1c149afbf4c8996fb92427ae41e4649b934ca495991b7852b855
chr22_500_guide_409	columba	timing	measured_1	0	0.959095	0.658078	0.196455	290576	1	2b4fb62fff6dc125549ec78c24c4284e9baefb167f735d57c29fb7fa1377fd37	2d50f84b6ad3e8a16f9640ed487a7d2815f9c3b2d254cea6443f3878cb008dd7
chr22_500_guide_410	columba	timing	measured_1	0	2.620694	1.645606	0.328076	291160	19	d7935db724d2590aa42d14557607d9530da5f0a024bfa8c1b2ef51906a06692f	6bd9b57c39d426e1f8a0345ee7d0cfb0f7105ef1ce9135de4bb7144d404bb9fe
chr22_500_guide_411	columba	timing	measured_1	0	6.837586	2.532680	0.511866	291528	70	499e4bf17f159494f38ac952b3b30c7c711818602b1f3034d79b3f9dbd43fca7	fdb15482fe5ea0353179a276eeb770dd5d9559a083081f6975fa5e382e6b36ac
chr22_500_guide_412	columba	timing	measured_1	0	0.959891	0.555531	0.207311	290444	2	b71525c5999ec941808f42e2e7232f05c38284832a19e892758fb4125649d7b2	335ce1159587f90ff34a0d336e1781adcb0a334a8b3649291877403667fe9578
chr22_500_guide_413	columba	timing	measured_1	0	1.010596	0.598633	0.191702	290208	1	1da030b92202db00fdf4fa746fa0de1c56a74c6415d7abf8e6e634730c0990ca	e8d6de60c3ba05b27001c144755f4d3ad082de5cdf0fdf5e9cf6b7717422195e
chr22_500_guide_414	columba	timing	measured_1	0	0.909578	0.597793	0.226905	290368	1	dc18e7565a147dc0468401f11a1aec5c441da305cffc4f6068bf0abbeec51b24	ce74bdbd63ca7ca7425c912fcb7a3ee46b97f11171233b4ad944428469beaf24
chr22_500_guide_415	columba	timing	measured_1	0	0.859385	0.603791	0.173016	290540	1	8e4f5083c2024a772ae064b2a50dda44f56d59a9eb501cc86d2d66e0f1289d35	9bc00fd253d069fa090442d7f0fb4c87032984be5c2a9c2586d2fd927d967488
chr22_500_guide_416	columba	timing	measured_1	0	0.859618	0.597481	0.237791	290424	1	4ad6a29fbc0b47bcfe2c01e5aa0dadb830813fb301aa125f8326472a10dc2471	e3b0c44298fc1c149afbf4c8996fb92427ae41e4649b934ca495991b7852b855
chr22_500_guide_417	columba	timing	measured_1	0	0.960340	0.690475	0.227985	290488	1	62cc8aeb4bf28a1df53587ae2f74a5e6f1288ede9db90aee0f72abe8f5f3a9b6	87049b76af767ec02ba1df539670a0b29d40ec17e245542a6e7b7b878e103dca
chr22_500_guide_418	columba	timing	measured_1	0	1.463147	0.962088	0.268803	290664	59	85f162921bfeefc97d3de55dbe3f97c5f8f6192ca4eb2dd40a561a137aa14173	5b15e8ffd7e3dbd341b4575d46e2dae3dfaa6a747317a1348b5b7768a37886c9
chr22_500_guide_419	columba	timing	measured_1	0	0.961174	0.701325	0.216077	290260	1	8b4d19c546d86b7a041d4cab724163d2f559d5bbd6dec136726c5a5edeb6eee1	f48ab7d2f02c45ec65f90a13333d2b4eeeb4449d5e773698b92c83d5940d2b1c
chr22_500_guide_420	columba	timing	measured_1	0	0.860546	0.617847	0.209826	290328	2	ee3652d1b1446d7dfbbfd9858af8a0c9ebcf8ac5ca625d77d1520fcf2b7ad846	c6def3f0ce68671eabc286730e419496932a303eafcae9d96311082c7ba486dc
chr22_500_guide_421	columba	timing	measured_1	0	0.807723	0.623168	0.154740	290620	2	591c54666dfecd5791fe286b82e7feca29c4c5cf48b651910162ac7317e74c84	c1f64eecf20719ac873374da61948e32eba605cc039ae6073990331a7d35b460
chr22_500_guide_422	columba	timing	measured_1	0	0.809575	0.587184	0.197441	290592	2	79922e4ccae711acd4c3a77469bc5b0e294bfeaea9fb20c05241da4334d7cbc9	f78667274ca1336417d5d6aaf18efb15436db3e7b023ba39e7a5ff440752f94d
chr22_500_guide_423	columba	timing	measured_1	0	0.909086	0.577658	0.169920	290388	1	886f21508ef43139da65b3307d412b9c43af12390fb60b152be51f2961337117	e3b0c44298fc1c149afbf4c8996fb92427ae41e4649b934ca495991b7852b855
chr22_500_guide_424	columba	timing	measured_1	0	0.911090	0.668672	0.172203	290436	1	532477fc4faa3f4f69315f7dba2d04ab90953c2c448e147b198a08dd360f39fc	e3b0c44298fc1c149afbf4c8996fb92427ae41e4649b934ca495991b7852b855
chr22_500_guide_425	columba	timing	measured_1	0	0.962139	0.644112	0.273828	290248	1	faeff617f365f7f7cd0dd00c539f34b67b3dd81f82a85e89c41ed578516099f5	e3b0c44298fc1c149afbf4c8996fb92427ae41e4649b934ca495991b7852b855
chr22_500_guide_426	columba	timing	measured_1	0	0.810763	0.580347	0.169063	290496	1	395d0cbf64200bcb6eca014619ea92462c25e08973e7212d07f4d64d62a51189	9ecaba29ded4b0d1d03f7d309eae624e9b4effea0e3257d0bd0b9aeca0bbb64e
chr22_500_guide_427	columba	timing	measured_1	0	0.810216	0.569092	0.177459	290432	1	36112c32c710f17d0fbd10979505f5d7a5215cd2ad64520ac74f8b537266216c	e3b0c44298fc1c149afbf4c8996fb92427ae41e4649b934ca495991b7852b855
chr22_500_guide_428	columba	timing	measured_1	0	0.913551	0.651016	0.178610	290344	1	b49d937c3f713b95c07b0df4983659c5531f5062b2c8b309c93edf95c5d33253	fe8b505978787bbd7a6d3b5268bab52bb800793326eda2f064520359431dd393
chr22_500_guide_429	columba	timing	measured_1	0	0.961137	0.732003	0.186934	291120	1	2ec43a3a14908487e4da93624a407c3b7f19272d01e1812f2764b52f28ae9ae9	73ce423ffc92f5f5e6b442698a9f7888d6c08b821780197741ee0d5e7ca07afe
chr22_500_guide_430	columba	timing	measured_1	0	1.011845	0.762112	0.199361	290360	1	a39d953b063860baaa128981774a27431eda978fc37949bc65f2cb01ed3bc55a	df3ff8cdcef407782a7e9cec32e76ccc82f5f7ba958b51fcd8f1bddac7e1d61e
chr22_500_guide_431	columba	timing	measured_1	0	0.911913	0.659569	0.176154	290416	1	4e671a38249a3b235de336c42d1952eb9cbfb6883be90588a0a03c1c10b6bebb	e3b0c44298fc1c149afbf4c8996fb92427ae41e4649b934ca495991b7852b855
chr22_500_guide_432	columba	timing	measured_1	0	0.759327	0.555962	0.161587	290480	1	32298278cb6ff6636d2515a3c62ad9ef6a2566d429dc65a2563a46e879c0f415	e3b0c44298fc1c149afbf4c8996fb92427ae41e4649b934ca495991b7852b855
chr22_500_guide_433	columba	timing	measured_1	0	1.312766	0.866320	0.232196	290568	5	7299c25e9e9229b69fae4918dbd7a3d10cf292aa3a5ae9e727231b52918c4ec1	e022cf39cf254e9d5e76a228fc4449c3751d849c1fa8e8eb5b7d348ead9de8a8
chr22_500_guide_434	columba	timing	measured_1	0	1.162747	0.778171	0.182152	290592	6	3d86a983e1bb53d361b20def5e1bc28e952352dcec81b88aacf39a93f87c0638	f2c83a50ee020abd2071daf544837187b8d538e5ba28c33238e605b22e8b8d6f
chr22_500_guide_435	columba	timing	measured_1	0	1.213624	0.655974	0.194583	290564	1	16038bdcd50f85ce0a4ea6efea47731dafa305bb4bacdd999a696aa8fce480a8	37abd8bdb82e1a5862037257d934a15a429ff5e431e94cc140058315515fcf04
chr22_500_guide_436	columba	timing	measured_1	0	0.808353	0.607020	0.154956	290516	1	b1ba996fcdf443c50ed85ef5e151eb2c859ed3ad0d425e25cdd737554a74fb66	e3b0c44298fc1c149afbf4c8996fb92427ae41e4649b934ca495991b7852b855
chr22_500_guide_437	columba	timing	measured_1	0	3.018654	0.548116	0.125896	290456	1	36e9d38b2d923f897d6e2a53db577c6fd69c1d15750199d51b2165f6f7da9dd4	08ee64bdb9e2670b8ef166295b09bd5db537c33891bc5cfbcdec1ac2530151e8
chr22_500_guide_438	columba	timing	measured_1	0	1.009499	0.674692	0.166650	290480	1	7b9ea615f9aa7e046adebd0e63adf8ebdc63c09e2a683a13ae5b9e9457fd8152	000abe2ead510b1e81f85058fe4a2422bdd56dfa268e082b10ff250075738f0e
chr22_500_guide_439	columba	timing	measured_1	0	0.960232	0.602503	0.167541	290484	1	0190f0e84eeb95df6b5df5716b62537156b62b0d06f75ce0d84a290b7aa01e5c	b896919ab6bcceacc3f4e846827a23dc333234532f2f06ac14a1d278d6db1dd5
chr22_500_guide_440	columba	timing	measured_1	0	0.860424	0.646349	0.158845	290460	1	4e987bd4a59588a3e2670ef83a8c80580f551f01774158544976def06a148b63	e3b0c44298fc1c149afbf4c8996fb92427ae41e4649b934ca495991b7852b855
chr22_500_guide_441	columba	timing	measured_1	0	0.858481	0.631351	0.164013	290496	1	54ee762514de0802a27df6c1af3fc83fafeedee43a6a9a9f5c8ab4b9ffbc2983	21a5c8eaf72efbed526f9dd9050f980153533010c0ad5c3822e2271f1728b5e2
chr22_500_guide_442	columba	timing	measured_1	0	0.760158	0.529330	0.148371	290548	1	ef3c258a25c35b787ec480cc4cdb3290a24d2941ff110cad9b9e40c1a9c2819c	e9dcd42f42ccb17ebf0879cdef15319487296ddb019fc8c186cd06266a5afc51
chr22_500_guide_443	columba	timing	measured_1	0	0.913187	0.638170	0.176767	290544	1	790719bd8847db6a942f261864ea37c0ec15f7a4f400e0bd1eaf31a8e659f354	5747958b98329bf390adcb88fe0c55df552279978269e4428317edf8497c35fb
chr22_500_guide_444	columba	timing	measured_1	0	0.759669	0.583261	0.152234	290548	1	ed405985e5d0bc3cc4bbfe39199e2d58f5774a7a47a5d2ecf9175eacabcb490a	1186a57cc2b9625914c20fee5e43b2f5cf9d4c26205f4a86599eacb7da95d2d2
chr22_500_guide_445	columba	timing	measured_1	0	0.809677	0.583246	0.178884	290420	1	d34c378716f257e185bb5cb139c57e699a09f1073521990fef6b3c76f400769b	1b6acd9255bbf0a03a5cf8ee50f3199edbf54b5e0a946935ad20dc062f070c0f
chr22_500_guide_446	columba	timing	measured_1	0	0.811055	0.562477	0.180429	290716	1	54483d7d719636ef82e5f65aac8636a0f5c68fea1e6f0c1096ad241066c4066f	db91d4b93d32bd9c59528ce677afec541e6e97b07a5461ee238500bb160c809a
chr22_500_guide_447	columba	timing	measured_1	0	0.809355	0.598008	0.154311	290504	2	0943e41f522eda2a3346af0db05e414e69604c28d94199ca4f075a633db117ba	e76b74ea006f9ca50e69929940b1bca778c7576b439207b0a49cd6bcbcebef86
chr22_500_guide_448	columba	timing	measured_1	0	0.859015	0.623919	0.207521	290780	1	af0e7d04b9032b6ba55a507cdc6196da5e7f3adbce117a38bb6ba2d2fb078cba	bb969d4b02ddd34c284543e306e202b2336d7575aa86daa3e6466757c09fd92b
chr22_500_guide_449	columba	timing	measured_1	0	0.708450	0.502988	0.166445	290624	1	e8367625cb9c97ec27975858ed7924135dd7d288bb56eed2c76e0d9bc4e5713d	e3b0c44298fc1c149afbf4c8996fb92427ae41e4649b934ca495991b7852b855
chr22_500_guide_450	columba	timing	measured_1	0	1.012413	0.676844	0.170606	290352	1	2ae6d416707fe71130cb2b7d3e365409b98aa031487d875b6091675f3f98e6a3	e3b0c44298fc1c149afbf4c8996fb92427ae41e4649b934ca495991b7852b855
chr22_500_guide_451	columba	timing	measured_1	0	0.919634	0.655596	0.177172	290416	1	9eb0735b9bb6914649d66118c5e11946fd1c28f2f4ab317728d097308297e6e9	e3b0c44298fc1c149afbf4c8996fb92427ae41e4649b934ca495991b7852b855
chr22_500_guide_452	columba	timing	measured_1	0	1.111926	0.583419	0.188490	290576	1	caa33e4a34bebd20f093ad8c057e31eee06ee3c0812711a5e984996ec3d44dea	e3b0c44298fc1c149afbf4c8996fb92427ae41e4649b934ca495991b7852b855
chr22_500_guide_453	columba	timing	measured_1	0	0.760136	0.520533	0.169358	290440	2	cf53e5c0ba2549b95ad7cc66f6caa57165a2d7ef971b8448816c1f5189dcba42	99ee76e9b64774c9369be8a6f72c896db95e3888b9d30ddcbc455b25e12e4601
chr22_500_guide_454	columba	timing	measured_1	0	3.168433	0.527157	0.160695	290512	1	c0ef84c923d1575aebfb474d6b0b9a489622223e07ca9c1b3dad0154c8b192f2	e3b0c44298fc1c149afbf4c8996fb92427ae41e4649b934ca495991b7852b855
chr22_500_guide_455	columba	timing	measured_1	0	0.910397	0.563145	0.192429	290484	1	39b13c0090e1f7f870c746fb96e5c188a646262e69c8ee9de2a349db812a6b7c	64c92e29a7f88014fb362e217f604f66dcc5222abb7ceaecaf89799a92742638
chr22_500_guide_456	columba	timing	measured_1	0	0.960457	0.611644	0.175367	290624	1	66f40ebb678d2f2bfd77dd7a61e3770095414767dee777d47bb89cfd112d7a94	e3b0c44298fc1c149afbf4c8996fb92427ae41e4649b934ca495991b7852b855
chr22_500_guide_457	columba	timing	measured_1	0	0.759215	0.538200	0.156816	290304	1	a8ea62f296fdaae7567af8f86405abdc3f234652944e90572bd9ec8d12ebe699	e3b0c44298fc1c149afbf4c8996fb92427ae41e4649b934ca495991b7852b855
chr22_500_guide_458	columba	timing	measured_1	0	0.860108	0.630466	0.162600	290492	1	36dc22934c7c02b9c1a4043e7fa71e9fab23fac626842ee0233fa0a19e8a4d8d	f9edfd1414c172b5a32e647be62f7efb9a1867b2825caa326cd197691299ad06
chr22_500_guide_459	columba	timing	measured_1	0	0.808654	0.553373	0.184978	290544	1	ae2877403afc338a66d249e49defd6d72d59aabceb17722a5f7e4ba810ac724e	e3b0c44298fc1c149afbf4c8996fb92427ae41e4649b934ca495991b7852b855
chr22_500_guide_460	columba	timing	measured_1	0	0.910064	0.680692	0.163386	290520	1	0702f00d8238249f52addcc891eb35cc8cb302324182724fd51f2abb5aa2c204	cad84e4a2be667257305efdf704815379669daec3f47f22613779f398ea75bc6
chr22_500_guide_461	columba	timing	measured_1	0	0.861642	0.615594	0.199033	290484	1	1b23f23233d0e8e334dba7ee9b2f71ed071325e62b0b2df036bd5c76d22fcacd	07560ce039455dd35446a6a5ffcc7c13514c23534594839cecc0a226db5fa89a
chr22_500_guide_462	columba	timing	measured_1	0	0.809451	0.627633	0.152856	290488	1	e5b9eb0597eacedf59b768109c64075d0da741152d13fb2e439f5d58c018c128	1d9afb520433d3b0e51e4a69c06fada8c59ecc97528d47fbed33edf3d984ef57
chr22_500_guide_463	columba	timing	measured_1	0	0.760126	0.569370	0.132238	290420	1	7c248ba9765e06499bdbdd56fa063150392f57bbcf49d7273e7a34148cb2a14e	cb99cf2cb5c76fa9de96c7d214883bdebf51068c4cfea4bec3c2c4a8fda8efb1
chr22_500_guide_464	columba	timing	measured_1	0	0.809583	0.586168	0.170247	290676	1	572a412f62c765fdaf94fa017837ae004da8b8070c016a242544a182aefe63e1	e3b0c44298fc1c149afbf4c8996fb92427ae41e4649b934ca495991b7852b855
chr22_500_guide_465	columba	timing	measured_1	0	0.960672	0.707070	0.185393	290640	1	71aca4d4d36b2443e6e04db67d1c059a16d050f4e1c6e90f522b493e94915886	a1f199b7a5efea9ec8ad0c6aa62274cb0b74bebe9f0a0b5c2fce23a9c2ecc009
chr22_500_guide_466	columba	timing	measured_1	0	0.757989	0.545412	0.175402	290448	1	ce36001de0595b6ca48e3f857e190887e3219eb435d5c95d003f9c73f5c7e4f9	e3b0c44298fc1c149afbf4c8996fb92427ae41e4649b934ca495991b7852b855
chr22_500_guide_467	columba	timing	measured_1	0	0.859137	0.624695	0.170231	290588	1	333a2ac75dcc9c0aeaef85b902f8c4923c58c1bb5bb7a6e3b7ef5c77edecd079	0bd827c81b6d74bd1b7cdda71e0e8fd9f2124d059fdbc52087817ac78a8185e5
chr22_500_guide_468	columba	timing	measured_1	0	0.757648	0.540860	0.151542	290504	1	b129ef3c4f85946c1752fcdec67457fbfa137faf10c495dcfb79020726f0093a	e3b0c44298fc1c149afbf4c8996fb92427ae41e4649b934ca495991b7852b855
chr22_500_guide_469	columba	timing	measured_1	0	0.759390	0.551628	0.158943	290604	1	396a48dd0384e6e289e748eaa3a473e02786e2d98d3c9ccc975cfdc1f2077813	eae991de7724f014960152cfc5b73a664d920e3571b036903887c7e8904e64d8
chr22_500_guide_470	columba	timing	measured_1	0	0.809996	0.583777	0.168050	290488	1	50da73a873102212cf126ed04756d602d15aff5c7c9be11a43ca7ed77b9d1dcc	fc2111f6ff6889e5e52e8c40636ccf8bf271f21e8a3ed1fe8f5cb943881c6136
chr22_500_guide_471	columba	timing	measured_1	0	0.960056	0.628605	0.243329	290528	1	b0bd2d17b793d19a9cc8aebd15bdd4c22df56bdaf8aab2b3c1abdd99fab13456	6fad211fe1d6ffab7321285350b2d8f46c9a7e49ee03f700c5e8c4e00c84da13
chr22_500_guide_472	columba	timing	measured_1	0	0.807851	0.596749	0.172666	290576	6	d15db5e4c40fedd9b95e2caa34e3fbe03eff2bfb494ed6bc086b2d4d0787a91a	dbe731966dd89090786db2cebe2de5643d92557c139dce327e5fe24ff919fd3d
chr22_500_guide_473	columba	timing	measured_1	0	0.808980	0.591784	0.162678	290440	2	72cfccdb732c7f835e82aebb76ca4186954ee044989d4d3f165c230249e1ab41	8dd8d8e768aa6c5cd7d90852728b3841c27aebb8dbde3dfbf7f30997ce15d157
chr22_500_guide_474	columba	timing	measured_1	0	0.960785	0.625843	0.175176	292504	1	27f4db87eaef5a8e95ee563eb60799da341bd01d4adb8e80aa230848dce17378	e818a50900608a54e52cfb114365a67c5953dbb0a2adcfb43ff1f8c89006a04e
chr22_500_guide_475	columba	timing	measured_1	0	0.908466	0.631819	0.190920	290484	1	e384b7a2569a5848931984dada58a7863fa4ad10cf0639f33dc3d4b245ecd919	e3b0c44298fc1c149afbf4c8996fb92427ae41e4649b934ca495991b7852b855
chr22_500_guide_476	columba	timing	measured_1	0	0.809692	0.616082	0.141116	290596	1	cef6bfbc08ef536f268fc772150775caeddde43f60444747b9f9fa3e77153561	e3b0c44298fc1c149afbf4c8996fb92427ae41e4649b934ca495991b7852b855
chr22_500_guide_477	columba	timing	measured_1	0	0.809712	0.568118	0.168809	290516	3	8c86a6a96697df1c7b7b0f7391f45a3e6175b05261263ee01ce4309ac6570263	0b1b73506e6389d259f4dc5a344c034ac077b42785449440fa57b7a738b1b333
chr22_500_guide_478	columba	timing	measured_1	0	0.809339	0.604817	0.171422	290372	1	66356638d350f202a4fc3653512e2eb61d180a210d3b4874237620fdd88f45ac	96e1dce767526b5e03b01ea34764f33de2e58653d775c70a8355e05d5d77a707
chr22_500_guide_479	columba	timing	measured_1	0	0.809050	0.599062	0.170262	290648	1	23595c08da0c6736f275085085ce1fa4389c0c23f7cb5e27898ed6fd96e9c578	e888fefb85f961569d998e93ad1711e945284bd8daa566763f3c837674aea9cd
chr22_500_guide_480	columba	timing	measured_1	0	0.808069	0.550656	0.176396	290352	1	d69d8cab5f9f101c8ebebf1517222a11ca2c055ca30605b62cc9fb77a7dd9883	8835a94711a0e16368011d50f3408c88d74608d27950c931af79f22274094e7b
chr22_500_guide_481	columba	timing	measured_1	0	0.962769	0.608907	0.227463	290420	1	df1d31d6c611d54432bb2ded430b33d54a73a65d9ac4e858d4332a409bd4fd6d	6c72161bf4b1e404143811678fde516dfbc9874a827c1f0519c952311724c960
chr22_500_guide_482	columba	timing	measured_1	0	1.515392	0.967688	0.263517	290372	34	8b558da3c10ee9a2aa84ec0d75378e66ceea581cf538abe6fc595f479db265f3	483d6754dd436ada60ef0f3d7dc394494ade844621ea3dff1624604ae8ce585e
chr22_500_guide_483	columba	timing	measured_1	0	0.919368	0.659622	0.171162	290880	1	ec3317eca52cb313be8b742bd84d70d8e9f8f3d3a8dfda83e632d9ec5b3e7472	c34143c4b66ce37c239db5fc991d73357da56a527f237f74e6df9d61bb22831f
chr22_500_guide_484	columba	timing	measured_1	0	0.910365	0.648518	0.209039	290472	1	71ecc0fae907389e715d1ca86fcbdff3ec27af9fce69bcca1c654d58d3bf98b8	af041a5b402c4eaeb0e586590f1dccf709f1c1de84a141cb38a25d50d0c45982
chr22_500_guide_485	columba	timing	measured_1	0	0.758312	0.544786	0.148298	290564	1	9bdfb2270fa6b3abdcd6d9dc88dd6e2da7b983242b64a38aafa5c0a793e710bb	6657a61097a1338f10d79d9a991ff4b0d561741d23a6e9842fc11c2dc9ca1d41
chr22_500_guide_486	columba	timing	measured_1	0	0.758316	0.554723	0.144835	290612	1	8dc058c1447c872314f3d31ec8865959f3409fdebfa5044cb15c05b939609aa2	c892c2994baeaed04bfb8649ee3f462d65bcecb131f4f8201c7c6a3ae3ee4832
chr22_500_guide_487	columba	timing	measured_1	0	0.809371	0.569237	0.142286	290640	1	f618e6a62a671dc60aed99263392f11c178317ef24a0e60ae15e6aefd01799fb	2ba33f35005774eab487afa75b92cb10d850baa0e4b8cfbcbaf0da77e0e3bb7d
chr22_500_guide_488	columba	timing	measured_1	0	0.960168	0.676613	0.164705	290552	9	6803cc83cccde78136058d3d854eb89cc05eab1188efe7c0cabebb43cb9eb17d	86060c0d0ba22165d0282d1cf92bc8afade2100bd1def809b1f81bb96b9678e3
chr22_500_guide_489	columba	timing	measured_1	0	0.808461	0.607270	0.171147	290524	1	ec47a60387ffa032dbc15150c6ff0b1c838905815402357dae3f75329a28357a	c430e6a4dbd5c3e9f487e20eebedf90d6511fccdc5072ffcfc0b5787cadc0f07
chr22_500_guide_490	columba	timing	measured_1	0	0.908974	0.570416	0.155552	290480	46	42d2d3de06e689ee1d8f063b9b57cf92f32bb959199c9c880df4b714e510739d	c220eca9da5246c5ee3fc99b8afb445aa05b2c87090ea4fae3f86c2a0c74e997
chr22_500_guide_491	columba	timing	measured_1	0	0.809821	0.604549	0.173779	290476	1	d26d89bdd504b3597d3010fdc4ce82385f0052897c7c456fad509d6d59d744b9	e3b0c44298fc1c149afbf4c8996fb92427ae41e4649b934ca495991b7852b855
chr22_500_guide_492	columba	timing	measured_1	0	0.809768	0.566099	0.176875	290404	1	d1bbfd2faf7d69f7fbe39d9624756e6401f3ee6cd2fd299c525b88c947bdd2cf	b64a97cd564fea43f1d90c70d4e484cb7b16f7fa33c37152c2fa5d76076b5b6f
chr22_500_guide_493	columba	timing	measured_1	0	0.862391	0.634665	0.165717	290516	4	1fd7872322173d0504d0c832d225fc1f16e4c6a2d976d3c96de80baf41629173	8b7f11de3ad2254629636c6d8342d71050f8c150a04e6c52ecefb6984e7ab6b5
chr22_500_guide_494	columba	timing	measured_1	0	0.910278	0.681590	0.191334	290480	1	aa7c76deb8cd48c48e0224a45cd7bdd03602ef159c762b3fe3add221cd775ad9	e3b0c44298fc1c149afbf4c8996fb92427ae41e4649b934ca495991b7852b855
chr22_500_guide_495	columba	timing	measured_1	0	0.859903	0.657661	0.178103	290384	1	f428fe77b5fe732c90e6cf097e5033b3a111f46c117014d9c525ee74561db8f9	50b15688b035625445ab546462a765f18e533bf2253903249c4e089ba78cdada
chr22_500_guide_496	columba	timing	measured_1	0	3.070182	0.684529	0.165865	290552	2	46838c2c8f68dbba89a0176c89867bf08352c3cf1248a5d9e6318b1b45445edd	868ff6de1910b74ec3483a86362e5c5c44ba887c5e76ffdacd6e097d4e643cd2
chr22_500_guide_497	columba	timing	measured_1	0	0.859613	0.656873	0.159285	290340	1	95454f28187c5beb09711d60e71ffb74f1651e2307379f62112a3273597ee0ff	0ffcdade862bae14ff8a6e3fa9c66875b11600682dcdfe1c2f93f5404d7144a1
chr22_500_guide_498	columba	timing	measured_1	0	0.959875	0.641421	0.181150	290540	2	4bb6e4f08a7316ba26ec3e6f894f79070071b55d78d6c1605a50035d0a1d9c79	43c575a7c9c47d3164a453eb851e84a8842b01388a4b2fe7c9503045ddc887e0
chr22_500_guide_499	columba	timing	measured_1	0	0.909106	0.634214	0.178391	290448	1	589cde34d9ad5d2d4a86bf9cca125c4004811a2581e714cb750bee2e730c7362	e3b0c44298fc1c149afbf4c8996fb92427ae41e4649b934ca495991b7852b855
chr22_500_guide_500	columba	timing	measured_1	0	0.911748	0.664485	0.192716	290504	1	5a188d7c26c71afb1012046744a759f5adbb290bc704ee5eddb49329116e1309	adad44ffe01ececf743ffad589f29e88568d9c6c773333064650cb8955fb7b1b
chr22_500_guide_001	columba	timing	measured_2	0	0.961766	0.662509	0.226859	290396	1	fb6d3b27b6d5d6a0e129f7ff72c1498333bb402de3d7b91037e5fe223d923f8b	7dd0ac5af4f805444d705c3c7e54a22be911e8a63e66a31d26cc26b63cd32d01
chr22_500_guide_002	columba	timing	measured_2	0	1.014195	0.747836	0.207962	290560	1	4f84fd663e530097a356f82b2c5a0458e090b9ebcf5c96fddc5326573df955db	c80fd56fe992a4b4f0caa221566cde42c478c3ee04be9a77fe3d27bd878707e5
chr22_500_guide_003	columba	timing	measured_2	0	0.911628	0.659604	0.190454	290476	2	c788efd23026646b4da4b4a94736bffdb6646d5bb82e63ef3b54d008d2d7f496	5e6212673189b137868af231f3f49365db18929fbdc4915f13b52a1622522dba
chr22_500_guide_004	columba	timing	measured_2	0	0.860080	0.603716	0.183807	290640	3	41a9ef51e83a95092df6d34278bb584d5cb81e4e5c965e87236e8b76ec966547	81e7da79c5b1e4692fe9c4cbbf1d61c2d05c9a381fd6e6ef1dbdcd870c3850e9
chr22_500_guide_005	columba	timing	measured_2	0	0.857927	0.614227	0.180453	290316	2	5593b98c2493a0b88e42eaea42b482a194969227858e2af4912bc01dca9ef454	5f0a8051bdb5fc6d3783fb70b09861683d378a6991ffc357c34297cbc812f16f
chr22_500_guide_006	columba	timing	measured_2	0	1.210158	0.824613	0.229888	290908	5	985223b6d62b5d89d90abb3b6411baab1ded4c027e524fd04733e3e131a2d641	d63df83b6ccede275655acad6516c498f156031407b4f5232c4704bd19578ab1
chr22_500_guide_007	columba	timing	measured_2	0	1.061140	0.713937	0.178960	290564	2	56a8fdc6b10b61e89791b719fe5bae29758da62f5f0e9c2390a9488ca443dead	a104212839e62ffcd71ff2763b833b58e738ebe0a14d5d021981425170823976
chr22_500_guide_008	columba	timing	measured_2	0	1.212307	0.835797	0.201388	290776	21	f0937d09b482433febb72a3aa2951bd7a1099c3bb5c4e6ae5d7f40f51dfaf291	e925e6374c2b14f26ce352338d241501af5403cd20c2f7a0a66a7ff0957a82b9
chr22_500_guide_009	columba	timing	measured_2	0	1.212008	0.784634	0.259556	290576	5	120b985faeed3306e9c571ed4d15fd8c6e6693c215c811d99b5c36f8c8076653	acb1622676a14415f1babbcc14949666303bc8e297e4c7628d42d8f107d18cd9
chr22_500_guide_010	columba	timing	measured_2	0	3.475172	2.079921	0.519630	291288	47	43224567f7eba6981d50ec8046572b589274362dc062f422a9ae08d570f94634	d16c61eb0e874277dd9b6352cdad67e3ff1bd71567db70cb17cdbaefa2e398da
chr22_500_guide_011	columba	timing	measured_2	0	1.263700	0.813583	0.295138	290308	11	d296aa4b46bff4101d52cfee7f82646354978bc26bfed3fe31b8e121a22208a1	4765d3675054ef1bf78cbe216da6eb980cf13419953f3c26f44f43e84a14f024
chr22_500_guide_012	columba	timing	measured_2	0	1.160858	0.789440	0.195149	290528	1	9e5ed8cdd1a37c75d6db7090a6f7a31471034f3cd57ca5ee982877d1f71ccf3b	cefd0459f07490ae6da131274d83625a67d7ef573c93136a6f1146f4dd918e50
chr22_500_guide_013	columba	timing	measured_2	0	1.162847	0.759798	0.217815	290272	856	ccc3d3b80ed309cc947744aeb419da762bf360cf65ee8f19caf6d89ef8540bb4	a0f43a78ac495168b63dc33958a840d4b629f46bd21e5ea36ebe2fd81ed8e956
chr22_500_guide_014	columba	timing	measured_2	0	1.916911	1.181813	0.393353	290592	11	8803a6adc2a8f578c3cdfe7bb25133f44e1f60a70f7ca0d891a2ffb9db407b18	6f1bf2e9bd839a6b30e0a124f22fdd85a366595ea3291e0d987f9b93f298de90
chr22_500_guide_015	columba	timing	measured_2	0	0.809689	0.511144	0.195681	290460	1	25f71f69affd98f6790d4162f2184eeae2794ef38bcf6e8c5338d710759c2c15	06b30ec0d7910a63f7d2292f5cfbdd6a8e44d2cbf8113e86a75b48cc972e36ba
chr22_500_guide_016	columba	timing	measured_2	0	2.620121	0.637918	0.160684	290520	698	70c7013ed568af038792f61db3c52997bbab937ba201d2e90a46b72c1460e639	ece699ac28391d94a6ec87accdeea6d1147778fd407407f27eec4d0d48e2bc36
chr22_500_guide_017	columba	timing	measured_2	0	1.563066	0.947885	0.273697	290652	2	4248427dbded810ba66778f9ffb9237d3cb4048cb1d18ccaa9abd4103e46073a	aec793715f83f68424e0959a284d5702e794d44408c327f3003be5e143a800b8
chr22_500_guide_018	columba	timing	measured_2	0	1.161682	0.765780	0.206665	290632	1	691ce0260ac4ff8426decb079b6ec2efdf4680b3abaced64e9143840bccb9552	a4c7fcea839152b57f9d48000d08a15502fd89d0fd27949928e5d265dda849b7
chr22_500_guide_019	columba	timing	measured_2	0	1.462364	0.953044	0.323496	290268	8	e03a7033d0162ff6a605616c96ca00ea7b7904cbf3a5f8493a93365cfea5b1bc	15f25acbdf8bfb8293f4fc9cf0496b3aa5f1e5474382dcd2e82c567e5e7f1610
chr22_500_guide_020	columba	timing	measured_2	0	1.310839	0.829295	0.269741	290636	3	b71b185c0c0d8f062ea12b64244f82b762d258f6d6b80620ea045f6635bfeed8	341656f796398472fd76cf9aafd4c36c341f2daf617841ead43636d2178e3a54
chr22_500_guide_021	columba	timing	measured_2	0	1.160711	0.792975	0.235834	290700	1	2b073fcb4a2bd34250518b2ca167b1ea129dbf14264dd074ab7fc34c8f1ab035	a7db212107cef71a26aa53d3d139c0d5c1591ed3aa3107f237fc891c40be9e11
chr22_500_guide_022	columba	timing	measured_2	0	1.264162	0.835903	0.308142	290156	3	5a62cebd8293e901a67b59a580cd404a0622d4a1deb300c572d8af96bb45378c	dbd8425f007c95a24898b8e8e47372312fadb8c87e84638b27aee21b872a6a0e
chr22_500_guide_023	columba	timing	measured_2	0	0.962424	0.640814	0.253463	290464	1	95686fb2b7a30116b7ae2cc467351eaaf4c6f25cab6f6b7bc6dcc05f1c409532	011f515d83cd8b0bf4648cfa3d329bea0cb2939a7aabcbf319c9ccbd2ece994c
chr22_500_guide_024	columba	timing	measured_2	0	1.060847	0.753009	0.234988	290088	116	5ca9fb42f42af2b7d2639b38b690f8b8b82cd56462d3e1a68b682cf15da128d4	1fa60f2e3d3ac9e78ea8df10a08f27d9e59a718b2288557ff5610af51acc316a
chr22_500_guide_025	columba	timing	measured_2	0	1.010223	0.669116	0.180070	290420	4	7ab401acb4940e90d7c62e98e0a345dceadb56ad9ea595aec9c975332f2a9735	c8913cf3ae2a292d6f4e97bacb81bf983025bb19f372ea59b2c58afa3bedd53b
chr22_500_guide_026	columba	timing	measured_2	0	1.460425	0.940361	0.275762	290832	1	92457b8eeba549253b9d7c8b508cd2a2bbb6eadd76da9e74b1cab96a0815447a	8f8b24b361c9c11f9eec6853fe385ba0823d490b61f93bf6440b129613bb495a
chr22_500_guide_027	columba	timing	measured_2	0	3.425396	2.038602	0.467310	291556	125	ca4e812261e7b45af70d16aa45e5ac1a6457b1411b983cdd507f599e1d4a5998	8a657e6a2409a30975fa9fbc01342820495a71cd2a0eba5e7e03db7c0051b0b4
chr22_500_guide_028	columba	timing	measured_2	0	3.425446	1.992176	0.508750	291660	4	b8cc43f743b2bf2f0e12fa535de856dec45a7e724e169b206e17e024502350b1	9739780944683faaa4ef3f313f816b862f341378b37d0ab5c6f2f11c524f85ce
chr22_500_guide_029	columba	timing	measured_2	0	2.267034	1.442837	0.362248	290948	5	0a560f9534d41cc31d885f88b25abf26643f57d60df57d0bd9feb9ac59f57094	b547291a1806d5b9e74f3ef16f67a4f22f736c95fc8af256ae72985d93453b4e
chr22_500_guide_030	columba	timing	measured_2	0	2.570080	1.794186	0.282918	291396	3571	e50741d945656044fe5956a7d76cc5cada1c7385a3ebcd1d0c71f4461cfb87ba	a4ab0960aed0097b959ffdd7cc0606bf634d4e049dc8c5d83792e827e9ce5335
chr22_500_guide_031	columba	timing	measured_2	0	0.910030	0.619144	0.173876	290456	1	449eef586702df92b06ca3e4fc18604b620a552314243ced02a516e616f3adcc	006e92bfad32e647c5aa40870ca72fb1a432ddd8c5b84d1af74547ea0781b3f6
chr22_500_guide_032	columba	timing	measured_2	0	6.396456	3.548206	0.911953	292936	48	636d1d61073a00404325c289b2d0143cce292f3bf74ec312612b98efb3f0f11b	cab8c1e914784bfa7f924ac4abe5f8a944b74ebea08067ec9b3584a30c8907fb
chr22_500_guide_033	columba	timing	measured_2	0	1.764480	1.032468	0.283503	290704	77	4ed0f166306be29e52512f6850c1b990c122568bfe38464c457a9cbc3cafab14	501f5c6c5e8d62ad0a7602fffd723666195a02b48240223d6a623d2bf75bc9d7
chr22_500_guide_034	columba	timing	measured_2	0	6.344777	3.546500	0.953588	292752	25	4b39890b56cc1d98e2aacb369882f1a3ce830047f70499203c17c996e921c9c7	52a85472f77b7cb55f6f441fe4c1074d20fb8747c01686dce7849b5dd4c09389
chr22_500_guide_035	columba	timing	measured_2	0	1.212631	0.846771	0.265917	290480	18	da00fa6414408e1903c2b2b30d17fd03d20d9c215fd38adba7e2c17a084b29d9	1e6bc9e523160056aa05f9eaded58d3afd764e3e8fa2241d892da808f051c7f9
chr22_500_guide_036	columba	timing	measured_2	0	1.011509	0.668413	0.274490	290484	6	83eb0f2428da2c69bbb126c57e14b14699752ce1fdae7111b71efab6911daca6	e3b0c44298fc1c149afbf4c8996fb92427ae41e4649b934ca495991b7852b855
chr22_500_guide_037	columba	timing	measured_2	0	1.110139	0.759565	0.187201	290452	46	4e2d4cdf63efc7b59e86edd83cfbb981770f4cc0bb2799d01227d16f0dcc058f	7cbd27b847ebc6ef612fb0cf06f7a356fa1b57a00ad915633f3713428f786320
chr22_500_guide_038	columba	timing	measured_2	0	0.909692	0.616451	0.177823	290552	70	2525d9e467b0e235d87fec363306eb39498ebdd905157b97f69a01938142d417	587b33ffa851be62124e858db10a3ce0555e1fef7b9faa94a47115a7bf569d6a
chr22_500_guide_039	columba	timing	measured_2	0	0.760204	0.496044	0.181923	290324	74	ca01ddf784e6ee664ff89e5427a71cda8754aeda3e434fceb8b5ecd52ef0f5e8	65136300c73d472f653a9971b93a9155970c3ef33635aa71744bbb65bfdff222
chr22_500_guide_040	columba	timing	measured_2	0	0.858383	0.620152	0.160840	290412	500	cdf7d3055b3d3eadab6e8dad2f8344fd26c02ae1b2f57d2bbf3296d80052f0ae	7005652609a5fd5509a214b3e6e4593fc3e635032e874cdd44547b3492300542
chr22_500_guide_041	columba	timing	measured_2	0	1.665360	1.098740	0.336134	290644	854	8fa374939158321bcef340c0ec1955ceab1fe6fdeab1750b48cf2fe0ade22e46	192ac3ce9e04d55f7d461fb998032e3d94c685e88121641962faa0b81a706e03
chr22_500_guide_042	columba	timing	measured_2	0	0.860291	0.602085	0.207528	290324	1	0ee48f543136d09a143c4eeae676947d7744ba356f6b4522be723210cea49fce	96aa285bfe31edf4b59fefd59745369221fe1cfd86d1d89d9e299ebbecc9603c
chr22_500_guide_043	columba	timing	measured_2	0	1.012228	0.694629	0.234143	290524	4	958d7bb0d2bcce37cafabe02cb7bcd2515a249ee7abef00a06c7ca69afbeddfd	b26403da3df85946d6c7931e54a923877597a6d21517a6786edcfb4f3a684c5d
chr22_500_guide_044	columba	timing	measured_2	0	0.860237	0.660108	0.169471	290556	1	eb8670fd9176c26562fa7d6753d0ecafbdbc18ffce8eb47eac0ff7f21eaee174	91bc91d3e82bafb72df10498cb20719d4fbbcf8bcae1f2aff5ee7e8b2e81f65f
chr22_500_guide_045	columba	timing	measured_2	0	0.859907	0.619184	0.186832	290560	1	ad510f2f6f517e85da1ff1e3e334f60ec412670418ae765b20823bba1029db1c	481c073f9e8e7b28d642e3f9ccb7de275626f37b02ba6db3a34ff5dd5ac1ef2c
chr22_500_guide_046	columba	timing	measured_2	0	0.859494	0.603345	0.190041	290472	1	62be28d44f2b99ae8760da16dcf99d46c01d6cf9dde0f8c55e0864390027fe60	0efc47989db451bd82c6d222d9d9baf3633278485b4492d3ec93bad2d774cc1a
chr22_500_guide_047	columba	timing	measured_2	0	0.960874	0.667502	0.189644	290504	1	a0a592f68ce5c632b25a6bbf8492c14534157794a49dc98dee9ee564e3ce0f58	81fab08e13487c6873e044311f8c609f42e6635a25006525c50c37d602ab6510
chr22_500_guide_048	columba	timing	measured_2	0	1.112164	0.789014	0.192655	290360	25	bbff78e8edf6476d0dd0cdd76f512cb705b72cd1e357220e1a380dbd5cb5874e	8283bb72468ef0f7298ae906c23d010c0d48c6574a33364a533179130f8c4875
chr22_500_guide_049	columba	timing	measured_2	0	1.010048	0.697156	0.208734	290624	40	44d5d6b7adfc0b35b70543957298439addcdfb050de5fb338e6ef8bd1e41df5e	1600c692317c48e8297093e9cbaa20fe89183be3f06ab88905f98e37a6794bb2
chr22_500_guide_050	columba	timing	measured_2	0	0.758825	0.515121	0.177263	290316	21	900be0709880b5503da9492a11b7d3aa93c10e3913a03c74b99aed465d1b2a2a	7bbe3936b44fe9e0e516ce71902e1484d852f4eb2a095393fe3a0fdda5ff65ae
chr22_500_guide_051	columba	timing	measured_2	0	0.859760	0.611588	0.180978	290460	22	841db30991dc46ac4de30e5222f01879ae98785e0c882c7709a8449e78a2a38d	e3b0c44298fc1c149afbf4c8996fb92427ae41e4649b934ca495991b7852b855
chr22_500_guide_052	columba	timing	measured_2	0	0.908987	0.610496	0.180993	290460	21	ec592648254199539685feee5357d093e2e1ec0b8ee82c9ce1e89057db95c2aa	e3b0c44298fc1c149afbf4c8996fb92427ae41e4649b934ca495991b7852b855
chr22_500_guide_053	columba	timing	measured_2	0	1.061170	0.624580	0.185556	290544	21	f06dfd6c22b697d7740aae04db98ec638592c858c0cf82fc80f657832a3c522b	e3b0c44298fc1c149afbf4c8996fb92427ae41e4649b934ca495991b7852b855
chr22_500_guide_054	columba	timing	measured_2	0	0.959877	0.695638	0.191012	290196	1	08105a1cf5d022b79968633482eaa3ea3e17f900fbe591f469112bf46a5ae873	ab023f194a2c2b445057a30ea8dfd693140a577a54a9ab170b8bd40a7acd2110
chr22_500_guide_055	columba	timing	measured_2	0	0.908466	0.651065	0.174673	290604	52	ee56b9e2db8b0459e41ba989c4df5510d5aa569b082d2ccdc6a5d68cd6f152c8	b93330407da42bb71ce92d3f3847868e7c7301862e17aa228a7bc96970700a12
chr22_500_guide_056	columba	timing	measured_2	0	0.909915	0.665208	0.192317	290396	34	7a8c20e2ad03e1c7a443c73dc7732dbc6caab9afc73080eb6863402ddda119cb	f08ced51ac504f9f498d2c07f3b62523b630cf3a141a87544bc45c9877f715e8
chr22_500_guide_057	columba	timing	measured_2	0	0.858632	0.610467	0.177845	290636	1	75ea28648a2a653313216f9434a7a84692519cd4e1edcee69b342edd63c5477e	5af05998d4bdd35640268a5c41ffa8cda1ebe9610686723dfa215e5b2a08ea44
chr22_500_guide_058	columba	timing	measured_2	0	0.859540	0.578529	0.203755	290268	8	9b00eaabadec78eddf839955f38b2c49038c64b495db9fc7cba00a4c5b16c2fd	e3b0c44298fc1c149afbf4c8996fb92427ae41e4649b934ca495991b7852b855
chr22_500_guide_059	columba	timing	measured_2	0	2.064055	1.228801	0.323499	290764	37	11f27a826a355fa1f1b4cf5db1886f96dd2a2445e36fbe85ba0cb0c6b5f53500	ed584ca0d31fe15ec6ac2e353da94565c9b5e1d45192dbc504aa1775a3d088c6
chr22_500_guide_060	columba	timing	measured_2	0	3.169750	2.034588	0.421173	291408	1411	58268b20d8149be3bee94e14e24bd26143e0942b90d25fca95b6a8b0f7ae15e2	9123c1e6b8d3c907be13f3dd16131f8c3a09dc7aa5e3e2336635d523adfbe1ff
chr22_500_guide_061	columba	timing	measured_2	0	0.860163	0.625698	0.171758	290524	10	0b6cbe7e12be9458ae6e3bdc2c573f51f4bcd0d98614837918ef154c942b9d76	557e735046b33292f2d66bab6a148c1ac3011aed4031b55c92d053fb13a5949b
chr22_500_guide_062	columba	timing	measured_2	0	0.908765	0.572207	0.182584	290524	1	6326b7c857afa096b6327c79b7e53d81695f794da0e844e646896ba73816ffd5	cf5a6cf93ad71b7047d7fc29c8f41b306afb893175dc32638a74932fa5895a26
chr22_500_guide_063	columba	timing	measured_2	0	0.858361	0.619092	0.172340	290580	3	14d007c41b3efc0f49a5e3c8b2c1afbdbbf6448965f329277343a75661f62b72	e6ce59b275084995153a3e9c40a4958a8a70855f475daac144376dd269a555ec
chr22_500_guide_064	columba	timing	measured_2	0	0.911935	0.634499	0.165834	290464	2	09a44e214f313d41c48214908421d55f1a26ea3288be0e13299804f97f456f32	7340353120ee52255f0adcd07da68ecd20e307e0e26cf8dcb3bf773152519427
chr22_500_guide_065	columba	timing	measured_2	0	0.908152	0.632174	0.165829	290608	1	c111cd0bca51d032b97ac4b793c9bd060c5756f007fffa13fed504799e72ded7	86866744f224d38fbd2580ab352af60907685ef6da57264acbb1257b20971600
chr22_500_guide_066	columba	timing	measured_2	0	1.070151	0.763969	0.229309	290316	1	ab7135a79310941abc028089e7706255079f1d3db5459fd46b95054fbfde6edb	0b35a61d36fde4c3b58e0f595d6667831d60dbaad864caacba105b940a7bec68
chr22_500_guide_067	columba	timing	measured_2	0	1.915113	1.276719	0.303132	290948	582	b832fdc4ca648da0a03e32b355befa25d9da8b5a65775b9990c9c6f75be0471b	c70cb6520a543b13436737957d489de2c78bb07f16ae6f6b1bf79bbaf4e0edd6
chr22_500_guide_068	columba	timing	measured_2	0	0.961833	0.744647	0.159155	290536	193	18fa726a0532763a6a720243b5476e8492d4a0e21d88972a1590a5cc86c18f36	738f0679665e7cbee0e7647775b7e47573cdbc33c7d7463d5c01f8c75b0b7b5f
chr22_500_guide_069	columba	timing	measured_2	0	0.908964	0.639379	0.189097	290624	1	10798f7b18b6dd224fe51359cb5fbfe45011ce2323ed7d0f27f0e92ecda0388b	1784cbe926dd58541272a852bd2d777146a73ff0cb499126b1409ee29fe291a4
chr22_500_guide_070	columba	timing	measured_2	0	14.554163	8.040176	2.122099	297124	146	89ed8b8d0de9b02b45bd1eac76e766ef999887464e6196de09f0376c1e63ff33	5d04d31c762977eac028b47bf38f47b9a83ed21db8c020671d12c47bcb595dc5
chr22_500_guide_071	columba	timing	measured_2	0	1.266321	0.875836	0.241903	290724	32	464b4a7379a065c8f24635419036f163ac2079205036b32871edb1cbc20d43b1	45680b948708bcce80bf0f6f3afaae5bb641e75913f77a6c41343e5f163aa523
chr22_500_guide_072	columba	timing	measured_2	0	1.212966	0.834854	0.217822	290780	401	175fac6477ad65cfd4d0a3a28b2bdd07a935af4f68fd41df0b52ebf871808672	3de0ed9eb4502307a5e447c7bcd298d1bb88863dd46e7e99c29953a6709828d4
chr22_500_guide_073	columba	timing	measured_2	0	4.130505	2.369652	0.632140	291708	121	14607790ed2c2aa20854f98797286082d4f4e662c4918ba18d80b5c7cabdc3a3	42f93d194038db849260c18f78fe52cdc58775b7f60fd7a14fdf15a6b1f00b50
chr22_500_guide_074	columba	timing	measured_2	0	0.910680	0.626210	0.209244	290448	4	b8219aed6e489c9c4fa0a533151aa99c22593825075d01ea0be7b4876a8b5deb	c9eac62497ce2ee5bb32b209a9cc6da7e2a5d83ef2f591f53ca681dba5f1529e
chr22_500_guide_075	columba	timing	measured_2	0	4.422015	0.512577	0.162569	290680	1	5f1787da1d7bf0626939c26621201f9de70b2ac17f865e493ff03038a3e9315f	4cba2eea06e21c79bab305ea008dcddbc66b27086cbe6c85f7ec96bdefdc96cf
chr22_500_guide_076	columba	timing	measured_2	0	10.034636	0.636885	0.259821	290484	6	0f5f207f370a122525e81363ebed1b12d2c9ada1888dbcdbbc91b0cb2a481d8c	7def432da96c5bcbe520f226d237945ec6841180f82ffa8a41e9e9ef10a1709a
chr22_500_guide_077	columba	timing	measured_2	0	3.231946	1.265243	0.335760	291008	11	01eff103f53992e674cd4091197ade662b1f7be74e97328d4418a9fd6ab9ab89	c0edb623b2395d026ded1b0d3ea99087303be1ae34dd2c9171adbee82fe1698c
chr22_500_guide_078	columba	timing	measured_2	0	0.810916	0.615574	0.158603	290516	1	664ca84d364b11b722ac1aa282d988cb26faa580c3801fc71e980d0a2785483d	647a3c26fb0f04ad019100c4ab0390ab87ed5c84aadfe7a252bca70b1e3bd96d
chr22_500_guide_079	columba	timing	measured_2	0	0.960557	0.727118	0.186853	290552	4	afb3a2baa61d27fcc6390dabab10c0341036168166da5891947bbfcee3778b38	ff873412894078ef6ef205b13ca72e5ff12617085dc3f394412279ed33f28d02
chr22_500_guide_080	columba	timing	measured_2	0	0.911682	0.646109	0.197839	290400	1	a16a21db2b49ee59d414351e5cfc085e7f1c9e271758fd01d69580f32ad1a0c2	4dfa4eebc9c5b4f4a82f5df597ce34d51b63bda2c3f0de7967b9d4dae3d321a0
chr22_500_guide_081	columba	timing	measured_2	0	0.912449	0.716045	0.153354	290492	1	87c90ab44d2432526cac1bcee02421cabf106882291b8473d5af856bbf6654a7	aa5f535485a04a0d6548f604fa5ad48e5ff270bd7b6e49efcc24849a24737b3c
chr22_500_guide_082	columba	timing	measured_2	0	1.112604	0.782165	0.207461	290580	3	6f3c5867d5dbbd7f3b78e08e7b3300064d91c4ed629fff6eb12b41e686b01435	36b2282653998fc4b0f58ec158c3e0e6f5f7972aaf158c94c7642f14b59a47cf
chr22_500_guide_083	columba	timing	measured_2	0	3.326103	2.058897	0.461796	291164	65	443c9733648206d43672a968d8e97952afd65a9f31ce05d9d0565f64b1ea8a38	34e2228fdcbf823acbc1cf9a4520426f2726ceee2e2c487a482723b0e27f4c06
chr22_500_guide_084	columba	timing	measured_2	0	1.263359	0.844209	0.234210	291608	119	d402adfea529962d3944e928919008f9a65f3ac8e471dee261aeb5aec4192c48	6beba3a70e3f992f090fd4e796fb70b5d6eac3f95004faf026557a0a55251079
chr22_500_guide_085	columba	timing	measured_2	0	1.127696	0.632421	0.195037	290524	1	a50b7bd87092a6e4a876b6a1b30167fc798e551762ded744e8cec689a47f6f55	0403a04a2f3326b7701979e1d0c9fa547fa91ab530f8fd99c6ae2a1bd6119591
chr22_500_guide_086	columba	timing	measured_2	0	0.959649	0.643803	0.192955	290560	8	caf56a8d80186a132b4bbfd8a735de6b36912b11490c792bf72261e8e5cde4c3	050c924a95a143b2754fac5cd4c71a0d204bd6c77539986f3a3a766a322e39c3
chr22_500_guide_087	columba	timing	measured_2	0	1.010960	0.676170	0.168061	290376	2	f25a4d850004ee4c2741be2af70583a16f5f628dcdefe40556a4f787f77266ee	bd92a88d08c1fa2b3f682dc5255097cddbbd159c36caca2ecc29814711545576
chr22_500_guide_088	columba	timing	measured_2	0	1.121262	0.761388	0.199605	290612	2	5c632dfc921b715b635c61d386497b7131eb4348bb520ea4a5cd13ab53ef1e7a	23e8f4ffff162fdc2e25089c32203c22ccb5ac9c66770c9b5d4a6408cc154ffb
chr22_500_guide_089	columba	timing	measured_2	0	0.813262	0.584682	0.174262	290568	7	435669ee46eb24c8f7ec4039557ae1485d92adeba07ce04f76f3032c4dd179c5	24cd2e6a4b5650df77901fb0bbf759a30fb2ddf3a5abc4701088887f394766b0
chr22_500_guide_090	columba	timing	measured_2	0	0.808528	0.601068	0.153330	290376	1	1a674244aec8ea25c8e0b9a4c719f1dd7a3136cbd5f87feb87b53bc75bbf29fb	a57155a9cef5751288db8dd5a37d6bbc9fe9d2b69d3f0dad7f65201ee77eab7c
chr22_500_guide_091	columba	timing	measured_2	0	0.910270	0.649966	0.168511	290512	1	3b1208d36a7808228471f8be766844c38fb5b98323d1d2f58e690839f7fb8d80	c987746dab1aefd1154d93fee3ceb0b5e57c026a3298baef3bbea8273ced27ea
chr22_500_guide_092	columba	timing	measured_2	0	1.917471	1.214327	0.310351	290840	151	f000d58c8750591a2c7cb091213b22bba518d7f9c05eb7175dccfe211f9bfb08	3b7a13444398ba7ca1c4957d456aa00242fbb59bc8fc85d529e581d34e7d746f
chr22_500_guide_093	columba	timing	measured_2	0	0.808476	0.572007	0.177076	290328	1	6cdd7ce54810d5bc4f6f9e343cba7e89b5868d4aa230081223fa53049a31ac4f	dc56e723a41ad2b033072b1d35240963852ef67de09ef8478a44d1daa4a0e78a
chr22_500_guide_094	columba	timing	measured_2	0	0.910501	0.706607	0.142977	290416	29	948bcbfadc9596d923485f837f309e44ffa937d6b9b444a5fb02ea8581e87245	79efc16fa62b4f0a95cfc9be0cc611a7bf821b00bc1b0bd65bd02cad0eab4573
chr22_500_guide_095	columba	timing	measured_2	0	1.164788	0.739955	0.216882	290580	1	78d56e6029a238e55e698734f6c34371645440cad14a3a34379e3a5d6cc8429a	a2f3102c792c3df23476f6bb4758a0972129d992dbc20ef0ee3164f5f6882b83
chr22_500_guide_096	columba	timing	measured_2	0	0.959402	0.694805	0.191043	290504	1	e4df6fa89a3b0e0120f2158b3532f9d4a6e42d02734646aca7d1906347f68735	034fd5f80e41ec35f4feb3e12a1ac57998e2443d058e5e18f13ebf5ab2369fe4
chr22_500_guide_097	columba	timing	measured_2	0	0.809332	0.597050	0.181529	290572	2	58d3088e520d927bbad11c9787cefba9db56844eefd70fc7274612710d6213b5	91dd8610d687ca8fe292f44ccbc98eff7f0a64598355b67ba2671dae0642b737
chr22_500_guide_098	columba	timing	measured_2	0	1.210826	0.819893	0.222145	290324	7	e201d7cfc5ec4a9979af6c9a236130b8f36d6e0e4dcfef596b106dbc39010303	b458b467a03688a50351b56d6e3c449c56ad4edc944351aafb91ac49def2d89e
chr22_500_guide_099	columba	timing	measured_2	0	1.062848	0.726576	0.215527	290596	418	e0c841ff70caf229925c42271dc89b4f97cfa520605d74e679a65d4a270624d4	3cf35464a1122905c66fcae5b1d5189b97f7967d4ebdbef8403b1ca3216ec463
chr22_500_guide_100	columba	timing	measured_2	0	1.613520	1.027185	0.295119	290796	7	6dc27402611c5897094988dd29db1a7c81bb640bd33c2bcd2edd331da526f95c	29509256720ec18e82b0ffd96d83ff775c438ac7ef60fc85cd049054356df38b
chr22_500_guide_101	columba	timing	measured_2	0	1.060992	0.644705	0.204846	290512	6	47e1fdce9aed179ae91336af9f3427e346b81c1516b1506ea44c7ac44e50a3cb	92c42033eeeb9aa506c0bec7fdf1104d0c3777c474f85e85480ad8d5dc7f7af6
chr22_500_guide_102	columba	timing	measured_2	0	0.963826	0.688723	0.170072	290404	8	bc012fee47aabb62fc68539b6ec0a0735b880c5eb93ba880cdd2894a791c62b3	64de5f357da6591a46db8031cba7625902901ade5ad96b163f45ddfd462aebe6
chr22_500_guide_103	columba	timing	measured_2	0	0.758929	0.546342	0.145526	290496	1	70d3142b6438b2233c1a63a2ac833233a13a2d75bf75339f1fccaff2fa81b453	d56d96fe98b333f362ee9bd6376532e8bc00f0bfcb42456116b5b2cd748bb70d
chr22_500_guide_104	columba	timing	measured_2	0	0.757222	0.513333	0.163287	290476	1	1a566c323545c0de5dbd25e42db62374e240ce4299b47e835e757a21598da936	08d20456f53b1dc81a710bb71d2819d8895a5e6fcd98e7a7ab7756dc0f4cbd8d
chr22_500_guide_105	columba	timing	measured_2	0	1.613024	0.807590	0.208386	291124	82	6f059c4e0726c2fa1884434f4f975ace5c96e3d6c6b37c77b4364307c7aeea84	c0bd084dfe927a47b34af71cb0deaf32edb03482ccc22ac6739c89c80863d4eb
chr22_500_guide_106	columba	timing	measured_2	0	1.062913	0.752646	0.213168	290648	19	cd02d79cb88b58688e1a381cb9a027fc12e8f2c8ba13c33dfac7051358dc3aa5	33a3e9ab5bcdae1fbaad18fea1e55b76f8450f8567f049a34fc88646e0393f86
chr22_500_guide_107	columba	timing	measured_2	0	0.960816	0.676253	0.222660	290168	1	37774d4819ec468762743e89b36baf9deaaa8cc267fbe9bd5aed95319efd242c	1746dc10e1af88335e4a12e5a7eb1b37aa40dc243ef6125524e365e80bcd8cfa
chr22_500_guide_108	columba	timing	measured_2	0	2.924849	1.747524	0.429810	291248	1	6b72b7d58a6bb9700568183d8342e8f3bc79c45ffa1f7e46c161effbf9985c5d	1bdc42a6859b8b52c1db369907a7439fdf814d31ad0591c6948691ed396edcd1
chr22_500_guide_109	columba	timing	measured_2	0	0.961017	0.637840	0.203374	290632	1	461291dcaf2e80e2a23a63e67f89a5c96faac00ade45a6b2fbf5f72f52e4e359	5f6cf12d24efc302c0b18feb3261423ab8eaf500a0ce00eaad330309e72d69b8
chr22_500_guide_110	columba	timing	measured_2	0	0.708719	0.505921	0.172496	290480	3	27bec362626af993604055a79ddb94b53597029f4bc27af25949739b8d89a154	856c1e604acf1d18e0451c19303335814fbefe1662bcd31770ac6fbd63b99f21
chr22_500_guide_111	columba	timing	measured_2	0	1.058850	0.739396	0.226892	290492	128	179bedd0173a0b747757db4c53a52508aac9e4581ee9bb1f9aacaacbb5eacc88	4c72477b8ccb96aa672d0bbc91a353c395ad47db86ef2da8043a34637674b8fd
chr22_500_guide_112	columba	timing	measured_2	0	0.809642	0.597873	0.185300	291220	1	85e8ddbe1f41d07d2fccefdd6deb60b8cfcf17a64f052215c84a68e7db0e8e8d	00005e9cafd4a8cb6f19096d8e9d54632eb6e89875c5030196a944fd19e92013
chr22_500_guide_113	columba	timing	measured_2	0	0.859578	0.606626	0.164533	290512	149	5664c285cf2f5ae0137ca1a22d1cb40e7231faecf6a27ae4223e67a75ccdd033	94dca88f98f958fa1bf19db4e20642e9042142e03f3cac411aff6176a087ef1e
chr22_500_guide_114	columba	timing	measured_2	0	5.171140	0.562003	0.172546	290432	2	e99f1464fbfcc616cef25166c640673d4d2c6afce038f7bef369c4bf5c6e0046	5191b50bee9c5d1e030d6bcab94554cbe0961661f1dfd7d8bdc4c6696e1b3586
chr22_500_guide_115	columba	timing	measured_2	0	1.414103	0.833891	0.255772	290468	50	01ac7302e9a199c7d238bd19b09ca939f8fa4847c9f04e0179d582f6c398c3d7	46de4e2c695015b0cda6cde7c4d5a192765539cf7ca9b535b36b5be39d0e618f
chr22_500_guide_116	columba	timing	measured_2	0	0.909785	0.583784	0.202240	290568	15	2c3100dc7c5e040102ad698cc36b85dd84a89471db4410bc85aa8535ac672828	10c4a9caa0af0e60d557e748006ab42c160e4f100b7e5d1bcac1c7a205f9e803
chr22_500_guide_117	columba	timing	measured_2	0	16.252766	8.567866	2.357332	301824	3335	09dbe95198ae57879a9ba57ad4c855a45956a0ac2d97e2c6002e6651f7e06ddc	090ac31dbde80cb5241fae47410a81ff6d12c362cba45acc52fc695ee6ea62a0
chr22_500_guide_118	columba	timing	measured_2	0	1.162196	0.769732	0.232245	290924	2	bcee63120e7a1ad9985f53ede79aec2d8e27e6be8190904374c9bd2675cce1d4	20e0d047a90eb941c28e7c3eadd3682e2d2baa7519ca17df715655ce2d25a138
chr22_500_guide_119	columba	timing	measured_2	0	0.909941	0.710060	0.176554	290616	1	4f436688014fdfd449b313b2c3b687063981e5e245571a9db7c8a5711487b353	e68dade42491d3ddd00a5ea23d9612e962e69a59342f84ff18b674ac32a011cb
chr22_500_guide_120	columba	timing	measured_2	0	0.960048	0.643533	0.198282	290492	2	ecc4ab1da9f54fe98fb3daf081c50f8ea2bc6926d495e1ff393f5acdd6c088ba	f833aa958a5f495183f5e033de42f6d8afe91f350e8ce2ca33fa066375294a37
chr22_500_guide_121	columba	timing	measured_2	0	0.809085	0.574243	0.192423	290604	1	9c2d6c2960fe78f86540e1be27182c28b286fce8b9592387bfeac03889c6dae5	2704842ada9d3b25ab43a512905eaa1dcc85b9bcbfe559d667b7abe3b0e51ad2
chr22_500_guide_122	columba	timing	measured_2	0	2.319684	1.364553	0.427191	290712	101	e1d81e7c216feb9f8c237c0eedea03fa224a1765de1eab7c995bc6d566e9f684	fa2962666f6ecfea439cb94a57f945780bd0bc50d24174783c93c173399d6001
chr22_500_guide_123	columba	timing	measured_2	0	4.228684	2.691887	0.566705	292312	3309	2bcf3c36d3005ad0fb22c942310e9ac2be633eecc1be15596d48b67e278c7fd2	bbeec566678f9402686af8dfc82c742950a8cca1a8132401323a9ab6a130af25
chr22_500_guide_124	columba	timing	measured_2	0	1.013422	0.733898	0.204833	290424	2	7ddcecb77c47003c6c62506f5862a316222350a1edaf66e6e74fcc576be502f2	213ee66155794bcd4dee7a5fdd1bb0ddbe438f8dae8ead99c8735a54676fcdba
chr22_500_guide_125	columba	timing	measured_2	0	1.819664	1.184693	0.265679	290612	8	492725d20fe9d5db2f1a91b2b31a147e495881c5f222ae8be30d996373d87e6c	e298661cf0d8d1d5fe7f9c04271caba45fbbdd2766f8279fa3a0ee1a9b98f4de
chr22_500_guide_126	columba	timing	measured_2	0	1.061510	0.703344	0.222891	290676	1965	57abc546a36dcb61b89f5b1a7615a43135f0663d7af96d10fe70563776e0fedf	d6d0d8ebd689ebdb64d55389b0665e52a54f191a330b356a04014bf858fdbcbd
chr22_500_guide_127	columba	timing	measured_2	0	5.479477	0.970970	0.254215	290700	19	0c012868d6ea02fcbad0e3f44baa2a7e59ef03fb923ef2aa79007230f065f303	fc37767c92591ebde142bbb7c381093addca59df9d10e9e2c0f3a2dfb244573c
chr22_500_guide_128	columba	timing	measured_2	0	3.922492	2.308865	0.636233	291832	64	74ee2057f2511f0387c90decf264283593386e47d9b30347bc9921ddcc60dd17	24451543d4981af6965232fc89a42aae084c85b1effd413db55357f5b81b7551
chr22_500_guide_129	columba	timing	measured_2	0	3.427623	2.049094	0.549475	291544	10	5b798c4a833c3282797917b94896aef3977cf41a458001ef733fd63ce7846a2a	e2d71aa9677d93244afb220e9ad4d0eeb027015c8cb17177c33f4531c994c25a
chr22_500_guide_130	columba	timing	measured_2	0	1.866209	1.081188	0.335799	290528	2	6e3cc36326087205994258d05cc6383f0331f64e9934e6d84278df7c8484344a	0b8fde13023a2b3c026bacf0028b8ef013fe38bf3af8ee15d477b60359337cc8
chr22_500_guide_131	columba	timing	measured_2	0	2.820108	1.490190	0.425470	291060	17	9027915187829aa16b01814f987b1fd968ceb48e039fc731fd85db554bd850e3	f752d6a5333e2ad041f1cc05dad3748dda89c363ec91dec6b7b4078c7dfc1648
chr22_500_guide_132	columba	timing	measured_2	0	1.515256	0.822926	0.313205	290632	6	42b2a134cfc954cd87ffd6426dc37df74a73fa54f3fd58ece8830da40829a184	1602b2b202fdd2e87bc1dfc8829793256dd66997dbdc1d5c0e050d35db9f46aa
chr22_500_guide_133	columba	timing	measured_2	0	0.809481	0.525846	0.215052	290356	2	a7610eb051e87a34826545d10fcf8102943e8611a97a657a33ec94ff2afe4c13	ca6032de9107568e011efa775fb138933bc1f4163d835edc39d12e948093dfde
chr22_500_guide_134	columba	timing	measured_2	0	1.614931	0.962414	0.253456	290764	1696	15ea75d1d388292df50a24ac69adfe550bfb71904110cd0f3f81f7c59be4ee94	461b5533971da140b4a6c079f8a5b080d14fbb71d9e6c1d21ffdd13fecf6c595
chr22_500_guide_135	columba	timing	measured_2	0	1.616462	1.022126	0.290553	290824	5	e3c84bb32763d301bdf52408bec52cd184e7bd8be4a2143c3dc778c2162283c8	99d2dbfc79b13a73ce69b6c42d895375d91c3c4527abeb63763f16ddd615de2c
chr22_500_guide_136	columba	timing	measured_2	0	2.972144	2.029923	0.373146	291720	3244	843e4bf4bac6ae869a0d929408d3185ab9e833a359a6f9e5ed8d66b4855b2395	f4e18f51a69fef0720ffef6a755858aea2f69a7e050d9ee155ff89a549e655e2
chr22_500_guide_137	columba	timing	measured_2	0	3.174156	1.852628	0.477756	291460	3	6b10b91714e2739dd197eb1b59d225ef355dc4c88c17eaccd81edf4c2ea2cfff	2a9d725b28c38d6308814cd7b80df45337c0daafcc80fe2958ec66eb320e7f68
chr22_500_guide_138	columba	timing	measured_2	0	0.961735	0.713144	0.181699	290664	2001	01e49abccf673768fbd38172e9592aef60a9ffa738fefa147d463cc2893ff852	6ab1cb25283fe19a6bfd4fcd5c48da2d87969a73970cab771254caf7f66a6287
chr22_500_guide_139	columba	timing	measured_2	0	3.377478	2.182931	0.416628	291784	1993	3cf03761da568a4e8daf4caa89db6161f78870d15f4b918b5510eacf8de9a23e	95a4147eaeab6638de1bb677be3761ec0478fd70c786d342addd9843fb84b313
chr22_500_guide_140	columba	timing	measured_2	0	4.331167	1.757255	0.270038	291544	2011	f82cef2df3ee74e16d91c05357ecf7567d84cb3c01dbcb249e2f6304c740c14f	33f330c2f1bca1655b750103cfa6a205079f9c4bb49c68c1f273d161b217765d
chr22_500_guide_141	columba	timing	measured_2	0	1.663903	1.058173	0.274833	290696	1	75a2846e206ef232a498051fea8840d2d310dd428aee04e323c3edd7213c8c13	99fff3ae386ed52f110ea41df18431475a304ec7248ddf16a4ce01313ad5dcdf
chr22_500_guide_142	columba	timing	measured_2	0	3.937673	2.737210	0.471322	292252	4003	f7e84528934babfe1ea46853ec6630ad9df5ed2bfec66985bf52bf280bc73fa5	7e11ccc183dd40fa26a40ed9c27d9a5a563f8c9ad4bf2f65e531900197b4e234
chr22_500_guide_143	columba	timing	measured_2	0	1.264382	0.859359	0.250403	290760	1862	023a0db1667cffab02ece840deaeba274e313dbe75e80a569d4eb1e108049a70	d4e0a36311e4ca8e67b4e69d062e253606ee8ba50c03ffb98d71774fa810bdfb
chr22_500_guide_144	columba	timing	measured_2	0	1.161531	0.873333	0.192518	290776	1885	117a882249c4d29e07ebd186a6a128effeb9154b16a9781f10cd4dc23f1f5fd0	1d2a90805309244de19406e143619c863d68a7e1c9e30f6bc749f76c584fb153
chr22_500_guide_145	columba	timing	measured_2	0	1.412045	0.934848	0.214846	291480	4	da2dbc6e66e71196244c1da928aa00a4263158dbcfe56f5677643d6b0131921b	51557a7bdcefdd601a7a5f2190dbfa5fc2f369a128c8ec29ad4d524e42bab353
chr22_500_guide_146	columba	timing	measured_2	0	2.973263	2.064754	0.401830	292024	4326	000f8210c302c2a43a1cd9ab4e4aa08d0df3475a7e7bcb713eb9aeb444996bad	cf3e450761193bcf7ca9a98101974263904078120a69ffc169b7bc969c93fef7
chr22_500_guide_147	columba	timing	measured_2	0	3.074710	1.933294	0.456671	291592	38	78174f6f3be7f7ee5f2b0f1d7766286d9befd7bf5b0a2d740bbcbc3ebec70334	289310efa617ff178e40d0f970fe1a8f40cd678aa4dbe28b1c2c915efc711407
chr22_500_guide_148	columba	timing	measured_2	0	2.369979	1.648764	0.337316	291260	2155	d29f1e6c8cefac25b1c219eeb22083b707ccd515357f995e1d890f815157db21	2438973516059989d2cd3180bc4fb2a1b25b52a873009a27bebbfc598f668a22
chr22_500_guide_149	columba	timing	measured_2	0	1.766448	1.155954	0.242941	290752	5	d858493a5129d219004e374ad1424cb6a476e79f56c71082ae1af306e90714e8	248007e873334fa7965b0796522377d85d43543acbdc1cea7f29ca78f33ba147
chr22_500_guide_150	columba	timing	measured_2	0	1.564140	1.037502	0.228597	290676	42	0c54270dc6f4d33feacaf871c5ad498c7cabae46048d5c2dc7a19376b59070e7	b07edbf1715a11f190387b46d509f48c71969bc830b814f31976577533d78f78
chr22_500_guide_151	columba	timing	measured_2	0	4.632347	1.106666	0.307507	290908	1	fe055a246254f30d7a48644133f08b87ee38c4ed785e2b38b800c531c83c0410	153d63b2c826073cbff44b772399d042ef1ff8785ef237dc4e4ecb96060c6768
chr22_500_guide_152	columba	timing	measured_2	0	2.968876	1.870501	0.417147	291580	2048	17a6ebcb965cf7e38e6e8248ccb386749379acfb5f0ef48f1e844948c5befa13	86065101842632edc531d81d74b12a3bce421d4d518ee19ccbe05ccf06bcdeee
chr22_500_guide_153	columba	timing	measured_2	0	2.876804	1.733332	0.485292	291104	2	5d5573821365e7bc8b578e4c8587ad85cc0ce7e73cc826859074ffc07c945a42	6d757fd7aeea9c62de2f65f7620c111ca2fee818c410d59cbc0beeac17789d75
chr22_500_guide_154	columba	timing	measured_2	0	2.120726	1.350207	0.362486	290960	60	b9c2affe3ac6d19a9031ad5e42eeda24beda583261198c9ef3b43ab332b29d28	6e40502ea002e16a975f6fb36be7f00c6ec6edbbda7b7ae9c3a2e276f8a39e36
chr22_500_guide_155	columba	timing	measured_2	0	0.758294	0.549985	0.146178	290412	1	d7747e0db2e88e56e4a3767f47b5f9029bd6134aadc31b795c79eff5e14e67b8	8f6f6c16a65d5f9e1097eb9ca3d75e79581c57f1b45038f1f734026cf3d91212
chr22_500_guide_156	columba	timing	measured_2	0	0.960857	0.625531	0.163443	290560	4	41707f5dc15da2e7a571f8c8bd844c5166208fe2eaace0d20bfe1b07aa1d0ea2	3bd36695e2f7acebac13820001d86e4453ae9d7fb08136bc2a2e76ffb38cbf4f
chr22_500_guide_157	columba	timing	measured_2	0	0.910531	0.652219	0.188111	290520	1	643dc743fd75f3ec7b2e9f6c2d518d6bf6d7cc37ab7cc77ead9e6846ae592d90	21557a1819e588a11f310a665f8db49932fed425053b7a62f6fc13cae1280b70
chr22_500_guide_158	columba	timing	measured_2	0	0.910694	0.571494	0.138470	290520	1	c25a6440be62186e25b0f165358d0d0900b923751f80af6ee5c27f0f29a85af6	5bcc52812e3cd79f2c949096180d3f1ac01ae06d29eea04285bba87168ded8f9
chr22_500_guide_159	columba	timing	measured_2	0	0.809781	0.525756	0.239174	290404	2	3d4992720176e3388daa5c560bb15dec7cf3951b67550e05820230c38661f0a7	4262c7ba1e5bff922093ce8649b4b6afd7d9d7631888f095c0975a592edd5bdf
chr22_500_guide_160	columba	timing	measured_2	0	0.811214	0.529155	0.214996	290380	1	d6d96d826bcbd4b301c0c87e16f31ad41389f1c8474f50d3699184cfe7acda7a	e3b0c44298fc1c149afbf4c8996fb92427ae41e4649b934ca495991b7852b855
chr22_500_guide_161	columba	timing	measured_2	0	0.809973	0.560704	0.200129	290268	1	4ae747e8d2a44a4137f700664493d395d2b602c7f46ee11e639e12aab1a96bf3	48dab6dfc66bea46cd2a989671250f1f1146d8be44c7a92764ee77e05c8a558f
chr22_500_guide_162	columba	timing	measured_2	0	1.011439	0.732264	0.195480	290988	1	b69419482bbafe6e1bcaa11e5797437af79964ee051c788015805b30820e8298	1c3598190a582a41ff1a3274b3d0055fa9afc43c12ffb132b06a64902c8298e5
chr22_500_guide_163	columba	timing	measured_2	0	0.759336	0.536993	0.143615	290516	1	0effc63d85fa97f691908ce0321ab857ae6f08fabd2480f35c83ff81e76c9f0e	6be499e878bb8835b2d0095d754911ca511e88d92eb98ee972ab04a1f8c00a0b
chr22_500_guide_164	columba	timing	measured_2	0	0.710513	0.511382	0.120814	290376	1	46e7f3e1a96998b4b736b1eec08088a85a8308019dae7439865ffb87c1184f73	2d8dc28c05ff97e40ab0da0dd01dfae7c84205d78c3298375625aebed49fae9d
chr22_500_guide_165	columba	timing	measured_2	0	0.759177	0.529364	0.157279	290808	1	d886af1f304911c13510c5ed489b15bb3ee85e388b776d06e045ba0c930a5f2b	c43aa645a27cbc7059ec0fa97b3d82a0f8c839aaea0678f54f471fa3f05fc6f5
chr22_500_guide_166	columba	timing	measured_2	0	1.111133	0.753099	0.186113	290424	65	f76269f3e52c3014c7aecd6b6517914bd94eac0afbb4da18dc440c8d46cb1ee9	d0ebcd3f78085dcddbc46a767f058c6f89ea3cbbb2ba0293b2685d9979fa19bb
chr22_500_guide_167	columba	timing	measured_2	0	0.810158	0.581613	0.173040	290612	1	cee264189907b3df5df36df18bf77367d70c9e3307ae209d7154fde9dfbc47a5	e3b0c44298fc1c149afbf4c8996fb92427ae41e4649b934ca495991b7852b855
chr22_500_guide_168	columba	timing	measured_2	0	1.009226	0.680766	0.274345	290676	1	b799f84402b88ca7eda644ce1b5b5eb56c02b09c04d62fc51c4c70dc76c6b583	4f6dc5b5a164eea9ba79b4a4c7ee686bbb2ef32b24b407949991d9e320496ddb
chr22_500_guide_169	columba	timing	measured_2	0	1.416892	0.582083	0.155373	290496	1	0862c816f1aa3cfd555719d81c501eb6f39d78bb01666b474f7b06bc78888790	d6076da4404290dc28d849925c83e76a1c91272f05c81a1269e2cfddec6c8f21
chr22_500_guide_170	columba	timing	measured_2	0	1.011963	0.721154	0.226548	290296	1	99438952a76160fd91fde79eb2d1ef722599296aaf8bac56414ccb53df45a0b4	e3b0c44298fc1c149afbf4c8996fb92427ae41e4649b934ca495991b7852b855
chr22_500_guide_171	columba	timing	measured_2	0	0.859964	0.622911	0.165512	290488	1	e317429f77c005e356a722479e453cca3360caf415324867267d86c234fd9a0c	b076137193978c5e088a07436c1ed0022cbd76125f97a81a6f5b5f2871d76d0b
chr22_500_guide_172	columba	timing	measured_2	0	1.062531	0.766865	0.243834	290448	2	9ae05e1b88f0ed17152666501156522d5556ae5d91a566028a52d1abcfaf1bc6	6bc81936cbe6405f634b2147121acf85229c6ea577c2037be77523481bc6f494
chr22_500_guide_173	columba	timing	measured_2	0	1.162086	0.827009	0.226854	290412	10	26e2eb81897f587da39402739a7f851313f0bf1adff27623b341a24f6d65d55b	99ec977a326ca10c3e115b1ced26f639f311e55f5d55485ff6a9c48c4655ed96
chr22_500_guide_174	columba	timing	measured_2	0	5.340819	2.159724	0.419831	291620	88	fe5b1ea607675709c509ee4c41c07495481a78cd207e03b6053bbc685c8e7bee	0514063c648fb23168ebf56547b5f24ab52505d23dea868ff9b815032ff5e078
chr22_500_guide_175	columba	timing	measured_2	0	0.960738	0.642468	0.195569	290352	1	3a2a9a535dccffd342eaaba6ec06067374dae64ca7889222dcde00af5c440547	b06efbabd0b58f9175c51573e14cf929c3eb6944d699c7c7aa4dffd6cba9f0db
chr22_500_guide_176	columba	timing	measured_2	0	0.810364	0.567751	0.156835	290664	1	6b2b73f521ab30bc9f66dd52de9bfe397a214246ef85ca25fe53c3a46bf2510e	2408d9d716ef53c9f51f7ecd00ba938ffd9f6f09c03453428555bf612d94ad8f
chr22_500_guide_177	columba	timing	measured_2	0	1.011046	0.744869	0.181753	291008	1	d6b0fb83ee8856732fea46f66b13f7259eb296d82bfc9c1b649d294580993c11	79f17fbbb07db8bf96a8b3a6a0b82f26dff0cae9054127f4648a1d82e4f9f0c2
chr22_500_guide_178	columba	timing	measured_2	0	0.911251	0.690913	0.159786	290672	1	d902219eeefe3ff64202f082d0493776f51eb4ff2b0f1167c0e670f923533dc4	561879fe16bf8d8d845615014aafa1348557dc2b653402bc983228fe11f91985
chr22_500_guide_179	columba	timing	measured_2	0	0.858380	0.668574	0.128783	290444	2	02d3f463b9d194d5e3344e85af306f98cb6029e93b28e7612516ef86601dfdfa	91886342195da67b1d9b706bc42a21629d2bf30ce2dee7566e8dcd42aa868d52
chr22_500_guide_180	columba	timing	measured_2	0	1.061350	0.685329	0.218221	290264	1	458362f7cd5e3313975f59a9b5fcfc0752b491681a6e3bfcc210c9fb46bd7d1e	30957068fb93fd971b4c8d4d3fff934e28dfc45a7e610c43656898109b11fdb4
chr22_500_guide_181	columba	timing	measured_2	0	0.759652	0.564460	0.168017	290592	1	bd12ccac3bcfe83190a4a57e0c78ff819ffd24d8f03895aa6c4610029187f937	e3b0c44298fc1c149afbf4c8996fb92427ae41e4649b934ca495991b7852b855
chr22_500_guide_182	columba	timing	measured_2	0	2.822105	1.693969	0.452452	292172	102	b3ed67db64de6ec64c6fc3786cc02908de5086a5b3f314472f8b20980456e1e2	a83afeb1cabaf839e2b1ac252b842df0015bcf3907305d443704e94ee2e67c7c
chr22_500_guide_183	columba	timing	measured_2	0	0.756664	0.548223	0.173392	290344	1	87a59470956d0b27daf38e5e39ded5e150cdea0e868b3bb38ed13ec71694f010	e3b0c44298fc1c149afbf4c8996fb92427ae41e4649b934ca495991b7852b855
chr22_500_guide_184	columba	timing	measured_2	0	0.760326	0.522366	0.138519	290544	2	63d6cd29cb7467d7766f34eb3e5fc1d69b1b395b993a76b0bbcfc4be9deffb04	cbb148f909f0620aa32c967b252d39e0c819c327ca7ae8f9194ef0da3849bae1
chr22_500_guide_185	columba	timing	measured_2	0	1.611454	0.913406	0.253296	290692	45	e2f741895a6af10ad3146bf06646230c2a7e00ab5a2bdf1150c8c05fdd7825ae	6389b3e1c29a84a416ad56d5fa787cc02a67db3bda8316d708bcbe8e8218290f
chr22_500_guide_186	columba	timing	measured_2	0	1.362512	0.856883	0.276705	290424	5	f676474a73cf61aae93b7f14f3ad5050ed1b02ee16f71cd30d18f0a08cf61d92	f16e016d55244828162bae381c423bf2dd76b3ec082fd0726d19f5b7f364cfe8
chr22_500_guide_187	columba	timing	measured_2	0	0.859885	0.630035	0.168752	290476	4	51a176042123342a4831eba8dca01b9000fbe062e0a6c2e88db63cc931977305	1f4dc320d13435be603267ca64d56395cb3f314c5c09eb17681c813b5a1a4263
chr22_500_guide_188	columba	timing	measured_2	0	0.871041	0.527866	0.169428	290572	1	029b4bae64ebbe3decac5715b992bb89ceb0731276cd7cd8566eaca4250537b4	d19c36693df71437a3e971b04638d4c55f47a0d94d8887a1c6ebbec6f71e8046
chr22_500_guide_189	columba	timing	measured_2	0	0.910527	0.582143	0.181892	290628	2	1a0a4c609cd5cf1946c36566a3f804c745395f17934a1617723121dc8047f381	16c894919eb3af64e89702762f662b74036cda56113508717dd039b7701a720f
chr22_500_guide_190	columba	timing	measured_2	0	2.368720	1.431909	0.339754	291316	72	772794d7dfeb7e94f722de0c356d0bba086ca9710bc1538aa8fd629091bd58db	095c7d338c4ff282ff9fdd16f82db57a540a4ccf2045d351230457d829f73224
chr22_500_guide_191	columba	timing	measured_2	0	0.759462	0.553844	0.171267	290508	1	ec8c5f18d6d74bcaeb3d8a9231840ea7d431ef6bd61745bcd5ac037ce5c4b79e	e3b0c44298fc1c149afbf4c8996fb92427ae41e4649b934ca495991b7852b855
chr22_500_guide_192	columba	timing	measured_2	0	1.461856	0.999028	0.247287	290780	36	e681a54c96435b50639cc217f11919b4244bc18d6464debb522bc7c2fff48ce3	1de11f10571068808fa426c02241787689d36eaab4af74158ce7252d7efd2eee
chr22_500_guide_193	columba	timing	measured_2	0	1.311027	0.522957	0.147513	290396	1	a699d8af011bf9deb858b41d0fae396d8cff7641f7f0fffbf757531340e4d266	e3b0c44298fc1c149afbf4c8996fb92427ae41e4649b934ca495991b7852b855
chr22_500_guide_194	columba	timing	measured_2	0	1.612521	1.001579	0.304402	290844	5	7f584c506b18137c140505c397f299f5cfb1e2f19d1ec6daadff8bca7688d435	ee321b1a4fa0b2c782160d0ade1dc9b1e7c712baa0831134203827c6335eea64
chr22_500_guide_195	columba	timing	measured_2	0	0.810261	0.547568	0.148505	290516	2	cb5118459e82325c3db2fd66e9783a13ede67bf9409c6eb4e4b9801a6da75cdf	3ca6c7c28da24390b5c41cd466f68a9e25f0da943d8c361c04ec9bbc6322702c
chr22_500_guide_196	columba	timing	measured_2	0	0.757332	0.541783	0.146482	290504	1	9d313725a1565d5cfde76bfc23bd41168e8fdfe731f992e32e4e14928f1eba97	e3b0c44298fc1c149afbf4c8996fb92427ae41e4649b934ca495991b7852b855
chr22_500_guide_197	columba	timing	measured_2	0	0.809721	0.607644	0.147553	290476	2	9eb85067d7a33bee8c8f49137a3e8ac1aec62426b1a9ddb3244bbec7c94ba60d	c879bab8e175ca7ca99d471776ee53a527aa2a8ce7e388841850bd3a9a5cb905
chr22_500_guide_198	columba	timing	measured_2	0	0.911159	0.707526	0.176096	290648	1	4390a33a35b7293befeadb9fa60eb9d4727d057633aeb9a93007f6581228ca97	7e3c0298e47ada9502fe1ab91e5aed0852345691cf2da9d42a3b3bb1585655fc
chr22_500_guide_199	columba	timing	measured_2	0	0.808213	0.585761	0.151885	290372	1	1a9e47a73e5d927bda478b79a2e0b4fe3a9cb6a5e919786318654d9a3e5db97f	1591be8f62747dc63ff90a1bbe7959939ee4e8b9b649841b64575df53909e6d9
chr22_500_guide_200	columba	timing	measured_2	0	3.518258	0.676816	0.183979	290624	1	17756acd0a0ce54b4e745976cd31a47fd1c9f63f1661aa7d77bad966ffb5a944	dce4bd63bbba53dfc5d40793c1256d7c8c18b7439dc831aeb3f92e33831bd080
chr22_500_guide_201	columba	timing	measured_2	0	0.862669	0.648328	0.158619	290424	2	d6d98b6aeb5f2c883f79b82c45d44de2fb34edbcf0b1e9d7b04b93f9e961419b	fde8b836d285794be3ca727ee724e6197588c807f8c91a19816d55152ad2ce6e
chr22_500_guide_202	columba	timing	measured_2	0	0.960499	0.682939	0.195554	290532	1	44bbd841c087139227d04935f12732bc62035e07484977bb2a50a49eea89c20d	1bf5edc7b9653591aaaa56f2b64982443264cd8d9bdeda9ff91a0425a9e38e4a
chr22_500_guide_203	columba	timing	measured_2	0	1.013973	0.729811	0.202777	290400	1	3e8108b8109dce3b65881841a62543e3eb3ba821fff9bc76b9b5e43ac8c75d77	30d5bd1a2fd8f421e7be29640f109fecf4e022892dc5732c56ef1b76e1f5233b
chr22_500_guide_204	columba	timing	measured_2	0	0.862369	0.621589	0.181180	290368	1	9d1a5247a3e3b449bea633b6b52c4bc96829551e72493f376f89f7886050d9a4	e3b0c44298fc1c149afbf4c8996fb92427ae41e4649b934ca495991b7852b855
chr22_500_guide_205	columba	timing	measured_2	0	0.968370	0.715967	0.181950	290432	3	31cd04449f0e717750811edfeca19670932d2ef47855d1e287806e2c35cb6234	0815c62f9e9e0acfb1a6323e5a9c02127fcee511590db49a271226d63fee6be8
chr22_500_guide_206	columba	timing	measured_2	0	0.824037	0.589494	0.172560	290408	1	0d05d9358e7eddcda81c0af29d014e6cbf29264f1da23b16a2ce4db5446e5bda	e3b0c44298fc1c149afbf4c8996fb92427ae41e4649b934ca495991b7852b855
chr22_500_guide_207	columba	timing	measured_2	0	0.860546	0.634990	0.164735	290552	1	d3ec7c66bc10a3376e61eb42399a7bac83ea47eb29447109082383725c615d9d	9ea2a32a6be31acfce0d1db45cd7455233cc28d44ba57ed919d204c93d0afee5
chr22_500_guide_208	columba	timing	measured_2	0	0.859655	0.663794	0.152283	290380	1	5924fcb39f9667884df027edda8f627478be6271057a2d69844c736321e3169f	e3b0c44298fc1c149afbf4c8996fb92427ae41e4649b934ca495991b7852b855
chr22_500_guide_209	columba	timing	measured_2	0	0.858500	0.627502	0.174581	290556	1	27efb82af164e4487a5cf1ccf7177efb814a97e6868618c2fb067d455ed85d72	e3b0c44298fc1c149afbf4c8996fb92427ae41e4649b934ca495991b7852b855
chr22_500_guide_210	columba	timing	measured_2	0	0.858999	0.626961	0.171562	290488	1	410125d8cde9aa8559c2cafa33ee82e57d7a2a7be8aa4340940d389453d4aa13	98eafddc6705acace023d279fe2d2474ed1bc814f781be21bc729ccb8f34da02
chr22_500_guide_211	columba	timing	measured_2	0	0.910637	0.659524	0.189130	290536	3	20e008a39766f5204fa95d4bd0a8c7abc3887b792992cd6c99d7682cea48d725	e3b0c44298fc1c149afbf4c8996fb92427ae41e4649b934ca495991b7852b855
chr22_500_guide_212	columba	timing	measured_2	0	1.012589	0.681464	0.232114	290848	4	4a2f7e701731af895b6de23add8c363330b9708149d82c09d0910cf52a9071a6	1b589983a8b5855076bc4491d17704756e9f42f9d5e968e92508bbc5ab23b1a2
chr22_500_guide_213	columba	timing	measured_2	0	0.909587	0.690220	0.167585	290284	2	453049c36d105d5fc369042ca0ab1a96b8b895a916b5c2f187ec168c02aae659	6a4a76d7576dcdf483edf9f4bfebf4e97bedcea9c2681ce642817147f17c17a9
chr22_500_guide_214	columba	timing	measured_2	0	1.413184	0.982332	0.257445	290536	5	d1267a7002bb30f0701f4a9ab7e16c256b0704d6840f6424451faec7375707d0	40d917494a237c6ea811bf0cd067eb667f710c572bbf41c951d52e0dfcf2e541
chr22_500_guide_215	columba	timing	measured_2	0	0.962797	0.715361	0.211278	290404	1	63b76d0e58c2cecbbbcfe4992fd7ff1c45be184128a232ca263192df43d8669c	4352e4e40b3713d409ba86521d55d188c008744fc455bdc8ed72ecb4955f27ea
chr22_500_guide_216	columba	timing	measured_2	0	0.858491	0.630808	0.185332	290496	1	e266b204a7997147a3fd8f9d94740378fc9a8435605b2363e7555257caffd730	799ab8a11c5febaaad680d06285bb2f1272ee07b717ebf92072b318d43aac3d9
chr22_500_guide_217	columba	timing	measured_2	0	0.808143	0.570250	0.176476	290632	1	bf3ea3e4771c6389b495a35456fadd28c1e956c9034804a5821e52e1827a51ff	e3b0c44298fc1c149afbf4c8996fb92427ae41e4649b934ca495991b7852b855
chr22_500_guide_218	columba	timing	measured_2	0	0.859653	0.603546	0.174096	290456	2	4f1d85930718319dee2874ba1c96e3f8e80885b044e2550d9d3285234eb16d34	ac80b04a88870303112f4ee98ea5b95636d0b8b35af5c52fb77c23238f1648db
chr22_500_guide_219	columba	timing	measured_2	0	1.066110	0.746825	0.221870	290380	1	872f2f85baa7c28f5b262483d1218ee6344fc208ed78aec17d684a0eae7c0c68	36f8fdad0538985a1a18f9afb927cc8b20bdf6efbdfbda4ab6136998e339304c
chr22_500_guide_220	columba	timing	measured_2	0	0.759549	0.558768	0.161002	290452	2	42c2ae15b75a013aad8e8379ddbc2d5b12ac8407ab6c2b2793e73d4fc6bd83cf	e3b0c44298fc1c149afbf4c8996fb92427ae41e4649b934ca495991b7852b855
chr22_500_guide_221	columba	timing	measured_2	0	0.758081	0.506758	0.179586	290648	2	cd268f0877e9f2defd94547cb7d413e6318e8a8a578332b3534c975a280f1ed5	7821a7e3e4ac6b058b526096b8686db589056db949c9be3a45c23ffe19cc9708
chr22_500_guide_222	columba	timing	measured_2	0	0.758914	0.563819	0.155453	290528	1	6f82a4b03c8a18fd06ca9940024af4ce0a01fb5e93ea9ba2feacab228c154786	06895de691d7efaae1016e7edb8391cb6b084415ed0bdfc2cff632bf936f12b5
chr22_500_guide_223	columba	timing	measured_2	0	0.910408	0.699546	0.163894	290468	1	7e528a989c31c40be279492b74efb2b32bbafcb76168ffa5ecf4da003dd2852c	dd567e27451842465f72c8df72e5b23a60f4533474e55b65999ba98af50e5e25
chr22_500_guide_224	columba	timing	measured_2	0	1.112448	0.789965	0.195485	290600	567	54d11e3db2366ce541d6dd624ad37c81cfeac13a61d37678c89ef153e33b66b2	7c3c605f1b0416f4677072a66d3b67749c050f71df57e5cbe5d956ec14e37e1e
chr22_500_guide_225	columba	timing	measured_2	0	0.757376	0.570651	0.154774	290504	2	2256242036940b1116433901a0599960dc42ab0e478a65137c775e38bd0273a2	db63611d9aa229289b158dc50bacab0411b142385e4f4f6d34b3f1d2165fe370
chr22_500_guide_226	columba	timing	measured_2	0	0.809241	0.591344	0.162569	290536	1	94662f76c5a2e1983e29f9285786131e7dfa5e0469adfc1d64b03f76edd026e8	235fba1f3a94247886ec99d48f73a64642fd981c1ab5e7aaa7deea44178dce56
chr22_500_guide_227	columba	timing	measured_2	0	0.813389	0.568855	0.188715	290488	1	22d5655df7a017b496eba42ed43213b203f8a0be1e2d8f176c1e3c5f3c371478	9cdd2124e0417c3f306c31a94554e954f5a25ef700c62f3745d75abe2ba08650
chr22_500_guide_228	columba	timing	measured_2	0	1.062876	0.742874	0.237429	290604	1	714554ca8eac6dff9bf1ea7bcd982ded36f466eaa79bea00a33e12ff4252393b	32b0fdb408a245e8ea00a9e3729e5f81f9093394a9fdef4348318ec666ad1e55
chr22_500_guide_229	columba	timing	measured_2	0	1.164367	0.828370	0.247828	290436	1	5dd95897a99de5c99923bee729265bb935a9a9c19c1fcf9fdf9f1a7f104c4420	c726d65732b5f43969e478c08b4184e4305070be4a134e1c005cb3a97a1d233b
chr22_500_guide_230	columba	timing	measured_2	0	1.463620	0.932031	0.264475	290772	76	229cd2876388c13a745adca55a17654843ad63887cb0e9318cc87c6d233ee208	bc47c58a6a7cc85cc048ce68721fac44532859fd449a8942633afc39fd58680e
chr22_500_guide_231	columba	timing	measured_2	0	1.065224	0.798932	0.242003	290620	1	948dbfd6425bdb3088906f63eb868902942301af431fc9e95949314af66ff6d0	e3b0c44298fc1c149afbf4c8996fb92427ae41e4649b934ca495991b7852b855
chr22_500_guide_232	columba	timing	measured_2	0	1.012965	0.752384	0.203496	290576	3	188c8dad2c7680aaff5b71eba79ecd0b2ba15fd65a3ee65ac94687c20a8de512	f9f8962e1e3cadf0ea9f0dc5f7a07a00ebc744f96abb0f0ffa226fe45caf2703
chr22_500_guide_233	columba	timing	measured_2	0	0.757414	0.548199	0.154423	290396	1	ca51411298336dbdfe2d1022ed02e74028dfbcd2e0e397a8224fce4f6017af72	b76583d8074d81b6123010653d515a4ff97310c43c5bf08081014d9154db7606
chr22_500_guide_234	columba	timing	measured_2	0	0.909165	0.690987	0.179760	290460	1	559f7e67d202d27824782db27afaef4c7023d13de9ac2f9e0d96441ac0764ef7	99b26d9c321efae0760ea43b93fde2b0881ccedd47537bb8554a42faeb20a979
chr22_500_guide_235	columba	timing	measured_2	0	0.860474	0.604031	0.177180	290608	1	80326d781f5ecae351589ee4107bc2da49fa1ef20ecd12922b789c1f9c7c6bc1	ccfb6c7940abd8dcfff9776cbdec4da4a59be0807799887f5e2ad97f4bdaa5ae
chr22_500_guide_236	columba	timing	measured_2	0	0.908912	0.644579	0.197755	290508	1	6873e81c95093f02fe9950b0a4e16005b1a7677c0c2d1e08e409ac9fcee80573	b8dd2ed21cf80ae3abed35117ab86b66f6ca8c3e1afd96054c3912fef96cde74
chr22_500_guide_237	columba	timing	measured_2	0	0.859430	0.615327	0.204664	290256	1	0abb692cfa9f5a252fe3b1d2d8d9d08f6739c95819a20ad81f84a718487ff25a	f1681c85e42a69ceaaff6903aaa62a44913460d6721d15522ef2daddcec1b504
chr22_500_guide_238	columba	timing	measured_2	0	1.012009	0.736134	0.233012	290388	1	bc3b9f3f86cc8bbd34d0a114947da783ee284f28a9a17754f8b3028fd08951a9	e3b0c44298fc1c149afbf4c8996fb92427ae41e4649b934ca495991b7852b855
chr22_500_guide_239	columba	timing	measured_2	0	1.012587	0.687386	0.260925	290252	1	b06803d19ac167e2ad3b8c6242945d1284df798d5c097e179fbae26c172aed64	f503053835301ccabae87d530bd8b8708967e5f35869a83beb6c8bf50f09fb7d
chr22_500_guide_240	columba	timing	measured_2	0	0.859803	0.585625	0.225019	290308	1	cd82c6f69d17ef93e8a39ab104e1fd06550b7e78cbabd6c112773fbb528ade2f	4ca148772c0176955a99a22eadee5354de3a207bd17bf3f913e6935f37987484
chr22_500_guide_241	columba	timing	measured_2	0	0.910017	0.592311	0.263835	290356	1	e37c211d0e5aef8879cc8a7d50e07e6c3225c140733fc907790bcb68cb40cc27	e3b0c44298fc1c149afbf4c8996fb92427ae41e4649b934ca495991b7852b855
chr22_500_guide_242	columba	timing	measured_2	0	0.858870	0.605274	0.191839	290576	1	808b851e321fd57c9ed18955deffb0cd298667205fc930fb7b5e62d4518211e3	829affcd3dc991a38379dc4b02dc3e50a5dc29482a037fe3d1d681abd7aa825a
chr22_500_guide_243	columba	timing	measured_2	0	0.758976	0.548670	0.145221	290348	3	00230428f6d63582ec60d092b6bc6c689bf77cb21e9480a627f5e8c16d0dc979	42d1ec48cb0493956d77fad00767b6c2fed5e28ca7790d50779e46dd1957fd55
chr22_500_guide_244	columba	timing	measured_2	0	0.858339	0.600178	0.186766	290380	2	8d38040c24e6e97c20c2877e156843b5f7175c5176567f9b468667f22eaf818b	e707c825bd0f8d3419714a3a36d84b950e313e94cda89480dcbd1c3edfc741f7
chr22_500_guide_245	columba	timing	measured_2	0	0.908785	0.684605	0.190916	290500	2	fd4b11a3f64063954752abbe6c5cd929d6d17f4c7df6ee3281a32632ef54c7a5	869971ca2f44f99536329798ee65ec677f74029e7bec74b82647bde8260e08f5
chr22_500_guide_246	columba	timing	measured_2	0	0.909011	0.669366	0.189803	290204	2	50c9c70bb2ba41c14b8f52dd19268a1bf7a65cfa6ccefd7d86abea9175974411	28bdc98b476463c1c59549e7e05eaae3c6743ba286c6b81ce7d4a41a2f1e5e94
chr22_500_guide_247	columba	timing	measured_2	0	0.910320	0.624380	0.205790	290684	1	98ddd5914fdce39e5c1fd0ce66277bfed0fed939ac7e85ad7cae4c1003db9a59	ab68a533421ced6f0a80d262f9ae1f20b3886cce86d91dfd9b948b705f74c637
chr22_500_guide_248	columba	timing	measured_2	0	1.414893	0.971769	0.275233	290720	80	a3962782031d7a99caa2c5378ed324dd3f3d615a63e3f3246b35b7371cee0cde	76defb6e40a3b8e0ecc76033ed3e6b9c80b03fa159050eccc782c7a714c2d894
chr22_500_guide_249	columba	timing	measured_2	0	1.110784	0.754306	0.240695	290384	28	91eaee42bedf24bf2111c1235a1a999ab6f9f4cd19a598b6c5d619b429099649	5507075d66691860dc1d01623eb7c52149380b015c66e3443d640004a79accbb
chr22_500_guide_250	columba	timing	measured_2	0	0.962711	0.716052	0.191993	290268	1	3a7597cc582f0a7be9eff099d86a4b5be941fbb6e265ffb9caa3883e9eb04a7d	9fcc2d43671c28725c44c4302b71d78323275e0a295762355d514e8ebfba3a35
chr22_500_guide_251	columba	timing	measured_2	0	1.115104	0.846808	0.205908	290516	1	0c3bb5f8913d9c96bb40ed3175b5838d5a29298d87c0429f6c483a88658f5cc7	fc792695632a02007ca04d144b4d98dc1164719773a2e501c2875e421c3c052c
chr22_500_guide_252	columba	timing	measured_2	0	1.370257	0.918774	0.251836	291312	11	b8bdbf368bbcc5a2cff3b7b86ceca006e004123173c04696ad8da2e07182e852	e29a971bfb37319f8992d4c71e2059a10a9d82074cf96b4ec81b10146f9c8c6d
chr22_500_guide_253	columba	timing	measured_2	0	1.012435	0.745771	0.184733	290624	1	14ef5eacd0519bf8d6f3f1e421b2147ce2cef2d89992ac6bc3c0c6493049fd6f	b3f77e03add0f929849c64c186a0f6ee8168522805e29a074a8498ff01f34924
chr22_500_guide_254	columba	timing	measured_2	0	0.861043	0.608633	0.193110	290472	1	a2299552cb699e14d2ae59955314a90bb8969bee46b6c9e47f326ce8511aa0d3	64971e12c61fc6fa6ebb70fbc2bd2ea95e8aff434744fbefd3855be5e1783bef
chr22_500_guide_255	columba	timing	measured_2	0	0.808429	0.555740	0.180273	290628	1	08f98f3ad365100ac1996a1ea822a2d4046f6814391006bbedb86aee8a7133c2	fa3a5c7a3c9379783995234f62335dc0a3d1fe35a66851f1f33d2f84634ef18b
chr22_500_guide_256	columba	timing	measured_2	0	0.860391	0.666405	0.156380	290448	1	dc65ad43323263785a083294d17584c11e378d04f99c3a48ba1b50606118a885	75df6cad23b68a7a5f99ed089452f3ec4a0dfc1e9509bd323fbdf9bda6543084
chr22_500_guide_257	columba	timing	measured_2	0	0.860006	0.631789	0.185127	290420	6	4939af4bc68d9de12a17a9d18be8013bcdba99669455a9e3831052a8b64018df	1c5228b9731accf02be30bf92244191931da3709b382f333975c5bcda649b1bf
chr22_500_guide_258	columba	timing	measured_2	0	0.912076	0.694365	0.201544	290440	1	b743dcf20b0f8a4d8e1a343b97d48c58a0bc7fc4d1bb2a983a38d2078d740fcd	2948117454b190d6eeeaca3bc94a2bf5793d77da14d80a9f2def8405cee8a845
chr22_500_guide_259	columba	timing	measured_2	0	0.912233	0.671012	0.188815	290528	1	8ea5cafdf0d18eeade9b610505bed740032f18636ab57803898abcbe44cdd8e8	e3b0c44298fc1c149afbf4c8996fb92427ae41e4649b934ca495991b7852b855
chr22_500_guide_260	columba	timing	measured_2	0	0.860418	0.621367	0.190289	292572	4	f78f8bfc1547840e498b2c5ab88016095e4836ab8f97b77506fd05dcb7e111f8	c0091dca2554632863ae533a60340f8ec9e8b99016d1d1e05ee3fa1a8ffd2b67
chr22_500_guide_261	columba	timing	measured_2	0	1.207880	0.620604	0.159768	290512	1	b839624aa5bb002a76b04ff4d05b7a0ec4ecea160053801ca45bcc541703762c	61b97790ddd4471eeee6684f6270f8fdf199b1a8d402ca28405987cee8439d43
chr22_500_guide_262	columba	timing	measured_2	0	0.858680	0.609734	0.184203	290524	1	cab2ab2bbde4e365ef2454f22e0d08cd93e57c6b29ed335c1d62ceae307d4365	e3b0c44298fc1c149afbf4c8996fb92427ae41e4649b934ca495991b7852b855
chr22_500_guide_263	columba	timing	measured_2	0	0.860244	0.609708	0.190467	290664	1	7f92fd7dddc708c2b3ec905f92a74e766b81d6ff9eaf13b4dc9c11ff5e96767a	eb38c77d3364d29cf9b4a0c82bd850e49266e1046930de12097b9d1d6f671ebe
chr22_500_guide_264	columba	timing	measured_2	0	2.068116	1.453917	0.261985	291140	1442	282c6062a191ca3cd9fb5ec88da608ee4ab1c06f9c292ce00870a00238a8020a	d8918b15a5cb616dc3482dc6d861ba6844159a4ba1f5f4e43143b625cb16409e
chr22_500_guide_265	columba	timing	measured_2	0	1.461394	0.926717	0.255108	290752	7	b2564cf767e489adee6e3fd7ab48621b5b8ab3c7e9890de8ad6ed1e34a6a7317	c124bc9251b7449e54f552bf0dc293b2b60a80a4d77f44ba65d3f4b1f656dccf
chr22_500_guide_266	columba	timing	measured_2	0	0.860604	0.636760	0.171697	290504	1	ee0724b7721eeb7026f8ec19f3741fc6026e209f17c8c1dfd45658c19daffca8	99e133b40e2a63f9387d2aadf2b231bce1404b51755160786621dec698b931b8
chr22_500_guide_267	columba	timing	measured_2	0	0.858602	0.621806	0.187701	290624	1	30ceab938998e2f8848144534fd4b41a8e46e76dd1f2040915462ed81ff96f96	aa7e0523fe3b7c364fbafb64f3add479d903af640d09dc702c8120390b0d297b
chr22_500_guide_268	columba	timing	measured_2	0	0.857838	0.595420	0.217532	290316	14	d9abcf3e269963d774edd15ecfe3248bb12de76053f6fba41a9ca58879ce535c	62cdbb700ac6e400eb15d3c313f1c22cd0466e5941035e515b9a58218cbfa7d7
chr22_500_guide_269	columba	timing	measured_2	0	0.909028	0.641514	0.220676	290528	2	5c510bc2430b8d09ab1af4ed571bad58f0550bdec912dfc11ef08fa5bd64a43b	ad32accc7c498840dcac17215095b2dbf04ac815db44dd9726fc04472917d388
chr22_500_guide_270	columba	timing	measured_2	0	0.909830	0.618172	0.234740	290384	1	4e885841e492e9cb2b9b1fe0d7ac9a863940cb7bae26336cd428bcb7378430a8	84e6d892543d0ad91338a7a7ebd953928705b679e20f385245ee214c8e37c9af
chr22_500_guide_271	columba	timing	measured_2	0	1.467256	0.979081	0.284903	290508	1	0247a06f38ead69247c929d76c572e2db952d690368c7445d6cbc0b32f284eff	9d7f3a845f0333b1a30eea83c31ed76993b5d89b22b5ac0f83e17b6c93430e3d
chr22_500_guide_272	columba	timing	measured_2	0	0.860001	0.568249	0.223273	290284	1	c0af294e02eedfcb766e740085eb1dc5f88ebc5938b16fce276fc72aad58dca5	826d1752faca4a7f02656eeee617f8cf61f288026395a8575beccc56929124a1
chr22_500_guide_273	columba	timing	measured_2	0	0.964041	0.613383	0.250848	290388	1	a3d6cd5055990fc10a7f55f785689720f3a06133f1b0f4568f98749ce2751038	cbf8fe25e09218949637c014c44b0ac6c41b7c9311afed997f16260a3c1fbf6a
chr22_500_guide_274	columba	timing	measured_2	0	0.961330	0.641666	0.267744	290300	1	6687d14031a23ac70963eea659c8529b893e7f0089817aa41e700050f9a07324	5eaada245b2c4cffef68caf800357898758e0e6452a422a36443499c5335dcb7
chr22_500_guide_275	columba	timing	measured_2	0	0.961760	0.613085	0.264795	290504	1	4ec6baaeae2aa70e532904fcfd4c142948c7cdfeac73dda04d4fd531212f17f6	11f88690bf6873d45b292d87cf0564e3756c0bbd8baf0452a4a65f0acb4e00c1
chr22_500_guide_276	columba	timing	measured_2	0	0.960203	0.693239	0.212312	290356	1	6a496ea64944f03d6155e9304a84fa64e904aaee2ce382727a522cf4526fd476	e3b0c44298fc1c149afbf4c8996fb92427ae41e4649b934ca495991b7852b855
chr22_500_guide_277	columba	timing	measured_2	0	0.862857	0.638376	0.167628	290496	1	3cfcc8189860be2c8d7d759f26bc1880f98e596a26b63ff55d7eae6897aa9216	a6e6ff19c5376919c850f73f11407ded4d3b8530b28c22e5b975d72ebf6adcdf
chr22_500_guide_278	columba	timing	measured_2	0	0.809960	0.546803	0.215826	290276	1	4a6cdc3b90d2775c2496444fab6f836151cd422ec2c82a9bf758cde5414f2417	e3b0c44298fc1c149afbf4c8996fb92427ae41e4649b934ca495991b7852b855
chr22_500_guide_279	columba	timing	measured_2	0	0.908451	0.689749	0.185351	290400	2	19fa7f82f9fb43d2cfd92618603432693d6fab216cc3440c559166905e949302	ad78ee2f8846b40dd1b600f4ed2ed1811ea2aed6e8d5ec89b80a7cc4fa77c3f1
chr22_500_guide_280	columba	timing	measured_2	0	0.809197	0.538649	0.199016	290700	1	69b844b93cc461829c55614686b48ad023280711014412f5c486fbcbc19cb86e	9d277551bdd4d81a4399d336347b4bb575fd11034380eee7d8b772195204f1cf
chr22_500_guide_281	columba	timing	measured_2	0	0.961145	0.644687	0.249146	290476	1	a9fa224f0195b3893caf93e1c0b8cc17844e550145c38de073e1d229cf7694fb	e3b0c44298fc1c149afbf4c8996fb92427ae41e4649b934ca495991b7852b855
chr22_500_guide_282	columba	timing	measured_2	0	1.313607	0.786982	0.341694	290548	19	ce1e2008d3b359138e2bc8bf8b14a1f8e242530e5cbb8d928ad3f7574024cd8e	48815ad718040dd03de294d676ed45eac1d3daa27e860fc24588814c450db79e
chr22_500_guide_283	columba	timing	measured_2	0	4.328829	1.273204	0.267786	290756	587	783a46d43d98318f821fc86b8be9e506027471318fc62ea5c629dfb1aca5a195	62403cc55bceb18e3f7dc799bae6212084c8fd72be3b5f839029a386d7c94f53
chr22_500_guide_284	columba	timing	measured_2	0	0.959512	0.622626	0.221630	290488	12	8cc87daac842076e4b04f70cbfc50cf66ec0181d3f928fb811d841eaeb17e199	230fedfb7097ae0803930855d7008013db8b1daa26bcde45cf34ce4c0b88fdf2
chr22_500_guide_285	columba	timing	measured_2	0	0.910623	0.627300	0.214971	290392	1	1bf3bce9877ba3ed3c12502aa3023e01f5304f64b9a3663190271da34a300628	85641bb87c36e15cac216f014cec24bb47a9bebec7b1d811e559ef005affc29b
chr22_500_guide_286	columba	timing	measured_2	0	0.910492	0.605915	0.175052	290632	27	d9d0125248255e3b01977afcba6f743b372feb91c4c1b6e81c96f8f97477ff25	9c77a71006e46e997d5a5cb77f532a924fda68458a931b5259e0b3c1ce6b488f
chr22_500_guide_287	columba	timing	measured_2	0	2.271126	1.323430	0.420921	290812	107	4ec0b76219e5e580e4f737e4ba5a1e139654f1ce00651f4a3d25246556169023	8ac36743cb87dbd14741222e54ceb13ff99f794143034deeefdad56972304668
chr22_500_guide_288	columba	timing	measured_2	0	0.961275	0.632780	0.268527	290372	1	b7517a16df61180265ec10a20cb33a003c3ea568992073591f20e96d81391119	b52ea0dac91d497aaec6f642a08329c4472b1d235792c856330e28a7c0b02c57
chr22_500_guide_289	columba	timing	measured_2	0	0.809126	0.602294	0.185820	290652	1	d9219c3b6740e22448b806b2c7c9eac232d8371a0a1aa50f40645ce369f669dc	e3b0c44298fc1c149afbf4c8996fb92427ae41e4649b934ca495991b7852b855
chr22_500_guide_290	columba	timing	measured_2	0	0.809983	0.579859	0.171543	290496	1	d7e9813af3f2368064a2285d3e56a0325aba8653c021fdaae43d3d6bd660754c	e3b0c44298fc1c149afbf4c8996fb92427ae41e4649b934ca495991b7852b855
chr22_500_guide_291	columba	timing	measured_2	0	1.011754	0.693944	0.258020	290416	1	800382f6b1e1f5501a4440ffaf65afb9d88391aa57625459a1825e4cf7ba87a1	7cbb837c5898a23402f5c4a09c1690146865a6471cbaf1941da78c26423250ae
chr22_500_guide_292	columba	timing	measured_2	0	0.860191	0.638518	0.156941	290560	1	5941dd24b1361301897320aac40154d572007d35f9b20166ac32f6d1231e2acd	d60a6c3fb4d62702450962ac6b97e4a27bfdd118aad467e710fe2477c39a2052
chr22_500_guide_293	columba	timing	measured_2	0	0.810130	0.609619	0.145638	290468	1	a6e8f7dbe8440152b018e778c86e594c220662576f7388bf74086116bfb557b5	0125d3c4984bdc22f6fcb221414dd3900ca99fecfcf592d4992e3000caf67fe4
chr22_500_guide_294	columba	timing	measured_2	0	0.859674	0.589921	0.154314	290500	1	dab4e592ef1445cf45b46075f9efbba95f9bfc2d670471fca86e90e48d9e7fa9	356769f036266674bc61ff8ffa6c2458a399b11ac20fe3a960ded44a0c8421de
chr22_500_guide_295	columba	timing	measured_2	0	0.858041	0.633528	0.175908	290568	1	2d77b320ec43b12ee3f6094ded8591196f9a7acd33e7308010ac9edce4593dcd	e3b0c44298fc1c149afbf4c8996fb92427ae41e4649b934ca495991b7852b855
chr22_500_guide_296	columba	timing	measured_2	0	0.758660	0.536588	0.174194	290600	1	da3687baf79f356a7107d728d14228a0dd66bfc10a9e5ee4b96bded376c6c3f6	85d0a378f233e88179a468f7ce900cd160aea05d5c8db7c9de21707d81c1d446
chr22_500_guide_297	columba	timing	measured_2	0	0.809130	0.599190	0.132707	290996	1	67d715df04795b597b55d1e6f751ac48727e34c17090a29c4f40831563d3c69a	a39cd14fbaa2775644096409476e75ea71d2c4e5e3832e7fe5798d9d75abf982
chr22_500_guide_298	columba	timing	measured_2	0	0.758434	0.565133	0.160825	290416	1	96bacc0c5f62f5ee3cb64d6560e882e64673267447e8714383a4ab744f1c99a8	ccbb31fe1ebb9328fe27201916e87bd7c24b711b7b0b063a7f477755fe73cf70
chr22_500_guide_299	columba	timing	measured_2	0	0.810090	0.575821	0.181923	290368	1	1eba404868f62a6cddb13fd737dc01862933045368e97c33d9d65d18860a5cba	5b6e954eb6c7badced7c28da0d79cae86a59e9a27acba5b5b302c4ae5a68f237
chr22_500_guide_300	columba	timing	measured_2	0	0.862888	0.610662	0.182263	290560	1	14d7ad904267e9f27e192421458cd4c9b704e3a66f504d917fb35a619fd91865	5e582ddc4d3550d4999107d08aef3c5a96ff7279b5a0cd2a5bfb5606193f0f36
chr22_500_guide_301	columba	timing	measured_2	0	1.613957	1.004110	0.313988	290580	11	d04129de8be8d4dac4fd5275af2741dd8e890339efb41c3379327e777db34a8a	73448e37e3c76a534363f984dfe8dc211337bc3f6607ca726031d421e9292324
chr22_500_guide_302	columba	timing	measured_2	0	0.960332	0.642378	0.249080	290324	1	d3783eb23d426c2c0580af71666746b5222070a22a5f6ccc626b4f5f194c85e3	18c681aea9c8270350bb46a172bfad98248cbbf4921a3f76fe04d099ba728f85
chr22_500_guide_303	columba	timing	measured_2	0	0.910457	0.616727	0.222497	290320	1	9246314add68bcb309196485353ca32264aa9d97b65d40e3825659e7fa9e07c5	12cf0f82ebccaab6f5456eda16e6f1aa1c8c09e0e0b6bfe076d282d5294656c8
chr22_500_guide_304	columba	timing	measured_2	0	3.727391	0.647815	0.250785	290444	1	c4733a0adb33265b42f1ea521dc40264cba04876a6f6679bbc39519cf0338918	131cac26c2cf60e9b281d468a53a21529d330822306727ae17886a5de5c6d7c6
chr22_500_guide_305	columba	timing	measured_2	0	1.362575	0.869324	0.228189	290644	307	e0b27692b0c1e3e0fa6e6a611f1ddc90bc0955f13032f679636fef74f2973bb1	2d7d425860658facb6074f48d7e2e310ccd81a1e5d101452319a3a826b8cfb4c
chr22_500_guide_306	columba	timing	measured_2	0	1.062482	0.749881	0.240588	290424	1	6a309defbbe5f08abe920ac12a2c13155098f57994aeb2c767ac2a830d0db569	e3b0c44298fc1c149afbf4c8996fb92427ae41e4649b934ca495991b7852b855
chr22_500_guide_307	columba	timing	measured_2	0	0.811604	0.544186	0.143882	291012	1	9600eb890ca0d1d43f7656d7c3b247fcb0b36ee444a3a6e1db8fb2b17ec4905e	60e81241c91af1956f5b79e5f85ab8428ca95b3ef399dc6e24c08f43d4d187d5
chr22_500_guide_308	columba	timing	measured_2	0	1.008010	0.612073	0.172247	290400	1	4832e7aa711ccdac22496f6cb8a979eec30369c372fca1b6aba1e3edfb12e8a1	e3b0c44298fc1c149afbf4c8996fb92427ae41e4649b934ca495991b7852b855
chr22_500_guide_309	columba	timing	measured_2	0	1.363034	0.835823	0.241035	290628	21	519791d7195efb78908ecb389d5204468d379f61fed446b9df463381ef8b2d5f	b2e55ad1218c1b129510001f8b1daaff942da046a8d6710514217b3696dc4128
chr22_500_guide_310	columba	timing	measured_2	0	0.910347	0.682712	0.197630	290564	1	6535286bd318c12e4be70453ccc7d1c063c4e2a4f73eeeb18ca81403b343aa14	bb057ec41716e92d1418e82429afd5ce2f0fa451355051b37c5bfd0faa6b8a83
chr22_500_guide_311	columba	timing	measured_2	0	0.909936	0.656530	0.166588	290332	2	7961773ecc533d0844639ea262d71f5383891afc03bdbad9d08a2cacd714a3c1	a358d09a33674eca3533820bf62e46cc001b15bad42ce368619928bf0175df1d
chr22_500_guide_312	columba	timing	measured_2	0	0.707767	0.493829	0.150887	290572	1	6277afa4b9349b6787fb9412e1072d4091ce90d200a90b3e74c1764882da95fa	9665e51107460df86c1d573175c9416da573c8a8c2711cc5b0d99ef0adc8aa50
chr22_500_guide_313	columba	timing	measured_2	0	0.758192	0.546733	0.144741	290548	1	c4ca7ddc636638d7005d3e187756ba84185296e1c2585b41d0a7a856e2606213	696e651629a088ed51fa18bf92752b7cebcc5231944eb0da133c1b9ea7800ae7
chr22_500_guide_314	columba	timing	measured_2	0	0.759214	0.529031	0.160882	290416	1	a2eb1dfaf7ba7e176fe1c242346652aa7a1166c410da2c5736b9d5677fc8a13f	bda5998bb914473f23dc6c28e50a3c552ad1046e071b3a23265226f2c240b26d
chr22_500_guide_315	columba	timing	measured_2	0	0.959232	0.662639	0.188565	290400	1	3d96c21755e994f100780beab6f0ddd4428febb86225f1f6d35991b5ca1cbb8d	822766485797cf52c9137ac21d677e6731daaea975a9af3ce0e0e7393462487c
chr22_500_guide_316	columba	timing	measured_2	0	1.413123	0.866795	0.271909	290540	52	ad30ddd4293bc215b8c5f24479333f1968d9cf14e270ecf1c90ee0f73825600a	337bcc89e8298dcc4ebfc80a8c52765e0e7a1d58fb7d0d64611230e652b65f84
chr22_500_guide_317	columba	timing	measured_2	0	1.012881	0.693720	0.272925	290440	1	199b4cdcf8c5032c951850e7cb976ec2771edcaac16079c8f1ad422ea45e52c2	c70dc325e7b0c997c11a7c8ed9c30733c490060592d8008d893d2d764785706a
chr22_500_guide_318	columba	timing	measured_2	0	0.809754	0.551556	0.154217	290468	1	b38f02456f345d872287da7f74b53691b169eb255cc35d11d103c308c700d2eb	80ee862860c0660e526ecb32b831aefab1ec8d289bb9d77c6b7b292513f4e728
chr22_500_guide_319	columba	timing	measured_2	0	0.758518	0.541055	0.169045	290492	1	8563fc61dbbd0d60d302841d7a8b30a35df84832e0dff341b56de54c3f033908	e3b0c44298fc1c149afbf4c8996fb92427ae41e4649b934ca495991b7852b855
chr22_500_guide_320	columba	timing	measured_2	0	1.012394	0.775634	0.178184	290516	1	c2e1e987296dcbb577c4b7951bfb8b1995247a8821cc87ff854132058dc825ac	e3b0c44298fc1c149afbf4c8996fb92427ae41e4649b934ca495991b7852b855
chr22_500_guide_321	columba	timing	measured_2	0	0.911008	0.644178	0.180320	290696	1	892cbd65261cab1dd9eba0484885dfe844de435deb75ad1f5e1f4399d276ae48	e3b0c44298fc1c149afbf4c8996fb92427ae41e4649b934ca495991b7852b855
chr22_500_guide_322	columba	timing	measured_2	0	0.819622	0.525117	0.187773	290444	1	396abb3fe32a2f2146132ac394667b66997edeab77b936030f6112ddf78f1c57	e04fc6de7a6e4079d2a5f23f2435a12e25959a8640b0f870f7222fb7b4a79fd7
chr22_500_guide_323	columba	timing	measured_2	0	0.960468	0.715621	0.183278	290484	1	4a6f7a313e251182f276be210f99075cb7bfa5275fa278d132ac27df6e713db1	e3b0c44298fc1c149afbf4c8996fb92427ae41e4649b934ca495991b7852b855
chr22_500_guide_324	columba	timing	measured_2	0	0.860329	0.582711	0.164952	290536	1	cbbe558a8ebcdafac709628c3f691e809429843d257c707fd153017cacda4ecc	5ec2d91ba95153551be1a9dd6b1c226415f9cb979acf771f59f63f27df857a0f
chr22_500_guide_325	columba	timing	measured_2	0	2.267708	1.369351	0.331771	291140	54	885e6dc120e84a6d00f5bd48654071f4cc6fc3caef5a17796a6fa4be89d995fe	ef22047db70016797b05d71e1a0e115a234488711d8b1f8fef0ee4f624c76b79
chr22_500_guide_326	columba	timing	measured_2	0	0.960708	0.621909	0.269764	290344	1	b2d49d7c3ccb583fac522482ca0d20527789ac77a349156625a99eff436ed534	c3ccb92ccd6ccae28e446e77aa8d27ef8d15de3221b12c2801681b5709265816
chr22_500_guide_327	columba	timing	measured_2	0	3.624082	0.571128	0.261390	290292	1	81f44fc4ec1edbc9b9ab1035ba9d69b00400930d5350fca627234e150e86c644	e78580db3d883b1289c917c76a5b8c3b9cea5003251b48b2ce65288ae0f35972
chr22_500_guide_328	columba	timing	measured_2	0	0.909127	0.673659	0.205034	290388	1	4802296ebbba9922a4ece696902be06427691049808ba406ed873a9a4a219f9c	5f467778f752a1aaed5df46d05a9a1b73450c302e12b8f1f7e33ddf845f2077e
chr22_500_guide_329	columba	timing	measured_2	0	0.910810	0.604701	0.235138	290324	1	53160558bcc9bae1eddb3a7544f10009a4e838edc9a42ac6c0ff63bb0706fc0f	0224a4d3dae0f7a9ce3b48b072f2a95211f8597428305ccae010ea87d8243779
chr22_500_guide_330	columba	timing	measured_2	0	0.858450	0.552622	0.247019	290320	1	d4d719db9cf60d1d26c2a77552cfa85928b794088821836441391b9cbf90324e	e3b0c44298fc1c149afbf4c8996fb92427ae41e4649b934ca495991b7852b855
chr22_500_guide_331	columba	timing	measured_2	0	1.111008	0.756521	0.211094	290552	4	f330912db02125dacc0ac5bd1e578661eda892e92fb1dcde0769acfcf90c4453	0b78666d40b77c54458bfd9b167a201cccc2682527108648467e5d2cbfd211cd
chr22_500_guide_332	columba	timing	measured_2	0	0.859168	0.542049	0.160622	290244	1	29c4772e4107ff2db3e3247ecda31600cd1ffb80dd80301655f834bbee283d9d	e3b0c44298fc1c149afbf4c8996fb92427ae41e4649b934ca495991b7852b855
chr22_500_guide_333	columba	timing	measured_2	0	0.910691	0.635348	0.243458	290368	1	0229a4fc79d3d37ddda05a4910899ff60fcd29aa41d3690d08b235deae1dd329	53b771ffaca11cb96d720daf7c16129376f1614689ba28d188fa0d0308cc5d07
chr22_500_guide_334	columba	timing	measured_2	0	0.960083	0.642129	0.254097	290272	1	3e06c516c97d7d73f713b948e4ae2d850b9f95bb21edf7115970f95a2a44c88b	93db122ebfc0a73cf6c20d9b51ea6666a41c5a1cf5e0a00d6afb80d831f93129
chr22_500_guide_335	columba	timing	measured_2	0	1.917853	1.182369	0.358108	290440	88	ef65e2128a6c9efe559f97150bc78e5ed436eaa44413d0bb04a64343a7057059	e63d14412a8418f0fdd6c0eb1502dd20a6662d2123498a94a6040e0009acee93
chr22_500_guide_336	columba	timing	measured_2	0	1.362817	0.836453	0.326200	290596	2	50ccc63b38ee716d2737d977e6f3408dfce387328b217e21703d95388f86432a	0966ab5ec1213b02b153ee82c641bab4718043a57ebf4ce0d2e0b8691d57df7d
chr22_500_guide_337	columba	timing	measured_2	0	0.961541	0.660965	0.241613	290352	1	55435a5f33dd9d0e307a3acbca8e33480145e2cff41751aa697bcad2c269889e	e3b0c44298fc1c149afbf4c8996fb92427ae41e4649b934ca495991b7852b855
chr22_500_guide_338	columba	timing	measured_2	0	1.010423	0.645515	0.264462	290208	2	d39c5b6762aa09453e14f55e106ab300ceb4955ee3d73b381937cbf2220ed042	fc6bbc4c65e692473cbf32ff151557635e2d1dd99e4b69c5ee3da000a109cea9
chr22_500_guide_339	columba	timing	measured_2	0	0.960502	0.657213	0.222242	290416	1	b5a14cce7e770e9c1ee2fef328720dcef66c7a959853bd5a6a6adf9fbc70ffb5	ca4042a4bec12c6a1456ec7111a9014fb1d93da6aac168abb36562b78b298793
chr22_500_guide_340	columba	timing	measured_2	0	1.060994	0.642049	0.233870	290712	1	922985e3fca731f38882f32a1706760924853766b2a2e0c607c0dae6f012035d	6a088638ce6e865966aae3464c05d8fdc6f4bb2d80f44dedaf11925139f52a40
chr22_500_guide_341	columba	timing	measured_2	0	0.961455	0.623762	0.265434	290288	2	3bd1f323efe85c2f37a859fce595f3ff2320d8c0883de95c26c97bab5696f5d2	402fe40b3e1ef085bb67ac5bad67ed18a4d327a286f3b5e235cc59c2b03e74c1
chr22_500_guide_342	columba	timing	measured_2	0	1.412568	0.873273	0.314358	290248	143	4a1c329ce2989dab797f0af0ed1ae3e483324c103367e0da646f2635ee6ce1e9	3f1b867e1c7c708d631aaa5b4aa7e1e18fb4fe9beff07e272f9fa4746b970ba4
chr22_500_guide_343	columba	timing	measured_2	0	1.011106	0.665127	0.263826	290352	1	77885b288a794217926cbdc3f9557271a5584ca0a3525a33368ba9dfa0f79c36	5d430161443a2a46da19dfd91300b023436381d8acde81bd4858cc16663951ac
chr22_500_guide_344	columba	timing	measured_2	0	0.912522	0.617354	0.270535	290416	1	09e462275331cba68859c5b638f2ddc6ae613f21f1d352a49196de190eab4a63	8d4f2e80016689bb5e885622d34cf528260025374609a6f5c85941d402b66a80
chr22_500_guide_345	columba	timing	measured_2	0	1.060626	0.736613	0.244366	290288	1	b14e82166f74c064cc827ea6c2c7ecb58202c27a7e48eab02878079d65a0b1c2	e3b0c44298fc1c149afbf4c8996fb92427ae41e4649b934ca495991b7852b855
chr22_500_guide_346	columba	timing	measured_2	0	0.959729	0.615604	0.249143	290376	1	c1578e221280fa40949a92a15ecf9b403390f444d83730224cd36b3639bc9cfd	14b97861def5e12b2b025196d75a8ac024ee0a78f0be084cdfab57faf0ba20d8
chr22_500_guide_347	columba	timing	measured_2	0	0.808172	0.566237	0.192334	290532	1	fd3ecc223334a0f86c963a7df372cfce5e93a87dd0ef90a6c46e2780fd37a308	3b246db8c8d570bd79df0ffc06cdeb1fef9b15e5e9b440ff9e7c0d2c4e09f198
chr22_500_guide_348	columba	timing	measured_2	0	1.010990	0.677936	0.218324	290580	1	555a66e1753526673117e366fb233c844df0cfc38a64971866528e20e52f4ca2	daf225fd739240830663f4f6fa1add420c3d409ae734e31ecd3e9a98f65456bd
chr22_500_guide_349	columba	timing	measured_2	0	0.960268	0.671642	0.221260	290328	1	2812e7c58993b0b84d9ed9b8583c00bfe201048e2de143a928f4bb50f26d68ca	86cac9a80ffac89152c7302e8a38fc526a28e142d2db6335cdf7f010a84d5c52
chr22_500_guide_350	columba	timing	measured_2	0	0.864102	0.627084	0.202960	290296	1	690363745e23b36de9cf8198ae1a2f9b36e8aea59f5c0d77f85a6a355dc64483	dca175bac14d376b3d38e1f13518141d59e090abdd2408aa19291095809dbc84
chr22_500_guide_351	columba	timing	measured_2	0	0.859426	0.636703	0.203027	290488	1	4289dcb5c2a6d1840edf8b185512e1412c3489db3a0bc4685ad3b715bc63461e	705dae0fe269c44ac046ec2ba89b5d0e805c8ee78b3582f8ade637f0f3666199
chr22_500_guide_352	columba	timing	measured_2	0	0.860924	0.651314	0.183834	290392	2	f2d0b8b9fe9956bfaa96c3ee3b5f5055928c86e9032a49d79bb0fdc9103d993a	3ccc60558c4ac2af55e0a7be97b9b79ed9bcab8ee0202db8e23813be12f662de
chr22_500_guide_353	columba	timing	measured_2	0	0.858241	0.631340	0.148495	290592	1	db50066ab5215e0ab40715d3e84c765c47977eb5d92e2f74fef9a37ee0c19f96	e3b0c44298fc1c149afbf4c8996fb92427ae41e4649b934ca495991b7852b855
chr22_500_guide_354	columba	timing	measured_2	0	0.808198	0.610183	0.168646	290668	1	a25546c9bbae8cdc0d19e70bfe3c8882004a3d36efa6d3e1a8f84d71f02d3a3f	e3b0c44298fc1c149afbf4c8996fb92427ae41e4649b934ca495991b7852b855
chr22_500_guide_355	columba	timing	measured_2	0	1.262233	0.780788	0.190857	290588	1	8a75a85488ad929f0680cd3aa83ddfd5294134a2984494dc614768a98595757f	e3c890b567359966a979593cd6f26e84b0e4499d960f795de2578d207ff1c93b
chr22_500_guide_356	columba	timing	measured_2	0	0.808609	0.605964	0.176566	290640	1	867385907bbb717d91959186236ef4b8f9435d870da655ff1762344f446ca85a	e3b0c44298fc1c149afbf4c8996fb92427ae41e4649b934ca495991b7852b855
chr22_500_guide_357	columba	timing	measured_2	0	0.909336	0.669345	0.183203	292536	3	e92ae9c88b8f12941d07537ab79c644385376ff1dcb918357c6c15bd0feddba1	3569ab7a23d0e7159deaa5429cb6ee66d140f3240f4bb91358aa683f6e2fb990
chr22_500_guide_358	columba	timing	measured_2	0	0.757677	0.555416	0.182568	290448	1	a7389bd954eaa7a8f7c3e448a2ff3a3f4ef011b680d833fad933fd884d099eca	9b7501725ac0e846ebbf11d00696dd347ff96cf1e9b93286935af165a5a8fa66
chr22_500_guide_359	columba	timing	measured_2	0	1.063603	0.714947	0.277759	290284	1	67f8eaad6970d67a23b137b039edd8958c127a6240cb405f3c0d44d014269abd	2e82844d3946a864766661226def508efcf2767f83a01a4d7d9897a9c2e53719
chr22_500_guide_360	columba	timing	measured_2	0	1.362900	1.005039	0.228954	290916	933	ae4db361c45dbca965229ee02a5cccbf98ae522f0092d3e12e65280367cef806	055b5e3fa180e4446e09732291e36376f23df8ff4960d2cdc51713cca90ee10d
chr22_500_guide_361	columba	timing	measured_2	0	0.807598	0.604732	0.168382	290448	1	10c56888dfd2bcc3e5d0675d9a8e316b6ae168a941759f3370757a5730f843c3	e3b0c44298fc1c149afbf4c8996fb92427ae41e4649b934ca495991b7852b855
chr22_500_guide_362	columba	timing	measured_2	0	0.860679	0.597670	0.195802	290492	1	ae0e1999294b6c0fe52b495744bbfe62e218ee6d3c22e776bbc769dcedf3d0eb	599f8a4b745068bd678ffa5483fb43c31be7bbfae1a254c74af9ceb50d56c24d
chr22_500_guide_363	columba	timing	measured_2	0	0.760463	0.535981	0.131980	290468	1	850390cf00e784716c531f5e64380876ff07596af289e7ba34bc096bff075ecc	f44e84d998c57621965bbb72ae37ec201bf3185e3f28563924ad182f849d8046
chr22_500_guide_364	columba	timing	measured_2	0	0.860953	0.636615	0.190746	290600	1	74ce4e0f24c8c5bf9ff04f0abd30cb25e9cfa613e2689424b2f777753af8809a	ee67cd10975d34d2d4f9940ac3a1b877f337b1e31d14d7dd015bf989935a494e
chr22_500_guide_365	columba	timing	measured_2	0	0.808425	0.537644	0.155888	290500	1	7711156130fd328754eb2f08bfcd7ecb1894492aca3fe7d1aa2b964ffa029648	108d78c8668187681b1e3962e3287f5f681fc0cc8dd759cd5383ae3b1023da1e
chr22_500_guide_366	columba	timing	measured_2	0	0.860929	0.611982	0.201171	290652	1	23700230984e70232e9331c81d6527a76bbf30918c396a14eb70f853a92cdb05	2748dc29372d3202528e1826d4db12b5386fe6ae62ded1da9fd7ad1f6978007a
chr22_500_guide_367	columba	timing	measured_2	0	0.860179	0.597402	0.202126	292660	1	eafc7cf8ee809fe80890b34a135f0b6a144b58d1c39489c64df9d2821704064f	e3b0c44298fc1c149afbf4c8996fb92427ae41e4649b934ca495991b7852b855
chr22_500_guide_368	columba	timing	measured_2	0	1.363363	0.917169	0.214083	290516	15	97f0d8858f903bcb6a054b2a856681ae3d750161733d345ff4336bfc33819503	47727314b57ea803c5a3fa2d696319a895d425c026877c7342ec66d95555ff9d
chr22_500_guide_369	columba	timing	measured_2	0	0.809650	0.621269	0.156942	290528	1	08c5984412b18c370e990f17b4bc5ad2cbed1f4c3dfedd748d4e1535a3fadb1b	e3b0c44298fc1c149afbf4c8996fb92427ae41e4649b934ca495991b7852b855
chr22_500_guide_370	columba	timing	measured_2	0	0.910142	0.638674	0.187175	290596	3	fea931606683fcad854ee83f91f0202bd096d1da03921b3877e5220db0c82a5e	7f5277a767f0a6275e70f272cc6f138af107412b0816bc015184a3d706c76196
chr22_500_guide_371	columba	timing	measured_2	0	0.757863	0.494387	0.164952	290620	1	2d5e99ae0c7bcb58f0b6b71473c477ba54d8c8724c2758627a6c66d26e4c8657	79dbe6e1fc0f2e471a11f550a44f46787fb0c808d6a2c8e755f1e5d11f718675
chr22_500_guide_372	columba	timing	measured_2	0	0.708046	0.506697	0.175739	290396	1	03c6b87f8e111baff737d699832be31b9947a70427c85b014752cb5b542a2eed	fde8f9047a757b2080a3b24c6cde1ef943597a66564757cc3f8590076e1cde15
chr22_500_guide_373	columba	timing	measured_2	0	1.161387	0.800785	0.174664	290640	690	2354f825ce61636eff2ebd9b9f04785099b672e2778924a5bfbd006333613cf6	7e96804198e52de0cf9624d7983a3fce1c16d78c3101a89c4b2d30f13556ce60
chr22_500_guide_374	columba	timing	measured_2	0	0.808359	0.602005	0.150030	290452	1	c3fc24d7c32679e1bb8d0997359e61e66898f2661248e500254761c6363bc345	171e6521f745b44a2a23c6f5a6c5d268c785a5c1ec8c8da9f889737df19e5d0c
chr22_500_guide_375	columba	timing	measured_2	0	0.808992	0.582513	0.195678	290596	1	030ec29164c173123d1d27dfea06a9700f90b3ab218d4b0a8e8aef3c9e9126f7	09ec3c94fb92b2cf79020ad621a063aec28830d915cf45ce11964b222973bbc0
chr22_500_guide_376	columba	timing	measured_2	0	1.011226	0.690743	0.251775	290192	1	7e19f347dbb159b99327c48f045135540fc5a7b2a7ee081802a3916d383f8976	38aa84a1303479d4a92281f2cf630fdfbe063a8edf4ea51f6c434255c99ecb9e
chr22_500_guide_377	columba	timing	measured_2	0	1.060476	0.733938	0.231345	290424	1	55a3f7499e0cfd7e01d39b6abf5895c90ab0b4bd0a5fce5f05529c08d2547f2a	d1005f28be7d115fe33004a506e0b0c586f011efeae99f9dff00bae13b354460
chr22_500_guide_378	columba	timing	measured_2	0	1.917731	1.225553	0.368921	290468	38	ca302eb1021b149cad0aa565a08684a3f95b4dc2d440c7d21ea5b8af132306eb	1486cd8c9af853f27a3bc3677c2cd49263a916b45c25f5b4df6be61b5d3536f6
chr22_500_guide_379	columba	timing	measured_2	0	0.959302	0.651897	0.241682	290336	1	5aa69e89a9ef985351b79202bc785b14f8909565c64344816b590744c39c799c	989e698d1c4a4d18eef9f47f878d8779ebd2e6807c818bd4af6354228c6d2efa
chr22_500_guide_380	columba	timing	measured_2	0	0.960721	0.644098	0.252840	290304	1	3696847df4deac858a26ab0acacdd39fc23eeee62d5f8c152b739c4d558ce954	e3b0c44298fc1c149afbf4c8996fb92427ae41e4649b934ca495991b7852b855
chr22_500_guide_381	columba	timing	measured_2	0	0.960497	0.640282	0.259882	290276	1	66e0ad380442bdf04037ab83d0949141edf92e5a350d869acf3f12e9e0e18df5	2fb03fc1942657d9658373b9bba607d1b3320fd14208eeebab4ae70cb3a42551
chr22_500_guide_382	columba	timing	measured_2	0	0.809230	0.536542	0.225992	290428	1	334ed3775f29c2188d7fea058f91103c4d4b121f2e3c2fd6f915633ae391b52f	c24021f8a8c017c17733db2cfa13c322027ef4a8970fc1c94b942d47a2f24ca9
chr22_500_guide_383	columba	timing	measured_2	0	0.859751	0.601835	0.227443	290284	1	e3869c3952dd0b0eb3e37141b1040c6f25b82c4e398011436f2219c75f8febe8	b9c553e0ccfe2ce660998762584c8775fddbac678c08f7828037c9b6239ea576
chr22_500_guide_384	columba	timing	measured_2	0	0.859025	0.556980	0.234556	290220	1	d0f1f0ccacb8155b15cbd0aae71b84ef21dd4b82cfa458fe2fe387cdef067e94	236eaa49e75beec8f2cc3caa11fc71b5065921bfe6b88d38ecb9b85b86474d1c
chr22_500_guide_385	columba	timing	measured_2	0	1.010444	0.648947	0.224835	290716	1	c8af66ce12fb1c3e40ec64de1e6fe4633665b6b60f3b1cb98347963b883658a6	13b42682a37b685b307698d62a4936ac76d467106243c3fb2e79d8f27544b17a
chr22_500_guide_386	columba	timing	measured_2	0	0.967566	0.675463	0.232982	290620	1	250d9437844a88773662267f23ae1f91e8636f98a0f86b6c48484d98887d9e23	e3b0c44298fc1c149afbf4c8996fb92427ae41e4649b934ca495991b7852b855
chr22_500_guide_387	columba	timing	measured_2	0	0.859001	0.669439	0.146307	290444	1	a909238b05dda7cb5d453b651946c3f21b89303ee28398c030999e7ff3980c4a	e3b0c44298fc1c149afbf4c8996fb92427ae41e4649b934ca495991b7852b855
chr22_500_guide_388	columba	timing	measured_2	0	0.909348	0.650179	0.198407	290272	1	b32f95b3659bdf5efde0a545c93605a84811e1f51637e98948f88b66e0c918a9	e3b0c44298fc1c149afbf4c8996fb92427ae41e4649b934ca495991b7852b855
chr22_500_guide_389	columba	timing	measured_2	0	3.821826	0.648503	0.173983	290264	1	f8eaf62cda887424db5ab9182cf8cda1f095c522200d8c7053494e3cd3f0013f	896c23fb2a489fc9583d5e5b9e6c0022e88f6731c19230f066426912970c28eb
chr22_500_guide_390	columba	timing	measured_2	0	0.959931	0.623321	0.171914	290504	1	49a680215bc86d76c112afc22c01ae23139a059bb99b4c5bb7a9277777d15b2b	e3b0c44298fc1c149afbf4c8996fb92427ae41e4649b934ca495991b7852b855
chr22_500_guide_391	columba	timing	measured_2	0	0.910915	0.599781	0.181884	290444	1	c21b67904c7c4e4e487bce9bef7d7a8c1f63a73c6fb931f2b8148f858e585517	dd28c7db25946f59b7d8d9c315bb313f8a087cc04b94318bbb9d47bfad45f561
chr22_500_guide_392	columba	timing	measured_2	0	0.758380	0.536489	0.150427	290492	1	62af6dbf97486ac949ef3ab898566d88afe47152d399c78e5d7b872f755770bf	dc42588f31d676dfd51273b514e75d9234e0f0e23c5da22dc376def453788a58
chr22_500_guide_393	columba	timing	measured_2	0	0.912310	0.633082	0.221431	290308	1	3719b9c87eb26bae46571444132aecd72ec6971081ed8592128ac8081655f637	ba8e3024a8dbd3ab92f3c3efd62af4339a44a56f1d02bd2d31d752a8b26c0e77
chr22_500_guide_394	columba	timing	measured_2	0	0.809010	0.584667	0.120068	290508	1	3c3e23f0b752c439ab97e64bef2a4113aa18f8d8cf527c29e6927a6e204121a1	09a651b3004ee11edf404b4540c688a527e6879814c29ce97f4c75c377bd80d3
chr22_500_guide_395	columba	timing	measured_2	0	0.958859	0.615071	0.268462	290448	1	ede3ceee5da1cbf4355f6f21ee507d425126143830cc60dea7e0c7937667a8bc	ce49cb1aee848c70e76b9bf94ca52bd0f39393c3e52003ce42c879cab22183a3
chr22_500_guide_396	columba	timing	measured_2	0	0.960392	0.648345	0.262501	290384	2	6a49b8eaa1819f1494925c174a6d3c9e04b8a6b858f87644be03b5e3218bd567	8668d29c0d00b05858b4982e45acccfbe689faaf7c9ba57a4c8ae9056d4bb60b
chr22_500_guide_397	columba	timing	measured_2	0	1.013096	0.677678	0.240101	290308	1	5d54478d4376f895371f8d339b5dccd454974991171a09a85d4673e7f8e0fcce	200d5cb18d308e1b596c2e57e4597fe09c608c7454ffcd8b01ec62052a34f0f3
chr22_500_guide_398	columba	timing	measured_2	0	0.860368	0.625531	0.165767	290752	1	5c9d989f365df1d424483a28cbc77093b089ff7ebee8cd46972f309ff0b6db17	2f17411719ddcf823a39fa8532b48978e18ea71b4f65cc71e1b1d51840c18def
chr22_500_guide_399	columba	timing	measured_2	0	0.962209	0.664315	0.177582	290416	1	aed3025f5878f3f627cc0e24560dad556e9470377c3f5e6f682ae922deceebb8	e3b0c44298fc1c149afbf4c8996fb92427ae41e4649b934ca495991b7852b855
chr22_500_guide_400	columba	timing	measured_2	0	0.911771	0.697706	0.180108	290476	147	8f057bc04afcef83ab0c8e0f28c1c32ed1e3fd0dbc8a1dc5f417e117852ab05d	e985c5eb551d6356d5762eae457d4818dc87e79770f01b55801cc0cab9666cee
chr22_500_guide_401	columba	timing	measured_2	0	0.960342	0.646445	0.246097	290224	1	574130b195313d28babf956f57ec6cad7babdaa442fd51fc95c6c4fe01874730	e3b0c44298fc1c149afbf4c8996fb92427ae41e4649b934ca495991b7852b855
chr22_500_guide_402	columba	timing	measured_2	0	0.960024	0.656740	0.232057	290428	1	6885aa6e1f736a3800e5b8e869b1130951942bd1a6cc0d1a25a536d26fffc928	e3b0c44298fc1c149afbf4c8996fb92427ae41e4649b934ca495991b7852b855
chr22_500_guide_403	columba	timing	measured_2	0	0.808716	0.563573	0.210136	290364	1	60f8b2bdc588b6b13527c78acc609879caa8defea9c72ada132dee63d52ad9bf	e3b0c44298fc1c149afbf4c8996fb92427ae41e4649b934ca495991b7852b855
chr22_500_guide_404	columba	timing	measured_2	0	0.910112	0.625745	0.231551	290412	1	e0db171417b9d617b25a64277096c843a4bac7911334e46ccc8a3338fdf0c0f5	f2d8286b2b5cba83981d2af701b8847d4fbcc2b396b39e5c9f41b2cbd813b8d5
chr22_500_guide_405	columba	timing	measured_2	0	0.859271	0.588480	0.177903	290492	2	4569698d5f1eea2d0e21201f084895461a4fa0ad0bd743ff89296ecc28b8c92f	e3b0c44298fc1c149afbf4c8996fb92427ae41e4649b934ca495991b7852b855
chr22_500_guide_406	columba	timing	measured_2	0	0.959877	0.631688	0.166142	290460	1	01fd169b93a95edc4956f61dcb9cd8ef7872958fc48ea50bc5f16e92ae9e7cc7	e3b0c44298fc1c149afbf4c8996fb92427ae41e4649b934ca495991b7852b855
chr22_500_guide_407	columba	timing	measured_2	0	0.867555	0.612818	0.171998	290452	1	4efa47f300dbac5583b98c9f2679ad02d98d6d8e72976d6e2a1249fe2d685eb4	f375403c23d55ea27ab856c0e75ee1a44c23de9c28a708b2d190156d92eeca36
chr22_500_guide_408	columba	timing	measured_2	0	0.860903	0.624196	0.163775	290520	1	8aa0d629b648d54d65dead9f626b4f79b04416d14abcb761ce6f8afd4c8d5a02	e3b0c44298fc1c149afbf4c8996fb92427ae41e4649b934ca495991b7852b855
chr22_500_guide_409	columba	timing	measured_2	0	4.125832	0.761648	0.171708	290520	1	2b4fb62fff6dc125549ec78c24c4284e9baefb167f735d57c29fb7fa1377fd37	2d50f84b6ad3e8a16f9640ed487a7d2815f9c3b2d254cea6443f3878cb008dd7
chr22_500_guide_410	columba	timing	measured_2	0	2.670825	1.499058	0.483225	290828	19	d7935db724d2590aa42d14557607d9530da5f0a024bfa8c1b2ef51906a06692f	6bd9b57c39d426e1f8a0345ee7d0cfb0f7105ef1ce9135de4bb7144d404bb9fe
chr22_500_guide_411	columba	timing	measured_2	0	3.929848	2.295848	0.568832	291464	70	499e4bf17f159494f38ac952b3b30c7c711818602b1f3034d79b3f9dbd43fca7	fdb15482fe5ea0353179a276eeb770dd5d9559a083081f6975fa5e382e6b36ac
chr22_500_guide_412	columba	timing	measured_2	0	0.910939	0.619712	0.230205	290472	2	b71525c5999ec941808f42e2e7232f05c38284832a19e892758fb4125649d7b2	335ce1159587f90ff34a0d336e1781adcb0a334a8b3649291877403667fe9578
chr22_500_guide_413	columba	timing	measured_2	0	0.960739	0.669772	0.222774	290176	1	1da030b92202db00fdf4fa746fa0de1c56a74c6415d7abf8e6e634730c0990ca	e8d6de60c3ba05b27001c144755f4d3ad082de5cdf0fdf5e9cf6b7717422195e
chr22_500_guide_414	columba	timing	measured_2	0	0.908837	0.683249	0.180717	290664	1	dc18e7565a147dc0468401f11a1aec5c441da305cffc4f6068bf0abbeec51b24	ce74bdbd63ca7ca7425c912fcb7a3ee46b97f11171233b4ad944428469beaf24
chr22_500_guide_415	columba	timing	measured_2	0	0.960992	0.667405	0.233255	290260	1	8e4f5083c2024a772ae064b2a50dda44f56d59a9eb501cc86d2d66e0f1289d35	9bc00fd253d069fa090442d7f0fb4c87032984be5c2a9c2586d2fd927d967488
chr22_500_guide_416	columba	timing	measured_2	0	0.909853	0.635136	0.229761	290304	1	4ad6a29fbc0b47bcfe2c01e5aa0dadb830813fb301aa125f8326472a10dc2471	e3b0c44298fc1c149afbf4c8996fb92427ae41e4649b934ca495991b7852b855
chr22_500_guide_417	columba	timing	measured_2	0	0.908781	0.536439	0.216045	290404	1	62cc8aeb4bf28a1df53587ae2f74a5e6f1288ede9db90aee0f72abe8f5f3a9b6	87049b76af767ec02ba1df539670a0b29d40ec17e245542a6e7b7b878e103dca
chr22_500_guide_418	columba	timing	measured_2	0	1.464217	0.861989	0.319075	290496	59	85f162921bfeefc97d3de55dbe3f97c5f8f6192ca4eb2dd40a561a137aa14173	5b15e8ffd7e3dbd341b4575d46e2dae3dfaa6a747317a1348b5b7768a37886c9
chr22_500_guide_419	columba	timing	measured_2	0	0.860754	0.644314	0.169678	290648	1	8b4d19c546d86b7a041d4cab724163d2f559d5bbd6dec136726c5a5edeb6eee1	f48ab7d2f02c45ec65f90a13333d2b4eeeb4449d5e773698b92c83d5940d2b1c
chr22_500_guide_420	columba	timing	measured_2	0	0.961337	0.635968	0.204208	290468	2	ee3652d1b1446d7dfbbfd9858af8a0c9ebcf8ac5ca625d77d1520fcf2b7ad846	c6def3f0ce68671eabc286730e419496932a303eafcae9d96311082c7ba486dc
chr22_500_guide_421	columba	timing	measured_2	0	0.859393	0.641371	0.179518	290472	2	591c54666dfecd5791fe286b82e7feca29c4c5cf48b651910162ac7317e74c84	c1f64eecf20719ac873374da61948e32eba605cc039ae6073990331a7d35b460
chr22_500_guide_422	columba	timing	measured_2	0	0.860571	0.583095	0.167407	290476	2	79922e4ccae711acd4c3a77469bc5b0e294bfeaea9fb20c05241da4334d7cbc9	f78667274ca1336417d5d6aaf18efb15436db3e7b023ba39e7a5ff440752f94d
chr22_500_guide_423	columba	timing	measured_2	0	0.863942	0.630596	0.168013	290524	1	886f21508ef43139da65b3307d412b9c43af12390fb60b152be51f2961337117	e3b0c44298fc1c149afbf4c8996fb92427ae41e4649b934ca495991b7852b855
chr22_500_guide_424	columba	timing	measured_2	0	0.911578	0.628955	0.128856	290328	1	532477fc4faa3f4f69315f7dba2d04ab90953c2c448e147b198a08dd360f39fc	e3b0c44298fc1c149afbf4c8996fb92427ae41e4649b934ca495991b7852b855
chr22_500_guide_425	columba	timing	measured_2	0	0.911898	0.601230	0.144444	290536	1	faeff617f365f7f7cd0dd00c539f34b67b3dd81f82a85e89c41ed578516099f5	e3b0c44298fc1c149afbf4c8996fb92427ae41e4649b934ca495991b7852b855
chr22_500_guide_426	columba	timing	measured_2	0	1.063024	0.749846	0.237196	290280	1	395d0cbf64200bcb6eca014619ea92462c25e08973e7212d07f4d64d62a51189	9ecaba29ded4b0d1d03f7d309eae624e9b4effea0e3257d0bd0b9aeca0bbb64e
chr22_500_guide_427	columba	timing	measured_2	0	1.062317	0.656968	0.214960	290416	1	36112c32c710f17d0fbd10979505f5d7a5215cd2ad64520ac74f8b537266216c	e3b0c44298fc1c149afbf4c8996fb92427ae41e4649b934ca495991b7852b855
chr22_500_guide_428	columba	timing	measured_2	0	0.910732	0.641334	0.183642	290508	1	b49d937c3f713b95c07b0df4983659c5531f5062b2c8b309c93edf95c5d33253	fe8b505978787bbd7a6d3b5268bab52bb800793326eda2f064520359431dd393
chr22_500_guide_429	columba	timing	measured_2	0	0.811137	0.607859	0.166585	290552	1	2ec43a3a14908487e4da93624a407c3b7f19272d01e1812f2764b52f28ae9ae9	73ce423ffc92f5f5e6b442698a9f7888d6c08b821780197741ee0d5e7ca07afe
chr22_500_guide_430	columba	timing	measured_2	0	0.909907	0.693629	0.165403	290400	1	a39d953b063860baaa128981774a27431eda978fc37949bc65f2cb01ed3bc55a	df3ff8cdcef407782a7e9cec32e76ccc82f5f7ba958b51fcd8f1bddac7e1d61e
chr22_500_guide_431	columba	timing	measured_2	0	0.759316	0.566432	0.161083	290568	1	4e671a38249a3b235de336c42d1952eb9cbfb6883be90588a0a03c1c10b6bebb	e3b0c44298fc1c149afbf4c8996fb92427ae41e4649b934ca495991b7852b855
chr22_500_guide_432	columba	timing	measured_2	0	3.224069	0.701090	0.238517	290584	1	32298278cb6ff6636d2515a3c62ad9ef6a2566d429dc65a2563a46e879c0f415	e3b0c44298fc1c149afbf4c8996fb92427ae41e4649b934ca495991b7852b855
chr22_500_guide_433	columba	timing	measured_2	0	1.462203	1.005271	0.203004	290796	5	7299c25e9e9229b69fae4918dbd7a3d10cf292aa3a5ae9e727231b52918c4ec1	e022cf39cf254e9d5e76a228fc4449c3751d849c1fa8e8eb5b7d348ead9de8a8
chr22_500_guide_434	columba	timing	measured_2	0	1.412684	0.839014	0.255406	290508	6	3d86a983e1bb53d361b20def5e1bc28e952352dcec81b88aacf39a93f87c0638	f2c83a50ee020abd2071daf544837187b8d538e5ba28c33238e605b22e8b8d6f
chr22_500_guide_435	columba	timing	measured_2	0	0.809326	0.623477	0.149606	290588	1	16038bdcd50f85ce0a4ea6efea47731dafa305bb4bacdd999a696aa8fce480a8	37abd8bdb82e1a5862037257d934a15a429ff5e431e94cc140058315515fcf04
chr22_500_guide_436	columba	timing	measured_2	0	1.061739	0.737168	0.266696	290268	1	b1ba996fcdf443c50ed85ef5e151eb2c859ed3ad0d425e25cdd737554a74fb66	e3b0c44298fc1c149afbf4c8996fb92427ae41e4649b934ca495991b7852b855
chr22_500_guide_437	columba	timing	measured_2	0	1.111904	0.770086	0.268918	290316	1	36e9d38b2d923f897d6e2a53db577c6fd69c1d15750199d51b2165f6f7da9dd4	08ee64bdb9e2670b8ef166295b09bd5db537c33891bc5cfbcdec1ac2530151e8
chr22_500_guide_438	columba	timing	measured_2	0	1.012057	0.664482	0.246516	290432	1	7b9ea615f9aa7e046adebd0e63adf8ebdc63c09e2a683a13ae5b9e9457fd8152	000abe2ead510b1e81f85058fe4a2422bdd56dfa268e082b10ff250075738f0e
chr22_500_guide_439	columba	timing	measured_2	0	1.062697	0.752874	0.227982	290344	1	0190f0e84eeb95df6b5df5716b62537156b62b0d06f75ce0d84a290b7aa01e5c	b896919ab6bcceacc3f4e846827a23dc333234532f2f06ac14a1d278d6db1dd5
chr22_500_guide_440	columba	timing	measured_2	0	0.909988	0.662745	0.221801	290576	1	4e987bd4a59588a3e2670ef83a8c80580f551f01774158544976def06a148b63	e3b0c44298fc1c149afbf4c8996fb92427ae41e4649b934ca495991b7852b855
chr22_500_guide_441	columba	timing	measured_2	0	0.860428	0.634658	0.160822	290392	1	54ee762514de0802a27df6c1af3fc83fafeedee43a6a9a9f5c8ab4b9ffbc2983	21a5c8eaf72efbed526f9dd9050f980153533010c0ad5c3822e2271f1728b5e2
chr22_500_guide_442	columba	timing	measured_2	0	1.010572	0.680650	0.291839	290180	1	ef3c258a25c35b787ec480cc4cdb3290a24d2941ff110cad9b9e40c1a9c2819c	e9dcd42f42ccb17ebf0879cdef15319487296ddb019fc8c186cd06266a5afc51
chr22_500_guide_443	columba	timing	measured_2	0	1.062209	0.745912	0.236502	290328	1	790719bd8847db6a942f261864ea37c0ec15f7a4f400e0bd1eaf31a8e659f354	5747958b98329bf390adcb88fe0c55df552279978269e4428317edf8497c35fb
chr22_500_guide_444	columba	timing	measured_2	0	1.011183	0.689917	0.271578	290312	1	ed405985e5d0bc3cc4bbfe39199e2d58f5774a7a47a5d2ecf9175eacabcb490a	1186a57cc2b9625914c20fee5e43b2f5cf9d4c26205f4a86599eacb7da95d2d2
chr22_500_guide_445	columba	timing	measured_2	0	1.010651	0.701529	0.242871	290356	1	d34c378716f257e185bb5cb139c57e699a09f1073521990fef6b3c76f400769b	1b6acd9255bbf0a03a5cf8ee50f3199edbf54b5e0a946935ad20dc062f070c0f
chr22_500_guide_446	columba	timing	measured_2	0	1.060523	0.715859	0.238713	290384	1	54483d7d719636ef82e5f65aac8636a0f5c68fea1e6f0c1096ad241066c4066f	db91d4b93d32bd9c59528ce677afec541e6e97b07a5461ee238500bb160c809a
chr22_500_guide_447	columba	timing	measured_2	0	0.808535	0.556318	0.177099	290556	2	0943e41f522eda2a3346af0db05e414e69604c28d94199ca4f075a633db117ba	e76b74ea006f9ca50e69929940b1bca778c7576b439207b0a49cd6bcbcebef86
chr22_500_guide_448	columba	timing	measured_2	0	0.758207	0.528436	0.143900	290584	1	af0e7d04b9032b6ba55a507cdc6196da5e7f3adbce117a38bb6ba2d2fb078cba	bb969d4b02ddd34c284543e306e202b2336d7575aa86daa3e6466757c09fd92b
chr22_500_guide_449	columba	timing	measured_2	0	0.759904	0.589287	0.104254	290416	1	e8367625cb9c97ec27975858ed7924135dd7d288bb56eed2c76e0d9bc4e5713d	e3b0c44298fc1c149afbf4c8996fb92427ae41e4649b934ca495991b7852b855
chr22_500_guide_450	columba	timing	measured_2	0	1.062532	0.751123	0.228883	290312	1	2ae6d416707fe71130cb2b7d3e365409b98aa031487d875b6091675f3f98e6a3	e3b0c44298fc1c149afbf4c8996fb92427ae41e4649b934ca495991b7852b855
chr22_500_guide_451	columba	timing	measured_2	0	0.910445	0.668009	0.215767	290320	1	9eb0735b9bb6914649d66118c5e11946fd1c28f2f4ab317728d097308297e6e9	e3b0c44298fc1c149afbf4c8996fb92427ae41e4649b934ca495991b7852b855
chr22_500_guide_452	columba	timing	measured_2	0	0.910374	0.669519	0.222140	290444	1	caa33e4a34bebd20f093ad8c057e31eee06ee3c0812711a5e984996ec3d44dea	e3b0c44298fc1c149afbf4c8996fb92427ae41e4649b934ca495991b7852b855
chr22_500_guide_453	columba	timing	measured_2	0	0.911831	0.578507	0.183084	290516	2	cf53e5c0ba2549b95ad7cc66f6caa57165a2d7ef971b8448816c1f5189dcba42	99ee76e9b64774c9369be8a6f72c896db95e3888b9d30ddcbc455b25e12e4601
chr22_500_guide_454	columba	timing	measured_2	0	0.910096	0.616844	0.253483	290612	1	c0ef84c923d1575aebfb474d6b0b9a489622223e07ca9c1b3dad0154c8b192f2	e3b0c44298fc1c149afbf4c8996fb92427ae41e4649b934ca495991b7852b855
chr22_500_guide_455	columba	timing	measured_2	0	0.910561	0.649728	0.234663	290380	1	39b13c0090e1f7f870c746fb96e5c188a646262e69c8ee9de2a349db812a6b7c	64c92e29a7f88014fb362e217f604f66dcc5222abb7ceaecaf89799a92742638
chr22_500_guide_456	columba	timing	measured_2	0	0.809040	0.590460	0.196977	290308	1	66f40ebb678d2f2bfd77dd7a61e3770095414767dee777d47bb89cfd112d7a94	e3b0c44298fc1c149afbf4c8996fb92427ae41e4649b934ca495991b7852b855
chr22_500_guide_457	columba	timing	measured_2	0	3.671762	0.624545	0.183396	290628	1	a8ea62f296fdaae7567af8f86405abdc3f234652944e90572bd9ec8d12ebe699	e3b0c44298fc1c149afbf4c8996fb92427ae41e4649b934ca495991b7852b855
chr22_500_guide_458	columba	timing	measured_2	0	1.061022	0.618415	0.223167	290308	1	36dc22934c7c02b9c1a4043e7fa71e9fab23fac626842ee0233fa0a19e8a4d8d	f9edfd1414c172b5a32e647be62f7efb9a1867b2825caa326cd197691299ad06
chr22_500_guide_459	columba	timing	measured_2	0	1.113554	0.633516	0.234899	290308	1	ae2877403afc338a66d249e49defd6d72d59aabceb17722a5f7e4ba810ac724e	e3b0c44298fc1c149afbf4c8996fb92427ae41e4649b934ca495991b7852b855
chr22_500_guide_460	columba	timing	measured_2	0	0.908386	0.619913	0.218625	290260	1	0702f00d8238249f52addcc891eb35cc8cb302324182724fd51f2abb5aa2c204	cad84e4a2be667257305efdf704815379669daec3f47f22613779f398ea75bc6
chr22_500_guide_461	columba	timing	measured_2	0	0.959033	0.614429	0.257565	290564	1	1b23f23233d0e8e334dba7ee9b2f71ed071325e62b0b2df036bd5c76d22fcacd	07560ce039455dd35446a6a5ffcc7c13514c23534594839cecc0a226db5fa89a
chr22_500_guide_462	columba	timing	measured_2	0	0.909909	0.634322	0.214244	290212	1	e5b9eb0597eacedf59b768109c64075d0da741152d13fb2e439f5d58c018c128	1d9afb520433d3b0e51e4a69c06fada8c59ecc97528d47fbed33edf3d984ef57
chr22_500_guide_463	columba	timing	measured_2	0	0.912745	0.657740	0.213907	290360	1	7c248ba9765e06499bdbdd56fa063150392f57bbcf49d7273e7a34148cb2a14e	cb99cf2cb5c76fa9de96c7d214883bdebf51068c4cfea4bec3c2c4a8fda8efb1
chr22_500_guide_464	columba	timing	measured_2	0	0.859879	0.628837	0.159073	291064	1	572a412f62c765fdaf94fa017837ae004da8b8070c016a242544a182aefe63e1	e3b0c44298fc1c149afbf4c8996fb92427ae41e4649b934ca495991b7852b855
chr22_500_guide_465	columba	timing	measured_2	0	0.959025	0.661355	0.236888	290284	1	71aca4d4d36b2443e6e04db67d1c059a16d050f4e1c6e90f522b493e94915886	a1f199b7a5efea9ec8ad0c6aa62274cb0b74bebe9f0a0b5c2fce23a9c2ecc009
chr22_500_guide_466	columba	timing	measured_2	0	0.858685	0.605597	0.227586	290316	1	ce36001de0595b6ca48e3f857e190887e3219eb435d5c95d003f9c73f5c7e4f9	e3b0c44298fc1c149afbf4c8996fb92427ae41e4649b934ca495991b7852b855
chr22_500_guide_467	columba	timing	measured_2	0	0.910761	0.673461	0.159855	290428	1	333a2ac75dcc9c0aeaef85b902f8c4923c58c1bb5bb7a6e3b7ef5c77edecd079	0bd827c81b6d74bd1b7cdda71e0e8fd9f2124d059fdbc52087817ac78a8185e5
chr22_500_guide_468	columba	timing	measured_2	0	0.911706	0.691891	0.149725	290508	1	b129ef3c4f85946c1752fcdec67457fbfa137faf10c495dcfb79020726f0093a	e3b0c44298fc1c149afbf4c8996fb92427ae41e4649b934ca495991b7852b855
chr22_500_guide_469	columba	timing	measured_2	0	1.011413	0.666601	0.178041	290584	1	396a48dd0384e6e289e748eaa3a473e02786e2d98d3c9ccc975cfdc1f2077813	eae991de7724f014960152cfc5b73a664d920e3571b036903887c7e8904e64d8
chr22_500_guide_470	columba	timing	measured_2	0	0.911034	0.700003	0.189252	290460	1	50da73a873102212cf126ed04756d602d15aff5c7c9be11a43ca7ed77b9d1dcc	fc2111f6ff6889e5e52e8c40636ccf8bf271f21e8a3ed1fe8f5cb943881c6136
chr22_500_guide_471	columba	timing	measured_2	0	0.860195	0.650751	0.172723	290520	1	b0bd2d17b793d19a9cc8aebd15bdd4c22df56bdaf8aab2b3c1abdd99fab13456	6fad211fe1d6ffab7321285350b2d8f46c9a7e49ee03f700c5e8c4e00c84da13
chr22_500_guide_472	columba	timing	measured_2	0	0.809320	0.603036	0.170594	290484	6	d15db5e4c40fedd9b95e2caa34e3fbe03eff2bfb494ed6bc086b2d4d0787a91a	dbe731966dd89090786db2cebe2de5643d92557c139dce327e5fe24ff919fd3d
chr22_500_guide_473	columba	timing	measured_2	0	0.960193	0.666969	0.194495	290248	2	72cfccdb732c7f835e82aebb76ca4186954ee044989d4d3f165c230249e1ab41	8dd8d8e768aa6c5cd7d90852728b3841c27aebb8dbde3dfbf7f30997ce15d157
chr22_500_guide_474	columba	timing	measured_2	0	0.858333	0.578249	0.218967	290384	1	27f4db87eaef5a8e95ee563eb60799da341bd01d4adb8e80aa230848dce17378	e818a50900608a54e52cfb114365a67c5953dbb0a2adcfb43ff1f8c89006a04e
chr22_500_guide_475	columba	timing	measured_2	0	0.859988	0.643964	0.168350	290484	1	e384b7a2569a5848931984dada58a7863fa4ad10cf0639f33dc3d4b245ecd919	e3b0c44298fc1c149afbf4c8996fb92427ae41e4649b934ca495991b7852b855
chr22_500_guide_476	columba	timing	measured_2	0	0.961649	0.689156	0.212313	290508	1	cef6bfbc08ef536f268fc772150775caeddde43f60444747b9f9fa3e77153561	e3b0c44298fc1c149afbf4c8996fb92427ae41e4649b934ca495991b7852b855
chr22_500_guide_477	columba	timing	measured_2	0	1.009298	0.714933	0.224518	290464	3	8c86a6a96697df1c7b7b0f7391f45a3e6175b05261263ee01ce4309ac6570263	0b1b73506e6389d259f4dc5a344c034ac077b42785449440fa57b7a738b1b333
chr22_500_guide_478	columba	timing	measured_2	0	0.960706	0.606067	0.242354	290700	1	66356638d350f202a4fc3653512e2eb61d180a210d3b4874237620fdd88f45ac	96e1dce767526b5e03b01ea34764f33de2e58653d775c70a8355e05d5d77a707
chr22_500_guide_479	columba	timing	measured_2	0	0.960717	0.645905	0.244724	290352	1	23595c08da0c6736f275085085ce1fa4389c0c23f7cb5e27898ed6fd96e9c578	e888fefb85f961569d998e93ad1711e945284bd8daa566763f3c837674aea9cd
chr22_500_guide_480	columba	timing	measured_2	0	0.859127	0.593460	0.226463	290436	1	d69d8cab5f9f101c8ebebf1517222a11ca2c055ca30605b62cc9fb77a7dd9883	8835a94711a0e16368011d50f3408c88d74608d27950c931af79f22274094e7b
chr22_500_guide_481	columba	timing	measured_2	0	0.958496	0.644693	0.247102	290408	1	df1d31d6c611d54432bb2ded430b33d54a73a65d9ac4e858d4332a409bd4fd6d	6c72161bf4b1e404143811678fde516dfbc9874a827c1f0519c952311724c960
chr22_500_guide_482	columba	timing	measured_2	0	1.713537	0.997241	0.379906	290620	34	8b558da3c10ee9a2aa84ec0d75378e66ceea581cf538abe6fc595f479db265f3	483d6754dd436ada60ef0f3d7dc394494ade844621ea3dff1624604ae8ce585e
chr22_500_guide_483	columba	timing	measured_2	0	1.011066	0.648186	0.256465	290288	1	ec3317eca52cb313be8b742bd84d70d8e9f8f3d3a8dfda83e632d9ec5b3e7472	c34143c4b66ce37c239db5fc991d73357da56a527f237f74e6df9d61bb22831f
chr22_500_guide_484	columba	timing	measured_2	0	0.859451	0.599026	0.225254	290380	1	71ecc0fae907389e715d1ca86fcbdff3ec27af9fce69bcca1c654d58d3bf98b8	af041a5b402c4eaeb0e586590f1dccf709f1c1de84a141cb38a25d50d0c45982
chr22_500_guide_485	columba	timing	measured_2	0	0.962188	0.665257	0.244779	290452	1	9bdfb2270fa6b3abdcd6d9dc88dd6e2da7b983242b64a38aafa5c0a793e710bb	6657a61097a1338f10d79d9a991ff4b0d561741d23a6e9842fc11c2dc9ca1d41
chr22_500_guide_486	columba	timing	measured_2	0	0.759607	0.480010	0.155898	290604	1	8dc058c1447c872314f3d31ec8865959f3409fdebfa5044cb15c05b939609aa2	c892c2994baeaed04bfb8649ee3f462d65bcecb131f4f8201c7c6a3ae3ee4832
chr22_500_guide_487	columba	timing	measured_2	0	0.764282	0.541370	0.161257	290532	1	f618e6a62a671dc60aed99263392f11c178317ef24a0e60ae15e6aefd01799fb	2ba33f35005774eab487afa75b92cb10d850baa0e4b8cfbcbaf0da77e0e3bb7d
chr22_500_guide_488	columba	timing	measured_2	0	1.111661	0.780108	0.200084	290576	9	6803cc83cccde78136058d3d854eb89cc05eab1188efe7c0cabebb43cb9eb17d	86060c0d0ba22165d0282d1cf92bc8afade2100bd1def809b1f81bb96b9678e3
chr22_500_guide_489	columba	timing	measured_2	0	0.811111	0.585551	0.179161	290412	1	ec47a60387ffa032dbc15150c6ff0b1c838905815402357dae3f75329a28357a	c430e6a4dbd5c3e9f487e20eebedf90d6511fccdc5072ffcfc0b5787cadc0f07
chr22_500_guide_490	columba	timing	measured_2	0	1.012345	0.669710	0.243318	290128	46	42d2d3de06e689ee1d8f063b9b57cf92f32bb959199c9c880df4b714e510739d	c220eca9da5246c5ee3fc99b8afb445aa05b2c87090ea4fae3f86c2a0c74e997
chr22_500_guide_491	columba	timing	measured_2	0	1.010749	0.764924	0.188983	290448	1	d26d89bdd504b3597d3010fdc4ce82385f0052897c7c456fad509d6d59d744b9	e3b0c44298fc1c149afbf4c8996fb92427ae41e4649b934ca495991b7852b855
chr22_500_guide_492	columba	timing	measured_2	0	2.873172	0.737811	0.225745	290600	1	d1bbfd2faf7d69f7fbe39d9624756e6401f3ee6cd2fd299c525b88c947bdd2cf	b64a97cd564fea43f1d90c70d4e484cb7b16f7fa33c37152c2fa5d76076b5b6f
chr22_500_guide_493	columba	timing	measured_2	0	0.759051	0.538752	0.165982	290972	4	1fd7872322173d0504d0c832d225fc1f16e4c6a2d976d3c96de80baf41629173	8b7f11de3ad2254629636c6d8342d71050f8c150a04e6c52ecefb6984e7ab6b5
chr22_500_guide_494	columba	timing	measured_2	0	0.909948	0.584031	0.191777	290428	1	aa7c76deb8cd48c48e0224a45cd7bdd03602ef159c762b3fe3add221cd775ad9	e3b0c44298fc1c149afbf4c8996fb92427ae41e4649b934ca495991b7852b855
chr22_500_guide_495	columba	timing	measured_2	0	0.809472	0.536589	0.151979	290540	1	f428fe77b5fe732c90e6cf097e5033b3a111f46c117014d9c525ee74561db8f9	50b15688b035625445ab546462a765f18e533bf2253903249c4e089ba78cdada
chr22_500_guide_496	columba	timing	measured_2	0	1.009890	0.650786	0.254004	290352	2	46838c2c8f68dbba89a0176c89867bf08352c3cf1248a5d9e6318b1b45445edd	868ff6de1910b74ec3483a86362e5c5c44ba887c5e76ffdacd6e097d4e643cd2
chr22_500_guide_497	columba	timing	measured_2	0	0.859150	0.601711	0.227283	290292	1	95454f28187c5beb09711d60e71ffb74f1651e2307379f62112a3273597ee0ff	0ffcdade862bae14ff8a6e3fa9c66875b11600682dcdfe1c2f93f5404d7144a1
chr22_500_guide_498	columba	timing	measured_2	0	0.808045	0.547744	0.222743	290316	2	4bb6e4f08a7316ba26ec3e6f894f79070071b55d78d6c1605a50035d0a1d9c79	43c575a7c9c47d3164a453eb851e84a8842b01388a4b2fe7c9503045ddc887e0
chr22_500_guide_499	columba	timing	measured_2	0	1.112148	0.605443	0.249234	290216	1	589cde34d9ad5d2d4a86bf9cca125c4004811a2581e714cb750bee2e730c7362	e3b0c44298fc1c149afbf4c8996fb92427ae41e4649b934ca495991b7852b855
chr22_500_guide_500	columba	timing	measured_2	0	1.011663	0.666455	0.220066	290576	1	5a188d7c26c71afb1012046744a759f5adbb290bc704ee5eddb49329116e1309	adad44ffe01ececf743ffad589f29e88568d9c6c773333064650cb8955fb7b1b
chr22_500_guide_001	columba	timing	measured_3	0	0.860377	0.621333	0.162130	290528	1	fb6d3b27b6d5d6a0e129f7ff72c1498333bb402de3d7b91037e5fe223d923f8b	7dd0ac5af4f805444d705c3c7e54a22be911e8a63e66a31d26cc26b63cd32d01
chr22_500_guide_002	columba	timing	measured_3	0	0.911294	0.613936	0.179247	290388	1	4f84fd663e530097a356f82b2c5a0458e090b9ebcf5c96fddc5326573df955db	c80fd56fe992a4b4f0caa221566cde42c478c3ee04be9a77fe3d27bd878707e5
chr22_500_guide_003	columba	timing	measured_3	0	0.962884	0.650126	0.214002	290372	2	c788efd23026646b4da4b4a94736bffdb6646d5bb82e63ef3b54d008d2d7f496	5e6212673189b137868af231f3f49365db18929fbdc4915f13b52a1622522dba
chr22_500_guide_004	columba	timing	measured_3	0	0.761469	0.493195	0.168924	290684	3	41a9ef51e83a95092df6d34278bb584d5cb81e4e5c965e87236e8b76ec966547	81e7da79c5b1e4692fe9c4cbbf1d61c2d05c9a381fd6e6ef1dbdcd870c3850e9
chr22_500_guide_005	columba	timing	measured_3	0	0.910647	0.627221	0.199871	290304	2	5593b98c2493a0b88e42eaea42b482a194969227858e2af4912bc01dca9ef454	5f0a8051bdb5fc6d3783fb70b09861683d378a6991ffc357c34297cbc812f16f
chr22_500_guide_006	columba	timing	measured_3	0	1.310783	0.769947	0.338636	290356	5	985223b6d62b5d89d90abb3b6411baab1ded4c027e524fd04733e3e131a2d641	d63df83b6ccede275655acad6516c498f156031407b4f5232c4704bd19578ab1
chr22_500_guide_007	columba	timing	measured_3	0	0.959541	0.681096	0.158420	290968	2	56a8fdc6b10b61e89791b719fe5bae29758da62f5f0e9c2390a9488ca443dead	a104212839e62ffcd71ff2763b833b58e738ebe0a14d5d021981425170823976
chr22_500_guide_008	columba	timing	measured_3	0	1.061224	0.715688	0.181428	290620	21	f0937d09b482433febb72a3aa2951bd7a1099c3bb5c4e6ae5d7f40f51dfaf291	e925e6374c2b14f26ce352338d241501af5403cd20c2f7a0a66a7ff0957a82b9
chr22_500_guide_009	columba	timing	measured_3	0	1.214190	0.857848	0.211837	290384	5	120b985faeed3306e9c571ed4d15fd8c6e6693c215c811d99b5c36f8c8076653	acb1622676a14415f1babbcc14949666303bc8e297e4c7628d42d8f107d18cd9
chr22_500_guide_010	columba	timing	measured_3	0	3.227850	1.904390	0.575122	291596	47	43224567f7eba6981d50ec8046572b589274362dc062f422a9ae08d570f94634	d16c61eb0e874277dd9b6352cdad67e3ff1bd71567db70cb17cdbaefa2e398da
chr22_500_guide_011	columba	timing	measured_3	0	1.161809	0.790031	0.193058	290532	11	d296aa4b46bff4101d52cfee7f82646354978bc26bfed3fe31b8e121a22208a1	4765d3675054ef1bf78cbe216da6eb980cf13419953f3c26f44f43e84a14f024
chr22_500_guide_012	columba	timing	measured_3	0	1.112172	0.699492	0.175645	290512	1	9e5ed8cdd1a37c75d6db7090a6f7a31471034f3cd57ca5ee982877d1f71ccf3b	cefd0459f07490ae6da131274d83625a67d7ef573c93136a6f1146f4dd918e50
chr22_500_guide_013	columba	timing	measured_3	0	1.010290	0.714057	0.188489	290376	856	ccc3d3b80ed309cc947744aeb419da762bf360cf65ee8f19caf6d89ef8540bb4	a0f43a78ac495168b63dc33958a840d4b629f46bd21e5ea36ebe2fd81ed8e956
chr22_500_guide_014	columba	timing	measured_3	0	1.662812	1.008365	0.325405	290748	11	8803a6adc2a8f578c3cdfe7bb25133f44e1f60a70f7ca0d891a2ffb9db407b18	6f1bf2e9bd839a6b30e0a124f22fdd85a366595ea3291e0d987f9b93f298de90
chr22_500_guide_015	columba	timing	measured_3	0	0.858730	0.563820	0.186449	290468	1	25f71f69affd98f6790d4162f2184eeae2794ef38bcf6e8c5338d710759c2c15	06b30ec0d7910a63f7d2292f5cfbdd6a8e44d2cbf8113e86a75b48cc972e36ba
chr22_500_guide_016	columba	timing	measured_3	0	5.176767	0.703948	0.199484	290940	698	70c7013ed568af038792f61db3c52997bbab937ba201d2e90a46b72c1460e639	ece699ac28391d94a6ec87accdeea6d1147778fd407407f27eec4d0d48e2bc36
chr22_500_guide_017	columba	timing	measured_3	0	1.564905	0.924688	0.328737	290636	2	4248427dbded810ba66778f9ffb9237d3cb4048cb1d18ccaa9abd4103e46073a	aec793715f83f68424e0959a284d5702e794d44408c327f3003be5e143a800b8
chr22_500_guide_018	columba	timing	measured_3	0	1.210989	0.809081	0.239867	290468	1	691ce0260ac4ff8426decb079b6ec2efdf4680b3abaced64e9143840bccb9552	a4c7fcea839152b57f9d48000d08a15502fd89d0fd27949928e5d265dda849b7
chr22_500_guide_019	columba	timing	measured_3	0	1.363467	0.852662	0.303350	290440	8	e03a7033d0162ff6a605616c96ca00ea7b7904cbf3a5f8493a93365cfea5b1bc	15f25acbdf8bfb8293f4fc9cf0496b3aa5f1e5474382dcd2e82c567e5e7f1610
chr22_500_guide_020	columba	timing	measured_3	0	1.513842	0.961392	0.266360	290540	3	b71b185c0c0d8f062ea12b64244f82b762d258f6d6b80620ea045f6635bfeed8	341656f796398472fd76cf9aafd4c36c341f2daf617841ead43636d2178e3a54
chr22_500_guide_021	columba	timing	measured_3	0	1.161806	0.824279	0.206637	290712	1	2b073fcb4a2bd34250518b2ca167b1ea129dbf14264dd074ab7fc34c8f1ab035	a7db212107cef71a26aa53d3d139c0d5c1591ed3aa3107f237fc891c40be9e11
chr22_500_guide_022	columba	timing	measured_3	0	1.110849	0.775956	0.219770	290752	3	5a62cebd8293e901a67b59a580cd404a0622d4a1deb300c572d8af96bb45378c	dbd8425f007c95a24898b8e8e47372312fadb8c87e84638b27aee21b872a6a0e
chr22_500_guide_023	columba	timing	measured_3	0	0.910540	0.640760	0.175108	290524	1	95686fb2b7a30116b7ae2cc467351eaaf4c6f25cab6f6b7bc6dcc05f1c409532	011f515d83cd8b0bf4648cfa3d329bea0cb2939a7aabcbf319c9ccbd2ece994c
chr22_500_guide_024	columba	timing	measured_3	0	0.807850	0.534395	0.197075	290440	116	5ca9fb42f42af2b7d2639b38b690f8b8b82cd56462d3e1a68b682cf15da128d4	1fa60f2e3d3ac9e78ea8df10a08f27d9e59a718b2288557ff5610af51acc316a
chr22_500_guide_025	columba	timing	measured_3	0	1.061056	0.667793	0.224896	290468	4	7ab401acb4940e90d7c62e98e0a345dceadb56ad9ea595aec9c975332f2a9735	c8913cf3ae2a292d6f4e97bacb81bf983025bb19f372ea59b2c58afa3bedd53b
chr22_500_guide_026	columba	timing	measured_3	0	1.516050	0.907622	0.329434	290408	1	92457b8eeba549253b9d7c8b508cd2a2bbb6eadd76da9e74b1cab96a0815447a	8f8b24b361c9c11f9eec6853fe385ba0823d490b61f93bf6440b129613bb495a
chr22_500_guide_027	columba	timing	measured_3	0	3.480449	1.940267	0.489481	291588	125	ca4e812261e7b45af70d16aa45e5ac1a6457b1411b983cdd507f599e1d4a5998	8a657e6a2409a30975fa9fbc01342820495a71cd2a0eba5e7e03db7c0051b0b4
chr22_500_guide_028	columba	timing	measured_3	0	3.421269	2.118612	0.391895	291372	4	b8cc43f743b2bf2f0e12fa535de856dec45a7e724e169b206e17e024502350b1	9739780944683faaa4ef3f313f816b862f341378b37d0ab5c6f2f11c524f85ce
chr22_500_guide_029	columba	timing	measured_3	0	2.470319	1.522914	0.394306	291056	5	0a560f9534d41cc31d885f88b25abf26643f57d60df57d0bd9feb9ac59f57094	b547291a1806d5b9e74f3ef16f67a4f22f736c95fc8af256ae72985d93453b4e
chr22_500_guide_030	columba	timing	measured_3	0	2.825788	1.942341	0.413555	291256	3571	e50741d945656044fe5956a7d76cc5cada1c7385a3ebcd1d0c71f4461cfb87ba	a4ab0960aed0097b959ffdd7cc0606bf634d4e049dc8c5d83792e827e9ce5335
chr22_500_guide_031	columba	timing	measured_3	0	1.013267	0.582729	0.235673	290512	1	449eef586702df92b06ca3e4fc18604b620a552314243ced02a516e616f3adcc	006e92bfad32e647c5aa40870ca72fb1a432ddd8c5b84d1af74547ea0781b3f6
chr22_500_guide_032	columba	timing	measured_3	0	9.366828	3.714561	0.894097	292604	48	636d1d61073a00404325c289b2d0143cce292f3bf74ec312612b98efb3f0f11b	cab8c1e914784bfa7f924ac4abe5f8a944b74ebea08067ec9b3584a30c8907fb
chr22_500_guide_033	columba	timing	measured_3	0	1.717113	1.058458	0.338592	290480	77	4ed0f166306be29e52512f6850c1b990c122568bfe38464c457a9cbc3cafab14	501f5c6c5e8d62ad0a7602fffd723666195a02b48240223d6a623d2bf75bc9d7
chr22_500_guide_034	columba	timing	measured_3	0	6.794549	3.811043	0.967084	292680	25	4b39890b56cc1d98e2aacb369882f1a3ce830047f70499203c17c996e921c9c7	52a85472f77b7cb55f6f441fe4c1074d20fb8747c01686dce7849b5dd4c09389
chr22_500_guide_035	columba	timing	measured_3	0	1.162011	0.795961	0.257495	290272	18	da00fa6414408e1903c2b2b30d17fd03d20d9c215fd38adba7e2c17a084b29d9	1e6bc9e523160056aa05f9eaded58d3afd764e3e8fa2241d892da808f051c7f9
chr22_500_guide_036	columba	timing	measured_3	0	0.910163	0.644736	0.167110	290356	6	83eb0f2428da2c69bbb126c57e14b14699752ce1fdae7111b71efab6911daca6	e3b0c44298fc1c149afbf4c8996fb92427ae41e4649b934ca495991b7852b855
chr22_500_guide_037	columba	timing	measured_3	0	1.162706	0.712091	0.172391	290308	46	4e2d4cdf63efc7b59e86edd83cfbb981770f4cc0bb2799d01227d16f0dcc058f	7cbd27b847ebc6ef612fb0cf06f7a356fa1b57a00ad915633f3713428f786320
chr22_500_guide_038	columba	timing	measured_3	0	1.010280	0.719459	0.207087	290392	70	2525d9e467b0e235d87fec363306eb39498ebdd905157b97f69a01938142d417	587b33ffa851be62124e858db10a3ce0555e1fef7b9faa94a47115a7bf569d6a
chr22_500_guide_039	columba	timing	measured_3	0	0.810065	0.590877	0.154802	290384	74	ca01ddf784e6ee664ff89e5427a71cda8754aeda3e434fceb8b5ecd52ef0f5e8	65136300c73d472f653a9971b93a9155970c3ef33635aa71744bbb65bfdff222
chr22_500_guide_040	columba	timing	measured_3	0	0.857763	0.603793	0.138592	290412	500	cdf7d3055b3d3eadab6e8dad2f8344fd26c02ae1b2f57d2bbf3296d80052f0ae	7005652609a5fd5509a214b3e6e4593fc3e635032e874cdd44547b3492300542
chr22_500_guide_041	columba	timing	measured_3	0	1.564419	1.014082	0.212470	290796	854	8fa374939158321bcef340c0ec1955ceab1fe6fdeab1750b48cf2fe0ade22e46	192ac3ce9e04d55f7d461fb998032e3d94c685e88121641962faa0b81a706e03
chr22_500_guide_042	columba	timing	measured_3	0	0.860019	0.572313	0.144548	290520	1	0ee48f543136d09a143c4eeae676947d7744ba356f6b4522be723210cea49fce	96aa285bfe31edf4b59fefd59745369221fe1cfd86d1d89d9e299ebbecc9603c
chr22_500_guide_043	columba	timing	measured_3	0	0.708464	0.490247	0.153498	290976	4	958d7bb0d2bcce37cafabe02cb7bcd2515a249ee7abef00a06c7ca69afbeddfd	b26403da3df85946d6c7931e54a923877597a6d21517a6786edcfb4f3a684c5d
chr22_500_guide_044	columba	timing	measured_3	0	0.759167	0.509633	0.177585	290300	1	eb8670fd9176c26562fa7d6753d0ecafbdbc18ffce8eb47eac0ff7f21eaee174	91bc91d3e82bafb72df10498cb20719d4fbbcf8bcae1f2aff5ee7e8b2e81f65f
chr22_500_guide_045	columba	timing	measured_3	0	0.709910	0.524491	0.152552	290448	1	ad510f2f6f517e85da1ff1e3e334f60ec412670418ae765b20823bba1029db1c	481c073f9e8e7b28d642e3f9ccb7de275626f37b02ba6db3a34ff5dd5ac1ef2c
chr22_500_guide_046	columba	timing	measured_3	0	0.810151	0.644932	0.137956	290656	1	62be28d44f2b99ae8760da16dcf99d46c01d6cf9dde0f8c55e0864390027fe60	0efc47989db451bd82c6d222d9d9baf3633278485b4492d3ec93bad2d774cc1a
chr22_500_guide_047	columba	timing	measured_3	0	0.860902	0.621097	0.156061	290568	1	a0a592f68ce5c632b25a6bbf8492c14534157794a49dc98dee9ee564e3ce0f58	81fab08e13487c6873e044311f8c609f42e6635a25006525c50c37d602ab6510
chr22_500_guide_048	columba	timing	measured_3	0	1.513396	0.759759	0.266359	290500	25	bbff78e8edf6476d0dd0cdd76f512cb705b72cd1e357220e1a380dbd5cb5874e	8283bb72468ef0f7298ae906c23d010c0d48c6574a33364a533179130f8c4875
chr22_500_guide_049	columba	timing	measured_3	0	1.061795	0.743134	0.209772	290464	40	44d5d6b7adfc0b35b70543957298439addcdfb050de5fb338e6ef8bd1e41df5e	1600c692317c48e8297093e9cbaa20fe89183be3f06ab88905f98e37a6794bb2
chr22_500_guide_050	columba	timing	measured_3	0	0.912257	0.653138	0.218109	290272	21	900be0709880b5503da9492a11b7d3aa93c10e3913a03c74b99aed465d1b2a2a	7bbe3936b44fe9e0e516ce71902e1484d852f4eb2a095393fe3a0fdda5ff65ae
chr22_500_guide_051	columba	timing	measured_3	0	0.857536	0.554917	0.158377	290136	22	841db30991dc46ac4de30e5222f01879ae98785e0c882c7709a8449e78a2a38d	e3b0c44298fc1c149afbf4c8996fb92427ae41e4649b934ca495991b7852b855
chr22_500_guide_052	columba	timing	measured_3	0	0.810898	0.588872	0.159073	290504	21	ec592648254199539685feee5357d093e2e1ec0b8ee82c9ce1e89057db95c2aa	e3b0c44298fc1c149afbf4c8996fb92427ae41e4649b934ca495991b7852b855
chr22_500_guide_053	columba	timing	measured_3	0	0.858766	0.538741	0.195818	290376	21	f06dfd6c22b697d7740aae04db98ec638592c858c0cf82fc80f657832a3c522b	e3b0c44298fc1c149afbf4c8996fb92427ae41e4649b934ca495991b7852b855
chr22_500_guide_054	columba	timing	measured_3	0	0.967850	0.665121	0.206898	290264	1	08105a1cf5d022b79968633482eaa3ea3e17f900fbe591f469112bf46a5ae873	ab023f194a2c2b445057a30ea8dfd693140a577a54a9ab170b8bd40a7acd2110
chr22_500_guide_055	columba	timing	measured_3	0	1.061712	0.741333	0.206238	290340	52	ee56b9e2db8b0459e41ba989c4df5510d5aa569b082d2ccdc6a5d68cd6f152c8	b93330407da42bb71ce92d3f3847868e7c7301862e17aa228a7bc96970700a12
chr22_500_guide_056	columba	timing	measured_3	0	1.010384	0.687664	0.277144	290472	34	7a8c20e2ad03e1c7a443c73dc7732dbc6caab9afc73080eb6863402ddda119cb	f08ced51ac504f9f498d2c07f3b62523b630cf3a141a87544bc45c9877f715e8
chr22_500_guide_057	columba	timing	measured_3	0	1.011711	0.695921	0.247461	290344	1	75ea28648a2a653313216f9434a7a84692519cd4e1edcee69b342edd63c5477e	5af05998d4bdd35640268a5c41ffa8cda1ebe9610686723dfa215e5b2a08ea44
chr22_500_guide_058	columba	timing	measured_3	0	0.910969	0.638284	0.218428	290488	8	9b00eaabadec78eddf839955f38b2c49038c64b495db9fc7cba00a4c5b16c2fd	e3b0c44298fc1c149afbf4c8996fb92427ae41e4649b934ca495991b7852b855
chr22_500_guide_059	columba	timing	measured_3	0	2.220698	1.328498	0.387304	290848	37	11f27a826a355fa1f1b4cf5db1886f96dd2a2445e36fbe85ba0cb0c6b5f53500	ed584ca0d31fe15ec6ac2e353da94565c9b5e1d45192dbc504aa1775a3d088c6
chr22_500_guide_060	columba	timing	measured_3	0	3.225912	2.102122	0.380687	291332	1411	58268b20d8149be3bee94e14e24bd26143e0942b90d25fca95b6a8b0f7ae15e2	9123c1e6b8d3c907be13f3dd16131f8c3a09dc7aa5e3e2336635d523adfbe1ff
chr22_500_guide_061	columba	timing	measured_3	0	0.911277	0.615243	0.189862	290396	10	0b6cbe7e12be9458ae6e3bdc2c573f51f4bcd0d98614837918ef154c942b9d76	557e735046b33292f2d66bab6a148c1ac3011aed4031b55c92d053fb13a5949b
chr22_500_guide_062	columba	timing	measured_3	0	1.010308	0.638522	0.194022	290172	1	6326b7c857afa096b6327c79b7e53d81695f794da0e844e646896ba73816ffd5	cf5a6cf93ad71b7047d7fc29c8f41b306afb893175dc32638a74932fa5895a26
chr22_500_guide_063	columba	timing	measured_3	0	1.062210	0.647527	0.199692	290172	3	14d007c41b3efc0f49a5e3c8b2c1afbdbbf6448965f329277343a75661f62b72	e6ce59b275084995153a3e9c40a4958a8a70855f475daac144376dd269a555ec
chr22_500_guide_064	columba	timing	measured_3	0	0.958578	0.710724	0.196241	290356	2	09a44e214f313d41c48214908421d55f1a26ea3288be0e13299804f97f456f32	7340353120ee52255f0adcd07da68ecd20e307e0e26cf8dcb3bf773152519427
chr22_500_guide_065	columba	timing	measured_3	0	0.959958	0.688499	0.205913	290280	1	c111cd0bca51d032b97ac4b793c9bd060c5756f007fffa13fed504799e72ded7	86866744f224d38fbd2580ab352af60907685ef6da57264acbb1257b20971600
chr22_500_guide_066	columba	timing	measured_3	0	0.910937	0.660927	0.215365	290448	1	ab7135a79310941abc028089e7706255079f1d3db5459fd46b95054fbfde6edb	0b35a61d36fde4c3b58e0f595d6667831d60dbaad864caacba105b940a7bec68
chr22_500_guide_067	columba	timing	measured_3	0	1.866890	1.194951	0.314521	290704	582	b832fdc4ca648da0a03e32b355befa25d9da8b5a65775b9990c9c6f75be0471b	c70cb6520a543b13436737957d489de2c78bb07f16ae6f6b1bf79bbaf4e0edd6
chr22_500_guide_068	columba	timing	measured_3	0	0.909265	0.595029	0.215596	290296	193	18fa726a0532763a6a720243b5476e8492d4a0e21d88972a1590a5cc86c18f36	738f0679665e7cbee0e7647775b7e47573cdbc33c7d7463d5c01f8c75b0b7b5f
chr22_500_guide_069	columba	timing	measured_3	0	0.910134	0.624548	0.184317	290476	1	10798f7b18b6dd224fe51359cb5fbfe45011ce2323ed7d0f27f0e92ecda0388b	1784cbe926dd58541272a852bd2d777146a73ff0cb499126b1409ee29fe291a4
chr22_500_guide_070	columba	timing	measured_3	0	15.148058	8.223366	2.231017	299192	146	89ed8b8d0de9b02b45bd1eac76e766ef999887464e6196de09f0376c1e63ff33	5d04d31c762977eac028b47bf38f47b9a83ed21db8c020671d12c47bcb595dc5
chr22_500_guide_071	columba	timing	measured_3	0	1.212164	0.797082	0.303562	290356	32	464b4a7379a065c8f24635419036f163ac2079205036b32871edb1cbc20d43b1	45680b948708bcce80bf0f6f3afaae5bb641e75913f77a6c41343e5f163aa523
chr22_500_guide_072	columba	timing	measured_3	0	1.311104	0.853426	0.304169	290376	401	175fac6477ad65cfd4d0a3a28b2bdd07a935af4f68fd41df0b52ebf871808672	3de0ed9eb4502307a5e447c7bcd298d1bb88863dd46e7e99c29953a6709828d4
chr22_500_guide_073	columba	timing	measured_3	0	4.426621	2.565334	0.745578	291980	121	14607790ed2c2aa20854f98797286082d4f4e662c4918ba18d80b5c7cabdc3a3	42f93d194038db849260c18f78fe52cdc58775b7f60fd7a14fdf15a6b1f00b50
chr22_500_guide_074	columba	timing	measured_3	0	0.960173	0.628605	0.267429	290336	4	b8219aed6e489c9c4fa0a533151aa99c22593825075d01ea0be7b4876a8b5deb	c9eac62497ce2ee5bb32b209a9cc6da7e2a5d83ef2f591f53ca681dba5f1529e
chr22_500_guide_075	columba	timing	measured_3	0	0.758477	0.504924	0.230454	290328	1	5f1787da1d7bf0626939c26621201f9de70b2ac17f865e493ff03038a3e9315f	4cba2eea06e21c79bab305ea008dcddbc66b27086cbe6c85f7ec96bdefdc96cf
chr22_500_guide_076	columba	timing	measured_3	0	0.910186	0.679364	0.182011	290612	6	0f5f207f370a122525e81363ebed1b12d2c9ada1888dbcdbbc91b0cb2a481d8c	7def432da96c5bcbe520f226d237945ec6841180f82ffa8a41e9e9ef10a1709a
chr22_500_guide_077	columba	timing	measured_3	0	2.070618	1.362899	0.312588	290876	11	01eff103f53992e674cd4091197ade662b1f7be74e97328d4418a9fd6ab9ab89	c0edb623b2395d026ded1b0d3ea99087303be1ae34dd2c9171adbee82fe1698c
chr22_500_guide_078	columba	timing	measured_3	0	1.011831	0.720984	0.216212	290384	1	664ca84d364b11b722ac1aa282d988cb26faa580c3801fc71e980d0a2785483d	647a3c26fb0f04ad019100c4ab0390ab87ed5c84aadfe7a252bca70b1e3bd96d
chr22_500_guide_079	columba	timing	measured_3	0	0.810590	0.536789	0.170617	290408	4	afb3a2baa61d27fcc6390dabab10c0341036168166da5891947bbfcee3778b38	ff873412894078ef6ef205b13ca72e5ff12617085dc3f394412279ed33f28d02
chr22_500_guide_080	columba	timing	measured_3	0	0.964078	0.648238	0.165602	290336	1	a16a21db2b49ee59d414351e5cfc085e7f1c9e271758fd01d69580f32ad1a0c2	4dfa4eebc9c5b4f4a82f5df597ce34d51b63bda2c3f0de7967b9d4dae3d321a0
chr22_500_guide_081	columba	timing	measured_3	0	1.062010	0.658824	0.200283	290268	1	87c90ab44d2432526cac1bcee02421cabf106882291b8473d5af856bbf6654a7	aa5f535485a04a0d6548f604fa5ad48e5ff270bd7b6e49efcc24849a24737b3c
chr22_500_guide_082	columba	timing	measured_3	0	0.907291	0.649746	0.170261	290580	3	6f3c5867d5dbbd7f3b78e08e7b3300064d91c4ed629fff6eb12b41e686b01435	36b2282653998fc4b0f58ec158c3e0e6f5f7972aaf158c94c7642f14b59a47cf
chr22_500_guide_083	columba	timing	measured_3	0	3.471026	2.072695	0.412072	291284	65	443c9733648206d43672a968d8e97952afd65a9f31ce05d9d0565f64b1ea8a38	34e2228fdcbf823acbc1cf9a4520426f2726ceee2e2c487a482723b0e27f4c06
chr22_500_guide_084	columba	timing	measured_3	0	1.110804	0.733459	0.200564	290560	119	d402adfea529962d3944e928919008f9a65f3ac8e471dee261aeb5aec4192c48	6beba3a70e3f992f090fd4e796fb70b5d6eac3f95004faf026557a0a55251079
chr22_500_guide_085	columba	timing	measured_3	0	0.909841	0.627690	0.191642	290444	1	a50b7bd87092a6e4a876b6a1b30167fc798e551762ded744e8cec689a47f6f55	0403a04a2f3326b7701979e1d0c9fa547fa91ab530f8fd99c6ae2a1bd6119591
chr22_500_guide_086	columba	timing	measured_3	0	1.009579	0.664745	0.277278	290360	8	caf56a8d80186a132b4bbfd8a735de6b36912b11490c792bf72261e8e5cde4c3	050c924a95a143b2754fac5cd4c71a0d204bd6c77539986f3a3a766a322e39c3
chr22_500_guide_087	columba	timing	measured_3	0	1.111637	0.756660	0.264405	290428	2	f25a4d850004ee4c2741be2af70583a16f5f628dcdefe40556a4f787f77266ee	bd92a88d08c1fa2b3f682dc5255097cddbbd159c36caca2ecc29814711545576
chr22_500_guide_088	columba	timing	measured_3	0	1.013775	0.618991	0.190704	290324	2	5c632dfc921b715b635c61d386497b7131eb4348bb520ea4a5cd13ab53ef1e7a	23e8f4ffff162fdc2e25089c32203c22ccb5ac9c66770c9b5d4a6408cc154ffb
chr22_500_guide_089	columba	timing	measured_3	0	1.362660	0.527077	0.173957	290504	7	435669ee46eb24c8f7ec4039557ae1485d92adeba07ce04f76f3032c4dd179c5	24cd2e6a4b5650df77901fb0bbf759a30fb2ddf3a5abc4701088887f394766b0
chr22_500_guide_090	columba	timing	measured_3	0	0.758611	0.546585	0.153456	290500	1	1a674244aec8ea25c8e0b9a4c719f1dd7a3136cbd5f87feb87b53bc75bbf29fb	a57155a9cef5751288db8dd5a37d6bbc9fe9d2b69d3f0dad7f65201ee77eab7c
chr22_500_guide_091	columba	timing	measured_3	0	0.763428	0.536745	0.160381	290496	1	3b1208d36a7808228471f8be766844c38fb5b98323d1d2f58e690839f7fb8d80	c987746dab1aefd1154d93fee3ceb0b5e57c026a3298baef3bbea8273ced27ea
chr22_500_guide_092	columba	timing	measured_3	0	1.868393	1.178778	0.315931	290656	151	f000d58c8750591a2c7cb091213b22bba518d7f9c05eb7175dccfe211f9bfb08	3b7a13444398ba7ca1c4957d456aa00242fbb59bc8fc85d529e581d34e7d746f
chr22_500_guide_093	columba	timing	measured_3	0	0.960349	0.658733	0.225602	290248	1	6cdd7ce54810d5bc4f6f9e343cba7e89b5868d4aa230081223fa53049a31ac4f	dc56e723a41ad2b033072b1d35240963852ef67de09ef8478a44d1daa4a0e78a
chr22_500_guide_094	columba	timing	measured_3	0	1.111529	0.787553	0.258612	290220	29	948bcbfadc9596d923485f837f309e44ffa937d6b9b444a5fb02ea8581e87245	79efc16fa62b4f0a95cfc9be0cc611a7bf821b00bc1b0bd65bd02cad0eab4573
chr22_500_guide_095	columba	timing	measured_3	0	3.672737	0.704632	0.220718	290364	1	78d56e6029a238e55e698734f6c34371645440cad14a3a34379e3a5d6cc8429a	a2f3102c792c3df23476f6bb4758a0972129d992dbc20ef0ee3164f5f6882b83
chr22_500_guide_096	columba	timing	measured_3	0	1.111054	0.715355	0.195702	290656	1	e4df6fa89a3b0e0120f2158b3532f9d4a6e42d02734646aca7d1906347f68735	034fd5f80e41ec35f4feb3e12a1ac57998e2443d058e5e18f13ebf5ab2369fe4
chr22_500_guide_097	columba	timing	measured_3	0	0.709395	0.542958	0.133524	290364	2	58d3088e520d927bbad11c9787cefba9db56844eefd70fc7274612710d6213b5	91dd8610d687ca8fe292f44ccbc98eff7f0a64598355b67ba2671dae0642b737
chr22_500_guide_098	columba	timing	measured_3	0	1.110765	0.707750	0.188937	290560	7	e201d7cfc5ec4a9979af6c9a236130b8f36d6e0e4dcfef596b106dbc39010303	b458b467a03688a50351b56d6e3c449c56ad4edc944351aafb91ac49def2d89e
chr22_500_guide_099	columba	timing	measured_3	0	1.162007	0.847335	0.215498	290404	418	e0c841ff70caf229925c42271dc89b4f97cfa520605d74e679a65d4a270624d4	3cf35464a1122905c66fcae5b1d5189b97f7967d4ebdbef8403b1ca3216ec463
chr22_500_guide_100	columba	timing	measured_3	0	1.563732	1.027338	0.273790	290704	7	6dc27402611c5897094988dd29db1a7c81bb640bd33c2bcd2edd331da526f95c	29509256720ec18e82b0ffd96d83ff775c438ac7ef60fc85cd049054356df38b
chr22_500_guide_101	columba	timing	measured_3	0	0.958416	0.609329	0.180138	290992	6	47e1fdce9aed179ae91336af9f3427e346b81c1516b1506ea44c7ac44e50a3cb	92c42033eeeb9aa506c0bec7fdf1104d0c3777c474f85e85480ad8d5dc7f7af6
chr22_500_guide_102	columba	timing	measured_3	0	0.811306	0.591505	0.146960	290544	8	bc012fee47aabb62fc68539b6ec0a0735b880c5eb93ba880cdd2894a791c62b3	64de5f357da6591a46db8031cba7625902901ade5ad96b163f45ddfd462aebe6
chr22_500_guide_103	columba	timing	measured_3	0	0.959881	0.673067	0.198160	290500	1	70d3142b6438b2233c1a63a2ac833233a13a2d75bf75339f1fccaff2fa81b453	d56d96fe98b333f362ee9bd6376532e8bc00f0bfcb42456116b5b2cd748bb70d
chr22_500_guide_104	columba	timing	measured_3	0	0.808998	0.511753	0.182720	290500	1	1a566c323545c0de5dbd25e42db62374e240ce4299b47e835e757a21598da936	08d20456f53b1dc81a710bb71d2819d8895a5e6fcd98e7a7ab7756dc0f4cbd8d
chr22_500_guide_105	columba	timing	measured_3	0	1.313163	0.833699	0.258406	290688	82	6f059c4e0726c2fa1884434f4f975ace5c96e3d6c6b37c77b4364307c7aeea84	c0bd084dfe927a47b34af71cb0deaf32edb03482ccc22ac6739c89c80863d4eb
chr22_500_guide_106	columba	timing	measured_3	0	0.910114	0.625436	0.189681	290516	19	cd02d79cb88b58688e1a381cb9a027fc12e8f2c8ba13c33dfac7051358dc3aa5	33a3e9ab5bcdae1fbaad18fea1e55b76f8450f8567f049a34fc88646e0393f86
chr22_500_guide_107	columba	timing	measured_3	0	0.809937	0.593423	0.176671	290360	1	37774d4819ec468762743e89b36baf9deaaa8cc267fbe9bd5aed95319efd242c	1746dc10e1af88335e4a12e5a7eb1b37aa40dc243ef6125524e365e80bcd8cfa
chr22_500_guide_108	columba	timing	measured_3	0	3.929909	1.983119	0.563152	291564	1	6b72b7d58a6bb9700568183d8342e8f3bc79c45ffa1f7e46c161effbf9985c5d	1bdc42a6859b8b52c1db369907a7439fdf814d31ad0591c6948691ed396edcd1
chr22_500_guide_109	columba	timing	measured_3	0	0.961176	0.701637	0.198800	290532	1	461291dcaf2e80e2a23a63e67f89a5c96faac00ade45a6b2fbf5f72f52e4e359	5f6cf12d24efc302c0b18feb3261423ab8eaf500a0ce00eaad330309e72d69b8
chr22_500_guide_110	columba	timing	measured_3	0	0.911676	0.659331	0.201313	290560	3	27bec362626af993604055a79ddb94b53597029f4bc27af25949739b8d89a154	856c1e604acf1d18e0451c19303335814fbefe1662bcd31770ac6fbd63b99f21
chr22_500_guide_111	columba	timing	measured_3	0	1.213532	0.869390	0.242796	290468	128	179bedd0173a0b747757db4c53a52508aac9e4581ee9bb1f9aacaacbb5eacc88	4c72477b8ccb96aa672d0bbc91a353c395ad47db86ef2da8043a34637674b8fd
chr22_500_guide_112	columba	timing	measured_3	0	0.963204	0.737876	0.197583	290376	1	85e8ddbe1f41d07d2fccefdd6deb60b8cfcf17a64f052215c84a68e7db0e8e8d	00005e9cafd4a8cb6f19096d8e9d54632eb6e89875c5030196a944fd19e92013
chr22_500_guide_113	columba	timing	measured_3	0	1.113992	0.872095	0.182961	290676	149	5664c285cf2f5ae0137ca1a22d1cb40e7231faecf6a27ae4223e67a75ccdd033	94dca88f98f958fa1bf19db4e20642e9042142e03f3cac411aff6176a087ef1e
chr22_500_guide_114	columba	timing	measured_3	0	4.236910	0.886731	0.238211	290336	2	e99f1464fbfcc616cef25166c640673d4d2c6afce038f7bef369c4bf5c6e0046	5191b50bee9c5d1e030d6bcab94554cbe0961661f1dfd7d8bdc4c6696e1b3586
chr22_500_guide_115	columba	timing	measured_3	0	1.364073	0.915152	0.219512	290720	50	01ac7302e9a199c7d238bd19b09ca939f8fa4847c9f04e0179d582f6c398c3d7	46de4e2c695015b0cda6cde7c4d5a192765539cf7ca9b535b36b5be39d0e618f
chr22_500_guide_116	columba	timing	measured_3	0	1.109287	0.780843	0.182072	290636	15	2c3100dc7c5e040102ad698cc36b85dd84a89471db4410bc85aa8535ac672828	10c4a9caa0af0e60d557e748006ab42c160e4f100b7e5d1bcac1c7a205f9e803
chr22_500_guide_117	columba	timing	measured_3	0	16.963851	9.312707	2.315028	312796	3335	09dbe95198ae57879a9ba57ad4c855a45956a0ac2d97e2c6002e6651f7e06ddc	090ac31dbde80cb5241fae47410a81ff6d12c362cba45acc52fc695ee6ea62a0
chr22_500_guide_118	columba	timing	measured_3	0	1.110952	0.755062	0.207604	290308	2	bcee63120e7a1ad9985f53ede79aec2d8e27e6be8190904374c9bd2675cce1d4	20e0d047a90eb941c28e7c3eadd3682e2d2baa7519ca17df715655ce2d25a138
chr22_500_guide_119	columba	timing	measured_3	0	0.859323	0.603031	0.176950	290284	1	4f436688014fdfd449b313b2c3b687063981e5e245571a9db7c8a5711487b353	e68dade42491d3ddd00a5ea23d9612e962e69a59342f84ff18b674ac32a011cb
chr22_500_guide_120	columba	timing	measured_3	0	0.810184	0.550118	0.193002	290408	2	ecc4ab1da9f54fe98fb3daf081c50f8ea2bc6926d495e1ff393f5acdd6c088ba	f833aa958a5f495183f5e033de42f6d8afe91f350e8ce2ca33fa066375294a37
chr22_500_guide_121	columba	timing	measured_3	0	0.810896	0.579259	0.167403	290556	1	9c2d6c2960fe78f86540e1be27182c28b286fce8b9592387bfeac03889c6dae5	2704842ada9d3b25ab43a512905eaa1dcc85b9bcbfe559d667b7abe3b0e51ad2
chr22_500_guide_122	columba	timing	measured_3	0	2.168406	1.389265	0.352009	290896	101	e1d81e7c216feb9f8c237c0eedea03fa224a1765de1eab7c995bc6d566e9f684	fa2962666f6ecfea439cb94a57f945780bd0bc50d24174783c93c173399d6001
chr22_500_guide_123	columba	timing	measured_3	0	3.723996	2.415066	0.505264	295160	3309	2bcf3c36d3005ad0fb22c942310e9ac2be633eecc1be15596d48b67e278c7fd2	bbeec566678f9402686af8dfc82c742950a8cca1a8132401323a9ab6a130af25
chr22_500_guide_124	columba	timing	measured_3	0	0.908070	0.647118	0.195376	290416	2	7ddcecb77c47003c6c62506f5862a316222350a1edaf66e6e74fcc576be502f2	213ee66155794bcd4dee7a5fdd1bb0ddbe438f8dae8ead99c8735a54676fcdba
chr22_500_guide_125	columba	timing	measured_3	0	1.361822	0.899236	0.211514	290696	8	492725d20fe9d5db2f1a91b2b31a147e495881c5f222ae8be30d996373d87e6c	e298661cf0d8d1d5fe7f9c04271caba45fbbdd2766f8279fa3a0ee1a9b98f4de
chr22_500_guide_126	columba	timing	measured_3	0	3.725794	0.707673	0.276077	290488	1965	57abc546a36dcb61b89f5b1a7615a43135f0663d7af96d10fe70563776e0fedf	d6d0d8ebd689ebdb64d55389b0665e52a54f191a330b356a04014bf858fdbcbd
chr22_500_guide_127	columba	timing	measured_3	0	1.867521	1.188999	0.321615	290580	19	0c012868d6ea02fcbad0e3f44baa2a7e59ef03fb923ef2aa79007230f065f303	fc37767c92591ebde142bbb7c381093addca59df9d10e9e2c0f3a2dfb244573c
chr22_500_guide_128	columba	timing	measured_3	0	4.484012	2.630135	0.757192	291832	64	74ee2057f2511f0387c90decf264283593386e47d9b30347bc9921ddcc60dd17	24451543d4981af6965232fc89a42aae084c85b1effd413db55357f5b81b7551
chr22_500_guide_129	columba	timing	measured_3	0	3.627756	2.139241	0.583631	293412	10	5b798c4a833c3282797917b94896aef3977cf41a458001ef733fd63ce7846a2a	e2d71aa9677d93244afb220e9ad4d0eeb027015c8cb17177c33f4531c994c25a
chr22_500_guide_130	columba	timing	measured_3	0	1.818695	1.041725	0.347939	291400	2	6e3cc36326087205994258d05cc6383f0331f64e9934e6d84278df7c8484344a	0b8fde13023a2b3c026bacf0028b8ef013fe38bf3af8ee15d477b60359337cc8
chr22_500_guide_131	columba	timing	measured_3	0	2.834990	1.499714	0.441640	291012	17	9027915187829aa16b01814f987b1fd968ceb48e039fc731fd85db554bd850e3	f752d6a5333e2ad041f1cc05dad3748dda89c363ec91dec6b7b4078c7dfc1648
chr22_500_guide_132	columba	timing	measured_3	0	1.765790	1.156675	0.339444	290560	6	42b2a134cfc954cd87ffd6426dc37df74a73fa54f3fd58ece8830da40829a184	1602b2b202fdd2e87bc1dfc8829793256dd66997dbdc1d5c0e050d35db9f46aa
chr22_500_guide_133	columba	timing	measured_3	0	1.012752	0.691926	0.257246	290188	2	a7610eb051e87a34826545d10fcf8102943e8611a97a657a33ec94ff2afe4c13	ca6032de9107568e011efa775fb138933bc1f4163d835edc39d12e948093dfde
chr22_500_guide_134	columba	timing	measured_3	0	1.311149	0.940611	0.222828	290752	1696	15ea75d1d388292df50a24ac69adfe550bfb71904110cd0f3f81f7c59be4ee94	461b5533971da140b4a6c079f8a5b080d14fbb71d9e6c1d21ffdd13fecf6c595
chr22_500_guide_135	columba	timing	measured_3	0	1.564079	0.885155	0.335406	290808	5	e3c84bb32763d301bdf52408bec52cd184e7bd8be4a2143c3dc778c2162283c8	99d2dbfc79b13a73ce69b6c42d895375d91c3c4527abeb63763f16ddd615de2c
chr22_500_guide_136	columba	timing	measured_3	0	3.177060	2.134013	0.409566	291560	3244	843e4bf4bac6ae869a0d929408d3185ab9e833a359a6f9e5ed8d66b4855b2395	f4e18f51a69fef0720ffef6a755858aea2f69a7e050d9ee155ff89a549e655e2
chr22_500_guide_137	columba	timing	measured_3	0	3.731500	2.154970	0.648380	292156	3	6b10b91714e2739dd197eb1b59d225ef355dc4c88c17eaccd81edf4c2ea2cfff	2a9d725b28c38d6308814cd7b80df45337c0daafcc80fe2958ec66eb320e7f68
chr22_500_guide_138	columba	timing	measured_3	0	1.111836	0.746643	0.277252	290568	2001	01e49abccf673768fbd38172e9592aef60a9ffa738fefa147d463cc2893ff852	6ab1cb25283fe19a6bfd4fcd5c48da2d87969a73970cab771254caf7f66a6287
chr22_500_guide_139	columba	timing	measured_3	0	6.141770	2.407451	0.642389	291748	1993	3cf03761da568a4e8daf4caa89db6161f78870d15f4b918b5510eacf8de9a23e	95a4147eaeab6638de1bb677be3761ec0478fd70c786d342addd9843fb84b313
chr22_500_guide_140	columba	timing	measured_3	0	3.074404	1.979886	0.437061	291580	2011	f82cef2df3ee74e16d91c05357ecf7567d84cb3c01dbcb249e2f6304c740c14f	33f330c2f1bca1655b750103cfa6a205079f9c4bb49c68c1f273d161b217765d
chr22_500_guide_141	columba	timing	measured_3	0	1.764766	1.083072	0.306173	290736	1	75a2846e206ef232a498051fea8840d2d310dd428aee04e323c3edd7213c8c13	99fff3ae386ed52f110ea41df18431475a304ec7248ddf16a4ce01313ad5dcdf
chr22_500_guide_142	columba	timing	measured_3	0	3.880628	2.581046	0.498003	291696	4003	f7e84528934babfe1ea46853ec6630ad9df5ed2bfec66985bf52bf280bc73fa5	7e11ccc183dd40fa26a40ed9c27d9a5a563f8c9ad4bf2f65e531900197b4e234
chr22_500_guide_143	columba	timing	measured_3	0	1.110749	0.738019	0.272336	290384	1862	023a0db1667cffab02ece840deaeba274e313dbe75e80a569d4eb1e108049a70	d4e0a36311e4ca8e67b4e69d062e253606ee8ba50c03ffb98d71774fa810bdfb
chr22_500_guide_144	columba	timing	measured_3	0	1.412993	1.016215	0.275124	290428	1885	117a882249c4d29e07ebd186a6a128effeb9154b16a9781f10cd4dc23f1f5fd0	1d2a90805309244de19406e143619c863d68a7e1c9e30f6bc749f76c584fb153
chr22_500_guide_145	columba	timing	measured_3	0	1.716893	1.022327	0.369857	290792	4	da2dbc6e66e71196244c1da928aa00a4263158dbcfe56f5677643d6b0131921b	51557a7bdcefdd601a7a5f2190dbfa5fc2f369a128c8ec29ad4d524e42bab353
chr22_500_guide_146	columba	timing	measured_3	0	3.473938	2.350859	0.486482	291964	4326	000f8210c302c2a43a1cd9ab4e4aa08d0df3475a7e7bcb713eb9aeb444996bad	cf3e450761193bcf7ca9a98101974263904078120a69ffc169b7bc969c93fef7
chr22_500_guide_147	columba	timing	measured_3	0	4.182731	2.537215	0.598908	291624	38	78174f6f3be7f7ee5f2b0f1d7766286d9befd7bf5b0a2d740bbcbc3ebec70334	289310efa617ff178e40d0f970fe1a8f40cd678aa4dbe28b1c2c915efc711407
chr22_500_guide_148	columba	timing	measured_3	0	2.721652	1.623620	0.331977	291452	2155	d29f1e6c8cefac25b1c219eeb22083b707ccd515357f995e1d890f815157db21	2438973516059989d2cd3180bc4fb2a1b25b52a873009a27bebbfc598f668a22
chr22_500_guide_149	columba	timing	measured_3	0	1.765006	1.135276	0.264361	290988	5	d858493a5129d219004e374ad1424cb6a476e79f56c71082ae1af306e90714e8	248007e873334fa7965b0796522377d85d43543acbdc1cea7f29ca78f33ba147
chr22_500_guide_150	columba	timing	measured_3	0	1.664071	1.103416	0.260161	290472	42	0c54270dc6f4d33feacaf871c5ad498c7cabae46048d5c2dc7a19376b59070e7	b07edbf1715a11f190387b46d509f48c71969bc830b814f31976577533d78f78
chr22_500_guide_151	columba	timing	measured_3	0	1.764628	1.125694	0.279370	291068	1	fe055a246254f30d7a48644133f08b87ee38c4ed785e2b38b800c531c83c0410	153d63b2c826073cbff44b772399d042ef1ff8785ef237dc4e4ecb96060c6768
chr22_500_guide_152	columba	timing	measured_3	0	2.971791	1.942459	0.446057	292348	2048	17a6ebcb965cf7e38e6e8248ccb386749379acfb5f0ef48f1e844948c5befa13	86065101842632edc531d81d74b12a3bce421d4d518ee19ccbe05ccf06bcdeee
chr22_500_guide_153	columba	timing	measured_3	0	2.671477	1.520892	0.489826	291112	2	5d5573821365e7bc8b578e4c8587ad85cc0ce7e73cc826859074ffc07c945a42	6d757fd7aeea9c62de2f65f7620c111ca2fee818c410d59cbc0beeac17789d75
chr22_500_guide_154	columba	timing	measured_3	0	2.220224	1.406745	0.346439	290876	60	b9c2affe3ac6d19a9031ad5e42eeda24beda583261198c9ef3b43ab332b29d28	6e40502ea002e16a975f6fb36be7f00c6ec6edbbda7b7ae9c3a2e276f8a39e36
chr22_500_guide_155	columba	timing	measured_3	0	0.909422	0.637377	0.196795	290764	1	d7747e0db2e88e56e4a3767f47b5f9029bd6134aadc31b795c79eff5e14e67b8	8f6f6c16a65d5f9e1097eb9ca3d75e79581c57f1b45038f1f734026cf3d91212
chr22_500_guide_156	columba	timing	measured_3	0	1.110710	0.765251	0.222137	290428	4	41707f5dc15da2e7a571f8c8bd844c5166208fe2eaace0d20bfe1b07aa1d0ea2	3bd36695e2f7acebac13820001d86e4453ae9d7fb08136bc2a2e76ffb38cbf4f
chr22_500_guide_157	columba	timing	measured_3	0	0.859366	0.624024	0.198984	290492	1	643dc743fd75f3ec7b2e9f6c2d518d6bf6d7cc37ab7cc77ead9e6846ae592d90	21557a1819e588a11f310a665f8db49932fed425053b7a62f6fc13cae1280b70
chr22_500_guide_158	columba	timing	measured_3	0	0.809165	0.611128	0.169097	290504	1	c25a6440be62186e25b0f165358d0d0900b923751f80af6ee5c27f0f29a85af6	5bcc52812e3cd79f2c949096180d3f1ac01ae06d29eea04285bba87168ded8f9
chr22_500_guide_159	columba	timing	measured_3	0	0.859750	0.675930	0.154919	290388	2	3d4992720176e3388daa5c560bb15dec7cf3951b67550e05820230c38661f0a7	4262c7ba1e5bff922093ce8649b4b6afd7d9d7631888f095c0975a592edd5bdf
chr22_500_guide_160	columba	timing	measured_3	0	0.859119	0.654253	0.179516	290292	1	d6d96d826bcbd4b301c0c87e16f31ad41389f1c8474f50d3699184cfe7acda7a	e3b0c44298fc1c149afbf4c8996fb92427ae41e4649b934ca495991b7852b855
chr22_500_guide_161	columba	timing	measured_3	0	0.959574	0.714588	0.167683	290464	1	4ae747e8d2a44a4137f700664493d395d2b602c7f46ee11e639e12aab1a96bf3	48dab6dfc66bea46cd2a989671250f1f1146d8be44c7a92764ee77e05c8a558f
chr22_500_guide_162	columba	timing	measured_3	0	0.911080	0.673698	0.170329	290416	1	b69419482bbafe6e1bcaa11e5797437af79964ee051c788015805b30820e8298	1c3598190a582a41ff1a3274b3d0055fa9afc43c12ffb132b06a64902c8298e5
chr22_500_guide_163	columba	timing	measured_3	0	0.961829	0.653042	0.176166	290580	1	0effc63d85fa97f691908ce0321ab857ae6f08fabd2480f35c83ff81e76c9f0e	6be499e878bb8835b2d0095d754911ca511e88d92eb98ee972ab04a1f8c00a0b
chr22_500_guide_164	columba	timing	measured_3	0	0.962725	0.721582	0.193877	290404	1	46e7f3e1a96998b4b736b1eec08088a85a8308019dae7439865ffb87c1184f73	2d8dc28c05ff97e40ab0da0dd01dfae7c84205d78c3298375625aebed49fae9d
chr22_500_guide_165	columba	timing	measured_3	0	0.862023	0.633560	0.190480	290860	1	d886af1f304911c13510c5ed489b15bb3ee85e388b776d06e045ba0c930a5f2b	c43aa645a27cbc7059ec0fa97b3d82a0f8c839aaea0678f54f471fa3f05fc6f5
chr22_500_guide_166	columba	timing	measured_3	0	1.264027	0.904460	0.213207	290512	65	f76269f3e52c3014c7aecd6b6517914bd94eac0afbb4da18dc440c8d46cb1ee9	d0ebcd3f78085dcddbc46a767f058c6f89ea3cbbb2ba0293b2685d9979fa19bb
chr22_500_guide_167	columba	timing	measured_3	0	3.721733	0.577969	0.170880	290432	1	cee264189907b3df5df36df18bf77367d70c9e3307ae209d7154fde9dfbc47a5	e3b0c44298fc1c149afbf4c8996fb92427ae41e4649b934ca495991b7852b855
chr22_500_guide_168	columba	timing	measured_3	0	0.861252	0.635441	0.166804	290308	1	b799f84402b88ca7eda644ce1b5b5eb56c02b09c04d62fc51c4c70dc76c6b583	4f6dc5b5a164eea9ba79b4a4c7ee686bbb2ef32b24b407949991d9e320496ddb
chr22_500_guide_169	columba	timing	measured_3	0	0.812580	0.603707	0.176096	290420	1	0862c816f1aa3cfd555719d81c501eb6f39d78bb01666b474f7b06bc78888790	d6076da4404290dc28d849925c83e76a1c91272f05c81a1269e2cfddec6c8f21
chr22_500_guide_170	columba	timing	measured_3	0	0.859896	0.634972	0.191103	290588	1	99438952a76160fd91fde79eb2d1ef722599296aaf8bac56414ccb53df45a0b4	e3b0c44298fc1c149afbf4c8996fb92427ae41e4649b934ca495991b7852b855
chr22_500_guide_171	columba	timing	measured_3	0	0.809503	0.567338	0.169042	290876	1	e317429f77c005e356a722479e453cca3360caf415324867267d86c234fd9a0c	b076137193978c5e088a07436c1ed0022cbd76125f97a81a6f5b5f2871d76d0b
chr22_500_guide_172	columba	timing	measured_3	0	1.060595	0.708498	0.162334	290536	2	9ae05e1b88f0ed17152666501156522d5556ae5d91a566028a52d1abcfaf1bc6	6bc81936cbe6405f634b2147121acf85229c6ea577c2037be77523481bc6f494
chr22_500_guide_173	columba	timing	measured_3	0	1.061383	0.805684	0.191697	290492	10	26e2eb81897f587da39402739a7f851313f0bf1adff27623b341a24f6d65d55b	99ec977a326ca10c3e115b1ced26f639f311e55f5d55485ff6a9c48c4655ed96
chr22_500_guide_174	columba	timing	measured_3	0	3.531056	2.074986	0.584721	291840	88	fe5b1ea607675709c509ee4c41c07495481a78cd207e03b6053bbc685c8e7bee	0514063c648fb23168ebf56547b5f24ab52505d23dea868ff9b815032ff5e078
chr22_500_guide_175	columba	timing	measured_3	0	0.910605	0.645801	0.215826	290388	1	3a2a9a535dccffd342eaaba6ec06067374dae64ca7889222dcde00af5c440547	b06efbabd0b58f9175c51573e14cf929c3eb6944d699c7c7aa4dffd6cba9f0db
chr22_500_guide_176	columba	timing	measured_3	0	0.911143	0.641213	0.247988	290528	1	6b2b73f521ab30bc9f66dd52de9bfe397a214246ef85ca25fe53c3a46bf2510e	2408d9d716ef53c9f51f7ecd00ba938ffd9f6f09c03453428555bf612d94ad8f
chr22_500_guide_177	columba	timing	measured_3	0	0.808385	0.538462	0.241109	290336	1	d6b0fb83ee8856732fea46f66b13f7259eb296d82bfc9c1b649d294580993c11	79f17fbbb07db8bf96a8b3a6a0b82f26dff0cae9054127f4648a1d82e4f9f0c2
chr22_500_guide_178	columba	timing	measured_3	0	0.808168	0.555034	0.207605	290296	1	d902219eeefe3ff64202f082d0493776f51eb4ff2b0f1167c0e670f923533dc4	561879fe16bf8d8d845615014aafa1348557dc2b653402bc983228fe11f91985
chr22_500_guide_179	columba	timing	measured_3	0	0.809307	0.540953	0.233297	290352	2	02d3f463b9d194d5e3344e85af306f98cb6029e93b28e7612516ef86601dfdfa	91886342195da67b1d9b706bc42a21629d2bf30ce2dee7566e8dcd42aa868d52
chr22_500_guide_180	columba	timing	measured_3	0	0.860766	0.615598	0.182299	290472	1	458362f7cd5e3313975f59a9b5fcfc0752b491681a6e3bfcc210c9fb46bd7d1e	30957068fb93fd971b4c8d4d3fff934e28dfc45a7e610c43656898109b11fdb4
chr22_500_guide_181	columba	timing	measured_3	0	0.860002	0.544695	0.260349	290364	1	bd12ccac3bcfe83190a4a57e0c78ff819ffd24d8f03895aa6c4610029187f937	e3b0c44298fc1c149afbf4c8996fb92427ae41e4649b934ca495991b7852b855
chr22_500_guide_182	columba	timing	measured_3	0	3.024332	1.742397	0.616907	291204	102	b3ed67db64de6ec64c6fc3786cc02908de5086a5b3f314472f8b20980456e1e2	a83afeb1cabaf839e2b1ac252b842df0015bcf3907305d443704e94ee2e67c7c
chr22_500_guide_183	columba	timing	measured_3	0	1.061091	0.694714	0.303786	290284	1	87a59470956d0b27daf38e5e39ded5e150cdea0e868b3bb38ed13ec71694f010	e3b0c44298fc1c149afbf4c8996fb92427ae41e4649b934ca495991b7852b855
chr22_500_guide_184	columba	timing	measured_3	0	1.062263	0.740650	0.264600	290312	2	63d6cd29cb7467d7766f34eb3e5fc1d69b1b395b993a76b0bbcfc4be9deffb04	cbb148f909f0620aa32c967b252d39e0c819c327ca7ae8f9194ef0da3849bae1
chr22_500_guide_185	columba	timing	measured_3	0	1.780744	1.076902	0.367997	290628	45	e2f741895a6af10ad3146bf06646230c2a7e00ab5a2bdf1150c8c05fdd7825ae	6389b3e1c29a84a416ad56d5fa787cc02a67db3bda8316d708bcbe8e8218290f
chr22_500_guide_186	columba	timing	measured_3	0	3.475268	1.011091	0.310344	290428	5	f676474a73cf61aae93b7f14f3ad5050ed1b02ee16f71cd30d18f0a08cf61d92	f16e016d55244828162bae381c423bf2dd76b3ec082fd0726d19f5b7f364cfe8
chr22_500_guide_187	columba	timing	measured_3	0	0.959128	0.632128	0.268007	290492	4	51a176042123342a4831eba8dca01b9000fbe062e0a6c2e88db63cc931977305	1f4dc320d13435be603267ca64d56395cb3f314c5c09eb17681c813b5a1a4263
chr22_500_guide_188	columba	timing	measured_3	0	1.009891	0.703211	0.215670	290520	1	029b4bae64ebbe3decac5715b992bb89ceb0731276cd7cd8566eaca4250537b4	d19c36693df71437a3e971b04638d4c55f47a0d94d8887a1c6ebbec6f71e8046
chr22_500_guide_189	columba	timing	measured_3	0	0.807835	0.596461	0.162152	290360	2	1a0a4c609cd5cf1946c36566a3f804c745395f17934a1617723121dc8047f381	16c894919eb3af64e89702762f662b74036cda56113508717dd039b7701a720f
chr22_500_guide_190	columba	timing	measured_3	0	2.920874	1.732114	0.523961	290996	72	772794d7dfeb7e94f722de0c356d0bba086ca9710bc1538aa8fd629091bd58db	095c7d338c4ff282ff9fdd16f82db57a540a4ccf2045d351230457d829f73224
chr22_500_guide_191	columba	timing	measured_3	0	1.009739	0.699491	0.258961	290372	1	ec8c5f18d6d74bcaeb3d8a9231840ea7d431ef6bd61745bcd5ac037ce5c4b79e	e3b0c44298fc1c149afbf4c8996fb92427ae41e4649b934ca495991b7852b855
chr22_500_guide_192	columba	timing	measured_3	0	1.614225	0.969939	0.367873	290588	36	e681a54c96435b50639cc217f11919b4244bc18d6464debb522bc7c2fff48ce3	1de11f10571068808fa426c02241787689d36eaab4af74158ce7252d7efd2eee
chr22_500_guide_193	columba	timing	measured_3	0	0.859753	0.622384	0.162026	290444	1	a699d8af011bf9deb858b41d0fae396d8cff7641f7f0fffbf757531340e4d266	e3b0c44298fc1c149afbf4c8996fb92427ae41e4649b934ca495991b7852b855
chr22_500_guide_194	columba	timing	measured_3	0	1.819079	1.165755	0.326181	290928	5	7f584c506b18137c140505c397f299f5cfb1e2f19d1ec6daadff8bca7688d435	ee321b1a4fa0b2c782160d0ade1dc9b1e7c712baa0831134203827c6335eea64
chr22_500_guide_195	columba	timing	measured_3	0	1.061458	0.634152	0.285032	290552	2	cb5118459e82325c3db2fd66e9783a13ede67bf9409c6eb4e4b9801a6da75cdf	3ca6c7c28da24390b5c41cd466f68a9e25f0da943d8c361c04ec9bbc6322702c
chr22_500_guide_196	columba	timing	measured_3	0	0.864327	0.610381	0.176658	290404	1	9d313725a1565d5cfde76bfc23bd41168e8fdfe731f992e32e4e14928f1eba97	e3b0c44298fc1c149afbf4c8996fb92427ae41e4649b934ca495991b7852b855
chr22_500_guide_197	columba	timing	measured_3	0	0.809248	0.526071	0.199267	290304	2	9eb85067d7a33bee8c8f49137a3e8ac1aec62426b1a9ddb3244bbec7c94ba60d	c879bab8e175ca7ca99d471776ee53a527aa2a8ce7e388841850bd3a9a5cb905
chr22_500_guide_198	columba	timing	measured_3	0	0.759963	0.532665	0.146793	290288	1	4390a33a35b7293befeadb9fa60eb9d4727d057633aeb9a93007f6581228ca97	7e3c0298e47ada9502fe1ab91e5aed0852345691cf2da9d42a3b3bb1585655fc
chr22_500_guide_199	columba	timing	measured_3	0	0.707877	0.490159	0.146082	290716	1	1a9e47a73e5d927bda478b79a2e0b4fe3a9cb6a5e919786318654d9a3e5db97f	1591be8f62747dc63ff90a1bbe7959939ee4e8b9b649841b64575df53909e6d9
chr22_500_guide_200	columba	timing	measured_3	0	0.809405	0.611556	0.164524	290612	1	17756acd0a0ce54b4e745976cd31a47fd1c9f63f1661aa7d77bad966ffb5a944	dce4bd63bbba53dfc5d40793c1256d7c8c18b7439dc831aeb3f92e33831bd080
chr22_500_guide_201	columba	timing	measured_3	0	0.860266	0.564298	0.233091	290724	2	d6d98b6aeb5f2c883f79b82c45d44de2fb34edbcf0b1e9d7b04b93f9e961419b	fde8b836d285794be3ca727ee724e6197588c807f8c91a19816d55152ad2ce6e
chr22_500_guide_202	columba	timing	measured_3	0	0.860765	0.556882	0.255570	290388	1	44bbd841c087139227d04935f12732bc62035e07484977bb2a50a49eea89c20d	1bf5edc7b9653591aaaa56f2b64982443264cd8d9bdeda9ff91a0425a9e38e4a
chr22_500_guide_203	columba	timing	measured_3	0	1.163590	0.774693	0.300722	290428	1	3e8108b8109dce3b65881841a62543e3eb3ba821fff9bc76b9b5e43ac8c75d77	30d5bd1a2fd8f421e7be29640f109fecf4e022892dc5732c56ef1b76e1f5233b
chr22_500_guide_204	columba	timing	measured_3	0	1.162735	0.729933	0.271204	290340	1	9d1a5247a3e3b449bea633b6b52c4bc96829551e72493f376f89f7886050d9a4	e3b0c44298fc1c149afbf4c8996fb92427ae41e4649b934ca495991b7852b855
chr22_500_guide_205	columba	timing	measured_3	0	1.163348	0.842959	0.249767	290400	3	31cd04449f0e717750811edfeca19670932d2ef47855d1e287806e2c35cb6234	0815c62f9e9e0acfb1a6323e5a9c02127fcee511590db49a271226d63fee6be8
chr22_500_guide_206	columba	timing	measured_3	0	0.759451	0.532443	0.194876	290516	1	0d05d9358e7eddcda81c0af29d014e6cbf29264f1da23b16a2ce4db5446e5bda	e3b0c44298fc1c149afbf4c8996fb92427ae41e4649b934ca495991b7852b855
chr22_500_guide_207	columba	timing	measured_3	0	0.808374	0.629798	0.152685	290556	1	d3ec7c66bc10a3376e61eb42399a7bac83ea47eb29447109082383725c615d9d	9ea2a32a6be31acfce0d1db45cd7455233cc28d44ba57ed919d204c93d0afee5
chr22_500_guide_208	columba	timing	measured_3	0	0.758845	0.523689	0.151349	290544	1	5924fcb39f9667884df027edda8f627478be6271057a2d69844c736321e3169f	e3b0c44298fc1c149afbf4c8996fb92427ae41e4649b934ca495991b7852b855
chr22_500_guide_209	columba	timing	measured_3	0	0.708747	0.499470	0.142044	290400	1	27efb82af164e4487a5cf1ccf7177efb814a97e6868618c2fb067d455ed85d72	e3b0c44298fc1c149afbf4c8996fb92427ae41e4649b934ca495991b7852b855
chr22_500_guide_210	columba	timing	measured_3	0	0.809786	0.582409	0.169222	290468	1	410125d8cde9aa8559c2cafa33ee82e57d7a2a7be8aa4340940d389453d4aa13	98eafddc6705acace023d279fe2d2474ed1bc814f781be21bc729ccb8f34da02
chr22_500_guide_211	columba	timing	measured_3	0	0.858425	0.636024	0.163527	290428	3	20e008a39766f5204fa95d4bd0a8c7abc3887b792992cd6c99d7682cea48d725	e3b0c44298fc1c149afbf4c8996fb92427ae41e4649b934ca495991b7852b855
chr22_500_guide_212	columba	timing	measured_3	0	0.860136	0.620116	0.177339	290444	4	4a2f7e701731af895b6de23add8c363330b9708149d82c09d0910cf52a9071a6	1b589983a8b5855076bc4491d17704756e9f42f9d5e968e92508bbc5ab23b1a2
chr22_500_guide_213	columba	timing	measured_3	0	0.858864	0.592802	0.164404	290324	2	453049c36d105d5fc369042ca0ab1a96b8b895a916b5c2f187ec168c02aae659	6a4a76d7576dcdf483edf9f4bfebf4e97bedcea9c2681ce642817147f17c17a9
chr22_500_guide_214	columba	timing	measured_3	0	1.161987	0.750412	0.198351	290412	5	d1267a7002bb30f0701f4a9ab7e16c256b0704d6840f6424451faec7375707d0	40d917494a237c6ea811bf0cd067eb667f710c572bbf41c951d52e0dfcf2e541
chr22_500_guide_215	columba	timing	measured_3	0	0.809954	0.591121	0.148849	290680	1	63b76d0e58c2cecbbbcfe4992fd7ff1c45be184128a232ca263192df43d8669c	4352e4e40b3713d409ba86521d55d188c008744fc455bdc8ed72ecb4955f27ea
chr22_500_guide_216	columba	timing	measured_3	0	0.859976	0.650624	0.164018	290624	1	e266b204a7997147a3fd8f9d94740378fc9a8435605b2363e7555257caffd730	799ab8a11c5febaaad680d06285bb2f1272ee07b717ebf92072b318d43aac3d9
chr22_500_guide_217	columba	timing	measured_3	0	0.859694	0.640244	0.150106	290512	1	bf3ea3e4771c6389b495a35456fadd28c1e956c9034804a5821e52e1827a51ff	e3b0c44298fc1c149afbf4c8996fb92427ae41e4649b934ca495991b7852b855
chr22_500_guide_218	columba	timing	measured_3	0	0.960543	0.638966	0.185374	290504	2	4f1d85930718319dee2874ba1c96e3f8e80885b044e2550d9d3285234eb16d34	ac80b04a88870303112f4ee98ea5b95636d0b8b35af5c52fb77c23238f1648db
chr22_500_guide_219	columba	timing	measured_3	0	0.757616	0.594974	0.138951	290300	1	872f2f85baa7c28f5b262483d1218ee6344fc208ed78aec17d684a0eae7c0c68	36f8fdad0538985a1a18f9afb927cc8b20bdf6efbdfbda4ab6136998e339304c
chr22_500_guide_220	columba	timing	measured_3	0	0.810117	0.599182	0.169258	290516	2	42c2ae15b75a013aad8e8379ddbc2d5b12ac8407ab6c2b2793e73d4fc6bd83cf	e3b0c44298fc1c149afbf4c8996fb92427ae41e4649b934ca495991b7852b855
chr22_500_guide_221	columba	timing	measured_3	0	0.807947	0.546614	0.144440	290556	2	cd268f0877e9f2defd94547cb7d413e6318e8a8a578332b3534c975a280f1ed5	7821a7e3e4ac6b058b526096b8686db589056db949c9be3a45c23ffe19cc9708
chr22_500_guide_222	columba	timing	measured_3	0	1.112225	0.821799	0.249968	290356	1	6f82a4b03c8a18fd06ca9940024af4ce0a01fb5e93ea9ba2feacab228c154786	06895de691d7efaae1016e7edb8391cb6b084415ed0bdfc2cff632bf936f12b5
chr22_500_guide_223	columba	timing	measured_3	0	0.908890	0.673049	0.183225	290524	1	7e528a989c31c40be279492b74efb2b32bbafcb76168ffa5ecf4da003dd2852c	dd567e27451842465f72c8df72e5b23a60f4533474e55b65999ba98af50e5e25
chr22_500_guide_224	columba	timing	measured_3	0	1.513045	1.057135	0.274612	290528	567	54d11e3db2366ce541d6dd624ad37c81cfeac13a61d37678c89ef153e33b66b2	7c3c605f1b0416f4677072a66d3b67749c050f71df57e5cbe5d956ec14e37e1e
chr22_500_guide_225	columba	timing	measured_3	0	0.911984	0.657454	0.219826	290548	2	2256242036940b1116433901a0599960dc42ab0e478a65137c775e38bd0273a2	db63611d9aa229289b158dc50bacab0411b142385e4f4f6d34b3f1d2165fe370
chr22_500_guide_226	columba	timing	measured_3	0	0.961283	0.694780	0.180716	290520	1	94662f76c5a2e1983e29f9285786131e7dfa5e0469adfc1d64b03f76edd026e8	235fba1f3a94247886ec99d48f73a64642fd981c1ab5e7aaa7deea44178dce56
chr22_500_guide_227	columba	timing	measured_3	0	0.960320	0.734426	0.165180	290776	1	22d5655df7a017b496eba42ed43213b203f8a0be1e2d8f176c1e3c5f3c371478	9cdd2124e0417c3f306c31a94554e954f5a25ef700c62f3745d75abe2ba08650
chr22_500_guide_228	columba	timing	measured_3	0	0.960267	0.706350	0.163518	290468	1	714554ca8eac6dff9bf1ea7bcd982ded36f466eaa79bea00a33e12ff4252393b	32b0fdb408a245e8ea00a9e3729e5f81f9093394a9fdef4348318ec666ad1e55
chr22_500_guide_229	columba	timing	measured_3	0	0.860491	0.650050	0.178122	290588	1	5dd95897a99de5c99923bee729265bb935a9a9c19c1fcf9fdf9f1a7f104c4420	c726d65732b5f43969e478c08b4184e4305070be4a134e1c005cb3a97a1d233b
chr22_500_guide_230	columba	timing	measured_3	0	1.514873	0.983116	0.258242	290708	76	229cd2876388c13a745adca55a17654843ad63887cb0e9318cc87c6d233ee208	bc47c58a6a7cc85cc048ce68721fac44532859fd449a8942633afc39fd58680e
chr22_500_guide_231	columba	timing	measured_3	0	0.759091	0.570980	0.152857	290672	1	948dbfd6425bdb3088906f63eb868902942301af431fc9e95949314af66ff6d0	e3b0c44298fc1c149afbf4c8996fb92427ae41e4649b934ca495991b7852b855
chr22_500_guide_232	columba	timing	measured_3	0	0.757590	0.561257	0.149369	290496	3	188c8dad2c7680aaff5b71eba79ecd0b2ba15fd65a3ee65ac94687c20a8de512	f9f8962e1e3cadf0ea9f0dc5f7a07a00ebc744f96abb0f0ffa226fe45caf2703
chr22_500_guide_233	columba	timing	measured_3	0	0.808356	0.576429	0.174585	290340	1	ca51411298336dbdfe2d1022ed02e74028dfbcd2e0e397a8224fce4f6017af72	b76583d8074d81b6123010653d515a4ff97310c43c5bf08081014d9154db7606
chr22_500_guide_234	columba	timing	measured_3	0	0.859070	0.636779	0.148340	290704	1	559f7e67d202d27824782db27afaef4c7023d13de9ac2f9e0d96441ac0764ef7	99b26d9c321efae0760ea43b93fde2b0881ccedd47537bb8554a42faeb20a979
chr22_500_guide_235	columba	timing	measured_3	0	0.859784	0.614189	0.160777	290536	1	80326d781f5ecae351589ee4107bc2da49fa1ef20ecd12922b789c1f9c7c6bc1	ccfb6c7940abd8dcfff9776cbdec4da4a59be0807799887f5e2ad97f4bdaa5ae
chr22_500_guide_236	columba	timing	measured_3	0	0.909865	0.693398	0.161139	290560	1	6873e81c95093f02fe9950b0a4e16005b1a7677c0c2d1e08e409ac9fcee80573	b8dd2ed21cf80ae3abed35117ab86b66f6ca8c3e1afd96054c3912fef96cde74
chr22_500_guide_237	columba	timing	measured_3	0	0.866114	0.596785	0.178726	290488	1	0abb692cfa9f5a252fe3b1d2d8d9d08f6739c95819a20ad81f84a718487ff25a	f1681c85e42a69ceaaff6903aaa62a44913460d6721d15522ef2daddcec1b504
chr22_500_guide_238	columba	timing	measured_3	0	0.860752	0.629294	0.180509	290540	1	bc3b9f3f86cc8bbd34d0a114947da783ee284f28a9a17754f8b3028fd08951a9	e3b0c44298fc1c149afbf4c8996fb92427ae41e4649b934ca495991b7852b855
chr22_500_guide_239	columba	timing	measured_3	0	0.859707	0.629975	0.178340	290436	1	b06803d19ac167e2ad3b8c6242945d1284df798d5c097e179fbae26c172aed64	f503053835301ccabae87d530bd8b8708967e5f35869a83beb6c8bf50f09fb7d
chr22_500_guide_240	columba	timing	measured_3	0	0.831055	0.581138	0.164335	290608	1	cd82c6f69d17ef93e8a39ab104e1fd06550b7e78cbabd6c112773fbb528ade2f	4ca148772c0176955a99a22eadee5354de3a207bd17bf3f913e6935f37987484
chr22_500_guide_241	columba	timing	measured_3	0	0.961288	0.724510	0.170304	290352	1	e37c211d0e5aef8879cc8a7d50e07e6c3225c140733fc907790bcb68cb40cc27	e3b0c44298fc1c149afbf4c8996fb92427ae41e4649b934ca495991b7852b855
chr22_500_guide_242	columba	timing	measured_3	0	0.809631	0.506063	0.185338	290416	1	808b851e321fd57c9ed18955deffb0cd298667205fc930fb7b5e62d4518211e3	829affcd3dc991a38379dc4b02dc3e50a5dc29482a037fe3d1d681abd7aa825a
chr22_500_guide_243	columba	timing	measured_3	0	1.010983	0.707545	0.184467	290312	3	00230428f6d63582ec60d092b6bc6c689bf77cb21e9480a627f5e8c16d0dc979	42d1ec48cb0493956d77fad00767b6c2fed5e28ca7790d50779e46dd1957fd55
chr22_500_guide_244	columba	timing	measured_3	0	0.910292	0.615331	0.196936	290488	2	8d38040c24e6e97c20c2877e156843b5f7175c5176567f9b468667f22eaf818b	e707c825bd0f8d3419714a3a36d84b950e313e94cda89480dcbd1c3edfc741f7
chr22_500_guide_245	columba	timing	measured_3	0	0.862141	0.609016	0.175826	290372	2	fd4b11a3f64063954752abbe6c5cd929d6d17f4c7df6ee3281a32632ef54c7a5	869971ca2f44f99536329798ee65ec677f74029e7bec74b82647bde8260e08f5
chr22_500_guide_246	columba	timing	measured_3	0	0.857699	0.587434	0.163897	290560	2	50c9c70bb2ba41c14b8f52dd19268a1bf7a65cfa6ccefd7d86abea9175974411	28bdc98b476463c1c59549e7e05eaae3c6743ba286c6b81ce7d4a41a2f1e5e94
chr22_500_guide_247	columba	timing	measured_3	0	0.912681	0.595004	0.149175	290604	1	98ddd5914fdce39e5c1fd0ce66277bfed0fed939ac7e85ad7cae4c1003db9a59	ab68a533421ced6f0a80d262f9ae1f20b3886cce86d91dfd9b948b705f74c637
chr22_500_guide_248	columba	timing	measured_3	0	1.364171	0.823222	0.218661	290724	80	a3962782031d7a99caa2c5378ed324dd3f3d615a63e3f3246b35b7371cee0cde	76defb6e40a3b8e0ecc76033ed3e6b9c80b03fa159050eccc782c7a714c2d894
chr22_500_guide_249	columba	timing	measured_3	0	0.960538	0.660995	0.198279	290452	28	91eaee42bedf24bf2111c1235a1a999ab6f9f4cd19a598b6c5d619b429099649	5507075d66691860dc1d01623eb7c52149380b015c66e3443d640004a79accbb
chr22_500_guide_250	columba	timing	measured_3	0	0.859536	0.553385	0.174678	290440	1	3a7597cc582f0a7be9eff099d86a4b5be941fbb6e265ffb9caa3883e9eb04a7d	9fcc2d43671c28725c44c4302b71d78323275e0a295762355d514e8ebfba3a35
chr22_500_guide_251	columba	timing	measured_3	0	0.809382	0.593610	0.155447	290528	1	0c3bb5f8913d9c96bb40ed3175b5838d5a29298d87c0429f6c483a88658f5cc7	fc792695632a02007ca04d144b4d98dc1164719773a2e501c2875e421c3c052c
chr22_500_guide_252	columba	timing	measured_3	0	1.162360	0.806181	0.219701	290580	11	b8bdbf368bbcc5a2cff3b7b86ceca006e004123173c04696ad8da2e07182e852	e29a971bfb37319f8992d4c71e2059a10a9d82074cf96b4ec81b10146f9c8c6d
chr22_500_guide_253	columba	timing	measured_3	0	0.811763	0.572462	0.170429	290120	1	14ef5eacd0519bf8d6f3f1e421b2147ce2cef2d89992ac6bc3c0c6493049fd6f	b3f77e03add0f929849c64c186a0f6ee8168522805e29a074a8498ff01f34924
chr22_500_guide_254	columba	timing	measured_3	0	0.910195	0.608902	0.169947	290784	1	a2299552cb699e14d2ae59955314a90bb8969bee46b6c9e47f326ce8511aa0d3	64971e12c61fc6fa6ebb70fbc2bd2ea95e8aff434744fbefd3855be5e1783bef
chr22_500_guide_255	columba	timing	measured_3	0	1.010712	0.702359	0.202466	290500	1	08f98f3ad365100ac1996a1ea822a2d4046f6814391006bbedb86aee8a7133c2	fa3a5c7a3c9379783995234f62335dc0a3d1fe35a66851f1f33d2f84634ef18b
chr22_500_guide_256	columba	timing	measured_3	0	0.878434	0.620612	0.181949	290556	1	dc65ad43323263785a083294d17584c11e378d04f99c3a48ba1b50606118a885	75df6cad23b68a7a5f99ed089452f3ec4a0dfc1e9509bd323fbdf9bda6543084
chr22_500_guide_257	columba	timing	measured_3	0	1.011611	0.756066	0.182340	290504	6	4939af4bc68d9de12a17a9d18be8013bcdba99669455a9e3831052a8b64018df	1c5228b9731accf02be30bf92244191931da3709b382f333975c5bcda649b1bf
chr22_500_guide_258	columba	timing	measured_3	0	1.011179	0.741276	0.180837	290400	1	b743dcf20b0f8a4d8e1a343b97d48c58a0bc7fc4d1bb2a983a38d2078d740fcd	2948117454b190d6eeeaca3bc94a2bf5793d77da14d80a9f2def8405cee8a845
chr22_500_guide_259	columba	timing	measured_3	0	0.961594	0.596091	0.183072	290536	1	8ea5cafdf0d18eeade9b610505bed740032f18636ab57803898abcbe44cdd8e8	e3b0c44298fc1c149afbf4c8996fb92427ae41e4649b934ca495991b7852b855
chr22_500_guide_260	columba	timing	measured_3	0	0.817640	0.531093	0.183361	290412	4	f78f8bfc1547840e498b2c5ab88016095e4836ab8f97b77506fd05dcb7e111f8	c0091dca2554632863ae533a60340f8ec9e8b99016d1d1e05ee3fa1a8ffd2b67
chr22_500_guide_261	columba	timing	measured_3	0	0.809295	0.548393	0.148904	290352	1	b839624aa5bb002a76b04ff4d05b7a0ec4ecea160053801ca45bcc541703762c	61b97790ddd4471eeee6684f6270f8fdf199b1a8d402ca28405987cee8439d43
chr22_500_guide_262	columba	timing	measured_3	0	1.012399	0.658705	0.185172	290448	1	cab2ab2bbde4e365ef2454f22e0d08cd93e57c6b29ed335c1d62ceae307d4365	e3b0c44298fc1c149afbf4c8996fb92427ae41e4649b934ca495991b7852b855
chr22_500_guide_263	columba	timing	measured_3	0	1.212115	0.718176	0.169383	290504	1	7f92fd7dddc708c2b3ec905f92a74e766b81d6ff9eaf13b4dc9c11ff5e96767a	eb38c77d3364d29cf9b4a0c82bd850e49266e1046930de12097b9d1d6f671ebe
chr22_500_guide_264	columba	timing	measured_3	0	4.630705	1.215930	0.353948	291084	1442	282c6062a191ca3cd9fb5ec88da608ee4ab1c06f9c292ce00870a00238a8020a	d8918b15a5cb616dc3482dc6d861ba6844159a4ba1f5f4e43143b625cb16409e
chr22_500_guide_265	columba	timing	measured_3	0	1.362749	0.878169	0.255969	290468	7	b2564cf767e489adee6e3fd7ab48621b5b8ab3c7e9890de8ad6ed1e34a6a7317	c124bc9251b7449e54f552bf0dc293b2b60a80a4d77f44ba65d3f4b1f656dccf
chr22_500_guide_266	columba	timing	measured_3	0	0.910053	0.598097	0.134837	290468	1	ee0724b7721eeb7026f8ec19f3741fc6026e209f17c8c1dfd45658c19daffca8	99e133b40e2a63f9387d2aadf2b231bce1404b51755160786621dec698b931b8
chr22_500_guide_267	columba	timing	measured_3	0	0.960688	0.728513	0.181169	290588	1	30ceab938998e2f8848144534fd4b41a8e46e76dd1f2040915462ed81ff96f96	aa7e0523fe3b7c364fbafb64f3add479d903af640d09dc702c8120390b0d297b
chr22_500_guide_268	columba	timing	measured_3	0	1.061780	0.749670	0.184542	290496	14	d9abcf3e269963d774edd15ecfe3248bb12de76053f6fba41a9ca58879ce535c	62cdbb700ac6e400eb15d3c313f1c22cd0466e5941035e515b9a58218cbfa7d7
chr22_500_guide_269	columba	timing	measured_3	0	0.809882	0.600331	0.177812	290504	2	5c510bc2430b8d09ab1af4ed571bad58f0550bdec912dfc11ef08fa5bd64a43b	ad32accc7c498840dcac17215095b2dbf04ac815db44dd9726fc04472917d388
chr22_500_guide_270	columba	timing	measured_3	0	0.810858	0.623305	0.159809	290520	1	4e885841e492e9cb2b9b1fe0d7ac9a863940cb7bae26336cd428bcb7378430a8	84e6d892543d0ad91338a7a7ebd953928705b679e20f385245ee214c8e37c9af
chr22_500_guide_271	columba	timing	measured_3	0	1.464994	0.933664	0.256899	290612	1	0247a06f38ead69247c929d76c572e2db952d690368c7445d6cbc0b32f284eff	9d7f3a845f0333b1a30eea83c31ed76993b5d89b22b5ac0f83e17b6c93430e3d
chr22_500_guide_272	columba	timing	measured_3	0	0.961509	0.720345	0.166595	290552	1	c0af294e02eedfcb766e740085eb1dc5f88ebc5938b16fce276fc72aad58dca5	826d1752faca4a7f02656eeee617f8cf61f288026395a8575beccc56929124a1
chr22_500_guide_273	columba	timing	measured_3	0	0.759187	0.554368	0.152729	290328	1	a3d6cd5055990fc10a7f55f785689720f3a06133f1b0f4568f98749ce2751038	cbf8fe25e09218949637c014c44b0ac6c41b7c9311afed997f16260a3c1fbf6a
chr22_500_guide_274	columba	timing	measured_3	0	0.758614	0.550886	0.144808	290540	1	6687d14031a23ac70963eea659c8529b893e7f0089817aa41e700050f9a07324	5eaada245b2c4cffef68caf800357898758e0e6452a422a36443499c5335dcb7
chr22_500_guide_275	columba	timing	measured_3	0	0.911705	0.694208	0.188926	290464	1	4ec6baaeae2aa70e532904fcfd4c142948c7cdfeac73dda04d4fd531212f17f6	11f88690bf6873d45b292d87cf0564e3756c0bbd8baf0452a4a65f0acb4e00c1
chr22_500_guide_276	columba	timing	measured_3	0	1.063229	0.816001	0.195836	290488	1	6a496ea64944f03d6155e9304a84fa64e904aaee2ce382727a522cf4526fd476	e3b0c44298fc1c149afbf4c8996fb92427ae41e4649b934ca495991b7852b855
chr22_500_guide_277	columba	timing	measured_3	0	0.911645	0.628149	0.201498	290788	1	3cfcc8189860be2c8d7d759f26bc1880f98e596a26b63ff55d7eae6897aa9216	a6e6ff19c5376919c850f73f11407ded4d3b8530b28c22e5b975d72ebf6adcdf
chr22_500_guide_278	columba	timing	measured_3	0	0.758883	0.571181	0.152472	290520	1	4a6cdc3b90d2775c2496444fab6f836151cd422ec2c82a9bf758cde5414f2417	e3b0c44298fc1c149afbf4c8996fb92427ae41e4649b934ca495991b7852b855
chr22_500_guide_279	columba	timing	measured_3	0	0.757130	0.536567	0.148308	290544	2	19fa7f82f9fb43d2cfd92618603432693d6fab216cc3440c559166905e949302	ad78ee2f8846b40dd1b600f4ed2ed1811ea2aed6e8d5ec89b80a7cc4fa77c3f1
chr22_500_guide_280	columba	timing	measured_3	0	0.808380	0.566149	0.175595	290492	1	69b844b93cc461829c55614686b48ad023280711014412f5c486fbcbc19cb86e	9d277551bdd4d81a4399d336347b4bb575fd11034380eee7d8b772195204f1cf
chr22_500_guide_281	columba	timing	measured_3	0	0.808347	0.619757	0.164044	290640	1	a9fa224f0195b3893caf93e1c0b8cc17844e550145c38de073e1d229cf7694fb	e3b0c44298fc1c149afbf4c8996fb92427ae41e4649b934ca495991b7852b855
chr22_500_guide_282	columba	timing	measured_3	0	4.126149	0.790797	0.226947	290616	19	ce1e2008d3b359138e2bc8bf8b14a1f8e242530e5cbb8d928ad3f7574024cd8e	48815ad718040dd03de294d676ed45eac1d3daa27e860fc24588814c450db79e
chr22_500_guide_283	columba	timing	measured_3	0	2.567090	1.420336	0.320324	291080	587	783a46d43d98318f821fc86b8be9e506027471318fc62ea5c629dfb1aca5a195	62403cc55bceb18e3f7dc799bae6212084c8fd72be3b5f839029a386d7c94f53
chr22_500_guide_284	columba	timing	measured_3	0	0.861682	0.610158	0.181622	290636	12	8cc87daac842076e4b04f70cbfc50cf66ec0181d3f928fb811d841eaeb17e199	230fedfb7097ae0803930855d7008013db8b1daa26bcde45cf34ce4c0b88fdf2
chr22_500_guide_285	columba	timing	measured_3	0	0.909727	0.551621	0.250240	290408	1	1bf3bce9877ba3ed3c12502aa3023e01f5304f64b9a3663190271da34a300628	85641bb87c36e15cac216f014cec24bb47a9bebec7b1d811e559ef005affc29b
chr22_500_guide_286	columba	timing	measured_3	0	0.808467	0.555921	0.183024	290360	27	d9d0125248255e3b01977afcba6f743b372feb91c4c1b6e81c96f8f97477ff25	9c77a71006e46e997d5a5cb77f532a924fda68458a931b5259e0b3c1ce6b488f
chr22_500_guide_287	columba	timing	measured_3	0	2.521760	1.576519	0.344209	291024	107	4ec0b76219e5e580e4f737e4ba5a1e139654f1ce00651f4a3d25246556169023	8ac36743cb87dbd14741222e54ceb13ff99f794143034deeefdad56972304668
chr22_500_guide_288	columba	timing	measured_3	0	0.959912	0.660519	0.273840	290312	1	b7517a16df61180265ec10a20cb33a003c3ea568992073591f20e96d81391119	b52ea0dac91d497aaec6f642a08329c4472b1d235792c856330e28a7c0b02c57
chr22_500_guide_289	columba	timing	measured_3	0	0.861668	0.637678	0.181935	290612	1	d9219c3b6740e22448b806b2c7c9eac232d8371a0a1aa50f40645ce369f669dc	e3b0c44298fc1c149afbf4c8996fb92427ae41e4649b934ca495991b7852b855
chr22_500_guide_290	columba	timing	measured_3	0	0.860991	0.610666	0.189087	290624	1	d7e9813af3f2368064a2285d3e56a0325aba8653c021fdaae43d3d6bd660754c	e3b0c44298fc1c149afbf4c8996fb92427ae41e4649b934ca495991b7852b855
chr22_500_guide_291	columba	timing	measured_3	0	0.859036	0.624719	0.176357	290580	1	800382f6b1e1f5501a4440ffaf65afb9d88391aa57625459a1825e4cf7ba87a1	7cbb837c5898a23402f5c4a09c1690146865a6471cbaf1941da78c26423250ae
chr22_500_guide_292	columba	timing	measured_3	0	0.910264	0.615503	0.176572	290452	1	5941dd24b1361301897320aac40154d572007d35f9b20166ac32f6d1231e2acd	d60a6c3fb4d62702450962ac6b97e4a27bfdd118aad467e710fe2477c39a2052
chr22_500_guide_293	columba	timing	measured_3	0	0.718304	0.507225	0.169231	290668	1	a6e8f7dbe8440152b018e778c86e594c220662576f7388bf74086116bfb557b5	0125d3c4984bdc22f6fcb221414dd3900ca99fecfcf592d4992e3000caf67fe4
chr22_500_guide_294	columba	timing	measured_3	0	0.708308	0.495553	0.173836	290592	1	dab4e592ef1445cf45b46075f9efbba95f9bfc2d670471fca86e90e48d9e7fa9	356769f036266674bc61ff8ffa6c2458a399b11ac20fe3a960ded44a0c8421de
chr22_500_guide_295	columba	timing	measured_3	0	0.859431	0.611763	0.190255	290392	1	2d77b320ec43b12ee3f6094ded8591196f9a7acd33e7308010ac9edce4593dcd	e3b0c44298fc1c149afbf4c8996fb92427ae41e4649b934ca495991b7852b855
chr22_500_guide_296	columba	timing	measured_3	0	0.910450	0.596107	0.188017	290600	1	da3687baf79f356a7107d728d14228a0dd66bfc10a9e5ee4b96bded376c6c3f6	85d0a378f233e88179a468f7ce900cd160aea05d5c8db7c9de21707d81c1d446
chr22_500_guide_297	columba	timing	measured_3	0	0.859774	0.635745	0.164903	290392	1	67d715df04795b597b55d1e6f751ac48727e34c17090a29c4f40831563d3c69a	a39cd14fbaa2775644096409476e75ea71d2c4e5e3832e7fe5798d9d75abf982
chr22_500_guide_298	columba	timing	measured_3	0	0.910772	0.627631	0.181052	290484	1	96bacc0c5f62f5ee3cb64d6560e882e64673267447e8714383a4ab744f1c99a8	ccbb31fe1ebb9328fe27201916e87bd7c24b711b7b0b063a7f477755fe73cf70
chr22_500_guide_299	columba	timing	measured_3	0	0.811050	0.605316	0.153193	291176	1	1eba404868f62a6cddb13fd737dc01862933045368e97c33d9d65d18860a5cba	5b6e954eb6c7badced7c28da0d79cae86a59e9a27acba5b5b302c4ae5a68f237
chr22_500_guide_300	columba	timing	measured_3	0	0.958944	0.676563	0.175943	290632	1	14d7ad904267e9f27e192421458cd4c9b704e3a66f504d917fb35a619fd91865	5e582ddc4d3550d4999107d08aef3c5a96ff7279b5a0cd2a5bfb5606193f0f36
chr22_500_guide_301	columba	timing	measured_3	0	1.518682	1.017710	0.236095	290500	11	d04129de8be8d4dac4fd5275af2741dd8e890339efb41c3379327e777db34a8a	73448e37e3c76a534363f984dfe8dc211337bc3f6607ca726031d421e9292324
chr22_500_guide_302	columba	timing	measured_3	0	0.859658	0.613858	0.188933	290468	1	d3783eb23d426c2c0580af71666746b5222070a22a5f6ccc626b4f5f194c85e3	18c681aea9c8270350bb46a172bfad98248cbbf4921a3f76fe04d099ba728f85
chr22_500_guide_303	columba	timing	measured_3	0	3.820445	0.603006	0.166916	290452	1	9246314add68bcb309196485353ca32264aa9d97b65d40e3825659e7fa9e07c5	12cf0f82ebccaab6f5456eda16e6f1aa1c8c09e0e0b6bfe076d282d5294656c8
chr22_500_guide_304	columba	timing	measured_3	0	0.960812	0.581218	0.173374	290548	1	c4733a0adb33265b42f1ea521dc40264cba04876a6f6679bbc39519cf0338918	131cac26c2cf60e9b281d468a53a21529d330822306727ae17886a5de5c6d7c6
chr22_500_guide_305	columba	timing	measured_3	0	1.613725	0.951285	0.228208	290756	307	e0b27692b0c1e3e0fa6e6a611f1ddc90bc0955f13032f679636fef74f2973bb1	2d7d425860658facb6074f48d7e2e310ccd81a1e5d101452319a3a826b8cfb4c
chr22_500_guide_306	columba	timing	measured_3	0	0.911354	0.635397	0.189917	290492	1	6a309defbbe5f08abe920ac12a2c13155098f57994aeb2c767ac2a830d0db569	e3b0c44298fc1c149afbf4c8996fb92427ae41e4649b934ca495991b7852b855
chr22_500_guide_307	columba	timing	measured_3	0	0.910089	0.647750	0.146072	290400	1	9600eb890ca0d1d43f7656d7c3b247fcb0b36ee444a3a6e1db8fb2b17ec4905e	60e81241c91af1956f5b79e5f85ab8428ca95b3ef399dc6e24c08f43d4d187d5
chr22_500_guide_308	columba	timing	measured_3	0	0.809993	0.590847	0.163671	290436	1	4832e7aa711ccdac22496f6cb8a979eec30369c372fca1b6aba1e3edfb12e8a1	e3b0c44298fc1c149afbf4c8996fb92427ae41e4649b934ca495991b7852b855
chr22_500_guide_309	columba	timing	measured_3	0	1.464502	0.949729	0.251061	290808	21	519791d7195efb78908ecb389d5204468d379f61fed446b9df463381ef8b2d5f	b2e55ad1218c1b129510001f8b1daaff942da046a8d6710514217b3696dc4128
chr22_500_guide_310	columba	timing	measured_3	0	0.958668	0.598433	0.193235	290292	1	6535286bd318c12e4be70453ccc7d1c063c4e2a4f73eeeb18ca81403b343aa14	bb057ec41716e92d1418e82429afd5ce2f0fa451355051b37c5bfd0faa6b8a83
chr22_500_guide_311	columba	timing	measured_3	0	0.860241	0.614448	0.162016	290476	2	7961773ecc533d0844639ea262d71f5383891afc03bdbad9d08a2cacd714a3c1	a358d09a33674eca3533820bf62e46cc001b15bad42ce368619928bf0175df1d
chr22_500_guide_312	columba	timing	measured_3	0	0.758687	0.552036	0.166731	290548	1	6277afa4b9349b6787fb9412e1072d4091ce90d200a90b3e74c1764882da95fa	9665e51107460df86c1d573175c9416da573c8a8c2711cc5b0d99ef0adc8aa50
chr22_500_guide_313	columba	timing	measured_3	0	0.861800	0.593093	0.197395	291040	1	c4ca7ddc636638d7005d3e187756ba84185296e1c2585b41d0a7a856e2606213	696e651629a088ed51fa18bf92752b7cebcc5231944eb0da133c1b9ea7800ae7
chr22_500_guide_314	columba	timing	measured_3	0	0.859417	0.626216	0.176096	290360	1	a2eb1dfaf7ba7e176fe1c242346652aa7a1166c410da2c5736b9d5677fc8a13f	bda5998bb914473f23dc6c28e50a3c552ad1046e071b3a23265226f2c240b26d
chr22_500_guide_315	columba	timing	measured_3	0	0.961133	0.685730	0.206943	290616	1	3d96c21755e994f100780beab6f0ddd4428febb86225f1f6d35991b5ca1cbb8d	822766485797cf52c9137ac21d677e6731daaea975a9af3ce0e0e7393462487c
chr22_500_guide_316	columba	timing	measured_3	0	1.513785	1.053187	0.233071	290660	52	ad30ddd4293bc215b8c5f24479333f1968d9cf14e270ecf1c90ee0f73825600a	337bcc89e8298dcc4ebfc80a8c52765e0e7a1d58fb7d0d64611230e652b65f84
chr22_500_guide_317	columba	timing	measured_3	0	0.909647	0.676372	0.167077	292448	1	199b4cdcf8c5032c951850e7cb976ec2771edcaac16079c8f1ad422ea45e52c2	c70dc325e7b0c997c11a7c8ed9c30733c490060592d8008d893d2d764785706a
chr22_500_guide_318	columba	timing	measured_3	0	0.859954	0.564044	0.191744	290544	1	b38f02456f345d872287da7f74b53691b169eb255cc35d11d103c308c700d2eb	80ee862860c0660e526ecb32b831aefab1ec8d289bb9d77c6b7b292513f4e728
chr22_500_guide_319	columba	timing	measured_3	0	0.859552	0.615679	0.202799	290124	1	8563fc61dbbd0d60d302841d7a8b30a35df84832e0dff341b56de54c3f033908	e3b0c44298fc1c149afbf4c8996fb92427ae41e4649b934ca495991b7852b855
chr22_500_guide_320	columba	timing	measured_3	0	0.961876	0.702298	0.169966	290412	1	c2e1e987296dcbb577c4b7951bfb8b1995247a8821cc87ff854132058dc825ac	e3b0c44298fc1c149afbf4c8996fb92427ae41e4649b934ca495991b7852b855
chr22_500_guide_321	columba	timing	measured_3	0	0.858333	0.622023	0.174833	290568	1	892cbd65261cab1dd9eba0484885dfe844de435deb75ad1f5e1f4399d276ae48	e3b0c44298fc1c149afbf4c8996fb92427ae41e4649b934ca495991b7852b855
chr22_500_guide_322	columba	timing	measured_3	0	1.010816	0.652310	0.213146	290396	1	396abb3fe32a2f2146132ac394667b66997edeab77b936030f6112ddf78f1c57	e04fc6de7a6e4079d2a5f23f2435a12e25959a8640b0f870f7222fb7b4a79fd7
chr22_500_guide_323	columba	timing	measured_3	0	1.013607	0.682726	0.169318	290724	1	4a6f7a313e251182f276be210f99075cb7bfa5275fa278d132ac27df6e713db1	e3b0c44298fc1c149afbf4c8996fb92427ae41e4649b934ca495991b7852b855
chr22_500_guide_324	columba	timing	measured_3	0	0.759112	0.549456	0.159935	290476	1	cbbe558a8ebcdafac709628c3f691e809429843d257c707fd153017cacda4ecc	5ec2d91ba95153551be1a9dd6b1c226415f9cb979acf771f59f63f27df857a0f
chr22_500_guide_325	columba	timing	measured_3	0	2.418511	1.465681	0.335141	291084	54	885e6dc120e84a6d00f5bd48654071f4cc6fc3caef5a17796a6fa4be89d995fe	ef22047db70016797b05d71e1a0e115a234488711d8b1f8fef0ee4f624c76b79
chr22_500_guide_326	columba	timing	measured_3	0	0.911892	0.659223	0.212744	290548	1	b2d49d7c3ccb583fac522482ca0d20527789ac77a349156625a99eff436ed534	c3ccb92ccd6ccae28e446e77aa8d27ef8d15de3221b12c2801681b5709265816
chr22_500_guide_327	columba	timing	measured_3	0	0.860359	0.645902	0.171319	290388	1	81f44fc4ec1edbc9b9ab1035ba9d69b00400930d5350fca627234e150e86c644	e78580db3d883b1289c917c76a5b8c3b9cea5003251b48b2ce65288ae0f35972
chr22_500_guide_328	columba	timing	measured_3	0	0.806741	0.573659	0.165405	290616	1	4802296ebbba9922a4ece696902be06427691049808ba406ed873a9a4a219f9c	5f467778f752a1aaed5df46d05a9a1b73450c302e12b8f1f7e33ddf845f2077e
chr22_500_guide_329	columba	timing	measured_3	0	0.809959	0.582153	0.183661	290584	1	53160558bcc9bae1eddb3a7544f10009a4e838edc9a42ac6c0ff63bb0706fc0f	0224a4d3dae0f7a9ce3b48b072f2a95211f8597428305ccae010ea87d8243779
chr22_500_guide_330	columba	timing	measured_3	0	0.809729	0.617366	0.165388	290516	1	d4d719db9cf60d1d26c2a77552cfa85928b794088821836441391b9cbf90324e	e3b0c44298fc1c149afbf4c8996fb92427ae41e4649b934ca495991b7852b855
chr22_500_guide_331	columba	timing	measured_3	0	1.011120	0.691728	0.222117	290436	4	f330912db02125dacc0ac5bd1e578661eda892e92fb1dcde0769acfcf90c4453	0b78666d40b77c54458bfd9b167a201cccc2682527108648467e5d2cbfd211cd
chr22_500_guide_332	columba	timing	measured_3	0	0.809600	0.605189	0.173011	290644	1	29c4772e4107ff2db3e3247ecda31600cd1ffb80dd80301655f834bbee283d9d	e3b0c44298fc1c149afbf4c8996fb92427ae41e4649b934ca495991b7852b855
chr22_500_guide_333	columba	timing	measured_3	0	0.859997	0.598913	0.167982	290600	1	0229a4fc79d3d37ddda05a4910899ff60fcd29aa41d3690d08b235deae1dd329	53b771ffaca11cb96d720daf7c16129376f1614689ba28d188fa0d0308cc5d07
chr22_500_guide_334	columba	timing	measured_3	0	0.759826	0.581905	0.159689	290520	1	3e06c516c97d7d73f713b948e4ae2d850b9f95bb21edf7115970f95a2a44c88b	93db122ebfc0a73cf6c20d9b51ea6666a41c5a1cf5e0a00d6afb80d831f93129
chr22_500_guide_335	columba	timing	measured_3	0	1.565141	1.088036	0.258434	290844	88	ef65e2128a6c9efe559f97150bc78e5ed436eaa44413d0bb04a64343a7057059	e63d14412a8418f0fdd6c0eb1502dd20a6662d2123498a94a6040e0009acee93
chr22_500_guide_336	columba	timing	measured_3	0	1.210929	0.783189	0.198158	290920	2	50ccc63b38ee716d2737d977e6f3408dfce387328b217e21703d95388f86432a	0966ab5ec1213b02b153ee82c641bab4718043a57ebf4ce0d2e0b8691d57df7d
chr22_500_guide_337	columba	timing	measured_3	0	0.910472	0.671435	0.198010	290288	1	55435a5f33dd9d0e307a3acbca8e33480145e2cff41751aa697bcad2c269889e	e3b0c44298fc1c149afbf4c8996fb92427ae41e4649b934ca495991b7852b855
chr22_500_guide_338	columba	timing	measured_3	0	0.859176	0.647836	0.167998	290440	2	d39c5b6762aa09453e14f55e106ab300ceb4955ee3d73b381937cbf2220ed042	fc6bbc4c65e692473cbf32ff151557635e2d1dd99e4b69c5ee3da000a109cea9
chr22_500_guide_339	columba	timing	measured_3	0	0.809651	0.576042	0.159121	290544	1	b5a14cce7e770e9c1ee2fef328720dcef66c7a959853bd5a6a6adf9fbc70ffb5	ca4042a4bec12c6a1456ec7111a9014fb1d93da6aac168abb36562b78b298793
chr22_500_guide_340	columba	timing	measured_3	0	0.864539	0.586772	0.184909	290480	1	922985e3fca731f38882f32a1706760924853766b2a2e0c607c0dae6f012035d	6a088638ce6e865966aae3464c05d8fdc6f4bb2d80f44dedaf11925139f52a40
chr22_500_guide_341	columba	timing	measured_3	0	0.961169	0.627645	0.210160	290336	2	3bd1f323efe85c2f37a859fce595f3ff2320d8c0883de95c26c97bab5696f5d2	402fe40b3e1ef085bb67ac5bad67ed18a4d327a286f3b5e235cc59c2b03e74c1
chr22_500_guide_342	columba	timing	measured_3	0	1.263385	0.783022	0.188685	290548	143	4a1c329ce2989dab797f0af0ed1ae3e483324c103367e0da646f2635ee6ce1e9	3f1b867e1c7c708d631aaa5b4aa7e1e18fb4fe9beff07e272f9fa4746b970ba4
chr22_500_guide_343	columba	timing	measured_3	0	0.860544	0.642673	0.168556	290632	1	77885b288a794217926cbdc3f9557271a5584ca0a3525a33368ba9dfa0f79c36	5d430161443a2a46da19dfd91300b023436381d8acde81bd4858cc16663951ac
chr22_500_guide_344	columba	timing	measured_3	0	0.812382	0.560075	0.171749	290368	1	09e462275331cba68859c5b638f2ddc6ae613f21f1d352a49196de190eab4a63	8d4f2e80016689bb5e885622d34cf528260025374609a6f5c85941d402b66a80
chr22_500_guide_345	columba	timing	measured_3	0	0.808825	0.522082	0.147860	290312	1	b14e82166f74c064cc827ea6c2c7ecb58202c27a7e48eab02878079d65a0b1c2	e3b0c44298fc1c149afbf4c8996fb92427ae41e4649b934ca495991b7852b855
chr22_500_guide_346	columba	timing	measured_3	0	0.909970	0.625530	0.210924	290552	1	c1578e221280fa40949a92a15ecf9b403390f444d83730224cd36b3639bc9cfd	14b97861def5e12b2b025196d75a8ac024ee0a78f0be084cdfab57faf0ba20d8
chr22_500_guide_347	columba	timing	measured_3	0	0.758851	0.535070	0.172876	290472	1	fd3ecc223334a0f86c963a7df372cfce5e93a87dd0ef90a6c46e2780fd37a308	3b246db8c8d570bd79df0ffc06cdeb1fef9b15e5e9b440ff9e7c0d2c4e09f198
chr22_500_guide_348	columba	timing	measured_3	0	0.961255	0.721966	0.190567	290388	1	555a66e1753526673117e366fb233c844df0cfc38a64971866528e20e52f4ca2	daf225fd739240830663f4f6fa1add420c3d409ae734e31ecd3e9a98f65456bd
chr22_500_guide_349	columba	timing	measured_3	0	0.758814	0.533088	0.162399	290376	1	2812e7c58993b0b84d9ed9b8583c00bfe201048e2de143a928f4bb50f26d68ca	86cac9a80ffac89152c7302e8a38fc526a28e142d2db6335cdf7f010a84d5c52
chr22_500_guide_350	columba	timing	measured_3	0	0.860434	0.645187	0.181294	290772	1	690363745e23b36de9cf8198ae1a2f9b36e8aea59f5c0d77f85a6a355dc64483	dca175bac14d376b3d38e1f13518141d59e090abdd2408aa19291095809dbc84
chr22_500_guide_351	columba	timing	measured_3	0	0.810185	0.593517	0.182541	290564	1	4289dcb5c2a6d1840edf8b185512e1412c3489db3a0bc4685ad3b715bc63461e	705dae0fe269c44ac046ec2ba89b5d0e805c8ee78b3582f8ade637f0f3666199
chr22_500_guide_352	columba	timing	measured_3	0	0.910604	0.659253	0.193011	290412	2	f2d0b8b9fe9956bfaa96c3ee3b5f5055928c86e9032a49d79bb0fdc9103d993a	3ccc60558c4ac2af55e0a7be97b9b79ed9bcab8ee0202db8e23813be12f662de
chr22_500_guide_353	columba	timing	measured_3	0	0.911361	0.611865	0.168301	290560	1	db50066ab5215e0ab40715d3e84c765c47977eb5d92e2f74fef9a37ee0c19f96	e3b0c44298fc1c149afbf4c8996fb92427ae41e4649b934ca495991b7852b855
chr22_500_guide_354	columba	timing	measured_3	0	0.859667	0.660562	0.156200	290364	1	a25546c9bbae8cdc0d19e70bfe3c8882004a3d36efa6d3e1a8f84d71f02d3a3f	e3b0c44298fc1c149afbf4c8996fb92427ae41e4649b934ca495991b7852b855
chr22_500_guide_355	columba	timing	measured_3	0	1.210338	0.786453	0.211463	290384	1	8a75a85488ad929f0680cd3aa83ddfd5294134a2984494dc614768a98595757f	e3c890b567359966a979593cd6f26e84b0e4499d960f795de2578d207ff1c93b
chr22_500_guide_356	columba	timing	measured_3	0	0.859133	0.629594	0.155393	290572	1	867385907bbb717d91959186236ef4b8f9435d870da655ff1762344f446ca85a	e3b0c44298fc1c149afbf4c8996fb92427ae41e4649b934ca495991b7852b855
chr22_500_guide_357	columba	timing	measured_3	0	0.758830	0.548768	0.158776	290444	3	e92ae9c88b8f12941d07537ab79c644385376ff1dcb918357c6c15bd0feddba1	3569ab7a23d0e7159deaa5429cb6ee66d140f3240f4bb91358aa683f6e2fb990
chr22_500_guide_358	columba	timing	measured_3	0	0.910094	0.593336	0.143912	290568	1	a7389bd954eaa7a8f7c3e448a2ff3a3f4ef011b680d833fad933fd884d099eca	9b7501725ac0e846ebbf11d00696dd347ff96cf1e9b93286935af165a5a8fa66
chr22_500_guide_359	columba	timing	measured_3	0	0.910957	0.664437	0.164167	290536	1	67f8eaad6970d67a23b137b039edd8958c127a6240cb405f3c0d44d014269abd	2e82844d3946a864766661226def508efcf2767f83a01a4d7d9897a9c2e53719
chr22_500_guide_360	columba	timing	measured_3	0	1.463332	1.087347	0.217800	290516	933	ae4db361c45dbca965229ee02a5cccbf98ae522f0092d3e12e65280367cef806	055b5e3fa180e4446e09732291e36376f23df8ff4960d2cdc51713cca90ee10d
chr22_500_guide_361	columba	timing	measured_3	0	0.759442	0.564875	0.152152	290788	1	10c56888dfd2bcc3e5d0675d9a8e316b6ae168a941759f3370757a5730f843c3	e3b0c44298fc1c149afbf4c8996fb92427ae41e4649b934ca495991b7852b855
chr22_500_guide_362	columba	timing	measured_3	0	0.758964	0.529024	0.156698	290568	1	ae0e1999294b6c0fe52b495744bbfe62e218ee6d3c22e776bbc769dcedf3d0eb	599f8a4b745068bd678ffa5483fb43c31be7bbfae1a254c74af9ceb50d56c24d
chr22_500_guide_363	columba	timing	measured_3	0	0.810059	0.583981	0.167243	290300	1	850390cf00e784716c531f5e64380876ff07596af289e7ba34bc096bff075ecc	f44e84d998c57621965bbb72ae37ec201bf3185e3f28563924ad182f849d8046
chr22_500_guide_364	columba	timing	measured_3	0	0.708283	0.522070	0.160893	290432	1	74ce4e0f24c8c5bf9ff04f0abd30cb25e9cfa613e2689424b2f777753af8809a	ee67cd10975d34d2d4f9940ac3a1b877f337b1e31d14d7dd015bf989935a494e
chr22_500_guide_365	columba	timing	measured_3	0	0.910584	0.676549	0.176044	290312	1	7711156130fd328754eb2f08bfcd7ecb1894492aca3fe7d1aa2b964ffa029648	108d78c8668187681b1e3962e3287f5f681fc0cc8dd759cd5383ae3b1023da1e
chr22_500_guide_366	columba	timing	measured_3	0	0.909826	0.672475	0.178398	290448	1	23700230984e70232e9331c81d6527a76bbf30918c396a14eb70f853a92cdb05	2748dc29372d3202528e1826d4db12b5386fe6ae62ded1da9fd7ad1f6978007a
chr22_500_guide_367	columba	timing	measured_3	0	0.860473	0.641230	0.173473	290444	1	eafc7cf8ee809fe80890b34a135f0b6a144b58d1c39489c64df9d2821704064f	e3b0c44298fc1c149afbf4c8996fb92427ae41e4649b934ca495991b7852b855
chr22_500_guide_368	columba	timing	measured_3	0	3.072400	0.917058	0.267108	290488	15	97f0d8858f903bcb6a054b2a856681ae3d750161733d345ff4336bfc33819503	47727314b57ea803c5a3fa2d696319a895d425c026877c7342ec66d95555ff9d
chr22_500_guide_369	columba	timing	measured_3	0	0.910573	0.641531	0.173721	290328	1	08c5984412b18c370e990f17b4bc5ad2cbed1f4c3dfedd748d4e1535a3fadb1b	e3b0c44298fc1c149afbf4c8996fb92427ae41e4649b934ca495991b7852b855
chr22_500_guide_370	columba	timing	measured_3	0	1.009078	0.658657	0.198040	290596	3	fea931606683fcad854ee83f91f0202bd096d1da03921b3877e5220db0c82a5e	7f5277a767f0a6275e70f272cc6f138af107412b0816bc015184a3d706c76196
chr22_500_guide_371	columba	timing	measured_3	0	0.859405	0.626695	0.186713	290632	1	2d5e99ae0c7bcb58f0b6b71473c477ba54d8c8724c2758627a6c66d26e4c8657	79dbe6e1fc0f2e471a11f550a44f46787fb0c808d6a2c8e755f1e5d11f718675
chr22_500_guide_372	columba	timing	measured_3	0	0.859017	0.646697	0.178253	290668	1	03c6b87f8e111baff737d699832be31b9947a70427c85b014752cb5b542a2eed	fde8f9047a757b2080a3b24c6cde1ef943597a66564757cc3f8590076e1cde15
chr22_500_guide_373	columba	timing	measured_3	0	1.313568	0.814816	0.248316	290632	690	2354f825ce61636eff2ebd9b9f04785099b672e2778924a5bfbd006333613cf6	7e96804198e52de0cf9624d7983a3fce1c16d78c3101a89c4b2d30f13556ce60
chr22_500_guide_374	columba	timing	measured_3	0	1.161649	0.649563	0.179596	290404	1	c3fc24d7c32679e1bb8d0997359e61e66898f2661248e500254761c6363bc345	171e6521f745b44a2a23c6f5a6c5d268c785a5c1ec8c8da9f889737df19e5d0c
chr22_500_guide_375	columba	timing	measured_3	0	0.911417	0.692928	0.182079	290480	1	030ec29164c173123d1d27dfea06a9700f90b3ab218d4b0a8e8aef3c9e9126f7	09ec3c94fb92b2cf79020ad621a063aec28830d915cf45ce11964b222973bbc0
chr22_500_guide_376	columba	timing	measured_3	0	0.807702	0.591035	0.166691	290520	1	7e19f347dbb159b99327c48f045135540fc5a7b2a7ee081802a3916d383f8976	38aa84a1303479d4a92281f2cf630fdfbe063a8edf4ea51f6c434255c99ecb9e
chr22_500_guide_377	columba	timing	measured_3	0	0.972536	0.674179	0.201014	290556	1	55a3f7499e0cfd7e01d39b6abf5895c90ab0b4bd0a5fce5f05529c08d2547f2a	d1005f28be7d115fe33004a506e0b0c586f011efeae99f9dff00bae13b354460
chr22_500_guide_378	columba	timing	measured_3	0	1.816830	1.098953	0.290353	290868	38	ca302eb1021b149cad0aa565a08684a3f95b4dc2d440c7d21ea5b8af132306eb	1486cd8c9af853f27a3bc3677c2cd49263a916b45c25f5b4df6be61b5d3536f6
chr22_500_guide_379	columba	timing	measured_3	0	0.911563	0.675161	0.184045	290440	1	5aa69e89a9ef985351b79202bc785b14f8909565c64344816b590744c39c799c	989e698d1c4a4d18eef9f47f878d8779ebd2e6807c818bd4af6354228c6d2efa
chr22_500_guide_380	columba	timing	measured_3	0	0.911431	0.664763	0.174047	290460	1	3696847df4deac858a26ab0acacdd39fc23eeee62d5f8c152b739c4d558ce954	e3b0c44298fc1c149afbf4c8996fb92427ae41e4649b934ca495991b7852b855
chr22_500_guide_381	columba	timing	measured_3	0	0.912060	0.663088	0.178137	290512	1	66e0ad380442bdf04037ab83d0949141edf92e5a350d869acf3f12e9e0e18df5	2fb03fc1942657d9658373b9bba607d1b3320fd14208eeebab4ae70cb3a42551
chr22_500_guide_382	columba	timing	measured_3	0	0.962274	0.694949	0.187477	290404	1	334ed3775f29c2188d7fea058f91103c4d4b121f2e3c2fd6f915633ae391b52f	c24021f8a8c017c17733db2cfa13c322027ef4a8970fc1c94b942d47a2f24ca9
chr22_500_guide_383	columba	timing	measured_3	0	3.020327	0.649024	0.188098	290272	1	e3869c3952dd0b0eb3e37141b1040c6f25b82c4e398011436f2219c75f8febe8	b9c553e0ccfe2ce660998762584c8775fddbac678c08f7828037c9b6239ea576
chr22_500_guide_384	columba	timing	measured_3	0	0.859255	0.621204	0.170722	290396	1	d0f1f0ccacb8155b15cbd0aae71b84ef21dd4b82cfa458fe2fe387cdef067e94	236eaa49e75beec8f2cc3caa11fc71b5065921bfe6b88d38ecb9b85b86474d1c
chr22_500_guide_385	columba	timing	measured_3	0	1.009071	0.619999	0.278234	290300	1	c8af66ce12fb1c3e40ec64de1e6fe4633665b6b60f3b1cb98347963b883658a6	13b42682a37b685b307698d62a4936ac76d467106243c3fb2e79d8f27544b17a
chr22_500_guide_386	columba	timing	measured_3	0	0.909650	0.619413	0.159015	290548	1	250d9437844a88773662267f23ae1f91e8636f98a0f86b6c48484d98887d9e23	e3b0c44298fc1c149afbf4c8996fb92427ae41e4649b934ca495991b7852b855
chr22_500_guide_387	columba	timing	measured_3	0	0.859149	0.622139	0.160075	290516	1	a909238b05dda7cb5d453b651946c3f21b89303ee28398c030999e7ff3980c4a	e3b0c44298fc1c149afbf4c8996fb92427ae41e4649b934ca495991b7852b855
chr22_500_guide_388	columba	timing	measured_3	0	0.809081	0.602078	0.176066	290492	1	b32f95b3659bdf5efde0a545c93605a84811e1f51637e98948f88b66e0c918a9	e3b0c44298fc1c149afbf4c8996fb92427ae41e4649b934ca495991b7852b855
chr22_500_guide_389	columba	timing	measured_3	0	0.859328	0.625629	0.152339	290464	1	f8eaf62cda887424db5ab9182cf8cda1f095c522200d8c7053494e3cd3f0013f	896c23fb2a489fc9583d5e5b9e6c0022e88f6731c19230f066426912970c28eb
chr22_500_guide_390	columba	timing	measured_3	0	1.261337	0.633100	0.179065	290480	1	49a680215bc86d76c112afc22c01ae23139a059bb99b4c5bb7a9277777d15b2b	e3b0c44298fc1c149afbf4c8996fb92427ae41e4649b934ca495991b7852b855
chr22_500_guide_391	columba	timing	measured_3	0	0.862868	0.620568	0.202891	290528	1	c21b67904c7c4e4e487bce9bef7d7a8c1f63a73c6fb931f2b8148f858e585517	dd28c7db25946f59b7d8d9c315bb313f8a087cc04b94318bbb9d47bfad45f561
chr22_500_guide_392	columba	timing	measured_3	0	1.062415	0.643921	0.230784	290600	1	62af6dbf97486ac949ef3ab898566d88afe47152d399c78e5d7b872f755770bf	dc42588f31d676dfd51273b514e75d9234e0f0e23c5da22dc376def453788a58
chr22_500_guide_393	columba	timing	measured_3	0	1.010906	0.649915	0.215096	290384	1	3719b9c87eb26bae46571444132aecd72ec6971081ed8592128ac8081655f637	ba8e3024a8dbd3ab92f3c3efd62af4339a44a56f1d02bd2d31d752a8b26c0e77
chr22_500_guide_394	columba	timing	measured_3	0	0.913071	0.548356	0.210687	290520	1	3c3e23f0b752c439ab97e64bef2a4113aa18f8d8cf527c29e6927a6e204121a1	09a651b3004ee11edf404b4540c688a527e6879814c29ce97f4c75c377bd80d3
chr22_500_guide_395	columba	timing	measured_3	0	0.810473	0.563188	0.163866	290512	1	ede3ceee5da1cbf4355f6f21ee507d425126143830cc60dea7e0c7937667a8bc	ce49cb1aee848c70e76b9bf94ca52bd0f39393c3e52003ce42c879cab22183a3
chr22_500_guide_396	columba	timing	measured_3	0	0.759568	0.520333	0.192325	290492	2	6a49b8eaa1819f1494925c174a6d3c9e04b8a6b858f87644be03b5e3218bd567	8668d29c0d00b05858b4982e45acccfbe689faaf7c9ba57a4c8ae9056d4bb60b
chr22_500_guide_397	columba	timing	measured_3	0	0.758418	0.537655	0.194488	290388	1	5d54478d4376f895371f8d339b5dccd454974991171a09a85d4673e7f8e0fcce	200d5cb18d308e1b596c2e57e4597fe09c608c7454ffcd8b01ec62052a34f0f3
chr22_500_guide_398	columba	timing	measured_3	0	0.757972	0.528650	0.190190	290612	1	5c9d989f365df1d424483a28cbc77093b089ff7ebee8cd46972f309ff0b6db17	2f17411719ddcf823a39fa8532b48978e18ea71b4f65cc71e1b1d51840c18def
chr22_500_guide_399	columba	timing	measured_3	0	1.261034	0.567742	0.166182	290636	1	aed3025f5878f3f627cc0e24560dad556e9470377c3f5e6f682ae922deceebb8	e3b0c44298fc1c149afbf4c8996fb92427ae41e4649b934ca495991b7852b855
chr22_500_guide_400	columba	timing	measured_3	0	1.009859	0.647640	0.175312	290460	147	8f057bc04afcef83ab0c8e0f28c1c32ed1e3fd0dbc8a1dc5f417e117852ab05d	e985c5eb551d6356d5762eae457d4818dc87e79770f01b55801cc0cab9666cee
chr22_500_guide_401	columba	timing	measured_3	0	0.708859	0.520687	0.155476	290444	1	574130b195313d28babf956f57ec6cad7babdaa442fd51fc95c6c4fe01874730	e3b0c44298fc1c149afbf4c8996fb92427ae41e4649b934ca495991b7852b855
chr22_500_guide_402	columba	timing	measured_3	0	0.859432	0.618523	0.184442	290516	1	6885aa6e1f736a3800e5b8e869b1130951942bd1a6cc0d1a25a536d26fffc928	e3b0c44298fc1c149afbf4c8996fb92427ae41e4649b934ca495991b7852b855
chr22_500_guide_403	columba	timing	measured_3	0	0.810033	0.574894	0.190020	290344	1	60f8b2bdc588b6b13527c78acc609879caa8defea9c72ada132dee63d52ad9bf	e3b0c44298fc1c149afbf4c8996fb92427ae41e4649b934ca495991b7852b855
chr22_500_guide_404	columba	timing	measured_3	0	0.910581	0.656419	0.164268	290400	1	e0db171417b9d617b25a64277096c843a4bac7911334e46ccc8a3338fdf0c0f5	f2d8286b2b5cba83981d2af701b8847d4fbcc2b396b39e5c9f41b2cbd813b8d5
chr22_500_guide_405	columba	timing	measured_3	0	0.910205	0.665846	0.182880	290472	2	4569698d5f1eea2d0e21201f084895461a4fa0ad0bd743ff89296ecc28b8c92f	e3b0c44298fc1c149afbf4c8996fb92427ae41e4649b934ca495991b7852b855
chr22_500_guide_406	columba	timing	measured_3	0	2.917953	0.514900	0.166511	290540	1	01fd169b93a95edc4956f61dcb9cd8ef7872958fc48ea50bc5f16e92ae9e7cc7	e3b0c44298fc1c149afbf4c8996fb92427ae41e4649b934ca495991b7852b855
chr22_500_guide_407	columba	timing	measured_3	0	0.911910	0.648281	0.179933	290468	1	4efa47f300dbac5583b98c9f2679ad02d98d6d8e72976d6e2a1249fe2d685eb4	f375403c23d55ea27ab856c0e75ee1a44c23de9c28a708b2d190156d92eeca36
chr22_500_guide_408	columba	timing	measured_3	0	0.909131	0.602201	0.199625	290496	1	8aa0d629b648d54d65dead9f626b4f79b04416d14abcb761ce6f8afd4c8d5a02	e3b0c44298fc1c149afbf4c8996fb92427ae41e4649b934ca495991b7852b855
chr22_500_guide_409	columba	timing	measured_3	0	1.111521	0.775898	0.196628	290508	1	2b4fb62fff6dc125549ec78c24c4284e9baefb167f735d57c29fb7fa1377fd37	2d50f84b6ad3e8a16f9640ed487a7d2815f9c3b2d254cea6443f3878cb008dd7
chr22_500_guide_410	columba	timing	measured_3	0	2.572309	1.551958	0.349665	291056	19	d7935db724d2590aa42d14557607d9530da5f0a024bfa8c1b2ef51906a06692f	6bd9b57c39d426e1f8a0345ee7d0cfb0f7105ef1ce9135de4bb7144d404bb9fe
chr22_500_guide_411	columba	timing	measured_3	0	4.182096	2.555347	0.560767	291552	70	499e4bf17f159494f38ac952b3b30c7c711818602b1f3034d79b3f9dbd43fca7	fdb15482fe5ea0353179a276eeb770dd5d9559a083081f6975fa5e382e6b36ac
chr22_500_guide_412	columba	timing	measured_3	0	0.910370	0.657432	0.172498	290448	2	b71525c5999ec941808f42e2e7232f05c38284832a19e892758fb4125649d7b2	335ce1159587f90ff34a0d336e1781adcb0a334a8b3649291877403667fe9578
chr22_500_guide_413	columba	timing	measured_3	0	0.814433	0.551990	0.155627	290516	1	1da030b92202db00fdf4fa746fa0de1c56a74c6415d7abf8e6e634730c0990ca	e8d6de60c3ba05b27001c144755f4d3ad082de5cdf0fdf5e9cf6b7717422195e
chr22_500_guide_414	columba	timing	measured_3	0	0.859830	0.585296	0.186458	290492	1	dc18e7565a147dc0468401f11a1aec5c441da305cffc4f6068bf0abbeec51b24	ce74bdbd63ca7ca7425c912fcb7a3ee46b97f11171233b4ad944428469beaf24
chr22_500_guide_415	columba	timing	measured_3	0	0.859102	0.648214	0.166157	290424	1	8e4f5083c2024a772ae064b2a50dda44f56d59a9eb501cc86d2d66e0f1289d35	9bc00fd253d069fa090442d7f0fb4c87032984be5c2a9c2586d2fd927d967488
chr22_500_guide_416	columba	timing	measured_3	0	0.909732	0.660699	0.168170	290552	1	4ad6a29fbc0b47bcfe2c01e5aa0dadb830813fb301aa125f8326472a10dc2471	e3b0c44298fc1c149afbf4c8996fb92427ae41e4649b934ca495991b7852b855
chr22_500_guide_417	columba	timing	measured_3	0	0.910819	0.643450	0.179598	290536	1	62cc8aeb4bf28a1df53587ae2f74a5e6f1288ede9db90aee0f72abe8f5f3a9b6	87049b76af767ec02ba1df539670a0b29d40ec17e245542a6e7b7b878e103dca
chr22_500_guide_418	columba	timing	measured_3	0	1.617518	0.993531	0.269460	291236	59	85f162921bfeefc97d3de55dbe3f97c5f8f6192ca4eb2dd40a561a137aa14173	5b15e8ffd7e3dbd341b4575d46e2dae3dfaa6a747317a1348b5b7768a37886c9
chr22_500_guide_419	columba	timing	measured_3	0	0.860019	0.580515	0.181525	290496	1	8b4d19c546d86b7a041d4cab724163d2f559d5bbd6dec136726c5a5edeb6eee1	f48ab7d2f02c45ec65f90a13333d2b4eeeb4449d5e773698b92c83d5940d2b1c
chr22_500_guide_420	columba	timing	measured_3	0	0.913798	0.654739	0.171720	290424	2	ee3652d1b1446d7dfbbfd9858af8a0c9ebcf8ac5ca625d77d1520fcf2b7ad846	c6def3f0ce68671eabc286730e419496932a303eafcae9d96311082c7ba486dc
chr22_500_guide_421	columba	timing	measured_3	0	1.162536	0.628141	0.185597	290528	2	591c54666dfecd5791fe286b82e7feca29c4c5cf48b651910162ac7317e74c84	c1f64eecf20719ac873374da61948e32eba605cc039ae6073990331a7d35b460
chr22_500_guide_422	columba	timing	measured_3	0	0.910867	0.652461	0.185891	290344	2	79922e4ccae711acd4c3a77469bc5b0e294bfeaea9fb20c05241da4334d7cbc9	f78667274ca1336417d5d6aaf18efb15436db3e7b023ba39e7a5ff440752f94d
chr22_500_guide_423	columba	timing	measured_3	0	0.961769	0.729783	0.182122	290528	1	886f21508ef43139da65b3307d412b9c43af12390fb60b152be51f2961337117	e3b0c44298fc1c149afbf4c8996fb92427ae41e4649b934ca495991b7852b855
chr22_500_guide_424	columba	timing	measured_3	0	0.910664	0.670218	0.178703	290856	1	532477fc4faa3f4f69315f7dba2d04ab90953c2c448e147b198a08dd360f39fc	e3b0c44298fc1c149afbf4c8996fb92427ae41e4649b934ca495991b7852b855
chr22_500_guide_425	columba	timing	measured_3	0	0.708734	0.503417	0.174510	290428	1	faeff617f365f7f7cd0dd00c539f34b67b3dd81f82a85e89c41ed578516099f5	e3b0c44298fc1c149afbf4c8996fb92427ae41e4649b934ca495991b7852b855
chr22_500_guide_426	columba	timing	measured_3	0	2.867009	0.688779	0.182976	290444	1	395d0cbf64200bcb6eca014619ea92462c25e08973e7212d07f4d64d62a51189	9ecaba29ded4b0d1d03f7d309eae624e9b4effea0e3257d0bd0b9aeca0bbb64e
chr22_500_guide_427	columba	timing	measured_3	0	0.863911	0.663310	0.164057	290500	1	36112c32c710f17d0fbd10979505f5d7a5215cd2ad64520ac74f8b537266216c	e3b0c44298fc1c149afbf4c8996fb92427ae41e4649b934ca495991b7852b855
chr22_500_guide_428	columba	timing	measured_3	0	0.960835	0.648114	0.166968	290420	1	b49d937c3f713b95c07b0df4983659c5531f5062b2c8b309c93edf95c5d33253	fe8b505978787bbd7a6d3b5268bab52bb800793326eda2f064520359431dd393
chr22_500_guide_429	columba	timing	measured_3	0	0.909135	0.634773	0.183444	290452	1	2ec43a3a14908487e4da93624a407c3b7f19272d01e1812f2764b52f28ae9ae9	73ce423ffc92f5f5e6b442698a9f7888d6c08b821780197741ee0d5e7ca07afe
chr22_500_guide_430	columba	timing	measured_3	0	0.859592	0.632557	0.194410	290660	1	a39d953b063860baaa128981774a27431eda978fc37949bc65f2cb01ed3bc55a	df3ff8cdcef407782a7e9cec32e76ccc82f5f7ba958b51fcd8f1bddac7e1d61e
chr22_500_guide_431	columba	timing	measured_3	0	0.858970	0.620964	0.161360	290600	1	4e671a38249a3b235de336c42d1952eb9cbfb6883be90588a0a03c1c10b6bebb	e3b0c44298fc1c149afbf4c8996fb92427ae41e4649b934ca495991b7852b855
chr22_500_guide_432	columba	timing	measured_3	0	0.960716	0.620969	0.175912	291092	1	32298278cb6ff6636d2515a3c62ad9ef6a2566d429dc65a2563a46e879c0f415	e3b0c44298fc1c149afbf4c8996fb92427ae41e4649b934ca495991b7852b855
chr22_500_guide_433	columba	timing	measured_3	0	1.464588	1.004378	0.239769	290388	5	7299c25e9e9229b69fae4918dbd7a3d10cf292aa3a5ae9e727231b52918c4ec1	e022cf39cf254e9d5e76a228fc4449c3751d849c1fa8e8eb5b7d348ead9de8a8
chr22_500_guide_434	columba	timing	measured_3	0	1.162250	0.804623	0.234077	290540	6	3d86a983e1bb53d361b20def5e1bc28e952352dcec81b88aacf39a93f87c0638	f2c83a50ee020abd2071daf544837187b8d538e5ba28c33238e605b22e8b8d6f
chr22_500_guide_435	columba	timing	measured_3	0	0.909639	0.639864	0.193996	290548	1	16038bdcd50f85ce0a4ea6efea47731dafa305bb4bacdd999a696aa8fce480a8	37abd8bdb82e1a5862037257d934a15a429ff5e431e94cc140058315515fcf04
chr22_500_guide_436	columba	timing	measured_3	0	0.860242	0.653688	0.175575	290496	1	b1ba996fcdf443c50ed85ef5e151eb2c859ed3ad0d425e25cdd737554a74fb66	e3b0c44298fc1c149afbf4c8996fb92427ae41e4649b934ca495991b7852b855
chr22_500_guide_437	columba	timing	measured_3	0	0.960410	0.631449	0.189789	290540	1	36e9d38b2d923f897d6e2a53db577c6fd69c1d15750199d51b2165f6f7da9dd4	08ee64bdb9e2670b8ef166295b09bd5db537c33891bc5cfbcdec1ac2530151e8
chr22_500_guide_438	columba	timing	measured_3	0	0.858942	0.658987	0.148819	290448	1	7b9ea615f9aa7e046adebd0e63adf8ebdc63c09e2a683a13ae5b9e9457fd8152	000abe2ead510b1e81f85058fe4a2422bdd56dfa268e082b10ff250075738f0e
chr22_500_guide_439	columba	timing	measured_3	0	0.860470	0.658722	0.160849	290420	1	0190f0e84eeb95df6b5df5716b62537156b62b0d06f75ce0d84a290b7aa01e5c	b896919ab6bcceacc3f4e846827a23dc333234532f2f06ac14a1d278d6db1dd5
chr22_500_guide_440	columba	timing	measured_3	0	0.860216	0.649988	0.168494	290504	1	4e987bd4a59588a3e2670ef83a8c80580f551f01774158544976def06a148b63	e3b0c44298fc1c149afbf4c8996fb92427ae41e4649b934ca495991b7852b855
chr22_500_guide_441	columba	timing	measured_3	0	0.910841	0.664425	0.183673	290588	1	54ee762514de0802a27df6c1af3fc83fafeedee43a6a9a9f5c8ab4b9ffbc2983	21a5c8eaf72efbed526f9dd9050f980153533010c0ad5c3822e2271f1728b5e2
chr22_500_guide_442	columba	timing	measured_3	0	0.909075	0.635360	0.190380	290460	1	ef3c258a25c35b787ec480cc4cdb3290a24d2941ff110cad9b9e40c1a9c2819c	e9dcd42f42ccb17ebf0879cdef15319487296ddb019fc8c186cd06266a5afc51
chr22_500_guide_443	columba	timing	measured_3	0	0.959556	0.649546	0.178925	290532	1	790719bd8847db6a942f261864ea37c0ec15f7a4f400e0bd1eaf31a8e659f354	5747958b98329bf390adcb88fe0c55df552279978269e4428317edf8497c35fb
chr22_500_guide_444	columba	timing	measured_3	0	0.860315	0.571742	0.193065	292828	1	ed405985e5d0bc3cc4bbfe39199e2d58f5774a7a47a5d2ecf9175eacabcb490a	1186a57cc2b9625914c20fee5e43b2f5cf9d4c26205f4a86599eacb7da95d2d2
chr22_500_guide_445	columba	timing	measured_3	0	0.809753	0.584037	0.169299	290504	1	d34c378716f257e185bb5cb139c57e699a09f1073521990fef6b3c76f400769b	1b6acd9255bbf0a03a5cf8ee50f3199edbf54b5e0a946935ad20dc062f070c0f
chr22_500_guide_446	columba	timing	measured_3	0	1.263034	0.676858	0.183480	290524	1	54483d7d719636ef82e5f65aac8636a0f5c68fea1e6f0c1096ad241066c4066f	db91d4b93d32bd9c59528ce677afec541e6e97b07a5461ee238500bb160c809a
chr22_500_guide_447	columba	timing	measured_3	0	0.960290	0.718368	0.184686	290844	2	0943e41f522eda2a3346af0db05e414e69604c28d94199ca4f075a633db117ba	e76b74ea006f9ca50e69929940b1bca778c7576b439207b0a49cd6bcbcebef86
chr22_500_guide_448	columba	timing	measured_3	0	1.011801	0.766120	0.200052	290564	1	af0e7d04b9032b6ba55a507cdc6196da5e7f3adbce117a38bb6ba2d2fb078cba	bb969d4b02ddd34c284543e306e202b2336d7575aa86daa3e6466757c09fd92b
chr22_500_guide_449	columba	timing	measured_3	0	0.962185	0.728593	0.169336	290444	1	e8367625cb9c97ec27975858ed7924135dd7d288bb56eed2c76e0d9bc4e5713d	e3b0c44298fc1c149afbf4c8996fb92427ae41e4649b934ca495991b7852b855
chr22_500_guide_450	columba	timing	measured_3	0	0.758526	0.535208	0.155643	290624	1	2ae6d416707fe71130cb2b7d3e365409b98aa031487d875b6091675f3f98e6a3	e3b0c44298fc1c149afbf4c8996fb92427ae41e4649b934ca495991b7852b855
chr22_500_guide_451	columba	timing	measured_3	0	1.011460	0.637132	0.248217	290464	1	9eb0735b9bb6914649d66118c5e11946fd1c28f2f4ab317728d097308297e6e9	e3b0c44298fc1c149afbf4c8996fb92427ae41e4649b934ca495991b7852b855
chr22_500_guide_452	columba	timing	measured_3	0	0.859774	0.604364	0.204392	290580	1	caa33e4a34bebd20f093ad8c057e31eee06ee3c0812711a5e984996ec3d44dea	e3b0c44298fc1c149afbf4c8996fb92427ae41e4649b934ca495991b7852b855
chr22_500_guide_453	columba	timing	measured_3	0	0.960780	0.639322	0.258301	290292	2	cf53e5c0ba2549b95ad7cc66f6caa57165a2d7ef971b8448816c1f5189dcba42	99ee76e9b64774c9369be8a6f72c896db95e3888b9d30ddcbc455b25e12e4601
chr22_500_guide_454	columba	timing	measured_3	0	0.809977	0.598817	0.158800	290656	1	c0ef84c923d1575aebfb474d6b0b9a489622223e07ca9c1b3dad0154c8b192f2	e3b0c44298fc1c149afbf4c8996fb92427ae41e4649b934ca495991b7852b855
chr22_500_guide_455	columba	timing	measured_3	0	0.761765	0.526839	0.161708	290464	1	39b13c0090e1f7f870c746fb96e5c188a646262e69c8ee9de2a349db812a6b7c	64c92e29a7f88014fb362e217f604f66dcc5222abb7ceaecaf89799a92742638
chr22_500_guide_456	columba	timing	measured_3	0	1.211331	0.626332	0.161564	290576	1	66f40ebb678d2f2bfd77dd7a61e3770095414767dee777d47bb89cfd112d7a94	e3b0c44298fc1c149afbf4c8996fb92427ae41e4649b934ca495991b7852b855
chr22_500_guide_457	columba	timing	measured_3	0	0.913749	0.612752	0.151071	290532	1	a8ea62f296fdaae7567af8f86405abdc3f234652944e90572bd9ec8d12ebe699	e3b0c44298fc1c149afbf4c8996fb92427ae41e4649b934ca495991b7852b855
chr22_500_guide_458	columba	timing	measured_3	0	0.961765	0.710551	0.195941	290496	1	36dc22934c7c02b9c1a4043e7fa71e9fab23fac626842ee0233fa0a19e8a4d8d	f9edfd1414c172b5a32e647be62f7efb9a1867b2825caa326cd197691299ad06
chr22_500_guide_459	columba	timing	measured_3	0	1.063875	0.723173	0.227304	290620	1	ae2877403afc338a66d249e49defd6d72d59aabceb17722a5f7e4ba810ac724e	e3b0c44298fc1c149afbf4c8996fb92427ae41e4649b934ca495991b7852b855
chr22_500_guide_460	columba	timing	measured_3	0	0.909137	0.553534	0.189856	290296	1	0702f00d8238249f52addcc891eb35cc8cb302324182724fd51f2abb5aa2c204	cad84e4a2be667257305efdf704815379669daec3f47f22613779f398ea75bc6
chr22_500_guide_461	columba	timing	measured_3	0	0.909205	0.653101	0.206863	290320	1	1b23f23233d0e8e334dba7ee9b2f71ed071325e62b0b2df036bd5c76d22fcacd	07560ce039455dd35446a6a5ffcc7c13514c23534594839cecc0a226db5fa89a
chr22_500_guide_462	columba	timing	measured_3	0	0.760426	0.517789	0.184738	290168	1	e5b9eb0597eacedf59b768109c64075d0da741152d13fb2e439f5d58c018c128	1d9afb520433d3b0e51e4a69c06fada8c59ecc97528d47fbed33edf3d984ef57
chr22_500_guide_463	columba	timing	measured_3	0	0.858135	0.588659	0.193173	290332	1	7c248ba9765e06499bdbdd56fa063150392f57bbcf49d7273e7a34148cb2a14e	cb99cf2cb5c76fa9de96c7d214883bdebf51068c4cfea4bec3c2c4a8fda8efb1
chr22_500_guide_464	columba	timing	measured_3	0	0.862034	0.613129	0.184355	290520	1	572a412f62c765fdaf94fa017837ae004da8b8070c016a242544a182aefe63e1	e3b0c44298fc1c149afbf4c8996fb92427ae41e4649b934ca495991b7852b855
chr22_500_guide_465	columba	timing	measured_3	0	0.910065	0.623400	0.238575	290476	1	71aca4d4d36b2443e6e04db67d1c059a16d050f4e1c6e90f522b493e94915886	a1f199b7a5efea9ec8ad0c6aa62274cb0b74bebe9f0a0b5c2fce23a9c2ecc009
chr22_500_guide_466	columba	timing	measured_3	0	3.423711	0.632332	0.274000	290392	1	ce36001de0595b6ca48e3f857e190887e3219eb435d5c95d003f9c73f5c7e4f9	e3b0c44298fc1c149afbf4c8996fb92427ae41e4649b934ca495991b7852b855
chr22_500_guide_467	columba	timing	measured_3	0	0.961589	0.650736	0.230171	290480	1	333a2ac75dcc9c0aeaef85b902f8c4923c58c1bb5bb7a6e3b7ef5c77edecd079	0bd827c81b6d74bd1b7cdda71e0e8fd9f2124d059fdbc52087817ac78a8185e5
chr22_500_guide_468	columba	timing	measured_3	0	1.061451	0.663877	0.244434	290536	1	b129ef3c4f85946c1752fcdec67457fbfa137faf10c495dcfb79020726f0093a	e3b0c44298fc1c149afbf4c8996fb92427ae41e4649b934ca495991b7852b855
chr22_500_guide_469	columba	timing	measured_3	0	1.010324	0.654619	0.261109	290448	1	396a48dd0384e6e289e748eaa3a473e02786e2d98d3c9ccc975cfdc1f2077813	eae991de7724f014960152cfc5b73a664d920e3571b036903887c7e8904e64d8
chr22_500_guide_470	columba	timing	measured_3	0	0.960611	0.622500	0.287414	290296	1	50da73a873102212cf126ed04756d602d15aff5c7c9be11a43ca7ed77b9d1dcc	fc2111f6ff6889e5e52e8c40636ccf8bf271f21e8a3ed1fe8f5cb943881c6136
chr22_500_guide_471	columba	timing	measured_3	0	0.960558	0.641433	0.194484	290384	1	b0bd2d17b793d19a9cc8aebd15bdd4c22df56bdaf8aab2b3c1abdd99fab13456	6fad211fe1d6ffab7321285350b2d8f46c9a7e49ee03f700c5e8c4e00c84da13
chr22_500_guide_472	columba	timing	measured_3	0	0.810277	0.542472	0.223431	290392	6	d15db5e4c40fedd9b95e2caa34e3fbe03eff2bfb494ed6bc086b2d4d0787a91a	dbe731966dd89090786db2cebe2de5643d92557c139dce327e5fe24ff919fd3d
chr22_500_guide_473	columba	timing	measured_3	0	0.858797	0.596496	0.232799	290444	2	72cfccdb732c7f835e82aebb76ca4186954ee044989d4d3f165c230249e1ab41	8dd8d8e768aa6c5cd7d90852728b3841c27aebb8dbde3dfbf7f30997ce15d157
chr22_500_guide_474	columba	timing	measured_3	0	0.861020	0.619198	0.193190	290264	1	27f4db87eaef5a8e95ee563eb60799da341bd01d4adb8e80aa230848dce17378	e818a50900608a54e52cfb114365a67c5953dbb0a2adcfb43ff1f8c89006a04e
chr22_500_guide_475	columba	timing	measured_3	0	0.909080	0.561321	0.245038	290384	1	e384b7a2569a5848931984dada58a7863fa4ad10cf0639f33dc3d4b245ecd919	e3b0c44298fc1c149afbf4c8996fb92427ae41e4649b934ca495991b7852b855
chr22_500_guide_476	columba	timing	measured_3	0	0.857612	0.620716	0.156203	290500	1	cef6bfbc08ef536f268fc772150775caeddde43f60444747b9f9fa3e77153561	e3b0c44298fc1c149afbf4c8996fb92427ae41e4649b934ca495991b7852b855
chr22_500_guide_477	columba	timing	measured_3	0	0.908406	0.587953	0.145618	290492	3	8c86a6a96697df1c7b7b0f7391f45a3e6175b05261263ee01ce4309ac6570263	0b1b73506e6389d259f4dc5a344c034ac077b42785449440fa57b7a738b1b333
chr22_500_guide_478	columba	timing	measured_3	0	1.012695	0.760806	0.182763	290628	1	66356638d350f202a4fc3653512e2eb61d180a210d3b4874237620fdd88f45ac	96e1dce767526b5e03b01ea34764f33de2e58653d775c70a8355e05d5d77a707
chr22_500_guide_479	columba	timing	measured_3	0	0.760775	0.530685	0.169742	290500	1	23595c08da0c6736f275085085ce1fa4389c0c23f7cb5e27898ed6fd96e9c578	e888fefb85f961569d998e93ad1711e945284bd8daa566763f3c837674aea9cd
chr22_500_guide_480	columba	timing	measured_3	0	0.961088	0.619486	0.238161	290720	1	d69d8cab5f9f101c8ebebf1517222a11ca2c055ca30605b62cc9fb77a7dd9883	8835a94711a0e16368011d50f3408c88d74608d27950c931af79f22274094e7b
chr22_500_guide_481	columba	timing	measured_3	0	0.759738	0.549896	0.157936	290412	1	df1d31d6c611d54432bb2ded430b33d54a73a65d9ac4e858d4332a409bd4fd6d	6c72161bf4b1e404143811678fde516dfbc9874a827c1f0519c952311724c960
chr22_500_guide_482	columba	timing	measured_3	0	1.512602	1.019380	0.229635	290684	34	8b558da3c10ee9a2aa84ec0d75378e66ceea581cf538abe6fc595f479db265f3	483d6754dd436ada60ef0f3d7dc394494ade844621ea3dff1624604ae8ce585e
chr22_500_guide_483	columba	timing	measured_3	0	0.809011	0.623639	0.153004	290436	1	ec3317eca52cb313be8b742bd84d70d8e9f8f3d3a8dfda83e632d9ec5b3e7472	c34143c4b66ce37c239db5fc991d73357da56a527f237f74e6df9d61bb22831f
chr22_500_guide_484	columba	timing	measured_3	0	1.064061	0.701197	0.207179	291048	1	71ecc0fae907389e715d1ca86fcbdff3ec27af9fce69bcca1c654d58d3bf98b8	af041a5b402c4eaeb0e586590f1dccf709f1c1de84a141cb38a25d50d0c45982
chr22_500_guide_485	columba	timing	measured_3	0	1.116628	0.800434	0.191888	290572	1	9bdfb2270fa6b3abdcd6d9dc88dd6e2da7b983242b64a38aafa5c0a793e710bb	6657a61097a1338f10d79d9a991ff4b0d561741d23a6e9842fc11c2dc9ca1d41
chr22_500_guide_486	columba	timing	measured_3	0	0.910613	0.641200	0.172457	290424	1	8dc058c1447c872314f3d31ec8865959f3409fdebfa5044cb15c05b939609aa2	c892c2994baeaed04bfb8649ee3f462d65bcecb131f4f8201c7c6a3ae3ee4832
chr22_500_guide_487	columba	timing	measured_3	0	1.214844	0.815127	0.191913	290788	1	f618e6a62a671dc60aed99263392f11c178317ef24a0e60ae15e6aefd01799fb	2ba33f35005774eab487afa75b92cb10d850baa0e4b8cfbcbaf0da77e0e3bb7d
chr22_500_guide_488	columba	timing	measured_3	0	1.265420	0.872114	0.255101	290440	9	6803cc83cccde78136058d3d854eb89cc05eab1188efe7c0cabebb43cb9eb17d	86060c0d0ba22165d0282d1cf92bc8afade2100bd1def809b1f81bb96b9678e3
chr22_500_guide_489	columba	timing	measured_3	0	0.859768	0.612266	0.174715	290612	1	ec47a60387ffa032dbc15150c6ff0b1c838905815402357dae3f75329a28357a	c430e6a4dbd5c3e9f487e20eebedf90d6511fccdc5072ffcfc0b5787cadc0f07
chr22_500_guide_490	columba	timing	measured_3	0	0.860178	0.617301	0.193839	290508	46	42d2d3de06e689ee1d8f063b9b57cf92f32bb959199c9c880df4b714e510739d	c220eca9da5246c5ee3fc99b8afb445aa05b2c87090ea4fae3f86c2a0c74e997
chr22_500_guide_491	columba	timing	measured_3	0	0.757890	0.517602	0.156448	290408	1	d26d89bdd504b3597d3010fdc4ce82385f0052897c7c456fad509d6d59d744b9	e3b0c44298fc1c149afbf4c8996fb92427ae41e4649b934ca495991b7852b855
chr22_500_guide_492	columba	timing	measured_3	0	0.859859	0.624628	0.164315	290292	1	d1bbfd2faf7d69f7fbe39d9624756e6401f3ee6cd2fd299c525b88c947bdd2cf	b64a97cd564fea43f1d90c70d4e484cb7b16f7fa33c37152c2fa5d76076b5b6f
chr22_500_guide_493	columba	timing	measured_3	0	1.114060	0.844901	0.246758	290704	4	1fd7872322173d0504d0c832d225fc1f16e4c6a2d976d3c96de80baf41629173	8b7f11de3ad2254629636c6d8342d71050f8c150a04e6c52ecefb6984e7ab6b5
chr22_500_guide_494	columba	timing	measured_3	0	1.013326	0.720778	0.204429	290632	1	aa7c76deb8cd48c48e0224a45cd7bdd03602ef159c762b3fe3add221cd775ad9	e3b0c44298fc1c149afbf4c8996fb92427ae41e4649b934ca495991b7852b855
chr22_500_guide_495	columba	timing	measured_3	0	0.965606	0.681442	0.192325	290512	1	f428fe77b5fe732c90e6cf097e5033b3a111f46c117014d9c525ee74561db8f9	50b15688b035625445ab546462a765f18e533bf2253903249c4e089ba78cdada
chr22_500_guide_496	columba	timing	measured_3	0	0.759682	0.518132	0.165929	290416	2	46838c2c8f68dbba89a0176c89867bf08352c3cf1248a5d9e6318b1b45445edd	868ff6de1910b74ec3483a86362e5c5c44ba887c5e76ffdacd6e097d4e643cd2
chr22_500_guide_497	columba	timing	measured_3	0	0.758491	0.540169	0.146532	290924	1	95454f28187c5beb09711d60e71ffb74f1651e2307379f62112a3273597ee0ff	0ffcdade862bae14ff8a6e3fa9c66875b11600682dcdfe1c2f93f5404d7144a1
chr22_500_guide_498	columba	timing	measured_3	0	0.862469	0.595524	0.180485	290388	2	4bb6e4f08a7316ba26ec3e6f894f79070071b55d78d6c1605a50035d0a1d9c79	43c575a7c9c47d3164a453eb851e84a8842b01388a4b2fe7c9503045ddc887e0
chr22_500_guide_499	columba	timing	measured_3	0	0.859129	0.578257	0.193278	290588	1	589cde34d9ad5d2d4a86bf9cca125c4004811a2581e714cb750bee2e730c7362	e3b0c44298fc1c149afbf4c8996fb92427ae41e4649b934ca495991b7852b855
chr22_500_guide_500	columba	timing	measured_3	0	0.815345	0.554760	0.180233	290572	1	5a188d7c26c71afb1012046744a759f5adbb290bc704ee5eddb49329116e1309	adad44ffe01ececf743ffad589f29e88568d9c6c773333064650cb8955fb7b1b
