relative_path	size_bytes	sha256
raw/chr2_100_guides_correctness_20260812T142104Z/batches/correctness/baseline/pilot/batch_001/SUCCESS	0	e3b0c44298fc1c149afbf4c8996fb92427ae41e4649b934ca495991b7852b855
raw/chr2_100_guides_correctness_20260812T142104Z/batches/correctness/baseline/pilot/batch_001/environment.tsv	597	cda79c812336025be9db97a2aedf22685a65946e612aa9a2f5322623e3f7d13a
raw/chr2_100_guides_correctness_20260812T142104Z/batches/correctness/baseline/pilot/batch_001/guide_ids.txt	190	dbd863612e8ad589684b2d548b3c5cec252a40978506757351e00e0e65fdfa76
raw/chr2_100_guides_correctness_20260812T142104Z/batches/correctness/baseline/pilot/batch_001/guide_order.sha256	297	c70568e1c936a7fcab53eeb03fa4671a5dd312173978476efb91129898a15389
raw/chr2_100_guides_correctness_20260812T142104Z/batches/correctness/baseline/pilot/batch_001/guide_order.txt	190	c82e967c38bf79446f256c5ca54636ab946f0fe74fba6700533dec57d106fcf2
raw/chr2_100_guides_correctness_20260812T142104Z/batches/correctness/baseline/pilot/batch_001/guide_results.tsv	2318	6434408bf83eac4c3dca1982d0fa0aff6374fc6afa2168a9057ac05c2b29e2f1
raw/chr2_100_guides_correctness_20260812T142104Z/batches/correctness/baseline/pilot/batch_001/guides/chr2_100_guide_001/command.txt	293	e3565348dbaa89e8668d4c91fd98377935e3c59884fa02d78d2991d821fefa1c
raw/chr2_100_guides_correctness_20260812T142104Z/batches/correctness/baseline/pilot/batch_001/guides/chr2_100_guide_001/metrics.tsv	298	14ee28ba035f4c0a4699116f7e51fa58782d86ca7616ea3966da4e83560c000c
raw/chr2_100_guides_correctness_20260812T142104Z/batches/correctness/baseline/pilot/batch_001/guides/chr2_100_guide_001/output.paf	16617	89e03dd6a1af07824391c7d2c15effafe510f0577d3b471a8f64db9eb7c54a60
raw/chr2_100_guides_correctness_20260812T142104Z/batches/correctness/baseline/pilot/batch_001/guides/chr2_100_guide_001/stderr.txt	0	e3b0c44298fc1c149afbf4c8996fb92427ae41e4649b934ca495991b7852b855
raw/chr2_100_guides_correctness_20260812T142104Z/batches/correctness/baseline/pilot/batch_001/guides/chr2_100_guide_002/command.txt	293	9a95fad817257d21d81f9c50f6b8dc0ccb4357ba9f54b6f7f4c2eec3e61d0c1d
raw/chr2_100_guides_correctness_20260812T142104Z/batches/correctness/baseline/pilot/batch_001/guides/chr2_100_guide_002/metrics.tsv	296	2ddddde04248a1b1e64aedf3cb889fc38cb807b075dda4d5d77f640871834c22
raw/chr2_100_guides_correctness_20260812T142104Z/batches/correctness/baseline/pilot/batch_001/guides/chr2_100_guide_002/output.paf	103	b091fa2b46c182a8a67a094bd3c9f50095419fe615fc28736ed56aa20fc8c4ee
raw/chr2_100_guides_correctness_20260812T142104Z/batches/correctness/baseline/pilot/batch_001/guides/chr2_100_guide_002/stderr.txt	0	e3b0c44298fc1c149afbf4c8996fb92427ae41e4649b934ca495991b7852b855
raw/chr2_100_guides_correctness_20260812T142104Z/batches/correctness/baseline/pilot/batch_001/guides/chr2_100_guide_003/command.txt	293	957e8562f09e31621887cb9234b8f95e8198a28e27c1038b2219c6d5cd237acb
raw/chr2_100_guides_correctness_20260812T142104Z/batches/correctness/baseline/pilot/batch_001/guides/chr2_100_guide_003/metrics.tsv	296	f4cb4de0729b5298a2ca1b2a8b1b97de7e22ab11e4e058c92268f86d8238fc26
raw/chr2_100_guides_correctness_20260812T142104Z/batches/correctness/baseline/pilot/batch_001/guides/chr2_100_guide_003/output.paf	320	e272d0afebb6c96e651b4fea78b121d1e71748a44d6b8ceac0bb33c7d7d36645
raw/chr2_100_guides_correctness_20260812T142104Z/batches/correctness/baseline/pilot/batch_001/guides/chr2_100_guide_003/stderr.txt	0	e3b0c44298fc1c149afbf4c8996fb92427ae41e4649b934ca495991b7852b855
raw/chr2_100_guides_correctness_20260812T142104Z/batches/correctness/baseline/pilot/batch_001/guides/chr2_100_guide_004/command.txt	293	6200801430815d05ad257f4e83e33c365295629f09db3bf09d20801b5042ac7b
raw/chr2_100_guides_correctness_20260812T142104Z/batches/correctness/baseline/pilot/batch_001/guides/chr2_100_guide_004/metrics.tsv	296	d4f53f36f0abb8453bf12284573c37966d98bcdcacbbabecd8c9e38b31c59ac0
raw/chr2_100_guides_correctness_20260812T142104Z/batches/correctness/baseline/pilot/batch_001/guides/chr2_100_guide_004/output.paf	103	e01c3f3850fa1094a4e3e5f167ec427b3ecfa0222c679119f51fc05c8d278e4b
raw/chr2_100_guides_correctness_20260812T142104Z/batches/correctness/baseline/pilot/batch_001/guides/chr2_100_guide_004/stderr.txt	0	e3b0c44298fc1c149afbf4c8996fb92427ae41e4649b934ca495991b7852b855
raw/chr2_100_guides_correctness_20260812T142104Z/batches/correctness/baseline/pilot/batch_001/guides/chr2_100_guide_005/command.txt	293	1c586752ee0bfe556c68e6b3812bb8d92ef96237c4305621fd4f63cf1148c12e
raw/chr2_100_guides_correctness_20260812T142104Z/batches/correctness/baseline/pilot/batch_001/guides/chr2_100_guide_005/metrics.tsv	296	4bc470c745914553681e40ffc5c13538cb3392974732086a50a2574ca1e1715f
raw/chr2_100_guides_correctness_20260812T142104Z/batches/correctness/baseline/pilot/batch_001/guides/chr2_100_guide_005/output.paf	105	f3ad299ad34e05ae1ed6176040951b955f5080a7dc9b5239548d1d748ef966ca
raw/chr2_100_guides_correctness_20260812T142104Z/batches/correctness/baseline/pilot/batch_001/guides/chr2_100_guide_005/stderr.txt	0	e3b0c44298fc1c149afbf4c8996fb92427ae41e4649b934ca495991b7852b855
raw/chr2_100_guides_correctness_20260812T142104Z/batches/correctness/baseline/pilot/batch_001/guides/chr2_100_guide_006/command.txt	293	5c3b857fc06d2e2885aed6d10efce0f38814c8add2375419f68356cd06515b65
raw/chr2_100_guides_correctness_20260812T142104Z/batches/correctness/baseline/pilot/batch_001/guides/chr2_100_guide_006/metrics.tsv	296	707a73f77f85991d157761dcf768410261c9bb106ecd2845cb36560e8762b7bd
raw/chr2_100_guides_correctness_20260812T142104Z/batches/correctness/baseline/pilot/batch_001/guides/chr2_100_guide_006/output.paf	212	b1490c4399cf265a7d1d1c32b362fc8231d079c00bb7b0854a01650c2da8c154
raw/chr2_100_guides_correctness_20260812T142104Z/batches/correctness/baseline/pilot/batch_001/guides/chr2_100_guide_006/stderr.txt	0	e3b0c44298fc1c149afbf4c8996fb92427ae41e4649b934ca495991b7852b855
raw/chr2_100_guides_correctness_20260812T142104Z/batches/correctness/baseline/pilot/batch_001/guides/chr2_100_guide_007/command.txt	293	05d6ac304e8b1e0009078401d3e7060583220269824489f024d6fe59693f7dc1
raw/chr2_100_guides_correctness_20260812T142104Z/batches/correctness/baseline/pilot/batch_001/guides/chr2_100_guide_007/metrics.tsv	296	5504ad0c0681973481d5bbac1c988c01a7ec9b1fbe79eb0ba1eeeb61a8c05c6e
raw/chr2_100_guides_correctness_20260812T142104Z/batches/correctness/baseline/pilot/batch_001/guides/chr2_100_guide_007/output.paf	105	091e9622b14c37aa505f26d01e97a9d8dd07526b3fe6f3f1fc3bcb5642dbf423
raw/chr2_100_guides_correctness_20260812T142104Z/batches/correctness/baseline/pilot/batch_001/guides/chr2_100_guide_007/stderr.txt	0	e3b0c44298fc1c149afbf4c8996fb92427ae41e4649b934ca495991b7852b855
raw/chr2_100_guides_correctness_20260812T142104Z/batches/correctness/baseline/pilot/batch_001/guides/chr2_100_guide_008/command.txt	293	3b88af4451e538c549e99a3f4a4f71bc09acb6a89cfe53ff3c5df0cacb0c1b2f
raw/chr2_100_guides_correctness_20260812T142104Z/batches/correctness/baseline/pilot/batch_001/guides/chr2_100_guide_008/metrics.tsv	296	68c5392f859e56c0fe17804870c5049e4c668252cc7024ec4eb4344dbf999732
raw/chr2_100_guides_correctness_20260812T142104Z/batches/correctness/baseline/pilot/batch_001/guides/chr2_100_guide_008/output.paf	105	44dfce4b19be7bceaf292acab37ac3cfd17a12af95bd8d9c6773c50e0fc8287b
raw/chr2_100_guides_correctness_20260812T142104Z/batches/correctness/baseline/pilot/batch_001/guides/chr2_100_guide_008/stderr.txt	0	e3b0c44298fc1c149afbf4c8996fb92427ae41e4649b934ca495991b7852b855
raw/chr2_100_guides_correctness_20260812T142104Z/batches/correctness/baseline/pilot/batch_001/guides/chr2_100_guide_009/command.txt	293	d4dd3dab3e63828521b5334bcea16283264edd8d0abfbb7cf80309ed26c3a977
raw/chr2_100_guides_correctness_20260812T142104Z/batches/correctness/baseline/pilot/batch_001/guides/chr2_100_guide_009/metrics.tsv	296	dc9d8877c1e89aa6664b8c840dc614668cc08986cecf94ff1771d9e2479f96a7
raw/chr2_100_guides_correctness_20260812T142104Z/batches/correctness/baseline/pilot/batch_001/guides/chr2_100_guide_009/output.paf	105	b4025a0c05001632d3d9819897b20c5cb6adb85f8b58dfb3684ae82f3e55a445
raw/chr2_100_guides_correctness_20260812T142104Z/batches/correctness/baseline/pilot/batch_001/guides/chr2_100_guide_009/stderr.txt	0	e3b0c44298fc1c149afbf4c8996fb92427ae41e4649b934ca495991b7852b855
raw/chr2_100_guides_correctness_20260812T142104Z/batches/correctness/baseline/pilot/batch_001/guides/chr2_100_guide_010/command.txt	293	48e44ad32e385f2341cfeb7c2ed694ea4cd3f297268a8f8a135458cfea971abc
raw/chr2_100_guides_correctness_20260812T142104Z/batches/correctness/baseline/pilot/batch_001/guides/chr2_100_guide_010/metrics.tsv	296	682a4e4ec9c44aba7df82a9c6fe44af179eae9ba454b68ce5395e9c65b03146b
raw/chr2_100_guides_correctness_20260812T142104Z/batches/correctness/baseline/pilot/batch_001/guides/chr2_100_guide_010/output.paf	105	6665827947d32899e2f4c3d5d9f9996e310bdee2090ef0d19a9e643826cfd20e
raw/chr2_100_guides_correctness_20260812T142104Z/batches/correctness/baseline/pilot/batch_001/guides/chr2_100_guide_010/stderr.txt	0	e3b0c44298fc1c149afbf4c8996fb92427ae41e4649b934ca495991b7852b855
raw/chr2_100_guides_correctness_20260812T142104Z/batches/correctness/baseline/pilot/batch_002/SUCCESS	0	e3b0c44298fc1c149afbf4c8996fb92427ae41e4649b934ca495991b7852b855
raw/chr2_100_guides_correctness_20260812T142104Z/batches/correctness/baseline/pilot/batch_002/environment.tsv	597	db2a7a7cac547abc573c85cf1b6d842a0aa4cb494e8087ad56cf58a2ab64a6cb
raw/chr2_100_guides_correctness_20260812T142104Z/batches/correctness/baseline/pilot/batch_002/guide_ids.txt	190	c94e04d0e1c34c1e6311e69d04e1fedfbe03ac5ebfff6f04e575cdee8ae21a69
raw/chr2_100_guides_correctness_20260812T142104Z/batches/correctness/baseline/pilot/batch_002/guide_order.sha256	297	abada8472586f6b2479470d5ce19e56d9757158fa2d729dd167005253ef6a350
raw/chr2_100_guides_correctness_20260812T142104Z/batches/correctness/baseline/pilot/batch_002/guide_order.txt	190	c59e3fb39f92b49d65464596845969d8357a8191ac8aeda99e408c2319c73821
raw/chr2_100_guides_correctness_20260812T142104Z/batches/correctness/baseline/pilot/batch_002/guide_results.tsv	2317	6ba2456e5a73ee4dda8b31c5183f25a725fab77a28306927eab1f3fa25261c45
raw/chr2_100_guides_correctness_20260812T142104Z/batches/correctness/baseline/pilot/batch_002/guides/chr2_100_guide_011/command.txt	293	937bbe6ffc87a43dfbc1b02dae685510bf04946d3c69393ede551be5e960f59c
raw/chr2_100_guides_correctness_20260812T142104Z/batches/correctness/baseline/pilot/batch_002/guides/chr2_100_guide_011/metrics.tsv	296	835330ae154b561136c65f35922888f1702992cd782442d896a04b78d451ab3a
raw/chr2_100_guides_correctness_20260812T142104Z/batches/correctness/baseline/pilot/batch_002/guides/chr2_100_guide_011/output.paf	105	bb40e37be897f83a1b15371e404bdb88006f765dd588625f1d80d95fae1ad5aa
raw/chr2_100_guides_correctness_20260812T142104Z/batches/correctness/baseline/pilot/batch_002/guides/chr2_100_guide_011/stderr.txt	0	e3b0c44298fc1c149afbf4c8996fb92427ae41e4649b934ca495991b7852b855
raw/chr2_100_guides_correctness_20260812T142104Z/batches/correctness/baseline/pilot/batch_002/guides/chr2_100_guide_012/command.txt	293	9ad509e72480bfd20d31303050acc80f2441c4707bbaf51796fccd18d211894f
raw/chr2_100_guides_correctness_20260812T142104Z/batches/correctness/baseline/pilot/batch_002/guides/chr2_100_guide_012/metrics.tsv	296	ae511ad1124ca0cad59a43259b123e672e65118bc312847ca2794813a565e6d1
raw/chr2_100_guides_correctness_20260812T142104Z/batches/correctness/baseline/pilot/batch_002/guides/chr2_100_guide_012/output.paf	424	8de3d6e1cc74fb61b3b3f7cc888d929f976a2a5501d5206b51113d5172e835a6
raw/chr2_100_guides_correctness_20260812T142104Z/batches/correctness/baseline/pilot/batch_002/guides/chr2_100_guide_012/stderr.txt	0	e3b0c44298fc1c149afbf4c8996fb92427ae41e4649b934ca495991b7852b855
raw/chr2_100_guides_correctness_20260812T142104Z/batches/correctness/baseline/pilot/batch_002/guides/chr2_100_guide_013/command.txt	293	2ca07bb9735c2106b75b6742dbdf04c7127d4ccea27730ea33312e0442b901e8
raw/chr2_100_guides_correctness_20260812T142104Z/batches/correctness/baseline/pilot/batch_002/guides/chr2_100_guide_013/metrics.tsv	297	4957051a238109f87ad20084fea275725576e7d85667e2dfaab4afc7950d561d
raw/chr2_100_guides_correctness_20260812T142104Z/batches/correctness/baseline/pilot/batch_002/guides/chr2_100_guide_013/output.paf	1621	4be924d893b77635b43941ff6fe1abec972bb13b854a9100a9e6f23ade046cd6
raw/chr2_100_guides_correctness_20260812T142104Z/batches/correctness/baseline/pilot/batch_002/guides/chr2_100_guide_013/stderr.txt	0	e3b0c44298fc1c149afbf4c8996fb92427ae41e4649b934ca495991b7852b855
raw/chr2_100_guides_correctness_20260812T142104Z/batches/correctness/baseline/pilot/batch_002/guides/chr2_100_guide_014/command.txt	293	8a9b7c5738d1ea4c291c16a81f59bde641340a75d0fa56d2ad1770d2dda8907c
raw/chr2_100_guides_correctness_20260812T142104Z/batches/correctness/baseline/pilot/batch_002/guides/chr2_100_guide_014/metrics.tsv	296	6d56dbd2011d8c4fe65163bc05538ac5c6d4052bee23d8c84050d9b6c0a91ab4
raw/chr2_100_guides_correctness_20260812T142104Z/batches/correctness/baseline/pilot/batch_002/guides/chr2_100_guide_014/output.paf	214	0443657d2efb5794b44960262e648576461066b30a4b8e25574159fadae2eb2b
raw/chr2_100_guides_correctness_20260812T142104Z/batches/correctness/baseline/pilot/batch_002/guides/chr2_100_guide_014/stderr.txt	0	e3b0c44298fc1c149afbf4c8996fb92427ae41e4649b934ca495991b7852b855
raw/chr2_100_guides_correctness_20260812T142104Z/batches/correctness/baseline/pilot/batch_002/guides/chr2_100_guide_015/command.txt	293	9e1beb50c28194f124a4521ca7e10fea3eb74632f7bc64c37b4921145d245133
raw/chr2_100_guides_correctness_20260812T142104Z/batches/correctness/baseline/pilot/batch_002/guides/chr2_100_guide_015/metrics.tsv	296	892919f093aa5b84a8328ae15f447eb536ba74ccac911687a6ca2bd52d9f47b6
raw/chr2_100_guides_correctness_20260812T142104Z/batches/correctness/baseline/pilot/batch_002/guides/chr2_100_guide_015/output.paf	105	42e895974b61d6a6f346dea6886300a8fe271754b1d94bdce59b758505195a83
raw/chr2_100_guides_correctness_20260812T142104Z/batches/correctness/baseline/pilot/batch_002/guides/chr2_100_guide_015/stderr.txt	0	e3b0c44298fc1c149afbf4c8996fb92427ae41e4649b934ca495991b7852b855
raw/chr2_100_guides_correctness_20260812T142104Z/batches/correctness/baseline/pilot/batch_002/guides/chr2_100_guide_016/command.txt	293	f3c3643f7a00e8a828fbaa68d2e98e9b68f8f84c2efa6086101de3a43cc272fa
raw/chr2_100_guides_correctness_20260812T142104Z/batches/correctness/baseline/pilot/batch_002/guides/chr2_100_guide_016/metrics.tsv	296	c559c253897a2ed7ae2888bcba135f69b35074d814c585c17adf8cb6c20d08e4
raw/chr2_100_guides_correctness_20260812T142104Z/batches/correctness/baseline/pilot/batch_002/guides/chr2_100_guide_016/output.paf	216	8657fd291b214f97a5fe5f222b4dc6b878b921969dd7bd6ffb1ed5b3783a610e
raw/chr2_100_guides_correctness_20260812T142104Z/batches/correctness/baseline/pilot/batch_002/guides/chr2_100_guide_016/stderr.txt	0	e3b0c44298fc1c149afbf4c8996fb92427ae41e4649b934ca495991b7852b855
raw/chr2_100_guides_correctness_20260812T142104Z/batches/correctness/baseline/pilot/batch_002/guides/chr2_100_guide_017/command.txt	293	8f77c1d8363fde22a19c1649130ee37403fe1c9e3acb099f280a764addee0078
raw/chr2_100_guides_correctness_20260812T142104Z/batches/correctness/baseline/pilot/batch_002/guides/chr2_100_guide_017/metrics.tsv	296	2f636ad96aa6b2399db595da9b44da5e533dc7b38a30da750eecebea08cf7929
raw/chr2_100_guides_correctness_20260812T142104Z/batches/correctness/baseline/pilot/batch_002/guides/chr2_100_guide_017/output.paf	327	8bf7f4c8deeca939eb4745df5ef9388ba15f3dbbb1840c8a4fe7cbd4482ae156
raw/chr2_100_guides_correctness_20260812T142104Z/batches/correctness/baseline/pilot/batch_002/guides/chr2_100_guide_017/stderr.txt	0	e3b0c44298fc1c149afbf4c8996fb92427ae41e4649b934ca495991b7852b855
raw/chr2_100_guides_correctness_20260812T142104Z/batches/correctness/baseline/pilot/batch_002/guides/chr2_100_guide_018/command.txt	293	7d1eae2a29d4fe1356e8b0b0b080d5f2fc3ad0e9a0ecd12ef2fa7545b13441f5
raw/chr2_100_guides_correctness_20260812T142104Z/batches/correctness/baseline/pilot/batch_002/guides/chr2_100_guide_018/metrics.tsv	296	7be2d75ff6a6a610b411d6bc0bf615424993bb2830eca1e9105dfcf12b10e2fe
raw/chr2_100_guides_correctness_20260812T142104Z/batches/correctness/baseline/pilot/batch_002/guides/chr2_100_guide_018/output.paf	105	2f7599cbfd417906a733f1e345af049f64a300adde46b600f2098f8585fcc3c6
raw/chr2_100_guides_correctness_20260812T142104Z/batches/correctness/baseline/pilot/batch_002/guides/chr2_100_guide_018/stderr.txt	0	e3b0c44298fc1c149afbf4c8996fb92427ae41e4649b934ca495991b7852b855
raw/chr2_100_guides_correctness_20260812T142104Z/batches/correctness/baseline/pilot/batch_002/guides/chr2_100_guide_019/command.txt	293	4c901be903c3ef95c8e413f07ca158958ff47e68ffc4c626f6803d089f6eb2d8
raw/chr2_100_guides_correctness_20260812T142104Z/batches/correctness/baseline/pilot/batch_002/guides/chr2_100_guide_019/metrics.tsv	296	9f3d293fc533635301cd3f250bcea276887d9209ea827901376addda35fd266d
raw/chr2_100_guides_correctness_20260812T142104Z/batches/correctness/baseline/pilot/batch_002/guides/chr2_100_guide_019/output.paf	547	333adca6eb5064c71684544c92792172a7afaaf524f435f9dd3f38cfa3f32cce
raw/chr2_100_guides_correctness_20260812T142104Z/batches/correctness/baseline/pilot/batch_002/guides/chr2_100_guide_019/stderr.txt	0	e3b0c44298fc1c149afbf4c8996fb92427ae41e4649b934ca495991b7852b855
raw/chr2_100_guides_correctness_20260812T142104Z/batches/correctness/baseline/pilot/batch_002/guides/chr2_100_guide_020/command.txt	293	9ba4c5140d748854cdcc86853865420a089d03acc93ad4f461a0218d697831ea
raw/chr2_100_guides_correctness_20260812T142104Z/batches/correctness/baseline/pilot/batch_002/guides/chr2_100_guide_020/metrics.tsv	296	777a08d8a160a9552cf1b68f0a4db65fab33c725f354d221ffde17c7ba9d0dc3
raw/chr2_100_guides_correctness_20260812T142104Z/batches/correctness/baseline/pilot/batch_002/guides/chr2_100_guide_020/output.paf	216	99ec5b4b39d482803291f17eebe25d0787d2048ba02a2d2eb4db977d9915bf1b
raw/chr2_100_guides_correctness_20260812T142104Z/batches/correctness/baseline/pilot/batch_002/guides/chr2_100_guide_020/stderr.txt	0	e3b0c44298fc1c149afbf4c8996fb92427ae41e4649b934ca495991b7852b855
raw/chr2_100_guides_correctness_20260812T142104Z/batches/correctness/baseline/pilot/batch_003/SUCCESS	0	e3b0c44298fc1c149afbf4c8996fb92427ae41e4649b934ca495991b7852b855
raw/chr2_100_guides_correctness_20260812T142104Z/batches/correctness/baseline/pilot/batch_003/environment.tsv	597	c6c43d5782ac6b761eb89007b17afab609ff055ed3f6617433e255f400066334
raw/chr2_100_guides_correctness_20260812T142104Z/batches/correctness/baseline/pilot/batch_003/guide_ids.txt	190	ca43bf6ae670451719045bd033d44bb642d120707c114a7112ca7b6298856805
raw/chr2_100_guides_correctness_20260812T142104Z/batches/correctness/baseline/pilot/batch_003/guide_order.sha256	297	8ec9809367d2adf967d89b254e2ca2a3bf5fd5b05ce6e26eeff59789b14de08b
raw/chr2_100_guides_correctness_20260812T142104Z/batches/correctness/baseline/pilot/batch_003/guide_order.txt	190	f7b2e5be22cc0f452f7599e6c4ca0796c06105f6556a9994ee6a62699bd18401
raw/chr2_100_guides_correctness_20260812T142104Z/batches/correctness/baseline/pilot/batch_003/guide_results.tsv	2316	c68c7c861cbd06342c9feb4e35e8bc1b16a89fbe0059400332cdd8aacc79befb
raw/chr2_100_guides_correctness_20260812T142104Z/batches/correctness/baseline/pilot/batch_003/guides/chr2_100_guide_021/command.txt	293	bd18449df0139a2ebde07eecbc21ef142db9a4371c97f6a2d0e7e95202ee5ca9
raw/chr2_100_guides_correctness_20260812T142104Z/batches/correctness/baseline/pilot/batch_003/guides/chr2_100_guide_021/metrics.tsv	296	a2f321ba6fd7322585a529a111a8f53a7e8bd14addecd3694216db4f656bda24
raw/chr2_100_guides_correctness_20260812T142104Z/batches/correctness/baseline/pilot/batch_003/guides/chr2_100_guide_021/output.paf	105	5a33f103dbf056bba7fe5c613e707661017238c690f2c7259b5e11652f617597
raw/chr2_100_guides_correctness_20260812T142104Z/batches/correctness/baseline/pilot/batch_003/guides/chr2_100_guide_021/stderr.txt	0	e3b0c44298fc1c149afbf4c8996fb92427ae41e4649b934ca495991b7852b855
raw/chr2_100_guides_correctness_20260812T142104Z/batches/correctness/baseline/pilot/batch_003/guides/chr2_100_guide_022/command.txt	293	9794a2497d369bfec2e9581d66e39eae04c80c4df99ca755236a62dbaf6cf446
raw/chr2_100_guides_correctness_20260812T142104Z/batches/correctness/baseline/pilot/batch_003/guides/chr2_100_guide_022/metrics.tsv	296	23d1cb17f82cf65b71e70b1d3ea7439f7dd511ec027656794158b705fad1337b
raw/chr2_100_guides_correctness_20260812T142104Z/batches/correctness/baseline/pilot/batch_003/guides/chr2_100_guide_022/output.paf	105	917aafb006a22d16b37a281effd7ff0c4654ed8bc78198c61f5d22b8b2e55adf
raw/chr2_100_guides_correctness_20260812T142104Z/batches/correctness/baseline/pilot/batch_003/guides/chr2_100_guide_022/stderr.txt	0	e3b0c44298fc1c149afbf4c8996fb92427ae41e4649b934ca495991b7852b855
raw/chr2_100_guides_correctness_20260812T142104Z/batches/correctness/baseline/pilot/batch_003/guides/chr2_100_guide_023/command.txt	293	976a37cf01bb1acf5bdc6f9dcd4d28dbce76f40c6c1ccc0e45fb5a9c0cfe4807
raw/chr2_100_guides_correctness_20260812T142104Z/batches/correctness/baseline/pilot/batch_003/guides/chr2_100_guide_023/metrics.tsv	296	b8b76f982ee84c6c3fb317018a731d5a5d02ca31ef9759dba33e24b59b95b543
raw/chr2_100_guides_correctness_20260812T142104Z/batches/correctness/baseline/pilot/batch_003/guides/chr2_100_guide_023/output.paf	105	e8a89348acfae06a87d8f971055db0655a3c9f9eca2f7ab4c60cb6d77791f26b
raw/chr2_100_guides_correctness_20260812T142104Z/batches/correctness/baseline/pilot/batch_003/guides/chr2_100_guide_023/stderr.txt	0	e3b0c44298fc1c149afbf4c8996fb92427ae41e4649b934ca495991b7852b855
raw/chr2_100_guides_correctness_20260812T142104Z/batches/correctness/baseline/pilot/batch_003/guides/chr2_100_guide_024/command.txt	293	caf218ebf5f884e6133e23663b54c45a978c2cb3a8050dba2afc65e3361383c5
raw/chr2_100_guides_correctness_20260812T142104Z/batches/correctness/baseline/pilot/batch_003/guides/chr2_100_guide_024/metrics.tsv	296	d71832f0edf5f6aac1ce5a2bc8548bd80a5c9a8b02f0315f54375375d5b7eb7a
raw/chr2_100_guides_correctness_20260812T142104Z/batches/correctness/baseline/pilot/batch_003/guides/chr2_100_guide_024/output.paf	531	e2ad111331f9b5cca186b87b9828b06dce90ea1131a5627ec0f388039d6f82e0
raw/chr2_100_guides_correctness_20260812T142104Z/batches/correctness/baseline/pilot/batch_003/guides/chr2_100_guide_024/stderr.txt	0	e3b0c44298fc1c149afbf4c8996fb92427ae41e4649b934ca495991b7852b855
raw/chr2_100_guides_correctness_20260812T142104Z/batches/correctness/baseline/pilot/batch_003/guides/chr2_100_guide_025/command.txt	293	73980788656d6951bd88e7af034d191de640c0a6468cb5b52338342621bed402
raw/chr2_100_guides_correctness_20260812T142104Z/batches/correctness/baseline/pilot/batch_003/guides/chr2_100_guide_025/metrics.tsv	296	a58172ea0704815e014e1452af40aae3afab51b677510f23dcef35a32de75068
raw/chr2_100_guides_correctness_20260812T142104Z/batches/correctness/baseline/pilot/batch_003/guides/chr2_100_guide_025/output.paf	216	ca8a65f8c4f371c9f0811103328f2063824484c4d4b71bf8fb6ec61c1431b3ec
raw/chr2_100_guides_correctness_20260812T142104Z/batches/correctness/baseline/pilot/batch_003/guides/chr2_100_guide_025/stderr.txt	0	e3b0c44298fc1c149afbf4c8996fb92427ae41e4649b934ca495991b7852b855
raw/chr2_100_guides_correctness_20260812T142104Z/batches/correctness/baseline/pilot/batch_003/guides/chr2_100_guide_026/command.txt	293	fce136d64e32a717e384afe6e2e7a4f6f1ab958d9c831be7f1b5937b01c93913
raw/chr2_100_guides_correctness_20260812T142104Z/batches/correctness/baseline/pilot/batch_003/guides/chr2_100_guide_026/metrics.tsv	296	6d3a1c74e86763dbf4887444e582534f64e5be561c4a488abd3890d9a5d8373f
raw/chr2_100_guides_correctness_20260812T142104Z/batches/correctness/baseline/pilot/batch_003/guides/chr2_100_guide_026/output.paf	105	9f390b604c806c3994037804907776beb4d5a4a66cab2023c3e8d42e89ae2a63
raw/chr2_100_guides_correctness_20260812T142104Z/batches/correctness/baseline/pilot/batch_003/guides/chr2_100_guide_026/stderr.txt	0	e3b0c44298fc1c149afbf4c8996fb92427ae41e4649b934ca495991b7852b855
raw/chr2_100_guides_correctness_20260812T142104Z/batches/correctness/baseline/pilot/batch_003/guides/chr2_100_guide_027/command.txt	293	98210688fa783b2cedfc7e12a7106e7a9c4f6328425675f401575caf660d7cdf
raw/chr2_100_guides_correctness_20260812T142104Z/batches/correctness/baseline/pilot/batch_003/guides/chr2_100_guide_027/metrics.tsv	296	ef45fe03b4101ab484fcecf9bf019523c8caa2a315414eeed1a7a7b2fc77a819
raw/chr2_100_guides_correctness_20260812T142104Z/batches/correctness/baseline/pilot/batch_003/guides/chr2_100_guide_027/output.paf	214	ca50919602354349f76967e1050b5a3325a70ac7e04d15c9aca51ed7fcc9ea6a
raw/chr2_100_guides_correctness_20260812T142104Z/batches/correctness/baseline/pilot/batch_003/guides/chr2_100_guide_027/stderr.txt	0	e3b0c44298fc1c149afbf4c8996fb92427ae41e4649b934ca495991b7852b855
raw/chr2_100_guides_correctness_20260812T142104Z/batches/correctness/baseline/pilot/batch_003/guides/chr2_100_guide_028/command.txt	293	06b95580388ed7027bb0ebaf4b0fa827c681b8eed979538d691aab2a37a3d900
raw/chr2_100_guides_correctness_20260812T142104Z/batches/correctness/baseline/pilot/batch_003/guides/chr2_100_guide_028/metrics.tsv	296	9fbffefffe3965b22fbfcffb3c7f3ba12de9983cfdb0d6d935e9cd0b1887f16b
raw/chr2_100_guides_correctness_20260812T142104Z/batches/correctness/baseline/pilot/batch_003/guides/chr2_100_guide_028/output.paf	105	7aaa1cf50dd7c5b5d1c81d7db9510966938f6f670e0c2188ab89e8347134cb1c
raw/chr2_100_guides_correctness_20260812T142104Z/batches/correctness/baseline/pilot/batch_003/guides/chr2_100_guide_028/stderr.txt	0	e3b0c44298fc1c149afbf4c8996fb92427ae41e4649b934ca495991b7852b855
raw/chr2_100_guides_correctness_20260812T142104Z/batches/correctness/baseline/pilot/batch_003/guides/chr2_100_guide_029/command.txt	293	92ad28060e14a4a75134ed2e47e56e45d69818031db2aeeccb8be26b3e201b6f
raw/chr2_100_guides_correctness_20260812T142104Z/batches/correctness/baseline/pilot/batch_003/guides/chr2_100_guide_029/metrics.tsv	296	d2701ba67b4cc0ee7afbab3812d0b3f938e7857d2ea5ee518e4bea3dd3bbe3ed
raw/chr2_100_guides_correctness_20260812T142104Z/batches/correctness/baseline/pilot/batch_003/guides/chr2_100_guide_029/output.paf	105	1043bc44ffca5c8f5a9a1956e02c9e5abcb81a398b2de62ebdecbf4ac84194a0
raw/chr2_100_guides_correctness_20260812T142104Z/batches/correctness/baseline/pilot/batch_003/guides/chr2_100_guide_029/stderr.txt	0	e3b0c44298fc1c149afbf4c8996fb92427ae41e4649b934ca495991b7852b855
raw/chr2_100_guides_correctness_20260812T142104Z/batches/correctness/baseline/pilot/batch_003/guides/chr2_100_guide_030/command.txt	293	8e6a8637f7af4e7856a80d17b21eee9508a59e78c260ef8fcfa82e76afb0cabb
raw/chr2_100_guides_correctness_20260812T142104Z/batches/correctness/baseline/pilot/batch_003/guides/chr2_100_guide_030/metrics.tsv	296	c2ae8a850016007aa85944b8bf613d5ecd709410b71e18763fe5ee48497b4d60
raw/chr2_100_guides_correctness_20260812T142104Z/batches/correctness/baseline/pilot/batch_003/guides/chr2_100_guide_030/output.paf	216	d29c977afdb9e4dc9ed374b7184ebad61d241ecef701abfd5c7b4a5cdc16605a
raw/chr2_100_guides_correctness_20260812T142104Z/batches/correctness/baseline/pilot/batch_003/guides/chr2_100_guide_030/stderr.txt	0	e3b0c44298fc1c149afbf4c8996fb92427ae41e4649b934ca495991b7852b855
raw/chr2_100_guides_correctness_20260812T142104Z/batches/correctness/baseline/pilot/batch_004/SUCCESS	0	e3b0c44298fc1c149afbf4c8996fb92427ae41e4649b934ca495991b7852b855
raw/chr2_100_guides_correctness_20260812T142104Z/batches/correctness/baseline/pilot/batch_004/environment.tsv	597	6aeffe41ffeeb91df755db7dac93deb3bd9a1b3255635e6d6861df47d3fe0e4a
raw/chr2_100_guides_correctness_20260812T142104Z/batches/correctness/baseline/pilot/batch_004/guide_ids.txt	190	75bf8ccd9c2c03d7866d4303648da497bf7c5e9ee5a8e326c4de9f0d8458598c
raw/chr2_100_guides_correctness_20260812T142104Z/batches/correctness/baseline/pilot/batch_004/guide_order.sha256	297	7f28bcf485790a54f65536347ca26a411bf99a410088461b35310dec9c59400b
raw/chr2_100_guides_correctness_20260812T142104Z/batches/correctness/baseline/pilot/batch_004/guide_order.txt	190	1a094c559d30dc5f04e507b89db2bdb43d201b60220e32002c0f663864f6f968
raw/chr2_100_guides_correctness_20260812T142104Z/batches/correctness/baseline/pilot/batch_004/guide_results.tsv	2317	62ed5f0ca1a6206619d8e95f2646fc70df25ad52c1a03ef1ab5f9ba06c8c34d5
raw/chr2_100_guides_correctness_20260812T142104Z/batches/correctness/baseline/pilot/batch_004/guides/chr2_100_guide_031/command.txt	293	a051a131ffc36bf5c05c488b10b610e3255a865a7a4e76e7226dde8ae0122bed
raw/chr2_100_guides_correctness_20260812T142104Z/batches/correctness/baseline/pilot/batch_004/guides/chr2_100_guide_031/metrics.tsv	296	eea925ad435556b85841adf1f887dddbd2d4fb9567107b8277f1fa59d8109ea2
raw/chr2_100_guides_correctness_20260812T142104Z/batches/correctness/baseline/pilot/batch_004/guides/chr2_100_guide_031/output.paf	216	599978a4a2567f3700eaa04c9d7e2fd415b7a8dd59261d99f8b8818ead43bb81
raw/chr2_100_guides_correctness_20260812T142104Z/batches/correctness/baseline/pilot/batch_004/guides/chr2_100_guide_031/stderr.txt	0	e3b0c44298fc1c149afbf4c8996fb92427ae41e4649b934ca495991b7852b855
raw/chr2_100_guides_correctness_20260812T142104Z/batches/correctness/baseline/pilot/batch_004/guides/chr2_100_guide_032/command.txt	293	7d51539feda9bc55b45bf7f0f2cfcb28a5ff835a5d51ecde640ed9fdab9c3830
raw/chr2_100_guides_correctness_20260812T142104Z/batches/correctness/baseline/pilot/batch_004/guides/chr2_100_guide_032/metrics.tsv	296	d6c627bc56ecae6fd87ab4a649072e213e26a083ab5abfa9cf1a901abee520b5
raw/chr2_100_guides_correctness_20260812T142104Z/batches/correctness/baseline/pilot/batch_004/guides/chr2_100_guide_032/output.paf	214	15b7fa659b00794ceda7be7f1369090311c6ba7473c517f4b44f82db38243fc0
raw/chr2_100_guides_correctness_20260812T142104Z/batches/correctness/baseline/pilot/batch_004/guides/chr2_100_guide_032/stderr.txt	0	e3b0c44298fc1c149afbf4c8996fb92427ae41e4649b934ca495991b7852b855
raw/chr2_100_guides_correctness_20260812T142104Z/batches/correctness/baseline/pilot/batch_004/guides/chr2_100_guide_033/command.txt	293	735b7be2077ced14a500af55d28ff85baf52161fe185501fa3996e22d4f23e11
raw/chr2_100_guides_correctness_20260812T142104Z/batches/correctness/baseline/pilot/batch_004/guides/chr2_100_guide_033/metrics.tsv	296	0535901c6db11c4a6ead3b4284d1d532046d025d944bc0540c721d41e80492c5
raw/chr2_100_guides_correctness_20260812T142104Z/batches/correctness/baseline/pilot/batch_004/guides/chr2_100_guide_033/output.paf	214	9cb9b033b4d4346d59aeb64fb75479c6a8a2f45a583b8e6f451e6c1a936bb5ea
raw/chr2_100_guides_correctness_20260812T142104Z/batches/correctness/baseline/pilot/batch_004/guides/chr2_100_guide_033/stderr.txt	0	e3b0c44298fc1c149afbf4c8996fb92427ae41e4649b934ca495991b7852b855
raw/chr2_100_guides_correctness_20260812T142104Z/batches/correctness/baseline/pilot/batch_004/guides/chr2_100_guide_034/command.txt	293	8037c2b2a67e39ec6cb1dbf7888d3b572875d8453478c3bb391ae6dfebdfc0af
raw/chr2_100_guides_correctness_20260812T142104Z/batches/correctness/baseline/pilot/batch_004/guides/chr2_100_guide_034/metrics.tsv	296	69a07b0b847d9fa3f93abf85efa3333cd649a36b928292b84c8e07691cfda750
raw/chr2_100_guides_correctness_20260812T142104Z/batches/correctness/baseline/pilot/batch_004/guides/chr2_100_guide_034/output.paf	105	fe3d8b47c35802ac6b57ec8cb4561109f4f0d22f8e3159743f110e5a2ef00c6c
raw/chr2_100_guides_correctness_20260812T142104Z/batches/correctness/baseline/pilot/batch_004/guides/chr2_100_guide_034/stderr.txt	0	e3b0c44298fc1c149afbf4c8996fb92427ae41e4649b934ca495991b7852b855
raw/chr2_100_guides_correctness_20260812T142104Z/batches/correctness/baseline/pilot/batch_004/guides/chr2_100_guide_035/command.txt	293	4b668f8ce33f613e582bcb4c11850831ab4bd261e9604938e4f48b894e76e067
raw/chr2_100_guides_correctness_20260812T142104Z/batches/correctness/baseline/pilot/batch_004/guides/chr2_100_guide_035/metrics.tsv	296	54afb84a2871ad4afd502cac5d99a68baf16cf56deeb2a528d0b08f3981560db
raw/chr2_100_guides_correctness_20260812T142104Z/batches/correctness/baseline/pilot/batch_004/guides/chr2_100_guide_035/output.paf	105	c295719972feb4753a386c1cf65a399133d35309979b8d4aace21d83944e868e
raw/chr2_100_guides_correctness_20260812T142104Z/batches/correctness/baseline/pilot/batch_004/guides/chr2_100_guide_035/stderr.txt	0	e3b0c44298fc1c149afbf4c8996fb92427ae41e4649b934ca495991b7852b855
raw/chr2_100_guides_correctness_20260812T142104Z/batches/correctness/baseline/pilot/batch_004/guides/chr2_100_guide_036/command.txt	293	86909e498f118582f6e90bb12180a46b5a02855aad3a69e1a4e9f047456f9fc1
raw/chr2_100_guides_correctness_20260812T142104Z/batches/correctness/baseline/pilot/batch_004/guides/chr2_100_guide_036/metrics.tsv	296	b1932b06826d14255639c8b3379b0855812f252ac73f99ee8b95db9af693fdae
raw/chr2_100_guides_correctness_20260812T142104Z/batches/correctness/baseline/pilot/batch_004/guides/chr2_100_guide_036/output.paf	325	e9b6c099e7b18393e73796bb8702da974cf77c74158428bc997fae9e2d06bf58
raw/chr2_100_guides_correctness_20260812T142104Z/batches/correctness/baseline/pilot/batch_004/guides/chr2_100_guide_036/stderr.txt	0	e3b0c44298fc1c149afbf4c8996fb92427ae41e4649b934ca495991b7852b855
raw/chr2_100_guides_correctness_20260812T142104Z/batches/correctness/baseline/pilot/batch_004/guides/chr2_100_guide_037/command.txt	293	0ac11204c1b9ec3d6bc108551bf2434c234a902a6f7de69b37a755b8a6db79d0
raw/chr2_100_guides_correctness_20260812T142104Z/batches/correctness/baseline/pilot/batch_004/guides/chr2_100_guide_037/metrics.tsv	296	0eac781b897c3fefa29dde76badebc39748a2fbb75e6a01c621b44e8f621f2aa
raw/chr2_100_guides_correctness_20260812T142104Z/batches/correctness/baseline/pilot/batch_004/guides/chr2_100_guide_037/output.paf	105	5a237c119e3f0aeaef65923d66e6dc0c29804c0d3b690cf8bd75740dfd5dcd8b
raw/chr2_100_guides_correctness_20260812T142104Z/batches/correctness/baseline/pilot/batch_004/guides/chr2_100_guide_037/stderr.txt	0	e3b0c44298fc1c149afbf4c8996fb92427ae41e4649b934ca495991b7852b855
raw/chr2_100_guides_correctness_20260812T142104Z/batches/correctness/baseline/pilot/batch_004/guides/chr2_100_guide_038/command.txt	293	a5ac2e046696f18abe7738ca809bd33ab88bf82795c43be3de65984bb9e5945d
raw/chr2_100_guides_correctness_20260812T142104Z/batches/correctness/baseline/pilot/batch_004/guides/chr2_100_guide_038/metrics.tsv	296	082ac95e26059bddf5300c4ef80d6ccaf111946d627f157b9fd135c57576969c
raw/chr2_100_guides_correctness_20260812T142104Z/batches/correctness/baseline/pilot/batch_004/guides/chr2_100_guide_038/output.paf	105	b9e34fe8ccb092578da22649335a71c80d9db878cf3a4451778fd98e9b5ec22e
raw/chr2_100_guides_correctness_20260812T142104Z/batches/correctness/baseline/pilot/batch_004/guides/chr2_100_guide_038/stderr.txt	0	e3b0c44298fc1c149afbf4c8996fb92427ae41e4649b934ca495991b7852b855
raw/chr2_100_guides_correctness_20260812T142104Z/batches/correctness/baseline/pilot/batch_004/guides/chr2_100_guide_039/command.txt	293	01812a5da2bb5eed86b90cbf7b5b9b16e9246761198146b9445c54b2f7296545
raw/chr2_100_guides_correctness_20260812T142104Z/batches/correctness/baseline/pilot/batch_004/guides/chr2_100_guide_039/metrics.tsv	297	f5b1ff85db4d855f67dabc01b1ad5fa60d93b117a33022f5af17b854ae3f63dc
raw/chr2_100_guides_correctness_20260812T142104Z/batches/correctness/baseline/pilot/batch_004/guides/chr2_100_guide_039/output.paf	8240	83a062e6fbde8a21bc37d1d414532b78dba8e5044f9664d41c710c77979d56cf
raw/chr2_100_guides_correctness_20260812T142104Z/batches/correctness/baseline/pilot/batch_004/guides/chr2_100_guide_039/stderr.txt	0	e3b0c44298fc1c149afbf4c8996fb92427ae41e4649b934ca495991b7852b855
raw/chr2_100_guides_correctness_20260812T142104Z/batches/correctness/baseline/pilot/batch_004/guides/chr2_100_guide_040/command.txt	293	16385082b6413818f9fe6f08b85e806039b93e3a86a58054c923284d3667b1ee
raw/chr2_100_guides_correctness_20260812T142104Z/batches/correctness/baseline/pilot/batch_004/guides/chr2_100_guide_040/metrics.tsv	296	e7febd2e84d1c1a8062da91ea62aca0ef14ea8759e6bd6d6eb20eaaaced81870
raw/chr2_100_guides_correctness_20260812T142104Z/batches/correctness/baseline/pilot/batch_004/guides/chr2_100_guide_040/output.paf	105	38f3709f6a076b2aebea7f182579ef6f37f34c190ffdbc0f69f1f02f15cf41e2
raw/chr2_100_guides_correctness_20260812T142104Z/batches/correctness/baseline/pilot/batch_004/guides/chr2_100_guide_040/stderr.txt	0	e3b0c44298fc1c149afbf4c8996fb92427ae41e4649b934ca495991b7852b855
raw/chr2_100_guides_correctness_20260812T142104Z/batches/correctness/baseline/pilot/batch_005/SUCCESS	0	e3b0c44298fc1c149afbf4c8996fb92427ae41e4649b934ca495991b7852b855
raw/chr2_100_guides_correctness_20260812T142104Z/batches/correctness/baseline/pilot/batch_005/environment.tsv	597	67be6041fcb5c3d58c912b769eb9798e1c18b103298ecb6f5f52912074a0dde2
raw/chr2_100_guides_correctness_20260812T142104Z/batches/correctness/baseline/pilot/batch_005/guide_ids.txt	190	66a05c60986ef414ffc5b7910926aec74d9328df03ff9e330d4bfbe6fcbb929f
raw/chr2_100_guides_correctness_20260812T142104Z/batches/correctness/baseline/pilot/batch_005/guide_order.sha256	297	5d199ec33a6f6a11d29f1940288e947e520064f57552232a2b18d28fd706c350
raw/chr2_100_guides_correctness_20260812T142104Z/batches/correctness/baseline/pilot/batch_005/guide_order.txt	190	41949cbce08e36797dbe93d71632863770394240343d9ab011204bf67cb36668
raw/chr2_100_guides_correctness_20260812T142104Z/batches/correctness/baseline/pilot/batch_005/guide_results.tsv	2317	004029a38139fc36538fdee94ba6e72ab7e315c0af842825a74e3bf13773ea60
raw/chr2_100_guides_correctness_20260812T142104Z/batches/correctness/baseline/pilot/batch_005/guides/chr2_100_guide_041/command.txt	293	d244a66e5e528de6bc74d2e13c35022adb072537e596ed284897c052785b9e23
raw/chr2_100_guides_correctness_20260812T142104Z/batches/correctness/baseline/pilot/batch_005/guides/chr2_100_guide_041/metrics.tsv	297	cafc82db0c398d24edfd96cac5054776e1e92448b56de512752894da8eacb4ba
raw/chr2_100_guides_correctness_20260812T142104Z/batches/correctness/baseline/pilot/batch_005/guides/chr2_100_guide_041/output.paf	1847	f278cbf1a62ea5c9932d507383c8eed812a014396c12860d1e19965eb22bf1ad
raw/chr2_100_guides_correctness_20260812T142104Z/batches/correctness/baseline/pilot/batch_005/guides/chr2_100_guide_041/stderr.txt	0	e3b0c44298fc1c149afbf4c8996fb92427ae41e4649b934ca495991b7852b855
raw/chr2_100_guides_correctness_20260812T142104Z/batches/correctness/baseline/pilot/batch_005/guides/chr2_100_guide_042/command.txt	293	767fe305d18b9c4a602ecc1931d11e79c0546cfcadbd951c997cb3402e0c9995
raw/chr2_100_guides_correctness_20260812T142104Z/batches/correctness/baseline/pilot/batch_005/guides/chr2_100_guide_042/metrics.tsv	296	2140644cc7e81931e6d2609b11a182a8cc43ecb65fe484dbeabdcc16cd447a3d
raw/chr2_100_guides_correctness_20260812T142104Z/batches/correctness/baseline/pilot/batch_005/guides/chr2_100_guide_042/output.paf	327	f2e9c5be3c3d0c5d7cca6aeb545d8be18824e4b1f9cef466e95b0c17a8870bfb
raw/chr2_100_guides_correctness_20260812T142104Z/batches/correctness/baseline/pilot/batch_005/guides/chr2_100_guide_042/stderr.txt	0	e3b0c44298fc1c149afbf4c8996fb92427ae41e4649b934ca495991b7852b855
raw/chr2_100_guides_correctness_20260812T142104Z/batches/correctness/baseline/pilot/batch_005/guides/chr2_100_guide_043/command.txt	293	a5afbb3b028f0d5ab2181ed8c14309016ed18a2f63f152c9e383ae3fec2d1c84
raw/chr2_100_guides_correctness_20260812T142104Z/batches/correctness/baseline/pilot/batch_005/guides/chr2_100_guide_043/metrics.tsv	296	a97e8a02b75935302d94e9fe0234cea2a5979943b4ac695380feb87a9b133cf7
raw/chr2_100_guides_correctness_20260812T142104Z/batches/correctness/baseline/pilot/batch_005/guides/chr2_100_guide_043/output.paf	107	c5aef2b2dc9b811d70509f0600268cfeeea951a45e2dd18e91e0d25bcac4d376
raw/chr2_100_guides_correctness_20260812T142104Z/batches/correctness/baseline/pilot/batch_005/guides/chr2_100_guide_043/stderr.txt	0	e3b0c44298fc1c149afbf4c8996fb92427ae41e4649b934ca495991b7852b855
raw/chr2_100_guides_correctness_20260812T142104Z/batches/correctness/baseline/pilot/batch_005/guides/chr2_100_guide_044/command.txt	293	ad58b9da9ed0edcfe8d91f07102e78569d7ee9bf7088150a957fb827645022fc
raw/chr2_100_guides_correctness_20260812T142104Z/batches/correctness/baseline/pilot/batch_005/guides/chr2_100_guide_044/metrics.tsv	296	181c8f6baa129afd28d487d80de0e591be86b919ec74d19be8e15d5159ec8909
raw/chr2_100_guides_correctness_20260812T142104Z/batches/correctness/baseline/pilot/batch_005/guides/chr2_100_guide_044/output.paf	107	5be3bb64196bba4de7ff72f4ddc64a4237957ea9dfe8c50b732a0406977860fe
raw/chr2_100_guides_correctness_20260812T142104Z/batches/correctness/baseline/pilot/batch_005/guides/chr2_100_guide_044/stderr.txt	0	e3b0c44298fc1c149afbf4c8996fb92427ae41e4649b934ca495991b7852b855
raw/chr2_100_guides_correctness_20260812T142104Z/batches/correctness/baseline/pilot/batch_005/guides/chr2_100_guide_045/command.txt	293	33e8246ceceeee5eed09875753c5428d12636f157424f2c97dfff2bcaba7365b
raw/chr2_100_guides_correctness_20260812T142104Z/batches/correctness/baseline/pilot/batch_005/guides/chr2_100_guide_045/metrics.tsv	296	9f3ad8ec2835e788f9f296f1f04486a1260ea2c57791ec5591ac03395830cee3
raw/chr2_100_guides_correctness_20260812T142104Z/batches/correctness/baseline/pilot/batch_005/guides/chr2_100_guide_045/output.paf	107	ba1cc74a5f1d95ea7d0795faf9bf73f534385bad49252bef55f7f6db746e850d
raw/chr2_100_guides_correctness_20260812T142104Z/batches/correctness/baseline/pilot/batch_005/guides/chr2_100_guide_045/stderr.txt	0	e3b0c44298fc1c149afbf4c8996fb92427ae41e4649b934ca495991b7852b855
raw/chr2_100_guides_correctness_20260812T142104Z/batches/correctness/baseline/pilot/batch_005/guides/chr2_100_guide_046/command.txt	293	4569235071f6b4e3f2b7b65b47fe6a29cafb7353584b0f3027e5a8c0bfaee6ae
raw/chr2_100_guides_correctness_20260812T142104Z/batches/correctness/baseline/pilot/batch_005/guides/chr2_100_guide_046/metrics.tsv	296	78b8c21f960160ca043084326a40ae2e1103a3dac2e8f08e065eaadab3f4055c
raw/chr2_100_guides_correctness_20260812T142104Z/batches/correctness/baseline/pilot/batch_005/guides/chr2_100_guide_046/output.paf	648	7a9ae61cb58a588ce044cb523c551780386c1adb57b26b12bebefd9f46abe291
raw/chr2_100_guides_correctness_20260812T142104Z/batches/correctness/baseline/pilot/batch_005/guides/chr2_100_guide_046/stderr.txt	0	e3b0c44298fc1c149afbf4c8996fb92427ae41e4649b934ca495991b7852b855
raw/chr2_100_guides_correctness_20260812T142104Z/batches/correctness/baseline/pilot/batch_005/guides/chr2_100_guide_047/command.txt	293	81be88369d060cb86c6642ba569f69f55554f20464851fae7dcf71fc8b541986
raw/chr2_100_guides_correctness_20260812T142104Z/batches/correctness/baseline/pilot/batch_005/guides/chr2_100_guide_047/metrics.tsv	296	e6cf172584e7a29efdb7a2b81c77be73a62f8f6925c2d9eca99229dee126b35d
raw/chr2_100_guides_correctness_20260812T142104Z/batches/correctness/baseline/pilot/batch_005/guides/chr2_100_guide_047/output.paf	214	6691b01bf3d1810ca2b6a7944b727a56a0f9dd67aa12b183a7bc64b627719bcf
raw/chr2_100_guides_correctness_20260812T142104Z/batches/correctness/baseline/pilot/batch_005/guides/chr2_100_guide_047/stderr.txt	0	e3b0c44298fc1c149afbf4c8996fb92427ae41e4649b934ca495991b7852b855
raw/chr2_100_guides_correctness_20260812T142104Z/batches/correctness/baseline/pilot/batch_005/guides/chr2_100_guide_048/command.txt	293	76fcd8887e5b5172261a0b809c56fe20b474904b364b19733dacab4385a4d96e
raw/chr2_100_guides_correctness_20260812T142104Z/batches/correctness/baseline/pilot/batch_005/guides/chr2_100_guide_048/metrics.tsv	296	11f24f41b7d8fbd3f45ea33d79645997a83c8064c8f66e3d2ad3803beb74dc56
raw/chr2_100_guides_correctness_20260812T142104Z/batches/correctness/baseline/pilot/batch_005/guides/chr2_100_guide_048/output.paf	218	ca2b5657752a6136af93ce94b0141600b7a4ef3c355b01f25ce63a7c16a005f2
raw/chr2_100_guides_correctness_20260812T142104Z/batches/correctness/baseline/pilot/batch_005/guides/chr2_100_guide_048/stderr.txt	0	e3b0c44298fc1c149afbf4c8996fb92427ae41e4649b934ca495991b7852b855
raw/chr2_100_guides_correctness_20260812T142104Z/batches/correctness/baseline/pilot/batch_005/guides/chr2_100_guide_049/command.txt	293	02fc19ef889867322a7326acf192fcc0e39780a527cd67d5ee718a90906895af
raw/chr2_100_guides_correctness_20260812T142104Z/batches/correctness/baseline/pilot/batch_005/guides/chr2_100_guide_049/metrics.tsv	296	3564e0be38963f4c7c93ed96b722a41822b0627ee6aa49af5e02c99fbbaedcfa
raw/chr2_100_guides_correctness_20260812T142104Z/batches/correctness/baseline/pilot/batch_005/guides/chr2_100_guide_049/output.paf	107	2299ea9435c0020f18baac07162b342f90b144a6602120c2bc1e0d73615a15a6
raw/chr2_100_guides_correctness_20260812T142104Z/batches/correctness/baseline/pilot/batch_005/guides/chr2_100_guide_049/stderr.txt	0	e3b0c44298fc1c149afbf4c8996fb92427ae41e4649b934ca495991b7852b855
raw/chr2_100_guides_correctness_20260812T142104Z/batches/correctness/baseline/pilot/batch_005/guides/chr2_100_guide_050/command.txt	293	caaf9a0a0a04286fd9d528021837d1496f5c17842f921d0313d6c89be7986086
raw/chr2_100_guides_correctness_20260812T142104Z/batches/correctness/baseline/pilot/batch_005/guides/chr2_100_guide_050/metrics.tsv	296	3d4157ce7038d7445abed912233c4a8ba2848d76f45c2b63b5999881fa9d50f0
raw/chr2_100_guides_correctness_20260812T142104Z/batches/correctness/baseline/pilot/batch_005/guides/chr2_100_guide_050/output.paf	107	cf48956c67e54b1e7a8cdb066882ff8398ce3dded5d7e4117a8c857968c4e440
raw/chr2_100_guides_correctness_20260812T142104Z/batches/correctness/baseline/pilot/batch_005/guides/chr2_100_guide_050/stderr.txt	0	e3b0c44298fc1c149afbf4c8996fb92427ae41e4649b934ca495991b7852b855
raw/chr2_100_guides_correctness_20260812T142104Z/batches/correctness/baseline/pilot/batch_006/SUCCESS	0	e3b0c44298fc1c149afbf4c8996fb92427ae41e4649b934ca495991b7852b855
raw/chr2_100_guides_correctness_20260812T142104Z/batches/correctness/baseline/pilot/batch_006/environment.tsv	597	85f585dc10f3b6303c57232e1425bd0a51125d6fe7bbf9184a3b8a719f4f1a27
raw/chr2_100_guides_correctness_20260812T142104Z/batches/correctness/baseline/pilot/batch_006/guide_ids.txt	190	fd96d52942fd41ba57d3d4e5daf50ffe100a069c0541c94777156f8597798697
raw/chr2_100_guides_correctness_20260812T142104Z/batches/correctness/baseline/pilot/batch_006/guide_order.sha256	297	45f7dd94c2adbbe13676741085dfaca310a040a4fb09b4704cb1106695f6a70f
raw/chr2_100_guides_correctness_20260812T142104Z/batches/correctness/baseline/pilot/batch_006/guide_order.txt	190	b822e2b800b929990fce4dfb788ce23c92af107a1a8c3c7de454bbfc7998dd9a
raw/chr2_100_guides_correctness_20260812T142104Z/batches/correctness/baseline/pilot/batch_006/guide_results.tsv	2318	6a25a616059391cddb04375e8537ed9c9eb49ca6a66abeec05f9b0b3dc0455de
raw/chr2_100_guides_correctness_20260812T142104Z/batches/correctness/baseline/pilot/batch_006/guides/chr2_100_guide_051/command.txt	293	7ac7cbaa048b491dc33259e58d78b71a44bc966a3117e0478acdda57c778adb5
raw/chr2_100_guides_correctness_20260812T142104Z/batches/correctness/baseline/pilot/batch_006/guides/chr2_100_guide_051/metrics.tsv	296	5aeb456b9fb5068ecd13feec4522d1e42c1de51b93dbad175c51fc441ae2a927
raw/chr2_100_guides_correctness_20260812T142104Z/batches/correctness/baseline/pilot/batch_006/guides/chr2_100_guide_051/output.paf	107	c86006645507230946bb4bfe446a2c8b5186d0a69ac04a9917743c4b3671dbac
raw/chr2_100_guides_correctness_20260812T142104Z/batches/correctness/baseline/pilot/batch_006/guides/chr2_100_guide_051/stderr.txt	0	e3b0c44298fc1c149afbf4c8996fb92427ae41e4649b934ca495991b7852b855
raw/chr2_100_guides_correctness_20260812T142104Z/batches/correctness/baseline/pilot/batch_006/guides/chr2_100_guide_052/command.txt	293	5aa03c47d0b1f367732d2749699f700716bef2a2b82b12b486408f3fa3b6fdce
raw/chr2_100_guides_correctness_20260812T142104Z/batches/correctness/baseline/pilot/batch_006/guides/chr2_100_guide_052/metrics.tsv	296	40f5ac230db1a98d3b05c1bdc90207464268193f935c45018bf2ae02ffedcd2c
raw/chr2_100_guides_correctness_20260812T142104Z/batches/correctness/baseline/pilot/batch_006/guides/chr2_100_guide_052/output.paf	769	9f092a83d179772a56ba23b1413b48e434bbe318a5342d741b5f798fde25c2a4
raw/chr2_100_guides_correctness_20260812T142104Z/batches/correctness/baseline/pilot/batch_006/guides/chr2_100_guide_052/stderr.txt	0	e3b0c44298fc1c149afbf4c8996fb92427ae41e4649b934ca495991b7852b855
raw/chr2_100_guides_correctness_20260812T142104Z/batches/correctness/baseline/pilot/batch_006/guides/chr2_100_guide_053/command.txt	293	5589b18c439258308d0d4d63f46b890cf41275c9007790aa4b02b7c07116a695
raw/chr2_100_guides_correctness_20260812T142104Z/batches/correctness/baseline/pilot/batch_006/guides/chr2_100_guide_053/metrics.tsv	296	614c74578896786adfdb609e499fb1fa71b2211bb8a08bc4f7c2d18d2f58648a
raw/chr2_100_guides_correctness_20260812T142104Z/batches/correctness/baseline/pilot/batch_006/guides/chr2_100_guide_053/output.paf	107	d29763bda82cdad0c19b6abc1d72c355c6efc0f4f6dc38f426542179ec23be49
raw/chr2_100_guides_correctness_20260812T142104Z/batches/correctness/baseline/pilot/batch_006/guides/chr2_100_guide_053/stderr.txt	0	e3b0c44298fc1c149afbf4c8996fb92427ae41e4649b934ca495991b7852b855
raw/chr2_100_guides_correctness_20260812T142104Z/batches/correctness/baseline/pilot/batch_006/guides/chr2_100_guide_054/command.txt	293	b0f62e5f1458317d01ae2b7c2f4795f60ec4069ccdd4dfd73b59e9b58eca94f6
raw/chr2_100_guides_correctness_20260812T142104Z/batches/correctness/baseline/pilot/batch_006/guides/chr2_100_guide_054/metrics.tsv	298	b0c77e56d3c2f4362b2b9f80eec950eeaec62c3008da17bb2b73b2d2e0b0e145
raw/chr2_100_guides_correctness_20260812T142104Z/batches/correctness/baseline/pilot/batch_006/guides/chr2_100_guide_054/output.paf	42964	9a61302226a3da87d9d1e5028f0c7e966917547d31c65e3c05fd181f840a8b64
raw/chr2_100_guides_correctness_20260812T142104Z/batches/correctness/baseline/pilot/batch_006/guides/chr2_100_guide_054/stderr.txt	0	e3b0c44298fc1c149afbf4c8996fb92427ae41e4649b934ca495991b7852b855
raw/chr2_100_guides_correctness_20260812T142104Z/batches/correctness/baseline/pilot/batch_006/guides/chr2_100_guide_055/command.txt	293	dda1a04f36d48526db28737251eccbe1f82c78528bbd0a75d670993e1feba4b2
raw/chr2_100_guides_correctness_20260812T142104Z/batches/correctness/baseline/pilot/batch_006/guides/chr2_100_guide_055/metrics.tsv	296	6bd58911668a2afc4b0f2830fe54df23ef1c9ac812ba6a7ffe46cb21d36bf115
raw/chr2_100_guides_correctness_20260812T142104Z/batches/correctness/baseline/pilot/batch_006/guides/chr2_100_guide_055/output.paf	107	c3c54da4b3b1f3b503865b61494f292527b3437aa387a0286081158514f6aae1
raw/chr2_100_guides_correctness_20260812T142104Z/batches/correctness/baseline/pilot/batch_006/guides/chr2_100_guide_055/stderr.txt	0	e3b0c44298fc1c149afbf4c8996fb92427ae41e4649b934ca495991b7852b855
raw/chr2_100_guides_correctness_20260812T142104Z/batches/correctness/baseline/pilot/batch_006/guides/chr2_100_guide_056/command.txt	293	b7046f2d8baf5bb19e3342440be09208ed98082be0fce7506f1ade74c9b28e69
raw/chr2_100_guides_correctness_20260812T142104Z/batches/correctness/baseline/pilot/batch_006/guides/chr2_100_guide_056/metrics.tsv	296	a4861bab882952a1edab6ffaf714fbfbb948466898a005c02320319213b72a50
raw/chr2_100_guides_correctness_20260812T142104Z/batches/correctness/baseline/pilot/batch_006/guides/chr2_100_guide_056/output.paf	107	2738df1e9d822f388885c2d53ebc44bc1443fb8ac7ec8a4ccba90ec9cf7cf1a3
raw/chr2_100_guides_correctness_20260812T142104Z/batches/correctness/baseline/pilot/batch_006/guides/chr2_100_guide_056/stderr.txt	0	e3b0c44298fc1c149afbf4c8996fb92427ae41e4649b934ca495991b7852b855
raw/chr2_100_guides_correctness_20260812T142104Z/batches/correctness/baseline/pilot/batch_006/guides/chr2_100_guide_057/command.txt	293	a0f6dca8ae52624408c0d43bd7e013e38ab296037c9cd9cd92ed3837c45926c8
raw/chr2_100_guides_correctness_20260812T142104Z/batches/correctness/baseline/pilot/batch_006/guides/chr2_100_guide_057/metrics.tsv	296	7e3fa074b3567ec8de2cfb5e25e721a88e5a88852dccbfb778522651ae8fad50
raw/chr2_100_guides_correctness_20260812T142104Z/batches/correctness/baseline/pilot/batch_006/guides/chr2_100_guide_057/output.paf	107	fd695fc724b9cf1f61c94765059e1dd184f692b3e9f4c4475cc565a98d7d9673
raw/chr2_100_guides_correctness_20260812T142104Z/batches/correctness/baseline/pilot/batch_006/guides/chr2_100_guide_057/stderr.txt	0	e3b0c44298fc1c149afbf4c8996fb92427ae41e4649b934ca495991b7852b855
raw/chr2_100_guides_correctness_20260812T142104Z/batches/correctness/baseline/pilot/batch_006/guides/chr2_100_guide_058/command.txt	293	7cd6e7a14dd127a16a7a1f24e4d6cf097e52be993fc454184b13f6e80c082c70
raw/chr2_100_guides_correctness_20260812T142104Z/batches/correctness/baseline/pilot/batch_006/guides/chr2_100_guide_058/metrics.tsv	296	d83c40ee9638c6e69ee17db730cdea00f786fb05e3ddb82b7ffd0e8c4f0645d5
raw/chr2_100_guides_correctness_20260812T142104Z/batches/correctness/baseline/pilot/batch_006/guides/chr2_100_guide_058/output.paf	107	7e37b9cbf165a9c7568f5f3fab3ace0702b3f7c9e336910584fd4953f82ea01f
raw/chr2_100_guides_correctness_20260812T142104Z/batches/correctness/baseline/pilot/batch_006/guides/chr2_100_guide_058/stderr.txt	0	e3b0c44298fc1c149afbf4c8996fb92427ae41e4649b934ca495991b7852b855
raw/chr2_100_guides_correctness_20260812T142104Z/batches/correctness/baseline/pilot/batch_006/guides/chr2_100_guide_059/command.txt	293	7bde53fae5938d94738179a74f111f36fe734ffa9b62ea38c9d2993924929d14
raw/chr2_100_guides_correctness_20260812T142104Z/batches/correctness/baseline/pilot/batch_006/guides/chr2_100_guide_059/metrics.tsv	296	a1bd4f31c48c4cb38569d6aca5628b53b39335b33f0ca169dc68115cccca1abb
raw/chr2_100_guides_correctness_20260812T142104Z/batches/correctness/baseline/pilot/batch_006/guides/chr2_100_guide_059/output.paf	107	936c9e555da89573d21ba0842dce1ca9fa2b05df2ef89d72a1f692b65c072786
raw/chr2_100_guides_correctness_20260812T142104Z/batches/correctness/baseline/pilot/batch_006/guides/chr2_100_guide_059/stderr.txt	0	e3b0c44298fc1c149afbf4c8996fb92427ae41e4649b934ca495991b7852b855
raw/chr2_100_guides_correctness_20260812T142104Z/batches/correctness/baseline/pilot/batch_006/guides/chr2_100_guide_060/command.txt	293	627da29865e9b5db6484a923bef040ca9b0ac526edf2f5b6fc1819a951a659be
raw/chr2_100_guides_correctness_20260812T142104Z/batches/correctness/baseline/pilot/batch_006/guides/chr2_100_guide_060/metrics.tsv	296	89d47d0116ee2f0610633d6d50c0fde2dc7594b862e35fd34a9a7e61d99f26d8
raw/chr2_100_guides_correctness_20260812T142104Z/batches/correctness/baseline/pilot/batch_006/guides/chr2_100_guide_060/output.paf	327	f493ad3b388323f9eb888d5a14baeba91683bed3a9da2adcc3a934f46dd3863c
raw/chr2_100_guides_correctness_20260812T142104Z/batches/correctness/baseline/pilot/batch_006/guides/chr2_100_guide_060/stderr.txt	0	e3b0c44298fc1c149afbf4c8996fb92427ae41e4649b934ca495991b7852b855
raw/chr2_100_guides_correctness_20260812T142104Z/batches/correctness/baseline/pilot/batch_007/SUCCESS	0	e3b0c44298fc1c149afbf4c8996fb92427ae41e4649b934ca495991b7852b855
raw/chr2_100_guides_correctness_20260812T142104Z/batches/correctness/baseline/pilot/batch_007/environment.tsv	597	21dfbb2338eb367cce647e0aa2807d66ff96e1916e778053841bcc860d912f57
raw/chr2_100_guides_correctness_20260812T142104Z/batches/correctness/baseline/pilot/batch_007/guide_ids.txt	190	0dd11db7f8c026b9cb0e2335d561eee55d3e287255d393c0616e4623554f31d0
raw/chr2_100_guides_correctness_20260812T142104Z/batches/correctness/baseline/pilot/batch_007/guide_order.sha256	297	c41c0bc8a4e85353abafb6703e6ea9ff71dbc1b2cdd59da0c0cfb6c1847b42d0
raw/chr2_100_guides_correctness_20260812T142104Z/batches/correctness/baseline/pilot/batch_007/guide_order.txt	190	201cbe1cf2989a15104795b1c04fc04cb1b1aa0958e7eed5728cba5e14104d3f
raw/chr2_100_guides_correctness_20260812T142104Z/batches/correctness/baseline/pilot/batch_007/guide_results.tsv	2317	1249ff9c43d099fff4939f33ed735b44006ad234ab12cbe6b3a86fa4cf5dba99
raw/chr2_100_guides_correctness_20260812T142104Z/batches/correctness/baseline/pilot/batch_007/guides/chr2_100_guide_061/command.txt	293	3b2e9c05c4aeaff65a2f9de2aa3538e80c64bf0f281029fd4c1195b2f764ad01
raw/chr2_100_guides_correctness_20260812T142104Z/batches/correctness/baseline/pilot/batch_007/guides/chr2_100_guide_061/metrics.tsv	296	25b54a08da8d2702dd82506b08516f0278c19cbfa7278270668b61714f464a0f
raw/chr2_100_guides_correctness_20260812T142104Z/batches/correctness/baseline/pilot/batch_007/guides/chr2_100_guide_061/output.paf	107	08cec366ada6b0833303064841934628d26f112b297b0c2107ecfafdd9974fb5
raw/chr2_100_guides_correctness_20260812T142104Z/batches/correctness/baseline/pilot/batch_007/guides/chr2_100_guide_061/stderr.txt	0	e3b0c44298fc1c149afbf4c8996fb92427ae41e4649b934ca495991b7852b855
raw/chr2_100_guides_correctness_20260812T142104Z/batches/correctness/baseline/pilot/batch_007/guides/chr2_100_guide_062/command.txt	293	915cc7e14b2886c54ab5a0f2302bd0e9b2cde31f4991aafb1220bd4c1ee8c494
raw/chr2_100_guides_correctness_20260812T142104Z/batches/correctness/baseline/pilot/batch_007/guides/chr2_100_guide_062/metrics.tsv	296	492687998d9a9998962fd9aea15f8f75235d21a534627dcd494ac6c355a548f6
raw/chr2_100_guides_correctness_20260812T142104Z/batches/correctness/baseline/pilot/batch_007/guides/chr2_100_guide_062/output.paf	547	3f0f4c950b5b989307cf0069776caa8d8d4a53bd8011c6a8dc80ad4e6f6a535f
raw/chr2_100_guides_correctness_20260812T142104Z/batches/correctness/baseline/pilot/batch_007/guides/chr2_100_guide_062/stderr.txt	0	e3b0c44298fc1c149afbf4c8996fb92427ae41e4649b934ca495991b7852b855
raw/chr2_100_guides_correctness_20260812T142104Z/batches/correctness/baseline/pilot/batch_007/guides/chr2_100_guide_063/command.txt	293	1ae333df140036a051399f3023c3823b87147724da420cd3ac3e91e0689eb8cc
raw/chr2_100_guides_correctness_20260812T142104Z/batches/correctness/baseline/pilot/batch_007/guides/chr2_100_guide_063/metrics.tsv	297	1a9949a7c51bb72aa3abb10c1ed17fc4c3b813ba0e1d265000fc093b19c340e9
raw/chr2_100_guides_correctness_20260812T142104Z/batches/correctness/baseline/pilot/batch_007/guides/chr2_100_guide_063/output.paf	1952	8a73d42743a36bf356ce2397d12e50cf6f262071a2db9123ae897b86805dd401
raw/chr2_100_guides_correctness_20260812T142104Z/batches/correctness/baseline/pilot/batch_007/guides/chr2_100_guide_063/stderr.txt	0	e3b0c44298fc1c149afbf4c8996fb92427ae41e4649b934ca495991b7852b855
raw/chr2_100_guides_correctness_20260812T142104Z/batches/correctness/baseline/pilot/batch_007/guides/chr2_100_guide_064/command.txt	293	afd99e00681f69e936bdab1dc16ff4f12b80685cb022a7e198558ac8868b06c2
raw/chr2_100_guides_correctness_20260812T142104Z/batches/correctness/baseline/pilot/batch_007/guides/chr2_100_guide_064/metrics.tsv	296	8f2881cc67017f43bcd1d6f5e7d8f94209c86e66047af0698fd13d672977c682
raw/chr2_100_guides_correctness_20260812T142104Z/batches/correctness/baseline/pilot/batch_007/guides/chr2_100_guide_064/output.paf	107	8d8176e87a0e17abc3da278c2d15dbefb32f38966c3e9b920ec4fd05af1515f2
raw/chr2_100_guides_correctness_20260812T142104Z/batches/correctness/baseline/pilot/batch_007/guides/chr2_100_guide_064/stderr.txt	0	e3b0c44298fc1c149afbf4c8996fb92427ae41e4649b934ca495991b7852b855
raw/chr2_100_guides_correctness_20260812T142104Z/batches/correctness/baseline/pilot/batch_007/guides/chr2_100_guide_065/command.txt	293	da49f4f694f0bb4a0916a108d4be0f9dcba6a4d3bd4a63ece3f4a93d744d0065
raw/chr2_100_guides_correctness_20260812T142104Z/batches/correctness/baseline/pilot/batch_007/guides/chr2_100_guide_065/metrics.tsv	296	911d005310cb6c77c9c4f1120da38a3ba1e0771920a804f13735e0ab79994011
raw/chr2_100_guides_correctness_20260812T142104Z/batches/correctness/baseline/pilot/batch_007/guides/chr2_100_guide_065/output.paf	325	712d50757edcc3000cfdb5daa9d0ec320bb9d180b6e7b3cb28066eebbe52a48a
raw/chr2_100_guides_correctness_20260812T142104Z/batches/correctness/baseline/pilot/batch_007/guides/chr2_100_guide_065/stderr.txt	0	e3b0c44298fc1c149afbf4c8996fb92427ae41e4649b934ca495991b7852b855
raw/chr2_100_guides_correctness_20260812T142104Z/batches/correctness/baseline/pilot/batch_007/guides/chr2_100_guide_066/command.txt	293	fd9daba7dd5f3b59a1269f0199a0a6dab88ba7d877032367352d37d424ad9f7d
raw/chr2_100_guides_correctness_20260812T142104Z/batches/correctness/baseline/pilot/batch_007/guides/chr2_100_guide_066/metrics.tsv	296	e96dca75388e7fdaa64f466380a0b1ade9f9a2b56c835ffe40183d758840fd21
raw/chr2_100_guides_correctness_20260812T142104Z/batches/correctness/baseline/pilot/batch_007/guides/chr2_100_guide_066/output.paf	107	d4828479545e963e81cc8217ea587128ced9df383e59ab56a5b8e656e1c25c41
raw/chr2_100_guides_correctness_20260812T142104Z/batches/correctness/baseline/pilot/batch_007/guides/chr2_100_guide_066/stderr.txt	0	e3b0c44298fc1c149afbf4c8996fb92427ae41e4649b934ca495991b7852b855
raw/chr2_100_guides_correctness_20260812T142104Z/batches/correctness/baseline/pilot/batch_007/guides/chr2_100_guide_067/command.txt	293	acdbc5b8786dc9516c1f3b0d08edcf57d76784997f3cb33429dd3bafc3fe89a8
raw/chr2_100_guides_correctness_20260812T142104Z/batches/correctness/baseline/pilot/batch_007/guides/chr2_100_guide_067/metrics.tsv	296	72e1872e42be8c95a195e7ba62f11c58ebe46917c179718fad29fbb7fdeb2c91
raw/chr2_100_guides_correctness_20260812T142104Z/batches/correctness/baseline/pilot/batch_007/guides/chr2_100_guide_067/output.paf	218	3b3987cbd60c4415a4a08cc8065c43b5bfa49b1e94d2c3b1aafe407b5ef13490
raw/chr2_100_guides_correctness_20260812T142104Z/batches/correctness/baseline/pilot/batch_007/guides/chr2_100_guide_067/stderr.txt	0	e3b0c44298fc1c149afbf4c8996fb92427ae41e4649b934ca495991b7852b855
raw/chr2_100_guides_correctness_20260812T142104Z/batches/correctness/baseline/pilot/batch_007/guides/chr2_100_guide_068/command.txt	293	5491527375ff1cf61a8f3cd63ab2c6160b1a59d1cfa4cd1bb3ffc3a4afa329ea
raw/chr2_100_guides_correctness_20260812T142104Z/batches/correctness/baseline/pilot/batch_007/guides/chr2_100_guide_068/metrics.tsv	296	487517a36f35da156bd0eca26b3f6a99cc8079019cea1b1c1fd87c324e8b8706
raw/chr2_100_guides_correctness_20260812T142104Z/batches/correctness/baseline/pilot/batch_007/guides/chr2_100_guide_068/output.paf	107	cf45548ae2491e17575b646de2a4f25a53f955b31c308ac5656cf5caceb420fa
raw/chr2_100_guides_correctness_20260812T142104Z/batches/correctness/baseline/pilot/batch_007/guides/chr2_100_guide_068/stderr.txt	0	e3b0c44298fc1c149afbf4c8996fb92427ae41e4649b934ca495991b7852b855
raw/chr2_100_guides_correctness_20260812T142104Z/batches/correctness/baseline/pilot/batch_007/guides/chr2_100_guide_069/command.txt	293	b55afe99083f4465cdeb59101004b6cdbc429e3888521f48879ba50f19677e93
raw/chr2_100_guides_correctness_20260812T142104Z/batches/correctness/baseline/pilot/batch_007/guides/chr2_100_guide_069/metrics.tsv	296	9c9ed0e82f7eb05d06b01f0196f73867227c2466629842bfff3205895e1fb44f
raw/chr2_100_guides_correctness_20260812T142104Z/batches/correctness/baseline/pilot/batch_007/guides/chr2_100_guide_069/output.paf	107	2aceda26441b8d2230c3cddf2578bec3a0110748c19ffe14fe682f38c418bd5d
raw/chr2_100_guides_correctness_20260812T142104Z/batches/correctness/baseline/pilot/batch_007/guides/chr2_100_guide_069/stderr.txt	0	e3b0c44298fc1c149afbf4c8996fb92427ae41e4649b934ca495991b7852b855
raw/chr2_100_guides_correctness_20260812T142104Z/batches/correctness/baseline/pilot/batch_007/guides/chr2_100_guide_070/command.txt	293	db70070d0b7a940860727ff88a289c32854a983a902fd2190405ab95bbc0e454
raw/chr2_100_guides_correctness_20260812T142104Z/batches/correctness/baseline/pilot/batch_007/guides/chr2_100_guide_070/metrics.tsv	296	8652e0c0e119d6a3236acb897b4d9498b82ff28846aedc3f748ac8cff9943477
raw/chr2_100_guides_correctness_20260812T142104Z/batches/correctness/baseline/pilot/batch_007/guides/chr2_100_guide_070/output.paf	107	4a6150b44f776e1d1413f60c0d0ad7df8353f1ae1d7aa3c08eb7b75be4b4e5de
raw/chr2_100_guides_correctness_20260812T142104Z/batches/correctness/baseline/pilot/batch_007/guides/chr2_100_guide_070/stderr.txt	0	e3b0c44298fc1c149afbf4c8996fb92427ae41e4649b934ca495991b7852b855
raw/chr2_100_guides_correctness_20260812T142104Z/batches/correctness/baseline/pilot/batch_008/SUCCESS	0	e3b0c44298fc1c149afbf4c8996fb92427ae41e4649b934ca495991b7852b855
raw/chr2_100_guides_correctness_20260812T142104Z/batches/correctness/baseline/pilot/batch_008/environment.tsv	597	2beb5bc4306b0c9bb3a4382230b7a2fe7e3f320c26685b60ed40c41caedd7981
raw/chr2_100_guides_correctness_20260812T142104Z/batches/correctness/baseline/pilot/batch_008/guide_ids.txt	190	a133534ef4df18c384cdb6732d683199dade2d6d695216f8450c12880ca1b965
raw/chr2_100_guides_correctness_20260812T142104Z/batches/correctness/baseline/pilot/batch_008/guide_order.sha256	297	925e4d4d92670f1d4fe950653fa519b376b83565c4d5f9c62a7fa848a7f9c040
raw/chr2_100_guides_correctness_20260812T142104Z/batches/correctness/baseline/pilot/batch_008/guide_order.txt	190	085fc4eb42fc5cf5eba0b0ba95b2ddd53dc039d11662014c99b8878253167608
raw/chr2_100_guides_correctness_20260812T142104Z/batches/correctness/baseline/pilot/batch_008/guide_results.tsv	2316	37fad8ae04d409ffcaaf2fb4f66a11b56167ed3da39fd3589553973b45ddb3f8
raw/chr2_100_guides_correctness_20260812T142104Z/batches/correctness/baseline/pilot/batch_008/guides/chr2_100_guide_071/command.txt	293	ab6065483ea85fb062ce3973f4e2a726dff95233c9169d98fb1b5b7addf5e4bb
raw/chr2_100_guides_correctness_20260812T142104Z/batches/correctness/baseline/pilot/batch_008/guides/chr2_100_guide_071/metrics.tsv	296	1c1a7e6b435fd8ed35262dbdffe3070fe8a344ce7617deca376f8983a2b37c45
raw/chr2_100_guides_correctness_20260812T142104Z/batches/correctness/baseline/pilot/batch_008/guides/chr2_100_guide_071/output.paf	327	369c164c6e2a6e43f9477888495222aca5a287c4706c50228152af9a3c9c9b1e
raw/chr2_100_guides_correctness_20260812T142104Z/batches/correctness/baseline/pilot/batch_008/guides/chr2_100_guide_071/stderr.txt	0	e3b0c44298fc1c149afbf4c8996fb92427ae41e4649b934ca495991b7852b855
raw/chr2_100_guides_correctness_20260812T142104Z/batches/correctness/baseline/pilot/batch_008/guides/chr2_100_guide_072/command.txt	293	4b73ec1a85e8b89bf51e519fed85e2c4d5580f7a2acd9eff5c92d0bc08eef934
raw/chr2_100_guides_correctness_20260812T142104Z/batches/correctness/baseline/pilot/batch_008/guides/chr2_100_guide_072/metrics.tsv	296	4247dc872a583f74c745dc02fb3d9e3ca9b73c84496498bf905c0087e9890a28
raw/chr2_100_guides_correctness_20260812T142104Z/batches/correctness/baseline/pilot/batch_008/guides/chr2_100_guide_072/output.paf	107	5d1eaf11968d604209b54a81f8a3d6d1615221dbc7faf6cded5b7cea63acebf2
raw/chr2_100_guides_correctness_20260812T142104Z/batches/correctness/baseline/pilot/batch_008/guides/chr2_100_guide_072/stderr.txt	0	e3b0c44298fc1c149afbf4c8996fb92427ae41e4649b934ca495991b7852b855
raw/chr2_100_guides_correctness_20260812T142104Z/batches/correctness/baseline/pilot/batch_008/guides/chr2_100_guide_073/command.txt	293	23be8e2dd5321ea16ee0447257e2a1fc900889f12e2ea8370e55eb2adfb29025
raw/chr2_100_guides_correctness_20260812T142104Z/batches/correctness/baseline/pilot/batch_008/guides/chr2_100_guide_073/metrics.tsv	296	bc2365fde0061ba40a5411b5041a7df1d76b8d2804a0d7450f7ff03595274f9c
raw/chr2_100_guides_correctness_20260812T142104Z/batches/correctness/baseline/pilot/batch_008/guides/chr2_100_guide_073/output.paf	216	06e22ac54512f8a4d5cf660c7fe201354c88d8ed0ca60b8d92442b4aff37632d
raw/chr2_100_guides_correctness_20260812T142104Z/batches/correctness/baseline/pilot/batch_008/guides/chr2_100_guide_073/stderr.txt	0	e3b0c44298fc1c149afbf4c8996fb92427ae41e4649b934ca495991b7852b855
raw/chr2_100_guides_correctness_20260812T142104Z/batches/correctness/baseline/pilot/batch_008/guides/chr2_100_guide_074/command.txt	293	e6150e8471f54575ac380cfe6dd412232bd5f16201366d71815203f677180a60
raw/chr2_100_guides_correctness_20260812T142104Z/batches/correctness/baseline/pilot/batch_008/guides/chr2_100_guide_074/metrics.tsv	296	a8fb40889abb0a2c464cce2b5591176cea38d9cf16a91b7430ec49f4ea4d4fd5
raw/chr2_100_guides_correctness_20260812T142104Z/batches/correctness/baseline/pilot/batch_008/guides/chr2_100_guide_074/output.paf	107	e64dd0f00e7e244104d25c0f65407d49f132fea8df442101c296994519f432ae
raw/chr2_100_guides_correctness_20260812T142104Z/batches/correctness/baseline/pilot/batch_008/guides/chr2_100_guide_074/stderr.txt	0	e3b0c44298fc1c149afbf4c8996fb92427ae41e4649b934ca495991b7852b855
raw/chr2_100_guides_correctness_20260812T142104Z/batches/correctness/baseline/pilot/batch_008/guides/chr2_100_guide_075/command.txt	293	adaf9912e088a53e617943c49b63554a42777cb7e3fb0139ea5f00ab3bb29373
raw/chr2_100_guides_correctness_20260812T142104Z/batches/correctness/baseline/pilot/batch_008/guides/chr2_100_guide_075/metrics.tsv	296	ad5d92de5b101af5b057dc539871a1120a91a1096b5a42d34bf9ae707ab64f46
raw/chr2_100_guides_correctness_20260812T142104Z/batches/correctness/baseline/pilot/batch_008/guides/chr2_100_guide_075/output.paf	216	56e5dc1886ff9f962c8b17a8ba2c9753a028f52755538d46f7d538b7a186314d
raw/chr2_100_guides_correctness_20260812T142104Z/batches/correctness/baseline/pilot/batch_008/guides/chr2_100_guide_075/stderr.txt	0	e3b0c44298fc1c149afbf4c8996fb92427ae41e4649b934ca495991b7852b855
raw/chr2_100_guides_correctness_20260812T142104Z/batches/correctness/baseline/pilot/batch_008/guides/chr2_100_guide_076/command.txt	293	a6481d8f70270f58f72b726a565f49416660ee04b79ea93d76b933c050da2bf2
raw/chr2_100_guides_correctness_20260812T142104Z/batches/correctness/baseline/pilot/batch_008/guides/chr2_100_guide_076/metrics.tsv	296	76ab15803cb3fb0cc7dfa2266d49c4bc16b04495801c4bd817b00d697509f197
raw/chr2_100_guides_correctness_20260812T142104Z/batches/correctness/baseline/pilot/batch_008/guides/chr2_100_guide_076/output.paf	212	d11666c8b060091a197139d0e907441189ab502f50ab0a8d6dd586b7cbe4910e
raw/chr2_100_guides_correctness_20260812T142104Z/batches/correctness/baseline/pilot/batch_008/guides/chr2_100_guide_076/stderr.txt	0	e3b0c44298fc1c149afbf4c8996fb92427ae41e4649b934ca495991b7852b855
raw/chr2_100_guides_correctness_20260812T142104Z/batches/correctness/baseline/pilot/batch_008/guides/chr2_100_guide_077/command.txt	293	ff9845edc7a2ec403ab81a7b2227ad724fdfc993ba00ad922db4754e47f3bfbc
raw/chr2_100_guides_correctness_20260812T142104Z/batches/correctness/baseline/pilot/batch_008/guides/chr2_100_guide_077/metrics.tsv	296	68ec435f9d85c9858a4652f350123a8c29add3d6df15a1928f6ab62a238c3f50
raw/chr2_100_guides_correctness_20260812T142104Z/batches/correctness/baseline/pilot/batch_008/guides/chr2_100_guide_077/output.paf	329	756671c7736bea7adfde565ca3c36b295c073af34bdb1286daef92ae7b59a8a5
raw/chr2_100_guides_correctness_20260812T142104Z/batches/correctness/baseline/pilot/batch_008/guides/chr2_100_guide_077/stderr.txt	0	e3b0c44298fc1c149afbf4c8996fb92427ae41e4649b934ca495991b7852b855
raw/chr2_100_guides_correctness_20260812T142104Z/batches/correctness/baseline/pilot/batch_008/guides/chr2_100_guide_078/command.txt	293	762e9eec5d43dbc0302d9122d9cf8266f6b547565e92d6dcedc8c7334f493d29
raw/chr2_100_guides_correctness_20260812T142104Z/batches/correctness/baseline/pilot/batch_008/guides/chr2_100_guide_078/metrics.tsv	296	6a2d7de1eb1987282bef0159852fc7cbae291091bfafc1ebde882893a06e69b4
raw/chr2_100_guides_correctness_20260812T142104Z/batches/correctness/baseline/pilot/batch_008/guides/chr2_100_guide_078/output.paf	107	3160d7c64925f7dc5efc06b015f0479f3236e630afb3c95a1b679ce18ef52a9d
raw/chr2_100_guides_correctness_20260812T142104Z/batches/correctness/baseline/pilot/batch_008/guides/chr2_100_guide_078/stderr.txt	0	e3b0c44298fc1c149afbf4c8996fb92427ae41e4649b934ca495991b7852b855
raw/chr2_100_guides_correctness_20260812T142104Z/batches/correctness/baseline/pilot/batch_008/guides/chr2_100_guide_079/command.txt	293	a33426064a3b52342d19af17cc1e4965e7249a0c0c48d15618b6d24b2fbd06aa
raw/chr2_100_guides_correctness_20260812T142104Z/batches/correctness/baseline/pilot/batch_008/guides/chr2_100_guide_079/metrics.tsv	296	a0ac7d5121238dbf4e78dd3371428fac41055a96dbbbbe4f8deb984f043bbc70
raw/chr2_100_guides_correctness_20260812T142104Z/batches/correctness/baseline/pilot/batch_008/guides/chr2_100_guide_079/output.paf	109	68ab8e3e2b84810d0357c6676a24db8a8099a771534bf86e9646e9f74a128bcc
raw/chr2_100_guides_correctness_20260812T142104Z/batches/correctness/baseline/pilot/batch_008/guides/chr2_100_guide_079/stderr.txt	0	e3b0c44298fc1c149afbf4c8996fb92427ae41e4649b934ca495991b7852b855
raw/chr2_100_guides_correctness_20260812T142104Z/batches/correctness/baseline/pilot/batch_008/guides/chr2_100_guide_080/command.txt	293	857fc1cbab492c6bf22e5010ccf7b9be3654370cc85e6934ee456dee8268f738
raw/chr2_100_guides_correctness_20260812T142104Z/batches/correctness/baseline/pilot/batch_008/guides/chr2_100_guide_080/metrics.tsv	296	bdc5cbb819e9696605c86ff7f245113d9733bd81d8ad73c6c6edcb99a7a416b2
raw/chr2_100_guides_correctness_20260812T142104Z/batches/correctness/baseline/pilot/batch_008/guides/chr2_100_guide_080/output.paf	440	5b8a815d7f49deb1c9e12468712604267c82521277502df53cdf0d9db2393cfd
raw/chr2_100_guides_correctness_20260812T142104Z/batches/correctness/baseline/pilot/batch_008/guides/chr2_100_guide_080/stderr.txt	0	e3b0c44298fc1c149afbf4c8996fb92427ae41e4649b934ca495991b7852b855
raw/chr2_100_guides_correctness_20260812T142104Z/batches/correctness/baseline/pilot/batch_009/SUCCESS	0	e3b0c44298fc1c149afbf4c8996fb92427ae41e4649b934ca495991b7852b855
raw/chr2_100_guides_correctness_20260812T142104Z/batches/correctness/baseline/pilot/batch_009/environment.tsv	597	0aaefd7fc500330225457ad134d0612d9688e9ee750a0bdc199bc719d54ef0d9
raw/chr2_100_guides_correctness_20260812T142104Z/batches/correctness/baseline/pilot/batch_009/guide_ids.txt	190	06a7ec21a5c8b90565e9e26fcaf91ad7ce0b84536772a68fe35e57a025ca2454
raw/chr2_100_guides_correctness_20260812T142104Z/batches/correctness/baseline/pilot/batch_009/guide_order.sha256	297	fd4aa06c517e9147d6d55ca236b0ce37cbf15b697373e22821feedd8983760e7
raw/chr2_100_guides_correctness_20260812T142104Z/batches/correctness/baseline/pilot/batch_009/guide_order.txt	190	cb6a64df78d72865988c6ccc31e643503f06ddefa661c2c2df6c815ce67bf8f8
raw/chr2_100_guides_correctness_20260812T142104Z/batches/correctness/baseline/pilot/batch_009/guide_results.tsv	2316	ec28ffe647d5f238a280a3a252f39929141a136e7cbbc7d209c235cb4177d83a
raw/chr2_100_guides_correctness_20260812T142104Z/batches/correctness/baseline/pilot/batch_009/guides/chr2_100_guide_081/command.txt	293	83c8fd95a88709b6aaae40a9fa7a0d799c9c7d63be0b204a6a3229da9edcd28e
raw/chr2_100_guides_correctness_20260812T142104Z/batches/correctness/baseline/pilot/batch_009/guides/chr2_100_guide_081/metrics.tsv	296	0c3fc9a767f100357c78902befec5ff93f37dc1d406378f1e3fde41b53793935
raw/chr2_100_guides_correctness_20260812T142104Z/batches/correctness/baseline/pilot/batch_009/guides/chr2_100_guide_081/output.paf	107	6f196543b58c819e4db9f38f00ca07aeb33875379bc1434fc3aed02added60ec
raw/chr2_100_guides_correctness_20260812T142104Z/batches/correctness/baseline/pilot/batch_009/guides/chr2_100_guide_081/stderr.txt	0	e3b0c44298fc1c149afbf4c8996fb92427ae41e4649b934ca495991b7852b855
raw/chr2_100_guides_correctness_20260812T142104Z/batches/correctness/baseline/pilot/batch_009/guides/chr2_100_guide_082/command.txt	293	8358955e95a37145b2a9b70e6b751bebdf7079bc22c084409eefb55c653ebc59
raw/chr2_100_guides_correctness_20260812T142104Z/batches/correctness/baseline/pilot/batch_009/guides/chr2_100_guide_082/metrics.tsv	296	9cb3ab303922ffb594828441f1c0fd4cea81677b63cf1ab49afcb9c439a94518
raw/chr2_100_guides_correctness_20260812T142104Z/batches/correctness/baseline/pilot/batch_009/guides/chr2_100_guide_082/output.paf	107	c8b417da2dccf7e8b66503d1b569ba8f51160132e1bc6cfa0913422d090197d8
raw/chr2_100_guides_correctness_20260812T142104Z/batches/correctness/baseline/pilot/batch_009/guides/chr2_100_guide_082/stderr.txt	0	e3b0c44298fc1c149afbf4c8996fb92427ae41e4649b934ca495991b7852b855
raw/chr2_100_guides_correctness_20260812T142104Z/batches/correctness/baseline/pilot/batch_009/guides/chr2_100_guide_083/command.txt	293	da48feea5c4fb8cd457a349b08002dfb99df00433020972a27924dfd1080f0d8
raw/chr2_100_guides_correctness_20260812T142104Z/batches/correctness/baseline/pilot/batch_009/guides/chr2_100_guide_083/metrics.tsv	296	5000f46ebc0e3160f2ba2024ef911225790bb7524df6938b56c1df2ec41fcc9d
raw/chr2_100_guides_correctness_20260812T142104Z/batches/correctness/baseline/pilot/batch_009/guides/chr2_100_guide_083/output.paf	656	30c3fabacfec62ffccdbd7cd6900f12ae571357bb842c6b729206daf0ffa6d56
raw/chr2_100_guides_correctness_20260812T142104Z/batches/correctness/baseline/pilot/batch_009/guides/chr2_100_guide_083/stderr.txt	0	e3b0c44298fc1c149afbf4c8996fb92427ae41e4649b934ca495991b7852b855
raw/chr2_100_guides_correctness_20260812T142104Z/batches/correctness/baseline/pilot/batch_009/guides/chr2_100_guide_084/command.txt	293	909a5ff846ea7ca3235d429d6f88ce5d8b149374e78386f443cb1fff6e6684de
raw/chr2_100_guides_correctness_20260812T142104Z/batches/correctness/baseline/pilot/batch_009/guides/chr2_100_guide_084/metrics.tsv	296	f365bdb99ab8caf281fbe6ee94844c6f0bd4aef1eacd2d79dd18605020c64ab9
raw/chr2_100_guides_correctness_20260812T142104Z/batches/correctness/baseline/pilot/batch_009/guides/chr2_100_guide_084/output.paf	107	1f39a5e441ea77599b4a51c7fa6a268643714a2285d51575637f0ec05b8ccd08
raw/chr2_100_guides_correctness_20260812T142104Z/batches/correctness/baseline/pilot/batch_009/guides/chr2_100_guide_084/stderr.txt	0	e3b0c44298fc1c149afbf4c8996fb92427ae41e4649b934ca495991b7852b855
raw/chr2_100_guides_correctness_20260812T142104Z/batches/correctness/baseline/pilot/batch_009/guides/chr2_100_guide_085/command.txt	293	b44977fd968ebfba4bae94764b7fab00663399bd0a029bfb1aac4bf39ac925d8
raw/chr2_100_guides_correctness_20260812T142104Z/batches/correctness/baseline/pilot/batch_009/guides/chr2_100_guide_085/metrics.tsv	296	f6ec8366cbabdd4db8250bdfffb9ba8fd3ce05d4566b31a5e50a02aa60517989
raw/chr2_100_guides_correctness_20260812T142104Z/batches/correctness/baseline/pilot/batch_009/guides/chr2_100_guide_085/output.paf	107	b91101ff3644122e80926dacc0e8082463da07408f94e8a323cad88edc5aa0a3
raw/chr2_100_guides_correctness_20260812T142104Z/batches/correctness/baseline/pilot/batch_009/guides/chr2_100_guide_085/stderr.txt	0	e3b0c44298fc1c149afbf4c8996fb92427ae41e4649b934ca495991b7852b855
raw/chr2_100_guides_correctness_20260812T142104Z/batches/correctness/baseline/pilot/batch_009/guides/chr2_100_guide_086/command.txt	293	f4781f835e7802afec15b9debdfaaea0bd1d3d62eb65e6a8e0f80ff578e78649
raw/chr2_100_guides_correctness_20260812T142104Z/batches/correctness/baseline/pilot/batch_009/guides/chr2_100_guide_086/metrics.tsv	296	e3d342571f7e9bbca0a33f33b3664fd67000ea21876ac042f178d5ab908d62fc
raw/chr2_100_guides_correctness_20260812T142104Z/batches/correctness/baseline/pilot/batch_009/guides/chr2_100_guide_086/output.paf	107	3a4f9b7fb7360a0f9081d4d3a44c0438dbeb5334b61fdd768b92eac57751d3e3
raw/chr2_100_guides_correctness_20260812T142104Z/batches/correctness/baseline/pilot/batch_009/guides/chr2_100_guide_086/stderr.txt	0	e3b0c44298fc1c149afbf4c8996fb92427ae41e4649b934ca495991b7852b855
raw/chr2_100_guides_correctness_20260812T142104Z/batches/correctness/baseline/pilot/batch_009/guides/chr2_100_guide_087/command.txt	293	682339bad4a270d5c9e83747cb6379bba546f8e1ccb4b99d8708b16aa436f9a3
raw/chr2_100_guides_correctness_20260812T142104Z/batches/correctness/baseline/pilot/batch_009/guides/chr2_100_guide_087/metrics.tsv	296	5f1f391afc3938a47a1f1e9859ebcb6a38854178983e68dc17af091e9b57ead6
raw/chr2_100_guides_correctness_20260812T142104Z/batches/correctness/baseline/pilot/batch_009/guides/chr2_100_guide_087/output.paf	107	33173f79b391313b857acbf051a6f433f12d6fda1ddd040370abacc3c90d867a
raw/chr2_100_guides_correctness_20260812T142104Z/batches/correctness/baseline/pilot/batch_009/guides/chr2_100_guide_087/stderr.txt	0	e3b0c44298fc1c149afbf4c8996fb92427ae41e4649b934ca495991b7852b855
raw/chr2_100_guides_correctness_20260812T142104Z/batches/correctness/baseline/pilot/batch_009/guides/chr2_100_guide_088/command.txt	293	562295bc3847155a7001b4806f6e23746d91aee17d893f9cc5c18ea7f660e1eb
raw/chr2_100_guides_correctness_20260812T142104Z/batches/correctness/baseline/pilot/batch_009/guides/chr2_100_guide_088/metrics.tsv	296	5354d2aa64523f74c0b6c4ee8c8e22c6b93cce3c0edad34fbab9148c11a63fbf
raw/chr2_100_guides_correctness_20260812T142104Z/batches/correctness/baseline/pilot/batch_009/guides/chr2_100_guide_088/output.paf	107	8404e6c9611090b86700ab5b6f407c30396d1bf634c59ddc70e0b91bcf8deed2
raw/chr2_100_guides_correctness_20260812T142104Z/batches/correctness/baseline/pilot/batch_009/guides/chr2_100_guide_088/stderr.txt	0	e3b0c44298fc1c149afbf4c8996fb92427ae41e4649b934ca495991b7852b855
raw/chr2_100_guides_correctness_20260812T142104Z/batches/correctness/baseline/pilot/batch_009/guides/chr2_100_guide_089/command.txt	293	0a8060aa20cac61e385eae5d1d470ed9a92b031ca33b356c1840160e1bc7e9d2
raw/chr2_100_guides_correctness_20260812T142104Z/batches/correctness/baseline/pilot/batch_009/guides/chr2_100_guide_089/metrics.tsv	296	32be546926a658d5d744f9aa1d2f3bcfbc4ea21fde6405617bbe8f7eca8aa2e2
raw/chr2_100_guides_correctness_20260812T142104Z/batches/correctness/baseline/pilot/batch_009/guides/chr2_100_guide_089/output.paf	107	89e2e5e6d5342dc2a3500948d323fe2bd41e1639ddb9b19004a689e4ae4aab68
raw/chr2_100_guides_correctness_20260812T142104Z/batches/correctness/baseline/pilot/batch_009/guides/chr2_100_guide_089/stderr.txt	0	e3b0c44298fc1c149afbf4c8996fb92427ae41e4649b934ca495991b7852b855
raw/chr2_100_guides_correctness_20260812T142104Z/batches/correctness/baseline/pilot/batch_009/guides/chr2_100_guide_090/command.txt	293	aa818b57ecbabe2d9d9d8878feb608fb6eff04c26b0cb1feb4a2dd0198ed66ff
raw/chr2_100_guides_correctness_20260812T142104Z/batches/correctness/baseline/pilot/batch_009/guides/chr2_100_guide_090/metrics.tsv	296	0b56d71e7501536749495956760a2d35ceae200155ed25ed7b5568ce09cacdc3
raw/chr2_100_guides_correctness_20260812T142104Z/batches/correctness/baseline/pilot/batch_009/guides/chr2_100_guide_090/output.paf	107	2448e1d3e5704d4689594f612226e267dce72f9378c6be13510fed2d329bdf13
raw/chr2_100_guides_correctness_20260812T142104Z/batches/correctness/baseline/pilot/batch_009/guides/chr2_100_guide_090/stderr.txt	0	e3b0c44298fc1c149afbf4c8996fb92427ae41e4649b934ca495991b7852b855
raw/chr2_100_guides_correctness_20260812T142104Z/batches/correctness/baseline/pilot/batch_010/SUCCESS	0	e3b0c44298fc1c149afbf4c8996fb92427ae41e4649b934ca495991b7852b855
raw/chr2_100_guides_correctness_20260812T142104Z/batches/correctness/baseline/pilot/batch_010/environment.tsv	598	8527fb87405b287048a1c28664281b3f542a9e16dc1dcd9dba443975706f8b03
raw/chr2_100_guides_correctness_20260812T142104Z/batches/correctness/baseline/pilot/batch_010/guide_ids.txt	190	f94ab31b6f5c9fefd87e903303f4c4f2452412681dcce8b2043638add47008fc
raw/chr2_100_guides_correctness_20260812T142104Z/batches/correctness/baseline/pilot/batch_010/guide_order.sha256	297	241feb4b1c471c44bd44ee0809473ce06c961fa3f78b1c27ad18dd14cfe9ed0d
raw/chr2_100_guides_correctness_20260812T142104Z/batches/correctness/baseline/pilot/batch_010/guide_order.txt	190	c32a07b8f2969a427b8b474c0d8ffa083847e209bb849fb7b5a2a32d8dd86069
raw/chr2_100_guides_correctness_20260812T142104Z/batches/correctness/baseline/pilot/batch_010/guide_results.tsv	2316	9a7b6e5d70e2367accda2b9e65de6508f838fdcac52440a8681f9ef80162bc76
raw/chr2_100_guides_correctness_20260812T142104Z/batches/correctness/baseline/pilot/batch_010/guides/chr2_100_guide_091/command.txt	293	f5d3c49a62a0dd2666e8ec5eccc188f74d91802b0076d0ec7036990558226a79
raw/chr2_100_guides_correctness_20260812T142104Z/batches/correctness/baseline/pilot/batch_010/guides/chr2_100_guide_091/metrics.tsv	296	c25d9f660c1311870ecbac39b4b255109dd56f66fda315ef160fb919481df187
raw/chr2_100_guides_correctness_20260812T142104Z/batches/correctness/baseline/pilot/batch_010/guides/chr2_100_guide_091/output.paf	107	e26b94324ae8ad1a316b22613f9e800c93ba9e554a1f3780b6029528ea9c0aaf
raw/chr2_100_guides_correctness_20260812T142104Z/batches/correctness/baseline/pilot/batch_010/guides/chr2_100_guide_091/stderr.txt	0	e3b0c44298fc1c149afbf4c8996fb92427ae41e4649b934ca495991b7852b855
raw/chr2_100_guides_correctness_20260812T142104Z/batches/correctness/baseline/pilot/batch_010/guides/chr2_100_guide_092/command.txt	293	a070127a665d3d19ab23360fc93a34b3f85b7e540c81a24eae98ec1c4aa43562
raw/chr2_100_guides_correctness_20260812T142104Z/batches/correctness/baseline/pilot/batch_010/guides/chr2_100_guide_092/metrics.tsv	296	a981970442200a2adbfb5ec873fbae4c0f194f44746194ac2947137f782c94f3
raw/chr2_100_guides_correctness_20260812T142104Z/batches/correctness/baseline/pilot/batch_010/guides/chr2_100_guide_092/output.paf	329	49d3c451fda2d0acce021e6a7ead85e88d7e72d860556a16ae4de8c991b3ee6b
raw/chr2_100_guides_correctness_20260812T142104Z/batches/correctness/baseline/pilot/batch_010/guides/chr2_100_guide_092/stderr.txt	0	e3b0c44298fc1c149afbf4c8996fb92427ae41e4649b934ca495991b7852b855
raw/chr2_100_guides_correctness_20260812T142104Z/batches/correctness/baseline/pilot/batch_010/guides/chr2_100_guide_093/command.txt	293	b918a03c043c29ec99951e10ec8f8765ce05bea46398fdac90d55681ea59f9e6
raw/chr2_100_guides_correctness_20260812T142104Z/batches/correctness/baseline/pilot/batch_010/guides/chr2_100_guide_093/metrics.tsv	296	1b3f8639393aea610da0c974565db3bbe3d3d97f52ee5b62e53eb17acceb4543
raw/chr2_100_guides_correctness_20260812T142104Z/batches/correctness/baseline/pilot/batch_010/guides/chr2_100_guide_093/output.paf	107	f6eff8c392955d9c76023676f1133024f174c5a7fefa09c1f4f150e0fa4a3a37
raw/chr2_100_guides_correctness_20260812T142104Z/batches/correctness/baseline/pilot/batch_010/guides/chr2_100_guide_093/stderr.txt	0	e3b0c44298fc1c149afbf4c8996fb92427ae41e4649b934ca495991b7852b855
raw/chr2_100_guides_correctness_20260812T142104Z/batches/correctness/baseline/pilot/batch_010/guides/chr2_100_guide_094/command.txt	293	820c534bf671e7dad2489d38550860fcfb3a8dfd27fc0a416d51f4fad531d320
raw/chr2_100_guides_correctness_20260812T142104Z/batches/correctness/baseline/pilot/batch_010/guides/chr2_100_guide_094/metrics.tsv	296	46fada70e3be0c00eec069da23f25b8b1fb866310fb7a1226eaa3ed2ba7c5ea9
raw/chr2_100_guides_correctness_20260812T142104Z/batches/correctness/baseline/pilot/batch_010/guides/chr2_100_guide_094/output.paf	107	cc76711b4c3870fec74e88bccf065a49af2b4a2857a1e5d1b110a570ad0367d3
raw/chr2_100_guides_correctness_20260812T142104Z/batches/correctness/baseline/pilot/batch_010/guides/chr2_100_guide_094/stderr.txt	0	e3b0c44298fc1c149afbf4c8996fb92427ae41e4649b934ca495991b7852b855
raw/chr2_100_guides_correctness_20260812T142104Z/batches/correctness/baseline/pilot/batch_010/guides/chr2_100_guide_095/command.txt	293	faa8f54d1360d03898f2f13ef004849a58dfb90afc5ef46429494f252c7d470e
raw/chr2_100_guides_correctness_20260812T142104Z/batches/correctness/baseline/pilot/batch_010/guides/chr2_100_guide_095/metrics.tsv	296	42339a2bf4603c03431acac2262838a0ad74ed5b450c97b5cf7e59b533565d6f
raw/chr2_100_guides_correctness_20260812T142104Z/batches/correctness/baseline/pilot/batch_010/guides/chr2_100_guide_095/output.paf	107	ba6821819cf73e4d0cb476976180d5ebaeabd9bf62585947a0e70673da298231
raw/chr2_100_guides_correctness_20260812T142104Z/batches/correctness/baseline/pilot/batch_010/guides/chr2_100_guide_095/stderr.txt	0	e3b0c44298fc1c149afbf4c8996fb92427ae41e4649b934ca495991b7852b855
raw/chr2_100_guides_correctness_20260812T142104Z/batches/correctness/baseline/pilot/batch_010/guides/chr2_100_guide_096/command.txt	293	642296b90bb4ab202865d05870aa1facd7699b65a07e1d5577a2ea03246d7e20
raw/chr2_100_guides_correctness_20260812T142104Z/batches/correctness/baseline/pilot/batch_010/guides/chr2_100_guide_096/metrics.tsv	296	e0465fe2f147ff4da4e4fc888be2add6a25cc3ac5ee6d31853c81b6896838aee
raw/chr2_100_guides_correctness_20260812T142104Z/batches/correctness/baseline/pilot/batch_010/guides/chr2_100_guide_096/output.paf	107	e52b650b23680c96b04fce4997c4af753f07415cbe884dd0d2fa7ec272bcfc65
raw/chr2_100_guides_correctness_20260812T142104Z/batches/correctness/baseline/pilot/batch_010/guides/chr2_100_guide_096/stderr.txt	0	e3b0c44298fc1c149afbf4c8996fb92427ae41e4649b934ca495991b7852b855
raw/chr2_100_guides_correctness_20260812T142104Z/batches/correctness/baseline/pilot/batch_010/guides/chr2_100_guide_097/command.txt	293	a802e6bbe2664a0c0f0f41f1b0502170d0f38394bbeaa55f2ce4a03a0d44d19b
raw/chr2_100_guides_correctness_20260812T142104Z/batches/correctness/baseline/pilot/batch_010/guides/chr2_100_guide_097/metrics.tsv	296	274694a4ac08258681c5240d5efed9274ea04e197a4a23023f283383798dd104
raw/chr2_100_guides_correctness_20260812T142104Z/batches/correctness/baseline/pilot/batch_010/guides/chr2_100_guide_097/output.paf	321	e993fd25de231a0a1a4fb6d06be4f4239a718fa73464c548b76670767f9205eb
raw/chr2_100_guides_correctness_20260812T142104Z/batches/correctness/baseline/pilot/batch_010/guides/chr2_100_guide_097/stderr.txt	0	e3b0c44298fc1c149afbf4c8996fb92427ae41e4649b934ca495991b7852b855
raw/chr2_100_guides_correctness_20260812T142104Z/batches/correctness/baseline/pilot/batch_010/guides/chr2_100_guide_098/command.txt	293	3dfbd6a8b320af6d27e401dc27e65e0df14b9c850d29884cc3f142616fb27b80
raw/chr2_100_guides_correctness_20260812T142104Z/batches/correctness/baseline/pilot/batch_010/guides/chr2_100_guide_098/metrics.tsv	296	d21f959a1040ad2c6971cdf33a0817a8adc900f5a7fc0230833945fb79afba40
raw/chr2_100_guides_correctness_20260812T142104Z/batches/correctness/baseline/pilot/batch_010/guides/chr2_100_guide_098/output.paf	218	f65b80a54ba3a66e73b4abd8dd47f074be4e0c5a15811dff77e20b6aef884f22
raw/chr2_100_guides_correctness_20260812T142104Z/batches/correctness/baseline/pilot/batch_010/guides/chr2_100_guide_098/stderr.txt	0	e3b0c44298fc1c149afbf4c8996fb92427ae41e4649b934ca495991b7852b855
raw/chr2_100_guides_correctness_20260812T142104Z/batches/correctness/baseline/pilot/batch_010/guides/chr2_100_guide_099/command.txt	293	88292518bd8a7671f7017cdbc225bfe322888268ccbb7b3abf648e136b5e4e07
raw/chr2_100_guides_correctness_20260812T142104Z/batches/correctness/baseline/pilot/batch_010/guides/chr2_100_guide_099/metrics.tsv	296	ac871ba809a43c0aecded2ce01cd5dfe58d7f4c299421e8224fc9a3c57aa2130
raw/chr2_100_guides_correctness_20260812T142104Z/batches/correctness/baseline/pilot/batch_010/guides/chr2_100_guide_099/output.paf	323	0ade50c3277afe88f374d3126466b262eab11a5f3633117d67a4e31679169cf8
raw/chr2_100_guides_correctness_20260812T142104Z/batches/correctness/baseline/pilot/batch_010/guides/chr2_100_guide_099/stderr.txt	0	e3b0c44298fc1c149afbf4c8996fb92427ae41e4649b934ca495991b7852b855
raw/chr2_100_guides_correctness_20260812T142104Z/batches/correctness/baseline/pilot/batch_010/guides/chr2_100_guide_100/command.txt	293	3243fee1cb672994fc36ce01c652971a618c3a33c8e61317d1a2ce01b2145027
raw/chr2_100_guides_correctness_20260812T142104Z/batches/correctness/baseline/pilot/batch_010/guides/chr2_100_guide_100/metrics.tsv	296	9719180b57ee1a8e1a18af71cd6b8e2172535487be1a20486bb948b5e7ef2289
raw/chr2_100_guides_correctness_20260812T142104Z/batches/correctness/baseline/pilot/batch_010/guides/chr2_100_guide_100/output.paf	107	41d33aa17ca7784b5f6199424ff8db2c3b2d4680ce1bfa65443f9853f35e9dc3
raw/chr2_100_guides_correctness_20260812T142104Z/batches/correctness/baseline/pilot/batch_010/guides/chr2_100_guide_100/stderr.txt	0	e3b0c44298fc1c149afbf4c8996fb92427ae41e4649b934ca495991b7852b855
raw/chr2_100_guides_correctness_20260812T142104Z/batches/correctness/columba/pilot/batch_001/SUCCESS	0	e3b0c44298fc1c149afbf4c8996fb92427ae41e4649b934ca495991b7852b855
raw/chr2_100_guides_correctness_20260812T142104Z/batches/correctness/columba/pilot/batch_001/environment.tsv	596	21960b3de5e79f576b5e931e15c0ca72474ab9548eda4962e057557153b9b35c
raw/chr2_100_guides_correctness_20260812T142104Z/batches/correctness/columba/pilot/batch_001/guide_ids.txt	190	dbd863612e8ad589684b2d548b3c5cec252a40978506757351e00e0e65fdfa76
raw/chr2_100_guides_correctness_20260812T142104Z/batches/correctness/columba/pilot/batch_001/guide_order.sha256	296	04579e846eaa6a5269f0c0008a5f57e65c98d06e9b6d2379bb17aec4cd912e7c
raw/chr2_100_guides_correctness_20260812T142104Z/batches/correctness/columba/pilot/batch_001/guide_order.txt	190	c82e967c38bf79446f256c5ca54636ab946f0fe74fba6700533dec57d106fcf2
raw/chr2_100_guides_correctness_20260812T142104Z/batches/correctness/columba/pilot/batch_001/guide_results.tsv	2279	8b5bd2888e62686af76235fb103d1c7800b3c6e48655817886ebcc25692b334c
raw/chr2_100_guides_correctness_20260812T142104Z/batches/correctness/columba/pilot/batch_001/guides/chr2_100_guide_001/command.txt	563	06e54abf86be64a0399b9d21729cce508a48cf9be8770af05442717f19159c70
raw/chr2_100_guides_correctness_20260812T142104Z/batches/correctness/columba/pilot/batch_001/guides/chr2_100_guide_001/metrics.tsv	299	df84ec55de8874763ca38cada9fb6868bdd3bc8eeb8a7517aaec1baedf464217
raw/chr2_100_guides_correctness_20260812T142104Z/batches/correctness/columba/pilot/batch_001/guides/chr2_100_guide_001/output.paf	18708	ed60810744eb837c6917ed932c49aeb24071f5560341cc47c15bb30073c3e557
raw/chr2_100_guides_correctness_20260812T142104Z/batches/correctness/columba/pilot/batch_001/guides/chr2_100_guide_001/stderr.txt	2996	6a7515e3a928c0f69de8e15130c616f406a3e11a5f57447cc750104ac92ab57e
raw/chr2_100_guides_correctness_20260812T142104Z/batches/correctness/columba/pilot/batch_001/guides/chr2_100_guide_002/command.txt	563	5afaea1771ef6e1fee32d63bc1e8cc44475bab2a15dc69b619994fdf3cfadcaa
raw/chr2_100_guides_correctness_20260812T142104Z/batches/correctness/columba/pilot/batch_001/guides/chr2_100_guide_002/metrics.tsv	295	8ad96bd78a76089afe34a695406248eea7475248d746c3459dca225acd16aec8
raw/chr2_100_guides_correctness_20260812T142104Z/batches/correctness/columba/pilot/batch_001/guides/chr2_100_guide_002/output.paf	103	b091fa2b46c182a8a67a094bd3c9f50095419fe615fc28736ed56aa20fc8c4ee
raw/chr2_100_guides_correctness_20260812T142104Z/batches/correctness/columba/pilot/batch_001/guides/chr2_100_guide_002/stderr.txt	747	fcb111d8f13e0c6fc56b3a46cb2607dbd0803db82279a8f8d3d3a4ca0648a2d1
raw/chr2_100_guides_correctness_20260812T142104Z/batches/correctness/columba/pilot/batch_001/guides/chr2_100_guide_003/command.txt	563	d2cd2b64f908bff7cf943c68ef4038f0bc8ff5ab96149a52c939bb8044a4d746
raw/chr2_100_guides_correctness_20260812T142104Z/batches/correctness/columba/pilot/batch_001/guides/chr2_100_guide_003/metrics.tsv	296	bbd7ddfe8ce86e6c6e0ddaea4793051dc8143abae2eea9ca4b1d5254dccc74b2
raw/chr2_100_guides_correctness_20260812T142104Z/batches/correctness/columba/pilot/batch_001/guides/chr2_100_guide_003/output.paf	320	7dd65faa22ef6ae127ad1cffb7c78fc9e83043b91c35e6c65bd41d6a842d34f7
raw/chr2_100_guides_correctness_20260812T142104Z/batches/correctness/columba/pilot/batch_001/guides/chr2_100_guide_003/stderr.txt	2147	eaf2b0acaded0d6e6e3f1d88899d4582a8b8098946704264d3331b43b2716abf
raw/chr2_100_guides_correctness_20260812T142104Z/batches/correctness/columba/pilot/batch_001/guides/chr2_100_guide_004/command.txt	563	7b2085522cf4a73b0dd005cdb1e5e25635d8198fb8bec66ce6eba55bbd50e89f
raw/chr2_100_guides_correctness_20260812T142104Z/batches/correctness/columba/pilot/batch_001/guides/chr2_100_guide_004/metrics.tsv	294	3e03eb8ba68e5e202226fb56a35ea71002a265f109c2c2d286578d1bf7c6e63d
raw/chr2_100_guides_correctness_20260812T142104Z/batches/correctness/columba/pilot/batch_001/guides/chr2_100_guide_004/output.paf	103	e01c3f3850fa1094a4e3e5f167ec427b3ecfa0222c679119f51fc05c8d278e4b
raw/chr2_100_guides_correctness_20260812T142104Z/batches/correctness/columba/pilot/batch_001/guides/chr2_100_guide_004/stderr.txt	94	d190ef6ee41bc19d839f5330a7322ae8e74d9d13d496260f91e3557b3a905e33
raw/chr2_100_guides_correctness_20260812T142104Z/batches/correctness/columba/pilot/batch_001/guides/chr2_100_guide_005/command.txt	563	aa70911dfa81a0ca58d03fa8004021dc6b1f92dc380c7d75be56f3f93a72bedf
raw/chr2_100_guides_correctness_20260812T142104Z/batches/correctness/columba/pilot/batch_001/guides/chr2_100_guide_005/metrics.tsv	295	135437812a6e7ed41a97ac102bb14b377b28a3af6d1a329a23f118ec39d02448
raw/chr2_100_guides_correctness_20260812T142104Z/batches/correctness/columba/pilot/batch_001/guides/chr2_100_guide_005/output.paf	105	f3ad299ad34e05ae1ed6176040951b955f5080a7dc9b5239548d1d748ef966ca
raw/chr2_100_guides_correctness_20260812T142104Z/batches/correctness/columba/pilot/batch_001/guides/chr2_100_guide_005/stderr.txt	374	1874722b9151883ea27797212ef8190251ffc138100c1d39d76f7cc5a9165cda
raw/chr2_100_guides_correctness_20260812T142104Z/batches/correctness/columba/pilot/batch_001/guides/chr2_100_guide_006/command.txt	563	13b3d60e213df96e41eabfa2754df8f8e2b1595d0b6f1320c52ec806666d79a6
raw/chr2_100_guides_correctness_20260812T142104Z/batches/correctness/columba/pilot/batch_001/guides/chr2_100_guide_006/metrics.tsv	295	f6219c2e497d51d036761cb8a6e0aae14fe2b85978d8d1097e3fc1bc3fcd64d5
raw/chr2_100_guides_correctness_20260812T142104Z/batches/correctness/columba/pilot/batch_001/guides/chr2_100_guide_006/output.paf	212	b1490c4399cf265a7d1d1c32b362fc8231d079c00bb7b0854a01650c2da8c154
raw/chr2_100_guides_correctness_20260812T142104Z/batches/correctness/columba/pilot/batch_001/guides/chr2_100_guide_006/stderr.txt	469	ccf1be32a917a57f2b94acdab5ae569adbc676b11063e23c3f79cf17b5e28d95
raw/chr2_100_guides_correctness_20260812T142104Z/batches/correctness/columba/pilot/batch_001/guides/chr2_100_guide_007/command.txt	563	d72678080c9d1fc6efb2fb9ecc422e833eeaf47b9679459082321844e7b33c94
raw/chr2_100_guides_correctness_20260812T142104Z/batches/correctness/columba/pilot/batch_001/guides/chr2_100_guide_007/metrics.tsv	296	dbeb2ea5ebd0bb75c220c8329dba992b33779f728577d2f8f67a65ce08cb25c7
raw/chr2_100_guides_correctness_20260812T142104Z/batches/correctness/columba/pilot/batch_001/guides/chr2_100_guide_007/output.paf	214	67bb33c3f496eb7d6c32ecb265c4e2be4f81419b295dfa33e174bf836bcb8340
raw/chr2_100_guides_correctness_20260812T142104Z/batches/correctness/columba/pilot/batch_001/guides/chr2_100_guide_007/stderr.txt	3742	59eb321834fb49f035b29dcc7249fda29a34a72e5adb542954a62a9034bf826f
raw/chr2_100_guides_correctness_20260812T142104Z/batches/correctness/columba/pilot/batch_001/guides/chr2_100_guide_008/command.txt	563	3adfa0eb76199e158f2686ed2bb83dfd47d2e3e4468726b083fb807ccde258b2
raw/chr2_100_guides_correctness_20260812T142104Z/batches/correctness/columba/pilot/batch_001/guides/chr2_100_guide_008/metrics.tsv	296	abfdce1de9ebd6c5e21ab38579272c3860728ded9868a6c0d76f6effcaf28a9a
raw/chr2_100_guides_correctness_20260812T142104Z/batches/correctness/columba/pilot/batch_001/guides/chr2_100_guide_008/output.paf	105	44dfce4b19be7bceaf292acab37ac3cfd17a12af95bd8d9c6773c50e0fc8287b
raw/chr2_100_guides_correctness_20260812T142104Z/batches/correctness/columba/pilot/batch_001/guides/chr2_100_guide_008/stderr.txt	1309	f6c509c1c2194471b881be711bbbacb57710beff738cb343daff4f5f83534ed9
raw/chr2_100_guides_correctness_20260812T142104Z/batches/correctness/columba/pilot/batch_001/guides/chr2_100_guide_009/command.txt	563	e1413b2c87b384ebfd29c7f5325724328aef9819d5e345a05cef2e13dfeac0a9
raw/chr2_100_guides_correctness_20260812T142104Z/batches/correctness/columba/pilot/batch_001/guides/chr2_100_guide_009/metrics.tsv	293	a30869c03c83c8c2d287f5d87526a98601d9c3a457c26c70ba6a6f0425a46a78
raw/chr2_100_guides_correctness_20260812T142104Z/batches/correctness/columba/pilot/batch_001/guides/chr2_100_guide_009/output.paf	105	b4025a0c05001632d3d9819897b20c5cb6adb85f8b58dfb3684ae82f3e55a445
raw/chr2_100_guides_correctness_20260812T142104Z/batches/correctness/columba/pilot/batch_001/guides/chr2_100_guide_009/stderr.txt	0	e3b0c44298fc1c149afbf4c8996fb92427ae41e4649b934ca495991b7852b855
raw/chr2_100_guides_correctness_20260812T142104Z/batches/correctness/columba/pilot/batch_001/guides/chr2_100_guide_010/command.txt	563	deb4d9895f8ec00a24ada05d8894703d94c95fdac12048fd9a4185e16081c640
raw/chr2_100_guides_correctness_20260812T142104Z/batches/correctness/columba/pilot/batch_001/guides/chr2_100_guide_010/metrics.tsv	296	8e644fff68879cbd433eb27ae42bf47b5d8b6a1d048e04dd4e370b638f467bf5
raw/chr2_100_guides_correctness_20260812T142104Z/batches/correctness/columba/pilot/batch_001/guides/chr2_100_guide_010/output.paf	105	6665827947d32899e2f4c3d5d9f9996e310bdee2090ef0d19a9e643826cfd20e
raw/chr2_100_guides_correctness_20260812T142104Z/batches/correctness/columba/pilot/batch_001/guides/chr2_100_guide_010/stderr.txt	1408	e06ea000294559bc261349fa8bd9e1628d3357868f4f731110fc4a60bc900486
raw/chr2_100_guides_correctness_20260812T142104Z/batches/correctness/columba/pilot/batch_002/SUCCESS	0	e3b0c44298fc1c149afbf4c8996fb92427ae41e4649b934ca495991b7852b855
raw/chr2_100_guides_correctness_20260812T142104Z/batches/correctness/columba/pilot/batch_002/environment.tsv	596	ce035a08ef8cb1d06f7df23563db592905e94bc0e424fdf79c09a3486d762d40
raw/chr2_100_guides_correctness_20260812T142104Z/batches/correctness/columba/pilot/batch_002/guide_ids.txt	190	c94e04d0e1c34c1e6311e69d04e1fedfbe03ac5ebfff6f04e575cdee8ae21a69
raw/chr2_100_guides_correctness_20260812T142104Z/batches/correctness/columba/pilot/batch_002/guide_order.sha256	296	b77c629f85009a11b4f0125a9a8f178dee7c4b91498934b19c6344322811e10f
raw/chr2_100_guides_correctness_20260812T142104Z/batches/correctness/columba/pilot/batch_002/guide_order.txt	190	c59e3fb39f92b49d65464596845969d8357a8191ac8aeda99e408c2319c73821
raw/chr2_100_guides_correctness_20260812T142104Z/batches/correctness/columba/pilot/batch_002/guide_results.tsv	2280	8c5933fbde6583bedcdfa485e28b81d7479fb969e2152fe5e2c93649838158eb
raw/chr2_100_guides_correctness_20260812T142104Z/batches/correctness/columba/pilot/batch_002/guides/chr2_100_guide_011/command.txt	563	5a39ad2b301544d069bfb517959e41d563201959bb211967d224e0dc29aef059
raw/chr2_100_guides_correctness_20260812T142104Z/batches/correctness/columba/pilot/batch_002/guides/chr2_100_guide_011/metrics.tsv	297	35fc4bbb9ab2bdf802f268a8858a0f0f18c44b5f6af48700376c17341153d6c1
raw/chr2_100_guides_correctness_20260812T142104Z/batches/correctness/columba/pilot/batch_002/guides/chr2_100_guide_011/output.paf	105	bb40e37be897f83a1b15371e404bdb88006f765dd588625f1d80d95fae1ad5aa
raw/chr2_100_guides_correctness_20260812T142104Z/batches/correctness/columba/pilot/batch_002/guides/chr2_100_guide_011/stderr.txt	654	5ad58f792abc417318dfd38ec6825cd97a6eb1a6ed3cd9fdf0a7b4fd493d3422
raw/chr2_100_guides_correctness_20260812T142104Z/batches/correctness/columba/pilot/batch_002/guides/chr2_100_guide_012/command.txt	563	34bc0238c03a50ea7343003873b43999b9fa207b586a84c30c40ab69e4a18782
raw/chr2_100_guides_correctness_20260812T142104Z/batches/correctness/columba/pilot/batch_002/guides/chr2_100_guide_012/metrics.tsv	298	9e0a2e07e3868d38e580d14359d0ba7e6c7e567e66b75ad9545838c4511605ae
raw/chr2_100_guides_correctness_20260812T142104Z/batches/correctness/columba/pilot/batch_002/guides/chr2_100_guide_012/output.paf	965	66cb13e291a9e27105f1caae231acf4a8bd8aa488438dacfddfc5216243206d7
raw/chr2_100_guides_correctness_20260812T142104Z/batches/correctness/columba/pilot/batch_002/guides/chr2_100_guide_012/stderr.txt	224155	462dd2c8d1f23b7ce4fec7a0090771e43a9de09ed355d3a56257403c9765daf0
raw/chr2_100_guides_correctness_20260812T142104Z/batches/correctness/columba/pilot/batch_002/guides/chr2_100_guide_013/command.txt	563	a7cf278ae20809bcd494fbbd7770682852280548cf6e156e03abe85e8832cf89
raw/chr2_100_guides_correctness_20260812T142104Z/batches/correctness/columba/pilot/batch_002/guides/chr2_100_guide_013/metrics.tsv	300	2ba5c7894ba5e7af9785aadcff9238037e16198c626e81a293205f4924551f28
raw/chr2_100_guides_correctness_20260812T142104Z/batches/correctness/columba/pilot/batch_002/guides/chr2_100_guide_013/output.paf	34818	16ffdaca63b1aa805f3917a0708a291bfbdb86d116fb8da03bfd4fe6d6747062
raw/chr2_100_guides_correctness_20260812T142104Z/batches/correctness/columba/pilot/batch_002/guides/chr2_100_guide_013/stderr.txt	501843	dc6d3f8ae6cc882027df18760781e4e0515f80fb168b146f26a8ad8afb46a2eb
raw/chr2_100_guides_correctness_20260812T142104Z/batches/correctness/columba/pilot/batch_002/guides/chr2_100_guide_014/command.txt	563	dca5435947ba4eefb21ef1b661171f45bddd79647b53b8fcdfb4dd60d241abd0
raw/chr2_100_guides_correctness_20260812T142104Z/batches/correctness/columba/pilot/batch_002/guides/chr2_100_guide_014/metrics.tsv	296	fbc4010a45336afd66db0ce786d0a069e911fab6e39201e211ba9714319831ea
raw/chr2_100_guides_correctness_20260812T142104Z/batches/correctness/columba/pilot/batch_002/guides/chr2_100_guide_014/output.paf	214	0443657d2efb5794b44960262e648576461066b30a4b8e25574159fadae2eb2b
raw/chr2_100_guides_correctness_20260812T142104Z/batches/correctness/columba/pilot/batch_002/guides/chr2_100_guide_014/stderr.txt	3367	44bb640530bd1c4f22cdab2c9b675114c5a585f98d0e4dc5fa7a6c95b62550c8
raw/chr2_100_guides_correctness_20260812T142104Z/batches/correctness/columba/pilot/batch_002/guides/chr2_100_guide_015/command.txt	563	f80cdfc1d65c9c7f00f3718c1aafa8d2248f915f8db1a6b02b9c99cc089281dc
raw/chr2_100_guides_correctness_20260812T142104Z/batches/correctness/columba/pilot/batch_002/guides/chr2_100_guide_015/metrics.tsv	295	ea0bfde5abf774e4b1dd8d4e30c36797c4f4c8d665ae9e3566fc33bacf5d8ee9
raw/chr2_100_guides_correctness_20260812T142104Z/batches/correctness/columba/pilot/batch_002/guides/chr2_100_guide_015/output.paf	105	42e895974b61d6a6f346dea6886300a8fe271754b1d94bdce59b758505195a83
raw/chr2_100_guides_correctness_20260812T142104Z/batches/correctness/columba/pilot/batch_002/guides/chr2_100_guide_015/stderr.txt	750	756649f556ef8b11a119d8d3b9814ad2298e11fa90e0b0f7184b0de224ae3057
raw/chr2_100_guides_correctness_20260812T142104Z/batches/correctness/columba/pilot/batch_002/guides/chr2_100_guide_016/command.txt	563	b80940099678823e6df3971755ac53175c9b5be67f1c70961cb63a3385774b18
raw/chr2_100_guides_correctness_20260812T142104Z/batches/correctness/columba/pilot/batch_002/guides/chr2_100_guide_016/metrics.tsv	296	7e63098384dc5aade81cf032ebcd8dd26788d0c40cac848fb3b5a925b67640eb
raw/chr2_100_guides_correctness_20260812T142104Z/batches/correctness/columba/pilot/batch_002/guides/chr2_100_guide_016/output.paf	216	8657fd291b214f97a5fe5f222b4dc6b878b921969dd7bd6ffb1ed5b3783a610e
raw/chr2_100_guides_correctness_20260812T142104Z/batches/correctness/columba/pilot/batch_002/guides/chr2_100_guide_016/stderr.txt	1503	604d714efe53cecde984144ee750ac37cc774f03295c3f3b16f5390d6c9234cf
raw/chr2_100_guides_correctness_20260812T142104Z/batches/correctness/columba/pilot/batch_002/guides/chr2_100_guide_017/command.txt	563	29dda11ef9d43f816fbffcc8215d8f0dcc7e7f263c2737109d62960bfe2a1068
raw/chr2_100_guides_correctness_20260812T142104Z/batches/correctness/columba/pilot/batch_002/guides/chr2_100_guide_017/metrics.tsv	296	b4b335cb5ca5caa1384c0b8795030e4ef6eb15c785c64f88d3aa183e713d584f
raw/chr2_100_guides_correctness_20260812T142104Z/batches/correctness/columba/pilot/batch_002/guides/chr2_100_guide_017/output.paf	327	9a7dd4d0c1afc7f1d67a7055c718e0057820c6eaa77ab632b4e8b28677a6f1fe
raw/chr2_100_guides_correctness_20260812T142104Z/batches/correctness/columba/pilot/batch_002/guides/chr2_100_guide_017/stderr.txt	4493	fd36d278f0a16821748638370e729bc9868ac14ee99c1794734eae0780b66b07
raw/chr2_100_guides_correctness_20260812T142104Z/batches/correctness/columba/pilot/batch_002/guides/chr2_100_guide_018/command.txt	563	04a4f4eba38aa82bc23dc320772ee5ff8344d90cbe5807b333d42d12a5d5c947
raw/chr2_100_guides_correctness_20260812T142104Z/batches/correctness/columba/pilot/batch_002/guides/chr2_100_guide_018/metrics.tsv	295	a066a871d54c345da32f62991d1b2820f4465bbe88b5bfe10bc5cefdeccb1f2c
raw/chr2_100_guides_correctness_20260812T142104Z/batches/correctness/columba/pilot/batch_002/guides/chr2_100_guide_018/output.paf	105	2f7599cbfd417906a733f1e345af049f64a300adde46b600f2098f8585fcc3c6
raw/chr2_100_guides_correctness_20260812T142104Z/batches/correctness/columba/pilot/batch_002/guides/chr2_100_guide_018/stderr.txt	654	afdfe1b38cfb029a37804712c5726d1c887a1e65c620d57942063dce98ff5e41
raw/chr2_100_guides_correctness_20260812T142104Z/batches/correctness/columba/pilot/batch_002/guides/chr2_100_guide_019/command.txt	563	d9ee5491c549b14a4b9140c98945ae149d181763ccf4d153f0e3e13d59a4e74d
raw/chr2_100_guides_correctness_20260812T142104Z/batches/correctness/columba/pilot/batch_002/guides/chr2_100_guide_019/metrics.tsv	296	cf08cde42f8855e8a35cc5aec014df53763020b7e1d245bca02f451925bfdae0
raw/chr2_100_guides_correctness_20260812T142104Z/batches/correctness/columba/pilot/batch_002/guides/chr2_100_guide_019/output.paf	656	fff07c8f19a2e1a91b3c6747b0971040fe92615b096894c2c75d1313b37c5047
raw/chr2_100_guides_correctness_20260812T142104Z/batches/correctness/columba/pilot/batch_002/guides/chr2_100_guide_019/stderr.txt	2994	ca30b9fc0366f1f1475d9c8a0a76dec40ba9e31985acb058b543a07e41f5b33a
raw/chr2_100_guides_correctness_20260812T142104Z/batches/correctness/columba/pilot/batch_002/guides/chr2_100_guide_020/command.txt	563	2670cdcbafa0fd13d4d3cd27579ec5dbaf37a2f20bec4fc920a12ec84d251d21
raw/chr2_100_guides_correctness_20260812T142104Z/batches/correctness/columba/pilot/batch_002/guides/chr2_100_guide_020/metrics.tsv	295	393e0378fe14ac9b46698d5555ee68c2981b8e0abdb4e26f998f7b043963fc5b
raw/chr2_100_guides_correctness_20260812T142104Z/batches/correctness/columba/pilot/batch_002/guides/chr2_100_guide_020/output.paf	216	d05c9bdf9106fc289c7d2295e14f5dcc5629bf0e1ea2f924e0a8ed4540f45320
raw/chr2_100_guides_correctness_20260812T142104Z/batches/correctness/columba/pilot/batch_002/guides/chr2_100_guide_020/stderr.txt	281	45f2f11652e763ace0a8e355b344b98f86c3171f6d66873bdc87ab4f09a43504
raw/chr2_100_guides_correctness_20260812T142104Z/batches/correctness/columba/pilot/batch_003/SUCCESS	0	e3b0c44298fc1c149afbf4c8996fb92427ae41e4649b934ca495991b7852b855
raw/chr2_100_guides_correctness_20260812T142104Z/batches/correctness/columba/pilot/batch_003/environment.tsv	596	29e8684750771b1261d4001720c3852fe8b71a1402f98ff4332395d26ec0407c
raw/chr2_100_guides_correctness_20260812T142104Z/batches/correctness/columba/pilot/batch_003/guide_ids.txt	190	ca43bf6ae670451719045bd033d44bb642d120707c114a7112ca7b6298856805
raw/chr2_100_guides_correctness_20260812T142104Z/batches/correctness/columba/pilot/batch_003/guide_order.sha256	296	372124f743a157e341c679fe136c049ed8343c824ffd21e4677b656f6ed863d0
raw/chr2_100_guides_correctness_20260812T142104Z/batches/correctness/columba/pilot/batch_003/guide_order.txt	190	f7b2e5be22cc0f452f7599e6c4ca0796c06105f6556a9994ee6a62699bd18401
raw/chr2_100_guides_correctness_20260812T142104Z/batches/correctness/columba/pilot/batch_003/guide_results.tsv	2277	b2f805d134321b402cb75ed5d59e2322bf60298a509f1fee5ed1d8767b9c645e
raw/chr2_100_guides_correctness_20260812T142104Z/batches/correctness/columba/pilot/batch_003/guides/chr2_100_guide_021/command.txt	563	410bc690ad788ebdcabe79a3d46153f91d62b519ce4792a9f34557e4a9c5184e
raw/chr2_100_guides_correctness_20260812T142104Z/batches/correctness/columba/pilot/batch_003/guides/chr2_100_guide_021/metrics.tsv	297	807bef34ac4fa21f98d62ef37f927d9866d0e1f2945f68c8e82da6ec13bcaf56
raw/chr2_100_guides_correctness_20260812T142104Z/batches/correctness/columba/pilot/batch_003/guides/chr2_100_guide_021/output.paf	214	d17d8f4b9e607ac7c14732110dc6e2fd11eeeff032cf7e30bbab4f0c566ee6de
raw/chr2_100_guides_correctness_20260812T142104Z/batches/correctness/columba/pilot/batch_003/guides/chr2_100_guide_021/stderr.txt	4303	e50c2774158ba4fe7f72ca8b7d2bced37287b018567316cdd15be7067ada5b78
raw/chr2_100_guides_correctness_20260812T142104Z/batches/correctness/columba/pilot/batch_003/guides/chr2_100_guide_022/command.txt	563	490c19ce148143e12a8d9e304e99a16d6c84a64a641df8c2bfebca8d526185a5
raw/chr2_100_guides_correctness_20260812T142104Z/batches/correctness/columba/pilot/batch_003/guides/chr2_100_guide_022/metrics.tsv	295	c46d3fec79ce3f898bb269bfa32aded0f9f921f41c47c65af7f1c02d96e16cae
raw/chr2_100_guides_correctness_20260812T142104Z/batches/correctness/columba/pilot/batch_003/guides/chr2_100_guide_022/output.paf	105	917aafb006a22d16b37a281effd7ff0c4654ed8bc78198c61f5d22b8b2e55adf
raw/chr2_100_guides_correctness_20260812T142104Z/batches/correctness/columba/pilot/batch_003/guides/chr2_100_guide_022/stderr.txt	279	d3e145e824f3c1c48b1f447d320e0093f27182e8a1d380e515e8d8eb3057f7d2
raw/chr2_100_guides_correctness_20260812T142104Z/batches/correctness/columba/pilot/batch_003/guides/chr2_100_guide_023/command.txt	563	e1f07b42386642ff7b751fa27549ad7017e0403e4f8ecadb0c587ca3c7ac5c22
raw/chr2_100_guides_correctness_20260812T142104Z/batches/correctness/columba/pilot/batch_003/guides/chr2_100_guide_023/metrics.tsv	295	2e01c360c6e98a8e90de586a48039336b64583618d85a43360e3315403343912
raw/chr2_100_guides_correctness_20260812T142104Z/batches/correctness/columba/pilot/batch_003/guides/chr2_100_guide_023/output.paf	105	e8a89348acfae06a87d8f971055db0655a3c9f9eca2f7ab4c60cb6d77791f26b
raw/chr2_100_guides_correctness_20260812T142104Z/batches/correctness/columba/pilot/batch_003/guides/chr2_100_guide_023/stderr.txt	467	4a1b7ce56910df05867391f3d038edeb2ed7533a6ae44b8b1bdbf47f2145acf9
raw/chr2_100_guides_correctness_20260812T142104Z/batches/correctness/columba/pilot/batch_003/guides/chr2_100_guide_024/command.txt	563	fcacefe9cf617afa651ed195c4ac8f4d918152f0d9ae9c62a735a52246f5b79c
raw/chr2_100_guides_correctness_20260812T142104Z/batches/correctness/columba/pilot/batch_003/guides/chr2_100_guide_024/metrics.tsv	297	8663faab507ca09478af95eca91b7d51389fa83e6703a4958f2a6d71ac297f59
raw/chr2_100_guides_correctness_20260812T142104Z/batches/correctness/columba/pilot/batch_003/guides/chr2_100_guide_024/output.paf	642	77250eb14965666148ebbfef66a8eac79f2a83072b2d5e5cacb74c6874c1f30d
raw/chr2_100_guides_correctness_20260812T142104Z/batches/correctness/columba/pilot/batch_003/guides/chr2_100_guide_024/stderr.txt	33708	830c5a3f3c2cfc6ba6ac944280462859ef3081566b52ea8f295fbd4baae50d8b
raw/chr2_100_guides_correctness_20260812T142104Z/batches/correctness/columba/pilot/batch_003/guides/chr2_100_guide_025/command.txt	563	d3ad2a3cb003299e404df47e8da053982e07027dab4e2420f5a0da5837be1ae2
raw/chr2_100_guides_correctness_20260812T142104Z/batches/correctness/columba/pilot/batch_003/guides/chr2_100_guide_025/metrics.tsv	295	ed39bc3359f0baefa88affbeb1dfe89d141522d6b513477623535a6e17a7faae
raw/chr2_100_guides_correctness_20260812T142104Z/batches/correctness/columba/pilot/batch_003/guides/chr2_100_guide_025/output.paf	216	6422ac193bedac3cde84587774a777f805400fc0e2ce68e93c5359b3b824fe3b
raw/chr2_100_guides_correctness_20260812T142104Z/batches/correctness/columba/pilot/batch_003/guides/chr2_100_guide_025/stderr.txt	655	0b94a14ae7d11a020ea15a610d00779c8ce833c52291f5d697f010ce862dc875
raw/chr2_100_guides_correctness_20260812T142104Z/batches/correctness/columba/pilot/batch_003/guides/chr2_100_guide_026/command.txt	563	a777471cbda0b2ba0f36bb4ff6051bd5aa8ab845928dca5361911aea5ce31232
raw/chr2_100_guides_correctness_20260812T142104Z/batches/correctness/columba/pilot/batch_003/guides/chr2_100_guide_026/metrics.tsv	296	003af9805f6a83ff0ad08932d71f8e9fc95aec3857201782d48dec184682d805
raw/chr2_100_guides_correctness_20260812T142104Z/batches/correctness/columba/pilot/batch_003/guides/chr2_100_guide_026/output.paf	105	9f390b604c806c3994037804907776beb4d5a4a66cab2023c3e8d42e89ae2a63
raw/chr2_100_guides_correctness_20260812T142104Z/batches/correctness/columba/pilot/batch_003/guides/chr2_100_guide_026/stderr.txt	2715	161aa9eed2665383dd126c9b2c7d388ff51de9839daa4680ed13a9de7f6eebb3
raw/chr2_100_guides_correctness_20260812T142104Z/batches/correctness/columba/pilot/batch_003/guides/chr2_100_guide_027/command.txt	563	34d4d14369e387c9306161985bf2c7a81ed03eb96f10d321aa81e21ea282307d
raw/chr2_100_guides_correctness_20260812T142104Z/batches/correctness/columba/pilot/batch_003/guides/chr2_100_guide_027/metrics.tsv	296	c03b46eb676872d80463758d7d66fcb42aacce24c841e4914136673e65cfdc95
raw/chr2_100_guides_correctness_20260812T142104Z/batches/correctness/columba/pilot/batch_003/guides/chr2_100_guide_027/output.paf	214	0ef1135e30fc4261638fc6aa26ac3766945922a18b2d512bf991ff47d9b6f947
raw/chr2_100_guides_correctness_20260812T142104Z/batches/correctness/columba/pilot/batch_003/guides/chr2_100_guide_027/stderr.txt	2152	d71b53183c8c7f820e42eae09e5fde1d5a17ea10c9207fe9310917b386d598d2
raw/chr2_100_guides_correctness_20260812T142104Z/batches/correctness/columba/pilot/batch_003/guides/chr2_100_guide_028/command.txt	563	4ecc4f25fd9ffbe40d3a1f0f9b1f5c810470b93e0f7082a682de70536143416d
raw/chr2_100_guides_correctness_20260812T142104Z/batches/correctness/columba/pilot/batch_003/guides/chr2_100_guide_028/metrics.tsv	296	28d2fe71daafbd050b5b3139c88daefa78a3a48e2b6567bff7f57b40e0c7c5fd
raw/chr2_100_guides_correctness_20260812T142104Z/batches/correctness/columba/pilot/batch_003/guides/chr2_100_guide_028/output.paf	105	7aaa1cf50dd7c5b5d1c81d7db9510966938f6f670e0c2188ab89e8347134cb1c
raw/chr2_100_guides_correctness_20260812T142104Z/batches/correctness/columba/pilot/batch_003/guides/chr2_100_guide_028/stderr.txt	7384	b0b918fe22452087240364df7514668b7428dcb62a7516d0959f187f4bded811
raw/chr2_100_guides_correctness_20260812T142104Z/batches/correctness/columba/pilot/batch_003/guides/chr2_100_guide_029/command.txt	563	c8ed8b06c02fab94a5f8e4703f2f0bd85aea79a843308863412dd5f7a5f1c688
raw/chr2_100_guides_correctness_20260812T142104Z/batches/correctness/columba/pilot/batch_003/guides/chr2_100_guide_029/metrics.tsv	295	482b282fb0ff083b8345216474af91938785a854cb4dc893bf15e7032e60e773
raw/chr2_100_guides_correctness_20260812T142104Z/batches/correctness/columba/pilot/batch_003/guides/chr2_100_guide_029/output.paf	105	1043bc44ffca5c8f5a9a1956e02c9e5abcb81a398b2de62ebdecbf4ac84194a0
raw/chr2_100_guides_correctness_20260812T142104Z/batches/correctness/columba/pilot/batch_003/guides/chr2_100_guide_029/stderr.txt	375	7d736a15292282ed22788ac035e6a67193fd0302877e146a35b359e0ddc017b8
raw/chr2_100_guides_correctness_20260812T142104Z/batches/correctness/columba/pilot/batch_003/guides/chr2_100_guide_030/command.txt	563	55b8257edcb4b6e700c6617f481835bd2f1a52d2ba327f435095ae097b963b6e
raw/chr2_100_guides_correctness_20260812T142104Z/batches/correctness/columba/pilot/batch_003/guides/chr2_100_guide_030/metrics.tsv	295	e2b6a9dc5695c8e7b57d0fb07a04f6db332f00409f9c80feaf3b8b99ba5c7570
raw/chr2_100_guides_correctness_20260812T142104Z/batches/correctness/columba/pilot/batch_003/guides/chr2_100_guide_030/output.paf	216	5f82a120833bb599928ceadd0be2fb33516383e987a4ff739b804a55dc1595d9
raw/chr2_100_guides_correctness_20260812T142104Z/batches/correctness/columba/pilot/batch_003/guides/chr2_100_guide_030/stderr.txt	655	d7d6bf4354e503f027e7679c1878354b64173521df33fce1ecf092b8a65772b0
raw/chr2_100_guides_correctness_20260812T142104Z/batches/correctness/columba/pilot/batch_004/SUCCESS	0	e3b0c44298fc1c149afbf4c8996fb92427ae41e4649b934ca495991b7852b855
raw/chr2_100_guides_correctness_20260812T142104Z/batches/correctness/columba/pilot/batch_004/environment.tsv	596	13efd50bde7637cc362bc4c08d318f28930ddaaedec86a9f512daad1ad41e0e6
raw/chr2_100_guides_correctness_20260812T142104Z/batches/correctness/columba/pilot/batch_004/guide_ids.txt	190	75bf8ccd9c2c03d7866d4303648da497bf7c5e9ee5a8e326c4de9f0d8458598c
raw/chr2_100_guides_correctness_20260812T142104Z/batches/correctness/columba/pilot/batch_004/guide_order.sha256	296	f5a1c94b71196a7f3282fcabe1e5ca3326d99a930f2053e036d1156fca60a54f
raw/chr2_100_guides_correctness_20260812T142104Z/batches/correctness/columba/pilot/batch_004/guide_order.txt	190	1a094c559d30dc5f04e507b89db2bdb43d201b60220e32002c0f663864f6f968
raw/chr2_100_guides_correctness_20260812T142104Z/batches/correctness/columba/pilot/batch_004/guide_results.tsv	2279	a82d6f353bc68819eac1fe0992c9984c6871463112cadaf85ec027a7b210fc91
raw/chr2_100_guides_correctness_20260812T142104Z/batches/correctness/columba/pilot/batch_004/guides/chr2_100_guide_031/command.txt	563	647c4aea4e0486cd1ad0a30ee2f74a6a6c1d3402cc6f409b84f6c3d29036c9db
raw/chr2_100_guides_correctness_20260812T142104Z/batches/correctness/columba/pilot/batch_004/guides/chr2_100_guide_031/metrics.tsv	296	2fb9409b84aa63f760ef8ce40ace487faa28d57fda4cca42d19c4b68dea03cd9
raw/chr2_100_guides_correctness_20260812T142104Z/batches/correctness/columba/pilot/batch_004/guides/chr2_100_guide_031/output.paf	436	73533f260c04d565927c51f24c0fa370c5f73001e51346324e099ab1adaa0c97
raw/chr2_100_guides_correctness_20260812T142104Z/batches/correctness/columba/pilot/batch_004/guides/chr2_100_guide_031/stderr.txt	3644	12947fc1b6a4481505a8c64d24ff5c0e8d77ad56595d56975a358796cfa5cc41
raw/chr2_100_guides_correctness_20260812T142104Z/batches/correctness/columba/pilot/batch_004/guides/chr2_100_guide_032/command.txt	563	8b2911d580453ebf8bb4c7a82e6c07ebc83c98e47eb888f530efaa72f067b311
raw/chr2_100_guides_correctness_20260812T142104Z/batches/correctness/columba/pilot/batch_004/guides/chr2_100_guide_032/metrics.tsv	297	8144dfcdb1415100927163de1d89f15bacbd00c3e677eb3ae599370745137d4e
raw/chr2_100_guides_correctness_20260812T142104Z/batches/correctness/columba/pilot/batch_004/guides/chr2_100_guide_032/output.paf	214	15b7fa659b00794ceda7be7f1369090311c6ba7473c517f4b44f82db38243fc0
raw/chr2_100_guides_correctness_20260812T142104Z/batches/correctness/columba/pilot/batch_004/guides/chr2_100_guide_032/stderr.txt	37702	a746075dd8058af175764d95719de03f03c5b37ab4949a2b80f00d65228e8737
raw/chr2_100_guides_correctness_20260812T142104Z/batches/correctness/columba/pilot/batch_004/guides/chr2_100_guide_033/command.txt	563	0dfb4421c2c5e263e0fa182584ea19c73e3816f4242e0917418acd3bc557fd21
raw/chr2_100_guides_correctness_20260812T142104Z/batches/correctness/columba/pilot/batch_004/guides/chr2_100_guide_033/metrics.tsv	296	53a077f1083ca1bbb64101c56ab737567ba61661243b6ec500da79bd14ff5de3
raw/chr2_100_guides_correctness_20260812T142104Z/batches/correctness/columba/pilot/batch_004/guides/chr2_100_guide_033/output.paf	214	9cb9b033b4d4346d59aeb64fb75479c6a8a2f45a583b8e6f451e6c1a936bb5ea
raw/chr2_100_guides_correctness_20260812T142104Z/batches/correctness/columba/pilot/batch_004/guides/chr2_100_guide_033/stderr.txt	1311	36f61c9acbb96dc750009cac9b1e13de835bf300981a4218ee9615209f8f3d2f
raw/chr2_100_guides_correctness_20260812T142104Z/batches/correctness/columba/pilot/batch_004/guides/chr2_100_guide_034/command.txt	563	5179c3face17c873646be6bb74b546ad9ea2450e60b1e5488f6d5a93e7cfdf82
raw/chr2_100_guides_correctness_20260812T142104Z/batches/correctness/columba/pilot/batch_004/guides/chr2_100_guide_034/metrics.tsv	296	90b7fb448e1cac6ed6005bf3b0e0c099dd17fa09a4e2a3c1f94e2c93dcd5de34
raw/chr2_100_guides_correctness_20260812T142104Z/batches/correctness/columba/pilot/batch_004/guides/chr2_100_guide_034/output.paf	105	fe3d8b47c35802ac6b57ec8cb4561109f4f0d22f8e3159743f110e5a2ef00c6c
raw/chr2_100_guides_correctness_20260812T142104Z/batches/correctness/columba/pilot/batch_004/guides/chr2_100_guide_034/stderr.txt	1120	d621aef256415bc61cae4ee8117e5308400a7823a58053415b2a17935fbe8a21
raw/chr2_100_guides_correctness_20260812T142104Z/batches/correctness/columba/pilot/batch_004/guides/chr2_100_guide_035/command.txt	563	05dfa31d9efd3d1e368af735fc7c35fbbb5ae25e10d7938524b8d35997224caf
raw/chr2_100_guides_correctness_20260812T142104Z/batches/correctness/columba/pilot/batch_004/guides/chr2_100_guide_035/metrics.tsv	294	e2bab7932e18c1d4c4ee22beebb162f449d154a1cc0a575e242607cefd71d3ad
raw/chr2_100_guides_correctness_20260812T142104Z/batches/correctness/columba/pilot/batch_004/guides/chr2_100_guide_035/output.paf	105	c295719972feb4753a386c1cf65a399133d35309979b8d4aace21d83944e868e
raw/chr2_100_guides_correctness_20260812T142104Z/batches/correctness/columba/pilot/batch_004/guides/chr2_100_guide_035/stderr.txt	93	87ea452acee3fe67a40d66c88afe851eb8639c6248851b349e5bdb0f6842c9ea
raw/chr2_100_guides_correctness_20260812T142104Z/batches/correctness/columba/pilot/batch_004/guides/chr2_100_guide_036/command.txt	563	67bd1a542da96b4b3bfbd51053de054c843b7167233a35fcfb4e5e6a95ae3d2b
raw/chr2_100_guides_correctness_20260812T142104Z/batches/correctness/columba/pilot/batch_004/guides/chr2_100_guide_036/metrics.tsv	296	f4ac2f0c81008062ca246c70120e93dd57771725dd506e97491d6196111f0c91
raw/chr2_100_guides_correctness_20260812T142104Z/batches/correctness/columba/pilot/batch_004/guides/chr2_100_guide_036/output.paf	325	a3b1f09196f338eae4e88b2da6bdbf1eb2961dd16dde7b9c717ba1060a64acd8
raw/chr2_100_guides_correctness_20260812T142104Z/batches/correctness/columba/pilot/batch_004/guides/chr2_100_guide_036/stderr.txt	2430	82689ad3ac321dfcbee64f3ef7237f9143fbdc949afb4c954d63e65ed094eaf6
raw/chr2_100_guides_correctness_20260812T142104Z/batches/correctness/columba/pilot/batch_004/guides/chr2_100_guide_037/command.txt	563	9cb28b953996f9a6aed31d5fcd9c1604dd1baf88b3e2081cfa9faa8221c6f0eb
raw/chr2_100_guides_correctness_20260812T142104Z/batches/correctness/columba/pilot/batch_004/guides/chr2_100_guide_037/metrics.tsv	296	46644f741c25c72de66fd728462ea5b7bf3f93fd2f9d6fea5a1d85fef2ef2b1f
raw/chr2_100_guides_correctness_20260812T142104Z/batches/correctness/columba/pilot/batch_004/guides/chr2_100_guide_037/output.paf	105	5a237c119e3f0aeaef65923d66e6dc0c29804c0d3b690cf8bd75740dfd5dcd8b
raw/chr2_100_guides_correctness_20260812T142104Z/batches/correctness/columba/pilot/batch_004/guides/chr2_100_guide_037/stderr.txt	1778	5959ae0057ab07b140467a5b42a01304acee5c2ceca143d1a1c9c5c879c6e907
raw/chr2_100_guides_correctness_20260812T142104Z/batches/correctness/columba/pilot/batch_004/guides/chr2_100_guide_038/command.txt	563	f9a3256b9fe2645a7594d42389b02a0b85bebabc8e588be200c27adf67060b11
raw/chr2_100_guides_correctness_20260812T142104Z/batches/correctness/columba/pilot/batch_004/guides/chr2_100_guide_038/metrics.tsv	298	d5b35b7f4cfded1b976bf149586645140b5bdf44a8e9d4d04889c02e0722f9f9
raw/chr2_100_guides_correctness_20260812T142104Z/batches/correctness/columba/pilot/batch_004/guides/chr2_100_guide_038/output.paf	105	b9e34fe8ccb092578da22649335a71c80d9db878cf3a4451778fd98e9b5ec22e
raw/chr2_100_guides_correctness_20260812T142104Z/batches/correctness/columba/pilot/batch_004/guides/chr2_100_guide_038/stderr.txt	111980	1c222d1f53018593dc7eb4eb55e936420a364c6142fa970e10a4f07c415b352a
raw/chr2_100_guides_correctness_20260812T142104Z/batches/correctness/columba/pilot/batch_004/guides/chr2_100_guide_039/command.txt	563	7eed7d5bfe1bf99b88178d255fff0a4d53ecb4b5f986d4ff0f318d5f89f38952
raw/chr2_100_guides_correctness_20260812T142104Z/batches/correctness/columba/pilot/batch_004/guides/chr2_100_guide_039/metrics.tsv	300	17013fa0d8991d60dac078cf66e4c4d9bd6d8f71e83da390443d7fdcc201edbc
raw/chr2_100_guides_correctness_20260812T142104Z/batches/correctness/columba/pilot/batch_004/guides/chr2_100_guide_039/output.paf	588340	e5226c1bcd6fd86d789cfb210f4ed4a04e9316481d3ca96372c52cd27ba215a7
raw/chr2_100_guides_correctness_20260812T142104Z/batches/correctness/columba/pilot/batch_004/guides/chr2_100_guide_039/stderr.txt	83811	0810ffd2bea28dafcf8f50f0c81b43e6ae794684eb7711147b6e38c84f29c51a
raw/chr2_100_guides_correctness_20260812T142104Z/batches/correctness/columba/pilot/batch_004/guides/chr2_100_guide_040/command.txt	563	30d0f4ff1d1ef6a5cbd53300cbd72f0115d44af8332ddf702a6b272f02d80a64
raw/chr2_100_guides_correctness_20260812T142104Z/batches/correctness/columba/pilot/batch_004/guides/chr2_100_guide_040/metrics.tsv	295	b52ab4fb9bb197085409f905ef25e7731430db5e316393bf2bf51d628d774b66
raw/chr2_100_guides_correctness_20260812T142104Z/batches/correctness/columba/pilot/batch_004/guides/chr2_100_guide_040/output.paf	105	38f3709f6a076b2aebea7f182579ef6f37f34c190ffdbc0f69f1f02f15cf41e2
raw/chr2_100_guides_correctness_20260812T142104Z/batches/correctness/columba/pilot/batch_004/guides/chr2_100_guide_040/stderr.txt	468	aacf991e635405aa8784d9a40db76b327fc8a15f978810f2ed1415c5c9229441
raw/chr2_100_guides_correctness_20260812T142104Z/batches/correctness/columba/pilot/batch_005/SUCCESS	0	e3b0c44298fc1c149afbf4c8996fb92427ae41e4649b934ca495991b7852b855
raw/chr2_100_guides_correctness_20260812T142104Z/batches/correctness/columba/pilot/batch_005/environment.tsv	596	044ad3a828c94417efc91ef8ab0d4e5936a98b581c5e0849f14bf86214d8aadc
raw/chr2_100_guides_correctness_20260812T142104Z/batches/correctness/columba/pilot/batch_005/guide_ids.txt	190	66a05c60986ef414ffc5b7910926aec74d9328df03ff9e330d4bfbe6fcbb929f
raw/chr2_100_guides_correctness_20260812T142104Z/batches/correctness/columba/pilot/batch_005/guide_order.sha256	296	7da0123dd41a59d58725614ac3af1f40a7c467cb018152e90dc3f02734f54f08
raw/chr2_100_guides_correctness_20260812T142104Z/batches/correctness/columba/pilot/batch_005/guide_order.txt	190	41949cbce08e36797dbe93d71632863770394240343d9ab011204bf67cb36668
raw/chr2_100_guides_correctness_20260812T142104Z/batches/correctness/columba/pilot/batch_005/guide_results.tsv	2278	65c8299d3be9bbc2e81de3ee2c281a67fe7af3e9914595b9c51056799b1eb923
raw/chr2_100_guides_correctness_20260812T142104Z/batches/correctness/columba/pilot/batch_005/guides/chr2_100_guide_041/command.txt	563	30cba1b219eac92aec6574ad03489b494a44c5bdebabaaada5328779b5fa2c91
raw/chr2_100_guides_correctness_20260812T142104Z/batches/correctness/columba/pilot/batch_005/guides/chr2_100_guide_041/metrics.tsv	299	d3ae5a16a2423725d3f0c12c60362d2c85c01b291f18599e7358a00351241c7c
raw/chr2_100_guides_correctness_20260812T142104Z/batches/correctness/columba/pilot/batch_005/guides/chr2_100_guide_041/output.paf	2614	8070cc6254dbd7400f00e542aebc46064420209347e35f7023b57f21d061da7a
raw/chr2_100_guides_correctness_20260812T142104Z/batches/correctness/columba/pilot/batch_005/guides/chr2_100_guide_041/stderr.txt	183706	d3f3b337670ce984689ff0bb85631e250be1bc3429ce5fba4ffb2bb3937ec178
raw/chr2_100_guides_correctness_20260812T142104Z/batches/correctness/columba/pilot/batch_005/guides/chr2_100_guide_042/command.txt	563	f9a07537c27d82c94bc28b5064aa1fa40a4d7decca36d0a7c38aeb0f88e8469b
raw/chr2_100_guides_correctness_20260812T142104Z/batches/correctness/columba/pilot/batch_005/guides/chr2_100_guide_042/metrics.tsv	296	c268e9d986fbda44f72fbcc2938263c186c85fa0adf0e25852e2dc684c9108e6
raw/chr2_100_guides_correctness_20260812T142104Z/batches/correctness/columba/pilot/batch_005/guides/chr2_100_guide_042/output.paf	327	f39f28fe69eef0f7d667134ff138ac8377919b12741a2e690ddd03eb62748726
raw/chr2_100_guides_correctness_20260812T142104Z/batches/correctness/columba/pilot/batch_005/guides/chr2_100_guide_042/stderr.txt	3561	820466ad53d6cdaacefb6330c0dc039b70f786029d072c82e41b8edfc4d26f9d
raw/chr2_100_guides_correctness_20260812T142104Z/batches/correctness/columba/pilot/batch_005/guides/chr2_100_guide_043/command.txt	563	5e48812f9f774c8477a655fca5944e5e7374fce099f5f7488453f74bc6e4baa0
raw/chr2_100_guides_correctness_20260812T142104Z/batches/correctness/columba/pilot/batch_005/guides/chr2_100_guide_043/metrics.tsv	295	6f7fb3a583f83f0c27a53cca1b8aa6d5ff90c3bdacc16443a584cb52aca571e1
raw/chr2_100_guides_correctness_20260812T142104Z/batches/correctness/columba/pilot/batch_005/guides/chr2_100_guide_043/output.paf	107	c5aef2b2dc9b811d70509f0600268cfeeea951a45e2dd18e91e0d25bcac4d376
raw/chr2_100_guides_correctness_20260812T142104Z/batches/correctness/columba/pilot/batch_005/guides/chr2_100_guide_043/stderr.txt	560	8a58a337372c0eee446d7cb96c3bab42da45df9d81a8def14f3ad3d5591093eb
raw/chr2_100_guides_correctness_20260812T142104Z/batches/correctness/columba/pilot/batch_005/guides/chr2_100_guide_044/command.txt	563	72e1f134534f08ce24f4fcb59e90ab89d77dc0ead19bf7785069c583bbd70fb2
raw/chr2_100_guides_correctness_20260812T142104Z/batches/correctness/columba/pilot/batch_005/guides/chr2_100_guide_044/metrics.tsv	295	0553998226acd7916fd89101468d3528436c685f4c6161653a329a46271e6efe
raw/chr2_100_guides_correctness_20260812T142104Z/batches/correctness/columba/pilot/batch_005/guides/chr2_100_guide_044/output.paf	107	5be3bb64196bba4de7ff72f4ddc64a4237957ea9dfe8c50b732a0406977860fe
raw/chr2_100_guides_correctness_20260812T142104Z/batches/correctness/columba/pilot/batch_005/guides/chr2_100_guide_044/stderr.txt	839	3503f9bc05dc0024e12db7bde8286ab8f98f21470177b220998051ec043f94b0
raw/chr2_100_guides_correctness_20260812T142104Z/batches/correctness/columba/pilot/batch_005/guides/chr2_100_guide_045/command.txt	563	d82fa510b341e1e789977e4747981f96642ad223570e11a8448240cdaebad78e
raw/chr2_100_guides_correctness_20260812T142104Z/batches/correctness/columba/pilot/batch_005/guides/chr2_100_guide_045/metrics.tsv	296	3aabbf4d1b02b96b8449a30d2bee268a54bec5f0b21074cfe0d1864fbde022b7
raw/chr2_100_guides_correctness_20260812T142104Z/batches/correctness/columba/pilot/batch_005/guides/chr2_100_guide_045/output.paf	218	d8ef2d6550ad1596297ca916d57d867254ee05e8e3b89a5123064cdbf33a4dbc
raw/chr2_100_guides_correctness_20260812T142104Z/batches/correctness/columba/pilot/batch_005/guides/chr2_100_guide_045/stderr.txt	1118	e3800056b46106c84d2467c3781f76a53bdafb3e14fac5e6973e2bda03396c17
raw/chr2_100_guides_correctness_20260812T142104Z/batches/correctness/columba/pilot/batch_005/guides/chr2_100_guide_046/command.txt	563	1a6acd5d4567a0c3cafb4e17d381c80c24eea4694189980ba22baa4c78b5ae79
raw/chr2_100_guides_correctness_20260812T142104Z/batches/correctness/columba/pilot/batch_005/guides/chr2_100_guide_046/metrics.tsv	298	2386a79fec2773a73eacb45c021aa424edf22324b989d5795f04d6d18021ed94
raw/chr2_100_guides_correctness_20260812T142104Z/batches/correctness/columba/pilot/batch_005/guides/chr2_100_guide_046/output.paf	2382	7ba82e231d05e8ec379d5b63b5ffd61e5e7323d490edb98bfed80f0c6944284e
raw/chr2_100_guides_correctness_20260812T142104Z/batches/correctness/columba/pilot/batch_005/guides/chr2_100_guide_046/stderr.txt	38569	2733abc54034fe6815881a1281a9f2ed5a71c0a659def2cb34fa79f32ed66117
raw/chr2_100_guides_correctness_20260812T142104Z/batches/correctness/columba/pilot/batch_005/guides/chr2_100_guide_047/command.txt	563	711eb5351e791441040a30b356f5f70b702a439e218e6df4871717f7269ac15c
raw/chr2_100_guides_correctness_20260812T142104Z/batches/correctness/columba/pilot/batch_005/guides/chr2_100_guide_047/metrics.tsv	298	51717e3a35773ded6b7bce324b7b23c41dc2af37d27c58a4dc4f5ddce2149b55
raw/chr2_100_guides_correctness_20260812T142104Z/batches/correctness/columba/pilot/batch_005/guides/chr2_100_guide_047/output.paf	327	a74bfa99df1a56ee1b041c38bc8fb257a5e0ddb7cba5265a9ea140ec2bfe9b39
raw/chr2_100_guides_correctness_20260812T142104Z/batches/correctness/columba/pilot/batch_005/guides/chr2_100_guide_047/stderr.txt	134276	77f1df908686cb2b21a8653a7a7ec9672504f10993b8a0bdc626ebec4dc2e542
raw/chr2_100_guides_correctness_20260812T142104Z/batches/correctness/columba/pilot/batch_005/guides/chr2_100_guide_048/command.txt	563	c177a426fe0c04063114aa48fb7b69a9234150b2e87e9552b829e78b2570e132
raw/chr2_100_guides_correctness_20260812T142104Z/batches/correctness/columba/pilot/batch_005/guides/chr2_100_guide_048/metrics.tsv	295	4949c5947b4bcab7fb39df995f49b694b9aad184a2eff8c3938035a765b2b135
raw/chr2_100_guides_correctness_20260812T142104Z/batches/correctness/columba/pilot/batch_005/guides/chr2_100_guide_048/output.paf	218	ca2b5657752a6136af93ce94b0141600b7a4ef3c355b01f25ce63a7c16a005f2
raw/chr2_100_guides_correctness_20260812T142104Z/batches/correctness/columba/pilot/batch_005/guides/chr2_100_guide_048/stderr.txt	747	e23b541fb51a2c0de61d43313ab5bef13b817d1c50834c0a069f45a23c4c636d
raw/chr2_100_guides_correctness_20260812T142104Z/batches/correctness/columba/pilot/batch_005/guides/chr2_100_guide_049/command.txt	563	30ee7e3872bba91843c3a0087ea8d5a7b58179ab0316f396716a858d2bf31b59
raw/chr2_100_guides_correctness_20260812T142104Z/batches/correctness/columba/pilot/batch_005/guides/chr2_100_guide_049/metrics.tsv	296	3f11c91c16936340cf321c57ef2914ed533381f6150c1808a4da28cc39c3482c
raw/chr2_100_guides_correctness_20260812T142104Z/batches/correctness/columba/pilot/batch_005/guides/chr2_100_guide_049/output.paf	107	2299ea9435c0020f18baac07162b342f90b144a6602120c2bc1e0d73615a15a6
raw/chr2_100_guides_correctness_20260812T142104Z/batches/correctness/columba/pilot/batch_005/guides/chr2_100_guide_049/stderr.txt	1406	996113d73dc8497963d3aa8ba09ef3d6a8504444fe5615909e1ca6b7cfb94b02
raw/chr2_100_guides_correctness_20260812T142104Z/batches/correctness/columba/pilot/batch_005/guides/chr2_100_guide_050/command.txt	563	e83e555f594d55e21f6e9d83d2d21aacd47fe9a58c10965c90cd8ff2f8ac4a23
raw/chr2_100_guides_correctness_20260812T142104Z/batches/correctness/columba/pilot/batch_005/guides/chr2_100_guide_050/metrics.tsv	295	9751fcfef72d86ef0b8393d8f2db70bb4877b2cc0f2ecd6c12620bbb91712d97
raw/chr2_100_guides_correctness_20260812T142104Z/batches/correctness/columba/pilot/batch_005/guides/chr2_100_guide_050/output.paf	107	cf48956c67e54b1e7a8cdb066882ff8398ce3dded5d7e4117a8c857968c4e440
raw/chr2_100_guides_correctness_20260812T142104Z/batches/correctness/columba/pilot/batch_005/guides/chr2_100_guide_050/stderr.txt	281	71a853eeafcf3d1fca92789fbbbccbc6854f7c0db92e032c22ed1b6e3acc3fb0
raw/chr2_100_guides_correctness_20260812T142104Z/batches/correctness/columba/pilot/batch_006/SUCCESS	0	e3b0c44298fc1c149afbf4c8996fb92427ae41e4649b934ca495991b7852b855
raw/chr2_100_guides_correctness_20260812T142104Z/batches/correctness/columba/pilot/batch_006/environment.tsv	596	0eeb424fcb4a51f194babd62a84e0bac3753a19338523077e1738f01af75d7f5
raw/chr2_100_guides_correctness_20260812T142104Z/batches/correctness/columba/pilot/batch_006/guide_ids.txt	190	fd96d52942fd41ba57d3d4e5daf50ffe100a069c0541c94777156f8597798697
raw/chr2_100_guides_correctness_20260812T142104Z/batches/correctness/columba/pilot/batch_006/guide_order.sha256	296	d4e034d542b7b6cf0aea7485500b04c6fd03836a9750ec8f73f5eddc1eaa660c
raw/chr2_100_guides_correctness_20260812T142104Z/batches/correctness/columba/pilot/batch_006/guide_order.txt	190	b822e2b800b929990fce4dfb788ce23c92af107a1a8c3c7de454bbfc7998dd9a
raw/chr2_100_guides_correctness_20260812T142104Z/batches/correctness/columba/pilot/batch_006/guide_results.tsv	2280	7a316dd5b9d7c7bf1fe6cdc56d57c22c9650272c8bf17c20e1f8fab439c0a229
raw/chr2_100_guides_correctness_20260812T142104Z/batches/correctness/columba/pilot/batch_006/guides/chr2_100_guide_051/command.txt	563	aee738f5bb8b50a366e4a332b0a8ea1245016d864b81883c615ef3e17b58e33e
raw/chr2_100_guides_correctness_20260812T142104Z/batches/correctness/columba/pilot/batch_006/guides/chr2_100_guide_051/metrics.tsv	299	69003b95bcad692e7869d997675c435f4a7910c90f6b04004df8d1083152da3f
raw/chr2_100_guides_correctness_20260812T142104Z/batches/correctness/columba/pilot/batch_006/guides/chr2_100_guide_051/output.paf	107	c86006645507230946bb4bfe446a2c8b5186d0a69ac04a9917743c4b3671dbac
raw/chr2_100_guides_correctness_20260812T142104Z/batches/correctness/columba/pilot/batch_006/guides/chr2_100_guide_051/stderr.txt	10666	c644933ba63bdd8ce2760e502a31e00344477c78511ea708720064ff44f5df5c
raw/chr2_100_guides_correctness_20260812T142104Z/batches/correctness/columba/pilot/batch_006/guides/chr2_100_guide_052/command.txt	563	bf4242590c92fe7cb976a5017165e9becfa90bedfabe603ef559a868667282bd
raw/chr2_100_guides_correctness_20260812T142104Z/batches/correctness/columba/pilot/batch_006/guides/chr2_100_guide_052/metrics.tsv	296	c5d24c165e0a02c24ed8118dd6520778d4748713ef06cad7b6233c54d64748bc
raw/chr2_100_guides_correctness_20260812T142104Z/batches/correctness/columba/pilot/batch_006/guides/chr2_100_guide_052/output.paf	769	07a3e96ac2952866d5f9ce37f2811cf081ac338e00ef987fe7520758c3b9ed96
raw/chr2_100_guides_correctness_20260812T142104Z/batches/correctness/columba/pilot/batch_006/guides/chr2_100_guide_052/stderr.txt	3183	7a97ce71309e21d4ca3938772fc9109c6d77d018f42d840ba07eb4d099ab26fc
raw/chr2_100_guides_correctness_20260812T142104Z/batches/correctness/columba/pilot/batch_006/guides/chr2_100_guide_053/command.txt	563	9da4991f706429c4620e32231dd061788c48b2924e6cfcad0164a5498d40a9ca
raw/chr2_100_guides_correctness_20260812T142104Z/batches/correctness/columba/pilot/batch_006/guides/chr2_100_guide_053/metrics.tsv	295	9321fe9941783af640f46906ce972c102f684c8ecbcb34ff208088c1befe0200
raw/chr2_100_guides_correctness_20260812T142104Z/batches/correctness/columba/pilot/batch_006/guides/chr2_100_guide_053/output.paf	218	dd6ffe568e7b86866b475c9979fea3e126007afe9be1d59b4f5722b9100abf1a
raw/chr2_100_guides_correctness_20260812T142104Z/batches/correctness/columba/pilot/batch_006/guides/chr2_100_guide_053/stderr.txt	188	3e465c0c4ebbd3fba58ded9d32ee396a585816c5dcbc59ed55469798307ceaf8
raw/chr2_100_guides_correctness_20260812T142104Z/batches/correctness/columba/pilot/batch_006/guides/chr2_100_guide_054/command.txt	563	7a2f757865eeeca1a6661bc4871b0cb28f842a3610990ff8fb21cd20f637e363
raw/chr2_100_guides_correctness_20260812T142104Z/batches/correctness/columba/pilot/batch_006/guides/chr2_100_guide_054/metrics.tsv	299	2953aa89b73990ea70a5697903f46386f795984013f80d77e4bf693f92c8087f
raw/chr2_100_guides_correctness_20260812T142104Z/batches/correctness/columba/pilot/batch_006/guides/chr2_100_guide_054/output.paf	47109	2bf0d8fc7bc6d02fb38553aebf3184c4322ff1fb3292da188cd5fc802e0e003b
raw/chr2_100_guides_correctness_20260812T142104Z/batches/correctness/columba/pilot/batch_006/guides/chr2_100_guide_054/stderr.txt	57263	2297405cab72210f9bb90fddd96889e07d066c4eb5e53117e6ddb3a3994199ad
raw/chr2_100_guides_correctness_20260812T142104Z/batches/correctness/columba/pilot/batch_006/guides/chr2_100_guide_055/command.txt	563	41fd1971b49e3234a959ee1a396c19872df0c852c8eeac749725d6c96af885b1
raw/chr2_100_guides_correctness_20260812T142104Z/batches/correctness/columba/pilot/batch_006/guides/chr2_100_guide_055/metrics.tsv	295	7d7dbe244dfc673a6fcc48b8e90e4a71be9de55e565ffc3148490d1b4f02a0c3
raw/chr2_100_guides_correctness_20260812T142104Z/batches/correctness/columba/pilot/batch_006/guides/chr2_100_guide_055/output.paf	107	c3c54da4b3b1f3b503865b61494f292527b3437aa387a0286081158514f6aae1
raw/chr2_100_guides_correctness_20260812T142104Z/batches/correctness/columba/pilot/batch_006/guides/chr2_100_guide_055/stderr.txt	375	c5950d45ed0239ffca537f76d32cb881e1b3195bbb647c557de4a7bc392b276e
raw/chr2_100_guides_correctness_20260812T142104Z/batches/correctness/columba/pilot/batch_006/guides/chr2_100_guide_056/command.txt	563	0d6d3bf4015555b3c639eff50fa9af5333db4e741cbf33abdebe4701005b63dd
raw/chr2_100_guides_correctness_20260812T142104Z/batches/correctness/columba/pilot/batch_006/guides/chr2_100_guide_056/metrics.tsv	295	b662eab2f7e56f7a089ab86edc7ea0ec6d6fb72ed258fdc134217c4ef3f0f869
raw/chr2_100_guides_correctness_20260812T142104Z/batches/correctness/columba/pilot/batch_006/guides/chr2_100_guide_056/output.paf	107	2738df1e9d822f388885c2d53ebc44bc1443fb8ac7ec8a4ccba90ec9cf7cf1a3
raw/chr2_100_guides_correctness_20260812T142104Z/batches/correctness/columba/pilot/batch_006/guides/chr2_100_guide_056/stderr.txt	750	679ce8afb980ee31fec0fcf865f42f39c724d4bfaa7d4a271072fa5767872713
raw/chr2_100_guides_correctness_20260812T142104Z/batches/correctness/columba/pilot/batch_006/guides/chr2_100_guide_057/command.txt	563	253f25479044478e7a5a332f9f2259ee698b8ccd214695df23104fd112d8bc39
raw/chr2_100_guides_correctness_20260812T142104Z/batches/correctness/columba/pilot/batch_006/guides/chr2_100_guide_057/metrics.tsv	295	c2ba4cacaa2e338dca2a7d38cae70a81006dc342f2043556ab3fba02262b062d
raw/chr2_100_guides_correctness_20260812T142104Z/batches/correctness/columba/pilot/batch_006/guides/chr2_100_guide_057/output.paf	107	fd695fc724b9cf1f61c94765059e1dd184f692b3e9f4c4475cc565a98d7d9673
raw/chr2_100_guides_correctness_20260812T142104Z/batches/correctness/columba/pilot/batch_006/guides/chr2_100_guide_057/stderr.txt	750	e82d35d0c889df3d8620df0ee4aab69d523c1de8c27083b510e6e6bb8a7450fa
raw/chr2_100_guides_correctness_20260812T142104Z/batches/correctness/columba/pilot/batch_006/guides/chr2_100_guide_058/command.txt	563	d6c7da5b56991063c5a2718dabfd033dcef81cc221fd725e1c778f40396f7b6b
raw/chr2_100_guides_correctness_20260812T142104Z/batches/correctness/columba/pilot/batch_006/guides/chr2_100_guide_058/metrics.tsv	296	97aec8cd256ec5be77d8e7d7886cec563b81198b089f702a47c0f41a2af8fa75
raw/chr2_100_guides_correctness_20260812T142104Z/batches/correctness/columba/pilot/batch_006/guides/chr2_100_guide_058/output.paf	107	7e37b9cbf165a9c7568f5f3fab3ace0702b3f7c9e336910584fd4953f82ea01f
raw/chr2_100_guides_correctness_20260812T142104Z/batches/correctness/columba/pilot/batch_006/guides/chr2_100_guide_058/stderr.txt	2053	7a78f6bfc4f91f61824dfc076fc71282082a14ca940a679550edb433382fb728
raw/chr2_100_guides_correctness_20260812T142104Z/batches/correctness/columba/pilot/batch_006/guides/chr2_100_guide_059/command.txt	563	8323a69600ddfa7a4f6a3e47aa4bdb98ba8219eea2e95959467f38af57f49e08
raw/chr2_100_guides_correctness_20260812T142104Z/batches/correctness/columba/pilot/batch_006/guides/chr2_100_guide_059/metrics.tsv	293	850e69343eeebe54c66f33268e2aeff4c440a35df6ae98c74cdbf9431e138e96
raw/chr2_100_guides_correctness_20260812T142104Z/batches/correctness/columba/pilot/batch_006/guides/chr2_100_guide_059/output.paf	107	936c9e555da89573d21ba0842dce1ca9fa2b05df2ef89d72a1f692b65c072786
raw/chr2_100_guides_correctness_20260812T142104Z/batches/correctness/columba/pilot/batch_006/guides/chr2_100_guide_059/stderr.txt	0	e3b0c44298fc1c149afbf4c8996fb92427ae41e4649b934ca495991b7852b855
raw/chr2_100_guides_correctness_20260812T142104Z/batches/correctness/columba/pilot/batch_006/guides/chr2_100_guide_060/command.txt	563	226406e70c0d124c67766021c1917c2db79f09425aa685d772d00ca1f189431f
raw/chr2_100_guides_correctness_20260812T142104Z/batches/correctness/columba/pilot/batch_006/guides/chr2_100_guide_060/metrics.tsv	296	ef075ff9e0cef45b7c38f294acbb0423e9a4ab5467459a2a4543fd3ef0a69248
raw/chr2_100_guides_correctness_20260812T142104Z/batches/correctness/columba/pilot/batch_006/guides/chr2_100_guide_060/output.paf	549	107863b98005a36126f8385cc08b8db7fae9c0e8a39d20edb74e7d7a5dd74e56
raw/chr2_100_guides_correctness_20260812T142104Z/batches/correctness/columba/pilot/batch_006/guides/chr2_100_guide_060/stderr.txt	1775	376392c0fb07ff2de9bc0e0194ab7acd85f3b5b91fd7af17febcd42821b59a53
raw/chr2_100_guides_correctness_20260812T142104Z/batches/correctness/columba/pilot/batch_007/SUCCESS	0	e3b0c44298fc1c149afbf4c8996fb92427ae41e4649b934ca495991b7852b855
raw/chr2_100_guides_correctness_20260812T142104Z/batches/correctness/columba/pilot/batch_007/environment.tsv	596	210988a42e8b0148029b98e13ca7abf82d1d72933ca5aec9fd2a8ee28d361e66
raw/chr2_100_guides_correctness_20260812T142104Z/batches/correctness/columba/pilot/batch_007/guide_ids.txt	190	0dd11db7f8c026b9cb0e2335d561eee55d3e287255d393c0616e4623554f31d0
raw/chr2_100_guides_correctness_20260812T142104Z/batches/correctness/columba/pilot/batch_007/guide_order.sha256	296	28517482d1efaa5a1abdddf0f34d96f80062c4a74457e1590a544f1d3670d4e0
raw/chr2_100_guides_correctness_20260812T142104Z/batches/correctness/columba/pilot/batch_007/guide_order.txt	190	201cbe1cf2989a15104795b1c04fc04cb1b1aa0958e7eed5728cba5e14104d3f
raw/chr2_100_guides_correctness_20260812T142104Z/batches/correctness/columba/pilot/batch_007/guide_results.tsv	2279	7757e88fe077a54f080b92c60412235843f0388d7100481548b757c279b36bb2
raw/chr2_100_guides_correctness_20260812T142104Z/batches/correctness/columba/pilot/batch_007/guides/chr2_100_guide_061/command.txt	563	e03f5c9888d89540a6ad88f29b898a71239acf2b9cec0cf7ee6042e5c3525ab0
raw/chr2_100_guides_correctness_20260812T142104Z/batches/correctness/columba/pilot/batch_007/guides/chr2_100_guide_061/metrics.tsv	297	fdaf89f2fcf5234ca0007bce958156b090bb2f2b70ffd80adf6127e5fc5ff53b
raw/chr2_100_guides_correctness_20260812T142104Z/batches/correctness/columba/pilot/batch_007/guides/chr2_100_guide_061/output.paf	107	08cec366ada6b0833303064841934628d26f112b297b0c2107ecfafdd9974fb5
raw/chr2_100_guides_correctness_20260812T142104Z/batches/correctness/columba/pilot/batch_007/guides/chr2_100_guide_061/stderr.txt	654	ee6078332409254f44c471382cabc3a37b616afecdc2ca6a1fbb09df9323985b
raw/chr2_100_guides_correctness_20260812T142104Z/batches/correctness/columba/pilot/batch_007/guides/chr2_100_guide_062/command.txt	563	73d86c5296f682ded4aea852f9a5a69bd26eb99cd7e88bd9e3e8b83e1a9c51e5
raw/chr2_100_guides_correctness_20260812T142104Z/batches/correctness/columba/pilot/batch_007/guides/chr2_100_guide_062/metrics.tsv	297	c212d0d90da2869567bc843747ec76671fb46d2152b18650a311a04a3ee3cbe6
raw/chr2_100_guides_correctness_20260812T142104Z/batches/correctness/columba/pilot/batch_007/guides/chr2_100_guide_062/output.paf	763	98f0a3ab624851f48af6e828adc08b1c3f752efbde0b726db7c6b406069274ce
raw/chr2_100_guides_correctness_20260812T142104Z/batches/correctness/columba/pilot/batch_007/guides/chr2_100_guide_062/stderr.txt	42287	aa196a98babebc6555f9cc195ed5d00e988ec1ba58079172e28b59c7157aaaab
raw/chr2_100_guides_correctness_20260812T142104Z/batches/correctness/columba/pilot/batch_007/guides/chr2_100_guide_063/command.txt	563	59aa8956208fde80a0a4d1548f17ce7d25b73d9674607afb34c5126066338007
raw/chr2_100_guides_correctness_20260812T142104Z/batches/correctness/columba/pilot/batch_007/guides/chr2_100_guide_063/metrics.tsv	299	d0540e6cf88a12790126faa6f52757d8a0f08c0c2c36f68716374dcbfdcbe9a2
raw/chr2_100_guides_correctness_20260812T142104Z/batches/correctness/columba/pilot/batch_007/guides/chr2_100_guide_063/output.paf	5777	222e8773ddb128397dfeb85789628189ade9947845a456a62c15504c5ff9643a
raw/chr2_100_guides_correctness_20260812T142104Z/batches/correctness/columba/pilot/batch_007/guides/chr2_100_guide_063/stderr.txt	403999	776492fb94e324a5541966f194af1c5c105ed3716fb9a090d13266fac763e79f
raw/chr2_100_guides_correctness_20260812T142104Z/batches/correctness/columba/pilot/batch_007/guides/chr2_100_guide_064/command.txt	563	e5d84cb4a0b514ce5714775db2e03bf90a59677ac472c7bf9478e5c63b01d1fd
raw/chr2_100_guides_correctness_20260812T142104Z/batches/correctness/columba/pilot/batch_007/guides/chr2_100_guide_064/metrics.tsv	295	c7f80218a407ff7eaf8b2d2c814075f934b3665a993b9849d9e93fda935d92fb
raw/chr2_100_guides_correctness_20260812T142104Z/batches/correctness/columba/pilot/batch_007/guides/chr2_100_guide_064/output.paf	107	8d8176e87a0e17abc3da278c2d15dbefb32f38966c3e9b920ec4fd05af1515f2
raw/chr2_100_guides_correctness_20260812T142104Z/batches/correctness/columba/pilot/batch_007/guides/chr2_100_guide_064/stderr.txt	559	dc387e67d8e1a3887843c03b1fa3d0935483024100b8d94a5e7a479a769ba21b
raw/chr2_100_guides_correctness_20260812T142104Z/batches/correctness/columba/pilot/batch_007/guides/chr2_100_guide_065/command.txt	563	4275a03bf32fc2d278e7f096880d4f4abb2ec010e1108fc14e48ee750cb36a0b
raw/chr2_100_guides_correctness_20260812T142104Z/batches/correctness/columba/pilot/batch_007/guides/chr2_100_guide_065/metrics.tsv	296	dc44bf4814fc8f4a8024c6b8cf3db6e0de5f701aba457c4f515e4e07dc0df713
raw/chr2_100_guides_correctness_20260812T142104Z/batches/correctness/columba/pilot/batch_007/guides/chr2_100_guide_065/output.paf	325	ff4c022cc7bfd5971ff7153c7ebc27a7fd82998085a719bbbf8f50da4f9d2905
raw/chr2_100_guides_correctness_20260812T142104Z/batches/correctness/columba/pilot/batch_007/guides/chr2_100_guide_065/stderr.txt	2808	ff3e12c7378d34265314a814ef8a4463100e2bb99066d1cc06ae7de824246d82
raw/chr2_100_guides_correctness_20260812T142104Z/batches/correctness/columba/pilot/batch_007/guides/chr2_100_guide_066/command.txt	563	18fff86eb3e5b61608257c4ececb27473ff35ce35aae8fadf81068e718c4882c
raw/chr2_100_guides_correctness_20260812T142104Z/batches/correctness/columba/pilot/batch_007/guides/chr2_100_guide_066/metrics.tsv	296	bbbaa77c5424a3c79150de59c4dd6273765dc2d2d4530a7aa13cb9ab7b8c872e
raw/chr2_100_guides_correctness_20260812T142104Z/batches/correctness/columba/pilot/batch_007/guides/chr2_100_guide_066/output.paf	107	d4828479545e963e81cc8217ea587128ced9df383e59ab56a5b8e656e1c25c41
raw/chr2_100_guides_correctness_20260812T142104Z/batches/correctness/columba/pilot/batch_007/guides/chr2_100_guide_066/stderr.txt	1309	47cd55ecc73a96f250443864be8a32e01e18919036f61c781a76c17a0a6da907
raw/chr2_100_guides_correctness_20260812T142104Z/batches/correctness/columba/pilot/batch_007/guides/chr2_100_guide_067/command.txt	563	fe09e9c8f37990577ff29b44d190653f58fd2ca128597229a39e340bbc935e8e
raw/chr2_100_guides_correctness_20260812T142104Z/batches/correctness/columba/pilot/batch_007/guides/chr2_100_guide_067/metrics.tsv	296	01d7fc0db52ea5f7799cd150a04182aa536812cfa11b56c9f0f523a31762c52a
raw/chr2_100_guides_correctness_20260812T142104Z/batches/correctness/columba/pilot/batch_007/guides/chr2_100_guide_067/output.paf	327	b8b558b4dce1ccbcd2dd2f32a97dadb1ff6cdd7871f44ff4bc59fe04bf9aabfc
raw/chr2_100_guides_correctness_20260812T142104Z/batches/correctness/columba/pilot/batch_007/guides/chr2_100_guide_067/stderr.txt	2053	bf31c5bd206d570b781f2a952b581fa601a8335f2ad52b310a405483eb1107b4
raw/chr2_100_guides_correctness_20260812T142104Z/batches/correctness/columba/pilot/batch_007/guides/chr2_100_guide_068/command.txt	563	967aa5f7c32d791f8e796fb74ef7520ded99c32f194871ce7f6f4213d9e9a422
raw/chr2_100_guides_correctness_20260812T142104Z/batches/correctness/columba/pilot/batch_007/guides/chr2_100_guide_068/metrics.tsv	296	ddd6b8b2096020470ba96fea3776ac7b7441268b5ff524ce89b92c29d49f769e
raw/chr2_100_guides_correctness_20260812T142104Z/batches/correctness/columba/pilot/batch_007/guides/chr2_100_guide_068/output.paf	216	197247c9d653d2615364c25804978058527b926cc08455ebc0717a00cc887897
raw/chr2_100_guides_correctness_20260812T142104Z/batches/correctness/columba/pilot/batch_007/guides/chr2_100_guide_068/stderr.txt	1027	df44134e47fe199ad3c116d5f7b86067887f9fbfdc90c33e5e3fabaf890111a2
raw/chr2_100_guides_correctness_20260812T142104Z/batches/correctness/columba/pilot/batch_007/guides/chr2_100_guide_069/command.txt	563	e2b80f865a5f35f1f62166b412f4ab158e3dca81ebfb67ecd87e316ab12f26ed
raw/chr2_100_guides_correctness_20260812T142104Z/batches/correctness/columba/pilot/batch_007/guides/chr2_100_guide_069/metrics.tsv	295	0f0f68374383ade10fba53b5f53e7083c7b3a47c407b92380fe81f6bd07673f7
raw/chr2_100_guides_correctness_20260812T142104Z/batches/correctness/columba/pilot/batch_007/guides/chr2_100_guide_069/output.paf	107	2aceda26441b8d2230c3cddf2578bec3a0110748c19ffe14fe682f38c418bd5d
raw/chr2_100_guides_correctness_20260812T142104Z/batches/correctness/columba/pilot/batch_007/guides/chr2_100_guide_069/stderr.txt	281	b1ee32ace9952c80659d08e8ce79c5af62a7f09bf3d868c78c9c0f277982d8d4
raw/chr2_100_guides_correctness_20260812T142104Z/batches/correctness/columba/pilot/batch_007/guides/chr2_100_guide_070/command.txt	563	df9eb5b4d429b577ae450b602595a60c785e232e26828dab53e97449f17baf55
raw/chr2_100_guides_correctness_20260812T142104Z/batches/correctness/columba/pilot/batch_007/guides/chr2_100_guide_070/metrics.tsv	295	39cc465f672bdca6129a5693fc73b020b11d0445b8c7aca52f8254724edde93a
raw/chr2_100_guides_correctness_20260812T142104Z/batches/correctness/columba/pilot/batch_007/guides/chr2_100_guide_070/output.paf	107	4a6150b44f776e1d1413f60c0d0ad7df8353f1ae1d7aa3c08eb7b75be4b4e5de
raw/chr2_100_guides_correctness_20260812T142104Z/batches/correctness/columba/pilot/batch_007/guides/chr2_100_guide_070/stderr.txt	932	4d19b0dbabc6a6219332f38b6fb8106ad6d651d3b89e43d79f3a05c34deff0fd
raw/chr2_100_guides_correctness_20260812T142104Z/batches/correctness/columba/pilot/batch_008/SUCCESS	0	e3b0c44298fc1c149afbf4c8996fb92427ae41e4649b934ca495991b7852b855
raw/chr2_100_guides_correctness_20260812T142104Z/batches/correctness/columba/pilot/batch_008/environment.tsv	596	7a0630ab1317bb105e4cd6519ea738bfbc74bb2a28002e9eba5da589c3865748
raw/chr2_100_guides_correctness_20260812T142104Z/batches/correctness/columba/pilot/batch_008/guide_ids.txt	190	a133534ef4df18c384cdb6732d683199dade2d6d695216f8450c12880ca1b965
raw/chr2_100_guides_correctness_20260812T142104Z/batches/correctness/columba/pilot/batch_008/guide_order.sha256	296	254db2b7f253753511b4748031edecf1dfe9388619d5dcee9b04786a4f0bda6f
raw/chr2_100_guides_correctness_20260812T142104Z/batches/correctness/columba/pilot/batch_008/guide_order.txt	190	085fc4eb42fc5cf5eba0b0ba95b2ddd53dc039d11662014c99b8878253167608
raw/chr2_100_guides_correctness_20260812T142104Z/batches/correctness/columba/pilot/batch_008/guide_results.tsv	2278	d7534adc942b9297c5405488d0de2532eedab3d4b22d208b7cdbd975b54afdb4
raw/chr2_100_guides_correctness_20260812T142104Z/batches/correctness/columba/pilot/batch_008/guides/chr2_100_guide_071/command.txt	563	02bed9ed5e956f03a5f1009dfe4d15d10b0b11891bf5bab25ca46b10890806be
raw/chr2_100_guides_correctness_20260812T142104Z/batches/correctness/columba/pilot/batch_008/guides/chr2_100_guide_071/metrics.tsv	298	db8614e901c2ce33f874af0fc5d043bd6fda9e52aabb9ba4c45de5d0076f4a6d
raw/chr2_100_guides_correctness_20260812T142104Z/batches/correctness/columba/pilot/batch_008/guides/chr2_100_guide_071/output.paf	646	3dbd6e701f6d5d7ad93846b44df9e239f86eec62d2eec993b32e9366faa91899
raw/chr2_100_guides_correctness_20260812T142104Z/batches/correctness/columba/pilot/batch_008/guides/chr2_100_guide_071/stderr.txt	56054	1135dcf1f1153f20a985621909f6229b1e658499a7f5cc9e6b9bc104612fae97
raw/chr2_100_guides_correctness_20260812T142104Z/batches/correctness/columba/pilot/batch_008/guides/chr2_100_guide_072/command.txt	563	2c3edd79dbc0d3bac99cdea887aa378cc284965179dd83314562296dc478cbbd
raw/chr2_100_guides_correctness_20260812T142104Z/batches/correctness/columba/pilot/batch_008/guides/chr2_100_guide_072/metrics.tsv	296	f6523d2b7c02f0aa47a58655b40231e150bd4feee541faa769d1fdc68c524d50
raw/chr2_100_guides_correctness_20260812T142104Z/batches/correctness/columba/pilot/batch_008/guides/chr2_100_guide_072/output.paf	107	5d1eaf11968d604209b54a81f8a3d6d1615221dbc7faf6cded5b7cea63acebf2
raw/chr2_100_guides_correctness_20260812T142104Z/batches/correctness/columba/pilot/batch_008/guides/chr2_100_guide_072/stderr.txt	1122	359b96d909106a8984347399431a33ff204a5e94dad2bcd8bcb1549edd0276ad
raw/chr2_100_guides_correctness_20260812T142104Z/batches/correctness/columba/pilot/batch_008/guides/chr2_100_guide_073/command.txt	563	587159949c71a7375b6869f9d3911ca580561de9f687d73aba6539ad0baee0de
raw/chr2_100_guides_correctness_20260812T142104Z/batches/correctness/columba/pilot/batch_008/guides/chr2_100_guide_073/metrics.tsv	295	121e5fdb2634515b75087bbf9a9cfc4360997704973019c5899857baca7ae5ff
raw/chr2_100_guides_correctness_20260812T142104Z/batches/correctness/columba/pilot/batch_008/guides/chr2_100_guide_073/output.paf	216	06e22ac54512f8a4d5cf660c7fe201354c88d8ed0ca60b8d92442b4aff37632d
raw/chr2_100_guides_correctness_20260812T142104Z/batches/correctness/columba/pilot/batch_008/guides/chr2_100_guide_073/stderr.txt	466	cc4ff614288b0eef874b4998f61ff1c9bf87e75bc71392471a92b31e861693ca
raw/chr2_100_guides_correctness_20260812T142104Z/batches/correctness/columba/pilot/batch_008/guides/chr2_100_guide_074/command.txt	563	85c388acfa7ad2cf08c05e20c7f21de6a0b904c75b0f946e273dd9284492b458
raw/chr2_100_guides_correctness_20260812T142104Z/batches/correctness/columba/pilot/batch_008/guides/chr2_100_guide_074/metrics.tsv	295	16f0a989ae3285502dbc082a5a1a9594db3d7e8ef4a8e05e773ee64b566053d2
raw/chr2_100_guides_correctness_20260812T142104Z/batches/correctness/columba/pilot/batch_008/guides/chr2_100_guide_074/output.paf	107	e64dd0f00e7e244104d25c0f65407d49f132fea8df442101c296994519f432ae
raw/chr2_100_guides_correctness_20260812T142104Z/batches/correctness/columba/pilot/batch_008/guides/chr2_100_guide_074/stderr.txt	562	6550ff87a93522900142e8b78f9fe480597356dbc3d4f82919bad35f1a3a3db7
raw/chr2_100_guides_correctness_20260812T142104Z/batches/correctness/columba/pilot/batch_008/guides/chr2_100_guide_075/command.txt	563	526340e53d8111de17f1ae7a7ffa34e53eae13c1e784357d4ab717698805653b
raw/chr2_100_guides_correctness_20260812T142104Z/batches/correctness/columba/pilot/batch_008/guides/chr2_100_guide_075/metrics.tsv	295	d9421e359623411232ac7b454d6cee2c807b0dc32cc70b6dc03f7de26878d2af
raw/chr2_100_guides_correctness_20260812T142104Z/batches/correctness/columba/pilot/batch_008/guides/chr2_100_guide_075/output.paf	216	1a85bd9b971e616ad64b51b8708fb56dd502c9fa901c055b93d1b59202d858f4
raw/chr2_100_guides_correctness_20260812T142104Z/batches/correctness/columba/pilot/batch_008/guides/chr2_100_guide_075/stderr.txt	560	c189377c028cef66a1b9f1e5dd8184e48e42ee23b87dd35b328a26baf88f3065
raw/chr2_100_guides_correctness_20260812T142104Z/batches/correctness/columba/pilot/batch_008/guides/chr2_100_guide_076/command.txt	563	19cc61240660201984f10564402d276a6e0f999828f48719f8f9ea7b9b5f849f
raw/chr2_100_guides_correctness_20260812T142104Z/batches/correctness/columba/pilot/batch_008/guides/chr2_100_guide_076/metrics.tsv	297	02270e303cbf212a9fba38ea6ef9c6a0cf3b24cd1ae6c1a3b67f28eb26dfa858
raw/chr2_100_guides_correctness_20260812T142104Z/batches/correctness/columba/pilot/batch_008/guides/chr2_100_guide_076/output.paf	323	8b8334440e7ed6dba91b504221243417ea2596bdfb93f90e24aeef3f1b09b3e5
raw/chr2_100_guides_correctness_20260812T142104Z/batches/correctness/columba/pilot/batch_008/guides/chr2_100_guide_076/stderr.txt	62605	1b3b2a935fb931dd6f08e714c8575c215c9d290189f2b33f6f9f4ca27e105556
raw/chr2_100_guides_correctness_20260812T142104Z/batches/correctness/columba/pilot/batch_008/guides/chr2_100_guide_077/command.txt	563	73539b5e4f2c8d674a94659982792522483438859733f27439abff7dc9b2183c
raw/chr2_100_guides_correctness_20260812T142104Z/batches/correctness/columba/pilot/batch_008/guides/chr2_100_guide_077/metrics.tsv	296	d282bd2e56edcc3d3791940c89e9de89d50fbc6ffa55d08cc334dd9b6ab1044e
raw/chr2_100_guides_correctness_20260812T142104Z/batches/correctness/columba/pilot/batch_008/guides/chr2_100_guide_077/output.paf	440	1405e11e7c8c777700eb869e8400834f09543ad0bdd4f4cc8a3d626b9ce28f8e
raw/chr2_100_guides_correctness_20260812T142104Z/batches/correctness/columba/pilot/batch_008/guides/chr2_100_guide_077/stderr.txt	5327	35fa34c64c2751127232ef0715df6db44e6e11f0ed42025785c620fc9a027db6
raw/chr2_100_guides_correctness_20260812T142104Z/batches/correctness/columba/pilot/batch_008/guides/chr2_100_guide_078/command.txt	563	9afa0ac08eedcc0548a15b70da465fc474b582d264a75d05ea6207e133008e12
raw/chr2_100_guides_correctness_20260812T142104Z/batches/correctness/columba/pilot/batch_008/guides/chr2_100_guide_078/metrics.tsv	296	494ab48480c672b1dabaf9aac983d8629b257590d266cd731901b90c2c49beba
raw/chr2_100_guides_correctness_20260812T142104Z/batches/correctness/columba/pilot/batch_008/guides/chr2_100_guide_078/output.paf	107	3160d7c64925f7dc5efc06b015f0479f3236e630afb3c95a1b679ce18ef52a9d
raw/chr2_100_guides_correctness_20260812T142104Z/batches/correctness/columba/pilot/batch_008/guides/chr2_100_guide_078/stderr.txt	1783	10f55d473bb56b73f3c4bcdea056b2bc9587881431fad37610d31c65cefdec54
raw/chr2_100_guides_correctness_20260812T142104Z/batches/correctness/columba/pilot/batch_008/guides/chr2_100_guide_079/command.txt	563	377f115ed8e2c567c715dc50a53f18c5a7e584921cb9a6f868ebfe0ec73a1395
raw/chr2_100_guides_correctness_20260812T142104Z/batches/correctness/columba/pilot/batch_008/guides/chr2_100_guide_079/metrics.tsv	295	abe58e648bf087361b0a1be41c34d0a93f7d51d66c0e2424a44e26ea4ea55baa
raw/chr2_100_guides_correctness_20260812T142104Z/batches/correctness/columba/pilot/batch_008/guides/chr2_100_guide_079/output.paf	216	be19624b2c77cf71a45f0c94b616f4df5c19b8e6b7a45d74c7726a3980025000
raw/chr2_100_guides_correctness_20260812T142104Z/batches/correctness/columba/pilot/batch_008/guides/chr2_100_guide_079/stderr.txt	935	822d695c1cb13a4cc58ee899cea2a6f3ecb9d8601f962acd9bc6a9cb26e27e81
raw/chr2_100_guides_correctness_20260812T142104Z/batches/correctness/columba/pilot/batch_008/guides/chr2_100_guide_080/command.txt	563	7be00ec51d71542de2191fc3013ef8054c232bf00b6b7c3f83c6d9d0744262e9
raw/chr2_100_guides_correctness_20260812T142104Z/batches/correctness/columba/pilot/batch_008/guides/chr2_100_guide_080/metrics.tsv	297	ac3469cf659f67b2ab2cdadd99d7e5e86c15e13dc37915bec57d7483d01805f7
raw/chr2_100_guides_correctness_20260812T142104Z/batches/correctness/columba/pilot/batch_008/guides/chr2_100_guide_080/output.paf	1314	d20fe7f34e33cb3f4eccfba6bca6795e49838ee1a51143573fca4f01edc26b01
raw/chr2_100_guides_correctness_20260812T142104Z/batches/correctness/columba/pilot/batch_008/guides/chr2_100_guide_080/stderr.txt	6365	dcc4b65e1c9c3f56eee774ac8cf45e01783215a741fd1e397a95ffff2b5f8150
raw/chr2_100_guides_correctness_20260812T142104Z/batches/correctness/columba/pilot/batch_009/SUCCESS	0	e3b0c44298fc1c149afbf4c8996fb92427ae41e4649b934ca495991b7852b855
raw/chr2_100_guides_correctness_20260812T142104Z/batches/correctness/columba/pilot/batch_009/environment.tsv	596	a19bd190de4860459ac039b654646d620135ebd444cc88a4b01129ee8fadfac8
raw/chr2_100_guides_correctness_20260812T142104Z/batches/correctness/columba/pilot/batch_009/guide_ids.txt	190	06a7ec21a5c8b90565e9e26fcaf91ad7ce0b84536772a68fe35e57a025ca2454
raw/chr2_100_guides_correctness_20260812T142104Z/batches/correctness/columba/pilot/batch_009/guide_order.sha256	296	325b98c34882f3825f922cdfc4c910981073847e7f4f78e6a75907bc7eec693b
raw/chr2_100_guides_correctness_20260812T142104Z/batches/correctness/columba/pilot/batch_009/guide_order.txt	190	cb6a64df78d72865988c6ccc31e643503f06ddefa661c2c2df6c815ce67bf8f8
raw/chr2_100_guides_correctness_20260812T142104Z/batches/correctness/columba/pilot/batch_009/guide_results.tsv	2277	c14cc6d5b8b7374be3a097354bc0de6f029afbaf3a954ccb0d384e5027c36d3d
raw/chr2_100_guides_correctness_20260812T142104Z/batches/correctness/columba/pilot/batch_009/guides/chr2_100_guide_081/command.txt	563	b31d543691d789b244c890993a6037619b2c3b5baad34d56933fdb2d4ba2bc29
raw/chr2_100_guides_correctness_20260812T142104Z/batches/correctness/columba/pilot/batch_009/guides/chr2_100_guide_081/metrics.tsv	296	1207279107589dc53230b7ed56b92c463c6e69333e34f8fc74b51a1d1c1586c2
raw/chr2_100_guides_correctness_20260812T142104Z/batches/correctness/columba/pilot/batch_009/guides/chr2_100_guide_081/output.paf	218	c5aca4de6d66d2695407e32ab8c294d6009a2eaa97ab3b0b1bfeb80e03763471
raw/chr2_100_guides_correctness_20260812T142104Z/batches/correctness/columba/pilot/batch_009/guides/chr2_100_guide_081/stderr.txt	1872	dd710595ad78fce8865b5617887b37004b9aac2f0476f05df57fa1addf801b62
raw/chr2_100_guides_correctness_20260812T142104Z/batches/correctness/columba/pilot/batch_009/guides/chr2_100_guide_082/command.txt	563	2eb359f27b6a4a920dcb5c6da6f33682c7775dea2d16ca3420f2557b388749b1
raw/chr2_100_guides_correctness_20260812T142104Z/batches/correctness/columba/pilot/batch_009/guides/chr2_100_guide_082/metrics.tsv	295	5a6f0ec4864f39e95ae600cda2b6774ba3e3e4c94d7b48f1d968a7e1213a0ec6
raw/chr2_100_guides_correctness_20260812T142104Z/batches/correctness/columba/pilot/batch_009/guides/chr2_100_guide_082/output.paf	107	c8b417da2dccf7e8b66503d1b569ba8f51160132e1bc6cfa0913422d090197d8
raw/chr2_100_guides_correctness_20260812T142104Z/batches/correctness/columba/pilot/batch_009/guides/chr2_100_guide_082/stderr.txt	184	5c091133b79e379a42deea46570fca8968585b3a350787116b94ca481ce43d80
raw/chr2_100_guides_correctness_20260812T142104Z/batches/correctness/columba/pilot/batch_009/guides/chr2_100_guide_083/command.txt	563	b993688f7d46a83282a63c6c6db784cded1536f975b564de7ef422960b407c04
raw/chr2_100_guides_correctness_20260812T142104Z/batches/correctness/columba/pilot/batch_009/guides/chr2_100_guide_083/metrics.tsv	298	92ed20df04c154ea372d07efc9fa25670bf2d42d341947dc89249d2468218d93
raw/chr2_100_guides_correctness_20260812T142104Z/batches/correctness/columba/pilot/batch_009/guides/chr2_100_guide_083/output.paf	4778	a468a5821a1fe10f7a4e8583195a0ebd01c763b0949b4f3681e75ed3f6871dfb
raw/chr2_100_guides_correctness_20260812T142104Z/batches/correctness/columba/pilot/batch_009/guides/chr2_100_guide_083/stderr.txt	33866	cde35d9575b5c32808d6eaed2ff75ac79d4e8f87645250352ae4998d216cd676
raw/chr2_100_guides_correctness_20260812T142104Z/batches/correctness/columba/pilot/batch_009/guides/chr2_100_guide_084/command.txt	563	f2a583b5b7cb4242b6d861f49b65e9604a62e7cc8cb51a2fb0c8b4556d890b9b
raw/chr2_100_guides_correctness_20260812T142104Z/batches/correctness/columba/pilot/batch_009/guides/chr2_100_guide_084/metrics.tsv	296	e7c586763ebe89d363034fa65dbbf4ad998f2f287c39bc4d2efa69cc029c9f1a
raw/chr2_100_guides_correctness_20260812T142104Z/batches/correctness/columba/pilot/batch_009/guides/chr2_100_guide_084/output.paf	107	1f39a5e441ea77599b4a51c7fa6a268643714a2285d51575637f0ec05b8ccd08
raw/chr2_100_guides_correctness_20260812T142104Z/batches/correctness/columba/pilot/batch_009/guides/chr2_100_guide_084/stderr.txt	2150	242ced5857ead546dbc440560d8a7c0d9d99834ae51d3e4d458a5d1d07ceb692
raw/chr2_100_guides_correctness_20260812T142104Z/batches/correctness/columba/pilot/batch_009/guides/chr2_100_guide_085/command.txt	563	69fd57ec5482dacf7658ef1fdfb6a90d77134cb62e60b63e5c09846275591594
raw/chr2_100_guides_correctness_20260812T142104Z/batches/correctness/columba/pilot/batch_009/guides/chr2_100_guide_085/metrics.tsv	295	76abcee50ecdad23ff252026f708da92c3bda28a8bef6ecf077efb7f1d2f2bc0
raw/chr2_100_guides_correctness_20260812T142104Z/batches/correctness/columba/pilot/batch_009/guides/chr2_100_guide_085/output.paf	107	b91101ff3644122e80926dacc0e8082463da07408f94e8a323cad88edc5aa0a3
raw/chr2_100_guides_correctness_20260812T142104Z/batches/correctness/columba/pilot/batch_009/guides/chr2_100_guide_085/stderr.txt	936	7082985345e2fbfe712941cf6c2d86dc33915378b2c578b7aeceb841390b0824
raw/chr2_100_guides_correctness_20260812T142104Z/batches/correctness/columba/pilot/batch_009/guides/chr2_100_guide_086/command.txt	563	62ef432cde60e90f418485bf184608db2500c09e969052e12c91e6094a935731
raw/chr2_100_guides_correctness_20260812T142104Z/batches/correctness/columba/pilot/batch_009/guides/chr2_100_guide_086/metrics.tsv	295	2ff4db4aead428a18cebd531804347b2f503e9908c7172ce9a6c008e901d4fd0
raw/chr2_100_guides_correctness_20260812T142104Z/batches/correctness/columba/pilot/batch_009/guides/chr2_100_guide_086/output.paf	107	3a4f9b7fb7360a0f9081d4d3a44c0438dbeb5334b61fdd768b92eac57751d3e3
raw/chr2_100_guides_correctness_20260812T142104Z/batches/correctness/columba/pilot/batch_009/guides/chr2_100_guide_086/stderr.txt	187	4f081f68c04adb67cf6075f2891f974cae565ace057c9dc0d925a180f816c645
raw/chr2_100_guides_correctness_20260812T142104Z/batches/correctness/columba/pilot/batch_009/guides/chr2_100_guide_087/command.txt	563	d9b1a38d92dcde9a377984d79c4b7d96a417d636fa048039226345824912cfd7
raw/chr2_100_guides_correctness_20260812T142104Z/batches/correctness/columba/pilot/batch_009/guides/chr2_100_guide_087/metrics.tsv	295	da2ef78ba123003dfdf51e5eb6ecb031f50478812992f91e475f1e814834cf08
raw/chr2_100_guides_correctness_20260812T142104Z/batches/correctness/columba/pilot/batch_009/guides/chr2_100_guide_087/output.paf	107	33173f79b391313b857acbf051a6f433f12d6fda1ddd040370abacc3c90d867a
raw/chr2_100_guides_correctness_20260812T142104Z/batches/correctness/columba/pilot/batch_009/guides/chr2_100_guide_087/stderr.txt	655	89ad4d4ac963d688e800b31da1f02121c0bf2a3267e7b555cfbf80894b76da0e
raw/chr2_100_guides_correctness_20260812T142104Z/batches/correctness/columba/pilot/batch_009/guides/chr2_100_guide_088/command.txt	563	07ee5685847510769d9fcd8ba60787a3948d92665f188560e5319776f466a0f0
raw/chr2_100_guides_correctness_20260812T142104Z/batches/correctness/columba/pilot/batch_009/guides/chr2_100_guide_088/metrics.tsv	296	9e8f720f057c466493c46872c70492472ec09209d2fdbb3844b2bf297c892353
raw/chr2_100_guides_correctness_20260812T142104Z/batches/correctness/columba/pilot/batch_009/guides/chr2_100_guide_088/output.paf	107	8404e6c9611090b86700ab5b6f407c30396d1bf634c59ddc70e0b91bcf8deed2
raw/chr2_100_guides_correctness_20260812T142104Z/batches/correctness/columba/pilot/batch_009/guides/chr2_100_guide_088/stderr.txt	2620	691461c1d7f88e7ba89c466af5da2ea4b04438386ffebf3a6d2739533f7ff4d6
raw/chr2_100_guides_correctness_20260812T142104Z/batches/correctness/columba/pilot/batch_009/guides/chr2_100_guide_089/command.txt	563	abbc440506bb9137feb06b4d53c521f6e3a603b16508db93e0b3b4a3e8b83723
raw/chr2_100_guides_correctness_20260812T142104Z/batches/correctness/columba/pilot/batch_009/guides/chr2_100_guide_089/metrics.tsv	295	31507b23e500fd82b16cf1a2e4f84551af37d21c0a663f3e14dadc939be3abb8
raw/chr2_100_guides_correctness_20260812T142104Z/batches/correctness/columba/pilot/batch_009/guides/chr2_100_guide_089/output.paf	107	89e2e5e6d5342dc2a3500948d323fe2bd41e1639ddb9b19004a689e4ae4aab68
raw/chr2_100_guides_correctness_20260812T142104Z/batches/correctness/columba/pilot/batch_009/guides/chr2_100_guide_089/stderr.txt	657	cc0c24704f998fb81f4b0f9ecb5bd25c0a3d8600acdb03fb5c67dd79730980c8
raw/chr2_100_guides_correctness_20260812T142104Z/batches/correctness/columba/pilot/batch_009/guides/chr2_100_guide_090/command.txt	563	94cc8b302f3dfcfb799c59dc2ae449f16ed4416cd176cc66e421313e15f56505
raw/chr2_100_guides_correctness_20260812T142104Z/batches/correctness/columba/pilot/batch_009/guides/chr2_100_guide_090/metrics.tsv	296	11c5b446b2f24ca016ba1405ca67ae2dbf691d85f9b0479bc97928bd70e2c8d5
raw/chr2_100_guides_correctness_20260812T142104Z/batches/correctness/columba/pilot/batch_009/guides/chr2_100_guide_090/output.paf	107	2448e1d3e5704d4689594f612226e267dce72f9378c6be13510fed2d329bdf13
raw/chr2_100_guides_correctness_20260812T142104Z/batches/correctness/columba/pilot/batch_009/guides/chr2_100_guide_090/stderr.txt	1216	749acbc54c03509ec4204fe0a05f370a5be2032e9be8d49fe3e7475397b46334
raw/chr2_100_guides_correctness_20260812T142104Z/batches/correctness/columba/pilot/batch_010/SUCCESS	0	e3b0c44298fc1c149afbf4c8996fb92427ae41e4649b934ca495991b7852b855
raw/chr2_100_guides_correctness_20260812T142104Z/batches/correctness/columba/pilot/batch_010/environment.tsv	597	d8e6bdd75b0b976f5b8d3ac027150940bb0d3e59a880a318f4dfaac2f45d9cc2
raw/chr2_100_guides_correctness_20260812T142104Z/batches/correctness/columba/pilot/batch_010/guide_ids.txt	190	f94ab31b6f5c9fefd87e903303f4c4f2452412681dcce8b2043638add47008fc
raw/chr2_100_guides_correctness_20260812T142104Z/batches/correctness/columba/pilot/batch_010/guide_order.sha256	296	8be21206a1b995749aea889b92405f867c652feaa56b0518609cb678e486917f
raw/chr2_100_guides_correctness_20260812T142104Z/batches/correctness/columba/pilot/batch_010/guide_order.txt	190	c32a07b8f2969a427b8b474c0d8ffa083847e209bb849fb7b5a2a32d8dd86069
raw/chr2_100_guides_correctness_20260812T142104Z/batches/correctness/columba/pilot/batch_010/guide_results.tsv	2276	d2ffb0c5b39fd923d48b0a7c6b05c6982062df782511b4e0c22ce5701139b2c4
raw/chr2_100_guides_correctness_20260812T142104Z/batches/correctness/columba/pilot/batch_010/guides/chr2_100_guide_091/command.txt	563	243b438faf591f88f5bd5adde6e81209b0c8dca55f8f39d67ccc86346d630da3
raw/chr2_100_guides_correctness_20260812T142104Z/batches/correctness/columba/pilot/batch_010/guides/chr2_100_guide_091/metrics.tsv	295	c790bb9ce08d10191eb804e42f6297d2132b70dded431fe72db3718b34bd87d2
raw/chr2_100_guides_correctness_20260812T142104Z/batches/correctness/columba/pilot/batch_010/guides/chr2_100_guide_091/output.paf	107	e26b94324ae8ad1a316b22613f9e800c93ba9e554a1f3780b6029528ea9c0aaf
raw/chr2_100_guides_correctness_20260812T142104Z/batches/correctness/columba/pilot/batch_010/guides/chr2_100_guide_091/stderr.txt	560	2a57bfef51177856feafcd31192bba2dadb861a01daf9d0cad10bea1a68917ad
raw/chr2_100_guides_correctness_20260812T142104Z/batches/correctness/columba/pilot/batch_010/guides/chr2_100_guide_092/command.txt	563	a1eb4588fe86b8aaf5daff02c2500f8bafcc23e619e45a1acde409a96c587723
raw/chr2_100_guides_correctness_20260812T142104Z/batches/correctness/columba/pilot/batch_010/guides/chr2_100_guide_092/metrics.tsv	295	f26389b65cb4daf1977ddd939b618a70d41d410f7b9646c355b99e0a4e4474fc
raw/chr2_100_guides_correctness_20260812T142104Z/batches/correctness/columba/pilot/batch_010/guides/chr2_100_guide_092/output.paf	329	e3b8f41a545f2dfee5bb6c610f01f239570f3008c48a9a10a678813202acc225
raw/chr2_100_guides_correctness_20260812T142104Z/batches/correctness/columba/pilot/batch_010/guides/chr2_100_guide_092/stderr.txt	749	6212428fbeb6b00b1f1da7e79a9e12ac2e7f6794ff5ba1404348a5f8d0425d74
raw/chr2_100_guides_correctness_20260812T142104Z/batches/correctness/columba/pilot/batch_010/guides/chr2_100_guide_093/command.txt	563	e7d205f55c69b8f0acbbcdde0a2e069aa0fede828d48fc260fc5be487e0aef36
raw/chr2_100_guides_correctness_20260812T142104Z/batches/correctness/columba/pilot/batch_010/guides/chr2_100_guide_093/metrics.tsv	295	2ba9b156adc83760320bfa2589fb79ffbabb330e27886540c22e7cb59a1bed41
raw/chr2_100_guides_correctness_20260812T142104Z/batches/correctness/columba/pilot/batch_010/guides/chr2_100_guide_093/output.paf	107	f6eff8c392955d9c76023676f1133024f174c5a7fefa09c1f4f150e0fa4a3a37
raw/chr2_100_guides_correctness_20260812T142104Z/batches/correctness/columba/pilot/batch_010/guides/chr2_100_guide_093/stderr.txt	466	2dd1781e77a3259a7f31dc8b290fd9dfa8d43fff8bbabf0f4ec34811f6594d29
raw/chr2_100_guides_correctness_20260812T142104Z/batches/correctness/columba/pilot/batch_010/guides/chr2_100_guide_094/command.txt	563	5e4e7314dc7da5fda5abc1973e7edc05f913292da0eeb8d85a8fba0b729cdbc3
raw/chr2_100_guides_correctness_20260812T142104Z/batches/correctness/columba/pilot/batch_010/guides/chr2_100_guide_094/metrics.tsv	295	84b26b2da1ff76a0101434910956c538ed5e58835eb67d4613a5d9097356174a
raw/chr2_100_guides_correctness_20260812T142104Z/batches/correctness/columba/pilot/batch_010/guides/chr2_100_guide_094/output.paf	107	cc76711b4c3870fec74e88bccf065a49af2b4a2857a1e5d1b110a570ad0367d3
raw/chr2_100_guides_correctness_20260812T142104Z/batches/correctness/columba/pilot/batch_010/guides/chr2_100_guide_094/stderr.txt	562	7b853602214a0199f07688a1eaf857ece32faea6cb7f6094389e96f2d2132c78
raw/chr2_100_guides_correctness_20260812T142104Z/batches/correctness/columba/pilot/batch_010/guides/chr2_100_guide_095/command.txt	563	505425bcf70fec859e174c89cae4edb316ff7594a23e9db3c17058b5118d7f6e
raw/chr2_100_guides_correctness_20260812T142104Z/batches/correctness/columba/pilot/batch_010/guides/chr2_100_guide_095/metrics.tsv	295	1c9bebc3e367c45fcad41c19038cc975a2cf5d81e7ab6f2306886812b6722859
raw/chr2_100_guides_correctness_20260812T142104Z/batches/correctness/columba/pilot/batch_010/guides/chr2_100_guide_095/output.paf	107	ba6821819cf73e4d0cb476976180d5ebaeabd9bf62585947a0e70673da298231
raw/chr2_100_guides_correctness_20260812T142104Z/batches/correctness/columba/pilot/batch_010/guides/chr2_100_guide_095/stderr.txt	747	302dddb2e4d43373457668ffbb7c40cd8dd4745cba4ee59a3297b79bd86fa680
raw/chr2_100_guides_correctness_20260812T142104Z/batches/correctness/columba/pilot/batch_010/guides/chr2_100_guide_096/command.txt	563	0eb2661b71e558fde3ddd9d122918e51bc07faeefa4ea0f2b7bdb1f0bc9e2903
raw/chr2_100_guides_correctness_20260812T142104Z/batches/correctness/columba/pilot/batch_010/guides/chr2_100_guide_096/metrics.tsv	296	404969f52284237e046635930730b32aa5d86a996439e9b5f6881fe23da5143c
raw/chr2_100_guides_correctness_20260812T142104Z/batches/correctness/columba/pilot/batch_010/guides/chr2_100_guide_096/output.paf	107	e52b650b23680c96b04fce4997c4af753f07415cbe884dd0d2fa7ec272bcfc65
raw/chr2_100_guides_correctness_20260812T142104Z/batches/correctness/columba/pilot/batch_010/guides/chr2_100_guide_096/stderr.txt	1030	be28aed60020a418bed72ed21890c349753e7ca9613554dfa291e060bf67a78f
raw/chr2_100_guides_correctness_20260812T142104Z/batches/correctness/columba/pilot/batch_010/guides/chr2_100_guide_097/command.txt	563	1a233b8ee7aa412b4203f7f43b8d85915b9e3ba4a280e2c5cce93dfce540ffea
raw/chr2_100_guides_correctness_20260812T142104Z/batches/correctness/columba/pilot/batch_010/guides/chr2_100_guide_097/metrics.tsv	295	e261e85e1a1facbb17d378c5ca2dd25690b306def55bb99c149790e34e60dd97
raw/chr2_100_guides_correctness_20260812T142104Z/batches/correctness/columba/pilot/batch_010/guides/chr2_100_guide_097/output.paf	321	e993fd25de231a0a1a4fb6d06be4f4239a718fa73464c548b76670767f9205eb
raw/chr2_100_guides_correctness_20260812T142104Z/batches/correctness/columba/pilot/batch_010/guides/chr2_100_guide_097/stderr.txt	469	f1df14a6405f6cf74e84b88e5271505323de017ebc164994c0c56cb44538ce9f
raw/chr2_100_guides_correctness_20260812T142104Z/batches/correctness/columba/pilot/batch_010/guides/chr2_100_guide_098/command.txt	563	feebedf87573d8b0687f6461dd903b877c7ecfa8a301ca7f7fe61615592b57f1
raw/chr2_100_guides_correctness_20260812T142104Z/batches/correctness/columba/pilot/batch_010/guides/chr2_100_guide_098/metrics.tsv	295	52bb76968453bf7abfc56b3654e9c333657b9311f81943b0c61402ed7c0edd0e
raw/chr2_100_guides_correctness_20260812T142104Z/batches/correctness/columba/pilot/batch_010/guides/chr2_100_guide_098/output.paf	218	f7c767ac24b7f8b2ad55bb4b6dcc308ffe648e12d20c32c73e399cd07a28f6d2
raw/chr2_100_guides_correctness_20260812T142104Z/batches/correctness/columba/pilot/batch_010/guides/chr2_100_guide_098/stderr.txt	937	f19e32e0471f98ba61a2c455bf2d6ff0b11cbc7ba9749bd59d84c85d9ecf9660
raw/chr2_100_guides_correctness_20260812T142104Z/batches/correctness/columba/pilot/batch_010/guides/chr2_100_guide_099/command.txt	563	9f683f5b1bf11da5bffa02b65f9a96b9174be7aeb3c6679cef5e0679909ec1f7
raw/chr2_100_guides_correctness_20260812T142104Z/batches/correctness/columba/pilot/batch_010/guides/chr2_100_guide_099/metrics.tsv	295	4ed9b6093d7a49acd168d1bc2f63e001bd80a4c22417f45584ce338e087e2a59
raw/chr2_100_guides_correctness_20260812T142104Z/batches/correctness/columba/pilot/batch_010/guides/chr2_100_guide_099/output.paf	323	0ade50c3277afe88f374d3126466b262eab11a5f3633117d67a4e31679169cf8
raw/chr2_100_guides_correctness_20260812T142104Z/batches/correctness/columba/pilot/batch_010/guides/chr2_100_guide_099/stderr.txt	748	be11c863503b87af4c1489418a4d96879ac08a32959e4210f438a5665da1cca0
raw/chr2_100_guides_correctness_20260812T142104Z/batches/correctness/columba/pilot/batch_010/guides/chr2_100_guide_100/command.txt	563	a6f0119b9bb7356a66d7e221b8aae08fe46940b9cd95396ebb75228ce85a8d3b
raw/chr2_100_guides_correctness_20260812T142104Z/batches/correctness/columba/pilot/batch_010/guides/chr2_100_guide_100/metrics.tsv	295	0b32f67be886f94d5965c580d9420f4ddb2de3377929ab853217f11758e31b6b
raw/chr2_100_guides_correctness_20260812T142104Z/batches/correctness/columba/pilot/batch_010/guides/chr2_100_guide_100/output.paf	107	41d33aa17ca7784b5f6199424ff8db2c3b2d4680ce1bfa65443f9853f35e9dc3
raw/chr2_100_guides_correctness_20260812T142104Z/batches/correctness/columba/pilot/batch_010/guides/chr2_100_guide_100/stderr.txt	375	bb73f84ea74e2615c640fa23d4c6cc7f1c5b70e1d2659c13672b965f8c4e7e82
raw/chr2_100_guides_correctness_20260812T142104Z/summary/aggregate_status.tsv	105	8f0a46fce5ec51688377d1300d9205e8e647840f4e2f476ad4f8f6377b59410b
raw/chr2_100_guides_correctness_20260812T142104Z/summary/batch_summary.tsv	2481	1de4c60736641e295e52d8c40b4971c80d42dea25950da2bfdaa6ae165740097
raw/chr2_100_guides_correctness_20260812T142104Z/summary/correctness_summary.tsv	262	3a740a49c312f1cd5614de93042ffb90187eaf45ecea67d0a54e795df82fb123
raw/chr2_100_guides_correctness_20260812T142104Z/summary/guide_results.tsv	43568	e7c18fd17efcd24affec7eda568581afa994712cbb4cfd5b10eae5c79a897eae
raw/chr2_100_guides_correctness_20260812T142104Z/summary/oracle_columba_rows.tsv	714407	95edf15b5135bf461a0d6563c2aefbc555ad7300035f1a8fbba6558c32e70c7b
raw/chr2_100_guides_correctness_20260812T142104Z/summary/per_guide_correctness.tsv	7108	2ad42dcb8ac188adbb37362c231e070ce5f98323096f48d8d1dd20f95712ad8d
raw/chr2_100_guides_correctness_20260812T142104Z/summary/run_summary.tsv	240	6bdb88b467c772b542a25962021ef0cea50ec689d63820df9e70eb1169c0c498
