guide_id	mode	phase	iteration	threads	exit_status	wall_seconds	user_seconds	system_seconds	peak_rss_kib	paf_records	stdout_sha256	stderr_sha256
chr22_100_guide_001	baseline	timing	measured_1	1	0	19.337728	19.235632	0.031999	125144	2	c788efd23026646b4da4b4a94736bffdb6646d5bb82e63ef3b54d008d2d7f496	e3b0c44298fc1c149afbf4c8996fb92427ae41e4649b934ca495991b7852b855
chr22_100_guide_002	baseline	timing	measured_1	1	0	18.991262	18.902671	0.035997	127484	16	b6990544da13d962d7f467b1fb67c5261747dba657b1d60c3fb8408d038daca1	e3b0c44298fc1c149afbf4c8996fb92427ae41e4649b934ca495991b7852b855
chr22_100_guide_003	baseline	timing	measured_1	1	0	19.190064	19.024111	0.031993	125792	16	ccf03cb0d6d8c00fb3db8165e337310508524df7a263eceba59b5c326620e6da	e3b0c44298fc1c149afbf4c8996fb92427ae41e4649b934ca495991b7852b855
chr22_100_guide_004	baseline	timing	measured_1	1	0	19.438350	19.367080	0.016002	125768	1	691ce0260ac4ff8426decb079b6ec2efdf4680b3abaced64e9143840bccb9552	e3b0c44298fc1c149afbf4c8996fb92427ae41e4649b934ca495991b7852b855
chr22_100_guide_005	baseline	timing	measured_1	1	0	19.986521	19.898649	0.036004	125176	1	95686fb2b7a30116b7ae2cc467351eaaf4c6f25cab6f6b7bc6dcc05f1c409532	e3b0c44298fc1c149afbf4c8996fb92427ae41e4649b934ca495991b7852b855
chr22_100_guide_006	baseline	timing	measured_1	1	0	20.296024	20.207649	0.023999	124916	4	381669eac105895c77936e91601bef5a44b194dce1468388fa6bc22b65e83aab	e3b0c44298fc1c149afbf4c8996fb92427ae41e4649b934ca495991b7852b855
chr22_100_guide_007	baseline	timing	measured_1	1	0	19.546110	19.471501	0.043998	125120	39	2e1d8ff63d9ef81ef131f76846d45cc86dabea52aaf0f84b984560d7fb17cf87	e3b0c44298fc1c149afbf4c8996fb92427ae41e4649b934ca495991b7852b855
chr22_100_guide_008	baseline	timing	measured_1	1	0	19.387063	19.347341	0.019999	125760	68	ba3197353a7a6ca64b2b565ddc20fc1a01f42c2fd9384ac9a21bb08593cedd31	e3b0c44298fc1c149afbf4c8996fb92427ae41e4649b934ca495991b7852b855
chr22_100_guide_009	baseline	timing	measured_1	1	0	19.597979	19.499576	0.011999	125104	2	7ff435e8f2284b0e1155c1c41e547855555c50593735221aa581ff02bbcfd922	e3b0c44298fc1c149afbf4c8996fb92427ae41e4649b934ca495991b7852b855
chr22_100_guide_010	baseline	timing	measured_1	1	0	19.278219	19.165540	0.088025	126020	19	53836549b5871774dbbbbcc7209be7da876564302d97fe0f8699c8af9c7adc03	e3b0c44298fc1c149afbf4c8996fb92427ae41e4649b934ca495991b7852b855
chr22_100_guide_011	baseline	timing	measured_1	1	0	19.495502	19.425263	0.016001	125716	1	951a40369bd86d0839b2d2addecaf6b337cdc3fa4cf552c0d5fd78bef17d3892	e3b0c44298fc1c149afbf4c8996fb92427ae41e4649b934ca495991b7852b855
chr22_100_guide_012	baseline	timing	measured_1	1	0	19.242387	19.155087	0.036005	124976	4	f693a92e20748272242c1d8d3a1b90c09e045d71ee219e8daf561a07fcf1b3bf	e3b0c44298fc1c149afbf4c8996fb92427ae41e4649b934ca495991b7852b855
chr22_100_guide_013	baseline	timing	measured_1	1	0	19.436541	19.290177	0.028003	124052	1	d0e1f61006a51712a6e3a7a08a2d9ed9a2e486bf46c47b49e89668b53f2efe69	e3b0c44298fc1c149afbf4c8996fb92427ae41e4649b934ca495991b7852b855
chr22_100_guide_014	baseline	timing	measured_1	1	0	19.240023	19.158879	0.031998	125148	7	925f7531b43144c3df9f8b8af2b5300653b5bf1807aa7f5ae89249b19e09a0a3	e3b0c44298fc1c149afbf4c8996fb92427ae41e4649b934ca495991b7852b855
chr22_100_guide_015	baseline	timing	measured_1	1	0	19.349339	19.195319	0.115971	125000	8	5ff8c497c5aee1704e3e04741f1d42a3eb487aed43f83e6b91d0cb05962e2550	e3b0c44298fc1c149afbf4c8996fb92427ae41e4649b934ca495991b7852b855
chr22_100_guide_016	baseline	timing	measured_1	1	0	19.440981	19.347928	0.016003	125628	1	664ca84d364b11b722ac1aa282d988cb26faa580c3801fc71e980d0a2785483d	e3b0c44298fc1c149afbf4c8996fb92427ae41e4649b934ca495991b7852b855
chr22_100_guide_017	baseline	timing	measured_1	1	0	19.043048	18.973977	0.031996	125340	42	4c95d8387f96ff01243ac44e2f1d0dbf63d6a1a6ca4b8d60aa617dadfad8712c	e3b0c44298fc1c149afbf4c8996fb92427ae41e4649b934ca495991b7852b855
chr22_100_guide_018	baseline	timing	measured_1	1	0	19.136210	19.084330	0.032000	125540	2	5c632dfc921b715b635c61d386497b7131eb4348bb520ea4a5cd13ab53ef1e7a	e3b0c44298fc1c149afbf4c8996fb92427ae41e4649b934ca495991b7852b855
chr22_100_guide_019	baseline	timing	measured_1	1	0	19.583292	19.519331	0.031998	124896	1	6cdd7ce54810d5bc4f6f9e343cba7e89b5868d4aa230081223fa53049a31ac4f	e3b0c44298fc1c149afbf4c8996fb92427ae41e4649b934ca495991b7852b855
chr22_100_guide_020	baseline	timing	measured_1	1	0	19.784958	19.542292	0.187906	125144	1	444ff3228a137a38f7153b4f242a69cfa59f508d73251c41aa4006df73b202e7	e3b0c44298fc1c149afbf4c8996fb92427ae41e4649b934ca495991b7852b855
chr22_100_guide_021	baseline	timing	measured_1	1	0	19.246423	19.121046	0.047992	124900	1	70d3142b6438b2233c1a63a2ac833233a13a2d75bf75339f1fccaff2fa81b453	e3b0c44298fc1c149afbf4c8996fb92427ae41e4649b934ca495991b7852b855
chr22_100_guide_022	baseline	timing	measured_1	1	0	19.279910	19.235206	0.024004	125680	1	6b72b7d58a6bb9700568183d8342e8f3bc79c45ffa1f7e46c161effbf9985c5d	e3b0c44298fc1c149afbf4c8996fb92427ae41e4649b934ca495991b7852b855
chr22_100_guide_023	baseline	timing	measured_1	1	0	19.637677	19.547930	0.015999	125376	149	7e0733a562ff39a952035404c085b0f497df39eeac4dd3cc052a4de78c8e9cdd	e3b0c44298fc1c149afbf4c8996fb92427ae41e4649b934ca495991b7852b855
chr22_100_guide_024	baseline	timing	measured_1	1	0	19.380296	19.325582	0.007998	124216	1	d7464b7872231b66a5d5e8b9529462954e8dbe3c50718817fdfc12087ef94681	e3b0c44298fc1c149afbf4c8996fb92427ae41e4649b934ca495991b7852b855
chr22_100_guide_025	baseline	timing	measured_1	1	0	19.438418	19.389498	0.031995	125312	133	b22b12dbe3c2c81d9623997bdae8791fafa5bf35117827e8b1112c7ba4f382a1	e3b0c44298fc1c149afbf4c8996fb92427ae41e4649b934ca495991b7852b855
chr22_100_guide_026	baseline	timing	measured_1	1	0	19.491649	19.368479	0.036000	125948	6	f644a91d8a5c365fe3c7c1c3f30ad178f34333e94f697e1f1e75d0fa64c39923	e3b0c44298fc1c149afbf4c8996fb92427ae41e4649b934ca495991b7852b855
chr22_100_guide_027	baseline	timing	measured_1	1	0	19.392230	19.326952	0.035998	125320	2	a7610eb051e87a34826545d10fcf8102943e8611a97a657a33ec94ff2afe4c13	e3b0c44298fc1c149afbf4c8996fb92427ae41e4649b934ca495991b7852b855
chr22_100_guide_028	baseline	timing	measured_1	1	0	19.989430	19.921573	0.023992	126028	58	9838a748f83250618473227cbc2b798e921118551a385e778337b49637186fe3	e3b0c44298fc1c149afbf4c8996fb92427ae41e4649b934ca495991b7852b855
chr22_100_guide_029	baseline	timing	measured_1	1	0	19.184781	19.059177	0.115994	124220	54	fec4266348f400a636b679dea725f0c74e62ee984b07daae005cd78179aa0b16	e3b0c44298fc1c149afbf4c8996fb92427ae41e4649b934ca495991b7852b855
chr22_100_guide_030	baseline	timing	measured_1	1	0	19.388905	19.273387	0.031995	126592	2028	05b0a21dfecef722640608a4ae56c59ede427d21069ea5c054d3e93ff6e1f572	e3b0c44298fc1c149afbf4c8996fb92427ae41e4649b934ca495991b7852b855
chr22_100_guide_031	baseline	timing	measured_1	1	0	19.237320	19.115307	0.027998	125160	1	bcce8596509aa2be4a7f3566961162e72e4443c46ea7cf8fc2c5ffb6cee2780a	e3b0c44298fc1c149afbf4c8996fb92427ae41e4649b934ca495991b7852b855
chr22_100_guide_032	baseline	timing	measured_1	1	0	19.639079	19.543581	0.035991	126132	1	c25a6440be62186e25b0f165358d0d0900b923751f80af6ee5c27f0f29a85af6	e3b0c44298fc1c149afbf4c8996fb92427ae41e4649b934ca495991b7852b855
chr22_100_guide_033	baseline	timing	measured_1	1	0	19.351128	19.244618	0.027995	127004	1	0effc63d85fa97f691908ce0321ab857ae6f08fabd2480f35c83ff81e76c9f0e	e3b0c44298fc1c149afbf4c8996fb92427ae41e4649b934ca495991b7852b855
chr22_100_guide_034	baseline	timing	measured_1	1	0	19.587932	19.502247	0.019998	125484	1	b799f84402b88ca7eda644ce1b5b5eb56c02b09c04d62fc51c4c70dc76c6b583	e3b0c44298fc1c149afbf4c8996fb92427ae41e4649b934ca495991b7852b855
chr22_100_guide_035	baseline	timing	measured_1	1	0	19.546391	19.461063	0.011998	125768	10	a8dc62675b8071ea431c2a3a7f1b9d1040c76477ab30b8bdab2879c9ac4038dd	e3b0c44298fc1c149afbf4c8996fb92427ae41e4649b934ca495991b7852b855
chr22_100_guide_036	baseline	timing	measured_1	1	0	20.894517	19.305311	0.107962	124208	1	d902219eeefe3ff64202f082d0493776f51eb4ff2b0f1167c0e670f923533dc4	e3b0c44298fc1c149afbf4c8996fb92427ae41e4649b934ca495991b7852b855
chr22_100_guide_037	baseline	timing	measured_1	1	0	19.690962	19.616073	0.035992	125192	1	87a59470956d0b27daf38e5e39ded5e150cdea0e868b3bb38ed13ec71694f010	e3b0c44298fc1c149afbf4c8996fb92427ae41e4649b934ca495991b7852b855
chr22_100_guide_038	baseline	timing	measured_1	1	0	19.790925	19.594538	0.023998	125208	1	029b4bae64ebbe3decac5715b992bb89ceb0731276cd7cd8566eaca4250537b4	e3b0c44298fc1c149afbf4c8996fb92427ae41e4649b934ca495991b7852b855
chr22_100_guide_039	baseline	timing	measured_1	1	0	19.741464	19.640908	0.076003	125016	1	a699d8af011bf9deb858b41d0fae396d8cff7641f7f0fffbf757531340e4d266	e3b0c44298fc1c149afbf4c8996fb92427ae41e4649b934ca495991b7852b855
chr22_100_guide_040	baseline	timing	measured_1	1	0	19.141910	19.072332	0.023990	125124	1	4390a33a35b7293befeadb9fa60eb9d4727d057633aeb9a93007f6581228ca97	e3b0c44298fc1c149afbf4c8996fb92427ae41e4649b934ca495991b7852b855
chr22_100_guide_041	baseline	timing	measured_1	1	0	19.394351	19.281788	0.031996	125108	1	3e8108b8109dce3b65881841a62543e3eb3ba821fff9bc76b9b5e43ac8c75d77	e3b0c44298fc1c149afbf4c8996fb92427ae41e4649b934ca495991b7852b855
chr22_100_guide_042	baseline	timing	measured_1	1	0	19.239811	19.172716	0.032001	127004	1	5924fcb39f9667884df027edda8f627478be6271057a2d69844c736321e3169f	e3b0c44298fc1c149afbf4c8996fb92427ae41e4649b934ca495991b7852b855
chr22_100_guide_043	baseline	timing	measured_1	1	0	19.244176	19.147385	0.031998	125068	2	453049c36d105d5fc369042ca0ab1a96b8b895a916b5c2f187ec168c02aae659	e3b0c44298fc1c149afbf4c8996fb92427ae41e4649b934ca495991b7852b855
chr22_100_guide_044	baseline	timing	measured_1	1	0	19.144055	19.100366	0.012000	125028	2	36c01c1a6474ac52f343fae4779e9be3cbc148c72932a20a98d199f0987ceea6	e3b0c44298fc1c149afbf4c8996fb92427ae41e4649b934ca495991b7852b855
chr22_100_guide_045	baseline	timing	measured_1	1	0	19.350143	19.269510	0.023991	125660	1	7e528a989c31c40be279492b74efb2b32bbafcb76168ffa5ecf4da003dd2852c	e3b0c44298fc1c149afbf4c8996fb92427ae41e4649b934ca495991b7852b855
chr22_100_guide_046	baseline	timing	measured_1	1	0	21.968808	19.442457	0.035997	125188	1	714554ca8eac6dff9bf1ea7bcd982ded36f466eaa79bea00a33e12ff4252393b	e3b0c44298fc1c149afbf4c8996fb92427ae41e4649b934ca495991b7852b855
chr22_100_guide_047	baseline	timing	measured_1	1	0	19.190975	19.091673	0.043999	125676	1	ca51411298336dbdfe2d1022ed02e74028dfbcd2e0e397a8224fce4f6017af72	e3b0c44298fc1c149afbf4c8996fb92427ae41e4649b934ca495991b7852b855
chr22_100_guide_048	baseline	timing	measured_1	1	0	20.043819	19.370876	0.015999	125024	1	bc3b9f3f86cc8bbd34d0a114947da783ee284f28a9a17754f8b3028fd08951a9	e3b0c44298fc1c149afbf4c8996fb92427ae41e4649b934ca495991b7852b855
chr22_100_guide_049	baseline	timing	measured_1	1	0	19.441071	19.399755	0.011997	125684	3	183882d3a63163e76a98ee38ccfea1b4877101dd283d80328c01c33dcd6c0e0b	e3b0c44298fc1c149afbf4c8996fb92427ae41e4649b934ca495991b7852b855
chr22_100_guide_050	baseline	timing	measured_1	1	0	19.751242	19.633261	0.051992	125104	12	d8ae73e599a748f29fbb68ec4a4bad377248fdfede8f8198916013e34dae8d84	e3b0c44298fc1c149afbf4c8996fb92427ae41e4649b934ca495991b7852b855
chr22_100_guide_051	baseline	timing	measured_1	1	0	19.491248	19.365147	0.035987	125132	1	14ef5eacd0519bf8d6f3f1e421b2147ce2cef2d89992ac6bc3c0c6493049fd6f	e3b0c44298fc1c149afbf4c8996fb92427ae41e4649b934ca495991b7852b855
chr22_100_guide_052	baseline	timing	measured_1	1	0	19.590945	19.505786	0.023997	125260	1	b743dcf20b0f8a4d8e1a343b97d48c58a0bc7fc4d1bb2a983a38d2078d740fcd	e3b0c44298fc1c149afbf4c8996fb92427ae41e4649b934ca495991b7852b855
chr22_100_guide_053	baseline	timing	measured_1	1	0	19.530838	19.430176	0.036004	125004	1	7f92fd7dddc708c2b3ec905f92a74e766b81d6ff9eaf13b4dc9c11ff5e96767a	e3b0c44298fc1c149afbf4c8996fb92427ae41e4649b934ca495991b7852b855
chr22_100_guide_054	baseline	timing	measured_1	1	0	19.148811	19.081719	0.019997	125332	13	6cbc11eb9208651f05db2d630c407975e4e59caf923a8df7511bdf798321f4a2	e3b0c44298fc1c149afbf4c8996fb92427ae41e4649b934ca495991b7852b855
chr22_100_guide_055	baseline	timing	measured_1	1	0	19.345758	19.234280	0.043986	124084	1	a3d6cd5055990fc10a7f55f785689720f3a06133f1b0f4568f98749ce2751038	e3b0c44298fc1c149afbf4c8996fb92427ae41e4649b934ca495991b7852b855
chr22_100_guide_056	baseline	timing	measured_1	1	0	21.260942	19.206670	0.031997	125144	1	4a6cdc3b90d2775c2496444fab6f836151cd422ec2c82a9bf758cde5414f2417	e3b0c44298fc1c149afbf4c8996fb92427ae41e4649b934ca495991b7852b855
chr22_100_guide_057	baseline	timing	measured_1	1	0	19.100543	19.057322	0.020001	125152	47	ae3ca86ece2af8c1e764664fe6db82d19e2cf8a29fa0a43ffd92b82eda74d3cb	e3b0c44298fc1c149afbf4c8996fb92427ae41e4649b934ca495991b7852b855
chr22_100_guide_058	baseline	timing	measured_1	1	0	20.310687	19.158663	0.051996	125188	1	b7517a16df61180265ec10a20cb33a003c3ea568992073591f20e96d81391119	e3b0c44298fc1c149afbf4c8996fb92427ae41e4649b934ca495991b7852b855
chr22_100_guide_059	baseline	timing	measured_1	1	0	19.799224	19.698511	0.036004	124096	1	a6e8f7dbe8440152b018e778c86e594c220662576f7388bf74086116bfb557b5	e3b0c44298fc1c149afbf4c8996fb92427ae41e4649b934ca495991b7852b855
chr22_100_guide_060	baseline	timing	measured_1	1	0	19.856636	19.767635	0.039991	125432	1	96bacc0c5f62f5ee3cb64d6560e882e64673267447e8714383a4ab744f1c99a8	e3b0c44298fc1c149afbf4c8996fb92427ae41e4649b934ca495991b7852b855
chr22_100_guide_061	baseline	timing	measured_1	1	0	19.186121	19.113095	0.027995	125096	1	9246314add68bcb309196485353ca32264aa9d97b65d40e3825659e7fa9e07c5	e3b0c44298fc1c149afbf4c8996fb92427ae41e4649b934ca495991b7852b855
chr22_100_guide_062	baseline	timing	measured_1	1	0	18.988462	18.916001	0.032000	124912	1	4832e7aa711ccdac22496f6cb8a979eec30369c372fca1b6aba1e3edfb12e8a1	e3b0c44298fc1c149afbf4c8996fb92427ae41e4649b934ca495991b7852b855
chr22_100_guide_063	baseline	timing	measured_1	1	0	19.136097	18.996785	0.023995	124956	1	c4ca7ddc636638d7005d3e187756ba84185296e1c2585b41d0a7a856e2606213	e3b0c44298fc1c149afbf4c8996fb92427ae41e4649b934ca495991b7852b855
chr22_100_guide_064	baseline	timing	measured_1	1	0	19.191376	19.098196	0.027997	125704	1	b38f02456f345d872287da7f74b53691b169eb255cc35d11d103c308c700d2eb	e3b0c44298fc1c149afbf4c8996fb92427ae41e4649b934ca495991b7852b855
chr22_100_guide_065	baseline	timing	measured_1	1	0	19.343324	19.254010	0.031996	124236	1	4a6f7a313e251182f276be210f99075cb7bfa5275fa278d132ac27df6e713db1	e3b0c44298fc1c149afbf4c8996fb92427ae41e4649b934ca495991b7852b855
chr22_100_guide_066	baseline	timing	measured_1	1	0	19.182552	19.096904	0.039985	124188	1	4802296ebbba9922a4ece696902be06427691049808ba406ed873a9a4a219f9c	e3b0c44298fc1c149afbf4c8996fb92427ae41e4649b934ca495991b7852b855
chr22_100_guide_067	baseline	timing	measured_1	1	0	19.401163	19.343748	0.027999	127180	1	0229a4fc79d3d37ddda05a4910899ff60fcd29aa41d3690d08b235deae1dd329	e3b0c44298fc1c149afbf4c8996fb92427ae41e4649b934ca495991b7852b855
chr22_100_guide_068	baseline	timing	measured_1	1	0	19.394977	19.334176	0.019998	124948	2	d39c5b6762aa09453e14f55e106ab300ceb4955ee3d73b381937cbf2220ed042	e3b0c44298fc1c149afbf4c8996fb92427ae41e4649b934ca495991b7852b855
chr22_100_guide_069	baseline	timing	measured_1	1	0	19.236520	19.117018	0.048002	125056	1	77885b288a794217926cbdc3f9557271a5584ca0a3525a33368ba9dfa0f79c36	e3b0c44298fc1c149afbf4c8996fb92427ae41e4649b934ca495991b7852b855
chr22_100_guide_070	baseline	timing	measured_1	1	0	18.994547	18.901681	0.023997	124120	1	555a66e1753526673117e366fb233c844df0cfc38a64971866528e20e52f4ca2	e3b0c44298fc1c149afbf4c8996fb92427ae41e4649b934ca495991b7852b855
chr22_100_guide_071	baseline	timing	measured_1	1	0	19.442362	19.331297	0.043998	125176	1	db50066ab5215e0ab40715d3e84c765c47977eb5d92e2f74fef9a37ee0c19f96	e3b0c44298fc1c149afbf4c8996fb92427ae41e4649b934ca495991b7852b855
chr22_100_guide_072	baseline	timing	measured_1	1	0	19.147208	19.092781	0.031994	125476	1	a7389bd954eaa7a8f7c3e448a2ff3a3f4ef011b680d833fad933fd884d099eca	e3b0c44298fc1c149afbf4c8996fb92427ae41e4649b934ca495991b7852b855
chr22_100_guide_073	baseline	timing	measured_1	1	0	19.549752	19.452723	0.075971	124180	1	850390cf00e784716c531f5e64380876ff07596af289e7ba34bc096bff075ecc	e3b0c44298fc1c149afbf4c8996fb92427ae41e4649b934ca495991b7852b855
chr22_100_guide_074	baseline	timing	measured_1	1	0	18.979328	18.962545	0.007999	125616	1	1f00016106bffc2ceba39230352e1e4ef914076353527946b8890d37546c25f5	e3b0c44298fc1c149afbf4c8996fb92427ae41e4649b934ca495991b7852b855
chr22_100_guide_075	baseline	timing	measured_1	1	0	19.036473	18.937790	0.028002	125288	58	71f2239dc8f59ee257b89e03bbb841fd3c2f43e0a0d0682e3ff928f0cebe09c3	e3b0c44298fc1c149afbf4c8996fb92427ae41e4649b934ca495991b7852b855
chr22_100_guide_076	baseline	timing	measured_1	1	0	19.184181	19.122352	0.023997	125220	4	ca193645a2f950677ee819c76deafecf7fc8fd5ddbbdd69ce32b77a0426369d6	e3b0c44298fc1c149afbf4c8996fb92427ae41e4649b934ca495991b7852b855
chr22_100_guide_077	baseline	timing	measured_1	1	0	19.404700	19.346747	0.023998	126100	1	e3869c3952dd0b0eb3e37141b1040c6f25b82c4e398011436f2219c75f8febe8	e3b0c44298fc1c149afbf4c8996fb92427ae41e4649b934ca495991b7852b855
chr22_100_guide_078	baseline	timing	measured_1	1	0	19.443708	19.397579	0.020001	125236	1	b32f95b3659bdf5efde0a545c93605a84811e1f51637e98948f88b66e0c918a9	e3b0c44298fc1c149afbf4c8996fb92427ae41e4649b934ca495991b7852b855
chr22_100_guide_079	baseline	timing	measured_1	1	0	19.394603	19.314043	0.016001	124072	1	3719b9c87eb26bae46571444132aecd72ec6971081ed8592128ac8081655f637	e3b0c44298fc1c149afbf4c8996fb92427ae41e4649b934ca495991b7852b855
chr22_100_guide_080	baseline	timing	measured_1	1	0	19.351543	19.266649	0.019998	127444	1	5c9d989f365df1d424483a28cbc77093b089ff7ebee8cd46972f309ff0b6db17	e3b0c44298fc1c149afbf4c8996fb92427ae41e4649b934ca495991b7852b855
chr22_100_guide_081	baseline	timing	measured_1	1	0	19.738068	19.614532	0.043996	124240	1	60f8b2bdc588b6b13527c78acc609879caa8defea9c72ada132dee63d52ad9bf	e3b0c44298fc1c149afbf4c8996fb92427ae41e4649b934ca495991b7852b855
chr22_100_guide_082	baseline	timing	measured_1	1	0	19.892237	19.829497	0.024001	125188	1	8aa0d629b648d54d65dead9f626b4f79b04416d14abcb761ce6f8afd4c8d5a02	e3b0c44298fc1c149afbf4c8996fb92427ae41e4649b934ca495991b7852b855
chr22_100_guide_083	baseline	timing	measured_1	1	0	19.079402	19.005273	0.023996	124180	1	1da030b92202db00fdf4fa746fa0de1c56a74c6415d7abf8e6e634730c0990ca	e3b0c44298fc1c149afbf4c8996fb92427ae41e4649b934ca495991b7852b855
chr22_100_guide_084	baseline	timing	measured_1	1	0	19.496729	19.424505	0.036000	125644	5	c8420dc291eb0f976f276d62a4f033b79c9304d06df7d3335d344d7082a0558b	e3b0c44298fc1c149afbf4c8996fb92427ae41e4649b934ca495991b7852b855
chr22_100_guide_085	baseline	timing	measured_1	1	0	19.785442	19.722973	0.027998	126908	1	886f21508ef43139da65b3307d412b9c43af12390fb60b152be51f2961337117	e3b0c44298fc1c149afbf4c8996fb92427ae41e4649b934ca495991b7852b855
chr22_100_guide_086	baseline	timing	measured_1	1	0	19.391471	19.331619	0.016002	126928	1	b49d937c3f713b95c07b0df4983659c5531f5062b2c8b309c93edf95c5d33253	e3b0c44298fc1c149afbf4c8996fb92427ae41e4649b934ca495991b7852b855
chr22_100_guide_087	baseline	timing	measured_1	1	0	19.145818	19.098713	0.015998	125048	3	9a84143c1c0ae741457654eac03a337269c00cb43411a6b54461fbe5949d0b50	e3b0c44298fc1c149afbf4c8996fb92427ae41e4649b934ca495991b7852b855
chr22_100_guide_088	baseline	timing	measured_1	1	0	19.489236	19.410198	0.027997	124228	1	7b9ea615f9aa7e046adebd0e63adf8ebdc63c09e2a683a13ae5b9e9457fd8152	e3b0c44298fc1c149afbf4c8996fb92427ae41e4649b934ca495991b7852b855
chr22_100_guide_089	baseline	timing	measured_1	1	0	19.588824	19.514076	0.035989	125136	1	790719bd8847db6a942f261864ea37c0ec15f7a4f400e0bd1eaf31a8e659f354	e3b0c44298fc1c149afbf4c8996fb92427ae41e4649b934ca495991b7852b855
chr22_100_guide_090	baseline	timing	measured_1	1	0	19.591172	19.534220	0.015998	125692	1	af0e7d04b9032b6ba55a507cdc6196da5e7f3adbce117a38bb6ba2d2fb078cba	e3b0c44298fc1c149afbf4c8996fb92427ae41e4649b934ca495991b7852b855
chr22_100_guide_091	baseline	timing	measured_1	1	0	19.041859	18.960296	0.024000	125248	2	cf53e5c0ba2549b95ad7cc66f6caa57165a2d7ef971b8448816c1f5189dcba42	e3b0c44298fc1c149afbf4c8996fb92427ae41e4649b934ca495991b7852b855
chr22_100_guide_092	baseline	timing	measured_1	1	0	19.390729	19.358101	0.015998	125600	1	36dc22934c7c02b9c1a4043e7fa71e9fab23fac626842ee0233fa0a19e8a4d8d	e3b0c44298fc1c149afbf4c8996fb92427ae41e4649b934ca495991b7852b855
chr22_100_guide_093	baseline	timing	measured_1	1	0	19.475828	19.404277	0.024000	125164	1	7c248ba9765e06499bdbdd56fa063150392f57bbcf49d7273e7a34148cb2a14e	e3b0c44298fc1c149afbf4c8996fb92427ae41e4649b934ca495991b7852b855
chr22_100_guide_094	baseline	timing	measured_1	1	0	19.080313	18.969455	0.039994	124964	1	b129ef3c4f85946c1752fcdec67457fbfa137faf10c495dcfb79020726f0093a	e3b0c44298fc1c149afbf4c8996fb92427ae41e4649b934ca495991b7852b855
chr22_100_guide_095	baseline	timing	measured_1	1	0	19.384394	19.322769	0.031997	125764	2	72cfccdb732c7f835e82aebb76ca4186954ee044989d4d3f165c230249e1ab41	e3b0c44298fc1c149afbf4c8996fb92427ae41e4649b934ca495991b7852b855
chr22_100_guide_096	baseline	timing	measured_1	1	0	18.991439	18.945616	0.012001	125084	1	66356638d350f202a4fc3653512e2eb61d180a210d3b4874237620fdd88f45ac	e3b0c44298fc1c149afbf4c8996fb92427ae41e4649b934ca495991b7852b855
chr22_100_guide_097	baseline	timing	measured_1	1	0	19.453582	19.360760	0.023995	125260	1	ec3317eca52cb313be8b742bd84d70d8e9f8f3d3a8dfda83e632d9ec5b3e7472	e3b0c44298fc1c149afbf4c8996fb92427ae41e4649b934ca495991b7852b855
chr22_100_guide_098	baseline	timing	measured_1	1	0	19.790498	19.722320	0.039980	125224	1	624a957aae98b6d231ae1011b4e64e108e7b8e8e44287e46c4862920d0454e11	e3b0c44298fc1c149afbf4c8996fb92427ae41e4649b934ca495991b7852b855
chr22_100_guide_099	baseline	timing	measured_1	1	0	19.087777	19.020556	0.020000	125148	2	0c905b7331f00841f95a0390edb19ac2cf54d75b8c0260c1122d1e91b8eebf98	e3b0c44298fc1c149afbf4c8996fb92427ae41e4649b934ca495991b7852b855
chr22_100_guide_100	baseline	timing	measured_1	1	0	19.203019	19.114243	0.023997	124168	2	4bb6e4f08a7316ba26ec3e6f894f79070071b55d78d6c1605a50035d0a1d9c79	e3b0c44298fc1c149afbf4c8996fb92427ae41e4649b934ca495991b7852b855
chr22_100_guide_001	columba	timing	measured_1	1	0	0.556555	0.330706	0.168466	290368	2	c788efd23026646b4da4b4a94736bffdb6646d5bb82e63ef3b54d008d2d7f496	5e6212673189b137868af231f3f49365db18929fbdc4915f13b52a1622522dba
chr22_100_guide_002	columba	timing	measured_1	1	0	0.856570	0.459492	0.226576	290432	21	f0937d09b482433febb72a3aa2951bd7a1099c3bb5c4e6ae5d7f40f51dfaf291	e925e6374c2b14f26ce352338d241501af5403cd20c2f7a0a66a7ff0957a82b9
chr22_100_guide_003	columba	timing	measured_1	1	0	0.655538	0.421866	0.173770	290520	856	ccc3d3b80ed309cc947744aeb419da762bf360cf65ee8f19caf6d89ef8540bb4	a0f43a78ac495168b63dc33958a840d4b629f46bd21e5ea36ebe2fd81ed8e956
chr22_100_guide_004	columba	timing	measured_1	1	0	0.755466	0.405897	0.233635	290324	1	691ce0260ac4ff8426decb079b6ec2efdf4680b3abaced64e9143840bccb9552	a4c7fcea839152b57f9d48000d08a15502fd89d0fd27949928e5d265dda849b7
chr22_100_guide_005	columba	timing	measured_1	1	0	0.606787	0.378763	0.175264	290356	1	95686fb2b7a30116b7ae2cc467351eaaf4c6f25cab6f6b7bc6dcc05f1c409532	011f515d83cd8b0bf4648cfa3d329bea0cb2939a7aabcbf319c9ccbd2ece994c
chr22_100_guide_006	columba	timing	measured_1	1	0	3.368586	1.124487	0.878795	291632	4	b8cc43f743b2bf2f0e12fa535de856dec45a7e724e169b206e17e024502350b1	9739780944683faaa4ef3f313f816b862f341378b37d0ab5c6f2f11c524f85ce
chr22_100_guide_007	columba	timing	measured_1	1	0	1.358402	0.550753	0.386375	290708	77	4ed0f166306be29e52512f6850c1b990c122568bfe38464c457a9cbc3cafab14	501f5c6c5e8d62ad0a7602fffd723666195a02b48240223d6a623d2bf75bc9d7
chr22_100_guide_008	columba	timing	measured_1	1	0	0.607283	0.369691	0.161825	290272	70	2525d9e467b0e235d87fec363306eb39498ebdd905157b97f69a01938142d417	587b33ffa851be62124e858db10a3ce0555e1fef7b9faa94a47115a7bf569d6a
chr22_100_guide_009	columba	timing	measured_1	1	0	0.556622	0.354382	0.157287	290336	4	958d7bb0d2bcce37cafabe02cb7bcd2515a249ee7abef00a06c7ca69afbeddfd	b26403da3df85946d6c7931e54a923877597a6d21517a6786edcfb4f3a684c5d
chr22_100_guide_010	columba	timing	measured_1	1	0	0.805647	0.423075	0.229597	290496	25	bbff78e8edf6476d0dd0cdd76f512cb705b72cd1e357220e1a380dbd5cb5874e	8283bb72468ef0f7298ae906c23d010c0d48c6574a33364a533179130f8c4875
chr22_100_guide_011	columba	timing	measured_1	1	0	0.605516	0.398576	0.163035	290536	21	ec592648254199539685feee5357d093e2e1ec0b8ee82c9ce1e89057db95c2aa	e3b0c44298fc1c149afbf4c8996fb92427ae41e4649b934ca495991b7852b855
chr22_100_guide_012	columba	timing	measured_1	1	0	0.655879	0.464942	0.144523	290416	8	9b00eaabadec78eddf839955f38b2c49038c64b495db9fc7cba00a4c5b16c2fd	e3b0c44298fc1c149afbf4c8996fb92427ae41e4649b934ca495991b7852b855
chr22_100_guide_013	columba	timing	measured_1	1	0	0.607745	0.355699	0.169575	290288	3	14d007c41b3efc0f49a5e3c8b2c1afbdbbf6448965f329277343a75661f62b72	e6ce59b275084995153a3e9c40a4958a8a70855f475daac144376dd269a555ec
chr22_100_guide_014	columba	timing	measured_1	1	0	0.605239	0.343439	0.198789	290592	193	18fa726a0532763a6a720243b5476e8492d4a0e21d88972a1590a5cc86c18f36	738f0679665e7cbee0e7647775b7e47573cdbc33c7d7463d5c01f8c75b0b7b5f
chr22_100_guide_015	columba	timing	measured_1	1	0	3.365887	1.277173	0.817923	291964	121	14607790ed2c2aa20854f98797286082d4f4e662c4918ba18d80b5c7cabdc3a3	42f93d194038db849260c18f78fe52cdc58775b7f60fd7a14fdf15a6b1f00b50
chr22_100_guide_016	columba	timing	measured_1	1	0	0.554659	0.332983	0.184827	290540	1	664ca84d364b11b722ac1aa282d988cb26faa580c3801fc71e980d0a2785483d	647a3c26fb0f04ad019100c4ab0390ab87ed5c84aadfe7a252bca70b1e3bd96d
chr22_100_guide_017	columba	timing	measured_1	1	0	2.816709	1.004210	0.781519	291360	65	443c9733648206d43672a968d8e97952afd65a9f31ce05d9d0565f64b1ea8a38	34e2228fdcbf823acbc1cf9a4520426f2726ceee2e2c487a482723b0e27f4c06
chr22_100_guide_018	columba	timing	measured_1	1	0	0.707308	0.424810	0.182624	290352	2	5c632dfc921b715b635c61d386497b7131eb4348bb520ea4a5cd13ab53ef1e7a	23e8f4ffff162fdc2e25089c32203c22ccb5ac9c66770c9b5d4a6408cc154ffb
chr22_100_guide_019	columba	timing	measured_1	1	0	0.605332	0.327148	0.184076	290360	1	6cdd7ce54810d5bc4f6f9e343cba7e89b5868d4aa230081223fa53049a31ac4f	dc56e723a41ad2b033072b1d35240963852ef67de09ef8478a44d1daa4a0e78a
chr22_100_guide_020	columba	timing	measured_1	1	0	0.855658	0.411163	0.256374	290508	7	e201d7cfc5ec4a9979af6c9a236130b8f36d6e0e4dcfef596b106dbc39010303	b458b467a03688a50351b56d6e3c449c56ad4edc944351aafb91ac49def2d89e
chr22_100_guide_021	columba	timing	measured_1	1	0	0.555208	0.380638	0.144627	290440	1	70d3142b6438b2233c1a63a2ac833233a13a2d75bf75339f1fccaff2fa81b453	d56d96fe98b333f362ee9bd6376532e8bc00f0bfcb42456116b5b2cd748bb70d
chr22_100_guide_022	columba	timing	measured_1	1	0	2.563132	1.119856	0.640692	291324	1	6b72b7d58a6bb9700568183d8342e8f3bc79c45ffa1f7e46c161effbf9985c5d	1bdc42a6859b8b52c1db369907a7439fdf814d31ad0591c6948691ed396edcd1
chr22_100_guide_023	columba	timing	measured_1	1	0	1.209863	0.417785	0.163497	290404	149	5664c285cf2f5ae0137ca1a22d1cb40e7231faecf6a27ae4223e67a75ccdd033	94dca88f98f958fa1bf19db4e20642e9042142e03f3cac411aff6176a087ef1e
chr22_100_guide_024	columba	timing	measured_1	1	0	1.006219	0.485881	0.238904	290152	2	bcee63120e7a1ad9985f53ede79aec2d8e27e6be8190904374c9bd2675cce1d4	20e0d047a90eb941c28e7c3eadd3682e2d2baa7519ca17df715655ce2d25a138
chr22_100_guide_025	columba	timing	measured_1	1	0	3.670153	1.309602	0.989067	292256	3309	2bcf3c36d3005ad0fb22c942310e9ac2be633eecc1be15596d48b67e278c7fd2	bbeec566678f9402686af8dfc82c742950a8cca1a8132401323a9ab6a130af25
chr22_100_guide_026	columba	timing	measured_1	1	0	2.967921	1.258487	0.733746	291724	64	74ee2057f2511f0387c90decf264283593386e47d9b30347bc9921ddcc60dd17	24451543d4981af6965232fc89a42aae084c85b1effd413db55357f5b81b7551
chr22_100_guide_027	columba	timing	measured_1	1	0	1.960460	0.355112	0.161643	290384	2	a7610eb051e87a34826545d10fcf8102943e8611a97a657a33ec94ff2afe4c13	ca6032de9107568e011efa775fb138933bc1f4163d835edc39d12e948093dfde
chr22_100_guide_028	columba	timing	measured_1	1	0	2.211589	0.371575	0.200921	290412	2001	01e49abccf673768fbd38172e9592aef60a9ffa738fefa147d463cc2893ff852	6ab1cb25283fe19a6bfd4fcd5c48da2d87969a73970cab771254caf7f66a6287
chr22_100_guide_029	columba	timing	measured_1	1	0	0.806295	0.447097	0.134418	290676	1862	023a0db1667cffab02ece840deaeba274e313dbe75e80a569d4eb1e108049a70	d4e0a36311e4ca8e67b4e69d062e253606ee8ba50c03ffb98d71774fa810bdfb
chr22_100_guide_030	columba	timing	measured_1	1	0	2.462348	0.816630	0.344576	291008	2155	d29f1e6c8cefac25b1c219eeb22083b707ccd515357f995e1d890f815157db21	2438973516059989d2cd3180bc4fb2a1b25b52a873009a27bebbfc598f668a22
chr22_100_guide_031	columba	timing	measured_1	1	0	2.513359	0.863551	0.388912	290836	2	5d5573821365e7bc8b578e4c8587ad85cc0ce7e73cc826859074ffc07c945a42	6d757fd7aeea9c62de2f65f7620c111ca2fee818c410d59cbc0beeac17789d75
chr22_100_guide_032	columba	timing	measured_1	1	0	0.554717	0.347411	0.120372	290552	1	c25a6440be62186e25b0f165358d0d0900b923751f80af6ee5c27f0f29a85af6	5bcc52812e3cd79f2c949096180d3f1ac01ae06d29eea04285bba87168ded8f9
chr22_100_guide_033	columba	timing	measured_1	1	0	0.605474	0.376908	0.188422	290412	1	0effc63d85fa97f691908ce0321ab857ae6f08fabd2480f35c83ff81e76c9f0e	6be499e878bb8835b2d0095d754911ca511e88d92eb98ee972ab04a1f8c00a0b
chr22_100_guide_034	columba	timing	measured_1	1	0	0.605141	0.343115	0.176537	290356	1	b799f84402b88ca7eda644ce1b5b5eb56c02b09c04d62fc51c4c70dc76c6b583	4f6dc5b5a164eea9ba79b4a4c7ee686bbb2ef32b24b407949991d9e320496ddb
chr22_100_guide_035	columba	timing	measured_1	1	0	1.156738	0.376422	0.223183	290516	10	26e2eb81897f587da39402739a7f851313f0bf1adff27623b341a24f6d65d55b	99ec977a326ca10c3e115b1ced26f639f311e55f5d55485ff6a9c48c4655ed96
chr22_100_guide_036	columba	timing	measured_1	1	0	0.604769	0.357067	0.165703	290360	1	d902219eeefe3ff64202f082d0493776f51eb4ff2b0f1167c0e670f923533dc4	561879fe16bf8d8d845615014aafa1348557dc2b653402bc983228fe11f91985
chr22_100_guide_037	columba	timing	measured_1	1	0	0.554598	0.337748	0.142981	290440	1	87a59470956d0b27daf38e5e39ded5e150cdea0e868b3bb38ed13ec71694f010	e3b0c44298fc1c149afbf4c8996fb92427ae41e4649b934ca495991b7852b855
chr22_100_guide_038	columba	timing	measured_1	1	0	0.604998	0.354179	0.182061	290324	1	029b4bae64ebbe3decac5715b992bb89ceb0731276cd7cd8566eaca4250537b4	d19c36693df71437a3e971b04638d4c55f47a0d94d8887a1c6ebbec6f71e8046
chr22_100_guide_039	columba	timing	measured_1	1	0	0.554670	0.346373	0.167381	290388	1	a699d8af011bf9deb858b41d0fae396d8cff7641f7f0fffbf757531340e4d266	e3b0c44298fc1c149afbf4c8996fb92427ae41e4649b934ca495991b7852b855
chr22_100_guide_040	columba	timing	measured_1	1	0	0.606863	0.390949	0.144073	290264	1	4390a33a35b7293befeadb9fa60eb9d4727d057633aeb9a93007f6581228ca97	7e3c0298e47ada9502fe1ab91e5aed0852345691cf2da9d42a3b3bb1585655fc
chr22_100_guide_041	columba	timing	measured_1	1	0	1.459043	0.363651	0.153143	290464	1	3e8108b8109dce3b65881841a62543e3eb3ba821fff9bc76b9b5e43ac8c75d77	30d5bd1a2fd8f421e7be29640f109fecf4e022892dc5732c56ef1b76e1f5233b
chr22_100_guide_042	columba	timing	measured_1	1	0	0.604985	0.362958	0.176039	290476	1	5924fcb39f9667884df027edda8f627478be6271057a2d69844c736321e3169f	e3b0c44298fc1c149afbf4c8996fb92427ae41e4649b934ca495991b7852b855
chr22_100_guide_043	columba	timing	measured_1	1	0	0.707261	0.450525	0.155613	290296	2	453049c36d105d5fc369042ca0ab1a96b8b895a916b5c2f187ec168c02aae659	6a4a76d7576dcdf483edf9f4bfebf4e97bedcea9c2681ce642817147f17c17a9
chr22_100_guide_044	columba	timing	measured_1	1	0	0.604207	0.356117	0.164931	290268	2	4f1d85930718319dee2874ba1c96e3f8e80885b044e2550d9d3285234eb16d34	ac80b04a88870303112f4ee98ea5b95636d0b8b35af5c52fb77c23238f1648db
chr22_100_guide_045	columba	timing	measured_1	1	0	0.554732	0.343546	0.136528	290512	1	7e528a989c31c40be279492b74efb2b32bbafcb76168ffa5ecf4da003dd2852c	dd567e27451842465f72c8df72e5b23a60f4533474e55b65999ba98af50e5e25
chr22_100_guide_046	columba	timing	measured_1	1	0	0.604939	0.386535	0.137390	290272	1	714554ca8eac6dff9bf1ea7bcd982ded36f466eaa79bea00a33e12ff4252393b	32b0fdb408a245e8ea00a9e3729e5f81f9093394a9fdef4348318ec666ad1e55
chr22_100_guide_047	columba	timing	measured_1	1	0	0.605295	0.361014	0.134814	290340	1	ca51411298336dbdfe2d1022ed02e74028dfbcd2e0e397a8224fce4f6017af72	b76583d8074d81b6123010653d515a4ff97310c43c5bf08081014d9154db7606
chr22_100_guide_048	columba	timing	measured_1	1	0	0.554844	0.333958	0.156584	290344	1	bc3b9f3f86cc8bbd34d0a114947da783ee284f28a9a17754f8b3028fd08951a9	e3b0c44298fc1c149afbf4c8996fb92427ae41e4649b934ca495991b7852b855
chr22_100_guide_049	columba	timing	measured_1	1	0	0.555123	0.367186	0.159836	290364	3	00230428f6d63582ec60d092b6bc6c689bf77cb21e9480a627f5e8c16d0dc979	42d1ec48cb0493956d77fad00767b6c2fed5e28ca7790d50779e46dd1957fd55
chr22_100_guide_050	columba	timing	measured_1	1	0	0.857843	0.517189	0.195697	290504	80	a3962782031d7a99caa2c5378ed324dd3f3d615a63e3f3246b35b7371cee0cde	76defb6e40a3b8e0ecc76033ed3e6b9c80b03fa159050eccc782c7a714c2d894
chr22_100_guide_051	columba	timing	measured_1	1	0	0.606581	0.387749	0.181723	290356	1	14ef5eacd0519bf8d6f3f1e421b2147ce2cef2d89992ac6bc3c0c6493049fd6f	b3f77e03add0f929849c64c186a0f6ee8168522805e29a074a8498ff01f34924
chr22_100_guide_052	columba	timing	measured_1	1	0	0.655100	0.401982	0.187345	290352	1	b743dcf20b0f8a4d8e1a343b97d48c58a0bc7fc4d1bb2a983a38d2078d740fcd	2948117454b190d6eeeaca3bc94a2bf5793d77da14d80a9f2def8405cee8a845
chr22_100_guide_053	columba	timing	measured_1	1	0	0.606049	0.419434	0.123776	290376	1	7f92fd7dddc708c2b3ec905f92a74e766b81d6ff9eaf13b4dc9c11ff5e96767a	eb38c77d3364d29cf9b4a0c82bd850e49266e1046930de12097b9d1d6f671ebe
chr22_100_guide_054	columba	timing	measured_1	1	0	0.655433	0.367889	0.158233	290448	14	d9abcf3e269963d774edd15ecfe3248bb12de76053f6fba41a9ca58879ce535c	62cdbb700ac6e400eb15d3c313f1c22cd0466e5941035e515b9a58218cbfa7d7
chr22_100_guide_055	columba	timing	measured_1	1	0	0.604836	0.375863	0.185098	290288	1	a3d6cd5055990fc10a7f55f785689720f3a06133f1b0f4568f98749ce2751038	cbf8fe25e09218949637c014c44b0ac6c41b7c9311afed997f16260a3c1fbf6a
chr22_100_guide_056	columba	timing	measured_1	1	0	0.605280	0.335600	0.200502	290264	1	4a6cdc3b90d2775c2496444fab6f836151cd422ec2c82a9bf758cde5414f2417	e3b0c44298fc1c149afbf4c8996fb92427ae41e4649b934ca495991b7852b855
chr22_100_guide_057	columba	timing	measured_1	1	0	1.409669	0.698269	0.321222	290752	587	783a46d43d98318f821fc86b8be9e506027471318fc62ea5c629dfb1aca5a195	62403cc55bceb18e3f7dc799bae6212084c8fd72be3b5f839029a386d7c94f53
chr22_100_guide_058	columba	timing	measured_1	1	0	0.655214	0.388292	0.174028	290352	1	b7517a16df61180265ec10a20cb33a003c3ea568992073591f20e96d81391119	b52ea0dac91d497aaec6f642a08329c4472b1d235792c856330e28a7c0b02c57
chr22_100_guide_059	columba	timing	measured_1	1	0	0.605244	0.387677	0.172066	290576	1	a6e8f7dbe8440152b018e778c86e594c220662576f7388bf74086116bfb557b5	0125d3c4984bdc22f6fcb221414dd3900ca99fecfcf592d4992e3000caf67fe4
chr22_100_guide_060	columba	timing	measured_1	1	0	0.555343	0.338291	0.143137	290516	1	96bacc0c5f62f5ee3cb64d6560e882e64673267447e8714383a4ab744f1c99a8	ccbb31fe1ebb9328fe27201916e87bd7c24b711b7b0b063a7f477755fe73cf70
chr22_100_guide_061	columba	timing	measured_1	1	0	0.605913	0.363006	0.192618	290440	1	9246314add68bcb309196485353ca32264aa9d97b65d40e3825659e7fa9e07c5	12cf0f82ebccaab6f5456eda16e6f1aa1c8c09e0e0b6bfe076d282d5294656c8
chr22_100_guide_062	columba	timing	measured_1	1	0	0.554066	0.330418	0.191953	292444	1	4832e7aa711ccdac22496f6cb8a979eec30369c372fca1b6aba1e3edfb12e8a1	e3b0c44298fc1c149afbf4c8996fb92427ae41e4649b934ca495991b7852b855
chr22_100_guide_063	columba	timing	measured_1	1	0	0.554926	0.365016	0.162562	290304	1	c4ca7ddc636638d7005d3e187756ba84185296e1c2585b41d0a7a856e2606213	696e651629a088ed51fa18bf92752b7cebcc5231944eb0da133c1b9ea7800ae7
chr22_100_guide_064	columba	timing	measured_1	1	0	0.605057	0.370828	0.177408	290452	1	b38f02456f345d872287da7f74b53691b169eb255cc35d11d103c308c700d2eb	80ee862860c0660e526ecb32b831aefab1ec8d289bb9d77c6b7b292513f4e728
chr22_100_guide_065	columba	timing	measured_1	1	0	0.554923	0.343555	0.172491	290364	1	4a6f7a313e251182f276be210f99075cb7bfa5275fa278d132ac27df6e713db1	e3b0c44298fc1c149afbf4c8996fb92427ae41e4649b934ca495991b7852b855
chr22_100_guide_066	columba	timing	measured_1	1	0	0.554854	0.353252	0.160555	290468	1	4802296ebbba9922a4ece696902be06427691049808ba406ed873a9a4a219f9c	5f467778f752a1aaed5df46d05a9a1b73450c302e12b8f1f7e33ddf845f2077e
chr22_100_guide_067	columba	timing	measured_1	1	0	0.605862	0.330257	0.197980	290312	1	0229a4fc79d3d37ddda05a4910899ff60fcd29aa41d3690d08b235deae1dd329	53b771ffaca11cb96d720daf7c16129376f1614689ba28d188fa0d0308cc5d07
chr22_100_guide_068	columba	timing	measured_1	1	0	0.604787	0.341838	0.173366	290384	2	d39c5b6762aa09453e14f55e106ab300ceb4955ee3d73b381937cbf2220ed042	fc6bbc4c65e692473cbf32ff151557635e2d1dd99e4b69c5ee3da000a109cea9
chr22_100_guide_069	columba	timing	measured_1	1	0	0.606033	0.371492	0.186069	290264	1	77885b288a794217926cbdc3f9557271a5584ca0a3525a33368ba9dfa0f79c36	5d430161443a2a46da19dfd91300b023436381d8acde81bd4858cc16663951ac
chr22_100_guide_070	columba	timing	measured_1	1	0	0.604787	0.373233	0.176034	290804	1	555a66e1753526673117e366fb233c844df0cfc38a64971866528e20e52f4ca2	daf225fd739240830663f4f6fa1add420c3d409ae734e31ecd3e9a98f65456bd
chr22_100_guide_071	columba	timing	measured_1	1	0	0.605852	0.386573	0.181287	290588	1	db50066ab5215e0ab40715d3e84c765c47977eb5d92e2f74fef9a37ee0c19f96	e3b0c44298fc1c149afbf4c8996fb92427ae41e4649b934ca495991b7852b855
chr22_100_guide_072	columba	timing	measured_1	1	0	0.604625	0.340280	0.203528	290120	1	a7389bd954eaa7a8f7c3e448a2ff3a3f4ef011b680d833fad933fd884d099eca	9b7501725ac0e846ebbf11d00696dd347ff96cf1e9b93286935af165a5a8fa66
chr22_100_guide_073	columba	timing	measured_1	1	0	0.605047	0.372218	0.188411	290288	1	850390cf00e784716c531f5e64380876ff07596af289e7ba34bc096bff075ecc	f44e84d998c57621965bbb72ae37ec201bf3185e3f28563924ad182f849d8046
chr22_100_guide_074	columba	timing	measured_1	1	0	0.906536	0.483550	0.262546	290596	15	97f0d8858f903bcb6a054b2a856681ae3d750161733d345ff4336bfc33819503	47727314b57ea803c5a3fa2d696319a895d425c026877c7342ec66d95555ff9d
chr22_100_guide_075	columba	timing	measured_1	1	0	1.106902	0.414233	0.258955	290468	690	2354f825ce61636eff2ebd9b9f04785099b672e2778924a5bfbd006333613cf6	7e96804198e52de0cf9624d7983a3fce1c16d78c3101a89c4b2d30f13556ce60
chr22_100_guide_076	columba	timing	measured_1	1	0	1.309224	0.674644	0.291291	290736	38	ca302eb1021b149cad0aa565a08684a3f95b4dc2d440c7d21ea5b8af132306eb	1486cd8c9af853f27a3bc3677c2cd49263a916b45c25f5b4df6be61b5d3536f6
chr22_100_guide_077	columba	timing	measured_1	1	0	0.604605	0.375334	0.194099	290476	1	e3869c3952dd0b0eb3e37141b1040c6f25b82c4e398011436f2219c75f8febe8	b9c553e0ccfe2ce660998762584c8775fddbac678c08f7828037c9b6239ea576
chr22_100_guide_078	columba	timing	measured_1	1	0	0.604469	0.376634	0.171042	290240	1	b32f95b3659bdf5efde0a545c93605a84811e1f51637e98948f88b66e0c918a9	e3b0c44298fc1c149afbf4c8996fb92427ae41e4649b934ca495991b7852b855
chr22_100_guide_079	columba	timing	measured_1	1	0	0.605148	0.341453	0.191032	290276	1	3719b9c87eb26bae46571444132aecd72ec6971081ed8592128ac8081655f637	ba8e3024a8dbd3ab92f3c3efd62af4339a44a56f1d02bd2d31d752a8b26c0e77
chr22_100_guide_080	columba	timing	measured_1	1	0	0.620308	0.354651	0.159558	290512	1	5c9d989f365df1d424483a28cbc77093b089ff7ebee8cd46972f309ff0b6db17	2f17411719ddcf823a39fa8532b48978e18ea71b4f65cc71e1b1d51840c18def
chr22_100_guide_081	columba	timing	measured_1	1	0	0.555119	0.356616	0.170095	290176	1	60f8b2bdc588b6b13527c78acc609879caa8defea9c72ada132dee63d52ad9bf	e3b0c44298fc1c149afbf4c8996fb92427ae41e4649b934ca495991b7852b855
chr22_100_guide_082	columba	timing	measured_1	1	0	0.555394	0.355238	0.160281	290380	1	8aa0d629b648d54d65dead9f626b4f79b04416d14abcb761ce6f8afd4c8d5a02	e3b0c44298fc1c149afbf4c8996fb92427ae41e4649b934ca495991b7852b855
chr22_100_guide_083	columba	timing	measured_1	1	0	0.655155	0.421584	0.187549	290364	1	1da030b92202db00fdf4fa746fa0de1c56a74c6415d7abf8e6e634730c0990ca	e8d6de60c3ba05b27001c144755f4d3ad082de5cdf0fdf5e9cf6b7717422195e
chr22_100_guide_084	columba	timing	measured_1	1	0	1.057208	0.500779	0.321860	290720	59	85f162921bfeefc97d3de55dbe3f97c5f8f6192ca4eb2dd40a561a137aa14173	5b15e8ffd7e3dbd341b4575d46e2dae3dfaa6a747317a1348b5b7768a37886c9
chr22_100_guide_085	columba	timing	measured_1	1	0	0.554985	0.348258	0.167594	290664	1	886f21508ef43139da65b3307d412b9c43af12390fb60b152be51f2961337117	e3b0c44298fc1c149afbf4c8996fb92427ae41e4649b934ca495991b7852b855
chr22_100_guide_086	columba	timing	measured_1	1	0	0.605177	0.344360	0.187231	290428	1	b49d937c3f713b95c07b0df4983659c5531f5062b2c8b309c93edf95c5d33253	fe8b505978787bbd7a6d3b5268bab52bb800793326eda2f064520359431dd393
chr22_100_guide_087	columba	timing	measured_1	1	0	0.956520	0.496123	0.262795	292620	5	7299c25e9e9229b69fae4918dbd7a3d10cf292aa3a5ae9e727231b52918c4ec1	e022cf39cf254e9d5e76a228fc4449c3751d849c1fa8e8eb5b7d348ead9de8a8
chr22_100_guide_088	columba	timing	measured_1	1	0	0.555236	0.324059	0.175675	290232	1	7b9ea615f9aa7e046adebd0e63adf8ebdc63c09e2a683a13ae5b9e9457fd8152	000abe2ead510b1e81f85058fe4a2422bdd56dfa268e082b10ff250075738f0e
chr22_100_guide_089	columba	timing	measured_1	1	0	0.605467	0.409233	0.131053	290208	1	790719bd8847db6a942f261864ea37c0ec15f7a4f400e0bd1eaf31a8e659f354	5747958b98329bf390adcb88fe0c55df552279978269e4428317edf8497c35fb
chr22_100_guide_090	columba	timing	measured_1	1	0	0.554413	0.338671	0.169352	290404	1	af0e7d04b9032b6ba55a507cdc6196da5e7f3adbce117a38bb6ba2d2fb078cba	bb969d4b02ddd34c284543e306e202b2336d7575aa86daa3e6466757c09fd92b
chr22_100_guide_091	columba	timing	measured_1	1	0	0.554799	0.351544	0.160384	290316	2	cf53e5c0ba2549b95ad7cc66f6caa57165a2d7ef971b8448816c1f5189dcba42	99ee76e9b64774c9369be8a6f72c896db95e3888b9d30ddcbc455b25e12e4601
chr22_100_guide_092	columba	timing	measured_1	1	0	0.705776	0.341672	0.167730	290440	1	36dc22934c7c02b9c1a4043e7fa71e9fab23fac626842ee0233fa0a19e8a4d8d	f9edfd1414c172b5a32e647be62f7efb9a1867b2825caa326cd197691299ad06
chr22_100_guide_093	columba	timing	measured_1	1	0	0.605044	0.391474	0.146683	290452	1	7c248ba9765e06499bdbdd56fa063150392f57bbcf49d7273e7a34148cb2a14e	cb99cf2cb5c76fa9de96c7d214883bdebf51068c4cfea4bec3c2c4a8fda8efb1
chr22_100_guide_094	columba	timing	measured_1	1	0	0.554692	0.354202	0.150206	290216	1	b129ef3c4f85946c1752fcdec67457fbfa137faf10c495dcfb79020726f0093a	e3b0c44298fc1c149afbf4c8996fb92427ae41e4649b934ca495991b7852b855
chr22_100_guide_095	columba	timing	measured_1	1	0	0.605231	0.376611	0.153220	290364	2	72cfccdb732c7f835e82aebb76ca4186954ee044989d4d3f165c230249e1ab41	8dd8d8e768aa6c5cd7d90852728b3841c27aebb8dbde3dfbf7f30997ce15d157
chr22_100_guide_096	columba	timing	measured_1	1	0	0.605332	0.361513	0.152881	290312	1	66356638d350f202a4fc3653512e2eb61d180a210d3b4874237620fdd88f45ac	96e1dce767526b5e03b01ea34764f33de2e58653d775c70a8355e05d5d77a707
chr22_100_guide_097	columba	timing	measured_1	1	0	0.604722	0.373470	0.158771	290296	1	ec3317eca52cb313be8b742bd84d70d8e9f8f3d3a8dfda83e632d9ec5b3e7472	c34143c4b66ce37c239db5fc991d73357da56a527f237f74e6df9d61bb22831f
chr22_100_guide_098	columba	timing	measured_1	1	0	0.756555	0.412986	0.200821	290456	9	6803cc83cccde78136058d3d854eb89cc05eab1188efe7c0cabebb43cb9eb17d	86060c0d0ba22165d0282d1cf92bc8afade2100bd1def809b1f81bb96b9678e3
chr22_100_guide_099	columba	timing	measured_1	1	0	0.554180	0.345847	0.134236	290240	4	1fd7872322173d0504d0c832d225fc1f16e4c6a2d976d3c96de80baf41629173	8b7f11de3ad2254629636c6d8342d71050f8c150a04e6c52ecefb6984e7ab6b5
chr22_100_guide_100	columba	timing	measured_1	1	0	0.555488	0.339765	0.163255	290252	2	4bb6e4f08a7316ba26ec3e6f894f79070071b55d78d6c1605a50035d0a1d9c79	43c575a7c9c47d3164a453eb851e84a8842b01388a4b2fe7c9503045ddc887e0
chr22_100_guide_001	columba	timing	measured_2	1	0	0.605546	0.366813	0.156996	290436	2	c788efd23026646b4da4b4a94736bffdb6646d5bb82e63ef3b54d008d2d7f496	5e6212673189b137868af231f3f49365db18929fbdc4915f13b52a1622522dba
chr22_100_guide_002	columba	timing	measured_2	1	0	0.906698	0.457385	0.256774	290440	21	f0937d09b482433febb72a3aa2951bd7a1099c3bb5c4e6ae5d7f40f51dfaf291	e925e6374c2b14f26ce352338d241501af5403cd20c2f7a0a66a7ff0957a82b9
chr22_100_guide_003	columba	timing	measured_2	1	0	0.656390	0.384909	0.192443	290352	856	ccc3d3b80ed309cc947744aeb419da762bf360cf65ee8f19caf6d89ef8540bb4	a0f43a78ac495168b63dc33958a840d4b629f46bd21e5ea36ebe2fd81ed8e956
chr22_100_guide_004	columba	timing	measured_2	1	0	0.807199	0.421455	0.234545	290404	1	691ce0260ac4ff8426decb079b6ec2efdf4680b3abaced64e9143840bccb9552	a4c7fcea839152b57f9d48000d08a15502fd89d0fd27949928e5d265dda849b7
chr22_100_guide_005	columba	timing	measured_2	1	0	1.158815	0.344783	0.184904	290344	1	95686fb2b7a30116b7ae2cc467351eaaf4c6f25cab6f6b7bc6dcc05f1c409532	011f515d83cd8b0bf4648cfa3d329bea0cb2939a7aabcbf319c9ccbd2ece994c
chr22_100_guide_006	columba	timing	measured_2	1	0	3.467042	1.200186	0.881284	291444	4	b8cc43f743b2bf2f0e12fa535de856dec45a7e724e169b206e17e024502350b1	9739780944683faaa4ef3f313f816b862f341378b37d0ab5c6f2f11c524f85ce
chr22_100_guide_007	columba	timing	measured_2	1	0	1.358787	0.542887	0.397804	290480	77	4ed0f166306be29e52512f6850c1b990c122568bfe38464c457a9cbc3cafab14	501f5c6c5e8d62ad0a7602fffd723666195a02b48240223d6a623d2bf75bc9d7
chr22_100_guide_008	columba	timing	measured_2	1	0	0.605571	0.349755	0.194543	290352	70	2525d9e467b0e235d87fec363306eb39498ebdd905157b97f69a01938142d417	587b33ffa851be62124e858db10a3ce0555e1fef7b9faa94a47115a7bf569d6a
chr22_100_guide_009	columba	timing	measured_2	1	0	0.605960	0.344094	0.204164	290316	4	958d7bb0d2bcce37cafabe02cb7bcd2515a249ee7abef00a06c7ca69afbeddfd	b26403da3df85946d6c7931e54a923877597a6d21517a6786edcfb4f3a684c5d
chr22_100_guide_010	columba	timing	measured_2	1	0	0.856160	0.398453	0.290821	290404	25	bbff78e8edf6476d0dd0cdd76f512cb705b72cd1e357220e1a380dbd5cb5874e	8283bb72468ef0f7298ae906c23d010c0d48c6574a33364a533179130f8c4875
chr22_100_guide_011	columba	timing	measured_2	1	0	0.555355	0.327640	0.160706	290424	21	ec592648254199539685feee5357d093e2e1ec0b8ee82c9ce1e89057db95c2aa	e3b0c44298fc1c149afbf4c8996fb92427ae41e4649b934ca495991b7852b855
chr22_100_guide_012	columba	timing	measured_2	1	0	0.555162	0.361929	0.136683	290472	8	9b00eaabadec78eddf839955f38b2c49038c64b495db9fc7cba00a4c5b16c2fd	e3b0c44298fc1c149afbf4c8996fb92427ae41e4649b934ca495991b7852b855
chr22_100_guide_013	columba	timing	measured_2	1	0	0.555050	0.326696	0.172913	290556	3	14d007c41b3efc0f49a5e3c8b2c1afbdbbf6448965f329277343a75661f62b72	e6ce59b275084995153a3e9c40a4958a8a70855f475daac144376dd269a555ec
chr22_100_guide_014	columba	timing	measured_2	1	0	0.555134	0.374100	0.142994	292468	193	18fa726a0532763a6a720243b5476e8492d4a0e21d88972a1590a5cc86c18f36	738f0679665e7cbee0e7647775b7e47573cdbc33c7d7463d5c01f8c75b0b7b5f
chr22_100_guide_015	columba	timing	measured_2	1	0	3.318373	1.374159	0.717830	291880	121	14607790ed2c2aa20854f98797286082d4f4e662c4918ba18d80b5c7cabdc3a3	42f93d194038db849260c18f78fe52cdc58775b7f60fd7a14fdf15a6b1f00b50
chr22_100_guide_016	columba	timing	measured_2	1	0	0.604905	0.366536	0.169177	290340	1	664ca84d364b11b722ac1aa282d988cb26faa580c3801fc71e980d0a2785483d	647a3c26fb0f04ad019100c4ab0390ab87ed5c84aadfe7a252bca70b1e3bd96d
chr22_100_guide_017	columba	timing	measured_2	1	0	2.766840	1.051831	0.660652	291316	65	443c9733648206d43672a968d8e97952afd65a9f31ce05d9d0565f64b1ea8a38	34e2228fdcbf823acbc1cf9a4520426f2726ceee2e2c487a482723b0e27f4c06
chr22_100_guide_018	columba	timing	measured_2	1	0	0.756293	0.410788	0.201565	290524	2	5c632dfc921b715b635c61d386497b7131eb4348bb520ea4a5cd13ab53ef1e7a	23e8f4ffff162fdc2e25089c32203c22ccb5ac9c66770c9b5d4a6408cc154ffb
chr22_100_guide_019	columba	timing	measured_2	1	0	0.555523	0.351541	0.135005	290128	1	6cdd7ce54810d5bc4f6f9e343cba7e89b5868d4aa230081223fa53049a31ac4f	dc56e723a41ad2b033072b1d35240963852ef67de09ef8478a44d1daa4a0e78a
chr22_100_guide_020	columba	timing	measured_2	1	0	0.806134	0.437702	0.223534	292424	7	e201d7cfc5ec4a9979af6c9a236130b8f36d6e0e4dcfef596b106dbc39010303	b458b467a03688a50351b56d6e3c449c56ad4edc944351aafb91ac49def2d89e
chr22_100_guide_021	columba	timing	measured_2	1	0	0.554585	0.391349	0.140091	290292	1	70d3142b6438b2233c1a63a2ac833233a13a2d75bf75339f1fccaff2fa81b453	d56d96fe98b333f362ee9bd6376532e8bc00f0bfcb42456116b5b2cd748bb70d
chr22_100_guide_022	columba	timing	measured_2	1	0	2.363339	0.999512	0.638817	291324	1	6b72b7d58a6bb9700568183d8342e8f3bc79c45ffa1f7e46c161effbf9985c5d	1bdc42a6859b8b52c1db369907a7439fdf814d31ad0591c6948691ed396edcd1
chr22_100_guide_023	columba	timing	measured_2	1	0	0.656750	0.376779	0.184771	290384	149	5664c285cf2f5ae0137ca1a22d1cb40e7231faecf6a27ae4223e67a75ccdd033	94dca88f98f958fa1bf19db4e20642e9042142e03f3cac411aff6176a087ef1e
chr22_100_guide_024	columba	timing	measured_2	1	0	0.956377	0.439592	0.248904	290484	2	bcee63120e7a1ad9985f53ede79aec2d8e27e6be8190904374c9bd2675cce1d4	20e0d047a90eb941c28e7c3eadd3682e2d2baa7519ca17df715655ce2d25a138
chr22_100_guide_025	columba	timing	measured_2	1	0	3.670370	1.325369	0.920758	292120	3309	2bcf3c36d3005ad0fb22c942310e9ac2be633eecc1be15596d48b67e278c7fd2	bbeec566678f9402686af8dfc82c742950a8cca1a8132401323a9ab6a130af25
chr22_100_guide_026	columba	timing	measured_2	1	0	2.864162	1.170916	0.732130	292032	64	74ee2057f2511f0387c90decf264283593386e47d9b30347bc9921ddcc60dd17	24451543d4981af6965232fc89a42aae084c85b1effd413db55357f5b81b7551
chr22_100_guide_027	columba	timing	measured_2	1	0	0.555378	0.357683	0.136722	290416	2	a7610eb051e87a34826545d10fcf8102943e8611a97a657a33ec94ff2afe4c13	ca6032de9107568e011efa775fb138933bc1f4163d835edc39d12e948093dfde
chr22_100_guide_028	columba	timing	measured_2	1	0	1.460533	0.380677	0.167664	290484	2001	01e49abccf673768fbd38172e9592aef60a9ffa738fefa147d463cc2893ff852	6ab1cb25283fe19a6bfd4fcd5c48da2d87969a73970cab771254caf7f66a6287
chr22_100_guide_029	columba	timing	measured_2	1	0	2.261421	0.380896	0.202257	290588	1862	023a0db1667cffab02ece840deaeba274e313dbe75e80a569d4eb1e108049a70	d4e0a36311e4ca8e67b4e69d062e253606ee8ba50c03ffb98d71774fa810bdfb
chr22_100_guide_030	columba	timing	measured_2	1	0	1.558712	0.841436	0.339280	291232	2155	d29f1e6c8cefac25b1c219eeb22083b707ccd515357f995e1d890f815157db21	2438973516059989d2cd3180bc4fb2a1b25b52a873009a27bebbfc598f668a22
chr22_100_guide_031	columba	timing	measured_2	1	0	2.564973	0.835481	0.370550	291076	2	5d5573821365e7bc8b578e4c8587ad85cc0ce7e73cc826859074ffc07c945a42	6d757fd7aeea9c62de2f65f7620c111ca2fee818c410d59cbc0beeac17789d75
chr22_100_guide_032	columba	timing	measured_2	1	0	0.605858	0.384619	0.152316	290424	1	c25a6440be62186e25b0f165358d0d0900b923751f80af6ee5c27f0f29a85af6	5bcc52812e3cd79f2c949096180d3f1ac01ae06d29eea04285bba87168ded8f9
chr22_100_guide_033	columba	timing	measured_2	1	0	0.605940	0.359157	0.175665	290172	1	0effc63d85fa97f691908ce0321ab857ae6f08fabd2480f35c83ff81e76c9f0e	6be499e878bb8835b2d0095d754911ca511e88d92eb98ee972ab04a1f8c00a0b
chr22_100_guide_034	columba	timing	measured_2	1	0	0.605660	0.321565	0.197206	290184	1	b799f84402b88ca7eda644ce1b5b5eb56c02b09c04d62fc51c4c70dc76c6b583	4f6dc5b5a164eea9ba79b4a4c7ee686bbb2ef32b24b407949991d9e320496ddb
chr22_100_guide_035	columba	timing	measured_2	1	0	0.905793	0.373422	0.199272	290376	10	26e2eb81897f587da39402739a7f851313f0bf1adff27623b341a24f6d65d55b	99ec977a326ca10c3e115b1ced26f639f311e55f5d55485ff6a9c48c4655ed96
chr22_100_guide_036	columba	timing	measured_2	1	0	0.554604	0.348841	0.173411	290356	1	d902219eeefe3ff64202f082d0493776f51eb4ff2b0f1167c0e670f923533dc4	561879fe16bf8d8d845615014aafa1348557dc2b653402bc983228fe11f91985
chr22_100_guide_037	columba	timing	measured_2	1	0	0.629840	0.333140	0.198459	290228	1	87a59470956d0b27daf38e5e39ded5e150cdea0e868b3bb38ed13ec71694f010	e3b0c44298fc1c149afbf4c8996fb92427ae41e4649b934ca495991b7852b855
chr22_100_guide_038	columba	timing	measured_2	1	0	0.605541	0.331874	0.203722	290328	1	029b4bae64ebbe3decac5715b992bb89ceb0731276cd7cd8566eaca4250537b4	d19c36693df71437a3e971b04638d4c55f47a0d94d8887a1c6ebbec6f71e8046
chr22_100_guide_039	columba	timing	measured_2	1	0	0.605206	0.375799	0.157337	290316	1	a699d8af011bf9deb858b41d0fae396d8cff7641f7f0fffbf757531340e4d266	e3b0c44298fc1c149afbf4c8996fb92427ae41e4649b934ca495991b7852b855
chr22_100_guide_040	columba	timing	measured_2	1	0	0.606042	0.357537	0.174264	290440	1	4390a33a35b7293befeadb9fa60eb9d4727d057633aeb9a93007f6581228ca97	7e3c0298e47ada9502fe1ab91e5aed0852345691cf2da9d42a3b3bb1585655fc
chr22_100_guide_041	columba	timing	measured_2	1	0	1.457992	0.445508	0.143416	290240	1	3e8108b8109dce3b65881841a62543e3eb3ba821fff9bc76b9b5e43ac8c75d77	30d5bd1a2fd8f421e7be29640f109fecf4e022892dc5732c56ef1b76e1f5233b
chr22_100_guide_042	columba	timing	measured_2	1	0	0.604974	0.381615	0.167162	290464	1	5924fcb39f9667884df027edda8f627478be6271057a2d69844c736321e3169f	e3b0c44298fc1c149afbf4c8996fb92427ae41e4649b934ca495991b7852b855
chr22_100_guide_043	columba	timing	measured_2	1	0	0.708716	0.416214	0.176435	290328	2	453049c36d105d5fc369042ca0ab1a96b8b895a916b5c2f187ec168c02aae659	6a4a76d7576dcdf483edf9f4bfebf4e97bedcea9c2681ce642817147f17c17a9
chr22_100_guide_044	columba	timing	measured_2	1	0	0.605576	0.357026	0.149300	290272	2	4f1d85930718319dee2874ba1c96e3f8e80885b044e2550d9d3285234eb16d34	ac80b04a88870303112f4ee98ea5b95636d0b8b35af5c52fb77c23238f1648db
chr22_100_guide_045	columba	timing	measured_2	1	0	0.554507	0.356208	0.132941	290308	1	7e528a989c31c40be279492b74efb2b32bbafcb76168ffa5ecf4da003dd2852c	dd567e27451842465f72c8df72e5b23a60f4533474e55b65999ba98af50e5e25
chr22_100_guide_046	columba	timing	measured_2	1	0	0.555352	0.380461	0.132174	290420	1	714554ca8eac6dff9bf1ea7bcd982ded36f466eaa79bea00a33e12ff4252393b	32b0fdb408a245e8ea00a9e3729e5f81f9093394a9fdef4348318ec666ad1e55
chr22_100_guide_047	columba	timing	measured_2	1	0	0.555581	0.338190	0.174414	290384	1	ca51411298336dbdfe2d1022ed02e74028dfbcd2e0e397a8224fce4f6017af72	b76583d8074d81b6123010653d515a4ff97310c43c5bf08081014d9154db7606
chr22_100_guide_048	columba	timing	measured_2	1	0	0.604587	0.377622	0.177577	290284	1	bc3b9f3f86cc8bbd34d0a114947da783ee284f28a9a17754f8b3028fd08951a9	e3b0c44298fc1c149afbf4c8996fb92427ae41e4649b934ca495991b7852b855
chr22_100_guide_049	columba	timing	measured_2	1	0	0.554307	0.350652	0.144639	290536	3	00230428f6d63582ec60d092b6bc6c689bf77cb21e9480a627f5e8c16d0dc979	42d1ec48cb0493956d77fad00767b6c2fed5e28ca7790d50779e46dd1957fd55
chr22_100_guide_050	columba	timing	measured_2	1	0	0.856824	0.503264	0.195978	290376	80	a3962782031d7a99caa2c5378ed324dd3f3d615a63e3f3246b35b7371cee0cde	76defb6e40a3b8e0ecc76033ed3e6b9c80b03fa159050eccc782c7a714c2d894
chr22_100_guide_051	columba	timing	measured_2	1	0	0.654403	0.337713	0.176638	290404	1	14ef5eacd0519bf8d6f3f1e421b2147ce2cef2d89992ac6bc3c0c6493049fd6f	b3f77e03add0f929849c64c186a0f6ee8168522805e29a074a8498ff01f34924
chr22_100_guide_052	columba	timing	measured_2	1	0	0.604848	0.350619	0.179953	290304	1	b743dcf20b0f8a4d8e1a343b97d48c58a0bc7fc4d1bb2a983a38d2078d740fcd	2948117454b190d6eeeaca3bc94a2bf5793d77da14d80a9f2def8405cee8a845
chr22_100_guide_053	columba	timing	measured_2	1	0	0.554693	0.368983	0.151735	290356	1	7f92fd7dddc708c2b3ec905f92a74e766b81d6ff9eaf13b4dc9c11ff5e96767a	eb38c77d3364d29cf9b4a0c82bd850e49266e1046930de12097b9d1d6f671ebe
chr22_100_guide_054	columba	timing	measured_2	1	0	0.655415	0.374402	0.194724	290384	14	d9abcf3e269963d774edd15ecfe3248bb12de76053f6fba41a9ca58879ce535c	62cdbb700ac6e400eb15d3c313f1c22cd0466e5941035e515b9a58218cbfa7d7
chr22_100_guide_055	columba	timing	measured_2	1	0	0.604462	0.330723	0.210767	290332	1	a3d6cd5055990fc10a7f55f785689720f3a06133f1b0f4568f98749ce2751038	cbf8fe25e09218949637c014c44b0ac6c41b7c9311afed997f16260a3c1fbf6a
chr22_100_guide_056	columba	timing	measured_2	1	0	0.655033	0.441937	0.161703	290260	1	4a6cdc3b90d2775c2496444fab6f836151cd422ec2c82a9bf758cde5414f2417	e3b0c44298fc1c149afbf4c8996fb92427ae41e4649b934ca495991b7852b855
chr22_100_guide_057	columba	timing	measured_2	1	0	1.307124	0.640671	0.311170	290804	587	783a46d43d98318f821fc86b8be9e506027471318fc62ea5c629dfb1aca5a195	62403cc55bceb18e3f7dc799bae6212084c8fd72be3b5f839029a386d7c94f53
chr22_100_guide_058	columba	timing	measured_2	1	0	0.605717	0.363170	0.188053	290380	1	b7517a16df61180265ec10a20cb33a003c3ea568992073591f20e96d81391119	b52ea0dac91d497aaec6f642a08329c4472b1d235792c856330e28a7c0b02c57
chr22_100_guide_059	columba	timing	measured_2	1	0	0.605430	0.361503	0.172970	290244	1	a6e8f7dbe8440152b018e778c86e594c220662576f7388bf74086116bfb557b5	0125d3c4984bdc22f6fcb221414dd3900ca99fecfcf592d4992e3000caf67fe4
chr22_100_guide_060	columba	timing	measured_2	1	0	0.555155	0.354184	0.164549	290376	1	96bacc0c5f62f5ee3cb64d6560e882e64673267447e8714383a4ab744f1c99a8	ccbb31fe1ebb9328fe27201916e87bd7c24b711b7b0b063a7f477755fe73cf70
chr22_100_guide_061	columba	timing	measured_2	1	0	0.604947	0.374244	0.183669	290364	1	9246314add68bcb309196485353ca32264aa9d97b65d40e3825659e7fa9e07c5	12cf0f82ebccaab6f5456eda16e6f1aa1c8c09e0e0b6bfe076d282d5294656c8
chr22_100_guide_062	columba	timing	measured_2	1	0	0.605197	0.347899	0.181808	290436	1	4832e7aa711ccdac22496f6cb8a979eec30369c372fca1b6aba1e3edfb12e8a1	e3b0c44298fc1c149afbf4c8996fb92427ae41e4649b934ca495991b7852b855
chr22_100_guide_063	columba	timing	measured_2	1	0	0.605613	0.382931	0.156061	290164	1	c4ca7ddc636638d7005d3e187756ba84185296e1c2585b41d0a7a856e2606213	696e651629a088ed51fa18bf92752b7cebcc5231944eb0da133c1b9ea7800ae7
chr22_100_guide_064	columba	timing	measured_2	1	0	0.554766	0.349379	0.156270	290412	1	b38f02456f345d872287da7f74b53691b169eb255cc35d11d103c308c700d2eb	80ee862860c0660e526ecb32b831aefab1ec8d289bb9d77c6b7b292513f4e728
chr22_100_guide_065	columba	timing	measured_2	1	0	0.555034	0.355891	0.134822	290356	1	4a6f7a313e251182f276be210f99075cb7bfa5275fa278d132ac27df6e713db1	e3b0c44298fc1c149afbf4c8996fb92427ae41e4649b934ca495991b7852b855
chr22_100_guide_066	columba	timing	measured_2	1	0	0.755481	0.359980	0.112038	290424	1	4802296ebbba9922a4ece696902be06427691049808ba406ed873a9a4a219f9c	5f467778f752a1aaed5df46d05a9a1b73450c302e12b8f1f7e33ddf845f2077e
chr22_100_guide_067	columba	timing	measured_2	1	0	0.605755	0.339281	0.199677	290384	1	0229a4fc79d3d37ddda05a4910899ff60fcd29aa41d3690d08b235deae1dd329	53b771ffaca11cb96d720daf7c16129376f1614689ba28d188fa0d0308cc5d07
chr22_100_guide_068	columba	timing	measured_2	1	0	0.554905	0.342769	0.155950	290252	2	d39c5b6762aa09453e14f55e106ab300ceb4955ee3d73b381937cbf2220ed042	fc6bbc4c65e692473cbf32ff151557635e2d1dd99e4b69c5ee3da000a109cea9
chr22_100_guide_069	columba	timing	measured_2	1	0	0.554954	0.346647	0.145379	290508	1	77885b288a794217926cbdc3f9557271a5584ca0a3525a33368ba9dfa0f79c36	5d430161443a2a46da19dfd91300b023436381d8acde81bd4858cc16663951ac
chr22_100_guide_070	columba	timing	measured_2	1	0	0.554643	0.372156	0.122263	290392	1	555a66e1753526673117e366fb233c844df0cfc38a64971866528e20e52f4ca2	daf225fd739240830663f4f6fa1add420c3d409ae734e31ecd3e9a98f65456bd
chr22_100_guide_071	columba	timing	measured_2	1	0	0.605164	0.367227	0.188888	290340	1	db50066ab5215e0ab40715d3e84c765c47977eb5d92e2f74fef9a37ee0c19f96	e3b0c44298fc1c149afbf4c8996fb92427ae41e4649b934ca495991b7852b855
chr22_100_guide_072	columba	timing	measured_2	1	0	0.554912	0.349951	0.169564	290468	1	a7389bd954eaa7a8f7c3e448a2ff3a3f4ef011b680d833fad933fd884d099eca	9b7501725ac0e846ebbf11d00696dd347ff96cf1e9b93286935af165a5a8fa66
chr22_100_guide_073	columba	timing	measured_2	1	0	0.605425	0.338753	0.187293	290088	1	850390cf00e784716c531f5e64380876ff07596af289e7ba34bc096bff075ecc	f44e84d998c57621965bbb72ae37ec201bf3185e3f28563924ad182f849d8046
chr22_100_guide_074	columba	timing	measured_2	1	0	0.956527	0.544103	0.206508	290452	15	97f0d8858f903bcb6a054b2a856681ae3d750161733d345ff4336bfc33819503	47727314b57ea803c5a3fa2d696319a895d425c026877c7342ec66d95555ff9d
chr22_100_guide_075	columba	timing	measured_2	1	0	1.108100	0.504165	0.209409	290404	690	2354f825ce61636eff2ebd9b9f04785099b672e2778924a5bfbd006333613cf6	7e96804198e52de0cf9624d7983a3fce1c16d78c3101a89c4b2d30f13556ce60
chr22_100_guide_076	columba	timing	measured_2	1	0	1.258615	0.557330	0.365502	290432	38	ca302eb1021b149cad0aa565a08684a3f95b4dc2d440c7d21ea5b8af132306eb	1486cd8c9af853f27a3bc3677c2cd49263a916b45c25f5b4df6be61b5d3536f6
chr22_100_guide_077	columba	timing	measured_2	1	0	0.554917	0.326789	0.200469	290292	1	e3869c3952dd0b0eb3e37141b1040c6f25b82c4e398011436f2219c75f8febe8	b9c553e0ccfe2ce660998762584c8775fddbac678c08f7828037c9b6239ea576
chr22_100_guide_078	columba	timing	measured_2	1	0	0.605369	0.350146	0.197386	290104	1	b32f95b3659bdf5efde0a545c93605a84811e1f51637e98948f88b66e0c918a9	e3b0c44298fc1c149afbf4c8996fb92427ae41e4649b934ca495991b7852b855
chr22_100_guide_079	columba	timing	measured_2	1	0	0.605658	0.384278	0.167690	290364	1	3719b9c87eb26bae46571444132aecd72ec6971081ed8592128ac8081655f637	ba8e3024a8dbd3ab92f3c3efd62af4339a44a56f1d02bd2d31d752a8b26c0e77
chr22_100_guide_080	columba	timing	measured_2	1	0	0.605688	0.358754	0.178727	290348	1	5c9d989f365df1d424483a28cbc77093b089ff7ebee8cd46972f309ff0b6db17	2f17411719ddcf823a39fa8532b48978e18ea71b4f65cc71e1b1d51840c18def
chr22_100_guide_081	columba	timing	measured_2	1	0	0.554720	0.340882	0.187591	290552	1	60f8b2bdc588b6b13527c78acc609879caa8defea9c72ada132dee63d52ad9bf	e3b0c44298fc1c149afbf4c8996fb92427ae41e4649b934ca495991b7852b855
chr22_100_guide_082	columba	timing	measured_2	1	0	0.956275	0.352850	0.168807	292540	1	8aa0d629b648d54d65dead9f626b4f79b04416d14abcb761ce6f8afd4c8d5a02	e3b0c44298fc1c149afbf4c8996fb92427ae41e4649b934ca495991b7852b855
chr22_100_guide_083	columba	timing	measured_2	1	0	0.605250	0.340674	0.187510	290244	1	1da030b92202db00fdf4fa746fa0de1c56a74c6415d7abf8e6e634730c0990ca	e8d6de60c3ba05b27001c144755f4d3ad082de5cdf0fdf5e9cf6b7717422195e
chr22_100_guide_084	columba	timing	measured_2	1	0	1.008095	0.504515	0.278299	290492	59	85f162921bfeefc97d3de55dbe3f97c5f8f6192ca4eb2dd40a561a137aa14173	5b15e8ffd7e3dbd341b4575d46e2dae3dfaa6a747317a1348b5b7768a37886c9
chr22_100_guide_085	columba	timing	measured_2	1	0	0.605239	0.374389	0.176714	290292	1	886f21508ef43139da65b3307d412b9c43af12390fb60b152be51f2961337117	e3b0c44298fc1c149afbf4c8996fb92427ae41e4649b934ca495991b7852b855
chr22_100_guide_086	columba	timing	measured_2	1	0	0.606305	0.377274	0.184586	290392	1	b49d937c3f713b95c07b0df4983659c5531f5062b2c8b309c93edf95c5d33253	fe8b505978787bbd7a6d3b5268bab52bb800793326eda2f064520359431dd393
chr22_100_guide_087	columba	timing	measured_2	1	0	0.956990	0.431223	0.322412	290192	5	7299c25e9e9229b69fae4918dbd7a3d10cf292aa3a5ae9e727231b52918c4ec1	e022cf39cf254e9d5e76a228fc4449c3751d849c1fa8e8eb5b7d348ead9de8a8
chr22_100_guide_088	columba	timing	measured_2	1	0	0.604417	0.365372	0.162076	290336	1	7b9ea615f9aa7e046adebd0e63adf8ebdc63c09e2a683a13ae5b9e9457fd8152	000abe2ead510b1e81f85058fe4a2422bdd56dfa268e082b10ff250075738f0e
chr22_100_guide_089	columba	timing	measured_2	1	0	0.555140	0.311456	0.196892	292400	1	790719bd8847db6a942f261864ea37c0ec15f7a4f400e0bd1eaf31a8e659f354	5747958b98329bf390adcb88fe0c55df552279978269e4428317edf8497c35fb
chr22_100_guide_090	columba	timing	measured_2	1	0	0.606068	0.341477	0.187482	290408	1	af0e7d04b9032b6ba55a507cdc6196da5e7f3adbce117a38bb6ba2d2fb078cba	bb969d4b02ddd34c284543e306e202b2336d7575aa86daa3e6466757c09fd92b
chr22_100_guide_091	columba	timing	measured_2	1	0	0.554831	0.358921	0.137735	290364	2	cf53e5c0ba2549b95ad7cc66f6caa57165a2d7ef971b8448816c1f5189dcba42	99ee76e9b64774c9369be8a6f72c896db95e3888b9d30ddcbc455b25e12e4601
chr22_100_guide_092	columba	timing	measured_2	1	0	0.705286	0.339964	0.169333	290300	1	36dc22934c7c02b9c1a4043e7fa71e9fab23fac626842ee0233fa0a19e8a4d8d	f9edfd1414c172b5a32e647be62f7efb9a1867b2825caa326cd197691299ad06
chr22_100_guide_093	columba	timing	measured_2	1	0	0.504444	0.327761	0.143649	290332	1	7c248ba9765e06499bdbdd56fa063150392f57bbcf49d7273e7a34148cb2a14e	cb99cf2cb5c76fa9de96c7d214883bdebf51068c4cfea4bec3c2c4a8fda8efb1
chr22_100_guide_094	columba	timing	measured_2	1	0	0.555140	0.349660	0.172736	290276	1	b129ef3c4f85946c1752fcdec67457fbfa137faf10c495dcfb79020726f0093a	e3b0c44298fc1c149afbf4c8996fb92427ae41e4649b934ca495991b7852b855
chr22_100_guide_095	columba	timing	measured_2	1	0	0.555381	0.355639	0.147675	290276	2	72cfccdb732c7f835e82aebb76ca4186954ee044989d4d3f165c230249e1ab41	8dd8d8e768aa6c5cd7d90852728b3841c27aebb8dbde3dfbf7f30997ce15d157
chr22_100_guide_096	columba	timing	measured_2	1	0	0.605227	0.349595	0.164806	290324	1	66356638d350f202a4fc3653512e2eb61d180a210d3b4874237620fdd88f45ac	96e1dce767526b5e03b01ea34764f33de2e58653d775c70a8355e05d5d77a707
chr22_100_guide_097	columba	timing	measured_2	1	0	0.605070	0.411000	0.148158	290364	1	ec3317eca52cb313be8b742bd84d70d8e9f8f3d3a8dfda83e632d9ec5b3e7472	c34143c4b66ce37c239db5fc991d73357da56a527f237f74e6df9d61bb22831f
chr22_100_guide_098	columba	timing	measured_2	1	0	0.757444	0.434538	0.174998	290544	9	6803cc83cccde78136058d3d854eb89cc05eab1188efe7c0cabebb43cb9eb17d	86060c0d0ba22165d0282d1cf92bc8afade2100bd1def809b1f81bb96b9678e3
chr22_100_guide_099	columba	timing	measured_2	1	0	0.555101	0.379877	0.139377	290388	4	1fd7872322173d0504d0c832d225fc1f16e4c6a2d976d3c96de80baf41629173	8b7f11de3ad2254629636c6d8342d71050f8c150a04e6c52ecefb6984e7ab6b5
chr22_100_guide_100	columba	timing	measured_2	1	0	0.604878	0.368573	0.151247	290380	2	4bb6e4f08a7316ba26ec3e6f894f79070071b55d78d6c1605a50035d0a1d9c79	43c575a7c9c47d3164a453eb851e84a8842b01388a4b2fe7c9503045ddc887e0
chr22_100_guide_001	columba	timing	measured_3	1	0	0.555240	0.351029	0.139722	290320	2	c788efd23026646b4da4b4a94736bffdb6646d5bb82e63ef3b54d008d2d7f496	5e6212673189b137868af231f3f49365db18929fbdc4915f13b52a1622522dba
chr22_100_guide_002	columba	timing	measured_3	1	0	0.956540	0.512333	0.250256	290388	21	f0937d09b482433febb72a3aa2951bd7a1099c3bb5c4e6ae5d7f40f51dfaf291	e925e6374c2b14f26ce352338d241501af5403cd20c2f7a0a66a7ff0957a82b9
chr22_100_guide_003	columba	timing	measured_3	1	0	0.655338	0.396323	0.153744	290572	856	ccc3d3b80ed309cc947744aeb419da762bf360cf65ee8f19caf6d89ef8540bb4	a0f43a78ac495168b63dc33958a840d4b629f46bd21e5ea36ebe2fd81ed8e956
chr22_100_guide_004	columba	timing	measured_3	1	0	0.806419	0.437309	0.199778	290388	1	691ce0260ac4ff8426decb079b6ec2efdf4680b3abaced64e9143840bccb9552	a4c7fcea839152b57f9d48000d08a15502fd89d0fd27949928e5d265dda849b7
chr22_100_guide_005	columba	timing	measured_3	1	0	1.208340	0.423452	0.153340	290532	1	95686fb2b7a30116b7ae2cc467351eaaf4c6f25cab6f6b7bc6dcc05f1c409532	011f515d83cd8b0bf4648cfa3d329bea0cb2939a7aabcbf319c9ccbd2ece994c
chr22_100_guide_006	columba	timing	measured_3	1	0	3.467266	1.171889	0.853153	291532	4	b8cc43f743b2bf2f0e12fa535de856dec45a7e724e169b206e17e024502350b1	9739780944683faaa4ef3f313f816b862f341378b37d0ab5c6f2f11c524f85ce
chr22_100_guide_007	columba	timing	measured_3	1	0	1.358314	0.546627	0.373178	291124	77	4ed0f166306be29e52512f6850c1b990c122568bfe38464c457a9cbc3cafab14	501f5c6c5e8d62ad0a7602fffd723666195a02b48240223d6a623d2bf75bc9d7
chr22_100_guide_008	columba	timing	measured_3	1	0	0.555530	0.352062	0.147391	290328	70	2525d9e467b0e235d87fec363306eb39498ebdd905157b97f69a01938142d417	587b33ffa851be62124e858db10a3ce0555e1fef7b9faa94a47115a7bf569d6a
chr22_100_guide_009	columba	timing	measured_3	1	0	0.554611	0.335255	0.148080	290364	4	958d7bb0d2bcce37cafabe02cb7bcd2515a249ee7abef00a06c7ca69afbeddfd	b26403da3df85946d6c7931e54a923877597a6d21517a6786edcfb4f3a684c5d
chr22_100_guide_010	columba	timing	measured_3	1	0	0.806294	0.432227	0.214469	292400	25	bbff78e8edf6476d0dd0cdd76f512cb705b72cd1e357220e1a380dbd5cb5874e	8283bb72468ef0f7298ae906c23d010c0d48c6574a33364a533179130f8c4875
chr22_100_guide_011	columba	timing	measured_3	1	0	0.606058	0.362525	0.183208	290256	21	ec592648254199539685feee5357d093e2e1ec0b8ee82c9ce1e89057db95c2aa	e3b0c44298fc1c149afbf4c8996fb92427ae41e4649b934ca495991b7852b855
chr22_100_guide_012	columba	timing	measured_3	1	0	0.605050	0.346280	0.185011	290336	8	9b00eaabadec78eddf839955f38b2c49038c64b495db9fc7cba00a4c5b16c2fd	e3b0c44298fc1c149afbf4c8996fb92427ae41e4649b934ca495991b7852b855
chr22_100_guide_013	columba	timing	measured_3	1	0	0.554546	0.341915	0.179097	290360	3	14d007c41b3efc0f49a5e3c8b2c1afbdbbf6448965f329277343a75661f62b72	e6ce59b275084995153a3e9c40a4958a8a70855f475daac144376dd269a555ec
chr22_100_guide_014	columba	timing	measured_3	1	0	0.605456	0.362803	0.194594	290320	193	18fa726a0532763a6a720243b5476e8492d4a0e21d88972a1590a5cc86c18f36	738f0679665e7cbee0e7647775b7e47573cdbc33c7d7463d5c01f8c75b0b7b5f
chr22_100_guide_015	columba	timing	measured_3	1	0	3.418411	1.331233	0.870538	292548	121	14607790ed2c2aa20854f98797286082d4f4e662c4918ba18d80b5c7cabdc3a3	42f93d194038db849260c18f78fe52cdc58775b7f60fd7a14fdf15a6b1f00b50
chr22_100_guide_016	columba	timing	measured_3	1	0	0.604861	0.341961	0.183089	290488	1	664ca84d364b11b722ac1aa282d988cb26faa580c3801fc71e980d0a2785483d	647a3c26fb0f04ad019100c4ab0390ab87ed5c84aadfe7a252bca70b1e3bd96d
chr22_100_guide_017	columba	timing	measured_3	1	0	2.716401	0.924312	0.814868	291608	65	443c9733648206d43672a968d8e97952afd65a9f31ce05d9d0565f64b1ea8a38	34e2228fdcbf823acbc1cf9a4520426f2726ceee2e2c487a482723b0e27f4c06
chr22_100_guide_018	columba	timing	measured_3	1	0	0.756329	0.400342	0.234098	290416	2	5c632dfc921b715b635c61d386497b7131eb4348bb520ea4a5cd13ab53ef1e7a	23e8f4ffff162fdc2e25089c32203c22ccb5ac9c66770c9b5d4a6408cc154ffb
chr22_100_guide_019	columba	timing	measured_3	1	0	0.605115	0.334416	0.189420	290316	1	6cdd7ce54810d5bc4f6f9e343cba7e89b5868d4aa230081223fa53049a31ac4f	dc56e723a41ad2b033072b1d35240963852ef67de09ef8478a44d1daa4a0e78a
chr22_100_guide_020	columba	timing	measured_3	1	0	0.855867	0.447848	0.227700	290344	7	e201d7cfc5ec4a9979af6c9a236130b8f36d6e0e4dcfef596b106dbc39010303	b458b467a03688a50351b56d6e3c449c56ad4edc944351aafb91ac49def2d89e
chr22_100_guide_021	columba	timing	measured_3	1	0	0.605620	0.377828	0.178936	290504	1	70d3142b6438b2233c1a63a2ac833233a13a2d75bf75339f1fccaff2fa81b453	d56d96fe98b333f362ee9bd6376532e8bc00f0bfcb42456116b5b2cd748bb70d
chr22_100_guide_022	columba	timing	measured_3	1	0	2.413914	1.071557	0.576517	291380	1	6b72b7d58a6bb9700568183d8342e8f3bc79c45ffa1f7e46c161effbf9985c5d	1bdc42a6859b8b52c1db369907a7439fdf814d31ad0591c6948691ed396edcd1
chr22_100_guide_023	columba	timing	measured_3	1	0	1.058806	0.390469	0.178593	290448	149	5664c285cf2f5ae0137ca1a22d1cb40e7231faecf6a27ae4223e67a75ccdd033	94dca88f98f958fa1bf19db4e20642e9042142e03f3cac411aff6176a087ef1e
chr22_100_guide_024	columba	timing	measured_3	1	0	1.057784	0.455611	0.265693	290396	2	bcee63120e7a1ad9985f53ede79aec2d8e27e6be8190904374c9bd2675cce1d4	20e0d047a90eb941c28e7c3eadd3682e2d2baa7519ca17df715655ce2d25a138
chr22_100_guide_025	columba	timing	measured_3	1	0	3.871833	1.363481	0.978840	292208	3309	2bcf3c36d3005ad0fb22c942310e9ac2be633eecc1be15596d48b67e278c7fd2	bbeec566678f9402686af8dfc82c742950a8cca1a8132401323a9ab6a130af25
chr22_100_guide_026	columba	timing	measured_3	1	0	2.915765	1.084244	0.881713	291640	64	74ee2057f2511f0387c90decf264283593386e47d9b30347bc9921ddcc60dd17	24451543d4981af6965232fc89a42aae084c85b1effd413db55357f5b81b7551
chr22_100_guide_027	columba	timing	measured_3	1	0	1.809472	0.317648	0.169420	290304	2	a7610eb051e87a34826545d10fcf8102943e8611a97a657a33ec94ff2afe4c13	ca6032de9107568e011efa775fb138933bc1f4163d835edc39d12e948093dfde
chr22_100_guide_028	columba	timing	measured_3	1	0	2.161308	0.398220	0.208407	290688	2001	01e49abccf673768fbd38172e9592aef60a9ffa738fefa147d463cc2893ff852	6ab1cb25283fe19a6bfd4fcd5c48da2d87969a73970cab771254caf7f66a6287
chr22_100_guide_029	columba	timing	measured_3	1	0	0.755414	0.411292	0.220584	290584	1862	023a0db1667cffab02ece840deaeba274e313dbe75e80a569d4eb1e108049a70	d4e0a36311e4ca8e67b4e69d062e253606ee8ba50c03ffb98d71774fa810bdfb
chr22_100_guide_030	columba	timing	measured_3	1	0	1.762424	0.841962	0.374894	291344	2155	d29f1e6c8cefac25b1c219eeb22083b707ccd515357f995e1d890f815157db21	2438973516059989d2cd3180bc4fb2a1b25b52a873009a27bebbfc598f668a22
chr22_100_guide_031	columba	timing	measured_3	1	0	2.512137	0.828406	0.398861	290772	2	5d5573821365e7bc8b578e4c8587ad85cc0ce7e73cc826859074ffc07c945a42	6d757fd7aeea9c62de2f65f7620c111ca2fee818c410d59cbc0beeac17789d75
chr22_100_guide_032	columba	timing	measured_3	1	0	0.655777	0.398612	0.170367	290472	1	c25a6440be62186e25b0f165358d0d0900b923751f80af6ee5c27f0f29a85af6	5bcc52812e3cd79f2c949096180d3f1ac01ae06d29eea04285bba87168ded8f9
chr22_100_guide_033	columba	timing	measured_3	1	0	0.606477	0.357730	0.169481	290432	1	0effc63d85fa97f691908ce0321ab857ae6f08fabd2480f35c83ff81e76c9f0e	6be499e878bb8835b2d0095d754911ca511e88d92eb98ee972ab04a1f8c00a0b
chr22_100_guide_034	columba	timing	measured_3	1	0	0.554479	0.360057	0.121508	290460	1	b799f84402b88ca7eda644ce1b5b5eb56c02b09c04d62fc51c4c70dc76c6b583	4f6dc5b5a164eea9ba79b4a4c7ee686bbb2ef32b24b407949991d9e320496ddb
chr22_100_guide_035	columba	timing	measured_3	1	0	1.056372	0.452477	0.144203	290436	10	26e2eb81897f587da39402739a7f851313f0bf1adff27623b341a24f6d65d55b	99ec977a326ca10c3e115b1ced26f639f311e55f5d55485ff6a9c48c4655ed96
chr22_100_guide_036	columba	timing	measured_3	1	0	0.555394	0.344305	0.161648	290392	1	d902219eeefe3ff64202f082d0493776f51eb4ff2b0f1167c0e670f923533dc4	561879fe16bf8d8d845615014aafa1348557dc2b653402bc983228fe11f91985
chr22_100_guide_037	columba	timing	measured_3	1	0	0.554925	0.364428	0.156740	290244	1	87a59470956d0b27daf38e5e39ded5e150cdea0e868b3bb38ed13ec71694f010	e3b0c44298fc1c149afbf4c8996fb92427ae41e4649b934ca495991b7852b855
chr22_100_guide_038	columba	timing	measured_3	1	0	0.555268	0.349774	0.152127	290504	1	029b4bae64ebbe3decac5715b992bb89ceb0731276cd7cd8566eaca4250537b4	d19c36693df71437a3e971b04638d4c55f47a0d94d8887a1c6ebbec6f71e8046
chr22_100_guide_039	columba	timing	measured_3	1	0	0.555961	0.335312	0.192402	290272	1	a699d8af011bf9deb858b41d0fae396d8cff7641f7f0fffbf757531340e4d266	e3b0c44298fc1c149afbf4c8996fb92427ae41e4649b934ca495991b7852b855
chr22_100_guide_040	columba	timing	measured_3	1	0	0.606028	0.385543	0.151190	290336	1	4390a33a35b7293befeadb9fa60eb9d4727d057633aeb9a93007f6581228ca97	7e3c0298e47ada9502fe1ab91e5aed0852345691cf2da9d42a3b3bb1585655fc
chr22_100_guide_041	columba	timing	measured_3	1	0	1.457571	0.383970	0.144650	290324	1	3e8108b8109dce3b65881841a62543e3eb3ba821fff9bc76b9b5e43ac8c75d77	30d5bd1a2fd8f421e7be29640f109fecf4e022892dc5732c56ef1b76e1f5233b
chr22_100_guide_042	columba	timing	measured_3	1	0	0.555143	0.333171	0.163896	290248	1	5924fcb39f9667884df027edda8f627478be6271057a2d69844c736321e3169f	e3b0c44298fc1c149afbf4c8996fb92427ae41e4649b934ca495991b7852b855
chr22_100_guide_043	columba	timing	measured_3	1	0	0.757419	0.485839	0.149761	290340	2	453049c36d105d5fc369042ca0ab1a96b8b895a916b5c2f187ec168c02aae659	6a4a76d7576dcdf483edf9f4bfebf4e97bedcea9c2681ce642817147f17c17a9
chr22_100_guide_044	columba	timing	measured_3	1	0	0.605375	0.337682	0.193110	290432	2	4f1d85930718319dee2874ba1c96e3f8e80885b044e2550d9d3285234eb16d34	ac80b04a88870303112f4ee98ea5b95636d0b8b35af5c52fb77c23238f1648db
chr22_100_guide_045	columba	timing	measured_3	1	0	1.208097	0.336979	0.185160	290436	1	7e528a989c31c40be279492b74efb2b32bbafcb76168ffa5ecf4da003dd2852c	dd567e27451842465f72c8df72e5b23a60f4533474e55b65999ba98af50e5e25
chr22_100_guide_046	columba	timing	measured_3	1	0	0.555088	0.344923	0.172679	290608	1	714554ca8eac6dff9bf1ea7bcd982ded36f466eaa79bea00a33e12ff4252393b	32b0fdb408a245e8ea00a9e3729e5f81f9093394a9fdef4348318ec666ad1e55
chr22_100_guide_047	columba	timing	measured_3	1	0	0.555030	0.343535	0.169442	290376	1	ca51411298336dbdfe2d1022ed02e74028dfbcd2e0e397a8224fce4f6017af72	b76583d8074d81b6123010653d515a4ff97310c43c5bf08081014d9154db7606
chr22_100_guide_048	columba	timing	measured_3	1	0	0.604438	0.346210	0.186606	290448	1	bc3b9f3f86cc8bbd34d0a114947da783ee284f28a9a17754f8b3028fd08951a9	e3b0c44298fc1c149afbf4c8996fb92427ae41e4649b934ca495991b7852b855
chr22_100_guide_049	columba	timing	measured_3	1	0	0.604961	0.413214	0.159229	290464	3	00230428f6d63582ec60d092b6bc6c689bf77cb21e9480a627f5e8c16d0dc979	42d1ec48cb0493956d77fad00767b6c2fed5e28ca7790d50779e46dd1957fd55
chr22_100_guide_050	columba	timing	measured_3	1	0	0.856182	0.467653	0.230020	290388	80	a3962782031d7a99caa2c5378ed324dd3f3d615a63e3f3246b35b7371cee0cde	76defb6e40a3b8e0ecc76033ed3e6b9c80b03fa159050eccc782c7a714c2d894
chr22_100_guide_051	columba	timing	measured_3	1	0	0.606226	0.384064	0.150173	290268	1	14ef5eacd0519bf8d6f3f1e421b2147ce2cef2d89992ac6bc3c0c6493049fd6f	b3f77e03add0f929849c64c186a0f6ee8168522805e29a074a8498ff01f34924
chr22_100_guide_052	columba	timing	measured_3	1	0	0.554899	0.335249	0.191591	290400	1	b743dcf20b0f8a4d8e1a343b97d48c58a0bc7fc4d1bb2a983a38d2078d740fcd	2948117454b190d6eeeaca3bc94a2bf5793d77da14d80a9f2def8405cee8a845
chr22_100_guide_053	columba	timing	measured_3	1	0	0.605798	0.424289	0.164089	290440	1	7f92fd7dddc708c2b3ec905f92a74e766b81d6ff9eaf13b4dc9c11ff5e96767a	eb38c77d3364d29cf9b4a0c82bd850e49266e1046930de12097b9d1d6f671ebe
chr22_100_guide_054	columba	timing	measured_3	1	0	0.655397	0.373807	0.183505	290172	14	d9abcf3e269963d774edd15ecfe3248bb12de76053f6fba41a9ca58879ce535c	62cdbb700ac6e400eb15d3c313f1c22cd0466e5941035e515b9a58218cbfa7d7
chr22_100_guide_055	columba	timing	measured_3	1	0	0.654864	0.338638	0.162989	290180	1	a3d6cd5055990fc10a7f55f785689720f3a06133f1b0f4568f98749ce2751038	cbf8fe25e09218949637c014c44b0ac6c41b7c9311afed997f16260a3c1fbf6a
chr22_100_guide_056	columba	timing	measured_3	1	0	0.605668	0.366321	0.185233	290388	1	4a6cdc3b90d2775c2496444fab6f836151cd422ec2c82a9bf758cde5414f2417	e3b0c44298fc1c149afbf4c8996fb92427ae41e4649b934ca495991b7852b855
chr22_100_guide_057	columba	timing	measured_3	1	0	1.509267	0.707132	0.368262	291020	587	783a46d43d98318f821fc86b8be9e506027471318fc62ea5c629dfb1aca5a195	62403cc55bceb18e3f7dc799bae6212084c8fd72be3b5f839029a386d7c94f53
chr22_100_guide_058	columba	timing	measured_3	1	0	0.705155	0.389573	0.174903	290464	1	b7517a16df61180265ec10a20cb33a003c3ea568992073591f20e96d81391119	b52ea0dac91d497aaec6f642a08329c4472b1d235792c856330e28a7c0b02c57
chr22_100_guide_059	columba	timing	measured_3	1	0	0.555057	0.355602	0.160456	290256	1	a6e8f7dbe8440152b018e778c86e594c220662576f7388bf74086116bfb557b5	0125d3c4984bdc22f6fcb221414dd3900ca99fecfcf592d4992e3000caf67fe4
chr22_100_guide_060	columba	timing	measured_3	1	0	0.555391	0.356401	0.166761	290356	1	96bacc0c5f62f5ee3cb64d6560e882e64673267447e8714383a4ab744f1c99a8	ccbb31fe1ebb9328fe27201916e87bd7c24b711b7b0b063a7f477755fe73cf70
chr22_100_guide_061	columba	timing	measured_3	1	0	0.605594	0.374004	0.172966	290316	1	9246314add68bcb309196485353ca32264aa9d97b65d40e3825659e7fa9e07c5	12cf0f82ebccaab6f5456eda16e6f1aa1c8c09e0e0b6bfe076d282d5294656c8
chr22_100_guide_062	columba	timing	measured_3	1	0	0.604799	0.350353	0.189923	290196	1	4832e7aa711ccdac22496f6cb8a979eec30369c372fca1b6aba1e3edfb12e8a1	e3b0c44298fc1c149afbf4c8996fb92427ae41e4649b934ca495991b7852b855
chr22_100_guide_063	columba	timing	measured_3	1	0	0.604917	0.382522	0.159055	290156	1	c4ca7ddc636638d7005d3e187756ba84185296e1c2585b41d0a7a856e2606213	696e651629a088ed51fa18bf92752b7cebcc5231944eb0da133c1b9ea7800ae7
chr22_100_guide_064	columba	timing	measured_3	1	0	0.605558	0.355128	0.199853	290484	1	b38f02456f345d872287da7f74b53691b169eb255cc35d11d103c308c700d2eb	80ee862860c0660e526ecb32b831aefab1ec8d289bb9d77c6b7b292513f4e728
chr22_100_guide_065	columba	timing	measured_3	1	0	0.605196	0.373556	0.170394	290204	1	4a6f7a313e251182f276be210f99075cb7bfa5275fa278d132ac27df6e713db1	e3b0c44298fc1c149afbf4c8996fb92427ae41e4649b934ca495991b7852b855
chr22_100_guide_066	columba	timing	measured_3	1	0	0.604990	0.359921	0.173999	290368	1	4802296ebbba9922a4ece696902be06427691049808ba406ed873a9a4a219f9c	5f467778f752a1aaed5df46d05a9a1b73450c302e12b8f1f7e33ddf845f2077e
chr22_100_guide_067	columba	timing	measured_3	1	0	0.606055	0.365163	0.181131	290236	1	0229a4fc79d3d37ddda05a4910899ff60fcd29aa41d3690d08b235deae1dd329	53b771ffaca11cb96d720daf7c16129376f1614689ba28d188fa0d0308cc5d07
chr22_100_guide_068	columba	timing	measured_3	1	0	0.554856	0.351101	0.125361	290312	2	d39c5b6762aa09453e14f55e106ab300ceb4955ee3d73b381937cbf2220ed042	fc6bbc4c65e692473cbf32ff151557635e2d1dd99e4b69c5ee3da000a109cea9
chr22_100_guide_069	columba	timing	measured_3	1	0	0.554493	0.337992	0.152832	290360	1	77885b288a794217926cbdc3f9557271a5584ca0a3525a33368ba9dfa0f79c36	5d430161443a2a46da19dfd91300b023436381d8acde81bd4858cc16663951ac
chr22_100_guide_070	columba	timing	measured_3	1	0	0.554682	0.360500	0.155384	290436	1	555a66e1753526673117e366fb233c844df0cfc38a64971866528e20e52f4ca2	daf225fd739240830663f4f6fa1add420c3d409ae734e31ecd3e9a98f65456bd
chr22_100_guide_071	columba	timing	measured_3	1	0	0.605103	0.388636	0.178372	290292	1	db50066ab5215e0ab40715d3e84c765c47977eb5d92e2f74fef9a37ee0c19f96	e3b0c44298fc1c149afbf4c8996fb92427ae41e4649b934ca495991b7852b855
chr22_100_guide_072	columba	timing	measured_3	1	0	0.554912	0.355681	0.143540	290328	1	a7389bd954eaa7a8f7c3e448a2ff3a3f4ef011b680d833fad933fd884d099eca	9b7501725ac0e846ebbf11d00696dd347ff96cf1e9b93286935af165a5a8fa66
chr22_100_guide_073	columba	timing	measured_3	1	0	0.605313	0.415301	0.143969	290276	1	850390cf00e784716c531f5e64380876ff07596af289e7ba34bc096bff075ecc	f44e84d998c57621965bbb72ae37ec201bf3185e3f28563924ad182f849d8046
chr22_100_guide_074	columba	timing	measured_3	1	0	0.908008	0.452768	0.247406	290516	15	97f0d8858f903bcb6a054b2a856681ae3d750161733d345ff4336bfc33819503	47727314b57ea803c5a3fa2d696319a895d425c026877c7342ec66d95555ff9d
chr22_100_guide_075	columba	timing	measured_3	1	0	0.906311	0.493524	0.220349	290616	690	2354f825ce61636eff2ebd9b9f04785099b672e2778924a5bfbd006333613cf6	7e96804198e52de0cf9624d7983a3fce1c16d78c3101a89c4b2d30f13556ce60
chr22_100_guide_076	columba	timing	measured_3	1	0	1.308084	0.551274	0.348306	290844	38	ca302eb1021b149cad0aa565a08684a3f95b4dc2d440c7d21ea5b8af132306eb	1486cd8c9af853f27a3bc3677c2cd49263a916b45c25f5b4df6be61b5d3536f6
chr22_100_guide_077	columba	timing	measured_3	1	0	0.604502	0.342527	0.164747	290264	1	e3869c3952dd0b0eb3e37141b1040c6f25b82c4e398011436f2219c75f8febe8	b9c553e0ccfe2ce660998762584c8775fddbac678c08f7828037c9b6239ea576
chr22_100_guide_078	columba	timing	measured_3	1	0	0.605452	0.365388	0.198951	290412	1	b32f95b3659bdf5efde0a545c93605a84811e1f51637e98948f88b66e0c918a9	e3b0c44298fc1c149afbf4c8996fb92427ae41e4649b934ca495991b7852b855
chr22_100_guide_079	columba	timing	measured_3	1	0	0.555118	0.348760	0.164225	290360	1	3719b9c87eb26bae46571444132aecd72ec6971081ed8592128ac8081655f637	ba8e3024a8dbd3ab92f3c3efd62af4339a44a56f1d02bd2d31d752a8b26c0e77
chr22_100_guide_080	columba	timing	measured_3	1	0	0.657538	0.425248	0.195028	290692	1	5c9d989f365df1d424483a28cbc77093b089ff7ebee8cd46972f309ff0b6db17	2f17411719ddcf823a39fa8532b48978e18ea71b4f65cc71e1b1d51840c18def
chr22_100_guide_081	columba	timing	measured_3	1	0	0.605472	0.353608	0.174519	290400	1	60f8b2bdc588b6b13527c78acc609879caa8defea9c72ada132dee63d52ad9bf	e3b0c44298fc1c149afbf4c8996fb92427ae41e4649b934ca495991b7852b855
chr22_100_guide_082	columba	timing	measured_3	1	0	0.554845	0.312370	0.202306	292288	1	8aa0d629b648d54d65dead9f626b4f79b04416d14abcb761ce6f8afd4c8d5a02	e3b0c44298fc1c149afbf4c8996fb92427ae41e4649b934ca495991b7852b855
chr22_100_guide_083	columba	timing	measured_3	1	0	0.605600	0.374244	0.188772	290332	1	1da030b92202db00fdf4fa746fa0de1c56a74c6415d7abf8e6e634730c0990ca	e8d6de60c3ba05b27001c144755f4d3ad082de5cdf0fdf5e9cf6b7717422195e
chr22_100_guide_084	columba	timing	measured_3	1	0	1.057878	0.530527	0.294977	290660	59	85f162921bfeefc97d3de55dbe3f97c5f8f6192ca4eb2dd40a561a137aa14173	5b15e8ffd7e3dbd341b4575d46e2dae3dfaa6a747317a1348b5b7768a37886c9
chr22_100_guide_085	columba	timing	measured_3	1	0	0.604438	0.358683	0.169520	290312	1	886f21508ef43139da65b3307d412b9c43af12390fb60b152be51f2961337117	e3b0c44298fc1c149afbf4c8996fb92427ae41e4649b934ca495991b7852b855
chr22_100_guide_086	columba	timing	measured_3	1	0	0.554184	0.343932	0.163866	290288	1	b49d937c3f713b95c07b0df4983659c5531f5062b2c8b309c93edf95c5d33253	fe8b505978787bbd7a6d3b5268bab52bb800793326eda2f064520359431dd393
chr22_100_guide_087	columba	timing	measured_3	1	0	0.906787	0.467917	0.256612	290388	5	7299c25e9e9229b69fae4918dbd7a3d10cf292aa3a5ae9e727231b52918c4ec1	e022cf39cf254e9d5e76a228fc4449c3751d849c1fa8e8eb5b7d348ead9de8a8
chr22_100_guide_088	columba	timing	measured_3	1	0	0.554765	0.365340	0.144583	290332	1	7b9ea615f9aa7e046adebd0e63adf8ebdc63c09e2a683a13ae5b9e9457fd8152	000abe2ead510b1e81f85058fe4a2422bdd56dfa268e082b10ff250075738f0e
chr22_100_guide_089	columba	timing	measured_3	1	0	0.654452	0.429876	0.166453	290408	1	790719bd8847db6a942f261864ea37c0ec15f7a4f400e0bd1eaf31a8e659f354	5747958b98329bf390adcb88fe0c55df552279978269e4428317edf8497c35fb
chr22_100_guide_090	columba	timing	measured_3	1	0	0.555225	0.343515	0.174217	290348	1	af0e7d04b9032b6ba55a507cdc6196da5e7f3adbce117a38bb6ba2d2fb078cba	bb969d4b02ddd34c284543e306e202b2336d7575aa86daa3e6466757c09fd92b
chr22_100_guide_091	columba	timing	measured_3	1	0	0.554511	0.371889	0.132024	290596	2	cf53e5c0ba2549b95ad7cc66f6caa57165a2d7ef971b8448816c1f5189dcba42	99ee76e9b64774c9369be8a6f72c896db95e3888b9d30ddcbc455b25e12e4601
chr22_100_guide_092	columba	timing	measured_3	1	0	0.706220	0.449482	0.161699	290412	1	36dc22934c7c02b9c1a4043e7fa71e9fab23fac626842ee0233fa0a19e8a4d8d	f9edfd1414c172b5a32e647be62f7efb9a1867b2825caa326cd197691299ad06
chr22_100_guide_093	columba	timing	measured_3	1	0	0.604839	0.339127	0.166915	290260	1	7c248ba9765e06499bdbdd56fa063150392f57bbcf49d7273e7a34148cb2a14e	cb99cf2cb5c76fa9de96c7d214883bdebf51068c4cfea4bec3c2c4a8fda8efb1
chr22_100_guide_094	columba	timing	measured_3	1	0	0.554584	0.346998	0.142444	290516	1	b129ef3c4f85946c1752fcdec67457fbfa137faf10c495dcfb79020726f0093a	e3b0c44298fc1c149afbf4c8996fb92427ae41e4649b934ca495991b7852b855
chr22_100_guide_095	columba	timing	measured_3	1	0	0.554752	0.356691	0.144633	290276	2	72cfccdb732c7f835e82aebb76ca4186954ee044989d4d3f165c230249e1ab41	8dd8d8e768aa6c5cd7d90852728b3841c27aebb8dbde3dfbf7f30997ce15d157
chr22_100_guide_096	columba	timing	measured_3	1	0	0.604468	0.382066	0.132104	290344	1	66356638d350f202a4fc3653512e2eb61d180a210d3b4874237620fdd88f45ac	96e1dce767526b5e03b01ea34764f33de2e58653d775c70a8355e05d5d77a707
chr22_100_guide_097	columba	timing	measured_3	1	0	0.554678	0.353438	0.157394	290556	1	ec3317eca52cb313be8b742bd84d70d8e9f8f3d3a8dfda83e632d9ec5b3e7472	c34143c4b66ce37c239db5fc991d73357da56a527f237f74e6df9d61bb22831f
chr22_100_guide_098	columba	timing	measured_3	1	0	0.756969	0.414031	0.188653	290304	9	6803cc83cccde78136058d3d854eb89cc05eab1188efe7c0cabebb43cb9eb17d	86060c0d0ba22165d0282d1cf92bc8afade2100bd1def809b1f81bb96b9678e3
chr22_100_guide_099	columba	timing	measured_3	1	0	0.605096	0.378096	0.132794	290444	4	1fd7872322173d0504d0c832d225fc1f16e4c6a2d976d3c96de80baf41629173	8b7f11de3ad2254629636c6d8342d71050f8c150a04e6c52ecefb6984e7ab6b5
chr22_100_guide_100	columba	timing	measured_3	1	0	0.755791	0.336109	0.170922	290480	2	4bb6e4f08a7316ba26ec3e6f894f79070071b55d78d6c1605a50035d0a1d9c79	43c575a7c9c47d3164a453eb851e84a8842b01388a4b2fe7c9503045ddc887e0
chr22_100_guide_001	baseline	timing	measured_1	2	0	10.007711	19.599971	0.047990	125376	2	c788efd23026646b4da4b4a94736bffdb6646d5bb82e63ef3b54d008d2d7f496	e3b0c44298fc1c149afbf4c8996fb92427ae41e4649b934ca495991b7852b855
chr22_100_guide_002	baseline	timing	measured_1	2	0	9.805397	19.443956	0.023995	127172	16	b6990544da13d962d7f467b1fb67c5261747dba657b1d60c3fb8408d038daca1	e3b0c44298fc1c149afbf4c8996fb92427ae41e4649b934ca495991b7852b855
chr22_100_guide_003	baseline	timing	measured_1	2	0	9.899247	19.288241	0.040000	125416	16	ccf03cb0d6d8c00fb3db8165e337310508524df7a263eceba59b5c326620e6da	e3b0c44298fc1c149afbf4c8996fb92427ae41e4649b934ca495991b7852b855
chr22_100_guide_004	baseline	timing	measured_1	2	0	10.955120	19.574624	0.032004	125432	1	691ce0260ac4ff8426decb079b6ec2efdf4680b3abaced64e9143840bccb9552	e3b0c44298fc1c149afbf4c8996fb92427ae41e4649b934ca495991b7852b855
chr22_100_guide_005	baseline	timing	measured_1	2	0	10.053130	19.800696	0.028000	127556	1	95686fb2b7a30116b7ae2cc467351eaaf4c6f25cab6f6b7bc6dcc05f1c409532	e3b0c44298fc1c149afbf4c8996fb92427ae41e4649b934ca495991b7852b855
chr22_100_guide_006	baseline	timing	measured_1	2	0	10.054874	19.584304	0.032007	125468	4	381669eac105895c77936e91601bef5a44b194dce1468388fa6bc22b65e83aab	e3b0c44298fc1c149afbf4c8996fb92427ae41e4649b934ca495991b7852b855
chr22_100_guide_007	baseline	timing	measured_1	2	0	9.818690	19.405577	0.028002	125524	39	2e1d8ff63d9ef81ef131f76846d45cc86dabea52aaf0f84b984560d7fb17cf87	e3b0c44298fc1c149afbf4c8996fb92427ae41e4649b934ca495991b7852b855
chr22_100_guide_008	baseline	timing	measured_1	2	0	9.903539	19.394183	0.031997	125328	68	ba3197353a7a6ca64b2b565ddc20fc1a01f42c2fd9384ac9a21bb08593cedd31	e3b0c44298fc1c149afbf4c8996fb92427ae41e4649b934ca495991b7852b855
chr22_100_guide_009	baseline	timing	measured_1	2	0	9.750437	19.256190	0.020000	125376	2	7ff435e8f2284b0e1155c1c41e547855555c50593735221aa581ff02bbcfd922	e3b0c44298fc1c149afbf4c8996fb92427ae41e4649b934ca495991b7852b855
chr22_100_guide_010	baseline	timing	measured_1	2	0	9.795075	19.281133	0.024001	125620	19	53836549b5871774dbbbbcc7209be7da876564302d97fe0f8699c8af9c7adc03	e3b0c44298fc1c149afbf4c8996fb92427ae41e4649b934ca495991b7852b855
chr22_100_guide_011	baseline	timing	measured_1	2	0	9.850049	19.469984	0.035996	131152	1	951a40369bd86d0839b2d2addecaf6b337cdc3fa4cf552c0d5fd78bef17d3892	e3b0c44298fc1c149afbf4c8996fb92427ae41e4649b934ca495991b7852b855
chr22_100_guide_012	baseline	timing	measured_1	2	0	9.906267	19.422140	0.036003	127208	4	f693a92e20748272242c1d8d3a1b90c09e045d71ee219e8daf561a07fcf1b3bf	e3b0c44298fc1c149afbf4c8996fb92427ae41e4649b934ca495991b7852b855
chr22_100_guide_013	baseline	timing	measured_1	2	0	10.049071	19.629757	0.051983	125296	1	d0e1f61006a51712a6e3a7a08a2d9ed9a2e486bf46c47b49e89668b53f2efe69	e3b0c44298fc1c149afbf4c8996fb92427ae41e4649b934ca495991b7852b855
chr22_100_guide_014	baseline	timing	measured_1	2	0	10.910158	19.484846	0.075972	131152	7	925f7531b43144c3df9f8b8af2b5300653b5bf1807aa7f5ae89249b19e09a0a3	e3b0c44298fc1c149afbf4c8996fb92427ae41e4649b934ca495991b7852b855
chr22_100_guide_015	baseline	timing	measured_1	2	0	9.954614	19.433423	0.055992	130936	8	5ff8c497c5aee1704e3e04741f1d42a3eb487aed43f83e6b91d0cb05962e2550	e3b0c44298fc1c149afbf4c8996fb92427ae41e4649b934ca495991b7852b855
chr22_100_guide_016	baseline	timing	measured_1	2	0	9.906617	19.356927	0.015997	125516	1	664ca84d364b11b722ac1aa282d988cb26faa580c3801fc71e980d0a2785483d	e3b0c44298fc1c149afbf4c8996fb92427ae41e4649b934ca495991b7852b855
chr22_100_guide_017	baseline	timing	measured_1	2	0	9.958507	19.439781	0.035999	125600	42	4c95d8387f96ff01243ac44e2f1d0dbf63d6a1a6ca4b8d60aa617dadfad8712c	e3b0c44298fc1c149afbf4c8996fb92427ae41e4649b934ca495991b7852b855
chr22_100_guide_018	baseline	timing	measured_1	2	0	9.751266	19.199927	0.015996	125576	2	5c632dfc921b715b635c61d386497b7131eb4348bb520ea4a5cd13ab53ef1e7a	e3b0c44298fc1c149afbf4c8996fb92427ae41e4649b934ca495991b7852b855
chr22_100_guide_019	baseline	timing	measured_1	2	0	10.101361	19.684751	0.028001	125348	1	6cdd7ce54810d5bc4f6f9e343cba7e89b5868d4aa230081223fa53049a31ac4f	e3b0c44298fc1c149afbf4c8996fb92427ae41e4649b934ca495991b7852b855
chr22_100_guide_020	baseline	timing	measured_1	2	0	9.796134	19.311804	0.027982	125604	1	444ff3228a137a38f7153b4f242a69cfa59f508d73251c41aa4006df73b202e7	e3b0c44298fc1c149afbf4c8996fb92427ae41e4649b934ca495991b7852b855
chr22_100_guide_021	baseline	timing	measured_1	2	0	9.754939	19.237151	0.099985	126976	1	70d3142b6438b2233c1a63a2ac833233a13a2d75bf75339f1fccaff2fa81b453	e3b0c44298fc1c149afbf4c8996fb92427ae41e4649b934ca495991b7852b855
chr22_100_guide_022	baseline	timing	measured_1	2	0	9.759068	19.227437	0.032005	125552	1	6b72b7d58a6bb9700568183d8342e8f3bc79c45ffa1f7e46c161effbf9985c5d	e3b0c44298fc1c149afbf4c8996fb92427ae41e4649b934ca495991b7852b855
chr22_100_guide_023	baseline	timing	measured_1	2	0	10.207876	20.141712	0.027996	129124	149	7e0733a562ff39a952035404c085b0f497df39eeac4dd3cc052a4de78c8e9cdd	e3b0c44298fc1c149afbf4c8996fb92427ae41e4649b934ca495991b7852b855
chr22_100_guide_024	baseline	timing	measured_1	2	0	9.997030	19.697720	0.088007	125396	1	d7464b7872231b66a5d5e8b9529462954e8dbe3c50718817fdfc12087ef94681	e3b0c44298fc1c149afbf4c8996fb92427ae41e4649b934ca495991b7852b855
chr22_100_guide_025	baseline	timing	measured_1	2	0	9.956216	19.544107	0.016003	125588	133	b22b12dbe3c2c81d9623997bdae8791fafa5bf35117827e8b1112c7ba4f382a1	e3b0c44298fc1c149afbf4c8996fb92427ae41e4649b934ca495991b7852b855
chr22_100_guide_026	baseline	timing	measured_1	2	0	9.840354	19.342913	0.015999	130920	6	f644a91d8a5c365fe3c7c1c3f30ad178f34333e94f697e1f1e75d0fa64c39923	e3b0c44298fc1c149afbf4c8996fb92427ae41e4649b934ca495991b7852b855
chr22_100_guide_027	baseline	timing	measured_1	2	0	9.801359	19.329945	0.028008	125348	2	a7610eb051e87a34826545d10fcf8102943e8611a97a657a33ec94ff2afe4c13	e3b0c44298fc1c149afbf4c8996fb92427ae41e4649b934ca495991b7852b855
chr22_100_guide_028	baseline	timing	measured_1	2	0	10.097798	19.888594	0.044001	129432	58	9838a748f83250618473227cbc2b798e921118551a385e778337b49637186fe3	e3b0c44298fc1c149afbf4c8996fb92427ae41e4649b934ca495991b7852b855
chr22_100_guide_029	baseline	timing	measured_1	2	0	9.798675	19.070688	0.027998	129108	54	fec4266348f400a636b679dea725f0c74e62ee984b07daae005cd78179aa0b16	e3b0c44298fc1c149afbf4c8996fb92427ae41e4649b934ca495991b7852b855
chr22_100_guide_030	baseline	timing	measured_1	2	0	9.718072	19.173944	0.024002	126416	2028	05b0a21dfecef722640608a4ae56c59ede427d21069ea5c054d3e93ff6e1f572	e3b0c44298fc1c149afbf4c8996fb92427ae41e4649b934ca495991b7852b855
chr22_100_guide_031	baseline	timing	measured_1	2	0	9.693146	19.152570	0.051990	127124	1	bcce8596509aa2be4a7f3566961162e72e4443c46ea7cf8fc2c5ffb6cee2780a	e3b0c44298fc1c149afbf4c8996fb92427ae41e4649b934ca495991b7852b855
chr22_100_guide_032	baseline	timing	measured_1	2	0	9.941285	19.412264	0.019996	127244	1	c25a6440be62186e25b0f165358d0d0900b923751f80af6ee5c27f0f29a85af6	e3b0c44298fc1c149afbf4c8996fb92427ae41e4649b934ca495991b7852b855
chr22_100_guide_033	baseline	timing	measured_1	2	0	9.693621	19.116494	0.027983	125516	1	0effc63d85fa97f691908ce0321ab857ae6f08fabd2480f35c83ff81e76c9f0e	e3b0c44298fc1c149afbf4c8996fb92427ae41e4649b934ca495991b7852b855
chr22_100_guide_034	baseline	timing	measured_1	2	0	9.900998	19.504014	0.023995	130716	1	b799f84402b88ca7eda644ce1b5b5eb56c02b09c04d62fc51c4c70dc76c6b583	e3b0c44298fc1c149afbf4c8996fb92427ae41e4649b934ca495991b7852b855
chr22_100_guide_035	baseline	timing	measured_1	2	0	9.800302	19.406381	0.031997	125528	10	a8dc62675b8071ea431c2a3a7f1b9d1040c76477ab30b8bdab2879c9ac4038dd	e3b0c44298fc1c149afbf4c8996fb92427ae41e4649b934ca495991b7852b855
chr22_100_guide_036	baseline	timing	measured_1	2	0	9.702239	19.149497	0.039994	125552	1	d902219eeefe3ff64202f082d0493776f51eb4ff2b0f1167c0e670f923533dc4	e3b0c44298fc1c149afbf4c8996fb92427ae41e4649b934ca495991b7852b855
chr22_100_guide_037	baseline	timing	measured_1	2	0	9.948958	19.756433	0.023995	125512	1	87a59470956d0b27daf38e5e39ded5e150cdea0e868b3bb38ed13ec71694f010	e3b0c44298fc1c149afbf4c8996fb92427ae41e4649b934ca495991b7852b855
chr22_100_guide_038	baseline	timing	measured_1	2	0	10.194718	19.749483	0.067991	125420	1	029b4bae64ebbe3decac5715b992bb89ceb0731276cd7cd8566eaca4250537b4	e3b0c44298fc1c149afbf4c8996fb92427ae41e4649b934ca495991b7852b855
chr22_100_guide_039	baseline	timing	measured_1	2	0	12.405832	19.439984	0.091980	125668	1	a699d8af011bf9deb858b41d0fae396d8cff7641f7f0fffbf757531340e4d266	e3b0c44298fc1c149afbf4c8996fb92427ae41e4649b934ca495991b7852b855
chr22_100_guide_040	baseline	timing	measured_1	2	0	9.642846	19.084950	0.027995	128928	1	4390a33a35b7293befeadb9fa60eb9d4727d057633aeb9a93007f6581228ca97	e3b0c44298fc1c149afbf4c8996fb92427ae41e4649b934ca495991b7852b855
chr22_100_guide_041	baseline	timing	measured_1	2	0	9.744659	19.222547	0.019998	125460	1	3e8108b8109dce3b65881841a62543e3eb3ba821fff9bc76b9b5e43ac8c75d77	e3b0c44298fc1c149afbf4c8996fb92427ae41e4649b934ca495991b7852b855
chr22_100_guide_042	baseline	timing	measured_1	2	0	9.904951	19.303347	0.023994	125452	1	5924fcb39f9667884df027edda8f627478be6271057a2d69844c736321e3169f	e3b0c44298fc1c149afbf4c8996fb92427ae41e4649b934ca495991b7852b855
chr22_100_guide_043	baseline	timing	measured_1	2	0	9.693995	19.197256	0.027995	125472	2	453049c36d105d5fc369042ca0ab1a96b8b895a916b5c2f187ec168c02aae659	e3b0c44298fc1c149afbf4c8996fb92427ae41e4649b934ca495991b7852b855
chr22_100_guide_044	baseline	timing	measured_1	2	0	9.648242	19.093895	0.043995	127156	2	36c01c1a6474ac52f343fae4779e9be3cbc148c72932a20a98d199f0987ceea6	e3b0c44298fc1c149afbf4c8996fb92427ae41e4649b934ca495991b7852b855
chr22_100_guide_045	baseline	timing	measured_1	2	0	9.746199	19.311843	0.016003	125488	1	7e528a989c31c40be279492b74efb2b32bbafcb76168ffa5ecf4da003dd2852c	e3b0c44298fc1c149afbf4c8996fb92427ae41e4649b934ca495991b7852b855
chr22_100_guide_046	baseline	timing	measured_1	2	0	9.696831	19.199818	0.015996	125460	1	714554ca8eac6dff9bf1ea7bcd982ded36f466eaa79bea00a33e12ff4252393b	e3b0c44298fc1c149afbf4c8996fb92427ae41e4649b934ca495991b7852b855
chr22_100_guide_047	baseline	timing	measured_1	2	0	9.749640	19.279905	0.035999	125420	1	ca51411298336dbdfe2d1022ed02e74028dfbcd2e0e397a8224fce4f6017af72	e3b0c44298fc1c149afbf4c8996fb92427ae41e4649b934ca495991b7852b855
chr22_100_guide_048	baseline	timing	measured_1	2	0	10.003647	19.567870	0.011999	125528	1	bc3b9f3f86cc8bbd34d0a114947da783ee284f28a9a17754f8b3028fd08951a9	e3b0c44298fc1c149afbf4c8996fb92427ae41e4649b934ca495991b7852b855
chr22_100_guide_049	baseline	timing	measured_1	2	0	9.850449	19.442407	0.027997	125440	3	183882d3a63163e76a98ee38ccfea1b4877101dd283d80328c01c33dcd6c0e0b	e3b0c44298fc1c149afbf4c8996fb92427ae41e4649b934ca495991b7852b855
chr22_100_guide_050	baseline	timing	measured_1	2	0	9.853128	19.590275	0.028008	125464	12	d8ae73e599a748f29fbb68ec4a4bad377248fdfede8f8198916013e34dae8d84	e3b0c44298fc1c149afbf4c8996fb92427ae41e4649b934ca495991b7852b855
chr22_100_guide_051	baseline	timing	measured_1	2	0	9.797302	19.387166	0.028004	125516	1	14ef5eacd0519bf8d6f3f1e421b2147ce2cef2d89992ac6bc3c0c6493049fd6f	e3b0c44298fc1c149afbf4c8996fb92427ae41e4649b934ca495991b7852b855
chr22_100_guide_052	baseline	timing	measured_1	2	0	9.852390	19.470454	0.015998	127300	1	b743dcf20b0f8a4d8e1a343b97d48c58a0bc7fc4d1bb2a983a38d2078d740fcd	e3b0c44298fc1c149afbf4c8996fb92427ae41e4649b934ca495991b7852b855
chr22_100_guide_053	baseline	timing	measured_1	2	0	9.645303	19.156218	0.024005	125544	1	7f92fd7dddc708c2b3ec905f92a74e766b81d6ff9eaf13b4dc9c11ff5e96767a	e3b0c44298fc1c149afbf4c8996fb92427ae41e4649b934ca495991b7852b855
chr22_100_guide_054	baseline	timing	measured_1	2	0	9.797712	19.256948	0.035986	125332	13	6cbc11eb9208651f05db2d630c407975e4e59caf923a8df7511bdf798321f4a2	e3b0c44298fc1c149afbf4c8996fb92427ae41e4649b934ca495991b7852b855
chr22_100_guide_055	baseline	timing	measured_1	2	0	9.699479	19.210297	0.016001	130636	1	a3d6cd5055990fc10a7f55f785689720f3a06133f1b0f4568f98749ce2751038	e3b0c44298fc1c149afbf4c8996fb92427ae41e4649b934ca495991b7852b855
chr22_100_guide_056	baseline	timing	measured_1	2	0	9.755304	19.221905	0.031996	125336	1	4a6cdc3b90d2775c2496444fab6f836151cd422ec2c82a9bf758cde5414f2417	e3b0c44298fc1c149afbf4c8996fb92427ae41e4649b934ca495991b7852b855
chr22_100_guide_057	baseline	timing	measured_1	2	0	9.697944	19.116275	0.032007	125448	47	ae3ca86ece2af8c1e764664fe6db82d19e2cf8a29fa0a43ffd92b82eda74d3cb	e3b0c44298fc1c149afbf4c8996fb92427ae41e4649b934ca495991b7852b855
chr22_100_guide_058	baseline	timing	measured_1	2	0	9.795439	19.097691	0.024002	125444	1	b7517a16df61180265ec10a20cb33a003c3ea568992073591f20e96d81391119	e3b0c44298fc1c149afbf4c8996fb92427ae41e4649b934ca495991b7852b855
chr22_100_guide_059	baseline	timing	measured_1	2	0	9.799438	19.403029	0.023998	128960	1	a6e8f7dbe8440152b018e778c86e594c220662576f7388bf74086116bfb557b5	e3b0c44298fc1c149afbf4c8996fb92427ae41e4649b934ca495991b7852b855
chr22_100_guide_060	baseline	timing	measured_1	2	0	9.946990	19.657889	0.020001	125504	1	96bacc0c5f62f5ee3cb64d6560e882e64673267447e8714383a4ab744f1c99a8	e3b0c44298fc1c149afbf4c8996fb92427ae41e4649b934ca495991b7852b855
chr22_100_guide_061	baseline	timing	measured_1	2	0	9.700461	19.253038	0.028001	127188	1	9246314add68bcb309196485353ca32264aa9d97b65d40e3825659e7fa9e07c5	e3b0c44298fc1c149afbf4c8996fb92427ae41e4649b934ca495991b7852b855
chr22_100_guide_062	baseline	timing	measured_1	2	0	9.660979	19.045597	0.024002	125312	1	4832e7aa711ccdac22496f6cb8a979eec30369c372fca1b6aba1e3edfb12e8a1	e3b0c44298fc1c149afbf4c8996fb92427ae41e4649b934ca495991b7852b855
chr22_100_guide_063	baseline	timing	measured_1	2	0	9.599620	19.029312	0.028001	125360	1	c4ca7ddc636638d7005d3e187756ba84185296e1c2585b41d0a7a856e2606213	e3b0c44298fc1c149afbf4c8996fb92427ae41e4649b934ca495991b7852b855
chr22_100_guide_064	baseline	timing	measured_1	2	0	9.647030	19.064334	0.028000	125512	1	b38f02456f345d872287da7f74b53691b169eb255cc35d11d103c308c700d2eb	e3b0c44298fc1c149afbf4c8996fb92427ae41e4649b934ca495991b7852b855
chr22_100_guide_065	baseline	timing	measured_1	2	0	9.797192	19.285382	0.031995	129304	1	4a6f7a313e251182f276be210f99075cb7bfa5275fa278d132ac27df6e713db1	e3b0c44298fc1c149afbf4c8996fb92427ae41e4649b934ca495991b7852b855
chr22_100_guide_066	baseline	timing	measured_1	2	0	9.996060	19.315863	0.147998	126936	1	4802296ebbba9922a4ece696902be06427691049808ba406ed873a9a4a219f9c	e3b0c44298fc1c149afbf4c8996fb92427ae41e4649b934ca495991b7852b855
chr22_100_guide_067	baseline	timing	measured_1	2	0	9.858169	19.476585	0.011997	125532	1	0229a4fc79d3d37ddda05a4910899ff60fcd29aa41d3690d08b235deae1dd329	e3b0c44298fc1c149afbf4c8996fb92427ae41e4649b934ca495991b7852b855
chr22_100_guide_068	baseline	timing	measured_1	2	0	9.797810	19.399796	0.023999	129032	2	d39c5b6762aa09453e14f55e106ab300ceb4955ee3d73b381937cbf2220ed042	e3b0c44298fc1c149afbf4c8996fb92427ae41e4649b934ca495991b7852b855
chr22_100_guide_069	baseline	timing	measured_1	2	0	9.705433	19.196128	0.020004	125476	1	77885b288a794217926cbdc3f9557271a5584ca0a3525a33368ba9dfa0f79c36	e3b0c44298fc1c149afbf4c8996fb92427ae41e4649b934ca495991b7852b855
chr22_100_guide_070	baseline	timing	measured_1	2	0	9.492972	18.857542	0.023996	125448	1	555a66e1753526673117e366fb233c844df0cfc38a64971866528e20e52f4ca2	e3b0c44298fc1c149afbf4c8996fb92427ae41e4649b934ca495991b7852b855
chr22_100_guide_071	baseline	timing	measured_1	2	0	9.896736	19.072091	0.024000	125488	1	db50066ab5215e0ab40715d3e84c765c47977eb5d92e2f74fef9a37ee0c19f96	e3b0c44298fc1c149afbf4c8996fb92427ae41e4649b934ca495991b7852b855
chr22_100_guide_072	baseline	timing	measured_1	2	0	11.103332	19.275654	0.051999	125684	1	a7389bd954eaa7a8f7c3e448a2ff3a3f4ef011b680d833fad933fd884d099eca	e3b0c44298fc1c149afbf4c8996fb92427ae41e4649b934ca495991b7852b855
chr22_100_guide_073	baseline	timing	measured_1	2	0	9.807890	19.292669	0.036008	131068	1	850390cf00e784716c531f5e64380876ff07596af289e7ba34bc096bff075ecc	e3b0c44298fc1c149afbf4c8996fb92427ae41e4649b934ca495991b7852b855
chr22_100_guide_074	baseline	timing	measured_1	2	0	9.648953	19.177671	0.016001	127180	1	1f00016106bffc2ceba39230352e1e4ef914076353527946b8890d37546c25f5	e3b0c44298fc1c149afbf4c8996fb92427ae41e4649b934ca495991b7852b855
chr22_100_guide_075	baseline	timing	measured_1	2	0	9.743105	19.215489	0.031992	125476	58	71f2239dc8f59ee257b89e03bbb841fd3c2f43e0a0d0682e3ff928f0cebe09c3	e3b0c44298fc1c149afbf4c8996fb92427ae41e4649b934ca495991b7852b855
chr22_100_guide_076	baseline	timing	measured_1	2	0	9.797883	19.208521	0.024000	125408	4	ca193645a2f950677ee819c76deafecf7fc8fd5ddbbdd69ce32b77a0426369d6	e3b0c44298fc1c149afbf4c8996fb92427ae41e4649b934ca495991b7852b855
chr22_100_guide_077	baseline	timing	measured_1	2	0	9.803939	19.397197	0.016000	125520	1	e3869c3952dd0b0eb3e37141b1040c6f25b82c4e398011436f2219c75f8febe8	e3b0c44298fc1c149afbf4c8996fb92427ae41e4649b934ca495991b7852b855
chr22_100_guide_078	baseline	timing	measured_1	2	0	9.846864	19.476243	0.024000	125424	1	b32f95b3659bdf5efde0a545c93605a84811e1f51637e98948f88b66e0c918a9	e3b0c44298fc1c149afbf4c8996fb92427ae41e4649b934ca495991b7852b855
chr22_100_guide_079	baseline	timing	measured_1	2	0	11.007397	19.284938	0.040001	127140	1	3719b9c87eb26bae46571444132aecd72ec6971081ed8592128ac8081655f637	e3b0c44298fc1c149afbf4c8996fb92427ae41e4649b934ca495991b7852b855
chr22_100_guide_080	baseline	timing	measured_1	2	0	9.794577	19.370218	0.031977	126964	1	5c9d989f365df1d424483a28cbc77093b089ff7ebee8cd46972f309ff0b6db17	e3b0c44298fc1c149afbf4c8996fb92427ae41e4649b934ca495991b7852b855
chr22_100_guide_081	baseline	timing	measured_1	2	0	9.798989	19.382140	0.028003	127196	1	60f8b2bdc588b6b13527c78acc609879caa8defea9c72ada132dee63d52ad9bf	e3b0c44298fc1c149afbf4c8996fb92427ae41e4649b934ca495991b7852b855
chr22_100_guide_082	baseline	timing	measured_1	2	0	10.153654	20.003881	0.023999	125448	1	8aa0d629b648d54d65dead9f626b4f79b04416d14abcb761ce6f8afd4c8d5a02	e3b0c44298fc1c149afbf4c8996fb92427ae41e4649b934ca495991b7852b855
chr22_100_guide_083	baseline	timing	measured_1	2	0	9.597247	18.993692	0.043985	127140	1	1da030b92202db00fdf4fa746fa0de1c56a74c6415d7abf8e6e634730c0990ca	e3b0c44298fc1c149afbf4c8996fb92427ae41e4649b934ca495991b7852b855
chr22_100_guide_084	baseline	timing	measured_1	2	0	9.996784	19.510647	0.015998	125512	5	c8420dc291eb0f976f276d62a4f033b79c9304d06df7d3335d344d7082a0558b	e3b0c44298fc1c149afbf4c8996fb92427ae41e4649b934ca495991b7852b855
chr22_100_guide_085	baseline	timing	measured_1	2	0	9.957782	19.680616	0.024000	125344	1	886f21508ef43139da65b3307d412b9c43af12390fb60b152be51f2961337117	e3b0c44298fc1c149afbf4c8996fb92427ae41e4649b934ca495991b7852b855
chr22_100_guide_086	baseline	timing	measured_1	2	0	9.698384	19.292313	0.020000	125568	1	b49d937c3f713b95c07b0df4983659c5531f5062b2c8b309c93edf95c5d33253	e3b0c44298fc1c149afbf4c8996fb92427ae41e4649b934ca495991b7852b855
chr22_100_guide_087	baseline	timing	measured_1	2	0	10.054903	19.751673	0.043999	127264	3	9a84143c1c0ae741457654eac03a337269c00cb43411a6b54461fbe5949d0b50	e3b0c44298fc1c149afbf4c8996fb92427ae41e4649b934ca495991b7852b855
chr22_100_guide_088	baseline	timing	measured_1	2	0	9.850821	19.338615	0.027997	125456	1	7b9ea615f9aa7e046adebd0e63adf8ebdc63c09e2a683a13ae5b9e9457fd8152	e3b0c44298fc1c149afbf4c8996fb92427ae41e4649b934ca495991b7852b855
chr22_100_guide_089	baseline	timing	measured_1	2	0	9.953714	19.692454	0.020000	125464	1	790719bd8847db6a942f261864ea37c0ec15f7a4f400e0bd1eaf31a8e659f354	e3b0c44298fc1c149afbf4c8996fb92427ae41e4649b934ca495991b7852b855
chr22_100_guide_090	baseline	timing	measured_1	2	0	9.953133	19.757712	0.019997	125388	1	af0e7d04b9032b6ba55a507cdc6196da5e7f3adbce117a38bb6ba2d2fb078cba	e3b0c44298fc1c149afbf4c8996fb92427ae41e4649b934ca495991b7852b855
chr22_100_guide_091	baseline	timing	measured_1	2	0	9.642755	19.064078	0.060000	125500	2	cf53e5c0ba2549b95ad7cc66f6caa57165a2d7ef971b8448816c1f5189dcba42	e3b0c44298fc1c149afbf4c8996fb92427ae41e4649b934ca495991b7852b855
chr22_100_guide_092	baseline	timing	measured_1	2	0	9.748968	19.353222	0.027995	127180	1	36dc22934c7c02b9c1a4043e7fa71e9fab23fac626842ee0233fa0a19e8a4d8d	e3b0c44298fc1c149afbf4c8996fb92427ae41e4649b934ca495991b7852b855
chr22_100_guide_093	baseline	timing	measured_1	2	0	10.249450	19.541389	0.019997	127072	1	7c248ba9765e06499bdbdd56fa063150392f57bbcf49d7273e7a34148cb2a14e	e3b0c44298fc1c149afbf4c8996fb92427ae41e4649b934ca495991b7852b855
chr22_100_guide_094	baseline	timing	measured_1	2	0	9.593279	19.013478	0.023996	125516	1	b129ef3c4f85946c1752fcdec67457fbfa137faf10c495dcfb79020726f0093a	e3b0c44298fc1c149afbf4c8996fb92427ae41e4649b934ca495991b7852b855
chr22_100_guide_095	baseline	timing	measured_1	2	0	9.797221	19.238830	0.039989	125592	2	72cfccdb732c7f835e82aebb76ca4186954ee044989d4d3f165c230249e1ab41	e3b0c44298fc1c149afbf4c8996fb92427ae41e4649b934ca495991b7852b855
chr22_100_guide_096	baseline	timing	measured_1	2	0	9.644900	19.029220	0.012000	127316	1	66356638d350f202a4fc3653512e2eb61d180a210d3b4874237620fdd88f45ac	e3b0c44298fc1c149afbf4c8996fb92427ae41e4649b934ca495991b7852b855
chr22_100_guide_097	baseline	timing	measured_1	2	0	9.905657	19.477734	0.015998	127076	1	ec3317eca52cb313be8b742bd84d70d8e9f8f3d3a8dfda83e632d9ec5b3e7472	e3b0c44298fc1c149afbf4c8996fb92427ae41e4649b934ca495991b7852b855
chr22_100_guide_098	baseline	timing	measured_1	2	0	10.002852	19.679734	0.015996	127288	1	624a957aae98b6d231ae1011b4e64e108e7b8e8e44287e46c4862920d0454e11	e3b0c44298fc1c149afbf4c8996fb92427ae41e4649b934ca495991b7852b855
chr22_100_guide_099	baseline	timing	measured_1	2	0	9.745844	19.105170	0.048012	128648	2	0c905b7331f00841f95a0390edb19ac2cf54d75b8c0260c1122d1e91b8eebf98	e3b0c44298fc1c149afbf4c8996fb92427ae41e4649b934ca495991b7852b855
chr22_100_guide_100	baseline	timing	measured_1	2	0	9.705792	19.104442	0.028000	125480	2	4bb6e4f08a7316ba26ec3e6f894f79070071b55d78d6c1605a50035d0a1d9c79	e3b0c44298fc1c149afbf4c8996fb92427ae41e4649b934ca495991b7852b855
chr22_100_guide_001	columba	timing	measured_1	2	0	0.555391	0.371917	0.153256	290312	2	c788efd23026646b4da4b4a94736bffdb6646d5bb82e63ef3b54d008d2d7f496	5e6212673189b137868af231f3f49365db18929fbdc4915f13b52a1622522dba
chr22_100_guide_002	columba	timing	measured_1	2	0	0.857046	0.478077	0.196839	291172	21	f0937d09b482433febb72a3aa2951bd7a1099c3bb5c4e6ae5d7f40f51dfaf291	e925e6374c2b14f26ce352338d241501af5403cd20c2f7a0a66a7ff0957a82b9
chr22_100_guide_003	columba	timing	measured_1	2	0	0.705667	0.420425	0.189998	290496	856	ccc3d3b80ed309cc947744aeb419da762bf360cf65ee8f19caf6d89ef8540bb4	a0f43a78ac495168b63dc33958a840d4b629f46bd21e5ea36ebe2fd81ed8e956
chr22_100_guide_004	columba	timing	measured_1	2	0	0.755224	0.410780	0.196738	290372	1	691ce0260ac4ff8426decb079b6ec2efdf4680b3abaced64e9143840bccb9552	a4c7fcea839152b57f9d48000d08a15502fd89d0fd27949928e5d265dda849b7
chr22_100_guide_005	columba	timing	measured_1	2	0	0.605215	0.324941	0.192426	290220	1	95686fb2b7a30116b7ae2cc467351eaaf4c6f25cab6f6b7bc6dcc05f1c409532	011f515d83cd8b0bf4648cfa3d329bea0cb2939a7aabcbf319c9ccbd2ece994c
chr22_100_guide_006	columba	timing	measured_1	2	0	2.664743	1.098011	0.664233	291796	4	b8cc43f743b2bf2f0e12fa535de856dec45a7e724e169b206e17e024502350b1	9739780944683faaa4ef3f313f816b862f341378b37d0ab5c6f2f11c524f85ce
chr22_100_guide_007	columba	timing	measured_1	2	0	1.207743	0.588042	0.317659	290540	77	4ed0f166306be29e52512f6850c1b990c122568bfe38464c457a9cbc3cafab14	501f5c6c5e8d62ad0a7602fffd723666195a02b48240223d6a623d2bf75bc9d7
chr22_100_guide_008	columba	timing	measured_1	2	0	0.554744	0.336019	0.187582	290472	70	2525d9e467b0e235d87fec363306eb39498ebdd905157b97f69a01938142d417	587b33ffa851be62124e858db10a3ce0555e1fef7b9faa94a47115a7bf569d6a
chr22_100_guide_009	columba	timing	measured_1	2	0	0.605271	0.340883	0.191929	290368	4	958d7bb0d2bcce37cafabe02cb7bcd2515a249ee7abef00a06c7ca69afbeddfd	b26403da3df85946d6c7931e54a923877597a6d21517a6786edcfb4f3a684c5d
chr22_100_guide_010	columba	timing	measured_1	2	0	0.754922	0.424934	0.217265	290332	25	bbff78e8edf6476d0dd0cdd76f512cb705b72cd1e357220e1a380dbd5cb5874e	8283bb72468ef0f7298ae906c23d010c0d48c6574a33364a533179130f8c4875
chr22_100_guide_011	columba	timing	measured_1	2	0	0.555399	0.370583	0.141053	290512	21	ec592648254199539685feee5357d093e2e1ec0b8ee82c9ce1e89057db95c2aa	e3b0c44298fc1c149afbf4c8996fb92427ae41e4649b934ca495991b7852b855
chr22_100_guide_012	columba	timing	measured_1	2	0	0.755366	0.365820	0.144703	290304	8	9b00eaabadec78eddf839955f38b2c49038c64b495db9fc7cba00a4c5b16c2fd	e3b0c44298fc1c149afbf4c8996fb92427ae41e4649b934ca495991b7852b855
chr22_100_guide_013	columba	timing	measured_1	2	0	0.554675	0.337009	0.150800	290548	3	14d007c41b3efc0f49a5e3c8b2c1afbdbbf6448965f329277343a75661f62b72	e6ce59b275084995153a3e9c40a4958a8a70855f475daac144376dd269a555ec
chr22_100_guide_014	columba	timing	measured_1	2	0	0.604802	0.343681	0.189822	290396	193	18fa726a0532763a6a720243b5476e8492d4a0e21d88972a1590a5cc86c18f36	738f0679665e7cbee0e7647775b7e47573cdbc33c7d7463d5c01f8c75b0b7b5f
chr22_100_guide_015	columba	timing	measured_1	2	0	3.166931	1.317160	0.699427	291920	121	14607790ed2c2aa20854f98797286082d4f4e662c4918ba18d80b5c7cabdc3a3	42f93d194038db849260c18f78fe52cdc58775b7f60fd7a14fdf15a6b1f00b50
chr22_100_guide_016	columba	timing	measured_1	2	0	0.554767	0.347044	0.153023	290348	1	664ca84d364b11b722ac1aa282d988cb26faa580c3801fc71e980d0a2785483d	647a3c26fb0f04ad019100c4ab0390ab87ed5c84aadfe7a252bca70b1e3bd96d
chr22_100_guide_017	columba	timing	measured_1	2	0	2.111531	0.866822	0.558469	291316	65	443c9733648206d43672a968d8e97952afd65a9f31ce05d9d0565f64b1ea8a38	34e2228fdcbf823acbc1cf9a4520426f2726ceee2e2c487a482723b0e27f4c06
chr22_100_guide_018	columba	timing	measured_1	2	0	0.705329	0.414564	0.176401	290456	2	5c632dfc921b715b635c61d386497b7131eb4348bb520ea4a5cd13ab53ef1e7a	23e8f4ffff162fdc2e25089c32203c22ccb5ac9c66770c9b5d4a6408cc154ffb
chr22_100_guide_019	columba	timing	measured_1	2	0	0.554795	0.349982	0.170362	290412	1	6cdd7ce54810d5bc4f6f9e343cba7e89b5868d4aa230081223fa53049a31ac4f	dc56e723a41ad2b033072b1d35240963852ef67de09ef8478a44d1daa4a0e78a
chr22_100_guide_020	columba	timing	measured_1	2	0	0.856915	0.439971	0.209137	290376	7	e201d7cfc5ec4a9979af6c9a236130b8f36d6e0e4dcfef596b106dbc39010303	b458b467a03688a50351b56d6e3c449c56ad4edc944351aafb91ac49def2d89e
chr22_100_guide_021	columba	timing	measured_1	2	0	0.655918	0.367081	0.210750	290376	1	70d3142b6438b2233c1a63a2ac833233a13a2d75bf75339f1fccaff2fa81b453	d56d96fe98b333f362ee9bd6376532e8bc00f0bfcb42456116b5b2cd748bb70d
chr22_100_guide_022	columba	timing	measured_1	2	0	2.464429	1.052003	0.631306	291332	1	6b72b7d58a6bb9700568183d8342e8f3bc79c45ffa1f7e46c161effbf9985c5d	1bdc42a6859b8b52c1db369907a7439fdf814d31ad0591c6948691ed396edcd1
chr22_100_guide_023	columba	timing	measured_1	2	0	0.655699	0.354423	0.203937	290292	149	5664c285cf2f5ae0137ca1a22d1cb40e7231faecf6a27ae4223e67a75ccdd033	94dca88f98f958fa1bf19db4e20642e9042142e03f3cac411aff6176a087ef1e
chr22_100_guide_024	columba	timing	measured_1	2	0	0.907001	0.424211	0.292841	290308	2	bcee63120e7a1ad9985f53ede79aec2d8e27e6be8190904374c9bd2675cce1d4	20e0d047a90eb941c28e7c3eadd3682e2d2baa7519ca17df715655ce2d25a138
chr22_100_guide_025	columba	timing	measured_1	2	0	2.868522	1.386518	0.647880	292452	3309	2bcf3c36d3005ad0fb22c942310e9ac2be633eecc1be15596d48b67e278c7fd2	bbeec566678f9402686af8dfc82c742950a8cca1a8132401323a9ab6a130af25
chr22_100_guide_026	columba	timing	measured_1	2	0	3.517235	1.214491	0.706073	291956	64	74ee2057f2511f0387c90decf264283593386e47d9b30347bc9921ddcc60dd17	24451543d4981af6965232fc89a42aae084c85b1effd413db55357f5b81b7551
chr22_100_guide_027	columba	timing	measured_1	2	0	0.605507	0.315040	0.190094	290300	2	a7610eb051e87a34826545d10fcf8102943e8611a97a657a33ec94ff2afe4c13	ca6032de9107568e011efa775fb138933bc1f4163d835edc39d12e948093dfde
chr22_100_guide_028	columba	timing	measured_1	2	0	0.856068	0.401224	0.220214	290536	2001	01e49abccf673768fbd38172e9592aef60a9ffa738fefa147d463cc2893ff852	6ab1cb25283fe19a6bfd4fcd5c48da2d87969a73970cab771254caf7f66a6287
chr22_100_guide_029	columba	timing	measured_1	2	0	0.806228	0.399878	0.204522	291424	1862	023a0db1667cffab02ece840deaeba274e313dbe75e80a569d4eb1e108049a70	d4e0a36311e4ca8e67b4e69d062e253606ee8ba50c03ffb98d71774fa810bdfb
chr22_100_guide_030	columba	timing	measured_1	2	0	1.961268	0.818201	0.432236	291096	2155	d29f1e6c8cefac25b1c219eeb22083b707ccd515357f995e1d890f815157db21	2438973516059989d2cd3180bc4fb2a1b25b52a873009a27bebbfc598f668a22
chr22_100_guide_031	columba	timing	measured_1	2	0	2.210370	0.784196	0.469367	290944	2	5d5573821365e7bc8b578e4c8587ad85cc0ce7e73cc826859074ffc07c945a42	6d757fd7aeea9c62de2f65f7620c111ca2fee818c410d59cbc0beeac17789d75
chr22_100_guide_032	columba	timing	measured_1	2	0	0.605106	0.335397	0.182074	290308	1	c25a6440be62186e25b0f165358d0d0900b923751f80af6ee5c27f0f29a85af6	5bcc52812e3cd79f2c949096180d3f1ac01ae06d29eea04285bba87168ded8f9
chr22_100_guide_033	columba	timing	measured_1	2	0	0.706101	0.354881	0.169179	290372	1	0effc63d85fa97f691908ce0321ab857ae6f08fabd2480f35c83ff81e76c9f0e	6be499e878bb8835b2d0095d754911ca511e88d92eb98ee972ab04a1f8c00a0b
chr22_100_guide_034	columba	timing	measured_1	2	0	0.605149	0.355899	0.156404	290312	1	b799f84402b88ca7eda644ce1b5b5eb56c02b09c04d62fc51c4c70dc76c6b583	4f6dc5b5a164eea9ba79b4a4c7ee686bbb2ef32b24b407949991d9e320496ddb
chr22_100_guide_035	columba	timing	measured_1	2	0	0.705781	0.413311	0.161855	290256	10	26e2eb81897f587da39402739a7f851313f0bf1adff27623b341a24f6d65d55b	99ec977a326ca10c3e115b1ced26f639f311e55f5d55485ff6a9c48c4655ed96
chr22_100_guide_036	columba	timing	measured_1	2	0	0.605067	0.348444	0.166153	290416	1	d902219eeefe3ff64202f082d0493776f51eb4ff2b0f1167c0e670f923533dc4	561879fe16bf8d8d845615014aafa1348557dc2b653402bc983228fe11f91985
chr22_100_guide_037	columba	timing	measured_1	2	0	0.806110	0.329618	0.197653	290460	1	87a59470956d0b27daf38e5e39ded5e150cdea0e868b3bb38ed13ec71694f010	e3b0c44298fc1c149afbf4c8996fb92427ae41e4649b934ca495991b7852b855
chr22_100_guide_038	columba	timing	measured_1	2	0	0.586107	0.341886	0.170638	290388	1	029b4bae64ebbe3decac5715b992bb89ceb0731276cd7cd8566eaca4250537b4	d19c36693df71437a3e971b04638d4c55f47a0d94d8887a1c6ebbec6f71e8046
chr22_100_guide_039	columba	timing	measured_1	2	0	0.605333	0.372200	0.200936	290320	1	a699d8af011bf9deb858b41d0fae396d8cff7641f7f0fffbf757531340e4d266	e3b0c44298fc1c149afbf4c8996fb92427ae41e4649b934ca495991b7852b855
chr22_100_guide_040	columba	timing	measured_1	2	0	0.605542	0.356333	0.203693	290308	1	4390a33a35b7293befeadb9fa60eb9d4727d057633aeb9a93007f6581228ca97	7e3c0298e47ada9502fe1ab91e5aed0852345691cf2da9d42a3b3bb1585655fc
chr22_100_guide_041	columba	timing	measured_1	2	0	2.060003	0.351142	0.173350	290332	1	3e8108b8109dce3b65881841a62543e3eb3ba821fff9bc76b9b5e43ac8c75d77	30d5bd1a2fd8f421e7be29640f109fecf4e022892dc5732c56ef1b76e1f5233b
chr22_100_guide_042	columba	timing	measured_1	2	0	0.555225	0.360345	0.139255	290216	1	5924fcb39f9667884df027edda8f627478be6271057a2d69844c736321e3169f	e3b0c44298fc1c149afbf4c8996fb92427ae41e4649b934ca495991b7852b855
chr22_100_guide_043	columba	timing	measured_1	2	0	2.012657	0.425055	0.185250	290556	2	453049c36d105d5fc369042ca0ab1a96b8b895a916b5c2f187ec168c02aae659	6a4a76d7576dcdf483edf9f4bfebf4e97bedcea9c2681ce642817147f17c17a9
chr22_100_guide_044	columba	timing	measured_1	2	0	0.605448	0.367731	0.150582	292400	2	4f1d85930718319dee2874ba1c96e3f8e80885b044e2550d9d3285234eb16d34	ac80b04a88870303112f4ee98ea5b95636d0b8b35af5c52fb77c23238f1648db
chr22_100_guide_045	columba	timing	measured_1	2	0	0.554830	0.335974	0.129810	290364	1	7e528a989c31c40be279492b74efb2b32bbafcb76168ffa5ecf4da003dd2852c	dd567e27451842465f72c8df72e5b23a60f4533474e55b65999ba98af50e5e25
chr22_100_guide_046	columba	timing	measured_1	2	0	0.655119	0.341785	0.152449	290324	1	714554ca8eac6dff9bf1ea7bcd982ded36f466eaa79bea00a33e12ff4252393b	32b0fdb408a245e8ea00a9e3729e5f81f9093394a9fdef4348318ec666ad1e55
chr22_100_guide_047	columba	timing	measured_1	2	0	0.956112	0.405881	0.134054	290440	1	ca51411298336dbdfe2d1022ed02e74028dfbcd2e0e397a8224fce4f6017af72	b76583d8074d81b6123010653d515a4ff97310c43c5bf08081014d9154db7606
chr22_100_guide_048	columba	timing	measured_1	2	0	0.604893	0.339750	0.180111	290328	1	bc3b9f3f86cc8bbd34d0a114947da783ee284f28a9a17754f8b3028fd08951a9	e3b0c44298fc1c149afbf4c8996fb92427ae41e4649b934ca495991b7852b855
chr22_100_guide_049	columba	timing	measured_1	2	0	0.605225	0.356192	0.169848	290344	3	00230428f6d63582ec60d092b6bc6c689bf77cb21e9480a627f5e8c16d0dc979	42d1ec48cb0493956d77fad00767b6c2fed5e28ca7790d50779e46dd1957fd55
chr22_100_guide_050	columba	timing	measured_1	2	0	0.906763	0.476278	0.262849	290408	80	a3962782031d7a99caa2c5378ed324dd3f3d615a63e3f3246b35b7371cee0cde	76defb6e40a3b8e0ecc76033ed3e6b9c80b03fa159050eccc782c7a714c2d894
chr22_100_guide_051	columba	timing	measured_1	2	0	0.605940	0.385186	0.157930	290412	1	14ef5eacd0519bf8d6f3f1e421b2147ce2cef2d89992ac6bc3c0c6493049fd6f	b3f77e03add0f929849c64c186a0f6ee8168522805e29a074a8498ff01f34924
chr22_100_guide_052	columba	timing	measured_1	2	0	0.554804	0.343917	0.173340	290632	1	b743dcf20b0f8a4d8e1a343b97d48c58a0bc7fc4d1bb2a983a38d2078d740fcd	2948117454b190d6eeeaca3bc94a2bf5793d77da14d80a9f2def8405cee8a845
chr22_100_guide_053	columba	timing	measured_1	2	0	0.555004	0.337795	0.174434	290372	1	7f92fd7dddc708c2b3ec905f92a74e766b81d6ff9eaf13b4dc9c11ff5e96767a	eb38c77d3364d29cf9b4a0c82bd850e49266e1046930de12097b9d1d6f671ebe
chr22_100_guide_054	columba	timing	measured_1	2	0	0.655770	0.335709	0.225136	290524	14	d9abcf3e269963d774edd15ecfe3248bb12de76053f6fba41a9ca58879ce535c	62cdbb700ac6e400eb15d3c313f1c22cd0466e5941035e515b9a58218cbfa7d7
chr22_100_guide_055	columba	timing	measured_1	2	0	0.606036	0.350104	0.169603	290240	1	a3d6cd5055990fc10a7f55f785689720f3a06133f1b0f4568f98749ce2751038	cbf8fe25e09218949637c014c44b0ac6c41b7c9311afed997f16260a3c1fbf6a
chr22_100_guide_056	columba	timing	measured_1	2	0	0.555467	0.356974	0.162971	290288	1	4a6cdc3b90d2775c2496444fab6f836151cd422ec2c82a9bf758cde5414f2417	e3b0c44298fc1c149afbf4c8996fb92427ae41e4649b934ca495991b7852b855
chr22_100_guide_057	columba	timing	measured_1	2	0	1.408890	0.692389	0.331209	290836	587	783a46d43d98318f821fc86b8be9e506027471318fc62ea5c629dfb1aca5a195	62403cc55bceb18e3f7dc799bae6212084c8fd72be3b5f839029a386d7c94f53
chr22_100_guide_058	columba	timing	measured_1	2	0	0.605440	0.350559	0.174707	290372	1	b7517a16df61180265ec10a20cb33a003c3ea568992073591f20e96d81391119	b52ea0dac91d497aaec6f642a08329c4472b1d235792c856330e28a7c0b02c57
chr22_100_guide_059	columba	timing	measured_1	2	0	0.605062	0.338196	0.198280	290432	1	a6e8f7dbe8440152b018e778c86e594c220662576f7388bf74086116bfb557b5	0125d3c4984bdc22f6fcb221414dd3900ca99fecfcf592d4992e3000caf67fe4
chr22_100_guide_060	columba	timing	measured_1	2	0	0.605237	0.377193	0.169104	290380	1	96bacc0c5f62f5ee3cb64d6560e882e64673267447e8714383a4ab744f1c99a8	ccbb31fe1ebb9328fe27201916e87bd7c24b711b7b0b063a7f477755fe73cf70
chr22_100_guide_061	columba	timing	measured_1	2	0	0.554914	0.319303	0.199118	290312	1	9246314add68bcb309196485353ca32264aa9d97b65d40e3825659e7fa9e07c5	12cf0f82ebccaab6f5456eda16e6f1aa1c8c09e0e0b6bfe076d282d5294656c8
chr22_100_guide_062	columba	timing	measured_1	2	0	0.605221	0.383032	0.169243	290280	1	4832e7aa711ccdac22496f6cb8a979eec30369c372fca1b6aba1e3edfb12e8a1	e3b0c44298fc1c149afbf4c8996fb92427ae41e4649b934ca495991b7852b855
chr22_100_guide_063	columba	timing	measured_1	2	0	0.605635	0.357979	0.176431	290372	1	c4ca7ddc636638d7005d3e187756ba84185296e1c2585b41d0a7a856e2606213	696e651629a088ed51fa18bf92752b7cebcc5231944eb0da133c1b9ea7800ae7
chr22_100_guide_064	columba	timing	measured_1	2	0	0.555074	0.362508	0.145026	290584	1	b38f02456f345d872287da7f74b53691b169eb255cc35d11d103c308c700d2eb	80ee862860c0660e526ecb32b831aefab1ec8d289bb9d77c6b7b292513f4e728
chr22_100_guide_065	columba	timing	measured_1	2	0	0.604687	0.336600	0.190709	290464	1	4a6f7a313e251182f276be210f99075cb7bfa5275fa278d132ac27df6e713db1	e3b0c44298fc1c149afbf4c8996fb92427ae41e4649b934ca495991b7852b855
chr22_100_guide_066	columba	timing	measured_1	2	0	0.605392	0.352593	0.175410	290412	1	4802296ebbba9922a4ece696902be06427691049808ba406ed873a9a4a219f9c	5f467778f752a1aaed5df46d05a9a1b73450c302e12b8f1f7e33ddf845f2077e
chr22_100_guide_067	columba	timing	measured_1	2	0	0.604852	0.356087	0.163829	290252	1	0229a4fc79d3d37ddda05a4910899ff60fcd29aa41d3690d08b235deae1dd329	53b771ffaca11cb96d720daf7c16129376f1614689ba28d188fa0d0308cc5d07
chr22_100_guide_068	columba	timing	measured_1	2	0	0.626795	0.357192	0.163724	290260	2	d39c5b6762aa09453e14f55e106ab300ceb4955ee3d73b381937cbf2220ed042	fc6bbc4c65e692473cbf32ff151557635e2d1dd99e4b69c5ee3da000a109cea9
chr22_100_guide_069	columba	timing	measured_1	2	0	0.556035	0.339389	0.184933	290232	1	77885b288a794217926cbdc3f9557271a5584ca0a3525a33368ba9dfa0f79c36	5d430161443a2a46da19dfd91300b023436381d8acde81bd4858cc16663951ac
chr22_100_guide_070	columba	timing	measured_1	2	0	0.604698	0.325657	0.195125	290400	1	555a66e1753526673117e366fb233c844df0cfc38a64971866528e20e52f4ca2	daf225fd739240830663f4f6fa1add420c3d409ae734e31ecd3e9a98f65456bd
chr22_100_guide_071	columba	timing	measured_1	2	0	0.604870	0.368622	0.160631	290836	1	db50066ab5215e0ab40715d3e84c765c47977eb5d92e2f74fef9a37ee0c19f96	e3b0c44298fc1c149afbf4c8996fb92427ae41e4649b934ca495991b7852b855
chr22_100_guide_072	columba	timing	measured_1	2	0	0.605487	0.396799	0.153575	290248	1	a7389bd954eaa7a8f7c3e448a2ff3a3f4ef011b680d833fad933fd884d099eca	9b7501725ac0e846ebbf11d00696dd347ff96cf1e9b93286935af165a5a8fa66
chr22_100_guide_073	columba	timing	measured_1	2	0	0.605207	0.369979	0.190867	290560	1	850390cf00e784716c531f5e64380876ff07596af289e7ba34bc096bff075ecc	f44e84d998c57621965bbb72ae37ec201bf3185e3f28563924ad182f849d8046
chr22_100_guide_074	columba	timing	measured_1	2	0	0.853443	0.479556	0.178218	292560	15	97f0d8858f903bcb6a054b2a856681ae3d750161733d345ff4336bfc33819503	47727314b57ea803c5a3fa2d696319a895d425c026877c7342ec66d95555ff9d
chr22_100_guide_075	columba	timing	measured_1	2	0	0.906233	0.508280	0.217646	290392	690	2354f825ce61636eff2ebd9b9f04785099b672e2778924a5bfbd006333613cf6	7e96804198e52de0cf9624d7983a3fce1c16d78c3101a89c4b2d30f13556ce60
chr22_100_guide_076	columba	timing	measured_1	2	0	1.307775	0.610387	0.353212	290492	38	ca302eb1021b149cad0aa565a08684a3f95b4dc2d440c7d21ea5b8af132306eb	1486cd8c9af853f27a3bc3677c2cd49263a916b45c25f5b4df6be61b5d3536f6
chr22_100_guide_077	columba	timing	measured_1	2	0	0.555846	0.376991	0.117387	290132	1	e3869c3952dd0b0eb3e37141b1040c6f25b82c4e398011436f2219c75f8febe8	b9c553e0ccfe2ce660998762584c8775fddbac678c08f7828037c9b6239ea576
chr22_100_guide_078	columba	timing	measured_1	2	0	0.554612	0.334899	0.174390	292520	1	b32f95b3659bdf5efde0a545c93605a84811e1f51637e98948f88b66e0c918a9	e3b0c44298fc1c149afbf4c8996fb92427ae41e4649b934ca495991b7852b855
chr22_100_guide_079	columba	timing	measured_1	2	0	0.605342	0.347264	0.201972	290400	1	3719b9c87eb26bae46571444132aecd72ec6971081ed8592128ac8081655f637	ba8e3024a8dbd3ab92f3c3efd62af4339a44a56f1d02bd2d31d752a8b26c0e77
chr22_100_guide_080	columba	timing	measured_1	2	0	0.604927	0.362676	0.173106	290272	1	5c9d989f365df1d424483a28cbc77093b089ff7ebee8cd46972f309ff0b6db17	2f17411719ddcf823a39fa8532b48978e18ea71b4f65cc71e1b1d51840c18def
chr22_100_guide_081	columba	timing	measured_1	2	0	0.555871	0.350500	0.181230	292444	1	60f8b2bdc588b6b13527c78acc609879caa8defea9c72ada132dee63d52ad9bf	e3b0c44298fc1c149afbf4c8996fb92427ae41e4649b934ca495991b7852b855
chr22_100_guide_082	columba	timing	measured_1	2	0	0.504312	0.342872	0.143346	290164	1	8aa0d629b648d54d65dead9f626b4f79b04416d14abcb761ce6f8afd4c8d5a02	e3b0c44298fc1c149afbf4c8996fb92427ae41e4649b934ca495991b7852b855
chr22_100_guide_083	columba	timing	measured_1	2	0	0.605114	0.368625	0.178940	290436	1	1da030b92202db00fdf4fa746fa0de1c56a74c6415d7abf8e6e634730c0990ca	e8d6de60c3ba05b27001c144755f4d3ad082de5cdf0fdf5e9cf6b7717422195e
chr22_100_guide_084	columba	timing	measured_1	2	0	1.057730	0.538270	0.256177	290712	59	85f162921bfeefc97d3de55dbe3f97c5f8f6192ca4eb2dd40a561a137aa14173	5b15e8ffd7e3dbd341b4575d46e2dae3dfaa6a747317a1348b5b7768a37886c9
chr22_100_guide_085	columba	timing	measured_1	2	0	0.605530	0.387567	0.173455	290492	1	886f21508ef43139da65b3307d412b9c43af12390fb60b152be51f2961337117	e3b0c44298fc1c149afbf4c8996fb92427ae41e4649b934ca495991b7852b855
chr22_100_guide_086	columba	timing	measured_1	2	0	0.655317	0.423523	0.197949	290412	1	b49d937c3f713b95c07b0df4983659c5531f5062b2c8b309c93edf95c5d33253	fe8b505978787bbd7a6d3b5268bab52bb800793326eda2f064520359431dd393
chr22_100_guide_087	columba	timing	measured_1	2	0	0.957117	0.511361	0.229506	290308	5	7299c25e9e9229b69fae4918dbd7a3d10cf292aa3a5ae9e727231b52918c4ec1	e022cf39cf254e9d5e76a228fc4449c3751d849c1fa8e8eb5b7d348ead9de8a8
chr22_100_guide_088	columba	timing	measured_1	2	0	0.555487	0.358361	0.162538	290436	1	7b9ea615f9aa7e046adebd0e63adf8ebdc63c09e2a683a13ae5b9e9457fd8152	000abe2ead510b1e81f85058fe4a2422bdd56dfa268e082b10ff250075738f0e
chr22_100_guide_089	columba	timing	measured_1	2	0	0.604912	0.329142	0.199413	290304	1	790719bd8847db6a942f261864ea37c0ec15f7a4f400e0bd1eaf31a8e659f354	5747958b98329bf390adcb88fe0c55df552279978269e4428317edf8497c35fb
chr22_100_guide_090	columba	timing	measured_1	2	0	0.605550	0.364616	0.169178	290464	1	af0e7d04b9032b6ba55a507cdc6196da5e7f3adbce117a38bb6ba2d2fb078cba	bb969d4b02ddd34c284543e306e202b2336d7575aa86daa3e6466757c09fd92b
chr22_100_guide_091	columba	timing	measured_1	2	0	0.554708	0.379941	0.140715	290176	2	cf53e5c0ba2549b95ad7cc66f6caa57165a2d7ef971b8448816c1f5189dcba42	99ee76e9b64774c9369be8a6f72c896db95e3888b9d30ddcbc455b25e12e4601
chr22_100_guide_092	columba	timing	measured_1	2	0	0.555451	0.346999	0.149124	290448	1	36dc22934c7c02b9c1a4043e7fa71e9fab23fac626842ee0233fa0a19e8a4d8d	f9edfd1414c172b5a32e647be62f7efb9a1867b2825caa326cd197691299ad06
chr22_100_guide_093	columba	timing	measured_1	2	0	0.555004	0.349219	0.143550	290312	1	7c248ba9765e06499bdbdd56fa063150392f57bbcf49d7273e7a34148cb2a14e	cb99cf2cb5c76fa9de96c7d214883bdebf51068c4cfea4bec3c2c4a8fda8efb1
chr22_100_guide_094	columba	timing	measured_1	2	0	0.655793	0.344757	0.168129	290780	1	b129ef3c4f85946c1752fcdec67457fbfa137faf10c495dcfb79020726f0093a	e3b0c44298fc1c149afbf4c8996fb92427ae41e4649b934ca495991b7852b855
chr22_100_guide_095	columba	timing	measured_1	2	0	0.605818	0.336724	0.187820	292348	2	72cfccdb732c7f835e82aebb76ca4186954ee044989d4d3f165c230249e1ab41	8dd8d8e768aa6c5cd7d90852728b3841c27aebb8dbde3dfbf7f30997ce15d157
chr22_100_guide_096	columba	timing	measured_1	2	0	0.605112	0.347471	0.195166	290352	1	66356638d350f202a4fc3653512e2eb61d180a210d3b4874237620fdd88f45ac	96e1dce767526b5e03b01ea34764f33de2e58653d775c70a8355e05d5d77a707
chr22_100_guide_097	columba	timing	measured_1	2	0	0.555092	0.363354	0.160094	290340	1	ec3317eca52cb313be8b742bd84d70d8e9f8f3d3a8dfda83e632d9ec5b3e7472	c34143c4b66ce37c239db5fc991d73357da56a527f237f74e6df9d61bb22831f
chr22_100_guide_098	columba	timing	measured_1	2	0	0.755894	0.411282	0.215923	290364	9	6803cc83cccde78136058d3d854eb89cc05eab1188efe7c0cabebb43cb9eb17d	86060c0d0ba22165d0282d1cf92bc8afade2100bd1def809b1f81bb96b9678e3
chr22_100_guide_099	columba	timing	measured_1	2	0	0.656158	0.398799	0.186758	290444	4	1fd7872322173d0504d0c832d225fc1f16e4c6a2d976d3c96de80baf41629173	8b7f11de3ad2254629636c6d8342d71050f8c150a04e6c52ecefb6984e7ab6b5
chr22_100_guide_100	columba	timing	measured_1	2	0	0.605362	0.370860	0.181011	290464	2	4bb6e4f08a7316ba26ec3e6f894f79070071b55d78d6c1605a50035d0a1d9c79	43c575a7c9c47d3164a453eb851e84a8842b01388a4b2fe7c9503045ddc887e0
chr22_100_guide_001	columba	timing	measured_2	2	0	0.554451	0.337409	0.164350	290416	2	c788efd23026646b4da4b4a94736bffdb6646d5bb82e63ef3b54d008d2d7f496	5e6212673189b137868af231f3f49365db18929fbdc4915f13b52a1622522dba
chr22_100_guide_002	columba	timing	measured_2	2	0	0.856481	0.463127	0.188081	290248	21	f0937d09b482433febb72a3aa2951bd7a1099c3bb5c4e6ae5d7f40f51dfaf291	e925e6374c2b14f26ce352338d241501af5403cd20c2f7a0a66a7ff0957a82b9
chr22_100_guide_003	columba	timing	measured_2	2	0	0.655370	0.416661	0.149817	290540	856	ccc3d3b80ed309cc947744aeb419da762bf360cf65ee8f19caf6d89ef8540bb4	a0f43a78ac495168b63dc33958a840d4b629f46bd21e5ea36ebe2fd81ed8e956
chr22_100_guide_004	columba	timing	measured_2	2	0	0.755993	0.438797	0.179817	290532	1	691ce0260ac4ff8426decb079b6ec2efdf4680b3abaced64e9143840bccb9552	a4c7fcea839152b57f9d48000d08a15502fd89d0fd27949928e5d265dda849b7
chr22_100_guide_005	columba	timing	measured_2	2	0	0.605839	0.341700	0.184883	290312	1	95686fb2b7a30116b7ae2cc467351eaaf4c6f25cab6f6b7bc6dcc05f1c409532	011f515d83cd8b0bf4648cfa3d329bea0cb2939a7aabcbf319c9ccbd2ece994c
chr22_100_guide_006	columba	timing	measured_2	2	0	2.564147	1.086684	0.643789	291556	4	b8cc43f743b2bf2f0e12fa535de856dec45a7e724e169b206e17e024502350b1	9739780944683faaa4ef3f313f816b862f341378b37d0ab5c6f2f11c524f85ce
chr22_100_guide_007	columba	timing	measured_2	2	0	1.157933	0.573632	0.297907	290332	77	4ed0f166306be29e52512f6850c1b990c122568bfe38464c457a9cbc3cafab14	501f5c6c5e8d62ad0a7602fffd723666195a02b48240223d6a623d2bf75bc9d7
chr22_100_guide_008	columba	timing	measured_2	2	0	0.605152	0.355747	0.183840	290164	70	2525d9e467b0e235d87fec363306eb39498ebdd905157b97f69a01938142d417	587b33ffa851be62124e858db10a3ce0555e1fef7b9faa94a47115a7bf569d6a
chr22_100_guide_009	columba	timing	measured_2	2	0	0.554622	0.343849	0.162241	290376	4	958d7bb0d2bcce37cafabe02cb7bcd2515a249ee7abef00a06c7ca69afbeddfd	b26403da3df85946d6c7931e54a923877597a6d21517a6786edcfb4f3a684c5d
chr22_100_guide_010	columba	timing	measured_2	2	0	2.162301	0.432489	0.196150	290684	25	bbff78e8edf6476d0dd0cdd76f512cb705b72cd1e357220e1a380dbd5cb5874e	8283bb72468ef0f7298ae906c23d010c0d48c6574a33364a533179130f8c4875
chr22_100_guide_011	columba	timing	measured_2	2	0	0.605401	0.353504	0.191521	290352	21	ec592648254199539685feee5357d093e2e1ec0b8ee82c9ce1e89057db95c2aa	e3b0c44298fc1c149afbf4c8996fb92427ae41e4649b934ca495991b7852b855
chr22_100_guide_012	columba	timing	measured_2	2	0	0.555151	0.343700	0.146482	290536	8	9b00eaabadec78eddf839955f38b2c49038c64b495db9fc7cba00a4c5b16c2fd	e3b0c44298fc1c149afbf4c8996fb92427ae41e4649b934ca495991b7852b855
chr22_100_guide_013	columba	timing	measured_2	2	0	0.605091	0.380227	0.139230	290384	3	14d007c41b3efc0f49a5e3c8b2c1afbdbbf6448965f329277343a75661f62b72	e6ce59b275084995153a3e9c40a4958a8a70855f475daac144376dd269a555ec
chr22_100_guide_014	columba	timing	measured_2	2	0	0.604858	0.359472	0.155919	290452	193	18fa726a0532763a6a720243b5476e8492d4a0e21d88972a1590a5cc86c18f36	738f0679665e7cbee0e7647775b7e47573cdbc33c7d7463d5c01f8c75b0b7b5f
chr22_100_guide_015	columba	timing	measured_2	2	0	2.965982	1.237776	0.712814	291944	121	14607790ed2c2aa20854f98797286082d4f4e662c4918ba18d80b5c7cabdc3a3	42f93d194038db849260c18f78fe52cdc58775b7f60fd7a14fdf15a6b1f00b50
chr22_100_guide_016	columba	timing	measured_2	2	0	0.555000	0.358144	0.150601	290356	1	664ca84d364b11b722ac1aa282d988cb26faa580c3801fc71e980d0a2785483d	647a3c26fb0f04ad019100c4ab0390ab87ed5c84aadfe7a252bca70b1e3bd96d
chr22_100_guide_017	columba	timing	measured_2	2	0	2.111523	1.016983	0.468328	291444	65	443c9733648206d43672a968d8e97952afd65a9f31ce05d9d0565f64b1ea8a38	34e2228fdcbf823acbc1cf9a4520426f2726ceee2e2c487a482723b0e27f4c06
chr22_100_guide_018	columba	timing	measured_2	2	0	0.705827	0.397708	0.206224	290452	2	5c632dfc921b715b635c61d386497b7131eb4348bb520ea4a5cd13ab53ef1e7a	23e8f4ffff162fdc2e25089c32203c22ccb5ac9c66770c9b5d4a6408cc154ffb
chr22_100_guide_019	columba	timing	measured_2	2	0	0.554836	0.323524	0.183663	290208	1	6cdd7ce54810d5bc4f6f9e343cba7e89b5868d4aa230081223fa53049a31ac4f	dc56e723a41ad2b033072b1d35240963852ef67de09ef8478a44d1daa4a0e78a
chr22_100_guide_020	columba	timing	measured_2	2	0	0.756081	0.399529	0.218987	290216	7	e201d7cfc5ec4a9979af6c9a236130b8f36d6e0e4dcfef596b106dbc39010303	b458b467a03688a50351b56d6e3c449c56ad4edc944351aafb91ac49def2d89e
chr22_100_guide_021	columba	timing	measured_2	2	0	0.556316	0.344302	0.159782	290528	1	70d3142b6438b2233c1a63a2ac833233a13a2d75bf75339f1fccaff2fa81b453	d56d96fe98b333f362ee9bd6376532e8bc00f0bfcb42456116b5b2cd748bb70d
chr22_100_guide_022	columba	timing	measured_2	2	0	2.262769	1.006356	0.572240	291344	1	6b72b7d58a6bb9700568183d8342e8f3bc79c45ffa1f7e46c161effbf9985c5d	1bdc42a6859b8b52c1db369907a7439fdf814d31ad0591c6948691ed396edcd1
chr22_100_guide_023	columba	timing	measured_2	2	0	0.604648	0.345264	0.155229	290168	149	5664c285cf2f5ae0137ca1a22d1cb40e7231faecf6a27ae4223e67a75ccdd033	94dca88f98f958fa1bf19db4e20642e9042142e03f3cac411aff6176a087ef1e
chr22_100_guide_024	columba	timing	measured_2	2	0	2.410983	0.419913	0.273557	290500	2	bcee63120e7a1ad9985f53ede79aec2d8e27e6be8190904374c9bd2675cce1d4	20e0d047a90eb941c28e7c3eadd3682e2d2baa7519ca17df715655ce2d25a138
chr22_100_guide_025	columba	timing	measured_2	2	0	3.625617	1.393165	0.439739	292104	3309	2bcf3c36d3005ad0fb22c942310e9ac2be633eecc1be15596d48b67e278c7fd2	bbeec566678f9402686af8dfc82c742950a8cca1a8132401323a9ab6a130af25
chr22_100_guide_026	columba	timing	measured_2	2	0	2.715009	1.256476	0.615787	291836	64	74ee2057f2511f0387c90decf264283593386e47d9b30347bc9921ddcc60dd17	24451543d4981af6965232fc89a42aae084c85b1effd413db55357f5b81b7551
chr22_100_guide_027	columba	timing	measured_2	2	0	0.657265	0.361925	0.195766	290428	2	a7610eb051e87a34826545d10fcf8102943e8611a97a657a33ec94ff2afe4c13	ca6032de9107568e011efa775fb138933bc1f4163d835edc39d12e948093dfde
chr22_100_guide_028	columba	timing	measured_2	2	0	0.756852	0.418987	0.187054	290780	2001	01e49abccf673768fbd38172e9592aef60a9ffa738fefa147d463cc2893ff852	6ab1cb25283fe19a6bfd4fcd5c48da2d87969a73970cab771254caf7f66a6287
chr22_100_guide_029	columba	timing	measured_2	2	0	0.705545	0.395231	0.177673	290716	1862	023a0db1667cffab02ece840deaeba274e313dbe75e80a569d4eb1e108049a70	d4e0a36311e4ca8e67b4e69d062e253606ee8ba50c03ffb98d71774fa810bdfb
chr22_100_guide_030	columba	timing	measured_2	2	0	1.559734	0.807685	0.365137	291088	2155	d29f1e6c8cefac25b1c219eeb22083b707ccd515357f995e1d890f815157db21	2438973516059989d2cd3180bc4fb2a1b25b52a873009a27bebbfc598f668a22
chr22_100_guide_031	columba	timing	measured_2	2	0	1.812783	0.786801	0.492540	291076	2	5d5573821365e7bc8b578e4c8587ad85cc0ce7e73cc826859074ffc07c945a42	6d757fd7aeea9c62de2f65f7620c111ca2fee818c410d59cbc0beeac17789d75
chr22_100_guide_032	columba	timing	measured_2	2	0	0.755627	0.331382	0.179674	290364	1	c25a6440be62186e25b0f165358d0d0900b923751f80af6ee5c27f0f29a85af6	5bcc52812e3cd79f2c949096180d3f1ac01ae06d29eea04285bba87168ded8f9
chr22_100_guide_033	columba	timing	measured_2	2	0	0.656156	0.376032	0.174542	290248	1	0effc63d85fa97f691908ce0321ab857ae6f08fabd2480f35c83ff81e76c9f0e	6be499e878bb8835b2d0095d754911ca511e88d92eb98ee972ab04a1f8c00a0b
chr22_100_guide_034	columba	timing	measured_2	2	0	0.605195	0.363449	0.173502	290116	1	b799f84402b88ca7eda644ce1b5b5eb56c02b09c04d62fc51c4c70dc76c6b583	4f6dc5b5a164eea9ba79b4a4c7ee686bbb2ef32b24b407949991d9e320496ddb
chr22_100_guide_035	columba	timing	measured_2	2	0	0.706944	0.384334	0.210814	290380	10	26e2eb81897f587da39402739a7f851313f0bf1adff27623b341a24f6d65d55b	99ec977a326ca10c3e115b1ced26f639f311e55f5d55485ff6a9c48c4655ed96
chr22_100_guide_036	columba	timing	measured_2	2	0	0.605123	0.376018	0.184253	290604	1	d902219eeefe3ff64202f082d0493776f51eb4ff2b0f1167c0e670f923533dc4	561879fe16bf8d8d845615014aafa1348557dc2b653402bc983228fe11f91985
chr22_100_guide_037	columba	timing	measured_2	2	0	0.555102	0.350674	0.172932	290380	1	87a59470956d0b27daf38e5e39ded5e150cdea0e868b3bb38ed13ec71694f010	e3b0c44298fc1c149afbf4c8996fb92427ae41e4649b934ca495991b7852b855
chr22_100_guide_038	columba	timing	measured_2	2	0	0.605358	0.340521	0.184280	290308	1	029b4bae64ebbe3decac5715b992bb89ceb0731276cd7cd8566eaca4250537b4	d19c36693df71437a3e971b04638d4c55f47a0d94d8887a1c6ebbec6f71e8046
chr22_100_guide_039	columba	timing	measured_2	2	0	0.605263	0.352432	0.155690	290236	1	a699d8af011bf9deb858b41d0fae396d8cff7641f7f0fffbf757531340e4d266	e3b0c44298fc1c149afbf4c8996fb92427ae41e4649b934ca495991b7852b855
chr22_100_guide_040	columba	timing	measured_2	2	0	0.605318	0.337823	0.142302	290532	1	4390a33a35b7293befeadb9fa60eb9d4727d057633aeb9a93007f6581228ca97	7e3c0298e47ada9502fe1ab91e5aed0852345691cf2da9d42a3b3bb1585655fc
chr22_100_guide_041	columba	timing	measured_2	2	0	0.706147	0.369807	0.187219	290412	1	3e8108b8109dce3b65881841a62543e3eb3ba821fff9bc76b9b5e43ac8c75d77	30d5bd1a2fd8f421e7be29640f109fecf4e022892dc5732c56ef1b76e1f5233b
chr22_100_guide_042	columba	timing	measured_2	2	0	0.655168	0.361960	0.193039	290364	1	5924fcb39f9667884df027edda8f627478be6271057a2d69844c736321e3169f	e3b0c44298fc1c149afbf4c8996fb92427ae41e4649b934ca495991b7852b855
chr22_100_guide_043	columba	timing	measured_2	2	0	0.705098	0.350993	0.208819	290396	2	453049c36d105d5fc369042ca0ab1a96b8b895a916b5c2f187ec168c02aae659	6a4a76d7576dcdf483edf9f4bfebf4e97bedcea9c2681ce642817147f17c17a9
chr22_100_guide_044	columba	timing	measured_2	2	0	0.705962	0.398535	0.194273	290168	2	4f1d85930718319dee2874ba1c96e3f8e80885b044e2550d9d3285234eb16d34	ac80b04a88870303112f4ee98ea5b95636d0b8b35af5c52fb77c23238f1648db
chr22_100_guide_045	columba	timing	measured_2	2	0	0.605599	0.381397	0.178175	290356	1	7e528a989c31c40be279492b74efb2b32bbafcb76168ffa5ecf4da003dd2852c	dd567e27451842465f72c8df72e5b23a60f4533474e55b65999ba98af50e5e25
chr22_100_guide_046	columba	timing	measured_2	2	0	0.605770	0.368451	0.180687	290284	1	714554ca8eac6dff9bf1ea7bcd982ded36f466eaa79bea00a33e12ff4252393b	32b0fdb408a245e8ea00a9e3729e5f81f9093394a9fdef4348318ec666ad1e55
chr22_100_guide_047	columba	timing	measured_2	2	0	0.605768	0.331441	0.190344	290248	1	ca51411298336dbdfe2d1022ed02e74028dfbcd2e0e397a8224fce4f6017af72	b76583d8074d81b6123010653d515a4ff97310c43c5bf08081014d9154db7606
chr22_100_guide_048	columba	timing	measured_2	2	0	0.605760	0.396694	0.152820	290644	1	bc3b9f3f86cc8bbd34d0a114947da783ee284f28a9a17754f8b3028fd08951a9	e3b0c44298fc1c149afbf4c8996fb92427ae41e4649b934ca495991b7852b855
chr22_100_guide_049	columba	timing	measured_2	2	0	0.605980	0.336776	0.196155	290368	3	00230428f6d63582ec60d092b6bc6c689bf77cb21e9480a627f5e8c16d0dc979	42d1ec48cb0493956d77fad00767b6c2fed5e28ca7790d50779e46dd1957fd55
chr22_100_guide_050	columba	timing	measured_2	2	0	0.906615	0.453732	0.241355	290560	80	a3962782031d7a99caa2c5378ed324dd3f3d615a63e3f3246b35b7371cee0cde	76defb6e40a3b8e0ecc76033ed3e6b9c80b03fa159050eccc782c7a714c2d894
chr22_100_guide_051	columba	timing	measured_2	2	0	0.705656	0.446338	0.173726	290500	1	14ef5eacd0519bf8d6f3f1e421b2147ce2cef2d89992ac6bc3c0c6493049fd6f	b3f77e03add0f929849c64c186a0f6ee8168522805e29a074a8498ff01f34924
chr22_100_guide_052	columba	timing	measured_2	2	0	0.555477	0.360040	0.158187	290324	1	b743dcf20b0f8a4d8e1a343b97d48c58a0bc7fc4d1bb2a983a38d2078d740fcd	2948117454b190d6eeeaca3bc94a2bf5793d77da14d80a9f2def8405cee8a845
chr22_100_guide_053	columba	timing	measured_2	2	0	0.604811	0.332545	0.196723	292580	1	7f92fd7dddc708c2b3ec905f92a74e766b81d6ff9eaf13b4dc9c11ff5e96767a	eb38c77d3364d29cf9b4a0c82bd850e49266e1046930de12097b9d1d6f671ebe
chr22_100_guide_054	columba	timing	measured_2	2	0	0.655107	0.430773	0.150118	290324	14	d9abcf3e269963d774edd15ecfe3248bb12de76053f6fba41a9ca58879ce535c	62cdbb700ac6e400eb15d3c313f1c22cd0466e5941035e515b9a58218cbfa7d7
chr22_100_guide_055	columba	timing	measured_2	2	0	0.555225	0.361736	0.128389	290332	1	a3d6cd5055990fc10a7f55f785689720f3a06133f1b0f4568f98749ce2751038	cbf8fe25e09218949637c014c44b0ac6c41b7c9311afed997f16260a3c1fbf6a
chr22_100_guide_056	columba	timing	measured_2	2	0	0.605251	0.345939	0.181352	290496	1	4a6cdc3b90d2775c2496444fab6f836151cd422ec2c82a9bf758cde5414f2417	e3b0c44298fc1c149afbf4c8996fb92427ae41e4649b934ca495991b7852b855
chr22_100_guide_057	columba	timing	measured_2	2	0	1.257695	0.673382	0.290574	290752	587	783a46d43d98318f821fc86b8be9e506027471318fc62ea5c629dfb1aca5a195	62403cc55bceb18e3f7dc799bae6212084c8fd72be3b5f839029a386d7c94f53
chr22_100_guide_058	columba	timing	measured_2	2	0	0.554382	0.346030	0.141043	290476	1	b7517a16df61180265ec10a20cb33a003c3ea568992073591f20e96d81391119	b52ea0dac91d497aaec6f642a08329c4472b1d235792c856330e28a7c0b02c57
chr22_100_guide_059	columba	timing	measured_2	2	0	0.554240	0.327110	0.158190	290392	1	a6e8f7dbe8440152b018e778c86e594c220662576f7388bf74086116bfb557b5	0125d3c4984bdc22f6fcb221414dd3900ca99fecfcf592d4992e3000caf67fe4
chr22_100_guide_060	columba	timing	measured_2	2	0	0.504160	0.348627	0.136336	290408	1	96bacc0c5f62f5ee3cb64d6560e882e64673267447e8714383a4ab744f1c99a8	ccbb31fe1ebb9328fe27201916e87bd7c24b711b7b0b063a7f477755fe73cf70
chr22_100_guide_061	columba	timing	measured_2	2	0	0.554960	0.343395	0.140233	290376	1	9246314add68bcb309196485353ca32264aa9d97b65d40e3825659e7fa9e07c5	12cf0f82ebccaab6f5456eda16e6f1aa1c8c09e0e0b6bfe076d282d5294656c8
chr22_100_guide_062	columba	timing	measured_2	2	0	0.554278	0.357154	0.116450	291012	1	4832e7aa711ccdac22496f6cb8a979eec30369c372fca1b6aba1e3edfb12e8a1	e3b0c44298fc1c149afbf4c8996fb92427ae41e4649b934ca495991b7852b855
chr22_100_guide_063	columba	timing	measured_2	2	0	0.555705	0.353157	0.152487	290296	1	c4ca7ddc636638d7005d3e187756ba84185296e1c2585b41d0a7a856e2606213	696e651629a088ed51fa18bf92752b7cebcc5231944eb0da133c1b9ea7800ae7
chr22_100_guide_064	columba	timing	measured_2	2	0	0.555808	0.338224	0.142391	290212	1	b38f02456f345d872287da7f74b53691b169eb255cc35d11d103c308c700d2eb	80ee862860c0660e526ecb32b831aefab1ec8d289bb9d77c6b7b292513f4e728
chr22_100_guide_065	columba	timing	measured_2	2	0	0.504399	0.334648	0.141206	292372	1	4a6f7a313e251182f276be210f99075cb7bfa5275fa278d132ac27df6e713db1	e3b0c44298fc1c149afbf4c8996fb92427ae41e4649b934ca495991b7852b855
chr22_100_guide_066	columba	timing	measured_2	2	0	0.504389	0.334327	0.136920	290436	1	4802296ebbba9922a4ece696902be06427691049808ba406ed873a9a4a219f9c	5f467778f752a1aaed5df46d05a9a1b73450c302e12b8f1f7e33ddf845f2077e
chr22_100_guide_067	columba	timing	measured_2	2	0	0.554359	0.358864	0.121098	290480	1	0229a4fc79d3d37ddda05a4910899ff60fcd29aa41d3690d08b235deae1dd329	53b771ffaca11cb96d720daf7c16129376f1614689ba28d188fa0d0308cc5d07
chr22_100_guide_068	columba	timing	measured_2	2	0	0.504843	0.343794	0.134948	290488	2	d39c5b6762aa09453e14f55e106ab300ceb4955ee3d73b381937cbf2220ed042	fc6bbc4c65e692473cbf32ff151557635e2d1dd99e4b69c5ee3da000a109cea9
chr22_100_guide_069	columba	timing	measured_2	2	0	0.555335	0.355889	0.132168	290400	1	77885b288a794217926cbdc3f9557271a5584ca0a3525a33368ba9dfa0f79c36	5d430161443a2a46da19dfd91300b023436381d8acde81bd4858cc16663951ac
chr22_100_guide_070	columba	timing	measured_2	2	0	0.656044	0.429490	0.162802	290208	1	555a66e1753526673117e366fb233c844df0cfc38a64971866528e20e52f4ca2	daf225fd739240830663f4f6fa1add420c3d409ae734e31ecd3e9a98f65456bd
chr22_100_guide_071	columba	timing	measured_2	2	0	0.604878	0.373993	0.191259	290228	1	db50066ab5215e0ab40715d3e84c765c47977eb5d92e2f74fef9a37ee0c19f96	e3b0c44298fc1c149afbf4c8996fb92427ae41e4649b934ca495991b7852b855
chr22_100_guide_072	columba	timing	measured_2	2	0	0.606099	0.342651	0.194401	290288	1	a7389bd954eaa7a8f7c3e448a2ff3a3f4ef011b680d833fad933fd884d099eca	9b7501725ac0e846ebbf11d00696dd347ff96cf1e9b93286935af165a5a8fa66
chr22_100_guide_073	columba	timing	measured_2	2	0	0.604952	0.327987	0.199221	290588	1	850390cf00e784716c531f5e64380876ff07596af289e7ba34bc096bff075ecc	f44e84d998c57621965bbb72ae37ec201bf3185e3f28563924ad182f849d8046
chr22_100_guide_074	columba	timing	measured_2	2	0	0.871463	0.459235	0.242445	292748	15	97f0d8858f903bcb6a054b2a856681ae3d750161733d345ff4336bfc33819503	47727314b57ea803c5a3fa2d696319a895d425c026877c7342ec66d95555ff9d
chr22_100_guide_075	columba	timing	measured_2	2	0	0.857242	0.439992	0.228389	290588	690	2354f825ce61636eff2ebd9b9f04785099b672e2778924a5bfbd006333613cf6	7e96804198e52de0cf9624d7983a3fce1c16d78c3101a89c4b2d30f13556ce60
chr22_100_guide_076	columba	timing	measured_2	2	0	1.208625	0.644421	0.254017	290688	38	ca302eb1021b149cad0aa565a08684a3f95b4dc2d440c7d21ea5b8af132306eb	1486cd8c9af853f27a3bc3677c2cd49263a916b45c25f5b4df6be61b5d3536f6
chr22_100_guide_077	columba	timing	measured_2	2	0	0.555109	0.345102	0.146804	290236	1	e3869c3952dd0b0eb3e37141b1040c6f25b82c4e398011436f2219c75f8febe8	b9c553e0ccfe2ce660998762584c8775fddbac678c08f7828037c9b6239ea576
chr22_100_guide_078	columba	timing	measured_2	2	0	0.605415	0.344164	0.180467	290836	1	b32f95b3659bdf5efde0a545c93605a84811e1f51637e98948f88b66e0c918a9	e3b0c44298fc1c149afbf4c8996fb92427ae41e4649b934ca495991b7852b855
chr22_100_guide_079	columba	timing	measured_2	2	0	0.555267	0.328992	0.192986	290496	1	3719b9c87eb26bae46571444132aecd72ec6971081ed8592128ac8081655f637	ba8e3024a8dbd3ab92f3c3efd62af4339a44a56f1d02bd2d31d752a8b26c0e77
chr22_100_guide_080	columba	timing	measured_2	2	0	0.605494	0.349818	0.163833	290380	1	5c9d989f365df1d424483a28cbc77093b089ff7ebee8cd46972f309ff0b6db17	2f17411719ddcf823a39fa8532b48978e18ea71b4f65cc71e1b1d51840c18def
chr22_100_guide_081	columba	timing	measured_2	2	0	0.554511	0.354105	0.150112	290436	1	60f8b2bdc588b6b13527c78acc609879caa8defea9c72ada132dee63d52ad9bf	e3b0c44298fc1c149afbf4c8996fb92427ae41e4649b934ca495991b7852b855
chr22_100_guide_082	columba	timing	measured_2	2	0	0.593988	0.362416	0.138451	290508	1	8aa0d629b648d54d65dead9f626b4f79b04416d14abcb761ce6f8afd4c8d5a02	e3b0c44298fc1c149afbf4c8996fb92427ae41e4649b934ca495991b7852b855
chr22_100_guide_083	columba	timing	measured_2	2	0	0.567408	0.327008	0.179697	290316	1	1da030b92202db00fdf4fa746fa0de1c56a74c6415d7abf8e6e634730c0990ca	e8d6de60c3ba05b27001c144755f4d3ad082de5cdf0fdf5e9cf6b7717422195e
chr22_100_guide_084	columba	timing	measured_2	2	0	1.108170	0.552542	0.273966	290748	59	85f162921bfeefc97d3de55dbe3f97c5f8f6192ca4eb2dd40a561a137aa14173	5b15e8ffd7e3dbd341b4575d46e2dae3dfaa6a747317a1348b5b7768a37886c9
chr22_100_guide_085	columba	timing	measured_2	2	0	0.556153	0.348951	0.152552	290376	1	886f21508ef43139da65b3307d412b9c43af12390fb60b152be51f2961337117	e3b0c44298fc1c149afbf4c8996fb92427ae41e4649b934ca495991b7852b855
chr22_100_guide_086	columba	timing	measured_2	2	0	0.605417	0.350950	0.200398	290232	1	b49d937c3f713b95c07b0df4983659c5531f5062b2c8b309c93edf95c5d33253	fe8b505978787bbd7a6d3b5268bab52bb800793326eda2f064520359431dd393
chr22_100_guide_087	columba	timing	measured_2	2	0	1.008635	0.560629	0.248572	290372	5	7299c25e9e9229b69fae4918dbd7a3d10cf292aa3a5ae9e727231b52918c4ec1	e022cf39cf254e9d5e76a228fc4449c3751d849c1fa8e8eb5b7d348ead9de8a8
chr22_100_guide_088	columba	timing	measured_2	2	0	0.605196	0.361246	0.160681	290348	1	7b9ea615f9aa7e046adebd0e63adf8ebdc63c09e2a683a13ae5b9e9457fd8152	000abe2ead510b1e81f85058fe4a2422bdd56dfa268e082b10ff250075738f0e
chr22_100_guide_089	columba	timing	measured_2	2	0	0.554829	0.339585	0.152306	290408	1	790719bd8847db6a942f261864ea37c0ec15f7a4f400e0bd1eaf31a8e659f354	5747958b98329bf390adcb88fe0c55df552279978269e4428317edf8497c35fb
chr22_100_guide_090	columba	timing	measured_2	2	0	0.554624	0.350623	0.153299	290360	1	af0e7d04b9032b6ba55a507cdc6196da5e7f3adbce117a38bb6ba2d2fb078cba	bb969d4b02ddd34c284543e306e202b2336d7575aa86daa3e6466757c09fd92b
chr22_100_guide_091	columba	timing	measured_2	2	0	0.605126	0.362318	0.168266	290364	2	cf53e5c0ba2549b95ad7cc66f6caa57165a2d7ef971b8448816c1f5189dcba42	99ee76e9b64774c9369be8a6f72c896db95e3888b9d30ddcbc455b25e12e4601
chr22_100_guide_092	columba	timing	measured_2	2	0	0.656517	0.436123	0.170300	292364	1	36dc22934c7c02b9c1a4043e7fa71e9fab23fac626842ee0233fa0a19e8a4d8d	f9edfd1414c172b5a32e647be62f7efb9a1867b2825caa326cd197691299ad06
chr22_100_guide_093	columba	timing	measured_2	2	0	0.656410	0.446383	0.152839	290532	1	7c248ba9765e06499bdbdd56fa063150392f57bbcf49d7273e7a34148cb2a14e	cb99cf2cb5c76fa9de96c7d214883bdebf51068c4cfea4bec3c2c4a8fda8efb1
chr22_100_guide_094	columba	timing	measured_2	2	0	0.604481	0.347072	0.182704	290216	1	b129ef3c4f85946c1752fcdec67457fbfa137faf10c495dcfb79020726f0093a	e3b0c44298fc1c149afbf4c8996fb92427ae41e4649b934ca495991b7852b855
chr22_100_guide_095	columba	timing	measured_2	2	0	0.605808	0.352402	0.166507	290500	2	72cfccdb732c7f835e82aebb76ca4186954ee044989d4d3f165c230249e1ab41	8dd8d8e768aa6c5cd7d90852728b3841c27aebb8dbde3dfbf7f30997ce15d157
chr22_100_guide_096	columba	timing	measured_2	2	0	0.605619	0.361432	0.156549	290376	1	66356638d350f202a4fc3653512e2eb61d180a210d3b4874237620fdd88f45ac	96e1dce767526b5e03b01ea34764f33de2e58653d775c70a8355e05d5d77a707
chr22_100_guide_097	columba	timing	measured_2	2	0	0.554459	0.337171	0.162022	290960	1	ec3317eca52cb313be8b742bd84d70d8e9f8f3d3a8dfda83e632d9ec5b3e7472	c34143c4b66ce37c239db5fc991d73357da56a527f237f74e6df9d61bb22831f
chr22_100_guide_098	columba	timing	measured_2	2	0	0.655035	0.407740	0.160646	290168	9	6803cc83cccde78136058d3d854eb89cc05eab1188efe7c0cabebb43cb9eb17d	86060c0d0ba22165d0282d1cf92bc8afade2100bd1def809b1f81bb96b9678e3
chr22_100_guide_099	columba	timing	measured_2	2	0	0.805228	0.351282	0.148082	290376	4	1fd7872322173d0504d0c832d225fc1f16e4c6a2d976d3c96de80baf41629173	8b7f11de3ad2254629636c6d8342d71050f8c150a04e6c52ecefb6984e7ab6b5
chr22_100_guide_100	columba	timing	measured_2	2	0	0.555262	0.364025	0.147900	290212	2	4bb6e4f08a7316ba26ec3e6f894f79070071b55d78d6c1605a50035d0a1d9c79	43c575a7c9c47d3164a453eb851e84a8842b01388a4b2fe7c9503045ddc887e0
chr22_100_guide_001	columba	timing	measured_3	2	0	0.555013	0.336642	0.174487	290276	2	c788efd23026646b4da4b4a94736bffdb6646d5bb82e63ef3b54d008d2d7f496	5e6212673189b137868af231f3f49365db18929fbdc4915f13b52a1622522dba
chr22_100_guide_002	columba	timing	measured_3	2	0	0.806593	0.449567	0.222585	290280	21	f0937d09b482433febb72a3aa2951bd7a1099c3bb5c4e6ae5d7f40f51dfaf291	e925e6374c2b14f26ce352338d241501af5403cd20c2f7a0a66a7ff0957a82b9
chr22_100_guide_003	columba	timing	measured_3	2	0	0.706543	0.430388	0.156878	290548	856	ccc3d3b80ed309cc947744aeb419da762bf360cf65ee8f19caf6d89ef8540bb4	a0f43a78ac495168b63dc33958a840d4b629f46bd21e5ea36ebe2fd81ed8e956
chr22_100_guide_004	columba	timing	measured_3	2	0	0.705719	0.450001	0.150677	290400	1	691ce0260ac4ff8426decb079b6ec2efdf4680b3abaced64e9143840bccb9552	a4c7fcea839152b57f9d48000d08a15502fd89d0fd27949928e5d265dda849b7
chr22_100_guide_005	columba	timing	measured_3	2	0	0.554144	0.316343	0.152082	290412	1	95686fb2b7a30116b7ae2cc467351eaaf4c6f25cab6f6b7bc6dcc05f1c409532	011f515d83cd8b0bf4648cfa3d329bea0cb2939a7aabcbf319c9ccbd2ece994c
chr22_100_guide_006	columba	timing	measured_3	2	0	2.615039	1.123115	0.547679	291584	4	b8cc43f743b2bf2f0e12fa535de856dec45a7e724e169b206e17e024502350b1	9739780944683faaa4ef3f313f816b862f341378b37d0ab5c6f2f11c524f85ce
chr22_100_guide_007	columba	timing	measured_3	2	0	2.512408	0.563972	0.266011	290588	77	4ed0f166306be29e52512f6850c1b990c122568bfe38464c457a9cbc3cafab14	501f5c6c5e8d62ad0a7602fffd723666195a02b48240223d6a623d2bf75bc9d7
chr22_100_guide_008	columba	timing	measured_3	2	0	0.655966	0.357490	0.178866	290388	70	2525d9e467b0e235d87fec363306eb39498ebdd905157b97f69a01938142d417	587b33ffa851be62124e858db10a3ce0555e1fef7b9faa94a47115a7bf569d6a
chr22_100_guide_009	columba	timing	measured_3	2	0	0.655302	0.347345	0.167694	290184	4	958d7bb0d2bcce37cafabe02cb7bcd2515a249ee7abef00a06c7ca69afbeddfd	b26403da3df85946d6c7931e54a923877597a6d21517a6786edcfb4f3a684c5d
chr22_100_guide_010	columba	timing	measured_3	2	0	0.806921	0.364676	0.270003	290352	25	bbff78e8edf6476d0dd0cdd76f512cb705b72cd1e357220e1a380dbd5cb5874e	8283bb72468ef0f7298ae906c23d010c0d48c6574a33364a533179130f8c4875
chr22_100_guide_011	columba	timing	measured_3	2	0	0.605466	0.391777	0.154161	290344	21	ec592648254199539685feee5357d093e2e1ec0b8ee82c9ce1e89057db95c2aa	e3b0c44298fc1c149afbf4c8996fb92427ae41e4649b934ca495991b7852b855
chr22_100_guide_012	columba	timing	measured_3	2	0	0.504501	0.335733	0.134594	290532	8	9b00eaabadec78eddf839955f38b2c49038c64b495db9fc7cba00a4c5b16c2fd	e3b0c44298fc1c149afbf4c8996fb92427ae41e4649b934ca495991b7852b855
chr22_100_guide_013	columba	timing	measured_3	2	0	0.605141	0.394845	0.137158	290316	3	14d007c41b3efc0f49a5e3c8b2c1afbdbbf6448965f329277343a75661f62b72	e6ce59b275084995153a3e9c40a4958a8a70855f475daac144376dd269a555ec
chr22_100_guide_014	columba	timing	measured_3	2	0	0.554744	0.358342	0.152543	290216	193	18fa726a0532763a6a720243b5476e8492d4a0e21d88972a1590a5cc86c18f36	738f0679665e7cbee0e7647775b7e47573cdbc33c7d7463d5c01f8c75b0b7b5f
chr22_100_guide_015	columba	timing	measured_3	2	0	3.568299	1.278527	0.652898	291828	121	14607790ed2c2aa20854f98797286082d4f4e662c4918ba18d80b5c7cabdc3a3	42f93d194038db849260c18f78fe52cdc58775b7f60fd7a14fdf15a6b1f00b50
chr22_100_guide_016	columba	timing	measured_3	2	0	0.604920	0.338600	0.151452	290372	1	664ca84d364b11b722ac1aa282d988cb26faa580c3801fc71e980d0a2785483d	647a3c26fb0f04ad019100c4ab0390ab87ed5c84aadfe7a252bca70b1e3bd96d
chr22_100_guide_017	columba	timing	measured_3	2	0	2.062167	0.933109	0.467442	291224	65	443c9733648206d43672a968d8e97952afd65a9f31ce05d9d0565f64b1ea8a38	34e2228fdcbf823acbc1cf9a4520426f2726ceee2e2c487a482723b0e27f4c06
chr22_100_guide_018	columba	timing	measured_3	2	0	0.704717	0.391725	0.172653	290304	2	5c632dfc921b715b635c61d386497b7131eb4348bb520ea4a5cd13ab53ef1e7a	23e8f4ffff162fdc2e25089c32203c22ccb5ac9c66770c9b5d4a6408cc154ffb
chr22_100_guide_019	columba	timing	measured_3	2	0	0.705079	0.403248	0.169322	290324	1	6cdd7ce54810d5bc4f6f9e343cba7e89b5868d4aa230081223fa53049a31ac4f	dc56e723a41ad2b033072b1d35240963852ef67de09ef8478a44d1daa4a0e78a
chr22_100_guide_020	columba	timing	measured_3	2	0	0.756358	0.457889	0.189779	290404	7	e201d7cfc5ec4a9979af6c9a236130b8f36d6e0e4dcfef596b106dbc39010303	b458b467a03688a50351b56d6e3c449c56ad4edc944351aafb91ac49def2d89e
chr22_100_guide_021	columba	timing	measured_3	2	0	0.555102	0.348627	0.155302	290432	1	70d3142b6438b2233c1a63a2ac833233a13a2d75bf75339f1fccaff2fa81b453	d56d96fe98b333f362ee9bd6376532e8bc00f0bfcb42456116b5b2cd748bb70d
chr22_100_guide_022	columba	timing	measured_3	2	0	2.365190	1.042829	0.581027	291284	1	6b72b7d58a6bb9700568183d8342e8f3bc79c45ffa1f7e46c161effbf9985c5d	1bdc42a6859b8b52c1db369907a7439fdf814d31ad0591c6948691ed396edcd1
chr22_100_guide_023	columba	timing	measured_3	2	0	0.605432	0.348857	0.210206	292896	149	5664c285cf2f5ae0137ca1a22d1cb40e7231faecf6a27ae4223e67a75ccdd033	94dca88f98f958fa1bf19db4e20642e9042142e03f3cac411aff6176a087ef1e
chr22_100_guide_024	columba	timing	measured_3	2	0	0.821384	0.473603	0.163738	290224	2	bcee63120e7a1ad9985f53ede79aec2d8e27e6be8190904374c9bd2675cce1d4	20e0d047a90eb941c28e7c3eadd3682e2d2baa7519ca17df715655ce2d25a138
chr22_100_guide_025	columba	timing	measured_3	2	0	2.865503	1.253215	0.637130	292040	3309	2bcf3c36d3005ad0fb22c942310e9ac2be633eecc1be15596d48b67e278c7fd2	bbeec566678f9402686af8dfc82c742950a8cca1a8132401323a9ab6a130af25
chr22_100_guide_026	columba	timing	measured_3	2	0	2.766728	1.164962	0.701050	291692	64	74ee2057f2511f0387c90decf264283593386e47d9b30347bc9921ddcc60dd17	24451543d4981af6965232fc89a42aae084c85b1effd413db55357f5b81b7551
chr22_100_guide_027	columba	timing	measured_3	2	0	0.555065	0.328588	0.187901	290276	2	a7610eb051e87a34826545d10fcf8102943e8611a97a657a33ec94ff2afe4c13	ca6032de9107568e011efa775fb138933bc1f4163d835edc39d12e948093dfde
chr22_100_guide_028	columba	timing	measured_3	2	0	0.655396	0.377453	0.197557	290596	2001	01e49abccf673768fbd38172e9592aef60a9ffa738fefa147d463cc2893ff852	6ab1cb25283fe19a6bfd4fcd5c48da2d87969a73970cab771254caf7f66a6287
chr22_100_guide_029	columba	timing	measured_3	2	0	0.705372	0.406215	0.155392	290452	1862	023a0db1667cffab02ece840deaeba274e313dbe75e80a569d4eb1e108049a70	d4e0a36311e4ca8e67b4e69d062e253606ee8ba50c03ffb98d71774fa810bdfb
chr22_100_guide_030	columba	timing	measured_3	2	0	1.519244	0.723606	0.410180	292080	2155	d29f1e6c8cefac25b1c219eeb22083b707ccd515357f995e1d890f815157db21	2438973516059989d2cd3180bc4fb2a1b25b52a873009a27bebbfc598f668a22
chr22_100_guide_031	columba	timing	measured_3	2	0	1.761340	0.817979	0.416512	290988	2	5d5573821365e7bc8b578e4c8587ad85cc0ce7e73cc826859074ffc07c945a42	6d757fd7aeea9c62de2f65f7620c111ca2fee818c410d59cbc0beeac17789d75
chr22_100_guide_032	columba	timing	measured_3	2	0	0.554615	0.362425	0.150255	290292	1	c25a6440be62186e25b0f165358d0d0900b923751f80af6ee5c27f0f29a85af6	5bcc52812e3cd79f2c949096180d3f1ac01ae06d29eea04285bba87168ded8f9
chr22_100_guide_033	columba	timing	measured_3	2	0	0.605416	0.339890	0.130431	290404	1	0effc63d85fa97f691908ce0321ab857ae6f08fabd2480f35c83ff81e76c9f0e	6be499e878bb8835b2d0095d754911ca511e88d92eb98ee972ab04a1f8c00a0b
chr22_100_guide_034	columba	timing	measured_3	2	0	0.554368	0.342517	0.145069	290528	1	b799f84402b88ca7eda644ce1b5b5eb56c02b09c04d62fc51c4c70dc76c6b583	4f6dc5b5a164eea9ba79b4a4c7ee686bbb2ef32b24b407949991d9e320496ddb
chr22_100_guide_035	columba	timing	measured_3	2	0	0.657584	0.401626	0.145816	290476	10	26e2eb81897f587da39402739a7f851313f0bf1adff27623b341a24f6d65d55b	99ec977a326ca10c3e115b1ced26f639f311e55f5d55485ff6a9c48c4655ed96
chr22_100_guide_036	columba	timing	measured_3	2	0	0.555267	0.325021	0.190654	290564	1	d902219eeefe3ff64202f082d0493776f51eb4ff2b0f1167c0e670f923533dc4	561879fe16bf8d8d845615014aafa1348557dc2b653402bc983228fe11f91985
chr22_100_guide_037	columba	timing	measured_3	2	0	0.555238	0.354576	0.155516	290480	1	87a59470956d0b27daf38e5e39ded5e150cdea0e868b3bb38ed13ec71694f010	e3b0c44298fc1c149afbf4c8996fb92427ae41e4649b934ca495991b7852b855
chr22_100_guide_038	columba	timing	measured_3	2	0	0.605829	0.351046	0.187040	290416	1	029b4bae64ebbe3decac5715b992bb89ceb0731276cd7cd8566eaca4250537b4	d19c36693df71437a3e971b04638d4c55f47a0d94d8887a1c6ebbec6f71e8046
chr22_100_guide_039	columba	timing	measured_3	2	0	0.606004	0.357336	0.163739	290348	1	a699d8af011bf9deb858b41d0fae396d8cff7641f7f0fffbf757531340e4d266	e3b0c44298fc1c149afbf4c8996fb92427ae41e4649b934ca495991b7852b855
chr22_100_guide_040	columba	timing	measured_3	2	0	0.555247	0.339159	0.159384	290376	1	4390a33a35b7293befeadb9fa60eb9d4727d057633aeb9a93007f6581228ca97	7e3c0298e47ada9502fe1ab91e5aed0852345691cf2da9d42a3b3bb1585655fc
chr22_100_guide_041	columba	timing	measured_3	2	0	0.554627	0.361576	0.132565	290384	1	3e8108b8109dce3b65881841a62543e3eb3ba821fff9bc76b9b5e43ac8c75d77	30d5bd1a2fd8f421e7be29640f109fecf4e022892dc5732c56ef1b76e1f5233b
chr22_100_guide_042	columba	timing	measured_3	2	0	0.578664	0.339822	0.150527	290548	1	5924fcb39f9667884df027edda8f627478be6271057a2d69844c736321e3169f	e3b0c44298fc1c149afbf4c8996fb92427ae41e4649b934ca495991b7852b855
chr22_100_guide_043	columba	timing	measured_3	2	0	0.630930	0.383629	0.160206	290380	2	453049c36d105d5fc369042ca0ab1a96b8b895a916b5c2f187ec168c02aae659	6a4a76d7576dcdf483edf9f4bfebf4e97bedcea9c2681ce642817147f17c17a9
chr22_100_guide_044	columba	timing	measured_3	2	0	0.655069	0.385153	0.188845	290504	2	4f1d85930718319dee2874ba1c96e3f8e80885b044e2550d9d3285234eb16d34	ac80b04a88870303112f4ee98ea5b95636d0b8b35af5c52fb77c23238f1648db
chr22_100_guide_045	columba	timing	measured_3	2	0	0.605425	0.394267	0.136250	290404	1	7e528a989c31c40be279492b74efb2b32bbafcb76168ffa5ecf4da003dd2852c	dd567e27451842465f72c8df72e5b23a60f4533474e55b65999ba98af50e5e25
chr22_100_guide_046	columba	timing	measured_3	2	0	0.705536	0.370766	0.178025	290552	1	714554ca8eac6dff9bf1ea7bcd982ded36f466eaa79bea00a33e12ff4252393b	32b0fdb408a245e8ea00a9e3729e5f81f9093394a9fdef4348318ec666ad1e55
chr22_100_guide_047	columba	timing	measured_3	2	0	0.656271	0.417948	0.165791	290776	1	ca51411298336dbdfe2d1022ed02e74028dfbcd2e0e397a8224fce4f6017af72	b76583d8074d81b6123010653d515a4ff97310c43c5bf08081014d9154db7606
chr22_100_guide_048	columba	timing	measured_3	2	0	0.604571	0.364752	0.160421	290360	1	bc3b9f3f86cc8bbd34d0a114947da783ee284f28a9a17754f8b3028fd08951a9	e3b0c44298fc1c149afbf4c8996fb92427ae41e4649b934ca495991b7852b855
chr22_100_guide_049	columba	timing	measured_3	2	0	0.606175	0.368045	0.180297	290304	3	00230428f6d63582ec60d092b6bc6c689bf77cb21e9480a627f5e8c16d0dc979	42d1ec48cb0493956d77fad00767b6c2fed5e28ca7790d50779e46dd1957fd55
chr22_100_guide_050	columba	timing	measured_3	2	0	0.856511	0.460759	0.235365	290524	80	a3962782031d7a99caa2c5378ed324dd3f3d615a63e3f3246b35b7371cee0cde	76defb6e40a3b8e0ecc76033ed3e6b9c80b03fa159050eccc782c7a714c2d894
chr22_100_guide_051	columba	timing	measured_3	2	0	0.605498	0.380859	0.149549	290300	1	14ef5eacd0519bf8d6f3f1e421b2147ce2cef2d89992ac6bc3c0c6493049fd6f	b3f77e03add0f929849c64c186a0f6ee8168522805e29a074a8498ff01f34924
chr22_100_guide_052	columba	timing	measured_3	2	0	0.655744	0.354803	0.163415	290436	1	b743dcf20b0f8a4d8e1a343b97d48c58a0bc7fc4d1bb2a983a38d2078d740fcd	2948117454b190d6eeeaca3bc94a2bf5793d77da14d80a9f2def8405cee8a845
chr22_100_guide_053	columba	timing	measured_3	2	0	0.655520	0.405717	0.173950	290332	1	7f92fd7dddc708c2b3ec905f92a74e766b81d6ff9eaf13b4dc9c11ff5e96767a	eb38c77d3364d29cf9b4a0c82bd850e49266e1046930de12097b9d1d6f671ebe
chr22_100_guide_054	columba	timing	measured_3	2	0	0.656149	0.396633	0.152075	290416	14	d9abcf3e269963d774edd15ecfe3248bb12de76053f6fba41a9ca58879ce535c	62cdbb700ac6e400eb15d3c313f1c22cd0466e5941035e515b9a58218cbfa7d7
chr22_100_guide_055	columba	timing	measured_3	2	0	0.604819	0.369564	0.166343	290496	1	a3d6cd5055990fc10a7f55f785689720f3a06133f1b0f4568f98749ce2751038	cbf8fe25e09218949637c014c44b0ac6c41b7c9311afed997f16260a3c1fbf6a
chr22_100_guide_056	columba	timing	measured_3	2	0	0.555003	0.333325	0.173868	290384	1	4a6cdc3b90d2775c2496444fab6f836151cd422ec2c82a9bf758cde5414f2417	e3b0c44298fc1c149afbf4c8996fb92427ae41e4649b934ca495991b7852b855
chr22_100_guide_057	columba	timing	measured_3	2	0	1.358609	0.687539	0.298507	290920	587	783a46d43d98318f821fc86b8be9e506027471318fc62ea5c629dfb1aca5a195	62403cc55bceb18e3f7dc799bae6212084c8fd72be3b5f839029a386d7c94f53
chr22_100_guide_058	columba	timing	measured_3	2	0	0.906068	0.351067	0.145629	290456	1	b7517a16df61180265ec10a20cb33a003c3ea568992073591f20e96d81391119	b52ea0dac91d497aaec6f642a08329c4472b1d235792c856330e28a7c0b02c57
chr22_100_guide_059	columba	timing	measured_3	2	0	0.606028	0.397884	0.144891	290500	1	a6e8f7dbe8440152b018e778c86e594c220662576f7388bf74086116bfb557b5	0125d3c4984bdc22f6fcb221414dd3900ca99fecfcf592d4992e3000caf67fe4
chr22_100_guide_060	columba	timing	measured_3	2	0	0.554984	0.331299	0.158467	290300	1	96bacc0c5f62f5ee3cb64d6560e882e64673267447e8714383a4ab744f1c99a8	ccbb31fe1ebb9328fe27201916e87bd7c24b711b7b0b063a7f477755fe73cf70
chr22_100_guide_061	columba	timing	measured_3	2	0	0.605532	0.341455	0.193637	290452	1	9246314add68bcb309196485353ca32264aa9d97b65d40e3825659e7fa9e07c5	12cf0f82ebccaab6f5456eda16e6f1aa1c8c09e0e0b6bfe076d282d5294656c8
chr22_100_guide_062	columba	timing	measured_3	2	0	0.655389	0.426830	0.187314	290460	1	4832e7aa711ccdac22496f6cb8a979eec30369c372fca1b6aba1e3edfb12e8a1	e3b0c44298fc1c149afbf4c8996fb92427ae41e4649b934ca495991b7852b855
chr22_100_guide_063	columba	timing	measured_3	2	0	0.606267	0.367991	0.184630	290432	1	c4ca7ddc636638d7005d3e187756ba84185296e1c2585b41d0a7a856e2606213	696e651629a088ed51fa18bf92752b7cebcc5231944eb0da133c1b9ea7800ae7
chr22_100_guide_064	columba	timing	measured_3	2	0	0.605201	0.335039	0.190309	290432	1	b38f02456f345d872287da7f74b53691b169eb255cc35d11d103c308c700d2eb	80ee862860c0660e526ecb32b831aefab1ec8d289bb9d77c6b7b292513f4e728
chr22_100_guide_065	columba	timing	measured_3	2	0	0.555365	0.353582	0.135087	290300	1	4a6f7a313e251182f276be210f99075cb7bfa5275fa278d132ac27df6e713db1	e3b0c44298fc1c149afbf4c8996fb92427ae41e4649b934ca495991b7852b855
chr22_100_guide_066	columba	timing	measured_3	2	0	0.605050	0.367222	0.173979	290368	1	4802296ebbba9922a4ece696902be06427691049808ba406ed873a9a4a219f9c	5f467778f752a1aaed5df46d05a9a1b73450c302e12b8f1f7e33ddf845f2077e
chr22_100_guide_067	columba	timing	measured_3	2	0	0.605021	0.349280	0.180017	290404	1	0229a4fc79d3d37ddda05a4910899ff60fcd29aa41d3690d08b235deae1dd329	53b771ffaca11cb96d720daf7c16129376f1614689ba28d188fa0d0308cc5d07
chr22_100_guide_068	columba	timing	measured_3	2	0	0.554318	0.346506	0.156841	290176	2	d39c5b6762aa09453e14f55e106ab300ceb4955ee3d73b381937cbf2220ed042	fc6bbc4c65e692473cbf32ff151557635e2d1dd99e4b69c5ee3da000a109cea9
chr22_100_guide_069	columba	timing	measured_3	2	0	0.605050	0.374765	0.166976	290292	1	77885b288a794217926cbdc3f9557271a5584ca0a3525a33368ba9dfa0f79c36	5d430161443a2a46da19dfd91300b023436381d8acde81bd4858cc16663951ac
chr22_100_guide_070	columba	timing	measured_3	2	0	0.606270	0.391743	0.190152	290196	1	555a66e1753526673117e366fb233c844df0cfc38a64971866528e20e52f4ca2	daf225fd739240830663f4f6fa1add420c3d409ae734e31ecd3e9a98f65456bd
chr22_100_guide_071	columba	timing	measured_3	2	0	0.555376	0.368876	0.125537	290208	1	db50066ab5215e0ab40715d3e84c765c47977eb5d92e2f74fef9a37ee0c19f96	e3b0c44298fc1c149afbf4c8996fb92427ae41e4649b934ca495991b7852b855
chr22_100_guide_072	columba	timing	measured_3	2	0	0.504379	0.336854	0.129392	290464	1	a7389bd954eaa7a8f7c3e448a2ff3a3f4ef011b680d833fad933fd884d099eca	9b7501725ac0e846ebbf11d00696dd347ff96cf1e9b93286935af165a5a8fa66
chr22_100_guide_073	columba	timing	measured_3	2	0	0.555043	0.333513	0.148623	290192	1	850390cf00e784716c531f5e64380876ff07596af289e7ba34bc096bff075ecc	f44e84d998c57621965bbb72ae37ec201bf3185e3f28563924ad182f849d8046
chr22_100_guide_074	columba	timing	measured_3	2	0	0.907137	0.499493	0.229264	290532	15	97f0d8858f903bcb6a054b2a856681ae3d750161733d345ff4336bfc33819503	47727314b57ea803c5a3fa2d696319a895d425c026877c7342ec66d95555ff9d
chr22_100_guide_075	columba	timing	measured_3	2	0	0.856996	0.428252	0.239559	290536	690	2354f825ce61636eff2ebd9b9f04785099b672e2778924a5bfbd006333613cf6	7e96804198e52de0cf9624d7983a3fce1c16d78c3101a89c4b2d30f13556ce60
chr22_100_guide_076	columba	timing	measured_3	2	0	1.107180	0.611579	0.235301	290456	38	ca302eb1021b149cad0aa565a08684a3f95b4dc2d440c7d21ea5b8af132306eb	1486cd8c9af853f27a3bc3677c2cd49263a916b45c25f5b4df6be61b5d3536f6
chr22_100_guide_077	columba	timing	measured_3	2	0	2.863212	0.368704	0.116170	290240	1	e3869c3952dd0b0eb3e37141b1040c6f25b82c4e398011436f2219c75f8febe8	b9c553e0ccfe2ce660998762584c8775fddbac678c08f7828037c9b6239ea576
chr22_100_guide_078	columba	timing	measured_3	2	0	0.554914	0.321945	0.176977	290872	1	b32f95b3659bdf5efde0a545c93605a84811e1f51637e98948f88b66e0c918a9	e3b0c44298fc1c149afbf4c8996fb92427ae41e4649b934ca495991b7852b855
chr22_100_guide_079	columba	timing	measured_3	2	0	0.605361	0.374834	0.141547	290532	1	3719b9c87eb26bae46571444132aecd72ec6971081ed8592128ac8081655f637	ba8e3024a8dbd3ab92f3c3efd62af4339a44a56f1d02bd2d31d752a8b26c0e77
chr22_100_guide_080	columba	timing	measured_3	2	0	0.554674	0.345276	0.136743	290728	1	5c9d989f365df1d424483a28cbc77093b089ff7ebee8cd46972f309ff0b6db17	2f17411719ddcf823a39fa8532b48978e18ea71b4f65cc71e1b1d51840c18def
chr22_100_guide_081	columba	timing	measured_3	2	0	0.611909	0.379269	0.160327	290328	1	60f8b2bdc588b6b13527c78acc609879caa8defea9c72ada132dee63d52ad9bf	e3b0c44298fc1c149afbf4c8996fb92427ae41e4649b934ca495991b7852b855
chr22_100_guide_082	columba	timing	measured_3	2	0	0.554774	0.385245	0.137148	290252	1	8aa0d629b648d54d65dead9f626b4f79b04416d14abcb761ce6f8afd4c8d5a02	e3b0c44298fc1c149afbf4c8996fb92427ae41e4649b934ca495991b7852b855
chr22_100_guide_083	columba	timing	measured_3	2	0	0.554952	0.358619	0.141560	290504	1	1da030b92202db00fdf4fa746fa0de1c56a74c6415d7abf8e6e634730c0990ca	e8d6de60c3ba05b27001c144755f4d3ad082de5cdf0fdf5e9cf6b7717422195e
chr22_100_guide_084	columba	timing	measured_3	2	0	1.006667	0.510179	0.267186	290704	59	85f162921bfeefc97d3de55dbe3f97c5f8f6192ca4eb2dd40a561a137aa14173	5b15e8ffd7e3dbd341b4575d46e2dae3dfaa6a747317a1348b5b7768a37886c9
chr22_100_guide_085	columba	timing	measured_3	2	0	0.605490	0.375044	0.163292	290324	1	886f21508ef43139da65b3307d412b9c43af12390fb60b152be51f2961337117	e3b0c44298fc1c149afbf4c8996fb92427ae41e4649b934ca495991b7852b855
chr22_100_guide_086	columba	timing	measured_3	2	0	2.561071	0.343666	0.172268	290452	1	b49d937c3f713b95c07b0df4983659c5531f5062b2c8b309c93edf95c5d33253	fe8b505978787bbd7a6d3b5268bab52bb800793326eda2f064520359431dd393
chr22_100_guide_087	columba	timing	measured_3	2	0	3.015329	0.497914	0.204456	290516	5	7299c25e9e9229b69fae4918dbd7a3d10cf292aa3a5ae9e727231b52918c4ec1	e022cf39cf254e9d5e76a228fc4449c3751d849c1fa8e8eb5b7d348ead9de8a8
chr22_100_guide_088	columba	timing	measured_3	2	0	0.554931	0.362364	0.139468	290692	1	7b9ea615f9aa7e046adebd0e63adf8ebdc63c09e2a683a13ae5b9e9457fd8152	000abe2ead510b1e81f85058fe4a2422bdd56dfa268e082b10ff250075738f0e
chr22_100_guide_089	columba	timing	measured_3	2	0	0.604868	0.351547	0.176527	290144	1	790719bd8847db6a942f261864ea37c0ec15f7a4f400e0bd1eaf31a8e659f354	5747958b98329bf390adcb88fe0c55df552279978269e4428317edf8497c35fb
chr22_100_guide_090	columba	timing	measured_3	2	0	0.555687	0.329958	0.152609	290440	1	af0e7d04b9032b6ba55a507cdc6196da5e7f3adbce117a38bb6ba2d2fb078cba	bb969d4b02ddd34c284543e306e202b2336d7575aa86daa3e6466757c09fd92b
chr22_100_guide_091	columba	timing	measured_3	2	0	0.609939	0.389597	0.168043	290452	2	cf53e5c0ba2549b95ad7cc66f6caa57165a2d7ef971b8448816c1f5189dcba42	99ee76e9b64774c9369be8a6f72c896db95e3888b9d30ddcbc455b25e12e4601
chr22_100_guide_092	columba	timing	measured_3	2	0	0.605117	0.410976	0.152831	290352	1	36dc22934c7c02b9c1a4043e7fa71e9fab23fac626842ee0233fa0a19e8a4d8d	f9edfd1414c172b5a32e647be62f7efb9a1867b2825caa326cd197691299ad06
chr22_100_guide_093	columba	timing	measured_3	2	0	0.605071	0.362610	0.166691	290228	1	7c248ba9765e06499bdbdd56fa063150392f57bbcf49d7273e7a34148cb2a14e	cb99cf2cb5c76fa9de96c7d214883bdebf51068c4cfea4bec3c2c4a8fda8efb1
chr22_100_guide_094	columba	timing	measured_3	2	0	0.554841	0.372030	0.132619	290384	1	b129ef3c4f85946c1752fcdec67457fbfa137faf10c495dcfb79020726f0093a	e3b0c44298fc1c149afbf4c8996fb92427ae41e4649b934ca495991b7852b855
chr22_100_guide_095	columba	timing	measured_3	2	0	0.554820	0.327936	0.181387	290476	2	72cfccdb732c7f835e82aebb76ca4186954ee044989d4d3f165c230249e1ab41	8dd8d8e768aa6c5cd7d90852728b3841c27aebb8dbde3dfbf7f30997ce15d157
chr22_100_guide_096	columba	timing	measured_3	2	0	3.013869	0.347549	0.181493	290248	1	66356638d350f202a4fc3653512e2eb61d180a210d3b4874237620fdd88f45ac	96e1dce767526b5e03b01ea34764f33de2e58653d775c70a8355e05d5d77a707
chr22_100_guide_097	columba	timing	measured_3	2	0	0.605303	0.405154	0.140683	290332	1	ec3317eca52cb313be8b742bd84d70d8e9f8f3d3a8dfda83e632d9ec5b3e7472	c34143c4b66ce37c239db5fc991d73357da56a527f237f74e6df9d61bb22831f
chr22_100_guide_098	columba	timing	measured_3	2	0	0.705844	0.433626	0.157780	290940	9	6803cc83cccde78136058d3d854eb89cc05eab1188efe7c0cabebb43cb9eb17d	86060c0d0ba22165d0282d1cf92bc8afade2100bd1def809b1f81bb96b9678e3
chr22_100_guide_099	columba	timing	measured_3	2	0	0.605071	0.369937	0.165374	290452	4	1fd7872322173d0504d0c832d225fc1f16e4c6a2d976d3c96de80baf41629173	8b7f11de3ad2254629636c6d8342d71050f8c150a04e6c52ecefb6984e7ab6b5
chr22_100_guide_100	columba	timing	measured_3	2	0	0.555153	0.340909	0.142060	290524	2	4bb6e4f08a7316ba26ec3e6f894f79070071b55d78d6c1605a50035d0a1d9c79	43c575a7c9c47d3164a453eb851e84a8842b01388a4b2fe7c9503045ddc887e0
chr22_100_guide_001	baseline	timing	measured_1	4	0	5.681558	21.074349	0.364594	129408	2	c788efd23026646b4da4b4a94736bffdb6646d5bb82e63ef3b54d008d2d7f496	e3b0c44298fc1c149afbf4c8996fb92427ae41e4649b934ca495991b7852b855
chr22_100_guide_002	baseline	timing	measured_1	4	0	5.177108	19.898600	0.289142	129268	16	b6990544da13d962d7f467b1fb67c5261747dba657b1d60c3fb8408d038daca1	e3b0c44298fc1c149afbf4c8996fb92427ae41e4649b934ca495991b7852b855
chr22_100_guide_003	baseline	timing	measured_1	4	0	5.434750	20.689920	0.268700	127536	16	ccf03cb0d6d8c00fb3db8165e337310508524df7a263eceba59b5c326620e6da	e3b0c44298fc1c149afbf4c8996fb92427ae41e4649b934ca495991b7852b855
chr22_100_guide_004	baseline	timing	measured_1	4	0	5.978296	22.018379	0.724818	131692	1	691ce0260ac4ff8426decb079b6ec2efdf4680b3abaced64e9143840bccb9552	e3b0c44298fc1c149afbf4c8996fb92427ae41e4649b934ca495991b7852b855
chr22_100_guide_005	baseline	timing	measured_1	4	0	5.479533	21.134848	0.317908	129640	1	95686fb2b7a30116b7ae2cc467351eaaf4c6f25cab6f6b7bc6dcc05f1c409532	e3b0c44298fc1c149afbf4c8996fb92427ae41e4649b934ca495991b7852b855
chr22_100_guide_006	baseline	timing	measured_1	4	0	5.328031	20.408695	0.332924	129392	4	381669eac105895c77936e91601bef5a44b194dce1468388fa6bc22b65e83aab	e3b0c44298fc1c149afbf4c8996fb92427ae41e4649b934ca495991b7852b855
chr22_100_guide_007	baseline	timing	measured_1	4	0	5.628478	21.306252	0.535171	133128	39	2e1d8ff63d9ef81ef131f76846d45cc86dabea52aaf0f84b984560d7fb17cf87	e3b0c44298fc1c149afbf4c8996fb92427ae41e4649b934ca495991b7852b855
chr22_100_guide_008	baseline	timing	measured_1	4	0	5.677466	21.280687	0.704658	129364	68	ba3197353a7a6ca64b2b565ddc20fc1a01f42c2fd9384ac9a21bb08593cedd31	e3b0c44298fc1c149afbf4c8996fb92427ae41e4649b934ca495991b7852b855
chr22_100_guide_009	baseline	timing	measured_1	4	0	5.578947	21.178502	0.515272	127568	2	7ff435e8f2284b0e1155c1c41e547855555c50593735221aa581ff02bbcfd922	e3b0c44298fc1c149afbf4c8996fb92427ae41e4649b934ca495991b7852b855
chr22_100_guide_010	baseline	timing	measured_1	4	0	5.730356	20.870861	0.514436	126292	19	53836549b5871774dbbbbcc7209be7da876564302d97fe0f8699c8af9c7adc03	e3b0c44298fc1c149afbf4c8996fb92427ae41e4649b934ca495991b7852b855
chr22_100_guide_011	baseline	timing	measured_1	4	0	5.530434	20.925946	0.472013	129236	1	951a40369bd86d0839b2d2addecaf6b337cdc3fa4cf552c0d5fd78bef17d3892	e3b0c44298fc1c149afbf4c8996fb92427ae41e4649b934ca495991b7852b855
chr22_100_guide_012	baseline	timing	measured_1	4	0	5.635623	21.287491	0.539739	129724	4	f693a92e20748272242c1d8d3a1b90c09e045d71ee219e8daf561a07fcf1b3bf	e3b0c44298fc1c149afbf4c8996fb92427ae41e4649b934ca495991b7852b855
chr22_100_guide_013	baseline	timing	measured_1	4	0	5.637699	21.445441	0.527280	133088	1	d0e1f61006a51712a6e3a7a08a2d9ed9a2e486bf46c47b49e89668b53f2efe69	e3b0c44298fc1c149afbf4c8996fb92427ae41e4649b934ca495991b7852b855
chr22_100_guide_014	baseline	timing	measured_1	4	0	5.478419	20.331860	0.260510	131384	7	925f7531b43144c3df9f8b8af2b5300653b5bf1807aa7f5ae89249b19e09a0a3	e3b0c44298fc1c149afbf4c8996fb92427ae41e4649b934ca495991b7852b855
chr22_100_guide_015	baseline	timing	measured_1	4	0	5.430595	20.177108	0.332215	129272	8	5ff8c497c5aee1704e3e04741f1d42a3eb487aed43f83e6b91d0cb05962e2550	e3b0c44298fc1c149afbf4c8996fb92427ae41e4649b934ca495991b7852b855
chr22_100_guide_016	baseline	timing	measured_1	4	0	5.728941	20.979050	0.547945	129228	1	664ca84d364b11b722ac1aa282d988cb26faa580c3801fc71e980d0a2785483d	e3b0c44298fc1c149afbf4c8996fb92427ae41e4649b934ca495991b7852b855
chr22_100_guide_017	baseline	timing	measured_1	4	0	5.376542	20.027129	0.220254	126256	42	4c95d8387f96ff01243ac44e2f1d0dbf63d6a1a6ca4b8d60aa617dadfad8712c	e3b0c44298fc1c149afbf4c8996fb92427ae41e4649b934ca495991b7852b855
chr22_100_guide_018	baseline	timing	measured_1	4	0	5.779458	21.026457	0.648144	127660	2	5c632dfc921b715b635c61d386497b7131eb4348bb520ea4a5cd13ab53ef1e7a	e3b0c44298fc1c149afbf4c8996fb92427ae41e4649b934ca495991b7852b855
chr22_100_guide_019	baseline	timing	measured_1	4	0	5.629089	21.339734	0.575878	127596	1	6cdd7ce54810d5bc4f6f9e343cba7e89b5868d4aa230081223fa53049a31ac4f	e3b0c44298fc1c149afbf4c8996fb92427ae41e4649b934ca495991b7852b855
chr22_100_guide_020	baseline	timing	measured_1	4	0	5.534220	20.904921	0.659055	131068	1	444ff3228a137a38f7153b4f242a69cfa59f508d73251c41aa4006df73b202e7	e3b0c44298fc1c149afbf4c8996fb92427ae41e4649b934ca495991b7852b855
chr22_100_guide_021	baseline	timing	measured_1	4	0	5.529171	20.858816	0.560590	129716	1	70d3142b6438b2233c1a63a2ac833233a13a2d75bf75339f1fccaff2fa81b453	e3b0c44298fc1c149afbf4c8996fb92427ae41e4649b934ca495991b7852b855
chr22_100_guide_022	baseline	timing	measured_1	4	0	5.529625	20.867691	0.597026	129216	1	6b72b7d58a6bb9700568183d8342e8f3bc79c45ffa1f7e46c161effbf9985c5d	e3b0c44298fc1c149afbf4c8996fb92427ae41e4649b934ca495991b7852b855
chr22_100_guide_023	baseline	timing	measured_1	4	0	5.535022	20.950001	0.472225	129080	149	7e0733a562ff39a952035404c085b0f497df39eeac4dd3cc052a4de78c8e9cdd	e3b0c44298fc1c149afbf4c8996fb92427ae41e4649b934ca495991b7852b855
chr22_100_guide_024	baseline	timing	measured_1	4	0	5.480947	20.713657	0.376976	126768	1	d7464b7872231b66a5d5e8b9529462954e8dbe3c50718817fdfc12087ef94681	e3b0c44298fc1c149afbf4c8996fb92427ae41e4649b934ca495991b7852b855
chr22_100_guide_025	baseline	timing	measured_1	4	0	5.688183	21.325458	0.747340	131196	133	b22b12dbe3c2c81d9623997bdae8791fafa5bf35117827e8b1112c7ba4f382a1	e3b0c44298fc1c149afbf4c8996fb92427ae41e4649b934ca495991b7852b855
chr22_100_guide_026	baseline	timing	measured_1	4	0	5.384525	20.764880	0.381559	127572	6	f644a91d8a5c365fe3c7c1c3f30ad178f34333e94f697e1f1e75d0fa64c39923	e3b0c44298fc1c149afbf4c8996fb92427ae41e4649b934ca495991b7852b855
chr22_100_guide_027	baseline	timing	measured_1	4	0	5.280159	20.389310	0.312817	129736	2	a7610eb051e87a34826545d10fcf8102943e8611a97a657a33ec94ff2afe4c13	e3b0c44298fc1c149afbf4c8996fb92427ae41e4649b934ca495991b7852b855
chr22_100_guide_028	baseline	timing	measured_1	4	0	5.376841	20.825164	0.368586	129168	58	9838a748f83250618473227cbc2b798e921118551a385e778337b49637186fe3	e3b0c44298fc1c149afbf4c8996fb92427ae41e4649b934ca495991b7852b855
chr22_100_guide_029	baseline	timing	measured_1	4	0	5.529652	20.592975	0.485910	129208	54	fec4266348f400a636b679dea725f0c74e62ee984b07daae005cd78179aa0b16	e3b0c44298fc1c149afbf4c8996fb92427ae41e4649b934ca495991b7852b855
chr22_100_guide_030	baseline	timing	measured_1	4	0	5.627670	20.548522	0.320444	131048	2028	05b0a21dfecef722640608a4ae56c59ede427d21069ea5c054d3e93ff6e1f572	e3b0c44298fc1c149afbf4c8996fb92427ae41e4649b934ca495991b7852b855
chr22_100_guide_031	baseline	timing	measured_1	4	0	6.085770	21.302793	0.556356	130988	1	bcce8596509aa2be4a7f3566961162e72e4443c46ea7cf8fc2c5ffb6cee2780a	e3b0c44298fc1c149afbf4c8996fb92427ae41e4649b934ca495991b7852b855
chr22_100_guide_032	baseline	timing	measured_1	4	0	5.528219	20.756901	0.341462	127668	1	c25a6440be62186e25b0f165358d0d0900b923751f80af6ee5c27f0f29a85af6	e3b0c44298fc1c149afbf4c8996fb92427ae41e4649b934ca495991b7852b855
chr22_100_guide_033	baseline	timing	measured_1	4	0	5.531624	20.959222	0.382320	127500	1	0effc63d85fa97f691908ce0321ab857ae6f08fabd2480f35c83ff81e76c9f0e	e3b0c44298fc1c149afbf4c8996fb92427ae41e4649b934ca495991b7852b855
chr22_100_guide_034	baseline	timing	measured_1	4	0	5.731706	21.590303	0.565737	129388	1	b799f84402b88ca7eda644ce1b5b5eb56c02b09c04d62fc51c4c70dc76c6b583	e3b0c44298fc1c149afbf4c8996fb92427ae41e4649b934ca495991b7852b855
chr22_100_guide_035	baseline	timing	measured_1	4	0	5.939188	21.433582	0.540746	131824	10	a8dc62675b8071ea431c2a3a7f1b9d1040c76477ab30b8bdab2879c9ac4038dd	e3b0c44298fc1c149afbf4c8996fb92427ae41e4649b934ca495991b7852b855
chr22_100_guide_036	baseline	timing	measured_1	4	0	5.586280	20.897760	0.373245	127568	1	d902219eeefe3ff64202f082d0493776f51eb4ff2b0f1167c0e670f923533dc4	e3b0c44298fc1c149afbf4c8996fb92427ae41e4649b934ca495991b7852b855
chr22_100_guide_037	baseline	timing	measured_1	4	0	5.534552	20.853941	0.264582	132084	1	87a59470956d0b27daf38e5e39ded5e150cdea0e868b3bb38ed13ec71694f010	e3b0c44298fc1c149afbf4c8996fb92427ae41e4649b934ca495991b7852b855
chr22_100_guide_038	baseline	timing	measured_1	4	0	5.635118	20.993505	0.256262	129488	1	029b4bae64ebbe3decac5715b992bb89ceb0731276cd7cd8566eaca4250537b4	e3b0c44298fc1c149afbf4c8996fb92427ae41e4649b934ca495991b7852b855
chr22_100_guide_039	baseline	timing	measured_1	4	0	5.685420	20.460542	0.297286	127776	1	a699d8af011bf9deb858b41d0fae396d8cff7641f7f0fffbf757531340e4d266	e3b0c44298fc1c149afbf4c8996fb92427ae41e4649b934ca495991b7852b855
chr22_100_guide_040	baseline	timing	measured_1	4	0	5.375225	20.131285	0.331988	129288	1	4390a33a35b7293befeadb9fa60eb9d4727d057633aeb9a93007f6581228ca97	e3b0c44298fc1c149afbf4c8996fb92427ae41e4649b934ca495991b7852b855
chr22_100_guide_041	baseline	timing	measured_1	4	0	5.529243	20.936790	0.550228	126148	1	3e8108b8109dce3b65881841a62543e3eb3ba821fff9bc76b9b5e43ac8c75d77	e3b0c44298fc1c149afbf4c8996fb92427ae41e4649b934ca495991b7852b855
chr22_100_guide_042	baseline	timing	measured_1	4	0	5.427644	20.739259	0.459171	131152	1	5924fcb39f9667884df027edda8f627478be6271057a2d69844c736321e3169f	e3b0c44298fc1c149afbf4c8996fb92427ae41e4649b934ca495991b7852b855
chr22_100_guide_043	baseline	timing	measured_1	4	0	5.575061	20.624204	0.447301	126080	2	453049c36d105d5fc369042ca0ab1a96b8b895a916b5c2f187ec168c02aae659	e3b0c44298fc1c149afbf4c8996fb92427ae41e4649b934ca495991b7852b855
chr22_100_guide_044	baseline	timing	measured_1	4	0	5.228776	20.149733	0.357307	127492	2	36c01c1a6474ac52f343fae4779e9be3cbc148c72932a20a98d199f0987ceea6	e3b0c44298fc1c149afbf4c8996fb92427ae41e4649b934ca495991b7852b855
chr22_100_guide_045	baseline	timing	measured_1	4	0	5.277985	20.397587	0.287796	127628	1	7e528a989c31c40be279492b74efb2b32bbafcb76168ffa5ecf4da003dd2852c	e3b0c44298fc1c149afbf4c8996fb92427ae41e4649b934ca495991b7852b855
chr22_100_guide_046	baseline	timing	measured_1	4	0	5.681121	20.876975	0.504664	131104	1	714554ca8eac6dff9bf1ea7bcd982ded36f466eaa79bea00a33e12ff4252393b	e3b0c44298fc1c149afbf4c8996fb92427ae41e4649b934ca495991b7852b855
chr22_100_guide_047	baseline	timing	measured_1	4	0	5.276746	20.323100	0.276968	129356	1	ca51411298336dbdfe2d1022ed02e74028dfbcd2e0e397a8224fce4f6017af72	e3b0c44298fc1c149afbf4c8996fb92427ae41e4649b934ca495991b7852b855
chr22_100_guide_048	baseline	timing	measured_1	4	0	5.430456	20.311886	0.335931	129404	1	bc3b9f3f86cc8bbd34d0a114947da783ee284f28a9a17754f8b3028fd08951a9	e3b0c44298fc1c149afbf4c8996fb92427ae41e4649b934ca495991b7852b855
chr22_100_guide_049	baseline	timing	measured_1	4	0	5.727639	21.546139	0.738655	129184	3	183882d3a63163e76a98ee38ccfea1b4877101dd283d80328c01c33dcd6c0e0b	e3b0c44298fc1c149afbf4c8996fb92427ae41e4649b934ca495991b7852b855
chr22_100_guide_050	baseline	timing	measured_1	4	0	5.676648	21.453242	0.643034	129272	12	d8ae73e599a748f29fbb68ec4a4bad377248fdfede8f8198916013e34dae8d84	e3b0c44298fc1c149afbf4c8996fb92427ae41e4649b934ca495991b7852b855
chr22_100_guide_051	baseline	timing	measured_1	4	0	5.578786	21.169610	0.523103	129360	1	14ef5eacd0519bf8d6f3f1e421b2147ce2cef2d89992ac6bc3c0c6493049fd6f	e3b0c44298fc1c149afbf4c8996fb92427ae41e4649b934ca495991b7852b855
chr22_100_guide_052	baseline	timing	measured_1	4	0	5.334786	20.622005	0.373485	133260	1	b743dcf20b0f8a4d8e1a343b97d48c58a0bc7fc4d1bb2a983a38d2078d740fcd	e3b0c44298fc1c149afbf4c8996fb92427ae41e4649b934ca495991b7852b855
chr22_100_guide_053	baseline	timing	measured_1	4	0	5.583354	20.547560	0.301107	129356	1	7f92fd7dddc708c2b3ec905f92a74e766b81d6ff9eaf13b4dc9c11ff5e96767a	e3b0c44298fc1c149afbf4c8996fb92427ae41e4649b934ca495991b7852b855
chr22_100_guide_054	baseline	timing	measured_1	4	0	5.387322	20.499664	0.402506	133296	13	6cbc11eb9208651f05db2d630c407975e4e59caf923a8df7511bdf798321f4a2	e3b0c44298fc1c149afbf4c8996fb92427ae41e4649b934ca495991b7852b855
chr22_100_guide_055	baseline	timing	measured_1	4	0	5.630123	21.160306	0.621175	131060	1	a3d6cd5055990fc10a7f55f785689720f3a06133f1b0f4568f98749ce2751038	e3b0c44298fc1c149afbf4c8996fb92427ae41e4649b934ca495991b7852b855
chr22_100_guide_056	baseline	timing	measured_1	4	0	5.442395	20.640492	0.289634	133920	1	4a6cdc3b90d2775c2496444fab6f836151cd422ec2c82a9bf758cde5414f2417	e3b0c44298fc1c149afbf4c8996fb92427ae41e4649b934ca495991b7852b855
chr22_100_guide_057	baseline	timing	measured_1	4	0	5.678704	21.394575	0.514563	129416	47	ae3ca86ece2af8c1e764664fe6db82d19e2cf8a29fa0a43ffd92b82eda74d3cb	e3b0c44298fc1c149afbf4c8996fb92427ae41e4649b934ca495991b7852b855
chr22_100_guide_058	baseline	timing	measured_1	4	0	5.430757	20.640743	0.452981	127572	1	b7517a16df61180265ec10a20cb33a003c3ea568992073591f20e96d81391119	e3b0c44298fc1c149afbf4c8996fb92427ae41e4649b934ca495991b7852b855
chr22_100_guide_059	baseline	timing	measured_1	4	0	5.579254	20.698520	0.300326	131236	1	a6e8f7dbe8440152b018e778c86e594c220662576f7388bf74086116bfb557b5	e3b0c44298fc1c149afbf4c8996fb92427ae41e4649b934ca495991b7852b855
chr22_100_guide_060	baseline	timing	measured_1	4	0	5.580140	21.309396	0.288127	127700	1	96bacc0c5f62f5ee3cb64d6560e882e64673267447e8714383a4ab744f1c99a8	e3b0c44298fc1c149afbf4c8996fb92427ae41e4649b934ca495991b7852b855
chr22_100_guide_061	baseline	timing	measured_1	4	0	6.936079	21.013851	0.669025	129352	1	9246314add68bcb309196485353ca32264aa9d97b65d40e3825659e7fa9e07c5	e3b0c44298fc1c149afbf4c8996fb92427ae41e4649b934ca495991b7852b855
chr22_100_guide_062	baseline	timing	measured_1	4	0	5.227826	20.120384	0.329710	127540	1	4832e7aa711ccdac22496f6cb8a979eec30369c372fca1b6aba1e3edfb12e8a1	e3b0c44298fc1c149afbf4c8996fb92427ae41e4649b934ca495991b7852b855
chr22_100_guide_063	baseline	timing	measured_1	4	0	5.486340	20.608380	0.309085	136964	1	c4ca7ddc636638d7005d3e187756ba84185296e1c2585b41d0a7a856e2606213	e3b0c44298fc1c149afbf4c8996fb92427ae41e4649b934ca495991b7852b855
chr22_100_guide_064	baseline	timing	measured_1	4	0	5.289404	20.141682	0.325969	131164	1	b38f02456f345d872287da7f74b53691b169eb255cc35d11d103c308c700d2eb	e3b0c44298fc1c149afbf4c8996fb92427ae41e4649b934ca495991b7852b855
chr22_100_guide_065	baseline	timing	measured_1	4	0	5.281795	20.342490	0.284818	127712	1	4a6f7a313e251182f276be210f99075cb7bfa5275fa278d132ac27df6e713db1	e3b0c44298fc1c149afbf4c8996fb92427ae41e4649b934ca495991b7852b855
chr22_100_guide_066	baseline	timing	measured_1	4	0	5.590418	20.647612	0.589239	127592	1	4802296ebbba9922a4ece696902be06427691049808ba406ed873a9a4a219f9c	e3b0c44298fc1c149afbf4c8996fb92427ae41e4649b934ca495991b7852b855
chr22_100_guide_067	baseline	timing	measured_1	4	0	7.688534	21.085081	0.736227	127632	1	0229a4fc79d3d37ddda05a4910899ff60fcd29aa41d3690d08b235deae1dd329	e3b0c44298fc1c149afbf4c8996fb92427ae41e4649b934ca495991b7852b855
chr22_100_guide_068	baseline	timing	measured_1	4	0	5.428578	20.469149	0.300486	131148	2	d39c5b6762aa09453e14f55e106ab300ceb4955ee3d73b381937cbf2220ed042	e3b0c44298fc1c149afbf4c8996fb92427ae41e4649b934ca495991b7852b855
chr22_100_guide_069	baseline	timing	measured_1	4	0	5.432025	20.527712	0.385421	131224	1	77885b288a794217926cbdc3f9557271a5584ca0a3525a33368ba9dfa0f79c36	e3b0c44298fc1c149afbf4c8996fb92427ae41e4649b934ca495991b7852b855
chr22_100_guide_070	baseline	timing	measured_1	4	0	5.276285	20.122838	0.309088	129236	1	555a66e1753526673117e366fb233c844df0cfc38a64971866528e20e52f4ca2	e3b0c44298fc1c149afbf4c8996fb92427ae41e4649b934ca495991b7852b855
chr22_100_guide_071	baseline	timing	measured_1	4	0	5.881141	21.080316	0.678707	131344	1	db50066ab5215e0ab40715d3e84c765c47977eb5d92e2f74fef9a37ee0c19f96	e3b0c44298fc1c149afbf4c8996fb92427ae41e4649b934ca495991b7852b855
chr22_100_guide_072	baseline	timing	measured_1	4	0	5.178790	19.994224	0.236452	127628	1	a7389bd954eaa7a8f7c3e448a2ff3a3f4ef011b680d833fad933fd884d099eca	e3b0c44298fc1c149afbf4c8996fb92427ae41e4649b934ca495991b7852b855
chr22_100_guide_073	baseline	timing	measured_1	4	0	5.388964	20.576995	0.296937	132892	1	850390cf00e784716c531f5e64380876ff07596af289e7ba34bc096bff075ecc	e3b0c44298fc1c149afbf4c8996fb92427ae41e4649b934ca495991b7852b855
chr22_100_guide_074	baseline	timing	measured_1	4	0	5.542050	20.415840	0.429426	126192	1	1f00016106bffc2ceba39230352e1e4ef914076353527946b8890d37546c25f5	e3b0c44298fc1c149afbf4c8996fb92427ae41e4649b934ca495991b7852b855
chr22_100_guide_075	baseline	timing	measured_1	4	0	5.381527	20.249827	0.297259	131236	58	71f2239dc8f59ee257b89e03bbb841fd3c2f43e0a0d0682e3ff928f0cebe09c3	e3b0c44298fc1c149afbf4c8996fb92427ae41e4649b934ca495991b7852b855
chr22_100_guide_076	baseline	timing	measured_1	4	0	5.584701	21.082537	0.542846	127548	4	ca193645a2f950677ee819c76deafecf7fc8fd5ddbbdd69ce32b77a0426369d6	e3b0c44298fc1c149afbf4c8996fb92427ae41e4649b934ca495991b7852b855
chr22_100_guide_077	baseline	timing	measured_1	4	0	6.090996	21.458833	0.642239	127488	1	e3869c3952dd0b0eb3e37141b1040c6f25b82c4e398011436f2219c75f8febe8	e3b0c44298fc1c149afbf4c8996fb92427ae41e4649b934ca495991b7852b855
chr22_100_guide_078	baseline	timing	measured_1	4	0	5.732101	21.496165	0.656771	126256	1	b32f95b3659bdf5efde0a545c93605a84811e1f51637e98948f88b66e0c918a9	e3b0c44298fc1c149afbf4c8996fb92427ae41e4649b934ca495991b7852b855
chr22_100_guide_079	baseline	timing	measured_1	4	0	5.337482	20.543699	0.349355	129276	1	3719b9c87eb26bae46571444132aecd72ec6971081ed8592128ac8081655f637	e3b0c44298fc1c149afbf4c8996fb92427ae41e4649b934ca495991b7852b855
chr22_100_guide_080	baseline	timing	measured_1	4	0	5.530357	20.533636	0.329116	129596	1	5c9d989f365df1d424483a28cbc77093b089ff7ebee8cd46972f309ff0b6db17	e3b0c44298fc1c149afbf4c8996fb92427ae41e4649b934ca495991b7852b855
chr22_100_guide_081	baseline	timing	measured_1	4	0	5.580924	20.769081	0.369585	129428	1	60f8b2bdc588b6b13527c78acc609879caa8defea9c72ada132dee63d52ad9bf	e3b0c44298fc1c149afbf4c8996fb92427ae41e4649b934ca495991b7852b855
chr22_100_guide_082	baseline	timing	measured_1	4	0	5.687153	21.413389	0.252299	133064	1	8aa0d629b648d54d65dead9f626b4f79b04416d14abcb761ce6f8afd4c8d5a02	e3b0c44298fc1c149afbf4c8996fb92427ae41e4649b934ca495991b7852b855
chr22_100_guide_083	baseline	timing	measured_1	4	0	5.584810	21.131496	0.578394	132956	1	1da030b92202db00fdf4fa746fa0de1c56a74c6415d7abf8e6e634730c0990ca	e3b0c44298fc1c149afbf4c8996fb92427ae41e4649b934ca495991b7852b855
chr22_100_guide_084	baseline	timing	measured_1	4	0	5.728082	21.506553	0.561180	127780	5	c8420dc291eb0f976f276d62a4f033b79c9304d06df7d3335d344d7082a0558b	e3b0c44298fc1c149afbf4c8996fb92427ae41e4649b934ca495991b7852b855
chr22_100_guide_085	baseline	timing	measured_1	4	0	5.278872	20.466258	0.204182	131028	1	886f21508ef43139da65b3307d412b9c43af12390fb60b152be51f2961337117	e3b0c44298fc1c149afbf4c8996fb92427ae41e4649b934ca495991b7852b855
chr22_100_guide_086	baseline	timing	measured_1	4	0	5.525990	20.915990	0.534966	129272	1	b49d937c3f713b95c07b0df4983659c5531f5062b2c8b309c93edf95c5d33253	e3b0c44298fc1c149afbf4c8996fb92427ae41e4649b934ca495991b7852b855
chr22_100_guide_087	baseline	timing	measured_1	4	0	5.735774	21.367795	0.795137	126172	3	9a84143c1c0ae741457654eac03a337269c00cb43411a6b54461fbe5949d0b50	e3b0c44298fc1c149afbf4c8996fb92427ae41e4649b934ca495991b7852b855
chr22_100_guide_088	baseline	timing	measured_1	4	0	6.642354	21.613485	0.572382	127484	1	7b9ea615f9aa7e046adebd0e63adf8ebdc63c09e2a683a13ae5b9e9457fd8152	e3b0c44298fc1c149afbf4c8996fb92427ae41e4649b934ca495991b7852b855
chr22_100_guide_089	baseline	timing	measured_1	4	0	5.486390	20.676536	0.360567	133276	1	790719bd8847db6a942f261864ea37c0ec15f7a4f400e0bd1eaf31a8e659f354	e3b0c44298fc1c149afbf4c8996fb92427ae41e4649b934ca495991b7852b855
chr22_100_guide_090	baseline	timing	measured_1	4	0	5.579603	20.575997	0.272901	130944	1	af0e7d04b9032b6ba55a507cdc6196da5e7f3adbce117a38bb6ba2d2fb078cba	e3b0c44298fc1c149afbf4c8996fb92427ae41e4649b934ca495991b7852b855
chr22_100_guide_091	baseline	timing	measured_1	4	0	5.578296	21.057679	0.536629	127788	2	cf53e5c0ba2549b95ad7cc66f6caa57165a2d7ef971b8448816c1f5189dcba42	e3b0c44298fc1c149afbf4c8996fb92427ae41e4649b934ca495991b7852b855
chr22_100_guide_092	baseline	timing	measured_1	4	0	5.639745	21.312912	0.544313	127572	1	36dc22934c7c02b9c1a4043e7fa71e9fab23fac626842ee0233fa0a19e8a4d8d	e3b0c44298fc1c149afbf4c8996fb92427ae41e4649b934ca495991b7852b855
chr22_100_guide_093	baseline	timing	measured_1	4	0	5.436057	21.036559	0.260254	129332	1	7c248ba9765e06499bdbdd56fa063150392f57bbcf49d7273e7a34148cb2a14e	e3b0c44298fc1c149afbf4c8996fb92427ae41e4649b934ca495991b7852b855
chr22_100_guide_094	baseline	timing	measured_1	4	0	5.529909	20.406952	0.607301	129344	1	b129ef3c4f85946c1752fcdec67457fbfa137faf10c495dcfb79020726f0093a	e3b0c44298fc1c149afbf4c8996fb92427ae41e4649b934ca495991b7852b855
chr22_100_guide_095	baseline	timing	measured_1	4	0	5.429599	20.322023	0.328614	136996	2	72cfccdb732c7f835e82aebb76ca4186954ee044989d4d3f165c230249e1ab41	e3b0c44298fc1c149afbf4c8996fb92427ae41e4649b934ca495991b7852b855
chr22_100_guide_096	baseline	timing	measured_1	4	0	5.329956	20.025946	0.406638	137348	1	66356638d350f202a4fc3653512e2eb61d180a210d3b4874237620fdd88f45ac	e3b0c44298fc1c149afbf4c8996fb92427ae41e4649b934ca495991b7852b855
chr22_100_guide_097	baseline	timing	measured_1	4	0	5.282208	20.320113	0.317125	129396	1	ec3317eca52cb313be8b742bd84d70d8e9f8f3d3a8dfda83e632d9ec5b3e7472	e3b0c44298fc1c149afbf4c8996fb92427ae41e4649b934ca495991b7852b855
chr22_100_guide_098	baseline	timing	measured_1	4	0	5.483099	20.989021	0.353431	127568	1	624a957aae98b6d231ae1011b4e64e108e7b8e8e44287e46c4862920d0454e11	e3b0c44298fc1c149afbf4c8996fb92427ae41e4649b934ca495991b7852b855
chr22_100_guide_099	baseline	timing	measured_1	4	0	5.595918	21.161284	0.482308	127672	2	0c905b7331f00841f95a0390edb19ac2cf54d75b8c0260c1122d1e91b8eebf98	e3b0c44298fc1c149afbf4c8996fb92427ae41e4649b934ca495991b7852b855
chr22_100_guide_100	baseline	timing	measured_1	4	0	7.337174	20.957259	0.681211	127852	2	4bb6e4f08a7316ba26ec3e6f894f79070071b55d78d6c1605a50035d0a1d9c79	e3b0c44298fc1c149afbf4c8996fb92427ae41e4649b934ca495991b7852b855
chr22_100_guide_001	columba	timing	measured_1	4	0	0.605354	0.328701	0.174293	290492	2	c788efd23026646b4da4b4a94736bffdb6646d5bb82e63ef3b54d008d2d7f496	5e6212673189b137868af231f3f49365db18929fbdc4915f13b52a1622522dba
chr22_100_guide_002	columba	timing	measured_1	4	0	0.856623	0.430804	0.195911	290508	21	f0937d09b482433febb72a3aa2951bd7a1099c3bb5c4e6ae5d7f40f51dfaf291	e925e6374c2b14f26ce352338d241501af5403cd20c2f7a0a66a7ff0957a82b9
chr22_100_guide_003	columba	timing	measured_1	4	0	0.805750	0.389163	0.186592	290768	856	ccc3d3b80ed309cc947744aeb419da762bf360cf65ee8f19caf6d89ef8540bb4	a0f43a78ac495168b63dc33958a840d4b629f46bd21e5ea36ebe2fd81ed8e956
chr22_100_guide_004	columba	timing	measured_1	4	0	0.757555	0.447221	0.139452	290244	1	691ce0260ac4ff8426decb079b6ec2efdf4680b3abaced64e9143840bccb9552	a4c7fcea839152b57f9d48000d08a15502fd89d0fd27949928e5d265dda849b7
chr22_100_guide_005	columba	timing	measured_1	4	0	0.605655	0.340032	0.169778	290424	1	95686fb2b7a30116b7ae2cc467351eaaf4c6f25cab6f6b7bc6dcc05f1c409532	011f515d83cd8b0bf4648cfa3d329bea0cb2939a7aabcbf319c9ccbd2ece994c
chr22_100_guide_006	columba	timing	measured_1	4	0	2.564019	0.999023	0.604872	294704	4	b8cc43f743b2bf2f0e12fa535de856dec45a7e724e169b206e17e024502350b1	9739780944683faaa4ef3f313f816b862f341378b37d0ab5c6f2f11c524f85ce
chr22_100_guide_007	columba	timing	measured_1	4	0	1.008318	0.480150	0.283002	290648	77	4ed0f166306be29e52512f6850c1b990c122568bfe38464c457a9cbc3cafab14	501f5c6c5e8d62ad0a7602fffd723666195a02b48240223d6a623d2bf75bc9d7
chr22_100_guide_008	columba	timing	measured_1	4	0	0.555689	0.343052	0.180174	290532	70	2525d9e467b0e235d87fec363306eb39498ebdd905157b97f69a01938142d417	587b33ffa851be62124e858db10a3ce0555e1fef7b9faa94a47115a7bf569d6a
chr22_100_guide_009	columba	timing	measured_1	4	0	0.604829	0.365855	0.169038	290424	4	958d7bb0d2bcce37cafabe02cb7bcd2515a249ee7abef00a06c7ca69afbeddfd	b26403da3df85946d6c7931e54a923877597a6d21517a6786edcfb4f3a684c5d
chr22_100_guide_010	columba	timing	measured_1	4	0	0.755475	0.407068	0.214842	292584	25	bbff78e8edf6476d0dd0cdd76f512cb705b72cd1e357220e1a380dbd5cb5874e	8283bb72468ef0f7298ae906c23d010c0d48c6574a33364a533179130f8c4875
chr22_100_guide_011	columba	timing	measured_1	4	0	0.755872	0.319094	0.155878	290364	21	ec592648254199539685feee5357d093e2e1ec0b8ee82c9ce1e89057db95c2aa	e3b0c44298fc1c149afbf4c8996fb92427ae41e4649b934ca495991b7852b855
chr22_100_guide_012	columba	timing	measured_1	4	0	0.555148	0.320705	0.157263	290340	8	9b00eaabadec78eddf839955f38b2c49038c64b495db9fc7cba00a4c5b16c2fd	e3b0c44298fc1c149afbf4c8996fb92427ae41e4649b934ca495991b7852b855
chr22_100_guide_013	columba	timing	measured_1	4	0	0.554934	0.338349	0.152930	290356	3	14d007c41b3efc0f49a5e3c8b2c1afbdbbf6448965f329277343a75661f62b72	e6ce59b275084995153a3e9c40a4958a8a70855f475daac144376dd269a555ec
chr22_100_guide_014	columba	timing	measured_1	4	0	0.555059	0.350052	0.132151	292380	193	18fa726a0532763a6a720243b5476e8492d4a0e21d88972a1590a5cc86c18f36	738f0679665e7cbee0e7647775b7e47573cdbc33c7d7463d5c01f8c75b0b7b5f
chr22_100_guide_015	columba	timing	measured_1	4	0	3.016271	1.130755	0.712130	293836	121	14607790ed2c2aa20854f98797286082d4f4e662c4918ba18d80b5c7cabdc3a3	42f93d194038db849260c18f78fe52cdc58775b7f60fd7a14fdf15a6b1f00b50
chr22_100_guide_016	columba	timing	measured_1	4	0	0.554871	0.336536	0.165491	292332	1	664ca84d364b11b722ac1aa282d988cb26faa580c3801fc71e980d0a2785483d	647a3c26fb0f04ad019100c4ab0390ab87ed5c84aadfe7a252bca70b1e3bd96d
chr22_100_guide_017	columba	timing	measured_1	4	0	1.864383	0.912881	0.375576	291304	65	443c9733648206d43672a968d8e97952afd65a9f31ce05d9d0565f64b1ea8a38	34e2228fdcbf823acbc1cf9a4520426f2726ceee2e2c487a482723b0e27f4c06
chr22_100_guide_018	columba	timing	measured_1	4	0	0.655215	0.382681	0.198976	290540	2	5c632dfc921b715b635c61d386497b7131eb4348bb520ea4a5cd13ab53ef1e7a	23e8f4ffff162fdc2e25089c32203c22ccb5ac9c66770c9b5d4a6408cc154ffb
chr22_100_guide_019	columba	timing	measured_1	4	0	0.554890	0.358995	0.136893	290472	1	6cdd7ce54810d5bc4f6f9e343cba7e89b5868d4aa230081223fa53049a31ac4f	dc56e723a41ad2b033072b1d35240963852ef67de09ef8478a44d1daa4a0e78a
chr22_100_guide_020	columba	timing	measured_1	4	0	0.756452	0.410328	0.215646	292380	7	e201d7cfc5ec4a9979af6c9a236130b8f36d6e0e4dcfef596b106dbc39010303	b458b467a03688a50351b56d6e3c449c56ad4edc944351aafb91ac49def2d89e
chr22_100_guide_021	columba	timing	measured_1	4	0	0.555152	0.335561	0.168695	292424	1	70d3142b6438b2233c1a63a2ac833233a13a2d75bf75339f1fccaff2fa81b453	d56d96fe98b333f362ee9bd6376532e8bc00f0bfcb42456116b5b2cd748bb70d
chr22_100_guide_022	columba	timing	measured_1	4	0	2.363083	0.969959	0.500144	291796	1	6b72b7d58a6bb9700568183d8342e8f3bc79c45ffa1f7e46c161effbf9985c5d	1bdc42a6859b8b52c1db369907a7439fdf814d31ad0591c6948691ed396edcd1
chr22_100_guide_023	columba	timing	measured_1	4	0	0.555320	0.343900	0.167879	290428	149	5664c285cf2f5ae0137ca1a22d1cb40e7231faecf6a27ae4223e67a75ccdd033	94dca88f98f958fa1bf19db4e20642e9042142e03f3cac411aff6176a087ef1e
chr22_100_guide_024	columba	timing	measured_1	4	0	0.806380	0.443965	0.182054	292628	2	bcee63120e7a1ad9985f53ede79aec2d8e27e6be8190904374c9bd2675cce1d4	20e0d047a90eb941c28e7c3eadd3682e2d2baa7519ca17df715655ce2d25a138
chr22_100_guide_025	columba	timing	measured_1	4	0	2.918399	1.265620	0.605964	292276	3309	2bcf3c36d3005ad0fb22c942310e9ac2be633eecc1be15596d48b67e278c7fd2	bbeec566678f9402686af8dfc82c742950a8cca1a8132401323a9ab6a130af25
chr22_100_guide_026	columba	timing	measured_1	4	0	2.764707	1.290751	0.532024	291692	64	74ee2057f2511f0387c90decf264283593386e47d9b30347bc9921ddcc60dd17	24451543d4981af6965232fc89a42aae084c85b1effd413db55357f5b81b7551
chr22_100_guide_027	columba	timing	measured_1	4	0	0.605339	0.398757	0.150673	290428	2	a7610eb051e87a34826545d10fcf8102943e8611a97a657a33ec94ff2afe4c13	ca6032de9107568e011efa775fb138933bc1f4163d835edc39d12e948093dfde
chr22_100_guide_028	columba	timing	measured_1	4	0	0.857734	0.385616	0.154795	290736	2001	01e49abccf673768fbd38172e9592aef60a9ffa738fefa147d463cc2893ff852	6ab1cb25283fe19a6bfd4fcd5c48da2d87969a73970cab771254caf7f66a6287
chr22_100_guide_029	columba	timing	measured_1	4	0	0.705724	0.384713	0.182436	290516	1862	023a0db1667cffab02ece840deaeba274e313dbe75e80a569d4eb1e108049a70	d4e0a36311e4ca8e67b4e69d062e253606ee8ba50c03ffb98d71774fa810bdfb
chr22_100_guide_030	columba	timing	measured_1	4	0	1.508973	0.779653	0.306044	290904	2155	d29f1e6c8cefac25b1c219eeb22083b707ccd515357f995e1d890f815157db21	2438973516059989d2cd3180bc4fb2a1b25b52a873009a27bebbfc598f668a22
chr22_100_guide_031	columba	timing	measured_1	4	0	1.709625	0.743313	0.419035	293224	2	5d5573821365e7bc8b578e4c8587ad85cc0ce7e73cc826859074ffc07c945a42	6d757fd7aeea9c62de2f65f7620c111ca2fee818c410d59cbc0beeac17789d75
chr22_100_guide_032	columba	timing	measured_1	4	0	0.554785	0.344341	0.154967	290440	1	c25a6440be62186e25b0f165358d0d0900b923751f80af6ee5c27f0f29a85af6	5bcc52812e3cd79f2c949096180d3f1ac01ae06d29eea04285bba87168ded8f9
chr22_100_guide_033	columba	timing	measured_1	4	0	0.556343	0.370984	0.139468	290404	1	0effc63d85fa97f691908ce0321ab857ae6f08fabd2480f35c83ff81e76c9f0e	6be499e878bb8835b2d0095d754911ca511e88d92eb98ee972ab04a1f8c00a0b
chr22_100_guide_034	columba	timing	measured_1	4	0	0.556441	0.350315	0.171419	290384	1	b799f84402b88ca7eda644ce1b5b5eb56c02b09c04d62fc51c4c70dc76c6b583	4f6dc5b5a164eea9ba79b4a4c7ee686bbb2ef32b24b407949991d9e320496ddb
chr22_100_guide_035	columba	timing	measured_1	4	0	0.605647	0.366904	0.152861	290460	10	26e2eb81897f587da39402739a7f851313f0bf1adff27623b341a24f6d65d55b	99ec977a326ca10c3e115b1ced26f639f311e55f5d55485ff6a9c48c4655ed96
chr22_100_guide_036	columba	timing	measured_1	4	0	0.555299	0.354407	0.128554	292540	1	d902219eeefe3ff64202f082d0493776f51eb4ff2b0f1167c0e670f923533dc4	561879fe16bf8d8d845615014aafa1348557dc2b653402bc983228fe11f91985
chr22_100_guide_037	columba	timing	measured_1	4	0	0.554278	0.347060	0.142339	290296	1	87a59470956d0b27daf38e5e39ded5e150cdea0e868b3bb38ed13ec71694f010	e3b0c44298fc1c149afbf4c8996fb92427ae41e4649b934ca495991b7852b855
chr22_100_guide_038	columba	timing	measured_1	4	0	0.655917	0.464094	0.147255	290392	1	029b4bae64ebbe3decac5715b992bb89ceb0731276cd7cd8566eaca4250537b4	d19c36693df71437a3e971b04638d4c55f47a0d94d8887a1c6ebbec6f71e8046
chr22_100_guide_039	columba	timing	measured_1	4	0	1.709272	0.363984	0.181706	292376	1	a699d8af011bf9deb858b41d0fae396d8cff7641f7f0fffbf757531340e4d266	e3b0c44298fc1c149afbf4c8996fb92427ae41e4649b934ca495991b7852b855
chr22_100_guide_040	columba	timing	measured_1	4	0	0.504710	0.341535	0.142958	290484	1	4390a33a35b7293befeadb9fa60eb9d4727d057633aeb9a93007f6581228ca97	7e3c0298e47ada9502fe1ab91e5aed0852345691cf2da9d42a3b3bb1585655fc
chr22_100_guide_041	columba	timing	measured_1	4	0	0.555054	0.356798	0.161016	290504	1	3e8108b8109dce3b65881841a62543e3eb3ba821fff9bc76b9b5e43ac8c75d77	30d5bd1a2fd8f421e7be29640f109fecf4e022892dc5732c56ef1b76e1f5233b
chr22_100_guide_042	columba	timing	measured_1	4	0	0.554944	0.347092	0.152421	292384	1	5924fcb39f9667884df027edda8f627478be6271057a2d69844c736321e3169f	e3b0c44298fc1c149afbf4c8996fb92427ae41e4649b934ca495991b7852b855
chr22_100_guide_043	columba	timing	measured_1	4	0	0.605232	0.358459	0.184000	292548	2	453049c36d105d5fc369042ca0ab1a96b8b895a916b5c2f187ec168c02aae659	6a4a76d7576dcdf483edf9f4bfebf4e97bedcea9c2681ce642817147f17c17a9
chr22_100_guide_044	columba	timing	measured_1	4	0	0.555550	0.348589	0.166986	290504	2	4f1d85930718319dee2874ba1c96e3f8e80885b044e2550d9d3285234eb16d34	ac80b04a88870303112f4ee98ea5b95636d0b8b35af5c52fb77c23238f1648db
chr22_100_guide_045	columba	timing	measured_1	4	0	0.557066	0.351208	0.150102	290404	1	7e528a989c31c40be279492b74efb2b32bbafcb76168ffa5ecf4da003dd2852c	dd567e27451842465f72c8df72e5b23a60f4533474e55b65999ba98af50e5e25
chr22_100_guide_046	columba	timing	measured_1	4	0	0.556522	0.367176	0.145871	290236	1	714554ca8eac6dff9bf1ea7bcd982ded36f466eaa79bea00a33e12ff4252393b	32b0fdb408a245e8ea00a9e3729e5f81f9093394a9fdef4348318ec666ad1e55
chr22_100_guide_047	columba	timing	measured_1	4	0	0.554924	0.366833	0.129159	290564	1	ca51411298336dbdfe2d1022ed02e74028dfbcd2e0e397a8224fce4f6017af72	b76583d8074d81b6123010653d515a4ff97310c43c5bf08081014d9154db7606
chr22_100_guide_048	columba	timing	measured_1	4	0	0.554475	0.331036	0.159506	290296	1	bc3b9f3f86cc8bbd34d0a114947da783ee284f28a9a17754f8b3028fd08951a9	e3b0c44298fc1c149afbf4c8996fb92427ae41e4649b934ca495991b7852b855
chr22_100_guide_049	columba	timing	measured_1	4	0	0.554423	0.364893	0.119006	290280	3	00230428f6d63582ec60d092b6bc6c689bf77cb21e9480a627f5e8c16d0dc979	42d1ec48cb0493956d77fad00767b6c2fed5e28ca7790d50779e46dd1957fd55
chr22_100_guide_050	columba	timing	measured_1	4	0	0.805543	0.447110	0.197433	290292	80	a3962782031d7a99caa2c5378ed324dd3f3d615a63e3f3246b35b7371cee0cde	76defb6e40a3b8e0ecc76033ed3e6b9c80b03fa159050eccc782c7a714c2d894
chr22_100_guide_051	columba	timing	measured_1	4	0	0.555015	0.347213	0.153726	292444	1	14ef5eacd0519bf8d6f3f1e421b2147ce2cef2d89992ac6bc3c0c6493049fd6f	b3f77e03add0f929849c64c186a0f6ee8168522805e29a074a8498ff01f34924
chr22_100_guide_052	columba	timing	measured_1	4	0	0.655300	0.340926	0.145504	290308	1	b743dcf20b0f8a4d8e1a343b97d48c58a0bc7fc4d1bb2a983a38d2078d740fcd	2948117454b190d6eeeaca3bc94a2bf5793d77da14d80a9f2def8405cee8a845
chr22_100_guide_053	columba	timing	measured_1	4	0	0.556475	0.351651	0.169053	290460	1	7f92fd7dddc708c2b3ec905f92a74e766b81d6ff9eaf13b4dc9c11ff5e96767a	eb38c77d3364d29cf9b4a0c82bd850e49266e1046930de12097b9d1d6f671ebe
chr22_100_guide_054	columba	timing	measured_1	4	0	0.655290	0.380915	0.169440	290284	14	d9abcf3e269963d774edd15ecfe3248bb12de76053f6fba41a9ca58879ce535c	62cdbb700ac6e400eb15d3c313f1c22cd0466e5941035e515b9a58218cbfa7d7
chr22_100_guide_055	columba	timing	measured_1	4	0	0.554937	0.354743	0.139873	290340	1	a3d6cd5055990fc10a7f55f785689720f3a06133f1b0f4568f98749ce2751038	cbf8fe25e09218949637c014c44b0ac6c41b7c9311afed997f16260a3c1fbf6a
chr22_100_guide_056	columba	timing	measured_1	4	0	0.555507	0.347099	0.165077	292580	1	4a6cdc3b90d2775c2496444fab6f836151cd422ec2c82a9bf758cde5414f2417	e3b0c44298fc1c149afbf4c8996fb92427ae41e4649b934ca495991b7852b855
chr22_100_guide_057	columba	timing	measured_1	4	0	1.359012	0.626980	0.349501	290832	587	783a46d43d98318f821fc86b8be9e506027471318fc62ea5c629dfb1aca5a195	62403cc55bceb18e3f7dc799bae6212084c8fd72be3b5f839029a386d7c94f53
chr22_100_guide_058	columba	timing	measured_1	4	0	0.555169	0.340503	0.154509	290376	1	b7517a16df61180265ec10a20cb33a003c3ea568992073591f20e96d81391119	b52ea0dac91d497aaec6f642a08329c4472b1d235792c856330e28a7c0b02c57
chr22_100_guide_059	columba	timing	measured_1	4	0	0.504588	0.327715	0.148336	292416	1	a6e8f7dbe8440152b018e778c86e594c220662576f7388bf74086116bfb557b5	0125d3c4984bdc22f6fcb221414dd3900ca99fecfcf592d4992e3000caf67fe4
chr22_100_guide_060	columba	timing	measured_1	4	0	0.555270	0.370368	0.127477	290364	1	96bacc0c5f62f5ee3cb64d6560e882e64673267447e8714383a4ab744f1c99a8	ccbb31fe1ebb9328fe27201916e87bd7c24b711b7b0b063a7f477755fe73cf70
chr22_100_guide_061	columba	timing	measured_1	4	0	0.555600	0.351585	0.151381	290568	1	9246314add68bcb309196485353ca32264aa9d97b65d40e3825659e7fa9e07c5	12cf0f82ebccaab6f5456eda16e6f1aa1c8c09e0e0b6bfe076d282d5294656c8
chr22_100_guide_062	columba	timing	measured_1	4	0	0.554827	0.367977	0.144250	294560	1	4832e7aa711ccdac22496f6cb8a979eec30369c372fca1b6aba1e3edfb12e8a1	e3b0c44298fc1c149afbf4c8996fb92427ae41e4649b934ca495991b7852b855
chr22_100_guide_063	columba	timing	measured_1	4	0	0.554654	0.333617	0.153882	290412	1	c4ca7ddc636638d7005d3e187756ba84185296e1c2585b41d0a7a856e2606213	696e651629a088ed51fa18bf92752b7cebcc5231944eb0da133c1b9ea7800ae7
chr22_100_guide_064	columba	timing	measured_1	4	0	0.555234	0.361374	0.143848	290340	1	b38f02456f345d872287da7f74b53691b169eb255cc35d11d103c308c700d2eb	80ee862860c0660e526ecb32b831aefab1ec8d289bb9d77c6b7b292513f4e728
chr22_100_guide_065	columba	timing	measured_1	4	0	0.555692	0.371118	0.139770	290208	1	4a6f7a313e251182f276be210f99075cb7bfa5275fa278d132ac27df6e713db1	e3b0c44298fc1c149afbf4c8996fb92427ae41e4649b934ca495991b7852b855
chr22_100_guide_066	columba	timing	measured_1	4	0	0.555307	0.340817	0.177672	290388	1	4802296ebbba9922a4ece696902be06427691049808ba406ed873a9a4a219f9c	5f467778f752a1aaed5df46d05a9a1b73450c302e12b8f1f7e33ddf845f2077e
chr22_100_guide_067	columba	timing	measured_1	4	0	0.504432	0.330300	0.148015	290460	1	0229a4fc79d3d37ddda05a4910899ff60fcd29aa41d3690d08b235deae1dd329	53b771ffaca11cb96d720daf7c16129376f1614689ba28d188fa0d0308cc5d07
chr22_100_guide_068	columba	timing	measured_1	4	0	0.554880	0.347155	0.150548	290432	2	d39c5b6762aa09453e14f55e106ab300ceb4955ee3d73b381937cbf2220ed042	fc6bbc4c65e692473cbf32ff151557635e2d1dd99e4b69c5ee3da000a109cea9
chr22_100_guide_069	columba	timing	measured_1	4	0	0.605078	0.377008	0.163940	290240	1	77885b288a794217926cbdc3f9557271a5584ca0a3525a33368ba9dfa0f79c36	5d430161443a2a46da19dfd91300b023436381d8acde81bd4858cc16663951ac
chr22_100_guide_070	columba	timing	measured_1	4	0	0.555172	0.354755	0.144538	291104	1	555a66e1753526673117e366fb233c844df0cfc38a64971866528e20e52f4ca2	daf225fd739240830663f4f6fa1add420c3d409ae734e31ecd3e9a98f65456bd
chr22_100_guide_071	columba	timing	measured_1	4	0	0.554411	0.351429	0.157895	290244	1	db50066ab5215e0ab40715d3e84c765c47977eb5d92e2f74fef9a37ee0c19f96	e3b0c44298fc1c149afbf4c8996fb92427ae41e4649b934ca495991b7852b855
chr22_100_guide_072	columba	timing	measured_1	4	0	0.555066	0.348710	0.164237	290336	1	a7389bd954eaa7a8f7c3e448a2ff3a3f4ef011b680d833fad933fd884d099eca	9b7501725ac0e846ebbf11d00696dd347ff96cf1e9b93286935af165a5a8fa66
chr22_100_guide_073	columba	timing	measured_1	4	0	0.555075	0.372742	0.158304	290304	1	850390cf00e784716c531f5e64380876ff07596af289e7ba34bc096bff075ecc	f44e84d998c57621965bbb72ae37ec201bf3185e3f28563924ad182f849d8046
chr22_100_guide_074	columba	timing	measured_1	4	0	0.906725	0.501187	0.233105	290656	15	97f0d8858f903bcb6a054b2a856681ae3d750161733d345ff4336bfc33819503	47727314b57ea803c5a3fa2d696319a895d425c026877c7342ec66d95555ff9d
chr22_100_guide_075	columba	timing	measured_1	4	0	0.908536	0.503183	0.248489	290632	690	2354f825ce61636eff2ebd9b9f04785099b672e2778924a5bfbd006333613cf6	7e96804198e52de0cf9624d7983a3fce1c16d78c3101a89c4b2d30f13556ce60
chr22_100_guide_076	columba	timing	measured_1	4	0	1.308834	0.622115	0.287047	290836	38	ca302eb1021b149cad0aa565a08684a3f95b4dc2d440c7d21ea5b8af132306eb	1486cd8c9af853f27a3bc3677c2cd49263a916b45c25f5b4df6be61b5d3536f6
chr22_100_guide_077	columba	timing	measured_1	4	0	0.504997	0.319863	0.165809	294412	1	e3869c3952dd0b0eb3e37141b1040c6f25b82c4e398011436f2219c75f8febe8	b9c553e0ccfe2ce660998762584c8775fddbac678c08f7828037c9b6239ea576
chr22_100_guide_078	columba	timing	measured_1	4	0	0.555317	0.361540	0.134040	290440	1	b32f95b3659bdf5efde0a545c93605a84811e1f51637e98948f88b66e0c918a9	e3b0c44298fc1c149afbf4c8996fb92427ae41e4649b934ca495991b7852b855
chr22_100_guide_079	columba	timing	measured_1	4	0	0.555495	0.364457	0.126173	292464	1	3719b9c87eb26bae46571444132aecd72ec6971081ed8592128ac8081655f637	ba8e3024a8dbd3ab92f3c3efd62af4339a44a56f1d02bd2d31d752a8b26c0e77
chr22_100_guide_080	columba	timing	measured_1	4	0	0.504908	0.326790	0.155097	292616	1	5c9d989f365df1d424483a28cbc77093b089ff7ebee8cd46972f309ff0b6db17	2f17411719ddcf823a39fa8532b48978e18ea71b4f65cc71e1b1d51840c18def
chr22_100_guide_081	columba	timing	measured_1	4	0	0.556466	0.353059	0.155958	290340	1	60f8b2bdc588b6b13527c78acc609879caa8defea9c72ada132dee63d52ad9bf	e3b0c44298fc1c149afbf4c8996fb92427ae41e4649b934ca495991b7852b855
chr22_100_guide_082	columba	timing	measured_1	4	0	0.554975	0.353789	0.154554	290436	1	8aa0d629b648d54d65dead9f626b4f79b04416d14abcb761ce6f8afd4c8d5a02	e3b0c44298fc1c149afbf4c8996fb92427ae41e4649b934ca495991b7852b855
chr22_100_guide_083	columba	timing	measured_1	4	0	0.605647	0.369596	0.165750	290304	1	1da030b92202db00fdf4fa746fa0de1c56a74c6415d7abf8e6e634730c0990ca	e8d6de60c3ba05b27001c144755f4d3ad082de5cdf0fdf5e9cf6b7717422195e
chr22_100_guide_084	columba	timing	measured_1	4	0	1.058586	0.630112	0.227498	292564	59	85f162921bfeefc97d3de55dbe3f97c5f8f6192ca4eb2dd40a561a137aa14173	5b15e8ffd7e3dbd341b4575d46e2dae3dfaa6a747317a1348b5b7768a37886c9
chr22_100_guide_085	columba	timing	measured_1	4	0	0.562144	0.354549	0.181549	290348	1	886f21508ef43139da65b3307d412b9c43af12390fb60b152be51f2961337117	e3b0c44298fc1c149afbf4c8996fb92427ae41e4649b934ca495991b7852b855
chr22_100_guide_086	columba	timing	measured_1	4	0	0.605179	0.376067	0.167881	292576	1	b49d937c3f713b95c07b0df4983659c5531f5062b2c8b309c93edf95c5d33253	fe8b505978787bbd7a6d3b5268bab52bb800793326eda2f064520359431dd393
chr22_100_guide_087	columba	timing	measured_1	4	0	0.910215	0.493867	0.207946	290340	5	7299c25e9e9229b69fae4918dbd7a3d10cf292aa3a5ae9e727231b52918c4ec1	e022cf39cf254e9d5e76a228fc4449c3751d849c1fa8e8eb5b7d348ead9de8a8
chr22_100_guide_088	columba	timing	measured_1	4	0	0.655362	0.414748	0.170094	290288	1	7b9ea615f9aa7e046adebd0e63adf8ebdc63c09e2a683a13ae5b9e9457fd8152	000abe2ead510b1e81f85058fe4a2422bdd56dfa268e082b10ff250075738f0e
chr22_100_guide_089	columba	timing	measured_1	4	0	0.605815	0.412657	0.159366	292488	1	790719bd8847db6a942f261864ea37c0ec15f7a4f400e0bd1eaf31a8e659f354	5747958b98329bf390adcb88fe0c55df552279978269e4428317edf8497c35fb
chr22_100_guide_090	columba	timing	measured_1	4	0	0.605636	0.333056	0.149087	290292	1	af0e7d04b9032b6ba55a507cdc6196da5e7f3adbce117a38bb6ba2d2fb078cba	bb969d4b02ddd34c284543e306e202b2336d7575aa86daa3e6466757c09fd92b
chr22_100_guide_091	columba	timing	measured_1	4	0	0.555440	0.344786	0.173329	290404	2	cf53e5c0ba2549b95ad7cc66f6caa57165a2d7ef971b8448816c1f5189dcba42	99ee76e9b64774c9369be8a6f72c896db95e3888b9d30ddcbc455b25e12e4601
chr22_100_guide_092	columba	timing	measured_1	4	0	1.006266	0.336227	0.176495	290416	1	36dc22934c7c02b9c1a4043e7fa71e9fab23fac626842ee0233fa0a19e8a4d8d	f9edfd1414c172b5a32e647be62f7efb9a1867b2825caa326cd197691299ad06
chr22_100_guide_093	columba	timing	measured_1	4	0	0.605744	0.353228	0.160548	293008	1	7c248ba9765e06499bdbdd56fa063150392f57bbcf49d7273e7a34148cb2a14e	cb99cf2cb5c76fa9de96c7d214883bdebf51068c4cfea4bec3c2c4a8fda8efb1
chr22_100_guide_094	columba	timing	measured_1	4	0	0.554889	0.346283	0.138583	292304	1	b129ef3c4f85946c1752fcdec67457fbfa137faf10c495dcfb79020726f0093a	e3b0c44298fc1c149afbf4c8996fb92427ae41e4649b934ca495991b7852b855
chr22_100_guide_095	columba	timing	measured_1	4	0	0.554657	0.335230	0.159937	290404	2	72cfccdb732c7f835e82aebb76ca4186954ee044989d4d3f165c230249e1ab41	8dd8d8e768aa6c5cd7d90852728b3841c27aebb8dbde3dfbf7f30997ce15d157
chr22_100_guide_096	columba	timing	measured_1	4	0	0.555171	0.364626	0.164397	292524	1	66356638d350f202a4fc3653512e2eb61d180a210d3b4874237620fdd88f45ac	96e1dce767526b5e03b01ea34764f33de2e58653d775c70a8355e05d5d77a707
chr22_100_guide_097	columba	timing	measured_1	4	0	0.605501	0.367570	0.188335	290428	1	ec3317eca52cb313be8b742bd84d70d8e9f8f3d3a8dfda83e632d9ec5b3e7472	c34143c4b66ce37c239db5fc991d73357da56a527f237f74e6df9d61bb22831f
chr22_100_guide_098	columba	timing	measured_1	4	0	0.710739	0.411268	0.208417	290400	9	6803cc83cccde78136058d3d854eb89cc05eab1188efe7c0cabebb43cb9eb17d	86060c0d0ba22165d0282d1cf92bc8afade2100bd1def809b1f81bb96b9678e3
chr22_100_guide_099	columba	timing	measured_1	4	0	0.605493	0.345133	0.189728	290248	4	1fd7872322173d0504d0c832d225fc1f16e4c6a2d976d3c96de80baf41629173	8b7f11de3ad2254629636c6d8342d71050f8c150a04e6c52ecefb6984e7ab6b5
chr22_100_guide_100	columba	timing	measured_1	4	0	0.655802	0.428723	0.168624	290384	2	4bb6e4f08a7316ba26ec3e6f894f79070071b55d78d6c1605a50035d0a1d9c79	43c575a7c9c47d3164a453eb851e84a8842b01388a4b2fe7c9503045ddc887e0
chr22_100_guide_001	columba	timing	measured_2	4	0	0.555588	0.344837	0.167083	290320	2	c788efd23026646b4da4b4a94736bffdb6646d5bb82e63ef3b54d008d2d7f496	5e6212673189b137868af231f3f49365db18929fbdc4915f13b52a1622522dba
chr22_100_guide_002	columba	timing	measured_2	4	0	0.755375	0.435581	0.190820	290412	21	f0937d09b482433febb72a3aa2951bd7a1099c3bb5c4e6ae5d7f40f51dfaf291	e925e6374c2b14f26ce352338d241501af5403cd20c2f7a0a66a7ff0957a82b9
chr22_100_guide_003	columba	timing	measured_2	4	0	0.655591	0.425600	0.165337	292604	856	ccc3d3b80ed309cc947744aeb419da762bf360cf65ee8f19caf6d89ef8540bb4	a0f43a78ac495168b63dc33958a840d4b629f46bd21e5ea36ebe2fd81ed8e956
chr22_100_guide_004	columba	timing	measured_2	4	0	0.757185	0.428053	0.186602	290520	1	691ce0260ac4ff8426decb079b6ec2efdf4680b3abaced64e9143840bccb9552	a4c7fcea839152b57f9d48000d08a15502fd89d0fd27949928e5d265dda849b7
chr22_100_guide_005	columba	timing	measured_2	4	0	0.554967	0.378600	0.151835	290464	1	95686fb2b7a30116b7ae2cc467351eaaf4c6f25cab6f6b7bc6dcc05f1c409532	011f515d83cd8b0bf4648cfa3d329bea0cb2939a7aabcbf319c9ccbd2ece994c
chr22_100_guide_006	columba	timing	measured_2	4	0	2.464315	1.100992	0.500566	293456	4	b8cc43f743b2bf2f0e12fa535de856dec45a7e724e169b206e17e024502350b1	9739780944683faaa4ef3f313f816b862f341378b37d0ab5c6f2f11c524f85ce
chr22_100_guide_007	columba	timing	measured_2	4	0	1.007017	0.515912	0.231543	290416	77	4ed0f166306be29e52512f6850c1b990c122568bfe38464c457a9cbc3cafab14	501f5c6c5e8d62ad0a7602fffd723666195a02b48240223d6a623d2bf75bc9d7
chr22_100_guide_008	columba	timing	measured_2	4	0	0.556602	0.333822	0.178997	292544	70	2525d9e467b0e235d87fec363306eb39498ebdd905157b97f69a01938142d417	587b33ffa851be62124e858db10a3ce0555e1fef7b9faa94a47115a7bf569d6a
chr22_100_guide_009	columba	timing	measured_2	4	0	0.606116	0.348860	0.188200	290352	4	958d7bb0d2bcce37cafabe02cb7bcd2515a249ee7abef00a06c7ca69afbeddfd	b26403da3df85946d6c7931e54a923877597a6d21517a6786edcfb4f3a684c5d
chr22_100_guide_010	columba	timing	measured_2	4	0	0.756269	0.418507	0.211752	290336	25	bbff78e8edf6476d0dd0cdd76f512cb705b72cd1e357220e1a380dbd5cb5874e	8283bb72468ef0f7298ae906c23d010c0d48c6574a33364a533179130f8c4875
chr22_100_guide_011	columba	timing	measured_2	4	0	0.557869	0.390510	0.121759	290596	21	ec592648254199539685feee5357d093e2e1ec0b8ee82c9ce1e89057db95c2aa	e3b0c44298fc1c149afbf4c8996fb92427ae41e4649b934ca495991b7852b855
chr22_100_guide_012	columba	timing	measured_2	4	0	0.555713	0.345876	0.170721	292460	8	9b00eaabadec78eddf839955f38b2c49038c64b495db9fc7cba00a4c5b16c2fd	e3b0c44298fc1c149afbf4c8996fb92427ae41e4649b934ca495991b7852b855
chr22_100_guide_013	columba	timing	measured_2	4	0	0.559282	0.343680	0.165717	290312	3	14d007c41b3efc0f49a5e3c8b2c1afbdbbf6448965f329277343a75661f62b72	e6ce59b275084995153a3e9c40a4958a8a70855f475daac144376dd269a555ec
chr22_100_guide_014	columba	timing	measured_2	4	0	0.605730	0.335951	0.199974	290368	193	18fa726a0532763a6a720243b5476e8492d4a0e21d88972a1590a5cc86c18f36	738f0679665e7cbee0e7647775b7e47573cdbc33c7d7463d5c01f8c75b0b7b5f
chr22_100_guide_015	columba	timing	measured_2	4	0	3.117991	1.181292	0.800741	291908	121	14607790ed2c2aa20854f98797286082d4f4e662c4918ba18d80b5c7cabdc3a3	42f93d194038db849260c18f78fe52cdc58775b7f60fd7a14fdf15a6b1f00b50
chr22_100_guide_016	columba	timing	measured_2	4	0	0.605644	0.389599	0.168859	290220	1	664ca84d364b11b722ac1aa282d988cb26faa580c3801fc71e980d0a2785483d	647a3c26fb0f04ad019100c4ab0390ab87ed5c84aadfe7a252bca70b1e3bd96d
chr22_100_guide_017	columba	timing	measured_2	4	0	2.213830	0.969374	0.472287	291260	65	443c9733648206d43672a968d8e97952afd65a9f31ce05d9d0565f64b1ea8a38	34e2228fdcbf823acbc1cf9a4520426f2726ceee2e2c487a482723b0e27f4c06
chr22_100_guide_018	columba	timing	measured_2	4	0	0.655341	0.395321	0.191019	290272	2	5c632dfc921b715b635c61d386497b7131eb4348bb520ea4a5cd13ab53ef1e7a	23e8f4ffff162fdc2e25089c32203c22ccb5ac9c66770c9b5d4a6408cc154ffb
chr22_100_guide_019	columba	timing	measured_2	4	0	0.555006	0.341190	0.162391	290864	1	6cdd7ce54810d5bc4f6f9e343cba7e89b5868d4aa230081223fa53049a31ac4f	dc56e723a41ad2b033072b1d35240963852ef67de09ef8478a44d1daa4a0e78a
chr22_100_guide_020	columba	timing	measured_2	4	0	0.806239	0.405722	0.247817	290260	7	e201d7cfc5ec4a9979af6c9a236130b8f36d6e0e4dcfef596b106dbc39010303	b458b467a03688a50351b56d6e3c449c56ad4edc944351aafb91ac49def2d89e
chr22_100_guide_021	columba	timing	measured_2	4	0	0.555094	0.320132	0.193021	290468	1	70d3142b6438b2233c1a63a2ac833233a13a2d75bf75339f1fccaff2fa81b453	d56d96fe98b333f362ee9bd6376532e8bc00f0bfcb42456116b5b2cd748bb70d
chr22_100_guide_022	columba	timing	measured_2	4	0	2.162000	1.001418	0.518617	291424	1	6b72b7d58a6bb9700568183d8342e8f3bc79c45ffa1f7e46c161effbf9985c5d	1bdc42a6859b8b52c1db369907a7439fdf814d31ad0591c6948691ed396edcd1
chr22_100_guide_023	columba	timing	measured_2	4	0	0.659294	0.442291	0.153310	290428	149	5664c285cf2f5ae0137ca1a22d1cb40e7231faecf6a27ae4223e67a75ccdd033	94dca88f98f958fa1bf19db4e20642e9042142e03f3cac411aff6176a087ef1e
chr22_100_guide_024	columba	timing	measured_2	4	0	0.806249	0.443533	0.207563	293468	2	bcee63120e7a1ad9985f53ede79aec2d8e27e6be8190904374c9bd2675cce1d4	20e0d047a90eb941c28e7c3eadd3682e2d2baa7519ca17df715655ce2d25a138
chr22_100_guide_025	columba	timing	measured_2	4	0	2.764963	1.333388	0.543371	292288	3309	2bcf3c36d3005ad0fb22c942310e9ac2be633eecc1be15596d48b67e278c7fd2	bbeec566678f9402686af8dfc82c742950a8cca1a8132401323a9ab6a130af25
chr22_100_guide_026	columba	timing	measured_2	4	0	2.919779	1.220132	0.581911	291732	64	74ee2057f2511f0387c90decf264283593386e47d9b30347bc9921ddcc60dd17	24451543d4981af6965232fc89a42aae084c85b1effd413db55357f5b81b7551
chr22_100_guide_027	columba	timing	measured_2	4	0	0.604893	0.340638	0.187507	290512	2	a7610eb051e87a34826545d10fcf8102943e8611a97a657a33ec94ff2afe4c13	ca6032de9107568e011efa775fb138933bc1f4163d835edc39d12e948093dfde
chr22_100_guide_028	columba	timing	measured_2	4	0	0.605672	0.375144	0.169395	292748	2001	01e49abccf673768fbd38172e9592aef60a9ffa738fefa147d463cc2893ff852	6ab1cb25283fe19a6bfd4fcd5c48da2d87969a73970cab771254caf7f66a6287
chr22_100_guide_029	columba	timing	measured_2	4	0	0.655127	0.365655	0.208302	292740	1862	023a0db1667cffab02ece840deaeba274e313dbe75e80a569d4eb1e108049a70	d4e0a36311e4ca8e67b4e69d062e253606ee8ba50c03ffb98d71774fa810bdfb
chr22_100_guide_030	columba	timing	measured_2	4	0	1.510318	0.878431	0.342027	291216	2155	d29f1e6c8cefac25b1c219eeb22083b707ccd515357f995e1d890f815157db21	2438973516059989d2cd3180bc4fb2a1b25b52a873009a27bebbfc598f668a22
chr22_100_guide_031	columba	timing	measured_2	4	0	1.610666	0.771837	0.353561	291156	2	5d5573821365e7bc8b578e4c8587ad85cc0ce7e73cc826859074ffc07c945a42	6d757fd7aeea9c62de2f65f7620c111ca2fee818c410d59cbc0beeac17789d75
chr22_100_guide_032	columba	timing	measured_2	4	0	0.554678	0.352654	0.171376	290516	1	c25a6440be62186e25b0f165358d0d0900b923751f80af6ee5c27f0f29a85af6	5bcc52812e3cd79f2c949096180d3f1ac01ae06d29eea04285bba87168ded8f9
chr22_100_guide_033	columba	timing	measured_2	4	0	0.555338	0.324958	0.192865	290288	1	0effc63d85fa97f691908ce0321ab857ae6f08fabd2480f35c83ff81e76c9f0e	6be499e878bb8835b2d0095d754911ca511e88d92eb98ee972ab04a1f8c00a0b
chr22_100_guide_034	columba	timing	measured_2	4	0	0.554950	0.351795	0.171333	290604	1	b799f84402b88ca7eda644ce1b5b5eb56c02b09c04d62fc51c4c70dc76c6b583	4f6dc5b5a164eea9ba79b4a4c7ee686bbb2ef32b24b407949991d9e320496ddb
chr22_100_guide_035	columba	timing	measured_2	4	0	0.656429	0.395903	0.198420	290344	10	26e2eb81897f587da39402739a7f851313f0bf1adff27623b341a24f6d65d55b	99ec977a326ca10c3e115b1ced26f639f311e55f5d55485ff6a9c48c4655ed96
chr22_100_guide_036	columba	timing	measured_2	4	0	0.605876	0.355882	0.180248	290416	1	d902219eeefe3ff64202f082d0493776f51eb4ff2b0f1167c0e670f923533dc4	561879fe16bf8d8d845615014aafa1348557dc2b653402bc983228fe11f91985
chr22_100_guide_037	columba	timing	measured_2	4	0	0.555217	0.340357	0.159724	291268	1	87a59470956d0b27daf38e5e39ded5e150cdea0e868b3bb38ed13ec71694f010	e3b0c44298fc1c149afbf4c8996fb92427ae41e4649b934ca495991b7852b855
chr22_100_guide_038	columba	timing	measured_2	4	0	0.605522	0.382687	0.146120	290480	1	029b4bae64ebbe3decac5715b992bb89ceb0731276cd7cd8566eaca4250537b4	d19c36693df71437a3e971b04638d4c55f47a0d94d8887a1c6ebbec6f71e8046
chr22_100_guide_039	columba	timing	measured_2	4	0	0.605824	0.349223	0.164622	290424	1	a699d8af011bf9deb858b41d0fae396d8cff7641f7f0fffbf757531340e4d266	e3b0c44298fc1c149afbf4c8996fb92427ae41e4649b934ca495991b7852b855
chr22_100_guide_040	columba	timing	measured_2	4	0	0.605577	0.359589	0.171322	290512	1	4390a33a35b7293befeadb9fa60eb9d4727d057633aeb9a93007f6581228ca97	7e3c0298e47ada9502fe1ab91e5aed0852345691cf2da9d42a3b3bb1585655fc
chr22_100_guide_041	columba	timing	measured_2	4	0	0.605657	0.386640	0.165663	292344	1	3e8108b8109dce3b65881841a62543e3eb3ba821fff9bc76b9b5e43ac8c75d77	30d5bd1a2fd8f421e7be29640f109fecf4e022892dc5732c56ef1b76e1f5233b
chr22_100_guide_042	columba	timing	measured_2	4	0	0.554521	0.325308	0.185067	290268	1	5924fcb39f9667884df027edda8f627478be6271057a2d69844c736321e3169f	e3b0c44298fc1c149afbf4c8996fb92427ae41e4649b934ca495991b7852b855
chr22_100_guide_043	columba	timing	measured_2	4	0	0.708578	0.425016	0.177708	290432	2	453049c36d105d5fc369042ca0ab1a96b8b895a916b5c2f187ec168c02aae659	6a4a76d7576dcdf483edf9f4bfebf4e97bedcea9c2681ce642817147f17c17a9
chr22_100_guide_044	columba	timing	measured_2	4	0	0.604816	0.354031	0.142550	290316	2	4f1d85930718319dee2874ba1c96e3f8e80885b044e2550d9d3285234eb16d34	ac80b04a88870303112f4ee98ea5b95636d0b8b35af5c52fb77c23238f1648db
chr22_100_guide_045	columba	timing	measured_2	4	0	0.555350	0.377409	0.137928	290284	1	7e528a989c31c40be279492b74efb2b32bbafcb76168ffa5ecf4da003dd2852c	dd567e27451842465f72c8df72e5b23a60f4533474e55b65999ba98af50e5e25
chr22_100_guide_046	columba	timing	measured_2	4	0	0.555918	0.366564	0.119098	290364	1	714554ca8eac6dff9bf1ea7bcd982ded36f466eaa79bea00a33e12ff4252393b	32b0fdb408a245e8ea00a9e3729e5f81f9093394a9fdef4348318ec666ad1e55
chr22_100_guide_047	columba	timing	measured_2	4	0	0.605488	0.345142	0.160306	290376	1	ca51411298336dbdfe2d1022ed02e74028dfbcd2e0e397a8224fce4f6017af72	b76583d8074d81b6123010653d515a4ff97310c43c5bf08081014d9154db7606
chr22_100_guide_048	columba	timing	measured_2	4	0	3.014637	0.340507	0.162583	290536	1	bc3b9f3f86cc8bbd34d0a114947da783ee284f28a9a17754f8b3028fd08951a9	e3b0c44298fc1c149afbf4c8996fb92427ae41e4649b934ca495991b7852b855
chr22_100_guide_049	columba	timing	measured_2	4	0	0.656672	0.332873	0.152386	292276	3	00230428f6d63582ec60d092b6bc6c689bf77cb21e9480a627f5e8c16d0dc979	42d1ec48cb0493956d77fad00767b6c2fed5e28ca7790d50779e46dd1957fd55
chr22_100_guide_050	columba	timing	measured_2	4	0	0.856609	0.466077	0.203236	290544	80	a3962782031d7a99caa2c5378ed324dd3f3d615a63e3f3246b35b7371cee0cde	76defb6e40a3b8e0ecc76033ed3e6b9c80b03fa159050eccc782c7a714c2d894
chr22_100_guide_051	columba	timing	measured_2	4	0	0.655405	0.354547	0.142967	290388	1	14ef5eacd0519bf8d6f3f1e421b2147ce2cef2d89992ac6bc3c0c6493049fd6f	b3f77e03add0f929849c64c186a0f6ee8168522805e29a074a8498ff01f34924
chr22_100_guide_052	columba	timing	measured_2	4	0	0.606524	0.341440	0.160122	290388	1	b743dcf20b0f8a4d8e1a343b97d48c58a0bc7fc4d1bb2a983a38d2078d740fcd	2948117454b190d6eeeaca3bc94a2bf5793d77da14d80a9f2def8405cee8a845
chr22_100_guide_053	columba	timing	measured_2	4	0	0.655163	0.330838	0.159272	290384	1	7f92fd7dddc708c2b3ec905f92a74e766b81d6ff9eaf13b4dc9c11ff5e96767a	eb38c77d3364d29cf9b4a0c82bd850e49266e1046930de12097b9d1d6f671ebe
chr22_100_guide_054	columba	timing	measured_2	4	0	0.656047	0.382279	0.153345	290484	14	d9abcf3e269963d774edd15ecfe3248bb12de76053f6fba41a9ca58879ce535c	62cdbb700ac6e400eb15d3c313f1c22cd0466e5941035e515b9a58218cbfa7d7
chr22_100_guide_055	columba	timing	measured_2	4	0	0.604860	0.353039	0.175907	290496	1	a3d6cd5055990fc10a7f55f785689720f3a06133f1b0f4568f98749ce2751038	cbf8fe25e09218949637c014c44b0ac6c41b7c9311afed997f16260a3c1fbf6a
chr22_100_guide_056	columba	timing	measured_2	4	0	0.604927	0.341205	0.179580	290356	1	4a6cdc3b90d2775c2496444fab6f836151cd422ec2c82a9bf758cde5414f2417	e3b0c44298fc1c149afbf4c8996fb92427ae41e4649b934ca495991b7852b855
chr22_100_guide_057	columba	timing	measured_2	4	0	1.408782	0.662043	0.317062	290932	587	783a46d43d98318f821fc86b8be9e506027471318fc62ea5c629dfb1aca5a195	62403cc55bceb18e3f7dc799bae6212084c8fd72be3b5f839029a386d7c94f53
chr22_100_guide_058	columba	timing	measured_2	4	0	0.605059	0.358674	0.131215	290504	1	b7517a16df61180265ec10a20cb33a003c3ea568992073591f20e96d81391119	b52ea0dac91d497aaec6f642a08329c4472b1d235792c856330e28a7c0b02c57
chr22_100_guide_059	columba	timing	measured_2	4	0	0.554875	0.347329	0.137441	290372	1	a6e8f7dbe8440152b018e778c86e594c220662576f7388bf74086116bfb557b5	0125d3c4984bdc22f6fcb221414dd3900ca99fecfcf592d4992e3000caf67fe4
chr22_100_guide_060	columba	timing	measured_2	4	0	0.554634	0.328185	0.160865	290344	1	96bacc0c5f62f5ee3cb64d6560e882e64673267447e8714383a4ab744f1c99a8	ccbb31fe1ebb9328fe27201916e87bd7c24b711b7b0b063a7f477755fe73cf70
chr22_100_guide_061	columba	timing	measured_2	4	0	0.656023	0.361189	0.173728	290296	1	9246314add68bcb309196485353ca32264aa9d97b65d40e3825659e7fa9e07c5	12cf0f82ebccaab6f5456eda16e6f1aa1c8c09e0e0b6bfe076d282d5294656c8
chr22_100_guide_062	columba	timing	measured_2	4	0	0.606238	0.360586	0.174522	291332	1	4832e7aa711ccdac22496f6cb8a979eec30369c372fca1b6aba1e3edfb12e8a1	e3b0c44298fc1c149afbf4c8996fb92427ae41e4649b934ca495991b7852b855
chr22_100_guide_063	columba	timing	measured_2	4	0	0.554537	0.346264	0.147282	290492	1	c4ca7ddc636638d7005d3e187756ba84185296e1c2585b41d0a7a856e2606213	696e651629a088ed51fa18bf92752b7cebcc5231944eb0da133c1b9ea7800ae7
chr22_100_guide_064	columba	timing	measured_2	4	0	0.556426	0.330691	0.158189	290452	1	b38f02456f345d872287da7f74b53691b169eb255cc35d11d103c308c700d2eb	80ee862860c0660e526ecb32b831aefab1ec8d289bb9d77c6b7b292513f4e728
chr22_100_guide_065	columba	timing	measured_2	4	0	0.907448	0.335932	0.134625	290428	1	4a6f7a313e251182f276be210f99075cb7bfa5275fa278d132ac27df6e713db1	e3b0c44298fc1c149afbf4c8996fb92427ae41e4649b934ca495991b7852b855
chr22_100_guide_066	columba	timing	measured_2	4	0	0.555475	0.335404	0.177055	292580	1	4802296ebbba9922a4ece696902be06427691049808ba406ed873a9a4a219f9c	5f467778f752a1aaed5df46d05a9a1b73450c302e12b8f1f7e33ddf845f2077e
chr22_100_guide_067	columba	timing	measured_2	4	0	0.555088	0.346089	0.157215	290368	1	0229a4fc79d3d37ddda05a4910899ff60fcd29aa41d3690d08b235deae1dd329	53b771ffaca11cb96d720daf7c16129376f1614689ba28d188fa0d0308cc5d07
chr22_100_guide_068	columba	timing	measured_2	4	0	0.658808	0.428547	0.197482	292428	2	d39c5b6762aa09453e14f55e106ab300ceb4955ee3d73b381937cbf2220ed042	fc6bbc4c65e692473cbf32ff151557635e2d1dd99e4b69c5ee3da000a109cea9
chr22_100_guide_069	columba	timing	measured_2	4	0	0.605180	0.378245	0.178696	290420	1	77885b288a794217926cbdc3f9557271a5584ca0a3525a33368ba9dfa0f79c36	5d430161443a2a46da19dfd91300b023436381d8acde81bd4858cc16663951ac
chr22_100_guide_070	columba	timing	measured_2	4	0	0.504834	0.333073	0.139051	292492	1	555a66e1753526673117e366fb233c844df0cfc38a64971866528e20e52f4ca2	daf225fd739240830663f4f6fa1add420c3d409ae734e31ecd3e9a98f65456bd
chr22_100_guide_071	columba	timing	measured_2	4	0	0.657042	0.442425	0.146716	290508	1	db50066ab5215e0ab40715d3e84c765c47977eb5d92e2f74fef9a37ee0c19f96	e3b0c44298fc1c149afbf4c8996fb92427ae41e4649b934ca495991b7852b855
chr22_100_guide_072	columba	timing	measured_2	4	0	0.608648	0.413796	0.153011	290316	1	a7389bd954eaa7a8f7c3e448a2ff3a3f4ef011b680d833fad933fd884d099eca	9b7501725ac0e846ebbf11d00696dd347ff96cf1e9b93286935af165a5a8fa66
chr22_100_guide_073	columba	timing	measured_2	4	0	0.504222	0.327172	0.151053	290504	1	850390cf00e784716c531f5e64380876ff07596af289e7ba34bc096bff075ecc	f44e84d998c57621965bbb72ae37ec201bf3185e3f28563924ad182f849d8046
chr22_100_guide_074	columba	timing	measured_2	4	0	0.856758	0.471191	0.216129	290304	15	97f0d8858f903bcb6a054b2a856681ae3d750161733d345ff4336bfc33819503	47727314b57ea803c5a3fa2d696319a895d425c026877c7342ec66d95555ff9d
chr22_100_guide_075	columba	timing	measured_2	4	0	0.755702	0.436886	0.196532	292404	690	2354f825ce61636eff2ebd9b9f04785099b672e2778924a5bfbd006333613cf6	7e96804198e52de0cf9624d7983a3fce1c16d78c3101a89c4b2d30f13556ce60
chr22_100_guide_076	columba	timing	measured_2	4	0	1.260446	0.621648	0.323961	290672	38	ca302eb1021b149cad0aa565a08684a3f95b4dc2d440c7d21ea5b8af132306eb	1486cd8c9af853f27a3bc3677c2cd49263a916b45c25f5b4df6be61b5d3536f6
chr22_100_guide_077	columba	timing	measured_2	4	0	0.554511	0.327808	0.160477	290328	1	e3869c3952dd0b0eb3e37141b1040c6f25b82c4e398011436f2219c75f8febe8	b9c553e0ccfe2ce660998762584c8775fddbac678c08f7828037c9b6239ea576
chr22_100_guide_078	columba	timing	measured_2	4	0	0.554588	0.359897	0.156067	290332	1	b32f95b3659bdf5efde0a545c93605a84811e1f51637e98948f88b66e0c918a9	e3b0c44298fc1c149afbf4c8996fb92427ae41e4649b934ca495991b7852b855
chr22_100_guide_079	columba	timing	measured_2	4	0	0.555751	0.339674	0.177041	290528	1	3719b9c87eb26bae46571444132aecd72ec6971081ed8592128ac8081655f637	ba8e3024a8dbd3ab92f3c3efd62af4339a44a56f1d02bd2d31d752a8b26c0e77
chr22_100_guide_080	columba	timing	measured_2	4	0	0.604908	0.354590	0.155061	290316	1	5c9d989f365df1d424483a28cbc77093b089ff7ebee8cd46972f309ff0b6db17	2f17411719ddcf823a39fa8532b48978e18ea71b4f65cc71e1b1d51840c18def
chr22_100_guide_081	columba	timing	measured_2	4	0	0.606931	0.412331	0.155223	290508	1	60f8b2bdc588b6b13527c78acc609879caa8defea9c72ada132dee63d52ad9bf	e3b0c44298fc1c149afbf4c8996fb92427ae41e4649b934ca495991b7852b855
chr22_100_guide_082	columba	timing	measured_2	4	0	0.554896	0.393161	0.144437	292376	1	8aa0d629b648d54d65dead9f626b4f79b04416d14abcb761ce6f8afd4c8d5a02	e3b0c44298fc1c149afbf4c8996fb92427ae41e4649b934ca495991b7852b855
chr22_100_guide_083	columba	timing	measured_2	4	0	0.554188	0.376052	0.130527	290612	1	1da030b92202db00fdf4fa746fa0de1c56a74c6415d7abf8e6e634730c0990ca	e8d6de60c3ba05b27001c144755f4d3ad082de5cdf0fdf5e9cf6b7717422195e
chr22_100_guide_084	columba	timing	measured_2	4	0	1.107277	0.580839	0.254957	290636	59	85f162921bfeefc97d3de55dbe3f97c5f8f6192ca4eb2dd40a561a137aa14173	5b15e8ffd7e3dbd341b4575d46e2dae3dfaa6a747317a1348b5b7768a37886c9
chr22_100_guide_085	columba	timing	measured_2	4	0	0.504623	0.345314	0.130968	294516	1	886f21508ef43139da65b3307d412b9c43af12390fb60b152be51f2961337117	e3b0c44298fc1c149afbf4c8996fb92427ae41e4649b934ca495991b7852b855
chr22_100_guide_086	columba	timing	measured_2	4	0	0.558235	0.361528	0.149372	290432	1	b49d937c3f713b95c07b0df4983659c5531f5062b2c8b309c93edf95c5d33253	fe8b505978787bbd7a6d3b5268bab52bb800793326eda2f064520359431dd393
chr22_100_guide_087	columba	timing	measured_2	4	0	0.906601	0.477650	0.233966	292692	5	7299c25e9e9229b69fae4918dbd7a3d10cf292aa3a5ae9e727231b52918c4ec1	e022cf39cf254e9d5e76a228fc4449c3751d849c1fa8e8eb5b7d348ead9de8a8
chr22_100_guide_088	columba	timing	measured_2	4	0	0.554639	0.356694	0.127062	290416	1	7b9ea615f9aa7e046adebd0e63adf8ebdc63c09e2a683a13ae5b9e9457fd8152	000abe2ead510b1e81f85058fe4a2422bdd56dfa268e082b10ff250075738f0e
chr22_100_guide_089	columba	timing	measured_2	4	0	0.554567	0.352651	0.143664	290164	1	790719bd8847db6a942f261864ea37c0ec15f7a4f400e0bd1eaf31a8e659f354	5747958b98329bf390adcb88fe0c55df552279978269e4428317edf8497c35fb
chr22_100_guide_090	columba	timing	measured_2	4	0	0.554873	0.329089	0.170871	290308	1	af0e7d04b9032b6ba55a507cdc6196da5e7f3adbce117a38bb6ba2d2fb078cba	bb969d4b02ddd34c284543e306e202b2336d7575aa86daa3e6466757c09fd92b
chr22_100_guide_091	columba	timing	measured_2	4	0	0.805676	0.344002	0.154656	290216	2	cf53e5c0ba2549b95ad7cc66f6caa57165a2d7ef971b8448816c1f5189dcba42	99ee76e9b64774c9369be8a6f72c896db95e3888b9d30ddcbc455b25e12e4601
chr22_100_guide_092	columba	timing	measured_2	4	0	0.605581	0.331598	0.178927	290440	1	36dc22934c7c02b9c1a4043e7fa71e9fab23fac626842ee0233fa0a19e8a4d8d	f9edfd1414c172b5a32e647be62f7efb9a1867b2825caa326cd197691299ad06
chr22_100_guide_093	columba	timing	measured_2	4	0	0.605559	0.344309	0.164148	290464	1	7c248ba9765e06499bdbdd56fa063150392f57bbcf49d7273e7a34148cb2a14e	cb99cf2cb5c76fa9de96c7d214883bdebf51068c4cfea4bec3c2c4a8fda8efb1
chr22_100_guide_094	columba	timing	measured_2	4	0	0.605443	0.388010	0.145447	290340	1	b129ef3c4f85946c1752fcdec67457fbfa137faf10c495dcfb79020726f0093a	e3b0c44298fc1c149afbf4c8996fb92427ae41e4649b934ca495991b7852b855
chr22_100_guide_095	columba	timing	measured_2	4	0	0.554754	0.347330	0.164015	290348	2	72cfccdb732c7f835e82aebb76ca4186954ee044989d4d3f165c230249e1ab41	8dd8d8e768aa6c5cd7d90852728b3841c27aebb8dbde3dfbf7f30997ce15d157
chr22_100_guide_096	columba	timing	measured_2	4	0	0.604962	0.350931	0.179662	290104	1	66356638d350f202a4fc3653512e2eb61d180a210d3b4874237620fdd88f45ac	96e1dce767526b5e03b01ea34764f33de2e58653d775c70a8355e05d5d77a707
chr22_100_guide_097	columba	timing	measured_2	4	0	0.604739	0.370652	0.135721	292388	1	ec3317eca52cb313be8b742bd84d70d8e9f8f3d3a8dfda83e632d9ec5b3e7472	c34143c4b66ce37c239db5fc991d73357da56a527f237f74e6df9d61bb22831f
chr22_100_guide_098	columba	timing	measured_2	4	0	0.705601	0.383791	0.176929	290308	9	6803cc83cccde78136058d3d854eb89cc05eab1188efe7c0cabebb43cb9eb17d	86060c0d0ba22165d0282d1cf92bc8afade2100bd1def809b1f81bb96b9678e3
chr22_100_guide_099	columba	timing	measured_2	4	0	0.605142	0.357549	0.174852	290296	4	1fd7872322173d0504d0c832d225fc1f16e4c6a2d976d3c96de80baf41629173	8b7f11de3ad2254629636c6d8342d71050f8c150a04e6c52ecefb6984e7ab6b5
chr22_100_guide_100	columba	timing	measured_2	4	0	0.555160	0.365109	0.138232	292272	2	4bb6e4f08a7316ba26ec3e6f894f79070071b55d78d6c1605a50035d0a1d9c79	43c575a7c9c47d3164a453eb851e84a8842b01388a4b2fe7c9503045ddc887e0
chr22_100_guide_001	columba	timing	measured_3	4	0	0.555052	0.322567	0.147184	290436	2	c788efd23026646b4da4b4a94736bffdb6646d5bb82e63ef3b54d008d2d7f496	5e6212673189b137868af231f3f49365db18929fbdc4915f13b52a1622522dba
chr22_100_guide_002	columba	timing	measured_3	4	0	1.112751	0.412779	0.245257	290644	21	f0937d09b482433febb72a3aa2951bd7a1099c3bb5c4e6ae5d7f40f51dfaf291	e925e6374c2b14f26ce352338d241501af5403cd20c2f7a0a66a7ff0957a82b9
chr22_100_guide_003	columba	timing	measured_3	4	0	0.705885	0.463028	0.177569	290548	856	ccc3d3b80ed309cc947744aeb419da762bf360cf65ee8f19caf6d89ef8540bb4	a0f43a78ac495168b63dc33958a840d4b629f46bd21e5ea36ebe2fd81ed8e956
chr22_100_guide_004	columba	timing	measured_3	4	0	0.705755	0.425776	0.135238	290260	1	691ce0260ac4ff8426decb079b6ec2efdf4680b3abaced64e9143840bccb9552	a4c7fcea839152b57f9d48000d08a15502fd89d0fd27949928e5d265dda849b7
chr22_100_guide_005	columba	timing	measured_3	4	0	0.504148	0.361348	0.123038	290364	1	95686fb2b7a30116b7ae2cc467351eaaf4c6f25cab6f6b7bc6dcc05f1c409532	011f515d83cd8b0bf4648cfa3d329bea0cb2939a7aabcbf319c9ccbd2ece994c
chr22_100_guide_006	columba	timing	measured_3	4	0	2.317339	1.158641	0.449192	292424	4	b8cc43f743b2bf2f0e12fa535de856dec45a7e724e169b206e17e024502350b1	9739780944683faaa4ef3f313f816b862f341378b37d0ab5c6f2f11c524f85ce
chr22_100_guide_007	columba	timing	measured_3	4	0	1.006633	0.528732	0.224857	290532	77	4ed0f166306be29e52512f6850c1b990c122568bfe38464c457a9cbc3cafab14	501f5c6c5e8d62ad0a7602fffd723666195a02b48240223d6a623d2bf75bc9d7
chr22_100_guide_008	columba	timing	measured_3	4	0	0.606626	0.369204	0.162809	290416	70	2525d9e467b0e235d87fec363306eb39498ebdd905157b97f69a01938142d417	587b33ffa851be62124e858db10a3ce0555e1fef7b9faa94a47115a7bf569d6a
chr22_100_guide_009	columba	timing	measured_3	4	0	0.554892	0.373695	0.115938	292448	4	958d7bb0d2bcce37cafabe02cb7bcd2515a249ee7abef00a06c7ca69afbeddfd	b26403da3df85946d6c7931e54a923877597a6d21517a6786edcfb4f3a684c5d
chr22_100_guide_010	columba	timing	measured_3	4	0	0.756576	0.414192	0.181844	290588	25	bbff78e8edf6476d0dd0cdd76f512cb705b72cd1e357220e1a380dbd5cb5874e	8283bb72468ef0f7298ae906c23d010c0d48c6574a33364a533179130f8c4875
chr22_100_guide_011	columba	timing	measured_3	4	0	0.706136	0.421114	0.174668	290664	21	ec592648254199539685feee5357d093e2e1ec0b8ee82c9ce1e89057db95c2aa	e3b0c44298fc1c149afbf4c8996fb92427ae41e4649b934ca495991b7852b855
chr22_100_guide_012	columba	timing	measured_3	4	0	0.706562	0.430379	0.166077	290512	8	9b00eaabadec78eddf839955f38b2c49038c64b495db9fc7cba00a4c5b16c2fd	e3b0c44298fc1c149afbf4c8996fb92427ae41e4649b934ca495991b7852b855
chr22_100_guide_013	columba	timing	measured_3	4	0	0.655579	0.338922	0.165446	290388	3	14d007c41b3efc0f49a5e3c8b2c1afbdbbf6448965f329277343a75661f62b72	e6ce59b275084995153a3e9c40a4958a8a70855f475daac144376dd269a555ec
chr22_100_guide_014	columba	timing	measured_3	4	0	0.604879	0.356088	0.164113	290268	193	18fa726a0532763a6a720243b5476e8492d4a0e21d88972a1590a5cc86c18f36	738f0679665e7cbee0e7647775b7e47573cdbc33c7d7463d5c01f8c75b0b7b5f
chr22_100_guide_015	columba	timing	measured_3	4	0	2.917670	1.188832	0.634911	291844	121	14607790ed2c2aa20854f98797286082d4f4e662c4918ba18d80b5c7cabdc3a3	42f93d194038db849260c18f78fe52cdc58775b7f60fd7a14fdf15a6b1f00b50
chr22_100_guide_016	columba	timing	measured_3	4	0	0.555218	0.337091	0.161428	290464	1	664ca84d364b11b722ac1aa282d988cb26faa580c3801fc71e980d0a2785483d	647a3c26fb0f04ad019100c4ab0390ab87ed5c84aadfe7a252bca70b1e3bd96d
chr22_100_guide_017	columba	timing	measured_3	4	0	1.810403	0.964211	0.328238	290992	65	443c9733648206d43672a968d8e97952afd65a9f31ce05d9d0565f64b1ea8a38	34e2228fdcbf823acbc1cf9a4520426f2726ceee2e2c487a482723b0e27f4c06
chr22_100_guide_018	columba	timing	measured_3	4	0	0.655389	0.384575	0.166080	290360	2	5c632dfc921b715b635c61d386497b7131eb4348bb520ea4a5cd13ab53ef1e7a	23e8f4ffff162fdc2e25089c32203c22ccb5ac9c66770c9b5d4a6408cc154ffb
chr22_100_guide_019	columba	timing	measured_3	4	0	0.554501	0.336456	0.161484	292388	1	6cdd7ce54810d5bc4f6f9e343cba7e89b5868d4aa230081223fa53049a31ac4f	dc56e723a41ad2b033072b1d35240963852ef67de09ef8478a44d1daa4a0e78a
chr22_100_guide_020	columba	timing	measured_3	4	0	0.857594	0.490362	0.219582	290412	7	e201d7cfc5ec4a9979af6c9a236130b8f36d6e0e4dcfef596b106dbc39010303	b458b467a03688a50351b56d6e3c449c56ad4edc944351aafb91ac49def2d89e
chr22_100_guide_021	columba	timing	measured_3	4	0	0.557121	0.367654	0.129687	292440	1	70d3142b6438b2233c1a63a2ac833233a13a2d75bf75339f1fccaff2fa81b453	d56d96fe98b333f362ee9bd6376532e8bc00f0bfcb42456116b5b2cd748bb70d
chr22_100_guide_022	columba	timing	measured_3	4	0	2.316586	0.951006	0.588468	292136	1	6b72b7d58a6bb9700568183d8342e8f3bc79c45ffa1f7e46c161effbf9985c5d	1bdc42a6859b8b52c1db369907a7439fdf814d31ad0591c6948691ed396edcd1
chr22_100_guide_023	columba	timing	measured_3	4	0	0.605315	0.391585	0.139244	290280	149	5664c285cf2f5ae0137ca1a22d1cb40e7231faecf6a27ae4223e67a75ccdd033	94dca88f98f958fa1bf19db4e20642e9042142e03f3cac411aff6176a087ef1e
chr22_100_guide_024	columba	timing	measured_3	4	0	0.756031	0.434234	0.169615	290340	2	bcee63120e7a1ad9985f53ede79aec2d8e27e6be8190904374c9bd2675cce1d4	20e0d047a90eb941c28e7c3eadd3682e2d2baa7519ca17df715655ce2d25a138
chr22_100_guide_025	columba	timing	measured_3	4	0	2.765331	1.245085	0.614046	294120	3309	2bcf3c36d3005ad0fb22c942310e9ac2be633eecc1be15596d48b67e278c7fd2	bbeec566678f9402686af8dfc82c742950a8cca1a8132401323a9ab6a130af25
chr22_100_guide_026	columba	timing	measured_3	4	0	2.766318	1.128093	0.641046	291616	64	74ee2057f2511f0387c90decf264283593386e47d9b30347bc9921ddcc60dd17	24451543d4981af6965232fc89a42aae084c85b1effd413db55357f5b81b7551
chr22_100_guide_027	columba	timing	measured_3	4	0	0.605070	0.374902	0.146235	290340	2	a7610eb051e87a34826545d10fcf8102943e8611a97a657a33ec94ff2afe4c13	ca6032de9107568e011efa775fb138933bc1f4163d835edc39d12e948093dfde
chr22_100_guide_028	columba	timing	measured_3	4	0	0.706074	0.374637	0.173343	290640	2001	01e49abccf673768fbd38172e9592aef60a9ffa738fefa147d463cc2893ff852	6ab1cb25283fe19a6bfd4fcd5c48da2d87969a73970cab771254caf7f66a6287
chr22_100_guide_029	columba	timing	measured_3	4	0	0.706687	0.412748	0.167576	292532	1862	023a0db1667cffab02ece840deaeba274e313dbe75e80a569d4eb1e108049a70	d4e0a36311e4ca8e67b4e69d062e253606ee8ba50c03ffb98d71774fa810bdfb
chr22_100_guide_030	columba	timing	measured_3	4	0	1.459101	0.782790	0.330358	291028	2155	d29f1e6c8cefac25b1c219eeb22083b707ccd515357f995e1d890f815157db21	2438973516059989d2cd3180bc4fb2a1b25b52a873009a27bebbfc598f668a22
chr22_100_guide_031	columba	timing	measured_3	4	0	1.660539	0.683105	0.435098	290844	2	5d5573821365e7bc8b578e4c8587ad85cc0ce7e73cc826859074ffc07c945a42	6d757fd7aeea9c62de2f65f7620c111ca2fee818c410d59cbc0beeac17789d75
chr22_100_guide_032	columba	timing	measured_3	4	0	0.605499	0.360406	0.164010	290464	1	c25a6440be62186e25b0f165358d0d0900b923751f80af6ee5c27f0f29a85af6	5bcc52812e3cd79f2c949096180d3f1ac01ae06d29eea04285bba87168ded8f9
chr22_100_guide_033	columba	timing	measured_3	4	0	0.605985	0.352554	0.176574	292364	1	0effc63d85fa97f691908ce0321ab857ae6f08fabd2480f35c83ff81e76c9f0e	6be499e878bb8835b2d0095d754911ca511e88d92eb98ee972ab04a1f8c00a0b
chr22_100_guide_034	columba	timing	measured_3	4	0	0.555054	0.356367	0.134320	290484	1	b799f84402b88ca7eda644ce1b5b5eb56c02b09c04d62fc51c4c70dc76c6b583	4f6dc5b5a164eea9ba79b4a4c7ee686bbb2ef32b24b407949991d9e320496ddb
chr22_100_guide_035	columba	timing	measured_3	4	0	0.605310	0.374152	0.165461	290328	10	26e2eb81897f587da39402739a7f851313f0bf1adff27623b341a24f6d65d55b	99ec977a326ca10c3e115b1ced26f639f311e55f5d55485ff6a9c48c4655ed96
chr22_100_guide_036	columba	timing	measured_3	4	0	0.605018	0.353032	0.173273	292488	1	d902219eeefe3ff64202f082d0493776f51eb4ff2b0f1167c0e670f923533dc4	561879fe16bf8d8d845615014aafa1348557dc2b653402bc983228fe11f91985
chr22_100_guide_037	columba	timing	measured_3	4	0	0.554933	0.350001	0.156532	290536	1	87a59470956d0b27daf38e5e39ded5e150cdea0e868b3bb38ed13ec71694f010	e3b0c44298fc1c149afbf4c8996fb92427ae41e4649b934ca495991b7852b855
chr22_100_guide_038	columba	timing	measured_3	4	0	0.606407	0.348241	0.177716	290356	1	029b4bae64ebbe3decac5715b992bb89ceb0731276cd7cd8566eaca4250537b4	d19c36693df71437a3e971b04638d4c55f47a0d94d8887a1c6ebbec6f71e8046
chr22_100_guide_039	columba	timing	measured_3	4	0	0.555198	0.335015	0.146358	292392	1	a699d8af011bf9deb858b41d0fae396d8cff7641f7f0fffbf757531340e4d266	e3b0c44298fc1c149afbf4c8996fb92427ae41e4649b934ca495991b7852b855
chr22_100_guide_040	columba	timing	measured_3	4	0	0.556899	0.370741	0.124671	290468	1	4390a33a35b7293befeadb9fa60eb9d4727d057633aeb9a93007f6581228ca97	7e3c0298e47ada9502fe1ab91e5aed0852345691cf2da9d42a3b3bb1585655fc
chr22_100_guide_041	columba	timing	measured_3	4	0	0.555630	0.350050	0.154582	292508	1	3e8108b8109dce3b65881841a62543e3eb3ba821fff9bc76b9b5e43ac8c75d77	30d5bd1a2fd8f421e7be29640f109fecf4e022892dc5732c56ef1b76e1f5233b
chr22_100_guide_042	columba	timing	measured_3	4	0	0.554982	0.339494	0.166157	290344	1	5924fcb39f9667884df027edda8f627478be6271057a2d69844c736321e3169f	e3b0c44298fc1c149afbf4c8996fb92427ae41e4649b934ca495991b7852b855
chr22_100_guide_043	columba	timing	measured_3	4	0	1.559715	0.356641	0.189773	292484	2	453049c36d105d5fc369042ca0ab1a96b8b895a916b5c2f187ec168c02aae659	6a4a76d7576dcdf483edf9f4bfebf4e97bedcea9c2681ce642817147f17c17a9
chr22_100_guide_044	columba	timing	measured_3	4	0	0.606867	0.328650	0.196809	292612	2	4f1d85930718319dee2874ba1c96e3f8e80885b044e2550d9d3285234eb16d34	ac80b04a88870303112f4ee98ea5b95636d0b8b35af5c52fb77c23238f1648db
chr22_100_guide_045	columba	timing	measured_3	4	0	0.556024	0.352096	0.140247	290268	1	7e528a989c31c40be279492b74efb2b32bbafcb76168ffa5ecf4da003dd2852c	dd567e27451842465f72c8df72e5b23a60f4533474e55b65999ba98af50e5e25
chr22_100_guide_046	columba	timing	measured_3	4	0	0.555470	0.338563	0.177332	292528	1	714554ca8eac6dff9bf1ea7bcd982ded36f466eaa79bea00a33e12ff4252393b	32b0fdb408a245e8ea00a9e3729e5f81f9093394a9fdef4348318ec666ad1e55
chr22_100_guide_047	columba	timing	measured_3	4	0	0.604929	0.383546	0.188255	290316	1	ca51411298336dbdfe2d1022ed02e74028dfbcd2e0e397a8224fce4f6017af72	b76583d8074d81b6123010653d515a4ff97310c43c5bf08081014d9154db7606
chr22_100_guide_048	columba	timing	measured_3	4	0	0.555170	0.349644	0.159434	290312	1	bc3b9f3f86cc8bbd34d0a114947da783ee284f28a9a17754f8b3028fd08951a9	e3b0c44298fc1c149afbf4c8996fb92427ae41e4649b934ca495991b7852b855
chr22_100_guide_049	columba	timing	measured_3	4	0	0.555290	0.355936	0.153243	290272	3	00230428f6d63582ec60d092b6bc6c689bf77cb21e9480a627f5e8c16d0dc979	42d1ec48cb0493956d77fad00767b6c2fed5e28ca7790d50779e46dd1957fd55
chr22_100_guide_050	columba	timing	measured_3	4	0	0.908000	0.513726	0.230256	292504	80	a3962782031d7a99caa2c5378ed324dd3f3d615a63e3f3246b35b7371cee0cde	76defb6e40a3b8e0ecc76033ed3e6b9c80b03fa159050eccc782c7a714c2d894
chr22_100_guide_051	columba	timing	measured_3	4	0	0.605363	0.385397	0.136836	290580	1	14ef5eacd0519bf8d6f3f1e421b2147ce2cef2d89992ac6bc3c0c6493049fd6f	b3f77e03add0f929849c64c186a0f6ee8168522805e29a074a8498ff01f34924
chr22_100_guide_052	columba	timing	measured_3	4	0	0.554972	0.331527	0.182848	292388	1	b743dcf20b0f8a4d8e1a343b97d48c58a0bc7fc4d1bb2a983a38d2078d740fcd	2948117454b190d6eeeaca3bc94a2bf5793d77da14d80a9f2def8405cee8a845
chr22_100_guide_053	columba	timing	measured_3	4	0	0.605538	0.421482	0.151641	292424	1	7f92fd7dddc708c2b3ec905f92a74e766b81d6ff9eaf13b4dc9c11ff5e96767a	eb38c77d3364d29cf9b4a0c82bd850e49266e1046930de12097b9d1d6f671ebe
chr22_100_guide_054	columba	timing	measured_3	4	0	0.655219	0.379899	0.173877	290340	14	d9abcf3e269963d774edd15ecfe3248bb12de76053f6fba41a9ca58879ce535c	62cdbb700ac6e400eb15d3c313f1c22cd0466e5941035e515b9a58218cbfa7d7
chr22_100_guide_055	columba	timing	measured_3	4	0	0.605512	0.358673	0.171810	292328	1	a3d6cd5055990fc10a7f55f785689720f3a06133f1b0f4568f98749ce2751038	cbf8fe25e09218949637c014c44b0ac6c41b7c9311afed997f16260a3c1fbf6a
chr22_100_guide_056	columba	timing	measured_3	4	0	0.556233	0.339507	0.175876	292352	1	4a6cdc3b90d2775c2496444fab6f836151cd422ec2c82a9bf758cde5414f2417	e3b0c44298fc1c149afbf4c8996fb92427ae41e4649b934ca495991b7852b855
chr22_100_guide_057	columba	timing	measured_3	4	0	1.459891	0.641997	0.376493	292676	587	783a46d43d98318f821fc86b8be9e506027471318fc62ea5c629dfb1aca5a195	62403cc55bceb18e3f7dc799bae6212084c8fd72be3b5f839029a386d7c94f53
chr22_100_guide_058	columba	timing	measured_3	4	0	0.554989	0.342254	0.143941	290516	1	b7517a16df61180265ec10a20cb33a003c3ea568992073591f20e96d81391119	b52ea0dac91d497aaec6f642a08329c4472b1d235792c856330e28a7c0b02c57
chr22_100_guide_059	columba	timing	measured_3	4	0	0.555465	0.348815	0.150609	290496	1	a6e8f7dbe8440152b018e778c86e594c220662576f7388bf74086116bfb557b5	0125d3c4984bdc22f6fcb221414dd3900ca99fecfcf592d4992e3000caf67fe4
chr22_100_guide_060	columba	timing	measured_3	4	0	0.555862	0.352347	0.175621	292460	1	96bacc0c5f62f5ee3cb64d6560e882e64673267447e8714383a4ab744f1c99a8	ccbb31fe1ebb9328fe27201916e87bd7c24b711b7b0b063a7f477755fe73cf70
chr22_100_guide_061	columba	timing	measured_3	4	0	0.555302	0.344987	0.162470	290300	1	9246314add68bcb309196485353ca32264aa9d97b65d40e3825659e7fa9e07c5	12cf0f82ebccaab6f5456eda16e6f1aa1c8c09e0e0b6bfe076d282d5294656c8
chr22_100_guide_062	columba	timing	measured_3	4	0	0.555705	0.332238	0.196244	290516	1	4832e7aa711ccdac22496f6cb8a979eec30369c372fca1b6aba1e3edfb12e8a1	e3b0c44298fc1c149afbf4c8996fb92427ae41e4649b934ca495991b7852b855
chr22_100_guide_063	columba	timing	measured_3	4	0	0.555455	0.365308	0.138802	292340	1	c4ca7ddc636638d7005d3e187756ba84185296e1c2585b41d0a7a856e2606213	696e651629a088ed51fa18bf92752b7cebcc5231944eb0da133c1b9ea7800ae7
chr22_100_guide_064	columba	timing	measured_3	4	0	0.605446	0.339491	0.191478	290476	1	b38f02456f345d872287da7f74b53691b169eb255cc35d11d103c308c700d2eb	80ee862860c0660e526ecb32b831aefab1ec8d289bb9d77c6b7b292513f4e728
chr22_100_guide_065	columba	timing	measured_3	4	0	0.554892	0.351844	0.144246	290548	1	4a6f7a313e251182f276be210f99075cb7bfa5275fa278d132ac27df6e713db1	e3b0c44298fc1c149afbf4c8996fb92427ae41e4649b934ca495991b7852b855
chr22_100_guide_066	columba	timing	measured_3	4	0	0.605425	0.345094	0.176346	290396	1	4802296ebbba9922a4ece696902be06427691049808ba406ed873a9a4a219f9c	5f467778f752a1aaed5df46d05a9a1b73450c302e12b8f1f7e33ddf845f2077e
chr22_100_guide_067	columba	timing	measured_3	4	0	0.555146	0.333441	0.150685	290464	1	0229a4fc79d3d37ddda05a4910899ff60fcd29aa41d3690d08b235deae1dd329	53b771ffaca11cb96d720daf7c16129376f1614689ba28d188fa0d0308cc5d07
chr22_100_guide_068	columba	timing	measured_3	4	0	0.555764	0.331346	0.149209	290420	2	d39c5b6762aa09453e14f55e106ab300ceb4955ee3d73b381937cbf2220ed042	fc6bbc4c65e692473cbf32ff151557635e2d1dd99e4b69c5ee3da000a109cea9
chr22_100_guide_069	columba	timing	measured_3	4	0	0.555014	0.379319	0.134299	292468	1	77885b288a794217926cbdc3f9557271a5584ca0a3525a33368ba9dfa0f79c36	5d430161443a2a46da19dfd91300b023436381d8acde81bd4858cc16663951ac
chr22_100_guide_070	columba	timing	measured_3	4	0	0.610339	0.417827	0.149822	290444	1	555a66e1753526673117e366fb233c844df0cfc38a64971866528e20e52f4ca2	daf225fd739240830663f4f6fa1add420c3d409ae734e31ecd3e9a98f65456bd
chr22_100_guide_071	columba	timing	measured_3	4	0	0.554808	0.356730	0.132197	290492	1	db50066ab5215e0ab40715d3e84c765c47977eb5d92e2f74fef9a37ee0c19f96	e3b0c44298fc1c149afbf4c8996fb92427ae41e4649b934ca495991b7852b855
chr22_100_guide_072	columba	timing	measured_3	4	0	0.655813	0.411803	0.162164	290416	1	a7389bd954eaa7a8f7c3e448a2ff3a3f4ef011b680d833fad933fd884d099eca	9b7501725ac0e846ebbf11d00696dd347ff96cf1e9b93286935af165a5a8fa66
chr22_100_guide_073	columba	timing	measured_3	4	0	0.608658	0.360745	0.169954	292880	1	850390cf00e784716c531f5e64380876ff07596af289e7ba34bc096bff075ecc	f44e84d998c57621965bbb72ae37ec201bf3185e3f28563924ad182f849d8046
chr22_100_guide_074	columba	timing	measured_3	4	0	0.857327	0.437781	0.232152	290836	15	97f0d8858f903bcb6a054b2a856681ae3d750161733d345ff4336bfc33819503	47727314b57ea803c5a3fa2d696319a895d425c026877c7342ec66d95555ff9d
chr22_100_guide_075	columba	timing	measured_3	4	0	0.806084	0.466552	0.166161	290496	690	2354f825ce61636eff2ebd9b9f04785099b672e2778924a5bfbd006333613cf6	7e96804198e52de0cf9624d7983a3fce1c16d78c3101a89c4b2d30f13556ce60
chr22_100_guide_076	columba	timing	measured_3	4	0	1.158312	0.610378	0.219486	290568	38	ca302eb1021b149cad0aa565a08684a3f95b4dc2d440c7d21ea5b8af132306eb	1486cd8c9af853f27a3bc3677c2cd49263a916b45c25f5b4df6be61b5d3536f6
chr22_100_guide_077	columba	timing	measured_3	4	0	0.555363	0.357121	0.140299	292508	1	e3869c3952dd0b0eb3e37141b1040c6f25b82c4e398011436f2219c75f8febe8	b9c553e0ccfe2ce660998762584c8775fddbac678c08f7828037c9b6239ea576
chr22_100_guide_078	columba	timing	measured_3	4	0	0.554420	0.348564	0.155156	290396	1	b32f95b3659bdf5efde0a545c93605a84811e1f51637e98948f88b66e0c918a9	e3b0c44298fc1c149afbf4c8996fb92427ae41e4649b934ca495991b7852b855
chr22_100_guide_079	columba	timing	measured_3	4	0	0.605669	0.342005	0.194007	290324	1	3719b9c87eb26bae46571444132aecd72ec6971081ed8592128ac8081655f637	ba8e3024a8dbd3ab92f3c3efd62af4339a44a56f1d02bd2d31d752a8b26c0e77
chr22_100_guide_080	columba	timing	measured_3	4	0	0.555121	0.319597	0.170942	290596	1	5c9d989f365df1d424483a28cbc77093b089ff7ebee8cd46972f309ff0b6db17	2f17411719ddcf823a39fa8532b48978e18ea71b4f65cc71e1b1d51840c18def
chr22_100_guide_081	columba	timing	measured_3	4	0	0.554913	0.343877	0.150467	292616	1	60f8b2bdc588b6b13527c78acc609879caa8defea9c72ada132dee63d52ad9bf	e3b0c44298fc1c149afbf4c8996fb92427ae41e4649b934ca495991b7852b855
chr22_100_guide_082	columba	timing	measured_3	4	0	0.554939	0.332812	0.136878	290380	1	8aa0d629b648d54d65dead9f626b4f79b04416d14abcb761ce6f8afd4c8d5a02	e3b0c44298fc1c149afbf4c8996fb92427ae41e4649b934ca495991b7852b855
chr22_100_guide_083	columba	timing	measured_3	4	0	0.554702	0.333835	0.144233	290584	1	1da030b92202db00fdf4fa746fa0de1c56a74c6415d7abf8e6e634730c0990ca	e8d6de60c3ba05b27001c144755f4d3ad082de5cdf0fdf5e9cf6b7717422195e
chr22_100_guide_084	columba	timing	measured_3	4	0	1.006651	0.487043	0.257562	290704	59	85f162921bfeefc97d3de55dbe3f97c5f8f6192ca4eb2dd40a561a137aa14173	5b15e8ffd7e3dbd341b4575d46e2dae3dfaa6a747317a1348b5b7768a37886c9
chr22_100_guide_085	columba	timing	measured_3	4	0	0.555593	0.365381	0.149113	290444	1	886f21508ef43139da65b3307d412b9c43af12390fb60b152be51f2961337117	e3b0c44298fc1c149afbf4c8996fb92427ae41e4649b934ca495991b7852b855
chr22_100_guide_086	columba	timing	measured_3	4	0	0.555183	0.360372	0.152896	294540	1	b49d937c3f713b95c07b0df4983659c5531f5062b2c8b309c93edf95c5d33253	fe8b505978787bbd7a6d3b5268bab52bb800793326eda2f064520359431dd393
chr22_100_guide_087	columba	timing	measured_3	4	0	0.906869	0.454491	0.242743	292692	5	7299c25e9e9229b69fae4918dbd7a3d10cf292aa3a5ae9e727231b52918c4ec1	e022cf39cf254e9d5e76a228fc4449c3751d849c1fa8e8eb5b7d348ead9de8a8
chr22_100_guide_088	columba	timing	measured_3	4	0	0.605837	0.372568	0.173981	290876	1	7b9ea615f9aa7e046adebd0e63adf8ebdc63c09e2a683a13ae5b9e9457fd8152	000abe2ead510b1e81f85058fe4a2422bdd56dfa268e082b10ff250075738f0e
chr22_100_guide_089	columba	timing	measured_3	4	0	0.555326	0.357090	0.140363	290488	1	790719bd8847db6a942f261864ea37c0ec15f7a4f400e0bd1eaf31a8e659f354	5747958b98329bf390adcb88fe0c55df552279978269e4428317edf8497c35fb
chr22_100_guide_090	columba	timing	measured_3	4	0	0.555212	0.336484	0.167601	292216	1	af0e7d04b9032b6ba55a507cdc6196da5e7f3adbce117a38bb6ba2d2fb078cba	bb969d4b02ddd34c284543e306e202b2336d7575aa86daa3e6466757c09fd92b
chr22_100_guide_091	columba	timing	measured_3	4	0	0.555699	0.332434	0.161911	292248	2	cf53e5c0ba2549b95ad7cc66f6caa57165a2d7ef971b8448816c1f5189dcba42	99ee76e9b64774c9369be8a6f72c896db95e3888b9d30ddcbc455b25e12e4601
chr22_100_guide_092	columba	timing	measured_3	4	0	0.555136	0.334175	0.144416	290428	1	36dc22934c7c02b9c1a4043e7fa71e9fab23fac626842ee0233fa0a19e8a4d8d	f9edfd1414c172b5a32e647be62f7efb9a1867b2825caa326cd197691299ad06
chr22_100_guide_093	columba	timing	measured_3	4	0	0.554906	0.354332	0.149906	290584	1	7c248ba9765e06499bdbdd56fa063150392f57bbcf49d7273e7a34148cb2a14e	cb99cf2cb5c76fa9de96c7d214883bdebf51068c4cfea4bec3c2c4a8fda8efb1
chr22_100_guide_094	columba	timing	measured_3	4	0	0.604648	0.352166	0.178198	290340	1	b129ef3c4f85946c1752fcdec67457fbfa137faf10c495dcfb79020726f0093a	e3b0c44298fc1c149afbf4c8996fb92427ae41e4649b934ca495991b7852b855
chr22_100_guide_095	columba	timing	measured_3	4	0	0.555646	0.319581	0.187474	290504	2	72cfccdb732c7f835e82aebb76ca4186954ee044989d4d3f165c230249e1ab41	8dd8d8e768aa6c5cd7d90852728b3841c27aebb8dbde3dfbf7f30997ce15d157
chr22_100_guide_096	columba	timing	measured_3	4	0	0.555562	0.324045	0.178050	290324	1	66356638d350f202a4fc3653512e2eb61d180a210d3b4874237620fdd88f45ac	96e1dce767526b5e03b01ea34764f33de2e58653d775c70a8355e05d5d77a707
chr22_100_guide_097	columba	timing	measured_3	4	0	0.554881	0.345765	0.155982	292516	1	ec3317eca52cb313be8b742bd84d70d8e9f8f3d3a8dfda83e632d9ec5b3e7472	c34143c4b66ce37c239db5fc991d73357da56a527f237f74e6df9d61bb22831f
chr22_100_guide_098	columba	timing	measured_3	4	0	0.655848	0.363194	0.182852	290440	9	6803cc83cccde78136058d3d854eb89cc05eab1188efe7c0cabebb43cb9eb17d	86060c0d0ba22165d0282d1cf92bc8afade2100bd1def809b1f81bb96b9678e3
chr22_100_guide_099	columba	timing	measured_3	4	0	0.555391	0.360185	0.159780	290372	4	1fd7872322173d0504d0c832d225fc1f16e4c6a2d976d3c96de80baf41629173	8b7f11de3ad2254629636c6d8342d71050f8c150a04e6c52ecefb6984e7ab6b5
chr22_100_guide_100	columba	timing	measured_3	4	0	0.558925	0.327751	0.188070	290384	2	4bb6e4f08a7316ba26ec3e6f894f79070071b55d78d6c1605a50035d0a1d9c79	43c575a7c9c47d3164a453eb851e84a8842b01388a4b2fe7c9503045ddc887e0
chr22_100_guide_001	baseline	timing	measured_1	8	0	2.867657	20.950147	0.809025	151356	2	c788efd23026646b4da4b4a94736bffdb6646d5bb82e63ef3b54d008d2d7f496	e3b0c44298fc1c149afbf4c8996fb92427ae41e4649b934ca495991b7852b855
chr22_100_guide_002	baseline	timing	measured_1	8	0	2.774296	20.894855	0.422321	149580	16	b6990544da13d962d7f467b1fb67c5261747dba657b1d60c3fb8408d038daca1	e3b0c44298fc1c149afbf4c8996fb92427ae41e4649b934ca495991b7852b855
chr22_100_guide_003	baseline	timing	measured_1	8	0	2.671804	20.314719	0.301048	136132	16	ccf03cb0d6d8c00fb3db8165e337310508524df7a263eceba59b5c326620e6da	e3b0c44298fc1c149afbf4c8996fb92427ae41e4649b934ca495991b7852b855
chr22_100_guide_004	baseline	timing	measured_1	8	0	2.768405	20.613169	0.362128	132312	1	691ce0260ac4ff8426decb079b6ec2efdf4680b3abaced64e9143840bccb9552	e3b0c44298fc1c149afbf4c8996fb92427ae41e4649b934ca495991b7852b855
chr22_100_guide_005	baseline	timing	measured_1	8	0	2.782359	20.884489	0.539838	134300	1	95686fb2b7a30116b7ae2cc467351eaaf4c6f25cab6f6b7bc6dcc05f1c409532	e3b0c44298fc1c149afbf4c8996fb92427ae41e4649b934ca495991b7852b855
chr22_100_guide_006	baseline	timing	measured_1	8	0	2.718874	20.518836	0.402645	134052	4	381669eac105895c77936e91601bef5a44b194dce1468388fa6bc22b65e83aab	e3b0c44298fc1c149afbf4c8996fb92427ae41e4649b934ca495991b7852b855
chr22_100_guide_007	baseline	timing	measured_1	8	0	2.767997	20.688547	0.427316	141016	39	2e1d8ff63d9ef81ef131f76846d45cc86dabea52aaf0f84b984560d7fb17cf87	e3b0c44298fc1c149afbf4c8996fb92427ae41e4649b934ca495991b7852b855
chr22_100_guide_008	baseline	timing	measured_1	8	0	2.826959	21.172519	0.391560	134240	68	ba3197353a7a6ca64b2b565ddc20fc1a01f42c2fd9384ac9a21bb08593cedd31	e3b0c44298fc1c149afbf4c8996fb92427ae41e4649b934ca495991b7852b855
chr22_100_guide_009	baseline	timing	measured_1	8	0	2.768634	20.418531	0.680617	134096	2	7ff435e8f2284b0e1155c1c41e547855555c50593735221aa581ff02bbcfd922	e3b0c44298fc1c149afbf4c8996fb92427ae41e4649b934ca495991b7852b855
chr22_100_guide_010	baseline	timing	measured_1	8	0	2.718956	20.522136	0.304328	130524	19	53836549b5871774dbbbbcc7209be7da876564302d97fe0f8699c8af9c7adc03	e3b0c44298fc1c149afbf4c8996fb92427ae41e4649b934ca495991b7852b855
chr22_100_guide_011	baseline	timing	measured_1	8	0	3.775478	20.768480	0.240468	139740	1	951a40369bd86d0839b2d2addecaf6b337cdc3fa4cf552c0d5fd78bef17d3892	e3b0c44298fc1c149afbf4c8996fb92427ae41e4649b934ca495991b7852b855
chr22_100_guide_012	baseline	timing	measured_1	8	0	2.666987	20.326401	0.357873	135632	4	f693a92e20748272242c1d8d3a1b90c09e045d71ee219e8daf561a07fcf1b3bf	e3b0c44298fc1c149afbf4c8996fb92427ae41e4649b934ca495991b7852b855
chr22_100_guide_013	baseline	timing	measured_1	8	0	2.772364	20.728830	0.506758	132304	1	d0e1f61006a51712a6e3a7a08a2d9ed9a2e486bf46c47b49e89668b53f2efe69	e3b0c44298fc1c149afbf4c8996fb92427ae41e4649b934ca495991b7852b855
chr22_100_guide_014	baseline	timing	measured_1	8	0	2.817240	20.919964	0.644683	137396	7	925f7531b43144c3df9f8b8af2b5300653b5bf1807aa7f5ae89249b19e09a0a3	e3b0c44298fc1c149afbf4c8996fb92427ae41e4649b934ca495991b7852b855
chr22_100_guide_015	baseline	timing	measured_1	8	0	3.021815	21.181924	0.999261	132076	8	5ff8c497c5aee1704e3e04741f1d42a3eb487aed43f83e6b91d0cb05962e2550	e3b0c44298fc1c149afbf4c8996fb92427ae41e4649b934ca495991b7852b855
chr22_100_guide_016	baseline	timing	measured_1	8	0	2.922802	21.000246	0.682114	133644	1	664ca84d364b11b722ac1aa282d988cb26faa580c3801fc71e980d0a2785483d	e3b0c44298fc1c149afbf4c8996fb92427ae41e4649b934ca495991b7852b855
chr22_100_guide_017	baseline	timing	measured_1	8	0	2.872492	21.229670	0.712621	137852	42	4c95d8387f96ff01243ac44e2f1d0dbf63d6a1a6ca4b8d60aa617dadfad8712c	e3b0c44298fc1c149afbf4c8996fb92427ae41e4649b934ca495991b7852b855
chr22_100_guide_018	baseline	timing	measured_1	8	0	2.770239	20.837385	0.539557	145420	2	5c632dfc921b715b635c61d386497b7131eb4348bb520ea4a5cd13ab53ef1e7a	e3b0c44298fc1c149afbf4c8996fb92427ae41e4649b934ca495991b7852b855
chr22_100_guide_019	baseline	timing	measured_1	8	0	2.818549	21.146762	0.550990	151384	1	6cdd7ce54810d5bc4f6f9e343cba7e89b5868d4aa230081223fa53049a31ac4f	e3b0c44298fc1c149afbf4c8996fb92427ae41e4649b934ca495991b7852b855
chr22_100_guide_020	baseline	timing	measured_1	8	0	3.983998	21.220342	0.699127	141632	1	444ff3228a137a38f7153b4f242a69cfa59f508d73251c41aa4006df73b202e7	e3b0c44298fc1c149afbf4c8996fb92427ae41e4649b934ca495991b7852b855
chr22_100_guide_021	baseline	timing	measured_1	8	0	2.670300	20.054193	0.353519	136132	1	70d3142b6438b2233c1a63a2ac833233a13a2d75bf75339f1fccaff2fa81b453	e3b0c44298fc1c149afbf4c8996fb92427ae41e4649b934ca495991b7852b855
chr22_100_guide_022	baseline	timing	measured_1	8	0	5.778800	20.851400	0.682923	141436	1	6b72b7d58a6bb9700568183d8342e8f3bc79c45ffa1f7e46c161effbf9985c5d	e3b0c44298fc1c149afbf4c8996fb92427ae41e4649b934ca495991b7852b855
chr22_100_guide_023	baseline	timing	measured_1	8	0	3.119557	21.917674	1.369346	141456	149	7e0733a562ff39a952035404c085b0f497df39eeac4dd3cc052a4de78c8e9cdd	e3b0c44298fc1c149afbf4c8996fb92427ae41e4649b934ca495991b7852b855
chr22_100_guide_024	baseline	timing	measured_1	8	0	2.819635	21.068647	0.578985	130476	1	d7464b7872231b66a5d5e8b9529462954e8dbe3c50718817fdfc12087ef94681	e3b0c44298fc1c149afbf4c8996fb92427ae41e4649b934ca495991b7852b855
chr22_100_guide_025	baseline	timing	measured_1	8	0	2.869392	20.890114	0.819535	134100	133	b22b12dbe3c2c81d9623997bdae8791fafa5bf35117827e8b1112c7ba4f382a1	e3b0c44298fc1c149afbf4c8996fb92427ae41e4649b934ca495991b7852b855
chr22_100_guide_026	baseline	timing	measured_1	8	0	3.072094	21.763841	1.423953	136112	6	f644a91d8a5c365fe3c7c1c3f30ad178f34333e94f697e1f1e75d0fa64c39923	e3b0c44298fc1c149afbf4c8996fb92427ae41e4649b934ca495991b7852b855
chr22_100_guide_027	baseline	timing	measured_1	8	0	2.872160	21.053423	0.785425	139928	2	a7610eb051e87a34826545d10fcf8102943e8611a97a657a33ec94ff2afe4c13	e3b0c44298fc1c149afbf4c8996fb92427ae41e4649b934ca495991b7852b855
chr22_100_guide_028	baseline	timing	measured_1	8	0	2.820729	21.049529	0.527042	133972	58	9838a748f83250618473227cbc2b798e921118551a385e778337b49637186fe3	e3b0c44298fc1c149afbf4c8996fb92427ae41e4649b934ca495991b7852b855
chr22_100_guide_029	baseline	timing	measured_1	8	0	2.820279	20.714415	0.643429	143432	54	fec4266348f400a636b679dea725f0c74e62ee984b07daae005cd78179aa0b16	e3b0c44298fc1c149afbf4c8996fb92427ae41e4649b934ca495991b7852b855
chr22_100_guide_030	baseline	timing	measured_1	8	0	2.920531	21.018803	0.750383	139400	2028	05b0a21dfecef722640608a4ae56c59ede427d21069ea5c054d3e93ff6e1f572	e3b0c44298fc1c149afbf4c8996fb92427ae41e4649b934ca495991b7852b855
chr22_100_guide_031	baseline	timing	measured_1	8	0	2.818738	20.959288	0.583656	130532	1	bcce8596509aa2be4a7f3566961162e72e4443c46ea7cf8fc2c5ffb6cee2780a	e3b0c44298fc1c149afbf4c8996fb92427ae41e4649b934ca495991b7852b855
chr22_100_guide_032	baseline	timing	measured_1	8	0	4.424528	20.275973	0.407838	132056	1	c25a6440be62186e25b0f165358d0d0900b923751f80af6ee5c27f0f29a85af6	e3b0c44298fc1c149afbf4c8996fb92427ae41e4649b934ca495991b7852b855
chr22_100_guide_033	baseline	timing	measured_1	8	0	2.718636	20.059988	0.381444	137776	1	0effc63d85fa97f691908ce0321ab857ae6f08fabd2480f35c83ff81e76c9f0e	e3b0c44298fc1c149afbf4c8996fb92427ae41e4649b934ca495991b7852b855
chr22_100_guide_034	baseline	timing	measured_1	8	0	3.170779	22.063621	1.569903	134024	1	b799f84402b88ca7eda644ce1b5b5eb56c02b09c04d62fc51c4c70dc76c6b583	e3b0c44298fc1c149afbf4c8996fb92427ae41e4649b934ca495991b7852b855
chr22_100_guide_035	baseline	timing	measured_1	8	0	2.868872	20.941065	0.783674	137876	10	a8dc62675b8071ea431c2a3a7f1b9d1040c76477ab30b8bdab2879c9ac4038dd	e3b0c44298fc1c149afbf4c8996fb92427ae41e4649b934ca495991b7852b855
chr22_100_guide_036	baseline	timing	measured_1	8	0	2.670587	20.263755	0.350486	135804	1	d902219eeefe3ff64202f082d0493776f51eb4ff2b0f1167c0e670f923533dc4	e3b0c44298fc1c149afbf4c8996fb92427ae41e4649b934ca495991b7852b855
chr22_100_guide_037	baseline	timing	measured_1	8	0	2.772917	20.827237	0.586682	128888	1	87a59470956d0b27daf38e5e39ded5e150cdea0e868b3bb38ed13ec71694f010	e3b0c44298fc1c149afbf4c8996fb92427ae41e4649b934ca495991b7852b855
chr22_100_guide_038	baseline	timing	measured_1	8	0	2.717561	20.527684	0.305124	141556	1	029b4bae64ebbe3decac5715b992bb89ceb0731276cd7cd8566eaca4250537b4	e3b0c44298fc1c149afbf4c8996fb92427ae41e4649b934ca495991b7852b855
chr22_100_guide_039	baseline	timing	measured_1	8	0	2.819597	20.735505	0.771422	145496	1	a699d8af011bf9deb858b41d0fae396d8cff7641f7f0fffbf757531340e4d266	e3b0c44298fc1c149afbf4c8996fb92427ae41e4649b934ca495991b7852b855
chr22_100_guide_040	baseline	timing	measured_1	8	0	2.770164	20.540378	0.659350	145232	1	4390a33a35b7293befeadb9fa60eb9d4727d057633aeb9a93007f6581228ca97	e3b0c44298fc1c149afbf4c8996fb92427ae41e4649b934ca495991b7852b855
chr22_100_guide_041	baseline	timing	measured_1	8	0	3.020771	21.280860	1.162602	137560	1	3e8108b8109dce3b65881841a62543e3eb3ba821fff9bc76b9b5e43ac8c75d77	e3b0c44298fc1c149afbf4c8996fb92427ae41e4649b934ca495991b7852b855
chr22_100_guide_042	baseline	timing	measured_1	8	0	2.666231	20.003005	0.519088	149568	1	5924fcb39f9667884df027edda8f627478be6271057a2d69844c736321e3169f	e3b0c44298fc1c149afbf4c8996fb92427ae41e4649b934ca495991b7852b855
chr22_100_guide_043	baseline	timing	measured_1	8	0	3.021193	21.065869	1.241786	132560	2	453049c36d105d5fc369042ca0ab1a96b8b895a916b5c2f187ec168c02aae659	e3b0c44298fc1c149afbf4c8996fb92427ae41e4649b934ca495991b7852b855
chr22_100_guide_044	baseline	timing	measured_1	8	0	4.277931	20.617507	0.722435	133968	2	36c01c1a6474ac52f343fae4779e9be3cbc148c72932a20a98d199f0987ceea6	e3b0c44298fc1c149afbf4c8996fb92427ae41e4649b934ca495991b7852b855
chr22_100_guide_045	baseline	timing	measured_1	8	0	3.368158	20.207336	0.429687	139560	1	7e528a989c31c40be279492b74efb2b32bbafcb76168ffa5ecf4da003dd2852c	e3b0c44298fc1c149afbf4c8996fb92427ae41e4649b934ca495991b7852b855
chr22_100_guide_046	baseline	timing	measured_1	8	0	2.818511	20.614823	0.682477	136032	1	714554ca8eac6dff9bf1ea7bcd982ded36f466eaa79bea00a33e12ff4252393b	e3b0c44298fc1c149afbf4c8996fb92427ae41e4649b934ca495991b7852b855
chr22_100_guide_047	baseline	timing	measured_1	8	0	2.718239	20.291640	0.584483	135748	1	ca51411298336dbdfe2d1022ed02e74028dfbcd2e0e397a8224fce4f6017af72	e3b0c44298fc1c149afbf4c8996fb92427ae41e4649b934ca495991b7852b855
chr22_100_guide_048	baseline	timing	measured_1	8	0	2.918875	21.021149	0.795766	132424	1	bc3b9f3f86cc8bbd34d0a114947da783ee284f28a9a17754f8b3028fd08951a9	e3b0c44298fc1c149afbf4c8996fb92427ae41e4649b934ca495991b7852b855
chr22_100_guide_049	baseline	timing	measured_1	8	0	2.717967	20.266129	0.401707	136032	3	183882d3a63163e76a98ee38ccfea1b4877101dd283d80328c01c33dcd6c0e0b	e3b0c44298fc1c149afbf4c8996fb92427ae41e4649b934ca495991b7852b855
chr22_100_guide_050	baseline	timing	measured_1	8	0	2.917914	21.297203	0.727280	135976	12	d8ae73e599a748f29fbb68ec4a4bad377248fdfede8f8198916013e34dae8d84	e3b0c44298fc1c149afbf4c8996fb92427ae41e4649b934ca495991b7852b855
chr22_100_guide_051	baseline	timing	measured_1	8	0	2.716119	20.459012	0.477939	135856	1	14ef5eacd0519bf8d6f3f1e421b2147ce2cef2d89992ac6bc3c0c6493049fd6f	e3b0c44298fc1c149afbf4c8996fb92427ae41e4649b934ca495991b7852b855
chr22_100_guide_052	baseline	timing	measured_1	8	0	2.919643	21.323691	0.888318	135628	1	b743dcf20b0f8a4d8e1a343b97d48c58a0bc7fc4d1bb2a983a38d2078d740fcd	e3b0c44298fc1c149afbf4c8996fb92427ae41e4649b934ca495991b7852b855
chr22_100_guide_053	baseline	timing	measured_1	8	0	2.769347	20.627007	0.640190	138044	1	7f92fd7dddc708c2b3ec905f92a74e766b81d6ff9eaf13b4dc9c11ff5e96767a	e3b0c44298fc1c149afbf4c8996fb92427ae41e4649b934ca495991b7852b855
chr22_100_guide_054	baseline	timing	measured_1	8	0	2.667427	19.958107	0.552058	134476	13	6cbc11eb9208651f05db2d630c407975e4e59caf923a8df7511bdf798321f4a2	e3b0c44298fc1c149afbf4c8996fb92427ae41e4649b934ca495991b7852b855
chr22_100_guide_055	baseline	timing	measured_1	8	0	2.820864	20.555241	0.624228	133920	1	a3d6cd5055990fc10a7f55f785689720f3a06133f1b0f4568f98749ce2751038	e3b0c44298fc1c149afbf4c8996fb92427ae41e4649b934ca495991b7852b855
chr22_100_guide_056	baseline	timing	measured_1	8	0	2.823690	20.653138	0.857345	137512	1	4a6cdc3b90d2775c2496444fab6f836151cd422ec2c82a9bf758cde5414f2417	e3b0c44298fc1c149afbf4c8996fb92427ae41e4649b934ca495991b7852b855
chr22_100_guide_057	baseline	timing	measured_1	8	0	2.766918	20.339426	0.639503	129784	47	ae3ca86ece2af8c1e764664fe6db82d19e2cf8a29fa0a43ffd92b82eda74d3cb	e3b0c44298fc1c149afbf4c8996fb92427ae41e4649b934ca495991b7852b855
chr22_100_guide_058	baseline	timing	measured_1	8	0	2.874013	20.793082	0.933022	137552	1	b7517a16df61180265ec10a20cb33a003c3ea568992073591f20e96d81391119	e3b0c44298fc1c149afbf4c8996fb92427ae41e4649b934ca495991b7852b855
chr22_100_guide_059	baseline	timing	measured_1	8	0	2.873301	21.148240	0.664026	134100	1	a6e8f7dbe8440152b018e778c86e594c220662576f7388bf74086116bfb557b5	e3b0c44298fc1c149afbf4c8996fb92427ae41e4649b934ca495991b7852b855
chr22_100_guide_060	baseline	timing	measured_1	8	0	2.766681	20.842590	0.433635	132220	1	96bacc0c5f62f5ee3cb64d6560e882e64673267447e8714383a4ab744f1c99a8	e3b0c44298fc1c149afbf4c8996fb92427ae41e4649b934ca495991b7852b855
chr22_100_guide_061	baseline	timing	measured_1	8	0	2.877445	21.053522	0.813312	147452	1	9246314add68bcb309196485353ca32264aa9d97b65d40e3825659e7fa9e07c5	e3b0c44298fc1c149afbf4c8996fb92427ae41e4649b934ca495991b7852b855
chr22_100_guide_062	baseline	timing	measured_1	8	0	2.719012	20.219665	0.542136	139568	1	4832e7aa711ccdac22496f6cb8a979eec30369c372fca1b6aba1e3edfb12e8a1	e3b0c44298fc1c149afbf4c8996fb92427ae41e4649b934ca495991b7852b855
chr22_100_guide_063	baseline	timing	measured_1	8	0	2.773187	20.387533	0.680121	137948	1	c4ca7ddc636638d7005d3e187756ba84185296e1c2585b41d0a7a856e2606213	e3b0c44298fc1c149afbf4c8996fb92427ae41e4649b934ca495991b7852b855
chr22_100_guide_064	baseline	timing	measured_1	8	0	2.717729	20.503327	0.465619	132136	1	b38f02456f345d872287da7f74b53691b169eb255cc35d11d103c308c700d2eb	e3b0c44298fc1c149afbf4c8996fb92427ae41e4649b934ca495991b7852b855
chr22_100_guide_065	baseline	timing	measured_1	8	0	2.967468	21.213463	1.003995	132336	1	4a6f7a313e251182f276be210f99075cb7bfa5275fa278d132ac27df6e713db1	e3b0c44298fc1c149afbf4c8996fb92427ae41e4649b934ca495991b7852b855
chr22_100_guide_066	baseline	timing	measured_1	8	0	2.773237	20.402591	0.613611	135644	1	4802296ebbba9922a4ece696902be06427691049808ba406ed873a9a4a219f9c	e3b0c44298fc1c149afbf4c8996fb92427ae41e4649b934ca495991b7852b855
chr22_100_guide_067	baseline	timing	measured_1	8	0	3.019496	20.975391	0.687124	137604	1	0229a4fc79d3d37ddda05a4910899ff60fcd29aa41d3690d08b235deae1dd329	e3b0c44298fc1c149afbf4c8996fb92427ae41e4649b934ca495991b7852b855
chr22_100_guide_068	baseline	timing	measured_1	8	0	3.320725	20.764768	0.760864	137528	2	d39c5b6762aa09453e14f55e106ab300ceb4955ee3d73b381937cbf2220ed042	e3b0c44298fc1c149afbf4c8996fb92427ae41e4649b934ca495991b7852b855
chr22_100_guide_069	baseline	timing	measured_1	8	0	2.666196	19.908435	0.563180	141412	1	77885b288a794217926cbdc3f9557271a5584ca0a3525a33368ba9dfa0f79c36	e3b0c44298fc1c149afbf4c8996fb92427ae41e4649b934ca495991b7852b855
chr22_100_guide_070	baseline	timing	measured_1	8	0	2.716338	19.908969	0.369651	134008	1	555a66e1753526673117e366fb233c844df0cfc38a64971866528e20e52f4ca2	e3b0c44298fc1c149afbf4c8996fb92427ae41e4649b934ca495991b7852b855
chr22_100_guide_071	baseline	timing	measured_1	8	0	2.819072	20.580539	0.769554	142312	1	db50066ab5215e0ab40715d3e84c765c47977eb5d92e2f74fef9a37ee0c19f96	e3b0c44298fc1c149afbf4c8996fb92427ae41e4649b934ca495991b7852b855
chr22_100_guide_072	baseline	timing	measured_1	8	0	2.971273	20.856972	1.081383	137856	1	a7389bd954eaa7a8f7c3e448a2ff3a3f4ef011b680d833fad933fd884d099eca	e3b0c44298fc1c149afbf4c8996fb92427ae41e4649b934ca495991b7852b855
chr22_100_guide_073	baseline	timing	measured_1	8	0	2.771029	20.534496	0.685686	143200	1	850390cf00e784716c531f5e64380876ff07596af289e7ba34bc096bff075ecc	e3b0c44298fc1c149afbf4c8996fb92427ae41e4649b934ca495991b7852b855
chr22_100_guide_074	baseline	timing	measured_1	8	0	2.870764	20.624109	0.900935	135696	1	1f00016106bffc2ceba39230352e1e4ef914076353527946b8890d37546c25f5	e3b0c44298fc1c149afbf4c8996fb92427ae41e4649b934ca495991b7852b855
chr22_100_guide_075	baseline	timing	measured_1	8	0	2.667675	19.920087	0.510462	130552	58	71f2239dc8f59ee257b89e03bbb841fd3c2f43e0a0d0682e3ff928f0cebe09c3	e3b0c44298fc1c149afbf4c8996fb92427ae41e4649b934ca495991b7852b855
chr22_100_guide_076	baseline	timing	measured_1	8	0	2.969741	21.075703	1.226968	135456	4	ca193645a2f950677ee819c76deafecf7fc8fd5ddbbdd69ce32b77a0426369d6	e3b0c44298fc1c149afbf4c8996fb92427ae41e4649b934ca495991b7852b855
chr22_100_guide_077	baseline	timing	measured_1	8	0	2.717353	20.610798	0.389110	139856	1	e3869c3952dd0b0eb3e37141b1040c6f25b82c4e398011436f2219c75f8febe8	e3b0c44298fc1c149afbf4c8996fb92427ae41e4649b934ca495991b7852b855
chr22_100_guide_078	baseline	timing	measured_1	8	0	2.823823	20.890870	0.742930	132216	1	b32f95b3659bdf5efde0a545c93605a84811e1f51637e98948f88b66e0c918a9	e3b0c44298fc1c149afbf4c8996fb92427ae41e4649b934ca495991b7852b855
chr22_100_guide_079	baseline	timing	measured_1	8	0	3.172657	22.038279	1.614838	145828	1	3719b9c87eb26bae46571444132aecd72ec6971081ed8592128ac8081655f637	e3b0c44298fc1c149afbf4c8996fb92427ae41e4649b934ca495991b7852b855
chr22_100_guide_080	baseline	timing	measured_1	8	0	4.534015	20.574584	0.534248	133800	1	5c9d989f365df1d424483a28cbc77093b089ff7ebee8cd46972f309ff0b6db17	e3b0c44298fc1c149afbf4c8996fb92427ae41e4649b934ca495991b7852b855
chr22_100_guide_081	baseline	timing	measured_1	8	0	2.919787	21.233959	0.865788	135660	1	60f8b2bdc588b6b13527c78acc609879caa8defea9c72ada132dee63d52ad9bf	e3b0c44298fc1c149afbf4c8996fb92427ae41e4649b934ca495991b7852b855
chr22_100_guide_082	baseline	timing	measured_1	8	0	2.918610	21.268031	0.723812	147796	1	8aa0d629b648d54d65dead9f626b4f79b04416d14abcb761ce6f8afd4c8d5a02	e3b0c44298fc1c149afbf4c8996fb92427ae41e4649b934ca495991b7852b855
chr22_100_guide_083	baseline	timing	measured_1	8	0	2.668771	19.992135	0.382220	135032	1	1da030b92202db00fdf4fa746fa0de1c56a74c6415d7abf8e6e634730c0990ca	e3b0c44298fc1c149afbf4c8996fb92427ae41e4649b934ca495991b7852b855
chr22_100_guide_084	baseline	timing	measured_1	8	0	2.770068	20.576388	0.535759	146068	5	c8420dc291eb0f976f276d62a4f033b79c9304d06df7d3335d344d7082a0558b	e3b0c44298fc1c149afbf4c8996fb92427ae41e4649b934ca495991b7852b855
chr22_100_guide_085	baseline	timing	measured_1	8	0	3.126458	21.892823	1.141007	135628	1	886f21508ef43139da65b3307d412b9c43af12390fb60b152be51f2961337117	e3b0c44298fc1c149afbf4c8996fb92427ae41e4649b934ca495991b7852b855
chr22_100_guide_086	baseline	timing	measured_1	8	0	2.967496	21.155353	1.286310	147024	1	b49d937c3f713b95c07b0df4983659c5531f5062b2c8b309c93edf95c5d33253	e3b0c44298fc1c149afbf4c8996fb92427ae41e4649b934ca495991b7852b855
chr22_100_guide_087	baseline	timing	measured_1	8	0	2.867705	21.100988	0.656761	132232	3	9a84143c1c0ae741457654eac03a337269c00cb43411a6b54461fbe5949d0b50	e3b0c44298fc1c149afbf4c8996fb92427ae41e4649b934ca495991b7852b855
chr22_100_guide_088	baseline	timing	measured_1	8	0	2.820797	20.720026	0.682504	135744	1	7b9ea615f9aa7e046adebd0e63adf8ebdc63c09e2a683a13ae5b9e9457fd8152	e3b0c44298fc1c149afbf4c8996fb92427ae41e4649b934ca495991b7852b855
chr22_100_guide_089	baseline	timing	measured_1	8	0	3.069527	21.632618	1.484631	129440	1	790719bd8847db6a942f261864ea37c0ec15f7a4f400e0bd1eaf31a8e659f354	e3b0c44298fc1c149afbf4c8996fb92427ae41e4649b934ca495991b7852b855
chr22_100_guide_090	baseline	timing	measured_1	8	0	2.717522	20.403396	0.433858	146540	1	af0e7d04b9032b6ba55a507cdc6196da5e7f3adbce117a38bb6ba2d2fb078cba	e3b0c44298fc1c149afbf4c8996fb92427ae41e4649b934ca495991b7852b855
chr22_100_guide_091	baseline	timing	measured_1	8	0	2.816213	20.061682	0.401073	135868	2	cf53e5c0ba2549b95ad7cc66f6caa57165a2d7ef971b8448816c1f5189dcba42	e3b0c44298fc1c149afbf4c8996fb92427ae41e4649b934ca495991b7852b855
chr22_100_guide_092	baseline	timing	measured_1	8	0	3.368293	20.034466	0.373163	130332	1	36dc22934c7c02b9c1a4043e7fa71e9fab23fac626842ee0233fa0a19e8a4d8d	e3b0c44298fc1c149afbf4c8996fb92427ae41e4649b934ca495991b7852b855
chr22_100_guide_093	baseline	timing	measured_1	8	0	2.716553	20.317244	0.473801	130632	1	7c248ba9765e06499bdbdd56fa063150392f57bbcf49d7273e7a34148cb2a14e	e3b0c44298fc1c149afbf4c8996fb92427ae41e4649b934ca495991b7852b855
chr22_100_guide_094	baseline	timing	measured_1	8	0	2.869088	20.905560	0.933536	145404	1	b129ef3c4f85946c1752fcdec67457fbfa137faf10c495dcfb79020726f0093a	e3b0c44298fc1c149afbf4c8996fb92427ae41e4649b934ca495991b7852b855
chr22_100_guide_095	baseline	timing	measured_1	8	0	2.768463	20.680998	0.614883	139656	2	72cfccdb732c7f835e82aebb76ca4186954ee044989d4d3f165c230249e1ab41	e3b0c44298fc1c149afbf4c8996fb92427ae41e4649b934ca495991b7852b855
chr22_100_guide_096	baseline	timing	measured_1	8	0	2.769437	20.400642	0.845664	136428	1	66356638d350f202a4fc3653512e2eb61d180a210d3b4874237620fdd88f45ac	e3b0c44298fc1c149afbf4c8996fb92427ae41e4649b934ca495991b7852b855
chr22_100_guide_097	baseline	timing	measured_1	8	0	3.068005	21.071075	1.266368	136864	1	ec3317eca52cb313be8b742bd84d70d8e9f8f3d3a8dfda83e632d9ec5b3e7472	e3b0c44298fc1c149afbf4c8996fb92427ae41e4649b934ca495991b7852b855
chr22_100_guide_098	baseline	timing	measured_1	8	0	2.816066	20.995589	0.529502	145456	1	624a957aae98b6d231ae1011b4e64e108e7b8e8e44287e46c4862920d0454e11	e3b0c44298fc1c149afbf4c8996fb92427ae41e4649b934ca495991b7852b855
chr22_100_guide_099	baseline	timing	measured_1	8	0	2.816522	20.549479	1.024033	134096	2	0c905b7331f00841f95a0390edb19ac2cf54d75b8c0260c1122d1e91b8eebf98	e3b0c44298fc1c149afbf4c8996fb92427ae41e4649b934ca495991b7852b855
chr22_100_guide_100	baseline	timing	measured_1	8	0	2.616725	19.950382	0.380579	132476	2	4bb6e4f08a7316ba26ec3e6f894f79070071b55d78d6c1605a50035d0a1d9c79	e3b0c44298fc1c149afbf4c8996fb92427ae41e4649b934ca495991b7852b855
chr22_100_guide_001	columba	timing	measured_1	8	0	0.605900	0.346706	0.191605	290440	2	c788efd23026646b4da4b4a94736bffdb6646d5bb82e63ef3b54d008d2d7f496	5e6212673189b137868af231f3f49365db18929fbdc4915f13b52a1622522dba
chr22_100_guide_002	columba	timing	measured_1	8	0	0.756684	0.444038	0.169843	292672	21	f0937d09b482433febb72a3aa2951bd7a1099c3bb5c4e6ae5d7f40f51dfaf291	e925e6374c2b14f26ce352338d241501af5403cd20c2f7a0a66a7ff0957a82b9
chr22_100_guide_003	columba	timing	measured_1	8	0	0.656933	0.378157	0.210676	290528	856	ccc3d3b80ed309cc947744aeb419da762bf360cf65ee8f19caf6d89ef8540bb4	a0f43a78ac495168b63dc33958a840d4b629f46bd21e5ea36ebe2fd81ed8e956
chr22_100_guide_004	columba	timing	measured_1	8	0	0.757452	0.381698	0.239904	290500	1	691ce0260ac4ff8426decb079b6ec2efdf4680b3abaced64e9143840bccb9552	a4c7fcea839152b57f9d48000d08a15502fd89d0fd27949928e5d265dda849b7
chr22_100_guide_005	columba	timing	measured_1	8	0	0.555819	0.371033	0.144175	292448	1	95686fb2b7a30116b7ae2cc467351eaaf4c6f25cab6f6b7bc6dcc05f1c409532	011f515d83cd8b0bf4648cfa3d329bea0cb2939a7aabcbf319c9ccbd2ece994c
chr22_100_guide_006	columba	timing	measured_1	8	0	2.517521	1.003005	0.579756	291604	4	b8cc43f743b2bf2f0e12fa535de856dec45a7e724e169b206e17e024502350b1	9739780944683faaa4ef3f313f816b862f341378b37d0ab5c6f2f11c524f85ce
chr22_100_guide_007	columba	timing	measured_1	8	0	1.109182	0.586531	0.246826	290768	77	4ed0f166306be29e52512f6850c1b990c122568bfe38464c457a9cbc3cafab14	501f5c6c5e8d62ad0a7602fffd723666195a02b48240223d6a623d2bf75bc9d7
chr22_100_guide_008	columba	timing	measured_1	8	0	0.506968	0.323101	0.153012	292352	70	2525d9e467b0e235d87fec363306eb39498ebdd905157b97f69a01938142d417	587b33ffa851be62124e858db10a3ce0555e1fef7b9faa94a47115a7bf569d6a
chr22_100_guide_009	columba	timing	measured_1	8	0	1.308303	0.353712	0.160243	292428	4	958d7bb0d2bcce37cafabe02cb7bcd2515a249ee7abef00a06c7ca69afbeddfd	b26403da3df85946d6c7931e54a923877597a6d21517a6786edcfb4f3a684c5d
chr22_100_guide_010	columba	timing	measured_1	8	0	0.757547	0.403479	0.210383	292440	25	bbff78e8edf6476d0dd0cdd76f512cb705b72cd1e357220e1a380dbd5cb5874e	8283bb72468ef0f7298ae906c23d010c0d48c6574a33364a533179130f8c4875
chr22_100_guide_011	columba	timing	measured_1	8	0	0.606198	0.342850	0.205190	290148	21	ec592648254199539685feee5357d093e2e1ec0b8ee82c9ce1e89057db95c2aa	e3b0c44298fc1c149afbf4c8996fb92427ae41e4649b934ca495991b7852b855
chr22_100_guide_012	columba	timing	measured_1	8	0	0.555583	0.338873	0.149923	292380	8	9b00eaabadec78eddf839955f38b2c49038c64b495db9fc7cba00a4c5b16c2fd	e3b0c44298fc1c149afbf4c8996fb92427ae41e4649b934ca495991b7852b855
chr22_100_guide_013	columba	timing	measured_1	8	0	0.605998	0.332717	0.166784	290604	3	14d007c41b3efc0f49a5e3c8b2c1afbdbbf6448965f329277343a75661f62b72	e6ce59b275084995153a3e9c40a4958a8a70855f475daac144376dd269a555ec
chr22_100_guide_014	columba	timing	measured_1	8	0	0.555994	0.344130	0.156196	292300	193	18fa726a0532763a6a720243b5476e8492d4a0e21d88972a1590a5cc86c18f36	738f0679665e7cbee0e7647775b7e47573cdbc33c7d7463d5c01f8c75b0b7b5f
chr22_100_guide_015	columba	timing	measured_1	8	0	2.365049	1.279803	0.360973	291784	121	14607790ed2c2aa20854f98797286082d4f4e662c4918ba18d80b5c7cabdc3a3	42f93d194038db849260c18f78fe52cdc58775b7f60fd7a14fdf15a6b1f00b50
chr22_100_guide_016	columba	timing	measured_1	8	0	0.607877	0.370885	0.155546	290480	1	664ca84d364b11b722ac1aa282d988cb26faa580c3801fc71e980d0a2785483d	647a3c26fb0f04ad019100c4ab0390ab87ed5c84aadfe7a252bca70b1e3bd96d
chr22_100_guide_017	columba	timing	measured_1	8	0	2.466561	0.932727	0.412613	293592	65	443c9733648206d43672a968d8e97952afd65a9f31ce05d9d0565f64b1ea8a38	34e2228fdcbf823acbc1cf9a4520426f2726ceee2e2c487a482723b0e27f4c06
chr22_100_guide_018	columba	timing	measured_1	8	0	0.708025	0.403618	0.192140	292468	2	5c632dfc921b715b635c61d386497b7131eb4348bb520ea4a5cd13ab53ef1e7a	23e8f4ffff162fdc2e25089c32203c22ccb5ac9c66770c9b5d4a6408cc154ffb
chr22_100_guide_019	columba	timing	measured_1	8	0	0.656270	0.412440	0.171167	290392	1	6cdd7ce54810d5bc4f6f9e343cba7e89b5868d4aa230081223fa53049a31ac4f	dc56e723a41ad2b033072b1d35240963852ef67de09ef8478a44d1daa4a0e78a
chr22_100_guide_020	columba	timing	measured_1	8	0	0.706351	0.441389	0.165016	290384	7	e201d7cfc5ec4a9979af6c9a236130b8f36d6e0e4dcfef596b106dbc39010303	b458b467a03688a50351b56d6e3c449c56ad4edc944351aafb91ac49def2d89e
chr22_100_guide_021	columba	timing	measured_1	8	0	0.606207	0.400939	0.160976	290400	1	70d3142b6438b2233c1a63a2ac833233a13a2d75bf75339f1fccaff2fa81b453	d56d96fe98b333f362ee9bd6376532e8bc00f0bfcb42456116b5b2cd748bb70d
chr22_100_guide_022	columba	timing	measured_1	8	0	2.114524	0.969317	0.440116	291504	1	6b72b7d58a6bb9700568183d8342e8f3bc79c45ffa1f7e46c161effbf9985c5d	1bdc42a6859b8b52c1db369907a7439fdf814d31ad0591c6948691ed396edcd1
chr22_100_guide_023	columba	timing	measured_1	8	0	0.606264	0.360711	0.180336	290288	149	5664c285cf2f5ae0137ca1a22d1cb40e7231faecf6a27ae4223e67a75ccdd033	94dca88f98f958fa1bf19db4e20642e9042142e03f3cac411aff6176a087ef1e
chr22_100_guide_024	columba	timing	measured_1	8	0	0.907264	0.484318	0.240194	290452	2	bcee63120e7a1ad9985f53ede79aec2d8e27e6be8190904374c9bd2675cce1d4	20e0d047a90eb941c28e7c3eadd3682e2d2baa7519ca17df715655ce2d25a138
chr22_100_guide_025	columba	timing	measured_1	8	0	2.970252	1.272175	0.577695	294412	3309	2bcf3c36d3005ad0fb22c942310e9ac2be633eecc1be15596d48b67e278c7fd2	bbeec566678f9402686af8dfc82c742950a8cca1a8132401323a9ab6a130af25
chr22_100_guide_026	columba	timing	measured_1	8	0	2.768307	1.176567	0.606682	291636	64	74ee2057f2511f0387c90decf264283593386e47d9b30347bc9921ddcc60dd17	24451543d4981af6965232fc89a42aae084c85b1effd413db55357f5b81b7551
chr22_100_guide_027	columba	timing	measured_1	8	0	1.810464	0.355180	0.157624	290576	2	a7610eb051e87a34826545d10fcf8102943e8611a97a657a33ec94ff2afe4c13	ca6032de9107568e011efa775fb138933bc1f4163d835edc39d12e948093dfde
chr22_100_guide_028	columba	timing	measured_1	8	0	0.656792	0.347106	0.186789	290836	2001	01e49abccf673768fbd38172e9592aef60a9ffa738fefa147d463cc2893ff852	6ab1cb25283fe19a6bfd4fcd5c48da2d87969a73970cab771254caf7f66a6287
chr22_100_guide_029	columba	timing	measured_1	8	0	0.705907	0.362995	0.203761	290704	1862	023a0db1667cffab02ece840deaeba274e313dbe75e80a569d4eb1e108049a70	d4e0a36311e4ca8e67b4e69d062e253606ee8ba50c03ffb98d71774fa810bdfb
chr22_100_guide_030	columba	timing	measured_1	8	0	1.411392	0.881165	0.238455	293456	2155	d29f1e6c8cefac25b1c219eeb22083b707ccd515357f995e1d890f815157db21	2438973516059989d2cd3180bc4fb2a1b25b52a873009a27bebbfc598f668a22
chr22_100_guide_031	columba	timing	measured_1	8	0	1.711723	0.707391	0.423697	291176	2	5d5573821365e7bc8b578e4c8587ad85cc0ce7e73cc826859074ffc07c945a42	6d757fd7aeea9c62de2f65f7620c111ca2fee818c410d59cbc0beeac17789d75
chr22_100_guide_032	columba	timing	measured_1	8	0	3.365629	0.357940	0.135201	292444	1	c25a6440be62186e25b0f165358d0d0900b923751f80af6ee5c27f0f29a85af6	5bcc52812e3cd79f2c949096180d3f1ac01ae06d29eea04285bba87168ded8f9
chr22_100_guide_033	columba	timing	measured_1	8	0	0.907204	0.329642	0.176358	293032	1	0effc63d85fa97f691908ce0321ab857ae6f08fabd2480f35c83ff81e76c9f0e	6be499e878bb8835b2d0095d754911ca511e88d92eb98ee972ab04a1f8c00a0b
chr22_100_guide_034	columba	timing	measured_1	8	0	0.655986	0.372331	0.137529	290440	1	b799f84402b88ca7eda644ce1b5b5eb56c02b09c04d62fc51c4c70dc76c6b583	4f6dc5b5a164eea9ba79b4a4c7ee686bbb2ef32b24b407949991d9e320496ddb
chr22_100_guide_035	columba	timing	measured_1	8	0	0.655597	0.385437	0.175044	290480	10	26e2eb81897f587da39402739a7f851313f0bf1adff27623b341a24f6d65d55b	99ec977a326ca10c3e115b1ced26f639f311e55f5d55485ff6a9c48c4655ed96
chr22_100_guide_036	columba	timing	measured_1	8	0	0.605732	0.325197	0.193584	290372	1	d902219eeefe3ff64202f082d0493776f51eb4ff2b0f1167c0e670f923533dc4	561879fe16bf8d8d845615014aafa1348557dc2b653402bc983228fe11f91985
chr22_100_guide_037	columba	timing	measured_1	8	0	0.556661	0.352732	0.147860	292556	1	87a59470956d0b27daf38e5e39ded5e150cdea0e868b3bb38ed13ec71694f010	e3b0c44298fc1c149afbf4c8996fb92427ae41e4649b934ca495991b7852b855
chr22_100_guide_038	columba	timing	measured_1	8	0	0.555290	0.351716	0.145583	290604	1	029b4bae64ebbe3decac5715b992bb89ceb0731276cd7cd8566eaca4250537b4	d19c36693df71437a3e971b04638d4c55f47a0d94d8887a1c6ebbec6f71e8046
chr22_100_guide_039	columba	timing	measured_1	8	0	0.505879	0.345769	0.130395	290608	1	a699d8af011bf9deb858b41d0fae396d8cff7641f7f0fffbf757531340e4d266	e3b0c44298fc1c149afbf4c8996fb92427ae41e4649b934ca495991b7852b855
chr22_100_guide_040	columba	timing	measured_1	8	0	0.555973	0.361261	0.166282	290360	1	4390a33a35b7293befeadb9fa60eb9d4727d057633aeb9a93007f6581228ca97	7e3c0298e47ada9502fe1ab91e5aed0852345691cf2da9d42a3b3bb1585655fc
chr22_100_guide_041	columba	timing	measured_1	8	0	0.559292	0.373728	0.143412	290380	1	3e8108b8109dce3b65881841a62543e3eb3ba821fff9bc76b9b5e43ac8c75d77	30d5bd1a2fd8f421e7be29640f109fecf4e022892dc5732c56ef1b76e1f5233b
chr22_100_guide_042	columba	timing	measured_1	8	0	0.555551	0.337556	0.182552	290692	1	5924fcb39f9667884df027edda8f627478be6271057a2d69844c736321e3169f	e3b0c44298fc1c149afbf4c8996fb92427ae41e4649b934ca495991b7852b855
chr22_100_guide_043	columba	timing	measured_1	8	0	0.657592	0.403759	0.174178	292820	2	453049c36d105d5fc369042ca0ab1a96b8b895a916b5c2f187ec168c02aae659	6a4a76d7576dcdf483edf9f4bfebf4e97bedcea9c2681ce642817147f17c17a9
chr22_100_guide_044	columba	timing	measured_1	8	0	0.555331	0.324755	0.179577	292576	2	4f1d85930718319dee2874ba1c96e3f8e80885b044e2550d9d3285234eb16d34	ac80b04a88870303112f4ee98ea5b95636d0b8b35af5c52fb77c23238f1648db
chr22_100_guide_045	columba	timing	measured_1	8	0	0.555835	0.327311	0.177428	290632	1	7e528a989c31c40be279492b74efb2b32bbafcb76168ffa5ecf4da003dd2852c	dd567e27451842465f72c8df72e5b23a60f4533474e55b65999ba98af50e5e25
chr22_100_guide_046	columba	timing	measured_1	8	0	0.505813	0.313957	0.152274	292536	1	714554ca8eac6dff9bf1ea7bcd982ded36f466eaa79bea00a33e12ff4252393b	32b0fdb408a245e8ea00a9e3729e5f81f9093394a9fdef4348318ec666ad1e55
chr22_100_guide_047	columba	timing	measured_1	8	0	0.505718	0.360657	0.127096	292488	1	ca51411298336dbdfe2d1022ed02e74028dfbcd2e0e397a8224fce4f6017af72	b76583d8074d81b6123010653d515a4ff97310c43c5bf08081014d9154db7606
chr22_100_guide_048	columba	timing	measured_1	8	0	0.558846	0.366824	0.158147	292520	1	bc3b9f3f86cc8bbd34d0a114947da783ee284f28a9a17754f8b3028fd08951a9	e3b0c44298fc1c149afbf4c8996fb92427ae41e4649b934ca495991b7852b855
chr22_100_guide_049	columba	timing	measured_1	8	0	0.555722	0.323302	0.171086	290272	3	00230428f6d63582ec60d092b6bc6c689bf77cb21e9480a627f5e8c16d0dc979	42d1ec48cb0493956d77fad00767b6c2fed5e28ca7790d50779e46dd1957fd55
chr22_100_guide_050	columba	timing	measured_1	8	0	0.806324	0.430076	0.228278	290648	80	a3962782031d7a99caa2c5378ed324dd3f3d615a63e3f3246b35b7371cee0cde	76defb6e40a3b8e0ecc76033ed3e6b9c80b03fa159050eccc782c7a714c2d894
chr22_100_guide_051	columba	timing	measured_1	8	0	0.555458	0.337055	0.146270	290588	1	14ef5eacd0519bf8d6f3f1e421b2147ce2cef2d89992ac6bc3c0c6493049fd6f	b3f77e03add0f929849c64c186a0f6ee8168522805e29a074a8498ff01f34924
chr22_100_guide_052	columba	timing	measured_1	8	0	0.505611	0.344547	0.130531	290496	1	b743dcf20b0f8a4d8e1a343b97d48c58a0bc7fc4d1bb2a983a38d2078d740fcd	2948117454b190d6eeeaca3bc94a2bf5793d77da14d80a9f2def8405cee8a845
chr22_100_guide_053	columba	timing	measured_1	8	0	0.555384	0.364337	0.167800	290292	1	7f92fd7dddc708c2b3ec905f92a74e766b81d6ff9eaf13b4dc9c11ff5e96767a	eb38c77d3364d29cf9b4a0c82bd850e49266e1046930de12097b9d1d6f671ebe
chr22_100_guide_054	columba	timing	measured_1	8	0	0.663076	0.383405	0.202910	290452	14	d9abcf3e269963d774edd15ecfe3248bb12de76053f6fba41a9ca58879ce535c	62cdbb700ac6e400eb15d3c313f1c22cd0466e5941035e515b9a58218cbfa7d7
chr22_100_guide_055	columba	timing	measured_1	8	0	0.555646	0.322995	0.178763	290668	1	a3d6cd5055990fc10a7f55f785689720f3a06133f1b0f4568f98749ce2751038	cbf8fe25e09218949637c014c44b0ac6c41b7c9311afed997f16260a3c1fbf6a
chr22_100_guide_056	columba	timing	measured_1	8	0	0.555953	0.349713	0.159035	290416	1	4a6cdc3b90d2775c2496444fab6f836151cd422ec2c82a9bf758cde5414f2417	e3b0c44298fc1c149afbf4c8996fb92427ae41e4649b934ca495991b7852b855
chr22_100_guide_057	columba	timing	measured_1	8	0	1.411136	0.683242	0.327935	293056	587	783a46d43d98318f821fc86b8be9e506027471318fc62ea5c629dfb1aca5a195	62403cc55bceb18e3f7dc799bae6212084c8fd72be3b5f839029a386d7c94f53
chr22_100_guide_058	columba	timing	measured_1	8	0	0.505391	0.334888	0.132792	292316	1	b7517a16df61180265ec10a20cb33a003c3ea568992073591f20e96d81391119	b52ea0dac91d497aaec6f642a08329c4472b1d235792c856330e28a7c0b02c57
chr22_100_guide_059	columba	timing	measured_1	8	0	0.556015	0.323447	0.178403	292308	1	a6e8f7dbe8440152b018e778c86e594c220662576f7388bf74086116bfb557b5	0125d3c4984bdc22f6fcb221414dd3900ca99fecfcf592d4992e3000caf67fe4
chr22_100_guide_060	columba	timing	measured_1	8	0	0.555814	0.318546	0.157927	290484	1	96bacc0c5f62f5ee3cb64d6560e882e64673267447e8714383a4ab744f1c99a8	ccbb31fe1ebb9328fe27201916e87bd7c24b711b7b0b063a7f477755fe73cf70
chr22_100_guide_061	columba	timing	measured_1	8	0	0.555771	0.336908	0.152179	290164	1	9246314add68bcb309196485353ca32264aa9d97b65d40e3825659e7fa9e07c5	12cf0f82ebccaab6f5456eda16e6f1aa1c8c09e0e0b6bfe076d282d5294656c8
chr22_100_guide_062	columba	timing	measured_1	8	0	0.656119	0.342895	0.173966	292544	1	4832e7aa711ccdac22496f6cb8a979eec30369c372fca1b6aba1e3edfb12e8a1	e3b0c44298fc1c149afbf4c8996fb92427ae41e4649b934ca495991b7852b855
chr22_100_guide_063	columba	timing	measured_1	8	0	0.555182	0.318811	0.162975	290476	1	c4ca7ddc636638d7005d3e187756ba84185296e1c2585b41d0a7a856e2606213	696e651629a088ed51fa18bf92752b7cebcc5231944eb0da133c1b9ea7800ae7
chr22_100_guide_064	columba	timing	measured_1	8	0	0.606507	0.363927	0.172485	292632	1	b38f02456f345d872287da7f74b53691b169eb255cc35d11d103c308c700d2eb	80ee862860c0660e526ecb32b831aefab1ec8d289bb9d77c6b7b292513f4e728
chr22_100_guide_065	columba	timing	measured_1	8	0	0.706368	0.412697	0.188189	292432	1	4a6f7a313e251182f276be210f99075cb7bfa5275fa278d132ac27df6e713db1	e3b0c44298fc1c149afbf4c8996fb92427ae41e4649b934ca495991b7852b855
chr22_100_guide_066	columba	timing	measured_1	8	0	0.555438	0.366538	0.160256	290524	1	4802296ebbba9922a4ece696902be06427691049808ba406ed873a9a4a219f9c	5f467778f752a1aaed5df46d05a9a1b73450c302e12b8f1f7e33ddf845f2077e
chr22_100_guide_067	columba	timing	measured_1	8	0	0.707574	0.423681	0.154579	290356	1	0229a4fc79d3d37ddda05a4910899ff60fcd29aa41d3690d08b235deae1dd329	53b771ffaca11cb96d720daf7c16129376f1614689ba28d188fa0d0308cc5d07
chr22_100_guide_068	columba	timing	measured_1	8	0	0.658120	0.360016	0.159717	290492	2	d39c5b6762aa09453e14f55e106ab300ceb4955ee3d73b381937cbf2220ed042	fc6bbc4c65e692473cbf32ff151557635e2d1dd99e4b69c5ee3da000a109cea9
chr22_100_guide_069	columba	timing	measured_1	8	0	0.605441	0.357295	0.174351	290304	1	77885b288a794217926cbdc3f9557271a5584ca0a3525a33368ba9dfa0f79c36	5d430161443a2a46da19dfd91300b023436381d8acde81bd4858cc16663951ac
chr22_100_guide_070	columba	timing	measured_1	8	0	0.555603	0.325573	0.156701	290364	1	555a66e1753526673117e366fb233c844df0cfc38a64971866528e20e52f4ca2	daf225fd739240830663f4f6fa1add420c3d409ae734e31ecd3e9a98f65456bd
chr22_100_guide_071	columba	timing	measured_1	8	0	0.555434	0.396928	0.113317	292480	1	db50066ab5215e0ab40715d3e84c765c47977eb5d92e2f74fef9a37ee0c19f96	e3b0c44298fc1c149afbf4c8996fb92427ae41e4649b934ca495991b7852b855
chr22_100_guide_072	columba	timing	measured_1	8	0	0.555606	0.330335	0.190243	292164	1	a7389bd954eaa7a8f7c3e448a2ff3a3f4ef011b680d833fad933fd884d099eca	9b7501725ac0e846ebbf11d00696dd347ff96cf1e9b93286935af165a5a8fa66
chr22_100_guide_073	columba	timing	measured_1	8	0	0.655830	0.375741	0.210117	290324	1	850390cf00e784716c531f5e64380876ff07596af289e7ba34bc096bff075ecc	f44e84d998c57621965bbb72ae37ec201bf3185e3f28563924ad182f849d8046
chr22_100_guide_074	columba	timing	measured_1	8	0	0.857211	0.453420	0.241477	290400	15	97f0d8858f903bcb6a054b2a856681ae3d750161733d345ff4336bfc33819503	47727314b57ea803c5a3fa2d696319a895d425c026877c7342ec66d95555ff9d
chr22_100_guide_075	columba	timing	measured_1	8	0	0.857415	0.412222	0.258956	290608	690	2354f825ce61636eff2ebd9b9f04785099b672e2778924a5bfbd006333613cf6	7e96804198e52de0cf9624d7983a3fce1c16d78c3101a89c4b2d30f13556ce60
chr22_100_guide_076	columba	timing	measured_1	8	0	1.160211	0.545588	0.304957	290688	38	ca302eb1021b149cad0aa565a08684a3f95b4dc2d440c7d21ea5b8af132306eb	1486cd8c9af853f27a3bc3677c2cd49263a916b45c25f5b4df6be61b5d3536f6
chr22_100_guide_077	columba	timing	measured_1	8	0	0.555303	0.359006	0.167648	290368	1	e3869c3952dd0b0eb3e37141b1040c6f25b82c4e398011436f2219c75f8febe8	b9c553e0ccfe2ce660998762584c8775fddbac678c08f7828037c9b6239ea576
chr22_100_guide_078	columba	timing	measured_1	8	0	0.556086	0.338948	0.193324	290460	1	b32f95b3659bdf5efde0a545c93605a84811e1f51637e98948f88b66e0c918a9	e3b0c44298fc1c149afbf4c8996fb92427ae41e4649b934ca495991b7852b855
chr22_100_guide_079	columba	timing	measured_1	8	0	0.555843	0.349319	0.183531	290436	1	3719b9c87eb26bae46571444132aecd72ec6971081ed8592128ac8081655f637	ba8e3024a8dbd3ab92f3c3efd62af4339a44a56f1d02bd2d31d752a8b26c0e77
chr22_100_guide_080	columba	timing	measured_1	8	0	0.755670	0.349505	0.170880	292460	1	5c9d989f365df1d424483a28cbc77093b089ff7ebee8cd46972f309ff0b6db17	2f17411719ddcf823a39fa8532b48978e18ea71b4f65cc71e1b1d51840c18def
chr22_100_guide_081	columba	timing	measured_1	8	0	0.555298	0.353365	0.167854	290288	1	60f8b2bdc588b6b13527c78acc609879caa8defea9c72ada132dee63d52ad9bf	e3b0c44298fc1c149afbf4c8996fb92427ae41e4649b934ca495991b7852b855
chr22_100_guide_082	columba	timing	measured_1	8	0	0.505504	0.348092	0.135493	292564	1	8aa0d629b648d54d65dead9f626b4f79b04416d14abcb761ce6f8afd4c8d5a02	e3b0c44298fc1c149afbf4c8996fb92427ae41e4649b934ca495991b7852b855
chr22_100_guide_083	columba	timing	measured_1	8	0	0.656817	0.441676	0.150256	292268	1	1da030b92202db00fdf4fa746fa0de1c56a74c6415d7abf8e6e634730c0990ca	e8d6de60c3ba05b27001c144755f4d3ad082de5cdf0fdf5e9cf6b7717422195e
chr22_100_guide_084	columba	timing	measured_1	8	0	1.059005	0.514944	0.249442	292776	59	85f162921bfeefc97d3de55dbe3f97c5f8f6192ca4eb2dd40a561a137aa14173	5b15e8ffd7e3dbd341b4575d46e2dae3dfaa6a747317a1348b5b7768a37886c9
chr22_100_guide_085	columba	timing	measured_1	8	0	0.555429	0.371834	0.151973	290328	1	886f21508ef43139da65b3307d412b9c43af12390fb60b152be51f2961337117	e3b0c44298fc1c149afbf4c8996fb92427ae41e4649b934ca495991b7852b855
chr22_100_guide_086	columba	timing	measured_1	8	0	0.555804	0.364065	0.143456	290352	1	b49d937c3f713b95c07b0df4983659c5531f5062b2c8b309c93edf95c5d33253	fe8b505978787bbd7a6d3b5268bab52bb800793326eda2f064520359431dd393
chr22_100_guide_087	columba	timing	measured_1	8	0	0.908352	0.465311	0.237089	290472	5	7299c25e9e9229b69fae4918dbd7a3d10cf292aa3a5ae9e727231b52918c4ec1	e022cf39cf254e9d5e76a228fc4449c3751d849c1fa8e8eb5b7d348ead9de8a8
chr22_100_guide_088	columba	timing	measured_1	8	0	0.555852	0.345620	0.130247	290560	1	7b9ea615f9aa7e046adebd0e63adf8ebdc63c09e2a683a13ae5b9e9457fd8152	000abe2ead510b1e81f85058fe4a2422bdd56dfa268e082b10ff250075738f0e
chr22_100_guide_089	columba	timing	measured_1	8	0	0.555340	0.348815	0.174922	292568	1	790719bd8847db6a942f261864ea37c0ec15f7a4f400e0bd1eaf31a8e659f354	5747958b98329bf390adcb88fe0c55df552279978269e4428317edf8497c35fb
chr22_100_guide_090	columba	timing	measured_1	8	0	0.606968	0.376283	0.171859	290216	1	af0e7d04b9032b6ba55a507cdc6196da5e7f3adbce117a38bb6ba2d2fb078cba	bb969d4b02ddd34c284543e306e202b2336d7575aa86daa3e6466757c09fd92b
chr22_100_guide_091	columba	timing	measured_1	8	0	0.607042	0.344566	0.175354	290432	2	cf53e5c0ba2549b95ad7cc66f6caa57165a2d7ef971b8448816c1f5189dcba42	99ee76e9b64774c9369be8a6f72c896db95e3888b9d30ddcbc455b25e12e4601
chr22_100_guide_092	columba	timing	measured_1	8	0	0.505996	0.319184	0.160517	290532	1	36dc22934c7c02b9c1a4043e7fa71e9fab23fac626842ee0233fa0a19e8a4d8d	f9edfd1414c172b5a32e647be62f7efb9a1867b2825caa326cd197691299ad06
chr22_100_guide_093	columba	timing	measured_1	8	0	0.555882	0.338993	0.149278	290396	1	7c248ba9765e06499bdbdd56fa063150392f57bbcf49d7273e7a34148cb2a14e	cb99cf2cb5c76fa9de96c7d214883bdebf51068c4cfea4bec3c2c4a8fda8efb1
chr22_100_guide_094	columba	timing	measured_1	8	0	0.555417	0.342287	0.191203	292436	1	b129ef3c4f85946c1752fcdec67457fbfa137faf10c495dcfb79020726f0093a	e3b0c44298fc1c149afbf4c8996fb92427ae41e4649b934ca495991b7852b855
chr22_100_guide_095	columba	timing	measured_1	8	0	0.807813	0.336685	0.174617	292412	2	72cfccdb732c7f835e82aebb76ca4186954ee044989d4d3f165c230249e1ab41	8dd8d8e768aa6c5cd7d90852728b3841c27aebb8dbde3dfbf7f30997ce15d157
chr22_100_guide_096	columba	timing	measured_1	8	0	0.555816	0.326376	0.174569	290284	1	66356638d350f202a4fc3653512e2eb61d180a210d3b4874237620fdd88f45ac	96e1dce767526b5e03b01ea34764f33de2e58653d775c70a8355e05d5d77a707
chr22_100_guide_097	columba	timing	measured_1	8	0	0.556004	0.364898	0.158920	290388	1	ec3317eca52cb313be8b742bd84d70d8e9f8f3d3a8dfda83e632d9ec5b3e7472	c34143c4b66ce37c239db5fc991d73357da56a527f237f74e6df9d61bb22831f
chr22_100_guide_098	columba	timing	measured_1	8	0	0.707741	0.390631	0.210808	290696	9	6803cc83cccde78136058d3d854eb89cc05eab1188efe7c0cabebb43cb9eb17d	86060c0d0ba22165d0282d1cf92bc8afade2100bd1def809b1f81bb96b9678e3
chr22_100_guide_099	columba	timing	measured_1	8	0	0.555795	0.339026	0.147565	290536	4	1fd7872322173d0504d0c832d225fc1f16e4c6a2d976d3c96de80baf41629173	8b7f11de3ad2254629636c6d8342d71050f8c150a04e6c52ecefb6984e7ab6b5
chr22_100_guide_100	columba	timing	measured_1	8	0	0.605797	0.321994	0.193141	290348	2	4bb6e4f08a7316ba26ec3e6f894f79070071b55d78d6c1605a50035d0a1d9c79	43c575a7c9c47d3164a453eb851e84a8842b01388a4b2fe7c9503045ddc887e0
chr22_100_guide_001	columba	timing	measured_2	8	0	0.606009	0.342963	0.147539	290604	2	c788efd23026646b4da4b4a94736bffdb6646d5bb82e63ef3b54d008d2d7f496	5e6212673189b137868af231f3f49365db18929fbdc4915f13b52a1622522dba
chr22_100_guide_002	columba	timing	measured_2	8	0	0.856718	0.432631	0.218009	292792	21	f0937d09b482433febb72a3aa2951bd7a1099c3bb5c4e6ae5d7f40f51dfaf291	e925e6374c2b14f26ce352338d241501af5403cd20c2f7a0a66a7ff0957a82b9
chr22_100_guide_003	columba	timing	measured_2	8	0	0.756367	0.397127	0.230030	290584	856	ccc3d3b80ed309cc947744aeb419da762bf360cf65ee8f19caf6d89ef8540bb4	a0f43a78ac495168b63dc33958a840d4b629f46bd21e5ea36ebe2fd81ed8e956
chr22_100_guide_004	columba	timing	measured_2	8	0	0.756525	0.402256	0.179884	292560	1	691ce0260ac4ff8426decb079b6ec2efdf4680b3abaced64e9143840bccb9552	a4c7fcea839152b57f9d48000d08a15502fd89d0fd27949928e5d265dda849b7
chr22_100_guide_005	columba	timing	measured_2	8	0	0.605511	0.368983	0.165664	292436	1	95686fb2b7a30116b7ae2cc467351eaaf4c6f25cab6f6b7bc6dcc05f1c409532	011f515d83cd8b0bf4648cfa3d329bea0cb2939a7aabcbf319c9ccbd2ece994c
chr22_100_guide_006	columba	timing	measured_2	8	0	2.415716	0.954405	0.649110	293776	4	b8cc43f743b2bf2f0e12fa535de856dec45a7e724e169b206e17e024502350b1	9739780944683faaa4ef3f313f816b862f341378b37d0ab5c6f2f11c524f85ce
chr22_100_guide_007	columba	timing	measured_2	8	0	1.007628	0.525284	0.228701	292780	77	4ed0f166306be29e52512f6850c1b990c122568bfe38464c457a9cbc3cafab14	501f5c6c5e8d62ad0a7602fffd723666195a02b48240223d6a623d2bf75bc9d7
chr22_100_guide_008	columba	timing	measured_2	8	0	0.555816	0.368587	0.132813	290372	70	2525d9e467b0e235d87fec363306eb39498ebdd905157b97f69a01938142d417	587b33ffa851be62124e858db10a3ce0555e1fef7b9faa94a47115a7bf569d6a
chr22_100_guide_009	columba	timing	measured_2	8	0	0.556050	0.343902	0.155707	292368	4	958d7bb0d2bcce37cafabe02cb7bcd2515a249ee7abef00a06c7ca69afbeddfd	b26403da3df85946d6c7931e54a923877597a6d21517a6786edcfb4f3a684c5d
chr22_100_guide_010	columba	timing	measured_2	8	0	0.756615	0.426504	0.201345	290656	25	bbff78e8edf6476d0dd0cdd76f512cb705b72cd1e357220e1a380dbd5cb5874e	8283bb72468ef0f7298ae906c23d010c0d48c6574a33364a533179130f8c4875
chr22_100_guide_011	columba	timing	measured_2	8	0	0.556462	0.342780	0.164967	290380	21	ec592648254199539685feee5357d093e2e1ec0b8ee82c9ce1e89057db95c2aa	e3b0c44298fc1c149afbf4c8996fb92427ae41e4649b934ca495991b7852b855
chr22_100_guide_012	columba	timing	measured_2	8	0	0.556752	0.348529	0.164349	292520	8	9b00eaabadec78eddf839955f38b2c49038c64b495db9fc7cba00a4c5b16c2fd	e3b0c44298fc1c149afbf4c8996fb92427ae41e4649b934ca495991b7852b855
chr22_100_guide_013	columba	timing	measured_2	8	0	0.555469	0.365375	0.160382	290324	3	14d007c41b3efc0f49a5e3c8b2c1afbdbbf6448965f329277343a75661f62b72	e6ce59b275084995153a3e9c40a4958a8a70855f475daac144376dd269a555ec
chr22_100_guide_014	columba	timing	measured_2	8	0	0.607342	0.423181	0.146914	292552	193	18fa726a0532763a6a720243b5476e8492d4a0e21d88972a1590a5cc86c18f36	738f0679665e7cbee0e7647775b7e47573cdbc33c7d7463d5c01f8c75b0b7b5f
chr22_100_guide_015	columba	timing	measured_2	8	0	2.971682	1.207994	0.680987	296084	121	14607790ed2c2aa20854f98797286082d4f4e662c4918ba18d80b5c7cabdc3a3	42f93d194038db849260c18f78fe52cdc58775b7f60fd7a14fdf15a6b1f00b50
chr22_100_guide_016	columba	timing	measured_2	8	0	0.555921	0.353259	0.159172	292420	1	664ca84d364b11b722ac1aa282d988cb26faa580c3801fc71e980d0a2785483d	647a3c26fb0f04ad019100c4ab0390ab87ed5c84aadfe7a252bca70b1e3bd96d
chr22_100_guide_017	columba	timing	measured_2	8	0	2.113911	0.936097	0.465838	293360	65	443c9733648206d43672a968d8e97952afd65a9f31ce05d9d0565f64b1ea8a38	34e2228fdcbf823acbc1cf9a4520426f2726ceee2e2c487a482723b0e27f4c06
chr22_100_guide_018	columba	timing	measured_2	8	0	0.707111	0.378910	0.196142	291340	2	5c632dfc921b715b635c61d386497b7131eb4348bb520ea4a5cd13ab53ef1e7a	23e8f4ffff162fdc2e25089c32203c22ccb5ac9c66770c9b5d4a6408cc154ffb
chr22_100_guide_019	columba	timing	measured_2	8	0	0.606024	0.335371	0.203609	292544	1	6cdd7ce54810d5bc4f6f9e343cba7e89b5868d4aa230081223fa53049a31ac4f	dc56e723a41ad2b033072b1d35240963852ef67de09ef8478a44d1daa4a0e78a
chr22_100_guide_020	columba	timing	measured_2	8	0	0.807017	0.430977	0.224675	290532	7	e201d7cfc5ec4a9979af6c9a236130b8f36d6e0e4dcfef596b106dbc39010303	b458b467a03688a50351b56d6e3c449c56ad4edc944351aafb91ac49def2d89e
chr22_100_guide_021	columba	timing	measured_2	8	0	0.555465	0.342454	0.164871	292412	1	70d3142b6438b2233c1a63a2ac833233a13a2d75bf75339f1fccaff2fa81b453	d56d96fe98b333f362ee9bd6376532e8bc00f0bfcb42456116b5b2cd748bb70d
chr22_100_guide_022	columba	timing	measured_2	8	0	2.265748	1.010970	0.447861	291424	1	6b72b7d58a6bb9700568183d8342e8f3bc79c45ffa1f7e46c161effbf9985c5d	1bdc42a6859b8b52c1db369907a7439fdf814d31ad0591c6948691ed396edcd1
chr22_100_guide_023	columba	timing	measured_2	8	0	0.607991	0.350672	0.191935	292360	149	5664c285cf2f5ae0137ca1a22d1cb40e7231faecf6a27ae4223e67a75ccdd033	94dca88f98f958fa1bf19db4e20642e9042142e03f3cac411aff6176a087ef1e
chr22_100_guide_024	columba	timing	measured_2	8	0	0.857239	0.474780	0.204858	290528	2	bcee63120e7a1ad9985f53ede79aec2d8e27e6be8190904374c9bd2675cce1d4	20e0d047a90eb941c28e7c3eadd3682e2d2baa7519ca17df715655ce2d25a138
chr22_100_guide_025	columba	timing	measured_2	8	0	2.917660	1.176789	0.603946	294232	3309	2bcf3c36d3005ad0fb22c942310e9ac2be633eecc1be15596d48b67e278c7fd2	bbeec566678f9402686af8dfc82c742950a8cca1a8132401323a9ab6a130af25
chr22_100_guide_026	columba	timing	measured_2	8	0	2.867486	1.148485	0.563275	291640	64	74ee2057f2511f0387c90decf264283593386e47d9b30347bc9921ddcc60dd17	24451543d4981af6965232fc89a42aae084c85b1effd413db55357f5b81b7551
chr22_100_guide_027	columba	timing	measured_2	8	0	0.555193	0.352372	0.133273	290328	2	a7610eb051e87a34826545d10fcf8102943e8611a97a657a33ec94ff2afe4c13	ca6032de9107568e011efa775fb138933bc1f4163d835edc39d12e948093dfde
chr22_100_guide_028	columba	timing	measured_2	8	0	0.706616	0.425838	0.146737	290728	2001	01e49abccf673768fbd38172e9592aef60a9ffa738fefa147d463cc2893ff852	6ab1cb25283fe19a6bfd4fcd5c48da2d87969a73970cab771254caf7f66a6287
chr22_100_guide_029	columba	timing	measured_2	8	0	0.656100	0.386850	0.180563	290696	1862	023a0db1667cffab02ece840deaeba274e313dbe75e80a569d4eb1e108049a70	d4e0a36311e4ca8e67b4e69d062e253606ee8ba50c03ffb98d71774fa810bdfb
chr22_100_guide_030	columba	timing	measured_2	8	0	1.561888	0.758283	0.354386	291028	2155	d29f1e6c8cefac25b1c219eeb22083b707ccd515357f995e1d890f815157db21	2438973516059989d2cd3180bc4fb2a1b25b52a873009a27bebbfc598f668a22
chr22_100_guide_031	columba	timing	measured_2	8	0	1.763547	0.798449	0.429547	291016	2	5d5573821365e7bc8b578e4c8587ad85cc0ce7e73cc826859074ffc07c945a42	6d757fd7aeea9c62de2f65f7620c111ca2fee818c410d59cbc0beeac17789d75
chr22_100_guide_032	columba	timing	measured_2	8	0	0.555962	0.313124	0.193829	290316	1	c25a6440be62186e25b0f165358d0d0900b923751f80af6ee5c27f0f29a85af6	5bcc52812e3cd79f2c949096180d3f1ac01ae06d29eea04285bba87168ded8f9
chr22_100_guide_033	columba	timing	measured_2	8	0	0.555690	0.359729	0.151972	290392	1	0effc63d85fa97f691908ce0321ab857ae6f08fabd2480f35c83ff81e76c9f0e	6be499e878bb8835b2d0095d754911ca511e88d92eb98ee972ab04a1f8c00a0b
chr22_100_guide_034	columba	timing	measured_2	8	0	0.555731	0.324534	0.197328	290432	1	b799f84402b88ca7eda644ce1b5b5eb56c02b09c04d62fc51c4c70dc76c6b583	4f6dc5b5a164eea9ba79b4a4c7ee686bbb2ef32b24b407949991d9e320496ddb
chr22_100_guide_035	columba	timing	measured_2	8	0	0.606291	0.348429	0.204487	290280	10	26e2eb81897f587da39402739a7f851313f0bf1adff27623b341a24f6d65d55b	99ec977a326ca10c3e115b1ced26f639f311e55f5d55485ff6a9c48c4655ed96
chr22_100_guide_036	columba	timing	measured_2	8	0	0.555833	0.347017	0.175217	292508	1	d902219eeefe3ff64202f082d0493776f51eb4ff2b0f1167c0e670f923533dc4	561879fe16bf8d8d845615014aafa1348557dc2b653402bc983228fe11f91985
chr22_100_guide_037	columba	timing	measured_2	8	0	0.555455	0.319731	0.185413	290668	1	87a59470956d0b27daf38e5e39ded5e150cdea0e868b3bb38ed13ec71694f010	e3b0c44298fc1c149afbf4c8996fb92427ae41e4649b934ca495991b7852b855
chr22_100_guide_038	columba	timing	measured_2	8	0	0.504561	0.328974	0.150387	290308	1	029b4bae64ebbe3decac5715b992bb89ceb0731276cd7cd8566eaca4250537b4	d19c36693df71437a3e971b04638d4c55f47a0d94d8887a1c6ebbec6f71e8046
chr22_100_guide_039	columba	timing	measured_2	8	0	0.557001	0.347325	0.147682	290460	1	a699d8af011bf9deb858b41d0fae396d8cff7641f7f0fffbf757531340e4d266	e3b0c44298fc1c149afbf4c8996fb92427ae41e4649b934ca495991b7852b855
chr22_100_guide_040	columba	timing	measured_2	8	0	0.557708	0.369055	0.144898	290500	1	4390a33a35b7293befeadb9fa60eb9d4727d057633aeb9a93007f6581228ca97	7e3c0298e47ada9502fe1ab91e5aed0852345691cf2da9d42a3b3bb1585655fc
chr22_100_guide_041	columba	timing	measured_2	8	0	0.606738	0.391773	0.163702	290632	1	3e8108b8109dce3b65881841a62543e3eb3ba821fff9bc76b9b5e43ac8c75d77	30d5bd1a2fd8f421e7be29640f109fecf4e022892dc5732c56ef1b76e1f5233b
chr22_100_guide_042	columba	timing	measured_2	8	0	0.555494	0.347500	0.146220	290376	1	5924fcb39f9667884df027edda8f627478be6271057a2d69844c736321e3169f	e3b0c44298fc1c149afbf4c8996fb92427ae41e4649b934ca495991b7852b855
chr22_100_guide_043	columba	timing	measured_2	8	0	0.706618	0.387816	0.216116	291168	2	453049c36d105d5fc369042ca0ab1a96b8b895a916b5c2f187ec168c02aae659	6a4a76d7576dcdf483edf9f4bfebf4e97bedcea9c2681ce642817147f17c17a9
chr22_100_guide_044	columba	timing	measured_2	8	0	0.605724	0.351798	0.163453	290312	2	4f1d85930718319dee2874ba1c96e3f8e80885b044e2550d9d3285234eb16d34	ac80b04a88870303112f4ee98ea5b95636d0b8b35af5c52fb77c23238f1648db
chr22_100_guide_045	columba	timing	measured_2	8	0	0.555370	0.329923	0.148446	290428	1	7e528a989c31c40be279492b74efb2b32bbafcb76168ffa5ecf4da003dd2852c	dd567e27451842465f72c8df72e5b23a60f4533474e55b65999ba98af50e5e25
chr22_100_guide_046	columba	timing	measured_2	8	0	0.555756	0.384704	0.136272	290424	1	714554ca8eac6dff9bf1ea7bcd982ded36f466eaa79bea00a33e12ff4252393b	32b0fdb408a245e8ea00a9e3729e5f81f9093394a9fdef4348318ec666ad1e55
chr22_100_guide_047	columba	timing	measured_2	8	0	0.605783	0.338894	0.167229	292416	1	ca51411298336dbdfe2d1022ed02e74028dfbcd2e0e397a8224fce4f6017af72	b76583d8074d81b6123010653d515a4ff97310c43c5bf08081014d9154db7606
chr22_100_guide_048	columba	timing	measured_2	8	0	0.556092	0.349910	0.149327	290412	1	bc3b9f3f86cc8bbd34d0a114947da783ee284f28a9a17754f8b3028fd08951a9	e3b0c44298fc1c149afbf4c8996fb92427ae41e4649b934ca495991b7852b855
chr22_100_guide_049	columba	timing	measured_2	8	0	0.609568	0.379398	0.176063	290772	3	00230428f6d63582ec60d092b6bc6c689bf77cb21e9480a627f5e8c16d0dc979	42d1ec48cb0493956d77fad00767b6c2fed5e28ca7790d50779e46dd1957fd55
chr22_100_guide_050	columba	timing	measured_2	8	0	0.756311	0.430780	0.209376	290684	80	a3962782031d7a99caa2c5378ed324dd3f3d615a63e3f3246b35b7371cee0cde	76defb6e40a3b8e0ecc76033ed3e6b9c80b03fa159050eccc782c7a714c2d894
chr22_100_guide_051	columba	timing	measured_2	8	0	0.556296	0.371100	0.146824	292396	1	14ef5eacd0519bf8d6f3f1e421b2147ce2cef2d89992ac6bc3c0c6493049fd6f	b3f77e03add0f929849c64c186a0f6ee8168522805e29a074a8498ff01f34924
chr22_100_guide_052	columba	timing	measured_2	8	0	0.556558	0.337228	0.165282	290348	1	b743dcf20b0f8a4d8e1a343b97d48c58a0bc7fc4d1bb2a983a38d2078d740fcd	2948117454b190d6eeeaca3bc94a2bf5793d77da14d80a9f2def8405cee8a845
chr22_100_guide_053	columba	timing	measured_2	8	0	0.555649	0.346624	0.132460	290524	1	7f92fd7dddc708c2b3ec905f92a74e766b81d6ff9eaf13b4dc9c11ff5e96767a	eb38c77d3364d29cf9b4a0c82bd850e49266e1046930de12097b9d1d6f671ebe
chr22_100_guide_054	columba	timing	measured_2	8	0	0.657322	0.350304	0.200911	290584	14	d9abcf3e269963d774edd15ecfe3248bb12de76053f6fba41a9ca58879ce535c	62cdbb700ac6e400eb15d3c313f1c22cd0466e5941035e515b9a58218cbfa7d7
chr22_100_guide_055	columba	timing	measured_2	8	0	0.605758	0.324704	0.201994	292432	1	a3d6cd5055990fc10a7f55f785689720f3a06133f1b0f4568f98749ce2751038	cbf8fe25e09218949637c014c44b0ac6c41b7c9311afed997f16260a3c1fbf6a
chr22_100_guide_056	columba	timing	measured_2	8	0	0.605632	0.321745	0.192967	290284	1	4a6cdc3b90d2775c2496444fab6f836151cd422ec2c82a9bf758cde5414f2417	e3b0c44298fc1c149afbf4c8996fb92427ae41e4649b934ca495991b7852b855
chr22_100_guide_057	columba	timing	measured_2	8	0	1.360340	0.662014	0.324842	291072	587	783a46d43d98318f821fc86b8be9e506027471318fc62ea5c629dfb1aca5a195	62403cc55bceb18e3f7dc799bae6212084c8fd72be3b5f839029a386d7c94f53
chr22_100_guide_058	columba	timing	measured_2	8	0	0.555866	0.329431	0.186232	292412	1	b7517a16df61180265ec10a20cb33a003c3ea568992073591f20e96d81391119	b52ea0dac91d497aaec6f642a08329c4472b1d235792c856330e28a7c0b02c57
chr22_100_guide_059	columba	timing	measured_2	8	0	0.555561	0.332218	0.174775	290312	1	a6e8f7dbe8440152b018e778c86e594c220662576f7388bf74086116bfb557b5	0125d3c4984bdc22f6fcb221414dd3900ca99fecfcf592d4992e3000caf67fe4
chr22_100_guide_060	columba	timing	measured_2	8	0	0.555398	0.348326	0.158307	292484	1	96bacc0c5f62f5ee3cb64d6560e882e64673267447e8714383a4ab744f1c99a8	ccbb31fe1ebb9328fe27201916e87bd7c24b711b7b0b063a7f477755fe73cf70
chr22_100_guide_061	columba	timing	measured_2	8	0	0.605471	0.351514	0.167012	292472	1	9246314add68bcb309196485353ca32264aa9d97b65d40e3825659e7fa9e07c5	12cf0f82ebccaab6f5456eda16e6f1aa1c8c09e0e0b6bfe076d282d5294656c8
chr22_100_guide_062	columba	timing	measured_2	8	0	0.555324	0.343917	0.152186	290472	1	4832e7aa711ccdac22496f6cb8a979eec30369c372fca1b6aba1e3edfb12e8a1	e3b0c44298fc1c149afbf4c8996fb92427ae41e4649b934ca495991b7852b855
chr22_100_guide_063	columba	timing	measured_2	8	0	0.555029	0.320699	0.165587	292548	1	c4ca7ddc636638d7005d3e187756ba84185296e1c2585b41d0a7a856e2606213	696e651629a088ed51fa18bf92752b7cebcc5231944eb0da133c1b9ea7800ae7
chr22_100_guide_064	columba	timing	measured_2	8	0	0.556030	0.342183	0.150068	292420	1	b38f02456f345d872287da7f74b53691b169eb255cc35d11d103c308c700d2eb	80ee862860c0660e526ecb32b831aefab1ec8d289bb9d77c6b7b292513f4e728
chr22_100_guide_065	columba	timing	measured_2	8	0	0.555984	0.338719	0.169223	292544	1	4a6f7a313e251182f276be210f99075cb7bfa5275fa278d132ac27df6e713db1	e3b0c44298fc1c149afbf4c8996fb92427ae41e4649b934ca495991b7852b855
chr22_100_guide_066	columba	timing	measured_2	8	0	0.556088	0.345877	0.169033	292712	1	4802296ebbba9922a4ece696902be06427691049808ba406ed873a9a4a219f9c	5f467778f752a1aaed5df46d05a9a1b73450c302e12b8f1f7e33ddf845f2077e
chr22_100_guide_067	columba	timing	measured_2	8	0	0.556128	0.329671	0.155195	292840	1	0229a4fc79d3d37ddda05a4910899ff60fcd29aa41d3690d08b235deae1dd329	53b771ffaca11cb96d720daf7c16129376f1614689ba28d188fa0d0308cc5d07
chr22_100_guide_068	columba	timing	measured_2	8	0	0.556008	0.322509	0.164466	290436	2	d39c5b6762aa09453e14f55e106ab300ceb4955ee3d73b381937cbf2220ed042	fc6bbc4c65e692473cbf32ff151557635e2d1dd99e4b69c5ee3da000a109cea9
chr22_100_guide_069	columba	timing	measured_2	8	0	0.555879	0.342397	0.154290	292436	1	77885b288a794217926cbdc3f9557271a5584ca0a3525a33368ba9dfa0f79c36	5d430161443a2a46da19dfd91300b023436381d8acde81bd4858cc16663951ac
chr22_100_guide_070	columba	timing	measured_2	8	0	0.555555	0.340862	0.141595	290276	1	555a66e1753526673117e366fb233c844df0cfc38a64971866528e20e52f4ca2	daf225fd739240830663f4f6fa1add420c3d409ae734e31ecd3e9a98f65456bd
chr22_100_guide_071	columba	timing	measured_2	8	0	0.605931	0.369583	0.154831	292480	1	db50066ab5215e0ab40715d3e84c765c47977eb5d92e2f74fef9a37ee0c19f96	e3b0c44298fc1c149afbf4c8996fb92427ae41e4649b934ca495991b7852b855
chr22_100_guide_072	columba	timing	measured_2	8	0	0.555490	0.325786	0.160131	292388	1	a7389bd954eaa7a8f7c3e448a2ff3a3f4ef011b680d833fad933fd884d099eca	9b7501725ac0e846ebbf11d00696dd347ff96cf1e9b93286935af165a5a8fa66
chr22_100_guide_073	columba	timing	measured_2	8	0	0.606010	0.345020	0.132574	290304	1	850390cf00e784716c531f5e64380876ff07596af289e7ba34bc096bff075ecc	f44e84d998c57621965bbb72ae37ec201bf3185e3f28563924ad182f849d8046
chr22_100_guide_074	columba	timing	measured_2	8	0	0.858697	0.455325	0.211271	291080	15	97f0d8858f903bcb6a054b2a856681ae3d750161733d345ff4336bfc33819503	47727314b57ea803c5a3fa2d696319a895d425c026877c7342ec66d95555ff9d
chr22_100_guide_075	columba	timing	measured_2	8	0	1.459372	0.428395	0.249285	290576	690	2354f825ce61636eff2ebd9b9f04785099b672e2778924a5bfbd006333613cf6	7e96804198e52de0cf9624d7983a3fce1c16d78c3101a89c4b2d30f13556ce60
chr22_100_guide_076	columba	timing	measured_2	8	0	1.259781	0.677266	0.301285	290672	38	ca302eb1021b149cad0aa565a08684a3f95b4dc2d440c7d21ea5b8af132306eb	1486cd8c9af853f27a3bc3677c2cd49263a916b45c25f5b4df6be61b5d3536f6
chr22_100_guide_077	columba	timing	measured_2	8	0	0.605894	0.335086	0.192373	290312	1	e3869c3952dd0b0eb3e37141b1040c6f25b82c4e398011436f2219c75f8febe8	b9c553e0ccfe2ce660998762584c8775fddbac678c08f7828037c9b6239ea576
chr22_100_guide_078	columba	timing	measured_2	8	0	0.555940	0.335296	0.177024	292576	1	b32f95b3659bdf5efde0a545c93605a84811e1f51637e98948f88b66e0c918a9	e3b0c44298fc1c149afbf4c8996fb92427ae41e4649b934ca495991b7852b855
chr22_100_guide_079	columba	timing	measured_2	8	0	0.555950	0.335669	0.181279	290616	1	3719b9c87eb26bae46571444132aecd72ec6971081ed8592128ac8081655f637	ba8e3024a8dbd3ab92f3c3efd62af4339a44a56f1d02bd2d31d752a8b26c0e77
chr22_100_guide_080	columba	timing	measured_2	8	0	0.556531	0.323029	0.184697	290464	1	5c9d989f365df1d424483a28cbc77093b089ff7ebee8cd46972f309ff0b6db17	2f17411719ddcf823a39fa8532b48978e18ea71b4f65cc71e1b1d51840c18def
chr22_100_guide_081	columba	timing	measured_2	8	0	0.555273	0.318623	0.182132	291280	1	60f8b2bdc588b6b13527c78acc609879caa8defea9c72ada132dee63d52ad9bf	e3b0c44298fc1c149afbf4c8996fb92427ae41e4649b934ca495991b7852b855
chr22_100_guide_082	columba	timing	measured_2	8	0	0.555484	0.363340	0.131715	290400	1	8aa0d629b648d54d65dead9f626b4f79b04416d14abcb761ce6f8afd4c8d5a02	e3b0c44298fc1c149afbf4c8996fb92427ae41e4649b934ca495991b7852b855
chr22_100_guide_083	columba	timing	measured_2	8	0	0.555531	0.382476	0.128125	294572	1	1da030b92202db00fdf4fa746fa0de1c56a74c6415d7abf8e6e634730c0990ca	e8d6de60c3ba05b27001c144755f4d3ad082de5cdf0fdf5e9cf6b7717422195e
chr22_100_guide_084	columba	timing	measured_2	8	0	1.058873	0.494191	0.298829	290752	59	85f162921bfeefc97d3de55dbe3f97c5f8f6192ca4eb2dd40a561a137aa14173	5b15e8ffd7e3dbd341b4575d46e2dae3dfaa6a747317a1348b5b7768a37886c9
chr22_100_guide_085	columba	timing	measured_2	8	0	0.605689	0.332866	0.196178	290284	1	886f21508ef43139da65b3307d412b9c43af12390fb60b152be51f2961337117	e3b0c44298fc1c149afbf4c8996fb92427ae41e4649b934ca495991b7852b855
chr22_100_guide_086	columba	timing	measured_2	8	0	0.554987	0.326587	0.169963	290196	1	b49d937c3f713b95c07b0df4983659c5531f5062b2c8b309c93edf95c5d33253	fe8b505978787bbd7a6d3b5268bab52bb800793326eda2f064520359431dd393
chr22_100_guide_087	columba	timing	measured_2	8	0	0.958021	0.505127	0.260875	292740	5	7299c25e9e9229b69fae4918dbd7a3d10cf292aa3a5ae9e727231b52918c4ec1	e022cf39cf254e9d5e76a228fc4449c3751d849c1fa8e8eb5b7d348ead9de8a8
chr22_100_guide_088	columba	timing	measured_2	8	0	0.555162	0.338564	0.154215	290308	1	7b9ea615f9aa7e046adebd0e63adf8ebdc63c09e2a683a13ae5b9e9457fd8152	000abe2ead510b1e81f85058fe4a2422bdd56dfa268e082b10ff250075738f0e
chr22_100_guide_089	columba	timing	measured_2	8	0	0.555471	0.336143	0.145763	292452	1	790719bd8847db6a942f261864ea37c0ec15f7a4f400e0bd1eaf31a8e659f354	5747958b98329bf390adcb88fe0c55df552279978269e4428317edf8497c35fb
chr22_100_guide_090	columba	timing	measured_2	8	0	0.806821	0.319077	0.179261	290580	1	af0e7d04b9032b6ba55a507cdc6196da5e7f3adbce117a38bb6ba2d2fb078cba	bb969d4b02ddd34c284543e306e202b2336d7575aa86daa3e6466757c09fd92b
chr22_100_guide_091	columba	timing	measured_2	8	0	0.555937	0.330911	0.194891	292352	2	cf53e5c0ba2549b95ad7cc66f6caa57165a2d7ef971b8448816c1f5189dcba42	99ee76e9b64774c9369be8a6f72c896db95e3888b9d30ddcbc455b25e12e4601
chr22_100_guide_092	columba	timing	measured_2	8	0	0.605863	0.357127	0.177506	290344	1	36dc22934c7c02b9c1a4043e7fa71e9fab23fac626842ee0233fa0a19e8a4d8d	f9edfd1414c172b5a32e647be62f7efb9a1867b2825caa326cd197691299ad06
chr22_100_guide_093	columba	timing	measured_2	8	0	0.556179	0.330695	0.174516	290512	1	7c248ba9765e06499bdbdd56fa063150392f57bbcf49d7273e7a34148cb2a14e	cb99cf2cb5c76fa9de96c7d214883bdebf51068c4cfea4bec3c2c4a8fda8efb1
chr22_100_guide_094	columba	timing	measured_2	8	0	1.659604	0.338914	0.157639	292468	1	b129ef3c4f85946c1752fcdec67457fbfa137faf10c495dcfb79020726f0093a	e3b0c44298fc1c149afbf4c8996fb92427ae41e4649b934ca495991b7852b855
chr22_100_guide_095	columba	timing	measured_2	8	0	1.910847	0.344339	0.163889	292476	2	72cfccdb732c7f835e82aebb76ca4186954ee044989d4d3f165c230249e1ab41	8dd8d8e768aa6c5cd7d90852728b3841c27aebb8dbde3dfbf7f30997ce15d157
chr22_100_guide_096	columba	timing	measured_2	8	0	0.556176	0.360651	0.152647	290552	1	66356638d350f202a4fc3653512e2eb61d180a210d3b4874237620fdd88f45ac	96e1dce767526b5e03b01ea34764f33de2e58653d775c70a8355e05d5d77a707
chr22_100_guide_097	columba	timing	measured_2	8	0	0.555657	0.331715	0.186699	290612	1	ec3317eca52cb313be8b742bd84d70d8e9f8f3d3a8dfda83e632d9ec5b3e7472	c34143c4b66ce37c239db5fc991d73357da56a527f237f74e6df9d61bb22831f
chr22_100_guide_098	columba	timing	measured_2	8	0	0.706396	0.386669	0.222560	290528	9	6803cc83cccde78136058d3d854eb89cc05eab1188efe7c0cabebb43cb9eb17d	86060c0d0ba22165d0282d1cf92bc8afade2100bd1def809b1f81bb96b9678e3
chr22_100_guide_099	columba	timing	measured_2	8	0	1.008031	0.332432	0.151971	290384	4	1fd7872322173d0504d0c832d225fc1f16e4c6a2d976d3c96de80baf41629173	8b7f11de3ad2254629636c6d8342d71050f8c150a04e6c52ecefb6984e7ab6b5
chr22_100_guide_100	columba	timing	measured_2	8	0	0.555760	0.320506	0.197169	290580	2	4bb6e4f08a7316ba26ec3e6f894f79070071b55d78d6c1605a50035d0a1d9c79	43c575a7c9c47d3164a453eb851e84a8842b01388a4b2fe7c9503045ddc887e0
chr22_100_guide_001	columba	timing	measured_3	8	0	0.606164	0.342123	0.182999	290368	2	c788efd23026646b4da4b4a94736bffdb6646d5bb82e63ef3b54d008d2d7f496	5e6212673189b137868af231f3f49365db18929fbdc4915f13b52a1622522dba
chr22_100_guide_002	columba	timing	measured_3	8	0	2.915377	0.471164	0.209904	290564	21	f0937d09b482433febb72a3aa2951bd7a1099c3bb5c4e6ae5d7f40f51dfaf291	e925e6374c2b14f26ce352338d241501af5403cd20c2f7a0a66a7ff0957a82b9
chr22_100_guide_003	columba	timing	measured_3	8	0	0.656487	0.417074	0.171208	290520	856	ccc3d3b80ed309cc947744aeb419da762bf360cf65ee8f19caf6d89ef8540bb4	a0f43a78ac495168b63dc33958a840d4b629f46bd21e5ea36ebe2fd81ed8e956
chr22_100_guide_004	columba	timing	measured_3	8	0	0.756620	0.402412	0.195357	294436	1	691ce0260ac4ff8426decb079b6ec2efdf4680b3abaced64e9143840bccb9552	a4c7fcea839152b57f9d48000d08a15502fd89d0fd27949928e5d265dda849b7
chr22_100_guide_005	columba	timing	measured_3	8	0	0.505764	0.351876	0.131198	290584	1	95686fb2b7a30116b7ae2cc467351eaaf4c6f25cab6f6b7bc6dcc05f1c409532	011f515d83cd8b0bf4648cfa3d329bea0cb2939a7aabcbf319c9ccbd2ece994c
chr22_100_guide_006	columba	timing	measured_3	8	0	2.366897	1.040760	0.532011	291392	4	b8cc43f743b2bf2f0e12fa535de856dec45a7e724e169b206e17e024502350b1	9739780944683faaa4ef3f313f816b862f341378b37d0ab5c6f2f11c524f85ce
chr22_100_guide_007	columba	timing	measured_3	8	0	1.057984	0.516317	0.262773	290652	77	4ed0f166306be29e52512f6850c1b990c122568bfe38464c457a9cbc3cafab14	501f5c6c5e8d62ad0a7602fffd723666195a02b48240223d6a623d2bf75bc9d7
chr22_100_guide_008	columba	timing	measured_3	8	0	0.555543	0.350294	0.156368	290472	70	2525d9e467b0e235d87fec363306eb39498ebdd905157b97f69a01938142d417	587b33ffa851be62124e858db10a3ce0555e1fef7b9faa94a47115a7bf569d6a
chr22_100_guide_009	columba	timing	measured_3	8	0	0.606049	0.360162	0.180265	290528	4	958d7bb0d2bcce37cafabe02cb7bcd2515a249ee7abef00a06c7ca69afbeddfd	b26403da3df85946d6c7931e54a923877597a6d21517a6786edcfb4f3a684c5d
chr22_100_guide_010	columba	timing	measured_3	8	0	0.706620	0.421089	0.180621	290348	25	bbff78e8edf6476d0dd0cdd76f512cb705b72cd1e357220e1a380dbd5cb5874e	8283bb72468ef0f7298ae906c23d010c0d48c6574a33364a533179130f8c4875
chr22_100_guide_011	columba	timing	measured_3	8	0	0.555323	0.354799	0.156742	292616	21	ec592648254199539685feee5357d093e2e1ec0b8ee82c9ce1e89057db95c2aa	e3b0c44298fc1c149afbf4c8996fb92427ae41e4649b934ca495991b7852b855
chr22_100_guide_012	columba	timing	measured_3	8	0	0.662313	0.378833	0.150671	290740	8	9b00eaabadec78eddf839955f38b2c49038c64b495db9fc7cba00a4c5b16c2fd	e3b0c44298fc1c149afbf4c8996fb92427ae41e4649b934ca495991b7852b855
chr22_100_guide_013	columba	timing	measured_3	8	0	0.607448	0.329452	0.175948	292492	3	14d007c41b3efc0f49a5e3c8b2c1afbdbbf6448965f329277343a75661f62b72	e6ce59b275084995153a3e9c40a4958a8a70855f475daac144376dd269a555ec
chr22_100_guide_014	columba	timing	measured_3	8	0	0.606230	0.364123	0.179889	290532	193	18fa726a0532763a6a720243b5476e8492d4a0e21d88972a1590a5cc86c18f36	738f0679665e7cbee0e7647775b7e47573cdbc33c7d7463d5c01f8c75b0b7b5f
chr22_100_guide_015	columba	timing	measured_3	8	0	2.667155	1.157315	0.580561	293972	121	14607790ed2c2aa20854f98797286082d4f4e662c4918ba18d80b5c7cabdc3a3	42f93d194038db849260c18f78fe52cdc58775b7f60fd7a14fdf15a6b1f00b50
chr22_100_guide_016	columba	timing	measured_3	8	0	0.605422	0.347056	0.187207	292688	1	664ca84d364b11b722ac1aa282d988cb26faa580c3801fc71e980d0a2785483d	647a3c26fb0f04ad019100c4ab0390ab87ed5c84aadfe7a252bca70b1e3bd96d
chr22_100_guide_017	columba	timing	measured_3	8	0	2.214279	0.945400	0.504740	291532	65	443c9733648206d43672a968d8e97952afd65a9f31ce05d9d0565f64b1ea8a38	34e2228fdcbf823acbc1cf9a4520426f2726ceee2e2c487a482723b0e27f4c06
chr22_100_guide_018	columba	timing	measured_3	8	0	0.706343	0.407090	0.170278	290464	2	5c632dfc921b715b635c61d386497b7131eb4348bb520ea4a5cd13ab53ef1e7a	23e8f4ffff162fdc2e25089c32203c22ccb5ac9c66770c9b5d4a6408cc154ffb
chr22_100_guide_019	columba	timing	measured_3	8	0	0.605604	0.380797	0.164186	292504	1	6cdd7ce54810d5bc4f6f9e343cba7e89b5868d4aa230081223fa53049a31ac4f	dc56e723a41ad2b033072b1d35240963852ef67de09ef8478a44d1daa4a0e78a
chr22_100_guide_020	columba	timing	measured_3	8	0	0.756486	0.414219	0.217445	292648	7	e201d7cfc5ec4a9979af6c9a236130b8f36d6e0e4dcfef596b106dbc39010303	b458b467a03688a50351b56d6e3c449c56ad4edc944351aafb91ac49def2d89e
chr22_100_guide_021	columba	timing	measured_3	8	0	0.607457	0.364614	0.159737	290568	1	70d3142b6438b2233c1a63a2ac833233a13a2d75bf75339f1fccaff2fa81b453	d56d96fe98b333f362ee9bd6376532e8bc00f0bfcb42456116b5b2cd748bb70d
chr22_100_guide_022	columba	timing	measured_3	8	0	2.216063	0.932903	0.472786	292912	1	6b72b7d58a6bb9700568183d8342e8f3bc79c45ffa1f7e46c161effbf9985c5d	1bdc42a6859b8b52c1db369907a7439fdf814d31ad0591c6948691ed396edcd1
chr22_100_guide_023	columba	timing	measured_3	8	0	0.606091	0.363882	0.171758	290512	149	5664c285cf2f5ae0137ca1a22d1cb40e7231faecf6a27ae4223e67a75ccdd033	94dca88f98f958fa1bf19db4e20642e9042142e03f3cac411aff6176a087ef1e
chr22_100_guide_024	columba	timing	measured_3	8	0	0.857758	0.475046	0.223183	290372	2	bcee63120e7a1ad9985f53ede79aec2d8e27e6be8190904374c9bd2675cce1d4	20e0d047a90eb941c28e7c3eadd3682e2d2baa7519ca17df715655ce2d25a138
chr22_100_guide_025	columba	timing	measured_3	8	0	2.868976	1.273401	0.564437	292420	3309	2bcf3c36d3005ad0fb22c942310e9ac2be633eecc1be15596d48b67e278c7fd2	bbeec566678f9402686af8dfc82c742950a8cca1a8132401323a9ab6a130af25
chr22_100_guide_026	columba	timing	measured_3	8	0	2.766891	1.176076	0.559963	294488	64	74ee2057f2511f0387c90decf264283593386e47d9b30347bc9921ddcc60dd17	24451543d4981af6965232fc89a42aae084c85b1effd413db55357f5b81b7551
chr22_100_guide_027	columba	timing	measured_3	8	0	0.605847	0.355499	0.164896	290420	2	a7610eb051e87a34826545d10fcf8102943e8611a97a657a33ec94ff2afe4c13	ca6032de9107568e011efa775fb138933bc1f4163d835edc39d12e948093dfde
chr22_100_guide_028	columba	timing	measured_3	8	0	2.011770	0.344202	0.225346	292808	2001	01e49abccf673768fbd38172e9592aef60a9ffa738fefa147d463cc2893ff852	6ab1cb25283fe19a6bfd4fcd5c48da2d87969a73970cab771254caf7f66a6287
chr22_100_guide_029	columba	timing	measured_3	8	0	0.657504	0.379456	0.197704	290752	1862	023a0db1667cffab02ece840deaeba274e313dbe75e80a569d4eb1e108049a70	d4e0a36311e4ca8e67b4e69d062e253606ee8ba50c03ffb98d71774fa810bdfb
chr22_100_guide_030	columba	timing	measured_3	8	0	1.410744	0.824459	0.278784	293380	2155	d29f1e6c8cefac25b1c219eeb22083b707ccd515357f995e1d890f815157db21	2438973516059989d2cd3180bc4fb2a1b25b52a873009a27bebbfc598f668a22
chr22_100_guide_031	columba	timing	measured_3	8	0	1.561625	0.765093	0.351442	293116	2	5d5573821365e7bc8b578e4c8587ad85cc0ce7e73cc826859074ffc07c945a42	6d757fd7aeea9c62de2f65f7620c111ca2fee818c410d59cbc0beeac17789d75
chr22_100_guide_032	columba	timing	measured_3	8	0	0.556010	0.351599	0.141314	290584	1	c25a6440be62186e25b0f165358d0d0900b923751f80af6ee5c27f0f29a85af6	5bcc52812e3cd79f2c949096180d3f1ac01ae06d29eea04285bba87168ded8f9
chr22_100_guide_033	columba	timing	measured_3	8	0	0.555863	0.330871	0.195308	292460	1	0effc63d85fa97f691908ce0321ab857ae6f08fabd2480f35c83ff81e76c9f0e	6be499e878bb8835b2d0095d754911ca511e88d92eb98ee972ab04a1f8c00a0b
chr22_100_guide_034	columba	timing	measured_3	8	0	0.555751	0.321274	0.186263	290388	1	b799f84402b88ca7eda644ce1b5b5eb56c02b09c04d62fc51c4c70dc76c6b583	4f6dc5b5a164eea9ba79b4a4c7ee686bbb2ef32b24b407949991d9e320496ddb
chr22_100_guide_035	columba	timing	measured_3	8	0	0.656280	0.359058	0.199451	290412	10	26e2eb81897f587da39402739a7f851313f0bf1adff27623b341a24f6d65d55b	99ec977a326ca10c3e115b1ced26f639f311e55f5d55485ff6a9c48c4655ed96
chr22_100_guide_036	columba	timing	measured_3	8	0	0.556810	0.363645	0.143886	290400	1	d902219eeefe3ff64202f082d0493776f51eb4ff2b0f1167c0e670f923533dc4	561879fe16bf8d8d845615014aafa1348557dc2b653402bc983228fe11f91985
chr22_100_guide_037	columba	timing	measured_3	8	0	0.554979	0.347843	0.137131	290552	1	87a59470956d0b27daf38e5e39ded5e150cdea0e868b3bb38ed13ec71694f010	e3b0c44298fc1c149afbf4c8996fb92427ae41e4649b934ca495991b7852b855
chr22_100_guide_038	columba	timing	measured_3	8	0	0.555225	0.337967	0.141369	290376	1	029b4bae64ebbe3decac5715b992bb89ceb0731276cd7cd8566eaca4250537b4	d19c36693df71437a3e971b04638d4c55f47a0d94d8887a1c6ebbec6f71e8046
chr22_100_guide_039	columba	timing	measured_3	8	0	0.555275	0.320759	0.155644	290316	1	a699d8af011bf9deb858b41d0fae396d8cff7641f7f0fffbf757531340e4d266	e3b0c44298fc1c149afbf4c8996fb92427ae41e4649b934ca495991b7852b855
chr22_100_guide_040	columba	timing	measured_3	8	0	0.555725	0.353873	0.162126	290536	1	4390a33a35b7293befeadb9fa60eb9d4727d057633aeb9a93007f6581228ca97	7e3c0298e47ada9502fe1ab91e5aed0852345691cf2da9d42a3b3bb1585655fc
chr22_100_guide_041	columba	timing	measured_3	8	0	0.505932	0.338572	0.138591	290332	1	3e8108b8109dce3b65881841a62543e3eb3ba821fff9bc76b9b5e43ac8c75d77	30d5bd1a2fd8f421e7be29640f109fecf4e022892dc5732c56ef1b76e1f5233b
chr22_100_guide_042	columba	timing	measured_3	8	0	0.556818	0.363195	0.143638	290508	1	5924fcb39f9667884df027edda8f627478be6271057a2d69844c736321e3169f	e3b0c44298fc1c149afbf4c8996fb92427ae41e4649b934ca495991b7852b855
chr22_100_guide_043	columba	timing	measured_3	8	0	0.711443	0.518147	0.138000	292620	2	453049c36d105d5fc369042ca0ab1a96b8b895a916b5c2f187ec168c02aae659	6a4a76d7576dcdf483edf9f4bfebf4e97bedcea9c2681ce642817147f17c17a9
chr22_100_guide_044	columba	timing	measured_3	8	0	0.555316	0.326685	0.191049	292508	2	4f1d85930718319dee2874ba1c96e3f8e80885b044e2550d9d3285234eb16d34	ac80b04a88870303112f4ee98ea5b95636d0b8b35af5c52fb77c23238f1648db
chr22_100_guide_045	columba	timing	measured_3	8	0	0.606572	0.361095	0.176748	290500	1	7e528a989c31c40be279492b74efb2b32bbafcb76168ffa5ecf4da003dd2852c	dd567e27451842465f72c8df72e5b23a60f4533474e55b65999ba98af50e5e25
chr22_100_guide_046	columba	timing	measured_3	8	0	0.555524	0.349585	0.146842	290392	1	714554ca8eac6dff9bf1ea7bcd982ded36f466eaa79bea00a33e12ff4252393b	32b0fdb408a245e8ea00a9e3729e5f81f9093394a9fdef4348318ec666ad1e55
chr22_100_guide_047	columba	timing	measured_3	8	0	0.555502	0.343970	0.149049	292636	1	ca51411298336dbdfe2d1022ed02e74028dfbcd2e0e397a8224fce4f6017af72	b76583d8074d81b6123010653d515a4ff97310c43c5bf08081014d9154db7606
chr22_100_guide_048	columba	timing	measured_3	8	0	0.557907	0.355210	0.173635	290376	1	bc3b9f3f86cc8bbd34d0a114947da783ee284f28a9a17754f8b3028fd08951a9	e3b0c44298fc1c149afbf4c8996fb92427ae41e4649b934ca495991b7852b855
chr22_100_guide_049	columba	timing	measured_3	8	0	0.556183	0.358639	0.136583	290404	3	00230428f6d63582ec60d092b6bc6c689bf77cb21e9480a627f5e8c16d0dc979	42d1ec48cb0493956d77fad00767b6c2fed5e28ca7790d50779e46dd1957fd55
chr22_100_guide_050	columba	timing	measured_3	8	0	0.909124	0.476305	0.214953	292460	80	a3962782031d7a99caa2c5378ed324dd3f3d615a63e3f3246b35b7371cee0cde	76defb6e40a3b8e0ecc76033ed3e6b9c80b03fa159050eccc782c7a714c2d894
chr22_100_guide_051	columba	timing	measured_3	8	0	0.606147	0.327836	0.182174	292404	1	14ef5eacd0519bf8d6f3f1e421b2147ce2cef2d89992ac6bc3c0c6493049fd6f	b3f77e03add0f929849c64c186a0f6ee8168522805e29a074a8498ff01f34924
chr22_100_guide_052	columba	timing	measured_3	8	0	0.556205	0.350871	0.161402	290540	1	b743dcf20b0f8a4d8e1a343b97d48c58a0bc7fc4d1bb2a983a38d2078d740fcd	2948117454b190d6eeeaca3bc94a2bf5793d77da14d80a9f2def8405cee8a845
chr22_100_guide_053	columba	timing	measured_3	8	0	0.555947	0.365554	0.158384	290320	1	7f92fd7dddc708c2b3ec905f92a74e766b81d6ff9eaf13b4dc9c11ff5e96767a	eb38c77d3364d29cf9b4a0c82bd850e49266e1046930de12097b9d1d6f671ebe
chr22_100_guide_054	columba	timing	measured_3	8	0	0.606129	0.372785	0.172502	290356	14	d9abcf3e269963d774edd15ecfe3248bb12de76053f6fba41a9ca58879ce535c	62cdbb700ac6e400eb15d3c313f1c22cd0466e5941035e515b9a58218cbfa7d7
chr22_100_guide_055	columba	timing	measured_3	8	0	0.555337	0.339611	0.148215	292464	1	a3d6cd5055990fc10a7f55f785689720f3a06133f1b0f4568f98749ce2751038	cbf8fe25e09218949637c014c44b0ac6c41b7c9311afed997f16260a3c1fbf6a
chr22_100_guide_056	columba	timing	measured_3	8	0	0.656654	0.359459	0.154064	290408	1	4a6cdc3b90d2775c2496444fab6f836151cd422ec2c82a9bf758cde5414f2417	e3b0c44298fc1c149afbf4c8996fb92427ae41e4649b934ca495991b7852b855
chr22_100_guide_057	columba	timing	measured_3	8	0	1.309307	0.670191	0.287277	292964	587	783a46d43d98318f821fc86b8be9e506027471318fc62ea5c629dfb1aca5a195	62403cc55bceb18e3f7dc799bae6212084c8fd72be3b5f839029a386d7c94f53
chr22_100_guide_058	columba	timing	measured_3	8	0	0.556329	0.368420	0.148681	292404	1	b7517a16df61180265ec10a20cb33a003c3ea568992073591f20e96d81391119	b52ea0dac91d497aaec6f642a08329c4472b1d235792c856330e28a7c0b02c57
chr22_100_guide_059	columba	timing	measured_3	8	0	0.556626	0.334849	0.160023	290556	1	a6e8f7dbe8440152b018e778c86e594c220662576f7388bf74086116bfb557b5	0125d3c4984bdc22f6fcb221414dd3900ca99fecfcf592d4992e3000caf67fe4
chr22_100_guide_060	columba	timing	measured_3	8	0	0.556430	0.334126	0.192340	290516	1	96bacc0c5f62f5ee3cb64d6560e882e64673267447e8714383a4ab744f1c99a8	ccbb31fe1ebb9328fe27201916e87bd7c24b711b7b0b063a7f477755fe73cf70
chr22_100_guide_061	columba	timing	measured_3	8	0	1.911169	0.343945	0.160192	291172	1	9246314add68bcb309196485353ca32264aa9d97b65d40e3825659e7fa9e07c5	12cf0f82ebccaab6f5456eda16e6f1aa1c8c09e0e0b6bfe076d282d5294656c8
chr22_100_guide_062	columba	timing	measured_3	8	0	0.555833	0.333526	0.165322	290492	1	4832e7aa711ccdac22496f6cb8a979eec30369c372fca1b6aba1e3edfb12e8a1	e3b0c44298fc1c149afbf4c8996fb92427ae41e4649b934ca495991b7852b855
chr22_100_guide_063	columba	timing	measured_3	8	0	0.656174	0.442229	0.144557	290444	1	c4ca7ddc636638d7005d3e187756ba84185296e1c2585b41d0a7a856e2606213	696e651629a088ed51fa18bf92752b7cebcc5231944eb0da133c1b9ea7800ae7
chr22_100_guide_064	columba	timing	measured_3	8	0	0.555489	0.339987	0.169024	290664	1	b38f02456f345d872287da7f74b53691b169eb255cc35d11d103c308c700d2eb	80ee862860c0660e526ecb32b831aefab1ec8d289bb9d77c6b7b292513f4e728
chr22_100_guide_065	columba	timing	measured_3	8	0	0.504942	0.326480	0.162857	292520	1	4a6f7a313e251182f276be210f99075cb7bfa5275fa278d132ac27df6e713db1	e3b0c44298fc1c149afbf4c8996fb92427ae41e4649b934ca495991b7852b855
chr22_100_guide_066	columba	timing	measured_3	8	0	0.555746	0.341992	0.141320	290416	1	4802296ebbba9922a4ece696902be06427691049808ba406ed873a9a4a219f9c	5f467778f752a1aaed5df46d05a9a1b73450c302e12b8f1f7e33ddf845f2077e
chr22_100_guide_067	columba	timing	measured_3	8	0	0.604992	0.335448	0.147375	290344	1	0229a4fc79d3d37ddda05a4910899ff60fcd29aa41d3690d08b235deae1dd329	53b771ffaca11cb96d720daf7c16129376f1614689ba28d188fa0d0308cc5d07
chr22_100_guide_068	columba	timing	measured_3	8	0	0.555837	0.353432	0.129530	292592	2	d39c5b6762aa09453e14f55e106ab300ceb4955ee3d73b381937cbf2220ed042	fc6bbc4c65e692473cbf32ff151557635e2d1dd99e4b69c5ee3da000a109cea9
chr22_100_guide_069	columba	timing	measured_3	8	0	0.556194	0.361803	0.158448	290380	1	77885b288a794217926cbdc3f9557271a5584ca0a3525a33368ba9dfa0f79c36	5d430161443a2a46da19dfd91300b023436381d8acde81bd4858cc16663951ac
chr22_100_guide_070	columba	timing	measured_3	8	0	0.555464	0.348112	0.128171	292388	1	555a66e1753526673117e366fb233c844df0cfc38a64971866528e20e52f4ca2	daf225fd739240830663f4f6fa1add420c3d409ae734e31ecd3e9a98f65456bd
chr22_100_guide_071	columba	timing	measured_3	8	0	0.555846	0.349706	0.152718	292508	1	db50066ab5215e0ab40715d3e84c765c47977eb5d92e2f74fef9a37ee0c19f96	e3b0c44298fc1c149afbf4c8996fb92427ae41e4649b934ca495991b7852b855
chr22_100_guide_072	columba	timing	measured_3	8	0	0.555971	0.324648	0.171505	290308	1	a7389bd954eaa7a8f7c3e448a2ff3a3f4ef011b680d833fad933fd884d099eca	9b7501725ac0e846ebbf11d00696dd347ff96cf1e9b93286935af165a5a8fa66
chr22_100_guide_073	columba	timing	measured_3	8	0	0.555579	0.329441	0.174758	291184	1	850390cf00e784716c531f5e64380876ff07596af289e7ba34bc096bff075ecc	f44e84d998c57621965bbb72ae37ec201bf3185e3f28563924ad182f849d8046
chr22_100_guide_074	columba	timing	measured_3	8	0	0.807064	0.466426	0.199821	290644	15	97f0d8858f903bcb6a054b2a856681ae3d750161733d345ff4336bfc33819503	47727314b57ea803c5a3fa2d696319a895d425c026877c7342ec66d95555ff9d
chr22_100_guide_075	columba	timing	measured_3	8	0	0.958034	0.527700	0.242545	290716	690	2354f825ce61636eff2ebd9b9f04785099b672e2778924a5bfbd006333613cf6	7e96804198e52de0cf9624d7983a3fce1c16d78c3101a89c4b2d30f13556ce60
chr22_100_guide_076	columba	timing	measured_3	8	0	1.210598	0.634529	0.242804	290700	38	ca302eb1021b149cad0aa565a08684a3f95b4dc2d440c7d21ea5b8af132306eb	1486cd8c9af853f27a3bc3677c2cd49263a916b45c25f5b4df6be61b5d3536f6
chr22_100_guide_077	columba	timing	measured_3	8	0	0.656375	0.352551	0.144011	290368	1	e3869c3952dd0b0eb3e37141b1040c6f25b82c4e398011436f2219c75f8febe8	b9c553e0ccfe2ce660998762584c8775fddbac678c08f7828037c9b6239ea576
chr22_100_guide_078	columba	timing	measured_3	8	0	0.555393	0.331840	0.169163	290740	1	b32f95b3659bdf5efde0a545c93605a84811e1f51637e98948f88b66e0c918a9	e3b0c44298fc1c149afbf4c8996fb92427ae41e4649b934ca495991b7852b855
chr22_100_guide_079	columba	timing	measured_3	8	0	0.555442	0.322946	0.158465	290548	1	3719b9c87eb26bae46571444132aecd72ec6971081ed8592128ac8081655f637	ba8e3024a8dbd3ab92f3c3efd62af4339a44a56f1d02bd2d31d752a8b26c0e77
chr22_100_guide_080	columba	timing	measured_3	8	0	0.605204	0.341679	0.147280	290460	1	5c9d989f365df1d424483a28cbc77093b089ff7ebee8cd46972f309ff0b6db17	2f17411719ddcf823a39fa8532b48978e18ea71b4f65cc71e1b1d51840c18def
chr22_100_guide_081	columba	timing	measured_3	8	0	0.555164	0.361628	0.152322	290568	1	60f8b2bdc588b6b13527c78acc609879caa8defea9c72ada132dee63d52ad9bf	e3b0c44298fc1c149afbf4c8996fb92427ae41e4649b934ca495991b7852b855
chr22_100_guide_082	columba	timing	measured_3	8	0	0.606390	0.321277	0.195722	290432	1	8aa0d629b648d54d65dead9f626b4f79b04416d14abcb761ce6f8afd4c8d5a02	e3b0c44298fc1c149afbf4c8996fb92427ae41e4649b934ca495991b7852b855
chr22_100_guide_083	columba	timing	measured_3	8	0	0.555622	0.340566	0.147335	290280	1	1da030b92202db00fdf4fa746fa0de1c56a74c6415d7abf8e6e634730c0990ca	e8d6de60c3ba05b27001c144755f4d3ad082de5cdf0fdf5e9cf6b7717422195e
chr22_100_guide_084	columba	timing	measured_3	8	0	1.058135	0.472531	0.273979	290660	59	85f162921bfeefc97d3de55dbe3f97c5f8f6192ca4eb2dd40a561a137aa14173	5b15e8ffd7e3dbd341b4575d46e2dae3dfaa6a747317a1348b5b7768a37886c9
chr22_100_guide_085	columba	timing	measured_3	8	0	0.555999	0.342997	0.149298	290416	1	886f21508ef43139da65b3307d412b9c43af12390fb60b152be51f2961337117	e3b0c44298fc1c149afbf4c8996fb92427ae41e4649b934ca495991b7852b855
chr22_100_guide_086	columba	timing	measured_3	8	0	0.605792	0.318108	0.157820	290424	1	b49d937c3f713b95c07b0df4983659c5531f5062b2c8b309c93edf95c5d33253	fe8b505978787bbd7a6d3b5268bab52bb800793326eda2f064520359431dd393
chr22_100_guide_087	columba	timing	measured_3	8	0	0.857664	0.461146	0.222049	292452	5	7299c25e9e9229b69fae4918dbd7a3d10cf292aa3a5ae9e727231b52918c4ec1	e022cf39cf254e9d5e76a228fc4449c3751d849c1fa8e8eb5b7d348ead9de8a8
chr22_100_guide_088	columba	timing	measured_3	8	0	0.605961	0.375705	0.152776	290692	1	7b9ea615f9aa7e046adebd0e63adf8ebdc63c09e2a683a13ae5b9e9457fd8152	000abe2ead510b1e81f85058fe4a2422bdd56dfa268e082b10ff250075738f0e
chr22_100_guide_089	columba	timing	measured_3	8	0	0.555235	0.357860	0.132432	290468	1	790719bd8847db6a942f261864ea37c0ec15f7a4f400e0bd1eaf31a8e659f354	5747958b98329bf390adcb88fe0c55df552279978269e4428317edf8497c35fb
chr22_100_guide_090	columba	timing	measured_3	8	0	0.555870	0.362569	0.138432	290444	1	af0e7d04b9032b6ba55a507cdc6196da5e7f3adbce117a38bb6ba2d2fb078cba	bb969d4b02ddd34c284543e306e202b2336d7575aa86daa3e6466757c09fd92b
chr22_100_guide_091	columba	timing	measured_3	8	0	0.555426	0.334789	0.147352	292380	2	cf53e5c0ba2549b95ad7cc66f6caa57165a2d7ef971b8448816c1f5189dcba42	99ee76e9b64774c9369be8a6f72c896db95e3888b9d30ddcbc455b25e12e4601
chr22_100_guide_092	columba	timing	measured_3	8	0	0.555374	0.347331	0.151189	290396	1	36dc22934c7c02b9c1a4043e7fa71e9fab23fac626842ee0233fa0a19e8a4d8d	f9edfd1414c172b5a32e647be62f7efb9a1867b2825caa326cd197691299ad06
chr22_100_guide_093	columba	timing	measured_3	8	0	0.558521	0.320348	0.182697	292292	1	7c248ba9765e06499bdbdd56fa063150392f57bbcf49d7273e7a34148cb2a14e	cb99cf2cb5c76fa9de96c7d214883bdebf51068c4cfea4bec3c2c4a8fda8efb1
chr22_100_guide_094	columba	timing	measured_3	8	0	0.559115	0.348082	0.170261	292496	1	b129ef3c4f85946c1752fcdec67457fbfa137faf10c495dcfb79020726f0093a	e3b0c44298fc1c149afbf4c8996fb92427ae41e4649b934ca495991b7852b855
chr22_100_guide_095	columba	timing	measured_3	8	0	0.556007	0.316852	0.160114	292636	2	72cfccdb732c7f835e82aebb76ca4186954ee044989d4d3f165c230249e1ab41	8dd8d8e768aa6c5cd7d90852728b3841c27aebb8dbde3dfbf7f30997ce15d157
chr22_100_guide_096	columba	timing	measured_3	8	0	0.555216	0.336138	0.147679	290552	1	66356638d350f202a4fc3653512e2eb61d180a210d3b4874237620fdd88f45ac	96e1dce767526b5e03b01ea34764f33de2e58653d775c70a8355e05d5d77a707
chr22_100_guide_097	columba	timing	measured_3	8	0	0.555258	0.322750	0.165352	290624	1	ec3317eca52cb313be8b742bd84d70d8e9f8f3d3a8dfda83e632d9ec5b3e7472	c34143c4b66ce37c239db5fc991d73357da56a527f237f74e6df9d61bb22831f
chr22_100_guide_098	columba	timing	measured_3	8	0	0.708070	0.425869	0.149313	293112	9	6803cc83cccde78136058d3d854eb89cc05eab1188efe7c0cabebb43cb9eb17d	86060c0d0ba22165d0282d1cf92bc8afade2100bd1def809b1f81bb96b9678e3
chr22_100_guide_099	columba	timing	measured_3	8	0	0.555934	0.342672	0.136612	290308	4	1fd7872322173d0504d0c832d225fc1f16e4c6a2d976d3c96de80baf41629173	8b7f11de3ad2254629636c6d8342d71050f8c150a04e6c52ecefb6984e7ab6b5
chr22_100_guide_100	columba	timing	measured_3	8	0	0.555523	0.322098	0.154334	290672	2	4bb6e4f08a7316ba26ec3e6f894f79070071b55d78d6c1605a50035d0a1d9c79	43c575a7c9c47d3164a453eb851e84a8842b01388a4b2fe7c9503045ddc887e0
