relative_path	size_bytes	sha256
raw/pilot_final_20260731T163824Z/commands.tsv	864	1d13728276f5cd9824ce4603c01e8ca340e4853f8fd28a48b567e34e803602da
raw/pilot_final_20260731T163824Z/correctness/baseline/pilot/chr22_guide_01/command.txt	294	c4ddca4230168cb96406c58fc309ef53915dfc56c8f91bab7db2f5d600eadb61
raw/pilot_final_20260731T163824Z/correctness/baseline/pilot/chr22_guide_01/metrics.tsv	297	3adab8d22fde9f92bdca73919957a4cfdb857d81862dc5e6d9e3dc4c0d8a60bf
raw/pilot_final_20260731T163824Z/correctness/baseline/pilot/chr22_guide_01/output.paf	1642	b1fb9aa39cacb022055195ef7dba7343c8fc879f2dc35b1bb9e3a5c71e1e23e0
raw/pilot_final_20260731T163824Z/correctness/baseline/pilot/chr22_guide_01/stderr.txt	135	638bd673bf5fc22f3fc8fe75f5600789d2b5d3f971a550e9446c8845c8fb98e7
raw/pilot_final_20260731T163824Z/correctness/baseline/pilot/chr22_guide_02/command.txt	294	990c97030b662290e1a7bcbbd8a01b13fcf1e9e211333ac82e77265d1c0d586a
raw/pilot_final_20260731T163824Z/correctness/baseline/pilot/chr22_guide_02/metrics.tsv	298	c78f22ef182937cee4400f67509e03b4f8ef84520ea1faa588725472f66ef9e9
raw/pilot_final_20260731T163824Z/correctness/baseline/pilot/chr22_guide_02/output.paf	6656	1c8845363d90825b8ae340946833959933ab6ef5fb8cc51a58e5c318ecbda056
raw/pilot_final_20260731T163824Z/correctness/baseline/pilot/chr22_guide_02/stderr.txt	1125	b2b32f17633bad48f0d63dd8593879a3898a801f59345a837879f804a8b0a9ca
raw/pilot_final_20260731T163824Z/correctness/baseline/pilot/chr22_guide_03/command.txt	294	a53d6c4cc926c5b12c0bafdf8996ca88a6d2aa0f2edd009af0ded8d7457f93e1
raw/pilot_final_20260731T163824Z/correctness/baseline/pilot/chr22_guide_03/metrics.tsv	294	14fd25b40abb71c1588b90a784e6208a7fc46b5e41e8299c8cb103b5ff5a8df0
raw/pilot_final_20260731T163824Z/correctness/baseline/pilot/chr22_guide_03/output.paf	103	d0e1f61006a51712a6e3a7a08a2d9ed9a2e486bf46c47b49e89668b53f2efe69
raw/pilot_final_20260731T163824Z/correctness/baseline/pilot/chr22_guide_03/stderr.txt	0	e3b0c44298fc1c149afbf4c8996fb92427ae41e4649b934ca495991b7852b855
raw/pilot_final_20260731T163824Z/correctness/baseline/pilot/chr22_guide_04/command.txt	294	7224fb43ee5448eed9c09401b0cfe7f69ed6562835a4a83b10d1eee2ef974587
raw/pilot_final_20260731T163824Z/correctness/baseline/pilot/chr22_guide_04/metrics.tsv	294	35a4746c7e1710d7db28107000e23ce9ac59a52a4f1126a30e00ff604f017fd1
raw/pilot_final_20260731T163824Z/correctness/baseline/pilot/chr22_guide_04/output.paf	210	a14c7617088d038a70adbf1f43853e09c8728d9eb8b692f6bebaeecda9d2bbf8
raw/pilot_final_20260731T163824Z/correctness/baseline/pilot/chr22_guide_04/stderr.txt	0	e3b0c44298fc1c149afbf4c8996fb92427ae41e4649b934ca495991b7852b855
raw/pilot_final_20260731T163824Z/correctness/baseline/pilot/chr22_guide_05/command.txt	294	63d6a7b11233a7ab538ffa794d65e01e0631cdd731ad38f8371bcb967e27f683
raw/pilot_final_20260731T163824Z/correctness/baseline/pilot/chr22_guide_05/metrics.tsv	299	e47a0a3e69d2d2feb15e463ac609afe3146b435693785b5be9cdbc7010d8b732
raw/pilot_final_20260731T163824Z/correctness/baseline/pilot/chr22_guide_05/output.paf	15269	8066a5e39caf78bf0cac01aa1dc91a6d1211b5892fc5875490679eb24872a81f
raw/pilot_final_20260731T163824Z/correctness/baseline/pilot/chr22_guide_05/stderr.txt	3600	fba7e1444d1935a3ecae72a339d215d7e66c93737ae3105ef796647230a4c72b
raw/pilot_final_20260731T163824Z/correctness/baseline/pilot/chr22_guide_06/command.txt	294	08c1c652402d4ee24dbd48a6355edb06e1ad4c550877027a6f5e1cb5174e57c0
raw/pilot_final_20260731T163824Z/correctness/baseline/pilot/chr22_guide_06/metrics.tsv	295	05bdd11f82aaaac5659e72a94b4cefb7be2c3b10701422202e97774b3c57336e
raw/pilot_final_20260731T163824Z/correctness/baseline/pilot/chr22_guide_06/output.paf	6200	9838a748f83250618473227cbc2b798e921118551a385e778337b49637186fe3
raw/pilot_final_20260731T163824Z/correctness/baseline/pilot/chr22_guide_06/stderr.txt	0	e3b0c44298fc1c149afbf4c8996fb92427ae41e4649b934ca495991b7852b855
raw/pilot_final_20260731T163824Z/correctness/baseline/pilot/chr22_guide_07/command.txt	294	5ddaed3d9b48f38be66cc73ef4c3afc99c493c2620945cc3479410a0e6d067bd
raw/pilot_final_20260731T163824Z/correctness/baseline/pilot/chr22_guide_07/metrics.tsv	294	6c8d3d572faf1a9a35d7de19d69c791175b149fd329ebc3bf87081ece9d7a59d
raw/pilot_final_20260731T163824Z/correctness/baseline/pilot/chr22_guide_07/output.paf	105	0effc63d85fa97f691908ce0321ab857ae6f08fabd2480f35c83ff81e76c9f0e
raw/pilot_final_20260731T163824Z/correctness/baseline/pilot/chr22_guide_07/stderr.txt	0	e3b0c44298fc1c149afbf4c8996fb92427ae41e4649b934ca495991b7852b855
raw/pilot_final_20260731T163824Z/correctness/baseline/pilot/chr22_guide_08/command.txt	294	80a23b51b3e84bb31bae7ad637147e3fa61a8f18ce53f43c72038a7ceeed3315
raw/pilot_final_20260731T163824Z/correctness/baseline/pilot/chr22_guide_08/metrics.tsv	294	c503a24305a47d6310103b56f57d6000440abf2088f3bdbf584326fb46323d52
raw/pilot_final_20260731T163824Z/correctness/baseline/pilot/chr22_guide_08/output.paf	105	029b4bae64ebbe3decac5715b992bb89ceb0731276cd7cd8566eaca4250537b4
raw/pilot_final_20260731T163824Z/correctness/baseline/pilot/chr22_guide_08/stderr.txt	0	e3b0c44298fc1c149afbf4c8996fb92427ae41e4649b934ca495991b7852b855
raw/pilot_final_20260731T163824Z/correctness/baseline/pilot/chr22_guide_09/command.txt	294	79b5fbd3d257c76d6eebd2f1236d853ba5079718a990efa440f7559ae6363efe
raw/pilot_final_20260731T163824Z/correctness/baseline/pilot/chr22_guide_09/metrics.tsv	295	591893d204a4070ce1fbe4b5bbd488809ff5ca3ea79f3a1b4bf95d3ebe857ee5
raw/pilot_final_20260731T163824Z/correctness/baseline/pilot/chr22_guide_09/output.paf	198	0750254d4598a1695dbaade1146e921cf6dab58c8fc5ab334e4e36f882246f3f
raw/pilot_final_20260731T163824Z/correctness/baseline/pilot/chr22_guide_09/stderr.txt	45	ecd997460eff8b19bac120208f47edd7be53e3371027aaa35d95fa07a5e79089
raw/pilot_final_20260731T163824Z/correctness/baseline/pilot/chr22_guide_10/command.txt	294	6d63528c93696e50dd61c6886e11222dafb75a07e913a10177318d640f392864
raw/pilot_final_20260731T163824Z/correctness/baseline/pilot/chr22_guide_10/metrics.tsv	294	dc5970b9b93679bc27cdffa5ae9341b78b603d017be290a869de57277801e922
raw/pilot_final_20260731T163824Z/correctness/baseline/pilot/chr22_guide_10/output.paf	105	bc3b9f3f86cc8bbd34d0a114947da783ee284f28a9a17754f8b3028fd08951a9
raw/pilot_final_20260731T163824Z/correctness/baseline/pilot/chr22_guide_10/stderr.txt	0	e3b0c44298fc1c149afbf4c8996fb92427ae41e4649b934ca495991b7852b855
raw/pilot_final_20260731T163824Z/correctness/baseline/pilot/chr22_guide_11/command.txt	294	8f75a8a484b54c99355f10ad0b3c21abf9131eea3ee68adaf5157d2468cede03
raw/pilot_final_20260731T163824Z/correctness/baseline/pilot/chr22_guide_11/metrics.tsv	294	9d8c41f89fa65e1b6dd80081fb62f67d70568e6d57e6b341ea5746083b617776
raw/pilot_final_20260731T163824Z/correctness/baseline/pilot/chr22_guide_11/output.paf	105	7f92fd7dddc708c2b3ec905f92a74e766b81d6ff9eaf13b4dc9c11ff5e96767a
raw/pilot_final_20260731T163824Z/correctness/baseline/pilot/chr22_guide_11/stderr.txt	0	e3b0c44298fc1c149afbf4c8996fb92427ae41e4649b934ca495991b7852b855
raw/pilot_final_20260731T163824Z/correctness/baseline/pilot/chr22_guide_12/command.txt	294	42e978afa0c20f3f75c3438381894c1d3e831b6024e1178f8413c64b3a1fa7bf
raw/pilot_final_20260731T163824Z/correctness/baseline/pilot/chr22_guide_12/metrics.tsv	294	ea337fe9e6f57838757ea77e9b5e66b553073555cb32940b10eaa11a5a042f96
raw/pilot_final_20260731T163824Z/correctness/baseline/pilot/chr22_guide_12/output.paf	105	b7517a16df61180265ec10a20cb33a003c3ea568992073591f20e96d81391119
raw/pilot_final_20260731T163824Z/correctness/baseline/pilot/chr22_guide_12/stderr.txt	0	e3b0c44298fc1c149afbf4c8996fb92427ae41e4649b934ca495991b7852b855
raw/pilot_final_20260731T163824Z/correctness/baseline/pilot/chr22_guide_13/command.txt	294	70887f056f4e6c9a7fb8d55aebf6260ff2cacc2988834221b289083a7d8ecd39
raw/pilot_final_20260731T163824Z/correctness/baseline/pilot/chr22_guide_13/metrics.tsv	294	243c00d360f9e943c766bc90cb927f3a2cead434ea414985aa32a9725c93bd12
raw/pilot_final_20260731T163824Z/correctness/baseline/pilot/chr22_guide_13/output.paf	105	c4ca7ddc636638d7005d3e187756ba84185296e1c2585b41d0a7a856e2606213
raw/pilot_final_20260731T163824Z/correctness/baseline/pilot/chr22_guide_13/stderr.txt	0	e3b0c44298fc1c149afbf4c8996fb92427ae41e4649b934ca495991b7852b855
raw/pilot_final_20260731T163824Z/correctness/baseline/pilot/chr22_guide_14/command.txt	294	5c3b93b11b8e6a74bde0ca874a8c3513b022608ec72102e19b764eda2894281c
raw/pilot_final_20260731T163824Z/correctness/baseline/pilot/chr22_guide_14/metrics.tsv	294	b8f7f8bc8fbfacf56b1851ffcc2a8e4f245659a710807683662801c124317c36
raw/pilot_final_20260731T163824Z/correctness/baseline/pilot/chr22_guide_14/output.paf	214	d39c5b6762aa09453e14f55e106ab300ceb4955ee3d73b381937cbf2220ed042
raw/pilot_final_20260731T163824Z/correctness/baseline/pilot/chr22_guide_14/stderr.txt	0	e3b0c44298fc1c149afbf4c8996fb92427ae41e4649b934ca495991b7852b855
raw/pilot_final_20260731T163824Z/correctness/baseline/pilot/chr22_guide_15/command.txt	294	8ddf9d7e2608669e5fd6a1fd8c1335579a510d4d382c7cbc9d99592881f85fae
raw/pilot_final_20260731T163824Z/correctness/baseline/pilot/chr22_guide_15/metrics.tsv	294	ca42ac3b0c6b6e9054095b8c1b3ff8b337f720ab658bcec3e79648de88c1adbd
raw/pilot_final_20260731T163824Z/correctness/baseline/pilot/chr22_guide_15/output.paf	105	850390cf00e784716c531f5e64380876ff07596af289e7ba34bc096bff075ecc
raw/pilot_final_20260731T163824Z/correctness/baseline/pilot/chr22_guide_15/stderr.txt	0	e3b0c44298fc1c149afbf4c8996fb92427ae41e4649b934ca495991b7852b855
raw/pilot_final_20260731T163824Z/correctness/baseline/pilot/chr22_guide_16/command.txt	294	faa9aba2aac1781a334c68e83706090c78953cbac5ad46232eef3388cea4039c
raw/pilot_final_20260731T163824Z/correctness/baseline/pilot/chr22_guide_16/metrics.tsv	294	26e6cd9608b412a8bf0fe07a1e935988ab72d4c3c1a910fa872238eb5640bf45
raw/pilot_final_20260731T163824Z/correctness/baseline/pilot/chr22_guide_16/output.paf	105	b32f95b3659bdf5efde0a545c93605a84811e1f51637e98948f88b66e0c918a9
raw/pilot_final_20260731T163824Z/correctness/baseline/pilot/chr22_guide_16/stderr.txt	0	e3b0c44298fc1c149afbf4c8996fb92427ae41e4649b934ca495991b7852b855
raw/pilot_final_20260731T163824Z/correctness/baseline/pilot/chr22_guide_17/command.txt	294	3416ca0a99f0208ab1ce747521d78a2ac75be8410b274f3d6925da2201613f82
raw/pilot_final_20260731T163824Z/correctness/baseline/pilot/chr22_guide_17/metrics.tsv	294	9eec9639275009bbdae194fbd944d32de68f9914c46ec45fd89201fc32e09ac1
raw/pilot_final_20260731T163824Z/correctness/baseline/pilot/chr22_guide_17/output.paf	105	1da030b92202db00fdf4fa746fa0de1c56a74c6415d7abf8e6e634730c0990ca
raw/pilot_final_20260731T163824Z/correctness/baseline/pilot/chr22_guide_17/stderr.txt	0	e3b0c44298fc1c149afbf4c8996fb92427ae41e4649b934ca495991b7852b855
raw/pilot_final_20260731T163824Z/correctness/baseline/pilot/chr22_guide_18/command.txt	294	f2a3f6a07ebd08e30cb34865d37ac2ff7605d082f83307f44be0f061bf9cf833
raw/pilot_final_20260731T163824Z/correctness/baseline/pilot/chr22_guide_18/metrics.tsv	294	9835ce674eaa5b8f68f4e780ee462ae789141f3f1e5671b17bde31330e7bf70b
raw/pilot_final_20260731T163824Z/correctness/baseline/pilot/chr22_guide_18/output.paf	105	7b9ea615f9aa7e046adebd0e63adf8ebdc63c09e2a683a13ae5b9e9457fd8152
raw/pilot_final_20260731T163824Z/correctness/baseline/pilot/chr22_guide_18/stderr.txt	0	e3b0c44298fc1c149afbf4c8996fb92427ae41e4649b934ca495991b7852b855
raw/pilot_final_20260731T163824Z/correctness/baseline/pilot/chr22_guide_19/command.txt	294	8318cf790daebe2ae59d609333c635a134954b1e3cd87ef8c72f433e45110b40
raw/pilot_final_20260731T163824Z/correctness/baseline/pilot/chr22_guide_19/metrics.tsv	294	f9340bc7ba4d4b0f88448c872f889ad85f273ba501aa9361edec4186c4b16e79
raw/pilot_final_20260731T163824Z/correctness/baseline/pilot/chr22_guide_19/output.paf	105	7c248ba9765e06499bdbdd56fa063150392f57bbcf49d7273e7a34148cb2a14e
raw/pilot_final_20260731T163824Z/correctness/baseline/pilot/chr22_guide_19/stderr.txt	0	e3b0c44298fc1c149afbf4c8996fb92427ae41e4649b934ca495991b7852b855
raw/pilot_final_20260731T163824Z/correctness/baseline/pilot/chr22_guide_20/command.txt	294	468a558e0f3fdd08d7debf0ad8923a76d1462c9c7f320e22e8005dbb2614aadf
raw/pilot_final_20260731T163824Z/correctness/baseline/pilot/chr22_guide_20/metrics.tsv	294	32bcb4b54621918b0ed5cbbd548c2b75c8212bead0ff3fa61b69caede6a2e4ba
raw/pilot_final_20260731T163824Z/correctness/baseline/pilot/chr22_guide_20/output.paf	105	624a957aae98b6d231ae1011b4e64e108e7b8e8e44287e46c4862920d0454e11
raw/pilot_final_20260731T163824Z/correctness/baseline/pilot/chr22_guide_20/stderr.txt	0	e3b0c44298fc1c149afbf4c8996fb92427ae41e4649b934ca495991b7852b855
raw/pilot_final_20260731T163824Z/correctness/columba/pilot/chr22_guide_01/command.txt	566	988af8d9fb7aa949c17338aa69391195bbb82ac5c4719332f3d16329248cd909
raw/pilot_final_20260731T163824Z/correctness/columba/pilot/chr22_guide_01/metrics.tsv	298	b7ac095252a946f3b964ada6cb910c877cb54460d1b361e7470051efced8d47c
raw/pilot_final_20260731T163824Z/correctness/columba/pilot/chr22_guide_01/output.paf	88066	4748136198d08a3f8212510ff37f1283fe59fc471fa429b3db472d9763246239
raw/pilot_final_20260731T163824Z/correctness/columba/pilot/chr22_guide_01/stderr.txt	33356	9cbceec00b385f352ae5ec8e80e4138ed44de61594a0ef0bc38a4fe62b2e7dd7
raw/pilot_final_20260731T163824Z/correctness/columba/pilot/chr22_guide_02/command.txt	566	0c1fc8248f08783d01ab158c374ab506b58a3c1c996ef1da9c86b8c47c0cd027
raw/pilot_final_20260731T163824Z/correctness/columba/pilot/chr22_guide_02/metrics.tsv	296	429917b8dd6f6970469a705cbb000816c270717cdb0878833dcc451976c97b4a
raw/pilot_final_20260731T163824Z/correctness/columba/pilot/chr22_guide_02/output.paf	6864	8f32d63ac3fc7353d028bcbab308948f718f700957721b790efcbcfdf7b2968d
raw/pilot_final_20260731T163824Z/correctness/columba/pilot/chr22_guide_02/stderr.txt	2245	67c892220045c7e6de36630e42f43c7166e3a6cbb04fcd8d07803b38b0896333
raw/pilot_final_20260731T163824Z/correctness/columba/pilot/chr22_guide_03/command.txt	566	9310dbfbc83548b63deaa0d0cfe32c815e82a85b6458a95427fdab998ff2e214
raw/pilot_final_20260731T163824Z/correctness/columba/pilot/chr22_guide_03/metrics.tsv	294	c5e6830379fe9777c806621193084f51f3de5b85a84cfe7e7ffc4d16fe7d140f
raw/pilot_final_20260731T163824Z/correctness/columba/pilot/chr22_guide_03/output.paf	293	606c59fbabc1859613e4a31b3b8ed8c4147f5ca89d1de01946221f89097d2bce
raw/pilot_final_20260731T163824Z/correctness/columba/pilot/chr22_guide_03/stderr.txt	184	ec04d3f7e1b1328ad5397a8bdd34185b098771189af9962fbc567d013800e818
raw/pilot_final_20260731T163824Z/correctness/columba/pilot/chr22_guide_04/command.txt	566	75e2baf188655797b05e9bcc7c7c52978a0f9ab393a9a0f9137f5c027fc04b28
raw/pilot_final_20260731T163824Z/correctness/columba/pilot/chr22_guide_04/metrics.tsv	296	49d8fd05079ad9521a0a28001afdf28b82d6d5a48fdfb9af2625993e3ed1ffb2
raw/pilot_final_20260731T163824Z/correctness/columba/pilot/chr22_guide_04/output.paf	208	5c632dfc921b715b635c61d386497b7131eb4348bb520ea4a5cd13ab53ef1e7a
raw/pilot_final_20260731T163824Z/correctness/columba/pilot/chr22_guide_04/stderr.txt	43109	23e8f4ffff162fdc2e25089c32203c22ccb5ac9c66770c9b5d4a6408cc154ffb
raw/pilot_final_20260731T163824Z/correctness/columba/pilot/chr22_guide_05/command.txt	566	70ccd8838041ffb2b91a0368ef5d937990570a77e556ba08b90bf9c13cf759b1
raw/pilot_final_20260731T163824Z/correctness/columba/pilot/chr22_guide_05/metrics.tsv	297	450a4a76f4982ab54dcffeb8e3da5399fc2858fd62a61ce95bed0acc252e9d58
raw/pilot_final_20260731T163824Z/correctness/columba/pilot/chr22_guide_05/output.paf	15269	13d490936eb128956dcd7744ae65b99655fcac4ad3ba999a6d96498e5f4323b1
raw/pilot_final_20260731T163824Z/correctness/columba/pilot/chr22_guide_05/stderr.txt	7075	ac192c7b6f04bd7ec153ca9deee4b10effcbb4185b9d200c6f35f95533887058
raw/pilot_final_20260731T163824Z/correctness/columba/pilot/chr22_guide_06/command.txt	566	7e1a39c18a8234e4b77a15c338fb0b22f0d2e1ef98eaef93cbe5df88a9e50da9
raw/pilot_final_20260731T163824Z/correctness/columba/pilot/chr22_guide_06/metrics.tsv	299	928741408685a6cea3919ea9b65f5dac1a1960d0161fda54041b00f01856db20
raw/pilot_final_20260731T163824Z/correctness/columba/pilot/chr22_guide_06/output.paf	214107	ccbb10c6b39950ff1a609a7c093affb95e09b093f31339b79eb9e55af9bea14f
raw/pilot_final_20260731T163824Z/correctness/columba/pilot/chr22_guide_06/stderr.txt	26540	6ab1cb25283fe19a6bfd4fcd5c48da2d87969a73970cab771254caf7f66a6287
raw/pilot_final_20260731T163824Z/correctness/columba/pilot/chr22_guide_07/command.txt	566	434733e1a3839dc4164adf8af4f6ab33375579bb27b5f6c6814f2e0e39dcc26e
raw/pilot_final_20260731T163824Z/correctness/columba/pilot/chr22_guide_07/metrics.tsv	294	a7726956473c0ac9086e354b12765bf821300e0d0ab77e712faaeb59c2294f5f
raw/pilot_final_20260731T163824Z/correctness/columba/pilot/chr22_guide_07/output.paf	105	0effc63d85fa97f691908ce0321ab857ae6f08fabd2480f35c83ff81e76c9f0e
raw/pilot_final_20260731T163824Z/correctness/columba/pilot/chr22_guide_07/stderr.txt	656	6be499e878bb8835b2d0095d754911ca511e88d92eb98ee972ab04a1f8c00a0b
raw/pilot_final_20260731T163824Z/correctness/columba/pilot/chr22_guide_08/command.txt	566	9c0ec224db1849cbefa2b5764e5537db605396f19a9a7cc317e179e279ebe990
raw/pilot_final_20260731T163824Z/correctness/columba/pilot/chr22_guide_08/metrics.tsv	294	b828aee5020393c18f63368c98095d48e6079d74621cb78b8b1390afcf07cc43
raw/pilot_final_20260731T163824Z/correctness/columba/pilot/chr22_guide_08/output.paf	105	029b4bae64ebbe3decac5715b992bb89ceb0731276cd7cd8566eaca4250537b4
raw/pilot_final_20260731T163824Z/correctness/columba/pilot/chr22_guide_08/stderr.txt	846	d19c36693df71437a3e971b04638d4c55f47a0d94d8887a1c6ebbec6f71e8046
raw/pilot_final_20260731T163824Z/correctness/columba/pilot/chr22_guide_09/command.txt	566	b67a6b497e3a6b9bdebb34b5a399c66ef87ede69a75b252be4fab3d258472f2f
raw/pilot_final_20260731T163824Z/correctness/columba/pilot/chr22_guide_09/metrics.tsv	296	ba1725a14b0070ab87e264541e3e3ca7ff1f49ddf54a19bd2e5b3ad0967bd423
raw/pilot_final_20260731T163824Z/correctness/columba/pilot/chr22_guide_09/output.paf	198	0750254d4598a1695dbaade1146e921cf6dab58c8fc5ab334e4e36f882246f3f
raw/pilot_final_20260731T163824Z/correctness/columba/pilot/chr22_guide_09/stderr.txt	23907	f786f22359fb3a2a1769d5d1b500856dc5b1f5bd752fa9b56a6462248899650e
raw/pilot_final_20260731T163824Z/correctness/columba/pilot/chr22_guide_10/command.txt	566	013615c7451b42b2e94f086fe08854e475f20dd3d22c9013797b8fc057463758
raw/pilot_final_20260731T163824Z/correctness/columba/pilot/chr22_guide_10/metrics.tsv	292	4a1c0664b2c16a0d3303aebf69aa13618bb14bcfa472cca32818de3e1ab9499a
raw/pilot_final_20260731T163824Z/correctness/columba/pilot/chr22_guide_10/output.paf	105	bc3b9f3f86cc8bbd34d0a114947da783ee284f28a9a17754f8b3028fd08951a9
raw/pilot_final_20260731T163824Z/correctness/columba/pilot/chr22_guide_10/stderr.txt	0	e3b0c44298fc1c149afbf4c8996fb92427ae41e4649b934ca495991b7852b855
raw/pilot_final_20260731T163824Z/correctness/columba/pilot/chr22_guide_11/command.txt	566	48476778c0a3f35ba869b05bf8bf6b785237f764574c5b20d02bc627fd6fb84e
raw/pilot_final_20260731T163824Z/correctness/columba/pilot/chr22_guide_11/metrics.tsv	293	1c44d4576bc4f19bf2e63b0646da62f67c31216a9e027170bb8a2ff5881d3789
raw/pilot_final_20260731T163824Z/correctness/columba/pilot/chr22_guide_11/output.paf	105	7f92fd7dddc708c2b3ec905f92a74e766b81d6ff9eaf13b4dc9c11ff5e96767a
raw/pilot_final_20260731T163824Z/correctness/columba/pilot/chr22_guide_11/stderr.txt	94	eb38c77d3364d29cf9b4a0c82bd850e49266e1046930de12097b9d1d6f671ebe
raw/pilot_final_20260731T163824Z/correctness/columba/pilot/chr22_guide_12/command.txt	566	7eb09ce5de4178d7c4d5aa594ca636f2fb1d8967182a3455f28ac42e2bbc4525
raw/pilot_final_20260731T163824Z/correctness/columba/pilot/chr22_guide_12/metrics.tsv	293	df7f0bee2bfb2301105099026c5ff3cb860ede4101010741f57e91fc644e8ee1
raw/pilot_final_20260731T163824Z/correctness/columba/pilot/chr22_guide_12/output.paf	105	b7517a16df61180265ec10a20cb33a003c3ea568992073591f20e96d81391119
raw/pilot_final_20260731T163824Z/correctness/columba/pilot/chr22_guide_12/stderr.txt	94	b52ea0dac91d497aaec6f642a08329c4472b1d235792c856330e28a7c0b02c57
raw/pilot_final_20260731T163824Z/correctness/columba/pilot/chr22_guide_13/command.txt	566	8763348e45d4d4c45c8cef4948b1fd06ac339aadcc02d5a956f282c1ac0c35ef
raw/pilot_final_20260731T163824Z/correctness/columba/pilot/chr22_guide_13/metrics.tsv	293	dedfd3e24ac15ccc24949425c3594ce932c2d7e41ed088a35cf4e1e3a101ff50
raw/pilot_final_20260731T163824Z/correctness/columba/pilot/chr22_guide_13/output.paf	105	c4ca7ddc636638d7005d3e187756ba84185296e1c2585b41d0a7a856e2606213
raw/pilot_final_20260731T163824Z/correctness/columba/pilot/chr22_guide_13/stderr.txt	94	696e651629a088ed51fa18bf92752b7cebcc5231944eb0da133c1b9ea7800ae7
raw/pilot_final_20260731T163824Z/correctness/columba/pilot/chr22_guide_14/command.txt	566	b4f95c6280b1a4dc349971cca88c87fd6230df502fa8f9023aa12bfe754f76e7
raw/pilot_final_20260731T163824Z/correctness/columba/pilot/chr22_guide_14/metrics.tsv	294	bc205daf7173e91d06d8c69d348cf6a222547f3bfa4926823aa8da28763517c2
raw/pilot_final_20260731T163824Z/correctness/columba/pilot/chr22_guide_14/output.paf	214	d39c5b6762aa09453e14f55e106ab300ceb4955ee3d73b381937cbf2220ed042
raw/pilot_final_20260731T163824Z/correctness/columba/pilot/chr22_guide_14/stderr.txt	188	fc6bbc4c65e692473cbf32ff151557635e2d1dd99e4b69c5ee3da000a109cea9
raw/pilot_final_20260731T163824Z/correctness/columba/pilot/chr22_guide_15/command.txt	566	eba1264cf9013d38525c2d30bcf23d12aa2915d02fc0212879ab1e5d20bb5fc4
raw/pilot_final_20260731T163824Z/correctness/columba/pilot/chr22_guide_15/metrics.tsv	293	7411dc13d8df423eff0bfd6fa5d3f6146ef66f09baafd40b1f9d637726690e2a
raw/pilot_final_20260731T163824Z/correctness/columba/pilot/chr22_guide_15/output.paf	105	850390cf00e784716c531f5e64380876ff07596af289e7ba34bc096bff075ecc
raw/pilot_final_20260731T163824Z/correctness/columba/pilot/chr22_guide_15/stderr.txt	94	f44e84d998c57621965bbb72ae37ec201bf3185e3f28563924ad182f849d8046
raw/pilot_final_20260731T163824Z/correctness/columba/pilot/chr22_guide_16/command.txt	566	f9c7351bcc66b75e96ec02ff0802506b5e2eec8a2d9441060693a17c153c38a2
raw/pilot_final_20260731T163824Z/correctness/columba/pilot/chr22_guide_16/metrics.tsv	292	b948b8b5cf42eb75581749793305022b1530dcb0942b8639c601c76d3090c17a
raw/pilot_final_20260731T163824Z/correctness/columba/pilot/chr22_guide_16/output.paf	105	b32f95b3659bdf5efde0a545c93605a84811e1f51637e98948f88b66e0c918a9
raw/pilot_final_20260731T163824Z/correctness/columba/pilot/chr22_guide_16/stderr.txt	0	e3b0c44298fc1c149afbf4c8996fb92427ae41e4649b934ca495991b7852b855
raw/pilot_final_20260731T163824Z/correctness/columba/pilot/chr22_guide_17/command.txt	566	265dab80c13692588576635f415fb6f819f737e48546a4f351922e056f63a6d4
raw/pilot_final_20260731T163824Z/correctness/columba/pilot/chr22_guide_17/metrics.tsv	295	59327b10a4e56dc7d8a765a5e3a0eecfb5ac87cef1c3b1e05362c9e717a50c2d
raw/pilot_final_20260731T163824Z/correctness/columba/pilot/chr22_guide_17/output.paf	105	1da030b92202db00fdf4fa746fa0de1c56a74c6415d7abf8e6e634730c0990ca
raw/pilot_final_20260731T163824Z/correctness/columba/pilot/chr22_guide_17/stderr.txt	3477	e8d6de60c3ba05b27001c144755f4d3ad082de5cdf0fdf5e9cf6b7717422195e
raw/pilot_final_20260731T163824Z/correctness/columba/pilot/chr22_guide_18/command.txt	566	77114703b970f8f9941648271a04fc172d15df91fc3d72635a634db9e68ae78a
raw/pilot_final_20260731T163824Z/correctness/columba/pilot/chr22_guide_18/metrics.tsv	294	cf085c4eb1999b66318dad3120fd9a140d319685c6e592e69ae10d4947be7da0
raw/pilot_final_20260731T163824Z/correctness/columba/pilot/chr22_guide_18/output.paf	105	7b9ea615f9aa7e046adebd0e63adf8ebdc63c09e2a683a13ae5b9e9457fd8152
raw/pilot_final_20260731T163824Z/correctness/columba/pilot/chr22_guide_18/stderr.txt	282	000abe2ead510b1e81f85058fe4a2422bdd56dfa268e082b10ff250075738f0e
raw/pilot_final_20260731T163824Z/correctness/columba/pilot/chr22_guide_19/command.txt	566	75423228da4358cddac92bbb5822ed6e161e55c6642324e65e72684aabe31ab8
raw/pilot_final_20260731T163824Z/correctness/columba/pilot/chr22_guide_19/metrics.tsv	293	428db146fca984b9fb50db9fbec9bc6ee70cf724d9c2bd9281e0eab38d47cee0
raw/pilot_final_20260731T163824Z/correctness/columba/pilot/chr22_guide_19/output.paf	105	7c248ba9765e06499bdbdd56fa063150392f57bbcf49d7273e7a34148cb2a14e
raw/pilot_final_20260731T163824Z/correctness/columba/pilot/chr22_guide_19/stderr.txt	94	cb99cf2cb5c76fa9de96c7d214883bdebf51068c4cfea4bec3c2c4a8fda8efb1
raw/pilot_final_20260731T163824Z/correctness/columba/pilot/chr22_guide_20/command.txt	566	0c6937bca66d9f73b75c76533cba8aa0fda72dbd5e7c1807d67919aaf4d88501
raw/pilot_final_20260731T163824Z/correctness/columba/pilot/chr22_guide_20/metrics.tsv	296	b062f1f3456e498c66e3a236ee336256c7eea39972a35c3851339d18a08df601
raw/pilot_final_20260731T163824Z/correctness/columba/pilot/chr22_guide_20/output.paf	699	d7cbdc22dab734795edef645ff8b56288ad8f07ca5476cfee91c8abc902ec472
raw/pilot_final_20260731T163824Z/correctness/columba/pilot/chr22_guide_20/stderr.txt	48866	e99057a662fd17d483edbc4496276765b125c66cd71604a696e1c7852dab17e7
raw/pilot_final_20260731T163824Z/correctness/oracle_columba_rows.tsv	313865	f95ca352efeafe5a8d64e65e6f116d9f776d60bd65de35bd4bd0543b3a9e4b0e
raw/pilot_final_20260731T163824Z/correctness_summary.tsv	262	7f5a946ff9367327e6f814ef8078682bee159b3c365673b7d50295d59a52c100
raw/pilot_final_20260731T163824Z/environment.txt	1895	9a4ff0119b19d938bc753a32d2433e77190e32469ff91e4da1744cfdd45e6f5e
raw/pilot_final_20260731T163824Z/guide_results.tsv	44557	aa307e5957ce716e83b50ba056160f2c18c4ff38fc3197c5bd6e58efd961a3e0
raw/pilot_final_20260731T163824Z/per_guide_correctness.tsv	1530	d1007b649b9f84489ebcc09d3c475eb136d9d3e1a035cca592a5d4a537bf4ca5
raw/pilot_final_20260731T163824Z/run_summary.tsv	1366	63c966b858af4f572e803c59a661f591c1373a623862f633bea9712de5f5164a
raw/pilot_final_20260731T163824Z/timing/baseline/measured_1/chr22_guide_01/command.txt	294	c4ddca4230168cb96406c58fc309ef53915dfc56c8f91bab7db2f5d600eadb61
raw/pilot_final_20260731T163824Z/timing/baseline/measured_1/chr22_guide_01/metrics.tsv	297	a173e8d783f8f910314773307631ac5918c5f1bf9b6cb160091651d5d533d364
raw/pilot_final_20260731T163824Z/timing/baseline/measured_1/chr22_guide_01/output.paf	1642	b1fb9aa39cacb022055195ef7dba7343c8fc879f2dc35b1bb9e3a5c71e1e23e0
raw/pilot_final_20260731T163824Z/timing/baseline/measured_1/chr22_guide_01/stderr.txt	135	638bd673bf5fc22f3fc8fe75f5600789d2b5d3f971a550e9446c8845c8fb98e7
raw/pilot_final_20260731T163824Z/timing/baseline/measured_1/chr22_guide_02/command.txt	294	990c97030b662290e1a7bcbbd8a01b13fcf1e9e211333ac82e77265d1c0d586a
raw/pilot_final_20260731T163824Z/timing/baseline/measured_1/chr22_guide_02/metrics.tsv	298	2cd42a42d5d80157e0026983fb847c7fd2c72ad4e81c12fd9dc299a99ca0a350
raw/pilot_final_20260731T163824Z/timing/baseline/measured_1/chr22_guide_02/output.paf	6656	1c8845363d90825b8ae340946833959933ab6ef5fb8cc51a58e5c318ecbda056
raw/pilot_final_20260731T163824Z/timing/baseline/measured_1/chr22_guide_02/stderr.txt	1125	b2b32f17633bad48f0d63dd8593879a3898a801f59345a837879f804a8b0a9ca
raw/pilot_final_20260731T163824Z/timing/baseline/measured_1/chr22_guide_03/command.txt	294	a53d6c4cc926c5b12c0bafdf8996ca88a6d2aa0f2edd009af0ded8d7457f93e1
raw/pilot_final_20260731T163824Z/timing/baseline/measured_1/chr22_guide_03/metrics.tsv	294	57ee3f562e1bfede72d11e0b628ec351de2f4abd9115c97c96bd115caa55124a
raw/pilot_final_20260731T163824Z/timing/baseline/measured_1/chr22_guide_03/output.paf	103	d0e1f61006a51712a6e3a7a08a2d9ed9a2e486bf46c47b49e89668b53f2efe69
raw/pilot_final_20260731T163824Z/timing/baseline/measured_1/chr22_guide_03/stderr.txt	0	e3b0c44298fc1c149afbf4c8996fb92427ae41e4649b934ca495991b7852b855
raw/pilot_final_20260731T163824Z/timing/baseline/measured_1/chr22_guide_04/command.txt	294	7224fb43ee5448eed9c09401b0cfe7f69ed6562835a4a83b10d1eee2ef974587
raw/pilot_final_20260731T163824Z/timing/baseline/measured_1/chr22_guide_04/metrics.tsv	294	fca3fe30194f40afc28fec7d187f9c4567d39fbbc489d32aea021b3399dc7d25
raw/pilot_final_20260731T163824Z/timing/baseline/measured_1/chr22_guide_04/output.paf	210	a14c7617088d038a70adbf1f43853e09c8728d9eb8b692f6bebaeecda9d2bbf8
raw/pilot_final_20260731T163824Z/timing/baseline/measured_1/chr22_guide_04/stderr.txt	0	e3b0c44298fc1c149afbf4c8996fb92427ae41e4649b934ca495991b7852b855
raw/pilot_final_20260731T163824Z/timing/baseline/measured_1/chr22_guide_05/command.txt	294	63d6a7b11233a7ab538ffa794d65e01e0631cdd731ad38f8371bcb967e27f683
raw/pilot_final_20260731T163824Z/timing/baseline/measured_1/chr22_guide_05/metrics.tsv	299	c5528817b86f0f6de962e0d88568cf0f9a0ee97ecf49af40d9ac72a7da3f5cc3
raw/pilot_final_20260731T163824Z/timing/baseline/measured_1/chr22_guide_05/output.paf	15269	8066a5e39caf78bf0cac01aa1dc91a6d1211b5892fc5875490679eb24872a81f
raw/pilot_final_20260731T163824Z/timing/baseline/measured_1/chr22_guide_05/stderr.txt	3600	fba7e1444d1935a3ecae72a339d215d7e66c93737ae3105ef796647230a4c72b
raw/pilot_final_20260731T163824Z/timing/baseline/measured_1/chr22_guide_06/command.txt	294	08c1c652402d4ee24dbd48a6355edb06e1ad4c550877027a6f5e1cb5174e57c0
raw/pilot_final_20260731T163824Z/timing/baseline/measured_1/chr22_guide_06/metrics.tsv	295	5296a5e0ef41bce2f80cdaea74e71bc512deb592b8fa280cadcdb951efce27c3
raw/pilot_final_20260731T163824Z/timing/baseline/measured_1/chr22_guide_06/output.paf	6200	9838a748f83250618473227cbc2b798e921118551a385e778337b49637186fe3
raw/pilot_final_20260731T163824Z/timing/baseline/measured_1/chr22_guide_06/stderr.txt	0	e3b0c44298fc1c149afbf4c8996fb92427ae41e4649b934ca495991b7852b855
raw/pilot_final_20260731T163824Z/timing/baseline/measured_1/chr22_guide_07/command.txt	294	5ddaed3d9b48f38be66cc73ef4c3afc99c493c2620945cc3479410a0e6d067bd
raw/pilot_final_20260731T163824Z/timing/baseline/measured_1/chr22_guide_07/metrics.tsv	294	56a7fae44a7a3c900c60d78396ccec3f9a605349bdfda5bf532075f470582a6a
raw/pilot_final_20260731T163824Z/timing/baseline/measured_1/chr22_guide_07/output.paf	105	0effc63d85fa97f691908ce0321ab857ae6f08fabd2480f35c83ff81e76c9f0e
raw/pilot_final_20260731T163824Z/timing/baseline/measured_1/chr22_guide_07/stderr.txt	0	e3b0c44298fc1c149afbf4c8996fb92427ae41e4649b934ca495991b7852b855
raw/pilot_final_20260731T163824Z/timing/baseline/measured_1/chr22_guide_08/command.txt	294	80a23b51b3e84bb31bae7ad637147e3fa61a8f18ce53f43c72038a7ceeed3315
raw/pilot_final_20260731T163824Z/timing/baseline/measured_1/chr22_guide_08/metrics.tsv	294	cae10abe469928eaa35f3d855c8d71912d90838be9b054acb987c2de652d9812
raw/pilot_final_20260731T163824Z/timing/baseline/measured_1/chr22_guide_08/output.paf	105	029b4bae64ebbe3decac5715b992bb89ceb0731276cd7cd8566eaca4250537b4
raw/pilot_final_20260731T163824Z/timing/baseline/measured_1/chr22_guide_08/stderr.txt	0	e3b0c44298fc1c149afbf4c8996fb92427ae41e4649b934ca495991b7852b855
raw/pilot_final_20260731T163824Z/timing/baseline/measured_1/chr22_guide_09/command.txt	294	79b5fbd3d257c76d6eebd2f1236d853ba5079718a990efa440f7559ae6363efe
raw/pilot_final_20260731T163824Z/timing/baseline/measured_1/chr22_guide_09/metrics.tsv	295	75e4c38c9046275db85e83d3ca99f40ee8c1dc487be9ed22b10161e1d46838c6
raw/pilot_final_20260731T163824Z/timing/baseline/measured_1/chr22_guide_09/output.paf	198	0750254d4598a1695dbaade1146e921cf6dab58c8fc5ab334e4e36f882246f3f
raw/pilot_final_20260731T163824Z/timing/baseline/measured_1/chr22_guide_09/stderr.txt	45	ecd997460eff8b19bac120208f47edd7be53e3371027aaa35d95fa07a5e79089
raw/pilot_final_20260731T163824Z/timing/baseline/measured_1/chr22_guide_10/command.txt	294	6d63528c93696e50dd61c6886e11222dafb75a07e913a10177318d640f392864
raw/pilot_final_20260731T163824Z/timing/baseline/measured_1/chr22_guide_10/metrics.tsv	294	29d9c62f951abd683023ca7e05bd0306f22be70b9e0068c8676c9b4d66b6d86c
raw/pilot_final_20260731T163824Z/timing/baseline/measured_1/chr22_guide_10/output.paf	105	bc3b9f3f86cc8bbd34d0a114947da783ee284f28a9a17754f8b3028fd08951a9
raw/pilot_final_20260731T163824Z/timing/baseline/measured_1/chr22_guide_10/stderr.txt	0	e3b0c44298fc1c149afbf4c8996fb92427ae41e4649b934ca495991b7852b855
raw/pilot_final_20260731T163824Z/timing/baseline/measured_1/chr22_guide_11/command.txt	294	8f75a8a484b54c99355f10ad0b3c21abf9131eea3ee68adaf5157d2468cede03
raw/pilot_final_20260731T163824Z/timing/baseline/measured_1/chr22_guide_11/metrics.tsv	294	836819d12a8cb0233b43a7a481c807c7b23144732de454ed94058d225bab5821
raw/pilot_final_20260731T163824Z/timing/baseline/measured_1/chr22_guide_11/output.paf	105	7f92fd7dddc708c2b3ec905f92a74e766b81d6ff9eaf13b4dc9c11ff5e96767a
raw/pilot_final_20260731T163824Z/timing/baseline/measured_1/chr22_guide_11/stderr.txt	0	e3b0c44298fc1c149afbf4c8996fb92427ae41e4649b934ca495991b7852b855
raw/pilot_final_20260731T163824Z/timing/baseline/measured_1/chr22_guide_12/command.txt	294	42e978afa0c20f3f75c3438381894c1d3e831b6024e1178f8413c64b3a1fa7bf
raw/pilot_final_20260731T163824Z/timing/baseline/measured_1/chr22_guide_12/metrics.tsv	294	e6d1b20b0776bf96ea89b290b235a9dc97e95639a8a73650859f58ed3bf65f1f
raw/pilot_final_20260731T163824Z/timing/baseline/measured_1/chr22_guide_12/output.paf	105	b7517a16df61180265ec10a20cb33a003c3ea568992073591f20e96d81391119
raw/pilot_final_20260731T163824Z/timing/baseline/measured_1/chr22_guide_12/stderr.txt	0	e3b0c44298fc1c149afbf4c8996fb92427ae41e4649b934ca495991b7852b855
raw/pilot_final_20260731T163824Z/timing/baseline/measured_1/chr22_guide_13/command.txt	294	70887f056f4e6c9a7fb8d55aebf6260ff2cacc2988834221b289083a7d8ecd39
raw/pilot_final_20260731T163824Z/timing/baseline/measured_1/chr22_guide_13/metrics.tsv	294	42c2c5cf2f5a31bb4127f4485d7781c378fc304316ef573b8dcc6f7753ce16c0
raw/pilot_final_20260731T163824Z/timing/baseline/measured_1/chr22_guide_13/output.paf	105	c4ca7ddc636638d7005d3e187756ba84185296e1c2585b41d0a7a856e2606213
raw/pilot_final_20260731T163824Z/timing/baseline/measured_1/chr22_guide_13/stderr.txt	0	e3b0c44298fc1c149afbf4c8996fb92427ae41e4649b934ca495991b7852b855
raw/pilot_final_20260731T163824Z/timing/baseline/measured_1/chr22_guide_14/command.txt	294	5c3b93b11b8e6a74bde0ca874a8c3513b022608ec72102e19b764eda2894281c
raw/pilot_final_20260731T163824Z/timing/baseline/measured_1/chr22_guide_14/metrics.tsv	294	f345e7f117ca141e76c602e7342a4700a9d7d5747ed237c5baa43812d95b18a1
raw/pilot_final_20260731T163824Z/timing/baseline/measured_1/chr22_guide_14/output.paf	214	d39c5b6762aa09453e14f55e106ab300ceb4955ee3d73b381937cbf2220ed042
raw/pilot_final_20260731T163824Z/timing/baseline/measured_1/chr22_guide_14/stderr.txt	0	e3b0c44298fc1c149afbf4c8996fb92427ae41e4649b934ca495991b7852b855
raw/pilot_final_20260731T163824Z/timing/baseline/measured_1/chr22_guide_15/command.txt	294	8ddf9d7e2608669e5fd6a1fd8c1335579a510d4d382c7cbc9d99592881f85fae
raw/pilot_final_20260731T163824Z/timing/baseline/measured_1/chr22_guide_15/metrics.tsv	294	6d347020789130e43c058f831eb0d08c48c7e71906fe1a66284c45e23069e7c2
raw/pilot_final_20260731T163824Z/timing/baseline/measured_1/chr22_guide_15/output.paf	105	850390cf00e784716c531f5e64380876ff07596af289e7ba34bc096bff075ecc
raw/pilot_final_20260731T163824Z/timing/baseline/measured_1/chr22_guide_15/stderr.txt	0	e3b0c44298fc1c149afbf4c8996fb92427ae41e4649b934ca495991b7852b855
raw/pilot_final_20260731T163824Z/timing/baseline/measured_1/chr22_guide_16/command.txt	294	faa9aba2aac1781a334c68e83706090c78953cbac5ad46232eef3388cea4039c
raw/pilot_final_20260731T163824Z/timing/baseline/measured_1/chr22_guide_16/metrics.tsv	294	05125d0ba077792b810747315f14d5270b7105c4129035ab033497a38125b0c5
raw/pilot_final_20260731T163824Z/timing/baseline/measured_1/chr22_guide_16/output.paf	105	b32f95b3659bdf5efde0a545c93605a84811e1f51637e98948f88b66e0c918a9
raw/pilot_final_20260731T163824Z/timing/baseline/measured_1/chr22_guide_16/stderr.txt	0	e3b0c44298fc1c149afbf4c8996fb92427ae41e4649b934ca495991b7852b855
raw/pilot_final_20260731T163824Z/timing/baseline/measured_1/chr22_guide_17/command.txt	294	3416ca0a99f0208ab1ce747521d78a2ac75be8410b274f3d6925da2201613f82
raw/pilot_final_20260731T163824Z/timing/baseline/measured_1/chr22_guide_17/metrics.tsv	294	f91da16edc84b5d3bfcaecf63cbe6442c1ddb382addfa3b6a01d2abf15d080b1
raw/pilot_final_20260731T163824Z/timing/baseline/measured_1/chr22_guide_17/output.paf	105	1da030b92202db00fdf4fa746fa0de1c56a74c6415d7abf8e6e634730c0990ca
raw/pilot_final_20260731T163824Z/timing/baseline/measured_1/chr22_guide_17/stderr.txt	0	e3b0c44298fc1c149afbf4c8996fb92427ae41e4649b934ca495991b7852b855
raw/pilot_final_20260731T163824Z/timing/baseline/measured_1/chr22_guide_18/command.txt	294	f2a3f6a07ebd08e30cb34865d37ac2ff7605d082f83307f44be0f061bf9cf833
raw/pilot_final_20260731T163824Z/timing/baseline/measured_1/chr22_guide_18/metrics.tsv	294	b3347ac398cabb0617b38d94007e6890b44353c3739749a91882a9443aa6b780
raw/pilot_final_20260731T163824Z/timing/baseline/measured_1/chr22_guide_18/output.paf	105	7b9ea615f9aa7e046adebd0e63adf8ebdc63c09e2a683a13ae5b9e9457fd8152
raw/pilot_final_20260731T163824Z/timing/baseline/measured_1/chr22_guide_18/stderr.txt	0	e3b0c44298fc1c149afbf4c8996fb92427ae41e4649b934ca495991b7852b855
raw/pilot_final_20260731T163824Z/timing/baseline/measured_1/chr22_guide_19/command.txt	294	8318cf790daebe2ae59d609333c635a134954b1e3cd87ef8c72f433e45110b40
raw/pilot_final_20260731T163824Z/timing/baseline/measured_1/chr22_guide_19/metrics.tsv	294	b8540e4cc81924a95fcc5b6cc1ac431350b4906529ff02cee715c3729e760e90
raw/pilot_final_20260731T163824Z/timing/baseline/measured_1/chr22_guide_19/output.paf	105	7c248ba9765e06499bdbdd56fa063150392f57bbcf49d7273e7a34148cb2a14e
raw/pilot_final_20260731T163824Z/timing/baseline/measured_1/chr22_guide_19/stderr.txt	0	e3b0c44298fc1c149afbf4c8996fb92427ae41e4649b934ca495991b7852b855
raw/pilot_final_20260731T163824Z/timing/baseline/measured_1/chr22_guide_20/command.txt	294	468a558e0f3fdd08d7debf0ad8923a76d1462c9c7f320e22e8005dbb2614aadf
raw/pilot_final_20260731T163824Z/timing/baseline/measured_1/chr22_guide_20/metrics.tsv	294	8f3ac6c7045f3322b2e38648a602c84e7a6757fd860f66d7843165cd4a261a2b
raw/pilot_final_20260731T163824Z/timing/baseline/measured_1/chr22_guide_20/output.paf	105	624a957aae98b6d231ae1011b4e64e108e7b8e8e44287e46c4862920d0454e11
raw/pilot_final_20260731T163824Z/timing/baseline/measured_1/chr22_guide_20/stderr.txt	0	e3b0c44298fc1c149afbf4c8996fb92427ae41e4649b934ca495991b7852b855
raw/pilot_final_20260731T163824Z/timing/baseline/measured_1/stdout.sha256.list	1600	49602f6eeaed2daff6b799c1c8cb97b5fae948728d16758bbafe1131d6c584a9
raw/pilot_final_20260731T163824Z/timing/baseline/measured_2/chr22_guide_01/command.txt	294	c4ddca4230168cb96406c58fc309ef53915dfc56c8f91bab7db2f5d600eadb61
raw/pilot_final_20260731T163824Z/timing/baseline/measured_2/chr22_guide_01/metrics.tsv	297	6e25a86a071a86fe35d0e94e69490e13a3c518b50124f8beaaeb5134f7925561
raw/pilot_final_20260731T163824Z/timing/baseline/measured_2/chr22_guide_01/output.paf	1642	b1fb9aa39cacb022055195ef7dba7343c8fc879f2dc35b1bb9e3a5c71e1e23e0
raw/pilot_final_20260731T163824Z/timing/baseline/measured_2/chr22_guide_01/stderr.txt	135	638bd673bf5fc22f3fc8fe75f5600789d2b5d3f971a550e9446c8845c8fb98e7
raw/pilot_final_20260731T163824Z/timing/baseline/measured_2/chr22_guide_02/command.txt	294	990c97030b662290e1a7bcbbd8a01b13fcf1e9e211333ac82e77265d1c0d586a
raw/pilot_final_20260731T163824Z/timing/baseline/measured_2/chr22_guide_02/metrics.tsv	298	ccfac9d08ea38f873c711da0d638239fb9cfc45cd87160725c1e368781a7428f
raw/pilot_final_20260731T163824Z/timing/baseline/measured_2/chr22_guide_02/output.paf	6656	1c8845363d90825b8ae340946833959933ab6ef5fb8cc51a58e5c318ecbda056
raw/pilot_final_20260731T163824Z/timing/baseline/measured_2/chr22_guide_02/stderr.txt	1125	b2b32f17633bad48f0d63dd8593879a3898a801f59345a837879f804a8b0a9ca
raw/pilot_final_20260731T163824Z/timing/baseline/measured_2/chr22_guide_03/command.txt	294	a53d6c4cc926c5b12c0bafdf8996ca88a6d2aa0f2edd009af0ded8d7457f93e1
raw/pilot_final_20260731T163824Z/timing/baseline/measured_2/chr22_guide_03/metrics.tsv	294	41afdb59f2426175a4ea7c07fc37631a934d4e1d0fe229657364df113bfdf9e5
raw/pilot_final_20260731T163824Z/timing/baseline/measured_2/chr22_guide_03/output.paf	103	d0e1f61006a51712a6e3a7a08a2d9ed9a2e486bf46c47b49e89668b53f2efe69
raw/pilot_final_20260731T163824Z/timing/baseline/measured_2/chr22_guide_03/stderr.txt	0	e3b0c44298fc1c149afbf4c8996fb92427ae41e4649b934ca495991b7852b855
raw/pilot_final_20260731T163824Z/timing/baseline/measured_2/chr22_guide_04/command.txt	294	7224fb43ee5448eed9c09401b0cfe7f69ed6562835a4a83b10d1eee2ef974587
raw/pilot_final_20260731T163824Z/timing/baseline/measured_2/chr22_guide_04/metrics.tsv	294	4d12f105fd3087d9957c605f9add47419d79d9355a895f2617a029dacb402782
raw/pilot_final_20260731T163824Z/timing/baseline/measured_2/chr22_guide_04/output.paf	210	a14c7617088d038a70adbf1f43853e09c8728d9eb8b692f6bebaeecda9d2bbf8
raw/pilot_final_20260731T163824Z/timing/baseline/measured_2/chr22_guide_04/stderr.txt	0	e3b0c44298fc1c149afbf4c8996fb92427ae41e4649b934ca495991b7852b855
raw/pilot_final_20260731T163824Z/timing/baseline/measured_2/chr22_guide_05/command.txt	294	63d6a7b11233a7ab538ffa794d65e01e0631cdd731ad38f8371bcb967e27f683
raw/pilot_final_20260731T163824Z/timing/baseline/measured_2/chr22_guide_05/metrics.tsv	299	391745042596e6aa2a4042ce69fbc4814c95e8a40fb468ed32cdfce408475bbc
raw/pilot_final_20260731T163824Z/timing/baseline/measured_2/chr22_guide_05/output.paf	15269	8066a5e39caf78bf0cac01aa1dc91a6d1211b5892fc5875490679eb24872a81f
raw/pilot_final_20260731T163824Z/timing/baseline/measured_2/chr22_guide_05/stderr.txt	3600	fba7e1444d1935a3ecae72a339d215d7e66c93737ae3105ef796647230a4c72b
raw/pilot_final_20260731T163824Z/timing/baseline/measured_2/chr22_guide_06/command.txt	294	08c1c652402d4ee24dbd48a6355edb06e1ad4c550877027a6f5e1cb5174e57c0
raw/pilot_final_20260731T163824Z/timing/baseline/measured_2/chr22_guide_06/metrics.tsv	295	21ee8f38080806ea07acf9bb3c43d6386f309b35d5e95115b7a43caa59a72b12
raw/pilot_final_20260731T163824Z/timing/baseline/measured_2/chr22_guide_06/output.paf	6200	9838a748f83250618473227cbc2b798e921118551a385e778337b49637186fe3
raw/pilot_final_20260731T163824Z/timing/baseline/measured_2/chr22_guide_06/stderr.txt	0	e3b0c44298fc1c149afbf4c8996fb92427ae41e4649b934ca495991b7852b855
raw/pilot_final_20260731T163824Z/timing/baseline/measured_2/chr22_guide_07/command.txt	294	5ddaed3d9b48f38be66cc73ef4c3afc99c493c2620945cc3479410a0e6d067bd
raw/pilot_final_20260731T163824Z/timing/baseline/measured_2/chr22_guide_07/metrics.tsv	294	b124063a1d515e467e303866eceaf93188b75ea393b80b8cf6e39a9c802fad85
raw/pilot_final_20260731T163824Z/timing/baseline/measured_2/chr22_guide_07/output.paf	105	0effc63d85fa97f691908ce0321ab857ae6f08fabd2480f35c83ff81e76c9f0e
raw/pilot_final_20260731T163824Z/timing/baseline/measured_2/chr22_guide_07/stderr.txt	0	e3b0c44298fc1c149afbf4c8996fb92427ae41e4649b934ca495991b7852b855
raw/pilot_final_20260731T163824Z/timing/baseline/measured_2/chr22_guide_08/command.txt	294	80a23b51b3e84bb31bae7ad637147e3fa61a8f18ce53f43c72038a7ceeed3315
raw/pilot_final_20260731T163824Z/timing/baseline/measured_2/chr22_guide_08/metrics.tsv	294	5e9ee9607a5f2410bc552cba17cdd09f4f7572cf25c2a843ff903b21dcbebfdc
raw/pilot_final_20260731T163824Z/timing/baseline/measured_2/chr22_guide_08/output.paf	105	029b4bae64ebbe3decac5715b992bb89ceb0731276cd7cd8566eaca4250537b4
raw/pilot_final_20260731T163824Z/timing/baseline/measured_2/chr22_guide_08/stderr.txt	0	e3b0c44298fc1c149afbf4c8996fb92427ae41e4649b934ca495991b7852b855
raw/pilot_final_20260731T163824Z/timing/baseline/measured_2/chr22_guide_09/command.txt	294	79b5fbd3d257c76d6eebd2f1236d853ba5079718a990efa440f7559ae6363efe
raw/pilot_final_20260731T163824Z/timing/baseline/measured_2/chr22_guide_09/metrics.tsv	295	eae746181baacc32c1c5b65925ebf4013bce704e46a0cae15f3c64d3b147664f
raw/pilot_final_20260731T163824Z/timing/baseline/measured_2/chr22_guide_09/output.paf	198	0750254d4598a1695dbaade1146e921cf6dab58c8fc5ab334e4e36f882246f3f
raw/pilot_final_20260731T163824Z/timing/baseline/measured_2/chr22_guide_09/stderr.txt	45	ecd997460eff8b19bac120208f47edd7be53e3371027aaa35d95fa07a5e79089
raw/pilot_final_20260731T163824Z/timing/baseline/measured_2/chr22_guide_10/command.txt	294	6d63528c93696e50dd61c6886e11222dafb75a07e913a10177318d640f392864
raw/pilot_final_20260731T163824Z/timing/baseline/measured_2/chr22_guide_10/metrics.tsv	294	57ede9a3199498afb5de31962235bd94e360b4aa75bc5e1ddad888e975bd8167
raw/pilot_final_20260731T163824Z/timing/baseline/measured_2/chr22_guide_10/output.paf	105	bc3b9f3f86cc8bbd34d0a114947da783ee284f28a9a17754f8b3028fd08951a9
raw/pilot_final_20260731T163824Z/timing/baseline/measured_2/chr22_guide_10/stderr.txt	0	e3b0c44298fc1c149afbf4c8996fb92427ae41e4649b934ca495991b7852b855
raw/pilot_final_20260731T163824Z/timing/baseline/measured_2/chr22_guide_11/command.txt	294	8f75a8a484b54c99355f10ad0b3c21abf9131eea3ee68adaf5157d2468cede03
raw/pilot_final_20260731T163824Z/timing/baseline/measured_2/chr22_guide_11/metrics.tsv	294	c4a7e7ba95ea998ca125973f9f0cb2036402b5a0ecf2324ee830c17b597cfb76
raw/pilot_final_20260731T163824Z/timing/baseline/measured_2/chr22_guide_11/output.paf	105	7f92fd7dddc708c2b3ec905f92a74e766b81d6ff9eaf13b4dc9c11ff5e96767a
raw/pilot_final_20260731T163824Z/timing/baseline/measured_2/chr22_guide_11/stderr.txt	0	e3b0c44298fc1c149afbf4c8996fb92427ae41e4649b934ca495991b7852b855
raw/pilot_final_20260731T163824Z/timing/baseline/measured_2/chr22_guide_12/command.txt	294	42e978afa0c20f3f75c3438381894c1d3e831b6024e1178f8413c64b3a1fa7bf
raw/pilot_final_20260731T163824Z/timing/baseline/measured_2/chr22_guide_12/metrics.tsv	294	1788bb5e858c3ccad3dd62b465f01d2c92a950b5e083665244657c751663798b
raw/pilot_final_20260731T163824Z/timing/baseline/measured_2/chr22_guide_12/output.paf	105	b7517a16df61180265ec10a20cb33a003c3ea568992073591f20e96d81391119
raw/pilot_final_20260731T163824Z/timing/baseline/measured_2/chr22_guide_12/stderr.txt	0	e3b0c44298fc1c149afbf4c8996fb92427ae41e4649b934ca495991b7852b855
raw/pilot_final_20260731T163824Z/timing/baseline/measured_2/chr22_guide_13/command.txt	294	70887f056f4e6c9a7fb8d55aebf6260ff2cacc2988834221b289083a7d8ecd39
raw/pilot_final_20260731T163824Z/timing/baseline/measured_2/chr22_guide_13/metrics.tsv	294	a39c311cc713bbe537c0f8185c9c7b3daf1babf92d7564aff89d440d7edcdcc1
raw/pilot_final_20260731T163824Z/timing/baseline/measured_2/chr22_guide_13/output.paf	105	c4ca7ddc636638d7005d3e187756ba84185296e1c2585b41d0a7a856e2606213
raw/pilot_final_20260731T163824Z/timing/baseline/measured_2/chr22_guide_13/stderr.txt	0	e3b0c44298fc1c149afbf4c8996fb92427ae41e4649b934ca495991b7852b855
raw/pilot_final_20260731T163824Z/timing/baseline/measured_2/chr22_guide_14/command.txt	294	5c3b93b11b8e6a74bde0ca874a8c3513b022608ec72102e19b764eda2894281c
raw/pilot_final_20260731T163824Z/timing/baseline/measured_2/chr22_guide_14/metrics.tsv	294	57c4ecce659ec8950ccbfb1411b5c55ba19640a5c3f1f9fdc113e2d6b2858e88
raw/pilot_final_20260731T163824Z/timing/baseline/measured_2/chr22_guide_14/output.paf	214	d39c5b6762aa09453e14f55e106ab300ceb4955ee3d73b381937cbf2220ed042
raw/pilot_final_20260731T163824Z/timing/baseline/measured_2/chr22_guide_14/stderr.txt	0	e3b0c44298fc1c149afbf4c8996fb92427ae41e4649b934ca495991b7852b855
raw/pilot_final_20260731T163824Z/timing/baseline/measured_2/chr22_guide_15/command.txt	294	8ddf9d7e2608669e5fd6a1fd8c1335579a510d4d382c7cbc9d99592881f85fae
raw/pilot_final_20260731T163824Z/timing/baseline/measured_2/chr22_guide_15/metrics.tsv	294	d57c58b7092e3154baff554c3a96ae9c6fec1f57f8bee83504e214f25fd90c46
raw/pilot_final_20260731T163824Z/timing/baseline/measured_2/chr22_guide_15/output.paf	105	850390cf00e784716c531f5e64380876ff07596af289e7ba34bc096bff075ecc
raw/pilot_final_20260731T163824Z/timing/baseline/measured_2/chr22_guide_15/stderr.txt	0	e3b0c44298fc1c149afbf4c8996fb92427ae41e4649b934ca495991b7852b855
raw/pilot_final_20260731T163824Z/timing/baseline/measured_2/chr22_guide_16/command.txt	294	faa9aba2aac1781a334c68e83706090c78953cbac5ad46232eef3388cea4039c
raw/pilot_final_20260731T163824Z/timing/baseline/measured_2/chr22_guide_16/metrics.tsv	294	ff6e55330c891319e597ff478ed42a9da000c24e08c9a22d38155d8cd8165606
raw/pilot_final_20260731T163824Z/timing/baseline/measured_2/chr22_guide_16/output.paf	105	b32f95b3659bdf5efde0a545c93605a84811e1f51637e98948f88b66e0c918a9
raw/pilot_final_20260731T163824Z/timing/baseline/measured_2/chr22_guide_16/stderr.txt	0	e3b0c44298fc1c149afbf4c8996fb92427ae41e4649b934ca495991b7852b855
raw/pilot_final_20260731T163824Z/timing/baseline/measured_2/chr22_guide_17/command.txt	294	3416ca0a99f0208ab1ce747521d78a2ac75be8410b274f3d6925da2201613f82
raw/pilot_final_20260731T163824Z/timing/baseline/measured_2/chr22_guide_17/metrics.tsv	294	c690f7382dbeaa14d01e87a0ef1e8ccfe74e073210feb6dd5584f25f92272886
raw/pilot_final_20260731T163824Z/timing/baseline/measured_2/chr22_guide_17/output.paf	105	1da030b92202db00fdf4fa746fa0de1c56a74c6415d7abf8e6e634730c0990ca
raw/pilot_final_20260731T163824Z/timing/baseline/measured_2/chr22_guide_17/stderr.txt	0	e3b0c44298fc1c149afbf4c8996fb92427ae41e4649b934ca495991b7852b855
raw/pilot_final_20260731T163824Z/timing/baseline/measured_2/chr22_guide_18/command.txt	294	f2a3f6a07ebd08e30cb34865d37ac2ff7605d082f83307f44be0f061bf9cf833
raw/pilot_final_20260731T163824Z/timing/baseline/measured_2/chr22_guide_18/metrics.tsv	294	7731c9b74ddc625316dd8a2c920a05af4db735a1fdd496299f1c199662fc6fd7
raw/pilot_final_20260731T163824Z/timing/baseline/measured_2/chr22_guide_18/output.paf	105	7b9ea615f9aa7e046adebd0e63adf8ebdc63c09e2a683a13ae5b9e9457fd8152
raw/pilot_final_20260731T163824Z/timing/baseline/measured_2/chr22_guide_18/stderr.txt	0	e3b0c44298fc1c149afbf4c8996fb92427ae41e4649b934ca495991b7852b855
raw/pilot_final_20260731T163824Z/timing/baseline/measured_2/chr22_guide_19/command.txt	294	8318cf790daebe2ae59d609333c635a134954b1e3cd87ef8c72f433e45110b40
raw/pilot_final_20260731T163824Z/timing/baseline/measured_2/chr22_guide_19/metrics.tsv	294	62cda53819462d386ef5f428cd517f0831a455ce4cca4bcc797f7a29920a4206
raw/pilot_final_20260731T163824Z/timing/baseline/measured_2/chr22_guide_19/output.paf	105	7c248ba9765e06499bdbdd56fa063150392f57bbcf49d7273e7a34148cb2a14e
raw/pilot_final_20260731T163824Z/timing/baseline/measured_2/chr22_guide_19/stderr.txt	0	e3b0c44298fc1c149afbf4c8996fb92427ae41e4649b934ca495991b7852b855
raw/pilot_final_20260731T163824Z/timing/baseline/measured_2/chr22_guide_20/command.txt	294	468a558e0f3fdd08d7debf0ad8923a76d1462c9c7f320e22e8005dbb2614aadf
raw/pilot_final_20260731T163824Z/timing/baseline/measured_2/chr22_guide_20/metrics.tsv	294	0fec939c63b949cf78d4acdd309c17ac3cf1fb729660b30eda95fe0295cf5f5a
raw/pilot_final_20260731T163824Z/timing/baseline/measured_2/chr22_guide_20/output.paf	105	624a957aae98b6d231ae1011b4e64e108e7b8e8e44287e46c4862920d0454e11
raw/pilot_final_20260731T163824Z/timing/baseline/measured_2/chr22_guide_20/stderr.txt	0	e3b0c44298fc1c149afbf4c8996fb92427ae41e4649b934ca495991b7852b855
raw/pilot_final_20260731T163824Z/timing/baseline/measured_2/stdout.sha256.list	1600	49602f6eeaed2daff6b799c1c8cb97b5fae948728d16758bbafe1131d6c584a9
raw/pilot_final_20260731T163824Z/timing/baseline/measured_3/chr22_guide_01/command.txt	294	c4ddca4230168cb96406c58fc309ef53915dfc56c8f91bab7db2f5d600eadb61
raw/pilot_final_20260731T163824Z/timing/baseline/measured_3/chr22_guide_01/metrics.tsv	297	0bab6e7387f6a31f64c361e5a0a9a85514664720a0245dd0fe7188a20009fcd1
raw/pilot_final_20260731T163824Z/timing/baseline/measured_3/chr22_guide_01/output.paf	1642	b1fb9aa39cacb022055195ef7dba7343c8fc879f2dc35b1bb9e3a5c71e1e23e0
raw/pilot_final_20260731T163824Z/timing/baseline/measured_3/chr22_guide_01/stderr.txt	135	638bd673bf5fc22f3fc8fe75f5600789d2b5d3f971a550e9446c8845c8fb98e7
raw/pilot_final_20260731T163824Z/timing/baseline/measured_3/chr22_guide_02/command.txt	294	990c97030b662290e1a7bcbbd8a01b13fcf1e9e211333ac82e77265d1c0d586a
raw/pilot_final_20260731T163824Z/timing/baseline/measured_3/chr22_guide_02/metrics.tsv	298	4e5cc97af9c302fbe1286e71a62923f414e290aa60651550e9ab1a04252df120
raw/pilot_final_20260731T163824Z/timing/baseline/measured_3/chr22_guide_02/output.paf	6656	1c8845363d90825b8ae340946833959933ab6ef5fb8cc51a58e5c318ecbda056
raw/pilot_final_20260731T163824Z/timing/baseline/measured_3/chr22_guide_02/stderr.txt	1125	b2b32f17633bad48f0d63dd8593879a3898a801f59345a837879f804a8b0a9ca
raw/pilot_final_20260731T163824Z/timing/baseline/measured_3/chr22_guide_03/command.txt	294	a53d6c4cc926c5b12c0bafdf8996ca88a6d2aa0f2edd009af0ded8d7457f93e1
raw/pilot_final_20260731T163824Z/timing/baseline/measured_3/chr22_guide_03/metrics.tsv	294	5af74775ebb2e7898eed2381fdbc787cc0532aabd31acc06f4872b0b4d599d02
raw/pilot_final_20260731T163824Z/timing/baseline/measured_3/chr22_guide_03/output.paf	103	d0e1f61006a51712a6e3a7a08a2d9ed9a2e486bf46c47b49e89668b53f2efe69
raw/pilot_final_20260731T163824Z/timing/baseline/measured_3/chr22_guide_03/stderr.txt	0	e3b0c44298fc1c149afbf4c8996fb92427ae41e4649b934ca495991b7852b855
raw/pilot_final_20260731T163824Z/timing/baseline/measured_3/chr22_guide_04/command.txt	294	7224fb43ee5448eed9c09401b0cfe7f69ed6562835a4a83b10d1eee2ef974587
raw/pilot_final_20260731T163824Z/timing/baseline/measured_3/chr22_guide_04/metrics.tsv	294	32a72f14f3bdc323a1f59df08ee188577ae5f38aaf96e08689760f8eba118f9c
raw/pilot_final_20260731T163824Z/timing/baseline/measured_3/chr22_guide_04/output.paf	210	a14c7617088d038a70adbf1f43853e09c8728d9eb8b692f6bebaeecda9d2bbf8
raw/pilot_final_20260731T163824Z/timing/baseline/measured_3/chr22_guide_04/stderr.txt	0	e3b0c44298fc1c149afbf4c8996fb92427ae41e4649b934ca495991b7852b855
raw/pilot_final_20260731T163824Z/timing/baseline/measured_3/chr22_guide_05/command.txt	294	63d6a7b11233a7ab538ffa794d65e01e0631cdd731ad38f8371bcb967e27f683
raw/pilot_final_20260731T163824Z/timing/baseline/measured_3/chr22_guide_05/metrics.tsv	299	709e62fb2d4bee3cd21bc1f9cc5471f258db99c2dc431b345685c1bc9a552951
raw/pilot_final_20260731T163824Z/timing/baseline/measured_3/chr22_guide_05/output.paf	15269	8066a5e39caf78bf0cac01aa1dc91a6d1211b5892fc5875490679eb24872a81f
raw/pilot_final_20260731T163824Z/timing/baseline/measured_3/chr22_guide_05/stderr.txt	3600	fba7e1444d1935a3ecae72a339d215d7e66c93737ae3105ef796647230a4c72b
raw/pilot_final_20260731T163824Z/timing/baseline/measured_3/chr22_guide_06/command.txt	294	08c1c652402d4ee24dbd48a6355edb06e1ad4c550877027a6f5e1cb5174e57c0
raw/pilot_final_20260731T163824Z/timing/baseline/measured_3/chr22_guide_06/metrics.tsv	295	f8bc0ff05b1acaf91f4a0aba2621d6efd039ee97b8cbd9d43e83b5353af10582
raw/pilot_final_20260731T163824Z/timing/baseline/measured_3/chr22_guide_06/output.paf	6200	9838a748f83250618473227cbc2b798e921118551a385e778337b49637186fe3
raw/pilot_final_20260731T163824Z/timing/baseline/measured_3/chr22_guide_06/stderr.txt	0	e3b0c44298fc1c149afbf4c8996fb92427ae41e4649b934ca495991b7852b855
raw/pilot_final_20260731T163824Z/timing/baseline/measured_3/chr22_guide_07/command.txt	294	5ddaed3d9b48f38be66cc73ef4c3afc99c493c2620945cc3479410a0e6d067bd
raw/pilot_final_20260731T163824Z/timing/baseline/measured_3/chr22_guide_07/metrics.tsv	294	40781312791b15a31c190e116db32d266e621e337ac550f3ab50cb1a45fbfb72
raw/pilot_final_20260731T163824Z/timing/baseline/measured_3/chr22_guide_07/output.paf	105	0effc63d85fa97f691908ce0321ab857ae6f08fabd2480f35c83ff81e76c9f0e
raw/pilot_final_20260731T163824Z/timing/baseline/measured_3/chr22_guide_07/stderr.txt	0	e3b0c44298fc1c149afbf4c8996fb92427ae41e4649b934ca495991b7852b855
raw/pilot_final_20260731T163824Z/timing/baseline/measured_3/chr22_guide_08/command.txt	294	80a23b51b3e84bb31bae7ad637147e3fa61a8f18ce53f43c72038a7ceeed3315
raw/pilot_final_20260731T163824Z/timing/baseline/measured_3/chr22_guide_08/metrics.tsv	294	708c2e4041eef1523db943eac73f1bd48e111684fa4716a7070abde19dfa1284
raw/pilot_final_20260731T163824Z/timing/baseline/measured_3/chr22_guide_08/output.paf	105	029b4bae64ebbe3decac5715b992bb89ceb0731276cd7cd8566eaca4250537b4
raw/pilot_final_20260731T163824Z/timing/baseline/measured_3/chr22_guide_08/stderr.txt	0	e3b0c44298fc1c149afbf4c8996fb92427ae41e4649b934ca495991b7852b855
raw/pilot_final_20260731T163824Z/timing/baseline/measured_3/chr22_guide_09/command.txt	294	79b5fbd3d257c76d6eebd2f1236d853ba5079718a990efa440f7559ae6363efe
raw/pilot_final_20260731T163824Z/timing/baseline/measured_3/chr22_guide_09/metrics.tsv	295	e2ee9fc264048e52a53e9ef94479f73b846e400e73cbe8d616afab4a6490b299
raw/pilot_final_20260731T163824Z/timing/baseline/measured_3/chr22_guide_09/output.paf	198	0750254d4598a1695dbaade1146e921cf6dab58c8fc5ab334e4e36f882246f3f
raw/pilot_final_20260731T163824Z/timing/baseline/measured_3/chr22_guide_09/stderr.txt	45	ecd997460eff8b19bac120208f47edd7be53e3371027aaa35d95fa07a5e79089
raw/pilot_final_20260731T163824Z/timing/baseline/measured_3/chr22_guide_10/command.txt	294	6d63528c93696e50dd61c6886e11222dafb75a07e913a10177318d640f392864
raw/pilot_final_20260731T163824Z/timing/baseline/measured_3/chr22_guide_10/metrics.tsv	294	f9c551c7d22b536d3726773c2dac7c428353361220860c9c32954d104804911f
raw/pilot_final_20260731T163824Z/timing/baseline/measured_3/chr22_guide_10/output.paf	105	bc3b9f3f86cc8bbd34d0a114947da783ee284f28a9a17754f8b3028fd08951a9
raw/pilot_final_20260731T163824Z/timing/baseline/measured_3/chr22_guide_10/stderr.txt	0	e3b0c44298fc1c149afbf4c8996fb92427ae41e4649b934ca495991b7852b855
raw/pilot_final_20260731T163824Z/timing/baseline/measured_3/chr22_guide_11/command.txt	294	8f75a8a484b54c99355f10ad0b3c21abf9131eea3ee68adaf5157d2468cede03
raw/pilot_final_20260731T163824Z/timing/baseline/measured_3/chr22_guide_11/metrics.tsv	294	f22702bb06f9126b92ac3b2f5f5a33fc2d07cadd6eaa64493bbb86cf511f03ac
raw/pilot_final_20260731T163824Z/timing/baseline/measured_3/chr22_guide_11/output.paf	105	7f92fd7dddc708c2b3ec905f92a74e766b81d6ff9eaf13b4dc9c11ff5e96767a
raw/pilot_final_20260731T163824Z/timing/baseline/measured_3/chr22_guide_11/stderr.txt	0	e3b0c44298fc1c149afbf4c8996fb92427ae41e4649b934ca495991b7852b855
raw/pilot_final_20260731T163824Z/timing/baseline/measured_3/chr22_guide_12/command.txt	294	42e978afa0c20f3f75c3438381894c1d3e831b6024e1178f8413c64b3a1fa7bf
raw/pilot_final_20260731T163824Z/timing/baseline/measured_3/chr22_guide_12/metrics.tsv	294	8b63f674448e6ad3c842e90454c05d3273f10bdb8f6b0f3fcd004df9e56c690c
raw/pilot_final_20260731T163824Z/timing/baseline/measured_3/chr22_guide_12/output.paf	105	b7517a16df61180265ec10a20cb33a003c3ea568992073591f20e96d81391119
raw/pilot_final_20260731T163824Z/timing/baseline/measured_3/chr22_guide_12/stderr.txt	0	e3b0c44298fc1c149afbf4c8996fb92427ae41e4649b934ca495991b7852b855
raw/pilot_final_20260731T163824Z/timing/baseline/measured_3/chr22_guide_13/command.txt	294	70887f056f4e6c9a7fb8d55aebf6260ff2cacc2988834221b289083a7d8ecd39
raw/pilot_final_20260731T163824Z/timing/baseline/measured_3/chr22_guide_13/metrics.tsv	294	1d87116024cee4665b9211083fb2511d3941137bb96c8a5e45e52862a61c1652
raw/pilot_final_20260731T163824Z/timing/baseline/measured_3/chr22_guide_13/output.paf	105	c4ca7ddc636638d7005d3e187756ba84185296e1c2585b41d0a7a856e2606213
raw/pilot_final_20260731T163824Z/timing/baseline/measured_3/chr22_guide_13/stderr.txt	0	e3b0c44298fc1c149afbf4c8996fb92427ae41e4649b934ca495991b7852b855
raw/pilot_final_20260731T163824Z/timing/baseline/measured_3/chr22_guide_14/command.txt	294	5c3b93b11b8e6a74bde0ca874a8c3513b022608ec72102e19b764eda2894281c
raw/pilot_final_20260731T163824Z/timing/baseline/measured_3/chr22_guide_14/metrics.tsv	294	e884d93937e86f36a6268d7640429cd153136fdcf6ce57400ab52ce19c12f221
raw/pilot_final_20260731T163824Z/timing/baseline/measured_3/chr22_guide_14/output.paf	214	d39c5b6762aa09453e14f55e106ab300ceb4955ee3d73b381937cbf2220ed042
raw/pilot_final_20260731T163824Z/timing/baseline/measured_3/chr22_guide_14/stderr.txt	0	e3b0c44298fc1c149afbf4c8996fb92427ae41e4649b934ca495991b7852b855
raw/pilot_final_20260731T163824Z/timing/baseline/measured_3/chr22_guide_15/command.txt	294	8ddf9d7e2608669e5fd6a1fd8c1335579a510d4d382c7cbc9d99592881f85fae
raw/pilot_final_20260731T163824Z/timing/baseline/measured_3/chr22_guide_15/metrics.tsv	294	713c912839ddb43b89f02176b63cd3b30dc4d7c8a4d882ee9a3afc327cbd7385
raw/pilot_final_20260731T163824Z/timing/baseline/measured_3/chr22_guide_15/output.paf	105	850390cf00e784716c531f5e64380876ff07596af289e7ba34bc096bff075ecc
raw/pilot_final_20260731T163824Z/timing/baseline/measured_3/chr22_guide_15/stderr.txt	0	e3b0c44298fc1c149afbf4c8996fb92427ae41e4649b934ca495991b7852b855
raw/pilot_final_20260731T163824Z/timing/baseline/measured_3/chr22_guide_16/command.txt	294	faa9aba2aac1781a334c68e83706090c78953cbac5ad46232eef3388cea4039c
raw/pilot_final_20260731T163824Z/timing/baseline/measured_3/chr22_guide_16/metrics.tsv	294	3593c880d3fed0a31b7bee55abbcf8f2cecf2a2157007ef32fd1ea1ff64d8a53
raw/pilot_final_20260731T163824Z/timing/baseline/measured_3/chr22_guide_16/output.paf	105	b32f95b3659bdf5efde0a545c93605a84811e1f51637e98948f88b66e0c918a9
raw/pilot_final_20260731T163824Z/timing/baseline/measured_3/chr22_guide_16/stderr.txt	0	e3b0c44298fc1c149afbf4c8996fb92427ae41e4649b934ca495991b7852b855
raw/pilot_final_20260731T163824Z/timing/baseline/measured_3/chr22_guide_17/command.txt	294	3416ca0a99f0208ab1ce747521d78a2ac75be8410b274f3d6925da2201613f82
raw/pilot_final_20260731T163824Z/timing/baseline/measured_3/chr22_guide_17/metrics.tsv	294	8018a44e0a25bc34959eb5013ea27b0c3961370cfa58a7c49a0ccbcfa388dd90
raw/pilot_final_20260731T163824Z/timing/baseline/measured_3/chr22_guide_17/output.paf	105	1da030b92202db00fdf4fa746fa0de1c56a74c6415d7abf8e6e634730c0990ca
raw/pilot_final_20260731T163824Z/timing/baseline/measured_3/chr22_guide_17/stderr.txt	0	e3b0c44298fc1c149afbf4c8996fb92427ae41e4649b934ca495991b7852b855
raw/pilot_final_20260731T163824Z/timing/baseline/measured_3/chr22_guide_18/command.txt	294	f2a3f6a07ebd08e30cb34865d37ac2ff7605d082f83307f44be0f061bf9cf833
raw/pilot_final_20260731T163824Z/timing/baseline/measured_3/chr22_guide_18/metrics.tsv	294	74451a22e27aaeed3c687a34a86fe03734f3bcfcae93691fc971a00c2a37306d
raw/pilot_final_20260731T163824Z/timing/baseline/measured_3/chr22_guide_18/output.paf	105	7b9ea615f9aa7e046adebd0e63adf8ebdc63c09e2a683a13ae5b9e9457fd8152
raw/pilot_final_20260731T163824Z/timing/baseline/measured_3/chr22_guide_18/stderr.txt	0	e3b0c44298fc1c149afbf4c8996fb92427ae41e4649b934ca495991b7852b855
raw/pilot_final_20260731T163824Z/timing/baseline/measured_3/chr22_guide_19/command.txt	294	8318cf790daebe2ae59d609333c635a134954b1e3cd87ef8c72f433e45110b40
raw/pilot_final_20260731T163824Z/timing/baseline/measured_3/chr22_guide_19/metrics.tsv	294	790231b478c1811c8b11a5f3c39debf9555662c2f0c9d650ef0e6f903e0ac61e
raw/pilot_final_20260731T163824Z/timing/baseline/measured_3/chr22_guide_19/output.paf	105	7c248ba9765e06499bdbdd56fa063150392f57bbcf49d7273e7a34148cb2a14e
raw/pilot_final_20260731T163824Z/timing/baseline/measured_3/chr22_guide_19/stderr.txt	0	e3b0c44298fc1c149afbf4c8996fb92427ae41e4649b934ca495991b7852b855
raw/pilot_final_20260731T163824Z/timing/baseline/measured_3/chr22_guide_20/command.txt	294	468a558e0f3fdd08d7debf0ad8923a76d1462c9c7f320e22e8005dbb2614aadf
raw/pilot_final_20260731T163824Z/timing/baseline/measured_3/chr22_guide_20/metrics.tsv	294	7d2284263adfac2de7f3d785cce7a19848d2a3ae2d9739e9eed83f003b1328b5
raw/pilot_final_20260731T163824Z/timing/baseline/measured_3/chr22_guide_20/output.paf	105	624a957aae98b6d231ae1011b4e64e108e7b8e8e44287e46c4862920d0454e11
raw/pilot_final_20260731T163824Z/timing/baseline/measured_3/chr22_guide_20/stderr.txt	0	e3b0c44298fc1c149afbf4c8996fb92427ae41e4649b934ca495991b7852b855
raw/pilot_final_20260731T163824Z/timing/baseline/measured_3/stdout.sha256.list	1600	49602f6eeaed2daff6b799c1c8cb97b5fae948728d16758bbafe1131d6c584a9
raw/pilot_final_20260731T163824Z/timing/baseline/warmup/chr22_guide_01/command.txt	294	c4ddca4230168cb96406c58fc309ef53915dfc56c8f91bab7db2f5d600eadb61
raw/pilot_final_20260731T163824Z/timing/baseline/warmup/chr22_guide_01/metrics.tsv	297	1d361e6edbb9f1372d429a834e34006866122aa3e168914344773cf8c703c7e2
raw/pilot_final_20260731T163824Z/timing/baseline/warmup/chr22_guide_01/output.paf	1642	b1fb9aa39cacb022055195ef7dba7343c8fc879f2dc35b1bb9e3a5c71e1e23e0
raw/pilot_final_20260731T163824Z/timing/baseline/warmup/chr22_guide_01/stderr.txt	135	638bd673bf5fc22f3fc8fe75f5600789d2b5d3f971a550e9446c8845c8fb98e7
raw/pilot_final_20260731T163824Z/timing/baseline/warmup/chr22_guide_02/command.txt	294	990c97030b662290e1a7bcbbd8a01b13fcf1e9e211333ac82e77265d1c0d586a
raw/pilot_final_20260731T163824Z/timing/baseline/warmup/chr22_guide_02/metrics.tsv	298	35b696dd46f27e5fcdad5e14dfd75e581ae920ddb5d40f8360219390522767cd
raw/pilot_final_20260731T163824Z/timing/baseline/warmup/chr22_guide_02/output.paf	6656	1c8845363d90825b8ae340946833959933ab6ef5fb8cc51a58e5c318ecbda056
raw/pilot_final_20260731T163824Z/timing/baseline/warmup/chr22_guide_02/stderr.txt	1125	b2b32f17633bad48f0d63dd8593879a3898a801f59345a837879f804a8b0a9ca
raw/pilot_final_20260731T163824Z/timing/baseline/warmup/chr22_guide_03/command.txt	294	a53d6c4cc926c5b12c0bafdf8996ca88a6d2aa0f2edd009af0ded8d7457f93e1
raw/pilot_final_20260731T163824Z/timing/baseline/warmup/chr22_guide_03/metrics.tsv	294	53df9bd9441471bc703ac351cd464fe47618e93e2e39949e945d04607e2868e9
raw/pilot_final_20260731T163824Z/timing/baseline/warmup/chr22_guide_03/output.paf	103	d0e1f61006a51712a6e3a7a08a2d9ed9a2e486bf46c47b49e89668b53f2efe69
raw/pilot_final_20260731T163824Z/timing/baseline/warmup/chr22_guide_03/stderr.txt	0	e3b0c44298fc1c149afbf4c8996fb92427ae41e4649b934ca495991b7852b855
raw/pilot_final_20260731T163824Z/timing/baseline/warmup/chr22_guide_04/command.txt	294	7224fb43ee5448eed9c09401b0cfe7f69ed6562835a4a83b10d1eee2ef974587
raw/pilot_final_20260731T163824Z/timing/baseline/warmup/chr22_guide_04/metrics.tsv	294	fc8d66ed88461ab44f57765af4a1b479e8389ed1a7757aae422f21605515a88f
raw/pilot_final_20260731T163824Z/timing/baseline/warmup/chr22_guide_04/output.paf	210	a14c7617088d038a70adbf1f43853e09c8728d9eb8b692f6bebaeecda9d2bbf8
raw/pilot_final_20260731T163824Z/timing/baseline/warmup/chr22_guide_04/stderr.txt	0	e3b0c44298fc1c149afbf4c8996fb92427ae41e4649b934ca495991b7852b855
raw/pilot_final_20260731T163824Z/timing/baseline/warmup/chr22_guide_05/command.txt	294	63d6a7b11233a7ab538ffa794d65e01e0631cdd731ad38f8371bcb967e27f683
raw/pilot_final_20260731T163824Z/timing/baseline/warmup/chr22_guide_05/metrics.tsv	299	a634d4b1f3f4135a5a667542c8c0a58fdb75c0098a4c9ff16368a13fbc767030
raw/pilot_final_20260731T163824Z/timing/baseline/warmup/chr22_guide_05/output.paf	15269	8066a5e39caf78bf0cac01aa1dc91a6d1211b5892fc5875490679eb24872a81f
raw/pilot_final_20260731T163824Z/timing/baseline/warmup/chr22_guide_05/stderr.txt	3600	fba7e1444d1935a3ecae72a339d215d7e66c93737ae3105ef796647230a4c72b
raw/pilot_final_20260731T163824Z/timing/baseline/warmup/chr22_guide_06/command.txt	294	08c1c652402d4ee24dbd48a6355edb06e1ad4c550877027a6f5e1cb5174e57c0
raw/pilot_final_20260731T163824Z/timing/baseline/warmup/chr22_guide_06/metrics.tsv	295	ff3939ada79e6c10c5c6ceb4d1a18597fc666f156571f29c674e00980606b4f3
raw/pilot_final_20260731T163824Z/timing/baseline/warmup/chr22_guide_06/output.paf	6200	9838a748f83250618473227cbc2b798e921118551a385e778337b49637186fe3
raw/pilot_final_20260731T163824Z/timing/baseline/warmup/chr22_guide_06/stderr.txt	0	e3b0c44298fc1c149afbf4c8996fb92427ae41e4649b934ca495991b7852b855
raw/pilot_final_20260731T163824Z/timing/baseline/warmup/chr22_guide_07/command.txt	294	5ddaed3d9b48f38be66cc73ef4c3afc99c493c2620945cc3479410a0e6d067bd
raw/pilot_final_20260731T163824Z/timing/baseline/warmup/chr22_guide_07/metrics.tsv	294	2ae0ef2cb2c052850bb2ab708d168d148eb7bb08b3cca1611342016ed4033411
raw/pilot_final_20260731T163824Z/timing/baseline/warmup/chr22_guide_07/output.paf	105	0effc63d85fa97f691908ce0321ab857ae6f08fabd2480f35c83ff81e76c9f0e
raw/pilot_final_20260731T163824Z/timing/baseline/warmup/chr22_guide_07/stderr.txt	0	e3b0c44298fc1c149afbf4c8996fb92427ae41e4649b934ca495991b7852b855
raw/pilot_final_20260731T163824Z/timing/baseline/warmup/chr22_guide_08/command.txt	294	80a23b51b3e84bb31bae7ad637147e3fa61a8f18ce53f43c72038a7ceeed3315
raw/pilot_final_20260731T163824Z/timing/baseline/warmup/chr22_guide_08/metrics.tsv	294	c548a468476a4fc4f64a685e9ecc7eb6f2e49114cc6bcb0d67b11b8c5b0a3e5a
raw/pilot_final_20260731T163824Z/timing/baseline/warmup/chr22_guide_08/output.paf	105	029b4bae64ebbe3decac5715b992bb89ceb0731276cd7cd8566eaca4250537b4
raw/pilot_final_20260731T163824Z/timing/baseline/warmup/chr22_guide_08/stderr.txt	0	e3b0c44298fc1c149afbf4c8996fb92427ae41e4649b934ca495991b7852b855
raw/pilot_final_20260731T163824Z/timing/baseline/warmup/chr22_guide_09/command.txt	294	79b5fbd3d257c76d6eebd2f1236d853ba5079718a990efa440f7559ae6363efe
raw/pilot_final_20260731T163824Z/timing/baseline/warmup/chr22_guide_09/metrics.tsv	295	e572132a40a08885f1b52d54704aca2edbae600c8a1175656085aa912eb3e380
raw/pilot_final_20260731T163824Z/timing/baseline/warmup/chr22_guide_09/output.paf	198	0750254d4598a1695dbaade1146e921cf6dab58c8fc5ab334e4e36f882246f3f
raw/pilot_final_20260731T163824Z/timing/baseline/warmup/chr22_guide_09/stderr.txt	45	ecd997460eff8b19bac120208f47edd7be53e3371027aaa35d95fa07a5e79089
raw/pilot_final_20260731T163824Z/timing/baseline/warmup/chr22_guide_10/command.txt	294	6d63528c93696e50dd61c6886e11222dafb75a07e913a10177318d640f392864
raw/pilot_final_20260731T163824Z/timing/baseline/warmup/chr22_guide_10/metrics.tsv	294	0a917cfde3fa314fc8caf483e33d042e421f9963acddb61fec4b1cbca2a44f25
raw/pilot_final_20260731T163824Z/timing/baseline/warmup/chr22_guide_10/output.paf	105	bc3b9f3f86cc8bbd34d0a114947da783ee284f28a9a17754f8b3028fd08951a9
raw/pilot_final_20260731T163824Z/timing/baseline/warmup/chr22_guide_10/stderr.txt	0	e3b0c44298fc1c149afbf4c8996fb92427ae41e4649b934ca495991b7852b855
raw/pilot_final_20260731T163824Z/timing/baseline/warmup/chr22_guide_11/command.txt	294	8f75a8a484b54c99355f10ad0b3c21abf9131eea3ee68adaf5157d2468cede03
raw/pilot_final_20260731T163824Z/timing/baseline/warmup/chr22_guide_11/metrics.tsv	294	8376e6292264bfc61cff91a2192b19bdad02c735b9f88f9577516dfccf51bc8b
raw/pilot_final_20260731T163824Z/timing/baseline/warmup/chr22_guide_11/output.paf	105	7f92fd7dddc708c2b3ec905f92a74e766b81d6ff9eaf13b4dc9c11ff5e96767a
raw/pilot_final_20260731T163824Z/timing/baseline/warmup/chr22_guide_11/stderr.txt	0	e3b0c44298fc1c149afbf4c8996fb92427ae41e4649b934ca495991b7852b855
raw/pilot_final_20260731T163824Z/timing/baseline/warmup/chr22_guide_12/command.txt	294	42e978afa0c20f3f75c3438381894c1d3e831b6024e1178f8413c64b3a1fa7bf
raw/pilot_final_20260731T163824Z/timing/baseline/warmup/chr22_guide_12/metrics.tsv	294	90b46e7d05d89da71f16a411a9603247ac8be93bf259de214136078df13a6d71
raw/pilot_final_20260731T163824Z/timing/baseline/warmup/chr22_guide_12/output.paf	105	b7517a16df61180265ec10a20cb33a003c3ea568992073591f20e96d81391119
raw/pilot_final_20260731T163824Z/timing/baseline/warmup/chr22_guide_12/stderr.txt	0	e3b0c44298fc1c149afbf4c8996fb92427ae41e4649b934ca495991b7852b855
raw/pilot_final_20260731T163824Z/timing/baseline/warmup/chr22_guide_13/command.txt	294	70887f056f4e6c9a7fb8d55aebf6260ff2cacc2988834221b289083a7d8ecd39
raw/pilot_final_20260731T163824Z/timing/baseline/warmup/chr22_guide_13/metrics.tsv	294	800b70ebb437dd3228d4e7026274fc6d139ebaea5cf306ac045be2cad1f53ba3
raw/pilot_final_20260731T163824Z/timing/baseline/warmup/chr22_guide_13/output.paf	105	c4ca7ddc636638d7005d3e187756ba84185296e1c2585b41d0a7a856e2606213
raw/pilot_final_20260731T163824Z/timing/baseline/warmup/chr22_guide_13/stderr.txt	0	e3b0c44298fc1c149afbf4c8996fb92427ae41e4649b934ca495991b7852b855
raw/pilot_final_20260731T163824Z/timing/baseline/warmup/chr22_guide_14/command.txt	294	5c3b93b11b8e6a74bde0ca874a8c3513b022608ec72102e19b764eda2894281c
raw/pilot_final_20260731T163824Z/timing/baseline/warmup/chr22_guide_14/metrics.tsv	294	cab35c1790ef2c42cd40f0f872dca930f27696ad517b3293e2bca68d928e1cc6
raw/pilot_final_20260731T163824Z/timing/baseline/warmup/chr22_guide_14/output.paf	214	d39c5b6762aa09453e14f55e106ab300ceb4955ee3d73b381937cbf2220ed042
raw/pilot_final_20260731T163824Z/timing/baseline/warmup/chr22_guide_14/stderr.txt	0	e3b0c44298fc1c149afbf4c8996fb92427ae41e4649b934ca495991b7852b855
raw/pilot_final_20260731T163824Z/timing/baseline/warmup/chr22_guide_15/command.txt	294	8ddf9d7e2608669e5fd6a1fd8c1335579a510d4d382c7cbc9d99592881f85fae
raw/pilot_final_20260731T163824Z/timing/baseline/warmup/chr22_guide_15/metrics.tsv	294	fcf2f7ab1550bb28ac09b41ad709dd92a344c2b34847a2587c4c266c620ef08f
raw/pilot_final_20260731T163824Z/timing/baseline/warmup/chr22_guide_15/output.paf	105	850390cf00e784716c531f5e64380876ff07596af289e7ba34bc096bff075ecc
raw/pilot_final_20260731T163824Z/timing/baseline/warmup/chr22_guide_15/stderr.txt	0	e3b0c44298fc1c149afbf4c8996fb92427ae41e4649b934ca495991b7852b855
raw/pilot_final_20260731T163824Z/timing/baseline/warmup/chr22_guide_16/command.txt	294	faa9aba2aac1781a334c68e83706090c78953cbac5ad46232eef3388cea4039c
raw/pilot_final_20260731T163824Z/timing/baseline/warmup/chr22_guide_16/metrics.tsv	294	319a0826b7d8d5539937ab2c73fe91cd4e34a709428fd613ee2261985b10f55a
raw/pilot_final_20260731T163824Z/timing/baseline/warmup/chr22_guide_16/output.paf	105	b32f95b3659bdf5efde0a545c93605a84811e1f51637e98948f88b66e0c918a9
raw/pilot_final_20260731T163824Z/timing/baseline/warmup/chr22_guide_16/stderr.txt	0	e3b0c44298fc1c149afbf4c8996fb92427ae41e4649b934ca495991b7852b855
raw/pilot_final_20260731T163824Z/timing/baseline/warmup/chr22_guide_17/command.txt	294	3416ca0a99f0208ab1ce747521d78a2ac75be8410b274f3d6925da2201613f82
raw/pilot_final_20260731T163824Z/timing/baseline/warmup/chr22_guide_17/metrics.tsv	294	29223595912c33a80175969e9219991f8652ac76061936473bf08f176f99059b
raw/pilot_final_20260731T163824Z/timing/baseline/warmup/chr22_guide_17/output.paf	105	1da030b92202db00fdf4fa746fa0de1c56a74c6415d7abf8e6e634730c0990ca
raw/pilot_final_20260731T163824Z/timing/baseline/warmup/chr22_guide_17/stderr.txt	0	e3b0c44298fc1c149afbf4c8996fb92427ae41e4649b934ca495991b7852b855
raw/pilot_final_20260731T163824Z/timing/baseline/warmup/chr22_guide_18/command.txt	294	f2a3f6a07ebd08e30cb34865d37ac2ff7605d082f83307f44be0f061bf9cf833
raw/pilot_final_20260731T163824Z/timing/baseline/warmup/chr22_guide_18/metrics.tsv	294	8bb1fe00ec66320867f0aefddc2e07917ecff542a59c37e3feeed390f3243b77
raw/pilot_final_20260731T163824Z/timing/baseline/warmup/chr22_guide_18/output.paf	105	7b9ea615f9aa7e046adebd0e63adf8ebdc63c09e2a683a13ae5b9e9457fd8152
raw/pilot_final_20260731T163824Z/timing/baseline/warmup/chr22_guide_18/stderr.txt	0	e3b0c44298fc1c149afbf4c8996fb92427ae41e4649b934ca495991b7852b855
raw/pilot_final_20260731T163824Z/timing/baseline/warmup/chr22_guide_19/command.txt	294	8318cf790daebe2ae59d609333c635a134954b1e3cd87ef8c72f433e45110b40
raw/pilot_final_20260731T163824Z/timing/baseline/warmup/chr22_guide_19/metrics.tsv	294	4b94e39f8f83b439e5404a2862fbbcde52381f2441f5939edc90dd07a98be28d
raw/pilot_final_20260731T163824Z/timing/baseline/warmup/chr22_guide_19/output.paf	105	7c248ba9765e06499bdbdd56fa063150392f57bbcf49d7273e7a34148cb2a14e
raw/pilot_final_20260731T163824Z/timing/baseline/warmup/chr22_guide_19/stderr.txt	0	e3b0c44298fc1c149afbf4c8996fb92427ae41e4649b934ca495991b7852b855
raw/pilot_final_20260731T163824Z/timing/baseline/warmup/chr22_guide_20/command.txt	294	468a558e0f3fdd08d7debf0ad8923a76d1462c9c7f320e22e8005dbb2614aadf
raw/pilot_final_20260731T163824Z/timing/baseline/warmup/chr22_guide_20/metrics.tsv	294	ad63b06e38537cf15a272c952fe89722532a7874725e1a0c52c6f932f1fdeffe
raw/pilot_final_20260731T163824Z/timing/baseline/warmup/chr22_guide_20/output.paf	105	624a957aae98b6d231ae1011b4e64e108e7b8e8e44287e46c4862920d0454e11
raw/pilot_final_20260731T163824Z/timing/baseline/warmup/chr22_guide_20/stderr.txt	0	e3b0c44298fc1c149afbf4c8996fb92427ae41e4649b934ca495991b7852b855
raw/pilot_final_20260731T163824Z/timing/baseline/warmup/stdout.sha256.list	1600	49602f6eeaed2daff6b799c1c8cb97b5fae948728d16758bbafe1131d6c584a9
raw/pilot_final_20260731T163824Z/timing/columba/measured_1/chr22_guide_01/command.txt	566	988af8d9fb7aa949c17338aa69391195bbb82ac5c4719332f3d16329248cd909
raw/pilot_final_20260731T163824Z/timing/columba/measured_1/chr22_guide_01/metrics.tsv	298	55d18019dd7e76b2243e53bdc854d57f8b5db65e4fae8cb5bf1e5f14f08a1afb
raw/pilot_final_20260731T163824Z/timing/columba/measured_1/chr22_guide_01/output.paf	88066	4748136198d08a3f8212510ff37f1283fe59fc471fa429b3db472d9763246239
raw/pilot_final_20260731T163824Z/timing/columba/measured_1/chr22_guide_01/stderr.txt	33356	9cbceec00b385f352ae5ec8e80e4138ed44de61594a0ef0bc38a4fe62b2e7dd7
raw/pilot_final_20260731T163824Z/timing/columba/measured_1/chr22_guide_02/command.txt	566	0c1fc8248f08783d01ab158c374ab506b58a3c1c996ef1da9c86b8c47c0cd027
raw/pilot_final_20260731T163824Z/timing/columba/measured_1/chr22_guide_02/metrics.tsv	296	9e4230522653555b62f9bd6bc5b5b65d5f7a8f0eb6e7be131e7faa9e27289dda
raw/pilot_final_20260731T163824Z/timing/columba/measured_1/chr22_guide_02/output.paf	6864	8f32d63ac3fc7353d028bcbab308948f718f700957721b790efcbcfdf7b2968d
raw/pilot_final_20260731T163824Z/timing/columba/measured_1/chr22_guide_02/stderr.txt	2245	67c892220045c7e6de36630e42f43c7166e3a6cbb04fcd8d07803b38b0896333
raw/pilot_final_20260731T163824Z/timing/columba/measured_1/chr22_guide_03/command.txt	566	9310dbfbc83548b63deaa0d0cfe32c815e82a85b6458a95427fdab998ff2e214
raw/pilot_final_20260731T163824Z/timing/columba/measured_1/chr22_guide_03/metrics.tsv	294	1be40ad2771f207c29e68d4a0480369beb616d3a6cc8aa1b0f2fbebcf090d4b0
raw/pilot_final_20260731T163824Z/timing/columba/measured_1/chr22_guide_03/output.paf	293	606c59fbabc1859613e4a31b3b8ed8c4147f5ca89d1de01946221f89097d2bce
raw/pilot_final_20260731T163824Z/timing/columba/measured_1/chr22_guide_03/stderr.txt	184	ec04d3f7e1b1328ad5397a8bdd34185b098771189af9962fbc567d013800e818
raw/pilot_final_20260731T163824Z/timing/columba/measured_1/chr22_guide_04/command.txt	566	75e2baf188655797b05e9bcc7c7c52978a0f9ab393a9a0f9137f5c027fc04b28
raw/pilot_final_20260731T163824Z/timing/columba/measured_1/chr22_guide_04/metrics.tsv	296	b94d38a5c2c1df5ba6627c091aea21b160460a536b936f17e8e6c6175c82c880
raw/pilot_final_20260731T163824Z/timing/columba/measured_1/chr22_guide_04/output.paf	208	5c632dfc921b715b635c61d386497b7131eb4348bb520ea4a5cd13ab53ef1e7a
raw/pilot_final_20260731T163824Z/timing/columba/measured_1/chr22_guide_04/stderr.txt	43109	23e8f4ffff162fdc2e25089c32203c22ccb5ac9c66770c9b5d4a6408cc154ffb
raw/pilot_final_20260731T163824Z/timing/columba/measured_1/chr22_guide_05/command.txt	566	70ccd8838041ffb2b91a0368ef5d937990570a77e556ba08b90bf9c13cf759b1
raw/pilot_final_20260731T163824Z/timing/columba/measured_1/chr22_guide_05/metrics.tsv	297	d75b6735717bb736961dfbd2c28e71f9afbc495ad08801c91d54464de96d4e02
raw/pilot_final_20260731T163824Z/timing/columba/measured_1/chr22_guide_05/output.paf	15269	13d490936eb128956dcd7744ae65b99655fcac4ad3ba999a6d96498e5f4323b1
raw/pilot_final_20260731T163824Z/timing/columba/measured_1/chr22_guide_05/stderr.txt	7075	ac192c7b6f04bd7ec153ca9deee4b10effcbb4185b9d200c6f35f95533887058
raw/pilot_final_20260731T163824Z/timing/columba/measured_1/chr22_guide_06/command.txt	566	7e1a39c18a8234e4b77a15c338fb0b22f0d2e1ef98eaef93cbe5df88a9e50da9
raw/pilot_final_20260731T163824Z/timing/columba/measured_1/chr22_guide_06/metrics.tsv	299	812a94ada659641c4cf8de17f306df2df55522ab2ec2dca502b6aa4506c3358b
raw/pilot_final_20260731T163824Z/timing/columba/measured_1/chr22_guide_06/output.paf	214107	ccbb10c6b39950ff1a609a7c093affb95e09b093f31339b79eb9e55af9bea14f
raw/pilot_final_20260731T163824Z/timing/columba/measured_1/chr22_guide_06/stderr.txt	26540	6ab1cb25283fe19a6bfd4fcd5c48da2d87969a73970cab771254caf7f66a6287
raw/pilot_final_20260731T163824Z/timing/columba/measured_1/chr22_guide_07/command.txt	566	434733e1a3839dc4164adf8af4f6ab33375579bb27b5f6c6814f2e0e39dcc26e
raw/pilot_final_20260731T163824Z/timing/columba/measured_1/chr22_guide_07/metrics.tsv	294	6e96ab7c7d029b3f09df08ef0959afcdda3a787f8ed8e0a1e500e705f5727c3c
raw/pilot_final_20260731T163824Z/timing/columba/measured_1/chr22_guide_07/output.paf	105	0effc63d85fa97f691908ce0321ab857ae6f08fabd2480f35c83ff81e76c9f0e
raw/pilot_final_20260731T163824Z/timing/columba/measured_1/chr22_guide_07/stderr.txt	656	6be499e878bb8835b2d0095d754911ca511e88d92eb98ee972ab04a1f8c00a0b
raw/pilot_final_20260731T163824Z/timing/columba/measured_1/chr22_guide_08/command.txt	566	9c0ec224db1849cbefa2b5764e5537db605396f19a9a7cc317e179e279ebe990
raw/pilot_final_20260731T163824Z/timing/columba/measured_1/chr22_guide_08/metrics.tsv	294	21eda1333eae247273ad1112023805b00304fc577631cfe03ec994b5187aaf0a
raw/pilot_final_20260731T163824Z/timing/columba/measured_1/chr22_guide_08/output.paf	105	029b4bae64ebbe3decac5715b992bb89ceb0731276cd7cd8566eaca4250537b4
raw/pilot_final_20260731T163824Z/timing/columba/measured_1/chr22_guide_08/stderr.txt	846	d19c36693df71437a3e971b04638d4c55f47a0d94d8887a1c6ebbec6f71e8046
raw/pilot_final_20260731T163824Z/timing/columba/measured_1/chr22_guide_09/command.txt	566	b67a6b497e3a6b9bdebb34b5a399c66ef87ede69a75b252be4fab3d258472f2f
raw/pilot_final_20260731T163824Z/timing/columba/measured_1/chr22_guide_09/metrics.tsv	296	e26e4d20858e3b25536ce3dd4c994fe683261b75c97a4e364b2c1b0ee2ea0e39
raw/pilot_final_20260731T163824Z/timing/columba/measured_1/chr22_guide_09/output.paf	198	0750254d4598a1695dbaade1146e921cf6dab58c8fc5ab334e4e36f882246f3f
raw/pilot_final_20260731T163824Z/timing/columba/measured_1/chr22_guide_09/stderr.txt	23907	f786f22359fb3a2a1769d5d1b500856dc5b1f5bd752fa9b56a6462248899650e
raw/pilot_final_20260731T163824Z/timing/columba/measured_1/chr22_guide_10/command.txt	566	013615c7451b42b2e94f086fe08854e475f20dd3d22c9013797b8fc057463758
raw/pilot_final_20260731T163824Z/timing/columba/measured_1/chr22_guide_10/metrics.tsv	292	551d08a53a5e7e749a3c8a8b3c1f09cd98be3dc053cf8576294bf76fdc93614e
raw/pilot_final_20260731T163824Z/timing/columba/measured_1/chr22_guide_10/output.paf	105	bc3b9f3f86cc8bbd34d0a114947da783ee284f28a9a17754f8b3028fd08951a9
raw/pilot_final_20260731T163824Z/timing/columba/measured_1/chr22_guide_10/stderr.txt	0	e3b0c44298fc1c149afbf4c8996fb92427ae41e4649b934ca495991b7852b855
raw/pilot_final_20260731T163824Z/timing/columba/measured_1/chr22_guide_11/command.txt	566	48476778c0a3f35ba869b05bf8bf6b785237f764574c5b20d02bc627fd6fb84e
raw/pilot_final_20260731T163824Z/timing/columba/measured_1/chr22_guide_11/metrics.tsv	293	9d38888c787e56ff4fcfe603f774b6628557b6816f5ead63c88fd09225455a19
raw/pilot_final_20260731T163824Z/timing/columba/measured_1/chr22_guide_11/output.paf	105	7f92fd7dddc708c2b3ec905f92a74e766b81d6ff9eaf13b4dc9c11ff5e96767a
raw/pilot_final_20260731T163824Z/timing/columba/measured_1/chr22_guide_11/stderr.txt	94	eb38c77d3364d29cf9b4a0c82bd850e49266e1046930de12097b9d1d6f671ebe
raw/pilot_final_20260731T163824Z/timing/columba/measured_1/chr22_guide_12/command.txt	566	7eb09ce5de4178d7c4d5aa594ca636f2fb1d8967182a3455f28ac42e2bbc4525
raw/pilot_final_20260731T163824Z/timing/columba/measured_1/chr22_guide_12/metrics.tsv	293	ec33e764a1042bb6a9b6b20f3f83f16bb5071aa868042406a6e41732326773d4
raw/pilot_final_20260731T163824Z/timing/columba/measured_1/chr22_guide_12/output.paf	105	b7517a16df61180265ec10a20cb33a003c3ea568992073591f20e96d81391119
raw/pilot_final_20260731T163824Z/timing/columba/measured_1/chr22_guide_12/stderr.txt	94	b52ea0dac91d497aaec6f642a08329c4472b1d235792c856330e28a7c0b02c57
raw/pilot_final_20260731T163824Z/timing/columba/measured_1/chr22_guide_13/command.txt	566	8763348e45d4d4c45c8cef4948b1fd06ac339aadcc02d5a956f282c1ac0c35ef
raw/pilot_final_20260731T163824Z/timing/columba/measured_1/chr22_guide_13/metrics.tsv	293	734fc8dd501ba93424b473e5dc2084f0a35d4a82c90d1cdb94a78d1d1909545e
raw/pilot_final_20260731T163824Z/timing/columba/measured_1/chr22_guide_13/output.paf	105	c4ca7ddc636638d7005d3e187756ba84185296e1c2585b41d0a7a856e2606213
raw/pilot_final_20260731T163824Z/timing/columba/measured_1/chr22_guide_13/stderr.txt	94	696e651629a088ed51fa18bf92752b7cebcc5231944eb0da133c1b9ea7800ae7
raw/pilot_final_20260731T163824Z/timing/columba/measured_1/chr22_guide_14/command.txt	566	b4f95c6280b1a4dc349971cca88c87fd6230df502fa8f9023aa12bfe754f76e7
raw/pilot_final_20260731T163824Z/timing/columba/measured_1/chr22_guide_14/metrics.tsv	294	56a5c32f72977199abeb12f3db7d28a57a88acca1b9d0e84d0ebc175cb24e1c3
raw/pilot_final_20260731T163824Z/timing/columba/measured_1/chr22_guide_14/output.paf	214	d39c5b6762aa09453e14f55e106ab300ceb4955ee3d73b381937cbf2220ed042
raw/pilot_final_20260731T163824Z/timing/columba/measured_1/chr22_guide_14/stderr.txt	188	fc6bbc4c65e692473cbf32ff151557635e2d1dd99e4b69c5ee3da000a109cea9
raw/pilot_final_20260731T163824Z/timing/columba/measured_1/chr22_guide_15/command.txt	566	eba1264cf9013d38525c2d30bcf23d12aa2915d02fc0212879ab1e5d20bb5fc4
raw/pilot_final_20260731T163824Z/timing/columba/measured_1/chr22_guide_15/metrics.tsv	293	03e97ddc74e435c564f301b13851ab8526794c6051530139a47418e6fa0f3035
raw/pilot_final_20260731T163824Z/timing/columba/measured_1/chr22_guide_15/output.paf	105	850390cf00e784716c531f5e64380876ff07596af289e7ba34bc096bff075ecc
raw/pilot_final_20260731T163824Z/timing/columba/measured_1/chr22_guide_15/stderr.txt	94	f44e84d998c57621965bbb72ae37ec201bf3185e3f28563924ad182f849d8046
raw/pilot_final_20260731T163824Z/timing/columba/measured_1/chr22_guide_16/command.txt	566	f9c7351bcc66b75e96ec02ff0802506b5e2eec8a2d9441060693a17c153c38a2
raw/pilot_final_20260731T163824Z/timing/columba/measured_1/chr22_guide_16/metrics.tsv	292	0ac0c3a7336ca7c5b0f4c742e36aa3f73b9eaf27473d540b88dff526f46f2767
raw/pilot_final_20260731T163824Z/timing/columba/measured_1/chr22_guide_16/output.paf	105	b32f95b3659bdf5efde0a545c93605a84811e1f51637e98948f88b66e0c918a9
raw/pilot_final_20260731T163824Z/timing/columba/measured_1/chr22_guide_16/stderr.txt	0	e3b0c44298fc1c149afbf4c8996fb92427ae41e4649b934ca495991b7852b855
raw/pilot_final_20260731T163824Z/timing/columba/measured_1/chr22_guide_17/command.txt	566	265dab80c13692588576635f415fb6f819f737e48546a4f351922e056f63a6d4
raw/pilot_final_20260731T163824Z/timing/columba/measured_1/chr22_guide_17/metrics.tsv	295	d8b7c87e4d353f0d1e7c9380c63650c94b45444e056c4fc2492b1b0b2ecb6242
raw/pilot_final_20260731T163824Z/timing/columba/measured_1/chr22_guide_17/output.paf	105	1da030b92202db00fdf4fa746fa0de1c56a74c6415d7abf8e6e634730c0990ca
raw/pilot_final_20260731T163824Z/timing/columba/measured_1/chr22_guide_17/stderr.txt	3477	e8d6de60c3ba05b27001c144755f4d3ad082de5cdf0fdf5e9cf6b7717422195e
raw/pilot_final_20260731T163824Z/timing/columba/measured_1/chr22_guide_18/command.txt	566	77114703b970f8f9941648271a04fc172d15df91fc3d72635a634db9e68ae78a
raw/pilot_final_20260731T163824Z/timing/columba/measured_1/chr22_guide_18/metrics.tsv	294	87404fd35d943c2f967da68efa89b407b266c61445f8a0c22048724a2e02c2f5
raw/pilot_final_20260731T163824Z/timing/columba/measured_1/chr22_guide_18/output.paf	105	7b9ea615f9aa7e046adebd0e63adf8ebdc63c09e2a683a13ae5b9e9457fd8152
raw/pilot_final_20260731T163824Z/timing/columba/measured_1/chr22_guide_18/stderr.txt	282	000abe2ead510b1e81f85058fe4a2422bdd56dfa268e082b10ff250075738f0e
raw/pilot_final_20260731T163824Z/timing/columba/measured_1/chr22_guide_19/command.txt	566	75423228da4358cddac92bbb5822ed6e161e55c6642324e65e72684aabe31ab8
raw/pilot_final_20260731T163824Z/timing/columba/measured_1/chr22_guide_19/metrics.tsv	293	65a9df2348991779d067713fab74dcaef13b42fc33abdfeddc054091819186da
raw/pilot_final_20260731T163824Z/timing/columba/measured_1/chr22_guide_19/output.paf	105	7c248ba9765e06499bdbdd56fa063150392f57bbcf49d7273e7a34148cb2a14e
raw/pilot_final_20260731T163824Z/timing/columba/measured_1/chr22_guide_19/stderr.txt	94	cb99cf2cb5c76fa9de96c7d214883bdebf51068c4cfea4bec3c2c4a8fda8efb1
raw/pilot_final_20260731T163824Z/timing/columba/measured_1/chr22_guide_20/command.txt	566	0c6937bca66d9f73b75c76533cba8aa0fda72dbd5e7c1807d67919aaf4d88501
raw/pilot_final_20260731T163824Z/timing/columba/measured_1/chr22_guide_20/metrics.tsv	296	6eb776eb34ae47aae69fc60a0d14d8956cc066d8e707f71161e24bb44a358aff
raw/pilot_final_20260731T163824Z/timing/columba/measured_1/chr22_guide_20/output.paf	699	d7cbdc22dab734795edef645ff8b56288ad8f07ca5476cfee91c8abc902ec472
raw/pilot_final_20260731T163824Z/timing/columba/measured_1/chr22_guide_20/stderr.txt	48866	e99057a662fd17d483edbc4496276765b125c66cd71604a696e1c7852dab17e7
raw/pilot_final_20260731T163824Z/timing/columba/measured_1/stdout.sha256.list	1600	969124cab86c507d4de22c4ecf11dd4fb7f890297e9b0fb0ec39c62b158d36d7
raw/pilot_final_20260731T163824Z/timing/columba/measured_2/chr22_guide_01/command.txt	566	988af8d9fb7aa949c17338aa69391195bbb82ac5c4719332f3d16329248cd909
raw/pilot_final_20260731T163824Z/timing/columba/measured_2/chr22_guide_01/metrics.tsv	298	80b8c9a6c48da720585afc6b1bcf33f71636bf4f0b795ee2360f4d01a8b51625
raw/pilot_final_20260731T163824Z/timing/columba/measured_2/chr22_guide_01/output.paf	88066	4748136198d08a3f8212510ff37f1283fe59fc471fa429b3db472d9763246239
raw/pilot_final_20260731T163824Z/timing/columba/measured_2/chr22_guide_01/stderr.txt	33356	9cbceec00b385f352ae5ec8e80e4138ed44de61594a0ef0bc38a4fe62b2e7dd7
raw/pilot_final_20260731T163824Z/timing/columba/measured_2/chr22_guide_02/command.txt	566	0c1fc8248f08783d01ab158c374ab506b58a3c1c996ef1da9c86b8c47c0cd027
raw/pilot_final_20260731T163824Z/timing/columba/measured_2/chr22_guide_02/metrics.tsv	296	6d9982798698aa3fdb644ccfa8fb21e38663506f7acfbd4740aaf562df5af8fd
raw/pilot_final_20260731T163824Z/timing/columba/measured_2/chr22_guide_02/output.paf	6864	8f32d63ac3fc7353d028bcbab308948f718f700957721b790efcbcfdf7b2968d
raw/pilot_final_20260731T163824Z/timing/columba/measured_2/chr22_guide_02/stderr.txt	2245	67c892220045c7e6de36630e42f43c7166e3a6cbb04fcd8d07803b38b0896333
raw/pilot_final_20260731T163824Z/timing/columba/measured_2/chr22_guide_03/command.txt	566	9310dbfbc83548b63deaa0d0cfe32c815e82a85b6458a95427fdab998ff2e214
raw/pilot_final_20260731T163824Z/timing/columba/measured_2/chr22_guide_03/metrics.tsv	294	e1dbe34b322dcb06b699a31883270b6c591bf58b0cc961763278df3852f5a6c9
raw/pilot_final_20260731T163824Z/timing/columba/measured_2/chr22_guide_03/output.paf	293	606c59fbabc1859613e4a31b3b8ed8c4147f5ca89d1de01946221f89097d2bce
raw/pilot_final_20260731T163824Z/timing/columba/measured_2/chr22_guide_03/stderr.txt	184	ec04d3f7e1b1328ad5397a8bdd34185b098771189af9962fbc567d013800e818
raw/pilot_final_20260731T163824Z/timing/columba/measured_2/chr22_guide_04/command.txt	566	75e2baf188655797b05e9bcc7c7c52978a0f9ab393a9a0f9137f5c027fc04b28
raw/pilot_final_20260731T163824Z/timing/columba/measured_2/chr22_guide_04/metrics.tsv	296	0a7813034b3a04f89c0a6d72575084e331e69251eeeaa712daf5c1c4b3a953a1
raw/pilot_final_20260731T163824Z/timing/columba/measured_2/chr22_guide_04/output.paf	208	5c632dfc921b715b635c61d386497b7131eb4348bb520ea4a5cd13ab53ef1e7a
raw/pilot_final_20260731T163824Z/timing/columba/measured_2/chr22_guide_04/stderr.txt	43109	23e8f4ffff162fdc2e25089c32203c22ccb5ac9c66770c9b5d4a6408cc154ffb
raw/pilot_final_20260731T163824Z/timing/columba/measured_2/chr22_guide_05/command.txt	566	70ccd8838041ffb2b91a0368ef5d937990570a77e556ba08b90bf9c13cf759b1
raw/pilot_final_20260731T163824Z/timing/columba/measured_2/chr22_guide_05/metrics.tsv	297	acd21ae4833e339235d9a75f79e509e95b19ae733dfc0b9ff0ef2c86dcbf3229
raw/pilot_final_20260731T163824Z/timing/columba/measured_2/chr22_guide_05/output.paf	15269	13d490936eb128956dcd7744ae65b99655fcac4ad3ba999a6d96498e5f4323b1
raw/pilot_final_20260731T163824Z/timing/columba/measured_2/chr22_guide_05/stderr.txt	7075	ac192c7b6f04bd7ec153ca9deee4b10effcbb4185b9d200c6f35f95533887058
raw/pilot_final_20260731T163824Z/timing/columba/measured_2/chr22_guide_06/command.txt	566	7e1a39c18a8234e4b77a15c338fb0b22f0d2e1ef98eaef93cbe5df88a9e50da9
raw/pilot_final_20260731T163824Z/timing/columba/measured_2/chr22_guide_06/metrics.tsv	299	173618d236212101b8fe5cfd322bde4bee1b12d4c98e8030cb25106c1e8f03c1
raw/pilot_final_20260731T163824Z/timing/columba/measured_2/chr22_guide_06/output.paf	214107	ccbb10c6b39950ff1a609a7c093affb95e09b093f31339b79eb9e55af9bea14f
raw/pilot_final_20260731T163824Z/timing/columba/measured_2/chr22_guide_06/stderr.txt	26540	6ab1cb25283fe19a6bfd4fcd5c48da2d87969a73970cab771254caf7f66a6287
raw/pilot_final_20260731T163824Z/timing/columba/measured_2/chr22_guide_07/command.txt	566	434733e1a3839dc4164adf8af4f6ab33375579bb27b5f6c6814f2e0e39dcc26e
raw/pilot_final_20260731T163824Z/timing/columba/measured_2/chr22_guide_07/metrics.tsv	294	c9ca1f8cc42adf8c5eba30d51c80a7c8c41de1b01dcb0420fafff7f6d496350b
raw/pilot_final_20260731T163824Z/timing/columba/measured_2/chr22_guide_07/output.paf	105	0effc63d85fa97f691908ce0321ab857ae6f08fabd2480f35c83ff81e76c9f0e
raw/pilot_final_20260731T163824Z/timing/columba/measured_2/chr22_guide_07/stderr.txt	656	6be499e878bb8835b2d0095d754911ca511e88d92eb98ee972ab04a1f8c00a0b
raw/pilot_final_20260731T163824Z/timing/columba/measured_2/chr22_guide_08/command.txt	566	9c0ec224db1849cbefa2b5764e5537db605396f19a9a7cc317e179e279ebe990
raw/pilot_final_20260731T163824Z/timing/columba/measured_2/chr22_guide_08/metrics.tsv	294	ca7ba398fac75c2fbd90929d0e1da54434f064053c3110880a44a2569234893d
raw/pilot_final_20260731T163824Z/timing/columba/measured_2/chr22_guide_08/output.paf	105	029b4bae64ebbe3decac5715b992bb89ceb0731276cd7cd8566eaca4250537b4
raw/pilot_final_20260731T163824Z/timing/columba/measured_2/chr22_guide_08/stderr.txt	846	d19c36693df71437a3e971b04638d4c55f47a0d94d8887a1c6ebbec6f71e8046
raw/pilot_final_20260731T163824Z/timing/columba/measured_2/chr22_guide_09/command.txt	566	b67a6b497e3a6b9bdebb34b5a399c66ef87ede69a75b252be4fab3d258472f2f
raw/pilot_final_20260731T163824Z/timing/columba/measured_2/chr22_guide_09/metrics.tsv	296	4d62bb91a590c1d76e80003063fc38f8d62f40c3c69265fe2593d76cb1a2ec22
raw/pilot_final_20260731T163824Z/timing/columba/measured_2/chr22_guide_09/output.paf	198	0750254d4598a1695dbaade1146e921cf6dab58c8fc5ab334e4e36f882246f3f
raw/pilot_final_20260731T163824Z/timing/columba/measured_2/chr22_guide_09/stderr.txt	23907	f786f22359fb3a2a1769d5d1b500856dc5b1f5bd752fa9b56a6462248899650e
raw/pilot_final_20260731T163824Z/timing/columba/measured_2/chr22_guide_10/command.txt	566	013615c7451b42b2e94f086fe08854e475f20dd3d22c9013797b8fc057463758
raw/pilot_final_20260731T163824Z/timing/columba/measured_2/chr22_guide_10/metrics.tsv	292	132203481dc373029e928fb974de64b875429fb9130379d462b7af7b29e302bc
raw/pilot_final_20260731T163824Z/timing/columba/measured_2/chr22_guide_10/output.paf	105	bc3b9f3f86cc8bbd34d0a114947da783ee284f28a9a17754f8b3028fd08951a9
raw/pilot_final_20260731T163824Z/timing/columba/measured_2/chr22_guide_10/stderr.txt	0	e3b0c44298fc1c149afbf4c8996fb92427ae41e4649b934ca495991b7852b855
raw/pilot_final_20260731T163824Z/timing/columba/measured_2/chr22_guide_11/command.txt	566	48476778c0a3f35ba869b05bf8bf6b785237f764574c5b20d02bc627fd6fb84e
raw/pilot_final_20260731T163824Z/timing/columba/measured_2/chr22_guide_11/metrics.tsv	293	6bb420082d1e863e0c5b310c7739f69c92b3309025fdf81272b009d21f75f7b2
raw/pilot_final_20260731T163824Z/timing/columba/measured_2/chr22_guide_11/output.paf	105	7f92fd7dddc708c2b3ec905f92a74e766b81d6ff9eaf13b4dc9c11ff5e96767a
raw/pilot_final_20260731T163824Z/timing/columba/measured_2/chr22_guide_11/stderr.txt	94	eb38c77d3364d29cf9b4a0c82bd850e49266e1046930de12097b9d1d6f671ebe
raw/pilot_final_20260731T163824Z/timing/columba/measured_2/chr22_guide_12/command.txt	566	7eb09ce5de4178d7c4d5aa594ca636f2fb1d8967182a3455f28ac42e2bbc4525
raw/pilot_final_20260731T163824Z/timing/columba/measured_2/chr22_guide_12/metrics.tsv	293	3812c8a6d36b446edce822e47086daa3681867cc14f1efbaf3acb3e0676d2a34
raw/pilot_final_20260731T163824Z/timing/columba/measured_2/chr22_guide_12/output.paf	105	b7517a16df61180265ec10a20cb33a003c3ea568992073591f20e96d81391119
raw/pilot_final_20260731T163824Z/timing/columba/measured_2/chr22_guide_12/stderr.txt	94	b52ea0dac91d497aaec6f642a08329c4472b1d235792c856330e28a7c0b02c57
raw/pilot_final_20260731T163824Z/timing/columba/measured_2/chr22_guide_13/command.txt	566	8763348e45d4d4c45c8cef4948b1fd06ac339aadcc02d5a956f282c1ac0c35ef
raw/pilot_final_20260731T163824Z/timing/columba/measured_2/chr22_guide_13/metrics.tsv	293	4666c26eed980edcac2ab7a6cc36833360c964556495b25a70e420e59d4e4b0e
raw/pilot_final_20260731T163824Z/timing/columba/measured_2/chr22_guide_13/output.paf	105	c4ca7ddc636638d7005d3e187756ba84185296e1c2585b41d0a7a856e2606213
raw/pilot_final_20260731T163824Z/timing/columba/measured_2/chr22_guide_13/stderr.txt	94	696e651629a088ed51fa18bf92752b7cebcc5231944eb0da133c1b9ea7800ae7
raw/pilot_final_20260731T163824Z/timing/columba/measured_2/chr22_guide_14/command.txt	566	b4f95c6280b1a4dc349971cca88c87fd6230df502fa8f9023aa12bfe754f76e7
raw/pilot_final_20260731T163824Z/timing/columba/measured_2/chr22_guide_14/metrics.tsv	294	96b387261e07517cc817d64fdaa435657503345b85856ea102974ed7fc0b9da5
raw/pilot_final_20260731T163824Z/timing/columba/measured_2/chr22_guide_14/output.paf	214	d39c5b6762aa09453e14f55e106ab300ceb4955ee3d73b381937cbf2220ed042
raw/pilot_final_20260731T163824Z/timing/columba/measured_2/chr22_guide_14/stderr.txt	188	fc6bbc4c65e692473cbf32ff151557635e2d1dd99e4b69c5ee3da000a109cea9
raw/pilot_final_20260731T163824Z/timing/columba/measured_2/chr22_guide_15/command.txt	566	eba1264cf9013d38525c2d30bcf23d12aa2915d02fc0212879ab1e5d20bb5fc4
raw/pilot_final_20260731T163824Z/timing/columba/measured_2/chr22_guide_15/metrics.tsv	293	2779677d0b795c0a948ce6d264f001361feeacf9ada17e72adcc9b6d725a0a9d
raw/pilot_final_20260731T163824Z/timing/columba/measured_2/chr22_guide_15/output.paf	105	850390cf00e784716c531f5e64380876ff07596af289e7ba34bc096bff075ecc
raw/pilot_final_20260731T163824Z/timing/columba/measured_2/chr22_guide_15/stderr.txt	94	f44e84d998c57621965bbb72ae37ec201bf3185e3f28563924ad182f849d8046
raw/pilot_final_20260731T163824Z/timing/columba/measured_2/chr22_guide_16/command.txt	566	f9c7351bcc66b75e96ec02ff0802506b5e2eec8a2d9441060693a17c153c38a2
raw/pilot_final_20260731T163824Z/timing/columba/measured_2/chr22_guide_16/metrics.tsv	292	bbd2f4ba47fd6665eb212574129877ca6741b8b3f6a0109052449ebcf9bd6eee
raw/pilot_final_20260731T163824Z/timing/columba/measured_2/chr22_guide_16/output.paf	105	b32f95b3659bdf5efde0a545c93605a84811e1f51637e98948f88b66e0c918a9
raw/pilot_final_20260731T163824Z/timing/columba/measured_2/chr22_guide_16/stderr.txt	0	e3b0c44298fc1c149afbf4c8996fb92427ae41e4649b934ca495991b7852b855
raw/pilot_final_20260731T163824Z/timing/columba/measured_2/chr22_guide_17/command.txt	566	265dab80c13692588576635f415fb6f819f737e48546a4f351922e056f63a6d4
raw/pilot_final_20260731T163824Z/timing/columba/measured_2/chr22_guide_17/metrics.tsv	295	179b64c8d27e2751ae1c1b3acc7d1e268c7617215b81acb5defcf4eddc73e7ae
raw/pilot_final_20260731T163824Z/timing/columba/measured_2/chr22_guide_17/output.paf	105	1da030b92202db00fdf4fa746fa0de1c56a74c6415d7abf8e6e634730c0990ca
raw/pilot_final_20260731T163824Z/timing/columba/measured_2/chr22_guide_17/stderr.txt	3477	e8d6de60c3ba05b27001c144755f4d3ad082de5cdf0fdf5e9cf6b7717422195e
raw/pilot_final_20260731T163824Z/timing/columba/measured_2/chr22_guide_18/command.txt	566	77114703b970f8f9941648271a04fc172d15df91fc3d72635a634db9e68ae78a
raw/pilot_final_20260731T163824Z/timing/columba/measured_2/chr22_guide_18/metrics.tsv	294	6017255b76b53b840f9c5dbfdabe025412489b795e1bb34e90a501abddb8531b
raw/pilot_final_20260731T163824Z/timing/columba/measured_2/chr22_guide_18/output.paf	105	7b9ea615f9aa7e046adebd0e63adf8ebdc63c09e2a683a13ae5b9e9457fd8152
raw/pilot_final_20260731T163824Z/timing/columba/measured_2/chr22_guide_18/stderr.txt	282	000abe2ead510b1e81f85058fe4a2422bdd56dfa268e082b10ff250075738f0e
raw/pilot_final_20260731T163824Z/timing/columba/measured_2/chr22_guide_19/command.txt	566	75423228da4358cddac92bbb5822ed6e161e55c6642324e65e72684aabe31ab8
raw/pilot_final_20260731T163824Z/timing/columba/measured_2/chr22_guide_19/metrics.tsv	293	e2a7e70bbb6a740f00903da1208e5ca445c454369e3acedb17c0edf1997344e5
raw/pilot_final_20260731T163824Z/timing/columba/measured_2/chr22_guide_19/output.paf	105	7c248ba9765e06499bdbdd56fa063150392f57bbcf49d7273e7a34148cb2a14e
raw/pilot_final_20260731T163824Z/timing/columba/measured_2/chr22_guide_19/stderr.txt	94	cb99cf2cb5c76fa9de96c7d214883bdebf51068c4cfea4bec3c2c4a8fda8efb1
raw/pilot_final_20260731T163824Z/timing/columba/measured_2/chr22_guide_20/command.txt	566	0c6937bca66d9f73b75c76533cba8aa0fda72dbd5e7c1807d67919aaf4d88501
raw/pilot_final_20260731T163824Z/timing/columba/measured_2/chr22_guide_20/metrics.tsv	296	b5293379f0f1c846105e9704b669d60942840706adb966a7fc2228b1a4c21099
raw/pilot_final_20260731T163824Z/timing/columba/measured_2/chr22_guide_20/output.paf	699	d7cbdc22dab734795edef645ff8b56288ad8f07ca5476cfee91c8abc902ec472
raw/pilot_final_20260731T163824Z/timing/columba/measured_2/chr22_guide_20/stderr.txt	48866	e99057a662fd17d483edbc4496276765b125c66cd71604a696e1c7852dab17e7
raw/pilot_final_20260731T163824Z/timing/columba/measured_2/stdout.sha256.list	1600	969124cab86c507d4de22c4ecf11dd4fb7f890297e9b0fb0ec39c62b158d36d7
raw/pilot_final_20260731T163824Z/timing/columba/measured_3/chr22_guide_01/command.txt	566	988af8d9fb7aa949c17338aa69391195bbb82ac5c4719332f3d16329248cd909
raw/pilot_final_20260731T163824Z/timing/columba/measured_3/chr22_guide_01/metrics.tsv	298	134fd834e7fe6f7c72d6a6941c9167b5938b73f8cf3fe74aeed5999bf8d95e62
raw/pilot_final_20260731T163824Z/timing/columba/measured_3/chr22_guide_01/output.paf	88066	4748136198d08a3f8212510ff37f1283fe59fc471fa429b3db472d9763246239
raw/pilot_final_20260731T163824Z/timing/columba/measured_3/chr22_guide_01/stderr.txt	33356	9cbceec00b385f352ae5ec8e80e4138ed44de61594a0ef0bc38a4fe62b2e7dd7
raw/pilot_final_20260731T163824Z/timing/columba/measured_3/chr22_guide_02/command.txt	566	0c1fc8248f08783d01ab158c374ab506b58a3c1c996ef1da9c86b8c47c0cd027
raw/pilot_final_20260731T163824Z/timing/columba/measured_3/chr22_guide_02/metrics.tsv	296	1cfd9a9dbc07d2b6cdaf2108176517ac8be0541331431b2c2b020ad42e874fe2
raw/pilot_final_20260731T163824Z/timing/columba/measured_3/chr22_guide_02/output.paf	6864	8f32d63ac3fc7353d028bcbab308948f718f700957721b790efcbcfdf7b2968d
raw/pilot_final_20260731T163824Z/timing/columba/measured_3/chr22_guide_02/stderr.txt	2245	67c892220045c7e6de36630e42f43c7166e3a6cbb04fcd8d07803b38b0896333
raw/pilot_final_20260731T163824Z/timing/columba/measured_3/chr22_guide_03/command.txt	566	9310dbfbc83548b63deaa0d0cfe32c815e82a85b6458a95427fdab998ff2e214
raw/pilot_final_20260731T163824Z/timing/columba/measured_3/chr22_guide_03/metrics.tsv	294	33eff55c33343f3223ac6bfd56a131b1c98e0bf1fd4215045054692f6a47a043
raw/pilot_final_20260731T163824Z/timing/columba/measured_3/chr22_guide_03/output.paf	293	606c59fbabc1859613e4a31b3b8ed8c4147f5ca89d1de01946221f89097d2bce
raw/pilot_final_20260731T163824Z/timing/columba/measured_3/chr22_guide_03/stderr.txt	184	ec04d3f7e1b1328ad5397a8bdd34185b098771189af9962fbc567d013800e818
raw/pilot_final_20260731T163824Z/timing/columba/measured_3/chr22_guide_04/command.txt	566	75e2baf188655797b05e9bcc7c7c52978a0f9ab393a9a0f9137f5c027fc04b28
raw/pilot_final_20260731T163824Z/timing/columba/measured_3/chr22_guide_04/metrics.tsv	296	be9d94ecd210a3eeda777174bd45c07076aa208b419f17a4ebe6d4d610b5419e
raw/pilot_final_20260731T163824Z/timing/columba/measured_3/chr22_guide_04/output.paf	208	5c632dfc921b715b635c61d386497b7131eb4348bb520ea4a5cd13ab53ef1e7a
raw/pilot_final_20260731T163824Z/timing/columba/measured_3/chr22_guide_04/stderr.txt	43109	23e8f4ffff162fdc2e25089c32203c22ccb5ac9c66770c9b5d4a6408cc154ffb
raw/pilot_final_20260731T163824Z/timing/columba/measured_3/chr22_guide_05/command.txt	566	70ccd8838041ffb2b91a0368ef5d937990570a77e556ba08b90bf9c13cf759b1
raw/pilot_final_20260731T163824Z/timing/columba/measured_3/chr22_guide_05/metrics.tsv	297	3e57c416b4e0938161ed697c78be53a7428fc68b8318e31c3ab46b3f5b7bcb45
raw/pilot_final_20260731T163824Z/timing/columba/measured_3/chr22_guide_05/output.paf	15269	13d490936eb128956dcd7744ae65b99655fcac4ad3ba999a6d96498e5f4323b1
raw/pilot_final_20260731T163824Z/timing/columba/measured_3/chr22_guide_05/stderr.txt	7075	ac192c7b6f04bd7ec153ca9deee4b10effcbb4185b9d200c6f35f95533887058
raw/pilot_final_20260731T163824Z/timing/columba/measured_3/chr22_guide_06/command.txt	566	7e1a39c18a8234e4b77a15c338fb0b22f0d2e1ef98eaef93cbe5df88a9e50da9
raw/pilot_final_20260731T163824Z/timing/columba/measured_3/chr22_guide_06/metrics.tsv	299	73e53ca9d12378c3c2a63ecb4ddb2e3ed1c8f84c5fede107a2531e62c6465f7f
raw/pilot_final_20260731T163824Z/timing/columba/measured_3/chr22_guide_06/output.paf	214107	ccbb10c6b39950ff1a609a7c093affb95e09b093f31339b79eb9e55af9bea14f
raw/pilot_final_20260731T163824Z/timing/columba/measured_3/chr22_guide_06/stderr.txt	26540	6ab1cb25283fe19a6bfd4fcd5c48da2d87969a73970cab771254caf7f66a6287
raw/pilot_final_20260731T163824Z/timing/columba/measured_3/chr22_guide_07/command.txt	566	434733e1a3839dc4164adf8af4f6ab33375579bb27b5f6c6814f2e0e39dcc26e
raw/pilot_final_20260731T163824Z/timing/columba/measured_3/chr22_guide_07/metrics.tsv	294	7abde97b059de9b06a782b52b865af981445fcfe2250f92d7b55d8f8841c1b0f
raw/pilot_final_20260731T163824Z/timing/columba/measured_3/chr22_guide_07/output.paf	105	0effc63d85fa97f691908ce0321ab857ae6f08fabd2480f35c83ff81e76c9f0e
raw/pilot_final_20260731T163824Z/timing/columba/measured_3/chr22_guide_07/stderr.txt	656	6be499e878bb8835b2d0095d754911ca511e88d92eb98ee972ab04a1f8c00a0b
raw/pilot_final_20260731T163824Z/timing/columba/measured_3/chr22_guide_08/command.txt	566	9c0ec224db1849cbefa2b5764e5537db605396f19a9a7cc317e179e279ebe990
raw/pilot_final_20260731T163824Z/timing/columba/measured_3/chr22_guide_08/metrics.tsv	294	0999b6c2f8b304499b6ddb57a22a5432407143cc765420bee87b51551f658b5e
raw/pilot_final_20260731T163824Z/timing/columba/measured_3/chr22_guide_08/output.paf	105	029b4bae64ebbe3decac5715b992bb89ceb0731276cd7cd8566eaca4250537b4
raw/pilot_final_20260731T163824Z/timing/columba/measured_3/chr22_guide_08/stderr.txt	846	d19c36693df71437a3e971b04638d4c55f47a0d94d8887a1c6ebbec6f71e8046
raw/pilot_final_20260731T163824Z/timing/columba/measured_3/chr22_guide_09/command.txt	566	b67a6b497e3a6b9bdebb34b5a399c66ef87ede69a75b252be4fab3d258472f2f
raw/pilot_final_20260731T163824Z/timing/columba/measured_3/chr22_guide_09/metrics.tsv	296	6e7a0080d384065b515eeee926e1f24bb965c9d9643240dfff07009e5b06a5a7
raw/pilot_final_20260731T163824Z/timing/columba/measured_3/chr22_guide_09/output.paf	198	0750254d4598a1695dbaade1146e921cf6dab58c8fc5ab334e4e36f882246f3f
raw/pilot_final_20260731T163824Z/timing/columba/measured_3/chr22_guide_09/stderr.txt	23907	f786f22359fb3a2a1769d5d1b500856dc5b1f5bd752fa9b56a6462248899650e
raw/pilot_final_20260731T163824Z/timing/columba/measured_3/chr22_guide_10/command.txt	566	013615c7451b42b2e94f086fe08854e475f20dd3d22c9013797b8fc057463758
raw/pilot_final_20260731T163824Z/timing/columba/measured_3/chr22_guide_10/metrics.tsv	292	372fb8112ec7aa4f1409d4285aed60bb9543bc3a1b3f43c5a3f6c9e2ef7ffc23
raw/pilot_final_20260731T163824Z/timing/columba/measured_3/chr22_guide_10/output.paf	105	bc3b9f3f86cc8bbd34d0a114947da783ee284f28a9a17754f8b3028fd08951a9
raw/pilot_final_20260731T163824Z/timing/columba/measured_3/chr22_guide_10/stderr.txt	0	e3b0c44298fc1c149afbf4c8996fb92427ae41e4649b934ca495991b7852b855
raw/pilot_final_20260731T163824Z/timing/columba/measured_3/chr22_guide_11/command.txt	566	48476778c0a3f35ba869b05bf8bf6b785237f764574c5b20d02bc627fd6fb84e
raw/pilot_final_20260731T163824Z/timing/columba/measured_3/chr22_guide_11/metrics.tsv	293	d19704077564da01d6b656abee7edbd244afa9b859adb7cb1355f18e1177b5bd
raw/pilot_final_20260731T163824Z/timing/columba/measured_3/chr22_guide_11/output.paf	105	7f92fd7dddc708c2b3ec905f92a74e766b81d6ff9eaf13b4dc9c11ff5e96767a
raw/pilot_final_20260731T163824Z/timing/columba/measured_3/chr22_guide_11/stderr.txt	94	eb38c77d3364d29cf9b4a0c82bd850e49266e1046930de12097b9d1d6f671ebe
raw/pilot_final_20260731T163824Z/timing/columba/measured_3/chr22_guide_12/command.txt	566	7eb09ce5de4178d7c4d5aa594ca636f2fb1d8967182a3455f28ac42e2bbc4525
raw/pilot_final_20260731T163824Z/timing/columba/measured_3/chr22_guide_12/metrics.tsv	293	3d91a2c9178a2767b98ffd1e156632819faddc7a53dbacd985d745c3a7eb8c63
raw/pilot_final_20260731T163824Z/timing/columba/measured_3/chr22_guide_12/output.paf	105	b7517a16df61180265ec10a20cb33a003c3ea568992073591f20e96d81391119
raw/pilot_final_20260731T163824Z/timing/columba/measured_3/chr22_guide_12/stderr.txt	94	b52ea0dac91d497aaec6f642a08329c4472b1d235792c856330e28a7c0b02c57
raw/pilot_final_20260731T163824Z/timing/columba/measured_3/chr22_guide_13/command.txt	566	8763348e45d4d4c45c8cef4948b1fd06ac339aadcc02d5a956f282c1ac0c35ef
raw/pilot_final_20260731T163824Z/timing/columba/measured_3/chr22_guide_13/metrics.tsv	293	1037dd4bdf48e6d661a9b2c9a171765822cd161d436f385b9c9cded9cd05b947
raw/pilot_final_20260731T163824Z/timing/columba/measured_3/chr22_guide_13/output.paf	105	c4ca7ddc636638d7005d3e187756ba84185296e1c2585b41d0a7a856e2606213
raw/pilot_final_20260731T163824Z/timing/columba/measured_3/chr22_guide_13/stderr.txt	94	696e651629a088ed51fa18bf92752b7cebcc5231944eb0da133c1b9ea7800ae7
raw/pilot_final_20260731T163824Z/timing/columba/measured_3/chr22_guide_14/command.txt	566	b4f95c6280b1a4dc349971cca88c87fd6230df502fa8f9023aa12bfe754f76e7
raw/pilot_final_20260731T163824Z/timing/columba/measured_3/chr22_guide_14/metrics.tsv	294	b2c7d3253573f145d569f2eb2b08a11f62ee181aa8741eb9be011dd8b15c3535
raw/pilot_final_20260731T163824Z/timing/columba/measured_3/chr22_guide_14/output.paf	214	d39c5b6762aa09453e14f55e106ab300ceb4955ee3d73b381937cbf2220ed042
raw/pilot_final_20260731T163824Z/timing/columba/measured_3/chr22_guide_14/stderr.txt	188	fc6bbc4c65e692473cbf32ff151557635e2d1dd99e4b69c5ee3da000a109cea9
raw/pilot_final_20260731T163824Z/timing/columba/measured_3/chr22_guide_15/command.txt	566	eba1264cf9013d38525c2d30bcf23d12aa2915d02fc0212879ab1e5d20bb5fc4
raw/pilot_final_20260731T163824Z/timing/columba/measured_3/chr22_guide_15/metrics.tsv	293	b32d59922f39b2d4350185ab40dd61c7b1f2509b4cc39ced14e98d065e4faf88
raw/pilot_final_20260731T163824Z/timing/columba/measured_3/chr22_guide_15/output.paf	105	850390cf00e784716c531f5e64380876ff07596af289e7ba34bc096bff075ecc
raw/pilot_final_20260731T163824Z/timing/columba/measured_3/chr22_guide_15/stderr.txt	94	f44e84d998c57621965bbb72ae37ec201bf3185e3f28563924ad182f849d8046
raw/pilot_final_20260731T163824Z/timing/columba/measured_3/chr22_guide_16/command.txt	566	f9c7351bcc66b75e96ec02ff0802506b5e2eec8a2d9441060693a17c153c38a2
raw/pilot_final_20260731T163824Z/timing/columba/measured_3/chr22_guide_16/metrics.tsv	292	d890bab6d7476a3a7621ae6780b3eb1d3994ab29f07799baa5bccc2a1df39167
raw/pilot_final_20260731T163824Z/timing/columba/measured_3/chr22_guide_16/output.paf	105	b32f95b3659bdf5efde0a545c93605a84811e1f51637e98948f88b66e0c918a9
raw/pilot_final_20260731T163824Z/timing/columba/measured_3/chr22_guide_16/stderr.txt	0	e3b0c44298fc1c149afbf4c8996fb92427ae41e4649b934ca495991b7852b855
raw/pilot_final_20260731T163824Z/timing/columba/measured_3/chr22_guide_17/command.txt	566	265dab80c13692588576635f415fb6f819f737e48546a4f351922e056f63a6d4
raw/pilot_final_20260731T163824Z/timing/columba/measured_3/chr22_guide_17/metrics.tsv	295	acf06f35484361b2a07b02583fd71f51da323681a30440baf0ea5efd51d57e4f
raw/pilot_final_20260731T163824Z/timing/columba/measured_3/chr22_guide_17/output.paf	105	1da030b92202db00fdf4fa746fa0de1c56a74c6415d7abf8e6e634730c0990ca
raw/pilot_final_20260731T163824Z/timing/columba/measured_3/chr22_guide_17/stderr.txt	3477	e8d6de60c3ba05b27001c144755f4d3ad082de5cdf0fdf5e9cf6b7717422195e
raw/pilot_final_20260731T163824Z/timing/columba/measured_3/chr22_guide_18/command.txt	566	77114703b970f8f9941648271a04fc172d15df91fc3d72635a634db9e68ae78a
raw/pilot_final_20260731T163824Z/timing/columba/measured_3/chr22_guide_18/metrics.tsv	294	2e9addffeef1ee62a9fcd966a2fb922c3118b6496c7f4e26f56fb8c9721cdc86
raw/pilot_final_20260731T163824Z/timing/columba/measured_3/chr22_guide_18/output.paf	105	7b9ea615f9aa7e046adebd0e63adf8ebdc63c09e2a683a13ae5b9e9457fd8152
raw/pilot_final_20260731T163824Z/timing/columba/measured_3/chr22_guide_18/stderr.txt	282	000abe2ead510b1e81f85058fe4a2422bdd56dfa268e082b10ff250075738f0e
raw/pilot_final_20260731T163824Z/timing/columba/measured_3/chr22_guide_19/command.txt	566	75423228da4358cddac92bbb5822ed6e161e55c6642324e65e72684aabe31ab8
raw/pilot_final_20260731T163824Z/timing/columba/measured_3/chr22_guide_19/metrics.tsv	293	6931d01c00b521584f6bf17c9efd22e258a93d616cd0ce4b099fcb09df9ab566
raw/pilot_final_20260731T163824Z/timing/columba/measured_3/chr22_guide_19/output.paf	105	7c248ba9765e06499bdbdd56fa063150392f57bbcf49d7273e7a34148cb2a14e
raw/pilot_final_20260731T163824Z/timing/columba/measured_3/chr22_guide_19/stderr.txt	94	cb99cf2cb5c76fa9de96c7d214883bdebf51068c4cfea4bec3c2c4a8fda8efb1
raw/pilot_final_20260731T163824Z/timing/columba/measured_3/chr22_guide_20/command.txt	566	0c6937bca66d9f73b75c76533cba8aa0fda72dbd5e7c1807d67919aaf4d88501
raw/pilot_final_20260731T163824Z/timing/columba/measured_3/chr22_guide_20/metrics.tsv	296	c72e6d988b2c6906cfadcff0a974be460f2f5fb30ab929f7d03aba8c5cdb32ad
raw/pilot_final_20260731T163824Z/timing/columba/measured_3/chr22_guide_20/output.paf	699	d7cbdc22dab734795edef645ff8b56288ad8f07ca5476cfee91c8abc902ec472
raw/pilot_final_20260731T163824Z/timing/columba/measured_3/chr22_guide_20/stderr.txt	48866	e99057a662fd17d483edbc4496276765b125c66cd71604a696e1c7852dab17e7
raw/pilot_final_20260731T163824Z/timing/columba/measured_3/stdout.sha256.list	1600	969124cab86c507d4de22c4ecf11dd4fb7f890297e9b0fb0ec39c62b158d36d7
raw/pilot_final_20260731T163824Z/timing/columba/warmup/chr22_guide_01/command.txt	566	988af8d9fb7aa949c17338aa69391195bbb82ac5c4719332f3d16329248cd909
raw/pilot_final_20260731T163824Z/timing/columba/warmup/chr22_guide_01/metrics.tsv	298	700eae8d1b99ecde2ce334c5b07d18e7c74af35dd22209fec7ec1db88c6970ce
raw/pilot_final_20260731T163824Z/timing/columba/warmup/chr22_guide_01/output.paf	88066	4748136198d08a3f8212510ff37f1283fe59fc471fa429b3db472d9763246239
raw/pilot_final_20260731T163824Z/timing/columba/warmup/chr22_guide_01/stderr.txt	33356	9cbceec00b385f352ae5ec8e80e4138ed44de61594a0ef0bc38a4fe62b2e7dd7
raw/pilot_final_20260731T163824Z/timing/columba/warmup/chr22_guide_02/command.txt	566	0c1fc8248f08783d01ab158c374ab506b58a3c1c996ef1da9c86b8c47c0cd027
raw/pilot_final_20260731T163824Z/timing/columba/warmup/chr22_guide_02/metrics.tsv	296	17208633fdfebcc5a17fe472f7a968994c2c81b17c28014e1f145eee55bdaf49
raw/pilot_final_20260731T163824Z/timing/columba/warmup/chr22_guide_02/output.paf	6864	8f32d63ac3fc7353d028bcbab308948f718f700957721b790efcbcfdf7b2968d
raw/pilot_final_20260731T163824Z/timing/columba/warmup/chr22_guide_02/stderr.txt	2245	67c892220045c7e6de36630e42f43c7166e3a6cbb04fcd8d07803b38b0896333
raw/pilot_final_20260731T163824Z/timing/columba/warmup/chr22_guide_03/command.txt	566	9310dbfbc83548b63deaa0d0cfe32c815e82a85b6458a95427fdab998ff2e214
raw/pilot_final_20260731T163824Z/timing/columba/warmup/chr22_guide_03/metrics.tsv	294	7a7f487ff31559aa39d3d4d140975f7739aad02a7d46ef904143ed069d937928
raw/pilot_final_20260731T163824Z/timing/columba/warmup/chr22_guide_03/output.paf	293	606c59fbabc1859613e4a31b3b8ed8c4147f5ca89d1de01946221f89097d2bce
raw/pilot_final_20260731T163824Z/timing/columba/warmup/chr22_guide_03/stderr.txt	184	ec04d3f7e1b1328ad5397a8bdd34185b098771189af9962fbc567d013800e818
raw/pilot_final_20260731T163824Z/timing/columba/warmup/chr22_guide_04/command.txt	566	75e2baf188655797b05e9bcc7c7c52978a0f9ab393a9a0f9137f5c027fc04b28
raw/pilot_final_20260731T163824Z/timing/columba/warmup/chr22_guide_04/metrics.tsv	296	67032bc434a5a099601764468bf50f1cf2a229fc57021bece062014cf8cf5d07
raw/pilot_final_20260731T163824Z/timing/columba/warmup/chr22_guide_04/output.paf	208	5c632dfc921b715b635c61d386497b7131eb4348bb520ea4a5cd13ab53ef1e7a
raw/pilot_final_20260731T163824Z/timing/columba/warmup/chr22_guide_04/stderr.txt	43109	23e8f4ffff162fdc2e25089c32203c22ccb5ac9c66770c9b5d4a6408cc154ffb
raw/pilot_final_20260731T163824Z/timing/columba/warmup/chr22_guide_05/command.txt	566	70ccd8838041ffb2b91a0368ef5d937990570a77e556ba08b90bf9c13cf759b1
raw/pilot_final_20260731T163824Z/timing/columba/warmup/chr22_guide_05/metrics.tsv	297	83b9c6cbda7e5cec5742ecae48bbbdacb051583b48473794a9f7efcad2990b59
raw/pilot_final_20260731T163824Z/timing/columba/warmup/chr22_guide_05/output.paf	15269	13d490936eb128956dcd7744ae65b99655fcac4ad3ba999a6d96498e5f4323b1
raw/pilot_final_20260731T163824Z/timing/columba/warmup/chr22_guide_05/stderr.txt	7075	ac192c7b6f04bd7ec153ca9deee4b10effcbb4185b9d200c6f35f95533887058
raw/pilot_final_20260731T163824Z/timing/columba/warmup/chr22_guide_06/command.txt	566	7e1a39c18a8234e4b77a15c338fb0b22f0d2e1ef98eaef93cbe5df88a9e50da9
raw/pilot_final_20260731T163824Z/timing/columba/warmup/chr22_guide_06/metrics.tsv	299	3460a5de7900902eb6a6b9af68f67b2f4c3cec78df0b015d2852f618cfdb06ed
raw/pilot_final_20260731T163824Z/timing/columba/warmup/chr22_guide_06/output.paf	214107	ccbb10c6b39950ff1a609a7c093affb95e09b093f31339b79eb9e55af9bea14f
raw/pilot_final_20260731T163824Z/timing/columba/warmup/chr22_guide_06/stderr.txt	26540	6ab1cb25283fe19a6bfd4fcd5c48da2d87969a73970cab771254caf7f66a6287
raw/pilot_final_20260731T163824Z/timing/columba/warmup/chr22_guide_07/command.txt	566	434733e1a3839dc4164adf8af4f6ab33375579bb27b5f6c6814f2e0e39dcc26e
raw/pilot_final_20260731T163824Z/timing/columba/warmup/chr22_guide_07/metrics.tsv	294	78797108158c8f6122319c87e882896c9592257a16f123c41f79006941ec2721
raw/pilot_final_20260731T163824Z/timing/columba/warmup/chr22_guide_07/output.paf	105	0effc63d85fa97f691908ce0321ab857ae6f08fabd2480f35c83ff81e76c9f0e
raw/pilot_final_20260731T163824Z/timing/columba/warmup/chr22_guide_07/stderr.txt	656	6be499e878bb8835b2d0095d754911ca511e88d92eb98ee972ab04a1f8c00a0b
raw/pilot_final_20260731T163824Z/timing/columba/warmup/chr22_guide_08/command.txt	566	9c0ec224db1849cbefa2b5764e5537db605396f19a9a7cc317e179e279ebe990
raw/pilot_final_20260731T163824Z/timing/columba/warmup/chr22_guide_08/metrics.tsv	294	bfa0db63907c373c00bd214c7b97e46ea0bc84693d108a26ef99f0091ca27b37
raw/pilot_final_20260731T163824Z/timing/columba/warmup/chr22_guide_08/output.paf	105	029b4bae64ebbe3decac5715b992bb89ceb0731276cd7cd8566eaca4250537b4
raw/pilot_final_20260731T163824Z/timing/columba/warmup/chr22_guide_08/stderr.txt	846	d19c36693df71437a3e971b04638d4c55f47a0d94d8887a1c6ebbec6f71e8046
raw/pilot_final_20260731T163824Z/timing/columba/warmup/chr22_guide_09/command.txt	566	b67a6b497e3a6b9bdebb34b5a399c66ef87ede69a75b252be4fab3d258472f2f
raw/pilot_final_20260731T163824Z/timing/columba/warmup/chr22_guide_09/metrics.tsv	296	a0d974ccf4f5d50c1b8859727b8a501ef52445092ca0f13eb0e1587bb4a4751a
raw/pilot_final_20260731T163824Z/timing/columba/warmup/chr22_guide_09/output.paf	198	0750254d4598a1695dbaade1146e921cf6dab58c8fc5ab334e4e36f882246f3f
raw/pilot_final_20260731T163824Z/timing/columba/warmup/chr22_guide_09/stderr.txt	23907	f786f22359fb3a2a1769d5d1b500856dc5b1f5bd752fa9b56a6462248899650e
raw/pilot_final_20260731T163824Z/timing/columba/warmup/chr22_guide_10/command.txt	566	013615c7451b42b2e94f086fe08854e475f20dd3d22c9013797b8fc057463758
raw/pilot_final_20260731T163824Z/timing/columba/warmup/chr22_guide_10/metrics.tsv	292	458bff86f720ae6a0af7b5a8974177847aa80387d310031ebe73affeb331bfa6
raw/pilot_final_20260731T163824Z/timing/columba/warmup/chr22_guide_10/output.paf	105	bc3b9f3f86cc8bbd34d0a114947da783ee284f28a9a17754f8b3028fd08951a9
raw/pilot_final_20260731T163824Z/timing/columba/warmup/chr22_guide_10/stderr.txt	0	e3b0c44298fc1c149afbf4c8996fb92427ae41e4649b934ca495991b7852b855
raw/pilot_final_20260731T163824Z/timing/columba/warmup/chr22_guide_11/command.txt	566	48476778c0a3f35ba869b05bf8bf6b785237f764574c5b20d02bc627fd6fb84e
raw/pilot_final_20260731T163824Z/timing/columba/warmup/chr22_guide_11/metrics.tsv	293	16aee074fd864d0723c33e6cebdb325d0a3c1f5a8b87c898f256c91bf0324335
raw/pilot_final_20260731T163824Z/timing/columba/warmup/chr22_guide_11/output.paf	105	7f92fd7dddc708c2b3ec905f92a74e766b81d6ff9eaf13b4dc9c11ff5e96767a
raw/pilot_final_20260731T163824Z/timing/columba/warmup/chr22_guide_11/stderr.txt	94	eb38c77d3364d29cf9b4a0c82bd850e49266e1046930de12097b9d1d6f671ebe
raw/pilot_final_20260731T163824Z/timing/columba/warmup/chr22_guide_12/command.txt	566	7eb09ce5de4178d7c4d5aa594ca636f2fb1d8967182a3455f28ac42e2bbc4525
raw/pilot_final_20260731T163824Z/timing/columba/warmup/chr22_guide_12/metrics.tsv	293	54108582aca639684c6579ef0817bf09e5ba30fb5fc30ab52ffbe01878111f0b
raw/pilot_final_20260731T163824Z/timing/columba/warmup/chr22_guide_12/output.paf	105	b7517a16df61180265ec10a20cb33a003c3ea568992073591f20e96d81391119
raw/pilot_final_20260731T163824Z/timing/columba/warmup/chr22_guide_12/stderr.txt	94	b52ea0dac91d497aaec6f642a08329c4472b1d235792c856330e28a7c0b02c57
raw/pilot_final_20260731T163824Z/timing/columba/warmup/chr22_guide_13/command.txt	566	8763348e45d4d4c45c8cef4948b1fd06ac339aadcc02d5a956f282c1ac0c35ef
raw/pilot_final_20260731T163824Z/timing/columba/warmup/chr22_guide_13/metrics.tsv	293	282a075fa7bb9de5979ef495baa130eb7276ffe6481fcc83bada7c0c1b58f593
raw/pilot_final_20260731T163824Z/timing/columba/warmup/chr22_guide_13/output.paf	105	c4ca7ddc636638d7005d3e187756ba84185296e1c2585b41d0a7a856e2606213
raw/pilot_final_20260731T163824Z/timing/columba/warmup/chr22_guide_13/stderr.txt	94	696e651629a088ed51fa18bf92752b7cebcc5231944eb0da133c1b9ea7800ae7
raw/pilot_final_20260731T163824Z/timing/columba/warmup/chr22_guide_14/command.txt	566	b4f95c6280b1a4dc349971cca88c87fd6230df502fa8f9023aa12bfe754f76e7
raw/pilot_final_20260731T163824Z/timing/columba/warmup/chr22_guide_14/metrics.tsv	294	92d35ddf461495b797f0a1526666d830c3c94e60600a23c1ec5102fff36df6d4
raw/pilot_final_20260731T163824Z/timing/columba/warmup/chr22_guide_14/output.paf	214	d39c5b6762aa09453e14f55e106ab300ceb4955ee3d73b381937cbf2220ed042
raw/pilot_final_20260731T163824Z/timing/columba/warmup/chr22_guide_14/stderr.txt	188	fc6bbc4c65e692473cbf32ff151557635e2d1dd99e4b69c5ee3da000a109cea9
raw/pilot_final_20260731T163824Z/timing/columba/warmup/chr22_guide_15/command.txt	566	eba1264cf9013d38525c2d30bcf23d12aa2915d02fc0212879ab1e5d20bb5fc4
raw/pilot_final_20260731T163824Z/timing/columba/warmup/chr22_guide_15/metrics.tsv	293	d70884f0131894c328c643f95d910469a3ceeebd5aec53eee4a5e5ba5d5cd025
raw/pilot_final_20260731T163824Z/timing/columba/warmup/chr22_guide_15/output.paf	105	850390cf00e784716c531f5e64380876ff07596af289e7ba34bc096bff075ecc
raw/pilot_final_20260731T163824Z/timing/columba/warmup/chr22_guide_15/stderr.txt	94	f44e84d998c57621965bbb72ae37ec201bf3185e3f28563924ad182f849d8046
raw/pilot_final_20260731T163824Z/timing/columba/warmup/chr22_guide_16/command.txt	566	f9c7351bcc66b75e96ec02ff0802506b5e2eec8a2d9441060693a17c153c38a2
raw/pilot_final_20260731T163824Z/timing/columba/warmup/chr22_guide_16/metrics.tsv	292	3593288db48ceb7a1ddfe44356c5f9a7dc0e487463d4a29ce4a3e9dccd52ea62
raw/pilot_final_20260731T163824Z/timing/columba/warmup/chr22_guide_16/output.paf	105	b32f95b3659bdf5efde0a545c93605a84811e1f51637e98948f88b66e0c918a9
raw/pilot_final_20260731T163824Z/timing/columba/warmup/chr22_guide_16/stderr.txt	0	e3b0c44298fc1c149afbf4c8996fb92427ae41e4649b934ca495991b7852b855
raw/pilot_final_20260731T163824Z/timing/columba/warmup/chr22_guide_17/command.txt	566	265dab80c13692588576635f415fb6f819f737e48546a4f351922e056f63a6d4
raw/pilot_final_20260731T163824Z/timing/columba/warmup/chr22_guide_17/metrics.tsv	295	4ea454afdfa5ca0cd5e8a1cb4149bcfd757e16ade702555f10cf15f85c44a4e9
raw/pilot_final_20260731T163824Z/timing/columba/warmup/chr22_guide_17/output.paf	105	1da030b92202db00fdf4fa746fa0de1c56a74c6415d7abf8e6e634730c0990ca
raw/pilot_final_20260731T163824Z/timing/columba/warmup/chr22_guide_17/stderr.txt	3477	e8d6de60c3ba05b27001c144755f4d3ad082de5cdf0fdf5e9cf6b7717422195e
raw/pilot_final_20260731T163824Z/timing/columba/warmup/chr22_guide_18/command.txt	566	77114703b970f8f9941648271a04fc172d15df91fc3d72635a634db9e68ae78a
raw/pilot_final_20260731T163824Z/timing/columba/warmup/chr22_guide_18/metrics.tsv	294	f1416f385f40492387702a8472808b3063c02607bae9579e4b73ed81fa08cea6
raw/pilot_final_20260731T163824Z/timing/columba/warmup/chr22_guide_18/output.paf	105	7b9ea615f9aa7e046adebd0e63adf8ebdc63c09e2a683a13ae5b9e9457fd8152
raw/pilot_final_20260731T163824Z/timing/columba/warmup/chr22_guide_18/stderr.txt	282	000abe2ead510b1e81f85058fe4a2422bdd56dfa268e082b10ff250075738f0e
raw/pilot_final_20260731T163824Z/timing/columba/warmup/chr22_guide_19/command.txt	566	75423228da4358cddac92bbb5822ed6e161e55c6642324e65e72684aabe31ab8
raw/pilot_final_20260731T163824Z/timing/columba/warmup/chr22_guide_19/metrics.tsv	293	fed415f1f5d48d733d44e3b876421f06659b14efa42e4ad6d29c25047c9115ab
raw/pilot_final_20260731T163824Z/timing/columba/warmup/chr22_guide_19/output.paf	105	7c248ba9765e06499bdbdd56fa063150392f57bbcf49d7273e7a34148cb2a14e
raw/pilot_final_20260731T163824Z/timing/columba/warmup/chr22_guide_19/stderr.txt	94	cb99cf2cb5c76fa9de96c7d214883bdebf51068c4cfea4bec3c2c4a8fda8efb1
raw/pilot_final_20260731T163824Z/timing/columba/warmup/chr22_guide_20/command.txt	566	0c6937bca66d9f73b75c76533cba8aa0fda72dbd5e7c1807d67919aaf4d88501
raw/pilot_final_20260731T163824Z/timing/columba/warmup/chr22_guide_20/metrics.tsv	296	28bbd0ce5b05852925b2fe82e77cedf1397a06ddb580b3599ad596aac151e84b
raw/pilot_final_20260731T163824Z/timing/columba/warmup/chr22_guide_20/output.paf	699	d7cbdc22dab734795edef645ff8b56288ad8f07ca5476cfee91c8abc902ec472
raw/pilot_final_20260731T163824Z/timing/columba/warmup/chr22_guide_20/stderr.txt	48866	e99057a662fd17d483edbc4496276765b125c66cd71604a696e1c7852dab17e7
raw/pilot_final_20260731T163824Z/timing/columba/warmup/stdout.sha256.list	1600	969124cab86c507d4de22c4ecf11dd4fb7f890297e9b0fb0ec39c62b158d36d7
raw/pilot_final_20260731T163824Z/timing_summary.tsv	486	89cefb0a528adf9cbc9fcec472b392a8e8e46d22face79261788c1b9a5f58ce6
