guide_id	mode	phase	iteration	exit_status	wall_seconds	user_seconds	system_seconds	peak_rss_kib	paf_records	candidate_count	stdout_sha256	stderr_sha256
chr22_100_guide_001	baseline	correctness	pilot	0	33.865958	33.819151	0.039998	124024	2	not_exposed	c9c93b5e3642ad2be4fd3699f495e8d1c48adb430768e7ff532b1a4c59fa0c05	ecd997460eff8b19bac120208f47edd7be53e3371027aaa35d95fa07a5e79089
chr22_100_guide_001	columba	correctness	pilot	0	0.454684	0.273646	0.128924	290152	2	not_exposed	c9c93b5e3642ad2be4fd3699f495e8d1c48adb430768e7ff532b1a4c59fa0c05	1e3c641d38fd3d4b1cd876bbb13830d7fb2fb20f77ad12222230d037dc68d895
chr22_100_guide_002	baseline	correctness	pilot	0	33.716574	33.664296	0.044000	124052	16	not_exposed	0422486e190c33e1914bfe10563c561e6fc1a1f686af30d5e7a55cba9d1e5438	e3b0c44298fc1c149afbf4c8996fb92427ae41e4649b934ca495991b7852b855
chr22_100_guide_002	columba	correctness	pilot	0	0.705942	0.367773	0.160534	290236	21	not_exposed	87b02444da0f2ab8be03442bf4b8948663370c5a682f070b36a827822ee531e3	e925e6374c2b14f26ce352338d241501af5403cd20c2f7a0a66a7ff0957a82b9
chr22_100_guide_003	baseline	correctness	pilot	0	33.968031	33.889517	0.035997	124064	16	not_exposed	b1fb9aa39cacb022055195ef7dba7343c8fc879f2dc35b1bb9e3a5c71e1e23e0	638bd673bf5fc22f3fc8fe75f5600789d2b5d3f971a550e9446c8845c8fb98e7
chr22_100_guide_003	columba	correctness	pilot	0	0.554867	0.303820	0.151658	290148	849	not_exposed	42c85ab9ac542a0a68f74f516c324f16feaf1ad5d780ddfa17aa882a9000849d	d5b5b7e3b34b61dc81dc8aab501910e13be4bc817fe9b96479eef46411ddf2a0
chr22_100_guide_004	baseline	correctness	pilot	0	33.911364	33.864674	0.019998	123992	1	not_exposed	691ce0260ac4ff8426decb079b6ec2efdf4680b3abaced64e9143840bccb9552	e3b0c44298fc1c149afbf4c8996fb92427ae41e4649b934ca495991b7852b855
chr22_100_guide_004	columba	correctness	pilot	0	0.605507	0.345725	0.145700	290252	1	not_exposed	691ce0260ac4ff8426decb079b6ec2efdf4680b3abaced64e9143840bccb9552	a4c7fcea839152b57f9d48000d08a15502fd89d0fd27949928e5d265dda849b7
chr22_100_guide_005	baseline	correctness	pilot	0	34.918331	34.859342	0.035999	123972	1	not_exposed	d47f48944044bdd8d7b7148bc7fb286471ae8603baf0ef44a0d613b5748e28a9	e3b0c44298fc1c149afbf4c8996fb92427ae41e4649b934ca495991b7852b855
chr22_100_guide_005	columba	correctness	pilot	0	0.454605	0.262990	0.132248	290336	1	not_exposed	95686fb2b7a30116b7ae2cc467351eaaf4c6f25cab6f6b7bc6dcc05f1c409532	011f515d83cd8b0bf4648cfa3d329bea0cb2939a7aabcbf319c9ccbd2ece994c
chr22_100_guide_006	baseline	correctness	pilot	0	34.168929	34.091565	0.043999	124092	4	not_exposed	381669eac105895c77936e91601bef5a44b194dce1468388fa6bc22b65e83aab	e3b0c44298fc1c149afbf4c8996fb92427ae41e4649b934ca495991b7852b855
chr22_100_guide_006	columba	correctness	pilot	0	2.260465	0.854155	0.493681	290624	4	not_exposed	381669eac105895c77936e91601bef5a44b194dce1468388fa6bc22b65e83aab	9739780944683faaa4ef3f313f816b862f341378b37d0ab5c6f2f11c524f85ce
chr22_100_guide_007	baseline	correctness	pilot	0	34.261766	34.185191	0.064009	124072	39	not_exposed	8c79c9f74d621ca368e7a5010df949e191f9383e93c08a0d7059b905cc0ffda7	2814a80526a6afc7f5c3e0f343a8afda41ae9af94298eccefb5974a61c27896f
chr22_100_guide_007	columba	correctness	pilot	0	0.906560	0.426017	0.222520	290396	77	not_exposed	d298f59746650faabb2ca5561ee87dd6713d6657c3eeebcb15b3c30fa3c0c022	403d87bc80095f7dba4286b814ee578933bb15ea4b2720f3a94553d5d4a69f41
chr22_100_guide_008	baseline	correctness	pilot	0	34.968271	34.880293	0.039995	124048	68	not_exposed	1c8845363d90825b8ae340946833959933ab6ef5fb8cc51a58e5c318ecbda056	b2b32f17633bad48f0d63dd8593879a3898a801f59345a837879f804a8b0a9ca
chr22_100_guide_008	columba	correctness	pilot	0	0.455158	0.286234	0.115100	290420	70	not_exposed	8f32d63ac3fc7353d028bcbab308948f718f700957721b790efcbcfdf7b2968d	67c892220045c7e6de36630e42f43c7166e3a6cbb04fcd8d07803b38b0896333
chr22_100_guide_009	baseline	correctness	pilot	0	33.921354	33.822554	0.055997	123984	2	not_exposed	7ff435e8f2284b0e1155c1c41e547855555c50593735221aa581ff02bbcfd922	e3b0c44298fc1c149afbf4c8996fb92427ae41e4649b934ca495991b7852b855
chr22_100_guide_009	columba	correctness	pilot	0	0.455141	0.267212	0.136292	290156	4	not_exposed	f852312a894362e0b31472a7c87cc296c09d811ed71a73c469ed1ae252e2fefe	f9a5b9bf57218d2245080f337460f0f31693b21bce927496b6424a06a4356606
chr22_100_guide_010	baseline	correctness	pilot	0	33.715685	33.618060	0.059996	124104	19	not_exposed	2e0e36bd1d8a9d315885d8afb4d6ebec9f6f8c904301628cc99bd5dcc6773ffb	ecd997460eff8b19bac120208f47edd7be53e3371027aaa35d95fa07a5e79089
chr22_100_guide_010	columba	correctness	pilot	0	0.655677	0.345917	0.167154	290220	25	not_exposed	b8db8d29518bcd793fe2cf11a647c9c419525e6da6f3c9efa22d172c191ba4c4	09b67aada08755086fd2e6118d65bf7e9f49291d271c5abe563bb62ebc797503
chr22_100_guide_011	baseline	correctness	pilot	0	34.525396	34.460190	0.036000	123980	1	not_exposed	951a40369bd86d0839b2d2addecaf6b337cdc3fa4cf552c0d5fd78bef17d3892	e3b0c44298fc1c149afbf4c8996fb92427ae41e4649b934ca495991b7852b855
chr22_100_guide_011	columba	correctness	pilot	0	0.454625	0.261902	0.134720	290284	21	not_exposed	ec592648254199539685feee5357d093e2e1ec0b8ee82c9ce1e89057db95c2aa	e3b0c44298fc1c149afbf4c8996fb92427ae41e4649b934ca495991b7852b855
chr22_100_guide_012	baseline	correctness	pilot	0	33.705569	33.623148	0.051986	124036	4	not_exposed	f693a92e20748272242c1d8d3a1b90c09e045d71ee219e8daf561a07fcf1b3bf	e3b0c44298fc1c149afbf4c8996fb92427ae41e4649b934ca495991b7852b855
chr22_100_guide_012	columba	correctness	pilot	0	0.455149	0.282205	0.116113	290384	8	not_exposed	9b00eaabadec78eddf839955f38b2c49038c64b495db9fc7cba00a4c5b16c2fd	e3b0c44298fc1c149afbf4c8996fb92427ae41e4649b934ca495991b7852b855
chr22_100_guide_013	baseline	correctness	pilot	0	34.213406	34.126096	0.051997	124052	1	not_exposed	d0e1f61006a51712a6e3a7a08a2d9ed9a2e486bf46c47b49e89668b53f2efe69	e3b0c44298fc1c149afbf4c8996fb92427ae41e4649b934ca495991b7852b855
chr22_100_guide_013	columba	correctness	pilot	0	0.454811	0.264968	0.141094	290140	3	not_exposed	606c59fbabc1859613e4a31b3b8ed8c4147f5ca89d1de01946221f89097d2bce	ec04d3f7e1b1328ad5397a8bdd34185b098771189af9962fbc567d013800e818
chr22_100_guide_014	baseline	correctness	pilot	0	33.612463	33.531336	0.040003	124112	7	not_exposed	607b674d30dff3c1c42e35e27d5265deb647245de700280723da5cee2be1949d	ecd997460eff8b19bac120208f47edd7be53e3371027aaa35d95fa07a5e79089
chr22_100_guide_014	columba	correctness	pilot	0	0.454911	0.300276	0.124032	290272	193	not_exposed	9d3f96b7c5db3e0da42d54d04629e5c2f3b7306de3a7b74cbbe19baeec72ef91	4429f6d37a56106f41ade5f8232056512f2c14e6a716c1b4f088b61464e12a95
chr22_100_guide_015	baseline	correctness	pilot	0	34.464336	34.405913	0.051984	124136	8	not_exposed	1b77bf4d550c500a8ee0cb43d470d52c1e427554d2029a6ae46073763e13b472	2a9b3581cbbd9e5fa2548c708ad7a124377988e8d910e9dfb15410b25f9166bf
chr22_100_guide_015	columba	correctness	pilot	0	2.712505	1.090399	0.498087	290648	121	not_exposed	e55942ac6df6ea5194730aa80c266f855204986eea43ac4bf3ebf7d75fa0e169	9d39fb2239ad6c24bc2177f8f8fc624629eba55e42615de578eff18b5dd9cfe1
chr22_100_guide_016	baseline	correctness	pilot	0	34.068307	33.999622	0.032003	124088	1	not_exposed	664ca84d364b11b722ac1aa282d988cb26faa580c3801fc71e980d0a2785483d	e3b0c44298fc1c149afbf4c8996fb92427ae41e4649b934ca495991b7852b855
chr22_100_guide_016	columba	correctness	pilot	0	0.454924	0.294472	0.124856	290252	1	not_exposed	664ca84d364b11b722ac1aa282d988cb26faa580c3801fc71e980d0a2785483d	647a3c26fb0f04ad019100c4ab0390ab87ed5c84aadfe7a252bca70b1e3bd96d
chr22_100_guide_017	baseline	correctness	pilot	0	33.808566	33.757881	0.044002	123940	42	not_exposed	c9640921a1633a31fff3009d84cb604e813785e475e180493b5008eddd5cf4a5	ee9d5e55ce77a86f64a05cf8cba4484606ca247314b3cb2b53d7d60b1519c5b6
chr22_100_guide_017	columba	correctness	pilot	0	1.859506	0.759392	0.390023	292268	65	not_exposed	9852752810a86bc2ec08e1deae289cb1e46a4172c7b2e475ed07820b6266dd53	6c92947d95b3ae3f0e0ed0a3c24424f6bd041ec1db5523ff91ca421eff2f6f9d
chr22_100_guide_018	baseline	correctness	pilot	0	33.712111	33.641915	0.043992	124168	2	not_exposed	a14c7617088d038a70adbf1f43853e09c8728d9eb8b692f6bebaeecda9d2bbf8	e3b0c44298fc1c149afbf4c8996fb92427ae41e4649b934ca495991b7852b855
chr22_100_guide_018	columba	correctness	pilot	0	0.554986	0.298721	0.160852	290284	2	not_exposed	5c632dfc921b715b635c61d386497b7131eb4348bb520ea4a5cd13ab53ef1e7a	23e8f4ffff162fdc2e25089c32203c22ccb5ac9c66770c9b5d4a6408cc154ffb
chr22_100_guide_019	baseline	correctness	pilot	0	36.169070	34.831478	1.323828	124056	1	not_exposed	6cdd7ce54810d5bc4f6f9e343cba7e89b5868d4aa230081223fa53049a31ac4f	e3b0c44298fc1c149afbf4c8996fb92427ae41e4649b934ca495991b7852b855
chr22_100_guide_019	columba	correctness	pilot	0	0.455118	0.279657	0.125745	290156	1	not_exposed	6cdd7ce54810d5bc4f6f9e343cba7e89b5868d4aa230081223fa53049a31ac4f	dc56e723a41ad2b033072b1d35240963852ef67de09ef8478a44d1daa4a0e78a
chr22_100_guide_020	baseline	correctness	pilot	0	33.866654	33.827568	0.032003	123960	1	not_exposed	444ff3228a137a38f7153b4f242a69cfa59f508d73251c41aa4006df73b202e7	e3b0c44298fc1c149afbf4c8996fb92427ae41e4649b934ca495991b7852b855
chr22_100_guide_020	columba	correctness	pilot	0	0.655570	0.330177	0.185265	290132	7	not_exposed	e201d7cfc5ec4a9979af6c9a236130b8f36d6e0e4dcfef596b106dbc39010303	b458b467a03688a50351b56d6e3c449c56ad4edc944351aafb91ac49def2d89e
chr22_100_guide_021	baseline	correctness	pilot	0	33.468817	33.377827	0.047996	124056	1	not_exposed	70d3142b6438b2233c1a63a2ac833233a13a2d75bf75339f1fccaff2fa81b453	e3b0c44298fc1c149afbf4c8996fb92427ae41e4649b934ca495991b7852b855
chr22_100_guide_021	columba	correctness	pilot	0	0.454959	0.284250	0.119152	290180	1	not_exposed	70d3142b6438b2233c1a63a2ac833233a13a2d75bf75339f1fccaff2fa81b453	d56d96fe98b333f362ee9bd6376532e8bc00f0bfcb42456116b5b2cd748bb70d
chr22_100_guide_022	baseline	correctness	pilot	0	33.760738	33.669040	0.059994	123996	1	not_exposed	204889acb01cc5647d5755c52d4e664bc0f1e42e49862ffb2ae2cf1585ad7b50	e3b0c44298fc1c149afbf4c8996fb92427ae41e4649b934ca495991b7852b855
chr22_100_guide_022	columba	correctness	pilot	0	2.062625	0.855273	0.408845	290388	1	not_exposed	6b72b7d58a6bb9700568183d8342e8f3bc79c45ffa1f7e46c161effbf9985c5d	1bdc42a6859b8b52c1db369907a7439fdf814d31ad0591c6948691ed396edcd1
chr22_100_guide_023	baseline	correctness	pilot	0	34.916461	34.860943	0.039996	124344	149	not_exposed	8066a5e39caf78bf0cac01aa1dc91a6d1211b5892fc5875490679eb24872a81f	fba7e1444d1935a3ecae72a339d215d7e66c93737ae3105ef796647230a4c72b
chr22_100_guide_023	columba	correctness	pilot	0	0.454968	0.285668	0.125043	290248	149	not_exposed	13d490936eb128956dcd7744ae65b99655fcac4ad3ba999a6d96498e5f4323b1	ac192c7b6f04bd7ec153ca9deee4b10effcbb4185b9d200c6f35f95533887058
chr22_100_guide_024	baseline	correctness	pilot	0	34.360337	34.304521	0.040000	124096	1	not_exposed	d7464b7872231b66a5d5e8b9529462954e8dbe3c50718817fdfc12087ef94681	e3b0c44298fc1c149afbf4c8996fb92427ae41e4649b934ca495991b7852b855
chr22_100_guide_024	columba	correctness	pilot	0	0.705574	0.402139	0.147631	290272	2	not_exposed	bcee63120e7a1ad9985f53ede79aec2d8e27e6be8190904374c9bd2675cce1d4	20e0d047a90eb941c28e7c3eadd3682e2d2baa7519ca17df715655ce2d25a138
chr22_100_guide_025	baseline	correctness	pilot	0	34.260450	34.156213	0.040000	124196	133	not_exposed	a050c3614088d28140b98bc93b85cdcf774ad1cb450ab6c11993017d3c082c37	656c6c43708a37c613083b28d786b8a8e5c7c93a0f56ff02845bf632613ef7b4
chr22_100_guide_025	columba	correctness	pilot	0	2.661950	1.163364	0.499848	290900	3307	not_exposed	7f78171e7e6e43e57fe0ccabe7cc5e8fc6ad058811ae50a138478aec4dbcd946	a34f27a5f1f0c21115f51c2a00f1de92d7498004bf63229ab020afe0cdc3dd75
chr22_100_guide_026	baseline	correctness	pilot	0	33.961001	33.889469	0.035997	124044	6	not_exposed	13bb7b2015f62e0900a83bc402db697daa2b20bda1089aa791553c2cb857d593	e3b0c44298fc1c149afbf4c8996fb92427ae41e4649b934ca495991b7852b855
chr22_100_guide_026	columba	correctness	pilot	0	2.562254	0.946917	0.538717	290208	64	not_exposed	74ee2057f2511f0387c90decf264283593386e47d9b30347bc9921ddcc60dd17	24451543d4981af6965232fc89a42aae084c85b1effd413db55357f5b81b7551
chr22_100_guide_027	baseline	correctness	pilot	0	33.921558	33.864474	0.044000	124004	2	not_exposed	a7610eb051e87a34826545d10fcf8102943e8611a97a657a33ec94ff2afe4c13	e3b0c44298fc1c149afbf4c8996fb92427ae41e4649b934ca495991b7852b855
chr22_100_guide_027	columba	correctness	pilot	0	0.454587	0.261265	0.140609	290204	2	not_exposed	a7610eb051e87a34826545d10fcf8102943e8611a97a657a33ec94ff2afe4c13	ca6032de9107568e011efa775fb138933bc1f4163d835edc39d12e948093dfde
chr22_100_guide_028	baseline	correctness	pilot	0	34.972222	34.910333	0.036002	124036	58	not_exposed	9838a748f83250618473227cbc2b798e921118551a385e778337b49637186fe3	e3b0c44298fc1c149afbf4c8996fb92427ae41e4649b934ca495991b7852b855
chr22_100_guide_028	columba	correctness	pilot	0	0.555367	0.348044	0.119721	290616	2001	not_exposed	ccbb10c6b39950ff1a609a7c093affb95e09b093f31339b79eb9e55af9bea14f	6ab1cb25283fe19a6bfd4fcd5c48da2d87969a73970cab771254caf7f66a6287
chr22_100_guide_029	baseline	correctness	pilot	0	33.619555	33.529637	0.056002	124084	54	not_exposed	fec4266348f400a636b679dea725f0c74e62ee984b07daae005cd78179aa0b16	e3b0c44298fc1c149afbf4c8996fb92427ae41e4649b934ca495991b7852b855
chr22_100_guide_029	columba	correctness	pilot	0	0.555251	0.324756	0.139629	290140	1862	not_exposed	023a0db1667cffab02ece840deaeba274e313dbe75e80a569d4eb1e108049a70	d4e0a36311e4ca8e67b4e69d062e253606ee8ba50c03ffb98d71774fa810bdfb
chr22_100_guide_030	baseline	correctness	pilot	0	34.461055	34.381899	0.052002	125124	2028	not_exposed	d51a56eb32a0157988459abda9c4570ce1ce48f6ffbe6adebc65814d4d685584	767251ea2186789fd1cd90132d747be89a52555ee68e421329b153d9f9a77322
chr22_100_guide_030	columba	correctness	pilot	0	1.207081	0.570155	0.252944	290272	2154	not_exposed	e96360b064c516b87fc1693427dead08c7b0c7e111a9ad12d3d41bda12ba3e0e	dcd1a0046df890a8b3a39f7884dafa87cf0c672958395ee079ca311c62f39e1c
chr22_100_guide_031	baseline	correctness	pilot	0	33.662403	33.559139	0.055991	124004	1	not_exposed	bcce8596509aa2be4a7f3566961162e72e4443c46ea7cf8fc2c5ffb6cee2780a	e3b0c44298fc1c149afbf4c8996fb92427ae41e4649b934ca495991b7852b855
chr22_100_guide_031	columba	correctness	pilot	0	1.558522	0.600480	0.353602	290128	2	not_exposed	5d5573821365e7bc8b578e4c8587ad85cc0ce7e73cc826859074ffc07c945a42	6d757fd7aeea9c62de2f65f7620c111ca2fee818c410d59cbc0beeac17789d75
chr22_100_guide_032	baseline	correctness	pilot	0	34.112138	34.034903	0.055991	124136	1	not_exposed	c25a6440be62186e25b0f165358d0d0900b923751f80af6ee5c27f0f29a85af6	e3b0c44298fc1c149afbf4c8996fb92427ae41e4649b934ca495991b7852b855
chr22_100_guide_032	columba	correctness	pilot	0	0.454841	0.278343	0.131550	290488	1	not_exposed	c25a6440be62186e25b0f165358d0d0900b923751f80af6ee5c27f0f29a85af6	5bcc52812e3cd79f2c949096180d3f1ac01ae06d29eea04285bba87168ded8f9
chr22_100_guide_033	baseline	correctness	pilot	0	33.966227	33.872680	0.051988	124068	1	not_exposed	0effc63d85fa97f691908ce0321ab857ae6f08fabd2480f35c83ff81e76c9f0e	e3b0c44298fc1c149afbf4c8996fb92427ae41e4649b934ca495991b7852b855
chr22_100_guide_033	columba	correctness	pilot	0	0.455192	0.284043	0.123606	290360	1	not_exposed	0effc63d85fa97f691908ce0321ab857ae6f08fabd2480f35c83ff81e76c9f0e	6be499e878bb8835b2d0095d754911ca511e88d92eb98ee972ab04a1f8c00a0b
chr22_100_guide_034	baseline	correctness	pilot	0	34.516723	34.456734	0.048001	123984	1	not_exposed	b799f84402b88ca7eda644ce1b5b5eb56c02b09c04d62fc51c4c70dc76c6b583	e3b0c44298fc1c149afbf4c8996fb92427ae41e4649b934ca495991b7852b855
chr22_100_guide_034	columba	correctness	pilot	0	0.454942	0.264983	0.137756	290376	1	not_exposed	b799f84402b88ca7eda644ce1b5b5eb56c02b09c04d62fc51c4c70dc76c6b583	4f6dc5b5a164eea9ba79b4a4c7ee686bbb2ef32b24b407949991d9e320496ddb
chr22_100_guide_035	baseline	correctness	pilot	0	34.363718	34.285979	0.055990	124056	10	not_exposed	aeb84e7a83d7f5e43e1b08a7219b302505d104518e290226e70e560f25ec4f99	638bd673bf5fc22f3fc8fe75f5600789d2b5d3f971a550e9446c8845c8fb98e7
chr22_100_guide_035	columba	correctness	pilot	0	0.504769	0.293762	0.144534	290144	10	not_exposed	986145a86aa41385a9bbb5cd5338e224f19dc118858eeb759d145e4a054fb385	19a7bce57c2268e495189ce0232b0b13a465741e4349b22a1ea0d29dcc9002df
chr22_100_guide_036	baseline	correctness	pilot	0	33.662057	33.587080	0.039998	124016	1	not_exposed	d902219eeefe3ff64202f082d0493776f51eb4ff2b0f1167c0e670f923533dc4	e3b0c44298fc1c149afbf4c8996fb92427ae41e4649b934ca495991b7852b855
chr22_100_guide_036	columba	correctness	pilot	0	0.455167	0.274330	0.131942	290208	1	not_exposed	d902219eeefe3ff64202f082d0493776f51eb4ff2b0f1167c0e670f923533dc4	561879fe16bf8d8d845615014aafa1348557dc2b653402bc983228fe11f91985
chr22_100_guide_037	baseline	correctness	pilot	0	34.315578	34.225240	0.044001	124052	1	not_exposed	87a59470956d0b27daf38e5e39ded5e150cdea0e868b3bb38ed13ec71694f010	e3b0c44298fc1c149afbf4c8996fb92427ae41e4649b934ca495991b7852b855
chr22_100_guide_037	columba	correctness	pilot	0	0.454932	0.275198	0.136973	290636	1	not_exposed	87a59470956d0b27daf38e5e39ded5e150cdea0e868b3bb38ed13ec71694f010	e3b0c44298fc1c149afbf4c8996fb92427ae41e4649b934ca495991b7852b855
chr22_100_guide_038	baseline	correctness	pilot	0	34.465502	34.349481	0.068002	124088	1	not_exposed	029b4bae64ebbe3decac5715b992bb89ceb0731276cd7cd8566eaca4250537b4	e3b0c44298fc1c149afbf4c8996fb92427ae41e4649b934ca495991b7852b855
chr22_100_guide_038	columba	correctness	pilot	0	0.454909	0.252926	0.146371	290148	1	not_exposed	029b4bae64ebbe3decac5715b992bb89ceb0731276cd7cd8566eaca4250537b4	d19c36693df71437a3e971b04638d4c55f47a0d94d8887a1c6ebbec6f71e8046
chr22_100_guide_039	baseline	correctness	pilot	0	34.068338	34.005352	0.028001	123976	1	not_exposed	a699d8af011bf9deb858b41d0fae396d8cff7641f7f0fffbf757531340e4d266	e3b0c44298fc1c149afbf4c8996fb92427ae41e4649b934ca495991b7852b855
chr22_100_guide_039	columba	correctness	pilot	0	0.454920	0.282328	0.121299	290300	1	not_exposed	a699d8af011bf9deb858b41d0fae396d8cff7641f7f0fffbf757531340e4d266	e3b0c44298fc1c149afbf4c8996fb92427ae41e4649b934ca495991b7852b855
chr22_100_guide_040	baseline	correctness	pilot	0	33.574082	33.473446	0.068002	124040	1	not_exposed	4390a33a35b7293befeadb9fa60eb9d4727d057633aeb9a93007f6581228ca97	e3b0c44298fc1c149afbf4c8996fb92427ae41e4649b934ca495991b7852b855
chr22_100_guide_040	columba	correctness	pilot	0	0.454955	0.253820	0.145467	290340	1	not_exposed	4390a33a35b7293befeadb9fa60eb9d4727d057633aeb9a93007f6581228ca97	7e3c0298e47ada9502fe1ab91e5aed0852345691cf2da9d42a3b3bb1585655fc
chr22_100_guide_041	baseline	correctness	pilot	0	36.917963	34.509167	2.351806	124104	1	not_exposed	3e8108b8109dce3b65881841a62543e3eb3ba821fff9bc76b9b5e43ac8c75d77	e3b0c44298fc1c149afbf4c8996fb92427ae41e4649b934ca495991b7852b855
chr22_100_guide_041	columba	correctness	pilot	0	0.454716	0.277611	0.132998	290396	1	not_exposed	3e8108b8109dce3b65881841a62543e3eb3ba821fff9bc76b9b5e43ac8c75d77	30d5bd1a2fd8f421e7be29640f109fecf4e022892dc5732c56ef1b76e1f5233b
chr22_100_guide_042	baseline	correctness	pilot	0	34.060753	33.997772	0.047996	123964	1	not_exposed	5924fcb39f9667884df027edda8f627478be6271057a2d69844c736321e3169f	e3b0c44298fc1c149afbf4c8996fb92427ae41e4649b934ca495991b7852b855
chr22_100_guide_042	columba	correctness	pilot	0	0.455010	0.303896	0.129660	290360	1	not_exposed	5924fcb39f9667884df027edda8f627478be6271057a2d69844c736321e3169f	e3b0c44298fc1c149afbf4c8996fb92427ae41e4649b934ca495991b7852b855
chr22_100_guide_043	baseline	correctness	pilot	0	33.909812	33.844152	0.032000	124056	2	not_exposed	0750254d4598a1695dbaade1146e921cf6dab58c8fc5ab334e4e36f882246f3f	ecd997460eff8b19bac120208f47edd7be53e3371027aaa35d95fa07a5e79089
chr22_100_guide_043	columba	correctness	pilot	0	0.505268	0.300138	0.130037	290252	2	not_exposed	0750254d4598a1695dbaade1146e921cf6dab58c8fc5ab334e4e36f882246f3f	f786f22359fb3a2a1769d5d1b500856dc5b1f5bd752fa9b56a6462248899650e
chr22_100_guide_044	baseline	correctness	pilot	0	33.761452	33.653093	0.063994	124084	2	not_exposed	fa914a29da8996379fd30ef387eefd7cdc6893880f37a6f45eeedb5b45c937c8	ecd997460eff8b19bac120208f47edd7be53e3371027aaa35d95fa07a5e79089
chr22_100_guide_044	columba	correctness	pilot	0	0.454591	0.278561	0.137523	290260	2	not_exposed	fa914a29da8996379fd30ef387eefd7cdc6893880f37a6f45eeedb5b45c937c8	aa527725aa07ee4e1a1873921188b10360514049cf3e6ec4bdf5fc490d38675e
chr22_100_guide_045	baseline	correctness	pilot	0	37.119430	36.183226	0.903980	124016	1	not_exposed	7e528a989c31c40be279492b74efb2b32bbafcb76168ffa5ecf4da003dd2852c	e3b0c44298fc1c149afbf4c8996fb92427ae41e4649b934ca495991b7852b855
chr22_100_guide_045	columba	correctness	pilot	0	0.405266	0.265246	0.128840	290312	1	not_exposed	7e528a989c31c40be279492b74efb2b32bbafcb76168ffa5ecf4da003dd2852c	dd567e27451842465f72c8df72e5b23a60f4533474e55b65999ba98af50e5e25
chr22_100_guide_046	baseline	correctness	pilot	0	33.660526	33.586128	0.051984	123972	1	not_exposed	714554ca8eac6dff9bf1ea7bcd982ded36f466eaa79bea00a33e12ff4252393b	e3b0c44298fc1c149afbf4c8996fb92427ae41e4649b934ca495991b7852b855
chr22_100_guide_046	columba	correctness	pilot	0	0.454667	0.283963	0.122100	290292	1	not_exposed	714554ca8eac6dff9bf1ea7bcd982ded36f466eaa79bea00a33e12ff4252393b	32b0fdb408a245e8ea00a9e3729e5f81f9093394a9fdef4348318ec666ad1e55
chr22_100_guide_047	baseline	correctness	pilot	0	34.066367	34.000077	0.055993	124108	1	not_exposed	ca51411298336dbdfe2d1022ed02e74028dfbcd2e0e397a8224fce4f6017af72	e3b0c44298fc1c149afbf4c8996fb92427ae41e4649b934ca495991b7852b855
chr22_100_guide_047	columba	correctness	pilot	0	0.454711	0.268586	0.130095	290400	1	not_exposed	ca51411298336dbdfe2d1022ed02e74028dfbcd2e0e397a8224fce4f6017af72	b76583d8074d81b6123010653d515a4ff97310c43c5bf08081014d9154db7606
chr22_100_guide_048	baseline	correctness	pilot	0	33.969843	33.899763	0.051999	123944	1	not_exposed	bc3b9f3f86cc8bbd34d0a114947da783ee284f28a9a17754f8b3028fd08951a9	e3b0c44298fc1c149afbf4c8996fb92427ae41e4649b934ca495991b7852b855
chr22_100_guide_048	columba	correctness	pilot	0	0.455155	0.284538	0.120383	290256	1	not_exposed	bc3b9f3f86cc8bbd34d0a114947da783ee284f28a9a17754f8b3028fd08951a9	e3b0c44298fc1c149afbf4c8996fb92427ae41e4649b934ca495991b7852b855
chr22_100_guide_049	baseline	correctness	pilot	0	34.207610	34.111271	0.055992	124036	3	not_exposed	183882d3a63163e76a98ee38ccfea1b4877101dd283d80328c01c33dcd6c0e0b	e3b0c44298fc1c149afbf4c8996fb92427ae41e4649b934ca495991b7852b855
chr22_100_guide_049	columba	correctness	pilot	0	0.454748	0.272321	0.134413	290240	3	not_exposed	00230428f6d63582ec60d092b6bc6c689bf77cb21e9480a627f5e8c16d0dc979	42d1ec48cb0493956d77fad00767b6c2fed5e28ca7790d50779e46dd1957fd55
chr22_100_guide_050	baseline	correctness	pilot	0	34.711046	34.627173	0.035999	124148	12	not_exposed	cdfcb6c17423e58af5af22102e71c3afe70da276a855b996d57ec0695bcf7660	6e0a62bd0c2f08ba96ba668f896ebe3fa32339495c43eb259f7923a25e2bbb65
chr22_100_guide_050	columba	correctness	pilot	0	0.705356	0.377162	0.171390	290100	80	not_exposed	dce37de5e1818cdd17e4ee8033bf40efbe0d2c545e9392b2dcc57b55c2826417	25673b27f69837dff68516645411fc0233445a384636410926722510c4091cf8
chr22_100_guide_051	baseline	correctness	pilot	0	34.159358	34.067744	0.059992	124120	1	not_exposed	14ef5eacd0519bf8d6f3f1e421b2147ce2cef2d89992ac6bc3c0c6493049fd6f	e3b0c44298fc1c149afbf4c8996fb92427ae41e4649b934ca495991b7852b855
chr22_100_guide_051	columba	correctness	pilot	0	0.455035	0.261764	0.146720	290196	1	not_exposed	14ef5eacd0519bf8d6f3f1e421b2147ce2cef2d89992ac6bc3c0c6493049fd6f	b3f77e03add0f929849c64c186a0f6ee8168522805e29a074a8498ff01f34924
chr22_100_guide_052	baseline	correctness	pilot	0	34.259743	34.206432	0.035998	124060	1	not_exposed	b743dcf20b0f8a4d8e1a343b97d48c58a0bc7fc4d1bb2a983a38d2078d740fcd	e3b0c44298fc1c149afbf4c8996fb92427ae41e4649b934ca495991b7852b855
chr22_100_guide_052	columba	correctness	pilot	0	0.454776	0.271520	0.127020	290132	1	not_exposed	b743dcf20b0f8a4d8e1a343b97d48c58a0bc7fc4d1bb2a983a38d2078d740fcd	2948117454b190d6eeeaca3bc94a2bf5793d77da14d80a9f2def8405cee8a845
chr22_100_guide_053	baseline	correctness	pilot	0	33.762831	33.688622	0.051994	124008	1	not_exposed	7f92fd7dddc708c2b3ec905f92a74e766b81d6ff9eaf13b4dc9c11ff5e96767a	e3b0c44298fc1c149afbf4c8996fb92427ae41e4649b934ca495991b7852b855
chr22_100_guide_053	columba	correctness	pilot	0	0.455013	0.285960	0.135263	290288	1	not_exposed	7f92fd7dddc708c2b3ec905f92a74e766b81d6ff9eaf13b4dc9c11ff5e96767a	eb38c77d3364d29cf9b4a0c82bd850e49266e1046930de12097b9d1d6f671ebe
chr22_100_guide_054	baseline	correctness	pilot	0	33.663628	33.612836	0.039996	124008	13	not_exposed	a3f996eafe8edb438a0ef9cc29ff2c9d076dd06077727963e045b33f102900cc	6dd37d45626373f97b36828739234e64b591905fb707084ab0eaed58b1b00c27
chr22_100_guide_054	columba	correctness	pilot	0	0.504619	0.277407	0.145215	290300	14	not_exposed	3058fcd54fc966d78fcbca10605d2ef57a8d520fd2d192714139789500cccfed	b11e22db3237d2c4296c631fbac7919ba0f6978dc69402ccbec8cecedb0888da
chr22_100_guide_055	baseline	correctness	pilot	0	33.568896	33.500898	0.036005	124076	1	not_exposed	a3d6cd5055990fc10a7f55f785689720f3a06133f1b0f4568f98749ce2751038	e3b0c44298fc1c149afbf4c8996fb92427ae41e4649b934ca495991b7852b855
chr22_100_guide_055	columba	correctness	pilot	0	0.454735	0.314517	0.099004	290456	1	not_exposed	a3d6cd5055990fc10a7f55f785689720f3a06133f1b0f4568f98749ce2751038	cbf8fe25e09218949637c014c44b0ac6c41b7c9311afed997f16260a3c1fbf6a
chr22_100_guide_056	baseline	correctness	pilot	0	33.707906	33.636299	0.052000	124100	1	not_exposed	4a6cdc3b90d2775c2496444fab6f836151cd422ec2c82a9bf758cde5414f2417	e3b0c44298fc1c149afbf4c8996fb92427ae41e4649b934ca495991b7852b855
chr22_100_guide_056	columba	correctness	pilot	0	0.454702	0.268662	0.142697	290728	1	not_exposed	4a6cdc3b90d2775c2496444fab6f836151cd422ec2c82a9bf758cde5414f2417	e3b0c44298fc1c149afbf4c8996fb92427ae41e4649b934ca495991b7852b855
chr22_100_guide_057	baseline	correctness	pilot	0	33.709873	33.629386	0.051995	124100	47	not_exposed	e447aa0d7123fcaedec935b3f8ed884340b0440a321c2a67fe809c7ccae27345	b2b32f17633bad48f0d63dd8593879a3898a801f59345a837879f804a8b0a9ca
chr22_100_guide_057	columba	correctness	pilot	0	1.207358	0.550247	0.255739	290220	587	not_exposed	77d45e9f5ee3882ec6330d54e9c5cc3440047ffeae274f559bcd95b1bd3bfae3	2b9901666ce4054a63da25ca6c9450e93992d4499d571856646b5da90316ded1
chr22_100_guide_058	baseline	correctness	pilot	0	33.459483	33.400350	0.040000	124020	1	not_exposed	b7517a16df61180265ec10a20cb33a003c3ea568992073591f20e96d81391119	e3b0c44298fc1c149afbf4c8996fb92427ae41e4649b934ca495991b7852b855
chr22_100_guide_058	columba	correctness	pilot	0	0.454868	0.276126	0.126161	290276	1	not_exposed	b7517a16df61180265ec10a20cb33a003c3ea568992073591f20e96d81391119	b52ea0dac91d497aaec6f642a08329c4472b1d235792c856330e28a7c0b02c57
chr22_100_guide_059	baseline	correctness	pilot	0	34.310431	34.254581	0.043998	124016	1	not_exposed	a6e8f7dbe8440152b018e778c86e594c220662576f7388bf74086116bfb557b5	e3b0c44298fc1c149afbf4c8996fb92427ae41e4649b934ca495991b7852b855
chr22_100_guide_059	columba	correctness	pilot	0	0.455015	0.269595	0.137607	290328	1	not_exposed	a6e8f7dbe8440152b018e778c86e594c220662576f7388bf74086116bfb557b5	0125d3c4984bdc22f6fcb221414dd3900ca99fecfcf592d4992e3000caf67fe4
chr22_100_guide_060	baseline	correctness	pilot	0	34.921055	34.827765	0.051993	124084	1	not_exposed	96bacc0c5f62f5ee3cb64d6560e882e64673267447e8714383a4ab744f1c99a8	e3b0c44298fc1c149afbf4c8996fb92427ae41e4649b934ca495991b7852b855
chr22_100_guide_060	columba	correctness	pilot	0	0.455386	0.270208	0.138492	290280	1	not_exposed	96bacc0c5f62f5ee3cb64d6560e882e64673267447e8714383a4ab744f1c99a8	ccbb31fe1ebb9328fe27201916e87bd7c24b711b7b0b063a7f477755fe73cf70
chr22_100_guide_061	baseline	correctness	pilot	0	33.860514	33.778919	0.071997	124052	1	not_exposed	9246314add68bcb309196485353ca32264aa9d97b65d40e3825659e7fa9e07c5	e3b0c44298fc1c149afbf4c8996fb92427ae41e4649b934ca495991b7852b855
chr22_100_guide_061	columba	correctness	pilot	0	0.454884	0.262617	0.139406	290360	1	not_exposed	9246314add68bcb309196485353ca32264aa9d97b65d40e3825659e7fa9e07c5	12cf0f82ebccaab6f5456eda16e6f1aa1c8c09e0e0b6bfe076d282d5294656c8
chr22_100_guide_062	baseline	correctness	pilot	0	33.060700	32.957433	0.055988	124044	1	not_exposed	4832e7aa711ccdac22496f6cb8a979eec30369c372fca1b6aba1e3edfb12e8a1	e3b0c44298fc1c149afbf4c8996fb92427ae41e4649b934ca495991b7852b855
chr22_100_guide_062	columba	correctness	pilot	0	0.454747	0.296347	0.101407	290340	1	not_exposed	4832e7aa711ccdac22496f6cb8a979eec30369c372fca1b6aba1e3edfb12e8a1	e3b0c44298fc1c149afbf4c8996fb92427ae41e4649b934ca495991b7852b855
chr22_100_guide_063	baseline	correctness	pilot	0	34.717478	34.652295	0.036000	124088	1	not_exposed	c4ca7ddc636638d7005d3e187756ba84185296e1c2585b41d0a7a856e2606213	e3b0c44298fc1c149afbf4c8996fb92427ae41e4649b934ca495991b7852b855
chr22_100_guide_063	columba	correctness	pilot	0	0.454949	0.259292	0.152075	290152	1	not_exposed	c4ca7ddc636638d7005d3e187756ba84185296e1c2585b41d0a7a856e2606213	696e651629a088ed51fa18bf92752b7cebcc5231944eb0da133c1b9ea7800ae7
chr22_100_guide_064	baseline	correctness	pilot	0	33.664850	33.564906	0.059994	124040	1	not_exposed	b38f02456f345d872287da7f74b53691b169eb255cc35d11d103c308c700d2eb	e3b0c44298fc1c149afbf4c8996fb92427ae41e4649b934ca495991b7852b855
chr22_100_guide_064	columba	correctness	pilot	0	0.455165	0.252720	0.145296	290244	1	not_exposed	b38f02456f345d872287da7f74b53691b169eb255cc35d11d103c308c700d2eb	80ee862860c0660e526ecb32b831aefab1ec8d289bb9d77c6b7b292513f4e728
chr22_100_guide_065	baseline	correctness	pilot	0	34.465906	34.354541	0.059997	124064	1	not_exposed	4a6f7a313e251182f276be210f99075cb7bfa5275fa278d132ac27df6e713db1	e3b0c44298fc1c149afbf4c8996fb92427ae41e4649b934ca495991b7852b855
chr22_100_guide_065	columba	correctness	pilot	0	0.454729	0.264997	0.136179	290108	1	not_exposed	4a6f7a313e251182f276be210f99075cb7bfa5275fa278d132ac27df6e713db1	e3b0c44298fc1c149afbf4c8996fb92427ae41e4649b934ca495991b7852b855
chr22_100_guide_066	baseline	correctness	pilot	0	36.833865	35.598005	1.223793	124024	1	not_exposed	4802296ebbba9922a4ece696902be06427691049808ba406ed873a9a4a219f9c	e3b0c44298fc1c149afbf4c8996fb92427ae41e4649b934ca495991b7852b855
chr22_100_guide_066	columba	correctness	pilot	0	0.454867	0.273289	0.128977	290140	1	not_exposed	4802296ebbba9922a4ece696902be06427691049808ba406ed873a9a4a219f9c	5f467778f752a1aaed5df46d05a9a1b73450c302e12b8f1f7e33ddf845f2077e
chr22_100_guide_067	baseline	correctness	pilot	0	34.065925	33.962975	0.059998	124016	1	not_exposed	0229a4fc79d3d37ddda05a4910899ff60fcd29aa41d3690d08b235deae1dd329	e3b0c44298fc1c149afbf4c8996fb92427ae41e4649b934ca495991b7852b855
chr22_100_guide_067	columba	correctness	pilot	0	0.455054	0.280180	0.129829	290092	1	not_exposed	0229a4fc79d3d37ddda05a4910899ff60fcd29aa41d3690d08b235deae1dd329	53b771ffaca11cb96d720daf7c16129376f1614689ba28d188fa0d0308cc5d07
chr22_100_guide_068	baseline	correctness	pilot	0	33.966209	33.861671	0.055996	124052	2	not_exposed	d39c5b6762aa09453e14f55e106ab300ceb4955ee3d73b381937cbf2220ed042	e3b0c44298fc1c149afbf4c8996fb92427ae41e4649b934ca495991b7852b855
chr22_100_guide_068	columba	correctness	pilot	0	0.455496	0.261586	0.143805	290428	2	not_exposed	d39c5b6762aa09453e14f55e106ab300ceb4955ee3d73b381937cbf2220ed042	fc6bbc4c65e692473cbf32ff151557635e2d1dd99e4b69c5ee3da000a109cea9
chr22_100_guide_069	baseline	correctness	pilot	0	33.771313	33.679753	0.047993	124040	1	not_exposed	894b1dbfd640275e381c43f266827b3b0b872a2b9928a9ade378892e79cddd91	e3b0c44298fc1c149afbf4c8996fb92427ae41e4649b934ca495991b7852b855
chr22_100_guide_069	columba	correctness	pilot	0	0.455203	0.281023	0.133847	290400	1	not_exposed	77885b288a794217926cbdc3f9557271a5584ca0a3525a33368ba9dfa0f79c36	5d430161443a2a46da19dfd91300b023436381d8acde81bd4858cc16663951ac
chr22_100_guide_070	baseline	correctness	pilot	0	33.461723	33.384370	0.052000	124100	1	not_exposed	555a66e1753526673117e366fb233c844df0cfc38a64971866528e20e52f4ca2	e3b0c44298fc1c149afbf4c8996fb92427ae41e4649b934ca495991b7852b855
chr22_100_guide_070	columba	correctness	pilot	0	0.454709	0.281986	0.118835	290328	1	not_exposed	555a66e1753526673117e366fb233c844df0cfc38a64971866528e20e52f4ca2	daf225fd739240830663f4f6fa1add420c3d409ae734e31ecd3e9a98f65456bd
chr22_100_guide_071	baseline	correctness	pilot	0	33.619040	33.554338	0.039998	124020	1	not_exposed	db50066ab5215e0ab40715d3e84c765c47977eb5d92e2f74fef9a37ee0c19f96	e3b0c44298fc1c149afbf4c8996fb92427ae41e4649b934ca495991b7852b855
chr22_100_guide_071	columba	correctness	pilot	0	0.455185	0.274109	0.132352	290344	1	not_exposed	db50066ab5215e0ab40715d3e84c765c47977eb5d92e2f74fef9a37ee0c19f96	e3b0c44298fc1c149afbf4c8996fb92427ae41e4649b934ca495991b7852b855
chr22_100_guide_072	baseline	correctness	pilot	0	33.365403	33.299958	0.047999	124008	1	not_exposed	a7389bd954eaa7a8f7c3e448a2ff3a3f4ef011b680d833fad933fd884d099eca	e3b0c44298fc1c149afbf4c8996fb92427ae41e4649b934ca495991b7852b855
chr22_100_guide_072	columba	correctness	pilot	0	0.454841	0.276779	0.132495	290156	1	not_exposed	a7389bd954eaa7a8f7c3e448a2ff3a3f4ef011b680d833fad933fd884d099eca	9b7501725ac0e846ebbf11d00696dd347ff96cf1e9b93286935af165a5a8fa66
chr22_100_guide_073	baseline	correctness	pilot	0	35.819711	34.472429	1.303864	124060	1	not_exposed	850390cf00e784716c531f5e64380876ff07596af289e7ba34bc096bff075ecc	e3b0c44298fc1c149afbf4c8996fb92427ae41e4649b934ca495991b7852b855
chr22_100_guide_073	columba	correctness	pilot	0	0.455032	0.275139	0.135274	290324	1	not_exposed	850390cf00e784716c531f5e64380876ff07596af289e7ba34bc096bff075ecc	f44e84d998c57621965bbb72ae37ec201bf3185e3f28563924ad182f849d8046
chr22_100_guide_074	baseline	correctness	pilot	0	33.408547	33.321540	0.059995	124064	1	not_exposed	1f00016106bffc2ceba39230352e1e4ef914076353527946b8890d37546c25f5	e3b0c44298fc1c149afbf4c8996fb92427ae41e4649b934ca495991b7852b855
chr22_100_guide_074	columba	correctness	pilot	0	0.705686	0.367436	0.175328	290376	15	not_exposed	76a6c31466fe8a92224b497f48d2a2b9c37e70f1819d8dbfb848d4f9edb761fa	5d8c3c5262e38d7dcf79bb590cb26e9f2d0dcf06deb7d1592a9870792a22513e
chr22_100_guide_075	baseline	correctness	pilot	0	33.358693	33.284434	0.040000	124024	58	not_exposed	614fa5b4f485a1fa8c00df490945639ea3b852b19e198bebe4d74ffe93ad1b88	cae01c86d9418ff48743f603d690cbbed7cfd0a775aa61abea8fe81d849a788f
chr22_100_guide_075	columba	correctness	pilot	0	0.708394	0.380228	0.178528	290652	690	not_exposed	8cd88d35a6239e28f2d4fbc087a6b9692a349aea3a2e67d683ea11cc00b840b9	ae0d360083b0af56bd11fb704abe24935addb611a3312190e66090cd83bd6649
chr22_100_guide_076	baseline	correctness	pilot	0	33.910914	33.831894	0.044005	124092	4	not_exposed	b142ef637df4e3f99cba0ff326382f5ebefaebebec7f67f50ae570d3cb77d0e9	e738f131400a5df528e34a9a74400f6996b29d28e34bef3f730ed59c9b584539
chr22_100_guide_076	columba	correctness	pilot	0	1.056850	0.478805	0.225912	290316	38	not_exposed	a3708319d6d4098cc051809e3fc924b4e19fa417c7730648eec2d9aff2c6874f	cb3d9fed22603537236f05dd51494a2dd8aff4f617ef543b45f73896a1ee5453
chr22_100_guide_077	baseline	correctness	pilot	0	34.065954	34.004610	0.047995	124084	1	not_exposed	e3869c3952dd0b0eb3e37141b1040c6f25b82c4e398011436f2219c75f8febe8	e3b0c44298fc1c149afbf4c8996fb92427ae41e4649b934ca495991b7852b855
chr22_100_guide_077	columba	correctness	pilot	0	0.455100	0.252517	0.148206	290368	1	not_exposed	e3869c3952dd0b0eb3e37141b1040c6f25b82c4e398011436f2219c75f8febe8	b9c553e0ccfe2ce660998762584c8775fddbac678c08f7828037c9b6239ea576
chr22_100_guide_078	baseline	correctness	pilot	0	34.216464	34.112956	0.055995	123992	1	not_exposed	b32f95b3659bdf5efde0a545c93605a84811e1f51637e98948f88b66e0c918a9	e3b0c44298fc1c149afbf4c8996fb92427ae41e4649b934ca495991b7852b855
chr22_100_guide_078	columba	correctness	pilot	0	0.454936	0.276827	0.128236	290308	1	not_exposed	b32f95b3659bdf5efde0a545c93605a84811e1f51637e98948f88b66e0c918a9	e3b0c44298fc1c149afbf4c8996fb92427ae41e4649b934ca495991b7852b855
chr22_100_guide_079	baseline	correctness	pilot	0	33.958112	33.892791	0.047995	124028	1	not_exposed	3719b9c87eb26bae46571444132aecd72ec6971081ed8592128ac8081655f637	e3b0c44298fc1c149afbf4c8996fb92427ae41e4649b934ca495991b7852b855
chr22_100_guide_079	columba	correctness	pilot	0	0.454897	0.276208	0.124608	290272	1	not_exposed	3719b9c87eb26bae46571444132aecd72ec6971081ed8592128ac8081655f637	ba8e3024a8dbd3ab92f3c3efd62af4339a44a56f1d02bd2d31d752a8b26c0e77
chr22_100_guide_080	baseline	correctness	pilot	0	34.017835	33.956504	0.047989	123944	1	not_exposed	5c9d989f365df1d424483a28cbc77093b089ff7ebee8cd46972f309ff0b6db17	e3b0c44298fc1c149afbf4c8996fb92427ae41e4649b934ca495991b7852b855
chr22_100_guide_080	columba	correctness	pilot	0	0.455232	0.294302	0.108947	290104	1	not_exposed	5c9d989f365df1d424483a28cbc77093b089ff7ebee8cd46972f309ff0b6db17	2f17411719ddcf823a39fa8532b48978e18ea71b4f65cc71e1b1d51840c18def
chr22_100_guide_081	baseline	correctness	pilot	0	34.315069	34.261243	0.048001	124012	1	not_exposed	60f8b2bdc588b6b13527c78acc609879caa8defea9c72ada132dee63d52ad9bf	e3b0c44298fc1c149afbf4c8996fb92427ae41e4649b934ca495991b7852b855
chr22_100_guide_081	columba	correctness	pilot	0	0.454996	0.293950	0.107031	290404	1	not_exposed	60f8b2bdc588b6b13527c78acc609879caa8defea9c72ada132dee63d52ad9bf	e3b0c44298fc1c149afbf4c8996fb92427ae41e4649b934ca495991b7852b855
chr22_100_guide_082	baseline	correctness	pilot	0	34.966240	34.901597	0.043996	124120	1	not_exposed	8aa0d629b648d54d65dead9f626b4f79b04416d14abcb761ce6f8afd4c8d5a02	e3b0c44298fc1c149afbf4c8996fb92427ae41e4649b934ca495991b7852b855
chr22_100_guide_082	columba	correctness	pilot	0	0.454680	0.286394	0.113556	290284	1	not_exposed	8aa0d629b648d54d65dead9f626b4f79b04416d14abcb761ce6f8afd4c8d5a02	e3b0c44298fc1c149afbf4c8996fb92427ae41e4649b934ca495991b7852b855
chr22_100_guide_083	baseline	correctness	pilot	0	33.468696	33.410491	0.035994	124152	1	not_exposed	1da030b92202db00fdf4fa746fa0de1c56a74c6415d7abf8e6e634730c0990ca	e3b0c44298fc1c149afbf4c8996fb92427ae41e4649b934ca495991b7852b855
chr22_100_guide_083	columba	correctness	pilot	0	0.455221	0.268161	0.131504	290328	1	not_exposed	1da030b92202db00fdf4fa746fa0de1c56a74c6415d7abf8e6e634730c0990ca	e8d6de60c3ba05b27001c144755f4d3ad082de5cdf0fdf5e9cf6b7717422195e
chr22_100_guide_084	baseline	correctness	pilot	0	34.159718	34.097946	0.047997	124084	5	not_exposed	d3912c4fe014403d39f5babbc235cd2d4fea43649489b9579873d8d170b294d0	ecd997460eff8b19bac120208f47edd7be53e3371027aaa35d95fa07a5e79089
chr22_100_guide_084	columba	correctness	pilot	0	0.855905	0.413957	0.201514	291920	59	not_exposed	3d5c5eea17a8aa3a8f994922ea224d56786739f5f0a5310fdde2fb172a35766e	2a914062b2e61c0fc83bf7fd2ab17483db18f0ba4c11d5d51cac16a335f4a276
chr22_100_guide_085	baseline	correctness	pilot	0	34.463676	34.404913	0.051995	124024	1	not_exposed	886f21508ef43139da65b3307d412b9c43af12390fb60b152be51f2961337117	e3b0c44298fc1c149afbf4c8996fb92427ae41e4649b934ca495991b7852b855
chr22_100_guide_085	columba	correctness	pilot	0	0.454581	0.283363	0.124137	290296	1	not_exposed	886f21508ef43139da65b3307d412b9c43af12390fb60b152be51f2961337117	e3b0c44298fc1c149afbf4c8996fb92427ae41e4649b934ca495991b7852b855
chr22_100_guide_086	baseline	correctness	pilot	0	33.961337	33.859156	0.055998	124000	1	not_exposed	b49d937c3f713b95c07b0df4983659c5531f5062b2c8b309c93edf95c5d33253	e3b0c44298fc1c149afbf4c8996fb92427ae41e4649b934ca495991b7852b855
chr22_100_guide_086	columba	correctness	pilot	0	0.454821	0.263750	0.136340	290356	1	not_exposed	b49d937c3f713b95c07b0df4983659c5531f5062b2c8b309c93edf95c5d33253	fe8b505978787bbd7a6d3b5268bab52bb800793326eda2f064520359431dd393
chr22_100_guide_087	baseline	correctness	pilot	0	33.664270	33.566925	0.063997	124068	3	not_exposed	9a84143c1c0ae741457654eac03a337269c00cb43411a6b54461fbe5949d0b50	e3b0c44298fc1c149afbf4c8996fb92427ae41e4649b934ca495991b7852b855
chr22_100_guide_087	columba	correctness	pilot	0	0.805855	0.384782	0.205740	290248	5	not_exposed	7299c25e9e9229b69fae4918dbd7a3d10cf292aa3a5ae9e727231b52918c4ec1	e022cf39cf254e9d5e76a228fc4449c3751d849c1fa8e8eb5b7d348ead9de8a8
chr22_100_guide_088	baseline	correctness	pilot	0	34.167822	34.075736	0.039994	124024	1	not_exposed	7b9ea615f9aa7e046adebd0e63adf8ebdc63c09e2a683a13ae5b9e9457fd8152	e3b0c44298fc1c149afbf4c8996fb92427ae41e4649b934ca495991b7852b855
chr22_100_guide_088	columba	correctness	pilot	0	0.455160	0.277530	0.139664	290404	1	not_exposed	7b9ea615f9aa7e046adebd0e63adf8ebdc63c09e2a683a13ae5b9e9457fd8152	000abe2ead510b1e81f85058fe4a2422bdd56dfa268e082b10ff250075738f0e
chr22_100_guide_089	baseline	correctness	pilot	0	34.511595	34.459915	0.036004	124064	1	not_exposed	790719bd8847db6a942f261864ea37c0ec15f7a4f400e0bd1eaf31a8e659f354	e3b0c44298fc1c149afbf4c8996fb92427ae41e4649b934ca495991b7852b855
chr22_100_guide_089	columba	correctness	pilot	0	0.455019	0.273330	0.128936	290044	1	not_exposed	790719bd8847db6a942f261864ea37c0ec15f7a4f400e0bd1eaf31a8e659f354	5747958b98329bf390adcb88fe0c55df552279978269e4428317edf8497c35fb
chr22_100_guide_090	baseline	correctness	pilot	0	34.464593	34.381365	0.035997	124068	1	not_exposed	af0e7d04b9032b6ba55a507cdc6196da5e7f3adbce117a38bb6ba2d2fb078cba	e3b0c44298fc1c149afbf4c8996fb92427ae41e4649b934ca495991b7852b855
chr22_100_guide_090	columba	correctness	pilot	0	0.455278	0.266257	0.130756	290300	1	not_exposed	af0e7d04b9032b6ba55a507cdc6196da5e7f3adbce117a38bb6ba2d2fb078cba	bb969d4b02ddd34c284543e306e202b2336d7575aa86daa3e6466757c09fd92b
chr22_100_guide_091	baseline	correctness	pilot	0	33.311145	33.239276	0.043993	124068	2	not_exposed	cf53e5c0ba2549b95ad7cc66f6caa57165a2d7ef971b8448816c1f5189dcba42	e3b0c44298fc1c149afbf4c8996fb92427ae41e4649b934ca495991b7852b855
chr22_100_guide_091	columba	correctness	pilot	0	0.455163	0.268348	0.132745	290076	2	not_exposed	cf53e5c0ba2549b95ad7cc66f6caa57165a2d7ef971b8448816c1f5189dcba42	99ee76e9b64774c9369be8a6f72c896db95e3888b9d30ddcbc455b25e12e4601
chr22_100_guide_092	baseline	correctness	pilot	0	34.269850	33.929039	0.311972	124108	1	not_exposed	36dc22934c7c02b9c1a4043e7fa71e9fab23fac626842ee0233fa0a19e8a4d8d	e3b0c44298fc1c149afbf4c8996fb92427ae41e4649b934ca495991b7852b855
chr22_100_guide_092	columba	correctness	pilot	0	0.455128	0.285018	0.122431	290320	1	not_exposed	36dc22934c7c02b9c1a4043e7fa71e9fab23fac626842ee0233fa0a19e8a4d8d	f9edfd1414c172b5a32e647be62f7efb9a1867b2825caa326cd197691299ad06
chr22_100_guide_093	baseline	correctness	pilot	0	36.118985	34.600084	1.491831	124008	1	not_exposed	7c248ba9765e06499bdbdd56fa063150392f57bbcf49d7273e7a34148cb2a14e	e3b0c44298fc1c149afbf4c8996fb92427ae41e4649b934ca495991b7852b855
chr22_100_guide_093	columba	correctness	pilot	0	0.505204	0.280814	0.120529	290336	1	not_exposed	7c248ba9765e06499bdbdd56fa063150392f57bbcf49d7273e7a34148cb2a14e	cb99cf2cb5c76fa9de96c7d214883bdebf51068c4cfea4bec3c2c4a8fda8efb1
chr22_100_guide_094	baseline	correctness	pilot	0	33.767540	33.717623	0.043996	124084	1	not_exposed	b129ef3c4f85946c1752fcdec67457fbfa137faf10c495dcfb79020726f0093a	e3b0c44298fc1c149afbf4c8996fb92427ae41e4649b934ca495991b7852b855
chr22_100_guide_094	columba	correctness	pilot	0	0.454971	0.268100	0.162109	290376	1	not_exposed	b129ef3c4f85946c1752fcdec67457fbfa137faf10c495dcfb79020726f0093a	e3b0c44298fc1c149afbf4c8996fb92427ae41e4649b934ca495991b7852b855
chr22_100_guide_095	baseline	correctness	pilot	0	33.912231	33.827332	0.055998	124084	2	not_exposed	72cfccdb732c7f835e82aebb76ca4186954ee044989d4d3f165c230249e1ab41	e3b0c44298fc1c149afbf4c8996fb92427ae41e4649b934ca495991b7852b855
chr22_100_guide_095	columba	correctness	pilot	0	0.455264	0.263595	0.135071	290384	2	not_exposed	72cfccdb732c7f835e82aebb76ca4186954ee044989d4d3f165c230249e1ab41	8dd8d8e768aa6c5cd7d90852728b3841c27aebb8dbde3dfbf7f30997ce15d157
chr22_100_guide_096	baseline	correctness	pilot	0	33.256687	33.182247	0.039997	124016	1	not_exposed	66356638d350f202a4fc3653512e2eb61d180a210d3b4874237620fdd88f45ac	e3b0c44298fc1c149afbf4c8996fb92427ae41e4649b934ca495991b7852b855
chr22_100_guide_096	columba	correctness	pilot	0	0.454904	0.281774	0.125801	290268	1	not_exposed	66356638d350f202a4fc3653512e2eb61d180a210d3b4874237620fdd88f45ac	96e1dce767526b5e03b01ea34764f33de2e58653d775c70a8355e05d5d77a707
chr22_100_guide_097	baseline	correctness	pilot	0	33.715325	33.634454	0.035998	124056	1	not_exposed	ec3317eca52cb313be8b742bd84d70d8e9f8f3d3a8dfda83e632d9ec5b3e7472	e3b0c44298fc1c149afbf4c8996fb92427ae41e4649b934ca495991b7852b855
chr22_100_guide_097	columba	correctness	pilot	0	0.454739	0.249885	0.159909	290368	1	not_exposed	ec3317eca52cb313be8b742bd84d70d8e9f8f3d3a8dfda83e632d9ec5b3e7472	c34143c4b66ce37c239db5fc991d73357da56a527f237f74e6df9d61bb22831f
chr22_100_guide_098	baseline	correctness	pilot	0	34.811254	34.766469	0.039998	124072	1	not_exposed	624a957aae98b6d231ae1011b4e64e108e7b8e8e44287e46c4862920d0454e11	e3b0c44298fc1c149afbf4c8996fb92427ae41e4649b934ca495991b7852b855
chr22_100_guide_098	columba	correctness	pilot	0	0.554975	0.310129	0.155764	290272	9	not_exposed	a016348f37755f8ce13e2e0e89980f934c47f1ed13f33ce69a965f043799e3ea	cf3712505c294ae6537378b91da6f8bca9bb56345e251df5353bc39739d8fd3e
chr22_100_guide_099	baseline	correctness	pilot	0	33.363458	33.289471	0.044001	124148	2	not_exposed	ae2950cc930771cbd394906d42c51ef44aa1d759562b83917e788a9d26f47d1d	ecd997460eff8b19bac120208f47edd7be53e3371027aaa35d95fa07a5e79089
chr22_100_guide_099	columba	correctness	pilot	0	0.455078	0.283106	0.127560	290340	4	not_exposed	b00ff7e072d9842bb0b22f9c6466a689c12afe9775188950e97e7229b6dc8e93	ff5c429edcc84b2bd2955d16c05ac27a1dc11df3ce849c05a33687f69b642bd8
chr22_100_guide_100	baseline	correctness	pilot	0	33.523918	33.467617	0.027999	124128	2	not_exposed	4bb6e4f08a7316ba26ec3e6f894f79070071b55d78d6c1605a50035d0a1d9c79	e3b0c44298fc1c149afbf4c8996fb92427ae41e4649b934ca495991b7852b855
chr22_100_guide_100	columba	correctness	pilot	0	0.455063	0.274832	0.136176	290240	2	not_exposed	4bb6e4f08a7316ba26ec3e6f894f79070071b55d78d6c1605a50035d0a1d9c79	43c575a7c9c47d3164a453eb851e84a8842b01388a4b2fe7c9503045ddc887e0
chr22_100_guide_001	baseline	timing	warmup	0	33.865132	33.815261	0.031995	124156	2	not_exposed	c9c93b5e3642ad2be4fd3699f495e8d1c48adb430768e7ff532b1a4c59fa0c05	ecd997460eff8b19bac120208f47edd7be53e3371027aaa35d95fa07a5e79089
chr22_100_guide_002	baseline	timing	warmup	0	33.610511	33.561563	0.040001	124224	16	not_exposed	0422486e190c33e1914bfe10563c561e6fc1a1f686af30d5e7a55cba9d1e5438	e3b0c44298fc1c149afbf4c8996fb92427ae41e4649b934ca495991b7852b855
chr22_100_guide_003	baseline	timing	warmup	0	33.913569	33.835184	0.055992	124136	16	not_exposed	b1fb9aa39cacb022055195ef7dba7343c8fc879f2dc35b1bb9e3a5c71e1e23e0	638bd673bf5fc22f3fc8fe75f5600789d2b5d3f971a550e9446c8845c8fb98e7
chr22_100_guide_004	baseline	timing	warmup	0	33.909895	33.869612	0.036001	124084	1	not_exposed	691ce0260ac4ff8426decb079b6ec2efdf4680b3abaced64e9143840bccb9552	e3b0c44298fc1c149afbf4c8996fb92427ae41e4649b934ca495991b7852b855
chr22_100_guide_005	baseline	timing	warmup	0	34.772189	34.679474	0.055999	124156	1	not_exposed	d47f48944044bdd8d7b7148bc7fb286471ae8603baf0ef44a0d613b5748e28a9	e3b0c44298fc1c149afbf4c8996fb92427ae41e4649b934ca495991b7852b855
chr22_100_guide_006	baseline	timing	warmup	0	34.866331	34.764062	0.063992	124204	4	not_exposed	381669eac105895c77936e91601bef5a44b194dce1468388fa6bc22b65e83aab	e3b0c44298fc1c149afbf4c8996fb92427ae41e4649b934ca495991b7852b855
chr22_100_guide_007	baseline	timing	warmup	0	34.561426	34.498601	0.039998	124104	39	not_exposed	8c79c9f74d621ca368e7a5010df949e191f9383e93c08a0d7059b905cc0ffda7	2814a80526a6afc7f5c3e0f343a8afda41ae9af94298eccefb5974a61c27896f
chr22_100_guide_008	baseline	timing	warmup	0	34.214178	34.117029	0.055988	124104	68	not_exposed	1c8845363d90825b8ae340946833959933ab6ef5fb8cc51a58e5c318ecbda056	b2b32f17633bad48f0d63dd8593879a3898a801f59345a837879f804a8b0a9ca
chr22_100_guide_009	baseline	timing	warmup	0	34.063055	33.960181	0.060000	123964	2	not_exposed	7ff435e8f2284b0e1155c1c41e547855555c50593735221aa581ff02bbcfd922	e3b0c44298fc1c149afbf4c8996fb92427ae41e4649b934ca495991b7852b855
chr22_100_guide_010	baseline	timing	warmup	0	33.615734	33.549307	0.052002	123972	19	not_exposed	2e0e36bd1d8a9d315885d8afb4d6ebec9f6f8c904301628cc99bd5dcc6773ffb	ecd997460eff8b19bac120208f47edd7be53e3371027aaa35d95fa07a5e79089
chr22_100_guide_011	baseline	timing	warmup	0	34.510638	34.445228	0.043996	124084	1	not_exposed	951a40369bd86d0839b2d2addecaf6b337cdc3fa4cf552c0d5fd78bef17d3892	e3b0c44298fc1c149afbf4c8996fb92427ae41e4649b934ca495991b7852b855
chr22_100_guide_012	baseline	timing	warmup	0	34.060975	33.969978	0.051996	123964	4	not_exposed	f693a92e20748272242c1d8d3a1b90c09e045d71ee219e8daf561a07fcf1b3bf	e3b0c44298fc1c149afbf4c8996fb92427ae41e4649b934ca495991b7852b855
chr22_100_guide_013	baseline	timing	warmup	0	34.264935	34.191526	0.051993	123996	1	not_exposed	d0e1f61006a51712a6e3a7a08a2d9ed9a2e486bf46c47b49e89668b53f2efe69	e3b0c44298fc1c149afbf4c8996fb92427ae41e4649b934ca495991b7852b855
chr22_100_guide_014	baseline	timing	warmup	0	33.662988	33.600603	0.040005	123988	7	not_exposed	607b674d30dff3c1c42e35e27d5265deb647245de700280723da5cee2be1949d	ecd997460eff8b19bac120208f47edd7be53e3371027aaa35d95fa07a5e79089
chr22_100_guide_015	baseline	timing	warmup	0	33.471077	33.369965	0.047997	124100	8	not_exposed	1b77bf4d550c500a8ee0cb43d470d52c1e427554d2029a6ae46073763e13b472	2a9b3581cbbd9e5fa2548c708ad7a124377988e8d910e9dfb15410b25f9166bf
chr22_100_guide_016	baseline	timing	warmup	0	34.022405	33.948145	0.032000	124088	1	not_exposed	664ca84d364b11b722ac1aa282d988cb26faa580c3801fc71e980d0a2785483d	e3b0c44298fc1c149afbf4c8996fb92427ae41e4649b934ca495991b7852b855
chr22_100_guide_017	baseline	timing	warmup	0	33.967588	33.707958	0.051999	124012	42	not_exposed	c9640921a1633a31fff3009d84cb604e813785e475e180493b5008eddd5cf4a5	ee9d5e55ce77a86f64a05cf8cba4484606ca247314b3cb2b53d7d60b1519c5b6
chr22_100_guide_018	baseline	timing	warmup	0	35.367598	35.298079	0.056003	124012	2	not_exposed	a14c7617088d038a70adbf1f43853e09c8728d9eb8b692f6bebaeecda9d2bbf8	e3b0c44298fc1c149afbf4c8996fb92427ae41e4649b934ca495991b7852b855
chr22_100_guide_019	baseline	timing	warmup	0	35.269029	35.212724	0.040000	124128	1	not_exposed	6cdd7ce54810d5bc4f6f9e343cba7e89b5868d4aa230081223fa53049a31ac4f	e3b0c44298fc1c149afbf4c8996fb92427ae41e4649b934ca495991b7852b855
chr22_100_guide_020	baseline	timing	warmup	0	33.865505	33.823277	0.023999	124112	1	not_exposed	444ff3228a137a38f7153b4f242a69cfa59f508d73251c41aa4006df73b202e7	e3b0c44298fc1c149afbf4c8996fb92427ae41e4649b934ca495991b7852b855
chr22_100_guide_021	baseline	timing	warmup	0	33.563573	33.488144	0.036000	124052	1	not_exposed	70d3142b6438b2233c1a63a2ac833233a13a2d75bf75339f1fccaff2fa81b453	e3b0c44298fc1c149afbf4c8996fb92427ae41e4649b934ca495991b7852b855
chr22_100_guide_022	baseline	timing	warmup	0	33.559869	33.495338	0.043993	124092	1	not_exposed	204889acb01cc5647d5755c52d4e664bc0f1e42e49862ffb2ae2cf1585ad7b50	e3b0c44298fc1c149afbf4c8996fb92427ae41e4649b934ca495991b7852b855
chr22_100_guide_023	baseline	timing	warmup	0	34.915501	34.832994	0.056008	124440	149	not_exposed	8066a5e39caf78bf0cac01aa1dc91a6d1211b5892fc5875490679eb24872a81f	fba7e1444d1935a3ecae72a339d215d7e66c93737ae3105ef796647230a4c72b
chr22_100_guide_024	baseline	timing	warmup	0	35.973039	34.762098	1.171935	124016	1	not_exposed	d7464b7872231b66a5d5e8b9529462954e8dbe3c50718817fdfc12087ef94681	e3b0c44298fc1c149afbf4c8996fb92427ae41e4649b934ca495991b7852b855
chr22_100_guide_025	baseline	timing	warmup	0	34.269651	34.203722	0.020002	124000	133	not_exposed	a050c3614088d28140b98bc93b85cdcf774ad1cb450ab6c11993017d3c082c37	656c6c43708a37c613083b28d786b8a8e5c7c93a0f56ff02845bf632613ef7b4
chr22_100_guide_026	baseline	timing	warmup	0	34.172971	34.108324	0.039995	124128	6	not_exposed	13bb7b2015f62e0900a83bc402db697daa2b20bda1089aa791553c2cb857d593	e3b0c44298fc1c149afbf4c8996fb92427ae41e4649b934ca495991b7852b855
chr22_100_guide_027	baseline	timing	warmup	0	33.963713	33.897665	0.059995	124076	2	not_exposed	a7610eb051e87a34826545d10fcf8102943e8611a97a657a33ec94ff2afe4c13	e3b0c44298fc1c149afbf4c8996fb92427ae41e4649b934ca495991b7852b855
chr22_100_guide_028	baseline	timing	warmup	0	35.069440	34.982099	0.051991	123988	58	not_exposed	9838a748f83250618473227cbc2b798e921118551a385e778337b49637186fe3	e3b0c44298fc1c149afbf4c8996fb92427ae41e4649b934ca495991b7852b855
chr22_100_guide_029	baseline	timing	warmup	0	33.732071	33.663362	0.023999	124068	54	not_exposed	fec4266348f400a636b679dea725f0c74e62ee984b07daae005cd78179aa0b16	e3b0c44298fc1c149afbf4c8996fb92427ae41e4649b934ca495991b7852b855
chr22_100_guide_030	baseline	timing	warmup	0	34.063655	33.986310	0.047997	125108	2028	not_exposed	d51a56eb32a0157988459abda9c4570ce1ce48f6ffbe6adebc65814d4d685584	767251ea2186789fd1cd90132d747be89a52555ee68e421329b153d9f9a77322
chr22_100_guide_031	baseline	timing	warmup	0	33.808501	33.731835	0.051993	124016	1	not_exposed	bcce8596509aa2be4a7f3566961162e72e4443c46ea7cf8fc2c5ffb6cee2780a	e3b0c44298fc1c149afbf4c8996fb92427ae41e4649b934ca495991b7852b855
chr22_100_guide_032	baseline	timing	warmup	0	34.161885	34.081958	0.035997	124052	1	not_exposed	c25a6440be62186e25b0f165358d0d0900b923751f80af6ee5c27f0f29a85af6	e3b0c44298fc1c149afbf4c8996fb92427ae41e4649b934ca495991b7852b855
chr22_100_guide_033	baseline	timing	warmup	0	33.915155	33.856209	0.052000	123960	1	not_exposed	0effc63d85fa97f691908ce0321ab857ae6f08fabd2480f35c83ff81e76c9f0e	e3b0c44298fc1c149afbf4c8996fb92427ae41e4649b934ca495991b7852b855
chr22_100_guide_034	baseline	timing	warmup	0	34.466981	34.402128	0.043997	124072	1	not_exposed	b799f84402b88ca7eda644ce1b5b5eb56c02b09c04d62fc51c4c70dc76c6b583	e3b0c44298fc1c149afbf4c8996fb92427ae41e4649b934ca495991b7852b855
chr22_100_guide_035	baseline	timing	warmup	0	34.663550	34.592062	0.044000	124152	10	not_exposed	aeb84e7a83d7f5e43e1b08a7219b302505d104518e290226e70e560f25ec4f99	638bd673bf5fc22f3fc8fe75f5600789d2b5d3f971a550e9446c8845c8fb98e7
chr22_100_guide_036	baseline	timing	warmup	0	34.362960	33.671934	0.051993	124052	1	not_exposed	d902219eeefe3ff64202f082d0493776f51eb4ff2b0f1167c0e670f923533dc4	e3b0c44298fc1c149afbf4c8996fb92427ae41e4649b934ca495991b7852b855
chr22_100_guide_037	baseline	timing	warmup	0	34.569312	34.480776	0.055994	124112	1	not_exposed	87a59470956d0b27daf38e5e39ded5e150cdea0e868b3bb38ed13ec71694f010	e3b0c44298fc1c149afbf4c8996fb92427ae41e4649b934ca495991b7852b855
chr22_100_guide_038	baseline	timing	warmup	0	34.764137	34.682608	0.067997	123984	1	not_exposed	029b4bae64ebbe3decac5715b992bb89ceb0731276cd7cd8566eaca4250537b4	e3b0c44298fc1c149afbf4c8996fb92427ae41e4649b934ca495991b7852b855
chr22_100_guide_039	baseline	timing	warmup	0	33.964803	33.879017	0.039994	124004	1	not_exposed	a699d8af011bf9deb858b41d0fae396d8cff7641f7f0fffbf757531340e4d266	e3b0c44298fc1c149afbf4c8996fb92427ae41e4649b934ca495991b7852b855
chr22_100_guide_040	baseline	timing	warmup	0	33.457262	33.389851	0.047996	124076	1	not_exposed	4390a33a35b7293befeadb9fa60eb9d4727d057633aeb9a93007f6581228ca97	e3b0c44298fc1c149afbf4c8996fb92427ae41e4649b934ca495991b7852b855
chr22_100_guide_041	baseline	timing	warmup	0	33.965014	33.879759	0.063999	124136	1	not_exposed	3e8108b8109dce3b65881841a62543e3eb3ba821fff9bc76b9b5e43ac8c75d77	e3b0c44298fc1c149afbf4c8996fb92427ae41e4649b934ca495991b7852b855
chr22_100_guide_042	baseline	timing	warmup	0	33.658141	33.592860	0.048001	124036	1	not_exposed	5924fcb39f9667884df027edda8f627478be6271057a2d69844c736321e3169f	e3b0c44298fc1c149afbf4c8996fb92427ae41e4649b934ca495991b7852b855
chr22_100_guide_043	baseline	timing	warmup	0	34.014929	33.951399	0.031995	124024	2	not_exposed	0750254d4598a1695dbaade1146e921cf6dab58c8fc5ab334e4e36f882246f3f	ecd997460eff8b19bac120208f47edd7be53e3371027aaa35d95fa07a5e79089
chr22_100_guide_044	baseline	timing	warmup	0	34.172646	34.089426	0.040001	124096	2	not_exposed	fa914a29da8996379fd30ef387eefd7cdc6893880f37a6f45eeedb5b45c937c8	ecd997460eff8b19bac120208f47edd7be53e3371027aaa35d95fa07a5e79089
chr22_100_guide_045	baseline	timing	warmup	0	34.008505	33.919823	0.047999	124092	1	not_exposed	7e528a989c31c40be279492b74efb2b32bbafcb76168ffa5ecf4da003dd2852c	e3b0c44298fc1c149afbf4c8996fb92427ae41e4649b934ca495991b7852b855
chr22_100_guide_046	baseline	timing	warmup	0	33.761440	33.677465	0.055989	124020	1	not_exposed	714554ca8eac6dff9bf1ea7bcd982ded36f466eaa79bea00a33e12ff4252393b	e3b0c44298fc1c149afbf4c8996fb92427ae41e4649b934ca495991b7852b855
chr22_100_guide_047	baseline	timing	warmup	0	33.715379	33.628881	0.067993	124160	1	not_exposed	ca51411298336dbdfe2d1022ed02e74028dfbcd2e0e397a8224fce4f6017af72	e3b0c44298fc1c149afbf4c8996fb92427ae41e4649b934ca495991b7852b855
chr22_100_guide_048	baseline	timing	warmup	0	34.016882	33.920719	0.067993	124104	1	not_exposed	bc3b9f3f86cc8bbd34d0a114947da783ee284f28a9a17754f8b3028fd08951a9	e3b0c44298fc1c149afbf4c8996fb92427ae41e4649b934ca495991b7852b855
chr22_100_guide_049	baseline	timing	warmup	0	34.215658	34.099976	0.075991	124128	3	not_exposed	183882d3a63163e76a98ee38ccfea1b4877101dd283d80328c01c33dcd6c0e0b	e3b0c44298fc1c149afbf4c8996fb92427ae41e4649b934ca495991b7852b855
chr22_100_guide_050	baseline	timing	warmup	0	34.513178	34.435636	0.047999	124048	12	not_exposed	cdfcb6c17423e58af5af22102e71c3afe70da276a855b996d57ec0695bcf7660	6e0a62bd0c2f08ba96ba668f896ebe3fa32339495c43eb259f7923a25e2bbb65
chr22_100_guide_051	baseline	timing	warmup	0	34.162064	34.090517	0.047997	124096	1	not_exposed	14ef5eacd0519bf8d6f3f1e421b2147ce2cef2d89992ac6bc3c0c6493049fd6f	e3b0c44298fc1c149afbf4c8996fb92427ae41e4649b934ca495991b7852b855
chr22_100_guide_052	baseline	timing	warmup	0	34.318138	34.258710	0.051998	124120	1	not_exposed	b743dcf20b0f8a4d8e1a343b97d48c58a0bc7fc4d1bb2a983a38d2078d740fcd	e3b0c44298fc1c149afbf4c8996fb92427ae41e4649b934ca495991b7852b855
chr22_100_guide_053	baseline	timing	warmup	0	35.370072	35.317757	0.043997	124076	1	not_exposed	7f92fd7dddc708c2b3ec905f92a74e766b81d6ff9eaf13b4dc9c11ff5e96767a	e3b0c44298fc1c149afbf4c8996fb92427ae41e4649b934ca495991b7852b855
chr22_100_guide_054	baseline	timing	warmup	0	33.617109	33.535033	0.055998	124092	13	not_exposed	a3f996eafe8edb438a0ef9cc29ff2c9d076dd06077727963e045b33f102900cc	6dd37d45626373f97b36828739234e64b591905fb707084ab0eaed58b1b00c27
chr22_100_guide_055	baseline	timing	warmup	0	33.613743	33.544777	0.048001	124012	1	not_exposed	a3d6cd5055990fc10a7f55f785689720f3a06133f1b0f4568f98749ce2751038	e3b0c44298fc1c149afbf4c8996fb92427ae41e4649b934ca495991b7852b855
chr22_100_guide_056	baseline	timing	warmup	0	33.813969	33.725232	0.040001	124132	1	not_exposed	4a6cdc3b90d2775c2496444fab6f836151cd422ec2c82a9bf758cde5414f2417	e3b0c44298fc1c149afbf4c8996fb92427ae41e4649b934ca495991b7852b855
chr22_100_guide_057	baseline	timing	warmup	0	35.416783	35.310277	0.051997	124088	47	not_exposed	e447aa0d7123fcaedec935b3f8ed884340b0440a321c2a67fe809c7ccae27345	b2b32f17633bad48f0d63dd8593879a3898a801f59345a837879f804a8b0a9ca
chr22_100_guide_058	baseline	timing	warmup	0	33.559138	33.457010	0.051995	124056	1	not_exposed	b7517a16df61180265ec10a20cb33a003c3ea568992073591f20e96d81391119	e3b0c44298fc1c149afbf4c8996fb92427ae41e4649b934ca495991b7852b855
chr22_100_guide_059	baseline	timing	warmup	0	34.110034	34.070909	0.031998	124036	1	not_exposed	a6e8f7dbe8440152b018e778c86e594c220662576f7388bf74086116bfb557b5	e3b0c44298fc1c149afbf4c8996fb92427ae41e4649b934ca495991b7852b855
chr22_100_guide_060	baseline	timing	warmup	0	34.660415	34.572257	0.060000	124112	1	not_exposed	96bacc0c5f62f5ee3cb64d6560e882e64673267447e8714383a4ab744f1c99a8	e3b0c44298fc1c149afbf4c8996fb92427ae41e4649b934ca495991b7852b855
chr22_100_guide_061	baseline	timing	warmup	0	33.816796	33.719280	0.063998	124072	1	not_exposed	9246314add68bcb309196485353ca32264aa9d97b65d40e3825659e7fa9e07c5	e3b0c44298fc1c149afbf4c8996fb92427ae41e4649b934ca495991b7852b855
chr22_100_guide_062	baseline	timing	warmup	0	33.113018	33.012236	0.047994	124028	1	not_exposed	4832e7aa711ccdac22496f6cb8a979eec30369c372fca1b6aba1e3edfb12e8a1	e3b0c44298fc1c149afbf4c8996fb92427ae41e4649b934ca495991b7852b855
chr22_100_guide_063	baseline	timing	warmup	0	33.409867	33.353126	0.047995	124048	1	not_exposed	c4ca7ddc636638d7005d3e187756ba84185296e1c2585b41d0a7a856e2606213	e3b0c44298fc1c149afbf4c8996fb92427ae41e4649b934ca495991b7852b855
chr22_100_guide_064	baseline	timing	warmup	0	33.712793	33.648930	0.043995	123992	1	not_exposed	b38f02456f345d872287da7f74b53691b169eb255cc35d11d103c308c700d2eb	e3b0c44298fc1c149afbf4c8996fb92427ae41e4649b934ca495991b7852b855
chr22_100_guide_065	baseline	timing	warmup	0	34.175171	34.091113	0.036003	124156	1	not_exposed	4a6f7a313e251182f276be210f99075cb7bfa5275fa278d132ac27df6e713db1	e3b0c44298fc1c149afbf4c8996fb92427ae41e4649b934ca495991b7852b855
chr22_100_guide_066	baseline	timing	warmup	0	33.761908	33.666771	0.043998	124000	1	not_exposed	4802296ebbba9922a4ece696902be06427691049808ba406ed873a9a4a219f9c	e3b0c44298fc1c149afbf4c8996fb92427ae41e4649b934ca495991b7852b855
chr22_100_guide_067	baseline	timing	warmup	0	34.365400	34.276237	0.044000	123984	1	not_exposed	0229a4fc79d3d37ddda05a4910899ff60fcd29aa41d3690d08b235deae1dd329	e3b0c44298fc1c149afbf4c8996fb92427ae41e4649b934ca495991b7852b855
chr22_100_guide_068	baseline	timing	warmup	0	34.012252	33.949175	0.031997	124092	2	not_exposed	d39c5b6762aa09453e14f55e106ab300ceb4955ee3d73b381937cbf2220ed042	e3b0c44298fc1c149afbf4c8996fb92427ae41e4649b934ca495991b7852b855
chr22_100_guide_069	baseline	timing	warmup	0	33.664525	33.597728	0.051996	124092	1	not_exposed	894b1dbfd640275e381c43f266827b3b0b872a2b9928a9ade378892e79cddd91	e3b0c44298fc1c149afbf4c8996fb92427ae41e4649b934ca495991b7852b855
chr22_100_guide_070	baseline	timing	warmup	0	33.361665	33.313965	0.039997	124140	1	not_exposed	555a66e1753526673117e366fb233c844df0cfc38a64971866528e20e52f4ca2	e3b0c44298fc1c149afbf4c8996fb92427ae41e4649b934ca495991b7852b855
chr22_100_guide_071	baseline	timing	warmup	0	33.620301	33.563897	0.027999	124088	1	not_exposed	db50066ab5215e0ab40715d3e84c765c47977eb5d92e2f74fef9a37ee0c19f96	e3b0c44298fc1c149afbf4c8996fb92427ae41e4649b934ca495991b7852b855
chr22_100_guide_072	baseline	timing	warmup	0	36.121514	36.040412	0.040000	124048	1	not_exposed	a7389bd954eaa7a8f7c3e448a2ff3a3f4ef011b680d833fad933fd884d099eca	e3b0c44298fc1c149afbf4c8996fb92427ae41e4649b934ca495991b7852b855
chr22_100_guide_073	baseline	timing	warmup	0	35.117087	34.158133	0.043997	124060	1	not_exposed	850390cf00e784716c531f5e64380876ff07596af289e7ba34bc096bff075ecc	e3b0c44298fc1c149afbf4c8996fb92427ae41e4649b934ca495991b7852b855
chr22_100_guide_074	baseline	timing	warmup	0	33.408787	33.347971	0.039999	124064	1	not_exposed	1f00016106bffc2ceba39230352e1e4ef914076353527946b8890d37546c25f5	e3b0c44298fc1c149afbf4c8996fb92427ae41e4649b934ca495991b7852b855
chr22_100_guide_075	baseline	timing	warmup	0	33.509991	33.415309	0.043999	124000	58	not_exposed	614fa5b4f485a1fa8c00df490945639ea3b852b19e198bebe4d74ffe93ad1b88	cae01c86d9418ff48743f603d690cbbed7cfd0a775aa61abea8fe81d849a788f
chr22_100_guide_076	baseline	timing	warmup	0	34.366498	34.300261	0.052000	123984	4	not_exposed	b142ef637df4e3f99cba0ff326382f5ebefaebebec7f67f50ae570d3cb77d0e9	e738f131400a5df528e34a9a74400f6996b29d28e34bef3f730ed59c9b584539
chr22_100_guide_077	baseline	timing	warmup	0	34.068918	33.999213	0.035994	124008	1	not_exposed	e3869c3952dd0b0eb3e37141b1040c6f25b82c4e398011436f2219c75f8febe8	e3b0c44298fc1c149afbf4c8996fb92427ae41e4649b934ca495991b7852b855
chr22_100_guide_078	baseline	timing	warmup	0	34.115883	34.045981	0.043997	124032	1	not_exposed	b32f95b3659bdf5efde0a545c93605a84811e1f51637e98948f88b66e0c918a9	e3b0c44298fc1c149afbf4c8996fb92427ae41e4649b934ca495991b7852b855
chr22_100_guide_079	baseline	timing	warmup	0	33.868113	33.786763	0.047998	124020	1	not_exposed	3719b9c87eb26bae46571444132aecd72ec6971081ed8592128ac8081655f637	e3b0c44298fc1c149afbf4c8996fb92427ae41e4649b934ca495991b7852b855
chr22_100_guide_080	baseline	timing	warmup	0	33.965113	33.901804	0.040002	124044	1	not_exposed	5c9d989f365df1d424483a28cbc77093b089ff7ebee8cd46972f309ff0b6db17	e3b0c44298fc1c149afbf4c8996fb92427ae41e4649b934ca495991b7852b855
chr22_100_guide_081	baseline	timing	warmup	0	34.367496	34.279616	0.047999	124028	1	not_exposed	60f8b2bdc588b6b13527c78acc609879caa8defea9c72ada132dee63d52ad9bf	e3b0c44298fc1c149afbf4c8996fb92427ae41e4649b934ca495991b7852b855
chr22_100_guide_082	baseline	timing	warmup	0	35.167832	35.092301	0.044000	124036	1	not_exposed	8aa0d629b648d54d65dead9f626b4f79b04416d14abcb761ce6f8afd4c8d5a02	e3b0c44298fc1c149afbf4c8996fb92427ae41e4649b934ca495991b7852b855
chr22_100_guide_083	baseline	timing	warmup	0	33.663413	33.595813	0.043999	124000	1	not_exposed	1da030b92202db00fdf4fa746fa0de1c56a74c6415d7abf8e6e634730c0990ca	e3b0c44298fc1c149afbf4c8996fb92427ae41e4649b934ca495991b7852b855
chr22_100_guide_084	baseline	timing	warmup	0	34.512891	34.462102	0.039997	124048	5	not_exposed	d3912c4fe014403d39f5babbc235cd2d4fea43649489b9579873d8d170b294d0	ecd997460eff8b19bac120208f47edd7be53e3371027aaa35d95fa07a5e79089
chr22_100_guide_085	baseline	timing	warmup	0	34.563950	34.477788	0.043997	124076	1	not_exposed	886f21508ef43139da65b3307d412b9c43af12390fb60b152be51f2961337117	e3b0c44298fc1c149afbf4c8996fb92427ae41e4649b934ca495991b7852b855
chr22_100_guide_086	baseline	timing	warmup	0	33.963665	33.866715	0.047998	124052	1	not_exposed	b49d937c3f713b95c07b0df4983659c5531f5062b2c8b309c93edf95c5d33253	e3b0c44298fc1c149afbf4c8996fb92427ae41e4649b934ca495991b7852b855
chr22_100_guide_087	baseline	timing	warmup	0	33.313023	33.235238	0.039999	124100	3	not_exposed	9a84143c1c0ae741457654eac03a337269c00cb43411a6b54461fbe5949d0b50	e3b0c44298fc1c149afbf4c8996fb92427ae41e4649b934ca495991b7852b855
chr22_100_guide_088	baseline	timing	warmup	0	34.058435	33.985991	0.044002	124080	1	not_exposed	7b9ea615f9aa7e046adebd0e63adf8ebdc63c09e2a683a13ae5b9e9457fd8152	e3b0c44298fc1c149afbf4c8996fb92427ae41e4649b934ca495991b7852b855
chr22_100_guide_089	baseline	timing	warmup	0	34.371455	34.303523	0.035999	124032	1	not_exposed	790719bd8847db6a942f261864ea37c0ec15f7a4f400e0bd1eaf31a8e659f354	e3b0c44298fc1c149afbf4c8996fb92427ae41e4649b934ca495991b7852b855
chr22_100_guide_090	baseline	timing	warmup	0	34.414441	34.309691	0.059988	124052	1	not_exposed	af0e7d04b9032b6ba55a507cdc6196da5e7f3adbce117a38bb6ba2d2fb078cba	e3b0c44298fc1c149afbf4c8996fb92427ae41e4649b934ca495991b7852b855
chr22_100_guide_091	baseline	timing	warmup	0	33.411845	33.353684	0.051996	124016	2	not_exposed	cf53e5c0ba2549b95ad7cc66f6caa57165a2d7ef971b8448816c1f5189dcba42	e3b0c44298fc1c149afbf4c8996fb92427ae41e4649b934ca495991b7852b855
chr22_100_guide_092	baseline	timing	warmup	0	34.913928	34.817060	0.043996	124028	1	not_exposed	36dc22934c7c02b9c1a4043e7fa71e9fab23fac626842ee0233fa0a19e8a4d8d	e3b0c44298fc1c149afbf4c8996fb92427ae41e4649b934ca495991b7852b855
chr22_100_guide_093	baseline	timing	warmup	0	34.419443	34.324417	0.051994	124004	1	not_exposed	7c248ba9765e06499bdbdd56fa063150392f57bbcf49d7273e7a34148cb2a14e	e3b0c44298fc1c149afbf4c8996fb92427ae41e4649b934ca495991b7852b855
chr22_100_guide_094	baseline	timing	warmup	0	33.360159	33.308081	0.044000	124036	1	not_exposed	b129ef3c4f85946c1752fcdec67457fbfa137faf10c495dcfb79020726f0093a	e3b0c44298fc1c149afbf4c8996fb92427ae41e4649b934ca495991b7852b855
chr22_100_guide_095	baseline	timing	warmup	0	34.109002	34.038077	0.039993	124132	2	not_exposed	72cfccdb732c7f835e82aebb76ca4186954ee044989d4d3f165c230249e1ab41	e3b0c44298fc1c149afbf4c8996fb92427ae41e4649b934ca495991b7852b855
chr22_100_guide_096	baseline	timing	warmup	0	35.118733	33.778232	1.299931	124036	1	not_exposed	66356638d350f202a4fc3653512e2eb61d180a210d3b4874237620fdd88f45ac	e3b0c44298fc1c149afbf4c8996fb92427ae41e4649b934ca495991b7852b855
chr22_100_guide_097	baseline	timing	warmup	0	34.022223	33.948952	0.051995	124064	1	not_exposed	ec3317eca52cb313be8b742bd84d70d8e9f8f3d3a8dfda83e632d9ec5b3e7472	e3b0c44298fc1c149afbf4c8996fb92427ae41e4649b934ca495991b7852b855
chr22_100_guide_098	baseline	timing	warmup	0	34.820918	34.738036	0.055996	123984	1	not_exposed	624a957aae98b6d231ae1011b4e64e108e7b8e8e44287e46c4862920d0454e11	e3b0c44298fc1c149afbf4c8996fb92427ae41e4649b934ca495991b7852b855
chr22_100_guide_099	baseline	timing	warmup	0	33.466995	33.379186	0.043998	124100	2	not_exposed	ae2950cc930771cbd394906d42c51ef44aa1d759562b83917e788a9d26f47d1d	ecd997460eff8b19bac120208f47edd7be53e3371027aaa35d95fa07a5e79089
chr22_100_guide_100	baseline	timing	warmup	0	33.656860	33.588717	0.048001	124064	2	not_exposed	4bb6e4f08a7316ba26ec3e6f894f79070071b55d78d6c1605a50035d0a1d9c79	e3b0c44298fc1c149afbf4c8996fb92427ae41e4649b934ca495991b7852b855
chr22_100_guide_001	columba	timing	warmup	0	0.454681	0.278968	0.124202	290220	2	not_exposed	c9c93b5e3642ad2be4fd3699f495e8d1c48adb430768e7ff532b1a4c59fa0c05	1e3c641d38fd3d4b1cd876bbb13830d7fb2fb20f77ad12222230d037dc68d895
chr22_100_guide_002	columba	timing	warmup	0	0.705472	0.368571	0.164515	290224	21	not_exposed	87b02444da0f2ab8be03442bf4b8948663370c5a682f070b36a827822ee531e3	e925e6374c2b14f26ce352338d241501af5403cd20c2f7a0a66a7ff0957a82b9
chr22_100_guide_003	columba	timing	warmup	0	0.555271	0.300702	0.157616	290212	849	not_exposed	42c85ab9ac542a0a68f74f516c324f16feaf1ad5d780ddfa17aa882a9000849d	d5b5b7e3b34b61dc81dc8aab501910e13be4bc817fe9b96479eef46411ddf2a0
chr22_100_guide_004	columba	timing	warmup	0	0.605395	0.337076	0.151046	290256	1	not_exposed	691ce0260ac4ff8426decb079b6ec2efdf4680b3abaced64e9143840bccb9552	a4c7fcea839152b57f9d48000d08a15502fd89d0fd27949928e5d265dda849b7
chr22_100_guide_005	columba	timing	warmup	0	0.455045	0.274100	0.125244	290280	1	not_exposed	95686fb2b7a30116b7ae2cc467351eaaf4c6f25cab6f6b7bc6dcc05f1c409532	011f515d83cd8b0bf4648cfa3d329bea0cb2939a7aabcbf319c9ccbd2ece994c
chr22_100_guide_006	columba	timing	warmup	0	2.260825	0.828606	0.484313	290356	4	not_exposed	381669eac105895c77936e91601bef5a44b194dce1468388fa6bc22b65e83aab	9739780944683faaa4ef3f313f816b862f341378b37d0ab5c6f2f11c524f85ce
chr22_100_guide_007	columba	timing	warmup	0	0.906614	0.425570	0.224244	290276	77	not_exposed	d298f59746650faabb2ca5561ee87dd6713d6657c3eeebcb15b3c30fa3c0c022	403d87bc80095f7dba4286b814ee578933bb15ea4b2720f3a94553d5d4a69f41
chr22_100_guide_008	columba	timing	warmup	0	0.454840	0.278356	0.136636	290352	70	not_exposed	8f32d63ac3fc7353d028bcbab308948f718f700957721b790efcbcfdf7b2968d	67c892220045c7e6de36630e42f43c7166e3a6cbb04fcd8d07803b38b0896333
chr22_100_guide_009	columba	timing	warmup	0	0.455014	0.265842	0.138510	290148	4	not_exposed	f852312a894362e0b31472a7c87cc296c09d811ed71a73c469ed1ae252e2fefe	f9a5b9bf57218d2245080f337460f0f31693b21bce927496b6424a06a4356606
chr22_100_guide_010	columba	timing	warmup	0	0.655331	0.382071	0.123157	290368	25	not_exposed	b8db8d29518bcd793fe2cf11a647c9c419525e6da6f3c9efa22d172c191ba4c4	09b67aada08755086fd2e6118d65bf7e9f49291d271c5abe563bb62ebc797503
chr22_100_guide_011	columba	timing	warmup	0	0.454835	0.280535	0.120628	290104	21	not_exposed	ec592648254199539685feee5357d093e2e1ec0b8ee82c9ce1e89057db95c2aa	e3b0c44298fc1c149afbf4c8996fb92427ae41e4649b934ca495991b7852b855
chr22_100_guide_012	columba	timing	warmup	0	0.454799	0.279705	0.123813	290260	8	not_exposed	9b00eaabadec78eddf839955f38b2c49038c64b495db9fc7cba00a4c5b16c2fd	e3b0c44298fc1c149afbf4c8996fb92427ae41e4649b934ca495991b7852b855
chr22_100_guide_013	columba	timing	warmup	0	0.455527	0.277902	0.136860	290560	3	not_exposed	606c59fbabc1859613e4a31b3b8ed8c4147f5ca89d1de01946221f89097d2bce	ec04d3f7e1b1328ad5397a8bdd34185b098771189af9962fbc567d013800e818
chr22_100_guide_014	columba	timing	warmup	0	0.504916	0.303520	0.115612	290316	193	not_exposed	9d3f96b7c5db3e0da42d54d04629e5c2f3b7306de3a7b74cbbe19baeec72ef91	4429f6d37a56106f41ade5f8232056512f2c14e6a716c1b4f088b61464e12a95
chr22_100_guide_015	columba	timing	warmup	0	2.711911	1.053538	0.540228	291908	121	not_exposed	e55942ac6df6ea5194730aa80c266f855204986eea43ac4bf3ebf7d75fa0e169	9d39fb2239ad6c24bc2177f8f8fc624629eba55e42615de578eff18b5dd9cfe1
chr22_100_guide_016	columba	timing	warmup	0	0.455193	0.300847	0.112516	290364	1	not_exposed	664ca84d364b11b722ac1aa282d988cb26faa580c3801fc71e980d0a2785483d	647a3c26fb0f04ad019100c4ab0390ab87ed5c84aadfe7a252bca70b1e3bd96d
chr22_100_guide_017	columba	timing	warmup	0	1.910193	0.715631	0.475451	290244	65	not_exposed	9852752810a86bc2ec08e1deae289cb1e46a4172c7b2e475ed07820b6266dd53	6c92947d95b3ae3f0e0ed0a3c24424f6bd041ec1db5523ff91ca421eff2f6f9d
chr22_100_guide_018	columba	timing	warmup	0	0.558943	0.336170	0.145123	290676	2	not_exposed	5c632dfc921b715b635c61d386497b7131eb4348bb520ea4a5cd13ab53ef1e7a	23e8f4ffff162fdc2e25089c32203c22ccb5ac9c66770c9b5d4a6408cc154ffb
chr22_100_guide_019	columba	timing	warmup	0	0.454836	0.270219	0.138351	290140	1	not_exposed	6cdd7ce54810d5bc4f6f9e343cba7e89b5868d4aa230081223fa53049a31ac4f	dc56e723a41ad2b033072b1d35240963852ef67de09ef8478a44d1daa4a0e78a
chr22_100_guide_020	columba	timing	warmup	0	0.655433	0.363927	0.153687	290204	7	not_exposed	e201d7cfc5ec4a9979af6c9a236130b8f36d6e0e4dcfef596b106dbc39010303	b458b467a03688a50351b56d6e3c449c56ad4edc944351aafb91ac49def2d89e
chr22_100_guide_021	columba	timing	warmup	0	0.454534	0.268806	0.137752	290316	1	not_exposed	70d3142b6438b2233c1a63a2ac833233a13a2d75bf75339f1fccaff2fa81b453	d56d96fe98b333f362ee9bd6376532e8bc00f0bfcb42456116b5b2cd748bb70d
chr22_100_guide_022	columba	timing	warmup	0	2.060748	0.843632	0.400779	290216	1	not_exposed	6b72b7d58a6bb9700568183d8342e8f3bc79c45ffa1f7e46c161effbf9985c5d	1bdc42a6859b8b52c1db369907a7439fdf814d31ad0591c6948691ed396edcd1
chr22_100_guide_023	columba	timing	warmup	0	0.454684	0.277400	0.137188	290240	149	not_exposed	13d490936eb128956dcd7744ae65b99655fcac4ad3ba999a6d96498e5f4323b1	ac192c7b6f04bd7ec153ca9deee4b10effcbb4185b9d200c6f35f95533887058
chr22_100_guide_024	columba	timing	warmup	0	0.655085	0.360636	0.167939	290124	2	not_exposed	bcee63120e7a1ad9985f53ede79aec2d8e27e6be8190904374c9bd2675cce1d4	20e0d047a90eb941c28e7c3eadd3682e2d2baa7519ca17df715655ce2d25a138
chr22_100_guide_025	columba	timing	warmup	0	2.664395	1.117235	0.508109	291224	3307	not_exposed	7f78171e7e6e43e57fe0ccabe7cc5e8fc6ad058811ae50a138478aec4dbcd946	a34f27a5f1f0c21115f51c2a00f1de92d7498004bf63229ab020afe0cdc3dd75
chr22_100_guide_026	columba	timing	warmup	0	2.662509	0.980492	0.580300	291488	64	not_exposed	74ee2057f2511f0387c90decf264283593386e47d9b30347bc9921ddcc60dd17	24451543d4981af6965232fc89a42aae084c85b1effd413db55357f5b81b7551
chr22_100_guide_027	columba	timing	warmup	0	0.454654	0.287453	0.112182	290212	2	not_exposed	a7610eb051e87a34826545d10fcf8102943e8611a97a657a33ec94ff2afe4c13	ca6032de9107568e011efa775fb138933bc1f4163d835edc39d12e948093dfde
chr22_100_guide_028	columba	timing	warmup	0	0.504645	0.303487	0.151402	290244	2001	not_exposed	ccbb10c6b39950ff1a609a7c093affb95e09b093f31339b79eb9e55af9bea14f	6ab1cb25283fe19a6bfd4fcd5c48da2d87969a73970cab771254caf7f66a6287
chr22_100_guide_029	columba	timing	warmup	0	0.555443	0.306994	0.166402	291280	1862	not_exposed	023a0db1667cffab02ece840deaeba274e313dbe75e80a569d4eb1e108049a70	d4e0a36311e4ca8e67b4e69d062e253606ee8ba50c03ffb98d71774fa810bdfb
chr22_100_guide_030	columba	timing	warmup	0	1.257491	0.507691	0.314658	292500	2154	not_exposed	e96360b064c516b87fc1693427dead08c7b0c7e111a9ad12d3d41bda12ba3e0e	dcd1a0046df890a8b3a39f7884dafa87cf0c672958395ee079ca311c62f39e1c
chr22_100_guide_031	columba	timing	warmup	0	1.558898	0.582358	0.380517	290116	2	not_exposed	5d5573821365e7bc8b578e4c8587ad85cc0ce7e73cc826859074ffc07c945a42	6d757fd7aeea9c62de2f65f7620c111ca2fee818c410d59cbc0beeac17789d75
chr22_100_guide_032	columba	timing	warmup	0	0.454872	0.274275	0.136162	290276	1	not_exposed	c25a6440be62186e25b0f165358d0d0900b923751f80af6ee5c27f0f29a85af6	5bcc52812e3cd79f2c949096180d3f1ac01ae06d29eea04285bba87168ded8f9
chr22_100_guide_033	columba	timing	warmup	0	0.454382	0.274544	0.127462	290392	1	not_exposed	0effc63d85fa97f691908ce0321ab857ae6f08fabd2480f35c83ff81e76c9f0e	6be499e878bb8835b2d0095d754911ca511e88d92eb98ee972ab04a1f8c00a0b
chr22_100_guide_034	columba	timing	warmup	0	0.454913	0.277519	0.127406	290236	1	not_exposed	b799f84402b88ca7eda644ce1b5b5eb56c02b09c04d62fc51c4c70dc76c6b583	4f6dc5b5a164eea9ba79b4a4c7ee686bbb2ef32b24b407949991d9e320496ddb
chr22_100_guide_035	columba	timing	warmup	0	0.505343	0.293336	0.161215	290204	10	not_exposed	986145a86aa41385a9bbb5cd5338e224f19dc118858eeb759d145e4a054fb385	19a7bce57c2268e495189ce0232b0b13a465741e4349b22a1ea0d29dcc9002df
chr22_100_guide_036	columba	timing	warmup	0	0.454582	0.275588	0.132148	290400	1	not_exposed	d902219eeefe3ff64202f082d0493776f51eb4ff2b0f1167c0e670f923533dc4	561879fe16bf8d8d845615014aafa1348557dc2b653402bc983228fe11f91985
chr22_100_guide_037	columba	timing	warmup	0	0.454657	0.283257	0.128476	290052	1	not_exposed	87a59470956d0b27daf38e5e39ded5e150cdea0e868b3bb38ed13ec71694f010	e3b0c44298fc1c149afbf4c8996fb92427ae41e4649b934ca495991b7852b855
chr22_100_guide_038	columba	timing	warmup	0	0.455466	0.264502	0.146472	290336	1	not_exposed	029b4bae64ebbe3decac5715b992bb89ceb0731276cd7cd8566eaca4250537b4	d19c36693df71437a3e971b04638d4c55f47a0d94d8887a1c6ebbec6f71e8046
chr22_100_guide_039	columba	timing	warmup	0	0.454792	0.260630	0.140819	290424	1	not_exposed	a699d8af011bf9deb858b41d0fae396d8cff7641f7f0fffbf757531340e4d266	e3b0c44298fc1c149afbf4c8996fb92427ae41e4649b934ca495991b7852b855
chr22_100_guide_040	columba	timing	warmup	0	0.454825	0.263275	0.135084	290304	1	not_exposed	4390a33a35b7293befeadb9fa60eb9d4727d057633aeb9a93007f6581228ca97	7e3c0298e47ada9502fe1ab91e5aed0852345691cf2da9d42a3b3bb1585655fc
chr22_100_guide_041	columba	timing	warmup	0	1.056482	0.270908	0.133719	290396	1	not_exposed	3e8108b8109dce3b65881841a62543e3eb3ba821fff9bc76b9b5e43ac8c75d77	30d5bd1a2fd8f421e7be29640f109fecf4e022892dc5732c56ef1b76e1f5233b
chr22_100_guide_042	columba	timing	warmup	0	0.454985	0.279846	0.134766	290120	1	not_exposed	5924fcb39f9667884df027edda8f627478be6271057a2d69844c736321e3169f	e3b0c44298fc1c149afbf4c8996fb92427ae41e4649b934ca495991b7852b855
chr22_100_guide_043	columba	timing	warmup	0	0.504756	0.322109	0.117842	290340	2	not_exposed	0750254d4598a1695dbaade1146e921cf6dab58c8fc5ab334e4e36f882246f3f	f786f22359fb3a2a1769d5d1b500856dc5b1f5bd752fa9b56a6462248899650e
chr22_100_guide_044	columba	timing	warmup	0	0.454699	0.295588	0.128231	290136	2	not_exposed	fa914a29da8996379fd30ef387eefd7cdc6893880f37a6f45eeedb5b45c937c8	aa527725aa07ee4e1a1873921188b10360514049cf3e6ec4bdf5fc490d38675e
chr22_100_guide_045	columba	timing	warmup	0	0.455056	0.256740	0.146254	290292	1	not_exposed	7e528a989c31c40be279492b74efb2b32bbafcb76168ffa5ecf4da003dd2852c	dd567e27451842465f72c8df72e5b23a60f4533474e55b65999ba98af50e5e25
chr22_100_guide_046	columba	timing	warmup	0	0.455177	0.266013	0.146213	290496	1	not_exposed	714554ca8eac6dff9bf1ea7bcd982ded36f466eaa79bea00a33e12ff4252393b	32b0fdb408a245e8ea00a9e3729e5f81f9093394a9fdef4348318ec666ad1e55
chr22_100_guide_047	columba	timing	warmup	0	0.454624	0.271256	0.132467	290272	1	not_exposed	ca51411298336dbdfe2d1022ed02e74028dfbcd2e0e397a8224fce4f6017af72	b76583d8074d81b6123010653d515a4ff97310c43c5bf08081014d9154db7606
chr22_100_guide_048	columba	timing	warmup	0	0.455253	0.287588	0.127800	290160	1	not_exposed	bc3b9f3f86cc8bbd34d0a114947da783ee284f28a9a17754f8b3028fd08951a9	e3b0c44298fc1c149afbf4c8996fb92427ae41e4649b934ca495991b7852b855
chr22_100_guide_049	columba	timing	warmup	0	0.454652	0.278083	0.128519	290400	3	not_exposed	00230428f6d63582ec60d092b6bc6c689bf77cb21e9480a627f5e8c16d0dc979	42d1ec48cb0493956d77fad00767b6c2fed5e28ca7790d50779e46dd1957fd55
chr22_100_guide_050	columba	timing	warmup	0	0.705440	0.362336	0.183005	290136	80	not_exposed	dce37de5e1818cdd17e4ee8033bf40efbe0d2c545e9392b2dcc57b55c2826417	25673b27f69837dff68516645411fc0233445a384636410926722510c4091cf8
chr22_100_guide_051	columba	timing	warmup	0	0.454435	0.267607	0.147727	290304	1	not_exposed	14ef5eacd0519bf8d6f3f1e421b2147ce2cef2d89992ac6bc3c0c6493049fd6f	b3f77e03add0f929849c64c186a0f6ee8168522805e29a074a8498ff01f34924
chr22_100_guide_052	columba	timing	warmup	0	0.455073	0.272889	0.139702	290208	1	not_exposed	b743dcf20b0f8a4d8e1a343b97d48c58a0bc7fc4d1bb2a983a38d2078d740fcd	2948117454b190d6eeeaca3bc94a2bf5793d77da14d80a9f2def8405cee8a845
chr22_100_guide_053	columba	timing	warmup	0	0.454794	0.276456	0.135511	290312	1	not_exposed	7f92fd7dddc708c2b3ec905f92a74e766b81d6ff9eaf13b4dc9c11ff5e96767a	eb38c77d3364d29cf9b4a0c82bd850e49266e1046930de12097b9d1d6f671ebe
chr22_100_guide_054	columba	timing	warmup	0	0.505461	0.296572	0.144693	290652	14	not_exposed	3058fcd54fc966d78fcbca10605d2ef57a8d520fd2d192714139789500cccfed	b11e22db3237d2c4296c631fbac7919ba0f6978dc69402ccbec8cecedb0888da
chr22_100_guide_055	columba	timing	warmup	0	0.705532	0.283847	0.116029	290340	1	not_exposed	a3d6cd5055990fc10a7f55f785689720f3a06133f1b0f4568f98749ce2751038	cbf8fe25e09218949637c014c44b0ac6c41b7c9311afed997f16260a3c1fbf6a
chr22_100_guide_056	columba	timing	warmup	0	0.454801	0.286110	0.125073	290368	1	not_exposed	4a6cdc3b90d2775c2496444fab6f836151cd422ec2c82a9bf758cde5414f2417	e3b0c44298fc1c149afbf4c8996fb92427ae41e4649b934ca495991b7852b855
chr22_100_guide_057	columba	timing	warmup	0	1.207020	0.545570	0.257119	290404	587	not_exposed	77d45e9f5ee3882ec6330d54e9c5cc3440047ffeae274f559bcd95b1bd3bfae3	2b9901666ce4054a63da25ca6c9450e93992d4499d571856646b5da90316ded1
chr22_100_guide_058	columba	timing	warmup	0	0.455193	0.259794	0.146313	290212	1	not_exposed	b7517a16df61180265ec10a20cb33a003c3ea568992073591f20e96d81391119	b52ea0dac91d497aaec6f642a08329c4472b1d235792c856330e28a7c0b02c57
chr22_100_guide_059	columba	timing	warmup	0	0.455008	0.271432	0.142789	291088	1	not_exposed	a6e8f7dbe8440152b018e778c86e594c220662576f7388bf74086116bfb557b5	0125d3c4984bdc22f6fcb221414dd3900ca99fecfcf592d4992e3000caf67fe4
chr22_100_guide_060	columba	timing	warmup	0	0.454817	0.253284	0.150482	290216	1	not_exposed	96bacc0c5f62f5ee3cb64d6560e882e64673267447e8714383a4ab744f1c99a8	ccbb31fe1ebb9328fe27201916e87bd7c24b711b7b0b063a7f477755fe73cf70
chr22_100_guide_061	columba	timing	warmup	0	0.454737	0.266654	0.139589	290304	1	not_exposed	9246314add68bcb309196485353ca32264aa9d97b65d40e3825659e7fa9e07c5	12cf0f82ebccaab6f5456eda16e6f1aa1c8c09e0e0b6bfe076d282d5294656c8
chr22_100_guide_062	columba	timing	warmup	0	0.454826	0.253210	0.151441	290272	1	not_exposed	4832e7aa711ccdac22496f6cb8a979eec30369c372fca1b6aba1e3edfb12e8a1	e3b0c44298fc1c149afbf4c8996fb92427ae41e4649b934ca495991b7852b855
chr22_100_guide_063	columba	timing	warmup	0	0.454905	0.278756	0.123009	290172	1	not_exposed	c4ca7ddc636638d7005d3e187756ba84185296e1c2585b41d0a7a856e2606213	696e651629a088ed51fa18bf92752b7cebcc5231944eb0da133c1b9ea7800ae7
chr22_100_guide_064	columba	timing	warmup	0	0.454790	0.278038	0.132110	290084	1	not_exposed	b38f02456f345d872287da7f74b53691b169eb255cc35d11d103c308c700d2eb	80ee862860c0660e526ecb32b831aefab1ec8d289bb9d77c6b7b292513f4e728
chr22_100_guide_065	columba	timing	warmup	0	0.454694	0.262851	0.141804	290284	1	not_exposed	4a6f7a313e251182f276be210f99075cb7bfa5275fa278d132ac27df6e713db1	e3b0c44298fc1c149afbf4c8996fb92427ae41e4649b934ca495991b7852b855
chr22_100_guide_066	columba	timing	warmup	0	0.454948	0.274883	0.127605	290220	1	not_exposed	4802296ebbba9922a4ece696902be06427691049808ba406ed873a9a4a219f9c	5f467778f752a1aaed5df46d05a9a1b73450c302e12b8f1f7e33ddf845f2077e
chr22_100_guide_067	columba	timing	warmup	0	0.454656	0.278098	0.136246	290344	1	not_exposed	0229a4fc79d3d37ddda05a4910899ff60fcd29aa41d3690d08b235deae1dd329	53b771ffaca11cb96d720daf7c16129376f1614689ba28d188fa0d0308cc5d07
chr22_100_guide_068	columba	timing	warmup	0	0.455148	0.239079	0.170343	290396	2	not_exposed	d39c5b6762aa09453e14f55e106ab300ceb4955ee3d73b381937cbf2220ed042	fc6bbc4c65e692473cbf32ff151557635e2d1dd99e4b69c5ee3da000a109cea9
chr22_100_guide_069	columba	timing	warmup	0	0.454331	0.276121	0.126520	290268	1	not_exposed	77885b288a794217926cbdc3f9557271a5584ca0a3525a33368ba9dfa0f79c36	5d430161443a2a46da19dfd91300b023436381d8acde81bd4858cc16663951ac
chr22_100_guide_070	columba	timing	warmup	0	0.455201	0.302515	0.111810	290552	1	not_exposed	555a66e1753526673117e366fb233c844df0cfc38a64971866528e20e52f4ca2	daf225fd739240830663f4f6fa1add420c3d409ae734e31ecd3e9a98f65456bd
chr22_100_guide_071	columba	timing	warmup	0	0.454360	0.271764	0.128195	290120	1	not_exposed	db50066ab5215e0ab40715d3e84c765c47977eb5d92e2f74fef9a37ee0c19f96	e3b0c44298fc1c149afbf4c8996fb92427ae41e4649b934ca495991b7852b855
chr22_100_guide_072	columba	timing	warmup	0	0.454902	0.290103	0.123580	290536	1	not_exposed	a7389bd954eaa7a8f7c3e448a2ff3a3f4ef011b680d833fad933fd884d099eca	9b7501725ac0e846ebbf11d00696dd347ff96cf1e9b93286935af165a5a8fa66
chr22_100_guide_073	columba	timing	warmup	0	0.454272	0.250425	0.157037	290336	1	not_exposed	850390cf00e784716c531f5e64380876ff07596af289e7ba34bc096bff075ecc	f44e84d998c57621965bbb72ae37ec201bf3185e3f28563924ad182f849d8046
chr22_100_guide_074	columba	timing	warmup	0	0.705719	0.407638	0.143822	290196	15	not_exposed	76a6c31466fe8a92224b497f48d2a2b9c37e70f1819d8dbfb848d4f9edb761fa	5d8c3c5262e38d7dcf79bb590cb26e9f2d0dcf06deb7d1592a9870792a22513e
chr22_100_guide_075	columba	timing	warmup	0	0.704954	0.350258	0.193514	290188	690	not_exposed	8cd88d35a6239e28f2d4fbc087a6b9692a349aea3a2e67d683ea11cc00b840b9	ae0d360083b0af56bd11fb704abe24935addb611a3312190e66090cd83bd6649
chr22_100_guide_076	columba	timing	warmup	0	1.056493	0.471319	0.250964	290452	38	not_exposed	a3708319d6d4098cc051809e3fc924b4e19fa417c7730648eec2d9aff2c6874f	cb3d9fed22603537236f05dd51494a2dd8aff4f617ef543b45f73896a1ee5453
chr22_100_guide_077	columba	timing	warmup	0	0.455207	0.292320	0.122309	290484	1	not_exposed	e3869c3952dd0b0eb3e37141b1040c6f25b82c4e398011436f2219c75f8febe8	b9c553e0ccfe2ce660998762584c8775fddbac678c08f7828037c9b6239ea576
chr22_100_guide_078	columba	timing	warmup	0	0.454559	0.277651	0.124432	290368	1	not_exposed	b32f95b3659bdf5efde0a545c93605a84811e1f51637e98948f88b66e0c918a9	e3b0c44298fc1c149afbf4c8996fb92427ae41e4649b934ca495991b7852b855
chr22_100_guide_079	columba	timing	warmup	0	0.454549	0.293243	0.118815	290292	1	not_exposed	3719b9c87eb26bae46571444132aecd72ec6971081ed8592128ac8081655f637	ba8e3024a8dbd3ab92f3c3efd62af4339a44a56f1d02bd2d31d752a8b26c0e77
chr22_100_guide_080	columba	timing	warmup	0	0.454740	0.286899	0.121696	290344	1	not_exposed	5c9d989f365df1d424483a28cbc77093b089ff7ebee8cd46972f309ff0b6db17	2f17411719ddcf823a39fa8532b48978e18ea71b4f65cc71e1b1d51840c18def
chr22_100_guide_081	columba	timing	warmup	0	0.454951	0.295733	0.119969	290312	1	not_exposed	60f8b2bdc588b6b13527c78acc609879caa8defea9c72ada132dee63d52ad9bf	e3b0c44298fc1c149afbf4c8996fb92427ae41e4649b934ca495991b7852b855
chr22_100_guide_082	columba	timing	warmup	0	0.454800	0.269103	0.132142	290404	1	not_exposed	8aa0d629b648d54d65dead9f626b4f79b04416d14abcb761ce6f8afd4c8d5a02	e3b0c44298fc1c149afbf4c8996fb92427ae41e4649b934ca495991b7852b855
chr22_100_guide_083	columba	timing	warmup	0	0.455138	0.272921	0.133213	290348	1	not_exposed	1da030b92202db00fdf4fa746fa0de1c56a74c6415d7abf8e6e634730c0990ca	e8d6de60c3ba05b27001c144755f4d3ad082de5cdf0fdf5e9cf6b7717422195e
chr22_100_guide_084	columba	timing	warmup	0	0.856027	0.377565	0.239743	290304	59	not_exposed	3d5c5eea17a8aa3a8f994922ea224d56786739f5f0a5310fdde2fb172a35766e	2a914062b2e61c0fc83bf7fd2ab17483db18f0ba4c11d5d51cac16a335f4a276
chr22_100_guide_085	columba	timing	warmup	0	0.454748	0.297178	0.102725	290280	1	not_exposed	886f21508ef43139da65b3307d412b9c43af12390fb60b152be51f2961337117	e3b0c44298fc1c149afbf4c8996fb92427ae41e4649b934ca495991b7852b855
chr22_100_guide_086	columba	timing	warmup	0	0.454897	0.267164	0.135341	290228	1	not_exposed	b49d937c3f713b95c07b0df4983659c5531f5062b2c8b309c93edf95c5d33253	fe8b505978787bbd7a6d3b5268bab52bb800793326eda2f064520359431dd393
chr22_100_guide_087	columba	timing	warmup	0	0.806659	0.388578	0.195971	290304	5	not_exposed	7299c25e9e9229b69fae4918dbd7a3d10cf292aa3a5ae9e727231b52918c4ec1	e022cf39cf254e9d5e76a228fc4449c3751d849c1fa8e8eb5b7d348ead9de8a8
chr22_100_guide_088	columba	timing	warmup	0	0.455268	0.276720	0.135337	290636	1	not_exposed	7b9ea615f9aa7e046adebd0e63adf8ebdc63c09e2a683a13ae5b9e9457fd8152	000abe2ead510b1e81f85058fe4a2422bdd56dfa268e082b10ff250075738f0e
chr22_100_guide_089	columba	timing	warmup	0	0.455010	0.302183	0.112970	290284	1	not_exposed	790719bd8847db6a942f261864ea37c0ec15f7a4f400e0bd1eaf31a8e659f354	5747958b98329bf390adcb88fe0c55df552279978269e4428317edf8497c35fb
chr22_100_guide_090	columba	timing	warmup	0	0.454695	0.289033	0.112385	290088	1	not_exposed	af0e7d04b9032b6ba55a507cdc6196da5e7f3adbce117a38bb6ba2d2fb078cba	bb969d4b02ddd34c284543e306e202b2336d7575aa86daa3e6466757c09fd92b
chr22_100_guide_091	columba	timing	warmup	0	0.455164	0.271996	0.135177	290312	2	not_exposed	cf53e5c0ba2549b95ad7cc66f6caa57165a2d7ef971b8448816c1f5189dcba42	99ee76e9b64774c9369be8a6f72c896db95e3888b9d30ddcbc455b25e12e4601
chr22_100_guide_092	columba	timing	warmup	0	0.454698	0.263526	0.136845	290304	1	not_exposed	36dc22934c7c02b9c1a4043e7fa71e9fab23fac626842ee0233fa0a19e8a4d8d	f9edfd1414c172b5a32e647be62f7efb9a1867b2825caa326cd197691299ad06
chr22_100_guide_093	columba	timing	warmup	0	0.454797	0.309019	0.100171	290204	1	not_exposed	7c248ba9765e06499bdbdd56fa063150392f57bbcf49d7273e7a34148cb2a14e	cb99cf2cb5c76fa9de96c7d214883bdebf51068c4cfea4bec3c2c4a8fda8efb1
chr22_100_guide_094	columba	timing	warmup	0	0.454455	0.273703	0.128857	290144	1	not_exposed	b129ef3c4f85946c1752fcdec67457fbfa137faf10c495dcfb79020726f0093a	e3b0c44298fc1c149afbf4c8996fb92427ae41e4649b934ca495991b7852b855
chr22_100_guide_095	columba	timing	warmup	0	0.455400	0.281882	0.127035	290256	2	not_exposed	72cfccdb732c7f835e82aebb76ca4186954ee044989d4d3f165c230249e1ab41	8dd8d8e768aa6c5cd7d90852728b3841c27aebb8dbde3dfbf7f30997ce15d157
chr22_100_guide_096	columba	timing	warmup	0	0.454615	0.287864	0.118373	290172	1	not_exposed	66356638d350f202a4fc3653512e2eb61d180a210d3b4874237620fdd88f45ac	96e1dce767526b5e03b01ea34764f33de2e58653d775c70a8355e05d5d77a707
chr22_100_guide_097	columba	timing	warmup	0	0.454971	0.286302	0.125635	290336	1	not_exposed	ec3317eca52cb313be8b742bd84d70d8e9f8f3d3a8dfda83e632d9ec5b3e7472	c34143c4b66ce37c239db5fc991d73357da56a527f237f74e6df9d61bb22831f
chr22_100_guide_098	columba	timing	warmup	0	0.554867	0.340820	0.134187	290492	9	not_exposed	a016348f37755f8ce13e2e0e89980f934c47f1ed13f33ce69a965f043799e3ea	cf3712505c294ae6537378b91da6f8bca9bb56345e251df5353bc39739d8fd3e
chr22_100_guide_099	columba	timing	warmup	0	0.455145	0.264490	0.142383	290304	4	not_exposed	b00ff7e072d9842bb0b22f9c6466a689c12afe9775188950e97e7229b6dc8e93	ff5c429edcc84b2bd2955d16c05ac27a1dc11df3ce849c05a33687f69b642bd8
chr22_100_guide_100	columba	timing	warmup	0	0.454677	0.283635	0.123797	290272	2	not_exposed	4bb6e4f08a7316ba26ec3e6f894f79070071b55d78d6c1605a50035d0a1d9c79	43c575a7c9c47d3164a453eb851e84a8842b01388a4b2fe7c9503045ddc887e0
chr22_100_guide_001	baseline	timing	measured_1	0	34.914753	34.872369	0.035996	124140	2	not_exposed	c9c93b5e3642ad2be4fd3699f495e8d1c48adb430768e7ff532b1a4c59fa0c05	ecd997460eff8b19bac120208f47edd7be53e3371027aaa35d95fa07a5e79089
chr22_100_guide_002	baseline	timing	measured_1	0	35.118492	34.027314	1.071978	124020	16	not_exposed	0422486e190c33e1914bfe10563c561e6fc1a1f686af30d5e7a55cba9d1e5438	e3b0c44298fc1c149afbf4c8996fb92427ae41e4649b934ca495991b7852b855
chr22_100_guide_003	baseline	timing	measured_1	0	33.815472	33.751574	0.047993	123996	16	not_exposed	b1fb9aa39cacb022055195ef7dba7343c8fc879f2dc35b1bb9e3a5c71e1e23e0	638bd673bf5fc22f3fc8fe75f5600789d2b5d3f971a550e9446c8845c8fb98e7
chr22_100_guide_004	baseline	timing	measured_1	0	33.961297	33.888923	0.035996	124044	1	not_exposed	691ce0260ac4ff8426decb079b6ec2efdf4680b3abaced64e9143840bccb9552	e3b0c44298fc1c149afbf4c8996fb92427ae41e4649b934ca495991b7852b855
chr22_100_guide_005	baseline	timing	measured_1	0	34.874037	34.778516	0.047997	124028	1	not_exposed	d47f48944044bdd8d7b7148bc7fb286471ae8603baf0ef44a0d613b5748e28a9	e3b0c44298fc1c149afbf4c8996fb92427ae41e4649b934ca495991b7852b855
chr22_100_guide_006	baseline	timing	measured_1	0	37.025930	34.862844	2.123929	124144	4	not_exposed	381669eac105895c77936e91601bef5a44b194dce1468388fa6bc22b65e83aab	e3b0c44298fc1c149afbf4c8996fb92427ae41e4649b934ca495991b7852b855
chr22_100_guide_007	baseline	timing	measured_1	0	34.311936	34.222995	0.056004	124100	39	not_exposed	8c79c9f74d621ca368e7a5010df949e191f9383e93c08a0d7059b905cc0ffda7	2814a80526a6afc7f5c3e0f343a8afda41ae9af94298eccefb5974a61c27896f
chr22_100_guide_008	baseline	timing	measured_1	0	34.266832	34.164992	0.055995	124032	68	not_exposed	1c8845363d90825b8ae340946833959933ab6ef5fb8cc51a58e5c318ecbda056	b2b32f17633bad48f0d63dd8593879a3898a801f59345a837879f804a8b0a9ca
chr22_100_guide_009	baseline	timing	measured_1	0	34.616435	34.534832	0.032002	123936	2	not_exposed	7ff435e8f2284b0e1155c1c41e547855555c50593735221aa581ff02bbcfd922	e3b0c44298fc1c149afbf4c8996fb92427ae41e4649b934ca495991b7852b855
chr22_100_guide_010	baseline	timing	measured_1	0	35.068338	34.324808	0.731931	124020	19	not_exposed	2e0e36bd1d8a9d315885d8afb4d6ebec9f6f8c904301628cc99bd5dcc6773ffb	ecd997460eff8b19bac120208f47edd7be53e3371027aaa35d95fa07a5e79089
chr22_100_guide_011	baseline	timing	measured_1	0	36.416870	35.183929	1.183997	124084	1	not_exposed	951a40369bd86d0839b2d2addecaf6b337cdc3fa4cf552c0d5fd78bef17d3892	e3b0c44298fc1c149afbf4c8996fb92427ae41e4649b934ca495991b7852b855
chr22_100_guide_012	baseline	timing	measured_1	0	33.712026	33.607190	0.051998	123968	4	not_exposed	f693a92e20748272242c1d8d3a1b90c09e045d71ee219e8daf561a07fcf1b3bf	e3b0c44298fc1c149afbf4c8996fb92427ae41e4649b934ca495991b7852b855
chr22_100_guide_013	baseline	timing	measured_1	0	34.170758	34.094168	0.052003	123988	1	not_exposed	d0e1f61006a51712a6e3a7a08a2d9ed9a2e486bf46c47b49e89668b53f2efe69	e3b0c44298fc1c149afbf4c8996fb92427ae41e4649b934ca495991b7852b855
chr22_100_guide_014	baseline	timing	measured_1	0	33.818003	33.719161	0.039999	124136	7	not_exposed	607b674d30dff3c1c42e35e27d5265deb647245de700280723da5cee2be1949d	ecd997460eff8b19bac120208f47edd7be53e3371027aaa35d95fa07a5e79089
chr22_100_guide_015	baseline	timing	measured_1	0	33.416448	33.329423	0.048002	124056	8	not_exposed	1b77bf4d550c500a8ee0cb43d470d52c1e427554d2029a6ae46073763e13b472	2a9b3581cbbd9e5fa2548c708ad7a124377988e8d910e9dfb15410b25f9166bf
chr22_100_guide_016	baseline	timing	measured_1	0	34.011726	33.927062	0.043998	124036	1	not_exposed	664ca84d364b11b722ac1aa282d988cb26faa580c3801fc71e980d0a2785483d	e3b0c44298fc1c149afbf4c8996fb92427ae41e4649b934ca495991b7852b855
chr22_100_guide_017	baseline	timing	measured_1	0	33.665239	33.553810	0.071986	123948	42	not_exposed	c9640921a1633a31fff3009d84cb604e813785e475e180493b5008eddd5cf4a5	ee9d5e55ce77a86f64a05cf8cba4484606ca247314b3cb2b53d7d60b1519c5b6
chr22_100_guide_018	baseline	timing	measured_1	0	33.959561	33.869258	0.067994	123968	2	not_exposed	a14c7617088d038a70adbf1f43853e09c8728d9eb8b692f6bebaeecda9d2bbf8	e3b0c44298fc1c149afbf4c8996fb92427ae41e4649b934ca495991b7852b855
chr22_100_guide_019	baseline	timing	measured_1	0	34.311956	34.217120	0.044001	124068	1	not_exposed	6cdd7ce54810d5bc4f6f9e343cba7e89b5868d4aa230081223fa53049a31ac4f	e3b0c44298fc1c149afbf4c8996fb92427ae41e4649b934ca495991b7852b855
chr22_100_guide_020	baseline	timing	measured_1	0	36.868310	34.785600	2.031859	124080	1	not_exposed	444ff3228a137a38f7153b4f242a69cfa59f508d73251c41aa4006df73b202e7	e3b0c44298fc1c149afbf4c8996fb92427ae41e4649b934ca495991b7852b855
chr22_100_guide_021	baseline	timing	measured_1	0	33.463498	33.397968	0.051996	123992	1	not_exposed	70d3142b6438b2233c1a63a2ac833233a13a2d75bf75339f1fccaff2fa81b453	e3b0c44298fc1c149afbf4c8996fb92427ae41e4649b934ca495991b7852b855
chr22_100_guide_022	baseline	timing	measured_1	0	33.810668	33.709799	0.047996	124056	1	not_exposed	204889acb01cc5647d5755c52d4e664bc0f1e42e49862ffb2ae2cf1585ad7b50	e3b0c44298fc1c149afbf4c8996fb92427ae41e4649b934ca495991b7852b855
chr22_100_guide_023	baseline	timing	measured_1	0	34.363960	34.283803	0.052005	124308	149	not_exposed	8066a5e39caf78bf0cac01aa1dc91a6d1211b5892fc5875490679eb24872a81f	fba7e1444d1935a3ecae72a339d215d7e66c93737ae3105ef796647230a4c72b
chr22_100_guide_024	baseline	timing	measured_1	0	34.314644	34.221624	0.040001	124044	1	not_exposed	d7464b7872231b66a5d5e8b9529462954e8dbe3c50718817fdfc12087ef94681	e3b0c44298fc1c149afbf4c8996fb92427ae41e4649b934ca495991b7852b855
chr22_100_guide_025	baseline	timing	measured_1	0	34.208234	34.117513	0.036001	124208	133	not_exposed	a050c3614088d28140b98bc93b85cdcf774ad1cb450ab6c11993017d3c082c37	656c6c43708a37c613083b28d786b8a8e5c7c93a0f56ff02845bf632613ef7b4
chr22_100_guide_026	baseline	timing	measured_1	0	33.967643	33.910523	0.043992	124048	6	not_exposed	13bb7b2015f62e0900a83bc402db697daa2b20bda1089aa791553c2cb857d593	e3b0c44298fc1c149afbf4c8996fb92427ae41e4649b934ca495991b7852b855
chr22_100_guide_027	baseline	timing	measured_1	0	34.014037	33.939721	0.039999	123972	2	not_exposed	a7610eb051e87a34826545d10fcf8102943e8611a97a657a33ec94ff2afe4c13	e3b0c44298fc1c149afbf4c8996fb92427ae41e4649b934ca495991b7852b855
chr22_100_guide_028	baseline	timing	measured_1	0	35.164866	35.084019	0.035995	124008	58	not_exposed	9838a748f83250618473227cbc2b798e921118551a385e778337b49637186fe3	e3b0c44298fc1c149afbf4c8996fb92427ae41e4649b934ca495991b7852b855
chr22_100_guide_029	baseline	timing	measured_1	0	33.857754	33.753028	0.060008	123928	54	not_exposed	fec4266348f400a636b679dea725f0c74e62ee984b07daae005cd78179aa0b16	e3b0c44298fc1c149afbf4c8996fb92427ae41e4649b934ca495991b7852b855
chr22_100_guide_030	baseline	timing	measured_1	0	33.864607	33.779920	0.039995	125096	2028	not_exposed	d51a56eb32a0157988459abda9c4570ce1ce48f6ffbe6adebc65814d4d685584	767251ea2186789fd1cd90132d747be89a52555ee68e421329b153d9f9a77322
chr22_100_guide_031	baseline	timing	measured_1	0	34.518472	34.426643	0.040003	124068	1	not_exposed	bcce8596509aa2be4a7f3566961162e72e4443c46ea7cf8fc2c5ffb6cee2780a	e3b0c44298fc1c149afbf4c8996fb92427ae41e4649b934ca495991b7852b855
chr22_100_guide_032	baseline	timing	measured_1	0	35.212521	35.110429	0.068004	124056	1	not_exposed	c25a6440be62186e25b0f165358d0d0900b923751f80af6ee5c27f0f29a85af6	e3b0c44298fc1c149afbf4c8996fb92427ae41e4649b934ca495991b7852b855
chr22_100_guide_033	baseline	timing	measured_1	0	34.961048	34.894032	0.039997	124028	1	not_exposed	0effc63d85fa97f691908ce0321ab857ae6f08fabd2480f35c83ff81e76c9f0e	e3b0c44298fc1c149afbf4c8996fb92427ae41e4649b934ca495991b7852b855
chr22_100_guide_034	baseline	timing	measured_1	0	35.420569	35.356133	0.052000	124064	1	not_exposed	b799f84402b88ca7eda644ce1b5b5eb56c02b09c04d62fc51c4c70dc76c6b583	e3b0c44298fc1c149afbf4c8996fb92427ae41e4649b934ca495991b7852b855
chr22_100_guide_035	baseline	timing	measured_1	0	34.017388	33.930508	0.040002	124000	10	not_exposed	aeb84e7a83d7f5e43e1b08a7219b302505d104518e290226e70e560f25ec4f99	638bd673bf5fc22f3fc8fe75f5600789d2b5d3f971a550e9446c8845c8fb98e7
chr22_100_guide_036	baseline	timing	measured_1	0	33.762930	33.705307	0.047996	124124	1	not_exposed	d902219eeefe3ff64202f082d0493776f51eb4ff2b0f1167c0e670f923533dc4	e3b0c44298fc1c149afbf4c8996fb92427ae41e4649b934ca495991b7852b855
chr22_100_guide_037	baseline	timing	measured_1	0	34.818803	34.729193	0.052001	124088	1	not_exposed	87a59470956d0b27daf38e5e39ded5e150cdea0e868b3bb38ed13ec71694f010	e3b0c44298fc1c149afbf4c8996fb92427ae41e4649b934ca495991b7852b855
chr22_100_guide_038	baseline	timing	measured_1	0	34.814388	34.468322	0.059993	124092	1	not_exposed	029b4bae64ebbe3decac5715b992bb89ceb0731276cd7cd8566eaca4250537b4	e3b0c44298fc1c149afbf4c8996fb92427ae41e4649b934ca495991b7852b855
chr22_100_guide_039	baseline	timing	measured_1	0	33.959790	33.916960	0.028004	124060	1	not_exposed	a699d8af011bf9deb858b41d0fae396d8cff7641f7f0fffbf757531340e4d266	e3b0c44298fc1c149afbf4c8996fb92427ae41e4649b934ca495991b7852b855
chr22_100_guide_040	baseline	timing	measured_1	0	33.667222	33.604883	0.040001	124076	1	not_exposed	4390a33a35b7293befeadb9fa60eb9d4727d057633aeb9a93007f6581228ca97	e3b0c44298fc1c149afbf4c8996fb92427ae41e4649b934ca495991b7852b855
chr22_100_guide_041	baseline	timing	measured_1	0	35.268728	35.218178	0.031998	124020	1	not_exposed	3e8108b8109dce3b65881841a62543e3eb3ba821fff9bc76b9b5e43ac8c75d77	e3b0c44298fc1c149afbf4c8996fb92427ae41e4649b934ca495991b7852b855
chr22_100_guide_042	baseline	timing	measured_1	0	33.964638	33.873216	0.059995	123988	1	not_exposed	5924fcb39f9667884df027edda8f627478be6271057a2d69844c736321e3169f	e3b0c44298fc1c149afbf4c8996fb92427ae41e4649b934ca495991b7852b855
chr22_100_guide_043	baseline	timing	measured_1	0	33.960621	33.876084	0.036000	124060	2	not_exposed	0750254d4598a1695dbaade1146e921cf6dab58c8fc5ab334e4e36f882246f3f	ecd997460eff8b19bac120208f47edd7be53e3371027aaa35d95fa07a5e79089
chr22_100_guide_044	baseline	timing	measured_1	0	33.807978	33.727109	0.043998	124112	2	not_exposed	fa914a29da8996379fd30ef387eefd7cdc6893880f37a6f45eeedb5b45c937c8	ecd997460eff8b19bac120208f47edd7be53e3371027aaa35d95fa07a5e79089
chr22_100_guide_045	baseline	timing	measured_1	0	34.010997	33.917863	0.043997	124136	1	not_exposed	7e528a989c31c40be279492b74efb2b32bbafcb76168ffa5ecf4da003dd2852c	e3b0c44298fc1c149afbf4c8996fb92427ae41e4649b934ca495991b7852b855
chr22_100_guide_046	baseline	timing	measured_1	0	33.866973	33.773558	0.068003	124080	1	not_exposed	714554ca8eac6dff9bf1ea7bcd982ded36f466eaa79bea00a33e12ff4252393b	e3b0c44298fc1c149afbf4c8996fb92427ae41e4649b934ca495991b7852b855
chr22_100_guide_047	baseline	timing	measured_1	0	33.817757	33.719871	0.043994	124112	1	not_exposed	ca51411298336dbdfe2d1022ed02e74028dfbcd2e0e397a8224fce4f6017af72	e3b0c44298fc1c149afbf4c8996fb92427ae41e4649b934ca495991b7852b855
chr22_100_guide_048	baseline	timing	measured_1	0	33.966862	33.910516	0.047997	124048	1	not_exposed	bc3b9f3f86cc8bbd34d0a114947da783ee284f28a9a17754f8b3028fd08951a9	e3b0c44298fc1c149afbf4c8996fb92427ae41e4649b934ca495991b7852b855
chr22_100_guide_049	baseline	timing	measured_1	0	34.510575	34.442440	0.051997	123956	3	not_exposed	183882d3a63163e76a98ee38ccfea1b4877101dd283d80328c01c33dcd6c0e0b	e3b0c44298fc1c149afbf4c8996fb92427ae41e4649b934ca495991b7852b855
chr22_100_guide_050	baseline	timing	measured_1	0	34.715504	34.654978	0.036003	123992	12	not_exposed	cdfcb6c17423e58af5af22102e71c3afe70da276a855b996d57ec0695bcf7660	6e0a62bd0c2f08ba96ba668f896ebe3fa32339495c43eb259f7923a25e2bbb65
chr22_100_guide_051	baseline	timing	measured_1	0	35.218170	35.127140	0.048004	124096	1	not_exposed	14ef5eacd0519bf8d6f3f1e421b2147ce2cef2d89992ac6bc3c0c6493049fd6f	e3b0c44298fc1c149afbf4c8996fb92427ae41e4649b934ca495991b7852b855
chr22_100_guide_052	baseline	timing	measured_1	0	34.113552	34.055982	0.027999	124148	1	not_exposed	b743dcf20b0f8a4d8e1a343b97d48c58a0bc7fc4d1bb2a983a38d2078d740fcd	e3b0c44298fc1c149afbf4c8996fb92427ae41e4649b934ca495991b7852b855
chr22_100_guide_053	baseline	timing	measured_1	0	33.816258	33.726229	0.040002	124028	1	not_exposed	7f92fd7dddc708c2b3ec905f92a74e766b81d6ff9eaf13b4dc9c11ff5e96767a	e3b0c44298fc1c149afbf4c8996fb92427ae41e4649b934ca495991b7852b855
chr22_100_guide_054	baseline	timing	measured_1	0	33.563223	33.461263	0.055995	124088	13	not_exposed	a3f996eafe8edb438a0ef9cc29ff2c9d076dd06077727963e045b33f102900cc	6dd37d45626373f97b36828739234e64b591905fb707084ab0eaed58b1b00c27
chr22_100_guide_055	baseline	timing	measured_1	0	33.510028	33.402364	0.059997	123980	1	not_exposed	a3d6cd5055990fc10a7f55f785689720f3a06133f1b0f4568f98749ce2751038	e3b0c44298fc1c149afbf4c8996fb92427ae41e4649b934ca495991b7852b855
chr22_100_guide_056	baseline	timing	measured_1	0	33.723938	33.633113	0.044001	124104	1	not_exposed	4a6cdc3b90d2775c2496444fab6f836151cd422ec2c82a9bf758cde5414f2417	e3b0c44298fc1c149afbf4c8996fb92427ae41e4649b934ca495991b7852b855
chr22_100_guide_057	baseline	timing	measured_1	0	33.706899	33.662476	0.035994	124004	47	not_exposed	e447aa0d7123fcaedec935b3f8ed884340b0440a321c2a67fe809c7ccae27345	b2b32f17633bad48f0d63dd8593879a3898a801f59345a837879f804a8b0a9ca
chr22_100_guide_058	baseline	timing	measured_1	0	33.558397	33.492203	0.048000	124052	1	not_exposed	b7517a16df61180265ec10a20cb33a003c3ea568992073591f20e96d81391119	e3b0c44298fc1c149afbf4c8996fb92427ae41e4649b934ca495991b7852b855
chr22_100_guide_059	baseline	timing	measured_1	0	34.314470	34.281045	0.024000	124100	1	not_exposed	a6e8f7dbe8440152b018e778c86e594c220662576f7388bf74086116bfb557b5	e3b0c44298fc1c149afbf4c8996fb92427ae41e4649b934ca495991b7852b855
chr22_100_guide_060	baseline	timing	measured_1	0	34.722268	34.633217	0.064002	123980	1	not_exposed	96bacc0c5f62f5ee3cb64d6560e882e64673267447e8714383a4ab744f1c99a8	e3b0c44298fc1c149afbf4c8996fb92427ae41e4649b934ca495991b7852b855
chr22_100_guide_061	baseline	timing	measured_1	0	34.164020	34.099260	0.043999	124040	1	not_exposed	9246314add68bcb309196485353ca32264aa9d97b65d40e3825659e7fa9e07c5	e3b0c44298fc1c149afbf4c8996fb92427ae41e4649b934ca495991b7852b855
chr22_100_guide_062	baseline	timing	measured_1	0	33.058722	32.966712	0.051997	124056	1	not_exposed	4832e7aa711ccdac22496f6cb8a979eec30369c372fca1b6aba1e3edfb12e8a1	e3b0c44298fc1c149afbf4c8996fb92427ae41e4649b934ca495991b7852b855
chr22_100_guide_063	baseline	timing	measured_1	0	33.407177	33.349742	0.047996	124120	1	not_exposed	c4ca7ddc636638d7005d3e187756ba84185296e1c2585b41d0a7a856e2606213	e3b0c44298fc1c149afbf4c8996fb92427ae41e4649b934ca495991b7852b855
chr22_100_guide_064	baseline	timing	measured_1	0	33.865185	33.792163	0.043995	124040	1	not_exposed	b38f02456f345d872287da7f74b53691b169eb255cc35d11d103c308c700d2eb	e3b0c44298fc1c149afbf4c8996fb92427ae41e4649b934ca495991b7852b855
chr22_100_guide_065	baseline	timing	measured_1	0	34.062535	33.997442	0.047996	123976	1	not_exposed	4a6f7a313e251182f276be210f99075cb7bfa5275fa278d132ac27df6e713db1	e3b0c44298fc1c149afbf4c8996fb92427ae41e4649b934ca495991b7852b855
chr22_100_guide_066	baseline	timing	measured_1	0	33.473058	33.387487	0.039999	124044	1	not_exposed	4802296ebbba9922a4ece696902be06427691049808ba406ed873a9a4a219f9c	e3b0c44298fc1c149afbf4c8996fb92427ae41e4649b934ca495991b7852b855
chr22_100_guide_067	baseline	timing	measured_1	0	34.370352	34.294717	0.039998	124088	1	not_exposed	0229a4fc79d3d37ddda05a4910899ff60fcd29aa41d3690d08b235deae1dd329	e3b0c44298fc1c149afbf4c8996fb92427ae41e4649b934ca495991b7852b855
chr22_100_guide_068	baseline	timing	measured_1	0	33.914225	33.830662	0.040003	124136	2	not_exposed	d39c5b6762aa09453e14f55e106ab300ceb4955ee3d73b381937cbf2220ed042	e3b0c44298fc1c149afbf4c8996fb92427ae41e4649b934ca495991b7852b855
chr22_100_guide_069	baseline	timing	measured_1	0	33.665048	33.579272	0.044004	124100	1	not_exposed	894b1dbfd640275e381c43f266827b3b0b872a2b9928a9ade378892e79cddd91	e3b0c44298fc1c149afbf4c8996fb92427ae41e4649b934ca495991b7852b855
chr22_100_guide_070	baseline	timing	measured_1	0	33.470680	33.385121	0.051995	124060	1	not_exposed	555a66e1753526673117e366fb233c844df0cfc38a64971866528e20e52f4ca2	e3b0c44298fc1c149afbf4c8996fb92427ae41e4649b934ca495991b7852b855
chr22_100_guide_071	baseline	timing	measured_1	0	33.659334	33.603994	0.035999	124028	1	not_exposed	db50066ab5215e0ab40715d3e84c765c47977eb5d92e2f74fef9a37ee0c19f96	e3b0c44298fc1c149afbf4c8996fb92427ae41e4649b934ca495991b7852b855
chr22_100_guide_072	baseline	timing	measured_1	0	33.567975	33.468861	0.051995	124008	1	not_exposed	a7389bd954eaa7a8f7c3e448a2ff3a3f4ef011b680d833fad933fd884d099eca	e3b0c44298fc1c149afbf4c8996fb92427ae41e4649b934ca495991b7852b855
chr22_100_guide_073	baseline	timing	measured_1	0	34.358731	34.301256	0.040001	124068	1	not_exposed	850390cf00e784716c531f5e64380876ff07596af289e7ba34bc096bff075ecc	e3b0c44298fc1c149afbf4c8996fb92427ae41e4649b934ca495991b7852b855
chr22_100_guide_074	baseline	timing	measured_1	0	33.562775	33.469043	0.048001	124152	1	not_exposed	1f00016106bffc2ceba39230352e1e4ef914076353527946b8890d37546c25f5	e3b0c44298fc1c149afbf4c8996fb92427ae41e4649b934ca495991b7852b855
chr22_100_guide_075	baseline	timing	measured_1	0	33.411644	33.325457	0.039996	123952	58	not_exposed	614fa5b4f485a1fa8c00df490945639ea3b852b19e198bebe4d74ffe93ad1b88	cae01c86d9418ff48743f603d690cbbed7cfd0a775aa61abea8fe81d849a788f
chr22_100_guide_076	baseline	timing	measured_1	0	33.867091	33.816226	0.032000	124172	4	not_exposed	b142ef637df4e3f99cba0ff326382f5ebefaebebec7f67f50ae570d3cb77d0e9	e738f131400a5df528e34a9a74400f6996b29d28e34bef3f730ed59c9b584539
chr22_100_guide_077	baseline	timing	measured_1	0	33.913221	33.860339	0.031996	124072	1	not_exposed	e3869c3952dd0b0eb3e37141b1040c6f25b82c4e398011436f2219c75f8febe8	e3b0c44298fc1c149afbf4c8996fb92427ae41e4649b934ca495991b7852b855
chr22_100_guide_078	baseline	timing	measured_1	0	34.364715	34.316861	0.040001	124036	1	not_exposed	b32f95b3659bdf5efde0a545c93605a84811e1f51637e98948f88b66e0c918a9	e3b0c44298fc1c149afbf4c8996fb92427ae41e4649b934ca495991b7852b855
chr22_100_guide_079	baseline	timing	measured_1	0	34.266290	34.192701	0.039996	124016	1	not_exposed	3719b9c87eb26bae46571444132aecd72ec6971081ed8592128ac8081655f637	e3b0c44298fc1c149afbf4c8996fb92427ae41e4649b934ca495991b7852b855
chr22_100_guide_080	baseline	timing	measured_1	0	34.262526	34.174675	0.060004	124096	1	not_exposed	5c9d989f365df1d424483a28cbc77093b089ff7ebee8cd46972f309ff0b6db17	e3b0c44298fc1c149afbf4c8996fb92427ae41e4649b934ca495991b7852b855
chr22_100_guide_081	baseline	timing	measured_1	0	34.360333	34.299312	0.047999	124044	1	not_exposed	60f8b2bdc588b6b13527c78acc609879caa8defea9c72ada132dee63d52ad9bf	e3b0c44298fc1c149afbf4c8996fb92427ae41e4649b934ca495991b7852b855
chr22_100_guide_082	baseline	timing	measured_1	0	34.965571	34.910235	0.043997	124072	1	not_exposed	8aa0d629b648d54d65dead9f626b4f79b04416d14abcb761ce6f8afd4c8d5a02	e3b0c44298fc1c149afbf4c8996fb92427ae41e4649b934ca495991b7852b855
chr22_100_guide_083	baseline	timing	measured_1	0	33.563076	33.482187	0.051997	124072	1	not_exposed	1da030b92202db00fdf4fa746fa0de1c56a74c6415d7abf8e6e634730c0990ca	e3b0c44298fc1c149afbf4c8996fb92427ae41e4649b934ca495991b7852b855
chr22_100_guide_084	baseline	timing	measured_1	0	35.668066	35.173166	0.439964	124164	5	not_exposed	d3912c4fe014403d39f5babbc235cd2d4fea43649489b9579873d8d170b294d0	ecd997460eff8b19bac120208f47edd7be53e3371027aaa35d95fa07a5e79089
chr22_100_guide_085	baseline	timing	measured_1	0	34.516014	34.400026	0.068000	124088	1	not_exposed	886f21508ef43139da65b3307d412b9c43af12390fb60b152be51f2961337117	e3b0c44298fc1c149afbf4c8996fb92427ae41e4649b934ca495991b7852b855
chr22_100_guide_086	baseline	timing	measured_1	0	34.067762	34.001585	0.051996	124060	1	not_exposed	b49d937c3f713b95c07b0df4983659c5531f5062b2c8b309c93edf95c5d33253	e3b0c44298fc1c149afbf4c8996fb92427ae41e4649b934ca495991b7852b855
chr22_100_guide_087	baseline	timing	measured_1	0	33.814997	33.759443	0.039999	124000	3	not_exposed	9a84143c1c0ae741457654eac03a337269c00cb43411a6b54461fbe5949d0b50	e3b0c44298fc1c149afbf4c8996fb92427ae41e4649b934ca495991b7852b855
chr22_100_guide_088	baseline	timing	measured_1	0	34.115733	34.017373	0.055995	124164	1	not_exposed	7b9ea615f9aa7e046adebd0e63adf8ebdc63c09e2a683a13ae5b9e9457fd8152	e3b0c44298fc1c149afbf4c8996fb92427ae41e4649b934ca495991b7852b855
chr22_100_guide_089	baseline	timing	measured_1	0	34.569947	34.476585	0.044000	123988	1	not_exposed	790719bd8847db6a942f261864ea37c0ec15f7a4f400e0bd1eaf31a8e659f354	e3b0c44298fc1c149afbf4c8996fb92427ae41e4649b934ca495991b7852b855
chr22_100_guide_090	baseline	timing	measured_1	0	34.418000	34.353900	0.055996	123984	1	not_exposed	af0e7d04b9032b6ba55a507cdc6196da5e7f3adbce117a38bb6ba2d2fb078cba	e3b0c44298fc1c149afbf4c8996fb92427ae41e4649b934ca495991b7852b855
chr22_100_guide_091	baseline	timing	measured_1	0	33.563131	33.496614	0.047995	124040	2	not_exposed	cf53e5c0ba2549b95ad7cc66f6caa57165a2d7ef971b8448816c1f5189dcba42	e3b0c44298fc1c149afbf4c8996fb92427ae41e4649b934ca495991b7852b855
chr22_100_guide_092	baseline	timing	measured_1	0	35.680791	34.283453	1.363819	124084	1	not_exposed	36dc22934c7c02b9c1a4043e7fa71e9fab23fac626842ee0233fa0a19e8a4d8d	e3b0c44298fc1c149afbf4c8996fb92427ae41e4649b934ca495991b7852b855
chr22_100_guide_093	baseline	timing	measured_1	0	34.258743	34.172302	0.048000	123948	1	not_exposed	7c248ba9765e06499bdbdd56fa063150392f57bbcf49d7273e7a34148cb2a14e	e3b0c44298fc1c149afbf4c8996fb92427ae41e4649b934ca495991b7852b855
chr22_100_guide_094	baseline	timing	measured_1	0	33.659467	33.553875	0.051996	123960	1	not_exposed	b129ef3c4f85946c1752fcdec67457fbfa137faf10c495dcfb79020726f0093a	e3b0c44298fc1c149afbf4c8996fb92427ae41e4649b934ca495991b7852b855
chr22_100_guide_095	baseline	timing	measured_1	0	34.968446	34.006134	0.047997	124120	2	not_exposed	72cfccdb732c7f835e82aebb76ca4186954ee044989d4d3f165c230249e1ab41	e3b0c44298fc1c149afbf4c8996fb92427ae41e4649b934ca495991b7852b855
chr22_100_guide_096	baseline	timing	measured_1	0	34.559194	33.455640	0.048005	123944	1	not_exposed	66356638d350f202a4fc3653512e2eb61d180a210d3b4874237620fdd88f45ac	e3b0c44298fc1c149afbf4c8996fb92427ae41e4649b934ca495991b7852b855
chr22_100_guide_097	baseline	timing	measured_1	0	34.558863	33.601916	0.027998	123996	1	not_exposed	ec3317eca52cb313be8b742bd84d70d8e9f8f3d3a8dfda83e632d9ec5b3e7472	e3b0c44298fc1c149afbf4c8996fb92427ae41e4649b934ca495991b7852b855
chr22_100_guide_098	baseline	timing	measured_1	0	34.810329	34.750059	0.043997	124124	1	not_exposed	624a957aae98b6d231ae1011b4e64e108e7b8e8e44287e46c4862920d0454e11	e3b0c44298fc1c149afbf4c8996fb92427ae41e4649b934ca495991b7852b855
chr22_100_guide_099	baseline	timing	measured_1	0	33.462574	33.372645	0.052001	124044	2	not_exposed	ae2950cc930771cbd394906d42c51ef44aa1d759562b83917e788a9d26f47d1d	ecd997460eff8b19bac120208f47edd7be53e3371027aaa35d95fa07a5e79089
chr22_100_guide_100	baseline	timing	measured_1	0	33.509316	33.468691	0.036000	124056	2	not_exposed	4bb6e4f08a7316ba26ec3e6f894f79070071b55d78d6c1605a50035d0a1d9c79	e3b0c44298fc1c149afbf4c8996fb92427ae41e4649b934ca495991b7852b855
chr22_100_guide_001	columba	timing	measured_1	0	0.454913	0.284428	0.120744	290208	2	not_exposed	c9c93b5e3642ad2be4fd3699f495e8d1c48adb430768e7ff532b1a4c59fa0c05	1e3c641d38fd3d4b1cd876bbb13830d7fb2fb20f77ad12222230d037dc68d895
chr22_100_guide_002	columba	timing	measured_1	0	0.705186	0.313743	0.206021	290228	21	not_exposed	87b02444da0f2ab8be03442bf4b8948663370c5a682f070b36a827822ee531e3	e925e6374c2b14f26ce352338d241501af5403cd20c2f7a0a66a7ff0957a82b9
chr22_100_guide_003	columba	timing	measured_1	0	0.555293	0.290423	0.163201	290232	849	not_exposed	42c85ab9ac542a0a68f74f516c324f16feaf1ad5d780ddfa17aa882a9000849d	d5b5b7e3b34b61dc81dc8aab501910e13be4bc817fe9b96479eef46411ddf2a0
chr22_100_guide_004	columba	timing	measured_1	0	0.605202	0.321712	0.170472	290388	1	not_exposed	691ce0260ac4ff8426decb079b6ec2efdf4680b3abaced64e9143840bccb9552	a4c7fcea839152b57f9d48000d08a15502fd89d0fd27949928e5d265dda849b7
chr22_100_guide_005	columba	timing	measured_1	0	0.455035	0.277256	0.122871	290216	1	not_exposed	95686fb2b7a30116b7ae2cc467351eaaf4c6f25cab6f6b7bc6dcc05f1c409532	011f515d83cd8b0bf4648cfa3d329bea0cb2939a7aabcbf319c9ccbd2ece994c
chr22_100_guide_006	columba	timing	measured_1	0	2.261891	0.828096	0.485881	290176	4	not_exposed	381669eac105895c77936e91601bef5a44b194dce1468388fa6bc22b65e83aab	9739780944683faaa4ef3f313f816b862f341378b37d0ab5c6f2f11c524f85ce
chr22_100_guide_007	columba	timing	measured_1	0	1.107238	0.436364	0.221008	290256	77	not_exposed	d298f59746650faabb2ca5561ee87dd6713d6657c3eeebcb15b3c30fa3c0c022	403d87bc80095f7dba4286b814ee578933bb15ea4b2720f3a94553d5d4a69f41
chr22_100_guide_008	columba	timing	measured_1	0	0.454921	0.259681	0.141742	290224	70	not_exposed	8f32d63ac3fc7353d028bcbab308948f718f700957721b790efcbcfdf7b2968d	67c892220045c7e6de36630e42f43c7166e3a6cbb04fcd8d07803b38b0896333
chr22_100_guide_009	columba	timing	measured_1	0	0.454185	0.258992	0.140380	290364	4	not_exposed	f852312a894362e0b31472a7c87cc296c09d811ed71a73c469ed1ae252e2fefe	f9a5b9bf57218d2245080f337460f0f31693b21bce927496b6424a06a4356606
chr22_100_guide_010	columba	timing	measured_1	0	0.605188	0.333862	0.173018	290240	25	not_exposed	b8db8d29518bcd793fe2cf11a647c9c419525e6da6f3c9efa22d172c191ba4c4	09b67aada08755086fd2e6118d65bf7e9f49291d271c5abe563bb62ebc797503
chr22_100_guide_011	columba	timing	measured_1	0	0.459490	0.262443	0.146392	290332	21	not_exposed	ec592648254199539685feee5357d093e2e1ec0b8ee82c9ce1e89057db95c2aa	e3b0c44298fc1c149afbf4c8996fb92427ae41e4649b934ca495991b7852b855
chr22_100_guide_012	columba	timing	measured_1	0	0.454853	0.270050	0.130662	290240	8	not_exposed	9b00eaabadec78eddf839955f38b2c49038c64b495db9fc7cba00a4c5b16c2fd	e3b0c44298fc1c149afbf4c8996fb92427ae41e4649b934ca495991b7852b855
chr22_100_guide_013	columba	timing	measured_1	0	0.454697	0.279737	0.138128	290332	3	not_exposed	606c59fbabc1859613e4a31b3b8ed8c4147f5ca89d1de01946221f89097d2bce	ec04d3f7e1b1328ad5397a8bdd34185b098771189af9962fbc567d013800e818
chr22_100_guide_014	columba	timing	measured_1	0	0.454976	0.303145	0.110322	290320	193	not_exposed	9d3f96b7c5db3e0da42d54d04629e5c2f3b7306de3a7b74cbbe19baeec72ef91	4429f6d37a56106f41ade5f8232056512f2c14e6a716c1b4f088b61464e12a95
chr22_100_guide_015	columba	timing	measured_1	0	2.662107	1.076856	0.497712	292628	121	not_exposed	e55942ac6df6ea5194730aa80c266f855204986eea43ac4bf3ebf7d75fa0e169	9d39fb2239ad6c24bc2177f8f8fc624629eba55e42615de578eff18b5dd9cfe1
chr22_100_guide_016	columba	timing	measured_1	0	0.455246	0.275143	0.138871	290216	1	not_exposed	664ca84d364b11b722ac1aa282d988cb26faa580c3801fc71e980d0a2785483d	647a3c26fb0f04ad019100c4ab0390ab87ed5c84aadfe7a252bca70b1e3bd96d
chr22_100_guide_017	columba	timing	measured_1	0	1.909659	0.818176	0.393043	290456	65	not_exposed	9852752810a86bc2ec08e1deae289cb1e46a4172c7b2e475ed07820b6266dd53	6c92947d95b3ae3f0e0ed0a3c24424f6bd041ec1db5523ff91ca421eff2f6f9d
chr22_100_guide_018	columba	timing	measured_1	0	0.555224	0.306551	0.166991	290100	2	not_exposed	5c632dfc921b715b635c61d386497b7131eb4348bb520ea4a5cd13ab53ef1e7a	23e8f4ffff162fdc2e25089c32203c22ccb5ac9c66770c9b5d4a6408cc154ffb
chr22_100_guide_019	columba	timing	measured_1	0	0.454769	0.285078	0.121184	290264	1	not_exposed	6cdd7ce54810d5bc4f6f9e343cba7e89b5868d4aa230081223fa53049a31ac4f	dc56e723a41ad2b033072b1d35240963852ef67de09ef8478a44d1daa4a0e78a
chr22_100_guide_020	columba	timing	measured_1	0	0.655801	0.348755	0.165173	290228	7	not_exposed	e201d7cfc5ec4a9979af6c9a236130b8f36d6e0e4dcfef596b106dbc39010303	b458b467a03688a50351b56d6e3c449c56ad4edc944351aafb91ac49def2d89e
chr22_100_guide_021	columba	timing	measured_1	0	0.454695	0.268238	0.144968	290344	1	not_exposed	70d3142b6438b2233c1a63a2ac833233a13a2d75bf75339f1fccaff2fa81b453	d56d96fe98b333f362ee9bd6376532e8bc00f0bfcb42456116b5b2cd748bb70d
chr22_100_guide_022	columba	timing	measured_1	0	2.060533	0.771261	0.476587	290108	1	not_exposed	6b72b7d58a6bb9700568183d8342e8f3bc79c45ffa1f7e46c161effbf9985c5d	1bdc42a6859b8b52c1db369907a7439fdf814d31ad0591c6948691ed396edcd1
chr22_100_guide_023	columba	timing	measured_1	0	0.454632	0.276374	0.140533	290388	149	not_exposed	13d490936eb128956dcd7744ae65b99655fcac4ad3ba999a6d96498e5f4323b1	ac192c7b6f04bd7ec153ca9deee4b10effcbb4185b9d200c6f35f95533887058
chr22_100_guide_024	columba	timing	measured_1	0	0.705613	0.371592	0.154608	290248	2	not_exposed	bcee63120e7a1ad9985f53ede79aec2d8e27e6be8190904374c9bd2675cce1d4	20e0d047a90eb941c28e7c3eadd3682e2d2baa7519ca17df715655ce2d25a138
chr22_100_guide_025	columba	timing	measured_1	0	2.662221	1.095939	0.520660	292732	3307	not_exposed	7f78171e7e6e43e57fe0ccabe7cc5e8fc6ad058811ae50a138478aec4dbcd946	a34f27a5f1f0c21115f51c2a00f1de92d7498004bf63229ab020afe0cdc3dd75
chr22_100_guide_026	columba	timing	measured_1	0	2.612872	0.976829	0.542785	293164	64	not_exposed	74ee2057f2511f0387c90decf264283593386e47d9b30347bc9921ddcc60dd17	24451543d4981af6965232fc89a42aae084c85b1effd413db55357f5b81b7551
chr22_100_guide_027	columba	timing	measured_1	0	0.455286	0.265323	0.136450	290356	2	not_exposed	a7610eb051e87a34826545d10fcf8102943e8611a97a657a33ec94ff2afe4c13	ca6032de9107568e011efa775fb138933bc1f4163d835edc39d12e948093dfde
chr22_100_guide_028	columba	timing	measured_1	0	0.555032	0.301361	0.165345	292184	2001	not_exposed	ccbb10c6b39950ff1a609a7c093affb95e09b093f31339b79eb9e55af9bea14f	6ab1cb25283fe19a6bfd4fcd5c48da2d87969a73970cab771254caf7f66a6287
chr22_100_guide_029	columba	timing	measured_1	0	0.555330	0.340713	0.126288	290232	1862	not_exposed	023a0db1667cffab02ece840deaeba274e313dbe75e80a569d4eb1e108049a70	d4e0a36311e4ca8e67b4e69d062e253606ee8ba50c03ffb98d71774fa810bdfb
chr22_100_guide_030	columba	timing	measured_1	0	1.207219	0.530849	0.265370	290208	2154	not_exposed	e96360b064c516b87fc1693427dead08c7b0c7e111a9ad12d3d41bda12ba3e0e	dcd1a0046df890a8b3a39f7884dafa87cf0c672958395ee079ca311c62f39e1c
chr22_100_guide_031	columba	timing	measured_1	0	1.507773	0.643447	0.303348	290368	2	not_exposed	5d5573821365e7bc8b578e4c8587ad85cc0ce7e73cc826859074ffc07c945a42	6d757fd7aeea9c62de2f65f7620c111ca2fee818c410d59cbc0beeac17789d75
chr22_100_guide_032	columba	timing	measured_1	0	0.454849	0.267268	0.141505	290180	1	not_exposed	c25a6440be62186e25b0f165358d0d0900b923751f80af6ee5c27f0f29a85af6	5bcc52812e3cd79f2c949096180d3f1ac01ae06d29eea04285bba87168ded8f9
chr22_100_guide_033	columba	timing	measured_1	0	0.554985	0.283043	0.124181	290328	1	not_exposed	0effc63d85fa97f691908ce0321ab857ae6f08fabd2480f35c83ff81e76c9f0e	6be499e878bb8835b2d0095d754911ca511e88d92eb98ee972ab04a1f8c00a0b
chr22_100_guide_034	columba	timing	measured_1	0	0.454984	0.242140	0.164713	290356	1	not_exposed	b799f84402b88ca7eda644ce1b5b5eb56c02b09c04d62fc51c4c70dc76c6b583	4f6dc5b5a164eea9ba79b4a4c7ee686bbb2ef32b24b407949991d9e320496ddb
chr22_100_guide_035	columba	timing	measured_1	0	0.504980	0.296795	0.142251	290212	10	not_exposed	986145a86aa41385a9bbb5cd5338e224f19dc118858eeb759d145e4a054fb385	19a7bce57c2268e495189ce0232b0b13a465741e4349b22a1ea0d29dcc9002df
chr22_100_guide_036	columba	timing	measured_1	0	0.454646	0.308121	0.106755	290428	1	not_exposed	d902219eeefe3ff64202f082d0493776f51eb4ff2b0f1167c0e670f923533dc4	561879fe16bf8d8d845615014aafa1348557dc2b653402bc983228fe11f91985
chr22_100_guide_037	columba	timing	measured_1	0	0.454740	0.283175	0.119366	290360	1	not_exposed	87a59470956d0b27daf38e5e39ded5e150cdea0e868b3bb38ed13ec71694f010	e3b0c44298fc1c149afbf4c8996fb92427ae41e4649b934ca495991b7852b855
chr22_100_guide_038	columba	timing	measured_1	0	0.454577	0.274157	0.134934	290132	1	not_exposed	029b4bae64ebbe3decac5715b992bb89ceb0731276cd7cd8566eaca4250537b4	d19c36693df71437a3e971b04638d4c55f47a0d94d8887a1c6ebbec6f71e8046
chr22_100_guide_039	columba	timing	measured_1	0	0.454450	0.278701	0.126670	290216	1	not_exposed	a699d8af011bf9deb858b41d0fae396d8cff7641f7f0fffbf757531340e4d266	e3b0c44298fc1c149afbf4c8996fb92427ae41e4649b934ca495991b7852b855
chr22_100_guide_040	columba	timing	measured_1	0	0.454663	0.275621	0.127318	290152	1	not_exposed	4390a33a35b7293befeadb9fa60eb9d4727d057633aeb9a93007f6581228ca97	7e3c0298e47ada9502fe1ab91e5aed0852345691cf2da9d42a3b3bb1585655fc
chr22_100_guide_041	columba	timing	measured_1	0	0.454256	0.259162	0.149279	290208	1	not_exposed	3e8108b8109dce3b65881841a62543e3eb3ba821fff9bc76b9b5e43ac8c75d77	30d5bd1a2fd8f421e7be29640f109fecf4e022892dc5732c56ef1b76e1f5233b
chr22_100_guide_042	columba	timing	measured_1	0	0.454528	0.306902	0.092820	290168	1	not_exposed	5924fcb39f9667884df027edda8f627478be6271057a2d69844c736321e3169f	e3b0c44298fc1c149afbf4c8996fb92427ae41e4649b934ca495991b7852b855
chr22_100_guide_043	columba	timing	measured_1	0	1.156579	0.278700	0.150533	290416	2	not_exposed	0750254d4598a1695dbaade1146e921cf6dab58c8fc5ab334e4e36f882246f3f	f786f22359fb3a2a1769d5d1b500856dc5b1f5bd752fa9b56a6462248899650e
chr22_100_guide_044	columba	timing	measured_1	0	0.454804	0.279260	0.135149	290240	2	not_exposed	fa914a29da8996379fd30ef387eefd7cdc6893880f37a6f45eeedb5b45c937c8	aa527725aa07ee4e1a1873921188b10360514049cf3e6ec4bdf5fc490d38675e
chr22_100_guide_045	columba	timing	measured_1	0	0.454270	0.284858	0.112786	290388	1	not_exposed	7e528a989c31c40be279492b74efb2b32bbafcb76168ffa5ecf4da003dd2852c	dd567e27451842465f72c8df72e5b23a60f4533474e55b65999ba98af50e5e25
chr22_100_guide_046	columba	timing	measured_1	0	0.455029	0.275815	0.152809	290320	1	not_exposed	714554ca8eac6dff9bf1ea7bcd982ded36f466eaa79bea00a33e12ff4252393b	32b0fdb408a245e8ea00a9e3729e5f81f9093394a9fdef4348318ec666ad1e55
chr22_100_guide_047	columba	timing	measured_1	0	0.454273	0.251920	0.182335	290084	1	not_exposed	ca51411298336dbdfe2d1022ed02e74028dfbcd2e0e397a8224fce4f6017af72	b76583d8074d81b6123010653d515a4ff97310c43c5bf08081014d9154db7606
chr22_100_guide_048	columba	timing	measured_1	0	0.454942	0.265405	0.134828	290264	1	not_exposed	bc3b9f3f86cc8bbd34d0a114947da783ee284f28a9a17754f8b3028fd08951a9	e3b0c44298fc1c149afbf4c8996fb92427ae41e4649b934ca495991b7852b855
chr22_100_guide_049	columba	timing	measured_1	0	0.455070	0.288102	0.127759	290548	3	not_exposed	00230428f6d63582ec60d092b6bc6c689bf77cb21e9480a627f5e8c16d0dc979	42d1ec48cb0493956d77fad00767b6c2fed5e28ca7790d50779e46dd1957fd55
chr22_100_guide_050	columba	timing	measured_1	0	0.755648	0.347361	0.221220	290296	80	not_exposed	dce37de5e1818cdd17e4ee8033bf40efbe0d2c545e9392b2dcc57b55c2826417	25673b27f69837dff68516645411fc0233445a384636410926722510c4091cf8
chr22_100_guide_051	columba	timing	measured_1	0	0.454533	0.278595	0.121400	290128	1	not_exposed	14ef5eacd0519bf8d6f3f1e421b2147ce2cef2d89992ac6bc3c0c6493049fd6f	b3f77e03add0f929849c64c186a0f6ee8168522805e29a074a8498ff01f34924
chr22_100_guide_052	columba	timing	measured_1	0	0.455082	0.286698	0.147631	290124	1	not_exposed	b743dcf20b0f8a4d8e1a343b97d48c58a0bc7fc4d1bb2a983a38d2078d740fcd	2948117454b190d6eeeaca3bc94a2bf5793d77da14d80a9f2def8405cee8a845
chr22_100_guide_053	columba	timing	measured_1	0	0.454377	0.256661	0.150443	290272	1	not_exposed	7f92fd7dddc708c2b3ec905f92a74e766b81d6ff9eaf13b4dc9c11ff5e96767a	eb38c77d3364d29cf9b4a0c82bd850e49266e1046930de12097b9d1d6f671ebe
chr22_100_guide_054	columba	timing	measured_1	0	0.504868	0.312161	0.117215	290216	14	not_exposed	3058fcd54fc966d78fcbca10605d2ef57a8d520fd2d192714139789500cccfed	b11e22db3237d2c4296c631fbac7919ba0f6978dc69402ccbec8cecedb0888da
chr22_100_guide_055	columba	timing	measured_1	0	0.454470	0.283808	0.115940	290248	1	not_exposed	a3d6cd5055990fc10a7f55f785689720f3a06133f1b0f4568f98749ce2751038	cbf8fe25e09218949637c014c44b0ac6c41b7c9311afed997f16260a3c1fbf6a
chr22_100_guide_056	columba	timing	measured_1	0	0.454740	0.286517	0.142927	290324	1	not_exposed	4a6cdc3b90d2775c2496444fab6f836151cd422ec2c82a9bf758cde5414f2417	e3b0c44298fc1c149afbf4c8996fb92427ae41e4649b934ca495991b7852b855
chr22_100_guide_057	columba	timing	measured_1	0	1.206684	0.514525	0.281375	290204	587	not_exposed	77d45e9f5ee3882ec6330d54e9c5cc3440047ffeae274f559bcd95b1bd3bfae3	2b9901666ce4054a63da25ca6c9450e93992d4499d571856646b5da90316ded1
chr22_100_guide_058	columba	timing	measured_1	0	0.454833	0.276544	0.127207	290284	1	not_exposed	b7517a16df61180265ec10a20cb33a003c3ea568992073591f20e96d81391119	b52ea0dac91d497aaec6f642a08329c4472b1d235792c856330e28a7c0b02c57
chr22_100_guide_059	columba	timing	measured_1	0	0.454626	0.265433	0.144937	290452	1	not_exposed	a6e8f7dbe8440152b018e778c86e594c220662576f7388bf74086116bfb557b5	0125d3c4984bdc22f6fcb221414dd3900ca99fecfcf592d4992e3000caf67fe4
chr22_100_guide_060	columba	timing	measured_1	0	0.454958	0.283606	0.122480	290360	1	not_exposed	96bacc0c5f62f5ee3cb64d6560e882e64673267447e8714383a4ab744f1c99a8	ccbb31fe1ebb9328fe27201916e87bd7c24b711b7b0b063a7f477755fe73cf70
chr22_100_guide_061	columba	timing	measured_1	0	0.454994	0.256247	0.152191	290296	1	not_exposed	9246314add68bcb309196485353ca32264aa9d97b65d40e3825659e7fa9e07c5	12cf0f82ebccaab6f5456eda16e6f1aa1c8c09e0e0b6bfe076d282d5294656c8
chr22_100_guide_062	columba	timing	measured_1	0	0.454879	0.269249	0.133262	290160	1	not_exposed	4832e7aa711ccdac22496f6cb8a979eec30369c372fca1b6aba1e3edfb12e8a1	e3b0c44298fc1c149afbf4c8996fb92427ae41e4649b934ca495991b7852b855
chr22_100_guide_063	columba	timing	measured_1	0	0.454493	0.266170	0.134701	290300	1	not_exposed	c4ca7ddc636638d7005d3e187756ba84185296e1c2585b41d0a7a856e2606213	696e651629a088ed51fa18bf92752b7cebcc5231944eb0da133c1b9ea7800ae7
chr22_100_guide_064	columba	timing	measured_1	0	0.455067	0.281366	0.120540	290324	1	not_exposed	b38f02456f345d872287da7f74b53691b169eb255cc35d11d103c308c700d2eb	80ee862860c0660e526ecb32b831aefab1ec8d289bb9d77c6b7b292513f4e728
chr22_100_guide_065	columba	timing	measured_1	0	0.454148	0.262105	0.136909	290356	1	not_exposed	4a6f7a313e251182f276be210f99075cb7bfa5275fa278d132ac27df6e713db1	e3b0c44298fc1c149afbf4c8996fb92427ae41e4649b934ca495991b7852b855
chr22_100_guide_066	columba	timing	measured_1	0	0.454720	0.267577	0.139988	290420	1	not_exposed	4802296ebbba9922a4ece696902be06427691049808ba406ed873a9a4a219f9c	5f467778f752a1aaed5df46d05a9a1b73450c302e12b8f1f7e33ddf845f2077e
chr22_100_guide_067	columba	timing	measured_1	0	0.454586	0.252072	0.147051	290216	1	not_exposed	0229a4fc79d3d37ddda05a4910899ff60fcd29aa41d3690d08b235deae1dd329	53b771ffaca11cb96d720daf7c16129376f1614689ba28d188fa0d0308cc5d07
chr22_100_guide_068	columba	timing	measured_1	0	0.454647	0.285001	0.124636	290240	2	not_exposed	d39c5b6762aa09453e14f55e106ab300ceb4955ee3d73b381937cbf2220ed042	fc6bbc4c65e692473cbf32ff151557635e2d1dd99e4b69c5ee3da000a109cea9
chr22_100_guide_069	columba	timing	measured_1	0	0.455111	0.275912	0.130374	290304	1	not_exposed	77885b288a794217926cbdc3f9557271a5584ca0a3525a33368ba9dfa0f79c36	5d430161443a2a46da19dfd91300b023436381d8acde81bd4858cc16663951ac
chr22_100_guide_070	columba	timing	measured_1	0	0.455259	0.284433	0.121825	290328	1	not_exposed	555a66e1753526673117e366fb233c844df0cfc38a64971866528e20e52f4ca2	daf225fd739240830663f4f6fa1add420c3d409ae734e31ecd3e9a98f65456bd
chr22_100_guide_071	columba	timing	measured_1	0	0.454609	0.285054	0.126452	290248	1	not_exposed	db50066ab5215e0ab40715d3e84c765c47977eb5d92e2f74fef9a37ee0c19f96	e3b0c44298fc1c149afbf4c8996fb92427ae41e4649b934ca495991b7852b855
chr22_100_guide_072	columba	timing	measured_1	0	0.454671	0.264079	0.142925	290124	1	not_exposed	a7389bd954eaa7a8f7c3e448a2ff3a3f4ef011b680d833fad933fd884d099eca	9b7501725ac0e846ebbf11d00696dd347ff96cf1e9b93286935af165a5a8fa66
chr22_100_guide_073	columba	timing	measured_1	0	0.454849	0.276601	0.127954	290032	1	not_exposed	850390cf00e784716c531f5e64380876ff07596af289e7ba34bc096bff075ecc	f44e84d998c57621965bbb72ae37ec201bf3185e3f28563924ad182f849d8046
chr22_100_guide_074	columba	timing	measured_1	0	0.755591	0.392164	0.168038	290616	15	not_exposed	76a6c31466fe8a92224b497f48d2a2b9c37e70f1819d8dbfb848d4f9edb761fa	5d8c3c5262e38d7dcf79bb590cb26e9f2d0dcf06deb7d1592a9870792a22513e
chr22_100_guide_075	columba	timing	measured_1	0	0.705276	0.373065	0.178977	290516	690	not_exposed	8cd88d35a6239e28f2d4fbc087a6b9692a349aea3a2e67d683ea11cc00b840b9	ae0d360083b0af56bd11fb704abe24935addb611a3312190e66090cd83bd6649
chr22_100_guide_076	columba	timing	measured_1	0	1.107294	0.482685	0.256597	290192	38	not_exposed	a3708319d6d4098cc051809e3fc924b4e19fa417c7730648eec2d9aff2c6874f	cb3d9fed22603537236f05dd51494a2dd8aff4f617ef543b45f73896a1ee5453
chr22_100_guide_077	columba	timing	measured_1	0	0.455161	0.266185	0.133458	290308	1	not_exposed	e3869c3952dd0b0eb3e37141b1040c6f25b82c4e398011436f2219c75f8febe8	b9c553e0ccfe2ce660998762584c8775fddbac678c08f7828037c9b6239ea576
chr22_100_guide_078	columba	timing	measured_1	0	0.454900	0.280622	0.124099	290236	1	not_exposed	b32f95b3659bdf5efde0a545c93605a84811e1f51637e98948f88b66e0c918a9	e3b0c44298fc1c149afbf4c8996fb92427ae41e4649b934ca495991b7852b855
chr22_100_guide_079	columba	timing	measured_1	0	0.455114	0.260152	0.141041	290248	1	not_exposed	3719b9c87eb26bae46571444132aecd72ec6971081ed8592128ac8081655f637	ba8e3024a8dbd3ab92f3c3efd62af4339a44a56f1d02bd2d31d752a8b26c0e77
chr22_100_guide_080	columba	timing	measured_1	0	0.454555	0.288892	0.112351	290240	1	not_exposed	5c9d989f365df1d424483a28cbc77093b089ff7ebee8cd46972f309ff0b6db17	2f17411719ddcf823a39fa8532b48978e18ea71b4f65cc71e1b1d51840c18def
chr22_100_guide_081	columba	timing	measured_1	0	0.454982	0.308158	0.103586	290608	1	not_exposed	60f8b2bdc588b6b13527c78acc609879caa8defea9c72ada132dee63d52ad9bf	e3b0c44298fc1c149afbf4c8996fb92427ae41e4649b934ca495991b7852b855
chr22_100_guide_082	columba	timing	measured_1	0	0.454668	0.272838	0.141795	290508	1	not_exposed	8aa0d629b648d54d65dead9f626b4f79b04416d14abcb761ce6f8afd4c8d5a02	e3b0c44298fc1c149afbf4c8996fb92427ae41e4649b934ca495991b7852b855
chr22_100_guide_083	columba	timing	measured_1	0	0.455161	0.269502	0.136198	290300	1	not_exposed	1da030b92202db00fdf4fa746fa0de1c56a74c6415d7abf8e6e634730c0990ca	e8d6de60c3ba05b27001c144755f4d3ad082de5cdf0fdf5e9cf6b7717422195e
chr22_100_guide_084	columba	timing	measured_1	0	0.855857	0.391330	0.235179	290212	59	not_exposed	3d5c5eea17a8aa3a8f994922ea224d56786739f5f0a5310fdde2fb172a35766e	2a914062b2e61c0fc83bf7fd2ab17483db18f0ba4c11d5d51cac16a335f4a276
chr22_100_guide_085	columba	timing	measured_1	0	0.454821	0.301284	0.110083	291176	1	not_exposed	886f21508ef43139da65b3307d412b9c43af12390fb60b152be51f2961337117	e3b0c44298fc1c149afbf4c8996fb92427ae41e4649b934ca495991b7852b855
chr22_100_guide_086	columba	timing	measured_1	0	0.454413	0.288319	0.131285	290336	1	not_exposed	b49d937c3f713b95c07b0df4983659c5531f5062b2c8b309c93edf95c5d33253	fe8b505978787bbd7a6d3b5268bab52bb800793326eda2f064520359431dd393
chr22_100_guide_087	columba	timing	measured_1	0	0.755796	0.394561	0.192191	290400	5	not_exposed	7299c25e9e9229b69fae4918dbd7a3d10cf292aa3a5ae9e727231b52918c4ec1	e022cf39cf254e9d5e76a228fc4449c3751d849c1fa8e8eb5b7d348ead9de8a8
chr22_100_guide_088	columba	timing	measured_1	0	0.555168	0.289278	0.116712	290348	1	not_exposed	7b9ea615f9aa7e046adebd0e63adf8ebdc63c09e2a683a13ae5b9e9457fd8152	000abe2ead510b1e81f85058fe4a2422bdd56dfa268e082b10ff250075738f0e
chr22_100_guide_089	columba	timing	measured_1	0	0.454699	0.261699	0.145748	290100	1	not_exposed	790719bd8847db6a942f261864ea37c0ec15f7a4f400e0bd1eaf31a8e659f354	5747958b98329bf390adcb88fe0c55df552279978269e4428317edf8497c35fb
chr22_100_guide_090	columba	timing	measured_1	0	0.454486	0.281730	0.123063	290332	1	not_exposed	af0e7d04b9032b6ba55a507cdc6196da5e7f3adbce117a38bb6ba2d2fb078cba	bb969d4b02ddd34c284543e306e202b2336d7575aa86daa3e6466757c09fd92b
chr22_100_guide_091	columba	timing	measured_1	0	0.454613	0.270382	0.129797	290272	2	not_exposed	cf53e5c0ba2549b95ad7cc66f6caa57165a2d7ef971b8448816c1f5189dcba42	99ee76e9b64774c9369be8a6f72c896db95e3888b9d30ddcbc455b25e12e4601
chr22_100_guide_092	columba	timing	measured_1	0	0.454671	0.261699	0.142240	290196	1	not_exposed	36dc22934c7c02b9c1a4043e7fa71e9fab23fac626842ee0233fa0a19e8a4d8d	f9edfd1414c172b5a32e647be62f7efb9a1867b2825caa326cd197691299ad06
chr22_100_guide_093	columba	timing	measured_1	0	0.454875	0.274782	0.135313	290248	1	not_exposed	7c248ba9765e06499bdbdd56fa063150392f57bbcf49d7273e7a34148cb2a14e	cb99cf2cb5c76fa9de96c7d214883bdebf51068c4cfea4bec3c2c4a8fda8efb1
chr22_100_guide_094	columba	timing	measured_1	0	0.454900	0.293479	0.126667	290260	1	not_exposed	b129ef3c4f85946c1752fcdec67457fbfa137faf10c495dcfb79020726f0093a	e3b0c44298fc1c149afbf4c8996fb92427ae41e4649b934ca495991b7852b855
chr22_100_guide_095	columba	timing	measured_1	0	0.454751	0.273537	0.137293	290592	2	not_exposed	72cfccdb732c7f835e82aebb76ca4186954ee044989d4d3f165c230249e1ab41	8dd8d8e768aa6c5cd7d90852728b3841c27aebb8dbde3dfbf7f30997ce15d157
chr22_100_guide_096	columba	timing	measured_1	0	0.454648	0.264340	0.142045	290364	1	not_exposed	66356638d350f202a4fc3653512e2eb61d180a210d3b4874237620fdd88f45ac	96e1dce767526b5e03b01ea34764f33de2e58653d775c70a8355e05d5d77a707
chr22_100_guide_097	columba	timing	measured_1	0	0.454969	0.263531	0.137047	290128	1	not_exposed	ec3317eca52cb313be8b742bd84d70d8e9f8f3d3a8dfda83e632d9ec5b3e7472	c34143c4b66ce37c239db5fc991d73357da56a527f237f74e6df9d61bb22831f
chr22_100_guide_098	columba	timing	measured_1	0	0.605034	0.329781	0.157576	290416	9	not_exposed	a016348f37755f8ce13e2e0e89980f934c47f1ed13f33ce69a965f043799e3ea	cf3712505c294ae6537378b91da6f8bca9bb56345e251df5353bc39739d8fd3e
chr22_100_guide_099	columba	timing	measured_1	0	0.454691	0.281139	0.132641	290572	4	not_exposed	b00ff7e072d9842bb0b22f9c6466a689c12afe9775188950e97e7229b6dc8e93	ff5c429edcc84b2bd2955d16c05ac27a1dc11df3ce849c05a33687f69b642bd8
chr22_100_guide_100	columba	timing	measured_1	0	0.454865	0.281067	0.134432	290188	2	not_exposed	4bb6e4f08a7316ba26ec3e6f894f79070071b55d78d6c1605a50035d0a1d9c79	43c575a7c9c47d3164a453eb851e84a8842b01388a4b2fe7c9503045ddc887e0
chr22_100_guide_001	columba	timing	measured_2	0	0.454728	0.291031	0.113358	290192	2	not_exposed	c9c93b5e3642ad2be4fd3699f495e8d1c48adb430768e7ff532b1a4c59fa0c05	1e3c641d38fd3d4b1cd876bbb13830d7fb2fb20f77ad12222230d037dc68d895
chr22_100_guide_002	columba	timing	measured_2	0	0.705551	0.335667	0.195554	290448	21	not_exposed	87b02444da0f2ab8be03442bf4b8948663370c5a682f070b36a827822ee531e3	e925e6374c2b14f26ce352338d241501af5403cd20c2f7a0a66a7ff0957a82b9
chr22_100_guide_003	columba	timing	measured_2	0	0.555439	0.330084	0.127295	290376	849	not_exposed	42c85ab9ac542a0a68f74f516c324f16feaf1ad5d780ddfa17aa882a9000849d	d5b5b7e3b34b61dc81dc8aab501910e13be4bc817fe9b96479eef46411ddf2a0
chr22_100_guide_004	columba	timing	measured_2	0	0.605083	0.351311	0.135432	290180	1	not_exposed	691ce0260ac4ff8426decb079b6ec2efdf4680b3abaced64e9143840bccb9552	a4c7fcea839152b57f9d48000d08a15502fd89d0fd27949928e5d265dda849b7
chr22_100_guide_005	columba	timing	measured_2	0	0.454964	0.286729	0.114364	290248	1	not_exposed	95686fb2b7a30116b7ae2cc467351eaaf4c6f25cab6f6b7bc6dcc05f1c409532	011f515d83cd8b0bf4648cfa3d329bea0cb2939a7aabcbf319c9ccbd2ece994c
chr22_100_guide_006	columba	timing	measured_2	0	2.260480	0.848278	0.456397	290368	4	not_exposed	381669eac105895c77936e91601bef5a44b194dce1468388fa6bc22b65e83aab	9739780944683faaa4ef3f313f816b862f341378b37d0ab5c6f2f11c524f85ce
chr22_100_guide_007	columba	timing	measured_2	0	0.906871	0.454573	0.200896	290288	77	not_exposed	d298f59746650faabb2ca5561ee87dd6713d6657c3eeebcb15b3c30fa3c0c022	403d87bc80095f7dba4286b814ee578933bb15ea4b2720f3a94553d5d4a69f41
chr22_100_guide_008	columba	timing	measured_2	0	0.454818	0.266953	0.137015	290200	70	not_exposed	8f32d63ac3fc7353d028bcbab308948f718f700957721b790efcbcfdf7b2968d	67c892220045c7e6de36630e42f43c7166e3a6cbb04fcd8d07803b38b0896333
chr22_100_guide_009	columba	timing	measured_2	0	0.454942	0.260440	0.148268	290324	4	not_exposed	f852312a894362e0b31472a7c87cc296c09d811ed71a73c469ed1ae252e2fefe	f9a5b9bf57218d2245080f337460f0f31693b21bce927496b6424a06a4356606
chr22_100_guide_010	columba	timing	measured_2	0	0.605470	0.337496	0.164595	290340	25	not_exposed	b8db8d29518bcd793fe2cf11a647c9c419525e6da6f3c9efa22d172c191ba4c4	09b67aada08755086fd2e6118d65bf7e9f49291d271c5abe563bb62ebc797503
chr22_100_guide_011	columba	timing	measured_2	0	0.455049	0.265470	0.139561	290212	21	not_exposed	ec592648254199539685feee5357d093e2e1ec0b8ee82c9ce1e89057db95c2aa	e3b0c44298fc1c149afbf4c8996fb92427ae41e4649b934ca495991b7852b855
chr22_100_guide_012	columba	timing	measured_2	0	0.454666	0.283738	0.122148	290316	8	not_exposed	9b00eaabadec78eddf839955f38b2c49038c64b495db9fc7cba00a4c5b16c2fd	e3b0c44298fc1c149afbf4c8996fb92427ae41e4649b934ca495991b7852b855
chr22_100_guide_013	columba	timing	measured_2	0	0.454804	0.267597	0.133938	290328	3	not_exposed	606c59fbabc1859613e4a31b3b8ed8c4147f5ca89d1de01946221f89097d2bce	ec04d3f7e1b1328ad5397a8bdd34185b098771189af9962fbc567d013800e818
chr22_100_guide_014	columba	timing	measured_2	0	0.454785	0.268292	0.151014	290308	193	not_exposed	9d3f96b7c5db3e0da42d54d04629e5c2f3b7306de3a7b74cbbe19baeec72ef91	4429f6d37a56106f41ade5f8232056512f2c14e6a716c1b4f088b61464e12a95
chr22_100_guide_015	columba	timing	measured_2	0	2.762386	1.013704	0.592477	294132	121	not_exposed	e55942ac6df6ea5194730aa80c266f855204986eea43ac4bf3ebf7d75fa0e169	9d39fb2239ad6c24bc2177f8f8fc624629eba55e42615de578eff18b5dd9cfe1
chr22_100_guide_016	columba	timing	measured_2	0	0.454913	0.271285	0.139262	290296	1	not_exposed	664ca84d364b11b722ac1aa282d988cb26faa580c3801fc71e980d0a2785483d	647a3c26fb0f04ad019100c4ab0390ab87ed5c84aadfe7a252bca70b1e3bd96d
chr22_100_guide_017	columba	timing	measured_2	0	1.859227	0.720248	0.419215	290488	65	not_exposed	9852752810a86bc2ec08e1deae289cb1e46a4172c7b2e475ed07820b6266dd53	6c92947d95b3ae3f0e0ed0a3c24424f6bd041ec1db5523ff91ca421eff2f6f9d
chr22_100_guide_018	columba	timing	measured_2	0	0.555462	0.319671	0.154009	290304	2	not_exposed	5c632dfc921b715b635c61d386497b7131eb4348bb520ea4a5cd13ab53ef1e7a	23e8f4ffff162fdc2e25089c32203c22ccb5ac9c66770c9b5d4a6408cc154ffb
chr22_100_guide_019	columba	timing	measured_2	0	0.454375	0.259798	0.150007	290372	1	not_exposed	6cdd7ce54810d5bc4f6f9e343cba7e89b5868d4aa230081223fa53049a31ac4f	dc56e723a41ad2b033072b1d35240963852ef67de09ef8478a44d1daa4a0e78a
chr22_100_guide_020	columba	timing	measured_2	0	0.655215	0.319360	0.196625	290280	7	not_exposed	e201d7cfc5ec4a9979af6c9a236130b8f36d6e0e4dcfef596b106dbc39010303	b458b467a03688a50351b56d6e3c449c56ad4edc944351aafb91ac49def2d89e
chr22_100_guide_021	columba	timing	measured_2	0	0.454470	0.271372	0.139702	290336	1	not_exposed	70d3142b6438b2233c1a63a2ac833233a13a2d75bf75339f1fccaff2fa81b453	d56d96fe98b333f362ee9bd6376532e8bc00f0bfcb42456116b5b2cd748bb70d
chr22_100_guide_022	columba	timing	measured_2	0	2.059726	0.760539	0.488005	290388	1	not_exposed	6b72b7d58a6bb9700568183d8342e8f3bc79c45ffa1f7e46c161effbf9985c5d	1bdc42a6859b8b52c1db369907a7439fdf814d31ad0591c6948691ed396edcd1
chr22_100_guide_023	columba	timing	measured_2	0	0.455260	0.275273	0.139917	290108	149	not_exposed	13d490936eb128956dcd7744ae65b99655fcac4ad3ba999a6d96498e5f4323b1	ac192c7b6f04bd7ec153ca9deee4b10effcbb4185b9d200c6f35f95533887058
chr22_100_guide_024	columba	timing	measured_2	0	0.805943	0.393890	0.149405	290328	2	not_exposed	bcee63120e7a1ad9985f53ede79aec2d8e27e6be8190904374c9bd2675cce1d4	20e0d047a90eb941c28e7c3eadd3682e2d2baa7519ca17df715655ce2d25a138
chr22_100_guide_025	columba	timing	measured_2	0	2.662562	1.034176	0.570605	292632	3307	not_exposed	7f78171e7e6e43e57fe0ccabe7cc5e8fc6ad058811ae50a138478aec4dbcd946	a34f27a5f1f0c21115f51c2a00f1de92d7498004bf63229ab020afe0cdc3dd75
chr22_100_guide_026	columba	timing	measured_2	0	2.611485	0.929679	0.633085	290360	64	not_exposed	74ee2057f2511f0387c90decf264283593386e47d9b30347bc9921ddcc60dd17	24451543d4981af6965232fc89a42aae084c85b1effd413db55357f5b81b7551
chr22_100_guide_027	columba	timing	measured_2	0	0.455037	0.267344	0.130150	290328	2	not_exposed	a7610eb051e87a34826545d10fcf8102943e8611a97a657a33ec94ff2afe4c13	ca6032de9107568e011efa775fb138933bc1f4163d835edc39d12e948093dfde
chr22_100_guide_028	columba	timing	measured_2	0	0.554599	0.318368	0.143603	290204	2001	not_exposed	ccbb10c6b39950ff1a609a7c093affb95e09b093f31339b79eb9e55af9bea14f	6ab1cb25283fe19a6bfd4fcd5c48da2d87969a73970cab771254caf7f66a6287
chr22_100_guide_029	columba	timing	measured_2	0	0.505225	0.311502	0.141674	290356	1862	not_exposed	023a0db1667cffab02ece840deaeba274e313dbe75e80a569d4eb1e108049a70	d4e0a36311e4ca8e67b4e69d062e253606ee8ba50c03ffb98d71774fa810bdfb
chr22_100_guide_030	columba	timing	measured_2	0	1.206803	0.509077	0.289991	290268	2154	not_exposed	e96360b064c516b87fc1693427dead08c7b0c7e111a9ad12d3d41bda12ba3e0e	dcd1a0046df890a8b3a39f7884dafa87cf0c672958395ee079ca311c62f39e1c
chr22_100_guide_031	columba	timing	measured_2	0	1.558904	0.605131	0.350620	290152	2	not_exposed	5d5573821365e7bc8b578e4c8587ad85cc0ce7e73cc826859074ffc07c945a42	6d757fd7aeea9c62de2f65f7620c111ca2fee818c410d59cbc0beeac17789d75
chr22_100_guide_032	columba	timing	measured_2	0	0.455525	0.278106	0.125678	290280	1	not_exposed	c25a6440be62186e25b0f165358d0d0900b923751f80af6ee5c27f0f29a85af6	5bcc52812e3cd79f2c949096180d3f1ac01ae06d29eea04285bba87168ded8f9
chr22_100_guide_033	columba	timing	measured_2	0	0.454889	0.273277	0.129135	290364	1	not_exposed	0effc63d85fa97f691908ce0321ab857ae6f08fabd2480f35c83ff81e76c9f0e	6be499e878bb8835b2d0095d754911ca511e88d92eb98ee972ab04a1f8c00a0b
chr22_100_guide_034	columba	timing	measured_2	0	0.455061	0.289398	0.142453	290200	1	not_exposed	b799f84402b88ca7eda644ce1b5b5eb56c02b09c04d62fc51c4c70dc76c6b583	4f6dc5b5a164eea9ba79b4a4c7ee686bbb2ef32b24b407949991d9e320496ddb
chr22_100_guide_035	columba	timing	measured_2	0	0.504896	0.292422	0.145208	290292	10	not_exposed	986145a86aa41385a9bbb5cd5338e224f19dc118858eeb759d145e4a054fb385	19a7bce57c2268e495189ce0232b0b13a465741e4349b22a1ea0d29dcc9002df
chr22_100_guide_036	columba	timing	measured_2	0	0.455027	0.276681	0.124636	290340	1	not_exposed	d902219eeefe3ff64202f082d0493776f51eb4ff2b0f1167c0e670f923533dc4	561879fe16bf8d8d845615014aafa1348557dc2b653402bc983228fe11f91985
chr22_100_guide_037	columba	timing	measured_2	0	0.454752	0.272480	0.126835	290260	1	not_exposed	87a59470956d0b27daf38e5e39ded5e150cdea0e868b3bb38ed13ec71694f010	e3b0c44298fc1c149afbf4c8996fb92427ae41e4649b934ca495991b7852b855
chr22_100_guide_038	columba	timing	measured_2	0	0.455070	0.282062	0.119278	290308	1	not_exposed	029b4bae64ebbe3decac5715b992bb89ceb0731276cd7cd8566eaca4250537b4	d19c36693df71437a3e971b04638d4c55f47a0d94d8887a1c6ebbec6f71e8046
chr22_100_guide_039	columba	timing	measured_2	0	0.454587	0.290629	0.122795	290456	1	not_exposed	a699d8af011bf9deb858b41d0fae396d8cff7641f7f0fffbf757531340e4d266	e3b0c44298fc1c149afbf4c8996fb92427ae41e4649b934ca495991b7852b855
chr22_100_guide_040	columba	timing	measured_2	0	0.455371	0.293495	0.140617	290312	1	not_exposed	4390a33a35b7293befeadb9fa60eb9d4727d057633aeb9a93007f6581228ca97	7e3c0298e47ada9502fe1ab91e5aed0852345691cf2da9d42a3b3bb1585655fc
chr22_100_guide_041	columba	timing	measured_2	0	0.504624	0.269075	0.133042	290224	1	not_exposed	3e8108b8109dce3b65881841a62543e3eb3ba821fff9bc76b9b5e43ac8c75d77	30d5bd1a2fd8f421e7be29640f109fecf4e022892dc5732c56ef1b76e1f5233b
chr22_100_guide_042	columba	timing	measured_2	0	0.505016	0.258097	0.144243	290100	1	not_exposed	5924fcb39f9667884df027edda8f627478be6271057a2d69844c736321e3169f	e3b0c44298fc1c149afbf4c8996fb92427ae41e4649b934ca495991b7852b855
chr22_100_guide_043	columba	timing	measured_2	0	0.557562	0.302021	0.144398	290248	2	not_exposed	0750254d4598a1695dbaade1146e921cf6dab58c8fc5ab334e4e36f882246f3f	f786f22359fb3a2a1769d5d1b500856dc5b1f5bd752fa9b56a6462248899650e
chr22_100_guide_044	columba	timing	measured_2	0	0.457244	0.282278	0.130711	290276	2	not_exposed	fa914a29da8996379fd30ef387eefd7cdc6893880f37a6f45eeedb5b45c937c8	aa527725aa07ee4e1a1873921188b10360514049cf3e6ec4bdf5fc490d38675e
chr22_100_guide_045	columba	timing	measured_2	0	0.455003	0.281939	0.133266	290572	1	not_exposed	7e528a989c31c40be279492b74efb2b32bbafcb76168ffa5ecf4da003dd2852c	dd567e27451842465f72c8df72e5b23a60f4533474e55b65999ba98af50e5e25
chr22_100_guide_046	columba	timing	measured_2	0	0.454772	0.316067	0.102546	290116	1	not_exposed	714554ca8eac6dff9bf1ea7bcd982ded36f466eaa79bea00a33e12ff4252393b	32b0fdb408a245e8ea00a9e3729e5f81f9093394a9fdef4348318ec666ad1e55
chr22_100_guide_047	columba	timing	measured_2	0	0.504388	0.273242	0.139611	290212	1	not_exposed	ca51411298336dbdfe2d1022ed02e74028dfbcd2e0e397a8224fce4f6017af72	b76583d8074d81b6123010653d515a4ff97310c43c5bf08081014d9154db7606
chr22_100_guide_048	columba	timing	measured_2	0	0.455176	0.277802	0.131337	290480	1	not_exposed	bc3b9f3f86cc8bbd34d0a114947da783ee284f28a9a17754f8b3028fd08951a9	e3b0c44298fc1c149afbf4c8996fb92427ae41e4649b934ca495991b7852b855
chr22_100_guide_049	columba	timing	measured_2	0	0.454361	0.258469	0.148156	290244	3	not_exposed	00230428f6d63582ec60d092b6bc6c689bf77cb21e9480a627f5e8c16d0dc979	42d1ec48cb0493956d77fad00767b6c2fed5e28ca7790d50779e46dd1957fd55
chr22_100_guide_050	columba	timing	measured_2	0	0.705258	0.359903	0.174775	290344	80	not_exposed	dce37de5e1818cdd17e4ee8033bf40efbe0d2c545e9392b2dcc57b55c2826417	25673b27f69837dff68516645411fc0233445a384636410926722510c4091cf8
chr22_100_guide_051	columba	timing	measured_2	0	0.454400	0.290502	0.118951	290156	1	not_exposed	14ef5eacd0519bf8d6f3f1e421b2147ce2cef2d89992ac6bc3c0c6493049fd6f	b3f77e03add0f929849c64c186a0f6ee8168522805e29a074a8498ff01f34924
chr22_100_guide_052	columba	timing	measured_2	0	0.454660	0.289099	0.119749	290272	1	not_exposed	b743dcf20b0f8a4d8e1a343b97d48c58a0bc7fc4d1bb2a983a38d2078d740fcd	2948117454b190d6eeeaca3bc94a2bf5793d77da14d80a9f2def8405cee8a845
chr22_100_guide_053	columba	timing	measured_2	0	0.454550	0.284553	0.116599	290168	1	not_exposed	7f92fd7dddc708c2b3ec905f92a74e766b81d6ff9eaf13b4dc9c11ff5e96767a	eb38c77d3364d29cf9b4a0c82bd850e49266e1046930de12097b9d1d6f671ebe
chr22_100_guide_054	columba	timing	measured_2	0	0.505255	0.292655	0.134747	290316	14	not_exposed	3058fcd54fc966d78fcbca10605d2ef57a8d520fd2d192714139789500cccfed	b11e22db3237d2c4296c631fbac7919ba0f6978dc69402ccbec8cecedb0888da
chr22_100_guide_055	columba	timing	measured_2	0	0.454405	0.285141	0.114581	290248	1	not_exposed	a3d6cd5055990fc10a7f55f785689720f3a06133f1b0f4568f98749ce2751038	cbf8fe25e09218949637c014c44b0ac6c41b7c9311afed997f16260a3c1fbf6a
chr22_100_guide_056	columba	timing	measured_2	0	0.454870	0.260622	0.142678	290172	1	not_exposed	4a6cdc3b90d2775c2496444fab6f836151cd422ec2c82a9bf758cde5414f2417	e3b0c44298fc1c149afbf4c8996fb92427ae41e4649b934ca495991b7852b855
chr22_100_guide_057	columba	timing	measured_2	0	1.207248	0.517792	0.282640	290204	587	not_exposed	77d45e9f5ee3882ec6330d54e9c5cc3440047ffeae274f559bcd95b1bd3bfae3	2b9901666ce4054a63da25ca6c9450e93992d4499d571856646b5da90316ded1
chr22_100_guide_058	columba	timing	measured_2	0	0.454877	0.269006	0.128584	290360	1	not_exposed	b7517a16df61180265ec10a20cb33a003c3ea568992073591f20e96d81391119	b52ea0dac91d497aaec6f642a08329c4472b1d235792c856330e28a7c0b02c57
chr22_100_guide_059	columba	timing	measured_2	0	0.454796	0.283388	0.131353	290160	1	not_exposed	a6e8f7dbe8440152b018e778c86e594c220662576f7388bf74086116bfb557b5	0125d3c4984bdc22f6fcb221414dd3900ca99fecfcf592d4992e3000caf67fe4
chr22_100_guide_060	columba	timing	measured_2	0	0.454649	0.305221	0.106498	290464	1	not_exposed	96bacc0c5f62f5ee3cb64d6560e882e64673267447e8714383a4ab744f1c99a8	ccbb31fe1ebb9328fe27201916e87bd7c24b711b7b0b063a7f477755fe73cf70
chr22_100_guide_061	columba	timing	measured_2	0	0.454706	0.284924	0.128150	290336	1	not_exposed	9246314add68bcb309196485353ca32264aa9d97b65d40e3825659e7fa9e07c5	12cf0f82ebccaab6f5456eda16e6f1aa1c8c09e0e0b6bfe076d282d5294656c8
chr22_100_guide_062	columba	timing	measured_2	0	0.455484	0.279426	0.126861	290076	1	not_exposed	4832e7aa711ccdac22496f6cb8a979eec30369c372fca1b6aba1e3edfb12e8a1	e3b0c44298fc1c149afbf4c8996fb92427ae41e4649b934ca495991b7852b855
chr22_100_guide_063	columba	timing	measured_2	0	0.454618	0.274733	0.127967	290228	1	not_exposed	c4ca7ddc636638d7005d3e187756ba84185296e1c2585b41d0a7a856e2606213	696e651629a088ed51fa18bf92752b7cebcc5231944eb0da133c1b9ea7800ae7
chr22_100_guide_064	columba	timing	measured_2	0	0.504762	0.275646	0.125834	290240	1	not_exposed	b38f02456f345d872287da7f74b53691b169eb255cc35d11d103c308c700d2eb	80ee862860c0660e526ecb32b831aefab1ec8d289bb9d77c6b7b292513f4e728
chr22_100_guide_065	columba	timing	measured_2	0	0.454789	0.269680	0.132663	290384	1	not_exposed	4a6f7a313e251182f276be210f99075cb7bfa5275fa278d132ac27df6e713db1	e3b0c44298fc1c149afbf4c8996fb92427ae41e4649b934ca495991b7852b855
chr22_100_guide_066	columba	timing	measured_2	0	0.454946	0.258933	0.145875	290232	1	not_exposed	4802296ebbba9922a4ece696902be06427691049808ba406ed873a9a4a219f9c	5f467778f752a1aaed5df46d05a9a1b73450c302e12b8f1f7e33ddf845f2077e
chr22_100_guide_067	columba	timing	measured_2	0	0.454265	0.281393	0.120962	290196	1	not_exposed	0229a4fc79d3d37ddda05a4910899ff60fcd29aa41d3690d08b235deae1dd329	53b771ffaca11cb96d720daf7c16129376f1614689ba28d188fa0d0308cc5d07
chr22_100_guide_068	columba	timing	measured_2	0	0.455331	0.278570	0.123494	290124	2	not_exposed	d39c5b6762aa09453e14f55e106ab300ceb4955ee3d73b381937cbf2220ed042	fc6bbc4c65e692473cbf32ff151557635e2d1dd99e4b69c5ee3da000a109cea9
chr22_100_guide_069	columba	timing	measured_2	0	0.454536	0.286099	0.123558	290316	1	not_exposed	77885b288a794217926cbdc3f9557271a5584ca0a3525a33368ba9dfa0f79c36	5d430161443a2a46da19dfd91300b023436381d8acde81bd4858cc16663951ac
chr22_100_guide_070	columba	timing	measured_2	0	0.454840	0.272939	0.133723	290280	1	not_exposed	555a66e1753526673117e366fb233c844df0cfc38a64971866528e20e52f4ca2	daf225fd739240830663f4f6fa1add420c3d409ae734e31ecd3e9a98f65456bd
chr22_100_guide_071	columba	timing	measured_2	0	0.454290	0.256479	0.146638	290348	1	not_exposed	db50066ab5215e0ab40715d3e84c765c47977eb5d92e2f74fef9a37ee0c19f96	e3b0c44298fc1c149afbf4c8996fb92427ae41e4649b934ca495991b7852b855
chr22_100_guide_072	columba	timing	measured_2	0	0.454945	0.262566	0.152808	290352	1	not_exposed	a7389bd954eaa7a8f7c3e448a2ff3a3f4ef011b680d833fad933fd884d099eca	9b7501725ac0e846ebbf11d00696dd347ff96cf1e9b93286935af165a5a8fa66
chr22_100_guide_073	columba	timing	measured_2	0	0.455054	0.265750	0.134615	290208	1	not_exposed	850390cf00e784716c531f5e64380876ff07596af289e7ba34bc096bff075ecc	f44e84d998c57621965bbb72ae37ec201bf3185e3f28563924ad182f849d8046
chr22_100_guide_074	columba	timing	measured_2	0	0.756348	0.387181	0.167628	290176	15	not_exposed	76a6c31466fe8a92224b497f48d2a2b9c37e70f1819d8dbfb848d4f9edb761fa	5d8c3c5262e38d7dcf79bb590cb26e9f2d0dcf06deb7d1592a9870792a22513e
chr22_100_guide_075	columba	timing	measured_2	0	0.705448	0.348655	0.194130	290248	690	not_exposed	8cd88d35a6239e28f2d4fbc087a6b9692a349aea3a2e67d683ea11cc00b840b9	ae0d360083b0af56bd11fb704abe24935addb611a3312190e66090cd83bd6649
chr22_100_guide_076	columba	timing	measured_2	0	1.056981	0.501441	0.230026	290384	38	not_exposed	a3708319d6d4098cc051809e3fc924b4e19fa417c7730648eec2d9aff2c6874f	cb3d9fed22603537236f05dd51494a2dd8aff4f617ef543b45f73896a1ee5453
chr22_100_guide_077	columba	timing	measured_2	0	0.455228	0.287214	0.125151	291012	1	not_exposed	e3869c3952dd0b0eb3e37141b1040c6f25b82c4e398011436f2219c75f8febe8	b9c553e0ccfe2ce660998762584c8775fddbac678c08f7828037c9b6239ea576
chr22_100_guide_078	columba	timing	measured_2	0	0.454677	0.277756	0.123094	290224	1	not_exposed	b32f95b3659bdf5efde0a545c93605a84811e1f51637e98948f88b66e0c918a9	e3b0c44298fc1c149afbf4c8996fb92427ae41e4649b934ca495991b7852b855
chr22_100_guide_079	columba	timing	measured_2	0	0.455053	0.279825	0.137270	290220	1	not_exposed	3719b9c87eb26bae46571444132aecd72ec6971081ed8592128ac8081655f637	ba8e3024a8dbd3ab92f3c3efd62af4339a44a56f1d02bd2d31d752a8b26c0e77
chr22_100_guide_080	columba	timing	measured_2	0	0.454648	0.256489	0.143265	290376	1	not_exposed	5c9d989f365df1d424483a28cbc77093b089ff7ebee8cd46972f309ff0b6db17	2f17411719ddcf823a39fa8532b48978e18ea71b4f65cc71e1b1d51840c18def
chr22_100_guide_081	columba	timing	measured_2	0	0.454932	0.300843	0.108028	290308	1	not_exposed	60f8b2bdc588b6b13527c78acc609879caa8defea9c72ada132dee63d52ad9bf	e3b0c44298fc1c149afbf4c8996fb92427ae41e4649b934ca495991b7852b855
chr22_100_guide_082	columba	timing	measured_2	0	0.454756	0.301510	0.106985	290256	1	not_exposed	8aa0d629b648d54d65dead9f626b4f79b04416d14abcb761ce6f8afd4c8d5a02	e3b0c44298fc1c149afbf4c8996fb92427ae41e4649b934ca495991b7852b855
chr22_100_guide_083	columba	timing	measured_2	0	0.454963	0.272735	0.138297	290268	1	not_exposed	1da030b92202db00fdf4fa746fa0de1c56a74c6415d7abf8e6e634730c0990ca	e8d6de60c3ba05b27001c144755f4d3ad082de5cdf0fdf5e9cf6b7717422195e
chr22_100_guide_084	columba	timing	measured_2	0	0.855816	0.384121	0.233752	290208	59	not_exposed	3d5c5eea17a8aa3a8f994922ea224d56786739f5f0a5310fdde2fb172a35766e	2a914062b2e61c0fc83bf7fd2ab17483db18f0ba4c11d5d51cac16a335f4a276
chr22_100_guide_085	columba	timing	measured_2	0	0.454609	0.274138	0.133475	290184	1	not_exposed	886f21508ef43139da65b3307d412b9c43af12390fb60b152be51f2961337117	e3b0c44298fc1c149afbf4c8996fb92427ae41e4649b934ca495991b7852b855
chr22_100_guide_086	columba	timing	measured_2	0	0.454511	0.301875	0.124311	290272	1	not_exposed	b49d937c3f713b95c07b0df4983659c5531f5062b2c8b309c93edf95c5d33253	fe8b505978787bbd7a6d3b5268bab52bb800793326eda2f064520359431dd393
chr22_100_guide_087	columba	timing	measured_2	0	0.805719	0.380262	0.203159	290088	5	not_exposed	7299c25e9e9229b69fae4918dbd7a3d10cf292aa3a5ae9e727231b52918c4ec1	e022cf39cf254e9d5e76a228fc4449c3751d849c1fa8e8eb5b7d348ead9de8a8
chr22_100_guide_088	columba	timing	measured_2	0	0.454594	0.267094	0.133704	290340	1	not_exposed	7b9ea615f9aa7e046adebd0e63adf8ebdc63c09e2a683a13ae5b9e9457fd8152	000abe2ead510b1e81f85058fe4a2422bdd56dfa268e082b10ff250075738f0e
chr22_100_guide_089	columba	timing	measured_2	0	0.555139	0.285585	0.128574	290488	1	not_exposed	790719bd8847db6a942f261864ea37c0ec15f7a4f400e0bd1eaf31a8e659f354	5747958b98329bf390adcb88fe0c55df552279978269e4428317edf8497c35fb
chr22_100_guide_090	columba	timing	measured_2	0	0.454655	0.282758	0.118685	290144	1	not_exposed	af0e7d04b9032b6ba55a507cdc6196da5e7f3adbce117a38bb6ba2d2fb078cba	bb969d4b02ddd34c284543e306e202b2336d7575aa86daa3e6466757c09fd92b
chr22_100_guide_091	columba	timing	measured_2	0	0.455067	0.267690	0.131250	290372	2	not_exposed	cf53e5c0ba2549b95ad7cc66f6caa57165a2d7ef971b8448816c1f5189dcba42	99ee76e9b64774c9369be8a6f72c896db95e3888b9d30ddcbc455b25e12e4601
chr22_100_guide_092	columba	timing	measured_2	0	0.454341	0.270125	0.133135	290184	1	not_exposed	36dc22934c7c02b9c1a4043e7fa71e9fab23fac626842ee0233fa0a19e8a4d8d	f9edfd1414c172b5a32e647be62f7efb9a1867b2825caa326cd197691299ad06
chr22_100_guide_093	columba	timing	measured_2	0	0.454537	0.276175	0.132604	290420	1	not_exposed	7c248ba9765e06499bdbdd56fa063150392f57bbcf49d7273e7a34148cb2a14e	cb99cf2cb5c76fa9de96c7d214883bdebf51068c4cfea4bec3c2c4a8fda8efb1
chr22_100_guide_094	columba	timing	measured_2	0	0.454659	0.260847	0.140610	290248	1	not_exposed	b129ef3c4f85946c1752fcdec67457fbfa137faf10c495dcfb79020726f0093a	e3b0c44298fc1c149afbf4c8996fb92427ae41e4649b934ca495991b7852b855
chr22_100_guide_095	columba	timing	measured_2	0	0.454966	0.261549	0.136317	290344	2	not_exposed	72cfccdb732c7f835e82aebb76ca4186954ee044989d4d3f165c230249e1ab41	8dd8d8e768aa6c5cd7d90852728b3841c27aebb8dbde3dfbf7f30997ce15d157
chr22_100_guide_096	columba	timing	measured_2	0	0.454160	0.289440	0.121024	290312	1	not_exposed	66356638d350f202a4fc3653512e2eb61d180a210d3b4874237620fdd88f45ac	96e1dce767526b5e03b01ea34764f33de2e58653d775c70a8355e05d5d77a707
chr22_100_guide_097	columba	timing	measured_2	0	0.404368	0.287667	0.104188	290364	1	not_exposed	ec3317eca52cb313be8b742bd84d70d8e9f8f3d3a8dfda83e632d9ec5b3e7472	c34143c4b66ce37c239db5fc991d73357da56a527f237f74e6df9d61bb22831f
chr22_100_guide_098	columba	timing	measured_2	0	0.605003	0.308847	0.173388	290160	9	not_exposed	a016348f37755f8ce13e2e0e89980f934c47f1ed13f33ce69a965f043799e3ea	cf3712505c294ae6537378b91da6f8bca9bb56345e251df5353bc39739d8fd3e
chr22_100_guide_099	columba	timing	measured_2	0	0.454847	0.284200	0.118200	290308	4	not_exposed	b00ff7e072d9842bb0b22f9c6466a689c12afe9775188950e97e7229b6dc8e93	ff5c429edcc84b2bd2955d16c05ac27a1dc11df3ce849c05a33687f69b642bd8
chr22_100_guide_100	columba	timing	measured_2	0	0.454609	0.277205	0.136623	290408	2	not_exposed	4bb6e4f08a7316ba26ec3e6f894f79070071b55d78d6c1605a50035d0a1d9c79	43c575a7c9c47d3164a453eb851e84a8842b01388a4b2fe7c9503045ddc887e0
chr22_100_guide_001	baseline	timing	measured_2	0	34.160398	33.861717	0.048002	124084	2	not_exposed	c9c93b5e3642ad2be4fd3699f495e8d1c48adb430768e7ff532b1a4c59fa0c05	ecd997460eff8b19bac120208f47edd7be53e3371027aaa35d95fa07a5e79089
chr22_100_guide_002	baseline	timing	measured_2	0	35.214158	35.142294	0.052003	124148	16	not_exposed	0422486e190c33e1914bfe10563c561e6fc1a1f686af30d5e7a55cba9d1e5438	e3b0c44298fc1c149afbf4c8996fb92427ae41e4649b934ca495991b7852b855
chr22_100_guide_003	baseline	timing	measured_2	0	34.011154	33.945861	0.043997	123952	16	not_exposed	b1fb9aa39cacb022055195ef7dba7343c8fc879f2dc35b1bb9e3a5c71e1e23e0	638bd673bf5fc22f3fc8fe75f5600789d2b5d3f971a550e9446c8845c8fb98e7
chr22_100_guide_004	baseline	timing	measured_2	0	34.214497	34.131860	0.031999	124060	1	not_exposed	691ce0260ac4ff8426decb079b6ec2efdf4680b3abaced64e9143840bccb9552	e3b0c44298fc1c149afbf4c8996fb92427ae41e4649b934ca495991b7852b855
chr22_100_guide_005	baseline	timing	measured_2	0	34.913976	34.865384	0.043996	124088	1	not_exposed	d47f48944044bdd8d7b7148bc7fb286471ae8603baf0ef44a0d613b5748e28a9	e3b0c44298fc1c149afbf4c8996fb92427ae41e4649b934ca495991b7852b855
chr22_100_guide_006	baseline	timing	measured_2	0	34.266860	34.174271	0.040002	124096	4	not_exposed	381669eac105895c77936e91601bef5a44b194dce1468388fa6bc22b65e83aab	e3b0c44298fc1c149afbf4c8996fb92427ae41e4649b934ca495991b7852b855
chr22_100_guide_007	baseline	timing	measured_2	0	34.361288	34.276621	0.047989	124144	39	not_exposed	8c79c9f74d621ca368e7a5010df949e191f9383e93c08a0d7059b905cc0ffda7	2814a80526a6afc7f5c3e0f343a8afda41ae9af94298eccefb5974a61c27896f
chr22_100_guide_008	baseline	timing	measured_2	0	34.461159	34.080662	0.039996	124172	68	not_exposed	1c8845363d90825b8ae340946833959933ab6ef5fb8cc51a58e5c318ecbda056	b2b32f17633bad48f0d63dd8593879a3898a801f59345a837879f804a8b0a9ca
chr22_100_guide_009	baseline	timing	measured_2	0	34.161973	34.071431	0.036003	124028	2	not_exposed	7ff435e8f2284b0e1155c1c41e547855555c50593735221aa581ff02bbcfd922	e3b0c44298fc1c149afbf4c8996fb92427ae41e4649b934ca495991b7852b855
chr22_100_guide_010	baseline	timing	measured_2	0	33.665205	33.610158	0.047985	124096	19	not_exposed	2e0e36bd1d8a9d315885d8afb4d6ebec9f6f8c904301628cc99bd5dcc6773ffb	ecd997460eff8b19bac120208f47edd7be53e3371027aaa35d95fa07a5e79089
chr22_100_guide_011	baseline	timing	measured_2	0	34.665204	34.598260	0.032002	124004	1	not_exposed	951a40369bd86d0839b2d2addecaf6b337cdc3fa4cf552c0d5fd78bef17d3892	e3b0c44298fc1c149afbf4c8996fb92427ae41e4649b934ca495991b7852b855
chr22_100_guide_012	baseline	timing	measured_2	0	35.620390	34.243039	1.331962	124068	4	not_exposed	f693a92e20748272242c1d8d3a1b90c09e045d71ee219e8daf561a07fcf1b3bf	e3b0c44298fc1c149afbf4c8996fb92427ae41e4649b934ca495991b7852b855
chr22_100_guide_013	baseline	timing	measured_2	0	34.261150	34.191078	0.063998	124088	1	not_exposed	d0e1f61006a51712a6e3a7a08a2d9ed9a2e486bf46c47b49e89668b53f2efe69	e3b0c44298fc1c149afbf4c8996fb92427ae41e4649b934ca495991b7852b855
chr22_100_guide_014	baseline	timing	measured_2	0	33.862841	33.771786	0.043999	124140	7	not_exposed	607b674d30dff3c1c42e35e27d5265deb647245de700280723da5cee2be1949d	ecd997460eff8b19bac120208f47edd7be53e3371027aaa35d95fa07a5e79089
chr22_100_guide_015	baseline	timing	measured_2	0	33.418299	33.322522	0.060004	123996	8	not_exposed	1b77bf4d550c500a8ee0cb43d470d52c1e427554d2029a6ae46073763e13b472	2a9b3581cbbd9e5fa2548c708ad7a124377988e8d910e9dfb15410b25f9166bf
chr22_100_guide_016	baseline	timing	measured_2	0	34.364413	34.262551	0.047997	124220	1	not_exposed	664ca84d364b11b722ac1aa282d988cb26faa580c3801fc71e980d0a2785483d	e3b0c44298fc1c149afbf4c8996fb92427ae41e4649b934ca495991b7852b855
chr22_100_guide_017	baseline	timing	measured_2	0	33.815271	33.739795	0.032003	124052	42	not_exposed	c9640921a1633a31fff3009d84cb604e813785e475e180493b5008eddd5cf4a5	ee9d5e55ce77a86f64a05cf8cba4484606ca247314b3cb2b53d7d60b1519c5b6
chr22_100_guide_018	baseline	timing	measured_2	0	33.708249	33.624358	0.048000	123960	2	not_exposed	a14c7617088d038a70adbf1f43853e09c8728d9eb8b692f6bebaeecda9d2bbf8	e3b0c44298fc1c149afbf4c8996fb92427ae41e4649b934ca495991b7852b855
chr22_100_guide_019	baseline	timing	measured_2	0	34.363436	34.277502	0.055995	124104	1	not_exposed	6cdd7ce54810d5bc4f6f9e343cba7e89b5868d4aa230081223fa53049a31ac4f	e3b0c44298fc1c149afbf4c8996fb92427ae41e4649b934ca495991b7852b855
chr22_100_guide_020	baseline	timing	measured_2	0	33.912020	33.837156	0.044001	124128	1	not_exposed	444ff3228a137a38f7153b4f242a69cfa59f508d73251c41aa4006df73b202e7	e3b0c44298fc1c149afbf4c8996fb92427ae41e4649b934ca495991b7852b855
chr22_100_guide_021	baseline	timing	measured_2	0	36.128848	34.315573	1.767771	124032	1	not_exposed	70d3142b6438b2233c1a63a2ac833233a13a2d75bf75339f1fccaff2fa81b453	e3b0c44298fc1c149afbf4c8996fb92427ae41e4649b934ca495991b7852b855
chr22_100_guide_022	baseline	timing	measured_2	0	33.712158	33.643446	0.044004	124096	1	not_exposed	204889acb01cc5647d5755c52d4e664bc0f1e42e49862ffb2ae2cf1585ad7b50	e3b0c44298fc1c149afbf4c8996fb92427ae41e4649b934ca495991b7852b855
chr22_100_guide_023	baseline	timing	measured_2	0	34.367804	34.261515	0.048007	124348	149	not_exposed	8066a5e39caf78bf0cac01aa1dc91a6d1211b5892fc5875490679eb24872a81f	fba7e1444d1935a3ecae72a339d215d7e66c93737ae3105ef796647230a4c72b
chr22_100_guide_024	baseline	timing	measured_2	0	34.315250	34.233450	0.055995	123996	1	not_exposed	d7464b7872231b66a5d5e8b9529462954e8dbe3c50718817fdfc12087ef94681	e3b0c44298fc1c149afbf4c8996fb92427ae41e4649b934ca495991b7852b855
chr22_100_guide_025	baseline	timing	measured_2	0	35.771317	35.683572	0.031999	124116	133	not_exposed	a050c3614088d28140b98bc93b85cdcf774ad1cb450ab6c11993017d3c082c37	656c6c43708a37c613083b28d786b8a8e5c7c93a0f56ff02845bf632613ef7b4
chr22_100_guide_026	baseline	timing	measured_2	0	34.263666	34.200210	0.051994	124072	6	not_exposed	13bb7b2015f62e0900a83bc402db697daa2b20bda1089aa791553c2cb857d593	e3b0c44298fc1c149afbf4c8996fb92427ae41e4649b934ca495991b7852b855
chr22_100_guide_027	baseline	timing	measured_2	0	34.314368	34.007631	0.047993	124020	2	not_exposed	a7610eb051e87a34826545d10fcf8102943e8611a97a657a33ec94ff2afe4c13	e3b0c44298fc1c149afbf4c8996fb92427ae41e4649b934ca495991b7852b855
chr22_100_guide_028	baseline	timing	measured_2	0	35.518076	34.873715	0.055996	124048	58	not_exposed	9838a748f83250618473227cbc2b798e921118551a385e778337b49637186fe3	e3b0c44298fc1c149afbf4c8996fb92427ae41e4649b934ca495991b7852b855
chr22_100_guide_029	baseline	timing	measured_2	0	35.721996	35.145063	0.040001	124156	54	not_exposed	fec4266348f400a636b679dea725f0c74e62ee984b07daae005cd78179aa0b16	e3b0c44298fc1c149afbf4c8996fb92427ae41e4649b934ca495991b7852b855
chr22_100_guide_030	baseline	timing	measured_2	0	33.913877	33.852140	0.052000	125116	2028	not_exposed	d51a56eb32a0157988459abda9c4570ce1ce48f6ffbe6adebc65814d4d685584	767251ea2186789fd1cd90132d747be89a52555ee68e421329b153d9f9a77322
chr22_100_guide_031	baseline	timing	measured_2	0	34.962015	34.909678	0.047996	124104	1	not_exposed	bcce8596509aa2be4a7f3566961162e72e4443c46ea7cf8fc2c5ffb6cee2780a	e3b0c44298fc1c149afbf4c8996fb92427ae41e4649b934ca495991b7852b855
chr22_100_guide_032	baseline	timing	measured_2	0	34.362560	34.289474	0.039997	124128	1	not_exposed	c25a6440be62186e25b0f165358d0d0900b923751f80af6ee5c27f0f29a85af6	e3b0c44298fc1c149afbf4c8996fb92427ae41e4649b934ca495991b7852b855
chr22_100_guide_033	baseline	timing	measured_2	0	33.759758	33.698272	0.055997	124064	1	not_exposed	0effc63d85fa97f691908ce0321ab857ae6f08fabd2480f35c83ff81e76c9f0e	e3b0c44298fc1c149afbf4c8996fb92427ae41e4649b934ca495991b7852b855
chr22_100_guide_034	baseline	timing	measured_2	0	34.670334	34.594671	0.035994	124100	1	not_exposed	b799f84402b88ca7eda644ce1b5b5eb56c02b09c04d62fc51c4c70dc76c6b583	e3b0c44298fc1c149afbf4c8996fb92427ae41e4649b934ca495991b7852b855
chr22_100_guide_035	baseline	timing	measured_2	0	33.868389	33.798226	0.055997	124120	10	not_exposed	aeb84e7a83d7f5e43e1b08a7219b302505d104518e290226e70e560f25ec4f99	638bd673bf5fc22f3fc8fe75f5600789d2b5d3f971a550e9446c8845c8fb98e7
chr22_100_guide_036	baseline	timing	measured_2	0	33.722810	33.676877	0.035996	124132	1	not_exposed	d902219eeefe3ff64202f082d0493776f51eb4ff2b0f1167c0e670f923533dc4	e3b0c44298fc1c149afbf4c8996fb92427ae41e4649b934ca495991b7852b855
chr22_100_guide_037	baseline	timing	measured_2	0	34.267461	34.194936	0.059991	124112	1	not_exposed	87a59470956d0b27daf38e5e39ded5e150cdea0e868b3bb38ed13ec71694f010	e3b0c44298fc1c149afbf4c8996fb92427ae41e4649b934ca495991b7852b855
chr22_100_guide_038	baseline	timing	measured_2	0	34.465849	34.405796	0.032001	124132	1	not_exposed	029b4bae64ebbe3decac5715b992bb89ceb0731276cd7cd8566eaca4250537b4	e3b0c44298fc1c149afbf4c8996fb92427ae41e4649b934ca495991b7852b855
chr22_100_guide_039	baseline	timing	measured_2	0	33.920180	33.860564	0.035996	124092	1	not_exposed	a699d8af011bf9deb858b41d0fae396d8cff7641f7f0fffbf757531340e4d266	e3b0c44298fc1c149afbf4c8996fb92427ae41e4649b934ca495991b7852b855
chr22_100_guide_040	baseline	timing	measured_2	0	33.466048	33.379333	0.043993	124120	1	not_exposed	4390a33a35b7293befeadb9fa60eb9d4727d057633aeb9a93007f6581228ca97	e3b0c44298fc1c149afbf4c8996fb92427ae41e4649b934ca495991b7852b855
chr22_100_guide_041	baseline	timing	measured_2	0	35.464485	34.127478	1.283980	123996	1	not_exposed	3e8108b8109dce3b65881841a62543e3eb3ba821fff9bc76b9b5e43ac8c75d77	e3b0c44298fc1c149afbf4c8996fb92427ae41e4649b934ca495991b7852b855
chr22_100_guide_042	baseline	timing	measured_2	0	34.012477	33.915006	0.047992	123944	1	not_exposed	5924fcb39f9667884df027edda8f627478be6271057a2d69844c736321e3169f	e3b0c44298fc1c149afbf4c8996fb92427ae41e4649b934ca495991b7852b855
chr22_100_guide_043	baseline	timing	measured_2	0	33.763800	33.702205	0.040002	124020	2	not_exposed	0750254d4598a1695dbaade1146e921cf6dab58c8fc5ab334e4e36f882246f3f	ecd997460eff8b19bac120208f47edd7be53e3371027aaa35d95fa07a5e79089
chr22_100_guide_044	baseline	timing	measured_2	0	33.759094	33.699576	0.043999	124056	2	not_exposed	fa914a29da8996379fd30ef387eefd7cdc6893880f37a6f45eeedb5b45c937c8	ecd997460eff8b19bac120208f47edd7be53e3371027aaa35d95fa07a5e79089
chr22_100_guide_045	baseline	timing	measured_2	0	34.012629	33.933333	0.072002	124044	1	not_exposed	7e528a989c31c40be279492b74efb2b32bbafcb76168ffa5ecf4da003dd2852c	e3b0c44298fc1c149afbf4c8996fb92427ae41e4649b934ca495991b7852b855
chr22_100_guide_046	baseline	timing	measured_2	0	33.872929	33.805704	0.055982	124096	1	not_exposed	714554ca8eac6dff9bf1ea7bcd982ded36f466eaa79bea00a33e12ff4252393b	e3b0c44298fc1c149afbf4c8996fb92427ae41e4649b934ca495991b7852b855
chr22_100_guide_047	baseline	timing	measured_2	0	33.664635	33.587991	0.031999	124052	1	not_exposed	ca51411298336dbdfe2d1022ed02e74028dfbcd2e0e397a8224fce4f6017af72	e3b0c44298fc1c149afbf4c8996fb92427ae41e4649b934ca495991b7852b855
chr22_100_guide_048	baseline	timing	measured_2	0	34.359213	34.271247	0.051992	124056	1	not_exposed	bc3b9f3f86cc8bbd34d0a114947da783ee284f28a9a17754f8b3028fd08951a9	e3b0c44298fc1c149afbf4c8996fb92427ae41e4649b934ca495991b7852b855
chr22_100_guide_049	baseline	timing	measured_2	0	34.169022	34.100752	0.048001	123984	3	not_exposed	183882d3a63163e76a98ee38ccfea1b4877101dd283d80328c01c33dcd6c0e0b	e3b0c44298fc1c149afbf4c8996fb92427ae41e4649b934ca495991b7852b855
chr22_100_guide_050	baseline	timing	measured_2	0	36.167902	36.071016	0.059991	124036	12	not_exposed	cdfcb6c17423e58af5af22102e71c3afe70da276a855b996d57ec0695bcf7660	6e0a62bd0c2f08ba96ba668f896ebe3fa32339495c43eb259f7923a25e2bbb65
chr22_100_guide_051	baseline	timing	measured_2	0	34.263300	34.180920	0.044001	124008	1	not_exposed	14ef5eacd0519bf8d6f3f1e421b2147ce2cef2d89992ac6bc3c0c6493049fd6f	e3b0c44298fc1c149afbf4c8996fb92427ae41e4649b934ca495991b7852b855
chr22_100_guide_052	baseline	timing	measured_2	0	34.419097	34.351607	0.043994	124108	1	not_exposed	b743dcf20b0f8a4d8e1a343b97d48c58a0bc7fc4d1bb2a983a38d2078d740fcd	e3b0c44298fc1c149afbf4c8996fb92427ae41e4649b934ca495991b7852b855
chr22_100_guide_053	baseline	timing	measured_2	0	33.762205	33.707725	0.039994	124068	1	not_exposed	7f92fd7dddc708c2b3ec905f92a74e766b81d6ff9eaf13b4dc9c11ff5e96767a	e3b0c44298fc1c149afbf4c8996fb92427ae41e4649b934ca495991b7852b855
chr22_100_guide_054	baseline	timing	measured_2	0	33.559168	33.456195	0.048000	124056	13	not_exposed	a3f996eafe8edb438a0ef9cc29ff2c9d076dd06077727963e045b33f102900cc	6dd37d45626373f97b36828739234e64b591905fb707084ab0eaed58b1b00c27
chr22_100_guide_055	baseline	timing	measured_2	0	33.556033	33.477961	0.055996	124036	1	not_exposed	a3d6cd5055990fc10a7f55f785689720f3a06133f1b0f4568f98749ce2751038	e3b0c44298fc1c149afbf4c8996fb92427ae41e4649b934ca495991b7852b855
chr22_100_guide_056	baseline	timing	measured_2	0	34.011894	33.938243	0.047997	124140	1	not_exposed	4a6cdc3b90d2775c2496444fab6f836151cd422ec2c82a9bf758cde5414f2417	e3b0c44298fc1c149afbf4c8996fb92427ae41e4649b934ca495991b7852b855
chr22_100_guide_057	baseline	timing	measured_2	0	33.862030	33.761983	0.063988	124080	47	not_exposed	e447aa0d7123fcaedec935b3f8ed884340b0440a321c2a67fe809c7ccae27345	b2b32f17633bad48f0d63dd8593879a3898a801f59345a837879f804a8b0a9ca
chr22_100_guide_058	baseline	timing	measured_2	0	33.906461	33.610145	0.283984	124088	1	not_exposed	b7517a16df61180265ec10a20cb33a003c3ea568992073591f20e96d81391119	e3b0c44298fc1c149afbf4c8996fb92427ae41e4649b934ca495991b7852b855
chr22_100_guide_059	baseline	timing	measured_2	0	34.216726	34.098102	0.067996	124088	1	not_exposed	a6e8f7dbe8440152b018e778c86e594c220662576f7388bf74086116bfb557b5	e3b0c44298fc1c149afbf4c8996fb92427ae41e4649b934ca495991b7852b855
chr22_100_guide_060	baseline	timing	measured_2	0	35.918573	34.963192	0.931765	124076	1	not_exposed	96bacc0c5f62f5ee3cb64d6560e882e64673267447e8714383a4ab744f1c99a8	e3b0c44298fc1c149afbf4c8996fb92427ae41e4649b934ca495991b7852b855
chr22_100_guide_061	baseline	timing	measured_2	0	33.910210	33.808492	0.052000	124032	1	not_exposed	9246314add68bcb309196485353ca32264aa9d97b65d40e3825659e7fa9e07c5	e3b0c44298fc1c149afbf4c8996fb92427ae41e4649b934ca495991b7852b855
chr22_100_guide_062	baseline	timing	measured_2	0	33.059955	32.952845	0.067993	124036	1	not_exposed	4832e7aa711ccdac22496f6cb8a979eec30369c372fca1b6aba1e3edfb12e8a1	e3b0c44298fc1c149afbf4c8996fb92427ae41e4649b934ca495991b7852b855
chr22_100_guide_063	baseline	timing	measured_2	0	33.364958	33.288779	0.040000	124104	1	not_exposed	c4ca7ddc636638d7005d3e187756ba84185296e1c2585b41d0a7a856e2606213	e3b0c44298fc1c149afbf4c8996fb92427ae41e4649b934ca495991b7852b855
chr22_100_guide_064	baseline	timing	measured_2	0	33.711408	33.659050	0.028002	124100	1	not_exposed	b38f02456f345d872287da7f74b53691b169eb255cc35d11d103c308c700d2eb	e3b0c44298fc1c149afbf4c8996fb92427ae41e4649b934ca495991b7852b855
chr22_100_guide_065	baseline	timing	measured_2	0	34.014424	33.929476	0.039997	124004	1	not_exposed	4a6f7a313e251182f276be210f99075cb7bfa5275fa278d132ac27df6e713db1	e3b0c44298fc1c149afbf4c8996fb92427ae41e4649b934ca495991b7852b855
chr22_100_guide_066	baseline	timing	measured_2	0	33.656688	33.575503	0.031999	123964	1	not_exposed	4802296ebbba9922a4ece696902be06427691049808ba406ed873a9a4a219f9c	e3b0c44298fc1c149afbf4c8996fb92427ae41e4649b934ca495991b7852b855
chr22_100_guide_067	baseline	timing	measured_2	0	33.960631	33.884619	0.056001	124036	1	not_exposed	0229a4fc79d3d37ddda05a4910899ff60fcd29aa41d3690d08b235deae1dd329	e3b0c44298fc1c149afbf4c8996fb92427ae41e4649b934ca495991b7852b855
chr22_100_guide_068	baseline	timing	measured_2	0	33.959067	33.904197	0.043995	124052	2	not_exposed	d39c5b6762aa09453e14f55e106ab300ceb4955ee3d73b381937cbf2220ed042	e3b0c44298fc1c149afbf4c8996fb92427ae41e4649b934ca495991b7852b855
chr22_100_guide_069	baseline	timing	measured_2	0	33.609431	33.541631	0.056002	124120	1	not_exposed	894b1dbfd640275e381c43f266827b3b0b872a2b9928a9ade378892e79cddd91	e3b0c44298fc1c149afbf4c8996fb92427ae41e4649b934ca495991b7852b855
chr22_100_guide_070	baseline	timing	measured_2	0	35.319297	35.221192	0.060002	124000	1	not_exposed	555a66e1753526673117e366fb233c844df0cfc38a64971866528e20e52f4ca2	e3b0c44298fc1c149afbf4c8996fb92427ae41e4649b934ca495991b7852b855
chr22_100_guide_071	baseline	timing	measured_2	0	33.613063	33.532998	0.047989	123948	1	not_exposed	db50066ab5215e0ab40715d3e84c765c47977eb5d92e2f74fef9a37ee0c19f96	e3b0c44298fc1c149afbf4c8996fb92427ae41e4649b934ca495991b7852b855
chr22_100_guide_072	baseline	timing	measured_2	0	33.462035	33.382522	0.032002	123972	1	not_exposed	a7389bd954eaa7a8f7c3e448a2ff3a3f4ef011b680d833fad933fd884d099eca	e3b0c44298fc1c149afbf4c8996fb92427ae41e4649b934ca495991b7852b855
chr22_100_guide_073	baseline	timing	measured_2	0	34.013401	33.953492	0.043996	124060	1	not_exposed	850390cf00e784716c531f5e64380876ff07596af289e7ba34bc096bff075ecc	e3b0c44298fc1c149afbf4c8996fb92427ae41e4649b934ca495991b7852b855
chr22_100_guide_074	baseline	timing	measured_2	0	33.507006	33.435201	0.051998	124088	1	not_exposed	1f00016106bffc2ceba39230352e1e4ef914076353527946b8890d37546c25f5	e3b0c44298fc1c149afbf4c8996fb92427ae41e4649b934ca495991b7852b855
chr22_100_guide_075	baseline	timing	measured_2	0	33.414123	33.308695	0.047989	123972	58	not_exposed	614fa5b4f485a1fa8c00df490945639ea3b852b19e198bebe4d74ffe93ad1b88	cae01c86d9418ff48743f603d690cbbed7cfd0a775aa61abea8fe81d849a788f
chr22_100_guide_076	baseline	timing	measured_2	0	33.815157	33.738012	0.043997	124076	4	not_exposed	b142ef637df4e3f99cba0ff326382f5ebefaebebec7f67f50ae570d3cb77d0e9	e738f131400a5df528e34a9a74400f6996b29d28e34bef3f730ed59c9b584539
chr22_100_guide_077	baseline	timing	measured_2	0	34.013834	33.941623	0.035997	124012	1	not_exposed	e3869c3952dd0b0eb3e37141b1040c6f25b82c4e398011436f2219c75f8febe8	e3b0c44298fc1c149afbf4c8996fb92427ae41e4649b934ca495991b7852b855
chr22_100_guide_078	baseline	timing	measured_2	0	34.175966	34.112887	0.032000	124076	1	not_exposed	b32f95b3659bdf5efde0a545c93605a84811e1f51637e98948f88b66e0c918a9	e3b0c44298fc1c149afbf4c8996fb92427ae41e4649b934ca495991b7852b855
chr22_100_guide_079	baseline	timing	measured_2	0	34.058605	34.001730	0.051996	124084	1	not_exposed	3719b9c87eb26bae46571444132aecd72ec6971081ed8592128ac8081655f637	e3b0c44298fc1c149afbf4c8996fb92427ae41e4649b934ca495991b7852b855
chr22_100_guide_080	baseline	timing	measured_2	0	33.864667	33.772435	0.048000	124024	1	not_exposed	5c9d989f365df1d424483a28cbc77093b089ff7ebee8cd46972f309ff0b6db17	e3b0c44298fc1c149afbf4c8996fb92427ae41e4649b934ca495991b7852b855
chr22_100_guide_081	baseline	timing	measured_2	0	36.370554	36.285480	0.052002	124060	1	not_exposed	60f8b2bdc588b6b13527c78acc609879caa8defea9c72ada132dee63d52ad9bf	e3b0c44298fc1c149afbf4c8996fb92427ae41e4649b934ca495991b7852b855
chr22_100_guide_082	baseline	timing	measured_2	0	36.325338	35.815977	0.471999	124104	1	not_exposed	8aa0d629b648d54d65dead9f626b4f79b04416d14abcb761ce6f8afd4c8d5a02	e3b0c44298fc1c149afbf4c8996fb92427ae41e4649b934ca495991b7852b855
chr22_100_guide_083	baseline	timing	measured_2	0	33.460059	33.373754	0.059995	124092	1	not_exposed	1da030b92202db00fdf4fa746fa0de1c56a74c6415d7abf8e6e634730c0990ca	e3b0c44298fc1c149afbf4c8996fb92427ae41e4649b934ca495991b7852b855
chr22_100_guide_084	baseline	timing	measured_2	0	34.569778	34.221428	0.031997	124208	5	not_exposed	d3912c4fe014403d39f5babbc235cd2d4fea43649489b9579873d8d170b294d0	ecd997460eff8b19bac120208f47edd7be53e3371027aaa35d95fa07a5e79089
chr22_100_guide_085	baseline	timing	measured_2	0	34.464499	34.401760	0.047996	124032	1	not_exposed	886f21508ef43139da65b3307d412b9c43af12390fb60b152be51f2961337117	e3b0c44298fc1c149afbf4c8996fb92427ae41e4649b934ca495991b7852b855
chr22_100_guide_086	baseline	timing	measured_2	0	34.015708	33.947652	0.059999	124160	1	not_exposed	b49d937c3f713b95c07b0df4983659c5531f5062b2c8b309c93edf95c5d33253	e3b0c44298fc1c149afbf4c8996fb92427ae41e4649b934ca495991b7852b855
chr22_100_guide_087	baseline	timing	measured_2	0	33.413181	33.348486	0.043995	124124	3	not_exposed	9a84143c1c0ae741457654eac03a337269c00cb43411a6b54461fbe5949d0b50	e3b0c44298fc1c149afbf4c8996fb92427ae41e4649b934ca495991b7852b855
chr22_100_guide_088	baseline	timing	measured_2	0	34.165332	34.070009	0.044002	124024	1	not_exposed	7b9ea615f9aa7e046adebd0e63adf8ebdc63c09e2a683a13ae5b9e9457fd8152	e3b0c44298fc1c149afbf4c8996fb92427ae41e4649b934ca495991b7852b855
chr22_100_guide_089	baseline	timing	measured_2	0	34.666434	34.579692	0.051999	123956	1	not_exposed	790719bd8847db6a942f261864ea37c0ec15f7a4f400e0bd1eaf31a8e659f354	e3b0c44298fc1c149afbf4c8996fb92427ae41e4649b934ca495991b7852b855
chr22_100_guide_090	baseline	timing	measured_2	0	34.309135	34.212590	0.044000	124064	1	not_exposed	af0e7d04b9032b6ba55a507cdc6196da5e7f3adbce117a38bb6ba2d2fb078cba	e3b0c44298fc1c149afbf4c8996fb92427ae41e4649b934ca495991b7852b855
chr22_100_guide_091	baseline	timing	measured_2	0	33.208001	33.137604	0.052002	124064	2	not_exposed	cf53e5c0ba2549b95ad7cc66f6caa57165a2d7ef971b8448816c1f5189dcba42	e3b0c44298fc1c149afbf4c8996fb92427ae41e4649b934ca495991b7852b855
chr22_100_guide_092	baseline	timing	measured_2	0	33.759017	33.685595	0.040006	124084	1	not_exposed	36dc22934c7c02b9c1a4043e7fa71e9fab23fac626842ee0233fa0a19e8a4d8d	e3b0c44298fc1c149afbf4c8996fb92427ae41e4649b934ca495991b7852b855
chr22_100_guide_093	baseline	timing	measured_2	0	37.379810	35.177044	2.171323	124052	1	not_exposed	7c248ba9765e06499bdbdd56fa063150392f57bbcf49d7273e7a34148cb2a14e	e3b0c44298fc1c149afbf4c8996fb92427ae41e4649b934ca495991b7852b855
chr22_100_guide_094	baseline	timing	measured_2	0	33.365519	33.239914	0.079990	124020	1	not_exposed	b129ef3c4f85946c1752fcdec67457fbfa137faf10c495dcfb79020726f0093a	e3b0c44298fc1c149afbf4c8996fb92427ae41e4649b934ca495991b7852b855
chr22_100_guide_095	baseline	timing	measured_2	0	33.965794	33.877412	0.039996	124108	2	not_exposed	72cfccdb732c7f835e82aebb76ca4186954ee044989d4d3f165c230249e1ab41	e3b0c44298fc1c149afbf4c8996fb92427ae41e4649b934ca495991b7852b855
chr22_100_guide_096	baseline	timing	measured_2	0	34.824203	34.759883	0.051999	124096	1	not_exposed	66356638d350f202a4fc3653512e2eb61d180a210d3b4874237620fdd88f45ac	e3b0c44298fc1c149afbf4c8996fb92427ae41e4649b934ca495991b7852b855
chr22_100_guide_097	baseline	timing	measured_2	0	33.768968	33.694860	0.051998	124064	1	not_exposed	ec3317eca52cb313be8b742bd84d70d8e9f8f3d3a8dfda83e632d9ec5b3e7472	e3b0c44298fc1c149afbf4c8996fb92427ae41e4649b934ca495991b7852b855
chr22_100_guide_098	baseline	timing	measured_2	0	36.018927	35.930665	0.048003	124052	1	not_exposed	624a957aae98b6d231ae1011b4e64e108e7b8e8e44287e46c4862920d0454e11	e3b0c44298fc1c149afbf4c8996fb92427ae41e4649b934ca495991b7852b855
chr22_100_guide_099	baseline	timing	measured_2	0	33.516396	33.421226	0.063994	123988	2	not_exposed	ae2950cc930771cbd394906d42c51ef44aa1d759562b83917e788a9d26f47d1d	ecd997460eff8b19bac120208f47edd7be53e3371027aaa35d95fa07a5e79089
chr22_100_guide_100	baseline	timing	measured_2	0	33.560903	33.495311	0.047999	123976	2	not_exposed	4bb6e4f08a7316ba26ec3e6f894f79070071b55d78d6c1605a50035d0a1d9c79	e3b0c44298fc1c149afbf4c8996fb92427ae41e4649b934ca495991b7852b855
chr22_100_guide_001	baseline	timing	measured_3	0	35.114037	34.295834	0.807901	124064	2	not_exposed	c9c93b5e3642ad2be4fd3699f495e8d1c48adb430768e7ff532b1a4c59fa0c05	ecd997460eff8b19bac120208f47edd7be53e3371027aaa35d95fa07a5e79089
chr22_100_guide_002	baseline	timing	measured_3	0	33.566216	33.517416	0.035992	124132	16	not_exposed	0422486e190c33e1914bfe10563c561e6fc1a1f686af30d5e7a55cba9d1e5438	e3b0c44298fc1c149afbf4c8996fb92427ae41e4649b934ca495991b7852b855
chr22_100_guide_003	baseline	timing	measured_3	0	33.869545	33.772711	0.063993	124020	16	not_exposed	b1fb9aa39cacb022055195ef7dba7343c8fc879f2dc35b1bb9e3a5c71e1e23e0	638bd673bf5fc22f3fc8fe75f5600789d2b5d3f971a550e9446c8845c8fb98e7
chr22_100_guide_004	baseline	timing	measured_3	0	34.312265	34.271047	0.036003	124188	1	not_exposed	691ce0260ac4ff8426decb079b6ec2efdf4680b3abaced64e9143840bccb9552	e3b0c44298fc1c149afbf4c8996fb92427ae41e4649b934ca495991b7852b855
chr22_100_guide_005	baseline	timing	measured_3	0	35.076747	35.009355	0.059988	124000	1	not_exposed	d47f48944044bdd8d7b7148bc7fb286471ae8603baf0ef44a0d613b5748e28a9	e3b0c44298fc1c149afbf4c8996fb92427ae41e4649b934ca495991b7852b855
chr22_100_guide_006	baseline	timing	measured_3	0	34.314644	34.210960	0.071997	124104	4	not_exposed	381669eac105895c77936e91601bef5a44b194dce1468388fa6bc22b65e83aab	e3b0c44298fc1c149afbf4c8996fb92427ae41e4649b934ca495991b7852b855
chr22_100_guide_007	baseline	timing	measured_3	0	34.264650	34.161776	0.080004	124024	39	not_exposed	8c79c9f74d621ca368e7a5010df949e191f9383e93c08a0d7059b905cc0ffda7	2814a80526a6afc7f5c3e0f343a8afda41ae9af94298eccefb5974a61c27896f
chr22_100_guide_008	baseline	timing	measured_3	0	36.072072	34.633845	1.415748	124016	68	not_exposed	1c8845363d90825b8ae340946833959933ab6ef5fb8cc51a58e5c318ecbda056	b2b32f17633bad48f0d63dd8593879a3898a801f59345a837879f804a8b0a9ca
chr22_100_guide_009	baseline	timing	measured_3	0	33.962982	33.897853	0.032001	124080	2	not_exposed	7ff435e8f2284b0e1155c1c41e547855555c50593735221aa581ff02bbcfd922	e3b0c44298fc1c149afbf4c8996fb92427ae41e4649b934ca495991b7852b855
chr22_100_guide_010	baseline	timing	measured_3	0	33.711336	33.644955	0.043990	123996	19	not_exposed	2e0e36bd1d8a9d315885d8afb4d6ebec9f6f8c904301628cc99bd5dcc6773ffb	ecd997460eff8b19bac120208f47edd7be53e3371027aaa35d95fa07a5e79089
chr22_100_guide_011	baseline	timing	measured_3	0	34.616294	34.558834	0.047998	124092	1	not_exposed	951a40369bd86d0839b2d2addecaf6b337cdc3fa4cf552c0d5fd78bef17d3892	e3b0c44298fc1c149afbf4c8996fb92427ae41e4649b934ca495991b7852b855
chr22_100_guide_012	baseline	timing	measured_3	0	33.762496	33.684847	0.044001	124172	4	not_exposed	f693a92e20748272242c1d8d3a1b90c09e045d71ee219e8daf561a07fcf1b3bf	e3b0c44298fc1c149afbf4c8996fb92427ae41e4649b934ca495991b7852b855
chr22_100_guide_013	baseline	timing	measured_3	0	34.164945	34.068518	0.048000	123976	1	not_exposed	d0e1f61006a51712a6e3a7a08a2d9ed9a2e486bf46c47b49e89668b53f2efe69	e3b0c44298fc1c149afbf4c8996fb92427ae41e4649b934ca495991b7852b855
chr22_100_guide_014	baseline	timing	measured_3	0	33.510208	33.444432	0.039995	123984	7	not_exposed	607b674d30dff3c1c42e35e27d5265deb647245de700280723da5cee2be1949d	ecd997460eff8b19bac120208f47edd7be53e3371027aaa35d95fa07a5e79089
chr22_100_guide_015	baseline	timing	measured_3	0	34.613913	34.535042	0.031999	123976	8	not_exposed	1b77bf4d550c500a8ee0cb43d470d52c1e427554d2029a6ae46073763e13b472	2a9b3581cbbd9e5fa2548c708ad7a124377988e8d910e9dfb15410b25f9166bf
chr22_100_guide_016	baseline	timing	measured_3	0	34.273281	34.195479	0.055999	124092	1	not_exposed	664ca84d364b11b722ac1aa282d988cb26faa580c3801fc71e980d0a2785483d	e3b0c44298fc1c149afbf4c8996fb92427ae41e4649b934ca495991b7852b855
chr22_100_guide_017	baseline	timing	measured_3	0	33.823221	33.738053	0.036002	123936	42	not_exposed	c9640921a1633a31fff3009d84cb604e813785e475e180493b5008eddd5cf4a5	ee9d5e55ce77a86f64a05cf8cba4484606ca247314b3cb2b53d7d60b1519c5b6
chr22_100_guide_018	baseline	timing	measured_3	0	33.609098	33.542176	0.051997	124048	2	not_exposed	a14c7617088d038a70adbf1f43853e09c8728d9eb8b692f6bebaeecda9d2bbf8	e3b0c44298fc1c149afbf4c8996fb92427ae41e4649b934ca495991b7852b855
chr22_100_guide_019	baseline	timing	measured_3	0	34.565117	34.475782	0.043999	123972	1	not_exposed	6cdd7ce54810d5bc4f6f9e343cba7e89b5868d4aa230081223fa53049a31ac4f	e3b0c44298fc1c149afbf4c8996fb92427ae41e4649b934ca495991b7852b855
chr22_100_guide_020	baseline	timing	measured_3	0	36.318252	35.640424	0.624007	124096	1	not_exposed	444ff3228a137a38f7153b4f242a69cfa59f508d73251c41aa4006df73b202e7	e3b0c44298fc1c149afbf4c8996fb92427ae41e4649b934ca495991b7852b855
chr22_100_guide_021	baseline	timing	measured_3	0	33.458641	33.410637	0.031994	123992	1	not_exposed	70d3142b6438b2233c1a63a2ac833233a13a2d75bf75339f1fccaff2fa81b453	e3b0c44298fc1c149afbf4c8996fb92427ae41e4649b934ca495991b7852b855
chr22_100_guide_022	baseline	timing	measured_3	0	33.659058	33.556737	0.059994	124012	1	not_exposed	204889acb01cc5647d5755c52d4e664bc0f1e42e49862ffb2ae2cf1585ad7b50	e3b0c44298fc1c149afbf4c8996fb92427ae41e4649b934ca495991b7852b855
chr22_100_guide_023	baseline	timing	measured_3	0	34.668409	34.568023	0.051988	124344	149	not_exposed	8066a5e39caf78bf0cac01aa1dc91a6d1211b5892fc5875490679eb24872a81f	fba7e1444d1935a3ecae72a339d215d7e66c93737ae3105ef796647230a4c72b
chr22_100_guide_024	baseline	timing	measured_3	0	34.310608	34.245903	0.036002	123960	1	not_exposed	d7464b7872231b66a5d5e8b9529462954e8dbe3c50718817fdfc12087ef94681	e3b0c44298fc1c149afbf4c8996fb92427ae41e4649b934ca495991b7852b855
chr22_100_guide_025	baseline	timing	measured_3	0	34.361972	34.258036	0.087994	123984	133	not_exposed	a050c3614088d28140b98bc93b85cdcf774ad1cb450ab6c11993017d3c082c37	656c6c43708a37c613083b28d786b8a8e5c7c93a0f56ff02845bf632613ef7b4
chr22_100_guide_026	baseline	timing	measured_3	0	35.666929	35.570038	0.056003	124076	6	not_exposed	13bb7b2015f62e0900a83bc402db697daa2b20bda1089aa791553c2cb857d593	e3b0c44298fc1c149afbf4c8996fb92427ae41e4649b934ca495991b7852b855
chr22_100_guide_027	baseline	timing	measured_3	0	33.917009	33.852009	0.055993	124060	2	not_exposed	a7610eb051e87a34826545d10fcf8102943e8611a97a657a33ec94ff2afe4c13	e3b0c44298fc1c149afbf4c8996fb92427ae41e4649b934ca495991b7852b855
chr22_100_guide_028	baseline	timing	measured_3	0	35.211006	35.091354	0.079998	124044	58	not_exposed	9838a748f83250618473227cbc2b798e921118551a385e778337b49637186fe3	e3b0c44298fc1c149afbf4c8996fb92427ae41e4649b934ca495991b7852b855
chr22_100_guide_029	baseline	timing	measured_3	0	34.919050	34.856733	0.048001	124036	54	not_exposed	fec4266348f400a636b679dea725f0c74e62ee984b07daae005cd78179aa0b16	e3b0c44298fc1c149afbf4c8996fb92427ae41e4649b934ca495991b7852b855
chr22_100_guide_030	baseline	timing	measured_3	0	33.765860	33.653859	0.056003	125196	2028	not_exposed	d51a56eb32a0157988459abda9c4570ce1ce48f6ffbe6adebc65814d4d685584	767251ea2186789fd1cd90132d747be89a52555ee68e421329b153d9f9a77322
chr22_100_guide_031	baseline	timing	measured_3	0	33.713917	33.635593	0.047999	123992	1	not_exposed	bcce8596509aa2be4a7f3566961162e72e4443c46ea7cf8fc2c5ffb6cee2780a	e3b0c44298fc1c149afbf4c8996fb92427ae41e4649b934ca495991b7852b855
chr22_100_guide_032	baseline	timing	measured_3	0	34.107121	34.011634	0.043999	123980	1	not_exposed	c25a6440be62186e25b0f165358d0d0900b923751f80af6ee5c27f0f29a85af6	e3b0c44298fc1c149afbf4c8996fb92427ae41e4649b934ca495991b7852b855
chr22_100_guide_033	baseline	timing	measured_3	0	34.008906	33.913422	0.043996	124020	1	not_exposed	0effc63d85fa97f691908ce0321ab857ae6f08fabd2480f35c83ff81e76c9f0e	e3b0c44298fc1c149afbf4c8996fb92427ae41e4649b934ca495991b7852b855
chr22_100_guide_034	baseline	timing	measured_3	0	36.168992	36.097595	0.055996	124080	1	not_exposed	b799f84402b88ca7eda644ce1b5b5eb56c02b09c04d62fc51c4c70dc76c6b583	e3b0c44298fc1c149afbf4c8996fb92427ae41e4649b934ca495991b7852b855
chr22_100_guide_035	baseline	timing	measured_3	0	34.373865	34.296424	0.060000	124092	10	not_exposed	aeb84e7a83d7f5e43e1b08a7219b302505d104518e290226e70e560f25ec4f99	638bd673bf5fc22f3fc8fe75f5600789d2b5d3f971a550e9446c8845c8fb98e7
chr22_100_guide_036	baseline	timing	measured_3	0	33.908601	33.829406	0.048001	123980	1	not_exposed	d902219eeefe3ff64202f082d0493776f51eb4ff2b0f1167c0e670f923533dc4	e3b0c44298fc1c149afbf4c8996fb92427ae41e4649b934ca495991b7852b855
chr22_100_guide_037	baseline	timing	measured_3	0	34.314504	34.255669	0.051993	124096	1	not_exposed	87a59470956d0b27daf38e5e39ded5e150cdea0e868b3bb38ed13ec71694f010	e3b0c44298fc1c149afbf4c8996fb92427ae41e4649b934ca495991b7852b855
chr22_100_guide_038	baseline	timing	measured_3	0	34.715579	34.675246	0.035999	124092	1	not_exposed	029b4bae64ebbe3decac5715b992bb89ceb0731276cd7cd8566eaca4250537b4	e3b0c44298fc1c149afbf4c8996fb92427ae41e4649b934ca495991b7852b855
chr22_100_guide_039	baseline	timing	measured_3	0	34.161091	34.085795	0.031997	124100	1	not_exposed	a699d8af011bf9deb858b41d0fae396d8cff7641f7f0fffbf757531340e4d266	e3b0c44298fc1c149afbf4c8996fb92427ae41e4649b934ca495991b7852b855
chr22_100_guide_040	baseline	timing	measured_3	0	33.505449	33.394351	0.063981	124060	1	not_exposed	4390a33a35b7293befeadb9fa60eb9d4727d057633aeb9a93007f6581228ca97	e3b0c44298fc1c149afbf4c8996fb92427ae41e4649b934ca495991b7852b855
chr22_100_guide_041	baseline	timing	measured_3	0	33.659388	33.584396	0.043995	124108	1	not_exposed	3e8108b8109dce3b65881841a62543e3eb3ba821fff9bc76b9b5e43ac8c75d77	e3b0c44298fc1c149afbf4c8996fb92427ae41e4649b934ca495991b7852b855
chr22_100_guide_042	baseline	timing	measured_3	0	33.719563	33.650960	0.039994	123972	1	not_exposed	5924fcb39f9667884df027edda8f627478be6271057a2d69844c736321e3169f	e3b0c44298fc1c149afbf4c8996fb92427ae41e4649b934ca495991b7852b855
chr22_100_guide_043	baseline	timing	measured_3	0	35.063411	34.732225	0.307966	124104	2	not_exposed	0750254d4598a1695dbaade1146e921cf6dab58c8fc5ab334e4e36f882246f3f	ecd997460eff8b19bac120208f47edd7be53e3371027aaa35d95fa07a5e79089
chr22_100_guide_044	baseline	timing	measured_3	0	33.559554	33.496577	0.056000	124104	2	not_exposed	fa914a29da8996379fd30ef387eefd7cdc6893880f37a6f45eeedb5b45c937c8	ecd997460eff8b19bac120208f47edd7be53e3371027aaa35d95fa07a5e79089
chr22_100_guide_045	baseline	timing	measured_3	0	33.959122	33.891814	0.051993	124088	1	not_exposed	7e528a989c31c40be279492b74efb2b32bbafcb76168ffa5ecf4da003dd2852c	e3b0c44298fc1c149afbf4c8996fb92427ae41e4649b934ca495991b7852b855
chr22_100_guide_046	baseline	timing	measured_3	0	33.658609	33.578010	0.044002	124060	1	not_exposed	714554ca8eac6dff9bf1ea7bcd982ded36f466eaa79bea00a33e12ff4252393b	e3b0c44298fc1c149afbf4c8996fb92427ae41e4649b934ca495991b7852b855
chr22_100_guide_047	baseline	timing	measured_3	0	33.663769	33.589786	0.056002	124048	1	not_exposed	ca51411298336dbdfe2d1022ed02e74028dfbcd2e0e397a8224fce4f6017af72	e3b0c44298fc1c149afbf4c8996fb92427ae41e4649b934ca495991b7852b855
chr22_100_guide_048	baseline	timing	measured_3	0	33.916252	33.806969	0.067981	124048	1	not_exposed	bc3b9f3f86cc8bbd34d0a114947da783ee284f28a9a17754f8b3028fd08951a9	e3b0c44298fc1c149afbf4c8996fb92427ae41e4649b934ca495991b7852b855
chr22_100_guide_049	baseline	timing	measured_3	0	34.268363	34.178484	0.047997	123980	3	not_exposed	183882d3a63163e76a98ee38ccfea1b4877101dd283d80328c01c33dcd6c0e0b	e3b0c44298fc1c149afbf4c8996fb92427ae41e4649b934ca495991b7852b855
chr22_100_guide_050	baseline	timing	measured_3	0	34.468666	34.377801	0.047996	123968	12	not_exposed	cdfcb6c17423e58af5af22102e71c3afe70da276a855b996d57ec0695bcf7660	6e0a62bd0c2f08ba96ba668f896ebe3fa32339495c43eb259f7923a25e2bbb65
chr22_100_guide_051	baseline	timing	measured_3	0	34.218283	34.124486	0.048000	124084	1	not_exposed	14ef5eacd0519bf8d6f3f1e421b2147ce2cef2d89992ac6bc3c0c6493049fd6f	e3b0c44298fc1c149afbf4c8996fb92427ae41e4649b934ca495991b7852b855
chr22_100_guide_052	baseline	timing	measured_3	0	34.259325	34.148815	0.076001	124080	1	not_exposed	b743dcf20b0f8a4d8e1a343b97d48c58a0bc7fc4d1bb2a983a38d2078d740fcd	e3b0c44298fc1c149afbf4c8996fb92427ae41e4649b934ca495991b7852b855
chr22_100_guide_053	baseline	timing	measured_3	0	33.660486	33.594764	0.051998	124024	1	not_exposed	7f92fd7dddc708c2b3ec905f92a74e766b81d6ff9eaf13b4dc9c11ff5e96767a	e3b0c44298fc1c149afbf4c8996fb92427ae41e4649b934ca495991b7852b855
chr22_100_guide_054	baseline	timing	measured_3	0	33.556099	33.459108	0.059998	124060	13	not_exposed	a3f996eafe8edb438a0ef9cc29ff2c9d076dd06077727963e045b33f102900cc	6dd37d45626373f97b36828739234e64b591905fb707084ab0eaed58b1b00c27
chr22_100_guide_055	baseline	timing	measured_3	0	34.373528	34.295313	0.043999	123964	1	not_exposed	a3d6cd5055990fc10a7f55f785689720f3a06133f1b0f4568f98749ce2751038	e3b0c44298fc1c149afbf4c8996fb92427ae41e4649b934ca495991b7852b855
chr22_100_guide_056	baseline	timing	measured_3	0	34.056164	33.958588	0.044003	124068	1	not_exposed	4a6cdc3b90d2775c2496444fab6f836151cd422ec2c82a9bf758cde5414f2417	e3b0c44298fc1c149afbf4c8996fb92427ae41e4649b934ca495991b7852b855
chr22_100_guide_057	baseline	timing	measured_3	0	35.319208	35.234245	0.036002	124156	47	not_exposed	e447aa0d7123fcaedec935b3f8ed884340b0440a321c2a67fe809c7ccae27345	b2b32f17633bad48f0d63dd8593879a3898a801f59345a837879f804a8b0a9ca
chr22_100_guide_058	baseline	timing	measured_3	0	33.512259	33.438855	0.043998	124004	1	not_exposed	b7517a16df61180265ec10a20cb33a003c3ea568992073591f20e96d81391119	e3b0c44298fc1c149afbf4c8996fb92427ae41e4649b934ca495991b7852b855
chr22_100_guide_059	baseline	timing	measured_3	0	34.513169	34.416765	0.051995	124020	1	not_exposed	a6e8f7dbe8440152b018e778c86e594c220662576f7388bf74086116bfb557b5	e3b0c44298fc1c149afbf4c8996fb92427ae41e4649b934ca495991b7852b855
chr22_100_guide_060	baseline	timing	measured_3	0	34.919359	34.864595	0.035992	124012	1	not_exposed	96bacc0c5f62f5ee3cb64d6560e882e64673267447e8714383a4ab744f1c99a8	e3b0c44298fc1c149afbf4c8996fb92427ae41e4649b934ca495991b7852b855
chr22_100_guide_061	baseline	timing	measured_3	0	33.759582	33.677789	0.048002	124096	1	not_exposed	9246314add68bcb309196485353ca32264aa9d97b65d40e3825659e7fa9e07c5	e3b0c44298fc1c149afbf4c8996fb92427ae41e4649b934ca495991b7852b855
chr22_100_guide_062	baseline	timing	measured_3	0	33.008388	32.910255	0.044003	123912	1	not_exposed	4832e7aa711ccdac22496f6cb8a979eec30369c372fca1b6aba1e3edfb12e8a1	e3b0c44298fc1c149afbf4c8996fb92427ae41e4649b934ca495991b7852b855
chr22_100_guide_063	baseline	timing	measured_3	0	33.306289	33.236542	0.048000	124016	1	not_exposed	c4ca7ddc636638d7005d3e187756ba84185296e1c2585b41d0a7a856e2606213	e3b0c44298fc1c149afbf4c8996fb92427ae41e4649b934ca495991b7852b855
chr22_100_guide_064	baseline	timing	measured_3	0	33.668913	33.584904	0.048001	124080	1	not_exposed	b38f02456f345d872287da7f74b53691b169eb255cc35d11d103c308c700d2eb	e3b0c44298fc1c149afbf4c8996fb92427ae41e4649b934ca495991b7852b855
chr22_100_guide_065	baseline	timing	measured_3	0	36.026059	35.755648	0.223997	123972	1	not_exposed	4a6f7a313e251182f276be210f99075cb7bfa5275fa278d132ac27df6e713db1	e3b0c44298fc1c149afbf4c8996fb92427ae41e4649b934ca495991b7852b855
chr22_100_guide_066	baseline	timing	measured_3	0	33.513289	33.427139	0.043998	124084	1	not_exposed	4802296ebbba9922a4ece696902be06427691049808ba406ed873a9a4a219f9c	e3b0c44298fc1c149afbf4c8996fb92427ae41e4649b934ca495991b7852b855
chr22_100_guide_067	baseline	timing	measured_3	0	35.569638	35.460623	0.063993	124096	1	not_exposed	0229a4fc79d3d37ddda05a4910899ff60fcd29aa41d3690d08b235deae1dd329	e3b0c44298fc1c149afbf4c8996fb92427ae41e4649b934ca495991b7852b855
chr22_100_guide_068	baseline	timing	measured_3	0	33.915604	33.856530	0.032000	124020	2	not_exposed	d39c5b6762aa09453e14f55e106ab300ceb4955ee3d73b381937cbf2220ed042	e3b0c44298fc1c149afbf4c8996fb92427ae41e4649b934ca495991b7852b855
chr22_100_guide_069	baseline	timing	measured_3	0	33.613138	33.558568	0.031998	124052	1	not_exposed	894b1dbfd640275e381c43f266827b3b0b872a2b9928a9ade378892e79cddd91	e3b0c44298fc1c149afbf4c8996fb92427ae41e4649b934ca495991b7852b855
chr22_100_guide_070	baseline	timing	measured_3	0	33.613290	33.529618	0.047996	124084	1	not_exposed	555a66e1753526673117e366fb233c844df0cfc38a64971866528e20e52f4ca2	e3b0c44298fc1c149afbf4c8996fb92427ae41e4649b934ca495991b7852b855
chr22_100_guide_071	baseline	timing	measured_3	0	33.768221	33.684537	0.068001	124088	1	not_exposed	db50066ab5215e0ab40715d3e84c765c47977eb5d92e2f74fef9a37ee0c19f96	e3b0c44298fc1c149afbf4c8996fb92427ae41e4649b934ca495991b7852b855
chr22_100_guide_072	baseline	timing	measured_3	0	34.413982	34.343330	0.051998	124040	1	not_exposed	a7389bd954eaa7a8f7c3e448a2ff3a3f4ef011b680d833fad933fd884d099eca	e3b0c44298fc1c149afbf4c8996fb92427ae41e4649b934ca495991b7852b855
chr22_100_guide_073	baseline	timing	measured_3	0	33.968440	33.888920	0.036000	123980	1	not_exposed	850390cf00e784716c531f5e64380876ff07596af289e7ba34bc096bff075ecc	e3b0c44298fc1c149afbf4c8996fb92427ae41e4649b934ca495991b7852b855
chr22_100_guide_074	baseline	timing	measured_3	0	33.608836	33.520234	0.047994	124052	1	not_exposed	1f00016106bffc2ceba39230352e1e4ef914076353527946b8890d37546c25f5	e3b0c44298fc1c149afbf4c8996fb92427ae41e4649b934ca495991b7852b855
chr22_100_guide_075	baseline	timing	measured_3	0	33.314707	33.213868	0.044002	123952	58	not_exposed	614fa5b4f485a1fa8c00df490945639ea3b852b19e198bebe4d74ffe93ad1b88	cae01c86d9418ff48743f603d690cbbed7cfd0a775aa61abea8fe81d849a788f
chr22_100_guide_076	baseline	timing	measured_3	0	33.821253	33.751958	0.039995	124048	4	not_exposed	b142ef637df4e3f99cba0ff326382f5ebefaebebec7f67f50ae570d3cb77d0e9	e738f131400a5df528e34a9a74400f6996b29d28e34bef3f730ed59c9b584539
chr22_100_guide_077	baseline	timing	measured_3	0	33.971952	33.913133	0.047995	124096	1	not_exposed	e3869c3952dd0b0eb3e37141b1040c6f25b82c4e398011436f2219c75f8febe8	e3b0c44298fc1c149afbf4c8996fb92427ae41e4649b934ca495991b7852b855
chr22_100_guide_078	baseline	timing	measured_3	0	34.265081	34.193670	0.052002	124012	1	not_exposed	b32f95b3659bdf5efde0a545c93605a84811e1f51637e98948f88b66e0c918a9	e3b0c44298fc1c149afbf4c8996fb92427ae41e4649b934ca495991b7852b855
chr22_100_guide_079	baseline	timing	measured_3	0	34.016412	33.925491	0.047996	124008	1	not_exposed	3719b9c87eb26bae46571444132aecd72ec6971081ed8592128ac8081655f637	e3b0c44298fc1c149afbf4c8996fb92427ae41e4649b934ca495991b7852b855
chr22_100_guide_080	baseline	timing	measured_3	0	35.119832	35.030612	0.048003	124052	1	not_exposed	5c9d989f365df1d424483a28cbc77093b089ff7ebee8cd46972f309ff0b6db17	e3b0c44298fc1c149afbf4c8996fb92427ae41e4649b934ca495991b7852b855
chr22_100_guide_081	baseline	timing	measured_3	0	34.418055	34.348820	0.040000	123992	1	not_exposed	60f8b2bdc588b6b13527c78acc609879caa8defea9c72ada132dee63d52ad9bf	e3b0c44298fc1c149afbf4c8996fb92427ae41e4649b934ca495991b7852b855
chr22_100_guide_082	baseline	timing	measured_3	0	35.125185	35.042345	0.035998	123940	1	not_exposed	8aa0d629b648d54d65dead9f626b4f79b04416d14abcb761ce6f8afd4c8d5a02	e3b0c44298fc1c149afbf4c8996fb92427ae41e4649b934ca495991b7852b855
chr22_100_guide_083	baseline	timing	measured_3	0	33.562175	33.476056	0.056000	124088	1	not_exposed	1da030b92202db00fdf4fa746fa0de1c56a74c6415d7abf8e6e634730c0990ca	e3b0c44298fc1c149afbf4c8996fb92427ae41e4649b934ca495991b7852b855
chr22_100_guide_084	baseline	timing	measured_3	0	34.109544	34.009591	0.055996	124096	5	not_exposed	d3912c4fe014403d39f5babbc235cd2d4fea43649489b9579873d8d170b294d0	ecd997460eff8b19bac120208f47edd7be53e3371027aaa35d95fa07a5e79089
chr22_100_guide_085	baseline	timing	measured_3	0	34.572717	34.482214	0.039997	124084	1	not_exposed	886f21508ef43139da65b3307d412b9c43af12390fb60b152be51f2961337117	e3b0c44298fc1c149afbf4c8996fb92427ae41e4649b934ca495991b7852b855
chr22_100_guide_086	baseline	timing	measured_3	0	34.816866	34.727250	0.043993	124172	1	not_exposed	b49d937c3f713b95c07b0df4983659c5531f5062b2c8b309c93edf95c5d33253	e3b0c44298fc1c149afbf4c8996fb92427ae41e4649b934ca495991b7852b855
chr22_100_guide_087	baseline	timing	measured_3	0	34.923902	34.857871	0.031998	124088	3	not_exposed	9a84143c1c0ae741457654eac03a337269c00cb43411a6b54461fbe5949d0b50	e3b0c44298fc1c149afbf4c8996fb92427ae41e4649b934ca495991b7852b855
chr22_100_guide_088	baseline	timing	measured_3	0	34.264163	34.173628	0.047996	124184	1	not_exposed	7b9ea615f9aa7e046adebd0e63adf8ebdc63c09e2a683a13ae5b9e9457fd8152	e3b0c44298fc1c149afbf4c8996fb92427ae41e4649b934ca495991b7852b855
chr22_100_guide_089	baseline	timing	measured_3	0	34.413183	34.313550	0.055996	124048	1	not_exposed	790719bd8847db6a942f261864ea37c0ec15f7a4f400e0bd1eaf31a8e659f354	e3b0c44298fc1c149afbf4c8996fb92427ae41e4649b934ca495991b7852b855
chr22_100_guide_090	baseline	timing	measured_3	0	34.466725	34.383194	0.056005	124108	1	not_exposed	af0e7d04b9032b6ba55a507cdc6196da5e7f3adbce117a38bb6ba2d2fb078cba	e3b0c44298fc1c149afbf4c8996fb92427ae41e4649b934ca495991b7852b855
chr22_100_guide_091	baseline	timing	measured_3	0	33.256535	33.175584	0.035999	124064	2	not_exposed	cf53e5c0ba2549b95ad7cc66f6caa57165a2d7ef971b8448816c1f5189dcba42	e3b0c44298fc1c149afbf4c8996fb92427ae41e4649b934ca495991b7852b855
chr22_100_guide_092	baseline	timing	measured_3	0	33.762237	33.683601	0.059992	124096	1	not_exposed	36dc22934c7c02b9c1a4043e7fa71e9fab23fac626842ee0233fa0a19e8a4d8d	e3b0c44298fc1c149afbf4c8996fb92427ae41e4649b934ca495991b7852b855
chr22_100_guide_093	baseline	timing	measured_3	0	34.311278	34.252423	0.035996	124144	1	not_exposed	7c248ba9765e06499bdbdd56fa063150392f57bbcf49d7273e7a34148cb2a14e	e3b0c44298fc1c149afbf4c8996fb92427ae41e4649b934ca495991b7852b855
chr22_100_guide_094	baseline	timing	measured_3	0	33.460236	33.388702	0.044006	124044	1	not_exposed	b129ef3c4f85946c1752fcdec67457fbfa137faf10c495dcfb79020726f0093a	e3b0c44298fc1c149afbf4c8996fb92427ae41e4649b934ca495991b7852b855
chr22_100_guide_095	baseline	timing	measured_3	0	33.919013	33.822420	0.044003	124100	2	not_exposed	72cfccdb732c7f835e82aebb76ca4186954ee044989d4d3f165c230249e1ab41	e3b0c44298fc1c149afbf4c8996fb92427ae41e4649b934ca495991b7852b855
chr22_100_guide_096	baseline	timing	measured_3	0	33.259595	33.182896	0.039998	123996	1	not_exposed	66356638d350f202a4fc3653512e2eb61d180a210d3b4874237620fdd88f45ac	e3b0c44298fc1c149afbf4c8996fb92427ae41e4649b934ca495991b7852b855
chr22_100_guide_097	baseline	timing	measured_3	0	33.817317	33.715720	0.059999	124000	1	not_exposed	ec3317eca52cb313be8b742bd84d70d8e9f8f3d3a8dfda83e632d9ec5b3e7472	e3b0c44298fc1c149afbf4c8996fb92427ae41e4649b934ca495991b7852b855
chr22_100_guide_098	baseline	timing	measured_3	0	35.315118	35.270493	0.035998	124088	1	not_exposed	624a957aae98b6d231ae1011b4e64e108e7b8e8e44287e46c4862920d0454e11	e3b0c44298fc1c149afbf4c8996fb92427ae41e4649b934ca495991b7852b855
chr22_100_guide_099	baseline	timing	measured_3	0	33.458165	33.394032	0.052003	124096	2	not_exposed	ae2950cc930771cbd394906d42c51ef44aa1d759562b83917e788a9d26f47d1d	ecd997460eff8b19bac120208f47edd7be53e3371027aaa35d95fa07a5e79089
chr22_100_guide_100	baseline	timing	measured_3	0	33.509222	33.431205	0.060005	124052	2	not_exposed	4bb6e4f08a7316ba26ec3e6f894f79070071b55d78d6c1605a50035d0a1d9c79	e3b0c44298fc1c149afbf4c8996fb92427ae41e4649b934ca495991b7852b855
chr22_100_guide_001	columba	timing	measured_3	0	0.454842	0.292050	0.114363	290300	2	not_exposed	c9c93b5e3642ad2be4fd3699f495e8d1c48adb430768e7ff532b1a4c59fa0c05	1e3c641d38fd3d4b1cd876bbb13830d7fb2fb20f77ad12222230d037dc68d895
chr22_100_guide_002	columba	timing	measured_3	0	0.764506	0.367686	0.160369	290136	21	not_exposed	87b02444da0f2ab8be03442bf4b8948663370c5a682f070b36a827822ee531e3	e925e6374c2b14f26ce352338d241501af5403cd20c2f7a0a66a7ff0957a82b9
chr22_100_guide_003	columba	timing	measured_3	0	0.555385	0.328864	0.123039	290240	849	not_exposed	42c85ab9ac542a0a68f74f516c324f16feaf1ad5d780ddfa17aa882a9000849d	d5b5b7e3b34b61dc81dc8aab501910e13be4bc817fe9b96479eef46411ddf2a0
chr22_100_guide_004	columba	timing	measured_3	0	0.605098	0.320991	0.169085	290352	1	not_exposed	691ce0260ac4ff8426decb079b6ec2efdf4680b3abaced64e9143840bccb9552	a4c7fcea839152b57f9d48000d08a15502fd89d0fd27949928e5d265dda849b7
chr22_100_guide_005	columba	timing	measured_3	0	0.454901	0.283960	0.114412	290296	1	not_exposed	95686fb2b7a30116b7ae2cc467351eaaf4c6f25cab6f6b7bc6dcc05f1c409532	011f515d83cd8b0bf4648cfa3d329bea0cb2939a7aabcbf319c9ccbd2ece994c
chr22_100_guide_006	columba	timing	measured_3	0	2.310037	0.903515	0.467877	292260	4	not_exposed	381669eac105895c77936e91601bef5a44b194dce1468388fa6bc22b65e83aab	9739780944683faaa4ef3f313f816b862f341378b37d0ab5c6f2f11c524f85ce
chr22_100_guide_007	columba	timing	measured_3	0	0.906640	0.431310	0.228958	290276	77	not_exposed	d298f59746650faabb2ca5561ee87dd6713d6657c3eeebcb15b3c30fa3c0c022	403d87bc80095f7dba4286b814ee578933bb15ea4b2720f3a94553d5d4a69f41
chr22_100_guide_008	columba	timing	measured_3	0	0.454565	0.284342	0.118277	290204	70	not_exposed	8f32d63ac3fc7353d028bcbab308948f718f700957721b790efcbcfdf7b2968d	67c892220045c7e6de36630e42f43c7166e3a6cbb04fcd8d07803b38b0896333
chr22_100_guide_009	columba	timing	measured_3	0	0.455110	0.277516	0.120791	290216	4	not_exposed	f852312a894362e0b31472a7c87cc296c09d811ed71a73c469ed1ae252e2fefe	f9a5b9bf57218d2245080f337460f0f31693b21bce927496b6424a06a4356606
chr22_100_guide_010	columba	timing	measured_3	0	0.605068	0.356183	0.140355	290328	25	not_exposed	b8db8d29518bcd793fe2cf11a647c9c419525e6da6f3c9efa22d172c191ba4c4	09b67aada08755086fd2e6118d65bf7e9f49291d271c5abe563bb62ebc797503
chr22_100_guide_011	columba	timing	measured_3	0	0.454534	0.278032	0.126315	290204	21	not_exposed	ec592648254199539685feee5357d093e2e1ec0b8ee82c9ce1e89057db95c2aa	e3b0c44298fc1c149afbf4c8996fb92427ae41e4649b934ca495991b7852b855
chr22_100_guide_012	columba	timing	measured_3	0	0.454332	0.287338	0.119763	290376	8	not_exposed	9b00eaabadec78eddf839955f38b2c49038c64b495db9fc7cba00a4c5b16c2fd	e3b0c44298fc1c149afbf4c8996fb92427ae41e4649b934ca495991b7852b855
chr22_100_guide_013	columba	timing	measured_3	0	0.454797	0.289042	0.106234	290216	3	not_exposed	606c59fbabc1859613e4a31b3b8ed8c4147f5ca89d1de01946221f89097d2bce	ec04d3f7e1b1328ad5397a8bdd34185b098771189af9962fbc567d013800e818
chr22_100_guide_014	columba	timing	measured_3	0	0.454638	0.297292	0.128472	290964	193	not_exposed	9d3f96b7c5db3e0da42d54d04629e5c2f3b7306de3a7b74cbbe19baeec72ef91	4429f6d37a56106f41ade5f8232056512f2c14e6a716c1b4f088b61464e12a95
chr22_100_guide_015	columba	timing	measured_3	0	2.761981	1.074817	0.522330	290076	121	not_exposed	e55942ac6df6ea5194730aa80c266f855204986eea43ac4bf3ebf7d75fa0e169	9d39fb2239ad6c24bc2177f8f8fc624629eba55e42615de578eff18b5dd9cfe1
chr22_100_guide_016	columba	timing	measured_3	0	0.454543	0.279910	0.127737	290340	1	not_exposed	664ca84d364b11b722ac1aa282d988cb26faa580c3801fc71e980d0a2785483d	647a3c26fb0f04ad019100c4ab0390ab87ed5c84aadfe7a252bca70b1e3bd96d
chr22_100_guide_017	columba	timing	measured_3	0	1.909315	0.767704	0.399380	290332	65	not_exposed	9852752810a86bc2ec08e1deae289cb1e46a4172c7b2e475ed07820b6266dd53	6c92947d95b3ae3f0e0ed0a3c24424f6bd041ec1db5523ff91ca421eff2f6f9d
chr22_100_guide_018	columba	timing	measured_3	0	0.555331	0.318760	0.157477	290796	2	not_exposed	5c632dfc921b715b635c61d386497b7131eb4348bb520ea4a5cd13ab53ef1e7a	23e8f4ffff162fdc2e25089c32203c22ccb5ac9c66770c9b5d4a6408cc154ffb
chr22_100_guide_019	columba	timing	measured_3	0	0.454599	0.287684	0.122405	290444	1	not_exposed	6cdd7ce54810d5bc4f6f9e343cba7e89b5868d4aa230081223fa53049a31ac4f	dc56e723a41ad2b033072b1d35240963852ef67de09ef8478a44d1daa4a0e78a
chr22_100_guide_020	columba	timing	measured_3	0	0.655579	0.336354	0.180162	290208	7	not_exposed	e201d7cfc5ec4a9979af6c9a236130b8f36d6e0e4dcfef596b106dbc39010303	b458b467a03688a50351b56d6e3c449c56ad4edc944351aafb91ac49def2d89e
chr22_100_guide_021	columba	timing	measured_3	0	0.805874	0.259704	0.136776	290316	1	not_exposed	70d3142b6438b2233c1a63a2ac833233a13a2d75bf75339f1fccaff2fa81b453	d56d96fe98b333f362ee9bd6376532e8bc00f0bfcb42456116b5b2cd748bb70d
chr22_100_guide_022	columba	timing	measured_3	0	2.059862	0.817664	0.426383	290436	1	not_exposed	6b72b7d58a6bb9700568183d8342e8f3bc79c45ffa1f7e46c161effbf9985c5d	1bdc42a6859b8b52c1db369907a7439fdf814d31ad0591c6948691ed396edcd1
chr22_100_guide_023	columba	timing	measured_3	0	0.454645	0.281160	0.124971	290168	149	not_exposed	13d490936eb128956dcd7744ae65b99655fcac4ad3ba999a6d96498e5f4323b1	ac192c7b6f04bd7ec153ca9deee4b10effcbb4185b9d200c6f35f95533887058
chr22_100_guide_024	columba	timing	measured_3	0	0.655527	0.365318	0.161872	290244	2	not_exposed	bcee63120e7a1ad9985f53ede79aec2d8e27e6be8190904374c9bd2675cce1d4	20e0d047a90eb941c28e7c3eadd3682e2d2baa7519ca17df715655ce2d25a138
chr22_100_guide_025	columba	timing	measured_3	0	2.661907	1.125497	0.478413	292732	3307	not_exposed	7f78171e7e6e43e57fe0ccabe7cc5e8fc6ad058811ae50a138478aec4dbcd946	a34f27a5f1f0c21115f51c2a00f1de92d7498004bf63229ab020afe0cdc3dd75
chr22_100_guide_026	columba	timing	measured_3	0	2.562300	0.918294	0.568655	290156	64	not_exposed	74ee2057f2511f0387c90decf264283593386e47d9b30347bc9921ddcc60dd17	24451543d4981af6965232fc89a42aae084c85b1effd413db55357f5b81b7551
chr22_100_guide_027	columba	timing	measured_3	0	0.455119	0.270501	0.128120	290144	2	not_exposed	a7610eb051e87a34826545d10fcf8102943e8611a97a657a33ec94ff2afe4c13	ca6032de9107568e011efa775fb138933bc1f4163d835edc39d12e948093dfde
chr22_100_guide_028	columba	timing	measured_3	0	0.555185	0.320213	0.141544	290324	2001	not_exposed	ccbb10c6b39950ff1a609a7c093affb95e09b093f31339b79eb9e55af9bea14f	6ab1cb25283fe19a6bfd4fcd5c48da2d87969a73970cab771254caf7f66a6287
chr22_100_guide_029	columba	timing	measured_3	0	0.554905	0.310930	0.149538	290176	1862	not_exposed	023a0db1667cffab02ece840deaeba274e313dbe75e80a569d4eb1e108049a70	d4e0a36311e4ca8e67b4e69d062e253606ee8ba50c03ffb98d71774fa810bdfb
chr22_100_guide_030	columba	timing	measured_3	0	1.206961	0.553183	0.246653	290408	2154	not_exposed	e96360b064c516b87fc1693427dead08c7b0c7e111a9ad12d3d41bda12ba3e0e	dcd1a0046df890a8b3a39f7884dafa87cf0c672958395ee079ca311c62f39e1c
chr22_100_guide_031	columba	timing	measured_3	0	1.458445	0.651205	0.290394	290280	2	not_exposed	5d5573821365e7bc8b578e4c8587ad85cc0ce7e73cc826859074ffc07c945a42	6d757fd7aeea9c62de2f65f7620c111ca2fee818c410d59cbc0beeac17789d75
chr22_100_guide_032	columba	timing	measured_3	0	0.454658	0.264024	0.133606	290056	1	not_exposed	c25a6440be62186e25b0f165358d0d0900b923751f80af6ee5c27f0f29a85af6	5bcc52812e3cd79f2c949096180d3f1ac01ae06d29eea04285bba87168ded8f9
chr22_100_guide_033	columba	timing	measured_3	0	0.454519	0.292638	0.111864	290100	1	not_exposed	0effc63d85fa97f691908ce0321ab857ae6f08fabd2480f35c83ff81e76c9f0e	6be499e878bb8835b2d0095d754911ca511e88d92eb98ee972ab04a1f8c00a0b
chr22_100_guide_034	columba	timing	measured_3	0	0.454732	0.283983	0.128205	290640	1	not_exposed	b799f84402b88ca7eda644ce1b5b5eb56c02b09c04d62fc51c4c70dc76c6b583	4f6dc5b5a164eea9ba79b4a4c7ee686bbb2ef32b24b407949991d9e320496ddb
chr22_100_guide_035	columba	timing	measured_3	0	0.504916	0.297786	0.139336	290056	10	not_exposed	986145a86aa41385a9bbb5cd5338e224f19dc118858eeb759d145e4a054fb385	19a7bce57c2268e495189ce0232b0b13a465741e4349b22a1ea0d29dcc9002df
chr22_100_guide_036	columba	timing	measured_3	0	0.454850	0.283143	0.123538	290252	1	not_exposed	d902219eeefe3ff64202f082d0493776f51eb4ff2b0f1167c0e670f923533dc4	561879fe16bf8d8d845615014aafa1348557dc2b653402bc983228fe11f91985
chr22_100_guide_037	columba	timing	measured_3	0	0.454338	0.285722	0.122529	290288	1	not_exposed	87a59470956d0b27daf38e5e39ded5e150cdea0e868b3bb38ed13ec71694f010	e3b0c44298fc1c149afbf4c8996fb92427ae41e4649b934ca495991b7852b855
chr22_100_guide_038	columba	timing	measured_3	0	0.455124	0.293353	0.122792	290288	1	not_exposed	029b4bae64ebbe3decac5715b992bb89ceb0731276cd7cd8566eaca4250537b4	d19c36693df71437a3e971b04638d4c55f47a0d94d8887a1c6ebbec6f71e8046
chr22_100_guide_039	columba	timing	measured_3	0	0.454336	0.285844	0.118570	290140	1	not_exposed	a699d8af011bf9deb858b41d0fae396d8cff7641f7f0fffbf757531340e4d266	e3b0c44298fc1c149afbf4c8996fb92427ae41e4649b934ca495991b7852b855
chr22_100_guide_040	columba	timing	measured_3	0	0.454987	0.258801	0.139632	290340	1	not_exposed	4390a33a35b7293befeadb9fa60eb9d4727d057633aeb9a93007f6581228ca97	7e3c0298e47ada9502fe1ab91e5aed0852345691cf2da9d42a3b3bb1585655fc
chr22_100_guide_041	columba	timing	measured_3	0	0.454572	0.286615	0.114976	290108	1	not_exposed	3e8108b8109dce3b65881841a62543e3eb3ba821fff9bc76b9b5e43ac8c75d77	30d5bd1a2fd8f421e7be29640f109fecf4e022892dc5732c56ef1b76e1f5233b
chr22_100_guide_042	columba	timing	measured_3	0	0.454837	0.285150	0.114602	290208	1	not_exposed	5924fcb39f9667884df027edda8f627478be6271057a2d69844c736321e3169f	e3b0c44298fc1c149afbf4c8996fb92427ae41e4649b934ca495991b7852b855
chr22_100_guide_043	columba	timing	measured_3	0	0.504891	0.313773	0.120898	290248	2	not_exposed	0750254d4598a1695dbaade1146e921cf6dab58c8fc5ab334e4e36f882246f3f	f786f22359fb3a2a1769d5d1b500856dc5b1f5bd752fa9b56a6462248899650e
chr22_100_guide_044	columba	timing	measured_3	0	0.454946	0.295099	0.112910	290308	2	not_exposed	fa914a29da8996379fd30ef387eefd7cdc6893880f37a6f45eeedb5b45c937c8	aa527725aa07ee4e1a1873921188b10360514049cf3e6ec4bdf5fc490d38675e
chr22_100_guide_045	columba	timing	measured_3	0	0.404382	0.271477	0.123056	290304	1	not_exposed	7e528a989c31c40be279492b74efb2b32bbafcb76168ffa5ecf4da003dd2852c	dd567e27451842465f72c8df72e5b23a60f4533474e55b65999ba98af50e5e25
chr22_100_guide_046	columba	timing	measured_3	0	0.454495	0.302541	0.103495	290216	1	not_exposed	714554ca8eac6dff9bf1ea7bcd982ded36f466eaa79bea00a33e12ff4252393b	32b0fdb408a245e8ea00a9e3729e5f81f9093394a9fdef4348318ec666ad1e55
chr22_100_guide_047	columba	timing	measured_3	0	0.454562	0.277309	0.122603	290216	1	not_exposed	ca51411298336dbdfe2d1022ed02e74028dfbcd2e0e397a8224fce4f6017af72	b76583d8074d81b6123010653d515a4ff97310c43c5bf08081014d9154db7606
chr22_100_guide_048	columba	timing	measured_3	0	0.454466	0.276067	0.136253	290368	1	not_exposed	bc3b9f3f86cc8bbd34d0a114947da783ee284f28a9a17754f8b3028fd08951a9	e3b0c44298fc1c149afbf4c8996fb92427ae41e4649b934ca495991b7852b855
chr22_100_guide_049	columba	timing	measured_3	0	0.454901	0.276854	0.124668	290216	3	not_exposed	00230428f6d63582ec60d092b6bc6c689bf77cb21e9480a627f5e8c16d0dc979	42d1ec48cb0493956d77fad00767b6c2fed5e28ca7790d50779e46dd1957fd55
chr22_100_guide_050	columba	timing	measured_3	0	0.705390	0.340480	0.196723	290240	80	not_exposed	dce37de5e1818cdd17e4ee8033bf40efbe0d2c545e9392b2dcc57b55c2826417	25673b27f69837dff68516645411fc0233445a384636410926722510c4091cf8
chr22_100_guide_051	columba	timing	measured_3	0	0.454885	0.276247	0.123702	290356	1	not_exposed	14ef5eacd0519bf8d6f3f1e421b2147ce2cef2d89992ac6bc3c0c6493049fd6f	b3f77e03add0f929849c64c186a0f6ee8168522805e29a074a8498ff01f34924
chr22_100_guide_052	columba	timing	measured_3	0	0.454385	0.291872	0.107900	290212	1	not_exposed	b743dcf20b0f8a4d8e1a343b97d48c58a0bc7fc4d1bb2a983a38d2078d740fcd	2948117454b190d6eeeaca3bc94a2bf5793d77da14d80a9f2def8405cee8a845
chr22_100_guide_053	columba	timing	measured_3	0	0.454841	0.275758	0.131782	290328	1	not_exposed	7f92fd7dddc708c2b3ec905f92a74e766b81d6ff9eaf13b4dc9c11ff5e96767a	eb38c77d3364d29cf9b4a0c82bd850e49266e1046930de12097b9d1d6f671ebe
chr22_100_guide_054	columba	timing	measured_3	0	0.504746	0.290425	0.135065	290400	14	not_exposed	3058fcd54fc966d78fcbca10605d2ef57a8d520fd2d192714139789500cccfed	b11e22db3237d2c4296c631fbac7919ba0f6978dc69402ccbec8cecedb0888da
chr22_100_guide_055	columba	timing	measured_3	0	0.454945	0.292793	0.108293	290492	1	not_exposed	a3d6cd5055990fc10a7f55f785689720f3a06133f1b0f4568f98749ce2751038	cbf8fe25e09218949637c014c44b0ac6c41b7c9311afed997f16260a3c1fbf6a
chr22_100_guide_056	columba	timing	measured_3	0	0.454862	0.275425	0.125931	290232	1	not_exposed	4a6cdc3b90d2775c2496444fab6f836151cd422ec2c82a9bf758cde5414f2417	e3b0c44298fc1c149afbf4c8996fb92427ae41e4649b934ca495991b7852b855
chr22_100_guide_057	columba	timing	measured_3	0	1.207092	0.473404	0.314700	290300	587	not_exposed	77d45e9f5ee3882ec6330d54e9c5cc3440047ffeae274f559bcd95b1bd3bfae3	2b9901666ce4054a63da25ca6c9450e93992d4499d571856646b5da90316ded1
chr22_100_guide_058	columba	timing	measured_3	0	0.404799	0.260242	0.132234	290420	1	not_exposed	b7517a16df61180265ec10a20cb33a003c3ea568992073591f20e96d81391119	b52ea0dac91d497aaec6f642a08329c4472b1d235792c856330e28a7c0b02c57
chr22_100_guide_059	columba	timing	measured_3	0	0.454485	0.277218	0.122415	290472	1	not_exposed	a6e8f7dbe8440152b018e778c86e594c220662576f7388bf74086116bfb557b5	0125d3c4984bdc22f6fcb221414dd3900ca99fecfcf592d4992e3000caf67fe4
chr22_100_guide_060	columba	timing	measured_3	0	0.455397	0.278741	0.123458	290348	1	not_exposed	96bacc0c5f62f5ee3cb64d6560e882e64673267447e8714383a4ab744f1c99a8	ccbb31fe1ebb9328fe27201916e87bd7c24b711b7b0b063a7f477755fe73cf70
chr22_100_guide_061	columba	timing	measured_3	0	0.454659	0.285517	0.122172	290144	1	not_exposed	9246314add68bcb309196485353ca32264aa9d97b65d40e3825659e7fa9e07c5	12cf0f82ebccaab6f5456eda16e6f1aa1c8c09e0e0b6bfe076d282d5294656c8
chr22_100_guide_062	columba	timing	measured_3	0	0.454636	0.272847	0.133178	290280	1	not_exposed	4832e7aa711ccdac22496f6cb8a979eec30369c372fca1b6aba1e3edfb12e8a1	e3b0c44298fc1c149afbf4c8996fb92427ae41e4649b934ca495991b7852b855
chr22_100_guide_063	columba	timing	measured_3	0	0.454292	0.284516	0.116676	290328	1	not_exposed	c4ca7ddc636638d7005d3e187756ba84185296e1c2585b41d0a7a856e2606213	696e651629a088ed51fa18bf92752b7cebcc5231944eb0da133c1b9ea7800ae7
chr22_100_guide_064	columba	timing	measured_3	0	0.454888	0.282286	0.119676	290272	1	not_exposed	b38f02456f345d872287da7f74b53691b169eb255cc35d11d103c308c700d2eb	80ee862860c0660e526ecb32b831aefab1ec8d289bb9d77c6b7b292513f4e728
chr22_100_guide_065	columba	timing	measured_3	0	0.454252	0.282061	0.120741	290204	1	not_exposed	4a6f7a313e251182f276be210f99075cb7bfa5275fa278d132ac27df6e713db1	e3b0c44298fc1c149afbf4c8996fb92427ae41e4649b934ca495991b7852b855
chr22_100_guide_066	columba	timing	measured_3	0	0.455037	0.274647	0.121555	290208	1	not_exposed	4802296ebbba9922a4ece696902be06427691049808ba406ed873a9a4a219f9c	5f467778f752a1aaed5df46d05a9a1b73450c302e12b8f1f7e33ddf845f2077e
chr22_100_guide_067	columba	timing	measured_3	0	0.454596	0.291600	0.110620	290368	1	not_exposed	0229a4fc79d3d37ddda05a4910899ff60fcd29aa41d3690d08b235deae1dd329	53b771ffaca11cb96d720daf7c16129376f1614689ba28d188fa0d0308cc5d07
chr22_100_guide_068	columba	timing	measured_3	0	0.454560	0.261435	0.137276	290232	2	not_exposed	d39c5b6762aa09453e14f55e106ab300ceb4955ee3d73b381937cbf2220ed042	fc6bbc4c65e692473cbf32ff151557635e2d1dd99e4b69c5ee3da000a109cea9
chr22_100_guide_069	columba	timing	measured_3	0	0.454418	0.297299	0.118526	292368	1	not_exposed	77885b288a794217926cbdc3f9557271a5584ca0a3525a33368ba9dfa0f79c36	5d430161443a2a46da19dfd91300b023436381d8acde81bd4858cc16663951ac
chr22_100_guide_070	columba	timing	measured_3	0	0.454745	0.252106	0.146467	290168	1	not_exposed	555a66e1753526673117e366fb233c844df0cfc38a64971866528e20e52f4ca2	daf225fd739240830663f4f6fa1add420c3d409ae734e31ecd3e9a98f65456bd
chr22_100_guide_071	columba	timing	measured_3	0	0.454153	0.255831	0.146346	290332	1	not_exposed	db50066ab5215e0ab40715d3e84c765c47977eb5d92e2f74fef9a37ee0c19f96	e3b0c44298fc1c149afbf4c8996fb92427ae41e4649b934ca495991b7852b855
chr22_100_guide_072	columba	timing	measured_3	0	0.454672	0.283091	0.115647	290324	1	not_exposed	a7389bd954eaa7a8f7c3e448a2ff3a3f4ef011b680d833fad933fd884d099eca	9b7501725ac0e846ebbf11d00696dd347ff96cf1e9b93286935af165a5a8fa66
chr22_100_guide_073	columba	timing	measured_3	0	0.404130	0.289097	0.104427	290332	1	not_exposed	850390cf00e784716c531f5e64380876ff07596af289e7ba34bc096bff075ecc	f44e84d998c57621965bbb72ae37ec201bf3185e3f28563924ad182f849d8046
chr22_100_guide_074	columba	timing	measured_3	0	0.755319	0.380317	0.180111	291092	15	not_exposed	76a6c31466fe8a92224b497f48d2a2b9c37e70f1819d8dbfb848d4f9edb761fa	5d8c3c5262e38d7dcf79bb590cb26e9f2d0dcf06deb7d1592a9870792a22513e
chr22_100_guide_075	columba	timing	measured_3	0	0.805634	0.350112	0.192931	290276	690	not_exposed	8cd88d35a6239e28f2d4fbc087a6b9692a349aea3a2e67d683ea11cc00b840b9	ae0d360083b0af56bd11fb704abe24935addb611a3312190e66090cd83bd6649
chr22_100_guide_076	columba	timing	measured_3	0	1.056600	0.455497	0.256019	290284	38	not_exposed	a3708319d6d4098cc051809e3fc924b4e19fa417c7730648eec2d9aff2c6874f	cb3d9fed22603537236f05dd51494a2dd8aff4f617ef543b45f73896a1ee5453
chr22_100_guide_077	columba	timing	measured_3	0	0.455269	0.283829	0.128310	290112	1	not_exposed	e3869c3952dd0b0eb3e37141b1040c6f25b82c4e398011436f2219c75f8febe8	b9c553e0ccfe2ce660998762584c8775fddbac678c08f7828037c9b6239ea576
chr22_100_guide_078	columba	timing	measured_3	0	0.454570	0.284846	0.123570	290236	1	not_exposed	b32f95b3659bdf5efde0a545c93605a84811e1f51637e98948f88b66e0c918a9	e3b0c44298fc1c149afbf4c8996fb92427ae41e4649b934ca495991b7852b855
chr22_100_guide_079	columba	timing	measured_3	0	0.454851	0.248735	0.150616	290292	1	not_exposed	3719b9c87eb26bae46571444132aecd72ec6971081ed8592128ac8081655f637	ba8e3024a8dbd3ab92f3c3efd62af4339a44a56f1d02bd2d31d752a8b26c0e77
chr22_100_guide_080	columba	timing	measured_3	0	0.454984	0.275826	0.130280	290408	1	not_exposed	5c9d989f365df1d424483a28cbc77093b089ff7ebee8cd46972f309ff0b6db17	2f17411719ddcf823a39fa8532b48978e18ea71b4f65cc71e1b1d51840c18def
chr22_100_guide_081	columba	timing	measured_3	0	0.404835	0.273616	0.120740	290252	1	not_exposed	60f8b2bdc588b6b13527c78acc609879caa8defea9c72ada132dee63d52ad9bf	e3b0c44298fc1c149afbf4c8996fb92427ae41e4649b934ca495991b7852b855
chr22_100_guide_082	columba	timing	measured_3	0	0.454695	0.278489	0.129696	290268	1	not_exposed	8aa0d629b648d54d65dead9f626b4f79b04416d14abcb761ce6f8afd4c8d5a02	e3b0c44298fc1c149afbf4c8996fb92427ae41e4649b934ca495991b7852b855
chr22_100_guide_083	columba	timing	measured_3	0	0.454832	0.284675	0.122598	290296	1	not_exposed	1da030b92202db00fdf4fa746fa0de1c56a74c6415d7abf8e6e634730c0990ca	e8d6de60c3ba05b27001c144755f4d3ad082de5cdf0fdf5e9cf6b7717422195e
chr22_100_guide_084	columba	timing	measured_3	0	0.906298	0.417074	0.207088	290344	59	not_exposed	3d5c5eea17a8aa3a8f994922ea224d56786739f5f0a5310fdde2fb172a35766e	2a914062b2e61c0fc83bf7fd2ab17483db18f0ba4c11d5d51cac16a335f4a276
chr22_100_guide_085	columba	timing	measured_3	0	0.455009	0.256095	0.141106	290220	1	not_exposed	886f21508ef43139da65b3307d412b9c43af12390fb60b152be51f2961337117	e3b0c44298fc1c149afbf4c8996fb92427ae41e4649b934ca495991b7852b855
chr22_100_guide_086	columba	timing	measured_3	0	0.454725	0.274135	0.153016	290288	1	not_exposed	b49d937c3f713b95c07b0df4983659c5531f5062b2c8b309c93edf95c5d33253	fe8b505978787bbd7a6d3b5268bab52bb800793326eda2f064520359431dd393
chr22_100_guide_087	columba	timing	measured_3	0	0.756180	0.418963	0.164600	290404	5	not_exposed	7299c25e9e9229b69fae4918dbd7a3d10cf292aa3a5ae9e727231b52918c4ec1	e022cf39cf254e9d5e76a228fc4449c3751d849c1fa8e8eb5b7d348ead9de8a8
chr22_100_guide_088	columba	timing	measured_3	0	0.454675	0.272135	0.127186	290184	1	not_exposed	7b9ea615f9aa7e046adebd0e63adf8ebdc63c09e2a683a13ae5b9e9457fd8152	000abe2ead510b1e81f85058fe4a2422bdd56dfa268e082b10ff250075738f0e
chr22_100_guide_089	columba	timing	measured_3	0	0.454896	0.276897	0.117683	290288	1	not_exposed	790719bd8847db6a942f261864ea37c0ec15f7a4f400e0bd1eaf31a8e659f354	5747958b98329bf390adcb88fe0c55df552279978269e4428317edf8497c35fb
chr22_100_guide_090	columba	timing	measured_3	0	0.454900	0.299393	0.126535	290252	1	not_exposed	af0e7d04b9032b6ba55a507cdc6196da5e7f3adbce117a38bb6ba2d2fb078cba	bb969d4b02ddd34c284543e306e202b2336d7575aa86daa3e6466757c09fd92b
chr22_100_guide_091	columba	timing	measured_3	0	0.405066	0.260721	0.132315	290240	2	not_exposed	cf53e5c0ba2549b95ad7cc66f6caa57165a2d7ef971b8448816c1f5189dcba42	99ee76e9b64774c9369be8a6f72c896db95e3888b9d30ddcbc455b25e12e4601
chr22_100_guide_092	columba	timing	measured_3	0	0.454773	0.266901	0.134361	290208	1	not_exposed	36dc22934c7c02b9c1a4043e7fa71e9fab23fac626842ee0233fa0a19e8a4d8d	f9edfd1414c172b5a32e647be62f7efb9a1867b2825caa326cd197691299ad06
chr22_100_guide_093	columba	timing	measured_3	0	0.454465	0.266010	0.134091	290468	1	not_exposed	7c248ba9765e06499bdbdd56fa063150392f57bbcf49d7273e7a34148cb2a14e	cb99cf2cb5c76fa9de96c7d214883bdebf51068c4cfea4bec3c2c4a8fda8efb1
chr22_100_guide_094	columba	timing	measured_3	0	0.455130	0.281267	0.128647	290140	1	not_exposed	b129ef3c4f85946c1752fcdec67457fbfa137faf10c495dcfb79020726f0093a	e3b0c44298fc1c149afbf4c8996fb92427ae41e4649b934ca495991b7852b855
chr22_100_guide_095	columba	timing	measured_3	0	0.454691	0.288925	0.124636	290984	2	not_exposed	72cfccdb732c7f835e82aebb76ca4186954ee044989d4d3f165c230249e1ab41	8dd8d8e768aa6c5cd7d90852728b3841c27aebb8dbde3dfbf7f30997ce15d157
chr22_100_guide_096	columba	timing	measured_3	0	0.454699	0.275925	0.119574	290176	1	not_exposed	66356638d350f202a4fc3653512e2eb61d180a210d3b4874237620fdd88f45ac	96e1dce767526b5e03b01ea34764f33de2e58653d775c70a8355e05d5d77a707
chr22_100_guide_097	columba	timing	measured_3	0	0.454655	0.268814	0.128292	290260	1	not_exposed	ec3317eca52cb313be8b742bd84d70d8e9f8f3d3a8dfda83e632d9ec5b3e7472	c34143c4b66ce37c239db5fc991d73357da56a527f237f74e6df9d61bb22831f
chr22_100_guide_098	columba	timing	measured_3	0	0.555419	0.326266	0.141055	290040	9	not_exposed	a016348f37755f8ce13e2e0e89980f934c47f1ed13f33ce69a965f043799e3ea	cf3712505c294ae6537378b91da6f8bca9bb56345e251df5353bc39739d8fd3e
chr22_100_guide_099	columba	timing	measured_3	0	0.454175	0.278145	0.128794	290260	4	not_exposed	b00ff7e072d9842bb0b22f9c6466a689c12afe9775188950e97e7229b6dc8e93	ff5c429edcc84b2bd2955d16c05ac27a1dc11df3ce849c05a33687f69b642bd8
chr22_100_guide_100	columba	timing	measured_3	0	0.454739	0.277794	0.122529	290152	2	not_exposed	4bb6e4f08a7316ba26ec3e6f894f79070071b55d78d6c1605a50035d0a1d9c79	43c575a7c9c47d3164a453eb851e84a8842b01388a4b2fe7c9503045ddc887e0
