relative_path	size_bytes	sha256
raw/pilot_100_fallback_20260801T180205Z/commands.tsv	366	9329c273d792432f8605a8fb758d5df87ccd80045e068e33e129deca05fc8346
raw/pilot_100_fallback_20260801T180205Z/correctness/baseline/pilot/chr22_100_guide_001/command.txt	294	3c9dd3c2caae1a522ea06d5a0d82f82c919b8f6c58f3c7353013c3857d5a052f
raw/pilot_100_fallback_20260801T180205Z/correctness/baseline/pilot/chr22_100_guide_001/metrics.tsv	295	fb19c562164250c04c482dca3c36831ebad531ca0f19163c539e89250ff2eb79
raw/pilot_100_fallback_20260801T180205Z/correctness/baseline/pilot/chr22_100_guide_001/output.paf	192	c9c93b5e3642ad2be4fd3699f495e8d1c48adb430768e7ff532b1a4c59fa0c05
raw/pilot_100_fallback_20260801T180205Z/correctness/baseline/pilot/chr22_100_guide_001/stderr.txt	45	ecd997460eff8b19bac120208f47edd7be53e3371027aaa35d95fa07a5e79089
raw/pilot_100_fallback_20260801T180205Z/correctness/baseline/pilot/chr22_100_guide_002/command.txt	294	ac1b91c9856b4d1a369592cde97c85ea96aa65b6ee4b485a78d333ca081481f5
raw/pilot_100_fallback_20260801T180205Z/correctness/baseline/pilot/chr22_100_guide_002/metrics.tsv	295	88f03b268440ddad9bcec2ab4ed6983f77093eb04c37dbd2e7cb981227d04871
raw/pilot_100_fallback_20260801T180205Z/correctness/baseline/pilot/chr22_100_guide_002/output.paf	1650	0422486e190c33e1914bfe10563c561e6fc1a1f686af30d5e7a55cba9d1e5438
raw/pilot_100_fallback_20260801T180205Z/correctness/baseline/pilot/chr22_100_guide_002/stderr.txt	0	e3b0c44298fc1c149afbf4c8996fb92427ae41e4649b934ca495991b7852b855
raw/pilot_100_fallback_20260801T180205Z/correctness/baseline/pilot/chr22_100_guide_003/command.txt	294	c4ddca4230168cb96406c58fc309ef53915dfc56c8f91bab7db2f5d600eadb61
raw/pilot_100_fallback_20260801T180205Z/correctness/baseline/pilot/chr22_100_guide_003/metrics.tsv	297	dbe0835acfe6be47f125bfa65064c197046880c353c53bb90f0580f03ddeb374
raw/pilot_100_fallback_20260801T180205Z/correctness/baseline/pilot/chr22_100_guide_003/output.paf	1642	b1fb9aa39cacb022055195ef7dba7343c8fc879f2dc35b1bb9e3a5c71e1e23e0
raw/pilot_100_fallback_20260801T180205Z/correctness/baseline/pilot/chr22_100_guide_003/stderr.txt	135	638bd673bf5fc22f3fc8fe75f5600789d2b5d3f971a550e9446c8845c8fb98e7
raw/pilot_100_fallback_20260801T180205Z/correctness/baseline/pilot/chr22_100_guide_004/command.txt	294	c77720e1ae0e110fd081574fe1280c106e5deb6b19dc49ed9af5b43be6c815db
raw/pilot_100_fallback_20260801T180205Z/correctness/baseline/pilot/chr22_100_guide_004/metrics.tsv	294	5ec9b19f80cc656b9bebc5df3fc942db9f8406f35203d31d953e340b6ad56130
raw/pilot_100_fallback_20260801T180205Z/correctness/baseline/pilot/chr22_100_guide_004/output.paf	103	691ce0260ac4ff8426decb079b6ec2efdf4680b3abaced64e9143840bccb9552
raw/pilot_100_fallback_20260801T180205Z/correctness/baseline/pilot/chr22_100_guide_004/stderr.txt	0	e3b0c44298fc1c149afbf4c8996fb92427ae41e4649b934ca495991b7852b855
raw/pilot_100_fallback_20260801T180205Z/correctness/baseline/pilot/chr22_100_guide_005/command.txt	294	10f8da586140feed8c277b6f2a88768b7554073e8f93d8d096f42428a3b8f22c
raw/pilot_100_fallback_20260801T180205Z/correctness/baseline/pilot/chr22_100_guide_005/metrics.tsv	294	561b3a545b96f75fcddaac03c8d1720137bc90b5f4bc204d4e784ee5beb195ad
raw/pilot_100_fallback_20260801T180205Z/correctness/baseline/pilot/chr22_100_guide_005/output.paf	105	d47f48944044bdd8d7b7148bc7fb286471ae8603baf0ef44a0d613b5748e28a9
raw/pilot_100_fallback_20260801T180205Z/correctness/baseline/pilot/chr22_100_guide_005/stderr.txt	0	e3b0c44298fc1c149afbf4c8996fb92427ae41e4649b934ca495991b7852b855
raw/pilot_100_fallback_20260801T180205Z/correctness/baseline/pilot/chr22_100_guide_006/command.txt	294	da4c9f00cf2ae8210a9cde92e24246052d2cd69473d23fd11b655dbc72d291c1
raw/pilot_100_fallback_20260801T180205Z/correctness/baseline/pilot/chr22_100_guide_006/metrics.tsv	294	ca606dc6b8bf4cb4f457548ad4a8401246455e6842354c490c36044b4273b5be
raw/pilot_100_fallback_20260801T180205Z/correctness/baseline/pilot/chr22_100_guide_006/output.paf	412	381669eac105895c77936e91601bef5a44b194dce1468388fa6bc22b65e83aab
raw/pilot_100_fallback_20260801T180205Z/correctness/baseline/pilot/chr22_100_guide_006/stderr.txt	0	e3b0c44298fc1c149afbf4c8996fb92427ae41e4649b934ca495991b7852b855
raw/pilot_100_fallback_20260801T180205Z/correctness/baseline/pilot/chr22_100_guide_007/command.txt	294	50bacb1be8cccd5fb275b2fd3907ca0a162e120704b1105e5cea0fb01801a84e
raw/pilot_100_fallback_20260801T180205Z/correctness/baseline/pilot/chr22_100_guide_007/metrics.tsv	297	e8fe70a9e0c8e30bdd5340173dcf6b755e67b84965689725bec09e6fbf0ac968
raw/pilot_100_fallback_20260801T180205Z/correctness/baseline/pilot/chr22_100_guide_007/output.paf	3991	8c79c9f74d621ca368e7a5010df949e191f9383e93c08a0d7059b905cc0ffda7
raw/pilot_100_fallback_20260801T180205Z/correctness/baseline/pilot/chr22_100_guide_007/stderr.txt	900	2814a80526a6afc7f5c3e0f343a8afda41ae9af94298eccefb5974a61c27896f
raw/pilot_100_fallback_20260801T180205Z/correctness/baseline/pilot/chr22_100_guide_008/command.txt	294	990c97030b662290e1a7bcbbd8a01b13fcf1e9e211333ac82e77265d1c0d586a
raw/pilot_100_fallback_20260801T180205Z/correctness/baseline/pilot/chr22_100_guide_008/metrics.tsv	298	c0c324d7fa25bfea28c4e44c8674ad11173efebf11f15d11b6f083206b3e8854
raw/pilot_100_fallback_20260801T180205Z/correctness/baseline/pilot/chr22_100_guide_008/output.paf	6656	1c8845363d90825b8ae340946833959933ab6ef5fb8cc51a58e5c318ecbda056
raw/pilot_100_fallback_20260801T180205Z/correctness/baseline/pilot/chr22_100_guide_008/stderr.txt	1125	b2b32f17633bad48f0d63dd8593879a3898a801f59345a837879f804a8b0a9ca
raw/pilot_100_fallback_20260801T180205Z/correctness/baseline/pilot/chr22_100_guide_009/command.txt	294	dbcdedea81db32ffe0c482683a1cf1ebe0a18450b1a4b6df67a28c809836af63
raw/pilot_100_fallback_20260801T180205Z/correctness/baseline/pilot/chr22_100_guide_009/metrics.tsv	294	d73d3bb0641bdce6369cdc998b7ff646ef0424f2cea16332bdd9647151c98a95
raw/pilot_100_fallback_20260801T180205Z/correctness/baseline/pilot/chr22_100_guide_009/output.paf	212	7ff435e8f2284b0e1155c1c41e547855555c50593735221aa581ff02bbcfd922
raw/pilot_100_fallback_20260801T180205Z/correctness/baseline/pilot/chr22_100_guide_009/stderr.txt	0	e3b0c44298fc1c149afbf4c8996fb92427ae41e4649b934ca495991b7852b855
raw/pilot_100_fallback_20260801T180205Z/correctness/baseline/pilot/chr22_100_guide_010/command.txt	294	775cbae53afa8ac6f8024c69b63e0a20bd81081a254b7d49ccd876f2ed37fa0a
raw/pilot_100_fallback_20260801T180205Z/correctness/baseline/pilot/chr22_100_guide_010/metrics.tsv	296	4aa7da2d03f491a9904379824cc0fed33ce519c15e5ce4c1e14e6d0da6d4fce0
raw/pilot_100_fallback_20260801T180205Z/correctness/baseline/pilot/chr22_100_guide_010/output.paf	1947	2e0e36bd1d8a9d315885d8afb4d6ebec9f6f8c904301628cc99bd5dcc6773ffb
raw/pilot_100_fallback_20260801T180205Z/correctness/baseline/pilot/chr22_100_guide_010/stderr.txt	45	ecd997460eff8b19bac120208f47edd7be53e3371027aaa35d95fa07a5e79089
raw/pilot_100_fallback_20260801T180205Z/correctness/baseline/pilot/chr22_100_guide_011/command.txt	294	ec041b197d026e7d0bfc7de4d6a1c5a24911bbfde28c846ecb9b75eddfde862f
raw/pilot_100_fallback_20260801T180205Z/correctness/baseline/pilot/chr22_100_guide_011/metrics.tsv	294	d2f63f57048888ce9e02fdd5ae09c019ae130e4d41e31be9b60fc8ac680c2bd5
raw/pilot_100_fallback_20260801T180205Z/correctness/baseline/pilot/chr22_100_guide_011/output.paf	103	951a40369bd86d0839b2d2addecaf6b337cdc3fa4cf552c0d5fd78bef17d3892
raw/pilot_100_fallback_20260801T180205Z/correctness/baseline/pilot/chr22_100_guide_011/stderr.txt	0	e3b0c44298fc1c149afbf4c8996fb92427ae41e4649b934ca495991b7852b855
raw/pilot_100_fallback_20260801T180205Z/correctness/baseline/pilot/chr22_100_guide_012/command.txt	294	420ea662a1300c0b5690e25414c38b15201576f1edb27f75eba8b717e371b61a
raw/pilot_100_fallback_20260801T180205Z/correctness/baseline/pilot/chr22_100_guide_012/metrics.tsv	294	b43f6b86eba15c79ca56a3813b2444c730f877d03a5de6d0cf4a45d016843421
raw/pilot_100_fallback_20260801T180205Z/correctness/baseline/pilot/chr22_100_guide_012/output.paf	412	f693a92e20748272242c1d8d3a1b90c09e045d71ee219e8daf561a07fcf1b3bf
raw/pilot_100_fallback_20260801T180205Z/correctness/baseline/pilot/chr22_100_guide_012/stderr.txt	0	e3b0c44298fc1c149afbf4c8996fb92427ae41e4649b934ca495991b7852b855
raw/pilot_100_fallback_20260801T180205Z/correctness/baseline/pilot/chr22_100_guide_013/command.txt	294	a53d6c4cc926c5b12c0bafdf8996ca88a6d2aa0f2edd009af0ded8d7457f93e1
raw/pilot_100_fallback_20260801T180205Z/correctness/baseline/pilot/chr22_100_guide_013/metrics.tsv	294	1e059a55e8749fbe480d40c78f8bd75e51c30c40d2a306d97e5ed5a1a7bfb7ad
raw/pilot_100_fallback_20260801T180205Z/correctness/baseline/pilot/chr22_100_guide_013/output.paf	103	d0e1f61006a51712a6e3a7a08a2d9ed9a2e486bf46c47b49e89668b53f2efe69
raw/pilot_100_fallback_20260801T180205Z/correctness/baseline/pilot/chr22_100_guide_013/stderr.txt	0	e3b0c44298fc1c149afbf4c8996fb92427ae41e4649b934ca495991b7852b855
raw/pilot_100_fallback_20260801T180205Z/correctness/baseline/pilot/chr22_100_guide_014/command.txt	294	c336111c8cddaf21632f527a2078333161c4d19600340dd8d79d4e64570bc3d3
raw/pilot_100_fallback_20260801T180205Z/correctness/baseline/pilot/chr22_100_guide_014/metrics.tsv	295	e5f3c8811ff0478b3d611c9ae765703130423baa59bcd669b1679f717d7a5fe8
raw/pilot_100_fallback_20260801T180205Z/correctness/baseline/pilot/chr22_100_guide_014/output.paf	729	607b674d30dff3c1c42e35e27d5265deb647245de700280723da5cee2be1949d
raw/pilot_100_fallback_20260801T180205Z/correctness/baseline/pilot/chr22_100_guide_014/stderr.txt	45	ecd997460eff8b19bac120208f47edd7be53e3371027aaa35d95fa07a5e79089
raw/pilot_100_fallback_20260801T180205Z/correctness/baseline/pilot/chr22_100_guide_015/command.txt	294	2ba66460feb1353de7c3c892d2a8be654ee94e229875f5698a19b4ccba569ccf
raw/pilot_100_fallback_20260801T180205Z/correctness/baseline/pilot/chr22_100_guide_015/metrics.tsv	296	5f4847d8877fa1c9726b58a58a105c87dc76cf84d5d14e93e9e071d1350b6b61
raw/pilot_100_fallback_20260801T180205Z/correctness/baseline/pilot/chr22_100_guide_015/output.paf	788	1b77bf4d550c500a8ee0cb43d470d52c1e427554d2029a6ae46073763e13b472
raw/pilot_100_fallback_20260801T180205Z/correctness/baseline/pilot/chr22_100_guide_015/stderr.txt	225	2a9b3581cbbd9e5fa2548c708ad7a124377988e8d910e9dfb15410b25f9166bf
raw/pilot_100_fallback_20260801T180205Z/correctness/baseline/pilot/chr22_100_guide_016/command.txt	294	772aa79533fe3ecf996278cb78f0e3113e326f03ff77efde067149452bf2697e
raw/pilot_100_fallback_20260801T180205Z/correctness/baseline/pilot/chr22_100_guide_016/metrics.tsv	294	a14005c1028544d357c5b45c009ca45c5e86ad3b1c4636b9d9ad0d359bc164cb
raw/pilot_100_fallback_20260801T180205Z/correctness/baseline/pilot/chr22_100_guide_016/output.paf	103	664ca84d364b11b722ac1aa282d988cb26faa580c3801fc71e980d0a2785483d
raw/pilot_100_fallback_20260801T180205Z/correctness/baseline/pilot/chr22_100_guide_016/stderr.txt	0	e3b0c44298fc1c149afbf4c8996fb92427ae41e4649b934ca495991b7852b855
raw/pilot_100_fallback_20260801T180205Z/correctness/baseline/pilot/chr22_100_guide_017/command.txt	294	560d26f3fbe6f983e5e2e97c9d4dfb027d56903041b663659c9ba5e5ae781721
raw/pilot_100_fallback_20260801T180205Z/correctness/baseline/pilot/chr22_100_guide_017/metrics.tsv	297	38e5151c906d79c1ff40e00ff8010dd7bedcaa51ee2c7e6427c205dfefd1ee0d
raw/pilot_100_fallback_20260801T180205Z/correctness/baseline/pilot/chr22_100_guide_017/output.paf	4200	c9640921a1633a31fff3009d84cb604e813785e475e180493b5008eddd5cf4a5
raw/pilot_100_fallback_20260801T180205Z/correctness/baseline/pilot/chr22_100_guide_017/stderr.txt	855	ee9d5e55ce77a86f64a05cf8cba4484606ca247314b3cb2b53d7d60b1519c5b6
raw/pilot_100_fallback_20260801T180205Z/correctness/baseline/pilot/chr22_100_guide_018/command.txt	294	7224fb43ee5448eed9c09401b0cfe7f69ed6562835a4a83b10d1eee2ef974587
raw/pilot_100_fallback_20260801T180205Z/correctness/baseline/pilot/chr22_100_guide_018/metrics.tsv	294	48e1231b18a205061e0e8aab1321e7ebe119d7a1812d8160f83673cb4ef9fbd4
raw/pilot_100_fallback_20260801T180205Z/correctness/baseline/pilot/chr22_100_guide_018/output.paf	210	a14c7617088d038a70adbf1f43853e09c8728d9eb8b692f6bebaeecda9d2bbf8
raw/pilot_100_fallback_20260801T180205Z/correctness/baseline/pilot/chr22_100_guide_018/stderr.txt	0	e3b0c44298fc1c149afbf4c8996fb92427ae41e4649b934ca495991b7852b855
raw/pilot_100_fallback_20260801T180205Z/correctness/baseline/pilot/chr22_100_guide_019/command.txt	294	d79a2819a01f5b1e3d736eb0ef4ca2c8a03bcf123aab1ad7520ce46df58f9a3b
raw/pilot_100_fallback_20260801T180205Z/correctness/baseline/pilot/chr22_100_guide_019/metrics.tsv	294	230c716d8bc2b1548f7199f564eb595cc63e1c26ee59de1a2232e911ceef0a42
raw/pilot_100_fallback_20260801T180205Z/correctness/baseline/pilot/chr22_100_guide_019/output.paf	103	6cdd7ce54810d5bc4f6f9e343cba7e89b5868d4aa230081223fa53049a31ac4f
raw/pilot_100_fallback_20260801T180205Z/correctness/baseline/pilot/chr22_100_guide_019/stderr.txt	0	e3b0c44298fc1c149afbf4c8996fb92427ae41e4649b934ca495991b7852b855
raw/pilot_100_fallback_20260801T180205Z/correctness/baseline/pilot/chr22_100_guide_020/command.txt	294	f055e8030933a8a94f51fe93c7d86f02aae3be0d3de3ecbfd2b1e089c76053a5
raw/pilot_100_fallback_20260801T180205Z/correctness/baseline/pilot/chr22_100_guide_020/metrics.tsv	294	b8e6a6667428a6ee4550804d9afd01be9f41a76abef56ed6c6740b773fd23c9d
raw/pilot_100_fallback_20260801T180205Z/correctness/baseline/pilot/chr22_100_guide_020/output.paf	105	444ff3228a137a38f7153b4f242a69cfa59f508d73251c41aa4006df73b202e7
raw/pilot_100_fallback_20260801T180205Z/correctness/baseline/pilot/chr22_100_guide_020/stderr.txt	0	e3b0c44298fc1c149afbf4c8996fb92427ae41e4649b934ca495991b7852b855
raw/pilot_100_fallback_20260801T180205Z/correctness/baseline/pilot/chr22_100_guide_021/command.txt	294	1b99a1d88f928662479e892a24368bd4df24e6c2c997e2acd21eb46e98dd1ed2
raw/pilot_100_fallback_20260801T180205Z/correctness/baseline/pilot/chr22_100_guide_021/metrics.tsv	294	0d1ef4d2e3f9fecf5f7f9f03812cd48ec89e4c38edf9321cd65d0b5196587f3a
raw/pilot_100_fallback_20260801T180205Z/correctness/baseline/pilot/chr22_100_guide_021/output.paf	105	70d3142b6438b2233c1a63a2ac833233a13a2d75bf75339f1fccaff2fa81b453
raw/pilot_100_fallback_20260801T180205Z/correctness/baseline/pilot/chr22_100_guide_021/stderr.txt	0	e3b0c44298fc1c149afbf4c8996fb92427ae41e4649b934ca495991b7852b855
raw/pilot_100_fallback_20260801T180205Z/correctness/baseline/pilot/chr22_100_guide_022/command.txt	294	4285fa805efca82eb86f2589f00efae555afb18d8e32d9244bbb3f82edd26010
raw/pilot_100_fallback_20260801T180205Z/correctness/baseline/pilot/chr22_100_guide_022/metrics.tsv	294	52f75475c4aeb268fe286486698ae585e1bbb370b52709473215d08e211cfbd0
raw/pilot_100_fallback_20260801T180205Z/correctness/baseline/pilot/chr22_100_guide_022/output.paf	107	204889acb01cc5647d5755c52d4e664bc0f1e42e49862ffb2ae2cf1585ad7b50
raw/pilot_100_fallback_20260801T180205Z/correctness/baseline/pilot/chr22_100_guide_022/stderr.txt	0	e3b0c44298fc1c149afbf4c8996fb92427ae41e4649b934ca495991b7852b855
raw/pilot_100_fallback_20260801T180205Z/correctness/baseline/pilot/chr22_100_guide_023/command.txt	294	63d6a7b11233a7ab538ffa794d65e01e0631cdd731ad38f8371bcb967e27f683
raw/pilot_100_fallback_20260801T180205Z/correctness/baseline/pilot/chr22_100_guide_023/metrics.tsv	299	298ef9b7e5da8b524d3d60ca5bf7aa331a5d1e010f006ebaf81e1a348b2dbfb8
raw/pilot_100_fallback_20260801T180205Z/correctness/baseline/pilot/chr22_100_guide_023/output.paf	15269	8066a5e39caf78bf0cac01aa1dc91a6d1211b5892fc5875490679eb24872a81f
raw/pilot_100_fallback_20260801T180205Z/correctness/baseline/pilot/chr22_100_guide_023/stderr.txt	3600	fba7e1444d1935a3ecae72a339d215d7e66c93737ae3105ef796647230a4c72b
raw/pilot_100_fallback_20260801T180205Z/correctness/baseline/pilot/chr22_100_guide_024/command.txt	294	8631ab0aed677726dc3a51cc3ad1be797493d081b6ca20945ea5f78a3e7711f9
raw/pilot_100_fallback_20260801T180205Z/correctness/baseline/pilot/chr22_100_guide_024/metrics.tsv	294	c88b763828f69134cf1cfa1c3fb6477a14c317fc3aa50004a47f343b640a91f1
raw/pilot_100_fallback_20260801T180205Z/correctness/baseline/pilot/chr22_100_guide_024/output.paf	105	d7464b7872231b66a5d5e8b9529462954e8dbe3c50718817fdfc12087ef94681
raw/pilot_100_fallback_20260801T180205Z/correctness/baseline/pilot/chr22_100_guide_024/stderr.txt	0	e3b0c44298fc1c149afbf4c8996fb92427ae41e4649b934ca495991b7852b855
raw/pilot_100_fallback_20260801T180205Z/correctness/baseline/pilot/chr22_100_guide_025/command.txt	294	7b0b4de8d6f2c517bc1e01da67429cedd929931816cdfc7e0bf2bf93b6572bd2
raw/pilot_100_fallback_20260801T180205Z/correctness/baseline/pilot/chr22_100_guide_025/metrics.tsv	299	93cfed63174622ca94b8760560e4e1ce22ea667f9fa3f2daa18d855008c9db69
raw/pilot_100_fallback_20260801T180205Z/correctness/baseline/pilot/chr22_100_guide_025/output.paf	13345	a050c3614088d28140b98bc93b85cdcf774ad1cb450ab6c11993017d3c082c37
raw/pilot_100_fallback_20260801T180205Z/correctness/baseline/pilot/chr22_100_guide_025/stderr.txt	3645	656c6c43708a37c613083b28d786b8a8e5c7c93a0f56ff02845bf632613ef7b4
raw/pilot_100_fallback_20260801T180205Z/correctness/baseline/pilot/chr22_100_guide_026/command.txt	294	c7f0d462d248899e23df6fd43ec68ada7f65c48a3298690ffc9118cf36fc1331
raw/pilot_100_fallback_20260801T180205Z/correctness/baseline/pilot/chr22_100_guide_026/metrics.tsv	294	381495dce557d8353191017fe68ee6a1691db73d69fe6f6fb9846b926bf286f3
raw/pilot_100_fallback_20260801T180205Z/correctness/baseline/pilot/chr22_100_guide_026/output.paf	636	13bb7b2015f62e0900a83bc402db697daa2b20bda1089aa791553c2cb857d593
raw/pilot_100_fallback_20260801T180205Z/correctness/baseline/pilot/chr22_100_guide_026/stderr.txt	0	e3b0c44298fc1c149afbf4c8996fb92427ae41e4649b934ca495991b7852b855
raw/pilot_100_fallback_20260801T180205Z/correctness/baseline/pilot/chr22_100_guide_027/command.txt	294	fc0fe2595ff80174e466570c8e55bf44154e4f4fa45fc440c59a1eae579f72e9
raw/pilot_100_fallback_20260801T180205Z/correctness/baseline/pilot/chr22_100_guide_027/metrics.tsv	294	820db2c25b9ad844537460a9dfdb453a6d6e5510cda18fe47c695ce59deca093
raw/pilot_100_fallback_20260801T180205Z/correctness/baseline/pilot/chr22_100_guide_027/output.paf	210	a7610eb051e87a34826545d10fcf8102943e8611a97a657a33ec94ff2afe4c13
raw/pilot_100_fallback_20260801T180205Z/correctness/baseline/pilot/chr22_100_guide_027/stderr.txt	0	e3b0c44298fc1c149afbf4c8996fb92427ae41e4649b934ca495991b7852b855
raw/pilot_100_fallback_20260801T180205Z/correctness/baseline/pilot/chr22_100_guide_028/command.txt	294	08c1c652402d4ee24dbd48a6355edb06e1ad4c550877027a6f5e1cb5174e57c0
raw/pilot_100_fallback_20260801T180205Z/correctness/baseline/pilot/chr22_100_guide_028/metrics.tsv	295	9cbbc57b818f394e4042633c088634bd4b2385778a3d5bd334a2772f8713d192
raw/pilot_100_fallback_20260801T180205Z/correctness/baseline/pilot/chr22_100_guide_028/output.paf	6200	9838a748f83250618473227cbc2b798e921118551a385e778337b49637186fe3
raw/pilot_100_fallback_20260801T180205Z/correctness/baseline/pilot/chr22_100_guide_028/stderr.txt	0	e3b0c44298fc1c149afbf4c8996fb92427ae41e4649b934ca495991b7852b855
raw/pilot_100_fallback_20260801T180205Z/correctness/baseline/pilot/chr22_100_guide_029/command.txt	294	05130b2eec9d98a308a30d7a08930031980697335a95bd49519e7923500fc839
raw/pilot_100_fallback_20260801T180205Z/correctness/baseline/pilot/chr22_100_guide_029/metrics.tsv	295	6778cb812b6ef3a8accc8f27aeaf9e678a410cbc7466e355d8c0f905cfcdfc0b
raw/pilot_100_fallback_20260801T180205Z/correctness/baseline/pilot/chr22_100_guide_029/output.paf	5760	fec4266348f400a636b679dea725f0c74e62ee984b07daae005cd78179aa0b16
raw/pilot_100_fallback_20260801T180205Z/correctness/baseline/pilot/chr22_100_guide_029/stderr.txt	0	e3b0c44298fc1c149afbf4c8996fb92427ae41e4649b934ca495991b7852b855
raw/pilot_100_fallback_20260801T180205Z/correctness/baseline/pilot/chr22_100_guide_030/command.txt	294	d6046b1f1c7e415fb6d9e3e8f220865d80365432877a885096bd13802f644357
raw/pilot_100_fallback_20260801T180205Z/correctness/baseline/pilot/chr22_100_guide_030/metrics.tsv	299	182171fc49cd37c7805d5b4f4259aa5d2c0baa94c9d94315817c3897af7beb8c
raw/pilot_100_fallback_20260801T180205Z/correctness/baseline/pilot/chr22_100_guide_030/output.paf	213056	d51a56eb32a0157988459abda9c4570ce1ce48f6ffbe6adebc65814d4d685584
raw/pilot_100_fallback_20260801T180205Z/correctness/baseline/pilot/chr22_100_guide_030/stderr.txt	405	767251ea2186789fd1cd90132d747be89a52555ee68e421329b153d9f9a77322
raw/pilot_100_fallback_20260801T180205Z/correctness/baseline/pilot/chr22_100_guide_031/command.txt	294	693eef8f580bad29fb90062031f52fdbc5d8f96c35819db5ecc8917ec4573712
raw/pilot_100_fallback_20260801T180205Z/correctness/baseline/pilot/chr22_100_guide_031/metrics.tsv	294	e04199fca7a7eb59469eb195fbbb96c536f2fc9c96888d02d8083f8ad590df2a
raw/pilot_100_fallback_20260801T180205Z/correctness/baseline/pilot/chr22_100_guide_031/output.paf	105	bcce8596509aa2be4a7f3566961162e72e4443c46ea7cf8fc2c5ffb6cee2780a
raw/pilot_100_fallback_20260801T180205Z/correctness/baseline/pilot/chr22_100_guide_031/stderr.txt	0	e3b0c44298fc1c149afbf4c8996fb92427ae41e4649b934ca495991b7852b855
raw/pilot_100_fallback_20260801T180205Z/correctness/baseline/pilot/chr22_100_guide_032/command.txt	294	47d4184cede278f2290d530bc61ecebccc01b3d77cf7e8b23f0e34e7358ebac8
raw/pilot_100_fallback_20260801T180205Z/correctness/baseline/pilot/chr22_100_guide_032/metrics.tsv	294	961204c9d197219add4c222166c0adf8a266efdef5027d0176fcb737aca47098
raw/pilot_100_fallback_20260801T180205Z/correctness/baseline/pilot/chr22_100_guide_032/output.paf	105	c25a6440be62186e25b0f165358d0d0900b923751f80af6ee5c27f0f29a85af6
raw/pilot_100_fallback_20260801T180205Z/correctness/baseline/pilot/chr22_100_guide_032/stderr.txt	0	e3b0c44298fc1c149afbf4c8996fb92427ae41e4649b934ca495991b7852b855
raw/pilot_100_fallback_20260801T180205Z/correctness/baseline/pilot/chr22_100_guide_033/command.txt	294	5ddaed3d9b48f38be66cc73ef4c3afc99c493c2620945cc3479410a0e6d067bd
raw/pilot_100_fallback_20260801T180205Z/correctness/baseline/pilot/chr22_100_guide_033/metrics.tsv	294	405261c3a12f791d2a9996253f221d022e8a12755dfc52590487cc0fcf6f415b
raw/pilot_100_fallback_20260801T180205Z/correctness/baseline/pilot/chr22_100_guide_033/output.paf	105	0effc63d85fa97f691908ce0321ab857ae6f08fabd2480f35c83ff81e76c9f0e
raw/pilot_100_fallback_20260801T180205Z/correctness/baseline/pilot/chr22_100_guide_033/stderr.txt	0	e3b0c44298fc1c149afbf4c8996fb92427ae41e4649b934ca495991b7852b855
raw/pilot_100_fallback_20260801T180205Z/correctness/baseline/pilot/chr22_100_guide_034/command.txt	294	629a2abc91d2077d36210614bad36c1d8f0a43a338199e280f50e4642ab300b9
raw/pilot_100_fallback_20260801T180205Z/correctness/baseline/pilot/chr22_100_guide_034/metrics.tsv	294	1c5f717c92849b519762730c3701c875a6dae9c1564fb2f4f023a15e09114165
raw/pilot_100_fallback_20260801T180205Z/correctness/baseline/pilot/chr22_100_guide_034/output.paf	105	b799f84402b88ca7eda644ce1b5b5eb56c02b09c04d62fc51c4c70dc76c6b583
raw/pilot_100_fallback_20260801T180205Z/correctness/baseline/pilot/chr22_100_guide_034/stderr.txt	0	e3b0c44298fc1c149afbf4c8996fb92427ae41e4649b934ca495991b7852b855
raw/pilot_100_fallback_20260801T180205Z/correctness/baseline/pilot/chr22_100_guide_035/command.txt	294	572b21fcd0bff54a92c2059e3467770044774ea934504ff0133e11516c092ca9
raw/pilot_100_fallback_20260801T180205Z/correctness/baseline/pilot/chr22_100_guide_035/metrics.tsv	297	399d803be413902cb716cffa0075e74f3713ebc244d404d4042c9a7200519381
raw/pilot_100_fallback_20260801T180205Z/correctness/baseline/pilot/chr22_100_guide_035/output.paf	1016	aeb84e7a83d7f5e43e1b08a7219b302505d104518e290226e70e560f25ec4f99
raw/pilot_100_fallback_20260801T180205Z/correctness/baseline/pilot/chr22_100_guide_035/stderr.txt	135	638bd673bf5fc22f3fc8fe75f5600789d2b5d3f971a550e9446c8845c8fb98e7
raw/pilot_100_fallback_20260801T180205Z/correctness/baseline/pilot/chr22_100_guide_036/command.txt	294	2c592926ffb302755c180ac923ce45607186d9f56450748963197bcf1c18379b
raw/pilot_100_fallback_20260801T180205Z/correctness/baseline/pilot/chr22_100_guide_036/metrics.tsv	294	b5c96d912822a38f4ccb9aac9f4bd1cda8670ff851de0b56814a77e5e445c75f
raw/pilot_100_fallback_20260801T180205Z/correctness/baseline/pilot/chr22_100_guide_036/output.paf	105	d902219eeefe3ff64202f082d0493776f51eb4ff2b0f1167c0e670f923533dc4
raw/pilot_100_fallback_20260801T180205Z/correctness/baseline/pilot/chr22_100_guide_036/stderr.txt	0	e3b0c44298fc1c149afbf4c8996fb92427ae41e4649b934ca495991b7852b855
raw/pilot_100_fallback_20260801T180205Z/correctness/baseline/pilot/chr22_100_guide_037/command.txt	294	d8b474a22bbf7f9aa3d8e4d2e999e0f212b5c52353748dd7d1d44f6b01374e89
raw/pilot_100_fallback_20260801T180205Z/correctness/baseline/pilot/chr22_100_guide_037/metrics.tsv	294	adc6e9479bb5e2ef5b9748780a183a502a106c7b6fbc5a8d43f5bf526a3c5a04
raw/pilot_100_fallback_20260801T180205Z/correctness/baseline/pilot/chr22_100_guide_037/output.paf	105	87a59470956d0b27daf38e5e39ded5e150cdea0e868b3bb38ed13ec71694f010
raw/pilot_100_fallback_20260801T180205Z/correctness/baseline/pilot/chr22_100_guide_037/stderr.txt	0	e3b0c44298fc1c149afbf4c8996fb92427ae41e4649b934ca495991b7852b855
raw/pilot_100_fallback_20260801T180205Z/correctness/baseline/pilot/chr22_100_guide_038/command.txt	294	80a23b51b3e84bb31bae7ad637147e3fa61a8f18ce53f43c72038a7ceeed3315
raw/pilot_100_fallback_20260801T180205Z/correctness/baseline/pilot/chr22_100_guide_038/metrics.tsv	294	217cced6fb3e5b2f770452c061c9dbeaa5a5a4de77938c6ebdb1c2321366a855
raw/pilot_100_fallback_20260801T180205Z/correctness/baseline/pilot/chr22_100_guide_038/output.paf	105	029b4bae64ebbe3decac5715b992bb89ceb0731276cd7cd8566eaca4250537b4
raw/pilot_100_fallback_20260801T180205Z/correctness/baseline/pilot/chr22_100_guide_038/stderr.txt	0	e3b0c44298fc1c149afbf4c8996fb92427ae41e4649b934ca495991b7852b855
raw/pilot_100_fallback_20260801T180205Z/correctness/baseline/pilot/chr22_100_guide_039/command.txt	294	cb08dfa9ac88aac8e5d6f416396c0186e2b33573f415621294d49bdf2452f448
raw/pilot_100_fallback_20260801T180205Z/correctness/baseline/pilot/chr22_100_guide_039/metrics.tsv	294	8009f60dff2ed565662e1e3ce38d479f8b3e3955ac8f3eb734286be518316437
raw/pilot_100_fallback_20260801T180205Z/correctness/baseline/pilot/chr22_100_guide_039/output.paf	105	a699d8af011bf9deb858b41d0fae396d8cff7641f7f0fffbf757531340e4d266
raw/pilot_100_fallback_20260801T180205Z/correctness/baseline/pilot/chr22_100_guide_039/stderr.txt	0	e3b0c44298fc1c149afbf4c8996fb92427ae41e4649b934ca495991b7852b855
raw/pilot_100_fallback_20260801T180205Z/correctness/baseline/pilot/chr22_100_guide_040/command.txt	294	8adf270701d91cfab61c6ffeffbd1480bbb4e72e5b9f5bd31de375a415cedcf2
raw/pilot_100_fallback_20260801T180205Z/correctness/baseline/pilot/chr22_100_guide_040/metrics.tsv	294	60007eb678be6149d08ca25eaa45a80dc2446dd40c31ec340eb9d493e166c21c
raw/pilot_100_fallback_20260801T180205Z/correctness/baseline/pilot/chr22_100_guide_040/output.paf	105	4390a33a35b7293befeadb9fa60eb9d4727d057633aeb9a93007f6581228ca97
raw/pilot_100_fallback_20260801T180205Z/correctness/baseline/pilot/chr22_100_guide_040/stderr.txt	0	e3b0c44298fc1c149afbf4c8996fb92427ae41e4649b934ca495991b7852b855
raw/pilot_100_fallback_20260801T180205Z/correctness/baseline/pilot/chr22_100_guide_041/command.txt	294	dfa319b20f24fe263d616fad61f55dd83574613fe1f48d57aedeee7394e941c7
raw/pilot_100_fallback_20260801T180205Z/correctness/baseline/pilot/chr22_100_guide_041/metrics.tsv	294	860eae021eec4e5cd0c5cb42fe6b5cc0bbe8aa326be2e68257f707530469c6da
raw/pilot_100_fallback_20260801T180205Z/correctness/baseline/pilot/chr22_100_guide_041/output.paf	105	3e8108b8109dce3b65881841a62543e3eb3ba821fff9bc76b9b5e43ac8c75d77
raw/pilot_100_fallback_20260801T180205Z/correctness/baseline/pilot/chr22_100_guide_041/stderr.txt	0	e3b0c44298fc1c149afbf4c8996fb92427ae41e4649b934ca495991b7852b855
raw/pilot_100_fallback_20260801T180205Z/correctness/baseline/pilot/chr22_100_guide_042/command.txt	294	96abb0313e92a07915d6f589f9263d132600ae7ee14a7e1730d434a5f0da2461
raw/pilot_100_fallback_20260801T180205Z/correctness/baseline/pilot/chr22_100_guide_042/metrics.tsv	294	29c8cadc1c3b5ed1114e7ba52db5bdb6db2bd22cf8eb3675964d978400db7e5f
raw/pilot_100_fallback_20260801T180205Z/correctness/baseline/pilot/chr22_100_guide_042/output.paf	105	5924fcb39f9667884df027edda8f627478be6271057a2d69844c736321e3169f
raw/pilot_100_fallback_20260801T180205Z/correctness/baseline/pilot/chr22_100_guide_042/stderr.txt	0	e3b0c44298fc1c149afbf4c8996fb92427ae41e4649b934ca495991b7852b855
raw/pilot_100_fallback_20260801T180205Z/correctness/baseline/pilot/chr22_100_guide_043/command.txt	294	79b5fbd3d257c76d6eebd2f1236d853ba5079718a990efa440f7559ae6363efe
raw/pilot_100_fallback_20260801T180205Z/correctness/baseline/pilot/chr22_100_guide_043/metrics.tsv	295	6f16a677cf7daabeeb07a7444d12f605f651ca92e5200e0e4a170c686d56aeb0
raw/pilot_100_fallback_20260801T180205Z/correctness/baseline/pilot/chr22_100_guide_043/output.paf	198	0750254d4598a1695dbaade1146e921cf6dab58c8fc5ab334e4e36f882246f3f
raw/pilot_100_fallback_20260801T180205Z/correctness/baseline/pilot/chr22_100_guide_043/stderr.txt	45	ecd997460eff8b19bac120208f47edd7be53e3371027aaa35d95fa07a5e79089
raw/pilot_100_fallback_20260801T180205Z/correctness/baseline/pilot/chr22_100_guide_044/command.txt	294	9d16446bad9e09137e77ea340ecb55bdbe49974144a814fdf982b8440a122ba6
raw/pilot_100_fallback_20260801T180205Z/correctness/baseline/pilot/chr22_100_guide_044/metrics.tsv	295	9e5827b93843f4aed260e8cd6ca352d0ee6e10e1ef2283014937f21e8c656e0e
raw/pilot_100_fallback_20260801T180205Z/correctness/baseline/pilot/chr22_100_guide_044/output.paf	198	fa914a29da8996379fd30ef387eefd7cdc6893880f37a6f45eeedb5b45c937c8
raw/pilot_100_fallback_20260801T180205Z/correctness/baseline/pilot/chr22_100_guide_044/stderr.txt	45	ecd997460eff8b19bac120208f47edd7be53e3371027aaa35d95fa07a5e79089
raw/pilot_100_fallback_20260801T180205Z/correctness/baseline/pilot/chr22_100_guide_045/command.txt	294	932faf327a6de7d385c77cb1b86027f1573e252b4e7eec329f051c064d5a7a77
raw/pilot_100_fallback_20260801T180205Z/correctness/baseline/pilot/chr22_100_guide_045/metrics.tsv	294	f6789e37e1849ad143816d7420f556b2418f5e540d021117a7132e5a681aa1d5
raw/pilot_100_fallback_20260801T180205Z/correctness/baseline/pilot/chr22_100_guide_045/output.paf	105	7e528a989c31c40be279492b74efb2b32bbafcb76168ffa5ecf4da003dd2852c
raw/pilot_100_fallback_20260801T180205Z/correctness/baseline/pilot/chr22_100_guide_045/stderr.txt	0	e3b0c44298fc1c149afbf4c8996fb92427ae41e4649b934ca495991b7852b855
raw/pilot_100_fallback_20260801T180205Z/correctness/baseline/pilot/chr22_100_guide_046/command.txt	294	ea098a871cf5ed68b609f46d3161f13220dee86f9cc95545e1bf9e385864bdb3
raw/pilot_100_fallback_20260801T180205Z/correctness/baseline/pilot/chr22_100_guide_046/metrics.tsv	294	7a1509d4874f6d23bcb203a37a30f760bc9e61c56aad9523e5e01bb5a0fc88b7
raw/pilot_100_fallback_20260801T180205Z/correctness/baseline/pilot/chr22_100_guide_046/output.paf	105	714554ca8eac6dff9bf1ea7bcd982ded36f466eaa79bea00a33e12ff4252393b
raw/pilot_100_fallback_20260801T180205Z/correctness/baseline/pilot/chr22_100_guide_046/stderr.txt	0	e3b0c44298fc1c149afbf4c8996fb92427ae41e4649b934ca495991b7852b855
raw/pilot_100_fallback_20260801T180205Z/correctness/baseline/pilot/chr22_100_guide_047/command.txt	294	7f042f8c22ac9ba4c167b067862850a1e643200b89de78911b9c63d93b6025b3
raw/pilot_100_fallback_20260801T180205Z/correctness/baseline/pilot/chr22_100_guide_047/metrics.tsv	294	3f5ca6d703404a4c2abaf7da00858b7a65c3930575a10b47a52ab7547e779155
raw/pilot_100_fallback_20260801T180205Z/correctness/baseline/pilot/chr22_100_guide_047/output.paf	105	ca51411298336dbdfe2d1022ed02e74028dfbcd2e0e397a8224fce4f6017af72
raw/pilot_100_fallback_20260801T180205Z/correctness/baseline/pilot/chr22_100_guide_047/stderr.txt	0	e3b0c44298fc1c149afbf4c8996fb92427ae41e4649b934ca495991b7852b855
raw/pilot_100_fallback_20260801T180205Z/correctness/baseline/pilot/chr22_100_guide_048/command.txt	294	6d63528c93696e50dd61c6886e11222dafb75a07e913a10177318d640f392864
raw/pilot_100_fallback_20260801T180205Z/correctness/baseline/pilot/chr22_100_guide_048/metrics.tsv	294	594ddf744637b42fbfe83a8f74b485aaf52d93d908adf6a907e7ffa92de5cb25
raw/pilot_100_fallback_20260801T180205Z/correctness/baseline/pilot/chr22_100_guide_048/output.paf	105	bc3b9f3f86cc8bbd34d0a114947da783ee284f28a9a17754f8b3028fd08951a9
raw/pilot_100_fallback_20260801T180205Z/correctness/baseline/pilot/chr22_100_guide_048/stderr.txt	0	e3b0c44298fc1c149afbf4c8996fb92427ae41e4649b934ca495991b7852b855
raw/pilot_100_fallback_20260801T180205Z/correctness/baseline/pilot/chr22_100_guide_049/command.txt	294	148ef92d077d3db011fd6dc092aa9563e83ab1d80b01803a4260bf48ef8ed6af
raw/pilot_100_fallback_20260801T180205Z/correctness/baseline/pilot/chr22_100_guide_049/metrics.tsv	294	f02d58545d219446ef21273ac134ce74eaa0669f204477e891262f3398c7ee73
raw/pilot_100_fallback_20260801T180205Z/correctness/baseline/pilot/chr22_100_guide_049/output.paf	325	183882d3a63163e76a98ee38ccfea1b4877101dd283d80328c01c33dcd6c0e0b
raw/pilot_100_fallback_20260801T180205Z/correctness/baseline/pilot/chr22_100_guide_049/stderr.txt	0	e3b0c44298fc1c149afbf4c8996fb92427ae41e4649b934ca495991b7852b855
raw/pilot_100_fallback_20260801T180205Z/correctness/baseline/pilot/chr22_100_guide_050/command.txt	294	3fa44e0fa05c4187e966ff52e24077fa8f47c8c312421a8444cf5813982de82b
raw/pilot_100_fallback_20260801T180205Z/correctness/baseline/pilot/chr22_100_guide_050/metrics.tsv	297	d4844d870677af2cf3faa5e7057b1a13c52763db66d826c49fbd1020538b11db
raw/pilot_100_fallback_20260801T180205Z/correctness/baseline/pilot/chr22_100_guide_050/output.paf	1202	cdfcb6c17423e58af5af22102e71c3afe70da276a855b996d57ec0695bcf7660
raw/pilot_100_fallback_20260801T180205Z/correctness/baseline/pilot/chr22_100_guide_050/stderr.txt	360	6e0a62bd0c2f08ba96ba668f896ebe3fa32339495c43eb259f7923a25e2bbb65
raw/pilot_100_fallback_20260801T180205Z/correctness/baseline/pilot/chr22_100_guide_051/command.txt	294	5af4c12fa003152005a27bc15c032da62f1c61c04217ebc0e29abdd59c120dc1
raw/pilot_100_fallback_20260801T180205Z/correctness/baseline/pilot/chr22_100_guide_051/metrics.tsv	294	30a2401f5608a5afc04cc1bbac3c2acae05c4987bc613741c6f85693e04fe565
raw/pilot_100_fallback_20260801T180205Z/correctness/baseline/pilot/chr22_100_guide_051/output.paf	105	14ef5eacd0519bf8d6f3f1e421b2147ce2cef2d89992ac6bc3c0c6493049fd6f
raw/pilot_100_fallback_20260801T180205Z/correctness/baseline/pilot/chr22_100_guide_051/stderr.txt	0	e3b0c44298fc1c149afbf4c8996fb92427ae41e4649b934ca495991b7852b855
raw/pilot_100_fallback_20260801T180205Z/correctness/baseline/pilot/chr22_100_guide_052/command.txt	294	f3fe74e34b01d9ac38dfe0024c39203f1978fffd58af917db3f61109a32aef69
raw/pilot_100_fallback_20260801T180205Z/correctness/baseline/pilot/chr22_100_guide_052/metrics.tsv	294	d5f5431ff9b071717faf94cb44abbde3b95e3cfe137d7ec77b34ddd7f19dcc20
raw/pilot_100_fallback_20260801T180205Z/correctness/baseline/pilot/chr22_100_guide_052/output.paf	105	b743dcf20b0f8a4d8e1a343b97d48c58a0bc7fc4d1bb2a983a38d2078d740fcd
raw/pilot_100_fallback_20260801T180205Z/correctness/baseline/pilot/chr22_100_guide_052/stderr.txt	0	e3b0c44298fc1c149afbf4c8996fb92427ae41e4649b934ca495991b7852b855
raw/pilot_100_fallback_20260801T180205Z/correctness/baseline/pilot/chr22_100_guide_053/command.txt	294	8f75a8a484b54c99355f10ad0b3c21abf9131eea3ee68adaf5157d2468cede03
raw/pilot_100_fallback_20260801T180205Z/correctness/baseline/pilot/chr22_100_guide_053/metrics.tsv	294	4b6ccba0619df69ffce241ba9e1065a3fc9a31ce2cf1f4c3891abd44e98c595a
raw/pilot_100_fallback_20260801T180205Z/correctness/baseline/pilot/chr22_100_guide_053/output.paf	105	7f92fd7dddc708c2b3ec905f92a74e766b81d6ff9eaf13b4dc9c11ff5e96767a
raw/pilot_100_fallback_20260801T180205Z/correctness/baseline/pilot/chr22_100_guide_053/stderr.txt	0	e3b0c44298fc1c149afbf4c8996fb92427ae41e4649b934ca495991b7852b855
raw/pilot_100_fallback_20260801T180205Z/correctness/baseline/pilot/chr22_100_guide_054/command.txt	294	5a80b33003d5cfd769296f806eddc3e762db87ff6d4ab0f43ebfb1126a2f9768
raw/pilot_100_fallback_20260801T180205Z/correctness/baseline/pilot/chr22_100_guide_054/metrics.tsv	297	33a5a302a97ec9730d06c3e271b1daf2ae489804b7ae692e44310949ce90f86e
raw/pilot_100_fallback_20260801T180205Z/correctness/baseline/pilot/chr22_100_guide_054/output.paf	1337	a3f996eafe8edb438a0ef9cc29ff2c9d076dd06077727963e045b33f102900cc
raw/pilot_100_fallback_20260801T180205Z/correctness/baseline/pilot/chr22_100_guide_054/stderr.txt	270	6dd37d45626373f97b36828739234e64b591905fb707084ab0eaed58b1b00c27
raw/pilot_100_fallback_20260801T180205Z/correctness/baseline/pilot/chr22_100_guide_055/command.txt	294	cc423a72a09ba73a6c5c3eb1f4cae213a1cd2f502d4ba36739c7ac518c948896
raw/pilot_100_fallback_20260801T180205Z/correctness/baseline/pilot/chr22_100_guide_055/metrics.tsv	294	6744ebda7823fca5cde0ec170657e40fe9d2ade18686e0d795007a7aa0cd0992
raw/pilot_100_fallback_20260801T180205Z/correctness/baseline/pilot/chr22_100_guide_055/output.paf	105	a3d6cd5055990fc10a7f55f785689720f3a06133f1b0f4568f98749ce2751038
raw/pilot_100_fallback_20260801T180205Z/correctness/baseline/pilot/chr22_100_guide_055/stderr.txt	0	e3b0c44298fc1c149afbf4c8996fb92427ae41e4649b934ca495991b7852b855
raw/pilot_100_fallback_20260801T180205Z/correctness/baseline/pilot/chr22_100_guide_056/command.txt	294	2c1a0e09242686c40da017da57ec8d856ef9e4e4fb021b2d84b7658f4168a769
raw/pilot_100_fallback_20260801T180205Z/correctness/baseline/pilot/chr22_100_guide_056/metrics.tsv	294	096f9dc5b8abb13df19813d73dcfa9aedbb068640eb446198b44a4d446ac470e
raw/pilot_100_fallback_20260801T180205Z/correctness/baseline/pilot/chr22_100_guide_056/output.paf	105	4a6cdc3b90d2775c2496444fab6f836151cd422ec2c82a9bf758cde5414f2417
raw/pilot_100_fallback_20260801T180205Z/correctness/baseline/pilot/chr22_100_guide_056/stderr.txt	0	e3b0c44298fc1c149afbf4c8996fb92427ae41e4649b934ca495991b7852b855
raw/pilot_100_fallback_20260801T180205Z/correctness/baseline/pilot/chr22_100_guide_057/command.txt	294	4f78aff6fc9fe3c25101e8f164d927838e7bd55167275931099c5df2bc37a2b3
raw/pilot_100_fallback_20260801T180205Z/correctness/baseline/pilot/chr22_100_guide_057/metrics.tsv	298	68b3241066d22c3d4dfe643bf9d703d60f49f5325c6fecae72b5496af012cc05
raw/pilot_100_fallback_20260801T180205Z/correctness/baseline/pilot/chr22_100_guide_057/output.paf	4779	e447aa0d7123fcaedec935b3f8ed884340b0440a321c2a67fe809c7ccae27345
raw/pilot_100_fallback_20260801T180205Z/correctness/baseline/pilot/chr22_100_guide_057/stderr.txt	1125	b2b32f17633bad48f0d63dd8593879a3898a801f59345a837879f804a8b0a9ca
raw/pilot_100_fallback_20260801T180205Z/correctness/baseline/pilot/chr22_100_guide_058/command.txt	294	42e978afa0c20f3f75c3438381894c1d3e831b6024e1178f8413c64b3a1fa7bf
raw/pilot_100_fallback_20260801T180205Z/correctness/baseline/pilot/chr22_100_guide_058/metrics.tsv	294	d79e6d53bc13dd2462555dd256838a0b2106523a0abd74e1559d23d51786fdf6
raw/pilot_100_fallback_20260801T180205Z/correctness/baseline/pilot/chr22_100_guide_058/output.paf	105	b7517a16df61180265ec10a20cb33a003c3ea568992073591f20e96d81391119
raw/pilot_100_fallback_20260801T180205Z/correctness/baseline/pilot/chr22_100_guide_058/stderr.txt	0	e3b0c44298fc1c149afbf4c8996fb92427ae41e4649b934ca495991b7852b855
raw/pilot_100_fallback_20260801T180205Z/correctness/baseline/pilot/chr22_100_guide_059/command.txt	294	d3ed08a4d85e49c013ef46a16a83336181bb06ba551459de75aa365054b565d4
raw/pilot_100_fallback_20260801T180205Z/correctness/baseline/pilot/chr22_100_guide_059/metrics.tsv	294	a6b1a754a7e3258215a8fb9ebde2d102a00ae01f569c75f84211b27c892078c2
raw/pilot_100_fallback_20260801T180205Z/correctness/baseline/pilot/chr22_100_guide_059/output.paf	105	a6e8f7dbe8440152b018e778c86e594c220662576f7388bf74086116bfb557b5
raw/pilot_100_fallback_20260801T180205Z/correctness/baseline/pilot/chr22_100_guide_059/stderr.txt	0	e3b0c44298fc1c149afbf4c8996fb92427ae41e4649b934ca495991b7852b855
raw/pilot_100_fallback_20260801T180205Z/correctness/baseline/pilot/chr22_100_guide_060/command.txt	294	b6de0bf1b4b24fd7876c63b0d267ce2bafbe4db9f26c7b623196acd7d7f8bde3
raw/pilot_100_fallback_20260801T180205Z/correctness/baseline/pilot/chr22_100_guide_060/metrics.tsv	294	233714f9c957a36abff000d9bd4a488068e78329297473e3f81f5e4edf39497a
raw/pilot_100_fallback_20260801T180205Z/correctness/baseline/pilot/chr22_100_guide_060/output.paf	105	96bacc0c5f62f5ee3cb64d6560e882e64673267447e8714383a4ab744f1c99a8
raw/pilot_100_fallback_20260801T180205Z/correctness/baseline/pilot/chr22_100_guide_060/stderr.txt	0	e3b0c44298fc1c149afbf4c8996fb92427ae41e4649b934ca495991b7852b855
raw/pilot_100_fallback_20260801T180205Z/correctness/baseline/pilot/chr22_100_guide_061/command.txt	294	86f836e6f97e0279c74efba63336e64ebcd003b6da19c497e63e193f918a4c3a
raw/pilot_100_fallback_20260801T180205Z/correctness/baseline/pilot/chr22_100_guide_061/metrics.tsv	294	6758975bc200f01c88840ca91a9b365521e862645e8f1e58c49db56afe1f3e50
raw/pilot_100_fallback_20260801T180205Z/correctness/baseline/pilot/chr22_100_guide_061/output.paf	105	9246314add68bcb309196485353ca32264aa9d97b65d40e3825659e7fa9e07c5
raw/pilot_100_fallback_20260801T180205Z/correctness/baseline/pilot/chr22_100_guide_061/stderr.txt	0	e3b0c44298fc1c149afbf4c8996fb92427ae41e4649b934ca495991b7852b855
raw/pilot_100_fallback_20260801T180205Z/correctness/baseline/pilot/chr22_100_guide_062/command.txt	294	cd3d0c9d843f95cbad1a96a838539555dfac1c2ce161e885552208ad0e0f5fc8
raw/pilot_100_fallback_20260801T180205Z/correctness/baseline/pilot/chr22_100_guide_062/metrics.tsv	294	b40a879e5e7a6aaa8f8370ab62fcb993f07d92df8becac71837cf22c993b8873
raw/pilot_100_fallback_20260801T180205Z/correctness/baseline/pilot/chr22_100_guide_062/output.paf	105	4832e7aa711ccdac22496f6cb8a979eec30369c372fca1b6aba1e3edfb12e8a1
raw/pilot_100_fallback_20260801T180205Z/correctness/baseline/pilot/chr22_100_guide_062/stderr.txt	0	e3b0c44298fc1c149afbf4c8996fb92427ae41e4649b934ca495991b7852b855
raw/pilot_100_fallback_20260801T180205Z/correctness/baseline/pilot/chr22_100_guide_063/command.txt	294	70887f056f4e6c9a7fb8d55aebf6260ff2cacc2988834221b289083a7d8ecd39
raw/pilot_100_fallback_20260801T180205Z/correctness/baseline/pilot/chr22_100_guide_063/metrics.tsv	294	64b91aebce1280cc2b26ed4cc7dd523e23443dac881ca6c40f5e0107f490457f
raw/pilot_100_fallback_20260801T180205Z/correctness/baseline/pilot/chr22_100_guide_063/output.paf	105	c4ca7ddc636638d7005d3e187756ba84185296e1c2585b41d0a7a856e2606213
raw/pilot_100_fallback_20260801T180205Z/correctness/baseline/pilot/chr22_100_guide_063/stderr.txt	0	e3b0c44298fc1c149afbf4c8996fb92427ae41e4649b934ca495991b7852b855
raw/pilot_100_fallback_20260801T180205Z/correctness/baseline/pilot/chr22_100_guide_064/command.txt	294	b1f39b0ebad89619ebac2bc2eb9430e92b5714779333946948e654ec71525f96
raw/pilot_100_fallback_20260801T180205Z/correctness/baseline/pilot/chr22_100_guide_064/metrics.tsv	294	013b3f6b0bc4a71aa687d9cbc291c18d6dd2dbdb1a21753fd14f29bf070514ae
raw/pilot_100_fallback_20260801T180205Z/correctness/baseline/pilot/chr22_100_guide_064/output.paf	105	b38f02456f345d872287da7f74b53691b169eb255cc35d11d103c308c700d2eb
raw/pilot_100_fallback_20260801T180205Z/correctness/baseline/pilot/chr22_100_guide_064/stderr.txt	0	e3b0c44298fc1c149afbf4c8996fb92427ae41e4649b934ca495991b7852b855
raw/pilot_100_fallback_20260801T180205Z/correctness/baseline/pilot/chr22_100_guide_065/command.txt	294	a0eedbe5dd7aa14b950e4a84b89ccaf07cb94a3edbf045a82b33414a79711c01
raw/pilot_100_fallback_20260801T180205Z/correctness/baseline/pilot/chr22_100_guide_065/metrics.tsv	294	50a6663633b5c5f8b222272c8505ea66d9ffe264d9bed1f795d41bf7beb68a72
raw/pilot_100_fallback_20260801T180205Z/correctness/baseline/pilot/chr22_100_guide_065/output.paf	105	4a6f7a313e251182f276be210f99075cb7bfa5275fa278d132ac27df6e713db1
raw/pilot_100_fallback_20260801T180205Z/correctness/baseline/pilot/chr22_100_guide_065/stderr.txt	0	e3b0c44298fc1c149afbf4c8996fb92427ae41e4649b934ca495991b7852b855
raw/pilot_100_fallback_20260801T180205Z/correctness/baseline/pilot/chr22_100_guide_066/command.txt	294	bccc118f5764efd69b1775580918aecc29aa2fa189f711f88ee05cbd88261375
raw/pilot_100_fallback_20260801T180205Z/correctness/baseline/pilot/chr22_100_guide_066/metrics.tsv	294	0ff028d866927331742b5bf3f8b6e40b8521e388e2c419fdd25d05f24844ca81
raw/pilot_100_fallback_20260801T180205Z/correctness/baseline/pilot/chr22_100_guide_066/output.paf	105	4802296ebbba9922a4ece696902be06427691049808ba406ed873a9a4a219f9c
raw/pilot_100_fallback_20260801T180205Z/correctness/baseline/pilot/chr22_100_guide_066/stderr.txt	0	e3b0c44298fc1c149afbf4c8996fb92427ae41e4649b934ca495991b7852b855
raw/pilot_100_fallback_20260801T180205Z/correctness/baseline/pilot/chr22_100_guide_067/command.txt	294	725e56395656f09ff7d0fce53f985a68b06a7cc2dd6a4e2922101a912c48efd4
raw/pilot_100_fallback_20260801T180205Z/correctness/baseline/pilot/chr22_100_guide_067/metrics.tsv	294	8604ba19f670296eaeed27fd94314336919d00fbf07c56b471f1afe708c9cb12
raw/pilot_100_fallback_20260801T180205Z/correctness/baseline/pilot/chr22_100_guide_067/output.paf	105	0229a4fc79d3d37ddda05a4910899ff60fcd29aa41d3690d08b235deae1dd329
raw/pilot_100_fallback_20260801T180205Z/correctness/baseline/pilot/chr22_100_guide_067/stderr.txt	0	e3b0c44298fc1c149afbf4c8996fb92427ae41e4649b934ca495991b7852b855
raw/pilot_100_fallback_20260801T180205Z/correctness/baseline/pilot/chr22_100_guide_068/command.txt	294	5c3b93b11b8e6a74bde0ca874a8c3513b022608ec72102e19b764eda2894281c
raw/pilot_100_fallback_20260801T180205Z/correctness/baseline/pilot/chr22_100_guide_068/metrics.tsv	294	8b4e848174c9e7a58cf234626659fb28f1153b699b2c1761971e3f4d45a1f994
raw/pilot_100_fallback_20260801T180205Z/correctness/baseline/pilot/chr22_100_guide_068/output.paf	214	d39c5b6762aa09453e14f55e106ab300ceb4955ee3d73b381937cbf2220ed042
raw/pilot_100_fallback_20260801T180205Z/correctness/baseline/pilot/chr22_100_guide_068/stderr.txt	0	e3b0c44298fc1c149afbf4c8996fb92427ae41e4649b934ca495991b7852b855
raw/pilot_100_fallback_20260801T180205Z/correctness/baseline/pilot/chr22_100_guide_069/command.txt	294	99de005df36445fc0cc87e0e7f648b713e285055a4d085232f2faac07be3b277
raw/pilot_100_fallback_20260801T180205Z/correctness/baseline/pilot/chr22_100_guide_069/metrics.tsv	294	ffee28f613c63a5c6120dcd752929336739d302bfec4bb3f06d8c58c32570985
raw/pilot_100_fallback_20260801T180205Z/correctness/baseline/pilot/chr22_100_guide_069/output.paf	107	894b1dbfd640275e381c43f266827b3b0b872a2b9928a9ade378892e79cddd91
raw/pilot_100_fallback_20260801T180205Z/correctness/baseline/pilot/chr22_100_guide_069/stderr.txt	0	e3b0c44298fc1c149afbf4c8996fb92427ae41e4649b934ca495991b7852b855
raw/pilot_100_fallback_20260801T180205Z/correctness/baseline/pilot/chr22_100_guide_070/command.txt	294	8219161a7733a4e4c0488d6c14034deed7894765a0f4a8af2ef1208cbed2db65
raw/pilot_100_fallback_20260801T180205Z/correctness/baseline/pilot/chr22_100_guide_070/metrics.tsv	294	e0f9269f61f7531b2e5741aa66b4b0caa1fb232a03e3630c86dc5fe3d8d135a0
raw/pilot_100_fallback_20260801T180205Z/correctness/baseline/pilot/chr22_100_guide_070/output.paf	105	555a66e1753526673117e366fb233c844df0cfc38a64971866528e20e52f4ca2
raw/pilot_100_fallback_20260801T180205Z/correctness/baseline/pilot/chr22_100_guide_070/stderr.txt	0	e3b0c44298fc1c149afbf4c8996fb92427ae41e4649b934ca495991b7852b855
raw/pilot_100_fallback_20260801T180205Z/correctness/baseline/pilot/chr22_100_guide_071/command.txt	294	33e1452dc4ab7f77b5c60b48874e08912b2384e40fb648eac1ed52a2b2df65b9
raw/pilot_100_fallback_20260801T180205Z/correctness/baseline/pilot/chr22_100_guide_071/metrics.tsv	294	94349cbf73dbe48487450488193f601a631d97c9e5734f0a75f7f380d84dd5af
raw/pilot_100_fallback_20260801T180205Z/correctness/baseline/pilot/chr22_100_guide_071/output.paf	105	db50066ab5215e0ab40715d3e84c765c47977eb5d92e2f74fef9a37ee0c19f96
raw/pilot_100_fallback_20260801T180205Z/correctness/baseline/pilot/chr22_100_guide_071/stderr.txt	0	e3b0c44298fc1c149afbf4c8996fb92427ae41e4649b934ca495991b7852b855
raw/pilot_100_fallback_20260801T180205Z/correctness/baseline/pilot/chr22_100_guide_072/command.txt	294	10e3796ef2fbb531f9c0fdf7ed8c3441643f57ef8e1269b561e32d6893dfc208
raw/pilot_100_fallback_20260801T180205Z/correctness/baseline/pilot/chr22_100_guide_072/metrics.tsv	294	379a58e6bf7d67c86e79852e1eaca7119f4e01644cdf08571bcdda328c01e782
raw/pilot_100_fallback_20260801T180205Z/correctness/baseline/pilot/chr22_100_guide_072/output.paf	105	a7389bd954eaa7a8f7c3e448a2ff3a3f4ef011b680d833fad933fd884d099eca
raw/pilot_100_fallback_20260801T180205Z/correctness/baseline/pilot/chr22_100_guide_072/stderr.txt	0	e3b0c44298fc1c149afbf4c8996fb92427ae41e4649b934ca495991b7852b855
raw/pilot_100_fallback_20260801T180205Z/correctness/baseline/pilot/chr22_100_guide_073/command.txt	294	8ddf9d7e2608669e5fd6a1fd8c1335579a510d4d382c7cbc9d99592881f85fae
raw/pilot_100_fallback_20260801T180205Z/correctness/baseline/pilot/chr22_100_guide_073/metrics.tsv	294	bcc84a181745a089307f09a48e37773218e6a22249609d5decac252d13ef84c0
raw/pilot_100_fallback_20260801T180205Z/correctness/baseline/pilot/chr22_100_guide_073/output.paf	105	850390cf00e784716c531f5e64380876ff07596af289e7ba34bc096bff075ecc
raw/pilot_100_fallback_20260801T180205Z/correctness/baseline/pilot/chr22_100_guide_073/stderr.txt	0	e3b0c44298fc1c149afbf4c8996fb92427ae41e4649b934ca495991b7852b855
raw/pilot_100_fallback_20260801T180205Z/correctness/baseline/pilot/chr22_100_guide_074/command.txt	294	4f2ed744a868ca92e3555a96b060747acf3bae65e2aa2059d9c41153327b3875
raw/pilot_100_fallback_20260801T180205Z/correctness/baseline/pilot/chr22_100_guide_074/metrics.tsv	294	991044a3553bf2060235d303e94e89029f25d0e18d05b9bebe848a3ec57bd17b
raw/pilot_100_fallback_20260801T180205Z/correctness/baseline/pilot/chr22_100_guide_074/output.paf	105	1f00016106bffc2ceba39230352e1e4ef914076353527946b8890d37546c25f5
raw/pilot_100_fallback_20260801T180205Z/correctness/baseline/pilot/chr22_100_guide_074/stderr.txt	0	e3b0c44298fc1c149afbf4c8996fb92427ae41e4649b934ca495991b7852b855
raw/pilot_100_fallback_20260801T180205Z/correctness/baseline/pilot/chr22_100_guide_075/command.txt	294	106f54bec30a40f6f3910a52de5d5c49338a9c5165265e82644929d39c73a88e
raw/pilot_100_fallback_20260801T180205Z/correctness/baseline/pilot/chr22_100_guide_075/metrics.tsv	298	9c88d28d9e9aa592732ad121bc44dcd99d7d6b5f94f9952249de5821d27843c6
raw/pilot_100_fallback_20260801T180205Z/correctness/baseline/pilot/chr22_100_guide_075/output.paf	5818	614fa5b4f485a1fa8c00df490945639ea3b852b19e198bebe4d74ffe93ad1b88
raw/pilot_100_fallback_20260801T180205Z/correctness/baseline/pilot/chr22_100_guide_075/stderr.txt	1845	cae01c86d9418ff48743f603d690cbbed7cfd0a775aa61abea8fe81d849a788f
raw/pilot_100_fallback_20260801T180205Z/correctness/baseline/pilot/chr22_100_guide_076/command.txt	294	8d83f8807b0ccd9da7fb4667fb7b469fc9d97e3552a7790fb3bf8ee1f800e656
raw/pilot_100_fallback_20260801T180205Z/correctness/baseline/pilot/chr22_100_guide_076/metrics.tsv	295	64ce13cb681fbed1e6814632e091baea30c60bed2d997a93b6fa331fb6af9211
raw/pilot_100_fallback_20260801T180205Z/correctness/baseline/pilot/chr22_100_guide_076/output.paf	400	b142ef637df4e3f99cba0ff326382f5ebefaebebec7f67f50ae570d3cb77d0e9
raw/pilot_100_fallback_20260801T180205Z/correctness/baseline/pilot/chr22_100_guide_076/stderr.txt	90	e738f131400a5df528e34a9a74400f6996b29d28e34bef3f730ed59c9b584539
raw/pilot_100_fallback_20260801T180205Z/correctness/baseline/pilot/chr22_100_guide_077/command.txt	294	34a4ac4305dad4b70d1972d75cba9cee9734695b32e7b9eed5101f6ddda4eb4d
raw/pilot_100_fallback_20260801T180205Z/correctness/baseline/pilot/chr22_100_guide_077/metrics.tsv	294	e5dd6e64fa3f253da24ff4c943f8b8d578ec702743294f85138c641e8900b018
raw/pilot_100_fallback_20260801T180205Z/correctness/baseline/pilot/chr22_100_guide_077/output.paf	105	e3869c3952dd0b0eb3e37141b1040c6f25b82c4e398011436f2219c75f8febe8
raw/pilot_100_fallback_20260801T180205Z/correctness/baseline/pilot/chr22_100_guide_077/stderr.txt	0	e3b0c44298fc1c149afbf4c8996fb92427ae41e4649b934ca495991b7852b855
raw/pilot_100_fallback_20260801T180205Z/correctness/baseline/pilot/chr22_100_guide_078/command.txt	294	faa9aba2aac1781a334c68e83706090c78953cbac5ad46232eef3388cea4039c
raw/pilot_100_fallback_20260801T180205Z/correctness/baseline/pilot/chr22_100_guide_078/metrics.tsv	294	23cd6e23fd0de8c92e1b76bbc1277f1428af497b14459c92a92ca2c89326cc3d
raw/pilot_100_fallback_20260801T180205Z/correctness/baseline/pilot/chr22_100_guide_078/output.paf	105	b32f95b3659bdf5efde0a545c93605a84811e1f51637e98948f88b66e0c918a9
raw/pilot_100_fallback_20260801T180205Z/correctness/baseline/pilot/chr22_100_guide_078/stderr.txt	0	e3b0c44298fc1c149afbf4c8996fb92427ae41e4649b934ca495991b7852b855
raw/pilot_100_fallback_20260801T180205Z/correctness/baseline/pilot/chr22_100_guide_079/command.txt	294	45b239768da0457701c80edb9be4e94b086d4979b752d49c90045db0a0cd4f14
raw/pilot_100_fallback_20260801T180205Z/correctness/baseline/pilot/chr22_100_guide_079/metrics.tsv	294	b70291a1718362722157993a73f2ac78c03ba9eaecf9436baab9f037da9f4673
raw/pilot_100_fallback_20260801T180205Z/correctness/baseline/pilot/chr22_100_guide_079/output.paf	105	3719b9c87eb26bae46571444132aecd72ec6971081ed8592128ac8081655f637
raw/pilot_100_fallback_20260801T180205Z/correctness/baseline/pilot/chr22_100_guide_079/stderr.txt	0	e3b0c44298fc1c149afbf4c8996fb92427ae41e4649b934ca495991b7852b855
raw/pilot_100_fallback_20260801T180205Z/correctness/baseline/pilot/chr22_100_guide_080/command.txt	294	d49e476f53b0190d2dbd332662213cd0421dff8a329bee086cf07e15d7f97704
raw/pilot_100_fallback_20260801T180205Z/correctness/baseline/pilot/chr22_100_guide_080/metrics.tsv	294	3da246ca93a155e6a7389a69d53208acc39c4f00074ae375b19ef9f785cfe9dd
raw/pilot_100_fallback_20260801T180205Z/correctness/baseline/pilot/chr22_100_guide_080/output.paf	105	5c9d989f365df1d424483a28cbc77093b089ff7ebee8cd46972f309ff0b6db17
raw/pilot_100_fallback_20260801T180205Z/correctness/baseline/pilot/chr22_100_guide_080/stderr.txt	0	e3b0c44298fc1c149afbf4c8996fb92427ae41e4649b934ca495991b7852b855
raw/pilot_100_fallback_20260801T180205Z/correctness/baseline/pilot/chr22_100_guide_081/command.txt	294	5afa740561bc893dab0d8638897114fc63396b5fecdf28cdddab3db337bc2cc2
raw/pilot_100_fallback_20260801T180205Z/correctness/baseline/pilot/chr22_100_guide_081/metrics.tsv	294	c7c8a8338008861359783537623d25b0cec3ccb053eef70873c334fa388109b8
raw/pilot_100_fallback_20260801T180205Z/correctness/baseline/pilot/chr22_100_guide_081/output.paf	105	60f8b2bdc588b6b13527c78acc609879caa8defea9c72ada132dee63d52ad9bf
raw/pilot_100_fallback_20260801T180205Z/correctness/baseline/pilot/chr22_100_guide_081/stderr.txt	0	e3b0c44298fc1c149afbf4c8996fb92427ae41e4649b934ca495991b7852b855
raw/pilot_100_fallback_20260801T180205Z/correctness/baseline/pilot/chr22_100_guide_082/command.txt	294	c5eb9cf68dbf3fb168355c780ea930c057ba1147a70e43e2e8d87d137c55b8c4
raw/pilot_100_fallback_20260801T180205Z/correctness/baseline/pilot/chr22_100_guide_082/metrics.tsv	294	7c0ae5b3e05d56b73ee449dcabb13b82eebbf2f1f3c08457a65e017ca5336f37
raw/pilot_100_fallback_20260801T180205Z/correctness/baseline/pilot/chr22_100_guide_082/output.paf	105	8aa0d629b648d54d65dead9f626b4f79b04416d14abcb761ce6f8afd4c8d5a02
raw/pilot_100_fallback_20260801T180205Z/correctness/baseline/pilot/chr22_100_guide_082/stderr.txt	0	e3b0c44298fc1c149afbf4c8996fb92427ae41e4649b934ca495991b7852b855
raw/pilot_100_fallback_20260801T180205Z/correctness/baseline/pilot/chr22_100_guide_083/command.txt	294	3416ca0a99f0208ab1ce747521d78a2ac75be8410b274f3d6925da2201613f82
raw/pilot_100_fallback_20260801T180205Z/correctness/baseline/pilot/chr22_100_guide_083/metrics.tsv	294	20a8874e19792983977f8b715eef2eea9f3b5e524682e60d3318017e26185fd8
raw/pilot_100_fallback_20260801T180205Z/correctness/baseline/pilot/chr22_100_guide_083/output.paf	105	1da030b92202db00fdf4fa746fa0de1c56a74c6415d7abf8e6e634730c0990ca
raw/pilot_100_fallback_20260801T180205Z/correctness/baseline/pilot/chr22_100_guide_083/stderr.txt	0	e3b0c44298fc1c149afbf4c8996fb92427ae41e4649b934ca495991b7852b855
raw/pilot_100_fallback_20260801T180205Z/correctness/baseline/pilot/chr22_100_guide_084/command.txt	294	46bdd25b56b30de4d3bf5825476b1e2ce5a25e059c364c2f402dde24c86be485
raw/pilot_100_fallback_20260801T180205Z/correctness/baseline/pilot/chr22_100_guide_084/metrics.tsv	295	fab743da66e40e5a24884750570185fb95c37cf2df7e5ad5446c843ef8af4f38
raw/pilot_100_fallback_20260801T180205Z/correctness/baseline/pilot/chr22_100_guide_084/output.paf	517	d3912c4fe014403d39f5babbc235cd2d4fea43649489b9579873d8d170b294d0
raw/pilot_100_fallback_20260801T180205Z/correctness/baseline/pilot/chr22_100_guide_084/stderr.txt	45	ecd997460eff8b19bac120208f47edd7be53e3371027aaa35d95fa07a5e79089
raw/pilot_100_fallback_20260801T180205Z/correctness/baseline/pilot/chr22_100_guide_085/command.txt	294	4c66d15d09fe32c5dde11c67e94daef15b4ac44f8d863f8e536dee9575262581
raw/pilot_100_fallback_20260801T180205Z/correctness/baseline/pilot/chr22_100_guide_085/metrics.tsv	294	6dc672f65c29b76ebff80c8263c24b4e3751674c3b90966d4ede34d29f5619c7
raw/pilot_100_fallback_20260801T180205Z/correctness/baseline/pilot/chr22_100_guide_085/output.paf	105	886f21508ef43139da65b3307d412b9c43af12390fb60b152be51f2961337117
raw/pilot_100_fallback_20260801T180205Z/correctness/baseline/pilot/chr22_100_guide_085/stderr.txt	0	e3b0c44298fc1c149afbf4c8996fb92427ae41e4649b934ca495991b7852b855
raw/pilot_100_fallback_20260801T180205Z/correctness/baseline/pilot/chr22_100_guide_086/command.txt	294	3444740aa026e2ab6eb56d5a9baf76db9c61248ef6a3591ad24e819f87449dd2
raw/pilot_100_fallback_20260801T180205Z/correctness/baseline/pilot/chr22_100_guide_086/metrics.tsv	294	651976671fb48e073a7fc2726fc4058d870da6dd2d498f22457afd69d4a74516
raw/pilot_100_fallback_20260801T180205Z/correctness/baseline/pilot/chr22_100_guide_086/output.paf	105	b49d937c3f713b95c07b0df4983659c5531f5062b2c8b309c93edf95c5d33253
raw/pilot_100_fallback_20260801T180205Z/correctness/baseline/pilot/chr22_100_guide_086/stderr.txt	0	e3b0c44298fc1c149afbf4c8996fb92427ae41e4649b934ca495991b7852b855
raw/pilot_100_fallback_20260801T180205Z/correctness/baseline/pilot/chr22_100_guide_087/command.txt	294	a1b16959df12ab6a2ad59ee79b067084b78b8dfc3f3550eaf89da1643c0125bb
raw/pilot_100_fallback_20260801T180205Z/correctness/baseline/pilot/chr22_100_guide_087/metrics.tsv	294	17c2d0b160a4725cfe61251c8faf841449f1862c632bb5411fe7ab143bd8d69c
raw/pilot_100_fallback_20260801T180205Z/correctness/baseline/pilot/chr22_100_guide_087/output.paf	323	9a84143c1c0ae741457654eac03a337269c00cb43411a6b54461fbe5949d0b50
raw/pilot_100_fallback_20260801T180205Z/correctness/baseline/pilot/chr22_100_guide_087/stderr.txt	0	e3b0c44298fc1c149afbf4c8996fb92427ae41e4649b934ca495991b7852b855
raw/pilot_100_fallback_20260801T180205Z/correctness/baseline/pilot/chr22_100_guide_088/command.txt	294	f2a3f6a07ebd08e30cb34865d37ac2ff7605d082f83307f44be0f061bf9cf833
raw/pilot_100_fallback_20260801T180205Z/correctness/baseline/pilot/chr22_100_guide_088/metrics.tsv	294	e5c4fc7cfde36284bab15482e48522ee3fd64f9d0fb16a684e47fb819d7400ed
raw/pilot_100_fallback_20260801T180205Z/correctness/baseline/pilot/chr22_100_guide_088/output.paf	105	7b9ea615f9aa7e046adebd0e63adf8ebdc63c09e2a683a13ae5b9e9457fd8152
raw/pilot_100_fallback_20260801T180205Z/correctness/baseline/pilot/chr22_100_guide_088/stderr.txt	0	e3b0c44298fc1c149afbf4c8996fb92427ae41e4649b934ca495991b7852b855
raw/pilot_100_fallback_20260801T180205Z/correctness/baseline/pilot/chr22_100_guide_089/command.txt	294	297f847c9990d3327a7342e31559525404718dbc102c79b8455441154a68860a
raw/pilot_100_fallback_20260801T180205Z/correctness/baseline/pilot/chr22_100_guide_089/metrics.tsv	294	6ad0ed80d98d6db0918988a30334b53d3dc20881f7ac3b01db710ba155c2d263
raw/pilot_100_fallback_20260801T180205Z/correctness/baseline/pilot/chr22_100_guide_089/output.paf	105	790719bd8847db6a942f261864ea37c0ec15f7a4f400e0bd1eaf31a8e659f354
raw/pilot_100_fallback_20260801T180205Z/correctness/baseline/pilot/chr22_100_guide_089/stderr.txt	0	e3b0c44298fc1c149afbf4c8996fb92427ae41e4649b934ca495991b7852b855
raw/pilot_100_fallback_20260801T180205Z/correctness/baseline/pilot/chr22_100_guide_090/command.txt	294	62baeecbbbb7cb1beb1a7fa0a280e6cdc608f5fcbc06c89131f328c82cad3b88
raw/pilot_100_fallback_20260801T180205Z/correctness/baseline/pilot/chr22_100_guide_090/metrics.tsv	294	a2b30fbf4d8c12558eb1afb87ab8af8a2f73edf929d31b77ae638bbf1e8cd100
raw/pilot_100_fallback_20260801T180205Z/correctness/baseline/pilot/chr22_100_guide_090/output.paf	105	af0e7d04b9032b6ba55a507cdc6196da5e7f3adbce117a38bb6ba2d2fb078cba
raw/pilot_100_fallback_20260801T180205Z/correctness/baseline/pilot/chr22_100_guide_090/stderr.txt	0	e3b0c44298fc1c149afbf4c8996fb92427ae41e4649b934ca495991b7852b855
raw/pilot_100_fallback_20260801T180205Z/correctness/baseline/pilot/chr22_100_guide_091/command.txt	294	32cc6da567e225a4f2cd3a2377a598ccbaabc35046b9064bac0df339a0e21a3d
raw/pilot_100_fallback_20260801T180205Z/correctness/baseline/pilot/chr22_100_guide_091/metrics.tsv	294	4d24c92ad9d36f2f690613304914794bd2752eb6a0637d26e5f03619a94d2110
raw/pilot_100_fallback_20260801T180205Z/correctness/baseline/pilot/chr22_100_guide_091/output.paf	214	cf53e5c0ba2549b95ad7cc66f6caa57165a2d7ef971b8448816c1f5189dcba42
raw/pilot_100_fallback_20260801T180205Z/correctness/baseline/pilot/chr22_100_guide_091/stderr.txt	0	e3b0c44298fc1c149afbf4c8996fb92427ae41e4649b934ca495991b7852b855
raw/pilot_100_fallback_20260801T180205Z/correctness/baseline/pilot/chr22_100_guide_092/command.txt	294	b1df8e70b02bdbbfbb47908fa04522a531b1e1ad08becc03f50acea6693be13e
raw/pilot_100_fallback_20260801T180205Z/correctness/baseline/pilot/chr22_100_guide_092/metrics.tsv	294	636a72bb7eea31592bd0364ac6579668bd23df2332cdba766a7c24f55ab86617
raw/pilot_100_fallback_20260801T180205Z/correctness/baseline/pilot/chr22_100_guide_092/output.paf	105	36dc22934c7c02b9c1a4043e7fa71e9fab23fac626842ee0233fa0a19e8a4d8d
raw/pilot_100_fallback_20260801T180205Z/correctness/baseline/pilot/chr22_100_guide_092/stderr.txt	0	e3b0c44298fc1c149afbf4c8996fb92427ae41e4649b934ca495991b7852b855
raw/pilot_100_fallback_20260801T180205Z/correctness/baseline/pilot/chr22_100_guide_093/command.txt	294	8318cf790daebe2ae59d609333c635a134954b1e3cd87ef8c72f433e45110b40
raw/pilot_100_fallback_20260801T180205Z/correctness/baseline/pilot/chr22_100_guide_093/metrics.tsv	294	99d9374932b7cfa705dd6b994f543973e25a8734dfec29faae1386b478f4c2d8
raw/pilot_100_fallback_20260801T180205Z/correctness/baseline/pilot/chr22_100_guide_093/output.paf	105	7c248ba9765e06499bdbdd56fa063150392f57bbcf49d7273e7a34148cb2a14e
raw/pilot_100_fallback_20260801T180205Z/correctness/baseline/pilot/chr22_100_guide_093/stderr.txt	0	e3b0c44298fc1c149afbf4c8996fb92427ae41e4649b934ca495991b7852b855
raw/pilot_100_fallback_20260801T180205Z/correctness/baseline/pilot/chr22_100_guide_094/command.txt	294	1addb3efa131e8e103242ba9daac6b8f0063c83db50c7a3c5e6c88899a3a020a
raw/pilot_100_fallback_20260801T180205Z/correctness/baseline/pilot/chr22_100_guide_094/metrics.tsv	294	2904af3aa85fbc11b630bdabcc84e42b5e3ec498d6ce29fa5a42223c88d1dbaf
raw/pilot_100_fallback_20260801T180205Z/correctness/baseline/pilot/chr22_100_guide_094/output.paf	105	b129ef3c4f85946c1752fcdec67457fbfa137faf10c495dcfb79020726f0093a
raw/pilot_100_fallback_20260801T180205Z/correctness/baseline/pilot/chr22_100_guide_094/stderr.txt	0	e3b0c44298fc1c149afbf4c8996fb92427ae41e4649b934ca495991b7852b855
raw/pilot_100_fallback_20260801T180205Z/correctness/baseline/pilot/chr22_100_guide_095/command.txt	294	172bcf5e6696030397c56f1e2e204827348ef72b9e5e542967b4f0be658c21ec
raw/pilot_100_fallback_20260801T180205Z/correctness/baseline/pilot/chr22_100_guide_095/metrics.tsv	294	b2f9ccd50616ca2f9b78a117a3f08eca547a99a47c979b1480dd4b920ff4fc30
raw/pilot_100_fallback_20260801T180205Z/correctness/baseline/pilot/chr22_100_guide_095/output.paf	214	72cfccdb732c7f835e82aebb76ca4186954ee044989d4d3f165c230249e1ab41
raw/pilot_100_fallback_20260801T180205Z/correctness/baseline/pilot/chr22_100_guide_095/stderr.txt	0	e3b0c44298fc1c149afbf4c8996fb92427ae41e4649b934ca495991b7852b855
raw/pilot_100_fallback_20260801T180205Z/correctness/baseline/pilot/chr22_100_guide_096/command.txt	294	111ddc9a7fd7a284bef5082c64543ca18675ce04d5d1b8c6140fad62a9faa5c8
raw/pilot_100_fallback_20260801T180205Z/correctness/baseline/pilot/chr22_100_guide_096/metrics.tsv	294	014ff7e3bb1624ce92cebfdab0170df594f605fff670cc27c31954234ab24568
raw/pilot_100_fallback_20260801T180205Z/correctness/baseline/pilot/chr22_100_guide_096/output.paf	105	66356638d350f202a4fc3653512e2eb61d180a210d3b4874237620fdd88f45ac
raw/pilot_100_fallback_20260801T180205Z/correctness/baseline/pilot/chr22_100_guide_096/stderr.txt	0	e3b0c44298fc1c149afbf4c8996fb92427ae41e4649b934ca495991b7852b855
raw/pilot_100_fallback_20260801T180205Z/correctness/baseline/pilot/chr22_100_guide_097/command.txt	294	d353f2e899ebb93ed352f15f6ff5a29c9d6057a0eee378dc9828ef4d2556deea
raw/pilot_100_fallback_20260801T180205Z/correctness/baseline/pilot/chr22_100_guide_097/metrics.tsv	294	e81c06a5bd2d9ca5a8729ab3eaaaf43e6c5670317b6397c944125602b12243ab
raw/pilot_100_fallback_20260801T180205Z/correctness/baseline/pilot/chr22_100_guide_097/output.paf	105	ec3317eca52cb313be8b742bd84d70d8e9f8f3d3a8dfda83e632d9ec5b3e7472
raw/pilot_100_fallback_20260801T180205Z/correctness/baseline/pilot/chr22_100_guide_097/stderr.txt	0	e3b0c44298fc1c149afbf4c8996fb92427ae41e4649b934ca495991b7852b855
raw/pilot_100_fallback_20260801T180205Z/correctness/baseline/pilot/chr22_100_guide_098/command.txt	294	468a558e0f3fdd08d7debf0ad8923a76d1462c9c7f320e22e8005dbb2614aadf
raw/pilot_100_fallback_20260801T180205Z/correctness/baseline/pilot/chr22_100_guide_098/metrics.tsv	294	fa4345bd8b091c48a42e5b5ab252624e469bff7d5e7240669d7182bb00dd6d82
raw/pilot_100_fallback_20260801T180205Z/correctness/baseline/pilot/chr22_100_guide_098/output.paf	105	624a957aae98b6d231ae1011b4e64e108e7b8e8e44287e46c4862920d0454e11
raw/pilot_100_fallback_20260801T180205Z/correctness/baseline/pilot/chr22_100_guide_098/stderr.txt	0	e3b0c44298fc1c149afbf4c8996fb92427ae41e4649b934ca495991b7852b855
raw/pilot_100_fallback_20260801T180205Z/correctness/baseline/pilot/chr22_100_guide_099/command.txt	294	d88e1c76d6eaecf792cbc868cbf12b5cb10e920bdf39eac71f27113ad3774233
raw/pilot_100_fallback_20260801T180205Z/correctness/baseline/pilot/chr22_100_guide_099/metrics.tsv	295	de09b35ad9207bc49b7a030cbc3e5087dffd7d188f46428f424c21f989117c15
raw/pilot_100_fallback_20260801T180205Z/correctness/baseline/pilot/chr22_100_guide_099/output.paf	200	ae2950cc930771cbd394906d42c51ef44aa1d759562b83917e788a9d26f47d1d
raw/pilot_100_fallback_20260801T180205Z/correctness/baseline/pilot/chr22_100_guide_099/stderr.txt	45	ecd997460eff8b19bac120208f47edd7be53e3371027aaa35d95fa07a5e79089
raw/pilot_100_fallback_20260801T180205Z/correctness/baseline/pilot/chr22_100_guide_100/command.txt	294	938429361e55b67b53c1f61e2dc5394bee9fb15e084f3c079faefb2a0ac4c137
raw/pilot_100_fallback_20260801T180205Z/correctness/baseline/pilot/chr22_100_guide_100/metrics.tsv	294	3fee5d82055e81e81c417982bf57dbaa8388221cc842e9a98b5ca90f035525c2
raw/pilot_100_fallback_20260801T180205Z/correctness/baseline/pilot/chr22_100_guide_100/output.paf	214	4bb6e4f08a7316ba26ec3e6f894f79070071b55d78d6c1605a50035d0a1d9c79
raw/pilot_100_fallback_20260801T180205Z/correctness/baseline/pilot/chr22_100_guide_100/stderr.txt	0	e3b0c44298fc1c149afbf4c8996fb92427ae41e4649b934ca495991b7852b855
raw/pilot_100_fallback_20260801T180205Z/correctness/columba/pilot/chr22_100_guide_001/command.txt	566	56f3f7994581c54148bc1ff6919f7573c634e731c14ed57522b4c97a47cf2202
raw/pilot_100_fallback_20260801T180205Z/correctness/columba/pilot/chr22_100_guide_001/metrics.tsv	294	1df6a430537fe639366829b0a7c08ead11a70f48e45298462bac39e476c852da
raw/pilot_100_fallback_20260801T180205Z/correctness/columba/pilot/chr22_100_guide_001/output.paf	192	c9c93b5e3642ad2be4fd3699f495e8d1c48adb430768e7ff532b1a4c59fa0c05
raw/pilot_100_fallback_20260801T180205Z/correctness/columba/pilot/chr22_100_guide_001/stderr.txt	608	1e3c641d38fd3d4b1cd876bbb13830d7fb2fb20f77ad12222230d037dc68d895
raw/pilot_100_fallback_20260801T180205Z/correctness/columba/pilot/chr22_100_guide_002/command.txt	566	48be265bdb8e5c6d97072b3fa2d4e11635fa02f684ae9bfe1483db37500a05ba
raw/pilot_100_fallback_20260801T180205Z/correctness/columba/pilot/chr22_100_guide_002/metrics.tsv	297	e7ca2655a9b4fd73dfcd79e4a0a30a029da80d394c5875e76850d04c012ccc30
raw/pilot_100_fallback_20260801T180205Z/correctness/columba/pilot/chr22_100_guide_002/output.paf	2179	87b02444da0f2ab8be03442bf4b8948663370c5a682f070b36a827822ee531e3
raw/pilot_100_fallback_20260801T180205Z/correctness/columba/pilot/chr22_100_guide_002/stderr.txt	94307	e925e6374c2b14f26ce352338d241501af5403cd20c2f7a0a66a7ff0957a82b9
raw/pilot_100_fallback_20260801T180205Z/correctness/columba/pilot/chr22_100_guide_003/command.txt	566	988af8d9fb7aa949c17338aa69391195bbb82ac5c4719332f3d16329248cd909
raw/pilot_100_fallback_20260801T180205Z/correctness/columba/pilot/chr22_100_guide_003/metrics.tsv	298	477c1d8021704e8f71090c72a7f269acab4e5fe0f92b2935316a32b1a8d78f77
raw/pilot_100_fallback_20260801T180205Z/correctness/columba/pilot/chr22_100_guide_003/output.paf	88173	42c85ab9ac542a0a68f74f516c324f16feaf1ad5d780ddfa17aa882a9000849d
raw/pilot_100_fallback_20260801T180205Z/correctness/columba/pilot/chr22_100_guide_003/stderr.txt	33263	d5b5b7e3b34b61dc81dc8aab501910e13be4bc817fe9b96479eef46411ddf2a0
raw/pilot_100_fallback_20260801T180205Z/correctness/columba/pilot/chr22_100_guide_004/command.txt	566	9b1f0fa21a4d57c6c2ccbb7b6bcef1ee262821bec6c7a9f342482cb9ba256605
raw/pilot_100_fallback_20260801T180205Z/correctness/columba/pilot/chr22_100_guide_004/metrics.tsv	296	b8712698ad3d574669729788a95f002a6ae729e41467cd9150a5c4f684430d96
raw/pilot_100_fallback_20260801T180205Z/correctness/columba/pilot/chr22_100_guide_004/output.paf	103	691ce0260ac4ff8426decb079b6ec2efdf4680b3abaced64e9143840bccb9552
raw/pilot_100_fallback_20260801T180205Z/correctness/columba/pilot/chr22_100_guide_004/stderr.txt	59585	a4c7fcea839152b57f9d48000d08a15502fd89d0fd27949928e5d265dda849b7
raw/pilot_100_fallback_20260801T180205Z/correctness/columba/pilot/chr22_100_guide_005/command.txt	566	01d9cb2b66b031d0aaae3525c6ee0eb78dca8b2265983e7488146ae3d372812e
raw/pilot_100_fallback_20260801T180205Z/correctness/columba/pilot/chr22_100_guide_005/metrics.tsv	294	c6d22871f46cf01a051087f3601c545dd09cde14f2ef2bbee7d3776f4b8e6eea
raw/pilot_100_fallback_20260801T180205Z/correctness/columba/pilot/chr22_100_guide_005/output.paf	103	95686fb2b7a30116b7ae2cc467351eaaf4c6f25cab6f6b7bc6dcc05f1c409532
raw/pilot_100_fallback_20260801T180205Z/correctness/columba/pilot/chr22_100_guide_005/stderr.txt	651	011f515d83cd8b0bf4648cfa3d329bea0cb2939a7aabcbf319c9ccbd2ece994c
raw/pilot_100_fallback_20260801T180205Z/correctness/columba/pilot/chr22_100_guide_006/command.txt	566	8573cef312b544e700e56167875329ee9f3d806ab371113f5595435f50987398
raw/pilot_100_fallback_20260801T180205Z/correctness/columba/pilot/chr22_100_guide_006/metrics.tsv	297	fa45f93779297a7e24ae8110d9d4c2c921e81fab4c8286a02c3d84f454fd3bf1
raw/pilot_100_fallback_20260801T180205Z/correctness/columba/pilot/chr22_100_guide_006/output.paf	412	381669eac105895c77936e91601bef5a44b194dce1468388fa6bc22b65e83aab
raw/pilot_100_fallback_20260801T180205Z/correctness/columba/pilot/chr22_100_guide_006/stderr.txt	673643	9739780944683faaa4ef3f313f816b862f341378b37d0ab5c6f2f11c524f85ce
raw/pilot_100_fallback_20260801T180205Z/correctness/columba/pilot/chr22_100_guide_007/command.txt	566	274fcf6a772b1406cdf484180d376d7d3a9e628571abed1c8de8f1e7b78d0e40
raw/pilot_100_fallback_20260801T180205Z/correctness/columba/pilot/chr22_100_guide_007/metrics.tsv	298	cb2d569f854a089df87b6fb46ce50738d294a83f77d5d092e65647273ec449ea
raw/pilot_100_fallback_20260801T180205Z/correctness/columba/pilot/chr22_100_guide_007/output.paf	7915	d298f59746650faabb2ca5561ee87dd6713d6657c3eeebcb15b3c30fa3c0c022
raw/pilot_100_fallback_20260801T180205Z/correctness/columba/pilot/chr22_100_guide_007/stderr.txt	175287	403d87bc80095f7dba4286b814ee578933bb15ea4b2720f3a94553d5d4a69f41
raw/pilot_100_fallback_20260801T180205Z/correctness/columba/pilot/chr22_100_guide_008/command.txt	566	0c1fc8248f08783d01ab158c374ab506b58a3c1c996ef1da9c86b8c47c0cd027
raw/pilot_100_fallback_20260801T180205Z/correctness/columba/pilot/chr22_100_guide_008/metrics.tsv	296	8e619404fb44079b892c83ada6b3fd97e1d3add11d5a774d800424391c034070
raw/pilot_100_fallback_20260801T180205Z/correctness/columba/pilot/chr22_100_guide_008/output.paf	6864	8f32d63ac3fc7353d028bcbab308948f718f700957721b790efcbcfdf7b2968d
raw/pilot_100_fallback_20260801T180205Z/correctness/columba/pilot/chr22_100_guide_008/stderr.txt	2245	67c892220045c7e6de36630e42f43c7166e3a6cbb04fcd8d07803b38b0896333
raw/pilot_100_fallback_20260801T180205Z/correctness/columba/pilot/chr22_100_guide_009/command.txt	566	984b16fda32713f1afaa3d5287275e51c28d505dcae228fe3ebf3eb2deec5071
raw/pilot_100_fallback_20260801T180205Z/correctness/columba/pilot/chr22_100_guide_009/metrics.tsv	294	b94130238fd3ef8376836f9f5f69d7a0d5069e1653cab4923887e7f4bdaea6b6
raw/pilot_100_fallback_20260801T180205Z/correctness/columba/pilot/chr22_100_guide_009/output.paf	414	f852312a894362e0b31472a7c87cc296c09d811ed71a73c469ed1ae252e2fefe
raw/pilot_100_fallback_20260801T180205Z/correctness/columba/pilot/chr22_100_guide_009/stderr.txt	514	f9a5b9bf57218d2245080f337460f0f31693b21bce927496b6424a06a4356606
raw/pilot_100_fallback_20260801T180205Z/correctness/columba/pilot/chr22_100_guide_010/command.txt	566	e90a8d82acbceb3443d231a30e801f3e86f59541c126ecb19e84ca011a4160e4
raw/pilot_100_fallback_20260801T180205Z/correctness/columba/pilot/chr22_100_guide_010/metrics.tsv	297	979e491bbece318ca55f0ed2a96506e19088a1c45d95e44ce1c2988fd89743d6
raw/pilot_100_fallback_20260801T180205Z/correctness/columba/pilot/chr22_100_guide_010/output.paf	2553	b8db8d29518bcd793fe2cf11a647c9c419525e6da6f3c9efa22d172c191ba4c4
raw/pilot_100_fallback_20260801T180205Z/correctness/columba/pilot/chr22_100_guide_010/stderr.txt	69723	09b67aada08755086fd2e6118d65bf7e9f49291d271c5abe563bb62ebc797503
raw/pilot_100_fallback_20260801T180205Z/correctness/columba/pilot/chr22_100_guide_011/command.txt	566	cb4c20f287c0d2cc52597950f342d35b9dac626e0d86dfe0b692c03ae12d9539
raw/pilot_100_fallback_20260801T180205Z/correctness/columba/pilot/chr22_100_guide_011/metrics.tsv	293	f1ebed404b57c4be990def0d94f565056bacaf25a95d6b08ffcef9e8ef27accf
raw/pilot_100_fallback_20260801T180205Z/correctness/columba/pilot/chr22_100_guide_011/output.paf	2243	ec592648254199539685feee5357d093e2e1ec0b8ee82c9ce1e89057db95c2aa
raw/pilot_100_fallback_20260801T180205Z/correctness/columba/pilot/chr22_100_guide_011/stderr.txt	0	e3b0c44298fc1c149afbf4c8996fb92427ae41e4649b934ca495991b7852b855
raw/pilot_100_fallback_20260801T180205Z/correctness/columba/pilot/chr22_100_guide_012/command.txt	566	59111a2ab63d33547c572328304fe36288c7cfb1ac9accbd49f81d2cdc0f78b3
raw/pilot_100_fallback_20260801T180205Z/correctness/columba/pilot/chr22_100_guide_012/metrics.tsv	292	22cdeb365a4a8c8ecf76b68f0330a2e82f76dbe525907b44d55069e96c91414e
raw/pilot_100_fallback_20260801T180205Z/correctness/columba/pilot/chr22_100_guide_012/output.paf	832	9b00eaabadec78eddf839955f38b2c49038c64b495db9fc7cba00a4c5b16c2fd
raw/pilot_100_fallback_20260801T180205Z/correctness/columba/pilot/chr22_100_guide_012/stderr.txt	0	e3b0c44298fc1c149afbf4c8996fb92427ae41e4649b934ca495991b7852b855
raw/pilot_100_fallback_20260801T180205Z/correctness/columba/pilot/chr22_100_guide_013/command.txt	566	9310dbfbc83548b63deaa0d0cfe32c815e82a85b6458a95427fdab998ff2e214
raw/pilot_100_fallback_20260801T180205Z/correctness/columba/pilot/chr22_100_guide_013/metrics.tsv	294	30a47a88c55bda3df844af3fe4d4de6cf6d0044705a013e79eea3ac1b2b898c5
raw/pilot_100_fallback_20260801T180205Z/correctness/columba/pilot/chr22_100_guide_013/output.paf	293	606c59fbabc1859613e4a31b3b8ed8c4147f5ca89d1de01946221f89097d2bce
raw/pilot_100_fallback_20260801T180205Z/correctness/columba/pilot/chr22_100_guide_013/stderr.txt	184	ec04d3f7e1b1328ad5397a8bdd34185b098771189af9962fbc567d013800e818
raw/pilot_100_fallback_20260801T180205Z/correctness/columba/pilot/chr22_100_guide_014/command.txt	566	83aacd4c60d2613d98d18e28c621cdc206a30f0b5b4a6a9f426c5c8472767e8f
raw/pilot_100_fallback_20260801T180205Z/correctness/columba/pilot/chr22_100_guide_014/metrics.tsv	297	ea22d4639dfb055710dcdecd215c5847aa47be92b60ad0337510ba9e3b1133db
raw/pilot_100_fallback_20260801T180205Z/correctness/columba/pilot/chr22_100_guide_014/output.paf	20645	9d3f96b7c5db3e0da42d54d04629e5c2f3b7306de3a7b74cbbe19baeec72ef91
raw/pilot_100_fallback_20260801T180205Z/correctness/columba/pilot/chr22_100_guide_014/stderr.txt	1478	4429f6d37a56106f41ade5f8232056512f2c14e6a716c1b4f088b61464e12a95
raw/pilot_100_fallback_20260801T180205Z/correctness/columba/pilot/chr22_100_guide_015/command.txt	566	6f85a81139438099cf88df9c702b2dcb7eb18bc38f8c9e9f77b60365bccccaeb
raw/pilot_100_fallback_20260801T180205Z/correctness/columba/pilot/chr22_100_guide_015/metrics.tsv	299	aba1f32c01e7c707ada0559aedf0ec8fb7b24c21b2d40e65ab78c61c486f5523
raw/pilot_100_fallback_20260801T180205Z/correctness/columba/pilot/chr22_100_guide_015/output.paf	11781	e55942ac6df6ea5194730aa80c266f855204986eea43ac4bf3ebf7d75fa0e169
raw/pilot_100_fallback_20260801T180205Z/correctness/columba/pilot/chr22_100_guide_015/stderr.txt	833857	9d39fb2239ad6c24bc2177f8f8fc624629eba55e42615de578eff18b5dd9cfe1
raw/pilot_100_fallback_20260801T180205Z/correctness/columba/pilot/chr22_100_guide_016/command.txt	566	ab87ceda319234113f9e03631f0dfbb8da9676ca62b1867b0bec9e79bb986ec4
raw/pilot_100_fallback_20260801T180205Z/correctness/columba/pilot/chr22_100_guide_016/metrics.tsv	295	6196801cad179cfb350bf1e89d8e20cf2a33fa5b8de24e90074f849a7ddcafc8
raw/pilot_100_fallback_20260801T180205Z/correctness/columba/pilot/chr22_100_guide_016/output.paf	103	664ca84d364b11b722ac1aa282d988cb26faa580c3801fc71e980d0a2785483d
raw/pilot_100_fallback_20260801T180205Z/correctness/columba/pilot/chr22_100_guide_016/stderr.txt	6603	647a3c26fb0f04ad019100c4ab0390ab87ed5c84aadfe7a252bca70b1e3bd96d
raw/pilot_100_fallback_20260801T180205Z/correctness/columba/pilot/chr22_100_guide_017/command.txt	566	52f4557e649aa46e4411ae140673c301db79070be95346be56434101def0adb8
raw/pilot_100_fallback_20260801T180205Z/correctness/columba/pilot/chr22_100_guide_017/metrics.tsv	298	da1b1039cf4f51f6dad717c2fd986e5f0beffcbd47a37ac2887952d9e74846d8
raw/pilot_100_fallback_20260801T180205Z/correctness/columba/pilot/chr22_100_guide_017/output.paf	6509	9852752810a86bc2ec08e1deae289cb1e46a4172c7b2e475ed07820b6266dd53
raw/pilot_100_fallback_20260801T180205Z/correctness/columba/pilot/chr22_100_guide_017/stderr.txt	525304	6c92947d95b3ae3f0e0ed0a3c24424f6bd041ec1db5523ff91ca421eff2f6f9d
raw/pilot_100_fallback_20260801T180205Z/correctness/columba/pilot/chr22_100_guide_018/command.txt	566	75e2baf188655797b05e9bcc7c7c52978a0f9ab393a9a0f9137f5c027fc04b28
raw/pilot_100_fallback_20260801T180205Z/correctness/columba/pilot/chr22_100_guide_018/metrics.tsv	296	a7ecbb02808918a5c3008f142ac19387d3916e3fec529f09ac3f463e9a611e1a
raw/pilot_100_fallback_20260801T180205Z/correctness/columba/pilot/chr22_100_guide_018/output.paf	208	5c632dfc921b715b635c61d386497b7131eb4348bb520ea4a5cd13ab53ef1e7a
raw/pilot_100_fallback_20260801T180205Z/correctness/columba/pilot/chr22_100_guide_018/stderr.txt	43109	23e8f4ffff162fdc2e25089c32203c22ccb5ac9c66770c9b5d4a6408cc154ffb
raw/pilot_100_fallback_20260801T180205Z/correctness/columba/pilot/chr22_100_guide_019/command.txt	566	c296de5e3bf06c1c788e61e8d9053d04b4211a0935d94f8679e75efe74d67409
raw/pilot_100_fallback_20260801T180205Z/correctness/columba/pilot/chr22_100_guide_019/metrics.tsv	295	3d973c9288e4f3a02f2acd0f8a14425c86d9d64f64ae16bdd51199f2d827ccc8
raw/pilot_100_fallback_20260801T180205Z/correctness/columba/pilot/chr22_100_guide_019/output.paf	103	6cdd7ce54810d5bc4f6f9e343cba7e89b5868d4aa230081223fa53049a31ac4f
raw/pilot_100_fallback_20260801T180205Z/correctness/columba/pilot/chr22_100_guide_019/stderr.txt	1766	dc56e723a41ad2b033072b1d35240963852ef67de09ef8478a44d1daa4a0e78a
raw/pilot_100_fallback_20260801T180205Z/correctness/columba/pilot/chr22_100_guide_020/command.txt	566	3d6c4d5ae462056631517cc4658879656edee22c7d7ce64248e801b26b4d3f46
raw/pilot_100_fallback_20260801T180205Z/correctness/columba/pilot/chr22_100_guide_020/metrics.tsv	296	748507793911206f20c401eb09672b898f029182b7f5fbe4d78ccc88edb1b5a3
raw/pilot_100_fallback_20260801T180205Z/correctness/columba/pilot/chr22_100_guide_020/output.paf	759	e201d7cfc5ec4a9979af6c9a236130b8f36d6e0e4dcfef596b106dbc39010303
raw/pilot_100_fallback_20260801T180205Z/correctness/columba/pilot/chr22_100_guide_020/stderr.txt	76628	b458b467a03688a50351b56d6e3c449c56ad4edc944351aafb91ac49def2d89e
raw/pilot_100_fallback_20260801T180205Z/correctness/columba/pilot/chr22_100_guide_021/command.txt	566	f9050ea994c56a1d1281887bb0fc83f4193c34c12335ce9829084521f61c8def
raw/pilot_100_fallback_20260801T180205Z/correctness/columba/pilot/chr22_100_guide_021/metrics.tsv	294	cd84cb9c3d1b15c669ceb7f2c4006b5773b4b2eaefd97cffd617e75f3e9479b8
raw/pilot_100_fallback_20260801T180205Z/correctness/columba/pilot/chr22_100_guide_021/output.paf	105	70d3142b6438b2233c1a63a2ac833233a13a2d75bf75339f1fccaff2fa81b453
raw/pilot_100_fallback_20260801T180205Z/correctness/columba/pilot/chr22_100_guide_021/stderr.txt	652	d56d96fe98b333f362ee9bd6376532e8bc00f0bfcb42456116b5b2cd748bb70d
raw/pilot_100_fallback_20260801T180205Z/correctness/columba/pilot/chr22_100_guide_022/command.txt	566	6b4efbf55dd6e3bf25a65b5e28b7a2092729c8bb72fffea26760e282eea23625
raw/pilot_100_fallback_20260801T180205Z/correctness/columba/pilot/chr22_100_guide_022/metrics.tsv	297	bedbde48e4f4ae8b2136790be95db164d2fcd3d46a326f18e890a215a21cbab2
raw/pilot_100_fallback_20260801T180205Z/correctness/columba/pilot/chr22_100_guide_022/output.paf	105	6b72b7d58a6bb9700568183d8342e8f3bc79c45ffa1f7e46c161effbf9985c5d
raw/pilot_100_fallback_20260801T180205Z/correctness/columba/pilot/chr22_100_guide_022/stderr.txt	592188	1bdc42a6859b8b52c1db369907a7439fdf814d31ad0591c6948691ed396edcd1
raw/pilot_100_fallback_20260801T180205Z/correctness/columba/pilot/chr22_100_guide_023/command.txt	566	70ccd8838041ffb2b91a0368ef5d937990570a77e556ba08b90bf9c13cf759b1
raw/pilot_100_fallback_20260801T180205Z/correctness/columba/pilot/chr22_100_guide_023/metrics.tsv	297	62578e4ec2d5583e4c17366e69f093fba1bfa67a981d1fc83afe76c187656883
raw/pilot_100_fallback_20260801T180205Z/correctness/columba/pilot/chr22_100_guide_023/output.paf	15269	13d490936eb128956dcd7744ae65b99655fcac4ad3ba999a6d96498e5f4323b1
raw/pilot_100_fallback_20260801T180205Z/correctness/columba/pilot/chr22_100_guide_023/stderr.txt	7075	ac192c7b6f04bd7ec153ca9deee4b10effcbb4185b9d200c6f35f95533887058
raw/pilot_100_fallback_20260801T180205Z/correctness/columba/pilot/chr22_100_guide_024/command.txt	566	6e346420d30f1215f572c1198ebba67285f3255da0f7399a940e5815edb3d384
raw/pilot_100_fallback_20260801T180205Z/correctness/columba/pilot/chr22_100_guide_024/metrics.tsv	296	9cb0f52a5a6cc8167a576a4bbe0511e219b9717b3e4ada09b7c0a0ef1dc12207
raw/pilot_100_fallback_20260801T180205Z/correctness/columba/pilot/chr22_100_guide_024/output.paf	214	bcee63120e7a1ad9985f53ede79aec2d8e27e6be8190904374c9bd2675cce1d4
raw/pilot_100_fallback_20260801T180205Z/correctness/columba/pilot/chr22_100_guide_024/stderr.txt	89840	20e0d047a90eb941c28e7c3eadd3682e2d2baa7519ca17df715655ce2d25a138
raw/pilot_100_fallback_20260801T180205Z/correctness/columba/pilot/chr22_100_guide_025/command.txt	566	c9d3511d3258b4919e14690f782a111dd5b294b9f7d7f83afbd4fe3c7f861b7c
raw/pilot_100_fallback_20260801T180205Z/correctness/columba/pilot/chr22_100_guide_025/metrics.tsv	300	7b97b87937a4ed79bf075b61ff9cca512b20ad4f6d6c34ef45e564e6d73b4073
raw/pilot_100_fallback_20260801T180205Z/correctness/columba/pilot/chr22_100_guide_025/output.paf	341079	7f78171e7e6e43e57fe0ccabe7cc5e8fc6ad058811ae50a138478aec4dbcd946
raw/pilot_100_fallback_20260801T180205Z/correctness/columba/pilot/chr22_100_guide_025/stderr.txt	756897	a34f27a5f1f0c21115f51c2a00f1de92d7498004bf63229ab020afe0cdc3dd75
raw/pilot_100_fallback_20260801T180205Z/correctness/columba/pilot/chr22_100_guide_026/command.txt	566	13ba028df906384e3b2a1de8a1618c80cdcff5fdbce9f5fe963de5984996dc7b
raw/pilot_100_fallback_20260801T180205Z/correctness/columba/pilot/chr22_100_guide_026/metrics.tsv	298	7607e7a7791fc635879fc7e54429403326345e981ae718229288f4e1c0f33308
raw/pilot_100_fallback_20260801T180205Z/correctness/columba/pilot/chr22_100_guide_026/output.paf	6840	74ee2057f2511f0387c90decf264283593386e47d9b30347bc9921ddcc60dd17
raw/pilot_100_fallback_20260801T180205Z/correctness/columba/pilot/chr22_100_guide_026/stderr.txt	763944	24451543d4981af6965232fc89a42aae084c85b1effd413db55357f5b81b7551
raw/pilot_100_fallback_20260801T180205Z/correctness/columba/pilot/chr22_100_guide_027/command.txt	566	42f11b0ac63b535ebba76e8909b548fac3bfd29f1f9a1e5a2956e3348c124662
raw/pilot_100_fallback_20260801T180205Z/correctness/columba/pilot/chr22_100_guide_027/metrics.tsv	294	5045437209a3e76f0e4d9d82e42895dd47d3428b4ce9cb87c2e7fd3edc26930c
raw/pilot_100_fallback_20260801T180205Z/correctness/columba/pilot/chr22_100_guide_027/output.paf	210	a7610eb051e87a34826545d10fcf8102943e8611a97a657a33ec94ff2afe4c13
raw/pilot_100_fallback_20260801T180205Z/correctness/columba/pilot/chr22_100_guide_027/stderr.txt	470	ca6032de9107568e011efa775fb138933bc1f4163d835edc39d12e948093dfde
raw/pilot_100_fallback_20260801T180205Z/correctness/columba/pilot/chr22_100_guide_028/command.txt	566	7e1a39c18a8234e4b77a15c338fb0b22f0d2e1ef98eaef93cbe5df88a9e50da9
raw/pilot_100_fallback_20260801T180205Z/correctness/columba/pilot/chr22_100_guide_028/metrics.tsv	299	e4ff82cd45e759a1f61fca908b9af59a96f14b32e3d9d49575d5ec7f8368b833
raw/pilot_100_fallback_20260801T180205Z/correctness/columba/pilot/chr22_100_guide_028/output.paf	214107	ccbb10c6b39950ff1a609a7c093affb95e09b093f31339b79eb9e55af9bea14f
raw/pilot_100_fallback_20260801T180205Z/correctness/columba/pilot/chr22_100_guide_028/stderr.txt	26540	6ab1cb25283fe19a6bfd4fcd5c48da2d87969a73970cab771254caf7f66a6287
raw/pilot_100_fallback_20260801T180205Z/correctness/columba/pilot/chr22_100_guide_029/command.txt	566	8d93322f79c278600132fcd48cbcf81a163d9b58a1b21fc80d646b44faef009e
raw/pilot_100_fallback_20260801T180205Z/correctness/columba/pilot/chr22_100_guide_029/metrics.tsv	299	0c79ba7fcda97d22cb788996e592270953343c9973a8631d7e719e11f5119655
raw/pilot_100_fallback_20260801T180205Z/correctness/columba/pilot/chr22_100_guide_029/output.paf	199216	023a0db1667cffab02ece840deaeba274e313dbe75e80a569d4eb1e108049a70
raw/pilot_100_fallback_20260801T180205Z/correctness/columba/pilot/chr22_100_guide_029/stderr.txt	27636	d4e0a36311e4ca8e67b4e69d062e253606ee8ba50c03ffb98d71774fa810bdfb
raw/pilot_100_fallback_20260801T180205Z/correctness/columba/pilot/chr22_100_guide_030/command.txt	566	cf119fedaebf729a33ac282a4330e0dd7223f4db1879660848aa9e0a26c7948a
raw/pilot_100_fallback_20260801T180205Z/correctness/columba/pilot/chr22_100_guide_030/metrics.tsv	300	4a5be2057168e953df0a6be9de3d15a15e662bbd98a420e6a0c03377f5a8f7cb
raw/pilot_100_fallback_20260801T180205Z/correctness/columba/pilot/chr22_100_guide_030/output.paf	226228	e96360b064c516b87fc1693427dead08c7b0c7e111a9ad12d3d41bda12ba3e0e
raw/pilot_100_fallback_20260801T180205Z/correctness/columba/pilot/chr22_100_guide_030/stderr.txt	273205	dcd1a0046df890a8b3a39f7884dafa87cf0c672958395ee079ca311c62f39e1c
raw/pilot_100_fallback_20260801T180205Z/correctness/columba/pilot/chr22_100_guide_031/command.txt	566	b5434d72923f8388a240772e19851d5e85c18a398dfceb2c0f93d2578e8281d0
raw/pilot_100_fallback_20260801T180205Z/correctness/columba/pilot/chr22_100_guide_031/metrics.tsv	297	1d3eae00e479c941dd148977b8f0108f9390152d2808fe750b0ee7c5dfd85efe
raw/pilot_100_fallback_20260801T180205Z/correctness/columba/pilot/chr22_100_guide_031/output.paf	214	5d5573821365e7bc8b578e4c8587ad85cc0ce7e73cc826859074ffc07c945a42
raw/pilot_100_fallback_20260801T180205Z/correctness/columba/pilot/chr22_100_guide_031/stderr.txt	401466	6d757fd7aeea9c62de2f65f7620c111ca2fee818c410d59cbc0beeac17789d75
raw/pilot_100_fallback_20260801T180205Z/correctness/columba/pilot/chr22_100_guide_032/command.txt	566	a6d4f5842b6d815b23b00e503451167f35aff4d342ba07f76998d8b72ea93dab
raw/pilot_100_fallback_20260801T180205Z/correctness/columba/pilot/chr22_100_guide_032/metrics.tsv	294	c81f1d63f0fdc9f45fe8ef129c3020a5ec308beb673843ae764b4d0718d21325
raw/pilot_100_fallback_20260801T180205Z/correctness/columba/pilot/chr22_100_guide_032/output.paf	105	c25a6440be62186e25b0f165358d0d0900b923751f80af6ee5c27f0f29a85af6
raw/pilot_100_fallback_20260801T180205Z/correctness/columba/pilot/chr22_100_guide_032/stderr.txt	188	5bcc52812e3cd79f2c949096180d3f1ac01ae06d29eea04285bba87168ded8f9
raw/pilot_100_fallback_20260801T180205Z/correctness/columba/pilot/chr22_100_guide_033/command.txt	566	434733e1a3839dc4164adf8af4f6ab33375579bb27b5f6c6814f2e0e39dcc26e
raw/pilot_100_fallback_20260801T180205Z/correctness/columba/pilot/chr22_100_guide_033/metrics.tsv	294	98ee641691f96d08409fdde9ff8dee8b10e0be96f5bc24bdd22204a83bc33f19
raw/pilot_100_fallback_20260801T180205Z/correctness/columba/pilot/chr22_100_guide_033/output.paf	105	0effc63d85fa97f691908ce0321ab857ae6f08fabd2480f35c83ff81e76c9f0e
raw/pilot_100_fallback_20260801T180205Z/correctness/columba/pilot/chr22_100_guide_033/stderr.txt	656	6be499e878bb8835b2d0095d754911ca511e88d92eb98ee972ab04a1f8c00a0b
raw/pilot_100_fallback_20260801T180205Z/correctness/columba/pilot/chr22_100_guide_034/command.txt	566	4ce1b4c65927cdd6014f6bc301f313a08494b3f8aeb53328c27d47793b6cef2e
raw/pilot_100_fallback_20260801T180205Z/correctness/columba/pilot/chr22_100_guide_034/metrics.tsv	294	416cd899b621f110bca635d940171435b35efa1d09ea5e42428d7171fee11436
raw/pilot_100_fallback_20260801T180205Z/correctness/columba/pilot/chr22_100_guide_034/output.paf	105	b799f84402b88ca7eda644ce1b5b5eb56c02b09c04d62fc51c4c70dc76c6b583
raw/pilot_100_fallback_20260801T180205Z/correctness/columba/pilot/chr22_100_guide_034/stderr.txt	187	4f6dc5b5a164eea9ba79b4a4c7ee686bbb2ef32b24b407949991d9e320496ddb
raw/pilot_100_fallback_20260801T180205Z/correctness/columba/pilot/chr22_100_guide_035/command.txt	566	1dfd64605fdbbfc3767c3f27341d5c28600329a526fd4cf8672d5b7756e3bc60
raw/pilot_100_fallback_20260801T180205Z/correctness/columba/pilot/chr22_100_guide_035/metrics.tsv	297	0231badfea42453538e89270dcf38dcd7b7cef422da41d6c487568745a3ba2f0
raw/pilot_100_fallback_20260801T180205Z/correctness/columba/pilot/chr22_100_guide_035/output.paf	1014	986145a86aa41385a9bbb5cd5338e224f19dc118858eeb759d145e4a054fb385
raw/pilot_100_fallback_20260801T180205Z/correctness/columba/pilot/chr22_100_guide_035/stderr.txt	27131	19a7bce57c2268e495189ce0232b0b13a465741e4349b22a1ea0d29dcc9002df
raw/pilot_100_fallback_20260801T180205Z/correctness/columba/pilot/chr22_100_guide_036/command.txt	566	34446fdba96d2f066083524581067fc03e27f2dd3f3d70048d2a6cb47060508b
raw/pilot_100_fallback_20260801T180205Z/correctness/columba/pilot/chr22_100_guide_036/metrics.tsv	293	f3dafcfe13487bb415d6d7ca4dded3043fac286a60110f5c18273bf4169407dd
raw/pilot_100_fallback_20260801T180205Z/correctness/columba/pilot/chr22_100_guide_036/output.paf	105	d902219eeefe3ff64202f082d0493776f51eb4ff2b0f1167c0e670f923533dc4
raw/pilot_100_fallback_20260801T180205Z/correctness/columba/pilot/chr22_100_guide_036/stderr.txt	94	561879fe16bf8d8d845615014aafa1348557dc2b653402bc983228fe11f91985
raw/pilot_100_fallback_20260801T180205Z/correctness/columba/pilot/chr22_100_guide_037/command.txt	566	beda16c3cbaf1a022fec89d057945cfd8465fa1dfc282b3b74180a64935f42f0
raw/pilot_100_fallback_20260801T180205Z/correctness/columba/pilot/chr22_100_guide_037/metrics.tsv	292	69ed3be0e23c8b4deab22f1ccf3d48a933cf2b737a7b7a723fd3f43c5acb3a49
raw/pilot_100_fallback_20260801T180205Z/correctness/columba/pilot/chr22_100_guide_037/output.paf	105	87a59470956d0b27daf38e5e39ded5e150cdea0e868b3bb38ed13ec71694f010
raw/pilot_100_fallback_20260801T180205Z/correctness/columba/pilot/chr22_100_guide_037/stderr.txt	0	e3b0c44298fc1c149afbf4c8996fb92427ae41e4649b934ca495991b7852b855
raw/pilot_100_fallback_20260801T180205Z/correctness/columba/pilot/chr22_100_guide_038/command.txt	566	9c0ec224db1849cbefa2b5764e5537db605396f19a9a7cc317e179e279ebe990
raw/pilot_100_fallback_20260801T180205Z/correctness/columba/pilot/chr22_100_guide_038/metrics.tsv	294	88fb7cc06f9127b0a547a4a5050bdc2b90ead90e271c0ada1b9b6e8ca54b140a
raw/pilot_100_fallback_20260801T180205Z/correctness/columba/pilot/chr22_100_guide_038/output.paf	105	029b4bae64ebbe3decac5715b992bb89ceb0731276cd7cd8566eaca4250537b4
raw/pilot_100_fallback_20260801T180205Z/correctness/columba/pilot/chr22_100_guide_038/stderr.txt	846	d19c36693df71437a3e971b04638d4c55f47a0d94d8887a1c6ebbec6f71e8046
raw/pilot_100_fallback_20260801T180205Z/correctness/columba/pilot/chr22_100_guide_039/command.txt	566	478805a118ab94046408be78b00ea8b9ff3949702199a09f057c45c132eb41a5
raw/pilot_100_fallback_20260801T180205Z/correctness/columba/pilot/chr22_100_guide_039/metrics.tsv	292	f8cc95362755686c59956e12a040f0e874f0278e04d5bc9c82870cbbc6c47299
raw/pilot_100_fallback_20260801T180205Z/correctness/columba/pilot/chr22_100_guide_039/output.paf	105	a699d8af011bf9deb858b41d0fae396d8cff7641f7f0fffbf757531340e4d266
raw/pilot_100_fallback_20260801T180205Z/correctness/columba/pilot/chr22_100_guide_039/stderr.txt	0	e3b0c44298fc1c149afbf4c8996fb92427ae41e4649b934ca495991b7852b855
raw/pilot_100_fallback_20260801T180205Z/correctness/columba/pilot/chr22_100_guide_040/command.txt	566	9e25ca24c617ed46f5e32e55fd503488516868fafc7ca7f3c46549ed25702392
raw/pilot_100_fallback_20260801T180205Z/correctness/columba/pilot/chr22_100_guide_040/metrics.tsv	294	eb3767276cb9f5bcbf698b48ae5c783095f425d9f24723df772ee2b07849c7a1
raw/pilot_100_fallback_20260801T180205Z/correctness/columba/pilot/chr22_100_guide_040/output.paf	105	4390a33a35b7293befeadb9fa60eb9d4727d057633aeb9a93007f6581228ca97
raw/pilot_100_fallback_20260801T180205Z/correctness/columba/pilot/chr22_100_guide_040/stderr.txt	188	7e3c0298e47ada9502fe1ab91e5aed0852345691cf2da9d42a3b3bb1585655fc
raw/pilot_100_fallback_20260801T180205Z/correctness/columba/pilot/chr22_100_guide_041/command.txt	566	89a5d619df2660b972001d0d159c8a01fcc1576f0c09bbd29c7b700ad4072236
raw/pilot_100_fallback_20260801T180205Z/correctness/columba/pilot/chr22_100_guide_041/metrics.tsv	293	74285ba736cd798f5b513422a84d0d5e1dead6ef2016110e11d52e7198033205
raw/pilot_100_fallback_20260801T180205Z/correctness/columba/pilot/chr22_100_guide_041/output.paf	105	3e8108b8109dce3b65881841a62543e3eb3ba821fff9bc76b9b5e43ac8c75d77
raw/pilot_100_fallback_20260801T180205Z/correctness/columba/pilot/chr22_100_guide_041/stderr.txt	94	30d5bd1a2fd8f421e7be29640f109fecf4e022892dc5732c56ef1b76e1f5233b
raw/pilot_100_fallback_20260801T180205Z/correctness/columba/pilot/chr22_100_guide_042/command.txt	566	15e5f721a9d47bcd7e89cc307e577296e5d056ad3d94663a41652d8551c9400f
raw/pilot_100_fallback_20260801T180205Z/correctness/columba/pilot/chr22_100_guide_042/metrics.tsv	292	b5f698a2a68d8ee35cf019f656c5cf40a4657df7eff07e50d00fcddec148337e
raw/pilot_100_fallback_20260801T180205Z/correctness/columba/pilot/chr22_100_guide_042/output.paf	105	5924fcb39f9667884df027edda8f627478be6271057a2d69844c736321e3169f
raw/pilot_100_fallback_20260801T180205Z/correctness/columba/pilot/chr22_100_guide_042/stderr.txt	0	e3b0c44298fc1c149afbf4c8996fb92427ae41e4649b934ca495991b7852b855
raw/pilot_100_fallback_20260801T180205Z/correctness/columba/pilot/chr22_100_guide_043/command.txt	566	b67a6b497e3a6b9bdebb34b5a399c66ef87ede69a75b252be4fab3d258472f2f
raw/pilot_100_fallback_20260801T180205Z/correctness/columba/pilot/chr22_100_guide_043/metrics.tsv	296	96f6aea052893d27ead6f2fbeac85c0ca1c4ddd93a84fd54723c1b04a6404811
raw/pilot_100_fallback_20260801T180205Z/correctness/columba/pilot/chr22_100_guide_043/output.paf	198	0750254d4598a1695dbaade1146e921cf6dab58c8fc5ab334e4e36f882246f3f
raw/pilot_100_fallback_20260801T180205Z/correctness/columba/pilot/chr22_100_guide_043/stderr.txt	23907	f786f22359fb3a2a1769d5d1b500856dc5b1f5bd752fa9b56a6462248899650e
raw/pilot_100_fallback_20260801T180205Z/correctness/columba/pilot/chr22_100_guide_044/command.txt	566	54530671f67746b66d95a33193c18e5abbbd5ce5541084af83255ec6a0ac78ce
raw/pilot_100_fallback_20260801T180205Z/correctness/columba/pilot/chr22_100_guide_044/metrics.tsv	295	6bb0d170e57c40630a448d9bf6490e7fa52e09eb3fb577bd5b143a2488a5e669
raw/pilot_100_fallback_20260801T180205Z/correctness/columba/pilot/chr22_100_guide_044/output.paf	198	fa914a29da8996379fd30ef387eefd7cdc6893880f37a6f45eeedb5b45c937c8
raw/pilot_100_fallback_20260801T180205Z/correctness/columba/pilot/chr22_100_guide_044/stderr.txt	8971	aa527725aa07ee4e1a1873921188b10360514049cf3e6ec4bdf5fc490d38675e
raw/pilot_100_fallback_20260801T180205Z/correctness/columba/pilot/chr22_100_guide_045/command.txt	566	a5dc2c466af134335a0814a6fdc2abbfeea25b3c539a72e90cfd77196bf537a2
raw/pilot_100_fallback_20260801T180205Z/correctness/columba/pilot/chr22_100_guide_045/metrics.tsv	293	f720324e729a660efaa98dcb290466b7137764eabaa649b3f86df1f75c9e0ee7
raw/pilot_100_fallback_20260801T180205Z/correctness/columba/pilot/chr22_100_guide_045/output.paf	105	7e528a989c31c40be279492b74efb2b32bbafcb76168ffa5ecf4da003dd2852c
raw/pilot_100_fallback_20260801T180205Z/correctness/columba/pilot/chr22_100_guide_045/stderr.txt	94	dd567e27451842465f72c8df72e5b23a60f4533474e55b65999ba98af50e5e25
raw/pilot_100_fallback_20260801T180205Z/correctness/columba/pilot/chr22_100_guide_046/command.txt	566	87d7006eff9339b20600f06c4232d644acdcea738e1b21a96f6a8b23acedaf6e
raw/pilot_100_fallback_20260801T180205Z/correctness/columba/pilot/chr22_100_guide_046/metrics.tsv	293	cd57d4bda20fee25ec3750abd5aca411c1bd10f9310a135c26329df7a6fd059a
raw/pilot_100_fallback_20260801T180205Z/correctness/columba/pilot/chr22_100_guide_046/output.paf	105	714554ca8eac6dff9bf1ea7bcd982ded36f466eaa79bea00a33e12ff4252393b
raw/pilot_100_fallback_20260801T180205Z/correctness/columba/pilot/chr22_100_guide_046/stderr.txt	94	32b0fdb408a245e8ea00a9e3729e5f81f9093394a9fdef4348318ec666ad1e55
raw/pilot_100_fallback_20260801T180205Z/correctness/columba/pilot/chr22_100_guide_047/command.txt	566	09a07f9402cbb8f11a93f4619d86a05a1f257ff3e198b47115e26c3ecb6c46ca
raw/pilot_100_fallback_20260801T180205Z/correctness/columba/pilot/chr22_100_guide_047/metrics.tsv	294	69ced739164f7d69c4671eeb2145332c155d48960f7e497611f79307e6ccc397
raw/pilot_100_fallback_20260801T180205Z/correctness/columba/pilot/chr22_100_guide_047/output.paf	105	ca51411298336dbdfe2d1022ed02e74028dfbcd2e0e397a8224fce4f6017af72
raw/pilot_100_fallback_20260801T180205Z/correctness/columba/pilot/chr22_100_guide_047/stderr.txt	282	b76583d8074d81b6123010653d515a4ff97310c43c5bf08081014d9154db7606
raw/pilot_100_fallback_20260801T180205Z/correctness/columba/pilot/chr22_100_guide_048/command.txt	566	013615c7451b42b2e94f086fe08854e475f20dd3d22c9013797b8fc057463758
raw/pilot_100_fallback_20260801T180205Z/correctness/columba/pilot/chr22_100_guide_048/metrics.tsv	292	b8267e5fe6da176d8fd665fc4ae71be2a5c28641017419af5c4c60fd13575704
raw/pilot_100_fallback_20260801T180205Z/correctness/columba/pilot/chr22_100_guide_048/output.paf	105	bc3b9f3f86cc8bbd34d0a114947da783ee284f28a9a17754f8b3028fd08951a9
raw/pilot_100_fallback_20260801T180205Z/correctness/columba/pilot/chr22_100_guide_048/stderr.txt	0	e3b0c44298fc1c149afbf4c8996fb92427ae41e4649b934ca495991b7852b855
raw/pilot_100_fallback_20260801T180205Z/correctness/columba/pilot/chr22_100_guide_049/command.txt	566	8aab2e7241e9a2a123f3def9f000857a2f80382ca271073ee216c231d6d447b7
raw/pilot_100_fallback_20260801T180205Z/correctness/columba/pilot/chr22_100_guide_049/metrics.tsv	294	b02ce50f956b60eab3d3791c6ebf55f9815b87a5daabb7df8b11962da6ec1ef5
raw/pilot_100_fallback_20260801T180205Z/correctness/columba/pilot/chr22_100_guide_049/output.paf	323	00230428f6d63582ec60d092b6bc6c689bf77cb21e9480a627f5e8c16d0dc979
raw/pilot_100_fallback_20260801T180205Z/correctness/columba/pilot/chr22_100_guide_049/stderr.txt	940	42d1ec48cb0493956d77fad00767b6c2fed5e28ca7790d50779e46dd1957fd55
raw/pilot_100_fallback_20260801T180205Z/correctness/columba/pilot/chr22_100_guide_050/command.txt	566	c4ee76804607468ef9600712f44ea93a2312cce48ada62302ef5577876e60bd3
raw/pilot_100_fallback_20260801T180205Z/correctness/columba/pilot/chr22_100_guide_050/metrics.tsv	297	21680b97d980500648d35772b845b92026a1fe5e3ef87fb38d20ec1910b052b4
raw/pilot_100_fallback_20260801T180205Z/correctness/columba/pilot/chr22_100_guide_050/output.paf	7864	dce37de5e1818cdd17e4ee8033bf40efbe0d2c545e9392b2dcc57b55c2826417
raw/pilot_100_fallback_20260801T180205Z/correctness/columba/pilot/chr22_100_guide_050/stderr.txt	97025	25673b27f69837dff68516645411fc0233445a384636410926722510c4091cf8
raw/pilot_100_fallback_20260801T180205Z/correctness/columba/pilot/chr22_100_guide_051/command.txt	566	6930dd10c6a4b90b15bd34111d8bf425357a22fd57a493aa3299b720108e74aa
raw/pilot_100_fallback_20260801T180205Z/correctness/columba/pilot/chr22_100_guide_051/metrics.tsv	293	a65b8a12b59cd35afcc9eee4a196a1584cc0928f268b565a52ca30c84c2895ba
raw/pilot_100_fallback_20260801T180205Z/correctness/columba/pilot/chr22_100_guide_051/output.paf	105	14ef5eacd0519bf8d6f3f1e421b2147ce2cef2d89992ac6bc3c0c6493049fd6f
raw/pilot_100_fallback_20260801T180205Z/correctness/columba/pilot/chr22_100_guide_051/stderr.txt	94	b3f77e03add0f929849c64c186a0f6ee8168522805e29a074a8498ff01f34924
raw/pilot_100_fallback_20260801T180205Z/correctness/columba/pilot/chr22_100_guide_052/command.txt	566	56fcec6ace838c7592226df602b7be1f4a7687b9485435fe9be6e73b08444f71
raw/pilot_100_fallback_20260801T180205Z/correctness/columba/pilot/chr22_100_guide_052/metrics.tsv	293	a873ae46c9cd3edf5fa98c37634a1be9b3153ba813519ea754e8280027169994
raw/pilot_100_fallback_20260801T180205Z/correctness/columba/pilot/chr22_100_guide_052/output.paf	105	b743dcf20b0f8a4d8e1a343b97d48c58a0bc7fc4d1bb2a983a38d2078d740fcd
raw/pilot_100_fallback_20260801T180205Z/correctness/columba/pilot/chr22_100_guide_052/stderr.txt	94	2948117454b190d6eeeaca3bc94a2bf5793d77da14d80a9f2def8405cee8a845
raw/pilot_100_fallback_20260801T180205Z/correctness/columba/pilot/chr22_100_guide_053/command.txt	566	48476778c0a3f35ba869b05bf8bf6b785237f764574c5b20d02bc627fd6fb84e
raw/pilot_100_fallback_20260801T180205Z/correctness/columba/pilot/chr22_100_guide_053/metrics.tsv	293	b7f29c210480a06aeb66f9d3e9f1814ac40a584c0d9149bebd3b273645af31e8
raw/pilot_100_fallback_20260801T180205Z/correctness/columba/pilot/chr22_100_guide_053/output.paf	105	7f92fd7dddc708c2b3ec905f92a74e766b81d6ff9eaf13b4dc9c11ff5e96767a
raw/pilot_100_fallback_20260801T180205Z/correctness/columba/pilot/chr22_100_guide_053/stderr.txt	94	eb38c77d3364d29cf9b4a0c82bd850e49266e1046930de12097b9d1d6f671ebe
raw/pilot_100_fallback_20260801T180205Z/correctness/columba/pilot/chr22_100_guide_054/command.txt	566	e9e3276e6748b10bcfbf0d19b96954bc3988c3aab61428628023340dbff2d19d
raw/pilot_100_fallback_20260801T180205Z/correctness/columba/pilot/chr22_100_guide_054/metrics.tsv	297	186494d871e1315b3174963cfa41030111405833280f3b632490e55a2fb89cfb
raw/pilot_100_fallback_20260801T180205Z/correctness/columba/pilot/chr22_100_guide_054/output.paf	1446	3058fcd54fc966d78fcbca10605d2ef57a8d520fd2d192714139789500cccfed
raw/pilot_100_fallback_20260801T180205Z/correctness/columba/pilot/chr22_100_guide_054/stderr.txt	18972	b11e22db3237d2c4296c631fbac7919ba0f6978dc69402ccbec8cecedb0888da
raw/pilot_100_fallback_20260801T180205Z/correctness/columba/pilot/chr22_100_guide_055/command.txt	566	c1ce6223400c52d529f8dfd61438a711cb00e3bab4d1b781c8468977494db9fe
raw/pilot_100_fallback_20260801T180205Z/correctness/columba/pilot/chr22_100_guide_055/metrics.tsv	294	ae37ec8ba194fee89fb4abf66cdd5f32f3229d5bb5e07a970dc8791f552186a8
raw/pilot_100_fallback_20260801T180205Z/correctness/columba/pilot/chr22_100_guide_055/output.paf	105	a3d6cd5055990fc10a7f55f785689720f3a06133f1b0f4568f98749ce2751038
raw/pilot_100_fallback_20260801T180205Z/correctness/columba/pilot/chr22_100_guide_055/stderr.txt	282	cbf8fe25e09218949637c014c44b0ac6c41b7c9311afed997f16260a3c1fbf6a
raw/pilot_100_fallback_20260801T180205Z/correctness/columba/pilot/chr22_100_guide_056/command.txt	566	8beabd8783755a9d30707f2d2e045d588a57dceb13de2d243acef0cf3ff57b73
raw/pilot_100_fallback_20260801T180205Z/correctness/columba/pilot/chr22_100_guide_056/metrics.tsv	292	7735c4c38e0dfe3a2a0fb4adebfce516e8a41b52eef322c6c32da3e0590f2b16
raw/pilot_100_fallback_20260801T180205Z/correctness/columba/pilot/chr22_100_guide_056/output.paf	105	4a6cdc3b90d2775c2496444fab6f836151cd422ec2c82a9bf758cde5414f2417
raw/pilot_100_fallback_20260801T180205Z/correctness/columba/pilot/chr22_100_guide_056/stderr.txt	0	e3b0c44298fc1c149afbf4c8996fb92427ae41e4649b934ca495991b7852b855
raw/pilot_100_fallback_20260801T180205Z/correctness/columba/pilot/chr22_100_guide_057/command.txt	566	939a79152fdaff1ae639fc8159780cd928c7fc1eee34b839d6e4d6741a853f22
raw/pilot_100_fallback_20260801T180205Z/correctness/columba/pilot/chr22_100_guide_057/metrics.tsv	299	cb776fe30ff5eb308ae729e9bf7fcb638dca623eb4b771eff5f3caa4ff0d2137
raw/pilot_100_fallback_20260801T180205Z/correctness/columba/pilot/chr22_100_guide_057/output.paf	60337	77d45e9f5ee3882ec6330d54e9c5cc3440047ffeae274f559bcd95b1bd3bfae3
raw/pilot_100_fallback_20260801T180205Z/correctness/columba/pilot/chr22_100_guide_057/stderr.txt	285190	2b9901666ce4054a63da25ca6c9450e93992d4499d571856646b5da90316ded1
raw/pilot_100_fallback_20260801T180205Z/correctness/columba/pilot/chr22_100_guide_058/command.txt	566	7eb09ce5de4178d7c4d5aa594ca636f2fb1d8967182a3455f28ac42e2bbc4525
raw/pilot_100_fallback_20260801T180205Z/correctness/columba/pilot/chr22_100_guide_058/metrics.tsv	293	7316c5eaa5c9010c566b71b2988c9e9bfa1a6e1794547a100842711e8e328494
raw/pilot_100_fallback_20260801T180205Z/correctness/columba/pilot/chr22_100_guide_058/output.paf	105	b7517a16df61180265ec10a20cb33a003c3ea568992073591f20e96d81391119
raw/pilot_100_fallback_20260801T180205Z/correctness/columba/pilot/chr22_100_guide_058/stderr.txt	94	b52ea0dac91d497aaec6f642a08329c4472b1d235792c856330e28a7c0b02c57
raw/pilot_100_fallback_20260801T180205Z/correctness/columba/pilot/chr22_100_guide_059/command.txt	566	c3537f828122d28432cb2772f00c70b2a2ee786cc6f3eaa59447bd6088b95563
raw/pilot_100_fallback_20260801T180205Z/correctness/columba/pilot/chr22_100_guide_059/metrics.tsv	293	d26ca77242078b3f7a77eedd80bad13046e71df7ff1210e187640b557cee0e66
raw/pilot_100_fallback_20260801T180205Z/correctness/columba/pilot/chr22_100_guide_059/output.paf	105	a6e8f7dbe8440152b018e778c86e594c220662576f7388bf74086116bfb557b5
raw/pilot_100_fallback_20260801T180205Z/correctness/columba/pilot/chr22_100_guide_059/stderr.txt	94	0125d3c4984bdc22f6fcb221414dd3900ca99fecfcf592d4992e3000caf67fe4
raw/pilot_100_fallback_20260801T180205Z/correctness/columba/pilot/chr22_100_guide_060/command.txt	566	f675caf8479b208360f406ce301af37f1a970747d7605a9cefe149eb906385db
raw/pilot_100_fallback_20260801T180205Z/correctness/columba/pilot/chr22_100_guide_060/metrics.tsv	294	e8b3055b3767764a43f7ffddc40b42dd00678337d23b8dcc8db9aa7d36ca32be
raw/pilot_100_fallback_20260801T180205Z/correctness/columba/pilot/chr22_100_guide_060/output.paf	105	96bacc0c5f62f5ee3cb64d6560e882e64673267447e8714383a4ab744f1c99a8
raw/pilot_100_fallback_20260801T180205Z/correctness/columba/pilot/chr22_100_guide_060/stderr.txt	932	ccbb31fe1ebb9328fe27201916e87bd7c24b711b7b0b063a7f477755fe73cf70
raw/pilot_100_fallback_20260801T180205Z/correctness/columba/pilot/chr22_100_guide_061/command.txt	566	650f4a13a507d96048e121012f990c63693293901f36d8425e7b722d48b66b06
raw/pilot_100_fallback_20260801T180205Z/correctness/columba/pilot/chr22_100_guide_061/metrics.tsv	294	a3a127ec38af03a7de6d700209443dbf17e744a2d44b1f25b9645241cb971cdc
raw/pilot_100_fallback_20260801T180205Z/correctness/columba/pilot/chr22_100_guide_061/output.paf	105	9246314add68bcb309196485353ca32264aa9d97b65d40e3825659e7fa9e07c5
raw/pilot_100_fallback_20260801T180205Z/correctness/columba/pilot/chr22_100_guide_061/stderr.txt	188	12cf0f82ebccaab6f5456eda16e6f1aa1c8c09e0e0b6bfe076d282d5294656c8
raw/pilot_100_fallback_20260801T180205Z/correctness/columba/pilot/chr22_100_guide_062/command.txt	566	a171f4906b917c9444cb15e384cf94bd72bb1f50e60d9c439fe183380f9af0c5
raw/pilot_100_fallback_20260801T180205Z/correctness/columba/pilot/chr22_100_guide_062/metrics.tsv	292	d8f617562a4c2028cd50f2c1c83e11be9671a99f11da6262fb9e56a3a18781c8
raw/pilot_100_fallback_20260801T180205Z/correctness/columba/pilot/chr22_100_guide_062/output.paf	105	4832e7aa711ccdac22496f6cb8a979eec30369c372fca1b6aba1e3edfb12e8a1
raw/pilot_100_fallback_20260801T180205Z/correctness/columba/pilot/chr22_100_guide_062/stderr.txt	0	e3b0c44298fc1c149afbf4c8996fb92427ae41e4649b934ca495991b7852b855
raw/pilot_100_fallback_20260801T180205Z/correctness/columba/pilot/chr22_100_guide_063/command.txt	566	8763348e45d4d4c45c8cef4948b1fd06ac339aadcc02d5a956f282c1ac0c35ef
raw/pilot_100_fallback_20260801T180205Z/correctness/columba/pilot/chr22_100_guide_063/metrics.tsv	293	e57edb5632eaa18f558759a69f4cfd3194fe0b61f52dd7505053fb578290538b
raw/pilot_100_fallback_20260801T180205Z/correctness/columba/pilot/chr22_100_guide_063/output.paf	105	c4ca7ddc636638d7005d3e187756ba84185296e1c2585b41d0a7a856e2606213
raw/pilot_100_fallback_20260801T180205Z/correctness/columba/pilot/chr22_100_guide_063/stderr.txt	94	696e651629a088ed51fa18bf92752b7cebcc5231944eb0da133c1b9ea7800ae7
raw/pilot_100_fallback_20260801T180205Z/correctness/columba/pilot/chr22_100_guide_064/command.txt	566	cbfa779c953bf1b574cb41e057ec20878b0869a63cd3d04f0cd6279b249ef292
raw/pilot_100_fallback_20260801T180205Z/correctness/columba/pilot/chr22_100_guide_064/metrics.tsv	294	49a175f6cce37d442ee85c72512970faec6d8b0c9a8ecf91ee037d778cfba95b
raw/pilot_100_fallback_20260801T180205Z/correctness/columba/pilot/chr22_100_guide_064/output.paf	105	b38f02456f345d872287da7f74b53691b169eb255cc35d11d103c308c700d2eb
raw/pilot_100_fallback_20260801T180205Z/correctness/columba/pilot/chr22_100_guide_064/stderr.txt	282	80ee862860c0660e526ecb32b831aefab1ec8d289bb9d77c6b7b292513f4e728
raw/pilot_100_fallback_20260801T180205Z/correctness/columba/pilot/chr22_100_guide_065/command.txt	566	cd8bea7ad0302bb53f4545cde2f35efde24f2fb175dfc2c4ed9246058809a00d
raw/pilot_100_fallback_20260801T180205Z/correctness/columba/pilot/chr22_100_guide_065/metrics.tsv	292	964ea8cd1a894e76d69c5e8a14831e81f74bc9d3771d2cdcbc0ebc96f3392093
raw/pilot_100_fallback_20260801T180205Z/correctness/columba/pilot/chr22_100_guide_065/output.paf	105	4a6f7a313e251182f276be210f99075cb7bfa5275fa278d132ac27df6e713db1
raw/pilot_100_fallback_20260801T180205Z/correctness/columba/pilot/chr22_100_guide_065/stderr.txt	0	e3b0c44298fc1c149afbf4c8996fb92427ae41e4649b934ca495991b7852b855
raw/pilot_100_fallback_20260801T180205Z/correctness/columba/pilot/chr22_100_guide_066/command.txt	566	c69994929b6770cb304fdeac6afc4e19a288b04c9df37b0b524f6678ae4d6c60
raw/pilot_100_fallback_20260801T180205Z/correctness/columba/pilot/chr22_100_guide_066/metrics.tsv	293	17909d452609e653cfd2e6c114ed0139ae66b0d3d137ef462fb7ce1e5d2bee9c
raw/pilot_100_fallback_20260801T180205Z/correctness/columba/pilot/chr22_100_guide_066/output.paf	105	4802296ebbba9922a4ece696902be06427691049808ba406ed873a9a4a219f9c
raw/pilot_100_fallback_20260801T180205Z/correctness/columba/pilot/chr22_100_guide_066/stderr.txt	94	5f467778f752a1aaed5df46d05a9a1b73450c302e12b8f1f7e33ddf845f2077e
raw/pilot_100_fallback_20260801T180205Z/correctness/columba/pilot/chr22_100_guide_067/command.txt	566	1b1523f9c92f86af9cfe29cb89d4261c92b593a6c7fc810de26996f588036e43
raw/pilot_100_fallback_20260801T180205Z/correctness/columba/pilot/chr22_100_guide_067/metrics.tsv	294	669757526d7b0565dcd76bb6961f765aad28f0a784220e4281cb56219ea4ca29
raw/pilot_100_fallback_20260801T180205Z/correctness/columba/pilot/chr22_100_guide_067/output.paf	105	0229a4fc79d3d37ddda05a4910899ff60fcd29aa41d3690d08b235deae1dd329
raw/pilot_100_fallback_20260801T180205Z/correctness/columba/pilot/chr22_100_guide_067/stderr.txt	282	53b771ffaca11cb96d720daf7c16129376f1614689ba28d188fa0d0308cc5d07
raw/pilot_100_fallback_20260801T180205Z/correctness/columba/pilot/chr22_100_guide_068/command.txt	566	b4f95c6280b1a4dc349971cca88c87fd6230df502fa8f9023aa12bfe754f76e7
raw/pilot_100_fallback_20260801T180205Z/correctness/columba/pilot/chr22_100_guide_068/metrics.tsv	294	21f01a24498db5388e3ff38d04d1a93b0418d545f659bb6367c1e56694662c5f
raw/pilot_100_fallback_20260801T180205Z/correctness/columba/pilot/chr22_100_guide_068/output.paf	214	d39c5b6762aa09453e14f55e106ab300ceb4955ee3d73b381937cbf2220ed042
raw/pilot_100_fallback_20260801T180205Z/correctness/columba/pilot/chr22_100_guide_068/stderr.txt	188	fc6bbc4c65e692473cbf32ff151557635e2d1dd99e4b69c5ee3da000a109cea9
raw/pilot_100_fallback_20260801T180205Z/correctness/columba/pilot/chr22_100_guide_069/command.txt	566	6ab248107276765722b8a3fdbe4c32639a5386a8a99ebb56c252f33b45d836de
raw/pilot_100_fallback_20260801T180205Z/correctness/columba/pilot/chr22_100_guide_069/metrics.tsv	294	ff4ca88fedf2f9fa0dbb2014036d7c7d61eff1841da9e2d838982e2039a5f276
raw/pilot_100_fallback_20260801T180205Z/correctness/columba/pilot/chr22_100_guide_069/output.paf	105	77885b288a794217926cbdc3f9557271a5584ca0a3525a33368ba9dfa0f79c36
raw/pilot_100_fallback_20260801T180205Z/correctness/columba/pilot/chr22_100_guide_069/stderr.txt	470	5d430161443a2a46da19dfd91300b023436381d8acde81bd4858cc16663951ac
raw/pilot_100_fallback_20260801T180205Z/correctness/columba/pilot/chr22_100_guide_070/command.txt	566	3e50a90b55d592389b4d53c90eb7f4f4ac764beaebd77db60eb82cbf62079482
raw/pilot_100_fallback_20260801T180205Z/correctness/columba/pilot/chr22_100_guide_070/metrics.tsv	293	4028001fd628d972ed7479d0bd2d9ebfa4c7c3acbf3871a7b8493c743924eda4
raw/pilot_100_fallback_20260801T180205Z/correctness/columba/pilot/chr22_100_guide_070/output.paf	105	555a66e1753526673117e366fb233c844df0cfc38a64971866528e20e52f4ca2
raw/pilot_100_fallback_20260801T180205Z/correctness/columba/pilot/chr22_100_guide_070/stderr.txt	94	daf225fd739240830663f4f6fa1add420c3d409ae734e31ecd3e9a98f65456bd
raw/pilot_100_fallback_20260801T180205Z/correctness/columba/pilot/chr22_100_guide_071/command.txt	566	cf3d3efc4290dcac6538399bcdb35e7649abd5a1bb77134f82032d399cfc2cd2
raw/pilot_100_fallback_20260801T180205Z/correctness/columba/pilot/chr22_100_guide_071/metrics.tsv	292	2ef0bea60d1ba0c5d88b4a9271e5fd334188131a4c659cdcbe6f350d8cfc1555
raw/pilot_100_fallback_20260801T180205Z/correctness/columba/pilot/chr22_100_guide_071/output.paf	105	db50066ab5215e0ab40715d3e84c765c47977eb5d92e2f74fef9a37ee0c19f96
raw/pilot_100_fallback_20260801T180205Z/correctness/columba/pilot/chr22_100_guide_071/stderr.txt	0	e3b0c44298fc1c149afbf4c8996fb92427ae41e4649b934ca495991b7852b855
raw/pilot_100_fallback_20260801T180205Z/correctness/columba/pilot/chr22_100_guide_072/command.txt	566	094ffe4630fe361070d84d4d80c4f5bbfa18cfafddd156b27194d89d96fd10ea
raw/pilot_100_fallback_20260801T180205Z/correctness/columba/pilot/chr22_100_guide_072/metrics.tsv	294	491c938aca93611cd23f5bf5120e2f1d4ca24569c86afedcd7a14e82edb892c6
raw/pilot_100_fallback_20260801T180205Z/correctness/columba/pilot/chr22_100_guide_072/output.paf	105	a7389bd954eaa7a8f7c3e448a2ff3a3f4ef011b680d833fad933fd884d099eca
raw/pilot_100_fallback_20260801T180205Z/correctness/columba/pilot/chr22_100_guide_072/stderr.txt	282	9b7501725ac0e846ebbf11d00696dd347ff96cf1e9b93286935af165a5a8fa66
raw/pilot_100_fallback_20260801T180205Z/correctness/columba/pilot/chr22_100_guide_073/command.txt	566	eba1264cf9013d38525c2d30bcf23d12aa2915d02fc0212879ab1e5d20bb5fc4
raw/pilot_100_fallback_20260801T180205Z/correctness/columba/pilot/chr22_100_guide_073/metrics.tsv	293	8c6b87a656f00c92d535398ac66e794052ea2ee54ab8daa2232a122121717aa7
raw/pilot_100_fallback_20260801T180205Z/correctness/columba/pilot/chr22_100_guide_073/output.paf	105	850390cf00e784716c531f5e64380876ff07596af289e7ba34bc096bff075ecc
raw/pilot_100_fallback_20260801T180205Z/correctness/columba/pilot/chr22_100_guide_073/stderr.txt	94	f44e84d998c57621965bbb72ae37ec201bf3185e3f28563924ad182f849d8046
raw/pilot_100_fallback_20260801T180205Z/correctness/columba/pilot/chr22_100_guide_074/command.txt	566	1de414c580ca4646dae0aea0ec19ffe2efd70be71594dfa9581396a7bf5bbd4f
raw/pilot_100_fallback_20260801T180205Z/correctness/columba/pilot/chr22_100_guide_074/metrics.tsv	298	71385c33ff94654b3a3be95c309a5bf96216ce1a0faa0e7aaca1cee2c1c04e27
raw/pilot_100_fallback_20260801T180205Z/correctness/columba/pilot/chr22_100_guide_074/output.paf	1529	76a6c31466fe8a92224b497f48d2a2b9c37e70f1819d8dbfb848d4f9edb761fa
raw/pilot_100_fallback_20260801T180205Z/correctness/columba/pilot/chr22_100_guide_074/stderr.txt	105419	5d8c3c5262e38d7dcf79bb590cb26e9f2d0dcf06deb7d1592a9870792a22513e
raw/pilot_100_fallback_20260801T180205Z/correctness/columba/pilot/chr22_100_guide_075/command.txt	566	98658e1f73bdf5d075e4a24f6a1098b56c3aba0440255c52455a073c4450183d
raw/pilot_100_fallback_20260801T180205Z/correctness/columba/pilot/chr22_100_guide_075/metrics.tsv	298	0ad16139934ac0e928e2a625e908513640bef71fe2067b48137a0ae43655bed2
raw/pilot_100_fallback_20260801T180205Z/correctness/columba/pilot/chr22_100_guide_075/output.paf	70824	8cd88d35a6239e28f2d4fbc087a6b9692a349aea3a2e67d683ea11cc00b840b9
raw/pilot_100_fallback_20260801T180205Z/correctness/columba/pilot/chr22_100_guide_075/stderr.txt	99365	ae0d360083b0af56bd11fb704abe24935addb611a3312190e66090cd83bd6649
raw/pilot_100_fallback_20260801T180205Z/correctness/columba/pilot/chr22_100_guide_076/command.txt	566	87f7dcb24038b78b26f44b74116c77e21deac72c253eb35c7be0d7648be62d64
raw/pilot_100_fallback_20260801T180205Z/correctness/columba/pilot/chr22_100_guide_076/metrics.tsv	298	ec2f8bf59b70c5f660f1dcb0c671ae2e67d408287dcdc6a29ede37df17cd1cd4
raw/pilot_100_fallback_20260801T180205Z/correctness/columba/pilot/chr22_100_guide_076/output.paf	3832	a3708319d6d4098cc051809e3fc924b4e19fa417c7730648eec2d9aff2c6874f
raw/pilot_100_fallback_20260801T180205Z/correctness/columba/pilot/chr22_100_guide_076/stderr.txt	226653	cb3d9fed22603537236f05dd51494a2dd8aff4f617ef543b45f73896a1ee5453
raw/pilot_100_fallback_20260801T180205Z/correctness/columba/pilot/chr22_100_guide_077/command.txt	566	e9695feb5898e638ab32195c49ff76b873f8dc943737ca1979ee8c1b4ec12301
raw/pilot_100_fallback_20260801T180205Z/correctness/columba/pilot/chr22_100_guide_077/metrics.tsv	293	e8003cad6026ece3b8da50d8b0d32120ce4782d299c129be437728b7646bcf7d
raw/pilot_100_fallback_20260801T180205Z/correctness/columba/pilot/chr22_100_guide_077/output.paf	105	e3869c3952dd0b0eb3e37141b1040c6f25b82c4e398011436f2219c75f8febe8
raw/pilot_100_fallback_20260801T180205Z/correctness/columba/pilot/chr22_100_guide_077/stderr.txt	94	b9c553e0ccfe2ce660998762584c8775fddbac678c08f7828037c9b6239ea576
raw/pilot_100_fallback_20260801T180205Z/correctness/columba/pilot/chr22_100_guide_078/command.txt	566	f9c7351bcc66b75e96ec02ff0802506b5e2eec8a2d9441060693a17c153c38a2
raw/pilot_100_fallback_20260801T180205Z/correctness/columba/pilot/chr22_100_guide_078/metrics.tsv	292	7a7d48ccecaefb48caf068fbce6647ae987aa3db3d0a8cc01f8ce3badfe0f9bd
raw/pilot_100_fallback_20260801T180205Z/correctness/columba/pilot/chr22_100_guide_078/output.paf	105	b32f95b3659bdf5efde0a545c93605a84811e1f51637e98948f88b66e0c918a9
raw/pilot_100_fallback_20260801T180205Z/correctness/columba/pilot/chr22_100_guide_078/stderr.txt	0	e3b0c44298fc1c149afbf4c8996fb92427ae41e4649b934ca495991b7852b855
raw/pilot_100_fallback_20260801T180205Z/correctness/columba/pilot/chr22_100_guide_079/command.txt	566	8ea7de91065d96cb7237ab072a8256cdc57cdf37a3558a1dd7fd031b56a7bdeb
raw/pilot_100_fallback_20260801T180205Z/correctness/columba/pilot/chr22_100_guide_079/metrics.tsv	294	a6b3c71845f9764ad2b3fdd595d65e6ed796c96d899cf0040689fd2660fdb3ef
raw/pilot_100_fallback_20260801T180205Z/correctness/columba/pilot/chr22_100_guide_079/output.paf	105	3719b9c87eb26bae46571444132aecd72ec6971081ed8592128ac8081655f637
raw/pilot_100_fallback_20260801T180205Z/correctness/columba/pilot/chr22_100_guide_079/stderr.txt	188	ba8e3024a8dbd3ab92f3c3efd62af4339a44a56f1d02bd2d31d752a8b26c0e77
raw/pilot_100_fallback_20260801T180205Z/correctness/columba/pilot/chr22_100_guide_080/command.txt	566	2d4beb5215dc7bb7ae5ee9b27f218d9dcc93a4842d23a09fe9e71372bcb574ab
raw/pilot_100_fallback_20260801T180205Z/correctness/columba/pilot/chr22_100_guide_080/metrics.tsv	293	56b14270629d5be4cf7e031eb93622203e946f33e59dc0d6a7e3461df7721cd5
raw/pilot_100_fallback_20260801T180205Z/correctness/columba/pilot/chr22_100_guide_080/output.paf	105	5c9d989f365df1d424483a28cbc77093b089ff7ebee8cd46972f309ff0b6db17
raw/pilot_100_fallback_20260801T180205Z/correctness/columba/pilot/chr22_100_guide_080/stderr.txt	94	2f17411719ddcf823a39fa8532b48978e18ea71b4f65cc71e1b1d51840c18def
raw/pilot_100_fallback_20260801T180205Z/correctness/columba/pilot/chr22_100_guide_081/command.txt	566	edea278b4b049a5340bb5c50fc2d230e91dcfde3ecd1f021aa9d84b5570318b2
raw/pilot_100_fallback_20260801T180205Z/correctness/columba/pilot/chr22_100_guide_081/metrics.tsv	292	058feda1afda8828e7ac7bcbc7f6ce043e49fb7952713525c9becba788d3db77
raw/pilot_100_fallback_20260801T180205Z/correctness/columba/pilot/chr22_100_guide_081/output.paf	105	60f8b2bdc588b6b13527c78acc609879caa8defea9c72ada132dee63d52ad9bf
raw/pilot_100_fallback_20260801T180205Z/correctness/columba/pilot/chr22_100_guide_081/stderr.txt	0	e3b0c44298fc1c149afbf4c8996fb92427ae41e4649b934ca495991b7852b855
raw/pilot_100_fallback_20260801T180205Z/correctness/columba/pilot/chr22_100_guide_082/command.txt	566	8d8ee63c2dc3597eb4d53ab55f7bd7f259286db993286b37bd5b9449ec608352
raw/pilot_100_fallback_20260801T180205Z/correctness/columba/pilot/chr22_100_guide_082/metrics.tsv	292	2bccb2c5bfbbca99b6901a87480904d8f9060e7738cd99312d4bfdfcf3e7ec47
raw/pilot_100_fallback_20260801T180205Z/correctness/columba/pilot/chr22_100_guide_082/output.paf	105	8aa0d629b648d54d65dead9f626b4f79b04416d14abcb761ce6f8afd4c8d5a02
raw/pilot_100_fallback_20260801T180205Z/correctness/columba/pilot/chr22_100_guide_082/stderr.txt	0	e3b0c44298fc1c149afbf4c8996fb92427ae41e4649b934ca495991b7852b855
raw/pilot_100_fallback_20260801T180205Z/correctness/columba/pilot/chr22_100_guide_083/command.txt	566	265dab80c13692588576635f415fb6f819f737e48546a4f351922e056f63a6d4
raw/pilot_100_fallback_20260801T180205Z/correctness/columba/pilot/chr22_100_guide_083/metrics.tsv	295	0a1013e70d8efe16938bdc0478768b90bfca683d186540bf9061c216b46f311c
raw/pilot_100_fallback_20260801T180205Z/correctness/columba/pilot/chr22_100_guide_083/output.paf	105	1da030b92202db00fdf4fa746fa0de1c56a74c6415d7abf8e6e634730c0990ca
raw/pilot_100_fallback_20260801T180205Z/correctness/columba/pilot/chr22_100_guide_083/stderr.txt	3477	e8d6de60c3ba05b27001c144755f4d3ad082de5cdf0fdf5e9cf6b7717422195e
raw/pilot_100_fallback_20260801T180205Z/correctness/columba/pilot/chr22_100_guide_084/command.txt	566	652cf2a3baf6abf7fca52799913ebc1e19a0496d559a3709599e2e145044eed8
raw/pilot_100_fallback_20260801T180205Z/correctness/columba/pilot/chr22_100_guide_084/metrics.tsv	298	a2253fd89ce61a8e0267dc5d32d3e13c2e3516f9127f1f4563263b5b23b0b70e
raw/pilot_100_fallback_20260801T180205Z/correctness/columba/pilot/chr22_100_guide_084/output.paf	5945	3d5c5eea17a8aa3a8f994922ea224d56786739f5f0a5310fdde2fb172a35766e
raw/pilot_100_fallback_20260801T180205Z/correctness/columba/pilot/chr22_100_guide_084/stderr.txt	152617	2a914062b2e61c0fc83bf7fd2ab17483db18f0ba4c11d5d51cac16a335f4a276
raw/pilot_100_fallback_20260801T180205Z/correctness/columba/pilot/chr22_100_guide_085/command.txt	566	c35c3ed68b7b3ec3e66308379e99e66e1aa9e45d56a2aad753bb40f887fb41f7
raw/pilot_100_fallback_20260801T180205Z/correctness/columba/pilot/chr22_100_guide_085/metrics.tsv	292	fc87cb2d8c80a826801b02657b0079770802759a912fd3b2521a1ef56ff98784
raw/pilot_100_fallback_20260801T180205Z/correctness/columba/pilot/chr22_100_guide_085/output.paf	105	886f21508ef43139da65b3307d412b9c43af12390fb60b152be51f2961337117
raw/pilot_100_fallback_20260801T180205Z/correctness/columba/pilot/chr22_100_guide_085/stderr.txt	0	e3b0c44298fc1c149afbf4c8996fb92427ae41e4649b934ca495991b7852b855
raw/pilot_100_fallback_20260801T180205Z/correctness/columba/pilot/chr22_100_guide_086/command.txt	566	c956abb4db5d46c3fae1578ba5adbeb3e399ad25084a0984a122ca3a62d0db46
raw/pilot_100_fallback_20260801T180205Z/correctness/columba/pilot/chr22_100_guide_086/metrics.tsv	294	42dad36b165e7d529accdd6e2adf10957e1fac3dbc4ab34b0dace2e1a575d523
raw/pilot_100_fallback_20260801T180205Z/correctness/columba/pilot/chr22_100_guide_086/output.paf	105	b49d937c3f713b95c07b0df4983659c5531f5062b2c8b309c93edf95c5d33253
raw/pilot_100_fallback_20260801T180205Z/correctness/columba/pilot/chr22_100_guide_086/stderr.txt	281	fe8b505978787bbd7a6d3b5268bab52bb800793326eda2f064520359431dd393
raw/pilot_100_fallback_20260801T180205Z/correctness/columba/pilot/chr22_100_guide_087/command.txt	566	c1b44b1cfb9abb07528060f7b65b22634376a03df1e64d63dcbd991d5e09bb2e
raw/pilot_100_fallback_20260801T180205Z/correctness/columba/pilot/chr22_100_guide_087/metrics.tsv	297	0b79a073355173facecc0fb00939e007e6f5ca7f7101c4ed7c85e0ddba6761cb
raw/pilot_100_fallback_20260801T180205Z/correctness/columba/pilot/chr22_100_guide_087/output.paf	537	7299c25e9e9229b69fae4918dbd7a3d10cf292aa3a5ae9e727231b52918c4ec1
raw/pilot_100_fallback_20260801T180205Z/correctness/columba/pilot/chr22_100_guide_087/stderr.txt	124597	e022cf39cf254e9d5e76a228fc4449c3751d849c1fa8e8eb5b7d348ead9de8a8
raw/pilot_100_fallback_20260801T180205Z/correctness/columba/pilot/chr22_100_guide_088/command.txt	566	77114703b970f8f9941648271a04fc172d15df91fc3d72635a634db9e68ae78a
raw/pilot_100_fallback_20260801T180205Z/correctness/columba/pilot/chr22_100_guide_088/metrics.tsv	294	c4f99a4e76fbaab335e8e23a8f4c0569adec366a57cf8e41b979b5aab5f00607
raw/pilot_100_fallback_20260801T180205Z/correctness/columba/pilot/chr22_100_guide_088/output.paf	105	7b9ea615f9aa7e046adebd0e63adf8ebdc63c09e2a683a13ae5b9e9457fd8152
raw/pilot_100_fallback_20260801T180205Z/correctness/columba/pilot/chr22_100_guide_088/stderr.txt	282	000abe2ead510b1e81f85058fe4a2422bdd56dfa268e082b10ff250075738f0e
raw/pilot_100_fallback_20260801T180205Z/correctness/columba/pilot/chr22_100_guide_089/command.txt	566	cb174a5304d89f52664baefbea68e481d943e4424d74197582aac02b4e4a5d71
raw/pilot_100_fallback_20260801T180205Z/correctness/columba/pilot/chr22_100_guide_089/metrics.tsv	293	b25ada5495b15f58d86f0e50dd787e379a0f2e0c7d0f69f4fea97b4d337ebc8f
raw/pilot_100_fallback_20260801T180205Z/correctness/columba/pilot/chr22_100_guide_089/output.paf	105	790719bd8847db6a942f261864ea37c0ec15f7a4f400e0bd1eaf31a8e659f354
raw/pilot_100_fallback_20260801T180205Z/correctness/columba/pilot/chr22_100_guide_089/stderr.txt	94	5747958b98329bf390adcb88fe0c55df552279978269e4428317edf8497c35fb
raw/pilot_100_fallback_20260801T180205Z/correctness/columba/pilot/chr22_100_guide_090/command.txt	566	97804ea5ccea07c7d3140fe3f7f9435d15f4eb14000d76f6dd3e682137d9d481
raw/pilot_100_fallback_20260801T180205Z/correctness/columba/pilot/chr22_100_guide_090/metrics.tsv	294	87d1dff11df12b0b5ee421503bf05461704a23a2675cd5ebb4b7075b0abf82f1
raw/pilot_100_fallback_20260801T180205Z/correctness/columba/pilot/chr22_100_guide_090/output.paf	105	af0e7d04b9032b6ba55a507cdc6196da5e7f3adbce117a38bb6ba2d2fb078cba
raw/pilot_100_fallback_20260801T180205Z/correctness/columba/pilot/chr22_100_guide_090/stderr.txt	188	bb969d4b02ddd34c284543e306e202b2336d7575aa86daa3e6466757c09fd92b
raw/pilot_100_fallback_20260801T180205Z/correctness/columba/pilot/chr22_100_guide_091/command.txt	566	0d91d0abe127937436cec38cf5c1b8e5e2b01735df65df22d7c6ead878abcfe7
raw/pilot_100_fallback_20260801T180205Z/correctness/columba/pilot/chr22_100_guide_091/metrics.tsv	294	e5eb4c6904e15bd839b364d9f5f814a50cf5b6b222ac909e370591216e6d3985
raw/pilot_100_fallback_20260801T180205Z/correctness/columba/pilot/chr22_100_guide_091/output.paf	214	cf53e5c0ba2549b95ad7cc66f6caa57165a2d7ef971b8448816c1f5189dcba42
raw/pilot_100_fallback_20260801T180205Z/correctness/columba/pilot/chr22_100_guide_091/stderr.txt	376	99ee76e9b64774c9369be8a6f72c896db95e3888b9d30ddcbc455b25e12e4601
raw/pilot_100_fallback_20260801T180205Z/correctness/columba/pilot/chr22_100_guide_092/command.txt	566	82b6bb884dfe7e6ebafb6087ccdcf199d3657098116bab9bd175a99e58d05f2e
raw/pilot_100_fallback_20260801T180205Z/correctness/columba/pilot/chr22_100_guide_092/metrics.tsv	294	40089027234d37a4bb234aa7f5389c6d381b4f9915f596257e2d2c6355b38819
raw/pilot_100_fallback_20260801T180205Z/correctness/columba/pilot/chr22_100_guide_092/output.paf	105	36dc22934c7c02b9c1a4043e7fa71e9fab23fac626842ee0233fa0a19e8a4d8d
raw/pilot_100_fallback_20260801T180205Z/correctness/columba/pilot/chr22_100_guide_092/stderr.txt	282	f9edfd1414c172b5a32e647be62f7efb9a1867b2825caa326cd197691299ad06
raw/pilot_100_fallback_20260801T180205Z/correctness/columba/pilot/chr22_100_guide_093/command.txt	566	75423228da4358cddac92bbb5822ed6e161e55c6642324e65e72684aabe31ab8
raw/pilot_100_fallback_20260801T180205Z/correctness/columba/pilot/chr22_100_guide_093/metrics.tsv	293	58d950e623f48855b208bdf414d2d3a473e0105c1286431e001cb7744630c52c
raw/pilot_100_fallback_20260801T180205Z/correctness/columba/pilot/chr22_100_guide_093/output.paf	105	7c248ba9765e06499bdbdd56fa063150392f57bbcf49d7273e7a34148cb2a14e
raw/pilot_100_fallback_20260801T180205Z/correctness/columba/pilot/chr22_100_guide_093/stderr.txt	94	cb99cf2cb5c76fa9de96c7d214883bdebf51068c4cfea4bec3c2c4a8fda8efb1
raw/pilot_100_fallback_20260801T180205Z/correctness/columba/pilot/chr22_100_guide_094/command.txt	566	1611a9955c028c9e0b50ffbc9c8be9c9c129b9f18b1fed46ad8dc10176612085
raw/pilot_100_fallback_20260801T180205Z/correctness/columba/pilot/chr22_100_guide_094/metrics.tsv	292	0656daa81f3874a8a78fc31f05f4f861e6d20cf4558385556bcc5450b88b6460
raw/pilot_100_fallback_20260801T180205Z/correctness/columba/pilot/chr22_100_guide_094/output.paf	105	b129ef3c4f85946c1752fcdec67457fbfa137faf10c495dcfb79020726f0093a
raw/pilot_100_fallback_20260801T180205Z/correctness/columba/pilot/chr22_100_guide_094/stderr.txt	0	e3b0c44298fc1c149afbf4c8996fb92427ae41e4649b934ca495991b7852b855
raw/pilot_100_fallback_20260801T180205Z/correctness/columba/pilot/chr22_100_guide_095/command.txt	566	b23e9caf78828ea66a5e975d497d0672f697b588e38fbc498b22d0d319f91103
raw/pilot_100_fallback_20260801T180205Z/correctness/columba/pilot/chr22_100_guide_095/metrics.tsv	293	70a19bed0bd400ea0e3f21db902280cff45ead4b17838692ac718a194c9345ba
raw/pilot_100_fallback_20260801T180205Z/correctness/columba/pilot/chr22_100_guide_095/output.paf	214	72cfccdb732c7f835e82aebb76ca4186954ee044989d4d3f165c230249e1ab41
raw/pilot_100_fallback_20260801T180205Z/correctness/columba/pilot/chr22_100_guide_095/stderr.txt	94	8dd8d8e768aa6c5cd7d90852728b3841c27aebb8dbde3dfbf7f30997ce15d157
raw/pilot_100_fallback_20260801T180205Z/correctness/columba/pilot/chr22_100_guide_096/command.txt	566	cc8c07c4d9cdf195933dc528fcd307f7d913356d409af62b2ac24755f5176818
raw/pilot_100_fallback_20260801T180205Z/correctness/columba/pilot/chr22_100_guide_096/metrics.tsv	294	179236dc8067c8cc69cf07df8b2129084f3476e09288fd806bbbeb338b9088a8
raw/pilot_100_fallback_20260801T180205Z/correctness/columba/pilot/chr22_100_guide_096/output.paf	105	66356638d350f202a4fc3653512e2eb61d180a210d3b4874237620fdd88f45ac
raw/pilot_100_fallback_20260801T180205Z/correctness/columba/pilot/chr22_100_guide_096/stderr.txt	376	96e1dce767526b5e03b01ea34764f33de2e58653d775c70a8355e05d5d77a707
raw/pilot_100_fallback_20260801T180205Z/correctness/columba/pilot/chr22_100_guide_097/command.txt	566	e76b33e28d66a2a0ec64cd64199ca3676d87f6718cfa073c2a38746ce3da45e0
raw/pilot_100_fallback_20260801T180205Z/correctness/columba/pilot/chr22_100_guide_097/metrics.tsv	294	83df9d88a0efcb95913a50fb9f03053afac66a12733e6e4d5f174707dd016b48
raw/pilot_100_fallback_20260801T180205Z/correctness/columba/pilot/chr22_100_guide_097/output.paf	105	ec3317eca52cb313be8b742bd84d70d8e9f8f3d3a8dfda83e632d9ec5b3e7472
raw/pilot_100_fallback_20260801T180205Z/correctness/columba/pilot/chr22_100_guide_097/stderr.txt	188	c34143c4b66ce37c239db5fc991d73357da56a527f237f74e6df9d61bb22831f
raw/pilot_100_fallback_20260801T180205Z/correctness/columba/pilot/chr22_100_guide_098/command.txt	566	0c6937bca66d9f73b75c76533cba8aa0fda72dbd5e7c1807d67919aaf4d88501
raw/pilot_100_fallback_20260801T180205Z/correctness/columba/pilot/chr22_100_guide_098/metrics.tsv	296	c9239aa80646ec73d164c725cc0f95b658b2d8e2e2fd9bb482702b3552c63d4b
raw/pilot_100_fallback_20260801T180205Z/correctness/columba/pilot/chr22_100_guide_098/output.paf	905	a016348f37755f8ce13e2e0e89980f934c47f1ed13f33ce69a965f043799e3ea
raw/pilot_100_fallback_20260801T180205Z/correctness/columba/pilot/chr22_100_guide_098/stderr.txt	48723	cf3712505c294ae6537378b91da6f8bca9bb56345e251df5353bc39739d8fd3e
raw/pilot_100_fallback_20260801T180205Z/correctness/columba/pilot/chr22_100_guide_099/command.txt	566	68e5ff2b91e061540d057809e486e1c1bacd48d49a503f8c2ca463ad5ca3f6ae
raw/pilot_100_fallback_20260801T180205Z/correctness/columba/pilot/chr22_100_guide_099/metrics.tsv	295	b7b7116fb34172c00a77f4d309d1ef85c3a7a33efa440bb544296b5611508a9e
raw/pilot_100_fallback_20260801T180205Z/correctness/columba/pilot/chr22_100_guide_099/output.paf	404	b00ff7e072d9842bb0b22f9c6466a689c12afe9775188950e97e7229b6dc8e93
raw/pilot_100_fallback_20260801T180205Z/correctness/columba/pilot/chr22_100_guide_099/stderr.txt	1312	ff5c429edcc84b2bd2955d16c05ac27a1dc11df3ce849c05a33687f69b642bd8
raw/pilot_100_fallback_20260801T180205Z/correctness/columba/pilot/chr22_100_guide_100/command.txt	566	b925859ced49dd9949df5b9ec58d5f62c02c9395b6245f612ec7fc1c15d56407
raw/pilot_100_fallback_20260801T180205Z/correctness/columba/pilot/chr22_100_guide_100/metrics.tsv	294	425fbe95437ff5444a3604dd31e5b3302fdd21e849a558f7aafe5df84ff968df
raw/pilot_100_fallback_20260801T180205Z/correctness/columba/pilot/chr22_100_guide_100/output.paf	214	4bb6e4f08a7316ba26ec3e6f894f79070071b55d78d6c1605a50035d0a1d9c79
raw/pilot_100_fallback_20260801T180205Z/correctness/columba/pilot/chr22_100_guide_100/stderr.txt	188	43c575a7c9c47d3164a453eb851e84a8842b01388a4b2fe7c9503045ddc887e0
raw/pilot_100_fallback_20260801T180205Z/correctness/oracle_columba_rows.tsv	1333106	c57268a59e74de4b45d74fb1d0dfa3e5c1a03ed557db5eb1af60634cf3c152d7
raw/pilot_100_fallback_20260801T180205Z/correctness_summary.tsv	266	43547df3ee5ccdc2c9e2993e522726f53cd123fe6647967bb9fe151c2aa17c5e
raw/pilot_100_fallback_20260801T180205Z/environment.txt	1495	ce24a5447df93bfa29e26db2ead2b45369c950a31f347b76d3e29a57b6f5d29e
raw/pilot_100_fallback_20260801T180205Z/guide_results.tsv	227137	bb7ca3cf4faaaec6f396c785c180d917623f775331ee72346fbe044ee20640b8
raw/pilot_100_fallback_20260801T180205Z/per_guide_correctness.tsv	7154	19742cfb826d5380610a9f439d5fd6654fc38c59271337b9f820b2ff457e5a30
raw/pilot_100_fallback_20260801T180205Z/run_summary.tsv	1390	d276414f947c70538c76a421943217d950a312c68b8fb86f92284c305e21e3ac
raw/pilot_100_fallback_20260801T180205Z/timing/baseline/measured_1/chr22_100_guide_001/command.txt	294	3c9dd3c2caae1a522ea06d5a0d82f82c919b8f6c58f3c7353013c3857d5a052f
raw/pilot_100_fallback_20260801T180205Z/timing/baseline/measured_1/chr22_100_guide_001/metrics.tsv	295	220700530155a6e799810dfb511a88a178b65b137e96c0785da1dc8e0dcda39c
raw/pilot_100_fallback_20260801T180205Z/timing/baseline/measured_1/chr22_100_guide_001/output.paf	192	c9c93b5e3642ad2be4fd3699f495e8d1c48adb430768e7ff532b1a4c59fa0c05
raw/pilot_100_fallback_20260801T180205Z/timing/baseline/measured_1/chr22_100_guide_001/stderr.txt	45	ecd997460eff8b19bac120208f47edd7be53e3371027aaa35d95fa07a5e79089
raw/pilot_100_fallback_20260801T180205Z/timing/baseline/measured_1/chr22_100_guide_002/command.txt	294	ac1b91c9856b4d1a369592cde97c85ea96aa65b6ee4b485a78d333ca081481f5
raw/pilot_100_fallback_20260801T180205Z/timing/baseline/measured_1/chr22_100_guide_002/metrics.tsv	295	2062977f27803bfbfe25fb228d382d3d20a46e15cdeb5ef958d033c1b3685433
raw/pilot_100_fallback_20260801T180205Z/timing/baseline/measured_1/chr22_100_guide_002/output.paf	1650	0422486e190c33e1914bfe10563c561e6fc1a1f686af30d5e7a55cba9d1e5438
raw/pilot_100_fallback_20260801T180205Z/timing/baseline/measured_1/chr22_100_guide_002/stderr.txt	0	e3b0c44298fc1c149afbf4c8996fb92427ae41e4649b934ca495991b7852b855
raw/pilot_100_fallback_20260801T180205Z/timing/baseline/measured_1/chr22_100_guide_003/command.txt	294	c4ddca4230168cb96406c58fc309ef53915dfc56c8f91bab7db2f5d600eadb61
raw/pilot_100_fallback_20260801T180205Z/timing/baseline/measured_1/chr22_100_guide_003/metrics.tsv	297	47a4439a51448e9e1c3a5e3a693497239578f344da0c1c150e9daf745f57b159
raw/pilot_100_fallback_20260801T180205Z/timing/baseline/measured_1/chr22_100_guide_003/output.paf	1642	b1fb9aa39cacb022055195ef7dba7343c8fc879f2dc35b1bb9e3a5c71e1e23e0
raw/pilot_100_fallback_20260801T180205Z/timing/baseline/measured_1/chr22_100_guide_003/stderr.txt	135	638bd673bf5fc22f3fc8fe75f5600789d2b5d3f971a550e9446c8845c8fb98e7
raw/pilot_100_fallback_20260801T180205Z/timing/baseline/measured_1/chr22_100_guide_004/command.txt	294	c77720e1ae0e110fd081574fe1280c106e5deb6b19dc49ed9af5b43be6c815db
raw/pilot_100_fallback_20260801T180205Z/timing/baseline/measured_1/chr22_100_guide_004/metrics.tsv	294	961163d64d5cdd571a948d780e4e4d44b53c3e9f33dae8e16639e69d318f8fb4
raw/pilot_100_fallback_20260801T180205Z/timing/baseline/measured_1/chr22_100_guide_004/output.paf	103	691ce0260ac4ff8426decb079b6ec2efdf4680b3abaced64e9143840bccb9552
raw/pilot_100_fallback_20260801T180205Z/timing/baseline/measured_1/chr22_100_guide_004/stderr.txt	0	e3b0c44298fc1c149afbf4c8996fb92427ae41e4649b934ca495991b7852b855
raw/pilot_100_fallback_20260801T180205Z/timing/baseline/measured_1/chr22_100_guide_005/command.txt	294	10f8da586140feed8c277b6f2a88768b7554073e8f93d8d096f42428a3b8f22c
raw/pilot_100_fallback_20260801T180205Z/timing/baseline/measured_1/chr22_100_guide_005/metrics.tsv	294	8b9415d4eb1853f08f33170846f89ee9b9675e9ab9fe0c3c346b335d0a9b10cd
raw/pilot_100_fallback_20260801T180205Z/timing/baseline/measured_1/chr22_100_guide_005/output.paf	105	d47f48944044bdd8d7b7148bc7fb286471ae8603baf0ef44a0d613b5748e28a9
raw/pilot_100_fallback_20260801T180205Z/timing/baseline/measured_1/chr22_100_guide_005/stderr.txt	0	e3b0c44298fc1c149afbf4c8996fb92427ae41e4649b934ca495991b7852b855
raw/pilot_100_fallback_20260801T180205Z/timing/baseline/measured_1/chr22_100_guide_006/command.txt	294	da4c9f00cf2ae8210a9cde92e24246052d2cd69473d23fd11b655dbc72d291c1
raw/pilot_100_fallback_20260801T180205Z/timing/baseline/measured_1/chr22_100_guide_006/metrics.tsv	294	a4ef37439781c46b4b84c728bd9de449c8b7b7ece134305335f19178f3f98a3a
raw/pilot_100_fallback_20260801T180205Z/timing/baseline/measured_1/chr22_100_guide_006/output.paf	412	381669eac105895c77936e91601bef5a44b194dce1468388fa6bc22b65e83aab
raw/pilot_100_fallback_20260801T180205Z/timing/baseline/measured_1/chr22_100_guide_006/stderr.txt	0	e3b0c44298fc1c149afbf4c8996fb92427ae41e4649b934ca495991b7852b855
raw/pilot_100_fallback_20260801T180205Z/timing/baseline/measured_1/chr22_100_guide_007/command.txt	294	50bacb1be8cccd5fb275b2fd3907ca0a162e120704b1105e5cea0fb01801a84e
raw/pilot_100_fallback_20260801T180205Z/timing/baseline/measured_1/chr22_100_guide_007/metrics.tsv	297	fa6f629178ac954ae25cc5c46c030d2977836e001ea10623ae7f449b2991881b
raw/pilot_100_fallback_20260801T180205Z/timing/baseline/measured_1/chr22_100_guide_007/output.paf	3991	8c79c9f74d621ca368e7a5010df949e191f9383e93c08a0d7059b905cc0ffda7
raw/pilot_100_fallback_20260801T180205Z/timing/baseline/measured_1/chr22_100_guide_007/stderr.txt	900	2814a80526a6afc7f5c3e0f343a8afda41ae9af94298eccefb5974a61c27896f
raw/pilot_100_fallback_20260801T180205Z/timing/baseline/measured_1/chr22_100_guide_008/command.txt	294	990c97030b662290e1a7bcbbd8a01b13fcf1e9e211333ac82e77265d1c0d586a
raw/pilot_100_fallback_20260801T180205Z/timing/baseline/measured_1/chr22_100_guide_008/metrics.tsv	298	a6a9a587c729e0ba7e4ae2218be1985329b0aa205c427aa26c4e9c97d1ece603
raw/pilot_100_fallback_20260801T180205Z/timing/baseline/measured_1/chr22_100_guide_008/output.paf	6656	1c8845363d90825b8ae340946833959933ab6ef5fb8cc51a58e5c318ecbda056
raw/pilot_100_fallback_20260801T180205Z/timing/baseline/measured_1/chr22_100_guide_008/stderr.txt	1125	b2b32f17633bad48f0d63dd8593879a3898a801f59345a837879f804a8b0a9ca
raw/pilot_100_fallback_20260801T180205Z/timing/baseline/measured_1/chr22_100_guide_009/command.txt	294	dbcdedea81db32ffe0c482683a1cf1ebe0a18450b1a4b6df67a28c809836af63
raw/pilot_100_fallback_20260801T180205Z/timing/baseline/measured_1/chr22_100_guide_009/metrics.tsv	294	52692032761b6a73654864799d99f527bb1d25ce2ae7a6fb74b515c4a1ee58a8
raw/pilot_100_fallback_20260801T180205Z/timing/baseline/measured_1/chr22_100_guide_009/output.paf	212	7ff435e8f2284b0e1155c1c41e547855555c50593735221aa581ff02bbcfd922
raw/pilot_100_fallback_20260801T180205Z/timing/baseline/measured_1/chr22_100_guide_009/stderr.txt	0	e3b0c44298fc1c149afbf4c8996fb92427ae41e4649b934ca495991b7852b855
raw/pilot_100_fallback_20260801T180205Z/timing/baseline/measured_1/chr22_100_guide_010/command.txt	294	775cbae53afa8ac6f8024c69b63e0a20bd81081a254b7d49ccd876f2ed37fa0a
raw/pilot_100_fallback_20260801T180205Z/timing/baseline/measured_1/chr22_100_guide_010/metrics.tsv	296	867b52fe80875e8a65fc159c62a3f64c27386cbafc51f21282929e7c136dffb5
raw/pilot_100_fallback_20260801T180205Z/timing/baseline/measured_1/chr22_100_guide_010/output.paf	1947	2e0e36bd1d8a9d315885d8afb4d6ebec9f6f8c904301628cc99bd5dcc6773ffb
raw/pilot_100_fallback_20260801T180205Z/timing/baseline/measured_1/chr22_100_guide_010/stderr.txt	45	ecd997460eff8b19bac120208f47edd7be53e3371027aaa35d95fa07a5e79089
raw/pilot_100_fallback_20260801T180205Z/timing/baseline/measured_1/chr22_100_guide_011/command.txt	294	ec041b197d026e7d0bfc7de4d6a1c5a24911bbfde28c846ecb9b75eddfde862f
raw/pilot_100_fallback_20260801T180205Z/timing/baseline/measured_1/chr22_100_guide_011/metrics.tsv	294	68e1cf1a5c339c04650a668ea0230d363c073dd142744ddd70a3c92a5dcc0d7f
raw/pilot_100_fallback_20260801T180205Z/timing/baseline/measured_1/chr22_100_guide_011/output.paf	103	951a40369bd86d0839b2d2addecaf6b337cdc3fa4cf552c0d5fd78bef17d3892
raw/pilot_100_fallback_20260801T180205Z/timing/baseline/measured_1/chr22_100_guide_011/stderr.txt	0	e3b0c44298fc1c149afbf4c8996fb92427ae41e4649b934ca495991b7852b855
raw/pilot_100_fallback_20260801T180205Z/timing/baseline/measured_1/chr22_100_guide_012/command.txt	294	420ea662a1300c0b5690e25414c38b15201576f1edb27f75eba8b717e371b61a
raw/pilot_100_fallback_20260801T180205Z/timing/baseline/measured_1/chr22_100_guide_012/metrics.tsv	294	958ccf65157a1b51df58035df386d86d34cb9701c468f0ae1b98e9e2c22a66c0
raw/pilot_100_fallback_20260801T180205Z/timing/baseline/measured_1/chr22_100_guide_012/output.paf	412	f693a92e20748272242c1d8d3a1b90c09e045d71ee219e8daf561a07fcf1b3bf
raw/pilot_100_fallback_20260801T180205Z/timing/baseline/measured_1/chr22_100_guide_012/stderr.txt	0	e3b0c44298fc1c149afbf4c8996fb92427ae41e4649b934ca495991b7852b855
raw/pilot_100_fallback_20260801T180205Z/timing/baseline/measured_1/chr22_100_guide_013/command.txt	294	a53d6c4cc926c5b12c0bafdf8996ca88a6d2aa0f2edd009af0ded8d7457f93e1
raw/pilot_100_fallback_20260801T180205Z/timing/baseline/measured_1/chr22_100_guide_013/metrics.tsv	294	ffdcc160aadf3562edae3a58215d1ea696bcc4c3513a952150face86c4c0e13e
raw/pilot_100_fallback_20260801T180205Z/timing/baseline/measured_1/chr22_100_guide_013/output.paf	103	d0e1f61006a51712a6e3a7a08a2d9ed9a2e486bf46c47b49e89668b53f2efe69
raw/pilot_100_fallback_20260801T180205Z/timing/baseline/measured_1/chr22_100_guide_013/stderr.txt	0	e3b0c44298fc1c149afbf4c8996fb92427ae41e4649b934ca495991b7852b855
raw/pilot_100_fallback_20260801T180205Z/timing/baseline/measured_1/chr22_100_guide_014/command.txt	294	c336111c8cddaf21632f527a2078333161c4d19600340dd8d79d4e64570bc3d3
raw/pilot_100_fallback_20260801T180205Z/timing/baseline/measured_1/chr22_100_guide_014/metrics.tsv	295	1002a77cff30239b79725d065ddc24682f6bb8ad88709d4f898cf2af41d0e800
raw/pilot_100_fallback_20260801T180205Z/timing/baseline/measured_1/chr22_100_guide_014/output.paf	729	607b674d30dff3c1c42e35e27d5265deb647245de700280723da5cee2be1949d
raw/pilot_100_fallback_20260801T180205Z/timing/baseline/measured_1/chr22_100_guide_014/stderr.txt	45	ecd997460eff8b19bac120208f47edd7be53e3371027aaa35d95fa07a5e79089
raw/pilot_100_fallback_20260801T180205Z/timing/baseline/measured_1/chr22_100_guide_015/command.txt	294	2ba66460feb1353de7c3c892d2a8be654ee94e229875f5698a19b4ccba569ccf
raw/pilot_100_fallback_20260801T180205Z/timing/baseline/measured_1/chr22_100_guide_015/metrics.tsv	296	5d6110954e69bc254c03a94a156674e21bc8fd2e2ba0f0987dba8f96d8876e22
raw/pilot_100_fallback_20260801T180205Z/timing/baseline/measured_1/chr22_100_guide_015/output.paf	788	1b77bf4d550c500a8ee0cb43d470d52c1e427554d2029a6ae46073763e13b472
raw/pilot_100_fallback_20260801T180205Z/timing/baseline/measured_1/chr22_100_guide_015/stderr.txt	225	2a9b3581cbbd9e5fa2548c708ad7a124377988e8d910e9dfb15410b25f9166bf
raw/pilot_100_fallback_20260801T180205Z/timing/baseline/measured_1/chr22_100_guide_016/command.txt	294	772aa79533fe3ecf996278cb78f0e3113e326f03ff77efde067149452bf2697e
raw/pilot_100_fallback_20260801T180205Z/timing/baseline/measured_1/chr22_100_guide_016/metrics.tsv	294	b5f6b43f85f1d47b4c6d0a6df559eb222008a83b468e3fab5bbb1bb6a7221dd1
raw/pilot_100_fallback_20260801T180205Z/timing/baseline/measured_1/chr22_100_guide_016/output.paf	103	664ca84d364b11b722ac1aa282d988cb26faa580c3801fc71e980d0a2785483d
raw/pilot_100_fallback_20260801T180205Z/timing/baseline/measured_1/chr22_100_guide_016/stderr.txt	0	e3b0c44298fc1c149afbf4c8996fb92427ae41e4649b934ca495991b7852b855
raw/pilot_100_fallback_20260801T180205Z/timing/baseline/measured_1/chr22_100_guide_017/command.txt	294	560d26f3fbe6f983e5e2e97c9d4dfb027d56903041b663659c9ba5e5ae781721
raw/pilot_100_fallback_20260801T180205Z/timing/baseline/measured_1/chr22_100_guide_017/metrics.tsv	297	a61549547e972e436791c7e62532c044728a3d23e2d64697cb7cf363dc1896d8
raw/pilot_100_fallback_20260801T180205Z/timing/baseline/measured_1/chr22_100_guide_017/output.paf	4200	c9640921a1633a31fff3009d84cb604e813785e475e180493b5008eddd5cf4a5
raw/pilot_100_fallback_20260801T180205Z/timing/baseline/measured_1/chr22_100_guide_017/stderr.txt	855	ee9d5e55ce77a86f64a05cf8cba4484606ca247314b3cb2b53d7d60b1519c5b6
raw/pilot_100_fallback_20260801T180205Z/timing/baseline/measured_1/chr22_100_guide_018/command.txt	294	7224fb43ee5448eed9c09401b0cfe7f69ed6562835a4a83b10d1eee2ef974587
raw/pilot_100_fallback_20260801T180205Z/timing/baseline/measured_1/chr22_100_guide_018/metrics.tsv	294	4c20ce0f210201e9959d5805b7b91087066da599ec21b50a77c1b36681bf79ef
raw/pilot_100_fallback_20260801T180205Z/timing/baseline/measured_1/chr22_100_guide_018/output.paf	210	a14c7617088d038a70adbf1f43853e09c8728d9eb8b692f6bebaeecda9d2bbf8
raw/pilot_100_fallback_20260801T180205Z/timing/baseline/measured_1/chr22_100_guide_018/stderr.txt	0	e3b0c44298fc1c149afbf4c8996fb92427ae41e4649b934ca495991b7852b855
raw/pilot_100_fallback_20260801T180205Z/timing/baseline/measured_1/chr22_100_guide_019/command.txt	294	d79a2819a01f5b1e3d736eb0ef4ca2c8a03bcf123aab1ad7520ce46df58f9a3b
raw/pilot_100_fallback_20260801T180205Z/timing/baseline/measured_1/chr22_100_guide_019/metrics.tsv	294	1b22e63f9a01db0fe1f4c78a42dec371abf2070849deed689d477fa65ec70321
raw/pilot_100_fallback_20260801T180205Z/timing/baseline/measured_1/chr22_100_guide_019/output.paf	103	6cdd7ce54810d5bc4f6f9e343cba7e89b5868d4aa230081223fa53049a31ac4f
raw/pilot_100_fallback_20260801T180205Z/timing/baseline/measured_1/chr22_100_guide_019/stderr.txt	0	e3b0c44298fc1c149afbf4c8996fb92427ae41e4649b934ca495991b7852b855
raw/pilot_100_fallback_20260801T180205Z/timing/baseline/measured_1/chr22_100_guide_020/command.txt	294	f055e8030933a8a94f51fe93c7d86f02aae3be0d3de3ecbfd2b1e089c76053a5
raw/pilot_100_fallback_20260801T180205Z/timing/baseline/measured_1/chr22_100_guide_020/metrics.tsv	294	e8d4eeff17ad2db82d5bfe0a7ba34fc521fd4f33fac050bb6e9c88e34ae9a3b0
raw/pilot_100_fallback_20260801T180205Z/timing/baseline/measured_1/chr22_100_guide_020/output.paf	105	444ff3228a137a38f7153b4f242a69cfa59f508d73251c41aa4006df73b202e7
raw/pilot_100_fallback_20260801T180205Z/timing/baseline/measured_1/chr22_100_guide_020/stderr.txt	0	e3b0c44298fc1c149afbf4c8996fb92427ae41e4649b934ca495991b7852b855
raw/pilot_100_fallback_20260801T180205Z/timing/baseline/measured_1/chr22_100_guide_021/command.txt	294	1b99a1d88f928662479e892a24368bd4df24e6c2c997e2acd21eb46e98dd1ed2
raw/pilot_100_fallback_20260801T180205Z/timing/baseline/measured_1/chr22_100_guide_021/metrics.tsv	294	8dbb11c12cbc594fdede5940cd90dcce1f6e51b012bec8b89bb0dacd16b0c9fc
raw/pilot_100_fallback_20260801T180205Z/timing/baseline/measured_1/chr22_100_guide_021/output.paf	105	70d3142b6438b2233c1a63a2ac833233a13a2d75bf75339f1fccaff2fa81b453
raw/pilot_100_fallback_20260801T180205Z/timing/baseline/measured_1/chr22_100_guide_021/stderr.txt	0	e3b0c44298fc1c149afbf4c8996fb92427ae41e4649b934ca495991b7852b855
raw/pilot_100_fallback_20260801T180205Z/timing/baseline/measured_1/chr22_100_guide_022/command.txt	294	4285fa805efca82eb86f2589f00efae555afb18d8e32d9244bbb3f82edd26010
raw/pilot_100_fallback_20260801T180205Z/timing/baseline/measured_1/chr22_100_guide_022/metrics.tsv	294	2c69b40b34324ab48a73e1bc32a85da2695e0c0fd3a2dac84017054434fd9533
raw/pilot_100_fallback_20260801T180205Z/timing/baseline/measured_1/chr22_100_guide_022/output.paf	107	204889acb01cc5647d5755c52d4e664bc0f1e42e49862ffb2ae2cf1585ad7b50
raw/pilot_100_fallback_20260801T180205Z/timing/baseline/measured_1/chr22_100_guide_022/stderr.txt	0	e3b0c44298fc1c149afbf4c8996fb92427ae41e4649b934ca495991b7852b855
raw/pilot_100_fallback_20260801T180205Z/timing/baseline/measured_1/chr22_100_guide_023/command.txt	294	63d6a7b11233a7ab538ffa794d65e01e0631cdd731ad38f8371bcb967e27f683
raw/pilot_100_fallback_20260801T180205Z/timing/baseline/measured_1/chr22_100_guide_023/metrics.tsv	299	41e46fe6c6fd5c5428caf70c5e7194a440d501503b79266931c304cf21166a5c
raw/pilot_100_fallback_20260801T180205Z/timing/baseline/measured_1/chr22_100_guide_023/output.paf	15269	8066a5e39caf78bf0cac01aa1dc91a6d1211b5892fc5875490679eb24872a81f
raw/pilot_100_fallback_20260801T180205Z/timing/baseline/measured_1/chr22_100_guide_023/stderr.txt	3600	fba7e1444d1935a3ecae72a339d215d7e66c93737ae3105ef796647230a4c72b
raw/pilot_100_fallback_20260801T180205Z/timing/baseline/measured_1/chr22_100_guide_024/command.txt	294	8631ab0aed677726dc3a51cc3ad1be797493d081b6ca20945ea5f78a3e7711f9
raw/pilot_100_fallback_20260801T180205Z/timing/baseline/measured_1/chr22_100_guide_024/metrics.tsv	294	5e04bf32b0dd967ae4bd90da01a071020a645696ab99927c71a4e5403327d3dd
raw/pilot_100_fallback_20260801T180205Z/timing/baseline/measured_1/chr22_100_guide_024/output.paf	105	d7464b7872231b66a5d5e8b9529462954e8dbe3c50718817fdfc12087ef94681
raw/pilot_100_fallback_20260801T180205Z/timing/baseline/measured_1/chr22_100_guide_024/stderr.txt	0	e3b0c44298fc1c149afbf4c8996fb92427ae41e4649b934ca495991b7852b855
raw/pilot_100_fallback_20260801T180205Z/timing/baseline/measured_1/chr22_100_guide_025/command.txt	294	7b0b4de8d6f2c517bc1e01da67429cedd929931816cdfc7e0bf2bf93b6572bd2
raw/pilot_100_fallback_20260801T180205Z/timing/baseline/measured_1/chr22_100_guide_025/metrics.tsv	299	133987d05a9b5b25dcfc67b6d53ed311db93a4b09c9407498d24855bc49ac92d
raw/pilot_100_fallback_20260801T180205Z/timing/baseline/measured_1/chr22_100_guide_025/output.paf	13345	a050c3614088d28140b98bc93b85cdcf774ad1cb450ab6c11993017d3c082c37
raw/pilot_100_fallback_20260801T180205Z/timing/baseline/measured_1/chr22_100_guide_025/stderr.txt	3645	656c6c43708a37c613083b28d786b8a8e5c7c93a0f56ff02845bf632613ef7b4
raw/pilot_100_fallback_20260801T180205Z/timing/baseline/measured_1/chr22_100_guide_026/command.txt	294	c7f0d462d248899e23df6fd43ec68ada7f65c48a3298690ffc9118cf36fc1331
raw/pilot_100_fallback_20260801T180205Z/timing/baseline/measured_1/chr22_100_guide_026/metrics.tsv	294	441a5a5e720533caea6cdb97b6262492bebeec582499f52707b5df883ff69f0b
raw/pilot_100_fallback_20260801T180205Z/timing/baseline/measured_1/chr22_100_guide_026/output.paf	636	13bb7b2015f62e0900a83bc402db697daa2b20bda1089aa791553c2cb857d593
raw/pilot_100_fallback_20260801T180205Z/timing/baseline/measured_1/chr22_100_guide_026/stderr.txt	0	e3b0c44298fc1c149afbf4c8996fb92427ae41e4649b934ca495991b7852b855
raw/pilot_100_fallback_20260801T180205Z/timing/baseline/measured_1/chr22_100_guide_027/command.txt	294	fc0fe2595ff80174e466570c8e55bf44154e4f4fa45fc440c59a1eae579f72e9
raw/pilot_100_fallback_20260801T180205Z/timing/baseline/measured_1/chr22_100_guide_027/metrics.tsv	294	ca26b98e412ac660e855e5cfa42ef78f3ec5c0f566130f3214a8e851745c88ae
raw/pilot_100_fallback_20260801T180205Z/timing/baseline/measured_1/chr22_100_guide_027/output.paf	210	a7610eb051e87a34826545d10fcf8102943e8611a97a657a33ec94ff2afe4c13
raw/pilot_100_fallback_20260801T180205Z/timing/baseline/measured_1/chr22_100_guide_027/stderr.txt	0	e3b0c44298fc1c149afbf4c8996fb92427ae41e4649b934ca495991b7852b855
raw/pilot_100_fallback_20260801T180205Z/timing/baseline/measured_1/chr22_100_guide_028/command.txt	294	08c1c652402d4ee24dbd48a6355edb06e1ad4c550877027a6f5e1cb5174e57c0
raw/pilot_100_fallback_20260801T180205Z/timing/baseline/measured_1/chr22_100_guide_028/metrics.tsv	295	83737ae26b5629675c8a5e0f4dd26bdec820664e1b2fdb5b28fc1047195dff28
raw/pilot_100_fallback_20260801T180205Z/timing/baseline/measured_1/chr22_100_guide_028/output.paf	6200	9838a748f83250618473227cbc2b798e921118551a385e778337b49637186fe3
raw/pilot_100_fallback_20260801T180205Z/timing/baseline/measured_1/chr22_100_guide_028/stderr.txt	0	e3b0c44298fc1c149afbf4c8996fb92427ae41e4649b934ca495991b7852b855
raw/pilot_100_fallback_20260801T180205Z/timing/baseline/measured_1/chr22_100_guide_029/command.txt	294	05130b2eec9d98a308a30d7a08930031980697335a95bd49519e7923500fc839
raw/pilot_100_fallback_20260801T180205Z/timing/baseline/measured_1/chr22_100_guide_029/metrics.tsv	295	6a6c126ef4936065fa85733280278eedf0c4e82c1c26c313cec8cb1aefcf5795
raw/pilot_100_fallback_20260801T180205Z/timing/baseline/measured_1/chr22_100_guide_029/output.paf	5760	fec4266348f400a636b679dea725f0c74e62ee984b07daae005cd78179aa0b16
raw/pilot_100_fallback_20260801T180205Z/timing/baseline/measured_1/chr22_100_guide_029/stderr.txt	0	e3b0c44298fc1c149afbf4c8996fb92427ae41e4649b934ca495991b7852b855
raw/pilot_100_fallback_20260801T180205Z/timing/baseline/measured_1/chr22_100_guide_030/command.txt	294	d6046b1f1c7e415fb6d9e3e8f220865d80365432877a885096bd13802f644357
raw/pilot_100_fallback_20260801T180205Z/timing/baseline/measured_1/chr22_100_guide_030/metrics.tsv	299	375feb96dfcbd01384e89431607754315e77fd82d0788e80e519dcd0561debfd
raw/pilot_100_fallback_20260801T180205Z/timing/baseline/measured_1/chr22_100_guide_030/output.paf	213056	d51a56eb32a0157988459abda9c4570ce1ce48f6ffbe6adebc65814d4d685584
raw/pilot_100_fallback_20260801T180205Z/timing/baseline/measured_1/chr22_100_guide_030/stderr.txt	405	767251ea2186789fd1cd90132d747be89a52555ee68e421329b153d9f9a77322
raw/pilot_100_fallback_20260801T180205Z/timing/baseline/measured_1/chr22_100_guide_031/command.txt	294	693eef8f580bad29fb90062031f52fdbc5d8f96c35819db5ecc8917ec4573712
raw/pilot_100_fallback_20260801T180205Z/timing/baseline/measured_1/chr22_100_guide_031/metrics.tsv	294	b97682bfa49ed6de0ae54ca9b9c3de219692f2736274dc68db71a2a6d32b0e7c
raw/pilot_100_fallback_20260801T180205Z/timing/baseline/measured_1/chr22_100_guide_031/output.paf	105	bcce8596509aa2be4a7f3566961162e72e4443c46ea7cf8fc2c5ffb6cee2780a
raw/pilot_100_fallback_20260801T180205Z/timing/baseline/measured_1/chr22_100_guide_031/stderr.txt	0	e3b0c44298fc1c149afbf4c8996fb92427ae41e4649b934ca495991b7852b855
raw/pilot_100_fallback_20260801T180205Z/timing/baseline/measured_1/chr22_100_guide_032/command.txt	294	47d4184cede278f2290d530bc61ecebccc01b3d77cf7e8b23f0e34e7358ebac8
raw/pilot_100_fallback_20260801T180205Z/timing/baseline/measured_1/chr22_100_guide_032/metrics.tsv	294	6baef7af6a4c2173a3ed5d527173d6b510b02f207c89b4dcb4bc6d4103675f50
raw/pilot_100_fallback_20260801T180205Z/timing/baseline/measured_1/chr22_100_guide_032/output.paf	105	c25a6440be62186e25b0f165358d0d0900b923751f80af6ee5c27f0f29a85af6
raw/pilot_100_fallback_20260801T180205Z/timing/baseline/measured_1/chr22_100_guide_032/stderr.txt	0	e3b0c44298fc1c149afbf4c8996fb92427ae41e4649b934ca495991b7852b855
raw/pilot_100_fallback_20260801T180205Z/timing/baseline/measured_1/chr22_100_guide_033/command.txt	294	5ddaed3d9b48f38be66cc73ef4c3afc99c493c2620945cc3479410a0e6d067bd
raw/pilot_100_fallback_20260801T180205Z/timing/baseline/measured_1/chr22_100_guide_033/metrics.tsv	294	bae71caab0592e4613c55a1e53c31c3ba21cadfc8b4699810969f36d8be5efa1
raw/pilot_100_fallback_20260801T180205Z/timing/baseline/measured_1/chr22_100_guide_033/output.paf	105	0effc63d85fa97f691908ce0321ab857ae6f08fabd2480f35c83ff81e76c9f0e
raw/pilot_100_fallback_20260801T180205Z/timing/baseline/measured_1/chr22_100_guide_033/stderr.txt	0	e3b0c44298fc1c149afbf4c8996fb92427ae41e4649b934ca495991b7852b855
raw/pilot_100_fallback_20260801T180205Z/timing/baseline/measured_1/chr22_100_guide_034/command.txt	294	629a2abc91d2077d36210614bad36c1d8f0a43a338199e280f50e4642ab300b9
raw/pilot_100_fallback_20260801T180205Z/timing/baseline/measured_1/chr22_100_guide_034/metrics.tsv	294	5553da27ebd006a24abffb1d644f64dccd05df15e4c46b3091a15b820206a5f7
raw/pilot_100_fallback_20260801T180205Z/timing/baseline/measured_1/chr22_100_guide_034/output.paf	105	b799f84402b88ca7eda644ce1b5b5eb56c02b09c04d62fc51c4c70dc76c6b583
raw/pilot_100_fallback_20260801T180205Z/timing/baseline/measured_1/chr22_100_guide_034/stderr.txt	0	e3b0c44298fc1c149afbf4c8996fb92427ae41e4649b934ca495991b7852b855
raw/pilot_100_fallback_20260801T180205Z/timing/baseline/measured_1/chr22_100_guide_035/command.txt	294	572b21fcd0bff54a92c2059e3467770044774ea934504ff0133e11516c092ca9
raw/pilot_100_fallback_20260801T180205Z/timing/baseline/measured_1/chr22_100_guide_035/metrics.tsv	297	17aa5197ec4f24d6d90d733482f272abca8382d7a2f2534e8ba3972d8c4346c3
raw/pilot_100_fallback_20260801T180205Z/timing/baseline/measured_1/chr22_100_guide_035/output.paf	1016	aeb84e7a83d7f5e43e1b08a7219b302505d104518e290226e70e560f25ec4f99
raw/pilot_100_fallback_20260801T180205Z/timing/baseline/measured_1/chr22_100_guide_035/stderr.txt	135	638bd673bf5fc22f3fc8fe75f5600789d2b5d3f971a550e9446c8845c8fb98e7
raw/pilot_100_fallback_20260801T180205Z/timing/baseline/measured_1/chr22_100_guide_036/command.txt	294	2c592926ffb302755c180ac923ce45607186d9f56450748963197bcf1c18379b
raw/pilot_100_fallback_20260801T180205Z/timing/baseline/measured_1/chr22_100_guide_036/metrics.tsv	294	ee9640d1f742d90d2e24cf65feb1e201fddf4b82b723eb3aa263028b7f0d6599
raw/pilot_100_fallback_20260801T180205Z/timing/baseline/measured_1/chr22_100_guide_036/output.paf	105	d902219eeefe3ff64202f082d0493776f51eb4ff2b0f1167c0e670f923533dc4
raw/pilot_100_fallback_20260801T180205Z/timing/baseline/measured_1/chr22_100_guide_036/stderr.txt	0	e3b0c44298fc1c149afbf4c8996fb92427ae41e4649b934ca495991b7852b855
raw/pilot_100_fallback_20260801T180205Z/timing/baseline/measured_1/chr22_100_guide_037/command.txt	294	d8b474a22bbf7f9aa3d8e4d2e999e0f212b5c52353748dd7d1d44f6b01374e89
raw/pilot_100_fallback_20260801T180205Z/timing/baseline/measured_1/chr22_100_guide_037/metrics.tsv	294	0c450e7fdc541ee98042068f7d3ec7643b5186f88a659de8077ce62c21c0c0bc
raw/pilot_100_fallback_20260801T180205Z/timing/baseline/measured_1/chr22_100_guide_037/output.paf	105	87a59470956d0b27daf38e5e39ded5e150cdea0e868b3bb38ed13ec71694f010
raw/pilot_100_fallback_20260801T180205Z/timing/baseline/measured_1/chr22_100_guide_037/stderr.txt	0	e3b0c44298fc1c149afbf4c8996fb92427ae41e4649b934ca495991b7852b855
raw/pilot_100_fallback_20260801T180205Z/timing/baseline/measured_1/chr22_100_guide_038/command.txt	294	80a23b51b3e84bb31bae7ad637147e3fa61a8f18ce53f43c72038a7ceeed3315
raw/pilot_100_fallback_20260801T180205Z/timing/baseline/measured_1/chr22_100_guide_038/metrics.tsv	294	d12ac74f3ab59a4f8e16ca3df1b1b0397d26d592d57b0e7f83ed7e49cbe03a4a
raw/pilot_100_fallback_20260801T180205Z/timing/baseline/measured_1/chr22_100_guide_038/output.paf	105	029b4bae64ebbe3decac5715b992bb89ceb0731276cd7cd8566eaca4250537b4
raw/pilot_100_fallback_20260801T180205Z/timing/baseline/measured_1/chr22_100_guide_038/stderr.txt	0	e3b0c44298fc1c149afbf4c8996fb92427ae41e4649b934ca495991b7852b855
raw/pilot_100_fallback_20260801T180205Z/timing/baseline/measured_1/chr22_100_guide_039/command.txt	294	cb08dfa9ac88aac8e5d6f416396c0186e2b33573f415621294d49bdf2452f448
raw/pilot_100_fallback_20260801T180205Z/timing/baseline/measured_1/chr22_100_guide_039/metrics.tsv	294	afb30f9749dfdb5d248cdcc5596fffa2ede5b22c3bef5ac12cc0292a4611d956
raw/pilot_100_fallback_20260801T180205Z/timing/baseline/measured_1/chr22_100_guide_039/output.paf	105	a699d8af011bf9deb858b41d0fae396d8cff7641f7f0fffbf757531340e4d266
raw/pilot_100_fallback_20260801T180205Z/timing/baseline/measured_1/chr22_100_guide_039/stderr.txt	0	e3b0c44298fc1c149afbf4c8996fb92427ae41e4649b934ca495991b7852b855
raw/pilot_100_fallback_20260801T180205Z/timing/baseline/measured_1/chr22_100_guide_040/command.txt	294	8adf270701d91cfab61c6ffeffbd1480bbb4e72e5b9f5bd31de375a415cedcf2
raw/pilot_100_fallback_20260801T180205Z/timing/baseline/measured_1/chr22_100_guide_040/metrics.tsv	294	b4e1175d7ff34af7b9d37822cf14a51ec78fe0e549b25f494eb8e86a452befcd
raw/pilot_100_fallback_20260801T180205Z/timing/baseline/measured_1/chr22_100_guide_040/output.paf	105	4390a33a35b7293befeadb9fa60eb9d4727d057633aeb9a93007f6581228ca97
raw/pilot_100_fallback_20260801T180205Z/timing/baseline/measured_1/chr22_100_guide_040/stderr.txt	0	e3b0c44298fc1c149afbf4c8996fb92427ae41e4649b934ca495991b7852b855
raw/pilot_100_fallback_20260801T180205Z/timing/baseline/measured_1/chr22_100_guide_041/command.txt	294	dfa319b20f24fe263d616fad61f55dd83574613fe1f48d57aedeee7394e941c7
raw/pilot_100_fallback_20260801T180205Z/timing/baseline/measured_1/chr22_100_guide_041/metrics.tsv	294	584a139841104f9c01ce91af12d2e05f3427e1a49c59b3ab144c941b105cefbf
raw/pilot_100_fallback_20260801T180205Z/timing/baseline/measured_1/chr22_100_guide_041/output.paf	105	3e8108b8109dce3b65881841a62543e3eb3ba821fff9bc76b9b5e43ac8c75d77
raw/pilot_100_fallback_20260801T180205Z/timing/baseline/measured_1/chr22_100_guide_041/stderr.txt	0	e3b0c44298fc1c149afbf4c8996fb92427ae41e4649b934ca495991b7852b855
raw/pilot_100_fallback_20260801T180205Z/timing/baseline/measured_1/chr22_100_guide_042/command.txt	294	96abb0313e92a07915d6f589f9263d132600ae7ee14a7e1730d434a5f0da2461
raw/pilot_100_fallback_20260801T180205Z/timing/baseline/measured_1/chr22_100_guide_042/metrics.tsv	294	9ccfb36298c97eb7d5fa22512107ce920e34f4dab73c8d5af0898c0d796e0672
raw/pilot_100_fallback_20260801T180205Z/timing/baseline/measured_1/chr22_100_guide_042/output.paf	105	5924fcb39f9667884df027edda8f627478be6271057a2d69844c736321e3169f
raw/pilot_100_fallback_20260801T180205Z/timing/baseline/measured_1/chr22_100_guide_042/stderr.txt	0	e3b0c44298fc1c149afbf4c8996fb92427ae41e4649b934ca495991b7852b855
raw/pilot_100_fallback_20260801T180205Z/timing/baseline/measured_1/chr22_100_guide_043/command.txt	294	79b5fbd3d257c76d6eebd2f1236d853ba5079718a990efa440f7559ae6363efe
raw/pilot_100_fallback_20260801T180205Z/timing/baseline/measured_1/chr22_100_guide_043/metrics.tsv	295	2ff7e55326b0b466d1d4ae62f5cad02764137da7f404033d8ec1549c81644ab7
raw/pilot_100_fallback_20260801T180205Z/timing/baseline/measured_1/chr22_100_guide_043/output.paf	198	0750254d4598a1695dbaade1146e921cf6dab58c8fc5ab334e4e36f882246f3f
raw/pilot_100_fallback_20260801T180205Z/timing/baseline/measured_1/chr22_100_guide_043/stderr.txt	45	ecd997460eff8b19bac120208f47edd7be53e3371027aaa35d95fa07a5e79089
raw/pilot_100_fallback_20260801T180205Z/timing/baseline/measured_1/chr22_100_guide_044/command.txt	294	9d16446bad9e09137e77ea340ecb55bdbe49974144a814fdf982b8440a122ba6
raw/pilot_100_fallback_20260801T180205Z/timing/baseline/measured_1/chr22_100_guide_044/metrics.tsv	295	14b7c1ed5b664fc9571d981c4ec793b9d8055d7ac50dbb5b334fcc3551357942
raw/pilot_100_fallback_20260801T180205Z/timing/baseline/measured_1/chr22_100_guide_044/output.paf	198	fa914a29da8996379fd30ef387eefd7cdc6893880f37a6f45eeedb5b45c937c8
raw/pilot_100_fallback_20260801T180205Z/timing/baseline/measured_1/chr22_100_guide_044/stderr.txt	45	ecd997460eff8b19bac120208f47edd7be53e3371027aaa35d95fa07a5e79089
raw/pilot_100_fallback_20260801T180205Z/timing/baseline/measured_1/chr22_100_guide_045/command.txt	294	932faf327a6de7d385c77cb1b86027f1573e252b4e7eec329f051c064d5a7a77
raw/pilot_100_fallback_20260801T180205Z/timing/baseline/measured_1/chr22_100_guide_045/metrics.tsv	294	40a65c7604090fbc9ec29ba35675cf0f0238d3a3ad014526bad11371642f57ae
raw/pilot_100_fallback_20260801T180205Z/timing/baseline/measured_1/chr22_100_guide_045/output.paf	105	7e528a989c31c40be279492b74efb2b32bbafcb76168ffa5ecf4da003dd2852c
raw/pilot_100_fallback_20260801T180205Z/timing/baseline/measured_1/chr22_100_guide_045/stderr.txt	0	e3b0c44298fc1c149afbf4c8996fb92427ae41e4649b934ca495991b7852b855
raw/pilot_100_fallback_20260801T180205Z/timing/baseline/measured_1/chr22_100_guide_046/command.txt	294	ea098a871cf5ed68b609f46d3161f13220dee86f9cc95545e1bf9e385864bdb3
raw/pilot_100_fallback_20260801T180205Z/timing/baseline/measured_1/chr22_100_guide_046/metrics.tsv	294	e20a95aef2b1d482b8916e93ae22a35c028c231e2b23d6d88314cb614f2eaf02
raw/pilot_100_fallback_20260801T180205Z/timing/baseline/measured_1/chr22_100_guide_046/output.paf	105	714554ca8eac6dff9bf1ea7bcd982ded36f466eaa79bea00a33e12ff4252393b
raw/pilot_100_fallback_20260801T180205Z/timing/baseline/measured_1/chr22_100_guide_046/stderr.txt	0	e3b0c44298fc1c149afbf4c8996fb92427ae41e4649b934ca495991b7852b855
raw/pilot_100_fallback_20260801T180205Z/timing/baseline/measured_1/chr22_100_guide_047/command.txt	294	7f042f8c22ac9ba4c167b067862850a1e643200b89de78911b9c63d93b6025b3
raw/pilot_100_fallback_20260801T180205Z/timing/baseline/measured_1/chr22_100_guide_047/metrics.tsv	294	fbb59fdb676c6dff712ad0eb26bcad840cb321b42735b6176b724139b2dd5678
raw/pilot_100_fallback_20260801T180205Z/timing/baseline/measured_1/chr22_100_guide_047/output.paf	105	ca51411298336dbdfe2d1022ed02e74028dfbcd2e0e397a8224fce4f6017af72
raw/pilot_100_fallback_20260801T180205Z/timing/baseline/measured_1/chr22_100_guide_047/stderr.txt	0	e3b0c44298fc1c149afbf4c8996fb92427ae41e4649b934ca495991b7852b855
raw/pilot_100_fallback_20260801T180205Z/timing/baseline/measured_1/chr22_100_guide_048/command.txt	294	6d63528c93696e50dd61c6886e11222dafb75a07e913a10177318d640f392864
raw/pilot_100_fallback_20260801T180205Z/timing/baseline/measured_1/chr22_100_guide_048/metrics.tsv	294	64d73873267458f431e791c3c724167afb82b4c98d78aa8315b461db1b4a5053
raw/pilot_100_fallback_20260801T180205Z/timing/baseline/measured_1/chr22_100_guide_048/output.paf	105	bc3b9f3f86cc8bbd34d0a114947da783ee284f28a9a17754f8b3028fd08951a9
raw/pilot_100_fallback_20260801T180205Z/timing/baseline/measured_1/chr22_100_guide_048/stderr.txt	0	e3b0c44298fc1c149afbf4c8996fb92427ae41e4649b934ca495991b7852b855
raw/pilot_100_fallback_20260801T180205Z/timing/baseline/measured_1/chr22_100_guide_049/command.txt	294	148ef92d077d3db011fd6dc092aa9563e83ab1d80b01803a4260bf48ef8ed6af
raw/pilot_100_fallback_20260801T180205Z/timing/baseline/measured_1/chr22_100_guide_049/metrics.tsv	294	0657ee4d5a97f723147f711d6abf7cb54842da1a0946270bcbc2ce5204314993
raw/pilot_100_fallback_20260801T180205Z/timing/baseline/measured_1/chr22_100_guide_049/output.paf	325	183882d3a63163e76a98ee38ccfea1b4877101dd283d80328c01c33dcd6c0e0b
raw/pilot_100_fallback_20260801T180205Z/timing/baseline/measured_1/chr22_100_guide_049/stderr.txt	0	e3b0c44298fc1c149afbf4c8996fb92427ae41e4649b934ca495991b7852b855
raw/pilot_100_fallback_20260801T180205Z/timing/baseline/measured_1/chr22_100_guide_050/command.txt	294	3fa44e0fa05c4187e966ff52e24077fa8f47c8c312421a8444cf5813982de82b
raw/pilot_100_fallback_20260801T180205Z/timing/baseline/measured_1/chr22_100_guide_050/metrics.tsv	297	b1ff2e8e8be9f13c80edb79de88e8a37c9d0d2dd54a1688187189a2b8563e1d2
raw/pilot_100_fallback_20260801T180205Z/timing/baseline/measured_1/chr22_100_guide_050/output.paf	1202	cdfcb6c17423e58af5af22102e71c3afe70da276a855b996d57ec0695bcf7660
raw/pilot_100_fallback_20260801T180205Z/timing/baseline/measured_1/chr22_100_guide_050/stderr.txt	360	6e0a62bd0c2f08ba96ba668f896ebe3fa32339495c43eb259f7923a25e2bbb65
raw/pilot_100_fallback_20260801T180205Z/timing/baseline/measured_1/chr22_100_guide_051/command.txt	294	5af4c12fa003152005a27bc15c032da62f1c61c04217ebc0e29abdd59c120dc1
raw/pilot_100_fallback_20260801T180205Z/timing/baseline/measured_1/chr22_100_guide_051/metrics.tsv	294	bf481460c601c9942d77d42208ca7dfab7944128e31b5b8d13a612507b9b29ea
raw/pilot_100_fallback_20260801T180205Z/timing/baseline/measured_1/chr22_100_guide_051/output.paf	105	14ef5eacd0519bf8d6f3f1e421b2147ce2cef2d89992ac6bc3c0c6493049fd6f
raw/pilot_100_fallback_20260801T180205Z/timing/baseline/measured_1/chr22_100_guide_051/stderr.txt	0	e3b0c44298fc1c149afbf4c8996fb92427ae41e4649b934ca495991b7852b855
raw/pilot_100_fallback_20260801T180205Z/timing/baseline/measured_1/chr22_100_guide_052/command.txt	294	f3fe74e34b01d9ac38dfe0024c39203f1978fffd58af917db3f61109a32aef69
raw/pilot_100_fallback_20260801T180205Z/timing/baseline/measured_1/chr22_100_guide_052/metrics.tsv	294	675330c5acb46f01a67ec60b440d81ed728b18bb547685d5f50c73f98cd8994d
raw/pilot_100_fallback_20260801T180205Z/timing/baseline/measured_1/chr22_100_guide_052/output.paf	105	b743dcf20b0f8a4d8e1a343b97d48c58a0bc7fc4d1bb2a983a38d2078d740fcd
raw/pilot_100_fallback_20260801T180205Z/timing/baseline/measured_1/chr22_100_guide_052/stderr.txt	0	e3b0c44298fc1c149afbf4c8996fb92427ae41e4649b934ca495991b7852b855
raw/pilot_100_fallback_20260801T180205Z/timing/baseline/measured_1/chr22_100_guide_053/command.txt	294	8f75a8a484b54c99355f10ad0b3c21abf9131eea3ee68adaf5157d2468cede03
raw/pilot_100_fallback_20260801T180205Z/timing/baseline/measured_1/chr22_100_guide_053/metrics.tsv	294	5433dc164a5f4e9f9b1578e240ef41ce52671bf5b022422cefd908af2508f97d
raw/pilot_100_fallback_20260801T180205Z/timing/baseline/measured_1/chr22_100_guide_053/output.paf	105	7f92fd7dddc708c2b3ec905f92a74e766b81d6ff9eaf13b4dc9c11ff5e96767a
raw/pilot_100_fallback_20260801T180205Z/timing/baseline/measured_1/chr22_100_guide_053/stderr.txt	0	e3b0c44298fc1c149afbf4c8996fb92427ae41e4649b934ca495991b7852b855
raw/pilot_100_fallback_20260801T180205Z/timing/baseline/measured_1/chr22_100_guide_054/command.txt	294	5a80b33003d5cfd769296f806eddc3e762db87ff6d4ab0f43ebfb1126a2f9768
raw/pilot_100_fallback_20260801T180205Z/timing/baseline/measured_1/chr22_100_guide_054/metrics.tsv	297	2fd4b6b5b7990fabb03e67f74f0e63a88a72c0adeaa3d8e066ec6ae9f00f0933
raw/pilot_100_fallback_20260801T180205Z/timing/baseline/measured_1/chr22_100_guide_054/output.paf	1337	a3f996eafe8edb438a0ef9cc29ff2c9d076dd06077727963e045b33f102900cc
raw/pilot_100_fallback_20260801T180205Z/timing/baseline/measured_1/chr22_100_guide_054/stderr.txt	270	6dd37d45626373f97b36828739234e64b591905fb707084ab0eaed58b1b00c27
raw/pilot_100_fallback_20260801T180205Z/timing/baseline/measured_1/chr22_100_guide_055/command.txt	294	cc423a72a09ba73a6c5c3eb1f4cae213a1cd2f502d4ba36739c7ac518c948896
raw/pilot_100_fallback_20260801T180205Z/timing/baseline/measured_1/chr22_100_guide_055/metrics.tsv	294	8bc539df50fd762b126c4a435b5a6208c3b7d892d95f7b219c127d907e048513
raw/pilot_100_fallback_20260801T180205Z/timing/baseline/measured_1/chr22_100_guide_055/output.paf	105	a3d6cd5055990fc10a7f55f785689720f3a06133f1b0f4568f98749ce2751038
raw/pilot_100_fallback_20260801T180205Z/timing/baseline/measured_1/chr22_100_guide_055/stderr.txt	0	e3b0c44298fc1c149afbf4c8996fb92427ae41e4649b934ca495991b7852b855
raw/pilot_100_fallback_20260801T180205Z/timing/baseline/measured_1/chr22_100_guide_056/command.txt	294	2c1a0e09242686c40da017da57ec8d856ef9e4e4fb021b2d84b7658f4168a769
raw/pilot_100_fallback_20260801T180205Z/timing/baseline/measured_1/chr22_100_guide_056/metrics.tsv	294	8ad6ea7ce9b8b86218f8636b896fcfc7503b7eeec44d9cefaad3b6e77d391426
raw/pilot_100_fallback_20260801T180205Z/timing/baseline/measured_1/chr22_100_guide_056/output.paf	105	4a6cdc3b90d2775c2496444fab6f836151cd422ec2c82a9bf758cde5414f2417
raw/pilot_100_fallback_20260801T180205Z/timing/baseline/measured_1/chr22_100_guide_056/stderr.txt	0	e3b0c44298fc1c149afbf4c8996fb92427ae41e4649b934ca495991b7852b855
raw/pilot_100_fallback_20260801T180205Z/timing/baseline/measured_1/chr22_100_guide_057/command.txt	294	4f78aff6fc9fe3c25101e8f164d927838e7bd55167275931099c5df2bc37a2b3
raw/pilot_100_fallback_20260801T180205Z/timing/baseline/measured_1/chr22_100_guide_057/metrics.tsv	298	27a4aa7594dc511881c5674995e5255a00f09aa99c5847d804d0d50350908e2f
raw/pilot_100_fallback_20260801T180205Z/timing/baseline/measured_1/chr22_100_guide_057/output.paf	4779	e447aa0d7123fcaedec935b3f8ed884340b0440a321c2a67fe809c7ccae27345
raw/pilot_100_fallback_20260801T180205Z/timing/baseline/measured_1/chr22_100_guide_057/stderr.txt	1125	b2b32f17633bad48f0d63dd8593879a3898a801f59345a837879f804a8b0a9ca
raw/pilot_100_fallback_20260801T180205Z/timing/baseline/measured_1/chr22_100_guide_058/command.txt	294	42e978afa0c20f3f75c3438381894c1d3e831b6024e1178f8413c64b3a1fa7bf
raw/pilot_100_fallback_20260801T180205Z/timing/baseline/measured_1/chr22_100_guide_058/metrics.tsv	294	7e5dedad60511841847f0a7cc9f2aaa64a563cea57fc3c2d7d64ffa7ae379e76
raw/pilot_100_fallback_20260801T180205Z/timing/baseline/measured_1/chr22_100_guide_058/output.paf	105	b7517a16df61180265ec10a20cb33a003c3ea568992073591f20e96d81391119
raw/pilot_100_fallback_20260801T180205Z/timing/baseline/measured_1/chr22_100_guide_058/stderr.txt	0	e3b0c44298fc1c149afbf4c8996fb92427ae41e4649b934ca495991b7852b855
raw/pilot_100_fallback_20260801T180205Z/timing/baseline/measured_1/chr22_100_guide_059/command.txt	294	d3ed08a4d85e49c013ef46a16a83336181bb06ba551459de75aa365054b565d4
raw/pilot_100_fallback_20260801T180205Z/timing/baseline/measured_1/chr22_100_guide_059/metrics.tsv	294	e7e6713d882d61ba2141be953fb9ef3011cad153ed3d873072e0a61fecfab2e8
raw/pilot_100_fallback_20260801T180205Z/timing/baseline/measured_1/chr22_100_guide_059/output.paf	105	a6e8f7dbe8440152b018e778c86e594c220662576f7388bf74086116bfb557b5
raw/pilot_100_fallback_20260801T180205Z/timing/baseline/measured_1/chr22_100_guide_059/stderr.txt	0	e3b0c44298fc1c149afbf4c8996fb92427ae41e4649b934ca495991b7852b855
raw/pilot_100_fallback_20260801T180205Z/timing/baseline/measured_1/chr22_100_guide_060/command.txt	294	b6de0bf1b4b24fd7876c63b0d267ce2bafbe4db9f26c7b623196acd7d7f8bde3
raw/pilot_100_fallback_20260801T180205Z/timing/baseline/measured_1/chr22_100_guide_060/metrics.tsv	294	db1bc1831eb737a901faf15e468d26e137fc80e2dc049531a12edd6b6abedb64
raw/pilot_100_fallback_20260801T180205Z/timing/baseline/measured_1/chr22_100_guide_060/output.paf	105	96bacc0c5f62f5ee3cb64d6560e882e64673267447e8714383a4ab744f1c99a8
raw/pilot_100_fallback_20260801T180205Z/timing/baseline/measured_1/chr22_100_guide_060/stderr.txt	0	e3b0c44298fc1c149afbf4c8996fb92427ae41e4649b934ca495991b7852b855
raw/pilot_100_fallback_20260801T180205Z/timing/baseline/measured_1/chr22_100_guide_061/command.txt	294	86f836e6f97e0279c74efba63336e64ebcd003b6da19c497e63e193f918a4c3a
raw/pilot_100_fallback_20260801T180205Z/timing/baseline/measured_1/chr22_100_guide_061/metrics.tsv	294	be65c61dfdc163f71ecc233916e793a38995e932d1a883bb4d9a03b9243edc0c
raw/pilot_100_fallback_20260801T180205Z/timing/baseline/measured_1/chr22_100_guide_061/output.paf	105	9246314add68bcb309196485353ca32264aa9d97b65d40e3825659e7fa9e07c5
raw/pilot_100_fallback_20260801T180205Z/timing/baseline/measured_1/chr22_100_guide_061/stderr.txt	0	e3b0c44298fc1c149afbf4c8996fb92427ae41e4649b934ca495991b7852b855
raw/pilot_100_fallback_20260801T180205Z/timing/baseline/measured_1/chr22_100_guide_062/command.txt	294	cd3d0c9d843f95cbad1a96a838539555dfac1c2ce161e885552208ad0e0f5fc8
raw/pilot_100_fallback_20260801T180205Z/timing/baseline/measured_1/chr22_100_guide_062/metrics.tsv	294	b267e1534fd1f4ed17163aeef4e1c48a4fb4b2ef8298227aa51efe6236b2d473
raw/pilot_100_fallback_20260801T180205Z/timing/baseline/measured_1/chr22_100_guide_062/output.paf	105	4832e7aa711ccdac22496f6cb8a979eec30369c372fca1b6aba1e3edfb12e8a1
raw/pilot_100_fallback_20260801T180205Z/timing/baseline/measured_1/chr22_100_guide_062/stderr.txt	0	e3b0c44298fc1c149afbf4c8996fb92427ae41e4649b934ca495991b7852b855
raw/pilot_100_fallback_20260801T180205Z/timing/baseline/measured_1/chr22_100_guide_063/command.txt	294	70887f056f4e6c9a7fb8d55aebf6260ff2cacc2988834221b289083a7d8ecd39
raw/pilot_100_fallback_20260801T180205Z/timing/baseline/measured_1/chr22_100_guide_063/metrics.tsv	294	ea5b2f94a1bbedbb7d9ccf7b42d76b0223d29c455eb7213e38495591b9c2cb7a
raw/pilot_100_fallback_20260801T180205Z/timing/baseline/measured_1/chr22_100_guide_063/output.paf	105	c4ca7ddc636638d7005d3e187756ba84185296e1c2585b41d0a7a856e2606213
raw/pilot_100_fallback_20260801T180205Z/timing/baseline/measured_1/chr22_100_guide_063/stderr.txt	0	e3b0c44298fc1c149afbf4c8996fb92427ae41e4649b934ca495991b7852b855
raw/pilot_100_fallback_20260801T180205Z/timing/baseline/measured_1/chr22_100_guide_064/command.txt	294	b1f39b0ebad89619ebac2bc2eb9430e92b5714779333946948e654ec71525f96
raw/pilot_100_fallback_20260801T180205Z/timing/baseline/measured_1/chr22_100_guide_064/metrics.tsv	294	a4408876f19127373ddaeec1e0f1037c21f0c388098631a87efcc220a869f06f
raw/pilot_100_fallback_20260801T180205Z/timing/baseline/measured_1/chr22_100_guide_064/output.paf	105	b38f02456f345d872287da7f74b53691b169eb255cc35d11d103c308c700d2eb
raw/pilot_100_fallback_20260801T180205Z/timing/baseline/measured_1/chr22_100_guide_064/stderr.txt	0	e3b0c44298fc1c149afbf4c8996fb92427ae41e4649b934ca495991b7852b855
raw/pilot_100_fallback_20260801T180205Z/timing/baseline/measured_1/chr22_100_guide_065/command.txt	294	a0eedbe5dd7aa14b950e4a84b89ccaf07cb94a3edbf045a82b33414a79711c01
raw/pilot_100_fallback_20260801T180205Z/timing/baseline/measured_1/chr22_100_guide_065/metrics.tsv	294	8530d4b1e7c58b14cf3b8c01f420fc13d24aa9b2fdc2f8a211e55345b3069b36
raw/pilot_100_fallback_20260801T180205Z/timing/baseline/measured_1/chr22_100_guide_065/output.paf	105	4a6f7a313e251182f276be210f99075cb7bfa5275fa278d132ac27df6e713db1
raw/pilot_100_fallback_20260801T180205Z/timing/baseline/measured_1/chr22_100_guide_065/stderr.txt	0	e3b0c44298fc1c149afbf4c8996fb92427ae41e4649b934ca495991b7852b855
raw/pilot_100_fallback_20260801T180205Z/timing/baseline/measured_1/chr22_100_guide_066/command.txt	294	bccc118f5764efd69b1775580918aecc29aa2fa189f711f88ee05cbd88261375
raw/pilot_100_fallback_20260801T180205Z/timing/baseline/measured_1/chr22_100_guide_066/metrics.tsv	294	f5e69f6c89abe351f8974b941c6e79c454b38d42422ea2d2991217dbd84ca0e1
raw/pilot_100_fallback_20260801T180205Z/timing/baseline/measured_1/chr22_100_guide_066/output.paf	105	4802296ebbba9922a4ece696902be06427691049808ba406ed873a9a4a219f9c
raw/pilot_100_fallback_20260801T180205Z/timing/baseline/measured_1/chr22_100_guide_066/stderr.txt	0	e3b0c44298fc1c149afbf4c8996fb92427ae41e4649b934ca495991b7852b855
raw/pilot_100_fallback_20260801T180205Z/timing/baseline/measured_1/chr22_100_guide_067/command.txt	294	725e56395656f09ff7d0fce53f985a68b06a7cc2dd6a4e2922101a912c48efd4
raw/pilot_100_fallback_20260801T180205Z/timing/baseline/measured_1/chr22_100_guide_067/metrics.tsv	294	aba2c8c4aef3dc463c5f0aa4e1f2a0a3d8119f1cbe62ceff57a628b53a9a99d1
raw/pilot_100_fallback_20260801T180205Z/timing/baseline/measured_1/chr22_100_guide_067/output.paf	105	0229a4fc79d3d37ddda05a4910899ff60fcd29aa41d3690d08b235deae1dd329
raw/pilot_100_fallback_20260801T180205Z/timing/baseline/measured_1/chr22_100_guide_067/stderr.txt	0	e3b0c44298fc1c149afbf4c8996fb92427ae41e4649b934ca495991b7852b855
raw/pilot_100_fallback_20260801T180205Z/timing/baseline/measured_1/chr22_100_guide_068/command.txt	294	5c3b93b11b8e6a74bde0ca874a8c3513b022608ec72102e19b764eda2894281c
raw/pilot_100_fallback_20260801T180205Z/timing/baseline/measured_1/chr22_100_guide_068/metrics.tsv	294	2825cbc373263290fdac6934526aff4dee2e881182ec60e9670593c3ebfd4db2
raw/pilot_100_fallback_20260801T180205Z/timing/baseline/measured_1/chr22_100_guide_068/output.paf	214	d39c5b6762aa09453e14f55e106ab300ceb4955ee3d73b381937cbf2220ed042
raw/pilot_100_fallback_20260801T180205Z/timing/baseline/measured_1/chr22_100_guide_068/stderr.txt	0	e3b0c44298fc1c149afbf4c8996fb92427ae41e4649b934ca495991b7852b855
raw/pilot_100_fallback_20260801T180205Z/timing/baseline/measured_1/chr22_100_guide_069/command.txt	294	99de005df36445fc0cc87e0e7f648b713e285055a4d085232f2faac07be3b277
raw/pilot_100_fallback_20260801T180205Z/timing/baseline/measured_1/chr22_100_guide_069/metrics.tsv	294	0219c99968b5e36a5e005d14bd530b5f5416cb848a01e7afbe6cce31fc80d211
raw/pilot_100_fallback_20260801T180205Z/timing/baseline/measured_1/chr22_100_guide_069/output.paf	107	894b1dbfd640275e381c43f266827b3b0b872a2b9928a9ade378892e79cddd91
raw/pilot_100_fallback_20260801T180205Z/timing/baseline/measured_1/chr22_100_guide_069/stderr.txt	0	e3b0c44298fc1c149afbf4c8996fb92427ae41e4649b934ca495991b7852b855
raw/pilot_100_fallback_20260801T180205Z/timing/baseline/measured_1/chr22_100_guide_070/command.txt	294	8219161a7733a4e4c0488d6c14034deed7894765a0f4a8af2ef1208cbed2db65
raw/pilot_100_fallback_20260801T180205Z/timing/baseline/measured_1/chr22_100_guide_070/metrics.tsv	294	1a101e6ac1e198798cf4e274794e543b41e0ca547d3ab8331f7025cd69f26857
raw/pilot_100_fallback_20260801T180205Z/timing/baseline/measured_1/chr22_100_guide_070/output.paf	105	555a66e1753526673117e366fb233c844df0cfc38a64971866528e20e52f4ca2
raw/pilot_100_fallback_20260801T180205Z/timing/baseline/measured_1/chr22_100_guide_070/stderr.txt	0	e3b0c44298fc1c149afbf4c8996fb92427ae41e4649b934ca495991b7852b855
raw/pilot_100_fallback_20260801T180205Z/timing/baseline/measured_1/chr22_100_guide_071/command.txt	294	33e1452dc4ab7f77b5c60b48874e08912b2384e40fb648eac1ed52a2b2df65b9
raw/pilot_100_fallback_20260801T180205Z/timing/baseline/measured_1/chr22_100_guide_071/metrics.tsv	294	18e3c1147125e322111bc66fc5b94854e62e0801a9dc043e66dcbe9f1890d738
raw/pilot_100_fallback_20260801T180205Z/timing/baseline/measured_1/chr22_100_guide_071/output.paf	105	db50066ab5215e0ab40715d3e84c765c47977eb5d92e2f74fef9a37ee0c19f96
raw/pilot_100_fallback_20260801T180205Z/timing/baseline/measured_1/chr22_100_guide_071/stderr.txt	0	e3b0c44298fc1c149afbf4c8996fb92427ae41e4649b934ca495991b7852b855
raw/pilot_100_fallback_20260801T180205Z/timing/baseline/measured_1/chr22_100_guide_072/command.txt	294	10e3796ef2fbb531f9c0fdf7ed8c3441643f57ef8e1269b561e32d6893dfc208
raw/pilot_100_fallback_20260801T180205Z/timing/baseline/measured_1/chr22_100_guide_072/metrics.tsv	294	2eff1923b48731db0c3ba3b60965779cff27370ca27dc18ebef541a43cc099c1
raw/pilot_100_fallback_20260801T180205Z/timing/baseline/measured_1/chr22_100_guide_072/output.paf	105	a7389bd954eaa7a8f7c3e448a2ff3a3f4ef011b680d833fad933fd884d099eca
raw/pilot_100_fallback_20260801T180205Z/timing/baseline/measured_1/chr22_100_guide_072/stderr.txt	0	e3b0c44298fc1c149afbf4c8996fb92427ae41e4649b934ca495991b7852b855
raw/pilot_100_fallback_20260801T180205Z/timing/baseline/measured_1/chr22_100_guide_073/command.txt	294	8ddf9d7e2608669e5fd6a1fd8c1335579a510d4d382c7cbc9d99592881f85fae
raw/pilot_100_fallback_20260801T180205Z/timing/baseline/measured_1/chr22_100_guide_073/metrics.tsv	294	a9b87b1038bda19ac2bf19ad349a18d74a759eb5324246faf9214a504e1de496
raw/pilot_100_fallback_20260801T180205Z/timing/baseline/measured_1/chr22_100_guide_073/output.paf	105	850390cf00e784716c531f5e64380876ff07596af289e7ba34bc096bff075ecc
raw/pilot_100_fallback_20260801T180205Z/timing/baseline/measured_1/chr22_100_guide_073/stderr.txt	0	e3b0c44298fc1c149afbf4c8996fb92427ae41e4649b934ca495991b7852b855
raw/pilot_100_fallback_20260801T180205Z/timing/baseline/measured_1/chr22_100_guide_074/command.txt	294	4f2ed744a868ca92e3555a96b060747acf3bae65e2aa2059d9c41153327b3875
raw/pilot_100_fallback_20260801T180205Z/timing/baseline/measured_1/chr22_100_guide_074/metrics.tsv	294	7c9192a6cc0d19561dd9040da431752a3fe76e38f7ac9b8b883e4e1ab93b05a9
raw/pilot_100_fallback_20260801T180205Z/timing/baseline/measured_1/chr22_100_guide_074/output.paf	105	1f00016106bffc2ceba39230352e1e4ef914076353527946b8890d37546c25f5
raw/pilot_100_fallback_20260801T180205Z/timing/baseline/measured_1/chr22_100_guide_074/stderr.txt	0	e3b0c44298fc1c149afbf4c8996fb92427ae41e4649b934ca495991b7852b855
raw/pilot_100_fallback_20260801T180205Z/timing/baseline/measured_1/chr22_100_guide_075/command.txt	294	106f54bec30a40f6f3910a52de5d5c49338a9c5165265e82644929d39c73a88e
raw/pilot_100_fallback_20260801T180205Z/timing/baseline/measured_1/chr22_100_guide_075/metrics.tsv	298	4bd9c3cc608c4cfaba045f9d3b09a71295d2c5422976944cc212e4e25d795381
raw/pilot_100_fallback_20260801T180205Z/timing/baseline/measured_1/chr22_100_guide_075/output.paf	5818	614fa5b4f485a1fa8c00df490945639ea3b852b19e198bebe4d74ffe93ad1b88
raw/pilot_100_fallback_20260801T180205Z/timing/baseline/measured_1/chr22_100_guide_075/stderr.txt	1845	cae01c86d9418ff48743f603d690cbbed7cfd0a775aa61abea8fe81d849a788f
raw/pilot_100_fallback_20260801T180205Z/timing/baseline/measured_1/chr22_100_guide_076/command.txt	294	8d83f8807b0ccd9da7fb4667fb7b469fc9d97e3552a7790fb3bf8ee1f800e656
raw/pilot_100_fallback_20260801T180205Z/timing/baseline/measured_1/chr22_100_guide_076/metrics.tsv	295	0d8a5ce6030ec6bf94fced3822dc543363994386c8ce5e0e96db06cd4cd24562
raw/pilot_100_fallback_20260801T180205Z/timing/baseline/measured_1/chr22_100_guide_076/output.paf	400	b142ef637df4e3f99cba0ff326382f5ebefaebebec7f67f50ae570d3cb77d0e9
raw/pilot_100_fallback_20260801T180205Z/timing/baseline/measured_1/chr22_100_guide_076/stderr.txt	90	e738f131400a5df528e34a9a74400f6996b29d28e34bef3f730ed59c9b584539
raw/pilot_100_fallback_20260801T180205Z/timing/baseline/measured_1/chr22_100_guide_077/command.txt	294	34a4ac4305dad4b70d1972d75cba9cee9734695b32e7b9eed5101f6ddda4eb4d
raw/pilot_100_fallback_20260801T180205Z/timing/baseline/measured_1/chr22_100_guide_077/metrics.tsv	294	5ef29393c7729228aca9929262683f60a412a1a07917efdfeff4bd279058a5a2
raw/pilot_100_fallback_20260801T180205Z/timing/baseline/measured_1/chr22_100_guide_077/output.paf	105	e3869c3952dd0b0eb3e37141b1040c6f25b82c4e398011436f2219c75f8febe8
raw/pilot_100_fallback_20260801T180205Z/timing/baseline/measured_1/chr22_100_guide_077/stderr.txt	0	e3b0c44298fc1c149afbf4c8996fb92427ae41e4649b934ca495991b7852b855
raw/pilot_100_fallback_20260801T180205Z/timing/baseline/measured_1/chr22_100_guide_078/command.txt	294	faa9aba2aac1781a334c68e83706090c78953cbac5ad46232eef3388cea4039c
raw/pilot_100_fallback_20260801T180205Z/timing/baseline/measured_1/chr22_100_guide_078/metrics.tsv	294	8de0b5259c351e5d236f93d9920bceb3ce530af2dfea603eb441eb5ebef36455
raw/pilot_100_fallback_20260801T180205Z/timing/baseline/measured_1/chr22_100_guide_078/output.paf	105	b32f95b3659bdf5efde0a545c93605a84811e1f51637e98948f88b66e0c918a9
raw/pilot_100_fallback_20260801T180205Z/timing/baseline/measured_1/chr22_100_guide_078/stderr.txt	0	e3b0c44298fc1c149afbf4c8996fb92427ae41e4649b934ca495991b7852b855
raw/pilot_100_fallback_20260801T180205Z/timing/baseline/measured_1/chr22_100_guide_079/command.txt	294	45b239768da0457701c80edb9be4e94b086d4979b752d49c90045db0a0cd4f14
raw/pilot_100_fallback_20260801T180205Z/timing/baseline/measured_1/chr22_100_guide_079/metrics.tsv	294	cec903827fefaf1e9a3087304b423ee53edcb54a9792c5aac176a1cb07892cc4
raw/pilot_100_fallback_20260801T180205Z/timing/baseline/measured_1/chr22_100_guide_079/output.paf	105	3719b9c87eb26bae46571444132aecd72ec6971081ed8592128ac8081655f637
raw/pilot_100_fallback_20260801T180205Z/timing/baseline/measured_1/chr22_100_guide_079/stderr.txt	0	e3b0c44298fc1c149afbf4c8996fb92427ae41e4649b934ca495991b7852b855
raw/pilot_100_fallback_20260801T180205Z/timing/baseline/measured_1/chr22_100_guide_080/command.txt	294	d49e476f53b0190d2dbd332662213cd0421dff8a329bee086cf07e15d7f97704
raw/pilot_100_fallback_20260801T180205Z/timing/baseline/measured_1/chr22_100_guide_080/metrics.tsv	294	508af28b53b524985432608bd302c0308871aca9731f73bbac2a4ad57c83096b
raw/pilot_100_fallback_20260801T180205Z/timing/baseline/measured_1/chr22_100_guide_080/output.paf	105	5c9d989f365df1d424483a28cbc77093b089ff7ebee8cd46972f309ff0b6db17
raw/pilot_100_fallback_20260801T180205Z/timing/baseline/measured_1/chr22_100_guide_080/stderr.txt	0	e3b0c44298fc1c149afbf4c8996fb92427ae41e4649b934ca495991b7852b855
raw/pilot_100_fallback_20260801T180205Z/timing/baseline/measured_1/chr22_100_guide_081/command.txt	294	5afa740561bc893dab0d8638897114fc63396b5fecdf28cdddab3db337bc2cc2
raw/pilot_100_fallback_20260801T180205Z/timing/baseline/measured_1/chr22_100_guide_081/metrics.tsv	294	dc2f0356008f11d1ae72bd5967a21fbf2e8e73c7387c675eb40b4a1ce3d7b934
raw/pilot_100_fallback_20260801T180205Z/timing/baseline/measured_1/chr22_100_guide_081/output.paf	105	60f8b2bdc588b6b13527c78acc609879caa8defea9c72ada132dee63d52ad9bf
raw/pilot_100_fallback_20260801T180205Z/timing/baseline/measured_1/chr22_100_guide_081/stderr.txt	0	e3b0c44298fc1c149afbf4c8996fb92427ae41e4649b934ca495991b7852b855
raw/pilot_100_fallback_20260801T180205Z/timing/baseline/measured_1/chr22_100_guide_082/command.txt	294	c5eb9cf68dbf3fb168355c780ea930c057ba1147a70e43e2e8d87d137c55b8c4
raw/pilot_100_fallback_20260801T180205Z/timing/baseline/measured_1/chr22_100_guide_082/metrics.tsv	294	a356042b2f3c07381f8a386f9a760933457fc9a2d24b2568d759e7ec3cae2b7a
raw/pilot_100_fallback_20260801T180205Z/timing/baseline/measured_1/chr22_100_guide_082/output.paf	105	8aa0d629b648d54d65dead9f626b4f79b04416d14abcb761ce6f8afd4c8d5a02
raw/pilot_100_fallback_20260801T180205Z/timing/baseline/measured_1/chr22_100_guide_082/stderr.txt	0	e3b0c44298fc1c149afbf4c8996fb92427ae41e4649b934ca495991b7852b855
raw/pilot_100_fallback_20260801T180205Z/timing/baseline/measured_1/chr22_100_guide_083/command.txt	294	3416ca0a99f0208ab1ce747521d78a2ac75be8410b274f3d6925da2201613f82
raw/pilot_100_fallback_20260801T180205Z/timing/baseline/measured_1/chr22_100_guide_083/metrics.tsv	294	c247feab538e755d89dc0b9eb8ea4827b1e6a693e751f455bc65e7b40c310920
raw/pilot_100_fallback_20260801T180205Z/timing/baseline/measured_1/chr22_100_guide_083/output.paf	105	1da030b92202db00fdf4fa746fa0de1c56a74c6415d7abf8e6e634730c0990ca
raw/pilot_100_fallback_20260801T180205Z/timing/baseline/measured_1/chr22_100_guide_083/stderr.txt	0	e3b0c44298fc1c149afbf4c8996fb92427ae41e4649b934ca495991b7852b855
raw/pilot_100_fallback_20260801T180205Z/timing/baseline/measured_1/chr22_100_guide_084/command.txt	294	46bdd25b56b30de4d3bf5825476b1e2ce5a25e059c364c2f402dde24c86be485
raw/pilot_100_fallback_20260801T180205Z/timing/baseline/measured_1/chr22_100_guide_084/metrics.tsv	295	905278e4c82d0612e7af63d0219b0184c204af595285e6859434730f2257eb87
raw/pilot_100_fallback_20260801T180205Z/timing/baseline/measured_1/chr22_100_guide_084/output.paf	517	d3912c4fe014403d39f5babbc235cd2d4fea43649489b9579873d8d170b294d0
raw/pilot_100_fallback_20260801T180205Z/timing/baseline/measured_1/chr22_100_guide_084/stderr.txt	45	ecd997460eff8b19bac120208f47edd7be53e3371027aaa35d95fa07a5e79089
raw/pilot_100_fallback_20260801T180205Z/timing/baseline/measured_1/chr22_100_guide_085/command.txt	294	4c66d15d09fe32c5dde11c67e94daef15b4ac44f8d863f8e536dee9575262581
raw/pilot_100_fallback_20260801T180205Z/timing/baseline/measured_1/chr22_100_guide_085/metrics.tsv	294	d73438e88432fb0a0fc40507f495167742bbe3dd6021efdacd51a6dd3970e602
raw/pilot_100_fallback_20260801T180205Z/timing/baseline/measured_1/chr22_100_guide_085/output.paf	105	886f21508ef43139da65b3307d412b9c43af12390fb60b152be51f2961337117
raw/pilot_100_fallback_20260801T180205Z/timing/baseline/measured_1/chr22_100_guide_085/stderr.txt	0	e3b0c44298fc1c149afbf4c8996fb92427ae41e4649b934ca495991b7852b855
raw/pilot_100_fallback_20260801T180205Z/timing/baseline/measured_1/chr22_100_guide_086/command.txt	294	3444740aa026e2ab6eb56d5a9baf76db9c61248ef6a3591ad24e819f87449dd2
raw/pilot_100_fallback_20260801T180205Z/timing/baseline/measured_1/chr22_100_guide_086/metrics.tsv	294	040a13aca445bad0e124cbc1d01225afb57330df4901de9bac40fd6b8cce6f9b
raw/pilot_100_fallback_20260801T180205Z/timing/baseline/measured_1/chr22_100_guide_086/output.paf	105	b49d937c3f713b95c07b0df4983659c5531f5062b2c8b309c93edf95c5d33253
raw/pilot_100_fallback_20260801T180205Z/timing/baseline/measured_1/chr22_100_guide_086/stderr.txt	0	e3b0c44298fc1c149afbf4c8996fb92427ae41e4649b934ca495991b7852b855
raw/pilot_100_fallback_20260801T180205Z/timing/baseline/measured_1/chr22_100_guide_087/command.txt	294	a1b16959df12ab6a2ad59ee79b067084b78b8dfc3f3550eaf89da1643c0125bb
raw/pilot_100_fallback_20260801T180205Z/timing/baseline/measured_1/chr22_100_guide_087/metrics.tsv	294	bd04b553f385f443851802e831078392221fb27c84c8f5906ea390824bb380ec
raw/pilot_100_fallback_20260801T180205Z/timing/baseline/measured_1/chr22_100_guide_087/output.paf	323	9a84143c1c0ae741457654eac03a337269c00cb43411a6b54461fbe5949d0b50
raw/pilot_100_fallback_20260801T180205Z/timing/baseline/measured_1/chr22_100_guide_087/stderr.txt	0	e3b0c44298fc1c149afbf4c8996fb92427ae41e4649b934ca495991b7852b855
raw/pilot_100_fallback_20260801T180205Z/timing/baseline/measured_1/chr22_100_guide_088/command.txt	294	f2a3f6a07ebd08e30cb34865d37ac2ff7605d082f83307f44be0f061bf9cf833
raw/pilot_100_fallback_20260801T180205Z/timing/baseline/measured_1/chr22_100_guide_088/metrics.tsv	294	d3abb55e8b93ae1e19df60f25b578739c4c780bbef7faa26c16e7741dd3171e7
raw/pilot_100_fallback_20260801T180205Z/timing/baseline/measured_1/chr22_100_guide_088/output.paf	105	7b9ea615f9aa7e046adebd0e63adf8ebdc63c09e2a683a13ae5b9e9457fd8152
raw/pilot_100_fallback_20260801T180205Z/timing/baseline/measured_1/chr22_100_guide_088/stderr.txt	0	e3b0c44298fc1c149afbf4c8996fb92427ae41e4649b934ca495991b7852b855
raw/pilot_100_fallback_20260801T180205Z/timing/baseline/measured_1/chr22_100_guide_089/command.txt	294	297f847c9990d3327a7342e31559525404718dbc102c79b8455441154a68860a
raw/pilot_100_fallback_20260801T180205Z/timing/baseline/measured_1/chr22_100_guide_089/metrics.tsv	294	a6203aa11958c5c5c8bb63d4d9ce4b647efc71e156f6d46c0c2f592a32ec8dba
raw/pilot_100_fallback_20260801T180205Z/timing/baseline/measured_1/chr22_100_guide_089/output.paf	105	790719bd8847db6a942f261864ea37c0ec15f7a4f400e0bd1eaf31a8e659f354
raw/pilot_100_fallback_20260801T180205Z/timing/baseline/measured_1/chr22_100_guide_089/stderr.txt	0	e3b0c44298fc1c149afbf4c8996fb92427ae41e4649b934ca495991b7852b855
raw/pilot_100_fallback_20260801T180205Z/timing/baseline/measured_1/chr22_100_guide_090/command.txt	294	62baeecbbbb7cb1beb1a7fa0a280e6cdc608f5fcbc06c89131f328c82cad3b88
raw/pilot_100_fallback_20260801T180205Z/timing/baseline/measured_1/chr22_100_guide_090/metrics.tsv	294	ed3c72ba3a31872b348a47ec266496e96b50c25e5bea92b0c6cad870dea0849d
raw/pilot_100_fallback_20260801T180205Z/timing/baseline/measured_1/chr22_100_guide_090/output.paf	105	af0e7d04b9032b6ba55a507cdc6196da5e7f3adbce117a38bb6ba2d2fb078cba
raw/pilot_100_fallback_20260801T180205Z/timing/baseline/measured_1/chr22_100_guide_090/stderr.txt	0	e3b0c44298fc1c149afbf4c8996fb92427ae41e4649b934ca495991b7852b855
raw/pilot_100_fallback_20260801T180205Z/timing/baseline/measured_1/chr22_100_guide_091/command.txt	294	32cc6da567e225a4f2cd3a2377a598ccbaabc35046b9064bac0df339a0e21a3d
raw/pilot_100_fallback_20260801T180205Z/timing/baseline/measured_1/chr22_100_guide_091/metrics.tsv	294	f6a99e3b11c19476514fab7f209ed16cb8f0c9c2efe838ee97907a1c4a7687ce
raw/pilot_100_fallback_20260801T180205Z/timing/baseline/measured_1/chr22_100_guide_091/output.paf	214	cf53e5c0ba2549b95ad7cc66f6caa57165a2d7ef971b8448816c1f5189dcba42
raw/pilot_100_fallback_20260801T180205Z/timing/baseline/measured_1/chr22_100_guide_091/stderr.txt	0	e3b0c44298fc1c149afbf4c8996fb92427ae41e4649b934ca495991b7852b855
raw/pilot_100_fallback_20260801T180205Z/timing/baseline/measured_1/chr22_100_guide_092/command.txt	294	b1df8e70b02bdbbfbb47908fa04522a531b1e1ad08becc03f50acea6693be13e
raw/pilot_100_fallback_20260801T180205Z/timing/baseline/measured_1/chr22_100_guide_092/metrics.tsv	294	6f98d3c1b7f322f02930212ca8ba1203573c5d41aef67e2c32c73e767abfa56e
raw/pilot_100_fallback_20260801T180205Z/timing/baseline/measured_1/chr22_100_guide_092/output.paf	105	36dc22934c7c02b9c1a4043e7fa71e9fab23fac626842ee0233fa0a19e8a4d8d
raw/pilot_100_fallback_20260801T180205Z/timing/baseline/measured_1/chr22_100_guide_092/stderr.txt	0	e3b0c44298fc1c149afbf4c8996fb92427ae41e4649b934ca495991b7852b855
raw/pilot_100_fallback_20260801T180205Z/timing/baseline/measured_1/chr22_100_guide_093/command.txt	294	8318cf790daebe2ae59d609333c635a134954b1e3cd87ef8c72f433e45110b40
raw/pilot_100_fallback_20260801T180205Z/timing/baseline/measured_1/chr22_100_guide_093/metrics.tsv	294	0a3d828a62053ddcf415c734d11e948ac226094a2ce1fc153bc7016eae62e0d1
raw/pilot_100_fallback_20260801T180205Z/timing/baseline/measured_1/chr22_100_guide_093/output.paf	105	7c248ba9765e06499bdbdd56fa063150392f57bbcf49d7273e7a34148cb2a14e
raw/pilot_100_fallback_20260801T180205Z/timing/baseline/measured_1/chr22_100_guide_093/stderr.txt	0	e3b0c44298fc1c149afbf4c8996fb92427ae41e4649b934ca495991b7852b855
raw/pilot_100_fallback_20260801T180205Z/timing/baseline/measured_1/chr22_100_guide_094/command.txt	294	1addb3efa131e8e103242ba9daac6b8f0063c83db50c7a3c5e6c88899a3a020a
raw/pilot_100_fallback_20260801T180205Z/timing/baseline/measured_1/chr22_100_guide_094/metrics.tsv	294	d6692900232a57f82791cc48d47d42305cbf5b28e06b5b71e852c7b951482939
raw/pilot_100_fallback_20260801T180205Z/timing/baseline/measured_1/chr22_100_guide_094/output.paf	105	b129ef3c4f85946c1752fcdec67457fbfa137faf10c495dcfb79020726f0093a
raw/pilot_100_fallback_20260801T180205Z/timing/baseline/measured_1/chr22_100_guide_094/stderr.txt	0	e3b0c44298fc1c149afbf4c8996fb92427ae41e4649b934ca495991b7852b855
raw/pilot_100_fallback_20260801T180205Z/timing/baseline/measured_1/chr22_100_guide_095/command.txt	294	172bcf5e6696030397c56f1e2e204827348ef72b9e5e542967b4f0be658c21ec
raw/pilot_100_fallback_20260801T180205Z/timing/baseline/measured_1/chr22_100_guide_095/metrics.tsv	294	7b156413fb5d3213dba3482e4221f14e7aa0f45186992de95a4d5ce5c108f212
raw/pilot_100_fallback_20260801T180205Z/timing/baseline/measured_1/chr22_100_guide_095/output.paf	214	72cfccdb732c7f835e82aebb76ca4186954ee044989d4d3f165c230249e1ab41
raw/pilot_100_fallback_20260801T180205Z/timing/baseline/measured_1/chr22_100_guide_095/stderr.txt	0	e3b0c44298fc1c149afbf4c8996fb92427ae41e4649b934ca495991b7852b855
raw/pilot_100_fallback_20260801T180205Z/timing/baseline/measured_1/chr22_100_guide_096/command.txt	294	111ddc9a7fd7a284bef5082c64543ca18675ce04d5d1b8c6140fad62a9faa5c8
raw/pilot_100_fallback_20260801T180205Z/timing/baseline/measured_1/chr22_100_guide_096/metrics.tsv	294	c5939ad71b189c1b80060a8b3e0b5f470c81598727cb89d95f3a81fcb852e682
raw/pilot_100_fallback_20260801T180205Z/timing/baseline/measured_1/chr22_100_guide_096/output.paf	105	66356638d350f202a4fc3653512e2eb61d180a210d3b4874237620fdd88f45ac
raw/pilot_100_fallback_20260801T180205Z/timing/baseline/measured_1/chr22_100_guide_096/stderr.txt	0	e3b0c44298fc1c149afbf4c8996fb92427ae41e4649b934ca495991b7852b855
raw/pilot_100_fallback_20260801T180205Z/timing/baseline/measured_1/chr22_100_guide_097/command.txt	294	d353f2e899ebb93ed352f15f6ff5a29c9d6057a0eee378dc9828ef4d2556deea
raw/pilot_100_fallback_20260801T180205Z/timing/baseline/measured_1/chr22_100_guide_097/metrics.tsv	294	c2dfd0701308cd476e91fe2c7f44df7cfc1873ffe83bf06eb3847057789a82af
raw/pilot_100_fallback_20260801T180205Z/timing/baseline/measured_1/chr22_100_guide_097/output.paf	105	ec3317eca52cb313be8b742bd84d70d8e9f8f3d3a8dfda83e632d9ec5b3e7472
raw/pilot_100_fallback_20260801T180205Z/timing/baseline/measured_1/chr22_100_guide_097/stderr.txt	0	e3b0c44298fc1c149afbf4c8996fb92427ae41e4649b934ca495991b7852b855
raw/pilot_100_fallback_20260801T180205Z/timing/baseline/measured_1/chr22_100_guide_098/command.txt	294	468a558e0f3fdd08d7debf0ad8923a76d1462c9c7f320e22e8005dbb2614aadf
raw/pilot_100_fallback_20260801T180205Z/timing/baseline/measured_1/chr22_100_guide_098/metrics.tsv	294	4ba0c3a3314a9a2027b5b31c4192a46a6313330bb98517f32bc30592a63ab28d
raw/pilot_100_fallback_20260801T180205Z/timing/baseline/measured_1/chr22_100_guide_098/output.paf	105	624a957aae98b6d231ae1011b4e64e108e7b8e8e44287e46c4862920d0454e11
raw/pilot_100_fallback_20260801T180205Z/timing/baseline/measured_1/chr22_100_guide_098/stderr.txt	0	e3b0c44298fc1c149afbf4c8996fb92427ae41e4649b934ca495991b7852b855
raw/pilot_100_fallback_20260801T180205Z/timing/baseline/measured_1/chr22_100_guide_099/command.txt	294	d88e1c76d6eaecf792cbc868cbf12b5cb10e920bdf39eac71f27113ad3774233
raw/pilot_100_fallback_20260801T180205Z/timing/baseline/measured_1/chr22_100_guide_099/metrics.tsv	295	1e71699e1ebeff5338a5995ea262edc8e318596e81226004743362baac5c144d
raw/pilot_100_fallback_20260801T180205Z/timing/baseline/measured_1/chr22_100_guide_099/output.paf	200	ae2950cc930771cbd394906d42c51ef44aa1d759562b83917e788a9d26f47d1d
raw/pilot_100_fallback_20260801T180205Z/timing/baseline/measured_1/chr22_100_guide_099/stderr.txt	45	ecd997460eff8b19bac120208f47edd7be53e3371027aaa35d95fa07a5e79089
raw/pilot_100_fallback_20260801T180205Z/timing/baseline/measured_1/chr22_100_guide_100/command.txt	294	938429361e55b67b53c1f61e2dc5394bee9fb15e084f3c079faefb2a0ac4c137
raw/pilot_100_fallback_20260801T180205Z/timing/baseline/measured_1/chr22_100_guide_100/metrics.tsv	294	13adf709ed082a5f5d9bc6d7da78770168ae2f446b9e6fec09964c19d97316a6
raw/pilot_100_fallback_20260801T180205Z/timing/baseline/measured_1/chr22_100_guide_100/output.paf	214	4bb6e4f08a7316ba26ec3e6f894f79070071b55d78d6c1605a50035d0a1d9c79
raw/pilot_100_fallback_20260801T180205Z/timing/baseline/measured_1/chr22_100_guide_100/stderr.txt	0	e3b0c44298fc1c149afbf4c8996fb92427ae41e4649b934ca495991b7852b855
raw/pilot_100_fallback_20260801T180205Z/timing/baseline/measured_1/stdout.sha256.list	8500	2d1795b717568c1eb36a33629b60438c004e2769373390c8aaf36a22e1c413ed
raw/pilot_100_fallback_20260801T180205Z/timing/baseline/measured_2/chr22_100_guide_001/command.txt	294	3c9dd3c2caae1a522ea06d5a0d82f82c919b8f6c58f3c7353013c3857d5a052f
raw/pilot_100_fallback_20260801T180205Z/timing/baseline/measured_2/chr22_100_guide_001/metrics.tsv	295	a8becc649700bedb092df502674c2473ad2bff2b140eb04b381ad5321378bf07
raw/pilot_100_fallback_20260801T180205Z/timing/baseline/measured_2/chr22_100_guide_001/output.paf	192	c9c93b5e3642ad2be4fd3699f495e8d1c48adb430768e7ff532b1a4c59fa0c05
raw/pilot_100_fallback_20260801T180205Z/timing/baseline/measured_2/chr22_100_guide_001/stderr.txt	45	ecd997460eff8b19bac120208f47edd7be53e3371027aaa35d95fa07a5e79089
raw/pilot_100_fallback_20260801T180205Z/timing/baseline/measured_2/chr22_100_guide_002/command.txt	294	ac1b91c9856b4d1a369592cde97c85ea96aa65b6ee4b485a78d333ca081481f5
raw/pilot_100_fallback_20260801T180205Z/timing/baseline/measured_2/chr22_100_guide_002/metrics.tsv	295	9e00459483cbb40c0b946af81aa7d85f52d04ba1f8a785bf32c695eb8ca3549c
raw/pilot_100_fallback_20260801T180205Z/timing/baseline/measured_2/chr22_100_guide_002/output.paf	1650	0422486e190c33e1914bfe10563c561e6fc1a1f686af30d5e7a55cba9d1e5438
raw/pilot_100_fallback_20260801T180205Z/timing/baseline/measured_2/chr22_100_guide_002/stderr.txt	0	e3b0c44298fc1c149afbf4c8996fb92427ae41e4649b934ca495991b7852b855
raw/pilot_100_fallback_20260801T180205Z/timing/baseline/measured_2/chr22_100_guide_003/command.txt	294	c4ddca4230168cb96406c58fc309ef53915dfc56c8f91bab7db2f5d600eadb61
raw/pilot_100_fallback_20260801T180205Z/timing/baseline/measured_2/chr22_100_guide_003/metrics.tsv	297	2c01c27bc19eb86acbac6ec192ec0d6b97ed27dbcc90f7bb5898e91bd30c5364
raw/pilot_100_fallback_20260801T180205Z/timing/baseline/measured_2/chr22_100_guide_003/output.paf	1642	b1fb9aa39cacb022055195ef7dba7343c8fc879f2dc35b1bb9e3a5c71e1e23e0
raw/pilot_100_fallback_20260801T180205Z/timing/baseline/measured_2/chr22_100_guide_003/stderr.txt	135	638bd673bf5fc22f3fc8fe75f5600789d2b5d3f971a550e9446c8845c8fb98e7
raw/pilot_100_fallback_20260801T180205Z/timing/baseline/measured_2/chr22_100_guide_004/command.txt	294	c77720e1ae0e110fd081574fe1280c106e5deb6b19dc49ed9af5b43be6c815db
raw/pilot_100_fallback_20260801T180205Z/timing/baseline/measured_2/chr22_100_guide_004/metrics.tsv	294	e7ecc73be635658595ff29dd6c789718ab09782f32203f969bc2e2419b17f957
raw/pilot_100_fallback_20260801T180205Z/timing/baseline/measured_2/chr22_100_guide_004/output.paf	103	691ce0260ac4ff8426decb079b6ec2efdf4680b3abaced64e9143840bccb9552
raw/pilot_100_fallback_20260801T180205Z/timing/baseline/measured_2/chr22_100_guide_004/stderr.txt	0	e3b0c44298fc1c149afbf4c8996fb92427ae41e4649b934ca495991b7852b855
raw/pilot_100_fallback_20260801T180205Z/timing/baseline/measured_2/chr22_100_guide_005/command.txt	294	10f8da586140feed8c277b6f2a88768b7554073e8f93d8d096f42428a3b8f22c
raw/pilot_100_fallback_20260801T180205Z/timing/baseline/measured_2/chr22_100_guide_005/metrics.tsv	294	a5f368f00aecd2afbe8c744eb4121e910601647ca98107c3bee79f66f342c19c
raw/pilot_100_fallback_20260801T180205Z/timing/baseline/measured_2/chr22_100_guide_005/output.paf	105	d47f48944044bdd8d7b7148bc7fb286471ae8603baf0ef44a0d613b5748e28a9
raw/pilot_100_fallback_20260801T180205Z/timing/baseline/measured_2/chr22_100_guide_005/stderr.txt	0	e3b0c44298fc1c149afbf4c8996fb92427ae41e4649b934ca495991b7852b855
raw/pilot_100_fallback_20260801T180205Z/timing/baseline/measured_2/chr22_100_guide_006/command.txt	294	da4c9f00cf2ae8210a9cde92e24246052d2cd69473d23fd11b655dbc72d291c1
raw/pilot_100_fallback_20260801T180205Z/timing/baseline/measured_2/chr22_100_guide_006/metrics.tsv	294	8d060b950bf7df278a50ae3a9d4351c9b064042674fa9ec488abe7b1cade87ed
raw/pilot_100_fallback_20260801T180205Z/timing/baseline/measured_2/chr22_100_guide_006/output.paf	412	381669eac105895c77936e91601bef5a44b194dce1468388fa6bc22b65e83aab
raw/pilot_100_fallback_20260801T180205Z/timing/baseline/measured_2/chr22_100_guide_006/stderr.txt	0	e3b0c44298fc1c149afbf4c8996fb92427ae41e4649b934ca495991b7852b855
raw/pilot_100_fallback_20260801T180205Z/timing/baseline/measured_2/chr22_100_guide_007/command.txt	294	50bacb1be8cccd5fb275b2fd3907ca0a162e120704b1105e5cea0fb01801a84e
raw/pilot_100_fallback_20260801T180205Z/timing/baseline/measured_2/chr22_100_guide_007/metrics.tsv	297	3102c937c520eed3e43281d0a88a84d3cf9d7bcb53e8f5922973f27bb28adea7
raw/pilot_100_fallback_20260801T180205Z/timing/baseline/measured_2/chr22_100_guide_007/output.paf	3991	8c79c9f74d621ca368e7a5010df949e191f9383e93c08a0d7059b905cc0ffda7
raw/pilot_100_fallback_20260801T180205Z/timing/baseline/measured_2/chr22_100_guide_007/stderr.txt	900	2814a80526a6afc7f5c3e0f343a8afda41ae9af94298eccefb5974a61c27896f
raw/pilot_100_fallback_20260801T180205Z/timing/baseline/measured_2/chr22_100_guide_008/command.txt	294	990c97030b662290e1a7bcbbd8a01b13fcf1e9e211333ac82e77265d1c0d586a
raw/pilot_100_fallback_20260801T180205Z/timing/baseline/measured_2/chr22_100_guide_008/metrics.tsv	298	8ff07f479275745fe9e05a01059e70caa095f9ab2bf201dbe2cf63e0f954046f
raw/pilot_100_fallback_20260801T180205Z/timing/baseline/measured_2/chr22_100_guide_008/output.paf	6656	1c8845363d90825b8ae340946833959933ab6ef5fb8cc51a58e5c318ecbda056
raw/pilot_100_fallback_20260801T180205Z/timing/baseline/measured_2/chr22_100_guide_008/stderr.txt	1125	b2b32f17633bad48f0d63dd8593879a3898a801f59345a837879f804a8b0a9ca
raw/pilot_100_fallback_20260801T180205Z/timing/baseline/measured_2/chr22_100_guide_009/command.txt	294	dbcdedea81db32ffe0c482683a1cf1ebe0a18450b1a4b6df67a28c809836af63
raw/pilot_100_fallback_20260801T180205Z/timing/baseline/measured_2/chr22_100_guide_009/metrics.tsv	294	f0f2d9e5b05b74c0b479cc0469d9981aad93677324cd32e54b21c5badfbe1838
raw/pilot_100_fallback_20260801T180205Z/timing/baseline/measured_2/chr22_100_guide_009/output.paf	212	7ff435e8f2284b0e1155c1c41e547855555c50593735221aa581ff02bbcfd922
raw/pilot_100_fallback_20260801T180205Z/timing/baseline/measured_2/chr22_100_guide_009/stderr.txt	0	e3b0c44298fc1c149afbf4c8996fb92427ae41e4649b934ca495991b7852b855
raw/pilot_100_fallback_20260801T180205Z/timing/baseline/measured_2/chr22_100_guide_010/command.txt	294	775cbae53afa8ac6f8024c69b63e0a20bd81081a254b7d49ccd876f2ed37fa0a
raw/pilot_100_fallback_20260801T180205Z/timing/baseline/measured_2/chr22_100_guide_010/metrics.tsv	296	6e02d8d86a3d5ca8414c3761bba8e4b3141075e5c34fb3313a80a9ab701ae330
raw/pilot_100_fallback_20260801T180205Z/timing/baseline/measured_2/chr22_100_guide_010/output.paf	1947	2e0e36bd1d8a9d315885d8afb4d6ebec9f6f8c904301628cc99bd5dcc6773ffb
raw/pilot_100_fallback_20260801T180205Z/timing/baseline/measured_2/chr22_100_guide_010/stderr.txt	45	ecd997460eff8b19bac120208f47edd7be53e3371027aaa35d95fa07a5e79089
raw/pilot_100_fallback_20260801T180205Z/timing/baseline/measured_2/chr22_100_guide_011/command.txt	294	ec041b197d026e7d0bfc7de4d6a1c5a24911bbfde28c846ecb9b75eddfde862f
raw/pilot_100_fallback_20260801T180205Z/timing/baseline/measured_2/chr22_100_guide_011/metrics.tsv	294	9c0bc956582eb7937b568a403efd17a24131b7497111a2534fa18a15903096ba
raw/pilot_100_fallback_20260801T180205Z/timing/baseline/measured_2/chr22_100_guide_011/output.paf	103	951a40369bd86d0839b2d2addecaf6b337cdc3fa4cf552c0d5fd78bef17d3892
raw/pilot_100_fallback_20260801T180205Z/timing/baseline/measured_2/chr22_100_guide_011/stderr.txt	0	e3b0c44298fc1c149afbf4c8996fb92427ae41e4649b934ca495991b7852b855
raw/pilot_100_fallback_20260801T180205Z/timing/baseline/measured_2/chr22_100_guide_012/command.txt	294	420ea662a1300c0b5690e25414c38b15201576f1edb27f75eba8b717e371b61a
raw/pilot_100_fallback_20260801T180205Z/timing/baseline/measured_2/chr22_100_guide_012/metrics.tsv	294	c47f0a1af5c8546be21d7f137594a7ca5aaba42c04a2e286d6da5fac312874da
raw/pilot_100_fallback_20260801T180205Z/timing/baseline/measured_2/chr22_100_guide_012/output.paf	412	f693a92e20748272242c1d8d3a1b90c09e045d71ee219e8daf561a07fcf1b3bf
raw/pilot_100_fallback_20260801T180205Z/timing/baseline/measured_2/chr22_100_guide_012/stderr.txt	0	e3b0c44298fc1c149afbf4c8996fb92427ae41e4649b934ca495991b7852b855
raw/pilot_100_fallback_20260801T180205Z/timing/baseline/measured_2/chr22_100_guide_013/command.txt	294	a53d6c4cc926c5b12c0bafdf8996ca88a6d2aa0f2edd009af0ded8d7457f93e1
raw/pilot_100_fallback_20260801T180205Z/timing/baseline/measured_2/chr22_100_guide_013/metrics.tsv	294	fc2df6d568eec53004885b3cca53a757ab374f56cc16c09442b1e3bb438aa4a5
raw/pilot_100_fallback_20260801T180205Z/timing/baseline/measured_2/chr22_100_guide_013/output.paf	103	d0e1f61006a51712a6e3a7a08a2d9ed9a2e486bf46c47b49e89668b53f2efe69
raw/pilot_100_fallback_20260801T180205Z/timing/baseline/measured_2/chr22_100_guide_013/stderr.txt	0	e3b0c44298fc1c149afbf4c8996fb92427ae41e4649b934ca495991b7852b855
raw/pilot_100_fallback_20260801T180205Z/timing/baseline/measured_2/chr22_100_guide_014/command.txt	294	c336111c8cddaf21632f527a2078333161c4d19600340dd8d79d4e64570bc3d3
raw/pilot_100_fallback_20260801T180205Z/timing/baseline/measured_2/chr22_100_guide_014/metrics.tsv	295	4e252defa528ddefb2928b5adda41a3a12d538e529d6cbf078cc7582f000b74d
raw/pilot_100_fallback_20260801T180205Z/timing/baseline/measured_2/chr22_100_guide_014/output.paf	729	607b674d30dff3c1c42e35e27d5265deb647245de700280723da5cee2be1949d
raw/pilot_100_fallback_20260801T180205Z/timing/baseline/measured_2/chr22_100_guide_014/stderr.txt	45	ecd997460eff8b19bac120208f47edd7be53e3371027aaa35d95fa07a5e79089
raw/pilot_100_fallback_20260801T180205Z/timing/baseline/measured_2/chr22_100_guide_015/command.txt	294	2ba66460feb1353de7c3c892d2a8be654ee94e229875f5698a19b4ccba569ccf
raw/pilot_100_fallback_20260801T180205Z/timing/baseline/measured_2/chr22_100_guide_015/metrics.tsv	296	451be79abc1a9e0b45deac11371e231dcf3517474d23af17b4d533e49f8e58bf
raw/pilot_100_fallback_20260801T180205Z/timing/baseline/measured_2/chr22_100_guide_015/output.paf	788	1b77bf4d550c500a8ee0cb43d470d52c1e427554d2029a6ae46073763e13b472
raw/pilot_100_fallback_20260801T180205Z/timing/baseline/measured_2/chr22_100_guide_015/stderr.txt	225	2a9b3581cbbd9e5fa2548c708ad7a124377988e8d910e9dfb15410b25f9166bf
raw/pilot_100_fallback_20260801T180205Z/timing/baseline/measured_2/chr22_100_guide_016/command.txt	294	772aa79533fe3ecf996278cb78f0e3113e326f03ff77efde067149452bf2697e
raw/pilot_100_fallback_20260801T180205Z/timing/baseline/measured_2/chr22_100_guide_016/metrics.tsv	294	03d93b259296c9ae3932a0b4fbbf6cc786ad036a7884ae2c7ebf6b6c7a52307f
raw/pilot_100_fallback_20260801T180205Z/timing/baseline/measured_2/chr22_100_guide_016/output.paf	103	664ca84d364b11b722ac1aa282d988cb26faa580c3801fc71e980d0a2785483d
raw/pilot_100_fallback_20260801T180205Z/timing/baseline/measured_2/chr22_100_guide_016/stderr.txt	0	e3b0c44298fc1c149afbf4c8996fb92427ae41e4649b934ca495991b7852b855
raw/pilot_100_fallback_20260801T180205Z/timing/baseline/measured_2/chr22_100_guide_017/command.txt	294	560d26f3fbe6f983e5e2e97c9d4dfb027d56903041b663659c9ba5e5ae781721
raw/pilot_100_fallback_20260801T180205Z/timing/baseline/measured_2/chr22_100_guide_017/metrics.tsv	297	848a7c3f7e2732b13510ae5034e415a76ad009db9473b409dc684f2010af055b
raw/pilot_100_fallback_20260801T180205Z/timing/baseline/measured_2/chr22_100_guide_017/output.paf	4200	c9640921a1633a31fff3009d84cb604e813785e475e180493b5008eddd5cf4a5
raw/pilot_100_fallback_20260801T180205Z/timing/baseline/measured_2/chr22_100_guide_017/stderr.txt	855	ee9d5e55ce77a86f64a05cf8cba4484606ca247314b3cb2b53d7d60b1519c5b6
raw/pilot_100_fallback_20260801T180205Z/timing/baseline/measured_2/chr22_100_guide_018/command.txt	294	7224fb43ee5448eed9c09401b0cfe7f69ed6562835a4a83b10d1eee2ef974587
raw/pilot_100_fallback_20260801T180205Z/timing/baseline/measured_2/chr22_100_guide_018/metrics.tsv	294	3d1070eaadf63295cd2ada4146506954ee22596f1d18932bdf8773472b2a5d62
raw/pilot_100_fallback_20260801T180205Z/timing/baseline/measured_2/chr22_100_guide_018/output.paf	210	a14c7617088d038a70adbf1f43853e09c8728d9eb8b692f6bebaeecda9d2bbf8
raw/pilot_100_fallback_20260801T180205Z/timing/baseline/measured_2/chr22_100_guide_018/stderr.txt	0	e3b0c44298fc1c149afbf4c8996fb92427ae41e4649b934ca495991b7852b855
raw/pilot_100_fallback_20260801T180205Z/timing/baseline/measured_2/chr22_100_guide_019/command.txt	294	d79a2819a01f5b1e3d736eb0ef4ca2c8a03bcf123aab1ad7520ce46df58f9a3b
raw/pilot_100_fallback_20260801T180205Z/timing/baseline/measured_2/chr22_100_guide_019/metrics.tsv	294	9574f12050d4098d4e865a4c6161475d2a3756c1bd9c2a5d42d83b4d13a0eb5b
raw/pilot_100_fallback_20260801T180205Z/timing/baseline/measured_2/chr22_100_guide_019/output.paf	103	6cdd7ce54810d5bc4f6f9e343cba7e89b5868d4aa230081223fa53049a31ac4f
raw/pilot_100_fallback_20260801T180205Z/timing/baseline/measured_2/chr22_100_guide_019/stderr.txt	0	e3b0c44298fc1c149afbf4c8996fb92427ae41e4649b934ca495991b7852b855
raw/pilot_100_fallback_20260801T180205Z/timing/baseline/measured_2/chr22_100_guide_020/command.txt	294	f055e8030933a8a94f51fe93c7d86f02aae3be0d3de3ecbfd2b1e089c76053a5
raw/pilot_100_fallback_20260801T180205Z/timing/baseline/measured_2/chr22_100_guide_020/metrics.tsv	294	1097ff4fe94878b356030e0c1d8cd4c7d65b7b8ebfd5453ba9b63e11e540920e
raw/pilot_100_fallback_20260801T180205Z/timing/baseline/measured_2/chr22_100_guide_020/output.paf	105	444ff3228a137a38f7153b4f242a69cfa59f508d73251c41aa4006df73b202e7
raw/pilot_100_fallback_20260801T180205Z/timing/baseline/measured_2/chr22_100_guide_020/stderr.txt	0	e3b0c44298fc1c149afbf4c8996fb92427ae41e4649b934ca495991b7852b855
raw/pilot_100_fallback_20260801T180205Z/timing/baseline/measured_2/chr22_100_guide_021/command.txt	294	1b99a1d88f928662479e892a24368bd4df24e6c2c997e2acd21eb46e98dd1ed2
raw/pilot_100_fallback_20260801T180205Z/timing/baseline/measured_2/chr22_100_guide_021/metrics.tsv	294	3ef7fd7f2132204dcc45ac95e117e7adc9c8179938563dbf0f320c0a0a09e0f9
raw/pilot_100_fallback_20260801T180205Z/timing/baseline/measured_2/chr22_100_guide_021/output.paf	105	70d3142b6438b2233c1a63a2ac833233a13a2d75bf75339f1fccaff2fa81b453
raw/pilot_100_fallback_20260801T180205Z/timing/baseline/measured_2/chr22_100_guide_021/stderr.txt	0	e3b0c44298fc1c149afbf4c8996fb92427ae41e4649b934ca495991b7852b855
raw/pilot_100_fallback_20260801T180205Z/timing/baseline/measured_2/chr22_100_guide_022/command.txt	294	4285fa805efca82eb86f2589f00efae555afb18d8e32d9244bbb3f82edd26010
raw/pilot_100_fallback_20260801T180205Z/timing/baseline/measured_2/chr22_100_guide_022/metrics.tsv	294	1e6ae20d02bf0a2f80ef0fa4d3d16753bf0629ea7b8a7a7293a81860bbe036e5
raw/pilot_100_fallback_20260801T180205Z/timing/baseline/measured_2/chr22_100_guide_022/output.paf	107	204889acb01cc5647d5755c52d4e664bc0f1e42e49862ffb2ae2cf1585ad7b50
raw/pilot_100_fallback_20260801T180205Z/timing/baseline/measured_2/chr22_100_guide_022/stderr.txt	0	e3b0c44298fc1c149afbf4c8996fb92427ae41e4649b934ca495991b7852b855
raw/pilot_100_fallback_20260801T180205Z/timing/baseline/measured_2/chr22_100_guide_023/command.txt	294	63d6a7b11233a7ab538ffa794d65e01e0631cdd731ad38f8371bcb967e27f683
raw/pilot_100_fallback_20260801T180205Z/timing/baseline/measured_2/chr22_100_guide_023/metrics.tsv	299	448a308d136a96edd82cc72fa6dcfc35ea7ae4067db702ec1085f679cf5d4b92
raw/pilot_100_fallback_20260801T180205Z/timing/baseline/measured_2/chr22_100_guide_023/output.paf	15269	8066a5e39caf78bf0cac01aa1dc91a6d1211b5892fc5875490679eb24872a81f
raw/pilot_100_fallback_20260801T180205Z/timing/baseline/measured_2/chr22_100_guide_023/stderr.txt	3600	fba7e1444d1935a3ecae72a339d215d7e66c93737ae3105ef796647230a4c72b
raw/pilot_100_fallback_20260801T180205Z/timing/baseline/measured_2/chr22_100_guide_024/command.txt	294	8631ab0aed677726dc3a51cc3ad1be797493d081b6ca20945ea5f78a3e7711f9
raw/pilot_100_fallback_20260801T180205Z/timing/baseline/measured_2/chr22_100_guide_024/metrics.tsv	294	df82a72c9578168b00181f5eb20c08c943d739120d17e3bdf8762b2b46608017
raw/pilot_100_fallback_20260801T180205Z/timing/baseline/measured_2/chr22_100_guide_024/output.paf	105	d7464b7872231b66a5d5e8b9529462954e8dbe3c50718817fdfc12087ef94681
raw/pilot_100_fallback_20260801T180205Z/timing/baseline/measured_2/chr22_100_guide_024/stderr.txt	0	e3b0c44298fc1c149afbf4c8996fb92427ae41e4649b934ca495991b7852b855
raw/pilot_100_fallback_20260801T180205Z/timing/baseline/measured_2/chr22_100_guide_025/command.txt	294	7b0b4de8d6f2c517bc1e01da67429cedd929931816cdfc7e0bf2bf93b6572bd2
raw/pilot_100_fallback_20260801T180205Z/timing/baseline/measured_2/chr22_100_guide_025/metrics.tsv	299	661efcb2c8b81694d5bcc4125586ccfccff8350d929a99c08570cbec8badc3e1
raw/pilot_100_fallback_20260801T180205Z/timing/baseline/measured_2/chr22_100_guide_025/output.paf	13345	a050c3614088d28140b98bc93b85cdcf774ad1cb450ab6c11993017d3c082c37
raw/pilot_100_fallback_20260801T180205Z/timing/baseline/measured_2/chr22_100_guide_025/stderr.txt	3645	656c6c43708a37c613083b28d786b8a8e5c7c93a0f56ff02845bf632613ef7b4
raw/pilot_100_fallback_20260801T180205Z/timing/baseline/measured_2/chr22_100_guide_026/command.txt	294	c7f0d462d248899e23df6fd43ec68ada7f65c48a3298690ffc9118cf36fc1331
raw/pilot_100_fallback_20260801T180205Z/timing/baseline/measured_2/chr22_100_guide_026/metrics.tsv	294	6f36e455b3fe26f50a23399447bc3efa458122be1ee2571b5319f8d5885c3c7b
raw/pilot_100_fallback_20260801T180205Z/timing/baseline/measured_2/chr22_100_guide_026/output.paf	636	13bb7b2015f62e0900a83bc402db697daa2b20bda1089aa791553c2cb857d593
raw/pilot_100_fallback_20260801T180205Z/timing/baseline/measured_2/chr22_100_guide_026/stderr.txt	0	e3b0c44298fc1c149afbf4c8996fb92427ae41e4649b934ca495991b7852b855
raw/pilot_100_fallback_20260801T180205Z/timing/baseline/measured_2/chr22_100_guide_027/command.txt	294	fc0fe2595ff80174e466570c8e55bf44154e4f4fa45fc440c59a1eae579f72e9
raw/pilot_100_fallback_20260801T180205Z/timing/baseline/measured_2/chr22_100_guide_027/metrics.tsv	294	a2c48a7f1212366b7c301cbef82db6c8165ebe1e80c00b8b90ae7171115c4434
raw/pilot_100_fallback_20260801T180205Z/timing/baseline/measured_2/chr22_100_guide_027/output.paf	210	a7610eb051e87a34826545d10fcf8102943e8611a97a657a33ec94ff2afe4c13
raw/pilot_100_fallback_20260801T180205Z/timing/baseline/measured_2/chr22_100_guide_027/stderr.txt	0	e3b0c44298fc1c149afbf4c8996fb92427ae41e4649b934ca495991b7852b855
raw/pilot_100_fallback_20260801T180205Z/timing/baseline/measured_2/chr22_100_guide_028/command.txt	294	08c1c652402d4ee24dbd48a6355edb06e1ad4c550877027a6f5e1cb5174e57c0
raw/pilot_100_fallback_20260801T180205Z/timing/baseline/measured_2/chr22_100_guide_028/metrics.tsv	295	34373e26ae745113653e1bfff6ff1ae01cc2ca1a05ddf23f2638ee800b1438c3
raw/pilot_100_fallback_20260801T180205Z/timing/baseline/measured_2/chr22_100_guide_028/output.paf	6200	9838a748f83250618473227cbc2b798e921118551a385e778337b49637186fe3
raw/pilot_100_fallback_20260801T180205Z/timing/baseline/measured_2/chr22_100_guide_028/stderr.txt	0	e3b0c44298fc1c149afbf4c8996fb92427ae41e4649b934ca495991b7852b855
raw/pilot_100_fallback_20260801T180205Z/timing/baseline/measured_2/chr22_100_guide_029/command.txt	294	05130b2eec9d98a308a30d7a08930031980697335a95bd49519e7923500fc839
raw/pilot_100_fallback_20260801T180205Z/timing/baseline/measured_2/chr22_100_guide_029/metrics.tsv	295	c3fcbd8d60b5682f1840df51dd733ff37f081804b1aeaeecbe88e0299b0af9b1
raw/pilot_100_fallback_20260801T180205Z/timing/baseline/measured_2/chr22_100_guide_029/output.paf	5760	fec4266348f400a636b679dea725f0c74e62ee984b07daae005cd78179aa0b16
raw/pilot_100_fallback_20260801T180205Z/timing/baseline/measured_2/chr22_100_guide_029/stderr.txt	0	e3b0c44298fc1c149afbf4c8996fb92427ae41e4649b934ca495991b7852b855
raw/pilot_100_fallback_20260801T180205Z/timing/baseline/measured_2/chr22_100_guide_030/command.txt	294	d6046b1f1c7e415fb6d9e3e8f220865d80365432877a885096bd13802f644357
raw/pilot_100_fallback_20260801T180205Z/timing/baseline/measured_2/chr22_100_guide_030/metrics.tsv	299	907998202eff9c0c54dac6498e10bde7029a077bc8c51df1e8081784aaca3f89
raw/pilot_100_fallback_20260801T180205Z/timing/baseline/measured_2/chr22_100_guide_030/output.paf	213056	d51a56eb32a0157988459abda9c4570ce1ce48f6ffbe6adebc65814d4d685584
raw/pilot_100_fallback_20260801T180205Z/timing/baseline/measured_2/chr22_100_guide_030/stderr.txt	405	767251ea2186789fd1cd90132d747be89a52555ee68e421329b153d9f9a77322
raw/pilot_100_fallback_20260801T180205Z/timing/baseline/measured_2/chr22_100_guide_031/command.txt	294	693eef8f580bad29fb90062031f52fdbc5d8f96c35819db5ecc8917ec4573712
raw/pilot_100_fallback_20260801T180205Z/timing/baseline/measured_2/chr22_100_guide_031/metrics.tsv	294	d5f50499304ccdf8e8ba62e279f77783019b5b458555c6692d3dd591127cbdd4
raw/pilot_100_fallback_20260801T180205Z/timing/baseline/measured_2/chr22_100_guide_031/output.paf	105	bcce8596509aa2be4a7f3566961162e72e4443c46ea7cf8fc2c5ffb6cee2780a
raw/pilot_100_fallback_20260801T180205Z/timing/baseline/measured_2/chr22_100_guide_031/stderr.txt	0	e3b0c44298fc1c149afbf4c8996fb92427ae41e4649b934ca495991b7852b855
raw/pilot_100_fallback_20260801T180205Z/timing/baseline/measured_2/chr22_100_guide_032/command.txt	294	47d4184cede278f2290d530bc61ecebccc01b3d77cf7e8b23f0e34e7358ebac8
raw/pilot_100_fallback_20260801T180205Z/timing/baseline/measured_2/chr22_100_guide_032/metrics.tsv	294	3403395bdd9ea0b678acd5d8f347dcee2062e07277871472bd2840ab6bb49be3
raw/pilot_100_fallback_20260801T180205Z/timing/baseline/measured_2/chr22_100_guide_032/output.paf	105	c25a6440be62186e25b0f165358d0d0900b923751f80af6ee5c27f0f29a85af6
raw/pilot_100_fallback_20260801T180205Z/timing/baseline/measured_2/chr22_100_guide_032/stderr.txt	0	e3b0c44298fc1c149afbf4c8996fb92427ae41e4649b934ca495991b7852b855
raw/pilot_100_fallback_20260801T180205Z/timing/baseline/measured_2/chr22_100_guide_033/command.txt	294	5ddaed3d9b48f38be66cc73ef4c3afc99c493c2620945cc3479410a0e6d067bd
raw/pilot_100_fallback_20260801T180205Z/timing/baseline/measured_2/chr22_100_guide_033/metrics.tsv	294	d4f2ba2fb90a68d63fc236e420182627ae064dc65b74a863c65888efb20f91d7
raw/pilot_100_fallback_20260801T180205Z/timing/baseline/measured_2/chr22_100_guide_033/output.paf	105	0effc63d85fa97f691908ce0321ab857ae6f08fabd2480f35c83ff81e76c9f0e
raw/pilot_100_fallback_20260801T180205Z/timing/baseline/measured_2/chr22_100_guide_033/stderr.txt	0	e3b0c44298fc1c149afbf4c8996fb92427ae41e4649b934ca495991b7852b855
raw/pilot_100_fallback_20260801T180205Z/timing/baseline/measured_2/chr22_100_guide_034/command.txt	294	629a2abc91d2077d36210614bad36c1d8f0a43a338199e280f50e4642ab300b9
raw/pilot_100_fallback_20260801T180205Z/timing/baseline/measured_2/chr22_100_guide_034/metrics.tsv	294	a554c63fe64985ce61d1365b1647ecb2286c0144113aed65e7b3447d86e63e82
raw/pilot_100_fallback_20260801T180205Z/timing/baseline/measured_2/chr22_100_guide_034/output.paf	105	b799f84402b88ca7eda644ce1b5b5eb56c02b09c04d62fc51c4c70dc76c6b583
raw/pilot_100_fallback_20260801T180205Z/timing/baseline/measured_2/chr22_100_guide_034/stderr.txt	0	e3b0c44298fc1c149afbf4c8996fb92427ae41e4649b934ca495991b7852b855
raw/pilot_100_fallback_20260801T180205Z/timing/baseline/measured_2/chr22_100_guide_035/command.txt	294	572b21fcd0bff54a92c2059e3467770044774ea934504ff0133e11516c092ca9
raw/pilot_100_fallback_20260801T180205Z/timing/baseline/measured_2/chr22_100_guide_035/metrics.tsv	297	15739737bef2e9452db0ad9c655cc570a7c5099a6b0b70646fbc57ed7ee54a61
raw/pilot_100_fallback_20260801T180205Z/timing/baseline/measured_2/chr22_100_guide_035/output.paf	1016	aeb84e7a83d7f5e43e1b08a7219b302505d104518e290226e70e560f25ec4f99
raw/pilot_100_fallback_20260801T180205Z/timing/baseline/measured_2/chr22_100_guide_035/stderr.txt	135	638bd673bf5fc22f3fc8fe75f5600789d2b5d3f971a550e9446c8845c8fb98e7
raw/pilot_100_fallback_20260801T180205Z/timing/baseline/measured_2/chr22_100_guide_036/command.txt	294	2c592926ffb302755c180ac923ce45607186d9f56450748963197bcf1c18379b
raw/pilot_100_fallback_20260801T180205Z/timing/baseline/measured_2/chr22_100_guide_036/metrics.tsv	294	d78c236bd32310514a33ac5037efb53d2792697943d3e0f0807a7998b4208809
raw/pilot_100_fallback_20260801T180205Z/timing/baseline/measured_2/chr22_100_guide_036/output.paf	105	d902219eeefe3ff64202f082d0493776f51eb4ff2b0f1167c0e670f923533dc4
raw/pilot_100_fallback_20260801T180205Z/timing/baseline/measured_2/chr22_100_guide_036/stderr.txt	0	e3b0c44298fc1c149afbf4c8996fb92427ae41e4649b934ca495991b7852b855
raw/pilot_100_fallback_20260801T180205Z/timing/baseline/measured_2/chr22_100_guide_037/command.txt	294	d8b474a22bbf7f9aa3d8e4d2e999e0f212b5c52353748dd7d1d44f6b01374e89
raw/pilot_100_fallback_20260801T180205Z/timing/baseline/measured_2/chr22_100_guide_037/metrics.tsv	294	3a60c0da531bf66bda02efde2eb3a09b533185bdf3a9df5a7bff7b63ab05e43c
raw/pilot_100_fallback_20260801T180205Z/timing/baseline/measured_2/chr22_100_guide_037/output.paf	105	87a59470956d0b27daf38e5e39ded5e150cdea0e868b3bb38ed13ec71694f010
raw/pilot_100_fallback_20260801T180205Z/timing/baseline/measured_2/chr22_100_guide_037/stderr.txt	0	e3b0c44298fc1c149afbf4c8996fb92427ae41e4649b934ca495991b7852b855
raw/pilot_100_fallback_20260801T180205Z/timing/baseline/measured_2/chr22_100_guide_038/command.txt	294	80a23b51b3e84bb31bae7ad637147e3fa61a8f18ce53f43c72038a7ceeed3315
raw/pilot_100_fallback_20260801T180205Z/timing/baseline/measured_2/chr22_100_guide_038/metrics.tsv	294	39043103e2509126f3618d2d4cc4fa721179781e088153b1d4d6d90ea9fee9eb
raw/pilot_100_fallback_20260801T180205Z/timing/baseline/measured_2/chr22_100_guide_038/output.paf	105	029b4bae64ebbe3decac5715b992bb89ceb0731276cd7cd8566eaca4250537b4
raw/pilot_100_fallback_20260801T180205Z/timing/baseline/measured_2/chr22_100_guide_038/stderr.txt	0	e3b0c44298fc1c149afbf4c8996fb92427ae41e4649b934ca495991b7852b855
raw/pilot_100_fallback_20260801T180205Z/timing/baseline/measured_2/chr22_100_guide_039/command.txt	294	cb08dfa9ac88aac8e5d6f416396c0186e2b33573f415621294d49bdf2452f448
raw/pilot_100_fallback_20260801T180205Z/timing/baseline/measured_2/chr22_100_guide_039/metrics.tsv	294	05180251320c88cae5c9c6a126363ce9878b80ad4c901e43e7c146f4dbc99172
raw/pilot_100_fallback_20260801T180205Z/timing/baseline/measured_2/chr22_100_guide_039/output.paf	105	a699d8af011bf9deb858b41d0fae396d8cff7641f7f0fffbf757531340e4d266
raw/pilot_100_fallback_20260801T180205Z/timing/baseline/measured_2/chr22_100_guide_039/stderr.txt	0	e3b0c44298fc1c149afbf4c8996fb92427ae41e4649b934ca495991b7852b855
raw/pilot_100_fallback_20260801T180205Z/timing/baseline/measured_2/chr22_100_guide_040/command.txt	294	8adf270701d91cfab61c6ffeffbd1480bbb4e72e5b9f5bd31de375a415cedcf2
raw/pilot_100_fallback_20260801T180205Z/timing/baseline/measured_2/chr22_100_guide_040/metrics.tsv	294	7d3df3bf5762a1c071f2e338e2884c8139c57585213f3b3480f4a796113844f8
raw/pilot_100_fallback_20260801T180205Z/timing/baseline/measured_2/chr22_100_guide_040/output.paf	105	4390a33a35b7293befeadb9fa60eb9d4727d057633aeb9a93007f6581228ca97
raw/pilot_100_fallback_20260801T180205Z/timing/baseline/measured_2/chr22_100_guide_040/stderr.txt	0	e3b0c44298fc1c149afbf4c8996fb92427ae41e4649b934ca495991b7852b855
raw/pilot_100_fallback_20260801T180205Z/timing/baseline/measured_2/chr22_100_guide_041/command.txt	294	dfa319b20f24fe263d616fad61f55dd83574613fe1f48d57aedeee7394e941c7
raw/pilot_100_fallback_20260801T180205Z/timing/baseline/measured_2/chr22_100_guide_041/metrics.tsv	294	797bc796bc5faf8d57a425e7039fd0a3ad4c701719cf4ed0c7e36d04a4658ecb
raw/pilot_100_fallback_20260801T180205Z/timing/baseline/measured_2/chr22_100_guide_041/output.paf	105	3e8108b8109dce3b65881841a62543e3eb3ba821fff9bc76b9b5e43ac8c75d77
raw/pilot_100_fallback_20260801T180205Z/timing/baseline/measured_2/chr22_100_guide_041/stderr.txt	0	e3b0c44298fc1c149afbf4c8996fb92427ae41e4649b934ca495991b7852b855
raw/pilot_100_fallback_20260801T180205Z/timing/baseline/measured_2/chr22_100_guide_042/command.txt	294	96abb0313e92a07915d6f589f9263d132600ae7ee14a7e1730d434a5f0da2461
raw/pilot_100_fallback_20260801T180205Z/timing/baseline/measured_2/chr22_100_guide_042/metrics.tsv	294	840c56f9066fe84b6547c51245aafd9bb50d65e89d00a305c6be33ad90b00a24
raw/pilot_100_fallback_20260801T180205Z/timing/baseline/measured_2/chr22_100_guide_042/output.paf	105	5924fcb39f9667884df027edda8f627478be6271057a2d69844c736321e3169f
raw/pilot_100_fallback_20260801T180205Z/timing/baseline/measured_2/chr22_100_guide_042/stderr.txt	0	e3b0c44298fc1c149afbf4c8996fb92427ae41e4649b934ca495991b7852b855
raw/pilot_100_fallback_20260801T180205Z/timing/baseline/measured_2/chr22_100_guide_043/command.txt	294	79b5fbd3d257c76d6eebd2f1236d853ba5079718a990efa440f7559ae6363efe
raw/pilot_100_fallback_20260801T180205Z/timing/baseline/measured_2/chr22_100_guide_043/metrics.tsv	295	eaae2e8fface89484ae0807c42acd8b239353b9d41ad3c25ac85b86fbcec830b
raw/pilot_100_fallback_20260801T180205Z/timing/baseline/measured_2/chr22_100_guide_043/output.paf	198	0750254d4598a1695dbaade1146e921cf6dab58c8fc5ab334e4e36f882246f3f
raw/pilot_100_fallback_20260801T180205Z/timing/baseline/measured_2/chr22_100_guide_043/stderr.txt	45	ecd997460eff8b19bac120208f47edd7be53e3371027aaa35d95fa07a5e79089
raw/pilot_100_fallback_20260801T180205Z/timing/baseline/measured_2/chr22_100_guide_044/command.txt	294	9d16446bad9e09137e77ea340ecb55bdbe49974144a814fdf982b8440a122ba6
raw/pilot_100_fallback_20260801T180205Z/timing/baseline/measured_2/chr22_100_guide_044/metrics.tsv	295	db782277b1ee90a89bfb99b2320c22e561b0039184d8ef1a64f520bd70d70965
raw/pilot_100_fallback_20260801T180205Z/timing/baseline/measured_2/chr22_100_guide_044/output.paf	198	fa914a29da8996379fd30ef387eefd7cdc6893880f37a6f45eeedb5b45c937c8
raw/pilot_100_fallback_20260801T180205Z/timing/baseline/measured_2/chr22_100_guide_044/stderr.txt	45	ecd997460eff8b19bac120208f47edd7be53e3371027aaa35d95fa07a5e79089
raw/pilot_100_fallback_20260801T180205Z/timing/baseline/measured_2/chr22_100_guide_045/command.txt	294	932faf327a6de7d385c77cb1b86027f1573e252b4e7eec329f051c064d5a7a77
raw/pilot_100_fallback_20260801T180205Z/timing/baseline/measured_2/chr22_100_guide_045/metrics.tsv	294	7ba76e34f9e10b28ede4d2a0117335767ab6b7cf66129d8ce4eb0b603a7c2de8
raw/pilot_100_fallback_20260801T180205Z/timing/baseline/measured_2/chr22_100_guide_045/output.paf	105	7e528a989c31c40be279492b74efb2b32bbafcb76168ffa5ecf4da003dd2852c
raw/pilot_100_fallback_20260801T180205Z/timing/baseline/measured_2/chr22_100_guide_045/stderr.txt	0	e3b0c44298fc1c149afbf4c8996fb92427ae41e4649b934ca495991b7852b855
raw/pilot_100_fallback_20260801T180205Z/timing/baseline/measured_2/chr22_100_guide_046/command.txt	294	ea098a871cf5ed68b609f46d3161f13220dee86f9cc95545e1bf9e385864bdb3
raw/pilot_100_fallback_20260801T180205Z/timing/baseline/measured_2/chr22_100_guide_046/metrics.tsv	294	b8af028dd78e1f172a5f364aaaf9879b3b07d953d1003b5fe6bff6178ec356fc
raw/pilot_100_fallback_20260801T180205Z/timing/baseline/measured_2/chr22_100_guide_046/output.paf	105	714554ca8eac6dff9bf1ea7bcd982ded36f466eaa79bea00a33e12ff4252393b
raw/pilot_100_fallback_20260801T180205Z/timing/baseline/measured_2/chr22_100_guide_046/stderr.txt	0	e3b0c44298fc1c149afbf4c8996fb92427ae41e4649b934ca495991b7852b855
raw/pilot_100_fallback_20260801T180205Z/timing/baseline/measured_2/chr22_100_guide_047/command.txt	294	7f042f8c22ac9ba4c167b067862850a1e643200b89de78911b9c63d93b6025b3
raw/pilot_100_fallback_20260801T180205Z/timing/baseline/measured_2/chr22_100_guide_047/metrics.tsv	294	460dbcc76cdbc30646b82b0462b6db9e0df1d7340f47539e3d0a2b9498c59005
raw/pilot_100_fallback_20260801T180205Z/timing/baseline/measured_2/chr22_100_guide_047/output.paf	105	ca51411298336dbdfe2d1022ed02e74028dfbcd2e0e397a8224fce4f6017af72
raw/pilot_100_fallback_20260801T180205Z/timing/baseline/measured_2/chr22_100_guide_047/stderr.txt	0	e3b0c44298fc1c149afbf4c8996fb92427ae41e4649b934ca495991b7852b855
raw/pilot_100_fallback_20260801T180205Z/timing/baseline/measured_2/chr22_100_guide_048/command.txt	294	6d63528c93696e50dd61c6886e11222dafb75a07e913a10177318d640f392864
raw/pilot_100_fallback_20260801T180205Z/timing/baseline/measured_2/chr22_100_guide_048/metrics.tsv	294	e43cd7bf0d86e57bf64c1c21bdfb3d0cff133eac7594330c30140bfb46f550a7
raw/pilot_100_fallback_20260801T180205Z/timing/baseline/measured_2/chr22_100_guide_048/output.paf	105	bc3b9f3f86cc8bbd34d0a114947da783ee284f28a9a17754f8b3028fd08951a9
raw/pilot_100_fallback_20260801T180205Z/timing/baseline/measured_2/chr22_100_guide_048/stderr.txt	0	e3b0c44298fc1c149afbf4c8996fb92427ae41e4649b934ca495991b7852b855
raw/pilot_100_fallback_20260801T180205Z/timing/baseline/measured_2/chr22_100_guide_049/command.txt	294	148ef92d077d3db011fd6dc092aa9563e83ab1d80b01803a4260bf48ef8ed6af
raw/pilot_100_fallback_20260801T180205Z/timing/baseline/measured_2/chr22_100_guide_049/metrics.tsv	294	7cdff9e996d9202948b4f1273868cb9d46c7ec53d94d6d8420fcada973cf92cc
raw/pilot_100_fallback_20260801T180205Z/timing/baseline/measured_2/chr22_100_guide_049/output.paf	325	183882d3a63163e76a98ee38ccfea1b4877101dd283d80328c01c33dcd6c0e0b
raw/pilot_100_fallback_20260801T180205Z/timing/baseline/measured_2/chr22_100_guide_049/stderr.txt	0	e3b0c44298fc1c149afbf4c8996fb92427ae41e4649b934ca495991b7852b855
raw/pilot_100_fallback_20260801T180205Z/timing/baseline/measured_2/chr22_100_guide_050/command.txt	294	3fa44e0fa05c4187e966ff52e24077fa8f47c8c312421a8444cf5813982de82b
raw/pilot_100_fallback_20260801T180205Z/timing/baseline/measured_2/chr22_100_guide_050/metrics.tsv	297	bd64b72e7f3a1dfce5f1e72994f4ef6db30f0fec4a38c87b00e0a5efd8e0680d
raw/pilot_100_fallback_20260801T180205Z/timing/baseline/measured_2/chr22_100_guide_050/output.paf	1202	cdfcb6c17423e58af5af22102e71c3afe70da276a855b996d57ec0695bcf7660
raw/pilot_100_fallback_20260801T180205Z/timing/baseline/measured_2/chr22_100_guide_050/stderr.txt	360	6e0a62bd0c2f08ba96ba668f896ebe3fa32339495c43eb259f7923a25e2bbb65
raw/pilot_100_fallback_20260801T180205Z/timing/baseline/measured_2/chr22_100_guide_051/command.txt	294	5af4c12fa003152005a27bc15c032da62f1c61c04217ebc0e29abdd59c120dc1
raw/pilot_100_fallback_20260801T180205Z/timing/baseline/measured_2/chr22_100_guide_051/metrics.tsv	294	41794db2bdd25b854c9d970fdd7c8ecaed977e33f4408e9bad4c123cceeaa0da
raw/pilot_100_fallback_20260801T180205Z/timing/baseline/measured_2/chr22_100_guide_051/output.paf	105	14ef5eacd0519bf8d6f3f1e421b2147ce2cef2d89992ac6bc3c0c6493049fd6f
raw/pilot_100_fallback_20260801T180205Z/timing/baseline/measured_2/chr22_100_guide_051/stderr.txt	0	e3b0c44298fc1c149afbf4c8996fb92427ae41e4649b934ca495991b7852b855
raw/pilot_100_fallback_20260801T180205Z/timing/baseline/measured_2/chr22_100_guide_052/command.txt	294	f3fe74e34b01d9ac38dfe0024c39203f1978fffd58af917db3f61109a32aef69
raw/pilot_100_fallback_20260801T180205Z/timing/baseline/measured_2/chr22_100_guide_052/metrics.tsv	294	e6fb4df40365e1c78128bdab198499810757e36a46e2b16582259eedfc6dc696
raw/pilot_100_fallback_20260801T180205Z/timing/baseline/measured_2/chr22_100_guide_052/output.paf	105	b743dcf20b0f8a4d8e1a343b97d48c58a0bc7fc4d1bb2a983a38d2078d740fcd
raw/pilot_100_fallback_20260801T180205Z/timing/baseline/measured_2/chr22_100_guide_052/stderr.txt	0	e3b0c44298fc1c149afbf4c8996fb92427ae41e4649b934ca495991b7852b855
raw/pilot_100_fallback_20260801T180205Z/timing/baseline/measured_2/chr22_100_guide_053/command.txt	294	8f75a8a484b54c99355f10ad0b3c21abf9131eea3ee68adaf5157d2468cede03
raw/pilot_100_fallback_20260801T180205Z/timing/baseline/measured_2/chr22_100_guide_053/metrics.tsv	294	066c81a40c6756c73333105afccdb173947c79894cb23b4819d704e279bc2b80
raw/pilot_100_fallback_20260801T180205Z/timing/baseline/measured_2/chr22_100_guide_053/output.paf	105	7f92fd7dddc708c2b3ec905f92a74e766b81d6ff9eaf13b4dc9c11ff5e96767a
raw/pilot_100_fallback_20260801T180205Z/timing/baseline/measured_2/chr22_100_guide_053/stderr.txt	0	e3b0c44298fc1c149afbf4c8996fb92427ae41e4649b934ca495991b7852b855
raw/pilot_100_fallback_20260801T180205Z/timing/baseline/measured_2/chr22_100_guide_054/command.txt	294	5a80b33003d5cfd769296f806eddc3e762db87ff6d4ab0f43ebfb1126a2f9768
raw/pilot_100_fallback_20260801T180205Z/timing/baseline/measured_2/chr22_100_guide_054/metrics.tsv	297	8b8325cfb6db94ab3b5f5df60122a4bd6bf4549637e1dc5261260b65cb768847
raw/pilot_100_fallback_20260801T180205Z/timing/baseline/measured_2/chr22_100_guide_054/output.paf	1337	a3f996eafe8edb438a0ef9cc29ff2c9d076dd06077727963e045b33f102900cc
raw/pilot_100_fallback_20260801T180205Z/timing/baseline/measured_2/chr22_100_guide_054/stderr.txt	270	6dd37d45626373f97b36828739234e64b591905fb707084ab0eaed58b1b00c27
raw/pilot_100_fallback_20260801T180205Z/timing/baseline/measured_2/chr22_100_guide_055/command.txt	294	cc423a72a09ba73a6c5c3eb1f4cae213a1cd2f502d4ba36739c7ac518c948896
raw/pilot_100_fallback_20260801T180205Z/timing/baseline/measured_2/chr22_100_guide_055/metrics.tsv	294	13184c6d516470235ef045bbc54b7cb42e9863bf27452520616e4b1f92eefe47
raw/pilot_100_fallback_20260801T180205Z/timing/baseline/measured_2/chr22_100_guide_055/output.paf	105	a3d6cd5055990fc10a7f55f785689720f3a06133f1b0f4568f98749ce2751038
raw/pilot_100_fallback_20260801T180205Z/timing/baseline/measured_2/chr22_100_guide_055/stderr.txt	0	e3b0c44298fc1c149afbf4c8996fb92427ae41e4649b934ca495991b7852b855
raw/pilot_100_fallback_20260801T180205Z/timing/baseline/measured_2/chr22_100_guide_056/command.txt	294	2c1a0e09242686c40da017da57ec8d856ef9e4e4fb021b2d84b7658f4168a769
raw/pilot_100_fallback_20260801T180205Z/timing/baseline/measured_2/chr22_100_guide_056/metrics.tsv	294	3ecdf848a4d0ebe45220fd3f06459bb2796a17c34b72ae95b9fc58e7df4cab65
raw/pilot_100_fallback_20260801T180205Z/timing/baseline/measured_2/chr22_100_guide_056/output.paf	105	4a6cdc3b90d2775c2496444fab6f836151cd422ec2c82a9bf758cde5414f2417
raw/pilot_100_fallback_20260801T180205Z/timing/baseline/measured_2/chr22_100_guide_056/stderr.txt	0	e3b0c44298fc1c149afbf4c8996fb92427ae41e4649b934ca495991b7852b855
raw/pilot_100_fallback_20260801T180205Z/timing/baseline/measured_2/chr22_100_guide_057/command.txt	294	4f78aff6fc9fe3c25101e8f164d927838e7bd55167275931099c5df2bc37a2b3
raw/pilot_100_fallback_20260801T180205Z/timing/baseline/measured_2/chr22_100_guide_057/metrics.tsv	298	02e4d5a3a87d256b6db1b7655e71ecfebb5c3a7b7e7b31e6ec002e0bd3a4af98
raw/pilot_100_fallback_20260801T180205Z/timing/baseline/measured_2/chr22_100_guide_057/output.paf	4779	e447aa0d7123fcaedec935b3f8ed884340b0440a321c2a67fe809c7ccae27345
raw/pilot_100_fallback_20260801T180205Z/timing/baseline/measured_2/chr22_100_guide_057/stderr.txt	1125	b2b32f17633bad48f0d63dd8593879a3898a801f59345a837879f804a8b0a9ca
raw/pilot_100_fallback_20260801T180205Z/timing/baseline/measured_2/chr22_100_guide_058/command.txt	294	42e978afa0c20f3f75c3438381894c1d3e831b6024e1178f8413c64b3a1fa7bf
raw/pilot_100_fallback_20260801T180205Z/timing/baseline/measured_2/chr22_100_guide_058/metrics.tsv	294	85dcf14744725c471017231cd78a658a3a07b5bf22769ee8cb9b91d3eeefa7fa
raw/pilot_100_fallback_20260801T180205Z/timing/baseline/measured_2/chr22_100_guide_058/output.paf	105	b7517a16df61180265ec10a20cb33a003c3ea568992073591f20e96d81391119
raw/pilot_100_fallback_20260801T180205Z/timing/baseline/measured_2/chr22_100_guide_058/stderr.txt	0	e3b0c44298fc1c149afbf4c8996fb92427ae41e4649b934ca495991b7852b855
raw/pilot_100_fallback_20260801T180205Z/timing/baseline/measured_2/chr22_100_guide_059/command.txt	294	d3ed08a4d85e49c013ef46a16a83336181bb06ba551459de75aa365054b565d4
raw/pilot_100_fallback_20260801T180205Z/timing/baseline/measured_2/chr22_100_guide_059/metrics.tsv	294	0020a9cbec997f7c4fe00a0096e541f1b133d58dc3d25b4f3e3b626357beb19a
raw/pilot_100_fallback_20260801T180205Z/timing/baseline/measured_2/chr22_100_guide_059/output.paf	105	a6e8f7dbe8440152b018e778c86e594c220662576f7388bf74086116bfb557b5
raw/pilot_100_fallback_20260801T180205Z/timing/baseline/measured_2/chr22_100_guide_059/stderr.txt	0	e3b0c44298fc1c149afbf4c8996fb92427ae41e4649b934ca495991b7852b855
raw/pilot_100_fallback_20260801T180205Z/timing/baseline/measured_2/chr22_100_guide_060/command.txt	294	b6de0bf1b4b24fd7876c63b0d267ce2bafbe4db9f26c7b623196acd7d7f8bde3
raw/pilot_100_fallback_20260801T180205Z/timing/baseline/measured_2/chr22_100_guide_060/metrics.tsv	294	65aaaa50be2bb710e87e0400180a5415c1b2b3eacd06cec3dffe44ceb15233e5
raw/pilot_100_fallback_20260801T180205Z/timing/baseline/measured_2/chr22_100_guide_060/output.paf	105	96bacc0c5f62f5ee3cb64d6560e882e64673267447e8714383a4ab744f1c99a8
raw/pilot_100_fallback_20260801T180205Z/timing/baseline/measured_2/chr22_100_guide_060/stderr.txt	0	e3b0c44298fc1c149afbf4c8996fb92427ae41e4649b934ca495991b7852b855
raw/pilot_100_fallback_20260801T180205Z/timing/baseline/measured_2/chr22_100_guide_061/command.txt	294	86f836e6f97e0279c74efba63336e64ebcd003b6da19c497e63e193f918a4c3a
raw/pilot_100_fallback_20260801T180205Z/timing/baseline/measured_2/chr22_100_guide_061/metrics.tsv	294	4824ebd9c6da5d5c36d51e2bc3f4686b2afe6012c24aa468fc492dcf06627662
raw/pilot_100_fallback_20260801T180205Z/timing/baseline/measured_2/chr22_100_guide_061/output.paf	105	9246314add68bcb309196485353ca32264aa9d97b65d40e3825659e7fa9e07c5
raw/pilot_100_fallback_20260801T180205Z/timing/baseline/measured_2/chr22_100_guide_061/stderr.txt	0	e3b0c44298fc1c149afbf4c8996fb92427ae41e4649b934ca495991b7852b855
raw/pilot_100_fallback_20260801T180205Z/timing/baseline/measured_2/chr22_100_guide_062/command.txt	294	cd3d0c9d843f95cbad1a96a838539555dfac1c2ce161e885552208ad0e0f5fc8
raw/pilot_100_fallback_20260801T180205Z/timing/baseline/measured_2/chr22_100_guide_062/metrics.tsv	294	14ea246a896fd9a5571d0cdc1abb29cb8e5884141ea9c671eba3707e8df89d43
raw/pilot_100_fallback_20260801T180205Z/timing/baseline/measured_2/chr22_100_guide_062/output.paf	105	4832e7aa711ccdac22496f6cb8a979eec30369c372fca1b6aba1e3edfb12e8a1
raw/pilot_100_fallback_20260801T180205Z/timing/baseline/measured_2/chr22_100_guide_062/stderr.txt	0	e3b0c44298fc1c149afbf4c8996fb92427ae41e4649b934ca495991b7852b855
raw/pilot_100_fallback_20260801T180205Z/timing/baseline/measured_2/chr22_100_guide_063/command.txt	294	70887f056f4e6c9a7fb8d55aebf6260ff2cacc2988834221b289083a7d8ecd39
raw/pilot_100_fallback_20260801T180205Z/timing/baseline/measured_2/chr22_100_guide_063/metrics.tsv	294	8e316b170533b0004f503d2104eaaeb43cb9ddffa450a00f7e8d3dc427ab2ccb
raw/pilot_100_fallback_20260801T180205Z/timing/baseline/measured_2/chr22_100_guide_063/output.paf	105	c4ca7ddc636638d7005d3e187756ba84185296e1c2585b41d0a7a856e2606213
raw/pilot_100_fallback_20260801T180205Z/timing/baseline/measured_2/chr22_100_guide_063/stderr.txt	0	e3b0c44298fc1c149afbf4c8996fb92427ae41e4649b934ca495991b7852b855
raw/pilot_100_fallback_20260801T180205Z/timing/baseline/measured_2/chr22_100_guide_064/command.txt	294	b1f39b0ebad89619ebac2bc2eb9430e92b5714779333946948e654ec71525f96
raw/pilot_100_fallback_20260801T180205Z/timing/baseline/measured_2/chr22_100_guide_064/metrics.tsv	294	5f1bd0a634642b053f29f6264d062b9f8973226b287ec75cf4f2c2a369831709
raw/pilot_100_fallback_20260801T180205Z/timing/baseline/measured_2/chr22_100_guide_064/output.paf	105	b38f02456f345d872287da7f74b53691b169eb255cc35d11d103c308c700d2eb
raw/pilot_100_fallback_20260801T180205Z/timing/baseline/measured_2/chr22_100_guide_064/stderr.txt	0	e3b0c44298fc1c149afbf4c8996fb92427ae41e4649b934ca495991b7852b855
raw/pilot_100_fallback_20260801T180205Z/timing/baseline/measured_2/chr22_100_guide_065/command.txt	294	a0eedbe5dd7aa14b950e4a84b89ccaf07cb94a3edbf045a82b33414a79711c01
raw/pilot_100_fallback_20260801T180205Z/timing/baseline/measured_2/chr22_100_guide_065/metrics.tsv	294	d121be511d061223f5bf3f07270e7946baa7c3a20cf2b7435a8e5f05fde772c2
raw/pilot_100_fallback_20260801T180205Z/timing/baseline/measured_2/chr22_100_guide_065/output.paf	105	4a6f7a313e251182f276be210f99075cb7bfa5275fa278d132ac27df6e713db1
raw/pilot_100_fallback_20260801T180205Z/timing/baseline/measured_2/chr22_100_guide_065/stderr.txt	0	e3b0c44298fc1c149afbf4c8996fb92427ae41e4649b934ca495991b7852b855
raw/pilot_100_fallback_20260801T180205Z/timing/baseline/measured_2/chr22_100_guide_066/command.txt	294	bccc118f5764efd69b1775580918aecc29aa2fa189f711f88ee05cbd88261375
raw/pilot_100_fallback_20260801T180205Z/timing/baseline/measured_2/chr22_100_guide_066/metrics.tsv	294	aa27a3e0a5dd5136095935a7583f622617f77bb7f08a957b95dfc9047ea166c6
raw/pilot_100_fallback_20260801T180205Z/timing/baseline/measured_2/chr22_100_guide_066/output.paf	105	4802296ebbba9922a4ece696902be06427691049808ba406ed873a9a4a219f9c
raw/pilot_100_fallback_20260801T180205Z/timing/baseline/measured_2/chr22_100_guide_066/stderr.txt	0	e3b0c44298fc1c149afbf4c8996fb92427ae41e4649b934ca495991b7852b855
raw/pilot_100_fallback_20260801T180205Z/timing/baseline/measured_2/chr22_100_guide_067/command.txt	294	725e56395656f09ff7d0fce53f985a68b06a7cc2dd6a4e2922101a912c48efd4
raw/pilot_100_fallback_20260801T180205Z/timing/baseline/measured_2/chr22_100_guide_067/metrics.tsv	294	ff8b53a2a9e6156a350e5d4974c04d9e962682b1bc7edc70c72630650b314d33
raw/pilot_100_fallback_20260801T180205Z/timing/baseline/measured_2/chr22_100_guide_067/output.paf	105	0229a4fc79d3d37ddda05a4910899ff60fcd29aa41d3690d08b235deae1dd329
raw/pilot_100_fallback_20260801T180205Z/timing/baseline/measured_2/chr22_100_guide_067/stderr.txt	0	e3b0c44298fc1c149afbf4c8996fb92427ae41e4649b934ca495991b7852b855
raw/pilot_100_fallback_20260801T180205Z/timing/baseline/measured_2/chr22_100_guide_068/command.txt	294	5c3b93b11b8e6a74bde0ca874a8c3513b022608ec72102e19b764eda2894281c
raw/pilot_100_fallback_20260801T180205Z/timing/baseline/measured_2/chr22_100_guide_068/metrics.tsv	294	49e5d85b4ab54bbf27ee02a70c1d945094b7cc580e9e3f263a0b8b1021ff4b9a
raw/pilot_100_fallback_20260801T180205Z/timing/baseline/measured_2/chr22_100_guide_068/output.paf	214	d39c5b6762aa09453e14f55e106ab300ceb4955ee3d73b381937cbf2220ed042
raw/pilot_100_fallback_20260801T180205Z/timing/baseline/measured_2/chr22_100_guide_068/stderr.txt	0	e3b0c44298fc1c149afbf4c8996fb92427ae41e4649b934ca495991b7852b855
raw/pilot_100_fallback_20260801T180205Z/timing/baseline/measured_2/chr22_100_guide_069/command.txt	294	99de005df36445fc0cc87e0e7f648b713e285055a4d085232f2faac07be3b277
raw/pilot_100_fallback_20260801T180205Z/timing/baseline/measured_2/chr22_100_guide_069/metrics.tsv	294	d2503f20fbb6e2f46fceb6e4d76b53ea87f8a886f5b0cbd7377701a7ab394098
raw/pilot_100_fallback_20260801T180205Z/timing/baseline/measured_2/chr22_100_guide_069/output.paf	107	894b1dbfd640275e381c43f266827b3b0b872a2b9928a9ade378892e79cddd91
raw/pilot_100_fallback_20260801T180205Z/timing/baseline/measured_2/chr22_100_guide_069/stderr.txt	0	e3b0c44298fc1c149afbf4c8996fb92427ae41e4649b934ca495991b7852b855
raw/pilot_100_fallback_20260801T180205Z/timing/baseline/measured_2/chr22_100_guide_070/command.txt	294	8219161a7733a4e4c0488d6c14034deed7894765a0f4a8af2ef1208cbed2db65
raw/pilot_100_fallback_20260801T180205Z/timing/baseline/measured_2/chr22_100_guide_070/metrics.tsv	294	dc17dfed3b15e9ee6f745051c7fcb98d9e3e55ad86baf8d04b94253f3c31c689
raw/pilot_100_fallback_20260801T180205Z/timing/baseline/measured_2/chr22_100_guide_070/output.paf	105	555a66e1753526673117e366fb233c844df0cfc38a64971866528e20e52f4ca2
raw/pilot_100_fallback_20260801T180205Z/timing/baseline/measured_2/chr22_100_guide_070/stderr.txt	0	e3b0c44298fc1c149afbf4c8996fb92427ae41e4649b934ca495991b7852b855
raw/pilot_100_fallback_20260801T180205Z/timing/baseline/measured_2/chr22_100_guide_071/command.txt	294	33e1452dc4ab7f77b5c60b48874e08912b2384e40fb648eac1ed52a2b2df65b9
raw/pilot_100_fallback_20260801T180205Z/timing/baseline/measured_2/chr22_100_guide_071/metrics.tsv	294	85fa04fbe30751130145f73d2334e7dd281d85cc473139703bc88633cd18e170
raw/pilot_100_fallback_20260801T180205Z/timing/baseline/measured_2/chr22_100_guide_071/output.paf	105	db50066ab5215e0ab40715d3e84c765c47977eb5d92e2f74fef9a37ee0c19f96
raw/pilot_100_fallback_20260801T180205Z/timing/baseline/measured_2/chr22_100_guide_071/stderr.txt	0	e3b0c44298fc1c149afbf4c8996fb92427ae41e4649b934ca495991b7852b855
raw/pilot_100_fallback_20260801T180205Z/timing/baseline/measured_2/chr22_100_guide_072/command.txt	294	10e3796ef2fbb531f9c0fdf7ed8c3441643f57ef8e1269b561e32d6893dfc208
raw/pilot_100_fallback_20260801T180205Z/timing/baseline/measured_2/chr22_100_guide_072/metrics.tsv	294	6cf343792f65bb307feeff949142b5c76d8ad47d108d00b33cbd9f8bb3670380
raw/pilot_100_fallback_20260801T180205Z/timing/baseline/measured_2/chr22_100_guide_072/output.paf	105	a7389bd954eaa7a8f7c3e448a2ff3a3f4ef011b680d833fad933fd884d099eca
raw/pilot_100_fallback_20260801T180205Z/timing/baseline/measured_2/chr22_100_guide_072/stderr.txt	0	e3b0c44298fc1c149afbf4c8996fb92427ae41e4649b934ca495991b7852b855
raw/pilot_100_fallback_20260801T180205Z/timing/baseline/measured_2/chr22_100_guide_073/command.txt	294	8ddf9d7e2608669e5fd6a1fd8c1335579a510d4d382c7cbc9d99592881f85fae
raw/pilot_100_fallback_20260801T180205Z/timing/baseline/measured_2/chr22_100_guide_073/metrics.tsv	294	6c0fbb65ef79d9fd55cb46a76bc97c8630ff84b22c19e738a047ff16163cf59e
raw/pilot_100_fallback_20260801T180205Z/timing/baseline/measured_2/chr22_100_guide_073/output.paf	105	850390cf00e784716c531f5e64380876ff07596af289e7ba34bc096bff075ecc
raw/pilot_100_fallback_20260801T180205Z/timing/baseline/measured_2/chr22_100_guide_073/stderr.txt	0	e3b0c44298fc1c149afbf4c8996fb92427ae41e4649b934ca495991b7852b855
raw/pilot_100_fallback_20260801T180205Z/timing/baseline/measured_2/chr22_100_guide_074/command.txt	294	4f2ed744a868ca92e3555a96b060747acf3bae65e2aa2059d9c41153327b3875
raw/pilot_100_fallback_20260801T180205Z/timing/baseline/measured_2/chr22_100_guide_074/metrics.tsv	294	b3873d224459e67b6115ce944fccbadf373652d7738e9f72215abf182e0cce83
raw/pilot_100_fallback_20260801T180205Z/timing/baseline/measured_2/chr22_100_guide_074/output.paf	105	1f00016106bffc2ceba39230352e1e4ef914076353527946b8890d37546c25f5
raw/pilot_100_fallback_20260801T180205Z/timing/baseline/measured_2/chr22_100_guide_074/stderr.txt	0	e3b0c44298fc1c149afbf4c8996fb92427ae41e4649b934ca495991b7852b855
raw/pilot_100_fallback_20260801T180205Z/timing/baseline/measured_2/chr22_100_guide_075/command.txt	294	106f54bec30a40f6f3910a52de5d5c49338a9c5165265e82644929d39c73a88e
raw/pilot_100_fallback_20260801T180205Z/timing/baseline/measured_2/chr22_100_guide_075/metrics.tsv	298	f772e5b0db186f20f61e15d82fca38be99a87309b27be059d1081f0c89e4bb7f
raw/pilot_100_fallback_20260801T180205Z/timing/baseline/measured_2/chr22_100_guide_075/output.paf	5818	614fa5b4f485a1fa8c00df490945639ea3b852b19e198bebe4d74ffe93ad1b88
raw/pilot_100_fallback_20260801T180205Z/timing/baseline/measured_2/chr22_100_guide_075/stderr.txt	1845	cae01c86d9418ff48743f603d690cbbed7cfd0a775aa61abea8fe81d849a788f
raw/pilot_100_fallback_20260801T180205Z/timing/baseline/measured_2/chr22_100_guide_076/command.txt	294	8d83f8807b0ccd9da7fb4667fb7b469fc9d97e3552a7790fb3bf8ee1f800e656
raw/pilot_100_fallback_20260801T180205Z/timing/baseline/measured_2/chr22_100_guide_076/metrics.tsv	295	10389abe84864c23889710ab1417c7ba7cd8bf3f5eaa5f057a216e86eac6338a
raw/pilot_100_fallback_20260801T180205Z/timing/baseline/measured_2/chr22_100_guide_076/output.paf	400	b142ef637df4e3f99cba0ff326382f5ebefaebebec7f67f50ae570d3cb77d0e9
raw/pilot_100_fallback_20260801T180205Z/timing/baseline/measured_2/chr22_100_guide_076/stderr.txt	90	e738f131400a5df528e34a9a74400f6996b29d28e34bef3f730ed59c9b584539
raw/pilot_100_fallback_20260801T180205Z/timing/baseline/measured_2/chr22_100_guide_077/command.txt	294	34a4ac4305dad4b70d1972d75cba9cee9734695b32e7b9eed5101f6ddda4eb4d
raw/pilot_100_fallback_20260801T180205Z/timing/baseline/measured_2/chr22_100_guide_077/metrics.tsv	294	71d5d23f1ef045b1ed851e4846e190dc5c6ffe8cf1dea059bf3570935aeb4819
raw/pilot_100_fallback_20260801T180205Z/timing/baseline/measured_2/chr22_100_guide_077/output.paf	105	e3869c3952dd0b0eb3e37141b1040c6f25b82c4e398011436f2219c75f8febe8
raw/pilot_100_fallback_20260801T180205Z/timing/baseline/measured_2/chr22_100_guide_077/stderr.txt	0	e3b0c44298fc1c149afbf4c8996fb92427ae41e4649b934ca495991b7852b855
raw/pilot_100_fallback_20260801T180205Z/timing/baseline/measured_2/chr22_100_guide_078/command.txt	294	faa9aba2aac1781a334c68e83706090c78953cbac5ad46232eef3388cea4039c
raw/pilot_100_fallback_20260801T180205Z/timing/baseline/measured_2/chr22_100_guide_078/metrics.tsv	294	3243a37cdee2752c7ca424c958eec7b43ed4977c49411bcfa3cab677129dd4ef
raw/pilot_100_fallback_20260801T180205Z/timing/baseline/measured_2/chr22_100_guide_078/output.paf	105	b32f95b3659bdf5efde0a545c93605a84811e1f51637e98948f88b66e0c918a9
raw/pilot_100_fallback_20260801T180205Z/timing/baseline/measured_2/chr22_100_guide_078/stderr.txt	0	e3b0c44298fc1c149afbf4c8996fb92427ae41e4649b934ca495991b7852b855
raw/pilot_100_fallback_20260801T180205Z/timing/baseline/measured_2/chr22_100_guide_079/command.txt	294	45b239768da0457701c80edb9be4e94b086d4979b752d49c90045db0a0cd4f14
raw/pilot_100_fallback_20260801T180205Z/timing/baseline/measured_2/chr22_100_guide_079/metrics.tsv	294	3378425dc5ac7b1a2f05a394d0572a7be92677658cc91d0de209085a8616d2a6
raw/pilot_100_fallback_20260801T180205Z/timing/baseline/measured_2/chr22_100_guide_079/output.paf	105	3719b9c87eb26bae46571444132aecd72ec6971081ed8592128ac8081655f637
raw/pilot_100_fallback_20260801T180205Z/timing/baseline/measured_2/chr22_100_guide_079/stderr.txt	0	e3b0c44298fc1c149afbf4c8996fb92427ae41e4649b934ca495991b7852b855
raw/pilot_100_fallback_20260801T180205Z/timing/baseline/measured_2/chr22_100_guide_080/command.txt	294	d49e476f53b0190d2dbd332662213cd0421dff8a329bee086cf07e15d7f97704
raw/pilot_100_fallback_20260801T180205Z/timing/baseline/measured_2/chr22_100_guide_080/metrics.tsv	294	1357c490bf10d259339586d26292ccf30ca5d05d55914a61279ea41a4325c879
raw/pilot_100_fallback_20260801T180205Z/timing/baseline/measured_2/chr22_100_guide_080/output.paf	105	5c9d989f365df1d424483a28cbc77093b089ff7ebee8cd46972f309ff0b6db17
raw/pilot_100_fallback_20260801T180205Z/timing/baseline/measured_2/chr22_100_guide_080/stderr.txt	0	e3b0c44298fc1c149afbf4c8996fb92427ae41e4649b934ca495991b7852b855
raw/pilot_100_fallback_20260801T180205Z/timing/baseline/measured_2/chr22_100_guide_081/command.txt	294	5afa740561bc893dab0d8638897114fc63396b5fecdf28cdddab3db337bc2cc2
raw/pilot_100_fallback_20260801T180205Z/timing/baseline/measured_2/chr22_100_guide_081/metrics.tsv	294	8ae971ff3b29a533982f15b7836056900c3e05fa277dc9db1446c2a7e42566a4
raw/pilot_100_fallback_20260801T180205Z/timing/baseline/measured_2/chr22_100_guide_081/output.paf	105	60f8b2bdc588b6b13527c78acc609879caa8defea9c72ada132dee63d52ad9bf
raw/pilot_100_fallback_20260801T180205Z/timing/baseline/measured_2/chr22_100_guide_081/stderr.txt	0	e3b0c44298fc1c149afbf4c8996fb92427ae41e4649b934ca495991b7852b855
raw/pilot_100_fallback_20260801T180205Z/timing/baseline/measured_2/chr22_100_guide_082/command.txt	294	c5eb9cf68dbf3fb168355c780ea930c057ba1147a70e43e2e8d87d137c55b8c4
raw/pilot_100_fallback_20260801T180205Z/timing/baseline/measured_2/chr22_100_guide_082/metrics.tsv	294	d3d9a88f60a7095b7ecdda6d21ec0fa8f91818dd29a0b19d982adf0f6766657f
raw/pilot_100_fallback_20260801T180205Z/timing/baseline/measured_2/chr22_100_guide_082/output.paf	105	8aa0d629b648d54d65dead9f626b4f79b04416d14abcb761ce6f8afd4c8d5a02
raw/pilot_100_fallback_20260801T180205Z/timing/baseline/measured_2/chr22_100_guide_082/stderr.txt	0	e3b0c44298fc1c149afbf4c8996fb92427ae41e4649b934ca495991b7852b855
raw/pilot_100_fallback_20260801T180205Z/timing/baseline/measured_2/chr22_100_guide_083/command.txt	294	3416ca0a99f0208ab1ce747521d78a2ac75be8410b274f3d6925da2201613f82
raw/pilot_100_fallback_20260801T180205Z/timing/baseline/measured_2/chr22_100_guide_083/metrics.tsv	294	f6047980fc307c37df0bad03c0de109b71db480cd30ef3c30c986e436b306dea
raw/pilot_100_fallback_20260801T180205Z/timing/baseline/measured_2/chr22_100_guide_083/output.paf	105	1da030b92202db00fdf4fa746fa0de1c56a74c6415d7abf8e6e634730c0990ca
raw/pilot_100_fallback_20260801T180205Z/timing/baseline/measured_2/chr22_100_guide_083/stderr.txt	0	e3b0c44298fc1c149afbf4c8996fb92427ae41e4649b934ca495991b7852b855
raw/pilot_100_fallback_20260801T180205Z/timing/baseline/measured_2/chr22_100_guide_084/command.txt	294	46bdd25b56b30de4d3bf5825476b1e2ce5a25e059c364c2f402dde24c86be485
raw/pilot_100_fallback_20260801T180205Z/timing/baseline/measured_2/chr22_100_guide_084/metrics.tsv	295	4b9e450312e8e14b49c79b2fe0e2976b6bb9f3b8490d805ffa03f265d16f0b41
raw/pilot_100_fallback_20260801T180205Z/timing/baseline/measured_2/chr22_100_guide_084/output.paf	517	d3912c4fe014403d39f5babbc235cd2d4fea43649489b9579873d8d170b294d0
raw/pilot_100_fallback_20260801T180205Z/timing/baseline/measured_2/chr22_100_guide_084/stderr.txt	45	ecd997460eff8b19bac120208f47edd7be53e3371027aaa35d95fa07a5e79089
raw/pilot_100_fallback_20260801T180205Z/timing/baseline/measured_2/chr22_100_guide_085/command.txt	294	4c66d15d09fe32c5dde11c67e94daef15b4ac44f8d863f8e536dee9575262581
raw/pilot_100_fallback_20260801T180205Z/timing/baseline/measured_2/chr22_100_guide_085/metrics.tsv	294	5e7aec619106cf5af103962ce7065774a366931cdece9c9c18a6c485f8fe2799
raw/pilot_100_fallback_20260801T180205Z/timing/baseline/measured_2/chr22_100_guide_085/output.paf	105	886f21508ef43139da65b3307d412b9c43af12390fb60b152be51f2961337117
raw/pilot_100_fallback_20260801T180205Z/timing/baseline/measured_2/chr22_100_guide_085/stderr.txt	0	e3b0c44298fc1c149afbf4c8996fb92427ae41e4649b934ca495991b7852b855
raw/pilot_100_fallback_20260801T180205Z/timing/baseline/measured_2/chr22_100_guide_086/command.txt	294	3444740aa026e2ab6eb56d5a9baf76db9c61248ef6a3591ad24e819f87449dd2
raw/pilot_100_fallback_20260801T180205Z/timing/baseline/measured_2/chr22_100_guide_086/metrics.tsv	294	91d900060cc3c9b5f4857a26a733228dea536bc55fa5278e034c5d66c6e7cff8
raw/pilot_100_fallback_20260801T180205Z/timing/baseline/measured_2/chr22_100_guide_086/output.paf	105	b49d937c3f713b95c07b0df4983659c5531f5062b2c8b309c93edf95c5d33253
raw/pilot_100_fallback_20260801T180205Z/timing/baseline/measured_2/chr22_100_guide_086/stderr.txt	0	e3b0c44298fc1c149afbf4c8996fb92427ae41e4649b934ca495991b7852b855
raw/pilot_100_fallback_20260801T180205Z/timing/baseline/measured_2/chr22_100_guide_087/command.txt	294	a1b16959df12ab6a2ad59ee79b067084b78b8dfc3f3550eaf89da1643c0125bb
raw/pilot_100_fallback_20260801T180205Z/timing/baseline/measured_2/chr22_100_guide_087/metrics.tsv	294	c160531fa14e1e5db3d822134572f23e61c66840b4af8f7a01d192b1464e8fbd
raw/pilot_100_fallback_20260801T180205Z/timing/baseline/measured_2/chr22_100_guide_087/output.paf	323	9a84143c1c0ae741457654eac03a337269c00cb43411a6b54461fbe5949d0b50
raw/pilot_100_fallback_20260801T180205Z/timing/baseline/measured_2/chr22_100_guide_087/stderr.txt	0	e3b0c44298fc1c149afbf4c8996fb92427ae41e4649b934ca495991b7852b855
raw/pilot_100_fallback_20260801T180205Z/timing/baseline/measured_2/chr22_100_guide_088/command.txt	294	f2a3f6a07ebd08e30cb34865d37ac2ff7605d082f83307f44be0f061bf9cf833
raw/pilot_100_fallback_20260801T180205Z/timing/baseline/measured_2/chr22_100_guide_088/metrics.tsv	294	3a399a2ccdc31138b079611a02c4987db30507d953ce97280d0f8bf0a10d0dff
raw/pilot_100_fallback_20260801T180205Z/timing/baseline/measured_2/chr22_100_guide_088/output.paf	105	7b9ea615f9aa7e046adebd0e63adf8ebdc63c09e2a683a13ae5b9e9457fd8152
raw/pilot_100_fallback_20260801T180205Z/timing/baseline/measured_2/chr22_100_guide_088/stderr.txt	0	e3b0c44298fc1c149afbf4c8996fb92427ae41e4649b934ca495991b7852b855
raw/pilot_100_fallback_20260801T180205Z/timing/baseline/measured_2/chr22_100_guide_089/command.txt	294	297f847c9990d3327a7342e31559525404718dbc102c79b8455441154a68860a
raw/pilot_100_fallback_20260801T180205Z/timing/baseline/measured_2/chr22_100_guide_089/metrics.tsv	294	dc5568530f0bef94f9acf87036ea94061c10f10ea29de0eac1ebf4c6f8c39eff
raw/pilot_100_fallback_20260801T180205Z/timing/baseline/measured_2/chr22_100_guide_089/output.paf	105	790719bd8847db6a942f261864ea37c0ec15f7a4f400e0bd1eaf31a8e659f354
raw/pilot_100_fallback_20260801T180205Z/timing/baseline/measured_2/chr22_100_guide_089/stderr.txt	0	e3b0c44298fc1c149afbf4c8996fb92427ae41e4649b934ca495991b7852b855
raw/pilot_100_fallback_20260801T180205Z/timing/baseline/measured_2/chr22_100_guide_090/command.txt	294	62baeecbbbb7cb1beb1a7fa0a280e6cdc608f5fcbc06c89131f328c82cad3b88
raw/pilot_100_fallback_20260801T180205Z/timing/baseline/measured_2/chr22_100_guide_090/metrics.tsv	294	1eff60d23641abbe7dea6333b721c065b6f600573aae4374b34d5874af433a35
raw/pilot_100_fallback_20260801T180205Z/timing/baseline/measured_2/chr22_100_guide_090/output.paf	105	af0e7d04b9032b6ba55a507cdc6196da5e7f3adbce117a38bb6ba2d2fb078cba
raw/pilot_100_fallback_20260801T180205Z/timing/baseline/measured_2/chr22_100_guide_090/stderr.txt	0	e3b0c44298fc1c149afbf4c8996fb92427ae41e4649b934ca495991b7852b855
raw/pilot_100_fallback_20260801T180205Z/timing/baseline/measured_2/chr22_100_guide_091/command.txt	294	32cc6da567e225a4f2cd3a2377a598ccbaabc35046b9064bac0df339a0e21a3d
raw/pilot_100_fallback_20260801T180205Z/timing/baseline/measured_2/chr22_100_guide_091/metrics.tsv	294	8122fd134fd5da68f1a3bea11b2f951d0f9a7174ec9c9345cd5b2a29b651373e
raw/pilot_100_fallback_20260801T180205Z/timing/baseline/measured_2/chr22_100_guide_091/output.paf	214	cf53e5c0ba2549b95ad7cc66f6caa57165a2d7ef971b8448816c1f5189dcba42
raw/pilot_100_fallback_20260801T180205Z/timing/baseline/measured_2/chr22_100_guide_091/stderr.txt	0	e3b0c44298fc1c149afbf4c8996fb92427ae41e4649b934ca495991b7852b855
raw/pilot_100_fallback_20260801T180205Z/timing/baseline/measured_2/chr22_100_guide_092/command.txt	294	b1df8e70b02bdbbfbb47908fa04522a531b1e1ad08becc03f50acea6693be13e
raw/pilot_100_fallback_20260801T180205Z/timing/baseline/measured_2/chr22_100_guide_092/metrics.tsv	294	2cebd656bccc88658b79a68756996b978eb1c29152deed8396a41624060be668
raw/pilot_100_fallback_20260801T180205Z/timing/baseline/measured_2/chr22_100_guide_092/output.paf	105	36dc22934c7c02b9c1a4043e7fa71e9fab23fac626842ee0233fa0a19e8a4d8d
raw/pilot_100_fallback_20260801T180205Z/timing/baseline/measured_2/chr22_100_guide_092/stderr.txt	0	e3b0c44298fc1c149afbf4c8996fb92427ae41e4649b934ca495991b7852b855
raw/pilot_100_fallback_20260801T180205Z/timing/baseline/measured_2/chr22_100_guide_093/command.txt	294	8318cf790daebe2ae59d609333c635a134954b1e3cd87ef8c72f433e45110b40
raw/pilot_100_fallback_20260801T180205Z/timing/baseline/measured_2/chr22_100_guide_093/metrics.tsv	294	18cf21bc74b58b6c5776cb238640f716d95b53766206bb33696f0e675a0c7bae
raw/pilot_100_fallback_20260801T180205Z/timing/baseline/measured_2/chr22_100_guide_093/output.paf	105	7c248ba9765e06499bdbdd56fa063150392f57bbcf49d7273e7a34148cb2a14e
raw/pilot_100_fallback_20260801T180205Z/timing/baseline/measured_2/chr22_100_guide_093/stderr.txt	0	e3b0c44298fc1c149afbf4c8996fb92427ae41e4649b934ca495991b7852b855
raw/pilot_100_fallback_20260801T180205Z/timing/baseline/measured_2/chr22_100_guide_094/command.txt	294	1addb3efa131e8e103242ba9daac6b8f0063c83db50c7a3c5e6c88899a3a020a
raw/pilot_100_fallback_20260801T180205Z/timing/baseline/measured_2/chr22_100_guide_094/metrics.tsv	294	490c529c78d1893f583857e433d33a84b92c9a27237eafb1ac356c21e096ffd5
raw/pilot_100_fallback_20260801T180205Z/timing/baseline/measured_2/chr22_100_guide_094/output.paf	105	b129ef3c4f85946c1752fcdec67457fbfa137faf10c495dcfb79020726f0093a
raw/pilot_100_fallback_20260801T180205Z/timing/baseline/measured_2/chr22_100_guide_094/stderr.txt	0	e3b0c44298fc1c149afbf4c8996fb92427ae41e4649b934ca495991b7852b855
raw/pilot_100_fallback_20260801T180205Z/timing/baseline/measured_2/chr22_100_guide_095/command.txt	294	172bcf5e6696030397c56f1e2e204827348ef72b9e5e542967b4f0be658c21ec
raw/pilot_100_fallback_20260801T180205Z/timing/baseline/measured_2/chr22_100_guide_095/metrics.tsv	294	5c8340eb91ee7e3190992e861a29449a4bc6d4050cb9c530372e248e6d198567
raw/pilot_100_fallback_20260801T180205Z/timing/baseline/measured_2/chr22_100_guide_095/output.paf	214	72cfccdb732c7f835e82aebb76ca4186954ee044989d4d3f165c230249e1ab41
raw/pilot_100_fallback_20260801T180205Z/timing/baseline/measured_2/chr22_100_guide_095/stderr.txt	0	e3b0c44298fc1c149afbf4c8996fb92427ae41e4649b934ca495991b7852b855
raw/pilot_100_fallback_20260801T180205Z/timing/baseline/measured_2/chr22_100_guide_096/command.txt	294	111ddc9a7fd7a284bef5082c64543ca18675ce04d5d1b8c6140fad62a9faa5c8
raw/pilot_100_fallback_20260801T180205Z/timing/baseline/measured_2/chr22_100_guide_096/metrics.tsv	294	be9613b4bad9c9ee45093521b90b052c8536c052bd3646b83e6b8eb6701cee64
raw/pilot_100_fallback_20260801T180205Z/timing/baseline/measured_2/chr22_100_guide_096/output.paf	105	66356638d350f202a4fc3653512e2eb61d180a210d3b4874237620fdd88f45ac
raw/pilot_100_fallback_20260801T180205Z/timing/baseline/measured_2/chr22_100_guide_096/stderr.txt	0	e3b0c44298fc1c149afbf4c8996fb92427ae41e4649b934ca495991b7852b855
raw/pilot_100_fallback_20260801T180205Z/timing/baseline/measured_2/chr22_100_guide_097/command.txt	294	d353f2e899ebb93ed352f15f6ff5a29c9d6057a0eee378dc9828ef4d2556deea
raw/pilot_100_fallback_20260801T180205Z/timing/baseline/measured_2/chr22_100_guide_097/metrics.tsv	294	3bf4127b509189a5cabcbd6cf81ffea8a4962e214656e45ea88d2cfc395f1161
raw/pilot_100_fallback_20260801T180205Z/timing/baseline/measured_2/chr22_100_guide_097/output.paf	105	ec3317eca52cb313be8b742bd84d70d8e9f8f3d3a8dfda83e632d9ec5b3e7472
raw/pilot_100_fallback_20260801T180205Z/timing/baseline/measured_2/chr22_100_guide_097/stderr.txt	0	e3b0c44298fc1c149afbf4c8996fb92427ae41e4649b934ca495991b7852b855
raw/pilot_100_fallback_20260801T180205Z/timing/baseline/measured_2/chr22_100_guide_098/command.txt	294	468a558e0f3fdd08d7debf0ad8923a76d1462c9c7f320e22e8005dbb2614aadf
raw/pilot_100_fallback_20260801T180205Z/timing/baseline/measured_2/chr22_100_guide_098/metrics.tsv	294	55d836ea9a35da24139567146efcfdbb7c4066b1446a3377da61c1f50fcd95c3
raw/pilot_100_fallback_20260801T180205Z/timing/baseline/measured_2/chr22_100_guide_098/output.paf	105	624a957aae98b6d231ae1011b4e64e108e7b8e8e44287e46c4862920d0454e11
raw/pilot_100_fallback_20260801T180205Z/timing/baseline/measured_2/chr22_100_guide_098/stderr.txt	0	e3b0c44298fc1c149afbf4c8996fb92427ae41e4649b934ca495991b7852b855
raw/pilot_100_fallback_20260801T180205Z/timing/baseline/measured_2/chr22_100_guide_099/command.txt	294	d88e1c76d6eaecf792cbc868cbf12b5cb10e920bdf39eac71f27113ad3774233
raw/pilot_100_fallback_20260801T180205Z/timing/baseline/measured_2/chr22_100_guide_099/metrics.tsv	295	798e4b148fa849bd08cf2d4a27d0e7b45a4bda6442b1e5894e3647a3d153fd28
raw/pilot_100_fallback_20260801T180205Z/timing/baseline/measured_2/chr22_100_guide_099/output.paf	200	ae2950cc930771cbd394906d42c51ef44aa1d759562b83917e788a9d26f47d1d
raw/pilot_100_fallback_20260801T180205Z/timing/baseline/measured_2/chr22_100_guide_099/stderr.txt	45	ecd997460eff8b19bac120208f47edd7be53e3371027aaa35d95fa07a5e79089
raw/pilot_100_fallback_20260801T180205Z/timing/baseline/measured_2/chr22_100_guide_100/command.txt	294	938429361e55b67b53c1f61e2dc5394bee9fb15e084f3c079faefb2a0ac4c137
raw/pilot_100_fallback_20260801T180205Z/timing/baseline/measured_2/chr22_100_guide_100/metrics.tsv	294	558408e59817e021cfb8f39c6cb6041ae59a3197b904b585f37ba2c0e871dc38
raw/pilot_100_fallback_20260801T180205Z/timing/baseline/measured_2/chr22_100_guide_100/output.paf	214	4bb6e4f08a7316ba26ec3e6f894f79070071b55d78d6c1605a50035d0a1d9c79
raw/pilot_100_fallback_20260801T180205Z/timing/baseline/measured_2/chr22_100_guide_100/stderr.txt	0	e3b0c44298fc1c149afbf4c8996fb92427ae41e4649b934ca495991b7852b855
raw/pilot_100_fallback_20260801T180205Z/timing/baseline/measured_2/stdout.sha256.list	8500	2d1795b717568c1eb36a33629b60438c004e2769373390c8aaf36a22e1c413ed
raw/pilot_100_fallback_20260801T180205Z/timing/baseline/measured_3/chr22_100_guide_001/command.txt	294	3c9dd3c2caae1a522ea06d5a0d82f82c919b8f6c58f3c7353013c3857d5a052f
raw/pilot_100_fallback_20260801T180205Z/timing/baseline/measured_3/chr22_100_guide_001/metrics.tsv	295	cdc1a43354776596b1aea5998874121c6e1179b5b96aecb953b0e0f9bcf71136
raw/pilot_100_fallback_20260801T180205Z/timing/baseline/measured_3/chr22_100_guide_001/output.paf	192	c9c93b5e3642ad2be4fd3699f495e8d1c48adb430768e7ff532b1a4c59fa0c05
raw/pilot_100_fallback_20260801T180205Z/timing/baseline/measured_3/chr22_100_guide_001/stderr.txt	45	ecd997460eff8b19bac120208f47edd7be53e3371027aaa35d95fa07a5e79089
raw/pilot_100_fallback_20260801T180205Z/timing/baseline/measured_3/chr22_100_guide_002/command.txt	294	ac1b91c9856b4d1a369592cde97c85ea96aa65b6ee4b485a78d333ca081481f5
raw/pilot_100_fallback_20260801T180205Z/timing/baseline/measured_3/chr22_100_guide_002/metrics.tsv	295	a82fe92818a985b7c2abc15b29f437a0a54b1e920110016e3dddae691fef29e0
raw/pilot_100_fallback_20260801T180205Z/timing/baseline/measured_3/chr22_100_guide_002/output.paf	1650	0422486e190c33e1914bfe10563c561e6fc1a1f686af30d5e7a55cba9d1e5438
raw/pilot_100_fallback_20260801T180205Z/timing/baseline/measured_3/chr22_100_guide_002/stderr.txt	0	e3b0c44298fc1c149afbf4c8996fb92427ae41e4649b934ca495991b7852b855
raw/pilot_100_fallback_20260801T180205Z/timing/baseline/measured_3/chr22_100_guide_003/command.txt	294	c4ddca4230168cb96406c58fc309ef53915dfc56c8f91bab7db2f5d600eadb61
raw/pilot_100_fallback_20260801T180205Z/timing/baseline/measured_3/chr22_100_guide_003/metrics.tsv	297	6ea29be919982cfc962ababd56994907a7678561221c3c8a2cfa23bd2cbdad4e
raw/pilot_100_fallback_20260801T180205Z/timing/baseline/measured_3/chr22_100_guide_003/output.paf	1642	b1fb9aa39cacb022055195ef7dba7343c8fc879f2dc35b1bb9e3a5c71e1e23e0
raw/pilot_100_fallback_20260801T180205Z/timing/baseline/measured_3/chr22_100_guide_003/stderr.txt	135	638bd673bf5fc22f3fc8fe75f5600789d2b5d3f971a550e9446c8845c8fb98e7
raw/pilot_100_fallback_20260801T180205Z/timing/baseline/measured_3/chr22_100_guide_004/command.txt	294	c77720e1ae0e110fd081574fe1280c106e5deb6b19dc49ed9af5b43be6c815db
raw/pilot_100_fallback_20260801T180205Z/timing/baseline/measured_3/chr22_100_guide_004/metrics.tsv	294	d6ba2e8b7a94ea78bf21f94a818162c4e1ee68ce4094bc019a74991ee031485f
raw/pilot_100_fallback_20260801T180205Z/timing/baseline/measured_3/chr22_100_guide_004/output.paf	103	691ce0260ac4ff8426decb079b6ec2efdf4680b3abaced64e9143840bccb9552
raw/pilot_100_fallback_20260801T180205Z/timing/baseline/measured_3/chr22_100_guide_004/stderr.txt	0	e3b0c44298fc1c149afbf4c8996fb92427ae41e4649b934ca495991b7852b855
raw/pilot_100_fallback_20260801T180205Z/timing/baseline/measured_3/chr22_100_guide_005/command.txt	294	10f8da586140feed8c277b6f2a88768b7554073e8f93d8d096f42428a3b8f22c
raw/pilot_100_fallback_20260801T180205Z/timing/baseline/measured_3/chr22_100_guide_005/metrics.tsv	294	e3b798597e596e5435ba9d101786c5774c7ad051aab91aaafd29271651eccfde
raw/pilot_100_fallback_20260801T180205Z/timing/baseline/measured_3/chr22_100_guide_005/output.paf	105	d47f48944044bdd8d7b7148bc7fb286471ae8603baf0ef44a0d613b5748e28a9
raw/pilot_100_fallback_20260801T180205Z/timing/baseline/measured_3/chr22_100_guide_005/stderr.txt	0	e3b0c44298fc1c149afbf4c8996fb92427ae41e4649b934ca495991b7852b855
raw/pilot_100_fallback_20260801T180205Z/timing/baseline/measured_3/chr22_100_guide_006/command.txt	294	da4c9f00cf2ae8210a9cde92e24246052d2cd69473d23fd11b655dbc72d291c1
raw/pilot_100_fallback_20260801T180205Z/timing/baseline/measured_3/chr22_100_guide_006/metrics.tsv	294	ab990261bbf20a1c4f6485d78d133678a8f240a0cd3433f7d77b9eb7c3b91c75
raw/pilot_100_fallback_20260801T180205Z/timing/baseline/measured_3/chr22_100_guide_006/output.paf	412	381669eac105895c77936e91601bef5a44b194dce1468388fa6bc22b65e83aab
raw/pilot_100_fallback_20260801T180205Z/timing/baseline/measured_3/chr22_100_guide_006/stderr.txt	0	e3b0c44298fc1c149afbf4c8996fb92427ae41e4649b934ca495991b7852b855
raw/pilot_100_fallback_20260801T180205Z/timing/baseline/measured_3/chr22_100_guide_007/command.txt	294	50bacb1be8cccd5fb275b2fd3907ca0a162e120704b1105e5cea0fb01801a84e
raw/pilot_100_fallback_20260801T180205Z/timing/baseline/measured_3/chr22_100_guide_007/metrics.tsv	297	769026d2f43a209f199386780d2bc5a14fe1f0424ac580308f0969f70d50d917
raw/pilot_100_fallback_20260801T180205Z/timing/baseline/measured_3/chr22_100_guide_007/output.paf	3991	8c79c9f74d621ca368e7a5010df949e191f9383e93c08a0d7059b905cc0ffda7
raw/pilot_100_fallback_20260801T180205Z/timing/baseline/measured_3/chr22_100_guide_007/stderr.txt	900	2814a80526a6afc7f5c3e0f343a8afda41ae9af94298eccefb5974a61c27896f
raw/pilot_100_fallback_20260801T180205Z/timing/baseline/measured_3/chr22_100_guide_008/command.txt	294	990c97030b662290e1a7bcbbd8a01b13fcf1e9e211333ac82e77265d1c0d586a
raw/pilot_100_fallback_20260801T180205Z/timing/baseline/measured_3/chr22_100_guide_008/metrics.tsv	298	4f68431280aa0f7719dead8cdd86799dcbe381d20d3e85a8b52d98ec9b069e11
raw/pilot_100_fallback_20260801T180205Z/timing/baseline/measured_3/chr22_100_guide_008/output.paf	6656	1c8845363d90825b8ae340946833959933ab6ef5fb8cc51a58e5c318ecbda056
raw/pilot_100_fallback_20260801T180205Z/timing/baseline/measured_3/chr22_100_guide_008/stderr.txt	1125	b2b32f17633bad48f0d63dd8593879a3898a801f59345a837879f804a8b0a9ca
raw/pilot_100_fallback_20260801T180205Z/timing/baseline/measured_3/chr22_100_guide_009/command.txt	294	dbcdedea81db32ffe0c482683a1cf1ebe0a18450b1a4b6df67a28c809836af63
raw/pilot_100_fallback_20260801T180205Z/timing/baseline/measured_3/chr22_100_guide_009/metrics.tsv	294	6dd8b034c616853a883f475d3f071351e463ee918170ea69b8e8af770b5654eb
raw/pilot_100_fallback_20260801T180205Z/timing/baseline/measured_3/chr22_100_guide_009/output.paf	212	7ff435e8f2284b0e1155c1c41e547855555c50593735221aa581ff02bbcfd922
raw/pilot_100_fallback_20260801T180205Z/timing/baseline/measured_3/chr22_100_guide_009/stderr.txt	0	e3b0c44298fc1c149afbf4c8996fb92427ae41e4649b934ca495991b7852b855
raw/pilot_100_fallback_20260801T180205Z/timing/baseline/measured_3/chr22_100_guide_010/command.txt	294	775cbae53afa8ac6f8024c69b63e0a20bd81081a254b7d49ccd876f2ed37fa0a
raw/pilot_100_fallback_20260801T180205Z/timing/baseline/measured_3/chr22_100_guide_010/metrics.tsv	296	2a373982eb626f647fff33361807dc648c3b805567b455962843cc12c07515d9
raw/pilot_100_fallback_20260801T180205Z/timing/baseline/measured_3/chr22_100_guide_010/output.paf	1947	2e0e36bd1d8a9d315885d8afb4d6ebec9f6f8c904301628cc99bd5dcc6773ffb
raw/pilot_100_fallback_20260801T180205Z/timing/baseline/measured_3/chr22_100_guide_010/stderr.txt	45	ecd997460eff8b19bac120208f47edd7be53e3371027aaa35d95fa07a5e79089
raw/pilot_100_fallback_20260801T180205Z/timing/baseline/measured_3/chr22_100_guide_011/command.txt	294	ec041b197d026e7d0bfc7de4d6a1c5a24911bbfde28c846ecb9b75eddfde862f
raw/pilot_100_fallback_20260801T180205Z/timing/baseline/measured_3/chr22_100_guide_011/metrics.tsv	294	720b8029eed4a594291b57b4c28e856691151e37674e9f9efd5f15a462ece5ab
raw/pilot_100_fallback_20260801T180205Z/timing/baseline/measured_3/chr22_100_guide_011/output.paf	103	951a40369bd86d0839b2d2addecaf6b337cdc3fa4cf552c0d5fd78bef17d3892
raw/pilot_100_fallback_20260801T180205Z/timing/baseline/measured_3/chr22_100_guide_011/stderr.txt	0	e3b0c44298fc1c149afbf4c8996fb92427ae41e4649b934ca495991b7852b855
raw/pilot_100_fallback_20260801T180205Z/timing/baseline/measured_3/chr22_100_guide_012/command.txt	294	420ea662a1300c0b5690e25414c38b15201576f1edb27f75eba8b717e371b61a
raw/pilot_100_fallback_20260801T180205Z/timing/baseline/measured_3/chr22_100_guide_012/metrics.tsv	294	0b372c3ebabb34ad47db52b81c8240fd84b893f778383062ada8f698343f2845
raw/pilot_100_fallback_20260801T180205Z/timing/baseline/measured_3/chr22_100_guide_012/output.paf	412	f693a92e20748272242c1d8d3a1b90c09e045d71ee219e8daf561a07fcf1b3bf
raw/pilot_100_fallback_20260801T180205Z/timing/baseline/measured_3/chr22_100_guide_012/stderr.txt	0	e3b0c44298fc1c149afbf4c8996fb92427ae41e4649b934ca495991b7852b855
raw/pilot_100_fallback_20260801T180205Z/timing/baseline/measured_3/chr22_100_guide_013/command.txt	294	a53d6c4cc926c5b12c0bafdf8996ca88a6d2aa0f2edd009af0ded8d7457f93e1
raw/pilot_100_fallback_20260801T180205Z/timing/baseline/measured_3/chr22_100_guide_013/metrics.tsv	294	ed34e76bf5019dbce05aaa7da3af0a2d5fdeeaa73e7bbf23632aa3b2d4326c13
raw/pilot_100_fallback_20260801T180205Z/timing/baseline/measured_3/chr22_100_guide_013/output.paf	103	d0e1f61006a51712a6e3a7a08a2d9ed9a2e486bf46c47b49e89668b53f2efe69
raw/pilot_100_fallback_20260801T180205Z/timing/baseline/measured_3/chr22_100_guide_013/stderr.txt	0	e3b0c44298fc1c149afbf4c8996fb92427ae41e4649b934ca495991b7852b855
raw/pilot_100_fallback_20260801T180205Z/timing/baseline/measured_3/chr22_100_guide_014/command.txt	294	c336111c8cddaf21632f527a2078333161c4d19600340dd8d79d4e64570bc3d3
raw/pilot_100_fallback_20260801T180205Z/timing/baseline/measured_3/chr22_100_guide_014/metrics.tsv	295	136ed1d9c9b6bb4f9c7bee4b62fea3864c6ee8d378a08645ace58b99c723fcbe
raw/pilot_100_fallback_20260801T180205Z/timing/baseline/measured_3/chr22_100_guide_014/output.paf	729	607b674d30dff3c1c42e35e27d5265deb647245de700280723da5cee2be1949d
raw/pilot_100_fallback_20260801T180205Z/timing/baseline/measured_3/chr22_100_guide_014/stderr.txt	45	ecd997460eff8b19bac120208f47edd7be53e3371027aaa35d95fa07a5e79089
raw/pilot_100_fallback_20260801T180205Z/timing/baseline/measured_3/chr22_100_guide_015/command.txt	294	2ba66460feb1353de7c3c892d2a8be654ee94e229875f5698a19b4ccba569ccf
raw/pilot_100_fallback_20260801T180205Z/timing/baseline/measured_3/chr22_100_guide_015/metrics.tsv	296	e484c64fa2f54335033d35a3659337cbef48b9b66c583da8b39dea562a2e82a6
raw/pilot_100_fallback_20260801T180205Z/timing/baseline/measured_3/chr22_100_guide_015/output.paf	788	1b77bf4d550c500a8ee0cb43d470d52c1e427554d2029a6ae46073763e13b472
raw/pilot_100_fallback_20260801T180205Z/timing/baseline/measured_3/chr22_100_guide_015/stderr.txt	225	2a9b3581cbbd9e5fa2548c708ad7a124377988e8d910e9dfb15410b25f9166bf
raw/pilot_100_fallback_20260801T180205Z/timing/baseline/measured_3/chr22_100_guide_016/command.txt	294	772aa79533fe3ecf996278cb78f0e3113e326f03ff77efde067149452bf2697e
raw/pilot_100_fallback_20260801T180205Z/timing/baseline/measured_3/chr22_100_guide_016/metrics.tsv	294	d7fa7aefe581cdd1fd294bd0355bf23aa553e7495d0a1aaf47241e341e23ca2c
raw/pilot_100_fallback_20260801T180205Z/timing/baseline/measured_3/chr22_100_guide_016/output.paf	103	664ca84d364b11b722ac1aa282d988cb26faa580c3801fc71e980d0a2785483d
raw/pilot_100_fallback_20260801T180205Z/timing/baseline/measured_3/chr22_100_guide_016/stderr.txt	0	e3b0c44298fc1c149afbf4c8996fb92427ae41e4649b934ca495991b7852b855
raw/pilot_100_fallback_20260801T180205Z/timing/baseline/measured_3/chr22_100_guide_017/command.txt	294	560d26f3fbe6f983e5e2e97c9d4dfb027d56903041b663659c9ba5e5ae781721
raw/pilot_100_fallback_20260801T180205Z/timing/baseline/measured_3/chr22_100_guide_017/metrics.tsv	297	f10fd772b8b3acf115db681b0661d755ecfdc7f110c981931b20be1c61188a61
raw/pilot_100_fallback_20260801T180205Z/timing/baseline/measured_3/chr22_100_guide_017/output.paf	4200	c9640921a1633a31fff3009d84cb604e813785e475e180493b5008eddd5cf4a5
raw/pilot_100_fallback_20260801T180205Z/timing/baseline/measured_3/chr22_100_guide_017/stderr.txt	855	ee9d5e55ce77a86f64a05cf8cba4484606ca247314b3cb2b53d7d60b1519c5b6
raw/pilot_100_fallback_20260801T180205Z/timing/baseline/measured_3/chr22_100_guide_018/command.txt	294	7224fb43ee5448eed9c09401b0cfe7f69ed6562835a4a83b10d1eee2ef974587
raw/pilot_100_fallback_20260801T180205Z/timing/baseline/measured_3/chr22_100_guide_018/metrics.tsv	294	19fbd531aa9c674b75562a09beb720834cda022d338216bf4ebebf8b5c8a71a6
raw/pilot_100_fallback_20260801T180205Z/timing/baseline/measured_3/chr22_100_guide_018/output.paf	210	a14c7617088d038a70adbf1f43853e09c8728d9eb8b692f6bebaeecda9d2bbf8
raw/pilot_100_fallback_20260801T180205Z/timing/baseline/measured_3/chr22_100_guide_018/stderr.txt	0	e3b0c44298fc1c149afbf4c8996fb92427ae41e4649b934ca495991b7852b855
raw/pilot_100_fallback_20260801T180205Z/timing/baseline/measured_3/chr22_100_guide_019/command.txt	294	d79a2819a01f5b1e3d736eb0ef4ca2c8a03bcf123aab1ad7520ce46df58f9a3b
raw/pilot_100_fallback_20260801T180205Z/timing/baseline/measured_3/chr22_100_guide_019/metrics.tsv	294	f9590539294d759f047681fa6e4239b8079b48b9e78f9cee2e0cbbed91c045b0
raw/pilot_100_fallback_20260801T180205Z/timing/baseline/measured_3/chr22_100_guide_019/output.paf	103	6cdd7ce54810d5bc4f6f9e343cba7e89b5868d4aa230081223fa53049a31ac4f
raw/pilot_100_fallback_20260801T180205Z/timing/baseline/measured_3/chr22_100_guide_019/stderr.txt	0	e3b0c44298fc1c149afbf4c8996fb92427ae41e4649b934ca495991b7852b855
raw/pilot_100_fallback_20260801T180205Z/timing/baseline/measured_3/chr22_100_guide_020/command.txt	294	f055e8030933a8a94f51fe93c7d86f02aae3be0d3de3ecbfd2b1e089c76053a5
raw/pilot_100_fallback_20260801T180205Z/timing/baseline/measured_3/chr22_100_guide_020/metrics.tsv	294	37f0fea601260bd3dd54de3745d09a46f6ade62f955d24cbbf1045e67c0e7be0
raw/pilot_100_fallback_20260801T180205Z/timing/baseline/measured_3/chr22_100_guide_020/output.paf	105	444ff3228a137a38f7153b4f242a69cfa59f508d73251c41aa4006df73b202e7
raw/pilot_100_fallback_20260801T180205Z/timing/baseline/measured_3/chr22_100_guide_020/stderr.txt	0	e3b0c44298fc1c149afbf4c8996fb92427ae41e4649b934ca495991b7852b855
raw/pilot_100_fallback_20260801T180205Z/timing/baseline/measured_3/chr22_100_guide_021/command.txt	294	1b99a1d88f928662479e892a24368bd4df24e6c2c997e2acd21eb46e98dd1ed2
raw/pilot_100_fallback_20260801T180205Z/timing/baseline/measured_3/chr22_100_guide_021/metrics.tsv	294	c674263651703e175326a568e2c3d4e3d2cbf021ce749c6f79098726246a8a43
raw/pilot_100_fallback_20260801T180205Z/timing/baseline/measured_3/chr22_100_guide_021/output.paf	105	70d3142b6438b2233c1a63a2ac833233a13a2d75bf75339f1fccaff2fa81b453
raw/pilot_100_fallback_20260801T180205Z/timing/baseline/measured_3/chr22_100_guide_021/stderr.txt	0	e3b0c44298fc1c149afbf4c8996fb92427ae41e4649b934ca495991b7852b855
raw/pilot_100_fallback_20260801T180205Z/timing/baseline/measured_3/chr22_100_guide_022/command.txt	294	4285fa805efca82eb86f2589f00efae555afb18d8e32d9244bbb3f82edd26010
raw/pilot_100_fallback_20260801T180205Z/timing/baseline/measured_3/chr22_100_guide_022/metrics.tsv	294	5696b089c17b6358b3c0a1fcc39d35726d0815524a3ec420fa1c2e1293418743
raw/pilot_100_fallback_20260801T180205Z/timing/baseline/measured_3/chr22_100_guide_022/output.paf	107	204889acb01cc5647d5755c52d4e664bc0f1e42e49862ffb2ae2cf1585ad7b50
raw/pilot_100_fallback_20260801T180205Z/timing/baseline/measured_3/chr22_100_guide_022/stderr.txt	0	e3b0c44298fc1c149afbf4c8996fb92427ae41e4649b934ca495991b7852b855
raw/pilot_100_fallback_20260801T180205Z/timing/baseline/measured_3/chr22_100_guide_023/command.txt	294	63d6a7b11233a7ab538ffa794d65e01e0631cdd731ad38f8371bcb967e27f683
raw/pilot_100_fallback_20260801T180205Z/timing/baseline/measured_3/chr22_100_guide_023/metrics.tsv	299	4bd0936b994065ce0884135c4119a83574c8d7ac9729ce7f9c4a9c447fd95aeb
raw/pilot_100_fallback_20260801T180205Z/timing/baseline/measured_3/chr22_100_guide_023/output.paf	15269	8066a5e39caf78bf0cac01aa1dc91a6d1211b5892fc5875490679eb24872a81f
raw/pilot_100_fallback_20260801T180205Z/timing/baseline/measured_3/chr22_100_guide_023/stderr.txt	3600	fba7e1444d1935a3ecae72a339d215d7e66c93737ae3105ef796647230a4c72b
raw/pilot_100_fallback_20260801T180205Z/timing/baseline/measured_3/chr22_100_guide_024/command.txt	294	8631ab0aed677726dc3a51cc3ad1be797493d081b6ca20945ea5f78a3e7711f9
raw/pilot_100_fallback_20260801T180205Z/timing/baseline/measured_3/chr22_100_guide_024/metrics.tsv	294	d3c76f9ef7ada5576f37eefb0429709f685ae48bf8b56b00bc3536f56714fe37
raw/pilot_100_fallback_20260801T180205Z/timing/baseline/measured_3/chr22_100_guide_024/output.paf	105	d7464b7872231b66a5d5e8b9529462954e8dbe3c50718817fdfc12087ef94681
raw/pilot_100_fallback_20260801T180205Z/timing/baseline/measured_3/chr22_100_guide_024/stderr.txt	0	e3b0c44298fc1c149afbf4c8996fb92427ae41e4649b934ca495991b7852b855
raw/pilot_100_fallback_20260801T180205Z/timing/baseline/measured_3/chr22_100_guide_025/command.txt	294	7b0b4de8d6f2c517bc1e01da67429cedd929931816cdfc7e0bf2bf93b6572bd2
raw/pilot_100_fallback_20260801T180205Z/timing/baseline/measured_3/chr22_100_guide_025/metrics.tsv	299	b98e38e90604ebed131736e99193d6587080a054637c0622126ec67d8ec929a0
raw/pilot_100_fallback_20260801T180205Z/timing/baseline/measured_3/chr22_100_guide_025/output.paf	13345	a050c3614088d28140b98bc93b85cdcf774ad1cb450ab6c11993017d3c082c37
raw/pilot_100_fallback_20260801T180205Z/timing/baseline/measured_3/chr22_100_guide_025/stderr.txt	3645	656c6c43708a37c613083b28d786b8a8e5c7c93a0f56ff02845bf632613ef7b4
raw/pilot_100_fallback_20260801T180205Z/timing/baseline/measured_3/chr22_100_guide_026/command.txt	294	c7f0d462d248899e23df6fd43ec68ada7f65c48a3298690ffc9118cf36fc1331
raw/pilot_100_fallback_20260801T180205Z/timing/baseline/measured_3/chr22_100_guide_026/metrics.tsv	294	0d3b5e71e1cbb3a8ce0948a23e34cfe60bff6df1b330fb4bfcacc749a781fdfc
raw/pilot_100_fallback_20260801T180205Z/timing/baseline/measured_3/chr22_100_guide_026/output.paf	636	13bb7b2015f62e0900a83bc402db697daa2b20bda1089aa791553c2cb857d593
raw/pilot_100_fallback_20260801T180205Z/timing/baseline/measured_3/chr22_100_guide_026/stderr.txt	0	e3b0c44298fc1c149afbf4c8996fb92427ae41e4649b934ca495991b7852b855
raw/pilot_100_fallback_20260801T180205Z/timing/baseline/measured_3/chr22_100_guide_027/command.txt	294	fc0fe2595ff80174e466570c8e55bf44154e4f4fa45fc440c59a1eae579f72e9
raw/pilot_100_fallback_20260801T180205Z/timing/baseline/measured_3/chr22_100_guide_027/metrics.tsv	294	c7ecd7200e7565bf63a45f13cf1d5a47780b9a858d1f25265222171f9f603a1a
raw/pilot_100_fallback_20260801T180205Z/timing/baseline/measured_3/chr22_100_guide_027/output.paf	210	a7610eb051e87a34826545d10fcf8102943e8611a97a657a33ec94ff2afe4c13
raw/pilot_100_fallback_20260801T180205Z/timing/baseline/measured_3/chr22_100_guide_027/stderr.txt	0	e3b0c44298fc1c149afbf4c8996fb92427ae41e4649b934ca495991b7852b855
raw/pilot_100_fallback_20260801T180205Z/timing/baseline/measured_3/chr22_100_guide_028/command.txt	294	08c1c652402d4ee24dbd48a6355edb06e1ad4c550877027a6f5e1cb5174e57c0
raw/pilot_100_fallback_20260801T180205Z/timing/baseline/measured_3/chr22_100_guide_028/metrics.tsv	295	c6d0d5a0960413163c67f04480c961de03ef34e4d6c46c591b3333bec694e05b
raw/pilot_100_fallback_20260801T180205Z/timing/baseline/measured_3/chr22_100_guide_028/output.paf	6200	9838a748f83250618473227cbc2b798e921118551a385e778337b49637186fe3
raw/pilot_100_fallback_20260801T180205Z/timing/baseline/measured_3/chr22_100_guide_028/stderr.txt	0	e3b0c44298fc1c149afbf4c8996fb92427ae41e4649b934ca495991b7852b855
raw/pilot_100_fallback_20260801T180205Z/timing/baseline/measured_3/chr22_100_guide_029/command.txt	294	05130b2eec9d98a308a30d7a08930031980697335a95bd49519e7923500fc839
raw/pilot_100_fallback_20260801T180205Z/timing/baseline/measured_3/chr22_100_guide_029/metrics.tsv	295	ea31f1228fc184d89babd73d20e3371da41f417117f403ab1593642703b3d20b
raw/pilot_100_fallback_20260801T180205Z/timing/baseline/measured_3/chr22_100_guide_029/output.paf	5760	fec4266348f400a636b679dea725f0c74e62ee984b07daae005cd78179aa0b16
raw/pilot_100_fallback_20260801T180205Z/timing/baseline/measured_3/chr22_100_guide_029/stderr.txt	0	e3b0c44298fc1c149afbf4c8996fb92427ae41e4649b934ca495991b7852b855
raw/pilot_100_fallback_20260801T180205Z/timing/baseline/measured_3/chr22_100_guide_030/command.txt	294	d6046b1f1c7e415fb6d9e3e8f220865d80365432877a885096bd13802f644357
raw/pilot_100_fallback_20260801T180205Z/timing/baseline/measured_3/chr22_100_guide_030/metrics.tsv	299	e4b5d4ce1b825058c15be9faa33edcdb63082947fd3247e7f65bf38e77cd6195
raw/pilot_100_fallback_20260801T180205Z/timing/baseline/measured_3/chr22_100_guide_030/output.paf	213056	d51a56eb32a0157988459abda9c4570ce1ce48f6ffbe6adebc65814d4d685584
raw/pilot_100_fallback_20260801T180205Z/timing/baseline/measured_3/chr22_100_guide_030/stderr.txt	405	767251ea2186789fd1cd90132d747be89a52555ee68e421329b153d9f9a77322
raw/pilot_100_fallback_20260801T180205Z/timing/baseline/measured_3/chr22_100_guide_031/command.txt	294	693eef8f580bad29fb90062031f52fdbc5d8f96c35819db5ecc8917ec4573712
raw/pilot_100_fallback_20260801T180205Z/timing/baseline/measured_3/chr22_100_guide_031/metrics.tsv	294	da11f41c5d7e69141a8ac3c412efa15e95ffdc15dcdca328d4dc49b8ad6c486b
raw/pilot_100_fallback_20260801T180205Z/timing/baseline/measured_3/chr22_100_guide_031/output.paf	105	bcce8596509aa2be4a7f3566961162e72e4443c46ea7cf8fc2c5ffb6cee2780a
raw/pilot_100_fallback_20260801T180205Z/timing/baseline/measured_3/chr22_100_guide_031/stderr.txt	0	e3b0c44298fc1c149afbf4c8996fb92427ae41e4649b934ca495991b7852b855
raw/pilot_100_fallback_20260801T180205Z/timing/baseline/measured_3/chr22_100_guide_032/command.txt	294	47d4184cede278f2290d530bc61ecebccc01b3d77cf7e8b23f0e34e7358ebac8
raw/pilot_100_fallback_20260801T180205Z/timing/baseline/measured_3/chr22_100_guide_032/metrics.tsv	294	7bd8d29130afbea0524bcfe890bca982b6634d218e629a065eaec94b5f306cdf
raw/pilot_100_fallback_20260801T180205Z/timing/baseline/measured_3/chr22_100_guide_032/output.paf	105	c25a6440be62186e25b0f165358d0d0900b923751f80af6ee5c27f0f29a85af6
raw/pilot_100_fallback_20260801T180205Z/timing/baseline/measured_3/chr22_100_guide_032/stderr.txt	0	e3b0c44298fc1c149afbf4c8996fb92427ae41e4649b934ca495991b7852b855
raw/pilot_100_fallback_20260801T180205Z/timing/baseline/measured_3/chr22_100_guide_033/command.txt	294	5ddaed3d9b48f38be66cc73ef4c3afc99c493c2620945cc3479410a0e6d067bd
raw/pilot_100_fallback_20260801T180205Z/timing/baseline/measured_3/chr22_100_guide_033/metrics.tsv	294	1c2d47a1ae4a3f148e35e925f9915d05dd31ff2551bf0019439cb97c3c4983c5
raw/pilot_100_fallback_20260801T180205Z/timing/baseline/measured_3/chr22_100_guide_033/output.paf	105	0effc63d85fa97f691908ce0321ab857ae6f08fabd2480f35c83ff81e76c9f0e
raw/pilot_100_fallback_20260801T180205Z/timing/baseline/measured_3/chr22_100_guide_033/stderr.txt	0	e3b0c44298fc1c149afbf4c8996fb92427ae41e4649b934ca495991b7852b855
raw/pilot_100_fallback_20260801T180205Z/timing/baseline/measured_3/chr22_100_guide_034/command.txt	294	629a2abc91d2077d36210614bad36c1d8f0a43a338199e280f50e4642ab300b9
raw/pilot_100_fallback_20260801T180205Z/timing/baseline/measured_3/chr22_100_guide_034/metrics.tsv	294	502def9beeb324a8afd31dc857141cde034d7c6f05310a4a39866bdf71e8bcc0
raw/pilot_100_fallback_20260801T180205Z/timing/baseline/measured_3/chr22_100_guide_034/output.paf	105	b799f84402b88ca7eda644ce1b5b5eb56c02b09c04d62fc51c4c70dc76c6b583
raw/pilot_100_fallback_20260801T180205Z/timing/baseline/measured_3/chr22_100_guide_034/stderr.txt	0	e3b0c44298fc1c149afbf4c8996fb92427ae41e4649b934ca495991b7852b855
raw/pilot_100_fallback_20260801T180205Z/timing/baseline/measured_3/chr22_100_guide_035/command.txt	294	572b21fcd0bff54a92c2059e3467770044774ea934504ff0133e11516c092ca9
raw/pilot_100_fallback_20260801T180205Z/timing/baseline/measured_3/chr22_100_guide_035/metrics.tsv	297	aab8dd0b22a9d1502a22829b7dc5135f254f37f850a2e78d75c567af0b50b7f6
raw/pilot_100_fallback_20260801T180205Z/timing/baseline/measured_3/chr22_100_guide_035/output.paf	1016	aeb84e7a83d7f5e43e1b08a7219b302505d104518e290226e70e560f25ec4f99
raw/pilot_100_fallback_20260801T180205Z/timing/baseline/measured_3/chr22_100_guide_035/stderr.txt	135	638bd673bf5fc22f3fc8fe75f5600789d2b5d3f971a550e9446c8845c8fb98e7
raw/pilot_100_fallback_20260801T180205Z/timing/baseline/measured_3/chr22_100_guide_036/command.txt	294	2c592926ffb302755c180ac923ce45607186d9f56450748963197bcf1c18379b
raw/pilot_100_fallback_20260801T180205Z/timing/baseline/measured_3/chr22_100_guide_036/metrics.tsv	294	4446dfcb1642b1622484465bc3d468472cb03825aff6c41ded3f48e518c2dcd4
raw/pilot_100_fallback_20260801T180205Z/timing/baseline/measured_3/chr22_100_guide_036/output.paf	105	d902219eeefe3ff64202f082d0493776f51eb4ff2b0f1167c0e670f923533dc4
raw/pilot_100_fallback_20260801T180205Z/timing/baseline/measured_3/chr22_100_guide_036/stderr.txt	0	e3b0c44298fc1c149afbf4c8996fb92427ae41e4649b934ca495991b7852b855
raw/pilot_100_fallback_20260801T180205Z/timing/baseline/measured_3/chr22_100_guide_037/command.txt	294	d8b474a22bbf7f9aa3d8e4d2e999e0f212b5c52353748dd7d1d44f6b01374e89
raw/pilot_100_fallback_20260801T180205Z/timing/baseline/measured_3/chr22_100_guide_037/metrics.tsv	294	36c187b55bbff1d022d996621e1c535cde91d2835f4c5881beffb887fca3b48d
raw/pilot_100_fallback_20260801T180205Z/timing/baseline/measured_3/chr22_100_guide_037/output.paf	105	87a59470956d0b27daf38e5e39ded5e150cdea0e868b3bb38ed13ec71694f010
raw/pilot_100_fallback_20260801T180205Z/timing/baseline/measured_3/chr22_100_guide_037/stderr.txt	0	e3b0c44298fc1c149afbf4c8996fb92427ae41e4649b934ca495991b7852b855
raw/pilot_100_fallback_20260801T180205Z/timing/baseline/measured_3/chr22_100_guide_038/command.txt	294	80a23b51b3e84bb31bae7ad637147e3fa61a8f18ce53f43c72038a7ceeed3315
raw/pilot_100_fallback_20260801T180205Z/timing/baseline/measured_3/chr22_100_guide_038/metrics.tsv	294	aa1554d0269bef1e87da8f45f6cd1503b11714015060dfda641ba82ae16612ff
raw/pilot_100_fallback_20260801T180205Z/timing/baseline/measured_3/chr22_100_guide_038/output.paf	105	029b4bae64ebbe3decac5715b992bb89ceb0731276cd7cd8566eaca4250537b4
raw/pilot_100_fallback_20260801T180205Z/timing/baseline/measured_3/chr22_100_guide_038/stderr.txt	0	e3b0c44298fc1c149afbf4c8996fb92427ae41e4649b934ca495991b7852b855
raw/pilot_100_fallback_20260801T180205Z/timing/baseline/measured_3/chr22_100_guide_039/command.txt	294	cb08dfa9ac88aac8e5d6f416396c0186e2b33573f415621294d49bdf2452f448
raw/pilot_100_fallback_20260801T180205Z/timing/baseline/measured_3/chr22_100_guide_039/metrics.tsv	294	da224083cc9b053f9708553433a68176ce4d12c6d7a3361ebbe896bde947fa9d
raw/pilot_100_fallback_20260801T180205Z/timing/baseline/measured_3/chr22_100_guide_039/output.paf	105	a699d8af011bf9deb858b41d0fae396d8cff7641f7f0fffbf757531340e4d266
raw/pilot_100_fallback_20260801T180205Z/timing/baseline/measured_3/chr22_100_guide_039/stderr.txt	0	e3b0c44298fc1c149afbf4c8996fb92427ae41e4649b934ca495991b7852b855
raw/pilot_100_fallback_20260801T180205Z/timing/baseline/measured_3/chr22_100_guide_040/command.txt	294	8adf270701d91cfab61c6ffeffbd1480bbb4e72e5b9f5bd31de375a415cedcf2
raw/pilot_100_fallback_20260801T180205Z/timing/baseline/measured_3/chr22_100_guide_040/metrics.tsv	294	ac221ae036a3f27f2a23e08845700b859491634129e702b14f7eda7a0d33a95d
raw/pilot_100_fallback_20260801T180205Z/timing/baseline/measured_3/chr22_100_guide_040/output.paf	105	4390a33a35b7293befeadb9fa60eb9d4727d057633aeb9a93007f6581228ca97
raw/pilot_100_fallback_20260801T180205Z/timing/baseline/measured_3/chr22_100_guide_040/stderr.txt	0	e3b0c44298fc1c149afbf4c8996fb92427ae41e4649b934ca495991b7852b855
raw/pilot_100_fallback_20260801T180205Z/timing/baseline/measured_3/chr22_100_guide_041/command.txt	294	dfa319b20f24fe263d616fad61f55dd83574613fe1f48d57aedeee7394e941c7
raw/pilot_100_fallback_20260801T180205Z/timing/baseline/measured_3/chr22_100_guide_041/metrics.tsv	294	cde28437e5f7b655df7267c5530ef36259cb50969ead8a0a54cc4ba9bcbd0b2b
raw/pilot_100_fallback_20260801T180205Z/timing/baseline/measured_3/chr22_100_guide_041/output.paf	105	3e8108b8109dce3b65881841a62543e3eb3ba821fff9bc76b9b5e43ac8c75d77
raw/pilot_100_fallback_20260801T180205Z/timing/baseline/measured_3/chr22_100_guide_041/stderr.txt	0	e3b0c44298fc1c149afbf4c8996fb92427ae41e4649b934ca495991b7852b855
raw/pilot_100_fallback_20260801T180205Z/timing/baseline/measured_3/chr22_100_guide_042/command.txt	294	96abb0313e92a07915d6f589f9263d132600ae7ee14a7e1730d434a5f0da2461
raw/pilot_100_fallback_20260801T180205Z/timing/baseline/measured_3/chr22_100_guide_042/metrics.tsv	294	d5b1c9651b3d87e8557d20a67894a85544cf86f8231517fabedd22d682bd89b5
raw/pilot_100_fallback_20260801T180205Z/timing/baseline/measured_3/chr22_100_guide_042/output.paf	105	5924fcb39f9667884df027edda8f627478be6271057a2d69844c736321e3169f
raw/pilot_100_fallback_20260801T180205Z/timing/baseline/measured_3/chr22_100_guide_042/stderr.txt	0	e3b0c44298fc1c149afbf4c8996fb92427ae41e4649b934ca495991b7852b855
raw/pilot_100_fallback_20260801T180205Z/timing/baseline/measured_3/chr22_100_guide_043/command.txt	294	79b5fbd3d257c76d6eebd2f1236d853ba5079718a990efa440f7559ae6363efe
raw/pilot_100_fallback_20260801T180205Z/timing/baseline/measured_3/chr22_100_guide_043/metrics.tsv	295	7ba0dd2a5f6271ef44034ee1c7435f5c09f100313ce012eced8889f8b21a69c4
raw/pilot_100_fallback_20260801T180205Z/timing/baseline/measured_3/chr22_100_guide_043/output.paf	198	0750254d4598a1695dbaade1146e921cf6dab58c8fc5ab334e4e36f882246f3f
raw/pilot_100_fallback_20260801T180205Z/timing/baseline/measured_3/chr22_100_guide_043/stderr.txt	45	ecd997460eff8b19bac120208f47edd7be53e3371027aaa35d95fa07a5e79089
raw/pilot_100_fallback_20260801T180205Z/timing/baseline/measured_3/chr22_100_guide_044/command.txt	294	9d16446bad9e09137e77ea340ecb55bdbe49974144a814fdf982b8440a122ba6
raw/pilot_100_fallback_20260801T180205Z/timing/baseline/measured_3/chr22_100_guide_044/metrics.tsv	295	b561cc88f53a321aa65be30d7cfd4052f08470fe49a787ca79ecd1c0eda8b62b
raw/pilot_100_fallback_20260801T180205Z/timing/baseline/measured_3/chr22_100_guide_044/output.paf	198	fa914a29da8996379fd30ef387eefd7cdc6893880f37a6f45eeedb5b45c937c8
raw/pilot_100_fallback_20260801T180205Z/timing/baseline/measured_3/chr22_100_guide_044/stderr.txt	45	ecd997460eff8b19bac120208f47edd7be53e3371027aaa35d95fa07a5e79089
raw/pilot_100_fallback_20260801T180205Z/timing/baseline/measured_3/chr22_100_guide_045/command.txt	294	932faf327a6de7d385c77cb1b86027f1573e252b4e7eec329f051c064d5a7a77
raw/pilot_100_fallback_20260801T180205Z/timing/baseline/measured_3/chr22_100_guide_045/metrics.tsv	294	00d6e14e5d4037469b0b0f3bba6b94627b352ff7a6ee17adb9d79a37cfeca64d
raw/pilot_100_fallback_20260801T180205Z/timing/baseline/measured_3/chr22_100_guide_045/output.paf	105	7e528a989c31c40be279492b74efb2b32bbafcb76168ffa5ecf4da003dd2852c
raw/pilot_100_fallback_20260801T180205Z/timing/baseline/measured_3/chr22_100_guide_045/stderr.txt	0	e3b0c44298fc1c149afbf4c8996fb92427ae41e4649b934ca495991b7852b855
raw/pilot_100_fallback_20260801T180205Z/timing/baseline/measured_3/chr22_100_guide_046/command.txt	294	ea098a871cf5ed68b609f46d3161f13220dee86f9cc95545e1bf9e385864bdb3
raw/pilot_100_fallback_20260801T180205Z/timing/baseline/measured_3/chr22_100_guide_046/metrics.tsv	294	dc106ecbe0eae0802d9c3fa9ba02b3b07691c61e60973dc0bbaa764a7ec62ac1
raw/pilot_100_fallback_20260801T180205Z/timing/baseline/measured_3/chr22_100_guide_046/output.paf	105	714554ca8eac6dff9bf1ea7bcd982ded36f466eaa79bea00a33e12ff4252393b
raw/pilot_100_fallback_20260801T180205Z/timing/baseline/measured_3/chr22_100_guide_046/stderr.txt	0	e3b0c44298fc1c149afbf4c8996fb92427ae41e4649b934ca495991b7852b855
raw/pilot_100_fallback_20260801T180205Z/timing/baseline/measured_3/chr22_100_guide_047/command.txt	294	7f042f8c22ac9ba4c167b067862850a1e643200b89de78911b9c63d93b6025b3
raw/pilot_100_fallback_20260801T180205Z/timing/baseline/measured_3/chr22_100_guide_047/metrics.tsv	294	107d598eb18762c371ea3993c5ce1dad002310396751ae9957a1a7c4c83e5f40
raw/pilot_100_fallback_20260801T180205Z/timing/baseline/measured_3/chr22_100_guide_047/output.paf	105	ca51411298336dbdfe2d1022ed02e74028dfbcd2e0e397a8224fce4f6017af72
raw/pilot_100_fallback_20260801T180205Z/timing/baseline/measured_3/chr22_100_guide_047/stderr.txt	0	e3b0c44298fc1c149afbf4c8996fb92427ae41e4649b934ca495991b7852b855
raw/pilot_100_fallback_20260801T180205Z/timing/baseline/measured_3/chr22_100_guide_048/command.txt	294	6d63528c93696e50dd61c6886e11222dafb75a07e913a10177318d640f392864
raw/pilot_100_fallback_20260801T180205Z/timing/baseline/measured_3/chr22_100_guide_048/metrics.tsv	294	401224d951960ec2cecfcd74a3b0b74b6368c79d2e9d139d2a7dc2c9518a1975
raw/pilot_100_fallback_20260801T180205Z/timing/baseline/measured_3/chr22_100_guide_048/output.paf	105	bc3b9f3f86cc8bbd34d0a114947da783ee284f28a9a17754f8b3028fd08951a9
raw/pilot_100_fallback_20260801T180205Z/timing/baseline/measured_3/chr22_100_guide_048/stderr.txt	0	e3b0c44298fc1c149afbf4c8996fb92427ae41e4649b934ca495991b7852b855
raw/pilot_100_fallback_20260801T180205Z/timing/baseline/measured_3/chr22_100_guide_049/command.txt	294	148ef92d077d3db011fd6dc092aa9563e83ab1d80b01803a4260bf48ef8ed6af
raw/pilot_100_fallback_20260801T180205Z/timing/baseline/measured_3/chr22_100_guide_049/metrics.tsv	294	c8ccc80cfec6c15908f3f85b0a5159b89c4b74d189dbeab5d7183bdcb0e8be05
raw/pilot_100_fallback_20260801T180205Z/timing/baseline/measured_3/chr22_100_guide_049/output.paf	325	183882d3a63163e76a98ee38ccfea1b4877101dd283d80328c01c33dcd6c0e0b
raw/pilot_100_fallback_20260801T180205Z/timing/baseline/measured_3/chr22_100_guide_049/stderr.txt	0	e3b0c44298fc1c149afbf4c8996fb92427ae41e4649b934ca495991b7852b855
raw/pilot_100_fallback_20260801T180205Z/timing/baseline/measured_3/chr22_100_guide_050/command.txt	294	3fa44e0fa05c4187e966ff52e24077fa8f47c8c312421a8444cf5813982de82b
raw/pilot_100_fallback_20260801T180205Z/timing/baseline/measured_3/chr22_100_guide_050/metrics.tsv	297	66bcd954d05a9554e0fbcc550b64a495e0dc89e3cedd7a0c1a09796a3ff9edba
raw/pilot_100_fallback_20260801T180205Z/timing/baseline/measured_3/chr22_100_guide_050/output.paf	1202	cdfcb6c17423e58af5af22102e71c3afe70da276a855b996d57ec0695bcf7660
raw/pilot_100_fallback_20260801T180205Z/timing/baseline/measured_3/chr22_100_guide_050/stderr.txt	360	6e0a62bd0c2f08ba96ba668f896ebe3fa32339495c43eb259f7923a25e2bbb65
raw/pilot_100_fallback_20260801T180205Z/timing/baseline/measured_3/chr22_100_guide_051/command.txt	294	5af4c12fa003152005a27bc15c032da62f1c61c04217ebc0e29abdd59c120dc1
raw/pilot_100_fallback_20260801T180205Z/timing/baseline/measured_3/chr22_100_guide_051/metrics.tsv	294	089f4f5db2a03d8f67b0402a9e689452ae9cc955463d2d732d28d08d6bb20308
raw/pilot_100_fallback_20260801T180205Z/timing/baseline/measured_3/chr22_100_guide_051/output.paf	105	14ef5eacd0519bf8d6f3f1e421b2147ce2cef2d89992ac6bc3c0c6493049fd6f
raw/pilot_100_fallback_20260801T180205Z/timing/baseline/measured_3/chr22_100_guide_051/stderr.txt	0	e3b0c44298fc1c149afbf4c8996fb92427ae41e4649b934ca495991b7852b855
raw/pilot_100_fallback_20260801T180205Z/timing/baseline/measured_3/chr22_100_guide_052/command.txt	294	f3fe74e34b01d9ac38dfe0024c39203f1978fffd58af917db3f61109a32aef69
raw/pilot_100_fallback_20260801T180205Z/timing/baseline/measured_3/chr22_100_guide_052/metrics.tsv	294	3c9456c81815818991052477102fa15cde5a85c76587ef02ae995a19f2040a1c
raw/pilot_100_fallback_20260801T180205Z/timing/baseline/measured_3/chr22_100_guide_052/output.paf	105	b743dcf20b0f8a4d8e1a343b97d48c58a0bc7fc4d1bb2a983a38d2078d740fcd
raw/pilot_100_fallback_20260801T180205Z/timing/baseline/measured_3/chr22_100_guide_052/stderr.txt	0	e3b0c44298fc1c149afbf4c8996fb92427ae41e4649b934ca495991b7852b855
raw/pilot_100_fallback_20260801T180205Z/timing/baseline/measured_3/chr22_100_guide_053/command.txt	294	8f75a8a484b54c99355f10ad0b3c21abf9131eea3ee68adaf5157d2468cede03
raw/pilot_100_fallback_20260801T180205Z/timing/baseline/measured_3/chr22_100_guide_053/metrics.tsv	294	23d92a830cf8e5177969829d1b0b74e06917c3dea2c1c934ba5bcbc4c34f0742
raw/pilot_100_fallback_20260801T180205Z/timing/baseline/measured_3/chr22_100_guide_053/output.paf	105	7f92fd7dddc708c2b3ec905f92a74e766b81d6ff9eaf13b4dc9c11ff5e96767a
raw/pilot_100_fallback_20260801T180205Z/timing/baseline/measured_3/chr22_100_guide_053/stderr.txt	0	e3b0c44298fc1c149afbf4c8996fb92427ae41e4649b934ca495991b7852b855
raw/pilot_100_fallback_20260801T180205Z/timing/baseline/measured_3/chr22_100_guide_054/command.txt	294	5a80b33003d5cfd769296f806eddc3e762db87ff6d4ab0f43ebfb1126a2f9768
raw/pilot_100_fallback_20260801T180205Z/timing/baseline/measured_3/chr22_100_guide_054/metrics.tsv	297	3c50c8cc306e333d7d06ed187e395f3a3f67ffb156f0ae2fa9eec08304a77941
raw/pilot_100_fallback_20260801T180205Z/timing/baseline/measured_3/chr22_100_guide_054/output.paf	1337	a3f996eafe8edb438a0ef9cc29ff2c9d076dd06077727963e045b33f102900cc
raw/pilot_100_fallback_20260801T180205Z/timing/baseline/measured_3/chr22_100_guide_054/stderr.txt	270	6dd37d45626373f97b36828739234e64b591905fb707084ab0eaed58b1b00c27
raw/pilot_100_fallback_20260801T180205Z/timing/baseline/measured_3/chr22_100_guide_055/command.txt	294	cc423a72a09ba73a6c5c3eb1f4cae213a1cd2f502d4ba36739c7ac518c948896
raw/pilot_100_fallback_20260801T180205Z/timing/baseline/measured_3/chr22_100_guide_055/metrics.tsv	294	c0cef82c041f08520d856293d834381840a3940ab4f645189406ccc4f7b7eac6
raw/pilot_100_fallback_20260801T180205Z/timing/baseline/measured_3/chr22_100_guide_055/output.paf	105	a3d6cd5055990fc10a7f55f785689720f3a06133f1b0f4568f98749ce2751038
raw/pilot_100_fallback_20260801T180205Z/timing/baseline/measured_3/chr22_100_guide_055/stderr.txt	0	e3b0c44298fc1c149afbf4c8996fb92427ae41e4649b934ca495991b7852b855
raw/pilot_100_fallback_20260801T180205Z/timing/baseline/measured_3/chr22_100_guide_056/command.txt	294	2c1a0e09242686c40da017da57ec8d856ef9e4e4fb021b2d84b7658f4168a769
raw/pilot_100_fallback_20260801T180205Z/timing/baseline/measured_3/chr22_100_guide_056/metrics.tsv	294	7839f667f448a0eb5c4bb79327ac11fa28c0534570f9fe632e6ddeed459b11e6
raw/pilot_100_fallback_20260801T180205Z/timing/baseline/measured_3/chr22_100_guide_056/output.paf	105	4a6cdc3b90d2775c2496444fab6f836151cd422ec2c82a9bf758cde5414f2417
raw/pilot_100_fallback_20260801T180205Z/timing/baseline/measured_3/chr22_100_guide_056/stderr.txt	0	e3b0c44298fc1c149afbf4c8996fb92427ae41e4649b934ca495991b7852b855
raw/pilot_100_fallback_20260801T180205Z/timing/baseline/measured_3/chr22_100_guide_057/command.txt	294	4f78aff6fc9fe3c25101e8f164d927838e7bd55167275931099c5df2bc37a2b3
raw/pilot_100_fallback_20260801T180205Z/timing/baseline/measured_3/chr22_100_guide_057/metrics.tsv	298	fcb76008074c94b301c1c67b85becf84704e2e5bcc06d9e54663a01c9526c8cd
raw/pilot_100_fallback_20260801T180205Z/timing/baseline/measured_3/chr22_100_guide_057/output.paf	4779	e447aa0d7123fcaedec935b3f8ed884340b0440a321c2a67fe809c7ccae27345
raw/pilot_100_fallback_20260801T180205Z/timing/baseline/measured_3/chr22_100_guide_057/stderr.txt	1125	b2b32f17633bad48f0d63dd8593879a3898a801f59345a837879f804a8b0a9ca
raw/pilot_100_fallback_20260801T180205Z/timing/baseline/measured_3/chr22_100_guide_058/command.txt	294	42e978afa0c20f3f75c3438381894c1d3e831b6024e1178f8413c64b3a1fa7bf
raw/pilot_100_fallback_20260801T180205Z/timing/baseline/measured_3/chr22_100_guide_058/metrics.tsv	294	7c223608fdcac099d80068a4763c59fb80902299250eebf55917f7bf4cf88413
raw/pilot_100_fallback_20260801T180205Z/timing/baseline/measured_3/chr22_100_guide_058/output.paf	105	b7517a16df61180265ec10a20cb33a003c3ea568992073591f20e96d81391119
raw/pilot_100_fallback_20260801T180205Z/timing/baseline/measured_3/chr22_100_guide_058/stderr.txt	0	e3b0c44298fc1c149afbf4c8996fb92427ae41e4649b934ca495991b7852b855
raw/pilot_100_fallback_20260801T180205Z/timing/baseline/measured_3/chr22_100_guide_059/command.txt	294	d3ed08a4d85e49c013ef46a16a83336181bb06ba551459de75aa365054b565d4
raw/pilot_100_fallback_20260801T180205Z/timing/baseline/measured_3/chr22_100_guide_059/metrics.tsv	294	9cb2a4444a90cf1b3acfeeb30978b622f56f5e3cf0f706b81563798dace2f4a7
raw/pilot_100_fallback_20260801T180205Z/timing/baseline/measured_3/chr22_100_guide_059/output.paf	105	a6e8f7dbe8440152b018e778c86e594c220662576f7388bf74086116bfb557b5
raw/pilot_100_fallback_20260801T180205Z/timing/baseline/measured_3/chr22_100_guide_059/stderr.txt	0	e3b0c44298fc1c149afbf4c8996fb92427ae41e4649b934ca495991b7852b855
raw/pilot_100_fallback_20260801T180205Z/timing/baseline/measured_3/chr22_100_guide_060/command.txt	294	b6de0bf1b4b24fd7876c63b0d267ce2bafbe4db9f26c7b623196acd7d7f8bde3
raw/pilot_100_fallback_20260801T180205Z/timing/baseline/measured_3/chr22_100_guide_060/metrics.tsv	294	a7743facd1e5ce2648d6fd98c2b19b579ade67df431ef272c18b98b9f1c1c5ed
raw/pilot_100_fallback_20260801T180205Z/timing/baseline/measured_3/chr22_100_guide_060/output.paf	105	96bacc0c5f62f5ee3cb64d6560e882e64673267447e8714383a4ab744f1c99a8
raw/pilot_100_fallback_20260801T180205Z/timing/baseline/measured_3/chr22_100_guide_060/stderr.txt	0	e3b0c44298fc1c149afbf4c8996fb92427ae41e4649b934ca495991b7852b855
raw/pilot_100_fallback_20260801T180205Z/timing/baseline/measured_3/chr22_100_guide_061/command.txt	294	86f836e6f97e0279c74efba63336e64ebcd003b6da19c497e63e193f918a4c3a
raw/pilot_100_fallback_20260801T180205Z/timing/baseline/measured_3/chr22_100_guide_061/metrics.tsv	294	8598af73485b3bb0d380beb12c2291ffa65fcb46d5e93c253d66536da2e07ed2
raw/pilot_100_fallback_20260801T180205Z/timing/baseline/measured_3/chr22_100_guide_061/output.paf	105	9246314add68bcb309196485353ca32264aa9d97b65d40e3825659e7fa9e07c5
raw/pilot_100_fallback_20260801T180205Z/timing/baseline/measured_3/chr22_100_guide_061/stderr.txt	0	e3b0c44298fc1c149afbf4c8996fb92427ae41e4649b934ca495991b7852b855
raw/pilot_100_fallback_20260801T180205Z/timing/baseline/measured_3/chr22_100_guide_062/command.txt	294	cd3d0c9d843f95cbad1a96a838539555dfac1c2ce161e885552208ad0e0f5fc8
raw/pilot_100_fallback_20260801T180205Z/timing/baseline/measured_3/chr22_100_guide_062/metrics.tsv	294	d41e5bc0a8f58b4be7402557e5dacd3351a82f4cfb5e083bf1ab9fcd48407131
raw/pilot_100_fallback_20260801T180205Z/timing/baseline/measured_3/chr22_100_guide_062/output.paf	105	4832e7aa711ccdac22496f6cb8a979eec30369c372fca1b6aba1e3edfb12e8a1
raw/pilot_100_fallback_20260801T180205Z/timing/baseline/measured_3/chr22_100_guide_062/stderr.txt	0	e3b0c44298fc1c149afbf4c8996fb92427ae41e4649b934ca495991b7852b855
raw/pilot_100_fallback_20260801T180205Z/timing/baseline/measured_3/chr22_100_guide_063/command.txt	294	70887f056f4e6c9a7fb8d55aebf6260ff2cacc2988834221b289083a7d8ecd39
raw/pilot_100_fallback_20260801T180205Z/timing/baseline/measured_3/chr22_100_guide_063/metrics.tsv	294	6408bbb40905e82c1128499553854ed64ee0147a9fa7c6a5d2c510a03f940913
raw/pilot_100_fallback_20260801T180205Z/timing/baseline/measured_3/chr22_100_guide_063/output.paf	105	c4ca7ddc636638d7005d3e187756ba84185296e1c2585b41d0a7a856e2606213
raw/pilot_100_fallback_20260801T180205Z/timing/baseline/measured_3/chr22_100_guide_063/stderr.txt	0	e3b0c44298fc1c149afbf4c8996fb92427ae41e4649b934ca495991b7852b855
raw/pilot_100_fallback_20260801T180205Z/timing/baseline/measured_3/chr22_100_guide_064/command.txt	294	b1f39b0ebad89619ebac2bc2eb9430e92b5714779333946948e654ec71525f96
raw/pilot_100_fallback_20260801T180205Z/timing/baseline/measured_3/chr22_100_guide_064/metrics.tsv	294	99c99e2ed6760c3f2cbb0956ba59217abeba783617eafdb826d59757a51cb33b
raw/pilot_100_fallback_20260801T180205Z/timing/baseline/measured_3/chr22_100_guide_064/output.paf	105	b38f02456f345d872287da7f74b53691b169eb255cc35d11d103c308c700d2eb
raw/pilot_100_fallback_20260801T180205Z/timing/baseline/measured_3/chr22_100_guide_064/stderr.txt	0	e3b0c44298fc1c149afbf4c8996fb92427ae41e4649b934ca495991b7852b855
raw/pilot_100_fallback_20260801T180205Z/timing/baseline/measured_3/chr22_100_guide_065/command.txt	294	a0eedbe5dd7aa14b950e4a84b89ccaf07cb94a3edbf045a82b33414a79711c01
raw/pilot_100_fallback_20260801T180205Z/timing/baseline/measured_3/chr22_100_guide_065/metrics.tsv	294	501421d612523f3fd848a809ccc08a107a4803c8e3d4319d70239dad46a9db60
raw/pilot_100_fallback_20260801T180205Z/timing/baseline/measured_3/chr22_100_guide_065/output.paf	105	4a6f7a313e251182f276be210f99075cb7bfa5275fa278d132ac27df6e713db1
raw/pilot_100_fallback_20260801T180205Z/timing/baseline/measured_3/chr22_100_guide_065/stderr.txt	0	e3b0c44298fc1c149afbf4c8996fb92427ae41e4649b934ca495991b7852b855
raw/pilot_100_fallback_20260801T180205Z/timing/baseline/measured_3/chr22_100_guide_066/command.txt	294	bccc118f5764efd69b1775580918aecc29aa2fa189f711f88ee05cbd88261375
raw/pilot_100_fallback_20260801T180205Z/timing/baseline/measured_3/chr22_100_guide_066/metrics.tsv	294	e1187a2840bb5737f79e1f55bb334115bc93081f58887cbac69f7fb96d5bf07b
raw/pilot_100_fallback_20260801T180205Z/timing/baseline/measured_3/chr22_100_guide_066/output.paf	105	4802296ebbba9922a4ece696902be06427691049808ba406ed873a9a4a219f9c
raw/pilot_100_fallback_20260801T180205Z/timing/baseline/measured_3/chr22_100_guide_066/stderr.txt	0	e3b0c44298fc1c149afbf4c8996fb92427ae41e4649b934ca495991b7852b855
raw/pilot_100_fallback_20260801T180205Z/timing/baseline/measured_3/chr22_100_guide_067/command.txt	294	725e56395656f09ff7d0fce53f985a68b06a7cc2dd6a4e2922101a912c48efd4
raw/pilot_100_fallback_20260801T180205Z/timing/baseline/measured_3/chr22_100_guide_067/metrics.tsv	294	749bb71d497d6294cca5074aa6ffd13fef446ee84bb495e36bc533647f659691
raw/pilot_100_fallback_20260801T180205Z/timing/baseline/measured_3/chr22_100_guide_067/output.paf	105	0229a4fc79d3d37ddda05a4910899ff60fcd29aa41d3690d08b235deae1dd329
raw/pilot_100_fallback_20260801T180205Z/timing/baseline/measured_3/chr22_100_guide_067/stderr.txt	0	e3b0c44298fc1c149afbf4c8996fb92427ae41e4649b934ca495991b7852b855
raw/pilot_100_fallback_20260801T180205Z/timing/baseline/measured_3/chr22_100_guide_068/command.txt	294	5c3b93b11b8e6a74bde0ca874a8c3513b022608ec72102e19b764eda2894281c
raw/pilot_100_fallback_20260801T180205Z/timing/baseline/measured_3/chr22_100_guide_068/metrics.tsv	294	9ae9752fea2abec1ca435135ab6f731f496fbb78f26747acddda90a56d0b586b
raw/pilot_100_fallback_20260801T180205Z/timing/baseline/measured_3/chr22_100_guide_068/output.paf	214	d39c5b6762aa09453e14f55e106ab300ceb4955ee3d73b381937cbf2220ed042
raw/pilot_100_fallback_20260801T180205Z/timing/baseline/measured_3/chr22_100_guide_068/stderr.txt	0	e3b0c44298fc1c149afbf4c8996fb92427ae41e4649b934ca495991b7852b855
raw/pilot_100_fallback_20260801T180205Z/timing/baseline/measured_3/chr22_100_guide_069/command.txt	294	99de005df36445fc0cc87e0e7f648b713e285055a4d085232f2faac07be3b277
raw/pilot_100_fallback_20260801T180205Z/timing/baseline/measured_3/chr22_100_guide_069/metrics.tsv	294	ef67fd35abe8a17678a1eadfc24bd6e6588a787c59c8cd6b31b995e414d6344d
raw/pilot_100_fallback_20260801T180205Z/timing/baseline/measured_3/chr22_100_guide_069/output.paf	107	894b1dbfd640275e381c43f266827b3b0b872a2b9928a9ade378892e79cddd91
raw/pilot_100_fallback_20260801T180205Z/timing/baseline/measured_3/chr22_100_guide_069/stderr.txt	0	e3b0c44298fc1c149afbf4c8996fb92427ae41e4649b934ca495991b7852b855
raw/pilot_100_fallback_20260801T180205Z/timing/baseline/measured_3/chr22_100_guide_070/command.txt	294	8219161a7733a4e4c0488d6c14034deed7894765a0f4a8af2ef1208cbed2db65
raw/pilot_100_fallback_20260801T180205Z/timing/baseline/measured_3/chr22_100_guide_070/metrics.tsv	294	a3d8b1c769721c5228f7b6fc6b7e86903147552415e83f18f724233ba58fc0c2
raw/pilot_100_fallback_20260801T180205Z/timing/baseline/measured_3/chr22_100_guide_070/output.paf	105	555a66e1753526673117e366fb233c844df0cfc38a64971866528e20e52f4ca2
raw/pilot_100_fallback_20260801T180205Z/timing/baseline/measured_3/chr22_100_guide_070/stderr.txt	0	e3b0c44298fc1c149afbf4c8996fb92427ae41e4649b934ca495991b7852b855
raw/pilot_100_fallback_20260801T180205Z/timing/baseline/measured_3/chr22_100_guide_071/command.txt	294	33e1452dc4ab7f77b5c60b48874e08912b2384e40fb648eac1ed52a2b2df65b9
raw/pilot_100_fallback_20260801T180205Z/timing/baseline/measured_3/chr22_100_guide_071/metrics.tsv	294	5b80e429e381983cbbf853bfdc2fb3b5c7c53211f560db6bcd72c550df1c46af
raw/pilot_100_fallback_20260801T180205Z/timing/baseline/measured_3/chr22_100_guide_071/output.paf	105	db50066ab5215e0ab40715d3e84c765c47977eb5d92e2f74fef9a37ee0c19f96
raw/pilot_100_fallback_20260801T180205Z/timing/baseline/measured_3/chr22_100_guide_071/stderr.txt	0	e3b0c44298fc1c149afbf4c8996fb92427ae41e4649b934ca495991b7852b855
raw/pilot_100_fallback_20260801T180205Z/timing/baseline/measured_3/chr22_100_guide_072/command.txt	294	10e3796ef2fbb531f9c0fdf7ed8c3441643f57ef8e1269b561e32d6893dfc208
raw/pilot_100_fallback_20260801T180205Z/timing/baseline/measured_3/chr22_100_guide_072/metrics.tsv	294	e96ca0c942dda38728cc08ff1f63355195764ee67eb81c64f71e500b1b01f502
raw/pilot_100_fallback_20260801T180205Z/timing/baseline/measured_3/chr22_100_guide_072/output.paf	105	a7389bd954eaa7a8f7c3e448a2ff3a3f4ef011b680d833fad933fd884d099eca
raw/pilot_100_fallback_20260801T180205Z/timing/baseline/measured_3/chr22_100_guide_072/stderr.txt	0	e3b0c44298fc1c149afbf4c8996fb92427ae41e4649b934ca495991b7852b855
raw/pilot_100_fallback_20260801T180205Z/timing/baseline/measured_3/chr22_100_guide_073/command.txt	294	8ddf9d7e2608669e5fd6a1fd8c1335579a510d4d382c7cbc9d99592881f85fae
raw/pilot_100_fallback_20260801T180205Z/timing/baseline/measured_3/chr22_100_guide_073/metrics.tsv	294	559ba7286dd2d7823e4bc71f07b1a3636d51e778a6e8e9ca26164a1508ed7a5b
raw/pilot_100_fallback_20260801T180205Z/timing/baseline/measured_3/chr22_100_guide_073/output.paf	105	850390cf00e784716c531f5e64380876ff07596af289e7ba34bc096bff075ecc
raw/pilot_100_fallback_20260801T180205Z/timing/baseline/measured_3/chr22_100_guide_073/stderr.txt	0	e3b0c44298fc1c149afbf4c8996fb92427ae41e4649b934ca495991b7852b855
raw/pilot_100_fallback_20260801T180205Z/timing/baseline/measured_3/chr22_100_guide_074/command.txt	294	4f2ed744a868ca92e3555a96b060747acf3bae65e2aa2059d9c41153327b3875
raw/pilot_100_fallback_20260801T180205Z/timing/baseline/measured_3/chr22_100_guide_074/metrics.tsv	294	8c020ae9bd485fa272317e4ea6d21e237321501eacd716e84757399ce686a0ad
raw/pilot_100_fallback_20260801T180205Z/timing/baseline/measured_3/chr22_100_guide_074/output.paf	105	1f00016106bffc2ceba39230352e1e4ef914076353527946b8890d37546c25f5
raw/pilot_100_fallback_20260801T180205Z/timing/baseline/measured_3/chr22_100_guide_074/stderr.txt	0	e3b0c44298fc1c149afbf4c8996fb92427ae41e4649b934ca495991b7852b855
raw/pilot_100_fallback_20260801T180205Z/timing/baseline/measured_3/chr22_100_guide_075/command.txt	294	106f54bec30a40f6f3910a52de5d5c49338a9c5165265e82644929d39c73a88e
raw/pilot_100_fallback_20260801T180205Z/timing/baseline/measured_3/chr22_100_guide_075/metrics.tsv	298	4bf030490ae58cd7a0f69c0fedcd00742eba3b3a05b0f37e4a00007f7f3355e2
raw/pilot_100_fallback_20260801T180205Z/timing/baseline/measured_3/chr22_100_guide_075/output.paf	5818	614fa5b4f485a1fa8c00df490945639ea3b852b19e198bebe4d74ffe93ad1b88
raw/pilot_100_fallback_20260801T180205Z/timing/baseline/measured_3/chr22_100_guide_075/stderr.txt	1845	cae01c86d9418ff48743f603d690cbbed7cfd0a775aa61abea8fe81d849a788f
raw/pilot_100_fallback_20260801T180205Z/timing/baseline/measured_3/chr22_100_guide_076/command.txt	294	8d83f8807b0ccd9da7fb4667fb7b469fc9d97e3552a7790fb3bf8ee1f800e656
raw/pilot_100_fallback_20260801T180205Z/timing/baseline/measured_3/chr22_100_guide_076/metrics.tsv	295	b7697fba55911886eb0d0a897089558da7bcff2bc4e8c580cbda2b855af850f2
raw/pilot_100_fallback_20260801T180205Z/timing/baseline/measured_3/chr22_100_guide_076/output.paf	400	b142ef637df4e3f99cba0ff326382f5ebefaebebec7f67f50ae570d3cb77d0e9
raw/pilot_100_fallback_20260801T180205Z/timing/baseline/measured_3/chr22_100_guide_076/stderr.txt	90	e738f131400a5df528e34a9a74400f6996b29d28e34bef3f730ed59c9b584539
raw/pilot_100_fallback_20260801T180205Z/timing/baseline/measured_3/chr22_100_guide_077/command.txt	294	34a4ac4305dad4b70d1972d75cba9cee9734695b32e7b9eed5101f6ddda4eb4d
raw/pilot_100_fallback_20260801T180205Z/timing/baseline/measured_3/chr22_100_guide_077/metrics.tsv	294	a3f6757de81b9444c9b0c3f34f668f291707b0b9284954b8f5b51782830205ad
raw/pilot_100_fallback_20260801T180205Z/timing/baseline/measured_3/chr22_100_guide_077/output.paf	105	e3869c3952dd0b0eb3e37141b1040c6f25b82c4e398011436f2219c75f8febe8
raw/pilot_100_fallback_20260801T180205Z/timing/baseline/measured_3/chr22_100_guide_077/stderr.txt	0	e3b0c44298fc1c149afbf4c8996fb92427ae41e4649b934ca495991b7852b855
raw/pilot_100_fallback_20260801T180205Z/timing/baseline/measured_3/chr22_100_guide_078/command.txt	294	faa9aba2aac1781a334c68e83706090c78953cbac5ad46232eef3388cea4039c
raw/pilot_100_fallback_20260801T180205Z/timing/baseline/measured_3/chr22_100_guide_078/metrics.tsv	294	8bfc6a1be8531de8ae90339e6c448cc5382d83a9a68cc07c2b69dc41f1983f0e
raw/pilot_100_fallback_20260801T180205Z/timing/baseline/measured_3/chr22_100_guide_078/output.paf	105	b32f95b3659bdf5efde0a545c93605a84811e1f51637e98948f88b66e0c918a9
raw/pilot_100_fallback_20260801T180205Z/timing/baseline/measured_3/chr22_100_guide_078/stderr.txt	0	e3b0c44298fc1c149afbf4c8996fb92427ae41e4649b934ca495991b7852b855
raw/pilot_100_fallback_20260801T180205Z/timing/baseline/measured_3/chr22_100_guide_079/command.txt	294	45b239768da0457701c80edb9be4e94b086d4979b752d49c90045db0a0cd4f14
raw/pilot_100_fallback_20260801T180205Z/timing/baseline/measured_3/chr22_100_guide_079/metrics.tsv	294	daf60f6e8145fb69612babbe6a6ee86966f92f391d7ca11e255effb038244beb
raw/pilot_100_fallback_20260801T180205Z/timing/baseline/measured_3/chr22_100_guide_079/output.paf	105	3719b9c87eb26bae46571444132aecd72ec6971081ed8592128ac8081655f637
raw/pilot_100_fallback_20260801T180205Z/timing/baseline/measured_3/chr22_100_guide_079/stderr.txt	0	e3b0c44298fc1c149afbf4c8996fb92427ae41e4649b934ca495991b7852b855
raw/pilot_100_fallback_20260801T180205Z/timing/baseline/measured_3/chr22_100_guide_080/command.txt	294	d49e476f53b0190d2dbd332662213cd0421dff8a329bee086cf07e15d7f97704
raw/pilot_100_fallback_20260801T180205Z/timing/baseline/measured_3/chr22_100_guide_080/metrics.tsv	294	694dbf6d9644cd09796ce3ca0785c8678525148a8c1dafcf224b561ed85485d9
raw/pilot_100_fallback_20260801T180205Z/timing/baseline/measured_3/chr22_100_guide_080/output.paf	105	5c9d989f365df1d424483a28cbc77093b089ff7ebee8cd46972f309ff0b6db17
raw/pilot_100_fallback_20260801T180205Z/timing/baseline/measured_3/chr22_100_guide_080/stderr.txt	0	e3b0c44298fc1c149afbf4c8996fb92427ae41e4649b934ca495991b7852b855
raw/pilot_100_fallback_20260801T180205Z/timing/baseline/measured_3/chr22_100_guide_081/command.txt	294	5afa740561bc893dab0d8638897114fc63396b5fecdf28cdddab3db337bc2cc2
raw/pilot_100_fallback_20260801T180205Z/timing/baseline/measured_3/chr22_100_guide_081/metrics.tsv	294	dae36aab23a4ea812fff5e5ae7426f6970fc11818d44977abd32241eb494aded
raw/pilot_100_fallback_20260801T180205Z/timing/baseline/measured_3/chr22_100_guide_081/output.paf	105	60f8b2bdc588b6b13527c78acc609879caa8defea9c72ada132dee63d52ad9bf
raw/pilot_100_fallback_20260801T180205Z/timing/baseline/measured_3/chr22_100_guide_081/stderr.txt	0	e3b0c44298fc1c149afbf4c8996fb92427ae41e4649b934ca495991b7852b855
raw/pilot_100_fallback_20260801T180205Z/timing/baseline/measured_3/chr22_100_guide_082/command.txt	294	c5eb9cf68dbf3fb168355c780ea930c057ba1147a70e43e2e8d87d137c55b8c4
raw/pilot_100_fallback_20260801T180205Z/timing/baseline/measured_3/chr22_100_guide_082/metrics.tsv	294	587ee5a2d5c73b50f8dee55cc5e15f402e4e95623d495112f71cc30a8aa4a0b8
raw/pilot_100_fallback_20260801T180205Z/timing/baseline/measured_3/chr22_100_guide_082/output.paf	105	8aa0d629b648d54d65dead9f626b4f79b04416d14abcb761ce6f8afd4c8d5a02
raw/pilot_100_fallback_20260801T180205Z/timing/baseline/measured_3/chr22_100_guide_082/stderr.txt	0	e3b0c44298fc1c149afbf4c8996fb92427ae41e4649b934ca495991b7852b855
raw/pilot_100_fallback_20260801T180205Z/timing/baseline/measured_3/chr22_100_guide_083/command.txt	294	3416ca0a99f0208ab1ce747521d78a2ac75be8410b274f3d6925da2201613f82
raw/pilot_100_fallback_20260801T180205Z/timing/baseline/measured_3/chr22_100_guide_083/metrics.tsv	294	e83ceda670798b878f7bd9fb94d8677e35f66be8003fd14de2995da3b43986b3
raw/pilot_100_fallback_20260801T180205Z/timing/baseline/measured_3/chr22_100_guide_083/output.paf	105	1da030b92202db00fdf4fa746fa0de1c56a74c6415d7abf8e6e634730c0990ca
raw/pilot_100_fallback_20260801T180205Z/timing/baseline/measured_3/chr22_100_guide_083/stderr.txt	0	e3b0c44298fc1c149afbf4c8996fb92427ae41e4649b934ca495991b7852b855
raw/pilot_100_fallback_20260801T180205Z/timing/baseline/measured_3/chr22_100_guide_084/command.txt	294	46bdd25b56b30de4d3bf5825476b1e2ce5a25e059c364c2f402dde24c86be485
raw/pilot_100_fallback_20260801T180205Z/timing/baseline/measured_3/chr22_100_guide_084/metrics.tsv	295	0482f39992b022534949d9114969b7b3bdaa216d332c395a7dd13c14d8440615
raw/pilot_100_fallback_20260801T180205Z/timing/baseline/measured_3/chr22_100_guide_084/output.paf	517	d3912c4fe014403d39f5babbc235cd2d4fea43649489b9579873d8d170b294d0
raw/pilot_100_fallback_20260801T180205Z/timing/baseline/measured_3/chr22_100_guide_084/stderr.txt	45	ecd997460eff8b19bac120208f47edd7be53e3371027aaa35d95fa07a5e79089
raw/pilot_100_fallback_20260801T180205Z/timing/baseline/measured_3/chr22_100_guide_085/command.txt	294	4c66d15d09fe32c5dde11c67e94daef15b4ac44f8d863f8e536dee9575262581
raw/pilot_100_fallback_20260801T180205Z/timing/baseline/measured_3/chr22_100_guide_085/metrics.tsv	294	024cf51930d0bd6289ac2afc94659b25bb90ffebf92eea76daa7421f4d833448
raw/pilot_100_fallback_20260801T180205Z/timing/baseline/measured_3/chr22_100_guide_085/output.paf	105	886f21508ef43139da65b3307d412b9c43af12390fb60b152be51f2961337117
raw/pilot_100_fallback_20260801T180205Z/timing/baseline/measured_3/chr22_100_guide_085/stderr.txt	0	e3b0c44298fc1c149afbf4c8996fb92427ae41e4649b934ca495991b7852b855
raw/pilot_100_fallback_20260801T180205Z/timing/baseline/measured_3/chr22_100_guide_086/command.txt	294	3444740aa026e2ab6eb56d5a9baf76db9c61248ef6a3591ad24e819f87449dd2
raw/pilot_100_fallback_20260801T180205Z/timing/baseline/measured_3/chr22_100_guide_086/metrics.tsv	294	123753db19ebff59f2829054dbdaa0a87273cf197c52cb9ab33d582f981dcaef
raw/pilot_100_fallback_20260801T180205Z/timing/baseline/measured_3/chr22_100_guide_086/output.paf	105	b49d937c3f713b95c07b0df4983659c5531f5062b2c8b309c93edf95c5d33253
raw/pilot_100_fallback_20260801T180205Z/timing/baseline/measured_3/chr22_100_guide_086/stderr.txt	0	e3b0c44298fc1c149afbf4c8996fb92427ae41e4649b934ca495991b7852b855
raw/pilot_100_fallback_20260801T180205Z/timing/baseline/measured_3/chr22_100_guide_087/command.txt	294	a1b16959df12ab6a2ad59ee79b067084b78b8dfc3f3550eaf89da1643c0125bb
raw/pilot_100_fallback_20260801T180205Z/timing/baseline/measured_3/chr22_100_guide_087/metrics.tsv	294	db90ae041169a886cecf2716b681eacd16c59f7c362634cc54fac43357ebe21b
raw/pilot_100_fallback_20260801T180205Z/timing/baseline/measured_3/chr22_100_guide_087/output.paf	323	9a84143c1c0ae741457654eac03a337269c00cb43411a6b54461fbe5949d0b50
raw/pilot_100_fallback_20260801T180205Z/timing/baseline/measured_3/chr22_100_guide_087/stderr.txt	0	e3b0c44298fc1c149afbf4c8996fb92427ae41e4649b934ca495991b7852b855
raw/pilot_100_fallback_20260801T180205Z/timing/baseline/measured_3/chr22_100_guide_088/command.txt	294	f2a3f6a07ebd08e30cb34865d37ac2ff7605d082f83307f44be0f061bf9cf833
raw/pilot_100_fallback_20260801T180205Z/timing/baseline/measured_3/chr22_100_guide_088/metrics.tsv	294	938b127e4d58fda2ea53cdf4964398052e6c0ff1967fae20cb1eeea9aa0f603b
raw/pilot_100_fallback_20260801T180205Z/timing/baseline/measured_3/chr22_100_guide_088/output.paf	105	7b9ea615f9aa7e046adebd0e63adf8ebdc63c09e2a683a13ae5b9e9457fd8152
raw/pilot_100_fallback_20260801T180205Z/timing/baseline/measured_3/chr22_100_guide_088/stderr.txt	0	e3b0c44298fc1c149afbf4c8996fb92427ae41e4649b934ca495991b7852b855
raw/pilot_100_fallback_20260801T180205Z/timing/baseline/measured_3/chr22_100_guide_089/command.txt	294	297f847c9990d3327a7342e31559525404718dbc102c79b8455441154a68860a
raw/pilot_100_fallback_20260801T180205Z/timing/baseline/measured_3/chr22_100_guide_089/metrics.tsv	294	16913408c0739e5850abe527eced30336be7a48ea0ad46a8b4bbf50eacb729d2
raw/pilot_100_fallback_20260801T180205Z/timing/baseline/measured_3/chr22_100_guide_089/output.paf	105	790719bd8847db6a942f261864ea37c0ec15f7a4f400e0bd1eaf31a8e659f354
raw/pilot_100_fallback_20260801T180205Z/timing/baseline/measured_3/chr22_100_guide_089/stderr.txt	0	e3b0c44298fc1c149afbf4c8996fb92427ae41e4649b934ca495991b7852b855
raw/pilot_100_fallback_20260801T180205Z/timing/baseline/measured_3/chr22_100_guide_090/command.txt	294	62baeecbbbb7cb1beb1a7fa0a280e6cdc608f5fcbc06c89131f328c82cad3b88
raw/pilot_100_fallback_20260801T180205Z/timing/baseline/measured_3/chr22_100_guide_090/metrics.tsv	294	58c6be0ed5e65345f3a69a81fbd726d973a1c76e7d9c72ad53180a7bf48f934c
raw/pilot_100_fallback_20260801T180205Z/timing/baseline/measured_3/chr22_100_guide_090/output.paf	105	af0e7d04b9032b6ba55a507cdc6196da5e7f3adbce117a38bb6ba2d2fb078cba
raw/pilot_100_fallback_20260801T180205Z/timing/baseline/measured_3/chr22_100_guide_090/stderr.txt	0	e3b0c44298fc1c149afbf4c8996fb92427ae41e4649b934ca495991b7852b855
raw/pilot_100_fallback_20260801T180205Z/timing/baseline/measured_3/chr22_100_guide_091/command.txt	294	32cc6da567e225a4f2cd3a2377a598ccbaabc35046b9064bac0df339a0e21a3d
raw/pilot_100_fallback_20260801T180205Z/timing/baseline/measured_3/chr22_100_guide_091/metrics.tsv	294	44e964ad4289184f42c9ec711664bda1c1e7557659ab7f833ec4e9de6d61ab8a
raw/pilot_100_fallback_20260801T180205Z/timing/baseline/measured_3/chr22_100_guide_091/output.paf	214	cf53e5c0ba2549b95ad7cc66f6caa57165a2d7ef971b8448816c1f5189dcba42
raw/pilot_100_fallback_20260801T180205Z/timing/baseline/measured_3/chr22_100_guide_091/stderr.txt	0	e3b0c44298fc1c149afbf4c8996fb92427ae41e4649b934ca495991b7852b855
raw/pilot_100_fallback_20260801T180205Z/timing/baseline/measured_3/chr22_100_guide_092/command.txt	294	b1df8e70b02bdbbfbb47908fa04522a531b1e1ad08becc03f50acea6693be13e
raw/pilot_100_fallback_20260801T180205Z/timing/baseline/measured_3/chr22_100_guide_092/metrics.tsv	294	e3889583955613422da6e3e749888f8b9724bdf7de434aeaf5a341eb21e96929
raw/pilot_100_fallback_20260801T180205Z/timing/baseline/measured_3/chr22_100_guide_092/output.paf	105	36dc22934c7c02b9c1a4043e7fa71e9fab23fac626842ee0233fa0a19e8a4d8d
raw/pilot_100_fallback_20260801T180205Z/timing/baseline/measured_3/chr22_100_guide_092/stderr.txt	0	e3b0c44298fc1c149afbf4c8996fb92427ae41e4649b934ca495991b7852b855
raw/pilot_100_fallback_20260801T180205Z/timing/baseline/measured_3/chr22_100_guide_093/command.txt	294	8318cf790daebe2ae59d609333c635a134954b1e3cd87ef8c72f433e45110b40
raw/pilot_100_fallback_20260801T180205Z/timing/baseline/measured_3/chr22_100_guide_093/metrics.tsv	294	6ef90bcb5ea08ea0fcd3effb3a325a97b6e491da0f7133cf78dc15fc41b344df
raw/pilot_100_fallback_20260801T180205Z/timing/baseline/measured_3/chr22_100_guide_093/output.paf	105	7c248ba9765e06499bdbdd56fa063150392f57bbcf49d7273e7a34148cb2a14e
raw/pilot_100_fallback_20260801T180205Z/timing/baseline/measured_3/chr22_100_guide_093/stderr.txt	0	e3b0c44298fc1c149afbf4c8996fb92427ae41e4649b934ca495991b7852b855
raw/pilot_100_fallback_20260801T180205Z/timing/baseline/measured_3/chr22_100_guide_094/command.txt	294	1addb3efa131e8e103242ba9daac6b8f0063c83db50c7a3c5e6c88899a3a020a
raw/pilot_100_fallback_20260801T180205Z/timing/baseline/measured_3/chr22_100_guide_094/metrics.tsv	294	76906aed9095a9b171a1091bedc9f0b716603c2d86c1d5c83f6d6f159d0b80eb
raw/pilot_100_fallback_20260801T180205Z/timing/baseline/measured_3/chr22_100_guide_094/output.paf	105	b129ef3c4f85946c1752fcdec67457fbfa137faf10c495dcfb79020726f0093a
raw/pilot_100_fallback_20260801T180205Z/timing/baseline/measured_3/chr22_100_guide_094/stderr.txt	0	e3b0c44298fc1c149afbf4c8996fb92427ae41e4649b934ca495991b7852b855
raw/pilot_100_fallback_20260801T180205Z/timing/baseline/measured_3/chr22_100_guide_095/command.txt	294	172bcf5e6696030397c56f1e2e204827348ef72b9e5e542967b4f0be658c21ec
raw/pilot_100_fallback_20260801T180205Z/timing/baseline/measured_3/chr22_100_guide_095/metrics.tsv	294	a0635a0c095627ca3c09a41005e132264810d3f1f48468fb3e1aa4cd01fa4912
raw/pilot_100_fallback_20260801T180205Z/timing/baseline/measured_3/chr22_100_guide_095/output.paf	214	72cfccdb732c7f835e82aebb76ca4186954ee044989d4d3f165c230249e1ab41
raw/pilot_100_fallback_20260801T180205Z/timing/baseline/measured_3/chr22_100_guide_095/stderr.txt	0	e3b0c44298fc1c149afbf4c8996fb92427ae41e4649b934ca495991b7852b855
raw/pilot_100_fallback_20260801T180205Z/timing/baseline/measured_3/chr22_100_guide_096/command.txt	294	111ddc9a7fd7a284bef5082c64543ca18675ce04d5d1b8c6140fad62a9faa5c8
raw/pilot_100_fallback_20260801T180205Z/timing/baseline/measured_3/chr22_100_guide_096/metrics.tsv	294	72c325bad5e123f0be1c884d13060937c0089a0a8075315ca2bdde614faaefe5
raw/pilot_100_fallback_20260801T180205Z/timing/baseline/measured_3/chr22_100_guide_096/output.paf	105	66356638d350f202a4fc3653512e2eb61d180a210d3b4874237620fdd88f45ac
raw/pilot_100_fallback_20260801T180205Z/timing/baseline/measured_3/chr22_100_guide_096/stderr.txt	0	e3b0c44298fc1c149afbf4c8996fb92427ae41e4649b934ca495991b7852b855
raw/pilot_100_fallback_20260801T180205Z/timing/baseline/measured_3/chr22_100_guide_097/command.txt	294	d353f2e899ebb93ed352f15f6ff5a29c9d6057a0eee378dc9828ef4d2556deea
raw/pilot_100_fallback_20260801T180205Z/timing/baseline/measured_3/chr22_100_guide_097/metrics.tsv	294	8ace9317e4042f4c2033e327d6cfd2d4244d74e583ea397c3d0c100500108f84
raw/pilot_100_fallback_20260801T180205Z/timing/baseline/measured_3/chr22_100_guide_097/output.paf	105	ec3317eca52cb313be8b742bd84d70d8e9f8f3d3a8dfda83e632d9ec5b3e7472
raw/pilot_100_fallback_20260801T180205Z/timing/baseline/measured_3/chr22_100_guide_097/stderr.txt	0	e3b0c44298fc1c149afbf4c8996fb92427ae41e4649b934ca495991b7852b855
raw/pilot_100_fallback_20260801T180205Z/timing/baseline/measured_3/chr22_100_guide_098/command.txt	294	468a558e0f3fdd08d7debf0ad8923a76d1462c9c7f320e22e8005dbb2614aadf
raw/pilot_100_fallback_20260801T180205Z/timing/baseline/measured_3/chr22_100_guide_098/metrics.tsv	294	b6a8afff05c5edd179a91d256b524cefab5517b297060c4e0401c34df3293406
raw/pilot_100_fallback_20260801T180205Z/timing/baseline/measured_3/chr22_100_guide_098/output.paf	105	624a957aae98b6d231ae1011b4e64e108e7b8e8e44287e46c4862920d0454e11
raw/pilot_100_fallback_20260801T180205Z/timing/baseline/measured_3/chr22_100_guide_098/stderr.txt	0	e3b0c44298fc1c149afbf4c8996fb92427ae41e4649b934ca495991b7852b855
raw/pilot_100_fallback_20260801T180205Z/timing/baseline/measured_3/chr22_100_guide_099/command.txt	294	d88e1c76d6eaecf792cbc868cbf12b5cb10e920bdf39eac71f27113ad3774233
raw/pilot_100_fallback_20260801T180205Z/timing/baseline/measured_3/chr22_100_guide_099/metrics.tsv	295	80f403ba1d05925d72991106c57de08d940b6fdfa52d721bde40937c8903a01b
raw/pilot_100_fallback_20260801T180205Z/timing/baseline/measured_3/chr22_100_guide_099/output.paf	200	ae2950cc930771cbd394906d42c51ef44aa1d759562b83917e788a9d26f47d1d
raw/pilot_100_fallback_20260801T180205Z/timing/baseline/measured_3/chr22_100_guide_099/stderr.txt	45	ecd997460eff8b19bac120208f47edd7be53e3371027aaa35d95fa07a5e79089
raw/pilot_100_fallback_20260801T180205Z/timing/baseline/measured_3/chr22_100_guide_100/command.txt	294	938429361e55b67b53c1f61e2dc5394bee9fb15e084f3c079faefb2a0ac4c137
raw/pilot_100_fallback_20260801T180205Z/timing/baseline/measured_3/chr22_100_guide_100/metrics.tsv	294	8ac5f2faad5bf0c7101a3d6df006effdd79acc6ee1cbed2324e30a4089c2b7eb
raw/pilot_100_fallback_20260801T180205Z/timing/baseline/measured_3/chr22_100_guide_100/output.paf	214	4bb6e4f08a7316ba26ec3e6f894f79070071b55d78d6c1605a50035d0a1d9c79
raw/pilot_100_fallback_20260801T180205Z/timing/baseline/measured_3/chr22_100_guide_100/stderr.txt	0	e3b0c44298fc1c149afbf4c8996fb92427ae41e4649b934ca495991b7852b855
raw/pilot_100_fallback_20260801T180205Z/timing/baseline/measured_3/stdout.sha256.list	8500	2d1795b717568c1eb36a33629b60438c004e2769373390c8aaf36a22e1c413ed
raw/pilot_100_fallback_20260801T180205Z/timing/baseline/warmup/chr22_100_guide_001/command.txt	294	3c9dd3c2caae1a522ea06d5a0d82f82c919b8f6c58f3c7353013c3857d5a052f
raw/pilot_100_fallback_20260801T180205Z/timing/baseline/warmup/chr22_100_guide_001/metrics.tsv	295	d38449e77e012b0eedc656d158815b30ebf219ed31ed5bca6b5007b2f1a2c11f
raw/pilot_100_fallback_20260801T180205Z/timing/baseline/warmup/chr22_100_guide_001/output.paf	192	c9c93b5e3642ad2be4fd3699f495e8d1c48adb430768e7ff532b1a4c59fa0c05
raw/pilot_100_fallback_20260801T180205Z/timing/baseline/warmup/chr22_100_guide_001/stderr.txt	45	ecd997460eff8b19bac120208f47edd7be53e3371027aaa35d95fa07a5e79089
raw/pilot_100_fallback_20260801T180205Z/timing/baseline/warmup/chr22_100_guide_002/command.txt	294	ac1b91c9856b4d1a369592cde97c85ea96aa65b6ee4b485a78d333ca081481f5
raw/pilot_100_fallback_20260801T180205Z/timing/baseline/warmup/chr22_100_guide_002/metrics.tsv	295	5fca005ed81a68aaf9c30f5c7132b39abefa9728f4d3b6c827a137100a456b18
raw/pilot_100_fallback_20260801T180205Z/timing/baseline/warmup/chr22_100_guide_002/output.paf	1650	0422486e190c33e1914bfe10563c561e6fc1a1f686af30d5e7a55cba9d1e5438
raw/pilot_100_fallback_20260801T180205Z/timing/baseline/warmup/chr22_100_guide_002/stderr.txt	0	e3b0c44298fc1c149afbf4c8996fb92427ae41e4649b934ca495991b7852b855
raw/pilot_100_fallback_20260801T180205Z/timing/baseline/warmup/chr22_100_guide_003/command.txt	294	c4ddca4230168cb96406c58fc309ef53915dfc56c8f91bab7db2f5d600eadb61
raw/pilot_100_fallback_20260801T180205Z/timing/baseline/warmup/chr22_100_guide_003/metrics.tsv	297	75ed22dde2bfbe81d3b41a1cd0093c10b00ac124f1444742dd9adbfe8abf01c7
raw/pilot_100_fallback_20260801T180205Z/timing/baseline/warmup/chr22_100_guide_003/output.paf	1642	b1fb9aa39cacb022055195ef7dba7343c8fc879f2dc35b1bb9e3a5c71e1e23e0
raw/pilot_100_fallback_20260801T180205Z/timing/baseline/warmup/chr22_100_guide_003/stderr.txt	135	638bd673bf5fc22f3fc8fe75f5600789d2b5d3f971a550e9446c8845c8fb98e7
raw/pilot_100_fallback_20260801T180205Z/timing/baseline/warmup/chr22_100_guide_004/command.txt	294	c77720e1ae0e110fd081574fe1280c106e5deb6b19dc49ed9af5b43be6c815db
raw/pilot_100_fallback_20260801T180205Z/timing/baseline/warmup/chr22_100_guide_004/metrics.tsv	294	8e2124c55f9373046d3cac98498967a41205971b3d1327503cbb1954ee3a348d
raw/pilot_100_fallback_20260801T180205Z/timing/baseline/warmup/chr22_100_guide_004/output.paf	103	691ce0260ac4ff8426decb079b6ec2efdf4680b3abaced64e9143840bccb9552
raw/pilot_100_fallback_20260801T180205Z/timing/baseline/warmup/chr22_100_guide_004/stderr.txt	0	e3b0c44298fc1c149afbf4c8996fb92427ae41e4649b934ca495991b7852b855
raw/pilot_100_fallback_20260801T180205Z/timing/baseline/warmup/chr22_100_guide_005/command.txt	294	10f8da586140feed8c277b6f2a88768b7554073e8f93d8d096f42428a3b8f22c
raw/pilot_100_fallback_20260801T180205Z/timing/baseline/warmup/chr22_100_guide_005/metrics.tsv	294	a2eba4ac77280edcde4bad18084b898c78aa64d3a3837e0911a94cfb0b40a334
raw/pilot_100_fallback_20260801T180205Z/timing/baseline/warmup/chr22_100_guide_005/output.paf	105	d47f48944044bdd8d7b7148bc7fb286471ae8603baf0ef44a0d613b5748e28a9
raw/pilot_100_fallback_20260801T180205Z/timing/baseline/warmup/chr22_100_guide_005/stderr.txt	0	e3b0c44298fc1c149afbf4c8996fb92427ae41e4649b934ca495991b7852b855
raw/pilot_100_fallback_20260801T180205Z/timing/baseline/warmup/chr22_100_guide_006/command.txt	294	da4c9f00cf2ae8210a9cde92e24246052d2cd69473d23fd11b655dbc72d291c1
raw/pilot_100_fallback_20260801T180205Z/timing/baseline/warmup/chr22_100_guide_006/metrics.tsv	294	9b7fd918888714e6ca089cacdffc31279c63df2ef6efba4817e0a64ad4761b23
raw/pilot_100_fallback_20260801T180205Z/timing/baseline/warmup/chr22_100_guide_006/output.paf	412	381669eac105895c77936e91601bef5a44b194dce1468388fa6bc22b65e83aab
raw/pilot_100_fallback_20260801T180205Z/timing/baseline/warmup/chr22_100_guide_006/stderr.txt	0	e3b0c44298fc1c149afbf4c8996fb92427ae41e4649b934ca495991b7852b855
raw/pilot_100_fallback_20260801T180205Z/timing/baseline/warmup/chr22_100_guide_007/command.txt	294	50bacb1be8cccd5fb275b2fd3907ca0a162e120704b1105e5cea0fb01801a84e
raw/pilot_100_fallback_20260801T180205Z/timing/baseline/warmup/chr22_100_guide_007/metrics.tsv	297	f1c96520b7887281abea5a53101716bd04f0fecca813247076a9ee3cd9901159
raw/pilot_100_fallback_20260801T180205Z/timing/baseline/warmup/chr22_100_guide_007/output.paf	3991	8c79c9f74d621ca368e7a5010df949e191f9383e93c08a0d7059b905cc0ffda7
raw/pilot_100_fallback_20260801T180205Z/timing/baseline/warmup/chr22_100_guide_007/stderr.txt	900	2814a80526a6afc7f5c3e0f343a8afda41ae9af94298eccefb5974a61c27896f
raw/pilot_100_fallback_20260801T180205Z/timing/baseline/warmup/chr22_100_guide_008/command.txt	294	990c97030b662290e1a7bcbbd8a01b13fcf1e9e211333ac82e77265d1c0d586a
raw/pilot_100_fallback_20260801T180205Z/timing/baseline/warmup/chr22_100_guide_008/metrics.tsv	298	ea5b5034c1cad15d87cd4214d3f9a87dc32ced653ea7635213a7971b11dbcfb9
raw/pilot_100_fallback_20260801T180205Z/timing/baseline/warmup/chr22_100_guide_008/output.paf	6656	1c8845363d90825b8ae340946833959933ab6ef5fb8cc51a58e5c318ecbda056
raw/pilot_100_fallback_20260801T180205Z/timing/baseline/warmup/chr22_100_guide_008/stderr.txt	1125	b2b32f17633bad48f0d63dd8593879a3898a801f59345a837879f804a8b0a9ca
raw/pilot_100_fallback_20260801T180205Z/timing/baseline/warmup/chr22_100_guide_009/command.txt	294	dbcdedea81db32ffe0c482683a1cf1ebe0a18450b1a4b6df67a28c809836af63
raw/pilot_100_fallback_20260801T180205Z/timing/baseline/warmup/chr22_100_guide_009/metrics.tsv	294	6c4d9bfd0c54580f0a3f523b49374e0565ec4cffa75e10b4467010c8c0166d51
raw/pilot_100_fallback_20260801T180205Z/timing/baseline/warmup/chr22_100_guide_009/output.paf	212	7ff435e8f2284b0e1155c1c41e547855555c50593735221aa581ff02bbcfd922
raw/pilot_100_fallback_20260801T180205Z/timing/baseline/warmup/chr22_100_guide_009/stderr.txt	0	e3b0c44298fc1c149afbf4c8996fb92427ae41e4649b934ca495991b7852b855
raw/pilot_100_fallback_20260801T180205Z/timing/baseline/warmup/chr22_100_guide_010/command.txt	294	775cbae53afa8ac6f8024c69b63e0a20bd81081a254b7d49ccd876f2ed37fa0a
raw/pilot_100_fallback_20260801T180205Z/timing/baseline/warmup/chr22_100_guide_010/metrics.tsv	296	fee0ee187d200f68f64aa507473b0a00abb8a1bb9b9bafe00dbdbe19b7ca95be
raw/pilot_100_fallback_20260801T180205Z/timing/baseline/warmup/chr22_100_guide_010/output.paf	1947	2e0e36bd1d8a9d315885d8afb4d6ebec9f6f8c904301628cc99bd5dcc6773ffb
raw/pilot_100_fallback_20260801T180205Z/timing/baseline/warmup/chr22_100_guide_010/stderr.txt	45	ecd997460eff8b19bac120208f47edd7be53e3371027aaa35d95fa07a5e79089
raw/pilot_100_fallback_20260801T180205Z/timing/baseline/warmup/chr22_100_guide_011/command.txt	294	ec041b197d026e7d0bfc7de4d6a1c5a24911bbfde28c846ecb9b75eddfde862f
raw/pilot_100_fallback_20260801T180205Z/timing/baseline/warmup/chr22_100_guide_011/metrics.tsv	294	32483a62317318f7647ab9e4447decb6555abbd85e2e3eb0d37e6b47918ec4b0
raw/pilot_100_fallback_20260801T180205Z/timing/baseline/warmup/chr22_100_guide_011/output.paf	103	951a40369bd86d0839b2d2addecaf6b337cdc3fa4cf552c0d5fd78bef17d3892
raw/pilot_100_fallback_20260801T180205Z/timing/baseline/warmup/chr22_100_guide_011/stderr.txt	0	e3b0c44298fc1c149afbf4c8996fb92427ae41e4649b934ca495991b7852b855
raw/pilot_100_fallback_20260801T180205Z/timing/baseline/warmup/chr22_100_guide_012/command.txt	294	420ea662a1300c0b5690e25414c38b15201576f1edb27f75eba8b717e371b61a
raw/pilot_100_fallback_20260801T180205Z/timing/baseline/warmup/chr22_100_guide_012/metrics.tsv	294	9a88ea87ca0650821f157cbe19cb8fe546017fe75a243117263c2407f393e47b
raw/pilot_100_fallback_20260801T180205Z/timing/baseline/warmup/chr22_100_guide_012/output.paf	412	f693a92e20748272242c1d8d3a1b90c09e045d71ee219e8daf561a07fcf1b3bf
raw/pilot_100_fallback_20260801T180205Z/timing/baseline/warmup/chr22_100_guide_012/stderr.txt	0	e3b0c44298fc1c149afbf4c8996fb92427ae41e4649b934ca495991b7852b855
raw/pilot_100_fallback_20260801T180205Z/timing/baseline/warmup/chr22_100_guide_013/command.txt	294	a53d6c4cc926c5b12c0bafdf8996ca88a6d2aa0f2edd009af0ded8d7457f93e1
raw/pilot_100_fallback_20260801T180205Z/timing/baseline/warmup/chr22_100_guide_013/metrics.tsv	294	b10011259713efb001fd7815fdfbf307d4b77c98dc9701d5a1c03687a90d370a
raw/pilot_100_fallback_20260801T180205Z/timing/baseline/warmup/chr22_100_guide_013/output.paf	103	d0e1f61006a51712a6e3a7a08a2d9ed9a2e486bf46c47b49e89668b53f2efe69
raw/pilot_100_fallback_20260801T180205Z/timing/baseline/warmup/chr22_100_guide_013/stderr.txt	0	e3b0c44298fc1c149afbf4c8996fb92427ae41e4649b934ca495991b7852b855
raw/pilot_100_fallback_20260801T180205Z/timing/baseline/warmup/chr22_100_guide_014/command.txt	294	c336111c8cddaf21632f527a2078333161c4d19600340dd8d79d4e64570bc3d3
raw/pilot_100_fallback_20260801T180205Z/timing/baseline/warmup/chr22_100_guide_014/metrics.tsv	295	c2e019e6508db5417ac2a12c9ab978a1f0971ec628d022736d3e04177df137f6
raw/pilot_100_fallback_20260801T180205Z/timing/baseline/warmup/chr22_100_guide_014/output.paf	729	607b674d30dff3c1c42e35e27d5265deb647245de700280723da5cee2be1949d
raw/pilot_100_fallback_20260801T180205Z/timing/baseline/warmup/chr22_100_guide_014/stderr.txt	45	ecd997460eff8b19bac120208f47edd7be53e3371027aaa35d95fa07a5e79089
raw/pilot_100_fallback_20260801T180205Z/timing/baseline/warmup/chr22_100_guide_015/command.txt	294	2ba66460feb1353de7c3c892d2a8be654ee94e229875f5698a19b4ccba569ccf
raw/pilot_100_fallback_20260801T180205Z/timing/baseline/warmup/chr22_100_guide_015/metrics.tsv	296	31dc5ad89b33e0677c166da173af999aa039317527e3fa179a45b491dd47bcf3
raw/pilot_100_fallback_20260801T180205Z/timing/baseline/warmup/chr22_100_guide_015/output.paf	788	1b77bf4d550c500a8ee0cb43d470d52c1e427554d2029a6ae46073763e13b472
raw/pilot_100_fallback_20260801T180205Z/timing/baseline/warmup/chr22_100_guide_015/stderr.txt	225	2a9b3581cbbd9e5fa2548c708ad7a124377988e8d910e9dfb15410b25f9166bf
raw/pilot_100_fallback_20260801T180205Z/timing/baseline/warmup/chr22_100_guide_016/command.txt	294	772aa79533fe3ecf996278cb78f0e3113e326f03ff77efde067149452bf2697e
raw/pilot_100_fallback_20260801T180205Z/timing/baseline/warmup/chr22_100_guide_016/metrics.tsv	294	f18977271daf6500b5e88a780ad1ddf1a2cded40a11c10f4e3fae97ed0b9965f
raw/pilot_100_fallback_20260801T180205Z/timing/baseline/warmup/chr22_100_guide_016/output.paf	103	664ca84d364b11b722ac1aa282d988cb26faa580c3801fc71e980d0a2785483d
raw/pilot_100_fallback_20260801T180205Z/timing/baseline/warmup/chr22_100_guide_016/stderr.txt	0	e3b0c44298fc1c149afbf4c8996fb92427ae41e4649b934ca495991b7852b855
raw/pilot_100_fallback_20260801T180205Z/timing/baseline/warmup/chr22_100_guide_017/command.txt	294	560d26f3fbe6f983e5e2e97c9d4dfb027d56903041b663659c9ba5e5ae781721
raw/pilot_100_fallback_20260801T180205Z/timing/baseline/warmup/chr22_100_guide_017/metrics.tsv	297	e1656845c0871d86af5126b02c45aba3f6bdbfdeb315d574aa93a26511c66af4
raw/pilot_100_fallback_20260801T180205Z/timing/baseline/warmup/chr22_100_guide_017/output.paf	4200	c9640921a1633a31fff3009d84cb604e813785e475e180493b5008eddd5cf4a5
raw/pilot_100_fallback_20260801T180205Z/timing/baseline/warmup/chr22_100_guide_017/stderr.txt	855	ee9d5e55ce77a86f64a05cf8cba4484606ca247314b3cb2b53d7d60b1519c5b6
raw/pilot_100_fallback_20260801T180205Z/timing/baseline/warmup/chr22_100_guide_018/command.txt	294	7224fb43ee5448eed9c09401b0cfe7f69ed6562835a4a83b10d1eee2ef974587
raw/pilot_100_fallback_20260801T180205Z/timing/baseline/warmup/chr22_100_guide_018/metrics.tsv	294	f3af5503f41bc66d7e06be9bf196f0629b89b14dcff57bffd465930b688c466c
raw/pilot_100_fallback_20260801T180205Z/timing/baseline/warmup/chr22_100_guide_018/output.paf	210	a14c7617088d038a70adbf1f43853e09c8728d9eb8b692f6bebaeecda9d2bbf8
raw/pilot_100_fallback_20260801T180205Z/timing/baseline/warmup/chr22_100_guide_018/stderr.txt	0	e3b0c44298fc1c149afbf4c8996fb92427ae41e4649b934ca495991b7852b855
raw/pilot_100_fallback_20260801T180205Z/timing/baseline/warmup/chr22_100_guide_019/command.txt	294	d79a2819a01f5b1e3d736eb0ef4ca2c8a03bcf123aab1ad7520ce46df58f9a3b
raw/pilot_100_fallback_20260801T180205Z/timing/baseline/warmup/chr22_100_guide_019/metrics.tsv	294	997c58b1d2f23cd68763f10e80923a358f8bf2d348db53f71053e84027db973e
raw/pilot_100_fallback_20260801T180205Z/timing/baseline/warmup/chr22_100_guide_019/output.paf	103	6cdd7ce54810d5bc4f6f9e343cba7e89b5868d4aa230081223fa53049a31ac4f
raw/pilot_100_fallback_20260801T180205Z/timing/baseline/warmup/chr22_100_guide_019/stderr.txt	0	e3b0c44298fc1c149afbf4c8996fb92427ae41e4649b934ca495991b7852b855
raw/pilot_100_fallback_20260801T180205Z/timing/baseline/warmup/chr22_100_guide_020/command.txt	294	f055e8030933a8a94f51fe93c7d86f02aae3be0d3de3ecbfd2b1e089c76053a5
raw/pilot_100_fallback_20260801T180205Z/timing/baseline/warmup/chr22_100_guide_020/metrics.tsv	294	051ed0527a3c486cd15ede731db3420e01f18d1506e6e71e3d40598269b844d9
raw/pilot_100_fallback_20260801T180205Z/timing/baseline/warmup/chr22_100_guide_020/output.paf	105	444ff3228a137a38f7153b4f242a69cfa59f508d73251c41aa4006df73b202e7
raw/pilot_100_fallback_20260801T180205Z/timing/baseline/warmup/chr22_100_guide_020/stderr.txt	0	e3b0c44298fc1c149afbf4c8996fb92427ae41e4649b934ca495991b7852b855
raw/pilot_100_fallback_20260801T180205Z/timing/baseline/warmup/chr22_100_guide_021/command.txt	294	1b99a1d88f928662479e892a24368bd4df24e6c2c997e2acd21eb46e98dd1ed2
raw/pilot_100_fallback_20260801T180205Z/timing/baseline/warmup/chr22_100_guide_021/metrics.tsv	294	36b7a519b036a0b0e5855ef1622cab9e4c6abd7f2db4dfb7358db6a7669d914e
raw/pilot_100_fallback_20260801T180205Z/timing/baseline/warmup/chr22_100_guide_021/output.paf	105	70d3142b6438b2233c1a63a2ac833233a13a2d75bf75339f1fccaff2fa81b453
raw/pilot_100_fallback_20260801T180205Z/timing/baseline/warmup/chr22_100_guide_021/stderr.txt	0	e3b0c44298fc1c149afbf4c8996fb92427ae41e4649b934ca495991b7852b855
raw/pilot_100_fallback_20260801T180205Z/timing/baseline/warmup/chr22_100_guide_022/command.txt	294	4285fa805efca82eb86f2589f00efae555afb18d8e32d9244bbb3f82edd26010
raw/pilot_100_fallback_20260801T180205Z/timing/baseline/warmup/chr22_100_guide_022/metrics.tsv	294	8c7c9ccccc22d8ca850a04c5e53ae8fd9b2740e3ce85aad063da573a81f61710
raw/pilot_100_fallback_20260801T180205Z/timing/baseline/warmup/chr22_100_guide_022/output.paf	107	204889acb01cc5647d5755c52d4e664bc0f1e42e49862ffb2ae2cf1585ad7b50
raw/pilot_100_fallback_20260801T180205Z/timing/baseline/warmup/chr22_100_guide_022/stderr.txt	0	e3b0c44298fc1c149afbf4c8996fb92427ae41e4649b934ca495991b7852b855
raw/pilot_100_fallback_20260801T180205Z/timing/baseline/warmup/chr22_100_guide_023/command.txt	294	63d6a7b11233a7ab538ffa794d65e01e0631cdd731ad38f8371bcb967e27f683
raw/pilot_100_fallback_20260801T180205Z/timing/baseline/warmup/chr22_100_guide_023/metrics.tsv	299	5aca59fa09429931c474262d29dc3959c1904366ea138695d69f0d909253c619
raw/pilot_100_fallback_20260801T180205Z/timing/baseline/warmup/chr22_100_guide_023/output.paf	15269	8066a5e39caf78bf0cac01aa1dc91a6d1211b5892fc5875490679eb24872a81f
raw/pilot_100_fallback_20260801T180205Z/timing/baseline/warmup/chr22_100_guide_023/stderr.txt	3600	fba7e1444d1935a3ecae72a339d215d7e66c93737ae3105ef796647230a4c72b
raw/pilot_100_fallback_20260801T180205Z/timing/baseline/warmup/chr22_100_guide_024/command.txt	294	8631ab0aed677726dc3a51cc3ad1be797493d081b6ca20945ea5f78a3e7711f9
raw/pilot_100_fallback_20260801T180205Z/timing/baseline/warmup/chr22_100_guide_024/metrics.tsv	294	526e884701cc0648c92490988319ecf2ba3fb099f91828c6b2f18030d54b656b
raw/pilot_100_fallback_20260801T180205Z/timing/baseline/warmup/chr22_100_guide_024/output.paf	105	d7464b7872231b66a5d5e8b9529462954e8dbe3c50718817fdfc12087ef94681
raw/pilot_100_fallback_20260801T180205Z/timing/baseline/warmup/chr22_100_guide_024/stderr.txt	0	e3b0c44298fc1c149afbf4c8996fb92427ae41e4649b934ca495991b7852b855
raw/pilot_100_fallback_20260801T180205Z/timing/baseline/warmup/chr22_100_guide_025/command.txt	294	7b0b4de8d6f2c517bc1e01da67429cedd929931816cdfc7e0bf2bf93b6572bd2
raw/pilot_100_fallback_20260801T180205Z/timing/baseline/warmup/chr22_100_guide_025/metrics.tsv	299	c106bc5858a88d848ce3ed1c7e8faee93f698905c044ad933f9c5780c788eac1
raw/pilot_100_fallback_20260801T180205Z/timing/baseline/warmup/chr22_100_guide_025/output.paf	13345	a050c3614088d28140b98bc93b85cdcf774ad1cb450ab6c11993017d3c082c37
raw/pilot_100_fallback_20260801T180205Z/timing/baseline/warmup/chr22_100_guide_025/stderr.txt	3645	656c6c43708a37c613083b28d786b8a8e5c7c93a0f56ff02845bf632613ef7b4
raw/pilot_100_fallback_20260801T180205Z/timing/baseline/warmup/chr22_100_guide_026/command.txt	294	c7f0d462d248899e23df6fd43ec68ada7f65c48a3298690ffc9118cf36fc1331
raw/pilot_100_fallback_20260801T180205Z/timing/baseline/warmup/chr22_100_guide_026/metrics.tsv	294	b94a84a179623aa58a804eee4866de405971e7691dbd8740bb655c0c0e5cc1a7
raw/pilot_100_fallback_20260801T180205Z/timing/baseline/warmup/chr22_100_guide_026/output.paf	636	13bb7b2015f62e0900a83bc402db697daa2b20bda1089aa791553c2cb857d593
raw/pilot_100_fallback_20260801T180205Z/timing/baseline/warmup/chr22_100_guide_026/stderr.txt	0	e3b0c44298fc1c149afbf4c8996fb92427ae41e4649b934ca495991b7852b855
raw/pilot_100_fallback_20260801T180205Z/timing/baseline/warmup/chr22_100_guide_027/command.txt	294	fc0fe2595ff80174e466570c8e55bf44154e4f4fa45fc440c59a1eae579f72e9
raw/pilot_100_fallback_20260801T180205Z/timing/baseline/warmup/chr22_100_guide_027/metrics.tsv	294	1110508d6b03089956557757a28b0271de2ab54041bd29b4e0c4d21552ad1ea7
raw/pilot_100_fallback_20260801T180205Z/timing/baseline/warmup/chr22_100_guide_027/output.paf	210	a7610eb051e87a34826545d10fcf8102943e8611a97a657a33ec94ff2afe4c13
raw/pilot_100_fallback_20260801T180205Z/timing/baseline/warmup/chr22_100_guide_027/stderr.txt	0	e3b0c44298fc1c149afbf4c8996fb92427ae41e4649b934ca495991b7852b855
raw/pilot_100_fallback_20260801T180205Z/timing/baseline/warmup/chr22_100_guide_028/command.txt	294	08c1c652402d4ee24dbd48a6355edb06e1ad4c550877027a6f5e1cb5174e57c0
raw/pilot_100_fallback_20260801T180205Z/timing/baseline/warmup/chr22_100_guide_028/metrics.tsv	295	30aeedb612e9a491083995be1e9d87eaa76395e92da01a1be1a02cd78eae8e8d
raw/pilot_100_fallback_20260801T180205Z/timing/baseline/warmup/chr22_100_guide_028/output.paf	6200	9838a748f83250618473227cbc2b798e921118551a385e778337b49637186fe3
raw/pilot_100_fallback_20260801T180205Z/timing/baseline/warmup/chr22_100_guide_028/stderr.txt	0	e3b0c44298fc1c149afbf4c8996fb92427ae41e4649b934ca495991b7852b855
raw/pilot_100_fallback_20260801T180205Z/timing/baseline/warmup/chr22_100_guide_029/command.txt	294	05130b2eec9d98a308a30d7a08930031980697335a95bd49519e7923500fc839
raw/pilot_100_fallback_20260801T180205Z/timing/baseline/warmup/chr22_100_guide_029/metrics.tsv	295	a900d527fcc5bad56434eb6b98839cee77b8f409e8be5a60be9726a4439b7066
raw/pilot_100_fallback_20260801T180205Z/timing/baseline/warmup/chr22_100_guide_029/output.paf	5760	fec4266348f400a636b679dea725f0c74e62ee984b07daae005cd78179aa0b16
raw/pilot_100_fallback_20260801T180205Z/timing/baseline/warmup/chr22_100_guide_029/stderr.txt	0	e3b0c44298fc1c149afbf4c8996fb92427ae41e4649b934ca495991b7852b855
raw/pilot_100_fallback_20260801T180205Z/timing/baseline/warmup/chr22_100_guide_030/command.txt	294	d6046b1f1c7e415fb6d9e3e8f220865d80365432877a885096bd13802f644357
raw/pilot_100_fallback_20260801T180205Z/timing/baseline/warmup/chr22_100_guide_030/metrics.tsv	299	90e811fc25f840d35b9052771ff3f23378f1263577121990126cee09ec5cc31f
raw/pilot_100_fallback_20260801T180205Z/timing/baseline/warmup/chr22_100_guide_030/output.paf	213056	d51a56eb32a0157988459abda9c4570ce1ce48f6ffbe6adebc65814d4d685584
raw/pilot_100_fallback_20260801T180205Z/timing/baseline/warmup/chr22_100_guide_030/stderr.txt	405	767251ea2186789fd1cd90132d747be89a52555ee68e421329b153d9f9a77322
raw/pilot_100_fallback_20260801T180205Z/timing/baseline/warmup/chr22_100_guide_031/command.txt	294	693eef8f580bad29fb90062031f52fdbc5d8f96c35819db5ecc8917ec4573712
raw/pilot_100_fallback_20260801T180205Z/timing/baseline/warmup/chr22_100_guide_031/metrics.tsv	294	f9ab6959d43f5cd132003fcac53095dc4fb3a8f24138a395f8180cc5378afb88
raw/pilot_100_fallback_20260801T180205Z/timing/baseline/warmup/chr22_100_guide_031/output.paf	105	bcce8596509aa2be4a7f3566961162e72e4443c46ea7cf8fc2c5ffb6cee2780a
raw/pilot_100_fallback_20260801T180205Z/timing/baseline/warmup/chr22_100_guide_031/stderr.txt	0	e3b0c44298fc1c149afbf4c8996fb92427ae41e4649b934ca495991b7852b855
raw/pilot_100_fallback_20260801T180205Z/timing/baseline/warmup/chr22_100_guide_032/command.txt	294	47d4184cede278f2290d530bc61ecebccc01b3d77cf7e8b23f0e34e7358ebac8
raw/pilot_100_fallback_20260801T180205Z/timing/baseline/warmup/chr22_100_guide_032/metrics.tsv	294	848d3eb0ed0c01140d151c75f3478591e0ee79fba08bcd67b52c20b97dd46bb2
raw/pilot_100_fallback_20260801T180205Z/timing/baseline/warmup/chr22_100_guide_032/output.paf	105	c25a6440be62186e25b0f165358d0d0900b923751f80af6ee5c27f0f29a85af6
raw/pilot_100_fallback_20260801T180205Z/timing/baseline/warmup/chr22_100_guide_032/stderr.txt	0	e3b0c44298fc1c149afbf4c8996fb92427ae41e4649b934ca495991b7852b855
raw/pilot_100_fallback_20260801T180205Z/timing/baseline/warmup/chr22_100_guide_033/command.txt	294	5ddaed3d9b48f38be66cc73ef4c3afc99c493c2620945cc3479410a0e6d067bd
raw/pilot_100_fallback_20260801T180205Z/timing/baseline/warmup/chr22_100_guide_033/metrics.tsv	294	301bd40266961b249a35dedfb70ed54652a844a7504dcf147e7f7bc61bb0846b
raw/pilot_100_fallback_20260801T180205Z/timing/baseline/warmup/chr22_100_guide_033/output.paf	105	0effc63d85fa97f691908ce0321ab857ae6f08fabd2480f35c83ff81e76c9f0e
raw/pilot_100_fallback_20260801T180205Z/timing/baseline/warmup/chr22_100_guide_033/stderr.txt	0	e3b0c44298fc1c149afbf4c8996fb92427ae41e4649b934ca495991b7852b855
raw/pilot_100_fallback_20260801T180205Z/timing/baseline/warmup/chr22_100_guide_034/command.txt	294	629a2abc91d2077d36210614bad36c1d8f0a43a338199e280f50e4642ab300b9
raw/pilot_100_fallback_20260801T180205Z/timing/baseline/warmup/chr22_100_guide_034/metrics.tsv	294	7b5accd5460ae3faa449d6a06b3916f912c9aa2e68947eedef1e0762ad784c29
raw/pilot_100_fallback_20260801T180205Z/timing/baseline/warmup/chr22_100_guide_034/output.paf	105	b799f84402b88ca7eda644ce1b5b5eb56c02b09c04d62fc51c4c70dc76c6b583
raw/pilot_100_fallback_20260801T180205Z/timing/baseline/warmup/chr22_100_guide_034/stderr.txt	0	e3b0c44298fc1c149afbf4c8996fb92427ae41e4649b934ca495991b7852b855
raw/pilot_100_fallback_20260801T180205Z/timing/baseline/warmup/chr22_100_guide_035/command.txt	294	572b21fcd0bff54a92c2059e3467770044774ea934504ff0133e11516c092ca9
raw/pilot_100_fallback_20260801T180205Z/timing/baseline/warmup/chr22_100_guide_035/metrics.tsv	297	861026a7225d350c1bb69b012ee4463bc476e95729c5368782a6808c96a3153f
raw/pilot_100_fallback_20260801T180205Z/timing/baseline/warmup/chr22_100_guide_035/output.paf	1016	aeb84e7a83d7f5e43e1b08a7219b302505d104518e290226e70e560f25ec4f99
raw/pilot_100_fallback_20260801T180205Z/timing/baseline/warmup/chr22_100_guide_035/stderr.txt	135	638bd673bf5fc22f3fc8fe75f5600789d2b5d3f971a550e9446c8845c8fb98e7
raw/pilot_100_fallback_20260801T180205Z/timing/baseline/warmup/chr22_100_guide_036/command.txt	294	2c592926ffb302755c180ac923ce45607186d9f56450748963197bcf1c18379b
raw/pilot_100_fallback_20260801T180205Z/timing/baseline/warmup/chr22_100_guide_036/metrics.tsv	294	a8e8b868eab0850488a46017dcdab792fa62c5050e12775cbe922c62bfa642dc
raw/pilot_100_fallback_20260801T180205Z/timing/baseline/warmup/chr22_100_guide_036/output.paf	105	d902219eeefe3ff64202f082d0493776f51eb4ff2b0f1167c0e670f923533dc4
raw/pilot_100_fallback_20260801T180205Z/timing/baseline/warmup/chr22_100_guide_036/stderr.txt	0	e3b0c44298fc1c149afbf4c8996fb92427ae41e4649b934ca495991b7852b855
raw/pilot_100_fallback_20260801T180205Z/timing/baseline/warmup/chr22_100_guide_037/command.txt	294	d8b474a22bbf7f9aa3d8e4d2e999e0f212b5c52353748dd7d1d44f6b01374e89
raw/pilot_100_fallback_20260801T180205Z/timing/baseline/warmup/chr22_100_guide_037/metrics.tsv	294	76351d9a92d735f672131e75f4d5f77184f5f8492dff0c4e98e4d4fdeb95b972
raw/pilot_100_fallback_20260801T180205Z/timing/baseline/warmup/chr22_100_guide_037/output.paf	105	87a59470956d0b27daf38e5e39ded5e150cdea0e868b3bb38ed13ec71694f010
raw/pilot_100_fallback_20260801T180205Z/timing/baseline/warmup/chr22_100_guide_037/stderr.txt	0	e3b0c44298fc1c149afbf4c8996fb92427ae41e4649b934ca495991b7852b855
raw/pilot_100_fallback_20260801T180205Z/timing/baseline/warmup/chr22_100_guide_038/command.txt	294	80a23b51b3e84bb31bae7ad637147e3fa61a8f18ce53f43c72038a7ceeed3315
raw/pilot_100_fallback_20260801T180205Z/timing/baseline/warmup/chr22_100_guide_038/metrics.tsv	294	acf4f1a431d03c76208fde33786a6f94caab4b20c7ca24a3b76152f0db3952f3
raw/pilot_100_fallback_20260801T180205Z/timing/baseline/warmup/chr22_100_guide_038/output.paf	105	029b4bae64ebbe3decac5715b992bb89ceb0731276cd7cd8566eaca4250537b4
raw/pilot_100_fallback_20260801T180205Z/timing/baseline/warmup/chr22_100_guide_038/stderr.txt	0	e3b0c44298fc1c149afbf4c8996fb92427ae41e4649b934ca495991b7852b855
raw/pilot_100_fallback_20260801T180205Z/timing/baseline/warmup/chr22_100_guide_039/command.txt	294	cb08dfa9ac88aac8e5d6f416396c0186e2b33573f415621294d49bdf2452f448
raw/pilot_100_fallback_20260801T180205Z/timing/baseline/warmup/chr22_100_guide_039/metrics.tsv	294	1fc6aeab6a8f7f1357c1967d87966d3b3027886224aaed3af59ee3951f36be83
raw/pilot_100_fallback_20260801T180205Z/timing/baseline/warmup/chr22_100_guide_039/output.paf	105	a699d8af011bf9deb858b41d0fae396d8cff7641f7f0fffbf757531340e4d266
raw/pilot_100_fallback_20260801T180205Z/timing/baseline/warmup/chr22_100_guide_039/stderr.txt	0	e3b0c44298fc1c149afbf4c8996fb92427ae41e4649b934ca495991b7852b855
raw/pilot_100_fallback_20260801T180205Z/timing/baseline/warmup/chr22_100_guide_040/command.txt	294	8adf270701d91cfab61c6ffeffbd1480bbb4e72e5b9f5bd31de375a415cedcf2
raw/pilot_100_fallback_20260801T180205Z/timing/baseline/warmup/chr22_100_guide_040/metrics.tsv	294	ee67bd7140d771d55bb0627089ed6b7505f44605a41da51503f26eefc023ff2b
raw/pilot_100_fallback_20260801T180205Z/timing/baseline/warmup/chr22_100_guide_040/output.paf	105	4390a33a35b7293befeadb9fa60eb9d4727d057633aeb9a93007f6581228ca97
raw/pilot_100_fallback_20260801T180205Z/timing/baseline/warmup/chr22_100_guide_040/stderr.txt	0	e3b0c44298fc1c149afbf4c8996fb92427ae41e4649b934ca495991b7852b855
raw/pilot_100_fallback_20260801T180205Z/timing/baseline/warmup/chr22_100_guide_041/command.txt	294	dfa319b20f24fe263d616fad61f55dd83574613fe1f48d57aedeee7394e941c7
raw/pilot_100_fallback_20260801T180205Z/timing/baseline/warmup/chr22_100_guide_041/metrics.tsv	294	bc0eb71e9fb2cbb73465ee969889c4e3e213a54207149376ac3c2d1c0e0991be
raw/pilot_100_fallback_20260801T180205Z/timing/baseline/warmup/chr22_100_guide_041/output.paf	105	3e8108b8109dce3b65881841a62543e3eb3ba821fff9bc76b9b5e43ac8c75d77
raw/pilot_100_fallback_20260801T180205Z/timing/baseline/warmup/chr22_100_guide_041/stderr.txt	0	e3b0c44298fc1c149afbf4c8996fb92427ae41e4649b934ca495991b7852b855
raw/pilot_100_fallback_20260801T180205Z/timing/baseline/warmup/chr22_100_guide_042/command.txt	294	96abb0313e92a07915d6f589f9263d132600ae7ee14a7e1730d434a5f0da2461
raw/pilot_100_fallback_20260801T180205Z/timing/baseline/warmup/chr22_100_guide_042/metrics.tsv	294	60d232e756bc52dd1ed7ecbca93e0f3ee1b21ee79fc617393ae9d5382ca0f16e
raw/pilot_100_fallback_20260801T180205Z/timing/baseline/warmup/chr22_100_guide_042/output.paf	105	5924fcb39f9667884df027edda8f627478be6271057a2d69844c736321e3169f
raw/pilot_100_fallback_20260801T180205Z/timing/baseline/warmup/chr22_100_guide_042/stderr.txt	0	e3b0c44298fc1c149afbf4c8996fb92427ae41e4649b934ca495991b7852b855
raw/pilot_100_fallback_20260801T180205Z/timing/baseline/warmup/chr22_100_guide_043/command.txt	294	79b5fbd3d257c76d6eebd2f1236d853ba5079718a990efa440f7559ae6363efe
raw/pilot_100_fallback_20260801T180205Z/timing/baseline/warmup/chr22_100_guide_043/metrics.tsv	295	8acb5beaacce0b1723bb3f430c9201184d2b9c54a0961050bd263820be8a5c88
raw/pilot_100_fallback_20260801T180205Z/timing/baseline/warmup/chr22_100_guide_043/output.paf	198	0750254d4598a1695dbaade1146e921cf6dab58c8fc5ab334e4e36f882246f3f
raw/pilot_100_fallback_20260801T180205Z/timing/baseline/warmup/chr22_100_guide_043/stderr.txt	45	ecd997460eff8b19bac120208f47edd7be53e3371027aaa35d95fa07a5e79089
raw/pilot_100_fallback_20260801T180205Z/timing/baseline/warmup/chr22_100_guide_044/command.txt	294	9d16446bad9e09137e77ea340ecb55bdbe49974144a814fdf982b8440a122ba6
raw/pilot_100_fallback_20260801T180205Z/timing/baseline/warmup/chr22_100_guide_044/metrics.tsv	295	207aaedeeaef1abb8c23e17c001a87dd46450be4344cc8b94cd56b2c78cdd2c0
raw/pilot_100_fallback_20260801T180205Z/timing/baseline/warmup/chr22_100_guide_044/output.paf	198	fa914a29da8996379fd30ef387eefd7cdc6893880f37a6f45eeedb5b45c937c8
raw/pilot_100_fallback_20260801T180205Z/timing/baseline/warmup/chr22_100_guide_044/stderr.txt	45	ecd997460eff8b19bac120208f47edd7be53e3371027aaa35d95fa07a5e79089
raw/pilot_100_fallback_20260801T180205Z/timing/baseline/warmup/chr22_100_guide_045/command.txt	294	932faf327a6de7d385c77cb1b86027f1573e252b4e7eec329f051c064d5a7a77
raw/pilot_100_fallback_20260801T180205Z/timing/baseline/warmup/chr22_100_guide_045/metrics.tsv	294	1eafc2f17ab59f0213dc2e2269222964aad36a4ecbabee17845ef2afae9a033e
raw/pilot_100_fallback_20260801T180205Z/timing/baseline/warmup/chr22_100_guide_045/output.paf	105	7e528a989c31c40be279492b74efb2b32bbafcb76168ffa5ecf4da003dd2852c
raw/pilot_100_fallback_20260801T180205Z/timing/baseline/warmup/chr22_100_guide_045/stderr.txt	0	e3b0c44298fc1c149afbf4c8996fb92427ae41e4649b934ca495991b7852b855
raw/pilot_100_fallback_20260801T180205Z/timing/baseline/warmup/chr22_100_guide_046/command.txt	294	ea098a871cf5ed68b609f46d3161f13220dee86f9cc95545e1bf9e385864bdb3
raw/pilot_100_fallback_20260801T180205Z/timing/baseline/warmup/chr22_100_guide_046/metrics.tsv	294	5b49eff33e64f0392360784f62ea06db29d144a90748373797924fe8d779fae1
raw/pilot_100_fallback_20260801T180205Z/timing/baseline/warmup/chr22_100_guide_046/output.paf	105	714554ca8eac6dff9bf1ea7bcd982ded36f466eaa79bea00a33e12ff4252393b
raw/pilot_100_fallback_20260801T180205Z/timing/baseline/warmup/chr22_100_guide_046/stderr.txt	0	e3b0c44298fc1c149afbf4c8996fb92427ae41e4649b934ca495991b7852b855
raw/pilot_100_fallback_20260801T180205Z/timing/baseline/warmup/chr22_100_guide_047/command.txt	294	7f042f8c22ac9ba4c167b067862850a1e643200b89de78911b9c63d93b6025b3
raw/pilot_100_fallback_20260801T180205Z/timing/baseline/warmup/chr22_100_guide_047/metrics.tsv	294	b1a26a5d1fac42d44b24eb35d0c036884f44fc60b1a996608be38dce811d4027
raw/pilot_100_fallback_20260801T180205Z/timing/baseline/warmup/chr22_100_guide_047/output.paf	105	ca51411298336dbdfe2d1022ed02e74028dfbcd2e0e397a8224fce4f6017af72
raw/pilot_100_fallback_20260801T180205Z/timing/baseline/warmup/chr22_100_guide_047/stderr.txt	0	e3b0c44298fc1c149afbf4c8996fb92427ae41e4649b934ca495991b7852b855
raw/pilot_100_fallback_20260801T180205Z/timing/baseline/warmup/chr22_100_guide_048/command.txt	294	6d63528c93696e50dd61c6886e11222dafb75a07e913a10177318d640f392864
raw/pilot_100_fallback_20260801T180205Z/timing/baseline/warmup/chr22_100_guide_048/metrics.tsv	294	2a7278b5ae7dedd3c2fcde3bb476c42aed9962f67a12f3747617fed3a508ff9a
raw/pilot_100_fallback_20260801T180205Z/timing/baseline/warmup/chr22_100_guide_048/output.paf	105	bc3b9f3f86cc8bbd34d0a114947da783ee284f28a9a17754f8b3028fd08951a9
raw/pilot_100_fallback_20260801T180205Z/timing/baseline/warmup/chr22_100_guide_048/stderr.txt	0	e3b0c44298fc1c149afbf4c8996fb92427ae41e4649b934ca495991b7852b855
raw/pilot_100_fallback_20260801T180205Z/timing/baseline/warmup/chr22_100_guide_049/command.txt	294	148ef92d077d3db011fd6dc092aa9563e83ab1d80b01803a4260bf48ef8ed6af
raw/pilot_100_fallback_20260801T180205Z/timing/baseline/warmup/chr22_100_guide_049/metrics.tsv	294	eff183ace7593141977aa0d25aea9f2c7ea104ec0a5b58ac549771303bd079d5
raw/pilot_100_fallback_20260801T180205Z/timing/baseline/warmup/chr22_100_guide_049/output.paf	325	183882d3a63163e76a98ee38ccfea1b4877101dd283d80328c01c33dcd6c0e0b
raw/pilot_100_fallback_20260801T180205Z/timing/baseline/warmup/chr22_100_guide_049/stderr.txt	0	e3b0c44298fc1c149afbf4c8996fb92427ae41e4649b934ca495991b7852b855
raw/pilot_100_fallback_20260801T180205Z/timing/baseline/warmup/chr22_100_guide_050/command.txt	294	3fa44e0fa05c4187e966ff52e24077fa8f47c8c312421a8444cf5813982de82b
raw/pilot_100_fallback_20260801T180205Z/timing/baseline/warmup/chr22_100_guide_050/metrics.tsv	297	77481be1e78246c6e2da665fc7255ff51209a8dfa5acc4da663b1592eabcd91f
raw/pilot_100_fallback_20260801T180205Z/timing/baseline/warmup/chr22_100_guide_050/output.paf	1202	cdfcb6c17423e58af5af22102e71c3afe70da276a855b996d57ec0695bcf7660
raw/pilot_100_fallback_20260801T180205Z/timing/baseline/warmup/chr22_100_guide_050/stderr.txt	360	6e0a62bd0c2f08ba96ba668f896ebe3fa32339495c43eb259f7923a25e2bbb65
raw/pilot_100_fallback_20260801T180205Z/timing/baseline/warmup/chr22_100_guide_051/command.txt	294	5af4c12fa003152005a27bc15c032da62f1c61c04217ebc0e29abdd59c120dc1
raw/pilot_100_fallback_20260801T180205Z/timing/baseline/warmup/chr22_100_guide_051/metrics.tsv	294	4ccf7fe57e1378b1bfbe064d08c7f913109fe223755af9b4955f5618ef99e776
raw/pilot_100_fallback_20260801T180205Z/timing/baseline/warmup/chr22_100_guide_051/output.paf	105	14ef5eacd0519bf8d6f3f1e421b2147ce2cef2d89992ac6bc3c0c6493049fd6f
raw/pilot_100_fallback_20260801T180205Z/timing/baseline/warmup/chr22_100_guide_051/stderr.txt	0	e3b0c44298fc1c149afbf4c8996fb92427ae41e4649b934ca495991b7852b855
raw/pilot_100_fallback_20260801T180205Z/timing/baseline/warmup/chr22_100_guide_052/command.txt	294	f3fe74e34b01d9ac38dfe0024c39203f1978fffd58af917db3f61109a32aef69
raw/pilot_100_fallback_20260801T180205Z/timing/baseline/warmup/chr22_100_guide_052/metrics.tsv	294	238d5e9370888fe83a00bb9c0e8147f3d7f46061bd03073060af551e413cd175
raw/pilot_100_fallback_20260801T180205Z/timing/baseline/warmup/chr22_100_guide_052/output.paf	105	b743dcf20b0f8a4d8e1a343b97d48c58a0bc7fc4d1bb2a983a38d2078d740fcd
raw/pilot_100_fallback_20260801T180205Z/timing/baseline/warmup/chr22_100_guide_052/stderr.txt	0	e3b0c44298fc1c149afbf4c8996fb92427ae41e4649b934ca495991b7852b855
raw/pilot_100_fallback_20260801T180205Z/timing/baseline/warmup/chr22_100_guide_053/command.txt	294	8f75a8a484b54c99355f10ad0b3c21abf9131eea3ee68adaf5157d2468cede03
raw/pilot_100_fallback_20260801T180205Z/timing/baseline/warmup/chr22_100_guide_053/metrics.tsv	294	5b2e33c6f7543fc712a862b36ce9d4f47f8397e891263fa180908f5466c86ea6
raw/pilot_100_fallback_20260801T180205Z/timing/baseline/warmup/chr22_100_guide_053/output.paf	105	7f92fd7dddc708c2b3ec905f92a74e766b81d6ff9eaf13b4dc9c11ff5e96767a
raw/pilot_100_fallback_20260801T180205Z/timing/baseline/warmup/chr22_100_guide_053/stderr.txt	0	e3b0c44298fc1c149afbf4c8996fb92427ae41e4649b934ca495991b7852b855
raw/pilot_100_fallback_20260801T180205Z/timing/baseline/warmup/chr22_100_guide_054/command.txt	294	5a80b33003d5cfd769296f806eddc3e762db87ff6d4ab0f43ebfb1126a2f9768
raw/pilot_100_fallback_20260801T180205Z/timing/baseline/warmup/chr22_100_guide_054/metrics.tsv	297	853016fb251de657ab885958daba4e719e482f2b4e61c4f186a21ebc4e04eb1f
raw/pilot_100_fallback_20260801T180205Z/timing/baseline/warmup/chr22_100_guide_054/output.paf	1337	a3f996eafe8edb438a0ef9cc29ff2c9d076dd06077727963e045b33f102900cc
raw/pilot_100_fallback_20260801T180205Z/timing/baseline/warmup/chr22_100_guide_054/stderr.txt	270	6dd37d45626373f97b36828739234e64b591905fb707084ab0eaed58b1b00c27
raw/pilot_100_fallback_20260801T180205Z/timing/baseline/warmup/chr22_100_guide_055/command.txt	294	cc423a72a09ba73a6c5c3eb1f4cae213a1cd2f502d4ba36739c7ac518c948896
raw/pilot_100_fallback_20260801T180205Z/timing/baseline/warmup/chr22_100_guide_055/metrics.tsv	294	01bdd12551dae07b01207e0b1314e0a4a3dd9fcd34aad57c51818d29157b0fee
raw/pilot_100_fallback_20260801T180205Z/timing/baseline/warmup/chr22_100_guide_055/output.paf	105	a3d6cd5055990fc10a7f55f785689720f3a06133f1b0f4568f98749ce2751038
raw/pilot_100_fallback_20260801T180205Z/timing/baseline/warmup/chr22_100_guide_055/stderr.txt	0	e3b0c44298fc1c149afbf4c8996fb92427ae41e4649b934ca495991b7852b855
raw/pilot_100_fallback_20260801T180205Z/timing/baseline/warmup/chr22_100_guide_056/command.txt	294	2c1a0e09242686c40da017da57ec8d856ef9e4e4fb021b2d84b7658f4168a769
raw/pilot_100_fallback_20260801T180205Z/timing/baseline/warmup/chr22_100_guide_056/metrics.tsv	294	709f886f4324a822d7619314f393f2254f6fd906678a9d6ecf56d0c4a7561f7f
raw/pilot_100_fallback_20260801T180205Z/timing/baseline/warmup/chr22_100_guide_056/output.paf	105	4a6cdc3b90d2775c2496444fab6f836151cd422ec2c82a9bf758cde5414f2417
raw/pilot_100_fallback_20260801T180205Z/timing/baseline/warmup/chr22_100_guide_056/stderr.txt	0	e3b0c44298fc1c149afbf4c8996fb92427ae41e4649b934ca495991b7852b855
raw/pilot_100_fallback_20260801T180205Z/timing/baseline/warmup/chr22_100_guide_057/command.txt	294	4f78aff6fc9fe3c25101e8f164d927838e7bd55167275931099c5df2bc37a2b3
raw/pilot_100_fallback_20260801T180205Z/timing/baseline/warmup/chr22_100_guide_057/metrics.tsv	298	02bfae9e4c4fb55609c148e6f2da17c6ce6e71098cf571945c804bcfafcecaae
raw/pilot_100_fallback_20260801T180205Z/timing/baseline/warmup/chr22_100_guide_057/output.paf	4779	e447aa0d7123fcaedec935b3f8ed884340b0440a321c2a67fe809c7ccae27345
raw/pilot_100_fallback_20260801T180205Z/timing/baseline/warmup/chr22_100_guide_057/stderr.txt	1125	b2b32f17633bad48f0d63dd8593879a3898a801f59345a837879f804a8b0a9ca
raw/pilot_100_fallback_20260801T180205Z/timing/baseline/warmup/chr22_100_guide_058/command.txt	294	42e978afa0c20f3f75c3438381894c1d3e831b6024e1178f8413c64b3a1fa7bf
raw/pilot_100_fallback_20260801T180205Z/timing/baseline/warmup/chr22_100_guide_058/metrics.tsv	294	a30972a8246b193a7c9f833477e6f0863a3cf0e275de6f16b465336f3bcd9c06
raw/pilot_100_fallback_20260801T180205Z/timing/baseline/warmup/chr22_100_guide_058/output.paf	105	b7517a16df61180265ec10a20cb33a003c3ea568992073591f20e96d81391119
raw/pilot_100_fallback_20260801T180205Z/timing/baseline/warmup/chr22_100_guide_058/stderr.txt	0	e3b0c44298fc1c149afbf4c8996fb92427ae41e4649b934ca495991b7852b855
raw/pilot_100_fallback_20260801T180205Z/timing/baseline/warmup/chr22_100_guide_059/command.txt	294	d3ed08a4d85e49c013ef46a16a83336181bb06ba551459de75aa365054b565d4
raw/pilot_100_fallback_20260801T180205Z/timing/baseline/warmup/chr22_100_guide_059/metrics.tsv	294	318dc3e7306e1a5dd33a2f64ec9b1867599db9bd8c5e6d71a3b3eb33d39f67fb
raw/pilot_100_fallback_20260801T180205Z/timing/baseline/warmup/chr22_100_guide_059/output.paf	105	a6e8f7dbe8440152b018e778c86e594c220662576f7388bf74086116bfb557b5
raw/pilot_100_fallback_20260801T180205Z/timing/baseline/warmup/chr22_100_guide_059/stderr.txt	0	e3b0c44298fc1c149afbf4c8996fb92427ae41e4649b934ca495991b7852b855
raw/pilot_100_fallback_20260801T180205Z/timing/baseline/warmup/chr22_100_guide_060/command.txt	294	b6de0bf1b4b24fd7876c63b0d267ce2bafbe4db9f26c7b623196acd7d7f8bde3
raw/pilot_100_fallback_20260801T180205Z/timing/baseline/warmup/chr22_100_guide_060/metrics.tsv	294	06478beb39f1789eeb51a1ffcaba0398b4ceebf23586e7c827645346d1c1529b
raw/pilot_100_fallback_20260801T180205Z/timing/baseline/warmup/chr22_100_guide_060/output.paf	105	96bacc0c5f62f5ee3cb64d6560e882e64673267447e8714383a4ab744f1c99a8
raw/pilot_100_fallback_20260801T180205Z/timing/baseline/warmup/chr22_100_guide_060/stderr.txt	0	e3b0c44298fc1c149afbf4c8996fb92427ae41e4649b934ca495991b7852b855
raw/pilot_100_fallback_20260801T180205Z/timing/baseline/warmup/chr22_100_guide_061/command.txt	294	86f836e6f97e0279c74efba63336e64ebcd003b6da19c497e63e193f918a4c3a
raw/pilot_100_fallback_20260801T180205Z/timing/baseline/warmup/chr22_100_guide_061/metrics.tsv	294	78564c7fd945e0bb42da4852ef00ae46fea5ba9b7220a125cb95f2e64bbafae3
raw/pilot_100_fallback_20260801T180205Z/timing/baseline/warmup/chr22_100_guide_061/output.paf	105	9246314add68bcb309196485353ca32264aa9d97b65d40e3825659e7fa9e07c5
raw/pilot_100_fallback_20260801T180205Z/timing/baseline/warmup/chr22_100_guide_061/stderr.txt	0	e3b0c44298fc1c149afbf4c8996fb92427ae41e4649b934ca495991b7852b855
raw/pilot_100_fallback_20260801T180205Z/timing/baseline/warmup/chr22_100_guide_062/command.txt	294	cd3d0c9d843f95cbad1a96a838539555dfac1c2ce161e885552208ad0e0f5fc8
raw/pilot_100_fallback_20260801T180205Z/timing/baseline/warmup/chr22_100_guide_062/metrics.tsv	294	6dac161fad1507daf25e1a72aa5655c486e783771633dc316a89119d89990b0e
raw/pilot_100_fallback_20260801T180205Z/timing/baseline/warmup/chr22_100_guide_062/output.paf	105	4832e7aa711ccdac22496f6cb8a979eec30369c372fca1b6aba1e3edfb12e8a1
raw/pilot_100_fallback_20260801T180205Z/timing/baseline/warmup/chr22_100_guide_062/stderr.txt	0	e3b0c44298fc1c149afbf4c8996fb92427ae41e4649b934ca495991b7852b855
raw/pilot_100_fallback_20260801T180205Z/timing/baseline/warmup/chr22_100_guide_063/command.txt	294	70887f056f4e6c9a7fb8d55aebf6260ff2cacc2988834221b289083a7d8ecd39
raw/pilot_100_fallback_20260801T180205Z/timing/baseline/warmup/chr22_100_guide_063/metrics.tsv	294	8841f30704291956ad1d09c75b00406fc555016bd3b1883817ae12454e225416
raw/pilot_100_fallback_20260801T180205Z/timing/baseline/warmup/chr22_100_guide_063/output.paf	105	c4ca7ddc636638d7005d3e187756ba84185296e1c2585b41d0a7a856e2606213
raw/pilot_100_fallback_20260801T180205Z/timing/baseline/warmup/chr22_100_guide_063/stderr.txt	0	e3b0c44298fc1c149afbf4c8996fb92427ae41e4649b934ca495991b7852b855
raw/pilot_100_fallback_20260801T180205Z/timing/baseline/warmup/chr22_100_guide_064/command.txt	294	b1f39b0ebad89619ebac2bc2eb9430e92b5714779333946948e654ec71525f96
raw/pilot_100_fallback_20260801T180205Z/timing/baseline/warmup/chr22_100_guide_064/metrics.tsv	294	8622c6f0adc247fc6ac491409f3559173a45cf44a28b911f90898881a89eb1a1
raw/pilot_100_fallback_20260801T180205Z/timing/baseline/warmup/chr22_100_guide_064/output.paf	105	b38f02456f345d872287da7f74b53691b169eb255cc35d11d103c308c700d2eb
raw/pilot_100_fallback_20260801T180205Z/timing/baseline/warmup/chr22_100_guide_064/stderr.txt	0	e3b0c44298fc1c149afbf4c8996fb92427ae41e4649b934ca495991b7852b855
raw/pilot_100_fallback_20260801T180205Z/timing/baseline/warmup/chr22_100_guide_065/command.txt	294	a0eedbe5dd7aa14b950e4a84b89ccaf07cb94a3edbf045a82b33414a79711c01
raw/pilot_100_fallback_20260801T180205Z/timing/baseline/warmup/chr22_100_guide_065/metrics.tsv	294	99a0cd3d1f5d7b28526f4b1474bd963aa9d3bc30d100ea788fdb0a57a4919921
raw/pilot_100_fallback_20260801T180205Z/timing/baseline/warmup/chr22_100_guide_065/output.paf	105	4a6f7a313e251182f276be210f99075cb7bfa5275fa278d132ac27df6e713db1
raw/pilot_100_fallback_20260801T180205Z/timing/baseline/warmup/chr22_100_guide_065/stderr.txt	0	e3b0c44298fc1c149afbf4c8996fb92427ae41e4649b934ca495991b7852b855
raw/pilot_100_fallback_20260801T180205Z/timing/baseline/warmup/chr22_100_guide_066/command.txt	294	bccc118f5764efd69b1775580918aecc29aa2fa189f711f88ee05cbd88261375
raw/pilot_100_fallback_20260801T180205Z/timing/baseline/warmup/chr22_100_guide_066/metrics.tsv	294	b50d0b6510171cc4048f71cb172c7ce143f85da6559dc3284138e26be884f36e
raw/pilot_100_fallback_20260801T180205Z/timing/baseline/warmup/chr22_100_guide_066/output.paf	105	4802296ebbba9922a4ece696902be06427691049808ba406ed873a9a4a219f9c
raw/pilot_100_fallback_20260801T180205Z/timing/baseline/warmup/chr22_100_guide_066/stderr.txt	0	e3b0c44298fc1c149afbf4c8996fb92427ae41e4649b934ca495991b7852b855
raw/pilot_100_fallback_20260801T180205Z/timing/baseline/warmup/chr22_100_guide_067/command.txt	294	725e56395656f09ff7d0fce53f985a68b06a7cc2dd6a4e2922101a912c48efd4
raw/pilot_100_fallback_20260801T180205Z/timing/baseline/warmup/chr22_100_guide_067/metrics.tsv	294	b4e4a8ffa392c30d14cd238b9e5ca72c7929d442e0342b728f42e6d5af1d2b59
raw/pilot_100_fallback_20260801T180205Z/timing/baseline/warmup/chr22_100_guide_067/output.paf	105	0229a4fc79d3d37ddda05a4910899ff60fcd29aa41d3690d08b235deae1dd329
raw/pilot_100_fallback_20260801T180205Z/timing/baseline/warmup/chr22_100_guide_067/stderr.txt	0	e3b0c44298fc1c149afbf4c8996fb92427ae41e4649b934ca495991b7852b855
raw/pilot_100_fallback_20260801T180205Z/timing/baseline/warmup/chr22_100_guide_068/command.txt	294	5c3b93b11b8e6a74bde0ca874a8c3513b022608ec72102e19b764eda2894281c
raw/pilot_100_fallback_20260801T180205Z/timing/baseline/warmup/chr22_100_guide_068/metrics.tsv	294	348cf40de4e05c3f8e6d4def1a8e5c34d341c1c29edfc298fb0596f7a8cf697e
raw/pilot_100_fallback_20260801T180205Z/timing/baseline/warmup/chr22_100_guide_068/output.paf	214	d39c5b6762aa09453e14f55e106ab300ceb4955ee3d73b381937cbf2220ed042
raw/pilot_100_fallback_20260801T180205Z/timing/baseline/warmup/chr22_100_guide_068/stderr.txt	0	e3b0c44298fc1c149afbf4c8996fb92427ae41e4649b934ca495991b7852b855
raw/pilot_100_fallback_20260801T180205Z/timing/baseline/warmup/chr22_100_guide_069/command.txt	294	99de005df36445fc0cc87e0e7f648b713e285055a4d085232f2faac07be3b277
raw/pilot_100_fallback_20260801T180205Z/timing/baseline/warmup/chr22_100_guide_069/metrics.tsv	294	2aef7afc66c7d5168c82c6874065a33d8c454d358866f7424f91d1c84656a806
raw/pilot_100_fallback_20260801T180205Z/timing/baseline/warmup/chr22_100_guide_069/output.paf	107	894b1dbfd640275e381c43f266827b3b0b872a2b9928a9ade378892e79cddd91
raw/pilot_100_fallback_20260801T180205Z/timing/baseline/warmup/chr22_100_guide_069/stderr.txt	0	e3b0c44298fc1c149afbf4c8996fb92427ae41e4649b934ca495991b7852b855
raw/pilot_100_fallback_20260801T180205Z/timing/baseline/warmup/chr22_100_guide_070/command.txt	294	8219161a7733a4e4c0488d6c14034deed7894765a0f4a8af2ef1208cbed2db65
raw/pilot_100_fallback_20260801T180205Z/timing/baseline/warmup/chr22_100_guide_070/metrics.tsv	294	08754fa8821085588e7e7f28b0394c5a89f664b88fdb391190881d484b7292cd
raw/pilot_100_fallback_20260801T180205Z/timing/baseline/warmup/chr22_100_guide_070/output.paf	105	555a66e1753526673117e366fb233c844df0cfc38a64971866528e20e52f4ca2
raw/pilot_100_fallback_20260801T180205Z/timing/baseline/warmup/chr22_100_guide_070/stderr.txt	0	e3b0c44298fc1c149afbf4c8996fb92427ae41e4649b934ca495991b7852b855
raw/pilot_100_fallback_20260801T180205Z/timing/baseline/warmup/chr22_100_guide_071/command.txt	294	33e1452dc4ab7f77b5c60b48874e08912b2384e40fb648eac1ed52a2b2df65b9
raw/pilot_100_fallback_20260801T180205Z/timing/baseline/warmup/chr22_100_guide_071/metrics.tsv	294	025bfe87c50f6d9f005e7f2d97bb85b6c7c5d2c726507804ea3835749247d4d7
raw/pilot_100_fallback_20260801T180205Z/timing/baseline/warmup/chr22_100_guide_071/output.paf	105	db50066ab5215e0ab40715d3e84c765c47977eb5d92e2f74fef9a37ee0c19f96
raw/pilot_100_fallback_20260801T180205Z/timing/baseline/warmup/chr22_100_guide_071/stderr.txt	0	e3b0c44298fc1c149afbf4c8996fb92427ae41e4649b934ca495991b7852b855
raw/pilot_100_fallback_20260801T180205Z/timing/baseline/warmup/chr22_100_guide_072/command.txt	294	10e3796ef2fbb531f9c0fdf7ed8c3441643f57ef8e1269b561e32d6893dfc208
raw/pilot_100_fallback_20260801T180205Z/timing/baseline/warmup/chr22_100_guide_072/metrics.tsv	294	6d2259117e04447e5a314ff7ead703195384a2e17d8c24d39cc8acb0149bd725
raw/pilot_100_fallback_20260801T180205Z/timing/baseline/warmup/chr22_100_guide_072/output.paf	105	a7389bd954eaa7a8f7c3e448a2ff3a3f4ef011b680d833fad933fd884d099eca
raw/pilot_100_fallback_20260801T180205Z/timing/baseline/warmup/chr22_100_guide_072/stderr.txt	0	e3b0c44298fc1c149afbf4c8996fb92427ae41e4649b934ca495991b7852b855
raw/pilot_100_fallback_20260801T180205Z/timing/baseline/warmup/chr22_100_guide_073/command.txt	294	8ddf9d7e2608669e5fd6a1fd8c1335579a510d4d382c7cbc9d99592881f85fae
raw/pilot_100_fallback_20260801T180205Z/timing/baseline/warmup/chr22_100_guide_073/metrics.tsv	294	78ff421a4f38bffd92d539f9f449e47e36c5d536aae78893bcbd2e03c2534af4
raw/pilot_100_fallback_20260801T180205Z/timing/baseline/warmup/chr22_100_guide_073/output.paf	105	850390cf00e784716c531f5e64380876ff07596af289e7ba34bc096bff075ecc
raw/pilot_100_fallback_20260801T180205Z/timing/baseline/warmup/chr22_100_guide_073/stderr.txt	0	e3b0c44298fc1c149afbf4c8996fb92427ae41e4649b934ca495991b7852b855
raw/pilot_100_fallback_20260801T180205Z/timing/baseline/warmup/chr22_100_guide_074/command.txt	294	4f2ed744a868ca92e3555a96b060747acf3bae65e2aa2059d9c41153327b3875
raw/pilot_100_fallback_20260801T180205Z/timing/baseline/warmup/chr22_100_guide_074/metrics.tsv	294	21629d8eb4e8bc2013386b1148d0cbbb99c15e8edd3c0c5cadb1d2d8053e6c66
raw/pilot_100_fallback_20260801T180205Z/timing/baseline/warmup/chr22_100_guide_074/output.paf	105	1f00016106bffc2ceba39230352e1e4ef914076353527946b8890d37546c25f5
raw/pilot_100_fallback_20260801T180205Z/timing/baseline/warmup/chr22_100_guide_074/stderr.txt	0	e3b0c44298fc1c149afbf4c8996fb92427ae41e4649b934ca495991b7852b855
raw/pilot_100_fallback_20260801T180205Z/timing/baseline/warmup/chr22_100_guide_075/command.txt	294	106f54bec30a40f6f3910a52de5d5c49338a9c5165265e82644929d39c73a88e
raw/pilot_100_fallback_20260801T180205Z/timing/baseline/warmup/chr22_100_guide_075/metrics.tsv	298	9a993caaf92283efdb9aae28d58f56e44e795169cf78a19ad7cd9dcb3a7a5734
raw/pilot_100_fallback_20260801T180205Z/timing/baseline/warmup/chr22_100_guide_075/output.paf	5818	614fa5b4f485a1fa8c00df490945639ea3b852b19e198bebe4d74ffe93ad1b88
raw/pilot_100_fallback_20260801T180205Z/timing/baseline/warmup/chr22_100_guide_075/stderr.txt	1845	cae01c86d9418ff48743f603d690cbbed7cfd0a775aa61abea8fe81d849a788f
raw/pilot_100_fallback_20260801T180205Z/timing/baseline/warmup/chr22_100_guide_076/command.txt	294	8d83f8807b0ccd9da7fb4667fb7b469fc9d97e3552a7790fb3bf8ee1f800e656
raw/pilot_100_fallback_20260801T180205Z/timing/baseline/warmup/chr22_100_guide_076/metrics.tsv	295	bab57778a051800f7a2538c04be23aac533a3319a86100e8846cd1780f3a8a40
raw/pilot_100_fallback_20260801T180205Z/timing/baseline/warmup/chr22_100_guide_076/output.paf	400	b142ef637df4e3f99cba0ff326382f5ebefaebebec7f67f50ae570d3cb77d0e9
raw/pilot_100_fallback_20260801T180205Z/timing/baseline/warmup/chr22_100_guide_076/stderr.txt	90	e738f131400a5df528e34a9a74400f6996b29d28e34bef3f730ed59c9b584539
raw/pilot_100_fallback_20260801T180205Z/timing/baseline/warmup/chr22_100_guide_077/command.txt	294	34a4ac4305dad4b70d1972d75cba9cee9734695b32e7b9eed5101f6ddda4eb4d
raw/pilot_100_fallback_20260801T180205Z/timing/baseline/warmup/chr22_100_guide_077/metrics.tsv	294	f13cf63e02ca6b2864a1424dac088e5b0ec807c5c1a5127c3a5daaa383356a56
raw/pilot_100_fallback_20260801T180205Z/timing/baseline/warmup/chr22_100_guide_077/output.paf	105	e3869c3952dd0b0eb3e37141b1040c6f25b82c4e398011436f2219c75f8febe8
raw/pilot_100_fallback_20260801T180205Z/timing/baseline/warmup/chr22_100_guide_077/stderr.txt	0	e3b0c44298fc1c149afbf4c8996fb92427ae41e4649b934ca495991b7852b855
raw/pilot_100_fallback_20260801T180205Z/timing/baseline/warmup/chr22_100_guide_078/command.txt	294	faa9aba2aac1781a334c68e83706090c78953cbac5ad46232eef3388cea4039c
raw/pilot_100_fallback_20260801T180205Z/timing/baseline/warmup/chr22_100_guide_078/metrics.tsv	294	a29c49e8ce1f3c925605e8c7187eb969c11c2fa8d2fd457fe3290bca9011411c
raw/pilot_100_fallback_20260801T180205Z/timing/baseline/warmup/chr22_100_guide_078/output.paf	105	b32f95b3659bdf5efde0a545c93605a84811e1f51637e98948f88b66e0c918a9
raw/pilot_100_fallback_20260801T180205Z/timing/baseline/warmup/chr22_100_guide_078/stderr.txt	0	e3b0c44298fc1c149afbf4c8996fb92427ae41e4649b934ca495991b7852b855
raw/pilot_100_fallback_20260801T180205Z/timing/baseline/warmup/chr22_100_guide_079/command.txt	294	45b239768da0457701c80edb9be4e94b086d4979b752d49c90045db0a0cd4f14
raw/pilot_100_fallback_20260801T180205Z/timing/baseline/warmup/chr22_100_guide_079/metrics.tsv	294	8ee5e61cd619029303d09e73a681077b692056e329ab78fa26af5a90d09d8cc9
raw/pilot_100_fallback_20260801T180205Z/timing/baseline/warmup/chr22_100_guide_079/output.paf	105	3719b9c87eb26bae46571444132aecd72ec6971081ed8592128ac8081655f637
raw/pilot_100_fallback_20260801T180205Z/timing/baseline/warmup/chr22_100_guide_079/stderr.txt	0	e3b0c44298fc1c149afbf4c8996fb92427ae41e4649b934ca495991b7852b855
raw/pilot_100_fallback_20260801T180205Z/timing/baseline/warmup/chr22_100_guide_080/command.txt	294	d49e476f53b0190d2dbd332662213cd0421dff8a329bee086cf07e15d7f97704
raw/pilot_100_fallback_20260801T180205Z/timing/baseline/warmup/chr22_100_guide_080/metrics.tsv	294	659e136bec2d1216e05dbcc1b7d62acef8533a1fd798c0d34d8ef162c9bab8b8
raw/pilot_100_fallback_20260801T180205Z/timing/baseline/warmup/chr22_100_guide_080/output.paf	105	5c9d989f365df1d424483a28cbc77093b089ff7ebee8cd46972f309ff0b6db17
raw/pilot_100_fallback_20260801T180205Z/timing/baseline/warmup/chr22_100_guide_080/stderr.txt	0	e3b0c44298fc1c149afbf4c8996fb92427ae41e4649b934ca495991b7852b855
raw/pilot_100_fallback_20260801T180205Z/timing/baseline/warmup/chr22_100_guide_081/command.txt	294	5afa740561bc893dab0d8638897114fc63396b5fecdf28cdddab3db337bc2cc2
raw/pilot_100_fallback_20260801T180205Z/timing/baseline/warmup/chr22_100_guide_081/metrics.tsv	294	c4d54d90a10a1c83f1807b87f8e6db1e016eeecd85fc013a8187a2330d20e8ca
raw/pilot_100_fallback_20260801T180205Z/timing/baseline/warmup/chr22_100_guide_081/output.paf	105	60f8b2bdc588b6b13527c78acc609879caa8defea9c72ada132dee63d52ad9bf
raw/pilot_100_fallback_20260801T180205Z/timing/baseline/warmup/chr22_100_guide_081/stderr.txt	0	e3b0c44298fc1c149afbf4c8996fb92427ae41e4649b934ca495991b7852b855
raw/pilot_100_fallback_20260801T180205Z/timing/baseline/warmup/chr22_100_guide_082/command.txt	294	c5eb9cf68dbf3fb168355c780ea930c057ba1147a70e43e2e8d87d137c55b8c4
raw/pilot_100_fallback_20260801T180205Z/timing/baseline/warmup/chr22_100_guide_082/metrics.tsv	294	530abb38b5c7b55360f0a4a6e6693bcaedef398fc5bb5f0e04b25d67cb0ef691
raw/pilot_100_fallback_20260801T180205Z/timing/baseline/warmup/chr22_100_guide_082/output.paf	105	8aa0d629b648d54d65dead9f626b4f79b04416d14abcb761ce6f8afd4c8d5a02
raw/pilot_100_fallback_20260801T180205Z/timing/baseline/warmup/chr22_100_guide_082/stderr.txt	0	e3b0c44298fc1c149afbf4c8996fb92427ae41e4649b934ca495991b7852b855
raw/pilot_100_fallback_20260801T180205Z/timing/baseline/warmup/chr22_100_guide_083/command.txt	294	3416ca0a99f0208ab1ce747521d78a2ac75be8410b274f3d6925da2201613f82
raw/pilot_100_fallback_20260801T180205Z/timing/baseline/warmup/chr22_100_guide_083/metrics.tsv	294	204a709018242796e795939533aaca8ed594d2983f40b848f03a8d76ba49ad43
raw/pilot_100_fallback_20260801T180205Z/timing/baseline/warmup/chr22_100_guide_083/output.paf	105	1da030b92202db00fdf4fa746fa0de1c56a74c6415d7abf8e6e634730c0990ca
raw/pilot_100_fallback_20260801T180205Z/timing/baseline/warmup/chr22_100_guide_083/stderr.txt	0	e3b0c44298fc1c149afbf4c8996fb92427ae41e4649b934ca495991b7852b855
raw/pilot_100_fallback_20260801T180205Z/timing/baseline/warmup/chr22_100_guide_084/command.txt	294	46bdd25b56b30de4d3bf5825476b1e2ce5a25e059c364c2f402dde24c86be485
raw/pilot_100_fallback_20260801T180205Z/timing/baseline/warmup/chr22_100_guide_084/metrics.tsv	295	09ee8f0a8e6a8c51881f72693c9bbf3e15ce08bd03aa8e1dd7f927cf39b92248
raw/pilot_100_fallback_20260801T180205Z/timing/baseline/warmup/chr22_100_guide_084/output.paf	517	d3912c4fe014403d39f5babbc235cd2d4fea43649489b9579873d8d170b294d0
raw/pilot_100_fallback_20260801T180205Z/timing/baseline/warmup/chr22_100_guide_084/stderr.txt	45	ecd997460eff8b19bac120208f47edd7be53e3371027aaa35d95fa07a5e79089
raw/pilot_100_fallback_20260801T180205Z/timing/baseline/warmup/chr22_100_guide_085/command.txt	294	4c66d15d09fe32c5dde11c67e94daef15b4ac44f8d863f8e536dee9575262581
raw/pilot_100_fallback_20260801T180205Z/timing/baseline/warmup/chr22_100_guide_085/metrics.tsv	294	b3623976f6c47fa2f0d2c64126228f39239ecde3ed0011a043583a4ae633667b
raw/pilot_100_fallback_20260801T180205Z/timing/baseline/warmup/chr22_100_guide_085/output.paf	105	886f21508ef43139da65b3307d412b9c43af12390fb60b152be51f2961337117
raw/pilot_100_fallback_20260801T180205Z/timing/baseline/warmup/chr22_100_guide_085/stderr.txt	0	e3b0c44298fc1c149afbf4c8996fb92427ae41e4649b934ca495991b7852b855
raw/pilot_100_fallback_20260801T180205Z/timing/baseline/warmup/chr22_100_guide_086/command.txt	294	3444740aa026e2ab6eb56d5a9baf76db9c61248ef6a3591ad24e819f87449dd2
raw/pilot_100_fallback_20260801T180205Z/timing/baseline/warmup/chr22_100_guide_086/metrics.tsv	294	32e5014636d4fdbfdfdb1e8fdf561b2c97d5d5a52d7cbc1b7b0aa12efcb14197
raw/pilot_100_fallback_20260801T180205Z/timing/baseline/warmup/chr22_100_guide_086/output.paf	105	b49d937c3f713b95c07b0df4983659c5531f5062b2c8b309c93edf95c5d33253
raw/pilot_100_fallback_20260801T180205Z/timing/baseline/warmup/chr22_100_guide_086/stderr.txt	0	e3b0c44298fc1c149afbf4c8996fb92427ae41e4649b934ca495991b7852b855
raw/pilot_100_fallback_20260801T180205Z/timing/baseline/warmup/chr22_100_guide_087/command.txt	294	a1b16959df12ab6a2ad59ee79b067084b78b8dfc3f3550eaf89da1643c0125bb
raw/pilot_100_fallback_20260801T180205Z/timing/baseline/warmup/chr22_100_guide_087/metrics.tsv	294	09fb13fc5ceffd06dfe3cd00cf3f7ba63b37c752c9dfb19d32ff352490b8600b
raw/pilot_100_fallback_20260801T180205Z/timing/baseline/warmup/chr22_100_guide_087/output.paf	323	9a84143c1c0ae741457654eac03a337269c00cb43411a6b54461fbe5949d0b50
raw/pilot_100_fallback_20260801T180205Z/timing/baseline/warmup/chr22_100_guide_087/stderr.txt	0	e3b0c44298fc1c149afbf4c8996fb92427ae41e4649b934ca495991b7852b855
raw/pilot_100_fallback_20260801T180205Z/timing/baseline/warmup/chr22_100_guide_088/command.txt	294	f2a3f6a07ebd08e30cb34865d37ac2ff7605d082f83307f44be0f061bf9cf833
raw/pilot_100_fallback_20260801T180205Z/timing/baseline/warmup/chr22_100_guide_088/metrics.tsv	294	72f91ebe1d769d32ccb371088601f4c1e4540558239de8ec22158c9c006b1a31
raw/pilot_100_fallback_20260801T180205Z/timing/baseline/warmup/chr22_100_guide_088/output.paf	105	7b9ea615f9aa7e046adebd0e63adf8ebdc63c09e2a683a13ae5b9e9457fd8152
raw/pilot_100_fallback_20260801T180205Z/timing/baseline/warmup/chr22_100_guide_088/stderr.txt	0	e3b0c44298fc1c149afbf4c8996fb92427ae41e4649b934ca495991b7852b855
raw/pilot_100_fallback_20260801T180205Z/timing/baseline/warmup/chr22_100_guide_089/command.txt	294	297f847c9990d3327a7342e31559525404718dbc102c79b8455441154a68860a
raw/pilot_100_fallback_20260801T180205Z/timing/baseline/warmup/chr22_100_guide_089/metrics.tsv	294	6df5e2203641cf0df8af69c4f0a959ba332e022a81391faaa0a10a23e70c9d69
raw/pilot_100_fallback_20260801T180205Z/timing/baseline/warmup/chr22_100_guide_089/output.paf	105	790719bd8847db6a942f261864ea37c0ec15f7a4f400e0bd1eaf31a8e659f354
raw/pilot_100_fallback_20260801T180205Z/timing/baseline/warmup/chr22_100_guide_089/stderr.txt	0	e3b0c44298fc1c149afbf4c8996fb92427ae41e4649b934ca495991b7852b855
raw/pilot_100_fallback_20260801T180205Z/timing/baseline/warmup/chr22_100_guide_090/command.txt	294	62baeecbbbb7cb1beb1a7fa0a280e6cdc608f5fcbc06c89131f328c82cad3b88
raw/pilot_100_fallback_20260801T180205Z/timing/baseline/warmup/chr22_100_guide_090/metrics.tsv	294	10cef2ac1137068ce2813bd493c4f123a324c18683d56f02f648c7550e62567c
raw/pilot_100_fallback_20260801T180205Z/timing/baseline/warmup/chr22_100_guide_090/output.paf	105	af0e7d04b9032b6ba55a507cdc6196da5e7f3adbce117a38bb6ba2d2fb078cba
raw/pilot_100_fallback_20260801T180205Z/timing/baseline/warmup/chr22_100_guide_090/stderr.txt	0	e3b0c44298fc1c149afbf4c8996fb92427ae41e4649b934ca495991b7852b855
raw/pilot_100_fallback_20260801T180205Z/timing/baseline/warmup/chr22_100_guide_091/command.txt	294	32cc6da567e225a4f2cd3a2377a598ccbaabc35046b9064bac0df339a0e21a3d
raw/pilot_100_fallback_20260801T180205Z/timing/baseline/warmup/chr22_100_guide_091/metrics.tsv	294	412b1fc75613e8728e7fbf47e293a032bd5f177ed154c435e0bed2dfa33e4002
raw/pilot_100_fallback_20260801T180205Z/timing/baseline/warmup/chr22_100_guide_091/output.paf	214	cf53e5c0ba2549b95ad7cc66f6caa57165a2d7ef971b8448816c1f5189dcba42
raw/pilot_100_fallback_20260801T180205Z/timing/baseline/warmup/chr22_100_guide_091/stderr.txt	0	e3b0c44298fc1c149afbf4c8996fb92427ae41e4649b934ca495991b7852b855
raw/pilot_100_fallback_20260801T180205Z/timing/baseline/warmup/chr22_100_guide_092/command.txt	294	b1df8e70b02bdbbfbb47908fa04522a531b1e1ad08becc03f50acea6693be13e
raw/pilot_100_fallback_20260801T180205Z/timing/baseline/warmup/chr22_100_guide_092/metrics.tsv	294	85a8081f0eea38dfdaf764f9763073196b12ed17692a3fdb6b2c3a545383f16c
raw/pilot_100_fallback_20260801T180205Z/timing/baseline/warmup/chr22_100_guide_092/output.paf	105	36dc22934c7c02b9c1a4043e7fa71e9fab23fac626842ee0233fa0a19e8a4d8d
raw/pilot_100_fallback_20260801T180205Z/timing/baseline/warmup/chr22_100_guide_092/stderr.txt	0	e3b0c44298fc1c149afbf4c8996fb92427ae41e4649b934ca495991b7852b855
raw/pilot_100_fallback_20260801T180205Z/timing/baseline/warmup/chr22_100_guide_093/command.txt	294	8318cf790daebe2ae59d609333c635a134954b1e3cd87ef8c72f433e45110b40
raw/pilot_100_fallback_20260801T180205Z/timing/baseline/warmup/chr22_100_guide_093/metrics.tsv	294	9ad6bcaee483205b7ad5a6d517301f40eb5aeaa9f98522106dda2f0293602ee6
raw/pilot_100_fallback_20260801T180205Z/timing/baseline/warmup/chr22_100_guide_093/output.paf	105	7c248ba9765e06499bdbdd56fa063150392f57bbcf49d7273e7a34148cb2a14e
raw/pilot_100_fallback_20260801T180205Z/timing/baseline/warmup/chr22_100_guide_093/stderr.txt	0	e3b0c44298fc1c149afbf4c8996fb92427ae41e4649b934ca495991b7852b855
raw/pilot_100_fallback_20260801T180205Z/timing/baseline/warmup/chr22_100_guide_094/command.txt	294	1addb3efa131e8e103242ba9daac6b8f0063c83db50c7a3c5e6c88899a3a020a
raw/pilot_100_fallback_20260801T180205Z/timing/baseline/warmup/chr22_100_guide_094/metrics.tsv	294	c2ce2c757bbbad22ea019c933bea4c7efb382a930fa87cfb457a10b6844df9f9
raw/pilot_100_fallback_20260801T180205Z/timing/baseline/warmup/chr22_100_guide_094/output.paf	105	b129ef3c4f85946c1752fcdec67457fbfa137faf10c495dcfb79020726f0093a
raw/pilot_100_fallback_20260801T180205Z/timing/baseline/warmup/chr22_100_guide_094/stderr.txt	0	e3b0c44298fc1c149afbf4c8996fb92427ae41e4649b934ca495991b7852b855
raw/pilot_100_fallback_20260801T180205Z/timing/baseline/warmup/chr22_100_guide_095/command.txt	294	172bcf5e6696030397c56f1e2e204827348ef72b9e5e542967b4f0be658c21ec
raw/pilot_100_fallback_20260801T180205Z/timing/baseline/warmup/chr22_100_guide_095/metrics.tsv	294	d84e2f5f11a0290af019bc2238ed02d1424283fc2a286fe245c325936761d2f5
raw/pilot_100_fallback_20260801T180205Z/timing/baseline/warmup/chr22_100_guide_095/output.paf	214	72cfccdb732c7f835e82aebb76ca4186954ee044989d4d3f165c230249e1ab41
raw/pilot_100_fallback_20260801T180205Z/timing/baseline/warmup/chr22_100_guide_095/stderr.txt	0	e3b0c44298fc1c149afbf4c8996fb92427ae41e4649b934ca495991b7852b855
raw/pilot_100_fallback_20260801T180205Z/timing/baseline/warmup/chr22_100_guide_096/command.txt	294	111ddc9a7fd7a284bef5082c64543ca18675ce04d5d1b8c6140fad62a9faa5c8
raw/pilot_100_fallback_20260801T180205Z/timing/baseline/warmup/chr22_100_guide_096/metrics.tsv	294	1e88015853f8a4ac582a36ec40f2afd85e6c6cbda2cfbc8e5fe693834b762840
raw/pilot_100_fallback_20260801T180205Z/timing/baseline/warmup/chr22_100_guide_096/output.paf	105	66356638d350f202a4fc3653512e2eb61d180a210d3b4874237620fdd88f45ac
raw/pilot_100_fallback_20260801T180205Z/timing/baseline/warmup/chr22_100_guide_096/stderr.txt	0	e3b0c44298fc1c149afbf4c8996fb92427ae41e4649b934ca495991b7852b855
raw/pilot_100_fallback_20260801T180205Z/timing/baseline/warmup/chr22_100_guide_097/command.txt	294	d353f2e899ebb93ed352f15f6ff5a29c9d6057a0eee378dc9828ef4d2556deea
raw/pilot_100_fallback_20260801T180205Z/timing/baseline/warmup/chr22_100_guide_097/metrics.tsv	294	e10a0fe6a16677460fd3d5f776e448e6305ef46ac61ba69e0f26dd48cf6944d1
raw/pilot_100_fallback_20260801T180205Z/timing/baseline/warmup/chr22_100_guide_097/output.paf	105	ec3317eca52cb313be8b742bd84d70d8e9f8f3d3a8dfda83e632d9ec5b3e7472
raw/pilot_100_fallback_20260801T180205Z/timing/baseline/warmup/chr22_100_guide_097/stderr.txt	0	e3b0c44298fc1c149afbf4c8996fb92427ae41e4649b934ca495991b7852b855
raw/pilot_100_fallback_20260801T180205Z/timing/baseline/warmup/chr22_100_guide_098/command.txt	294	468a558e0f3fdd08d7debf0ad8923a76d1462c9c7f320e22e8005dbb2614aadf
raw/pilot_100_fallback_20260801T180205Z/timing/baseline/warmup/chr22_100_guide_098/metrics.tsv	294	00e43a797844c508a4577715979e1aa0572d9946c2acc5674aeea820474666ef
raw/pilot_100_fallback_20260801T180205Z/timing/baseline/warmup/chr22_100_guide_098/output.paf	105	624a957aae98b6d231ae1011b4e64e108e7b8e8e44287e46c4862920d0454e11
raw/pilot_100_fallback_20260801T180205Z/timing/baseline/warmup/chr22_100_guide_098/stderr.txt	0	e3b0c44298fc1c149afbf4c8996fb92427ae41e4649b934ca495991b7852b855
raw/pilot_100_fallback_20260801T180205Z/timing/baseline/warmup/chr22_100_guide_099/command.txt	294	d88e1c76d6eaecf792cbc868cbf12b5cb10e920bdf39eac71f27113ad3774233
raw/pilot_100_fallback_20260801T180205Z/timing/baseline/warmup/chr22_100_guide_099/metrics.tsv	295	846a0e94501a9ac091165447029d4d063e39a7fa658633254ba66c360033863c
raw/pilot_100_fallback_20260801T180205Z/timing/baseline/warmup/chr22_100_guide_099/output.paf	200	ae2950cc930771cbd394906d42c51ef44aa1d759562b83917e788a9d26f47d1d
raw/pilot_100_fallback_20260801T180205Z/timing/baseline/warmup/chr22_100_guide_099/stderr.txt	45	ecd997460eff8b19bac120208f47edd7be53e3371027aaa35d95fa07a5e79089
raw/pilot_100_fallback_20260801T180205Z/timing/baseline/warmup/chr22_100_guide_100/command.txt	294	938429361e55b67b53c1f61e2dc5394bee9fb15e084f3c079faefb2a0ac4c137
raw/pilot_100_fallback_20260801T180205Z/timing/baseline/warmup/chr22_100_guide_100/metrics.tsv	294	c47a086ec1992696791747012267fee5efa6252cdc7ee5e357b942b44c3831a0
raw/pilot_100_fallback_20260801T180205Z/timing/baseline/warmup/chr22_100_guide_100/output.paf	214	4bb6e4f08a7316ba26ec3e6f894f79070071b55d78d6c1605a50035d0a1d9c79
raw/pilot_100_fallback_20260801T180205Z/timing/baseline/warmup/chr22_100_guide_100/stderr.txt	0	e3b0c44298fc1c149afbf4c8996fb92427ae41e4649b934ca495991b7852b855
raw/pilot_100_fallback_20260801T180205Z/timing/baseline/warmup/stdout.sha256.list	8500	2d1795b717568c1eb36a33629b60438c004e2769373390c8aaf36a22e1c413ed
raw/pilot_100_fallback_20260801T180205Z/timing/columba/measured_1/chr22_100_guide_001/command.txt	566	56f3f7994581c54148bc1ff6919f7573c634e731c14ed57522b4c97a47cf2202
raw/pilot_100_fallback_20260801T180205Z/timing/columba/measured_1/chr22_100_guide_001/metrics.tsv	294	dde3281d4d6aaac5deaedc2449a22e4c241309571a4e7b220a9120f9179c7a97
raw/pilot_100_fallback_20260801T180205Z/timing/columba/measured_1/chr22_100_guide_001/output.paf	192	c9c93b5e3642ad2be4fd3699f495e8d1c48adb430768e7ff532b1a4c59fa0c05
raw/pilot_100_fallback_20260801T180205Z/timing/columba/measured_1/chr22_100_guide_001/stderr.txt	608	1e3c641d38fd3d4b1cd876bbb13830d7fb2fb20f77ad12222230d037dc68d895
raw/pilot_100_fallback_20260801T180205Z/timing/columba/measured_1/chr22_100_guide_002/command.txt	566	48be265bdb8e5c6d97072b3fa2d4e11635fa02f684ae9bfe1483db37500a05ba
raw/pilot_100_fallback_20260801T180205Z/timing/columba/measured_1/chr22_100_guide_002/metrics.tsv	297	d260cb5924b8e2c648c3f7d1098da9e58607af2cedc917c06a5fc1e05895a348
raw/pilot_100_fallback_20260801T180205Z/timing/columba/measured_1/chr22_100_guide_002/output.paf	2179	87b02444da0f2ab8be03442bf4b8948663370c5a682f070b36a827822ee531e3
raw/pilot_100_fallback_20260801T180205Z/timing/columba/measured_1/chr22_100_guide_002/stderr.txt	94307	e925e6374c2b14f26ce352338d241501af5403cd20c2f7a0a66a7ff0957a82b9
raw/pilot_100_fallback_20260801T180205Z/timing/columba/measured_1/chr22_100_guide_003/command.txt	566	988af8d9fb7aa949c17338aa69391195bbb82ac5c4719332f3d16329248cd909
raw/pilot_100_fallback_20260801T180205Z/timing/columba/measured_1/chr22_100_guide_003/metrics.tsv	298	c5740149774a8c9d4d9788ef0049eb2bf4069071c3d90988ac60ae15f7ca9030
raw/pilot_100_fallback_20260801T180205Z/timing/columba/measured_1/chr22_100_guide_003/output.paf	88173	42c85ab9ac542a0a68f74f516c324f16feaf1ad5d780ddfa17aa882a9000849d
raw/pilot_100_fallback_20260801T180205Z/timing/columba/measured_1/chr22_100_guide_003/stderr.txt	33263	d5b5b7e3b34b61dc81dc8aab501910e13be4bc817fe9b96479eef46411ddf2a0
raw/pilot_100_fallback_20260801T180205Z/timing/columba/measured_1/chr22_100_guide_004/command.txt	566	9b1f0fa21a4d57c6c2ccbb7b6bcef1ee262821bec6c7a9f342482cb9ba256605
raw/pilot_100_fallback_20260801T180205Z/timing/columba/measured_1/chr22_100_guide_004/metrics.tsv	296	410315728613bf8b4e8a2d1e41c587f2e509cd3a8e6a311af80b9fdc7470ba64
raw/pilot_100_fallback_20260801T180205Z/timing/columba/measured_1/chr22_100_guide_004/output.paf	103	691ce0260ac4ff8426decb079b6ec2efdf4680b3abaced64e9143840bccb9552
raw/pilot_100_fallback_20260801T180205Z/timing/columba/measured_1/chr22_100_guide_004/stderr.txt	59585	a4c7fcea839152b57f9d48000d08a15502fd89d0fd27949928e5d265dda849b7
raw/pilot_100_fallback_20260801T180205Z/timing/columba/measured_1/chr22_100_guide_005/command.txt	566	01d9cb2b66b031d0aaae3525c6ee0eb78dca8b2265983e7488146ae3d372812e
raw/pilot_100_fallback_20260801T180205Z/timing/columba/measured_1/chr22_100_guide_005/metrics.tsv	294	b6232afd51d0fa8f2e242eac470c56147eda19cd43f7fe824ac41053269df331
raw/pilot_100_fallback_20260801T180205Z/timing/columba/measured_1/chr22_100_guide_005/output.paf	103	95686fb2b7a30116b7ae2cc467351eaaf4c6f25cab6f6b7bc6dcc05f1c409532
raw/pilot_100_fallback_20260801T180205Z/timing/columba/measured_1/chr22_100_guide_005/stderr.txt	651	011f515d83cd8b0bf4648cfa3d329bea0cb2939a7aabcbf319c9ccbd2ece994c
raw/pilot_100_fallback_20260801T180205Z/timing/columba/measured_1/chr22_100_guide_006/command.txt	566	8573cef312b544e700e56167875329ee9f3d806ab371113f5595435f50987398
raw/pilot_100_fallback_20260801T180205Z/timing/columba/measured_1/chr22_100_guide_006/metrics.tsv	297	8b06678f616f730ea7e9fc4096dd93591f999fac677905e53647822b71ec78b7
raw/pilot_100_fallback_20260801T180205Z/timing/columba/measured_1/chr22_100_guide_006/output.paf	412	381669eac105895c77936e91601bef5a44b194dce1468388fa6bc22b65e83aab
raw/pilot_100_fallback_20260801T180205Z/timing/columba/measured_1/chr22_100_guide_006/stderr.txt	673643	9739780944683faaa4ef3f313f816b862f341378b37d0ab5c6f2f11c524f85ce
raw/pilot_100_fallback_20260801T180205Z/timing/columba/measured_1/chr22_100_guide_007/command.txt	566	274fcf6a772b1406cdf484180d376d7d3a9e628571abed1c8de8f1e7b78d0e40
raw/pilot_100_fallback_20260801T180205Z/timing/columba/measured_1/chr22_100_guide_007/metrics.tsv	298	da58289b42b9df709650a44baedae6890edd2650d3a296f5442766ce9f8d45fd
raw/pilot_100_fallback_20260801T180205Z/timing/columba/measured_1/chr22_100_guide_007/output.paf	7915	d298f59746650faabb2ca5561ee87dd6713d6657c3eeebcb15b3c30fa3c0c022
raw/pilot_100_fallback_20260801T180205Z/timing/columba/measured_1/chr22_100_guide_007/stderr.txt	175287	403d87bc80095f7dba4286b814ee578933bb15ea4b2720f3a94553d5d4a69f41
raw/pilot_100_fallback_20260801T180205Z/timing/columba/measured_1/chr22_100_guide_008/command.txt	566	0c1fc8248f08783d01ab158c374ab506b58a3c1c996ef1da9c86b8c47c0cd027
raw/pilot_100_fallback_20260801T180205Z/timing/columba/measured_1/chr22_100_guide_008/metrics.tsv	296	d4d5a943e82717344aa21b6d94e98ab330b86d8638382a43d9343481b16e0a15
raw/pilot_100_fallback_20260801T180205Z/timing/columba/measured_1/chr22_100_guide_008/output.paf	6864	8f32d63ac3fc7353d028bcbab308948f718f700957721b790efcbcfdf7b2968d
raw/pilot_100_fallback_20260801T180205Z/timing/columba/measured_1/chr22_100_guide_008/stderr.txt	2245	67c892220045c7e6de36630e42f43c7166e3a6cbb04fcd8d07803b38b0896333
raw/pilot_100_fallback_20260801T180205Z/timing/columba/measured_1/chr22_100_guide_009/command.txt	566	984b16fda32713f1afaa3d5287275e51c28d505dcae228fe3ebf3eb2deec5071
raw/pilot_100_fallback_20260801T180205Z/timing/columba/measured_1/chr22_100_guide_009/metrics.tsv	294	c67b04fc9bf7f761f44c46c99bf0cdbfc6c8485b94c3c297ffaa0089a975a3a2
raw/pilot_100_fallback_20260801T180205Z/timing/columba/measured_1/chr22_100_guide_009/output.paf	414	f852312a894362e0b31472a7c87cc296c09d811ed71a73c469ed1ae252e2fefe
raw/pilot_100_fallback_20260801T180205Z/timing/columba/measured_1/chr22_100_guide_009/stderr.txt	514	f9a5b9bf57218d2245080f337460f0f31693b21bce927496b6424a06a4356606
raw/pilot_100_fallback_20260801T180205Z/timing/columba/measured_1/chr22_100_guide_010/command.txt	566	e90a8d82acbceb3443d231a30e801f3e86f59541c126ecb19e84ca011a4160e4
raw/pilot_100_fallback_20260801T180205Z/timing/columba/measured_1/chr22_100_guide_010/metrics.tsv	297	bc72c59baabac0abe200bd3893c66edf896ef311a897a6a04487c6dad39c9287
raw/pilot_100_fallback_20260801T180205Z/timing/columba/measured_1/chr22_100_guide_010/output.paf	2553	b8db8d29518bcd793fe2cf11a647c9c419525e6da6f3c9efa22d172c191ba4c4
raw/pilot_100_fallback_20260801T180205Z/timing/columba/measured_1/chr22_100_guide_010/stderr.txt	69723	09b67aada08755086fd2e6118d65bf7e9f49291d271c5abe563bb62ebc797503
raw/pilot_100_fallback_20260801T180205Z/timing/columba/measured_1/chr22_100_guide_011/command.txt	566	cb4c20f287c0d2cc52597950f342d35b9dac626e0d86dfe0b692c03ae12d9539
raw/pilot_100_fallback_20260801T180205Z/timing/columba/measured_1/chr22_100_guide_011/metrics.tsv	293	86add7f32b2e75d0dee002ec886dd4fa635c8c14152d0f43dd4dcdc3a65a226e
raw/pilot_100_fallback_20260801T180205Z/timing/columba/measured_1/chr22_100_guide_011/output.paf	2243	ec592648254199539685feee5357d093e2e1ec0b8ee82c9ce1e89057db95c2aa
raw/pilot_100_fallback_20260801T180205Z/timing/columba/measured_1/chr22_100_guide_011/stderr.txt	0	e3b0c44298fc1c149afbf4c8996fb92427ae41e4649b934ca495991b7852b855
raw/pilot_100_fallback_20260801T180205Z/timing/columba/measured_1/chr22_100_guide_012/command.txt	566	59111a2ab63d33547c572328304fe36288c7cfb1ac9accbd49f81d2cdc0f78b3
raw/pilot_100_fallback_20260801T180205Z/timing/columba/measured_1/chr22_100_guide_012/metrics.tsv	292	97abec89ee3289d5c27becb6d5c67776ede50223c917969abb5a4136d2068127
raw/pilot_100_fallback_20260801T180205Z/timing/columba/measured_1/chr22_100_guide_012/output.paf	832	9b00eaabadec78eddf839955f38b2c49038c64b495db9fc7cba00a4c5b16c2fd
raw/pilot_100_fallback_20260801T180205Z/timing/columba/measured_1/chr22_100_guide_012/stderr.txt	0	e3b0c44298fc1c149afbf4c8996fb92427ae41e4649b934ca495991b7852b855
raw/pilot_100_fallback_20260801T180205Z/timing/columba/measured_1/chr22_100_guide_013/command.txt	566	9310dbfbc83548b63deaa0d0cfe32c815e82a85b6458a95427fdab998ff2e214
raw/pilot_100_fallback_20260801T180205Z/timing/columba/measured_1/chr22_100_guide_013/metrics.tsv	294	f521dd2041013f06950c356ee188a5e49aa492ed36e1267f46db718de18aa1f6
raw/pilot_100_fallback_20260801T180205Z/timing/columba/measured_1/chr22_100_guide_013/output.paf	293	606c59fbabc1859613e4a31b3b8ed8c4147f5ca89d1de01946221f89097d2bce
raw/pilot_100_fallback_20260801T180205Z/timing/columba/measured_1/chr22_100_guide_013/stderr.txt	184	ec04d3f7e1b1328ad5397a8bdd34185b098771189af9962fbc567d013800e818
raw/pilot_100_fallback_20260801T180205Z/timing/columba/measured_1/chr22_100_guide_014/command.txt	566	83aacd4c60d2613d98d18e28c621cdc206a30f0b5b4a6a9f426c5c8472767e8f
raw/pilot_100_fallback_20260801T180205Z/timing/columba/measured_1/chr22_100_guide_014/metrics.tsv	297	f07a63e43909e6d93d0cc3b23de5f32796ee46928356d1941a1dc236fd111090
raw/pilot_100_fallback_20260801T180205Z/timing/columba/measured_1/chr22_100_guide_014/output.paf	20645	9d3f96b7c5db3e0da42d54d04629e5c2f3b7306de3a7b74cbbe19baeec72ef91
raw/pilot_100_fallback_20260801T180205Z/timing/columba/measured_1/chr22_100_guide_014/stderr.txt	1478	4429f6d37a56106f41ade5f8232056512f2c14e6a716c1b4f088b61464e12a95
raw/pilot_100_fallback_20260801T180205Z/timing/columba/measured_1/chr22_100_guide_015/command.txt	566	6f85a81139438099cf88df9c702b2dcb7eb18bc38f8c9e9f77b60365bccccaeb
raw/pilot_100_fallback_20260801T180205Z/timing/columba/measured_1/chr22_100_guide_015/metrics.tsv	299	ca712ae2864ad9d1633bf60dc6964189a8dba4b512871ed57862571f7e7cc998
raw/pilot_100_fallback_20260801T180205Z/timing/columba/measured_1/chr22_100_guide_015/output.paf	11781	e55942ac6df6ea5194730aa80c266f855204986eea43ac4bf3ebf7d75fa0e169
raw/pilot_100_fallback_20260801T180205Z/timing/columba/measured_1/chr22_100_guide_015/stderr.txt	833857	9d39fb2239ad6c24bc2177f8f8fc624629eba55e42615de578eff18b5dd9cfe1
raw/pilot_100_fallback_20260801T180205Z/timing/columba/measured_1/chr22_100_guide_016/command.txt	566	ab87ceda319234113f9e03631f0dfbb8da9676ca62b1867b0bec9e79bb986ec4
raw/pilot_100_fallback_20260801T180205Z/timing/columba/measured_1/chr22_100_guide_016/metrics.tsv	295	d45d76162071e1970c2faf1fa9d72f27ba3a5767664d629c02edb1a13ee1d2aa
raw/pilot_100_fallback_20260801T180205Z/timing/columba/measured_1/chr22_100_guide_016/output.paf	103	664ca84d364b11b722ac1aa282d988cb26faa580c3801fc71e980d0a2785483d
raw/pilot_100_fallback_20260801T180205Z/timing/columba/measured_1/chr22_100_guide_016/stderr.txt	6603	647a3c26fb0f04ad019100c4ab0390ab87ed5c84aadfe7a252bca70b1e3bd96d
raw/pilot_100_fallback_20260801T180205Z/timing/columba/measured_1/chr22_100_guide_017/command.txt	566	52f4557e649aa46e4411ae140673c301db79070be95346be56434101def0adb8
raw/pilot_100_fallback_20260801T180205Z/timing/columba/measured_1/chr22_100_guide_017/metrics.tsv	298	7b02e906b4ef3a3eee3bdb4497881cb3212cd27e36a6a4755ac71acc6225a6da
raw/pilot_100_fallback_20260801T180205Z/timing/columba/measured_1/chr22_100_guide_017/output.paf	6509	9852752810a86bc2ec08e1deae289cb1e46a4172c7b2e475ed07820b6266dd53
raw/pilot_100_fallback_20260801T180205Z/timing/columba/measured_1/chr22_100_guide_017/stderr.txt	525304	6c92947d95b3ae3f0e0ed0a3c24424f6bd041ec1db5523ff91ca421eff2f6f9d
raw/pilot_100_fallback_20260801T180205Z/timing/columba/measured_1/chr22_100_guide_018/command.txt	566	75e2baf188655797b05e9bcc7c7c52978a0f9ab393a9a0f9137f5c027fc04b28
raw/pilot_100_fallback_20260801T180205Z/timing/columba/measured_1/chr22_100_guide_018/metrics.tsv	296	f7be228c3d56ab36feadc2bebad7461d84ac5939053e7ad319e656edd0cb0577
raw/pilot_100_fallback_20260801T180205Z/timing/columba/measured_1/chr22_100_guide_018/output.paf	208	5c632dfc921b715b635c61d386497b7131eb4348bb520ea4a5cd13ab53ef1e7a
raw/pilot_100_fallback_20260801T180205Z/timing/columba/measured_1/chr22_100_guide_018/stderr.txt	43109	23e8f4ffff162fdc2e25089c32203c22ccb5ac9c66770c9b5d4a6408cc154ffb
raw/pilot_100_fallback_20260801T180205Z/timing/columba/measured_1/chr22_100_guide_019/command.txt	566	c296de5e3bf06c1c788e61e8d9053d04b4211a0935d94f8679e75efe74d67409
raw/pilot_100_fallback_20260801T180205Z/timing/columba/measured_1/chr22_100_guide_019/metrics.tsv	295	7d39540b25447597ba62465cb7ae004457a2fa8dc820bb81d6ba47431b13ce6b
raw/pilot_100_fallback_20260801T180205Z/timing/columba/measured_1/chr22_100_guide_019/output.paf	103	6cdd7ce54810d5bc4f6f9e343cba7e89b5868d4aa230081223fa53049a31ac4f
raw/pilot_100_fallback_20260801T180205Z/timing/columba/measured_1/chr22_100_guide_019/stderr.txt	1766	dc56e723a41ad2b033072b1d35240963852ef67de09ef8478a44d1daa4a0e78a
raw/pilot_100_fallback_20260801T180205Z/timing/columba/measured_1/chr22_100_guide_020/command.txt	566	3d6c4d5ae462056631517cc4658879656edee22c7d7ce64248e801b26b4d3f46
raw/pilot_100_fallback_20260801T180205Z/timing/columba/measured_1/chr22_100_guide_020/metrics.tsv	296	43f930fc4ff3c63bfcd7041bf81f849be95086b8c34f05348392ef70a1f170fa
raw/pilot_100_fallback_20260801T180205Z/timing/columba/measured_1/chr22_100_guide_020/output.paf	759	e201d7cfc5ec4a9979af6c9a236130b8f36d6e0e4dcfef596b106dbc39010303
raw/pilot_100_fallback_20260801T180205Z/timing/columba/measured_1/chr22_100_guide_020/stderr.txt	76628	b458b467a03688a50351b56d6e3c449c56ad4edc944351aafb91ac49def2d89e
raw/pilot_100_fallback_20260801T180205Z/timing/columba/measured_1/chr22_100_guide_021/command.txt	566	f9050ea994c56a1d1281887bb0fc83f4193c34c12335ce9829084521f61c8def
raw/pilot_100_fallback_20260801T180205Z/timing/columba/measured_1/chr22_100_guide_021/metrics.tsv	294	5552983b83e1104000b979cfdf0552a667da8b9fa2188d3b4c79228522cc2db3
raw/pilot_100_fallback_20260801T180205Z/timing/columba/measured_1/chr22_100_guide_021/output.paf	105	70d3142b6438b2233c1a63a2ac833233a13a2d75bf75339f1fccaff2fa81b453
raw/pilot_100_fallback_20260801T180205Z/timing/columba/measured_1/chr22_100_guide_021/stderr.txt	652	d56d96fe98b333f362ee9bd6376532e8bc00f0bfcb42456116b5b2cd748bb70d
raw/pilot_100_fallback_20260801T180205Z/timing/columba/measured_1/chr22_100_guide_022/command.txt	566	6b4efbf55dd6e3bf25a65b5e28b7a2092729c8bb72fffea26760e282eea23625
raw/pilot_100_fallback_20260801T180205Z/timing/columba/measured_1/chr22_100_guide_022/metrics.tsv	297	132db632a1ebb218cd12ec0332cdd3fd7f561caeb64aa36c61a9bea1569bcbf3
raw/pilot_100_fallback_20260801T180205Z/timing/columba/measured_1/chr22_100_guide_022/output.paf	105	6b72b7d58a6bb9700568183d8342e8f3bc79c45ffa1f7e46c161effbf9985c5d
raw/pilot_100_fallback_20260801T180205Z/timing/columba/measured_1/chr22_100_guide_022/stderr.txt	592188	1bdc42a6859b8b52c1db369907a7439fdf814d31ad0591c6948691ed396edcd1
raw/pilot_100_fallback_20260801T180205Z/timing/columba/measured_1/chr22_100_guide_023/command.txt	566	70ccd8838041ffb2b91a0368ef5d937990570a77e556ba08b90bf9c13cf759b1
raw/pilot_100_fallback_20260801T180205Z/timing/columba/measured_1/chr22_100_guide_023/metrics.tsv	297	fc73953d9ae5f1299e1d33ab456018adc2a05e388ffac0b4bc23d4a12132cbbe
raw/pilot_100_fallback_20260801T180205Z/timing/columba/measured_1/chr22_100_guide_023/output.paf	15269	13d490936eb128956dcd7744ae65b99655fcac4ad3ba999a6d96498e5f4323b1
raw/pilot_100_fallback_20260801T180205Z/timing/columba/measured_1/chr22_100_guide_023/stderr.txt	7075	ac192c7b6f04bd7ec153ca9deee4b10effcbb4185b9d200c6f35f95533887058
raw/pilot_100_fallback_20260801T180205Z/timing/columba/measured_1/chr22_100_guide_024/command.txt	566	6e346420d30f1215f572c1198ebba67285f3255da0f7399a940e5815edb3d384
raw/pilot_100_fallback_20260801T180205Z/timing/columba/measured_1/chr22_100_guide_024/metrics.tsv	296	b5cac0fbb54bf4a332ad2cbd07f70358dfa175f6bc5bab7dd3baa6c91ca20f7f
raw/pilot_100_fallback_20260801T180205Z/timing/columba/measured_1/chr22_100_guide_024/output.paf	214	bcee63120e7a1ad9985f53ede79aec2d8e27e6be8190904374c9bd2675cce1d4
raw/pilot_100_fallback_20260801T180205Z/timing/columba/measured_1/chr22_100_guide_024/stderr.txt	89840	20e0d047a90eb941c28e7c3eadd3682e2d2baa7519ca17df715655ce2d25a138
raw/pilot_100_fallback_20260801T180205Z/timing/columba/measured_1/chr22_100_guide_025/command.txt	566	c9d3511d3258b4919e14690f782a111dd5b294b9f7d7f83afbd4fe3c7f861b7c
raw/pilot_100_fallback_20260801T180205Z/timing/columba/measured_1/chr22_100_guide_025/metrics.tsv	300	bb1e30a85d223be707bfe6da11ca66de811e5f2b32b204d9352924fbfd6fe39a
raw/pilot_100_fallback_20260801T180205Z/timing/columba/measured_1/chr22_100_guide_025/output.paf	341079	7f78171e7e6e43e57fe0ccabe7cc5e8fc6ad058811ae50a138478aec4dbcd946
raw/pilot_100_fallback_20260801T180205Z/timing/columba/measured_1/chr22_100_guide_025/stderr.txt	756897	a34f27a5f1f0c21115f51c2a00f1de92d7498004bf63229ab020afe0cdc3dd75
raw/pilot_100_fallback_20260801T180205Z/timing/columba/measured_1/chr22_100_guide_026/command.txt	566	13ba028df906384e3b2a1de8a1618c80cdcff5fdbce9f5fe963de5984996dc7b
raw/pilot_100_fallback_20260801T180205Z/timing/columba/measured_1/chr22_100_guide_026/metrics.tsv	298	df757d257a9755437d44ac79ddcedde20e67c6512843a399c8e4a81af2325627
raw/pilot_100_fallback_20260801T180205Z/timing/columba/measured_1/chr22_100_guide_026/output.paf	6840	74ee2057f2511f0387c90decf264283593386e47d9b30347bc9921ddcc60dd17
raw/pilot_100_fallback_20260801T180205Z/timing/columba/measured_1/chr22_100_guide_026/stderr.txt	763944	24451543d4981af6965232fc89a42aae084c85b1effd413db55357f5b81b7551
raw/pilot_100_fallback_20260801T180205Z/timing/columba/measured_1/chr22_100_guide_027/command.txt	566	42f11b0ac63b535ebba76e8909b548fac3bfd29f1f9a1e5a2956e3348c124662
raw/pilot_100_fallback_20260801T180205Z/timing/columba/measured_1/chr22_100_guide_027/metrics.tsv	294	d495b5c56b7ca3c8b6c7d8bb332527207a1b690eab5a8ab8db75e17b07310431
raw/pilot_100_fallback_20260801T180205Z/timing/columba/measured_1/chr22_100_guide_027/output.paf	210	a7610eb051e87a34826545d10fcf8102943e8611a97a657a33ec94ff2afe4c13
raw/pilot_100_fallback_20260801T180205Z/timing/columba/measured_1/chr22_100_guide_027/stderr.txt	470	ca6032de9107568e011efa775fb138933bc1f4163d835edc39d12e948093dfde
raw/pilot_100_fallback_20260801T180205Z/timing/columba/measured_1/chr22_100_guide_028/command.txt	566	7e1a39c18a8234e4b77a15c338fb0b22f0d2e1ef98eaef93cbe5df88a9e50da9
raw/pilot_100_fallback_20260801T180205Z/timing/columba/measured_1/chr22_100_guide_028/metrics.tsv	299	82b4f653fa0f47239786f56ccef4aee351273cfc8c488ebaa0ac2aee4221f8e5
raw/pilot_100_fallback_20260801T180205Z/timing/columba/measured_1/chr22_100_guide_028/output.paf	214107	ccbb10c6b39950ff1a609a7c093affb95e09b093f31339b79eb9e55af9bea14f
raw/pilot_100_fallback_20260801T180205Z/timing/columba/measured_1/chr22_100_guide_028/stderr.txt	26540	6ab1cb25283fe19a6bfd4fcd5c48da2d87969a73970cab771254caf7f66a6287
raw/pilot_100_fallback_20260801T180205Z/timing/columba/measured_1/chr22_100_guide_029/command.txt	566	8d93322f79c278600132fcd48cbcf81a163d9b58a1b21fc80d646b44faef009e
raw/pilot_100_fallback_20260801T180205Z/timing/columba/measured_1/chr22_100_guide_029/metrics.tsv	299	6f2d7b4ff52a84254f893af3f4abc7f3bc195d12d1c756bbd39212ed037414d3
raw/pilot_100_fallback_20260801T180205Z/timing/columba/measured_1/chr22_100_guide_029/output.paf	199216	023a0db1667cffab02ece840deaeba274e313dbe75e80a569d4eb1e108049a70
raw/pilot_100_fallback_20260801T180205Z/timing/columba/measured_1/chr22_100_guide_029/stderr.txt	27636	d4e0a36311e4ca8e67b4e69d062e253606ee8ba50c03ffb98d71774fa810bdfb
raw/pilot_100_fallback_20260801T180205Z/timing/columba/measured_1/chr22_100_guide_030/command.txt	566	cf119fedaebf729a33ac282a4330e0dd7223f4db1879660848aa9e0a26c7948a
raw/pilot_100_fallback_20260801T180205Z/timing/columba/measured_1/chr22_100_guide_030/metrics.tsv	300	fa5bc2dbd7f9c73f8b2b0ddf875532437611e25714a75be01db8f5c0e29d651e
raw/pilot_100_fallback_20260801T180205Z/timing/columba/measured_1/chr22_100_guide_030/output.paf	226228	e96360b064c516b87fc1693427dead08c7b0c7e111a9ad12d3d41bda12ba3e0e
raw/pilot_100_fallback_20260801T180205Z/timing/columba/measured_1/chr22_100_guide_030/stderr.txt	273205	dcd1a0046df890a8b3a39f7884dafa87cf0c672958395ee079ca311c62f39e1c
raw/pilot_100_fallback_20260801T180205Z/timing/columba/measured_1/chr22_100_guide_031/command.txt	566	b5434d72923f8388a240772e19851d5e85c18a398dfceb2c0f93d2578e8281d0
raw/pilot_100_fallback_20260801T180205Z/timing/columba/measured_1/chr22_100_guide_031/metrics.tsv	297	2ed0403bcd04d9170467a43da8a055a09fe522c7603d7c4cd283e6133da29f68
raw/pilot_100_fallback_20260801T180205Z/timing/columba/measured_1/chr22_100_guide_031/output.paf	214	5d5573821365e7bc8b578e4c8587ad85cc0ce7e73cc826859074ffc07c945a42
raw/pilot_100_fallback_20260801T180205Z/timing/columba/measured_1/chr22_100_guide_031/stderr.txt	401466	6d757fd7aeea9c62de2f65f7620c111ca2fee818c410d59cbc0beeac17789d75
raw/pilot_100_fallback_20260801T180205Z/timing/columba/measured_1/chr22_100_guide_032/command.txt	566	a6d4f5842b6d815b23b00e503451167f35aff4d342ba07f76998d8b72ea93dab
raw/pilot_100_fallback_20260801T180205Z/timing/columba/measured_1/chr22_100_guide_032/metrics.tsv	294	547fb68ea54f79d4570dec0535a1e2d50ba9c8a59b02e108d0a9a34cf64176e4
raw/pilot_100_fallback_20260801T180205Z/timing/columba/measured_1/chr22_100_guide_032/output.paf	105	c25a6440be62186e25b0f165358d0d0900b923751f80af6ee5c27f0f29a85af6
raw/pilot_100_fallback_20260801T180205Z/timing/columba/measured_1/chr22_100_guide_032/stderr.txt	188	5bcc52812e3cd79f2c949096180d3f1ac01ae06d29eea04285bba87168ded8f9
raw/pilot_100_fallback_20260801T180205Z/timing/columba/measured_1/chr22_100_guide_033/command.txt	566	434733e1a3839dc4164adf8af4f6ab33375579bb27b5f6c6814f2e0e39dcc26e
raw/pilot_100_fallback_20260801T180205Z/timing/columba/measured_1/chr22_100_guide_033/metrics.tsv	294	205fb4172ec46cbafb1f2bfd3c7084e9b535fffe40ccd5416be58df25cff3751
raw/pilot_100_fallback_20260801T180205Z/timing/columba/measured_1/chr22_100_guide_033/output.paf	105	0effc63d85fa97f691908ce0321ab857ae6f08fabd2480f35c83ff81e76c9f0e
raw/pilot_100_fallback_20260801T180205Z/timing/columba/measured_1/chr22_100_guide_033/stderr.txt	656	6be499e878bb8835b2d0095d754911ca511e88d92eb98ee972ab04a1f8c00a0b
raw/pilot_100_fallback_20260801T180205Z/timing/columba/measured_1/chr22_100_guide_034/command.txt	566	4ce1b4c65927cdd6014f6bc301f313a08494b3f8aeb53328c27d47793b6cef2e
raw/pilot_100_fallback_20260801T180205Z/timing/columba/measured_1/chr22_100_guide_034/metrics.tsv	294	2307e8fd85e44fe5fef134793f343ad915eed4b68edac4e59eabb12adc46287a
raw/pilot_100_fallback_20260801T180205Z/timing/columba/measured_1/chr22_100_guide_034/output.paf	105	b799f84402b88ca7eda644ce1b5b5eb56c02b09c04d62fc51c4c70dc76c6b583
raw/pilot_100_fallback_20260801T180205Z/timing/columba/measured_1/chr22_100_guide_034/stderr.txt	187	4f6dc5b5a164eea9ba79b4a4c7ee686bbb2ef32b24b407949991d9e320496ddb
raw/pilot_100_fallback_20260801T180205Z/timing/columba/measured_1/chr22_100_guide_035/command.txt	566	1dfd64605fdbbfc3767c3f27341d5c28600329a526fd4cf8672d5b7756e3bc60
raw/pilot_100_fallback_20260801T180205Z/timing/columba/measured_1/chr22_100_guide_035/metrics.tsv	297	15fa6a6a07ae87e275b57c77d654d54eb1fb8f8b345d1aff3d5470217aa267d6
raw/pilot_100_fallback_20260801T180205Z/timing/columba/measured_1/chr22_100_guide_035/output.paf	1014	986145a86aa41385a9bbb5cd5338e224f19dc118858eeb759d145e4a054fb385
raw/pilot_100_fallback_20260801T180205Z/timing/columba/measured_1/chr22_100_guide_035/stderr.txt	27131	19a7bce57c2268e495189ce0232b0b13a465741e4349b22a1ea0d29dcc9002df
raw/pilot_100_fallback_20260801T180205Z/timing/columba/measured_1/chr22_100_guide_036/command.txt	566	34446fdba96d2f066083524581067fc03e27f2dd3f3d70048d2a6cb47060508b
raw/pilot_100_fallback_20260801T180205Z/timing/columba/measured_1/chr22_100_guide_036/metrics.tsv	293	1b1385630a64932b87c8e72d2513f131e4f8d39f39c27d60d8fea79ae8f0f3a0
raw/pilot_100_fallback_20260801T180205Z/timing/columba/measured_1/chr22_100_guide_036/output.paf	105	d902219eeefe3ff64202f082d0493776f51eb4ff2b0f1167c0e670f923533dc4
raw/pilot_100_fallback_20260801T180205Z/timing/columba/measured_1/chr22_100_guide_036/stderr.txt	94	561879fe16bf8d8d845615014aafa1348557dc2b653402bc983228fe11f91985
raw/pilot_100_fallback_20260801T180205Z/timing/columba/measured_1/chr22_100_guide_037/command.txt	566	beda16c3cbaf1a022fec89d057945cfd8465fa1dfc282b3b74180a64935f42f0
raw/pilot_100_fallback_20260801T180205Z/timing/columba/measured_1/chr22_100_guide_037/metrics.tsv	292	f40269148eb5bf69ad1911dc994ce43b8d38612a1540a755c8a3511899f7bb8d
raw/pilot_100_fallback_20260801T180205Z/timing/columba/measured_1/chr22_100_guide_037/output.paf	105	87a59470956d0b27daf38e5e39ded5e150cdea0e868b3bb38ed13ec71694f010
raw/pilot_100_fallback_20260801T180205Z/timing/columba/measured_1/chr22_100_guide_037/stderr.txt	0	e3b0c44298fc1c149afbf4c8996fb92427ae41e4649b934ca495991b7852b855
raw/pilot_100_fallback_20260801T180205Z/timing/columba/measured_1/chr22_100_guide_038/command.txt	566	9c0ec224db1849cbefa2b5764e5537db605396f19a9a7cc317e179e279ebe990
raw/pilot_100_fallback_20260801T180205Z/timing/columba/measured_1/chr22_100_guide_038/metrics.tsv	294	29b4d01793b478a7e3b579bbb93591bc0878a1bafcd184d2fd8d0607b9097a04
raw/pilot_100_fallback_20260801T180205Z/timing/columba/measured_1/chr22_100_guide_038/output.paf	105	029b4bae64ebbe3decac5715b992bb89ceb0731276cd7cd8566eaca4250537b4
raw/pilot_100_fallback_20260801T180205Z/timing/columba/measured_1/chr22_100_guide_038/stderr.txt	846	d19c36693df71437a3e971b04638d4c55f47a0d94d8887a1c6ebbec6f71e8046
raw/pilot_100_fallback_20260801T180205Z/timing/columba/measured_1/chr22_100_guide_039/command.txt	566	478805a118ab94046408be78b00ea8b9ff3949702199a09f057c45c132eb41a5
raw/pilot_100_fallback_20260801T180205Z/timing/columba/measured_1/chr22_100_guide_039/metrics.tsv	292	ba876849ee72c35e82520a8c477ae7af410e4e7814a29f71e923b3cb313569b4
raw/pilot_100_fallback_20260801T180205Z/timing/columba/measured_1/chr22_100_guide_039/output.paf	105	a699d8af011bf9deb858b41d0fae396d8cff7641f7f0fffbf757531340e4d266
raw/pilot_100_fallback_20260801T180205Z/timing/columba/measured_1/chr22_100_guide_039/stderr.txt	0	e3b0c44298fc1c149afbf4c8996fb92427ae41e4649b934ca495991b7852b855
raw/pilot_100_fallback_20260801T180205Z/timing/columba/measured_1/chr22_100_guide_040/command.txt	566	9e25ca24c617ed46f5e32e55fd503488516868fafc7ca7f3c46549ed25702392
raw/pilot_100_fallback_20260801T180205Z/timing/columba/measured_1/chr22_100_guide_040/metrics.tsv	294	046ae12fd850cf5d3cc7105c1c688aba5f3266709e5dcbd61c8dc102023d90a2
raw/pilot_100_fallback_20260801T180205Z/timing/columba/measured_1/chr22_100_guide_040/output.paf	105	4390a33a35b7293befeadb9fa60eb9d4727d057633aeb9a93007f6581228ca97
raw/pilot_100_fallback_20260801T180205Z/timing/columba/measured_1/chr22_100_guide_040/stderr.txt	188	7e3c0298e47ada9502fe1ab91e5aed0852345691cf2da9d42a3b3bb1585655fc
raw/pilot_100_fallback_20260801T180205Z/timing/columba/measured_1/chr22_100_guide_041/command.txt	566	89a5d619df2660b972001d0d159c8a01fcc1576f0c09bbd29c7b700ad4072236
raw/pilot_100_fallback_20260801T180205Z/timing/columba/measured_1/chr22_100_guide_041/metrics.tsv	293	fb8c87f781b6ea6d84d698f612cf13e14e3b60f38bc0dc011c8977bfcf847d2b
raw/pilot_100_fallback_20260801T180205Z/timing/columba/measured_1/chr22_100_guide_041/output.paf	105	3e8108b8109dce3b65881841a62543e3eb3ba821fff9bc76b9b5e43ac8c75d77
raw/pilot_100_fallback_20260801T180205Z/timing/columba/measured_1/chr22_100_guide_041/stderr.txt	94	30d5bd1a2fd8f421e7be29640f109fecf4e022892dc5732c56ef1b76e1f5233b
raw/pilot_100_fallback_20260801T180205Z/timing/columba/measured_1/chr22_100_guide_042/command.txt	566	15e5f721a9d47bcd7e89cc307e577296e5d056ad3d94663a41652d8551c9400f
raw/pilot_100_fallback_20260801T180205Z/timing/columba/measured_1/chr22_100_guide_042/metrics.tsv	292	43ad895044c7a221c4bd68fe5010b3a99f143bef227669e941e73f87b73bcb00
raw/pilot_100_fallback_20260801T180205Z/timing/columba/measured_1/chr22_100_guide_042/output.paf	105	5924fcb39f9667884df027edda8f627478be6271057a2d69844c736321e3169f
raw/pilot_100_fallback_20260801T180205Z/timing/columba/measured_1/chr22_100_guide_042/stderr.txt	0	e3b0c44298fc1c149afbf4c8996fb92427ae41e4649b934ca495991b7852b855
raw/pilot_100_fallback_20260801T180205Z/timing/columba/measured_1/chr22_100_guide_043/command.txt	566	b67a6b497e3a6b9bdebb34b5a399c66ef87ede69a75b252be4fab3d258472f2f
raw/pilot_100_fallback_20260801T180205Z/timing/columba/measured_1/chr22_100_guide_043/metrics.tsv	296	adee9e4955b88bdcddec9f404b2acca82cefa9acd7af73eb8311207980e91a8c
raw/pilot_100_fallback_20260801T180205Z/timing/columba/measured_1/chr22_100_guide_043/output.paf	198	0750254d4598a1695dbaade1146e921cf6dab58c8fc5ab334e4e36f882246f3f
raw/pilot_100_fallback_20260801T180205Z/timing/columba/measured_1/chr22_100_guide_043/stderr.txt	23907	f786f22359fb3a2a1769d5d1b500856dc5b1f5bd752fa9b56a6462248899650e
raw/pilot_100_fallback_20260801T180205Z/timing/columba/measured_1/chr22_100_guide_044/command.txt	566	54530671f67746b66d95a33193c18e5abbbd5ce5541084af83255ec6a0ac78ce
raw/pilot_100_fallback_20260801T180205Z/timing/columba/measured_1/chr22_100_guide_044/metrics.tsv	295	b67957997ee4bb675a2bd2def6ebea2fe0b1c1393a90e0e4427b332b7571002d
raw/pilot_100_fallback_20260801T180205Z/timing/columba/measured_1/chr22_100_guide_044/output.paf	198	fa914a29da8996379fd30ef387eefd7cdc6893880f37a6f45eeedb5b45c937c8
raw/pilot_100_fallback_20260801T180205Z/timing/columba/measured_1/chr22_100_guide_044/stderr.txt	8971	aa527725aa07ee4e1a1873921188b10360514049cf3e6ec4bdf5fc490d38675e
raw/pilot_100_fallback_20260801T180205Z/timing/columba/measured_1/chr22_100_guide_045/command.txt	566	a5dc2c466af134335a0814a6fdc2abbfeea25b3c539a72e90cfd77196bf537a2
raw/pilot_100_fallback_20260801T180205Z/timing/columba/measured_1/chr22_100_guide_045/metrics.tsv	293	b97fce954ba003c8c2e589142cef7321fc4b297b090ffd7f0fe5eade90cdcdb9
raw/pilot_100_fallback_20260801T180205Z/timing/columba/measured_1/chr22_100_guide_045/output.paf	105	7e528a989c31c40be279492b74efb2b32bbafcb76168ffa5ecf4da003dd2852c
raw/pilot_100_fallback_20260801T180205Z/timing/columba/measured_1/chr22_100_guide_045/stderr.txt	94	dd567e27451842465f72c8df72e5b23a60f4533474e55b65999ba98af50e5e25
raw/pilot_100_fallback_20260801T180205Z/timing/columba/measured_1/chr22_100_guide_046/command.txt	566	87d7006eff9339b20600f06c4232d644acdcea738e1b21a96f6a8b23acedaf6e
raw/pilot_100_fallback_20260801T180205Z/timing/columba/measured_1/chr22_100_guide_046/metrics.tsv	293	280d716e61d47b55203bb4873e98eba2a74f19de0d795da9b08db985876586df
raw/pilot_100_fallback_20260801T180205Z/timing/columba/measured_1/chr22_100_guide_046/output.paf	105	714554ca8eac6dff9bf1ea7bcd982ded36f466eaa79bea00a33e12ff4252393b
raw/pilot_100_fallback_20260801T180205Z/timing/columba/measured_1/chr22_100_guide_046/stderr.txt	94	32b0fdb408a245e8ea00a9e3729e5f81f9093394a9fdef4348318ec666ad1e55
raw/pilot_100_fallback_20260801T180205Z/timing/columba/measured_1/chr22_100_guide_047/command.txt	566	09a07f9402cbb8f11a93f4619d86a05a1f257ff3e198b47115e26c3ecb6c46ca
raw/pilot_100_fallback_20260801T180205Z/timing/columba/measured_1/chr22_100_guide_047/metrics.tsv	294	6b9900c6f512caf07f4ded1ec90b6f912d05c08fd7824a236bcaaa3a039475c1
raw/pilot_100_fallback_20260801T180205Z/timing/columba/measured_1/chr22_100_guide_047/output.paf	105	ca51411298336dbdfe2d1022ed02e74028dfbcd2e0e397a8224fce4f6017af72
raw/pilot_100_fallback_20260801T180205Z/timing/columba/measured_1/chr22_100_guide_047/stderr.txt	282	b76583d8074d81b6123010653d515a4ff97310c43c5bf08081014d9154db7606
raw/pilot_100_fallback_20260801T180205Z/timing/columba/measured_1/chr22_100_guide_048/command.txt	566	013615c7451b42b2e94f086fe08854e475f20dd3d22c9013797b8fc057463758
raw/pilot_100_fallback_20260801T180205Z/timing/columba/measured_1/chr22_100_guide_048/metrics.tsv	292	2d8f9022d4a38e27c913a4bb7adcd2ee54b528923e648c3508e35ff77fbd4975
raw/pilot_100_fallback_20260801T180205Z/timing/columba/measured_1/chr22_100_guide_048/output.paf	105	bc3b9f3f86cc8bbd34d0a114947da783ee284f28a9a17754f8b3028fd08951a9
raw/pilot_100_fallback_20260801T180205Z/timing/columba/measured_1/chr22_100_guide_048/stderr.txt	0	e3b0c44298fc1c149afbf4c8996fb92427ae41e4649b934ca495991b7852b855
raw/pilot_100_fallback_20260801T180205Z/timing/columba/measured_1/chr22_100_guide_049/command.txt	566	8aab2e7241e9a2a123f3def9f000857a2f80382ca271073ee216c231d6d447b7
raw/pilot_100_fallback_20260801T180205Z/timing/columba/measured_1/chr22_100_guide_049/metrics.tsv	294	e358a80c72255e41979b44d43f14ead31c4ff229e2a9431313cfda40c31008ed
raw/pilot_100_fallback_20260801T180205Z/timing/columba/measured_1/chr22_100_guide_049/output.paf	323	00230428f6d63582ec60d092b6bc6c689bf77cb21e9480a627f5e8c16d0dc979
raw/pilot_100_fallback_20260801T180205Z/timing/columba/measured_1/chr22_100_guide_049/stderr.txt	940	42d1ec48cb0493956d77fad00767b6c2fed5e28ca7790d50779e46dd1957fd55
raw/pilot_100_fallback_20260801T180205Z/timing/columba/measured_1/chr22_100_guide_050/command.txt	566	c4ee76804607468ef9600712f44ea93a2312cce48ada62302ef5577876e60bd3
raw/pilot_100_fallback_20260801T180205Z/timing/columba/measured_1/chr22_100_guide_050/metrics.tsv	297	464a8d19292f0c64f284867444bbd0cf570fd37a99a04d741f3bf0d1b40d4626
raw/pilot_100_fallback_20260801T180205Z/timing/columba/measured_1/chr22_100_guide_050/output.paf	7864	dce37de5e1818cdd17e4ee8033bf40efbe0d2c545e9392b2dcc57b55c2826417
raw/pilot_100_fallback_20260801T180205Z/timing/columba/measured_1/chr22_100_guide_050/stderr.txt	97025	25673b27f69837dff68516645411fc0233445a384636410926722510c4091cf8
raw/pilot_100_fallback_20260801T180205Z/timing/columba/measured_1/chr22_100_guide_051/command.txt	566	6930dd10c6a4b90b15bd34111d8bf425357a22fd57a493aa3299b720108e74aa
raw/pilot_100_fallback_20260801T180205Z/timing/columba/measured_1/chr22_100_guide_051/metrics.tsv	293	068bab9e069f004516768309fe14a1da4fc06e943cf64ceec9f0844004f5c560
raw/pilot_100_fallback_20260801T180205Z/timing/columba/measured_1/chr22_100_guide_051/output.paf	105	14ef5eacd0519bf8d6f3f1e421b2147ce2cef2d89992ac6bc3c0c6493049fd6f
raw/pilot_100_fallback_20260801T180205Z/timing/columba/measured_1/chr22_100_guide_051/stderr.txt	94	b3f77e03add0f929849c64c186a0f6ee8168522805e29a074a8498ff01f34924
raw/pilot_100_fallback_20260801T180205Z/timing/columba/measured_1/chr22_100_guide_052/command.txt	566	56fcec6ace838c7592226df602b7be1f4a7687b9485435fe9be6e73b08444f71
raw/pilot_100_fallback_20260801T180205Z/timing/columba/measured_1/chr22_100_guide_052/metrics.tsv	293	e9568334b2aa374199201f414d0b8b3e77df94808444751dfed94c104299c6d6
raw/pilot_100_fallback_20260801T180205Z/timing/columba/measured_1/chr22_100_guide_052/output.paf	105	b743dcf20b0f8a4d8e1a343b97d48c58a0bc7fc4d1bb2a983a38d2078d740fcd
raw/pilot_100_fallback_20260801T180205Z/timing/columba/measured_1/chr22_100_guide_052/stderr.txt	94	2948117454b190d6eeeaca3bc94a2bf5793d77da14d80a9f2def8405cee8a845
raw/pilot_100_fallback_20260801T180205Z/timing/columba/measured_1/chr22_100_guide_053/command.txt	566	48476778c0a3f35ba869b05bf8bf6b785237f764574c5b20d02bc627fd6fb84e
raw/pilot_100_fallback_20260801T180205Z/timing/columba/measured_1/chr22_100_guide_053/metrics.tsv	293	bbb8ada518af1c8cd845f9d54e57e63e2a2c481e4e1d856c55f24d8519e6579b
raw/pilot_100_fallback_20260801T180205Z/timing/columba/measured_1/chr22_100_guide_053/output.paf	105	7f92fd7dddc708c2b3ec905f92a74e766b81d6ff9eaf13b4dc9c11ff5e96767a
raw/pilot_100_fallback_20260801T180205Z/timing/columba/measured_1/chr22_100_guide_053/stderr.txt	94	eb38c77d3364d29cf9b4a0c82bd850e49266e1046930de12097b9d1d6f671ebe
raw/pilot_100_fallback_20260801T180205Z/timing/columba/measured_1/chr22_100_guide_054/command.txt	566	e9e3276e6748b10bcfbf0d19b96954bc3988c3aab61428628023340dbff2d19d
raw/pilot_100_fallback_20260801T180205Z/timing/columba/measured_1/chr22_100_guide_054/metrics.tsv	297	da03e2d08d182a590ad395b6f38765c7e40c3fdeac3aeb4278fdb41d0f3f34b8
raw/pilot_100_fallback_20260801T180205Z/timing/columba/measured_1/chr22_100_guide_054/output.paf	1446	3058fcd54fc966d78fcbca10605d2ef57a8d520fd2d192714139789500cccfed
raw/pilot_100_fallback_20260801T180205Z/timing/columba/measured_1/chr22_100_guide_054/stderr.txt	18972	b11e22db3237d2c4296c631fbac7919ba0f6978dc69402ccbec8cecedb0888da
raw/pilot_100_fallback_20260801T180205Z/timing/columba/measured_1/chr22_100_guide_055/command.txt	566	c1ce6223400c52d529f8dfd61438a711cb00e3bab4d1b781c8468977494db9fe
raw/pilot_100_fallback_20260801T180205Z/timing/columba/measured_1/chr22_100_guide_055/metrics.tsv	294	b3f4766add90c8f8fda5cb4ccf511e7de343909307dcbecef71dd99e44a5abfc
raw/pilot_100_fallback_20260801T180205Z/timing/columba/measured_1/chr22_100_guide_055/output.paf	105	a3d6cd5055990fc10a7f55f785689720f3a06133f1b0f4568f98749ce2751038
raw/pilot_100_fallback_20260801T180205Z/timing/columba/measured_1/chr22_100_guide_055/stderr.txt	282	cbf8fe25e09218949637c014c44b0ac6c41b7c9311afed997f16260a3c1fbf6a
raw/pilot_100_fallback_20260801T180205Z/timing/columba/measured_1/chr22_100_guide_056/command.txt	566	8beabd8783755a9d30707f2d2e045d588a57dceb13de2d243acef0cf3ff57b73
raw/pilot_100_fallback_20260801T180205Z/timing/columba/measured_1/chr22_100_guide_056/metrics.tsv	292	aee6f96ba07a7f271822cbc3c38a6f0cf2f0a59ac4508d9956973387e9f2bde6
raw/pilot_100_fallback_20260801T180205Z/timing/columba/measured_1/chr22_100_guide_056/output.paf	105	4a6cdc3b90d2775c2496444fab6f836151cd422ec2c82a9bf758cde5414f2417
raw/pilot_100_fallback_20260801T180205Z/timing/columba/measured_1/chr22_100_guide_056/stderr.txt	0	e3b0c44298fc1c149afbf4c8996fb92427ae41e4649b934ca495991b7852b855
raw/pilot_100_fallback_20260801T180205Z/timing/columba/measured_1/chr22_100_guide_057/command.txt	566	939a79152fdaff1ae639fc8159780cd928c7fc1eee34b839d6e4d6741a853f22
raw/pilot_100_fallback_20260801T180205Z/timing/columba/measured_1/chr22_100_guide_057/metrics.tsv	299	579ba9f4d09b5cff14dfb6f591d0627e14d8480e11804ced0dbd82cc6027dfcb
raw/pilot_100_fallback_20260801T180205Z/timing/columba/measured_1/chr22_100_guide_057/output.paf	60337	77d45e9f5ee3882ec6330d54e9c5cc3440047ffeae274f559bcd95b1bd3bfae3
raw/pilot_100_fallback_20260801T180205Z/timing/columba/measured_1/chr22_100_guide_057/stderr.txt	285190	2b9901666ce4054a63da25ca6c9450e93992d4499d571856646b5da90316ded1
raw/pilot_100_fallback_20260801T180205Z/timing/columba/measured_1/chr22_100_guide_058/command.txt	566	7eb09ce5de4178d7c4d5aa594ca636f2fb1d8967182a3455f28ac42e2bbc4525
raw/pilot_100_fallback_20260801T180205Z/timing/columba/measured_1/chr22_100_guide_058/metrics.tsv	293	d9add0f0368c032b75a23df8d78a5d61fb561672097adb3feba89d642ceb9c13
raw/pilot_100_fallback_20260801T180205Z/timing/columba/measured_1/chr22_100_guide_058/output.paf	105	b7517a16df61180265ec10a20cb33a003c3ea568992073591f20e96d81391119
raw/pilot_100_fallback_20260801T180205Z/timing/columba/measured_1/chr22_100_guide_058/stderr.txt	94	b52ea0dac91d497aaec6f642a08329c4472b1d235792c856330e28a7c0b02c57
raw/pilot_100_fallback_20260801T180205Z/timing/columba/measured_1/chr22_100_guide_059/command.txt	566	c3537f828122d28432cb2772f00c70b2a2ee786cc6f3eaa59447bd6088b95563
raw/pilot_100_fallback_20260801T180205Z/timing/columba/measured_1/chr22_100_guide_059/metrics.tsv	293	532cd2ef67f58c1c087b9f069613414c03eb157d3899d27a0a4d0efc8f2ed144
raw/pilot_100_fallback_20260801T180205Z/timing/columba/measured_1/chr22_100_guide_059/output.paf	105	a6e8f7dbe8440152b018e778c86e594c220662576f7388bf74086116bfb557b5
raw/pilot_100_fallback_20260801T180205Z/timing/columba/measured_1/chr22_100_guide_059/stderr.txt	94	0125d3c4984bdc22f6fcb221414dd3900ca99fecfcf592d4992e3000caf67fe4
raw/pilot_100_fallback_20260801T180205Z/timing/columba/measured_1/chr22_100_guide_060/command.txt	566	f675caf8479b208360f406ce301af37f1a970747d7605a9cefe149eb906385db
raw/pilot_100_fallback_20260801T180205Z/timing/columba/measured_1/chr22_100_guide_060/metrics.tsv	294	fe5e1aa68865472890ec99112ec539b5786883e582ad4eb2225bd17efb6bb2c0
raw/pilot_100_fallback_20260801T180205Z/timing/columba/measured_1/chr22_100_guide_060/output.paf	105	96bacc0c5f62f5ee3cb64d6560e882e64673267447e8714383a4ab744f1c99a8
raw/pilot_100_fallback_20260801T180205Z/timing/columba/measured_1/chr22_100_guide_060/stderr.txt	932	ccbb31fe1ebb9328fe27201916e87bd7c24b711b7b0b063a7f477755fe73cf70
raw/pilot_100_fallback_20260801T180205Z/timing/columba/measured_1/chr22_100_guide_061/command.txt	566	650f4a13a507d96048e121012f990c63693293901f36d8425e7b722d48b66b06
raw/pilot_100_fallback_20260801T180205Z/timing/columba/measured_1/chr22_100_guide_061/metrics.tsv	294	f4bd40d3261c4aa1c674f487d5e0867f312de8737c49c6f7144b9e812075e1c2
raw/pilot_100_fallback_20260801T180205Z/timing/columba/measured_1/chr22_100_guide_061/output.paf	105	9246314add68bcb309196485353ca32264aa9d97b65d40e3825659e7fa9e07c5
raw/pilot_100_fallback_20260801T180205Z/timing/columba/measured_1/chr22_100_guide_061/stderr.txt	188	12cf0f82ebccaab6f5456eda16e6f1aa1c8c09e0e0b6bfe076d282d5294656c8
raw/pilot_100_fallback_20260801T180205Z/timing/columba/measured_1/chr22_100_guide_062/command.txt	566	a171f4906b917c9444cb15e384cf94bd72bb1f50e60d9c439fe183380f9af0c5
raw/pilot_100_fallback_20260801T180205Z/timing/columba/measured_1/chr22_100_guide_062/metrics.tsv	292	38ef5e63dda153ec9b1a144cb79ad8cda1778d4b7b530e157b941017a9040646
raw/pilot_100_fallback_20260801T180205Z/timing/columba/measured_1/chr22_100_guide_062/output.paf	105	4832e7aa711ccdac22496f6cb8a979eec30369c372fca1b6aba1e3edfb12e8a1
raw/pilot_100_fallback_20260801T180205Z/timing/columba/measured_1/chr22_100_guide_062/stderr.txt	0	e3b0c44298fc1c149afbf4c8996fb92427ae41e4649b934ca495991b7852b855
raw/pilot_100_fallback_20260801T180205Z/timing/columba/measured_1/chr22_100_guide_063/command.txt	566	8763348e45d4d4c45c8cef4948b1fd06ac339aadcc02d5a956f282c1ac0c35ef
raw/pilot_100_fallback_20260801T180205Z/timing/columba/measured_1/chr22_100_guide_063/metrics.tsv	293	6b38a1234012be4822e5850d13aeccf9c5c047914712c9341c663fe0e0b2c683
raw/pilot_100_fallback_20260801T180205Z/timing/columba/measured_1/chr22_100_guide_063/output.paf	105	c4ca7ddc636638d7005d3e187756ba84185296e1c2585b41d0a7a856e2606213
raw/pilot_100_fallback_20260801T180205Z/timing/columba/measured_1/chr22_100_guide_063/stderr.txt	94	696e651629a088ed51fa18bf92752b7cebcc5231944eb0da133c1b9ea7800ae7
raw/pilot_100_fallback_20260801T180205Z/timing/columba/measured_1/chr22_100_guide_064/command.txt	566	cbfa779c953bf1b574cb41e057ec20878b0869a63cd3d04f0cd6279b249ef292
raw/pilot_100_fallback_20260801T180205Z/timing/columba/measured_1/chr22_100_guide_064/metrics.tsv	294	cddb05d72bb72a71b5834ff1d332e9b84315d9e6d32fc2a7b30e4dd730cf929a
raw/pilot_100_fallback_20260801T180205Z/timing/columba/measured_1/chr22_100_guide_064/output.paf	105	b38f02456f345d872287da7f74b53691b169eb255cc35d11d103c308c700d2eb
raw/pilot_100_fallback_20260801T180205Z/timing/columba/measured_1/chr22_100_guide_064/stderr.txt	282	80ee862860c0660e526ecb32b831aefab1ec8d289bb9d77c6b7b292513f4e728
raw/pilot_100_fallback_20260801T180205Z/timing/columba/measured_1/chr22_100_guide_065/command.txt	566	cd8bea7ad0302bb53f4545cde2f35efde24f2fb175dfc2c4ed9246058809a00d
raw/pilot_100_fallback_20260801T180205Z/timing/columba/measured_1/chr22_100_guide_065/metrics.tsv	292	558b1cfdcc4149c753ad2d44a4b90ab062c1a42f1d4e63f4f3698d038bcae129
raw/pilot_100_fallback_20260801T180205Z/timing/columba/measured_1/chr22_100_guide_065/output.paf	105	4a6f7a313e251182f276be210f99075cb7bfa5275fa278d132ac27df6e713db1
raw/pilot_100_fallback_20260801T180205Z/timing/columba/measured_1/chr22_100_guide_065/stderr.txt	0	e3b0c44298fc1c149afbf4c8996fb92427ae41e4649b934ca495991b7852b855
raw/pilot_100_fallback_20260801T180205Z/timing/columba/measured_1/chr22_100_guide_066/command.txt	566	c69994929b6770cb304fdeac6afc4e19a288b04c9df37b0b524f6678ae4d6c60
raw/pilot_100_fallback_20260801T180205Z/timing/columba/measured_1/chr22_100_guide_066/metrics.tsv	293	85ed75c45d668531b255a0a2ab71605fe55733c66cfa788c4fb90f9fc2774d5f
raw/pilot_100_fallback_20260801T180205Z/timing/columba/measured_1/chr22_100_guide_066/output.paf	105	4802296ebbba9922a4ece696902be06427691049808ba406ed873a9a4a219f9c
raw/pilot_100_fallback_20260801T180205Z/timing/columba/measured_1/chr22_100_guide_066/stderr.txt	94	5f467778f752a1aaed5df46d05a9a1b73450c302e12b8f1f7e33ddf845f2077e
raw/pilot_100_fallback_20260801T180205Z/timing/columba/measured_1/chr22_100_guide_067/command.txt	566	1b1523f9c92f86af9cfe29cb89d4261c92b593a6c7fc810de26996f588036e43
raw/pilot_100_fallback_20260801T180205Z/timing/columba/measured_1/chr22_100_guide_067/metrics.tsv	294	e57948530b427511abd594b7b9e4b44218046662c77577e54348ab57eb0975ca
raw/pilot_100_fallback_20260801T180205Z/timing/columba/measured_1/chr22_100_guide_067/output.paf	105	0229a4fc79d3d37ddda05a4910899ff60fcd29aa41d3690d08b235deae1dd329
raw/pilot_100_fallback_20260801T180205Z/timing/columba/measured_1/chr22_100_guide_067/stderr.txt	282	53b771ffaca11cb96d720daf7c16129376f1614689ba28d188fa0d0308cc5d07
raw/pilot_100_fallback_20260801T180205Z/timing/columba/measured_1/chr22_100_guide_068/command.txt	566	b4f95c6280b1a4dc349971cca88c87fd6230df502fa8f9023aa12bfe754f76e7
raw/pilot_100_fallback_20260801T180205Z/timing/columba/measured_1/chr22_100_guide_068/metrics.tsv	294	948e78969b1c7f431f131551a18e81c2e3c05be46b6047256f11b857232419d0
raw/pilot_100_fallback_20260801T180205Z/timing/columba/measured_1/chr22_100_guide_068/output.paf	214	d39c5b6762aa09453e14f55e106ab300ceb4955ee3d73b381937cbf2220ed042
raw/pilot_100_fallback_20260801T180205Z/timing/columba/measured_1/chr22_100_guide_068/stderr.txt	188	fc6bbc4c65e692473cbf32ff151557635e2d1dd99e4b69c5ee3da000a109cea9
raw/pilot_100_fallback_20260801T180205Z/timing/columba/measured_1/chr22_100_guide_069/command.txt	566	6ab248107276765722b8a3fdbe4c32639a5386a8a99ebb56c252f33b45d836de
raw/pilot_100_fallback_20260801T180205Z/timing/columba/measured_1/chr22_100_guide_069/metrics.tsv	294	486b8f77eaa022b146dff405f9e2b693f2c760898fb54902f320b2039fa016d0
raw/pilot_100_fallback_20260801T180205Z/timing/columba/measured_1/chr22_100_guide_069/output.paf	105	77885b288a794217926cbdc3f9557271a5584ca0a3525a33368ba9dfa0f79c36
raw/pilot_100_fallback_20260801T180205Z/timing/columba/measured_1/chr22_100_guide_069/stderr.txt	470	5d430161443a2a46da19dfd91300b023436381d8acde81bd4858cc16663951ac
raw/pilot_100_fallback_20260801T180205Z/timing/columba/measured_1/chr22_100_guide_070/command.txt	566	3e50a90b55d592389b4d53c90eb7f4f4ac764beaebd77db60eb82cbf62079482
raw/pilot_100_fallback_20260801T180205Z/timing/columba/measured_1/chr22_100_guide_070/metrics.tsv	293	5cb837f6abc9822ff322a743ebafb8fb5b9f7b1252213c2a34ab91d22e8c61e5
raw/pilot_100_fallback_20260801T180205Z/timing/columba/measured_1/chr22_100_guide_070/output.paf	105	555a66e1753526673117e366fb233c844df0cfc38a64971866528e20e52f4ca2
raw/pilot_100_fallback_20260801T180205Z/timing/columba/measured_1/chr22_100_guide_070/stderr.txt	94	daf225fd739240830663f4f6fa1add420c3d409ae734e31ecd3e9a98f65456bd
raw/pilot_100_fallback_20260801T180205Z/timing/columba/measured_1/chr22_100_guide_071/command.txt	566	cf3d3efc4290dcac6538399bcdb35e7649abd5a1bb77134f82032d399cfc2cd2
raw/pilot_100_fallback_20260801T180205Z/timing/columba/measured_1/chr22_100_guide_071/metrics.tsv	292	3ffb27a139d53b7622b5df691c741d78a2f6612e7798afa166611b5c389cb25c
raw/pilot_100_fallback_20260801T180205Z/timing/columba/measured_1/chr22_100_guide_071/output.paf	105	db50066ab5215e0ab40715d3e84c765c47977eb5d92e2f74fef9a37ee0c19f96
raw/pilot_100_fallback_20260801T180205Z/timing/columba/measured_1/chr22_100_guide_071/stderr.txt	0	e3b0c44298fc1c149afbf4c8996fb92427ae41e4649b934ca495991b7852b855
raw/pilot_100_fallback_20260801T180205Z/timing/columba/measured_1/chr22_100_guide_072/command.txt	566	094ffe4630fe361070d84d4d80c4f5bbfa18cfafddd156b27194d89d96fd10ea
raw/pilot_100_fallback_20260801T180205Z/timing/columba/measured_1/chr22_100_guide_072/metrics.tsv	294	93b5d0b2728bf0224bdb5da88cc3d4a218de5e76fc7d914b6cbb369e38810e26
raw/pilot_100_fallback_20260801T180205Z/timing/columba/measured_1/chr22_100_guide_072/output.paf	105	a7389bd954eaa7a8f7c3e448a2ff3a3f4ef011b680d833fad933fd884d099eca
raw/pilot_100_fallback_20260801T180205Z/timing/columba/measured_1/chr22_100_guide_072/stderr.txt	282	9b7501725ac0e846ebbf11d00696dd347ff96cf1e9b93286935af165a5a8fa66
raw/pilot_100_fallback_20260801T180205Z/timing/columba/measured_1/chr22_100_guide_073/command.txt	566	eba1264cf9013d38525c2d30bcf23d12aa2915d02fc0212879ab1e5d20bb5fc4
raw/pilot_100_fallback_20260801T180205Z/timing/columba/measured_1/chr22_100_guide_073/metrics.tsv	293	0409c0a8d4c7e8a7a4d2460c6410868d42fd5c1f9adba77202db5ad518311746
raw/pilot_100_fallback_20260801T180205Z/timing/columba/measured_1/chr22_100_guide_073/output.paf	105	850390cf00e784716c531f5e64380876ff07596af289e7ba34bc096bff075ecc
raw/pilot_100_fallback_20260801T180205Z/timing/columba/measured_1/chr22_100_guide_073/stderr.txt	94	f44e84d998c57621965bbb72ae37ec201bf3185e3f28563924ad182f849d8046
raw/pilot_100_fallback_20260801T180205Z/timing/columba/measured_1/chr22_100_guide_074/command.txt	566	1de414c580ca4646dae0aea0ec19ffe2efd70be71594dfa9581396a7bf5bbd4f
raw/pilot_100_fallback_20260801T180205Z/timing/columba/measured_1/chr22_100_guide_074/metrics.tsv	298	55290e7dcaa035bc44eaee1853492149083d9d76fb34bb7bddc8a1f0b03116c2
raw/pilot_100_fallback_20260801T180205Z/timing/columba/measured_1/chr22_100_guide_074/output.paf	1529	76a6c31466fe8a92224b497f48d2a2b9c37e70f1819d8dbfb848d4f9edb761fa
raw/pilot_100_fallback_20260801T180205Z/timing/columba/measured_1/chr22_100_guide_074/stderr.txt	105419	5d8c3c5262e38d7dcf79bb590cb26e9f2d0dcf06deb7d1592a9870792a22513e
raw/pilot_100_fallback_20260801T180205Z/timing/columba/measured_1/chr22_100_guide_075/command.txt	566	98658e1f73bdf5d075e4a24f6a1098b56c3aba0440255c52455a073c4450183d
raw/pilot_100_fallback_20260801T180205Z/timing/columba/measured_1/chr22_100_guide_075/metrics.tsv	298	85bc63a687c2bdd68d293436014f39710b30b7c309e6da3201d851dcdbe0b7ec
raw/pilot_100_fallback_20260801T180205Z/timing/columba/measured_1/chr22_100_guide_075/output.paf	70824	8cd88d35a6239e28f2d4fbc087a6b9692a349aea3a2e67d683ea11cc00b840b9
raw/pilot_100_fallback_20260801T180205Z/timing/columba/measured_1/chr22_100_guide_075/stderr.txt	99365	ae0d360083b0af56bd11fb704abe24935addb611a3312190e66090cd83bd6649
raw/pilot_100_fallback_20260801T180205Z/timing/columba/measured_1/chr22_100_guide_076/command.txt	566	87f7dcb24038b78b26f44b74116c77e21deac72c253eb35c7be0d7648be62d64
raw/pilot_100_fallback_20260801T180205Z/timing/columba/measured_1/chr22_100_guide_076/metrics.tsv	298	7d949c349b29875495f23559b02bc28f208b5fe564bb301d13e33b4d9a472c68
raw/pilot_100_fallback_20260801T180205Z/timing/columba/measured_1/chr22_100_guide_076/output.paf	3832	a3708319d6d4098cc051809e3fc924b4e19fa417c7730648eec2d9aff2c6874f
raw/pilot_100_fallback_20260801T180205Z/timing/columba/measured_1/chr22_100_guide_076/stderr.txt	226653	cb3d9fed22603537236f05dd51494a2dd8aff4f617ef543b45f73896a1ee5453
raw/pilot_100_fallback_20260801T180205Z/timing/columba/measured_1/chr22_100_guide_077/command.txt	566	e9695feb5898e638ab32195c49ff76b873f8dc943737ca1979ee8c1b4ec12301
raw/pilot_100_fallback_20260801T180205Z/timing/columba/measured_1/chr22_100_guide_077/metrics.tsv	293	b6619dba8f180bbfc32a20abfbb9fe96b0bdd16cdd061bc796c28b6b5ab56bf4
raw/pilot_100_fallback_20260801T180205Z/timing/columba/measured_1/chr22_100_guide_077/output.paf	105	e3869c3952dd0b0eb3e37141b1040c6f25b82c4e398011436f2219c75f8febe8
raw/pilot_100_fallback_20260801T180205Z/timing/columba/measured_1/chr22_100_guide_077/stderr.txt	94	b9c553e0ccfe2ce660998762584c8775fddbac678c08f7828037c9b6239ea576
raw/pilot_100_fallback_20260801T180205Z/timing/columba/measured_1/chr22_100_guide_078/command.txt	566	f9c7351bcc66b75e96ec02ff0802506b5e2eec8a2d9441060693a17c153c38a2
raw/pilot_100_fallback_20260801T180205Z/timing/columba/measured_1/chr22_100_guide_078/metrics.tsv	292	30b39f4e68c2fe1602d861a438f34c6f96756d9a10951c692d35a20f66ddfced
raw/pilot_100_fallback_20260801T180205Z/timing/columba/measured_1/chr22_100_guide_078/output.paf	105	b32f95b3659bdf5efde0a545c93605a84811e1f51637e98948f88b66e0c918a9
raw/pilot_100_fallback_20260801T180205Z/timing/columba/measured_1/chr22_100_guide_078/stderr.txt	0	e3b0c44298fc1c149afbf4c8996fb92427ae41e4649b934ca495991b7852b855
raw/pilot_100_fallback_20260801T180205Z/timing/columba/measured_1/chr22_100_guide_079/command.txt	566	8ea7de91065d96cb7237ab072a8256cdc57cdf37a3558a1dd7fd031b56a7bdeb
raw/pilot_100_fallback_20260801T180205Z/timing/columba/measured_1/chr22_100_guide_079/metrics.tsv	294	a32cbf8992d921aec2ab9142aab207dcc96c73b11c72b4170ea2acca1aae9a7c
raw/pilot_100_fallback_20260801T180205Z/timing/columba/measured_1/chr22_100_guide_079/output.paf	105	3719b9c87eb26bae46571444132aecd72ec6971081ed8592128ac8081655f637
raw/pilot_100_fallback_20260801T180205Z/timing/columba/measured_1/chr22_100_guide_079/stderr.txt	188	ba8e3024a8dbd3ab92f3c3efd62af4339a44a56f1d02bd2d31d752a8b26c0e77
raw/pilot_100_fallback_20260801T180205Z/timing/columba/measured_1/chr22_100_guide_080/command.txt	566	2d4beb5215dc7bb7ae5ee9b27f218d9dcc93a4842d23a09fe9e71372bcb574ab
raw/pilot_100_fallback_20260801T180205Z/timing/columba/measured_1/chr22_100_guide_080/metrics.tsv	293	0f524c8aef66c38fdbeb5933c444b97719ef88cf763956cfdb7842aa039fca92
raw/pilot_100_fallback_20260801T180205Z/timing/columba/measured_1/chr22_100_guide_080/output.paf	105	5c9d989f365df1d424483a28cbc77093b089ff7ebee8cd46972f309ff0b6db17
raw/pilot_100_fallback_20260801T180205Z/timing/columba/measured_1/chr22_100_guide_080/stderr.txt	94	2f17411719ddcf823a39fa8532b48978e18ea71b4f65cc71e1b1d51840c18def
raw/pilot_100_fallback_20260801T180205Z/timing/columba/measured_1/chr22_100_guide_081/command.txt	566	edea278b4b049a5340bb5c50fc2d230e91dcfde3ecd1f021aa9d84b5570318b2
raw/pilot_100_fallback_20260801T180205Z/timing/columba/measured_1/chr22_100_guide_081/metrics.tsv	292	d6c38262ffbad26f0a7f5b8bf769cc4f98e7bc20cc8bbd25961b3edd8f6d46f1
raw/pilot_100_fallback_20260801T180205Z/timing/columba/measured_1/chr22_100_guide_081/output.paf	105	60f8b2bdc588b6b13527c78acc609879caa8defea9c72ada132dee63d52ad9bf
raw/pilot_100_fallback_20260801T180205Z/timing/columba/measured_1/chr22_100_guide_081/stderr.txt	0	e3b0c44298fc1c149afbf4c8996fb92427ae41e4649b934ca495991b7852b855
raw/pilot_100_fallback_20260801T180205Z/timing/columba/measured_1/chr22_100_guide_082/command.txt	566	8d8ee63c2dc3597eb4d53ab55f7bd7f259286db993286b37bd5b9449ec608352
raw/pilot_100_fallback_20260801T180205Z/timing/columba/measured_1/chr22_100_guide_082/metrics.tsv	292	e6d5454131ec0b9d332ef14761e3493a7fb689982511b6c88c5fc0548abb3830
raw/pilot_100_fallback_20260801T180205Z/timing/columba/measured_1/chr22_100_guide_082/output.paf	105	8aa0d629b648d54d65dead9f626b4f79b04416d14abcb761ce6f8afd4c8d5a02
raw/pilot_100_fallback_20260801T180205Z/timing/columba/measured_1/chr22_100_guide_082/stderr.txt	0	e3b0c44298fc1c149afbf4c8996fb92427ae41e4649b934ca495991b7852b855
raw/pilot_100_fallback_20260801T180205Z/timing/columba/measured_1/chr22_100_guide_083/command.txt	566	265dab80c13692588576635f415fb6f819f737e48546a4f351922e056f63a6d4
raw/pilot_100_fallback_20260801T180205Z/timing/columba/measured_1/chr22_100_guide_083/metrics.tsv	295	6e477a98cf067127d2e70e0263de56c8b34fadc24e5f8259b052ddc262c82d2b
raw/pilot_100_fallback_20260801T180205Z/timing/columba/measured_1/chr22_100_guide_083/output.paf	105	1da030b92202db00fdf4fa746fa0de1c56a74c6415d7abf8e6e634730c0990ca
raw/pilot_100_fallback_20260801T180205Z/timing/columba/measured_1/chr22_100_guide_083/stderr.txt	3477	e8d6de60c3ba05b27001c144755f4d3ad082de5cdf0fdf5e9cf6b7717422195e
raw/pilot_100_fallback_20260801T180205Z/timing/columba/measured_1/chr22_100_guide_084/command.txt	566	652cf2a3baf6abf7fca52799913ebc1e19a0496d559a3709599e2e145044eed8
raw/pilot_100_fallback_20260801T180205Z/timing/columba/measured_1/chr22_100_guide_084/metrics.tsv	298	7f226f934b3dc68d9e27272f7e625390eab78ebb040b37f04eeb4694d1e93dc5
raw/pilot_100_fallback_20260801T180205Z/timing/columba/measured_1/chr22_100_guide_084/output.paf	5945	3d5c5eea17a8aa3a8f994922ea224d56786739f5f0a5310fdde2fb172a35766e
raw/pilot_100_fallback_20260801T180205Z/timing/columba/measured_1/chr22_100_guide_084/stderr.txt	152617	2a914062b2e61c0fc83bf7fd2ab17483db18f0ba4c11d5d51cac16a335f4a276
raw/pilot_100_fallback_20260801T180205Z/timing/columba/measured_1/chr22_100_guide_085/command.txt	566	c35c3ed68b7b3ec3e66308379e99e66e1aa9e45d56a2aad753bb40f887fb41f7
raw/pilot_100_fallback_20260801T180205Z/timing/columba/measured_1/chr22_100_guide_085/metrics.tsv	292	10e52f8488f2d253ca4648cc32e1a6887a3b962bed7bd6f5a9703624f3e60e1d
raw/pilot_100_fallback_20260801T180205Z/timing/columba/measured_1/chr22_100_guide_085/output.paf	105	886f21508ef43139da65b3307d412b9c43af12390fb60b152be51f2961337117
raw/pilot_100_fallback_20260801T180205Z/timing/columba/measured_1/chr22_100_guide_085/stderr.txt	0	e3b0c44298fc1c149afbf4c8996fb92427ae41e4649b934ca495991b7852b855
raw/pilot_100_fallback_20260801T180205Z/timing/columba/measured_1/chr22_100_guide_086/command.txt	566	c956abb4db5d46c3fae1578ba5adbeb3e399ad25084a0984a122ca3a62d0db46
raw/pilot_100_fallback_20260801T180205Z/timing/columba/measured_1/chr22_100_guide_086/metrics.tsv	294	10f0158ddc1345a591b7d9dfd9fcca8cb8b0ca8a6cd5f2b675832c85705387f4
raw/pilot_100_fallback_20260801T180205Z/timing/columba/measured_1/chr22_100_guide_086/output.paf	105	b49d937c3f713b95c07b0df4983659c5531f5062b2c8b309c93edf95c5d33253
raw/pilot_100_fallback_20260801T180205Z/timing/columba/measured_1/chr22_100_guide_086/stderr.txt	281	fe8b505978787bbd7a6d3b5268bab52bb800793326eda2f064520359431dd393
raw/pilot_100_fallback_20260801T180205Z/timing/columba/measured_1/chr22_100_guide_087/command.txt	566	c1b44b1cfb9abb07528060f7b65b22634376a03df1e64d63dcbd991d5e09bb2e
raw/pilot_100_fallback_20260801T180205Z/timing/columba/measured_1/chr22_100_guide_087/metrics.tsv	297	688aa3b33925fd249f11e959e51d12f8df3f9440d2374b1a6e688d054ea4f5ef
raw/pilot_100_fallback_20260801T180205Z/timing/columba/measured_1/chr22_100_guide_087/output.paf	537	7299c25e9e9229b69fae4918dbd7a3d10cf292aa3a5ae9e727231b52918c4ec1
raw/pilot_100_fallback_20260801T180205Z/timing/columba/measured_1/chr22_100_guide_087/stderr.txt	124597	e022cf39cf254e9d5e76a228fc4449c3751d849c1fa8e8eb5b7d348ead9de8a8
raw/pilot_100_fallback_20260801T180205Z/timing/columba/measured_1/chr22_100_guide_088/command.txt	566	77114703b970f8f9941648271a04fc172d15df91fc3d72635a634db9e68ae78a
raw/pilot_100_fallback_20260801T180205Z/timing/columba/measured_1/chr22_100_guide_088/metrics.tsv	294	52148b721dacac802e4a3c2735adf073722ac1fee72ea26bf8249b164397f144
raw/pilot_100_fallback_20260801T180205Z/timing/columba/measured_1/chr22_100_guide_088/output.paf	105	7b9ea615f9aa7e046adebd0e63adf8ebdc63c09e2a683a13ae5b9e9457fd8152
raw/pilot_100_fallback_20260801T180205Z/timing/columba/measured_1/chr22_100_guide_088/stderr.txt	282	000abe2ead510b1e81f85058fe4a2422bdd56dfa268e082b10ff250075738f0e
raw/pilot_100_fallback_20260801T180205Z/timing/columba/measured_1/chr22_100_guide_089/command.txt	566	cb174a5304d89f52664baefbea68e481d943e4424d74197582aac02b4e4a5d71
raw/pilot_100_fallback_20260801T180205Z/timing/columba/measured_1/chr22_100_guide_089/metrics.tsv	293	c85f5a8ccb6e82ff10f7d8316dbede7aa048a73d6809dce5571c81ea281cab64
raw/pilot_100_fallback_20260801T180205Z/timing/columba/measured_1/chr22_100_guide_089/output.paf	105	790719bd8847db6a942f261864ea37c0ec15f7a4f400e0bd1eaf31a8e659f354
raw/pilot_100_fallback_20260801T180205Z/timing/columba/measured_1/chr22_100_guide_089/stderr.txt	94	5747958b98329bf390adcb88fe0c55df552279978269e4428317edf8497c35fb
raw/pilot_100_fallback_20260801T180205Z/timing/columba/measured_1/chr22_100_guide_090/command.txt	566	97804ea5ccea07c7d3140fe3f7f9435d15f4eb14000d76f6dd3e682137d9d481
raw/pilot_100_fallback_20260801T180205Z/timing/columba/measured_1/chr22_100_guide_090/metrics.tsv	294	fdcaf23761332840f31503cf5ea8fb249552dfd3ef8e0571928019ad5fadcdee
raw/pilot_100_fallback_20260801T180205Z/timing/columba/measured_1/chr22_100_guide_090/output.paf	105	af0e7d04b9032b6ba55a507cdc6196da5e7f3adbce117a38bb6ba2d2fb078cba
raw/pilot_100_fallback_20260801T180205Z/timing/columba/measured_1/chr22_100_guide_090/stderr.txt	188	bb969d4b02ddd34c284543e306e202b2336d7575aa86daa3e6466757c09fd92b
raw/pilot_100_fallback_20260801T180205Z/timing/columba/measured_1/chr22_100_guide_091/command.txt	566	0d91d0abe127937436cec38cf5c1b8e5e2b01735df65df22d7c6ead878abcfe7
raw/pilot_100_fallback_20260801T180205Z/timing/columba/measured_1/chr22_100_guide_091/metrics.tsv	294	801a75b2fc42a829a3e45d4ef033ede758e037e71501ec42867896a0dd6f2e77
raw/pilot_100_fallback_20260801T180205Z/timing/columba/measured_1/chr22_100_guide_091/output.paf	214	cf53e5c0ba2549b95ad7cc66f6caa57165a2d7ef971b8448816c1f5189dcba42
raw/pilot_100_fallback_20260801T180205Z/timing/columba/measured_1/chr22_100_guide_091/stderr.txt	376	99ee76e9b64774c9369be8a6f72c896db95e3888b9d30ddcbc455b25e12e4601
raw/pilot_100_fallback_20260801T180205Z/timing/columba/measured_1/chr22_100_guide_092/command.txt	566	82b6bb884dfe7e6ebafb6087ccdcf199d3657098116bab9bd175a99e58d05f2e
raw/pilot_100_fallback_20260801T180205Z/timing/columba/measured_1/chr22_100_guide_092/metrics.tsv	294	c35e29ea2bf3cd90083a5786414f1f917a9f490ea06b35b0efe92929e1f40d61
raw/pilot_100_fallback_20260801T180205Z/timing/columba/measured_1/chr22_100_guide_092/output.paf	105	36dc22934c7c02b9c1a4043e7fa71e9fab23fac626842ee0233fa0a19e8a4d8d
raw/pilot_100_fallback_20260801T180205Z/timing/columba/measured_1/chr22_100_guide_092/stderr.txt	282	f9edfd1414c172b5a32e647be62f7efb9a1867b2825caa326cd197691299ad06
raw/pilot_100_fallback_20260801T180205Z/timing/columba/measured_1/chr22_100_guide_093/command.txt	566	75423228da4358cddac92bbb5822ed6e161e55c6642324e65e72684aabe31ab8
raw/pilot_100_fallback_20260801T180205Z/timing/columba/measured_1/chr22_100_guide_093/metrics.tsv	293	0a8ab9bc92fe691969a4da5fe4d54fc232d15fc3a09994e2fdf5edb1083546f8
raw/pilot_100_fallback_20260801T180205Z/timing/columba/measured_1/chr22_100_guide_093/output.paf	105	7c248ba9765e06499bdbdd56fa063150392f57bbcf49d7273e7a34148cb2a14e
raw/pilot_100_fallback_20260801T180205Z/timing/columba/measured_1/chr22_100_guide_093/stderr.txt	94	cb99cf2cb5c76fa9de96c7d214883bdebf51068c4cfea4bec3c2c4a8fda8efb1
raw/pilot_100_fallback_20260801T180205Z/timing/columba/measured_1/chr22_100_guide_094/command.txt	566	1611a9955c028c9e0b50ffbc9c8be9c9c129b9f18b1fed46ad8dc10176612085
raw/pilot_100_fallback_20260801T180205Z/timing/columba/measured_1/chr22_100_guide_094/metrics.tsv	292	db8945fae675a21ac262b0a6f1a99c323433eca398796394e6f2981c8578a951
raw/pilot_100_fallback_20260801T180205Z/timing/columba/measured_1/chr22_100_guide_094/output.paf	105	b129ef3c4f85946c1752fcdec67457fbfa137faf10c495dcfb79020726f0093a
raw/pilot_100_fallback_20260801T180205Z/timing/columba/measured_1/chr22_100_guide_094/stderr.txt	0	e3b0c44298fc1c149afbf4c8996fb92427ae41e4649b934ca495991b7852b855
raw/pilot_100_fallback_20260801T180205Z/timing/columba/measured_1/chr22_100_guide_095/command.txt	566	b23e9caf78828ea66a5e975d497d0672f697b588e38fbc498b22d0d319f91103
raw/pilot_100_fallback_20260801T180205Z/timing/columba/measured_1/chr22_100_guide_095/metrics.tsv	293	8aff747ab4f465aef17dd2858344d21198d1d2430eb86f501b4e5a4db0181087
raw/pilot_100_fallback_20260801T180205Z/timing/columba/measured_1/chr22_100_guide_095/output.paf	214	72cfccdb732c7f835e82aebb76ca4186954ee044989d4d3f165c230249e1ab41
raw/pilot_100_fallback_20260801T180205Z/timing/columba/measured_1/chr22_100_guide_095/stderr.txt	94	8dd8d8e768aa6c5cd7d90852728b3841c27aebb8dbde3dfbf7f30997ce15d157
raw/pilot_100_fallback_20260801T180205Z/timing/columba/measured_1/chr22_100_guide_096/command.txt	566	cc8c07c4d9cdf195933dc528fcd307f7d913356d409af62b2ac24755f5176818
raw/pilot_100_fallback_20260801T180205Z/timing/columba/measured_1/chr22_100_guide_096/metrics.tsv	294	ee6f625b227f0727e6932389a0b3aa00fd899c4ae9424104955e64d123b32e85
raw/pilot_100_fallback_20260801T180205Z/timing/columba/measured_1/chr22_100_guide_096/output.paf	105	66356638d350f202a4fc3653512e2eb61d180a210d3b4874237620fdd88f45ac
raw/pilot_100_fallback_20260801T180205Z/timing/columba/measured_1/chr22_100_guide_096/stderr.txt	376	96e1dce767526b5e03b01ea34764f33de2e58653d775c70a8355e05d5d77a707
raw/pilot_100_fallback_20260801T180205Z/timing/columba/measured_1/chr22_100_guide_097/command.txt	566	e76b33e28d66a2a0ec64cd64199ca3676d87f6718cfa073c2a38746ce3da45e0
raw/pilot_100_fallback_20260801T180205Z/timing/columba/measured_1/chr22_100_guide_097/metrics.tsv	294	5f5feac1ba4ad199f01f41b2a60f550b50ca1b15d402c0963d6792eba1f361e8
raw/pilot_100_fallback_20260801T180205Z/timing/columba/measured_1/chr22_100_guide_097/output.paf	105	ec3317eca52cb313be8b742bd84d70d8e9f8f3d3a8dfda83e632d9ec5b3e7472
raw/pilot_100_fallback_20260801T180205Z/timing/columba/measured_1/chr22_100_guide_097/stderr.txt	188	c34143c4b66ce37c239db5fc991d73357da56a527f237f74e6df9d61bb22831f
raw/pilot_100_fallback_20260801T180205Z/timing/columba/measured_1/chr22_100_guide_098/command.txt	566	0c6937bca66d9f73b75c76533cba8aa0fda72dbd5e7c1807d67919aaf4d88501
raw/pilot_100_fallback_20260801T180205Z/timing/columba/measured_1/chr22_100_guide_098/metrics.tsv	296	77af6aacf16ff11af20fbe15f2c4e04b159fcdd8dc416cc18c26497a044e700e
raw/pilot_100_fallback_20260801T180205Z/timing/columba/measured_1/chr22_100_guide_098/output.paf	905	a016348f37755f8ce13e2e0e89980f934c47f1ed13f33ce69a965f043799e3ea
raw/pilot_100_fallback_20260801T180205Z/timing/columba/measured_1/chr22_100_guide_098/stderr.txt	48723	cf3712505c294ae6537378b91da6f8bca9bb56345e251df5353bc39739d8fd3e
raw/pilot_100_fallback_20260801T180205Z/timing/columba/measured_1/chr22_100_guide_099/command.txt	566	68e5ff2b91e061540d057809e486e1c1bacd48d49a503f8c2ca463ad5ca3f6ae
raw/pilot_100_fallback_20260801T180205Z/timing/columba/measured_1/chr22_100_guide_099/metrics.tsv	295	e03256deb06d20063df8b89eab7fc6a5b608484b9a1138a474cbacd1c87dbfde
raw/pilot_100_fallback_20260801T180205Z/timing/columba/measured_1/chr22_100_guide_099/output.paf	404	b00ff7e072d9842bb0b22f9c6466a689c12afe9775188950e97e7229b6dc8e93
raw/pilot_100_fallback_20260801T180205Z/timing/columba/measured_1/chr22_100_guide_099/stderr.txt	1312	ff5c429edcc84b2bd2955d16c05ac27a1dc11df3ce849c05a33687f69b642bd8
raw/pilot_100_fallback_20260801T180205Z/timing/columba/measured_1/chr22_100_guide_100/command.txt	566	b925859ced49dd9949df5b9ec58d5f62c02c9395b6245f612ec7fc1c15d56407
raw/pilot_100_fallback_20260801T180205Z/timing/columba/measured_1/chr22_100_guide_100/metrics.tsv	294	fd715cba92feb85f8a8afbcb51749ce190a984c8ba31fc350ad54b843bca84b4
raw/pilot_100_fallback_20260801T180205Z/timing/columba/measured_1/chr22_100_guide_100/output.paf	214	4bb6e4f08a7316ba26ec3e6f894f79070071b55d78d6c1605a50035d0a1d9c79
raw/pilot_100_fallback_20260801T180205Z/timing/columba/measured_1/chr22_100_guide_100/stderr.txt	188	43c575a7c9c47d3164a453eb851e84a8842b01388a4b2fe7c9503045ddc887e0
raw/pilot_100_fallback_20260801T180205Z/timing/columba/measured_1/stdout.sha256.list	8500	677eee987dee7f6fac1b8a02d33bf05dd27af37548230dd0500f7b073fb47e02
raw/pilot_100_fallback_20260801T180205Z/timing/columba/measured_2/chr22_100_guide_001/command.txt	566	56f3f7994581c54148bc1ff6919f7573c634e731c14ed57522b4c97a47cf2202
raw/pilot_100_fallback_20260801T180205Z/timing/columba/measured_2/chr22_100_guide_001/metrics.tsv	294	2aae94c373ecfa2b258a90a3f75f3e5af5cbf89ddcc9feae23d8c77217fa76a1
raw/pilot_100_fallback_20260801T180205Z/timing/columba/measured_2/chr22_100_guide_001/output.paf	192	c9c93b5e3642ad2be4fd3699f495e8d1c48adb430768e7ff532b1a4c59fa0c05
raw/pilot_100_fallback_20260801T180205Z/timing/columba/measured_2/chr22_100_guide_001/stderr.txt	608	1e3c641d38fd3d4b1cd876bbb13830d7fb2fb20f77ad12222230d037dc68d895
raw/pilot_100_fallback_20260801T180205Z/timing/columba/measured_2/chr22_100_guide_002/command.txt	566	48be265bdb8e5c6d97072b3fa2d4e11635fa02f684ae9bfe1483db37500a05ba
raw/pilot_100_fallback_20260801T180205Z/timing/columba/measured_2/chr22_100_guide_002/metrics.tsv	297	49af0879f44d262c72d217634faf7cf585018d9c3176571d0e5918e6f235c3a0
raw/pilot_100_fallback_20260801T180205Z/timing/columba/measured_2/chr22_100_guide_002/output.paf	2179	87b02444da0f2ab8be03442bf4b8948663370c5a682f070b36a827822ee531e3
raw/pilot_100_fallback_20260801T180205Z/timing/columba/measured_2/chr22_100_guide_002/stderr.txt	94307	e925e6374c2b14f26ce352338d241501af5403cd20c2f7a0a66a7ff0957a82b9
raw/pilot_100_fallback_20260801T180205Z/timing/columba/measured_2/chr22_100_guide_003/command.txt	566	988af8d9fb7aa949c17338aa69391195bbb82ac5c4719332f3d16329248cd909
raw/pilot_100_fallback_20260801T180205Z/timing/columba/measured_2/chr22_100_guide_003/metrics.tsv	298	912b07d5cf81a63db113b962c511ad0ada211abdcdc332240a0c8fdf8ea30b42
raw/pilot_100_fallback_20260801T180205Z/timing/columba/measured_2/chr22_100_guide_003/output.paf	88173	42c85ab9ac542a0a68f74f516c324f16feaf1ad5d780ddfa17aa882a9000849d
raw/pilot_100_fallback_20260801T180205Z/timing/columba/measured_2/chr22_100_guide_003/stderr.txt	33263	d5b5b7e3b34b61dc81dc8aab501910e13be4bc817fe9b96479eef46411ddf2a0
raw/pilot_100_fallback_20260801T180205Z/timing/columba/measured_2/chr22_100_guide_004/command.txt	566	9b1f0fa21a4d57c6c2ccbb7b6bcef1ee262821bec6c7a9f342482cb9ba256605
raw/pilot_100_fallback_20260801T180205Z/timing/columba/measured_2/chr22_100_guide_004/metrics.tsv	296	9b3f6bdb5ff4f3b3e69222d355e8027fa5c9f00396515b637d260fb9be9fdb32
raw/pilot_100_fallback_20260801T180205Z/timing/columba/measured_2/chr22_100_guide_004/output.paf	103	691ce0260ac4ff8426decb079b6ec2efdf4680b3abaced64e9143840bccb9552
raw/pilot_100_fallback_20260801T180205Z/timing/columba/measured_2/chr22_100_guide_004/stderr.txt	59585	a4c7fcea839152b57f9d48000d08a15502fd89d0fd27949928e5d265dda849b7
raw/pilot_100_fallback_20260801T180205Z/timing/columba/measured_2/chr22_100_guide_005/command.txt	566	01d9cb2b66b031d0aaae3525c6ee0eb78dca8b2265983e7488146ae3d372812e
raw/pilot_100_fallback_20260801T180205Z/timing/columba/measured_2/chr22_100_guide_005/metrics.tsv	294	d500105923d34e0e7d89941f8f0a75b91d3401c3678fb24fab273bf36dbb9dd8
raw/pilot_100_fallback_20260801T180205Z/timing/columba/measured_2/chr22_100_guide_005/output.paf	103	95686fb2b7a30116b7ae2cc467351eaaf4c6f25cab6f6b7bc6dcc05f1c409532
raw/pilot_100_fallback_20260801T180205Z/timing/columba/measured_2/chr22_100_guide_005/stderr.txt	651	011f515d83cd8b0bf4648cfa3d329bea0cb2939a7aabcbf319c9ccbd2ece994c
raw/pilot_100_fallback_20260801T180205Z/timing/columba/measured_2/chr22_100_guide_006/command.txt	566	8573cef312b544e700e56167875329ee9f3d806ab371113f5595435f50987398
raw/pilot_100_fallback_20260801T180205Z/timing/columba/measured_2/chr22_100_guide_006/metrics.tsv	297	a9bf2b9f226e844c01c0e896f001f3c2c8d96a6017e4bf85eb45ee719b4f7530
raw/pilot_100_fallback_20260801T180205Z/timing/columba/measured_2/chr22_100_guide_006/output.paf	412	381669eac105895c77936e91601bef5a44b194dce1468388fa6bc22b65e83aab
raw/pilot_100_fallback_20260801T180205Z/timing/columba/measured_2/chr22_100_guide_006/stderr.txt	673643	9739780944683faaa4ef3f313f816b862f341378b37d0ab5c6f2f11c524f85ce
raw/pilot_100_fallback_20260801T180205Z/timing/columba/measured_2/chr22_100_guide_007/command.txt	566	274fcf6a772b1406cdf484180d376d7d3a9e628571abed1c8de8f1e7b78d0e40
raw/pilot_100_fallback_20260801T180205Z/timing/columba/measured_2/chr22_100_guide_007/metrics.tsv	298	5bdb8b1982f5c767cf6ce0b4e8de3a7ae0290a7f4057b7405b107cecd6eea5c6
raw/pilot_100_fallback_20260801T180205Z/timing/columba/measured_2/chr22_100_guide_007/output.paf	7915	d298f59746650faabb2ca5561ee87dd6713d6657c3eeebcb15b3c30fa3c0c022
raw/pilot_100_fallback_20260801T180205Z/timing/columba/measured_2/chr22_100_guide_007/stderr.txt	175287	403d87bc80095f7dba4286b814ee578933bb15ea4b2720f3a94553d5d4a69f41
raw/pilot_100_fallback_20260801T180205Z/timing/columba/measured_2/chr22_100_guide_008/command.txt	566	0c1fc8248f08783d01ab158c374ab506b58a3c1c996ef1da9c86b8c47c0cd027
raw/pilot_100_fallback_20260801T180205Z/timing/columba/measured_2/chr22_100_guide_008/metrics.tsv	296	abf533f4013a846de42d7e30aa387571c3cd829e22e34d3aafd0f22d490eefcf
raw/pilot_100_fallback_20260801T180205Z/timing/columba/measured_2/chr22_100_guide_008/output.paf	6864	8f32d63ac3fc7353d028bcbab308948f718f700957721b790efcbcfdf7b2968d
raw/pilot_100_fallback_20260801T180205Z/timing/columba/measured_2/chr22_100_guide_008/stderr.txt	2245	67c892220045c7e6de36630e42f43c7166e3a6cbb04fcd8d07803b38b0896333
raw/pilot_100_fallback_20260801T180205Z/timing/columba/measured_2/chr22_100_guide_009/command.txt	566	984b16fda32713f1afaa3d5287275e51c28d505dcae228fe3ebf3eb2deec5071
raw/pilot_100_fallback_20260801T180205Z/timing/columba/measured_2/chr22_100_guide_009/metrics.tsv	294	e342353597633bf465454b7934495f8c5f5d47227f8dca89eb04bb53d5cddd20
raw/pilot_100_fallback_20260801T180205Z/timing/columba/measured_2/chr22_100_guide_009/output.paf	414	f852312a894362e0b31472a7c87cc296c09d811ed71a73c469ed1ae252e2fefe
raw/pilot_100_fallback_20260801T180205Z/timing/columba/measured_2/chr22_100_guide_009/stderr.txt	514	f9a5b9bf57218d2245080f337460f0f31693b21bce927496b6424a06a4356606
raw/pilot_100_fallback_20260801T180205Z/timing/columba/measured_2/chr22_100_guide_010/command.txt	566	e90a8d82acbceb3443d231a30e801f3e86f59541c126ecb19e84ca011a4160e4
raw/pilot_100_fallback_20260801T180205Z/timing/columba/measured_2/chr22_100_guide_010/metrics.tsv	297	6df15553be864b93a5da3f101aac32c701ddd6e8c8692108aea4156d7c4b7392
raw/pilot_100_fallback_20260801T180205Z/timing/columba/measured_2/chr22_100_guide_010/output.paf	2553	b8db8d29518bcd793fe2cf11a647c9c419525e6da6f3c9efa22d172c191ba4c4
raw/pilot_100_fallback_20260801T180205Z/timing/columba/measured_2/chr22_100_guide_010/stderr.txt	69723	09b67aada08755086fd2e6118d65bf7e9f49291d271c5abe563bb62ebc797503
raw/pilot_100_fallback_20260801T180205Z/timing/columba/measured_2/chr22_100_guide_011/command.txt	566	cb4c20f287c0d2cc52597950f342d35b9dac626e0d86dfe0b692c03ae12d9539
raw/pilot_100_fallback_20260801T180205Z/timing/columba/measured_2/chr22_100_guide_011/metrics.tsv	293	aa84456510a0a5f3efcf8ff34910fc89db5b44cbd0dc07fd4fd31ff0b02653e6
raw/pilot_100_fallback_20260801T180205Z/timing/columba/measured_2/chr22_100_guide_011/output.paf	2243	ec592648254199539685feee5357d093e2e1ec0b8ee82c9ce1e89057db95c2aa
raw/pilot_100_fallback_20260801T180205Z/timing/columba/measured_2/chr22_100_guide_011/stderr.txt	0	e3b0c44298fc1c149afbf4c8996fb92427ae41e4649b934ca495991b7852b855
raw/pilot_100_fallback_20260801T180205Z/timing/columba/measured_2/chr22_100_guide_012/command.txt	566	59111a2ab63d33547c572328304fe36288c7cfb1ac9accbd49f81d2cdc0f78b3
raw/pilot_100_fallback_20260801T180205Z/timing/columba/measured_2/chr22_100_guide_012/metrics.tsv	292	70f65db2a28703850d7e21bce73e5af56aa68cab0e3ce591d9b91287456683f3
raw/pilot_100_fallback_20260801T180205Z/timing/columba/measured_2/chr22_100_guide_012/output.paf	832	9b00eaabadec78eddf839955f38b2c49038c64b495db9fc7cba00a4c5b16c2fd
raw/pilot_100_fallback_20260801T180205Z/timing/columba/measured_2/chr22_100_guide_012/stderr.txt	0	e3b0c44298fc1c149afbf4c8996fb92427ae41e4649b934ca495991b7852b855
raw/pilot_100_fallback_20260801T180205Z/timing/columba/measured_2/chr22_100_guide_013/command.txt	566	9310dbfbc83548b63deaa0d0cfe32c815e82a85b6458a95427fdab998ff2e214
raw/pilot_100_fallback_20260801T180205Z/timing/columba/measured_2/chr22_100_guide_013/metrics.tsv	294	4340560199ba5f91375f22b273a5e6db2adb534fc5e605afaf1686950631f801
raw/pilot_100_fallback_20260801T180205Z/timing/columba/measured_2/chr22_100_guide_013/output.paf	293	606c59fbabc1859613e4a31b3b8ed8c4147f5ca89d1de01946221f89097d2bce
raw/pilot_100_fallback_20260801T180205Z/timing/columba/measured_2/chr22_100_guide_013/stderr.txt	184	ec04d3f7e1b1328ad5397a8bdd34185b098771189af9962fbc567d013800e818
raw/pilot_100_fallback_20260801T180205Z/timing/columba/measured_2/chr22_100_guide_014/command.txt	566	83aacd4c60d2613d98d18e28c621cdc206a30f0b5b4a6a9f426c5c8472767e8f
raw/pilot_100_fallback_20260801T180205Z/timing/columba/measured_2/chr22_100_guide_014/metrics.tsv	297	51952a23cc45a93d11c37d13ed070983ed33493597cabb92c5258c5934bf85a0
raw/pilot_100_fallback_20260801T180205Z/timing/columba/measured_2/chr22_100_guide_014/output.paf	20645	9d3f96b7c5db3e0da42d54d04629e5c2f3b7306de3a7b74cbbe19baeec72ef91
raw/pilot_100_fallback_20260801T180205Z/timing/columba/measured_2/chr22_100_guide_014/stderr.txt	1478	4429f6d37a56106f41ade5f8232056512f2c14e6a716c1b4f088b61464e12a95
raw/pilot_100_fallback_20260801T180205Z/timing/columba/measured_2/chr22_100_guide_015/command.txt	566	6f85a81139438099cf88df9c702b2dcb7eb18bc38f8c9e9f77b60365bccccaeb
raw/pilot_100_fallback_20260801T180205Z/timing/columba/measured_2/chr22_100_guide_015/metrics.tsv	299	719848a6c9f932b9c61b0e652f82cad572a9ce7e48eab3c6de56c5bd450659aa
raw/pilot_100_fallback_20260801T180205Z/timing/columba/measured_2/chr22_100_guide_015/output.paf	11781	e55942ac6df6ea5194730aa80c266f855204986eea43ac4bf3ebf7d75fa0e169
raw/pilot_100_fallback_20260801T180205Z/timing/columba/measured_2/chr22_100_guide_015/stderr.txt	833857	9d39fb2239ad6c24bc2177f8f8fc624629eba55e42615de578eff18b5dd9cfe1
raw/pilot_100_fallback_20260801T180205Z/timing/columba/measured_2/chr22_100_guide_016/command.txt	566	ab87ceda319234113f9e03631f0dfbb8da9676ca62b1867b0bec9e79bb986ec4
raw/pilot_100_fallback_20260801T180205Z/timing/columba/measured_2/chr22_100_guide_016/metrics.tsv	295	ac45b0457a459b50ab5b4b12c8f7b402e1f665640f90717cb6524fe80b149f8e
raw/pilot_100_fallback_20260801T180205Z/timing/columba/measured_2/chr22_100_guide_016/output.paf	103	664ca84d364b11b722ac1aa282d988cb26faa580c3801fc71e980d0a2785483d
raw/pilot_100_fallback_20260801T180205Z/timing/columba/measured_2/chr22_100_guide_016/stderr.txt	6603	647a3c26fb0f04ad019100c4ab0390ab87ed5c84aadfe7a252bca70b1e3bd96d
raw/pilot_100_fallback_20260801T180205Z/timing/columba/measured_2/chr22_100_guide_017/command.txt	566	52f4557e649aa46e4411ae140673c301db79070be95346be56434101def0adb8
raw/pilot_100_fallback_20260801T180205Z/timing/columba/measured_2/chr22_100_guide_017/metrics.tsv	298	6c4dbb2a48e5d9dc41eb66f76370a5ee4d07f719f9b7b877bf1cee896d60ea5f
raw/pilot_100_fallback_20260801T180205Z/timing/columba/measured_2/chr22_100_guide_017/output.paf	6509	9852752810a86bc2ec08e1deae289cb1e46a4172c7b2e475ed07820b6266dd53
raw/pilot_100_fallback_20260801T180205Z/timing/columba/measured_2/chr22_100_guide_017/stderr.txt	525304	6c92947d95b3ae3f0e0ed0a3c24424f6bd041ec1db5523ff91ca421eff2f6f9d
raw/pilot_100_fallback_20260801T180205Z/timing/columba/measured_2/chr22_100_guide_018/command.txt	566	75e2baf188655797b05e9bcc7c7c52978a0f9ab393a9a0f9137f5c027fc04b28
raw/pilot_100_fallback_20260801T180205Z/timing/columba/measured_2/chr22_100_guide_018/metrics.tsv	296	e626692a30938a428e90ce801f16d2e89c817d5b142b932d4f06f6cf22e8ffb0
raw/pilot_100_fallback_20260801T180205Z/timing/columba/measured_2/chr22_100_guide_018/output.paf	208	5c632dfc921b715b635c61d386497b7131eb4348bb520ea4a5cd13ab53ef1e7a
raw/pilot_100_fallback_20260801T180205Z/timing/columba/measured_2/chr22_100_guide_018/stderr.txt	43109	23e8f4ffff162fdc2e25089c32203c22ccb5ac9c66770c9b5d4a6408cc154ffb
raw/pilot_100_fallback_20260801T180205Z/timing/columba/measured_2/chr22_100_guide_019/command.txt	566	c296de5e3bf06c1c788e61e8d9053d04b4211a0935d94f8679e75efe74d67409
raw/pilot_100_fallback_20260801T180205Z/timing/columba/measured_2/chr22_100_guide_019/metrics.tsv	295	6bb1c89b90176bc247aa5a0331710850f8c358209cba48786deff280ecec7156
raw/pilot_100_fallback_20260801T180205Z/timing/columba/measured_2/chr22_100_guide_019/output.paf	103	6cdd7ce54810d5bc4f6f9e343cba7e89b5868d4aa230081223fa53049a31ac4f
raw/pilot_100_fallback_20260801T180205Z/timing/columba/measured_2/chr22_100_guide_019/stderr.txt	1766	dc56e723a41ad2b033072b1d35240963852ef67de09ef8478a44d1daa4a0e78a
raw/pilot_100_fallback_20260801T180205Z/timing/columba/measured_2/chr22_100_guide_020/command.txt	566	3d6c4d5ae462056631517cc4658879656edee22c7d7ce64248e801b26b4d3f46
raw/pilot_100_fallback_20260801T180205Z/timing/columba/measured_2/chr22_100_guide_020/metrics.tsv	296	031b389ed1c6592d8906e84dedc532decbda2fb8a610452606b8a57e83de6ae2
raw/pilot_100_fallback_20260801T180205Z/timing/columba/measured_2/chr22_100_guide_020/output.paf	759	e201d7cfc5ec4a9979af6c9a236130b8f36d6e0e4dcfef596b106dbc39010303
raw/pilot_100_fallback_20260801T180205Z/timing/columba/measured_2/chr22_100_guide_020/stderr.txt	76628	b458b467a03688a50351b56d6e3c449c56ad4edc944351aafb91ac49def2d89e
raw/pilot_100_fallback_20260801T180205Z/timing/columba/measured_2/chr22_100_guide_021/command.txt	566	f9050ea994c56a1d1281887bb0fc83f4193c34c12335ce9829084521f61c8def
raw/pilot_100_fallback_20260801T180205Z/timing/columba/measured_2/chr22_100_guide_021/metrics.tsv	294	2b5ef6ca6bb692929e4bde79c611b3798f80b65d22566be35b9bfdcca857d9c3
raw/pilot_100_fallback_20260801T180205Z/timing/columba/measured_2/chr22_100_guide_021/output.paf	105	70d3142b6438b2233c1a63a2ac833233a13a2d75bf75339f1fccaff2fa81b453
raw/pilot_100_fallback_20260801T180205Z/timing/columba/measured_2/chr22_100_guide_021/stderr.txt	652	d56d96fe98b333f362ee9bd6376532e8bc00f0bfcb42456116b5b2cd748bb70d
raw/pilot_100_fallback_20260801T180205Z/timing/columba/measured_2/chr22_100_guide_022/command.txt	566	6b4efbf55dd6e3bf25a65b5e28b7a2092729c8bb72fffea26760e282eea23625
raw/pilot_100_fallback_20260801T180205Z/timing/columba/measured_2/chr22_100_guide_022/metrics.tsv	297	baa4725e57e48b8883125833588bdc85b00c7c7f51a4b83b6e5d0e87ac13ade5
raw/pilot_100_fallback_20260801T180205Z/timing/columba/measured_2/chr22_100_guide_022/output.paf	105	6b72b7d58a6bb9700568183d8342e8f3bc79c45ffa1f7e46c161effbf9985c5d
raw/pilot_100_fallback_20260801T180205Z/timing/columba/measured_2/chr22_100_guide_022/stderr.txt	592188	1bdc42a6859b8b52c1db369907a7439fdf814d31ad0591c6948691ed396edcd1
raw/pilot_100_fallback_20260801T180205Z/timing/columba/measured_2/chr22_100_guide_023/command.txt	566	70ccd8838041ffb2b91a0368ef5d937990570a77e556ba08b90bf9c13cf759b1
raw/pilot_100_fallback_20260801T180205Z/timing/columba/measured_2/chr22_100_guide_023/metrics.tsv	297	5c19423f7a17bdf615e4712ae04bbbdd9df8f971fb3d2446f454b965752bacb7
raw/pilot_100_fallback_20260801T180205Z/timing/columba/measured_2/chr22_100_guide_023/output.paf	15269	13d490936eb128956dcd7744ae65b99655fcac4ad3ba999a6d96498e5f4323b1
raw/pilot_100_fallback_20260801T180205Z/timing/columba/measured_2/chr22_100_guide_023/stderr.txt	7075	ac192c7b6f04bd7ec153ca9deee4b10effcbb4185b9d200c6f35f95533887058
raw/pilot_100_fallback_20260801T180205Z/timing/columba/measured_2/chr22_100_guide_024/command.txt	566	6e346420d30f1215f572c1198ebba67285f3255da0f7399a940e5815edb3d384
raw/pilot_100_fallback_20260801T180205Z/timing/columba/measured_2/chr22_100_guide_024/metrics.tsv	296	ec3be6604e26c22f14c61d21774fd0413a815a8d0611402f148eed8e8f5cd30a
raw/pilot_100_fallback_20260801T180205Z/timing/columba/measured_2/chr22_100_guide_024/output.paf	214	bcee63120e7a1ad9985f53ede79aec2d8e27e6be8190904374c9bd2675cce1d4
raw/pilot_100_fallback_20260801T180205Z/timing/columba/measured_2/chr22_100_guide_024/stderr.txt	89840	20e0d047a90eb941c28e7c3eadd3682e2d2baa7519ca17df715655ce2d25a138
raw/pilot_100_fallback_20260801T180205Z/timing/columba/measured_2/chr22_100_guide_025/command.txt	566	c9d3511d3258b4919e14690f782a111dd5b294b9f7d7f83afbd4fe3c7f861b7c
raw/pilot_100_fallback_20260801T180205Z/timing/columba/measured_2/chr22_100_guide_025/metrics.tsv	300	8fda8a0e1a83e165a93cd1a4bce5f1a1a0259e3a10d8854c191757fdd6585cc8
raw/pilot_100_fallback_20260801T180205Z/timing/columba/measured_2/chr22_100_guide_025/output.paf	341079	7f78171e7e6e43e57fe0ccabe7cc5e8fc6ad058811ae50a138478aec4dbcd946
raw/pilot_100_fallback_20260801T180205Z/timing/columba/measured_2/chr22_100_guide_025/stderr.txt	756897	a34f27a5f1f0c21115f51c2a00f1de92d7498004bf63229ab020afe0cdc3dd75
raw/pilot_100_fallback_20260801T180205Z/timing/columba/measured_2/chr22_100_guide_026/command.txt	566	13ba028df906384e3b2a1de8a1618c80cdcff5fdbce9f5fe963de5984996dc7b
raw/pilot_100_fallback_20260801T180205Z/timing/columba/measured_2/chr22_100_guide_026/metrics.tsv	298	1493275e6273b60315fdaaeea1e9d4a9db7361153c6ac4ccaf7eb1ee94460134
raw/pilot_100_fallback_20260801T180205Z/timing/columba/measured_2/chr22_100_guide_026/output.paf	6840	74ee2057f2511f0387c90decf264283593386e47d9b30347bc9921ddcc60dd17
raw/pilot_100_fallback_20260801T180205Z/timing/columba/measured_2/chr22_100_guide_026/stderr.txt	763944	24451543d4981af6965232fc89a42aae084c85b1effd413db55357f5b81b7551
raw/pilot_100_fallback_20260801T180205Z/timing/columba/measured_2/chr22_100_guide_027/command.txt	566	42f11b0ac63b535ebba76e8909b548fac3bfd29f1f9a1e5a2956e3348c124662
raw/pilot_100_fallback_20260801T180205Z/timing/columba/measured_2/chr22_100_guide_027/metrics.tsv	294	dd5640258152968e78bcdaeb889b74032628ba44763a7376e1516af2fc347f02
raw/pilot_100_fallback_20260801T180205Z/timing/columba/measured_2/chr22_100_guide_027/output.paf	210	a7610eb051e87a34826545d10fcf8102943e8611a97a657a33ec94ff2afe4c13
raw/pilot_100_fallback_20260801T180205Z/timing/columba/measured_2/chr22_100_guide_027/stderr.txt	470	ca6032de9107568e011efa775fb138933bc1f4163d835edc39d12e948093dfde
raw/pilot_100_fallback_20260801T180205Z/timing/columba/measured_2/chr22_100_guide_028/command.txt	566	7e1a39c18a8234e4b77a15c338fb0b22f0d2e1ef98eaef93cbe5df88a9e50da9
raw/pilot_100_fallback_20260801T180205Z/timing/columba/measured_2/chr22_100_guide_028/metrics.tsv	299	90c9f13d087b1018baaeaeeaf7e97efbbc7efd7d8c514484707881875a327abf
raw/pilot_100_fallback_20260801T180205Z/timing/columba/measured_2/chr22_100_guide_028/output.paf	214107	ccbb10c6b39950ff1a609a7c093affb95e09b093f31339b79eb9e55af9bea14f
raw/pilot_100_fallback_20260801T180205Z/timing/columba/measured_2/chr22_100_guide_028/stderr.txt	26540	6ab1cb25283fe19a6bfd4fcd5c48da2d87969a73970cab771254caf7f66a6287
raw/pilot_100_fallback_20260801T180205Z/timing/columba/measured_2/chr22_100_guide_029/command.txt	566	8d93322f79c278600132fcd48cbcf81a163d9b58a1b21fc80d646b44faef009e
raw/pilot_100_fallback_20260801T180205Z/timing/columba/measured_2/chr22_100_guide_029/metrics.tsv	299	4366b4f1329e9f6c8ca0c2b58863eb5d92eb883f35530b0ce4d84f1b98d9a19a
raw/pilot_100_fallback_20260801T180205Z/timing/columba/measured_2/chr22_100_guide_029/output.paf	199216	023a0db1667cffab02ece840deaeba274e313dbe75e80a569d4eb1e108049a70
raw/pilot_100_fallback_20260801T180205Z/timing/columba/measured_2/chr22_100_guide_029/stderr.txt	27636	d4e0a36311e4ca8e67b4e69d062e253606ee8ba50c03ffb98d71774fa810bdfb
raw/pilot_100_fallback_20260801T180205Z/timing/columba/measured_2/chr22_100_guide_030/command.txt	566	cf119fedaebf729a33ac282a4330e0dd7223f4db1879660848aa9e0a26c7948a
raw/pilot_100_fallback_20260801T180205Z/timing/columba/measured_2/chr22_100_guide_030/metrics.tsv	300	da638974cdf681f11eefa38d14c5f3efcd09abc423b81e14b5279a27e4d6ebf6
raw/pilot_100_fallback_20260801T180205Z/timing/columba/measured_2/chr22_100_guide_030/output.paf	226228	e96360b064c516b87fc1693427dead08c7b0c7e111a9ad12d3d41bda12ba3e0e
raw/pilot_100_fallback_20260801T180205Z/timing/columba/measured_2/chr22_100_guide_030/stderr.txt	273205	dcd1a0046df890a8b3a39f7884dafa87cf0c672958395ee079ca311c62f39e1c
raw/pilot_100_fallback_20260801T180205Z/timing/columba/measured_2/chr22_100_guide_031/command.txt	566	b5434d72923f8388a240772e19851d5e85c18a398dfceb2c0f93d2578e8281d0
raw/pilot_100_fallback_20260801T180205Z/timing/columba/measured_2/chr22_100_guide_031/metrics.tsv	297	074d327e35e7675ac19d26aa959ace093c3a60df2c554580fae9d92caf399c43
raw/pilot_100_fallback_20260801T180205Z/timing/columba/measured_2/chr22_100_guide_031/output.paf	214	5d5573821365e7bc8b578e4c8587ad85cc0ce7e73cc826859074ffc07c945a42
raw/pilot_100_fallback_20260801T180205Z/timing/columba/measured_2/chr22_100_guide_031/stderr.txt	401466	6d757fd7aeea9c62de2f65f7620c111ca2fee818c410d59cbc0beeac17789d75
raw/pilot_100_fallback_20260801T180205Z/timing/columba/measured_2/chr22_100_guide_032/command.txt	566	a6d4f5842b6d815b23b00e503451167f35aff4d342ba07f76998d8b72ea93dab
raw/pilot_100_fallback_20260801T180205Z/timing/columba/measured_2/chr22_100_guide_032/metrics.tsv	294	10d4c8966e257784551ed078b148a7662e6e457849c28f28778a53c2bd0f565e
raw/pilot_100_fallback_20260801T180205Z/timing/columba/measured_2/chr22_100_guide_032/output.paf	105	c25a6440be62186e25b0f165358d0d0900b923751f80af6ee5c27f0f29a85af6
raw/pilot_100_fallback_20260801T180205Z/timing/columba/measured_2/chr22_100_guide_032/stderr.txt	188	5bcc52812e3cd79f2c949096180d3f1ac01ae06d29eea04285bba87168ded8f9
raw/pilot_100_fallback_20260801T180205Z/timing/columba/measured_2/chr22_100_guide_033/command.txt	566	434733e1a3839dc4164adf8af4f6ab33375579bb27b5f6c6814f2e0e39dcc26e
raw/pilot_100_fallback_20260801T180205Z/timing/columba/measured_2/chr22_100_guide_033/metrics.tsv	294	061f472badea734991c71beaceb99c016e79ebc1f130518475bbb1335cc5f27f
raw/pilot_100_fallback_20260801T180205Z/timing/columba/measured_2/chr22_100_guide_033/output.paf	105	0effc63d85fa97f691908ce0321ab857ae6f08fabd2480f35c83ff81e76c9f0e
raw/pilot_100_fallback_20260801T180205Z/timing/columba/measured_2/chr22_100_guide_033/stderr.txt	656	6be499e878bb8835b2d0095d754911ca511e88d92eb98ee972ab04a1f8c00a0b
raw/pilot_100_fallback_20260801T180205Z/timing/columba/measured_2/chr22_100_guide_034/command.txt	566	4ce1b4c65927cdd6014f6bc301f313a08494b3f8aeb53328c27d47793b6cef2e
raw/pilot_100_fallback_20260801T180205Z/timing/columba/measured_2/chr22_100_guide_034/metrics.tsv	294	f54c590af9d901bb12ea85b5f3012ae2f475c37b4858fdf909206e4a20ac4485
raw/pilot_100_fallback_20260801T180205Z/timing/columba/measured_2/chr22_100_guide_034/output.paf	105	b799f84402b88ca7eda644ce1b5b5eb56c02b09c04d62fc51c4c70dc76c6b583
raw/pilot_100_fallback_20260801T180205Z/timing/columba/measured_2/chr22_100_guide_034/stderr.txt	187	4f6dc5b5a164eea9ba79b4a4c7ee686bbb2ef32b24b407949991d9e320496ddb
raw/pilot_100_fallback_20260801T180205Z/timing/columba/measured_2/chr22_100_guide_035/command.txt	566	1dfd64605fdbbfc3767c3f27341d5c28600329a526fd4cf8672d5b7756e3bc60
raw/pilot_100_fallback_20260801T180205Z/timing/columba/measured_2/chr22_100_guide_035/metrics.tsv	297	b2c7862b980194fab634fff2d2f6c40d543afbcaad98ff15cc4379b00e6a5a2b
raw/pilot_100_fallback_20260801T180205Z/timing/columba/measured_2/chr22_100_guide_035/output.paf	1014	986145a86aa41385a9bbb5cd5338e224f19dc118858eeb759d145e4a054fb385
raw/pilot_100_fallback_20260801T180205Z/timing/columba/measured_2/chr22_100_guide_035/stderr.txt	27131	19a7bce57c2268e495189ce0232b0b13a465741e4349b22a1ea0d29dcc9002df
raw/pilot_100_fallback_20260801T180205Z/timing/columba/measured_2/chr22_100_guide_036/command.txt	566	34446fdba96d2f066083524581067fc03e27f2dd3f3d70048d2a6cb47060508b
raw/pilot_100_fallback_20260801T180205Z/timing/columba/measured_2/chr22_100_guide_036/metrics.tsv	293	a6f15cec1f7977f6bf5b8b9083aec4fef4ad66d0d9b53c13be22779edc22e353
raw/pilot_100_fallback_20260801T180205Z/timing/columba/measured_2/chr22_100_guide_036/output.paf	105	d902219eeefe3ff64202f082d0493776f51eb4ff2b0f1167c0e670f923533dc4
raw/pilot_100_fallback_20260801T180205Z/timing/columba/measured_2/chr22_100_guide_036/stderr.txt	94	561879fe16bf8d8d845615014aafa1348557dc2b653402bc983228fe11f91985
raw/pilot_100_fallback_20260801T180205Z/timing/columba/measured_2/chr22_100_guide_037/command.txt	566	beda16c3cbaf1a022fec89d057945cfd8465fa1dfc282b3b74180a64935f42f0
raw/pilot_100_fallback_20260801T180205Z/timing/columba/measured_2/chr22_100_guide_037/metrics.tsv	292	8fdc5487e4aa584c57e3885b3198b728759ee9028daeb1d22371666806e2e100
raw/pilot_100_fallback_20260801T180205Z/timing/columba/measured_2/chr22_100_guide_037/output.paf	105	87a59470956d0b27daf38e5e39ded5e150cdea0e868b3bb38ed13ec71694f010
raw/pilot_100_fallback_20260801T180205Z/timing/columba/measured_2/chr22_100_guide_037/stderr.txt	0	e3b0c44298fc1c149afbf4c8996fb92427ae41e4649b934ca495991b7852b855
raw/pilot_100_fallback_20260801T180205Z/timing/columba/measured_2/chr22_100_guide_038/command.txt	566	9c0ec224db1849cbefa2b5764e5537db605396f19a9a7cc317e179e279ebe990
raw/pilot_100_fallback_20260801T180205Z/timing/columba/measured_2/chr22_100_guide_038/metrics.tsv	294	ab248aaaf8b89609a1ec1d45b58a0ec1750db498f85cb7e8468b14457a9e7464
raw/pilot_100_fallback_20260801T180205Z/timing/columba/measured_2/chr22_100_guide_038/output.paf	105	029b4bae64ebbe3decac5715b992bb89ceb0731276cd7cd8566eaca4250537b4
raw/pilot_100_fallback_20260801T180205Z/timing/columba/measured_2/chr22_100_guide_038/stderr.txt	846	d19c36693df71437a3e971b04638d4c55f47a0d94d8887a1c6ebbec6f71e8046
raw/pilot_100_fallback_20260801T180205Z/timing/columba/measured_2/chr22_100_guide_039/command.txt	566	478805a118ab94046408be78b00ea8b9ff3949702199a09f057c45c132eb41a5
raw/pilot_100_fallback_20260801T180205Z/timing/columba/measured_2/chr22_100_guide_039/metrics.tsv	292	d128fdafd120d0b5d733408dd53aca659efc4114484f51c41accf776db6d8b67
raw/pilot_100_fallback_20260801T180205Z/timing/columba/measured_2/chr22_100_guide_039/output.paf	105	a699d8af011bf9deb858b41d0fae396d8cff7641f7f0fffbf757531340e4d266
raw/pilot_100_fallback_20260801T180205Z/timing/columba/measured_2/chr22_100_guide_039/stderr.txt	0	e3b0c44298fc1c149afbf4c8996fb92427ae41e4649b934ca495991b7852b855
raw/pilot_100_fallback_20260801T180205Z/timing/columba/measured_2/chr22_100_guide_040/command.txt	566	9e25ca24c617ed46f5e32e55fd503488516868fafc7ca7f3c46549ed25702392
raw/pilot_100_fallback_20260801T180205Z/timing/columba/measured_2/chr22_100_guide_040/metrics.tsv	294	7633f3f2f0a70be29c576dc4747277a623272143b58cbb24c0ec4afaf453f764
raw/pilot_100_fallback_20260801T180205Z/timing/columba/measured_2/chr22_100_guide_040/output.paf	105	4390a33a35b7293befeadb9fa60eb9d4727d057633aeb9a93007f6581228ca97
raw/pilot_100_fallback_20260801T180205Z/timing/columba/measured_2/chr22_100_guide_040/stderr.txt	188	7e3c0298e47ada9502fe1ab91e5aed0852345691cf2da9d42a3b3bb1585655fc
raw/pilot_100_fallback_20260801T180205Z/timing/columba/measured_2/chr22_100_guide_041/command.txt	566	89a5d619df2660b972001d0d159c8a01fcc1576f0c09bbd29c7b700ad4072236
raw/pilot_100_fallback_20260801T180205Z/timing/columba/measured_2/chr22_100_guide_041/metrics.tsv	293	84c3d81c9e573375b6dede4003821971425468f9f22fc673047e9f059fa800aa
raw/pilot_100_fallback_20260801T180205Z/timing/columba/measured_2/chr22_100_guide_041/output.paf	105	3e8108b8109dce3b65881841a62543e3eb3ba821fff9bc76b9b5e43ac8c75d77
raw/pilot_100_fallback_20260801T180205Z/timing/columba/measured_2/chr22_100_guide_041/stderr.txt	94	30d5bd1a2fd8f421e7be29640f109fecf4e022892dc5732c56ef1b76e1f5233b
raw/pilot_100_fallback_20260801T180205Z/timing/columba/measured_2/chr22_100_guide_042/command.txt	566	15e5f721a9d47bcd7e89cc307e577296e5d056ad3d94663a41652d8551c9400f
raw/pilot_100_fallback_20260801T180205Z/timing/columba/measured_2/chr22_100_guide_042/metrics.tsv	292	3f70c8f48cf0ad4483df77b3b0786618684081f814df05a588ff88c75f466daf
raw/pilot_100_fallback_20260801T180205Z/timing/columba/measured_2/chr22_100_guide_042/output.paf	105	5924fcb39f9667884df027edda8f627478be6271057a2d69844c736321e3169f
raw/pilot_100_fallback_20260801T180205Z/timing/columba/measured_2/chr22_100_guide_042/stderr.txt	0	e3b0c44298fc1c149afbf4c8996fb92427ae41e4649b934ca495991b7852b855
raw/pilot_100_fallback_20260801T180205Z/timing/columba/measured_2/chr22_100_guide_043/command.txt	566	b67a6b497e3a6b9bdebb34b5a399c66ef87ede69a75b252be4fab3d258472f2f
raw/pilot_100_fallback_20260801T180205Z/timing/columba/measured_2/chr22_100_guide_043/metrics.tsv	296	264479f2a00ab41348ce283a9bdfa67ec4356e59e7f6103a428faa6bd32c4a2c
raw/pilot_100_fallback_20260801T180205Z/timing/columba/measured_2/chr22_100_guide_043/output.paf	198	0750254d4598a1695dbaade1146e921cf6dab58c8fc5ab334e4e36f882246f3f
raw/pilot_100_fallback_20260801T180205Z/timing/columba/measured_2/chr22_100_guide_043/stderr.txt	23907	f786f22359fb3a2a1769d5d1b500856dc5b1f5bd752fa9b56a6462248899650e
raw/pilot_100_fallback_20260801T180205Z/timing/columba/measured_2/chr22_100_guide_044/command.txt	566	54530671f67746b66d95a33193c18e5abbbd5ce5541084af83255ec6a0ac78ce
raw/pilot_100_fallback_20260801T180205Z/timing/columba/measured_2/chr22_100_guide_044/metrics.tsv	295	26a07a71b5d5db04fe2ed40d136c6685dfa3694d837f24b54f18ddb593d33efd
raw/pilot_100_fallback_20260801T180205Z/timing/columba/measured_2/chr22_100_guide_044/output.paf	198	fa914a29da8996379fd30ef387eefd7cdc6893880f37a6f45eeedb5b45c937c8
raw/pilot_100_fallback_20260801T180205Z/timing/columba/measured_2/chr22_100_guide_044/stderr.txt	8971	aa527725aa07ee4e1a1873921188b10360514049cf3e6ec4bdf5fc490d38675e
raw/pilot_100_fallback_20260801T180205Z/timing/columba/measured_2/chr22_100_guide_045/command.txt	566	a5dc2c466af134335a0814a6fdc2abbfeea25b3c539a72e90cfd77196bf537a2
raw/pilot_100_fallback_20260801T180205Z/timing/columba/measured_2/chr22_100_guide_045/metrics.tsv	293	0a79be3a69ff262d0d1aa2a917b5ba8258f84c90eb3b3c82429c5c479999f98e
raw/pilot_100_fallback_20260801T180205Z/timing/columba/measured_2/chr22_100_guide_045/output.paf	105	7e528a989c31c40be279492b74efb2b32bbafcb76168ffa5ecf4da003dd2852c
raw/pilot_100_fallback_20260801T180205Z/timing/columba/measured_2/chr22_100_guide_045/stderr.txt	94	dd567e27451842465f72c8df72e5b23a60f4533474e55b65999ba98af50e5e25
raw/pilot_100_fallback_20260801T180205Z/timing/columba/measured_2/chr22_100_guide_046/command.txt	566	87d7006eff9339b20600f06c4232d644acdcea738e1b21a96f6a8b23acedaf6e
raw/pilot_100_fallback_20260801T180205Z/timing/columba/measured_2/chr22_100_guide_046/metrics.tsv	293	d5dcfd5418b2857a296c172e77a3ded2d14026f62697c6052f35146d962ed03e
raw/pilot_100_fallback_20260801T180205Z/timing/columba/measured_2/chr22_100_guide_046/output.paf	105	714554ca8eac6dff9bf1ea7bcd982ded36f466eaa79bea00a33e12ff4252393b
raw/pilot_100_fallback_20260801T180205Z/timing/columba/measured_2/chr22_100_guide_046/stderr.txt	94	32b0fdb408a245e8ea00a9e3729e5f81f9093394a9fdef4348318ec666ad1e55
raw/pilot_100_fallback_20260801T180205Z/timing/columba/measured_2/chr22_100_guide_047/command.txt	566	09a07f9402cbb8f11a93f4619d86a05a1f257ff3e198b47115e26c3ecb6c46ca
raw/pilot_100_fallback_20260801T180205Z/timing/columba/measured_2/chr22_100_guide_047/metrics.tsv	294	322d1ed917c0fda3d0172c6eff241d028237bed517696d04c51c1348db305fa7
raw/pilot_100_fallback_20260801T180205Z/timing/columba/measured_2/chr22_100_guide_047/output.paf	105	ca51411298336dbdfe2d1022ed02e74028dfbcd2e0e397a8224fce4f6017af72
raw/pilot_100_fallback_20260801T180205Z/timing/columba/measured_2/chr22_100_guide_047/stderr.txt	282	b76583d8074d81b6123010653d515a4ff97310c43c5bf08081014d9154db7606
raw/pilot_100_fallback_20260801T180205Z/timing/columba/measured_2/chr22_100_guide_048/command.txt	566	013615c7451b42b2e94f086fe08854e475f20dd3d22c9013797b8fc057463758
raw/pilot_100_fallback_20260801T180205Z/timing/columba/measured_2/chr22_100_guide_048/metrics.tsv	292	cf12dbe12ce8a3fe774e097e5fdf42150e58916014b5ef7180d802c8220af15b
raw/pilot_100_fallback_20260801T180205Z/timing/columba/measured_2/chr22_100_guide_048/output.paf	105	bc3b9f3f86cc8bbd34d0a114947da783ee284f28a9a17754f8b3028fd08951a9
raw/pilot_100_fallback_20260801T180205Z/timing/columba/measured_2/chr22_100_guide_048/stderr.txt	0	e3b0c44298fc1c149afbf4c8996fb92427ae41e4649b934ca495991b7852b855
raw/pilot_100_fallback_20260801T180205Z/timing/columba/measured_2/chr22_100_guide_049/command.txt	566	8aab2e7241e9a2a123f3def9f000857a2f80382ca271073ee216c231d6d447b7
raw/pilot_100_fallback_20260801T180205Z/timing/columba/measured_2/chr22_100_guide_049/metrics.tsv	294	cc6064d67b3bdb2c6097d69222224a6be75517ec9ab9d04353e13fe9257fbe09
raw/pilot_100_fallback_20260801T180205Z/timing/columba/measured_2/chr22_100_guide_049/output.paf	323	00230428f6d63582ec60d092b6bc6c689bf77cb21e9480a627f5e8c16d0dc979
raw/pilot_100_fallback_20260801T180205Z/timing/columba/measured_2/chr22_100_guide_049/stderr.txt	940	42d1ec48cb0493956d77fad00767b6c2fed5e28ca7790d50779e46dd1957fd55
raw/pilot_100_fallback_20260801T180205Z/timing/columba/measured_2/chr22_100_guide_050/command.txt	566	c4ee76804607468ef9600712f44ea93a2312cce48ada62302ef5577876e60bd3
raw/pilot_100_fallback_20260801T180205Z/timing/columba/measured_2/chr22_100_guide_050/metrics.tsv	297	18ffeb7c0151121e36eb974772d114018f37aa1579a7beec3e815f0491fbdfb9
raw/pilot_100_fallback_20260801T180205Z/timing/columba/measured_2/chr22_100_guide_050/output.paf	7864	dce37de5e1818cdd17e4ee8033bf40efbe0d2c545e9392b2dcc57b55c2826417
raw/pilot_100_fallback_20260801T180205Z/timing/columba/measured_2/chr22_100_guide_050/stderr.txt	97025	25673b27f69837dff68516645411fc0233445a384636410926722510c4091cf8
raw/pilot_100_fallback_20260801T180205Z/timing/columba/measured_2/chr22_100_guide_051/command.txt	566	6930dd10c6a4b90b15bd34111d8bf425357a22fd57a493aa3299b720108e74aa
raw/pilot_100_fallback_20260801T180205Z/timing/columba/measured_2/chr22_100_guide_051/metrics.tsv	293	3bcab60dc0ce7dbb7b4709345f2b272d81b723705ef1cfe59699fcbae3193776
raw/pilot_100_fallback_20260801T180205Z/timing/columba/measured_2/chr22_100_guide_051/output.paf	105	14ef5eacd0519bf8d6f3f1e421b2147ce2cef2d89992ac6bc3c0c6493049fd6f
raw/pilot_100_fallback_20260801T180205Z/timing/columba/measured_2/chr22_100_guide_051/stderr.txt	94	b3f77e03add0f929849c64c186a0f6ee8168522805e29a074a8498ff01f34924
raw/pilot_100_fallback_20260801T180205Z/timing/columba/measured_2/chr22_100_guide_052/command.txt	566	56fcec6ace838c7592226df602b7be1f4a7687b9485435fe9be6e73b08444f71
raw/pilot_100_fallback_20260801T180205Z/timing/columba/measured_2/chr22_100_guide_052/metrics.tsv	293	ab2758ac7dc40fff1e63d8df75f87e0fdb966ebff3a45665226fe3e272ccacc7
raw/pilot_100_fallback_20260801T180205Z/timing/columba/measured_2/chr22_100_guide_052/output.paf	105	b743dcf20b0f8a4d8e1a343b97d48c58a0bc7fc4d1bb2a983a38d2078d740fcd
raw/pilot_100_fallback_20260801T180205Z/timing/columba/measured_2/chr22_100_guide_052/stderr.txt	94	2948117454b190d6eeeaca3bc94a2bf5793d77da14d80a9f2def8405cee8a845
raw/pilot_100_fallback_20260801T180205Z/timing/columba/measured_2/chr22_100_guide_053/command.txt	566	48476778c0a3f35ba869b05bf8bf6b785237f764574c5b20d02bc627fd6fb84e
raw/pilot_100_fallback_20260801T180205Z/timing/columba/measured_2/chr22_100_guide_053/metrics.tsv	293	f8485a61570caa8d8a8a092f352b9ea965389eb013447df41ef6148d7034ca0c
raw/pilot_100_fallback_20260801T180205Z/timing/columba/measured_2/chr22_100_guide_053/output.paf	105	7f92fd7dddc708c2b3ec905f92a74e766b81d6ff9eaf13b4dc9c11ff5e96767a
raw/pilot_100_fallback_20260801T180205Z/timing/columba/measured_2/chr22_100_guide_053/stderr.txt	94	eb38c77d3364d29cf9b4a0c82bd850e49266e1046930de12097b9d1d6f671ebe
raw/pilot_100_fallback_20260801T180205Z/timing/columba/measured_2/chr22_100_guide_054/command.txt	566	e9e3276e6748b10bcfbf0d19b96954bc3988c3aab61428628023340dbff2d19d
raw/pilot_100_fallback_20260801T180205Z/timing/columba/measured_2/chr22_100_guide_054/metrics.tsv	297	1584e3781793df0146fdbccb490c4440e95f0011e2565c5d43658f164dbc4657
raw/pilot_100_fallback_20260801T180205Z/timing/columba/measured_2/chr22_100_guide_054/output.paf	1446	3058fcd54fc966d78fcbca10605d2ef57a8d520fd2d192714139789500cccfed
raw/pilot_100_fallback_20260801T180205Z/timing/columba/measured_2/chr22_100_guide_054/stderr.txt	18972	b11e22db3237d2c4296c631fbac7919ba0f6978dc69402ccbec8cecedb0888da
raw/pilot_100_fallback_20260801T180205Z/timing/columba/measured_2/chr22_100_guide_055/command.txt	566	c1ce6223400c52d529f8dfd61438a711cb00e3bab4d1b781c8468977494db9fe
raw/pilot_100_fallback_20260801T180205Z/timing/columba/measured_2/chr22_100_guide_055/metrics.tsv	294	f11cbb78603d9da9d1c93cadb2f62bf32f12c81bf9006c9c451176cecbde0a93
raw/pilot_100_fallback_20260801T180205Z/timing/columba/measured_2/chr22_100_guide_055/output.paf	105	a3d6cd5055990fc10a7f55f785689720f3a06133f1b0f4568f98749ce2751038
raw/pilot_100_fallback_20260801T180205Z/timing/columba/measured_2/chr22_100_guide_055/stderr.txt	282	cbf8fe25e09218949637c014c44b0ac6c41b7c9311afed997f16260a3c1fbf6a
raw/pilot_100_fallback_20260801T180205Z/timing/columba/measured_2/chr22_100_guide_056/command.txt	566	8beabd8783755a9d30707f2d2e045d588a57dceb13de2d243acef0cf3ff57b73
raw/pilot_100_fallback_20260801T180205Z/timing/columba/measured_2/chr22_100_guide_056/metrics.tsv	292	30ff8d5f44793879327eea9c422477c11c8e47c292c4fd2a65618927841893fe
raw/pilot_100_fallback_20260801T180205Z/timing/columba/measured_2/chr22_100_guide_056/output.paf	105	4a6cdc3b90d2775c2496444fab6f836151cd422ec2c82a9bf758cde5414f2417
raw/pilot_100_fallback_20260801T180205Z/timing/columba/measured_2/chr22_100_guide_056/stderr.txt	0	e3b0c44298fc1c149afbf4c8996fb92427ae41e4649b934ca495991b7852b855
raw/pilot_100_fallback_20260801T180205Z/timing/columba/measured_2/chr22_100_guide_057/command.txt	566	939a79152fdaff1ae639fc8159780cd928c7fc1eee34b839d6e4d6741a853f22
raw/pilot_100_fallback_20260801T180205Z/timing/columba/measured_2/chr22_100_guide_057/metrics.tsv	299	7ce5cd3554c5a5588ab1432764a8f499ca87f914effac623f2514b26f77b8ce8
raw/pilot_100_fallback_20260801T180205Z/timing/columba/measured_2/chr22_100_guide_057/output.paf	60337	77d45e9f5ee3882ec6330d54e9c5cc3440047ffeae274f559bcd95b1bd3bfae3
raw/pilot_100_fallback_20260801T180205Z/timing/columba/measured_2/chr22_100_guide_057/stderr.txt	285190	2b9901666ce4054a63da25ca6c9450e93992d4499d571856646b5da90316ded1
raw/pilot_100_fallback_20260801T180205Z/timing/columba/measured_2/chr22_100_guide_058/command.txt	566	7eb09ce5de4178d7c4d5aa594ca636f2fb1d8967182a3455f28ac42e2bbc4525
raw/pilot_100_fallback_20260801T180205Z/timing/columba/measured_2/chr22_100_guide_058/metrics.tsv	293	71e959eab7dcf6e749caca29ffb453e0f013d8a0ec8d853c9dc143bdaf8573e5
raw/pilot_100_fallback_20260801T180205Z/timing/columba/measured_2/chr22_100_guide_058/output.paf	105	b7517a16df61180265ec10a20cb33a003c3ea568992073591f20e96d81391119
raw/pilot_100_fallback_20260801T180205Z/timing/columba/measured_2/chr22_100_guide_058/stderr.txt	94	b52ea0dac91d497aaec6f642a08329c4472b1d235792c856330e28a7c0b02c57
raw/pilot_100_fallback_20260801T180205Z/timing/columba/measured_2/chr22_100_guide_059/command.txt	566	c3537f828122d28432cb2772f00c70b2a2ee786cc6f3eaa59447bd6088b95563
raw/pilot_100_fallback_20260801T180205Z/timing/columba/measured_2/chr22_100_guide_059/metrics.tsv	293	874e230b30a2a0a8c672518f35ee41d67d0d6c50ee6b897730897f6b44a9aee9
raw/pilot_100_fallback_20260801T180205Z/timing/columba/measured_2/chr22_100_guide_059/output.paf	105	a6e8f7dbe8440152b018e778c86e594c220662576f7388bf74086116bfb557b5
raw/pilot_100_fallback_20260801T180205Z/timing/columba/measured_2/chr22_100_guide_059/stderr.txt	94	0125d3c4984bdc22f6fcb221414dd3900ca99fecfcf592d4992e3000caf67fe4
raw/pilot_100_fallback_20260801T180205Z/timing/columba/measured_2/chr22_100_guide_060/command.txt	566	f675caf8479b208360f406ce301af37f1a970747d7605a9cefe149eb906385db
raw/pilot_100_fallback_20260801T180205Z/timing/columba/measured_2/chr22_100_guide_060/metrics.tsv	294	6996687ce7d4256ec8b365c999226114d91c70b12ce825fbe067e909c8a2143b
raw/pilot_100_fallback_20260801T180205Z/timing/columba/measured_2/chr22_100_guide_060/output.paf	105	96bacc0c5f62f5ee3cb64d6560e882e64673267447e8714383a4ab744f1c99a8
raw/pilot_100_fallback_20260801T180205Z/timing/columba/measured_2/chr22_100_guide_060/stderr.txt	932	ccbb31fe1ebb9328fe27201916e87bd7c24b711b7b0b063a7f477755fe73cf70
raw/pilot_100_fallback_20260801T180205Z/timing/columba/measured_2/chr22_100_guide_061/command.txt	566	650f4a13a507d96048e121012f990c63693293901f36d8425e7b722d48b66b06
raw/pilot_100_fallback_20260801T180205Z/timing/columba/measured_2/chr22_100_guide_061/metrics.tsv	294	f8856be386bcfebc4ddb8e34212ea09f871d2d7cf8b6bdba3c3b3befec760fb7
raw/pilot_100_fallback_20260801T180205Z/timing/columba/measured_2/chr22_100_guide_061/output.paf	105	9246314add68bcb309196485353ca32264aa9d97b65d40e3825659e7fa9e07c5
raw/pilot_100_fallback_20260801T180205Z/timing/columba/measured_2/chr22_100_guide_061/stderr.txt	188	12cf0f82ebccaab6f5456eda16e6f1aa1c8c09e0e0b6bfe076d282d5294656c8
raw/pilot_100_fallback_20260801T180205Z/timing/columba/measured_2/chr22_100_guide_062/command.txt	566	a171f4906b917c9444cb15e384cf94bd72bb1f50e60d9c439fe183380f9af0c5
raw/pilot_100_fallback_20260801T180205Z/timing/columba/measured_2/chr22_100_guide_062/metrics.tsv	292	75e3fc33d349763575dbc7b85b152c82569038231f3fbb62ce17a13b14f978c9
raw/pilot_100_fallback_20260801T180205Z/timing/columba/measured_2/chr22_100_guide_062/output.paf	105	4832e7aa711ccdac22496f6cb8a979eec30369c372fca1b6aba1e3edfb12e8a1
raw/pilot_100_fallback_20260801T180205Z/timing/columba/measured_2/chr22_100_guide_062/stderr.txt	0	e3b0c44298fc1c149afbf4c8996fb92427ae41e4649b934ca495991b7852b855
raw/pilot_100_fallback_20260801T180205Z/timing/columba/measured_2/chr22_100_guide_063/command.txt	566	8763348e45d4d4c45c8cef4948b1fd06ac339aadcc02d5a956f282c1ac0c35ef
raw/pilot_100_fallback_20260801T180205Z/timing/columba/measured_2/chr22_100_guide_063/metrics.tsv	293	b132647491ae4d82d865d05b644d5e848cf8fd1c8fd0bfb51d621947d9e21fba
raw/pilot_100_fallback_20260801T180205Z/timing/columba/measured_2/chr22_100_guide_063/output.paf	105	c4ca7ddc636638d7005d3e187756ba84185296e1c2585b41d0a7a856e2606213
raw/pilot_100_fallback_20260801T180205Z/timing/columba/measured_2/chr22_100_guide_063/stderr.txt	94	696e651629a088ed51fa18bf92752b7cebcc5231944eb0da133c1b9ea7800ae7
raw/pilot_100_fallback_20260801T180205Z/timing/columba/measured_2/chr22_100_guide_064/command.txt	566	cbfa779c953bf1b574cb41e057ec20878b0869a63cd3d04f0cd6279b249ef292
raw/pilot_100_fallback_20260801T180205Z/timing/columba/measured_2/chr22_100_guide_064/metrics.tsv	294	540a1e48836595e1619135a3daf071c648d966d1dadcfef9914d6174b4c917bc
raw/pilot_100_fallback_20260801T180205Z/timing/columba/measured_2/chr22_100_guide_064/output.paf	105	b38f02456f345d872287da7f74b53691b169eb255cc35d11d103c308c700d2eb
raw/pilot_100_fallback_20260801T180205Z/timing/columba/measured_2/chr22_100_guide_064/stderr.txt	282	80ee862860c0660e526ecb32b831aefab1ec8d289bb9d77c6b7b292513f4e728
raw/pilot_100_fallback_20260801T180205Z/timing/columba/measured_2/chr22_100_guide_065/command.txt	566	cd8bea7ad0302bb53f4545cde2f35efde24f2fb175dfc2c4ed9246058809a00d
raw/pilot_100_fallback_20260801T180205Z/timing/columba/measured_2/chr22_100_guide_065/metrics.tsv	292	2ecf06a6900f8c9f6a524072ecd100b3dabcdc24df6ea10af8dc951121885b3e
raw/pilot_100_fallback_20260801T180205Z/timing/columba/measured_2/chr22_100_guide_065/output.paf	105	4a6f7a313e251182f276be210f99075cb7bfa5275fa278d132ac27df6e713db1
raw/pilot_100_fallback_20260801T180205Z/timing/columba/measured_2/chr22_100_guide_065/stderr.txt	0	e3b0c44298fc1c149afbf4c8996fb92427ae41e4649b934ca495991b7852b855
raw/pilot_100_fallback_20260801T180205Z/timing/columba/measured_2/chr22_100_guide_066/command.txt	566	c69994929b6770cb304fdeac6afc4e19a288b04c9df37b0b524f6678ae4d6c60
raw/pilot_100_fallback_20260801T180205Z/timing/columba/measured_2/chr22_100_guide_066/metrics.tsv	293	12c96ea3cbe558b600d841c0aaa5073ee23b1cc8b63677faaa6812b272eef2fe
raw/pilot_100_fallback_20260801T180205Z/timing/columba/measured_2/chr22_100_guide_066/output.paf	105	4802296ebbba9922a4ece696902be06427691049808ba406ed873a9a4a219f9c
raw/pilot_100_fallback_20260801T180205Z/timing/columba/measured_2/chr22_100_guide_066/stderr.txt	94	5f467778f752a1aaed5df46d05a9a1b73450c302e12b8f1f7e33ddf845f2077e
raw/pilot_100_fallback_20260801T180205Z/timing/columba/measured_2/chr22_100_guide_067/command.txt	566	1b1523f9c92f86af9cfe29cb89d4261c92b593a6c7fc810de26996f588036e43
raw/pilot_100_fallback_20260801T180205Z/timing/columba/measured_2/chr22_100_guide_067/metrics.tsv	294	cd51f0130afef8989b2af9e3e575a0ad8d6d2af693a961aea9ec8db6745ef2e4
raw/pilot_100_fallback_20260801T180205Z/timing/columba/measured_2/chr22_100_guide_067/output.paf	105	0229a4fc79d3d37ddda05a4910899ff60fcd29aa41d3690d08b235deae1dd329
raw/pilot_100_fallback_20260801T180205Z/timing/columba/measured_2/chr22_100_guide_067/stderr.txt	282	53b771ffaca11cb96d720daf7c16129376f1614689ba28d188fa0d0308cc5d07
raw/pilot_100_fallback_20260801T180205Z/timing/columba/measured_2/chr22_100_guide_068/command.txt	566	b4f95c6280b1a4dc349971cca88c87fd6230df502fa8f9023aa12bfe754f76e7
raw/pilot_100_fallback_20260801T180205Z/timing/columba/measured_2/chr22_100_guide_068/metrics.tsv	294	3a1d74f480fd61aeb2908db67c5dedaf82501f62a771e18fe2d32d6c6274a470
raw/pilot_100_fallback_20260801T180205Z/timing/columba/measured_2/chr22_100_guide_068/output.paf	214	d39c5b6762aa09453e14f55e106ab300ceb4955ee3d73b381937cbf2220ed042
raw/pilot_100_fallback_20260801T180205Z/timing/columba/measured_2/chr22_100_guide_068/stderr.txt	188	fc6bbc4c65e692473cbf32ff151557635e2d1dd99e4b69c5ee3da000a109cea9
raw/pilot_100_fallback_20260801T180205Z/timing/columba/measured_2/chr22_100_guide_069/command.txt	566	6ab248107276765722b8a3fdbe4c32639a5386a8a99ebb56c252f33b45d836de
raw/pilot_100_fallback_20260801T180205Z/timing/columba/measured_2/chr22_100_guide_069/metrics.tsv	294	7db87858ae0bd3fdcee229f21e0a016739d57746247750529f9416a32fa7445d
raw/pilot_100_fallback_20260801T180205Z/timing/columba/measured_2/chr22_100_guide_069/output.paf	105	77885b288a794217926cbdc3f9557271a5584ca0a3525a33368ba9dfa0f79c36
raw/pilot_100_fallback_20260801T180205Z/timing/columba/measured_2/chr22_100_guide_069/stderr.txt	470	5d430161443a2a46da19dfd91300b023436381d8acde81bd4858cc16663951ac
raw/pilot_100_fallback_20260801T180205Z/timing/columba/measured_2/chr22_100_guide_070/command.txt	566	3e50a90b55d592389b4d53c90eb7f4f4ac764beaebd77db60eb82cbf62079482
raw/pilot_100_fallback_20260801T180205Z/timing/columba/measured_2/chr22_100_guide_070/metrics.tsv	293	7eeb792d53b8f3e7c18a96c971b092625430a0f42054ec53309ea9df7b92d658
raw/pilot_100_fallback_20260801T180205Z/timing/columba/measured_2/chr22_100_guide_070/output.paf	105	555a66e1753526673117e366fb233c844df0cfc38a64971866528e20e52f4ca2
raw/pilot_100_fallback_20260801T180205Z/timing/columba/measured_2/chr22_100_guide_070/stderr.txt	94	daf225fd739240830663f4f6fa1add420c3d409ae734e31ecd3e9a98f65456bd
raw/pilot_100_fallback_20260801T180205Z/timing/columba/measured_2/chr22_100_guide_071/command.txt	566	cf3d3efc4290dcac6538399bcdb35e7649abd5a1bb77134f82032d399cfc2cd2
raw/pilot_100_fallback_20260801T180205Z/timing/columba/measured_2/chr22_100_guide_071/metrics.tsv	292	5dd8c2592987300fccc861b7b365b339943fff6fa6832113d0e7787fea798f14
raw/pilot_100_fallback_20260801T180205Z/timing/columba/measured_2/chr22_100_guide_071/output.paf	105	db50066ab5215e0ab40715d3e84c765c47977eb5d92e2f74fef9a37ee0c19f96
raw/pilot_100_fallback_20260801T180205Z/timing/columba/measured_2/chr22_100_guide_071/stderr.txt	0	e3b0c44298fc1c149afbf4c8996fb92427ae41e4649b934ca495991b7852b855
raw/pilot_100_fallback_20260801T180205Z/timing/columba/measured_2/chr22_100_guide_072/command.txt	566	094ffe4630fe361070d84d4d80c4f5bbfa18cfafddd156b27194d89d96fd10ea
raw/pilot_100_fallback_20260801T180205Z/timing/columba/measured_2/chr22_100_guide_072/metrics.tsv	294	8681241c8407129f3844b6dc204b8909941af130150afa616a13fe978abf1369
raw/pilot_100_fallback_20260801T180205Z/timing/columba/measured_2/chr22_100_guide_072/output.paf	105	a7389bd954eaa7a8f7c3e448a2ff3a3f4ef011b680d833fad933fd884d099eca
raw/pilot_100_fallback_20260801T180205Z/timing/columba/measured_2/chr22_100_guide_072/stderr.txt	282	9b7501725ac0e846ebbf11d00696dd347ff96cf1e9b93286935af165a5a8fa66
raw/pilot_100_fallback_20260801T180205Z/timing/columba/measured_2/chr22_100_guide_073/command.txt	566	eba1264cf9013d38525c2d30bcf23d12aa2915d02fc0212879ab1e5d20bb5fc4
raw/pilot_100_fallback_20260801T180205Z/timing/columba/measured_2/chr22_100_guide_073/metrics.tsv	293	c615fea8a77036833252de52d4d5ec77dd38d10b8cccd07794dcce6f255f1069
raw/pilot_100_fallback_20260801T180205Z/timing/columba/measured_2/chr22_100_guide_073/output.paf	105	850390cf00e784716c531f5e64380876ff07596af289e7ba34bc096bff075ecc
raw/pilot_100_fallback_20260801T180205Z/timing/columba/measured_2/chr22_100_guide_073/stderr.txt	94	f44e84d998c57621965bbb72ae37ec201bf3185e3f28563924ad182f849d8046
raw/pilot_100_fallback_20260801T180205Z/timing/columba/measured_2/chr22_100_guide_074/command.txt	566	1de414c580ca4646dae0aea0ec19ffe2efd70be71594dfa9581396a7bf5bbd4f
raw/pilot_100_fallback_20260801T180205Z/timing/columba/measured_2/chr22_100_guide_074/metrics.tsv	298	0fb9e8b803275dce7138e32026fb4491798ff8225cecbea6dd63268e5b5fc383
raw/pilot_100_fallback_20260801T180205Z/timing/columba/measured_2/chr22_100_guide_074/output.paf	1529	76a6c31466fe8a92224b497f48d2a2b9c37e70f1819d8dbfb848d4f9edb761fa
raw/pilot_100_fallback_20260801T180205Z/timing/columba/measured_2/chr22_100_guide_074/stderr.txt	105419	5d8c3c5262e38d7dcf79bb590cb26e9f2d0dcf06deb7d1592a9870792a22513e
raw/pilot_100_fallback_20260801T180205Z/timing/columba/measured_2/chr22_100_guide_075/command.txt	566	98658e1f73bdf5d075e4a24f6a1098b56c3aba0440255c52455a073c4450183d
raw/pilot_100_fallback_20260801T180205Z/timing/columba/measured_2/chr22_100_guide_075/metrics.tsv	298	6626438c73ff6284da2ecf705e61fa41193c0293beb1c39765129ffed439a1f7
raw/pilot_100_fallback_20260801T180205Z/timing/columba/measured_2/chr22_100_guide_075/output.paf	70824	8cd88d35a6239e28f2d4fbc087a6b9692a349aea3a2e67d683ea11cc00b840b9
raw/pilot_100_fallback_20260801T180205Z/timing/columba/measured_2/chr22_100_guide_075/stderr.txt	99365	ae0d360083b0af56bd11fb704abe24935addb611a3312190e66090cd83bd6649
raw/pilot_100_fallback_20260801T180205Z/timing/columba/measured_2/chr22_100_guide_076/command.txt	566	87f7dcb24038b78b26f44b74116c77e21deac72c253eb35c7be0d7648be62d64
raw/pilot_100_fallback_20260801T180205Z/timing/columba/measured_2/chr22_100_guide_076/metrics.tsv	298	2d25236e23493ec577311f345fe15cb46d8f0803c8fa79c8d6a892275cd16e7e
raw/pilot_100_fallback_20260801T180205Z/timing/columba/measured_2/chr22_100_guide_076/output.paf	3832	a3708319d6d4098cc051809e3fc924b4e19fa417c7730648eec2d9aff2c6874f
raw/pilot_100_fallback_20260801T180205Z/timing/columba/measured_2/chr22_100_guide_076/stderr.txt	226653	cb3d9fed22603537236f05dd51494a2dd8aff4f617ef543b45f73896a1ee5453
raw/pilot_100_fallback_20260801T180205Z/timing/columba/measured_2/chr22_100_guide_077/command.txt	566	e9695feb5898e638ab32195c49ff76b873f8dc943737ca1979ee8c1b4ec12301
raw/pilot_100_fallback_20260801T180205Z/timing/columba/measured_2/chr22_100_guide_077/metrics.tsv	293	b95050fcb818a36587f876a5df65b3875b6b43f59281b2ae12ac80d87c5c5f2c
raw/pilot_100_fallback_20260801T180205Z/timing/columba/measured_2/chr22_100_guide_077/output.paf	105	e3869c3952dd0b0eb3e37141b1040c6f25b82c4e398011436f2219c75f8febe8
raw/pilot_100_fallback_20260801T180205Z/timing/columba/measured_2/chr22_100_guide_077/stderr.txt	94	b9c553e0ccfe2ce660998762584c8775fddbac678c08f7828037c9b6239ea576
raw/pilot_100_fallback_20260801T180205Z/timing/columba/measured_2/chr22_100_guide_078/command.txt	566	f9c7351bcc66b75e96ec02ff0802506b5e2eec8a2d9441060693a17c153c38a2
raw/pilot_100_fallback_20260801T180205Z/timing/columba/measured_2/chr22_100_guide_078/metrics.tsv	292	da01dd1c669ec3294cc0a1370c483c3ec46520ddf9dcc2743dc55066fbe40f89
raw/pilot_100_fallback_20260801T180205Z/timing/columba/measured_2/chr22_100_guide_078/output.paf	105	b32f95b3659bdf5efde0a545c93605a84811e1f51637e98948f88b66e0c918a9
raw/pilot_100_fallback_20260801T180205Z/timing/columba/measured_2/chr22_100_guide_078/stderr.txt	0	e3b0c44298fc1c149afbf4c8996fb92427ae41e4649b934ca495991b7852b855
raw/pilot_100_fallback_20260801T180205Z/timing/columba/measured_2/chr22_100_guide_079/command.txt	566	8ea7de91065d96cb7237ab072a8256cdc57cdf37a3558a1dd7fd031b56a7bdeb
raw/pilot_100_fallback_20260801T180205Z/timing/columba/measured_2/chr22_100_guide_079/metrics.tsv	294	473787b411c74a91cbf2abd83c63d42c1e49be12e56394d32c972eff3a7b2c46
raw/pilot_100_fallback_20260801T180205Z/timing/columba/measured_2/chr22_100_guide_079/output.paf	105	3719b9c87eb26bae46571444132aecd72ec6971081ed8592128ac8081655f637
raw/pilot_100_fallback_20260801T180205Z/timing/columba/measured_2/chr22_100_guide_079/stderr.txt	188	ba8e3024a8dbd3ab92f3c3efd62af4339a44a56f1d02bd2d31d752a8b26c0e77
raw/pilot_100_fallback_20260801T180205Z/timing/columba/measured_2/chr22_100_guide_080/command.txt	566	2d4beb5215dc7bb7ae5ee9b27f218d9dcc93a4842d23a09fe9e71372bcb574ab
raw/pilot_100_fallback_20260801T180205Z/timing/columba/measured_2/chr22_100_guide_080/metrics.tsv	293	8cf228be021498567d7fa8fa9a85e931a5e7c0ce0a090295463ae52fdc175bb7
raw/pilot_100_fallback_20260801T180205Z/timing/columba/measured_2/chr22_100_guide_080/output.paf	105	5c9d989f365df1d424483a28cbc77093b089ff7ebee8cd46972f309ff0b6db17
raw/pilot_100_fallback_20260801T180205Z/timing/columba/measured_2/chr22_100_guide_080/stderr.txt	94	2f17411719ddcf823a39fa8532b48978e18ea71b4f65cc71e1b1d51840c18def
raw/pilot_100_fallback_20260801T180205Z/timing/columba/measured_2/chr22_100_guide_081/command.txt	566	edea278b4b049a5340bb5c50fc2d230e91dcfde3ecd1f021aa9d84b5570318b2
raw/pilot_100_fallback_20260801T180205Z/timing/columba/measured_2/chr22_100_guide_081/metrics.tsv	292	806e79f2354c434aee0d9aeb470223910c4c96ee4c6b875d987da2bb26d64c04
raw/pilot_100_fallback_20260801T180205Z/timing/columba/measured_2/chr22_100_guide_081/output.paf	105	60f8b2bdc588b6b13527c78acc609879caa8defea9c72ada132dee63d52ad9bf
raw/pilot_100_fallback_20260801T180205Z/timing/columba/measured_2/chr22_100_guide_081/stderr.txt	0	e3b0c44298fc1c149afbf4c8996fb92427ae41e4649b934ca495991b7852b855
raw/pilot_100_fallback_20260801T180205Z/timing/columba/measured_2/chr22_100_guide_082/command.txt	566	8d8ee63c2dc3597eb4d53ab55f7bd7f259286db993286b37bd5b9449ec608352
raw/pilot_100_fallback_20260801T180205Z/timing/columba/measured_2/chr22_100_guide_082/metrics.tsv	292	82dc14bf1969fb151b9b373bb0ecafadba3c4935b57100b7364011211edbc498
raw/pilot_100_fallback_20260801T180205Z/timing/columba/measured_2/chr22_100_guide_082/output.paf	105	8aa0d629b648d54d65dead9f626b4f79b04416d14abcb761ce6f8afd4c8d5a02
raw/pilot_100_fallback_20260801T180205Z/timing/columba/measured_2/chr22_100_guide_082/stderr.txt	0	e3b0c44298fc1c149afbf4c8996fb92427ae41e4649b934ca495991b7852b855
raw/pilot_100_fallback_20260801T180205Z/timing/columba/measured_2/chr22_100_guide_083/command.txt	566	265dab80c13692588576635f415fb6f819f737e48546a4f351922e056f63a6d4
raw/pilot_100_fallback_20260801T180205Z/timing/columba/measured_2/chr22_100_guide_083/metrics.tsv	295	8c0144a02232b58cfb2d5b29a90e159a1c00de358c03a8fd2fdaa90701b0b06b
raw/pilot_100_fallback_20260801T180205Z/timing/columba/measured_2/chr22_100_guide_083/output.paf	105	1da030b92202db00fdf4fa746fa0de1c56a74c6415d7abf8e6e634730c0990ca
raw/pilot_100_fallback_20260801T180205Z/timing/columba/measured_2/chr22_100_guide_083/stderr.txt	3477	e8d6de60c3ba05b27001c144755f4d3ad082de5cdf0fdf5e9cf6b7717422195e
raw/pilot_100_fallback_20260801T180205Z/timing/columba/measured_2/chr22_100_guide_084/command.txt	566	652cf2a3baf6abf7fca52799913ebc1e19a0496d559a3709599e2e145044eed8
raw/pilot_100_fallback_20260801T180205Z/timing/columba/measured_2/chr22_100_guide_084/metrics.tsv	298	62d58ecd58c92826373db81464582c14d9f9a675c488f8a9711421807a1b9e1a
raw/pilot_100_fallback_20260801T180205Z/timing/columba/measured_2/chr22_100_guide_084/output.paf	5945	3d5c5eea17a8aa3a8f994922ea224d56786739f5f0a5310fdde2fb172a35766e
raw/pilot_100_fallback_20260801T180205Z/timing/columba/measured_2/chr22_100_guide_084/stderr.txt	152617	2a914062b2e61c0fc83bf7fd2ab17483db18f0ba4c11d5d51cac16a335f4a276
raw/pilot_100_fallback_20260801T180205Z/timing/columba/measured_2/chr22_100_guide_085/command.txt	566	c35c3ed68b7b3ec3e66308379e99e66e1aa9e45d56a2aad753bb40f887fb41f7
raw/pilot_100_fallback_20260801T180205Z/timing/columba/measured_2/chr22_100_guide_085/metrics.tsv	292	aee3a92b6a57dd9bd39dec5cf82598c1c5521b5c9372e324ab2926fc64353b04
raw/pilot_100_fallback_20260801T180205Z/timing/columba/measured_2/chr22_100_guide_085/output.paf	105	886f21508ef43139da65b3307d412b9c43af12390fb60b152be51f2961337117
raw/pilot_100_fallback_20260801T180205Z/timing/columba/measured_2/chr22_100_guide_085/stderr.txt	0	e3b0c44298fc1c149afbf4c8996fb92427ae41e4649b934ca495991b7852b855
raw/pilot_100_fallback_20260801T180205Z/timing/columba/measured_2/chr22_100_guide_086/command.txt	566	c956abb4db5d46c3fae1578ba5adbeb3e399ad25084a0984a122ca3a62d0db46
raw/pilot_100_fallback_20260801T180205Z/timing/columba/measured_2/chr22_100_guide_086/metrics.tsv	294	ae4867cfbc6c2ecd04b51d4f459b55777f3ec217ff3ea670d459763c5a242e84
raw/pilot_100_fallback_20260801T180205Z/timing/columba/measured_2/chr22_100_guide_086/output.paf	105	b49d937c3f713b95c07b0df4983659c5531f5062b2c8b309c93edf95c5d33253
raw/pilot_100_fallback_20260801T180205Z/timing/columba/measured_2/chr22_100_guide_086/stderr.txt	281	fe8b505978787bbd7a6d3b5268bab52bb800793326eda2f064520359431dd393
raw/pilot_100_fallback_20260801T180205Z/timing/columba/measured_2/chr22_100_guide_087/command.txt	566	c1b44b1cfb9abb07528060f7b65b22634376a03df1e64d63dcbd991d5e09bb2e
raw/pilot_100_fallback_20260801T180205Z/timing/columba/measured_2/chr22_100_guide_087/metrics.tsv	297	09f4143ff4d6e52dcd6aec07ed206354916c9fddd8d3d81306ea5bfbf0da0c0b
raw/pilot_100_fallback_20260801T180205Z/timing/columba/measured_2/chr22_100_guide_087/output.paf	537	7299c25e9e9229b69fae4918dbd7a3d10cf292aa3a5ae9e727231b52918c4ec1
raw/pilot_100_fallback_20260801T180205Z/timing/columba/measured_2/chr22_100_guide_087/stderr.txt	124597	e022cf39cf254e9d5e76a228fc4449c3751d849c1fa8e8eb5b7d348ead9de8a8
raw/pilot_100_fallback_20260801T180205Z/timing/columba/measured_2/chr22_100_guide_088/command.txt	566	77114703b970f8f9941648271a04fc172d15df91fc3d72635a634db9e68ae78a
raw/pilot_100_fallback_20260801T180205Z/timing/columba/measured_2/chr22_100_guide_088/metrics.tsv	294	a12ced0049bdd575a8f4a4477ffaf5d7b18ba340deaf340d2cc42b6a77420795
raw/pilot_100_fallback_20260801T180205Z/timing/columba/measured_2/chr22_100_guide_088/output.paf	105	7b9ea615f9aa7e046adebd0e63adf8ebdc63c09e2a683a13ae5b9e9457fd8152
raw/pilot_100_fallback_20260801T180205Z/timing/columba/measured_2/chr22_100_guide_088/stderr.txt	282	000abe2ead510b1e81f85058fe4a2422bdd56dfa268e082b10ff250075738f0e
raw/pilot_100_fallback_20260801T180205Z/timing/columba/measured_2/chr22_100_guide_089/command.txt	566	cb174a5304d89f52664baefbea68e481d943e4424d74197582aac02b4e4a5d71
raw/pilot_100_fallback_20260801T180205Z/timing/columba/measured_2/chr22_100_guide_089/metrics.tsv	293	e120fabfd900e3f5054fb05237fed1ea05be2d1d2f59630035870f6e7a3a0eaa
raw/pilot_100_fallback_20260801T180205Z/timing/columba/measured_2/chr22_100_guide_089/output.paf	105	790719bd8847db6a942f261864ea37c0ec15f7a4f400e0bd1eaf31a8e659f354
raw/pilot_100_fallback_20260801T180205Z/timing/columba/measured_2/chr22_100_guide_089/stderr.txt	94	5747958b98329bf390adcb88fe0c55df552279978269e4428317edf8497c35fb
raw/pilot_100_fallback_20260801T180205Z/timing/columba/measured_2/chr22_100_guide_090/command.txt	566	97804ea5ccea07c7d3140fe3f7f9435d15f4eb14000d76f6dd3e682137d9d481
raw/pilot_100_fallback_20260801T180205Z/timing/columba/measured_2/chr22_100_guide_090/metrics.tsv	294	9abd24f9999119115d619b1d8f427f853c23dd228c70141245fd45e6bce588e7
raw/pilot_100_fallback_20260801T180205Z/timing/columba/measured_2/chr22_100_guide_090/output.paf	105	af0e7d04b9032b6ba55a507cdc6196da5e7f3adbce117a38bb6ba2d2fb078cba
raw/pilot_100_fallback_20260801T180205Z/timing/columba/measured_2/chr22_100_guide_090/stderr.txt	188	bb969d4b02ddd34c284543e306e202b2336d7575aa86daa3e6466757c09fd92b
raw/pilot_100_fallback_20260801T180205Z/timing/columba/measured_2/chr22_100_guide_091/command.txt	566	0d91d0abe127937436cec38cf5c1b8e5e2b01735df65df22d7c6ead878abcfe7
raw/pilot_100_fallback_20260801T180205Z/timing/columba/measured_2/chr22_100_guide_091/metrics.tsv	294	708dd085c62108c6c4ed56052bf15d6753803a4262c4b54a45b63048d443d817
raw/pilot_100_fallback_20260801T180205Z/timing/columba/measured_2/chr22_100_guide_091/output.paf	214	cf53e5c0ba2549b95ad7cc66f6caa57165a2d7ef971b8448816c1f5189dcba42
raw/pilot_100_fallback_20260801T180205Z/timing/columba/measured_2/chr22_100_guide_091/stderr.txt	376	99ee76e9b64774c9369be8a6f72c896db95e3888b9d30ddcbc455b25e12e4601
raw/pilot_100_fallback_20260801T180205Z/timing/columba/measured_2/chr22_100_guide_092/command.txt	566	82b6bb884dfe7e6ebafb6087ccdcf199d3657098116bab9bd175a99e58d05f2e
raw/pilot_100_fallback_20260801T180205Z/timing/columba/measured_2/chr22_100_guide_092/metrics.tsv	294	3e1921eb3e04dcb545986a57bd6cb2dd5e830e7efcff765744651a67bd047bc2
raw/pilot_100_fallback_20260801T180205Z/timing/columba/measured_2/chr22_100_guide_092/output.paf	105	36dc22934c7c02b9c1a4043e7fa71e9fab23fac626842ee0233fa0a19e8a4d8d
raw/pilot_100_fallback_20260801T180205Z/timing/columba/measured_2/chr22_100_guide_092/stderr.txt	282	f9edfd1414c172b5a32e647be62f7efb9a1867b2825caa326cd197691299ad06
raw/pilot_100_fallback_20260801T180205Z/timing/columba/measured_2/chr22_100_guide_093/command.txt	566	75423228da4358cddac92bbb5822ed6e161e55c6642324e65e72684aabe31ab8
raw/pilot_100_fallback_20260801T180205Z/timing/columba/measured_2/chr22_100_guide_093/metrics.tsv	293	ba65ae3d0556fcf270e8d5e3782cd46727c2eb04b47309548ddc9f5de6fb5caa
raw/pilot_100_fallback_20260801T180205Z/timing/columba/measured_2/chr22_100_guide_093/output.paf	105	7c248ba9765e06499bdbdd56fa063150392f57bbcf49d7273e7a34148cb2a14e
raw/pilot_100_fallback_20260801T180205Z/timing/columba/measured_2/chr22_100_guide_093/stderr.txt	94	cb99cf2cb5c76fa9de96c7d214883bdebf51068c4cfea4bec3c2c4a8fda8efb1
raw/pilot_100_fallback_20260801T180205Z/timing/columba/measured_2/chr22_100_guide_094/command.txt	566	1611a9955c028c9e0b50ffbc9c8be9c9c129b9f18b1fed46ad8dc10176612085
raw/pilot_100_fallback_20260801T180205Z/timing/columba/measured_2/chr22_100_guide_094/metrics.tsv	292	25377c24367716461e050eeb2ac67bdc78873d9fadb7cbb3c4876a5e173c902d
raw/pilot_100_fallback_20260801T180205Z/timing/columba/measured_2/chr22_100_guide_094/output.paf	105	b129ef3c4f85946c1752fcdec67457fbfa137faf10c495dcfb79020726f0093a
raw/pilot_100_fallback_20260801T180205Z/timing/columba/measured_2/chr22_100_guide_094/stderr.txt	0	e3b0c44298fc1c149afbf4c8996fb92427ae41e4649b934ca495991b7852b855
raw/pilot_100_fallback_20260801T180205Z/timing/columba/measured_2/chr22_100_guide_095/command.txt	566	b23e9caf78828ea66a5e975d497d0672f697b588e38fbc498b22d0d319f91103
raw/pilot_100_fallback_20260801T180205Z/timing/columba/measured_2/chr22_100_guide_095/metrics.tsv	293	1661b3cec20769b1184ba7bed2923a503ae58bfd5dd455c0f8db49fc40f63ea2
raw/pilot_100_fallback_20260801T180205Z/timing/columba/measured_2/chr22_100_guide_095/output.paf	214	72cfccdb732c7f835e82aebb76ca4186954ee044989d4d3f165c230249e1ab41
raw/pilot_100_fallback_20260801T180205Z/timing/columba/measured_2/chr22_100_guide_095/stderr.txt	94	8dd8d8e768aa6c5cd7d90852728b3841c27aebb8dbde3dfbf7f30997ce15d157
raw/pilot_100_fallback_20260801T180205Z/timing/columba/measured_2/chr22_100_guide_096/command.txt	566	cc8c07c4d9cdf195933dc528fcd307f7d913356d409af62b2ac24755f5176818
raw/pilot_100_fallback_20260801T180205Z/timing/columba/measured_2/chr22_100_guide_096/metrics.tsv	294	745eadca1724bb8015818362abcdf29ace47fd116aebea5ecf8ba50ec186642d
raw/pilot_100_fallback_20260801T180205Z/timing/columba/measured_2/chr22_100_guide_096/output.paf	105	66356638d350f202a4fc3653512e2eb61d180a210d3b4874237620fdd88f45ac
raw/pilot_100_fallback_20260801T180205Z/timing/columba/measured_2/chr22_100_guide_096/stderr.txt	376	96e1dce767526b5e03b01ea34764f33de2e58653d775c70a8355e05d5d77a707
raw/pilot_100_fallback_20260801T180205Z/timing/columba/measured_2/chr22_100_guide_097/command.txt	566	e76b33e28d66a2a0ec64cd64199ca3676d87f6718cfa073c2a38746ce3da45e0
raw/pilot_100_fallback_20260801T180205Z/timing/columba/measured_2/chr22_100_guide_097/metrics.tsv	294	c216a52a53f9c7916ee2d23edf91ff082bc845bad69c2403e64096a433b9b952
raw/pilot_100_fallback_20260801T180205Z/timing/columba/measured_2/chr22_100_guide_097/output.paf	105	ec3317eca52cb313be8b742bd84d70d8e9f8f3d3a8dfda83e632d9ec5b3e7472
raw/pilot_100_fallback_20260801T180205Z/timing/columba/measured_2/chr22_100_guide_097/stderr.txt	188	c34143c4b66ce37c239db5fc991d73357da56a527f237f74e6df9d61bb22831f
raw/pilot_100_fallback_20260801T180205Z/timing/columba/measured_2/chr22_100_guide_098/command.txt	566	0c6937bca66d9f73b75c76533cba8aa0fda72dbd5e7c1807d67919aaf4d88501
raw/pilot_100_fallback_20260801T180205Z/timing/columba/measured_2/chr22_100_guide_098/metrics.tsv	296	a47611dd3dd83df64ccdb71217113cf942d9d82ccf808e2b8e4ee15c65255090
raw/pilot_100_fallback_20260801T180205Z/timing/columba/measured_2/chr22_100_guide_098/output.paf	905	a016348f37755f8ce13e2e0e89980f934c47f1ed13f33ce69a965f043799e3ea
raw/pilot_100_fallback_20260801T180205Z/timing/columba/measured_2/chr22_100_guide_098/stderr.txt	48723	cf3712505c294ae6537378b91da6f8bca9bb56345e251df5353bc39739d8fd3e
raw/pilot_100_fallback_20260801T180205Z/timing/columba/measured_2/chr22_100_guide_099/command.txt	566	68e5ff2b91e061540d057809e486e1c1bacd48d49a503f8c2ca463ad5ca3f6ae
raw/pilot_100_fallback_20260801T180205Z/timing/columba/measured_2/chr22_100_guide_099/metrics.tsv	295	ed44d36839cff5948ebc3b45b84e5bf9452dcf903d337ec8cd59336cac7c2aa0
raw/pilot_100_fallback_20260801T180205Z/timing/columba/measured_2/chr22_100_guide_099/output.paf	404	b00ff7e072d9842bb0b22f9c6466a689c12afe9775188950e97e7229b6dc8e93
raw/pilot_100_fallback_20260801T180205Z/timing/columba/measured_2/chr22_100_guide_099/stderr.txt	1312	ff5c429edcc84b2bd2955d16c05ac27a1dc11df3ce849c05a33687f69b642bd8
raw/pilot_100_fallback_20260801T180205Z/timing/columba/measured_2/chr22_100_guide_100/command.txt	566	b925859ced49dd9949df5b9ec58d5f62c02c9395b6245f612ec7fc1c15d56407
raw/pilot_100_fallback_20260801T180205Z/timing/columba/measured_2/chr22_100_guide_100/metrics.tsv	294	ac89a22173b46a12cb266f24a56a4d3d2f10c7825930b2f5f66828454793db94
raw/pilot_100_fallback_20260801T180205Z/timing/columba/measured_2/chr22_100_guide_100/output.paf	214	4bb6e4f08a7316ba26ec3e6f894f79070071b55d78d6c1605a50035d0a1d9c79
raw/pilot_100_fallback_20260801T180205Z/timing/columba/measured_2/chr22_100_guide_100/stderr.txt	188	43c575a7c9c47d3164a453eb851e84a8842b01388a4b2fe7c9503045ddc887e0
raw/pilot_100_fallback_20260801T180205Z/timing/columba/measured_2/stdout.sha256.list	8500	677eee987dee7f6fac1b8a02d33bf05dd27af37548230dd0500f7b073fb47e02
raw/pilot_100_fallback_20260801T180205Z/timing/columba/measured_3/chr22_100_guide_001/command.txt	566	56f3f7994581c54148bc1ff6919f7573c634e731c14ed57522b4c97a47cf2202
raw/pilot_100_fallback_20260801T180205Z/timing/columba/measured_3/chr22_100_guide_001/metrics.tsv	294	87a16b6767616d377e67d82344cdc573bb0a096a83e3e7dc83fe09442c0a4473
raw/pilot_100_fallback_20260801T180205Z/timing/columba/measured_3/chr22_100_guide_001/output.paf	192	c9c93b5e3642ad2be4fd3699f495e8d1c48adb430768e7ff532b1a4c59fa0c05
raw/pilot_100_fallback_20260801T180205Z/timing/columba/measured_3/chr22_100_guide_001/stderr.txt	608	1e3c641d38fd3d4b1cd876bbb13830d7fb2fb20f77ad12222230d037dc68d895
raw/pilot_100_fallback_20260801T180205Z/timing/columba/measured_3/chr22_100_guide_002/command.txt	566	48be265bdb8e5c6d97072b3fa2d4e11635fa02f684ae9bfe1483db37500a05ba
raw/pilot_100_fallback_20260801T180205Z/timing/columba/measured_3/chr22_100_guide_002/metrics.tsv	297	0889c7b3a774aead3d7c667b134e10d9c1505c8c03ed4d0ea37b000e3617de96
raw/pilot_100_fallback_20260801T180205Z/timing/columba/measured_3/chr22_100_guide_002/output.paf	2179	87b02444da0f2ab8be03442bf4b8948663370c5a682f070b36a827822ee531e3
raw/pilot_100_fallback_20260801T180205Z/timing/columba/measured_3/chr22_100_guide_002/stderr.txt	94307	e925e6374c2b14f26ce352338d241501af5403cd20c2f7a0a66a7ff0957a82b9
raw/pilot_100_fallback_20260801T180205Z/timing/columba/measured_3/chr22_100_guide_003/command.txt	566	988af8d9fb7aa949c17338aa69391195bbb82ac5c4719332f3d16329248cd909
raw/pilot_100_fallback_20260801T180205Z/timing/columba/measured_3/chr22_100_guide_003/metrics.tsv	298	bdc2472712a345ac4c18920ce0a6275230d1d81a3be015405c4a05881dfb707d
raw/pilot_100_fallback_20260801T180205Z/timing/columba/measured_3/chr22_100_guide_003/output.paf	88173	42c85ab9ac542a0a68f74f516c324f16feaf1ad5d780ddfa17aa882a9000849d
raw/pilot_100_fallback_20260801T180205Z/timing/columba/measured_3/chr22_100_guide_003/stderr.txt	33263	d5b5b7e3b34b61dc81dc8aab501910e13be4bc817fe9b96479eef46411ddf2a0
raw/pilot_100_fallback_20260801T180205Z/timing/columba/measured_3/chr22_100_guide_004/command.txt	566	9b1f0fa21a4d57c6c2ccbb7b6bcef1ee262821bec6c7a9f342482cb9ba256605
raw/pilot_100_fallback_20260801T180205Z/timing/columba/measured_3/chr22_100_guide_004/metrics.tsv	296	5c501e8ee5f337baf4675200f429a6aadbadb7656ea398fa20ebde09fda26e1b
raw/pilot_100_fallback_20260801T180205Z/timing/columba/measured_3/chr22_100_guide_004/output.paf	103	691ce0260ac4ff8426decb079b6ec2efdf4680b3abaced64e9143840bccb9552
raw/pilot_100_fallback_20260801T180205Z/timing/columba/measured_3/chr22_100_guide_004/stderr.txt	59585	a4c7fcea839152b57f9d48000d08a15502fd89d0fd27949928e5d265dda849b7
raw/pilot_100_fallback_20260801T180205Z/timing/columba/measured_3/chr22_100_guide_005/command.txt	566	01d9cb2b66b031d0aaae3525c6ee0eb78dca8b2265983e7488146ae3d372812e
raw/pilot_100_fallback_20260801T180205Z/timing/columba/measured_3/chr22_100_guide_005/metrics.tsv	294	78c3418782987066bab377d8bee87e525b99a8cf75fb4f30c21909e9385fa042
raw/pilot_100_fallback_20260801T180205Z/timing/columba/measured_3/chr22_100_guide_005/output.paf	103	95686fb2b7a30116b7ae2cc467351eaaf4c6f25cab6f6b7bc6dcc05f1c409532
raw/pilot_100_fallback_20260801T180205Z/timing/columba/measured_3/chr22_100_guide_005/stderr.txt	651	011f515d83cd8b0bf4648cfa3d329bea0cb2939a7aabcbf319c9ccbd2ece994c
raw/pilot_100_fallback_20260801T180205Z/timing/columba/measured_3/chr22_100_guide_006/command.txt	566	8573cef312b544e700e56167875329ee9f3d806ab371113f5595435f50987398
raw/pilot_100_fallback_20260801T180205Z/timing/columba/measured_3/chr22_100_guide_006/metrics.tsv	297	8f0049f82daa21f7f19da8841f4b1b76eae1ce253acf99418b9eadb5d2795a1b
raw/pilot_100_fallback_20260801T180205Z/timing/columba/measured_3/chr22_100_guide_006/output.paf	412	381669eac105895c77936e91601bef5a44b194dce1468388fa6bc22b65e83aab
raw/pilot_100_fallback_20260801T180205Z/timing/columba/measured_3/chr22_100_guide_006/stderr.txt	673643	9739780944683faaa4ef3f313f816b862f341378b37d0ab5c6f2f11c524f85ce
raw/pilot_100_fallback_20260801T180205Z/timing/columba/measured_3/chr22_100_guide_007/command.txt	566	274fcf6a772b1406cdf484180d376d7d3a9e628571abed1c8de8f1e7b78d0e40
raw/pilot_100_fallback_20260801T180205Z/timing/columba/measured_3/chr22_100_guide_007/metrics.tsv	298	2d1404c5628f3b6917f94ee7dfa214836f2e37d95815e3188cd5067737bb53a2
raw/pilot_100_fallback_20260801T180205Z/timing/columba/measured_3/chr22_100_guide_007/output.paf	7915	d298f59746650faabb2ca5561ee87dd6713d6657c3eeebcb15b3c30fa3c0c022
raw/pilot_100_fallback_20260801T180205Z/timing/columba/measured_3/chr22_100_guide_007/stderr.txt	175287	403d87bc80095f7dba4286b814ee578933bb15ea4b2720f3a94553d5d4a69f41
raw/pilot_100_fallback_20260801T180205Z/timing/columba/measured_3/chr22_100_guide_008/command.txt	566	0c1fc8248f08783d01ab158c374ab506b58a3c1c996ef1da9c86b8c47c0cd027
raw/pilot_100_fallback_20260801T180205Z/timing/columba/measured_3/chr22_100_guide_008/metrics.tsv	296	4f045d92445a54b4709c58c409267fb69f031a0f557a62cf86fc1b9921040d7b
raw/pilot_100_fallback_20260801T180205Z/timing/columba/measured_3/chr22_100_guide_008/output.paf	6864	8f32d63ac3fc7353d028bcbab308948f718f700957721b790efcbcfdf7b2968d
raw/pilot_100_fallback_20260801T180205Z/timing/columba/measured_3/chr22_100_guide_008/stderr.txt	2245	67c892220045c7e6de36630e42f43c7166e3a6cbb04fcd8d07803b38b0896333
raw/pilot_100_fallback_20260801T180205Z/timing/columba/measured_3/chr22_100_guide_009/command.txt	566	984b16fda32713f1afaa3d5287275e51c28d505dcae228fe3ebf3eb2deec5071
raw/pilot_100_fallback_20260801T180205Z/timing/columba/measured_3/chr22_100_guide_009/metrics.tsv	294	e6fa1d98432a6ff18e32cecb6c4e63d58e2016d15adc693d9254bdffa579a27f
raw/pilot_100_fallback_20260801T180205Z/timing/columba/measured_3/chr22_100_guide_009/output.paf	414	f852312a894362e0b31472a7c87cc296c09d811ed71a73c469ed1ae252e2fefe
raw/pilot_100_fallback_20260801T180205Z/timing/columba/measured_3/chr22_100_guide_009/stderr.txt	514	f9a5b9bf57218d2245080f337460f0f31693b21bce927496b6424a06a4356606
raw/pilot_100_fallback_20260801T180205Z/timing/columba/measured_3/chr22_100_guide_010/command.txt	566	e90a8d82acbceb3443d231a30e801f3e86f59541c126ecb19e84ca011a4160e4
raw/pilot_100_fallback_20260801T180205Z/timing/columba/measured_3/chr22_100_guide_010/metrics.tsv	297	0893672ca468ee72ad9ede44c26d6e2392ced914e51b0fab348f26e0f9bbd8c4
raw/pilot_100_fallback_20260801T180205Z/timing/columba/measured_3/chr22_100_guide_010/output.paf	2553	b8db8d29518bcd793fe2cf11a647c9c419525e6da6f3c9efa22d172c191ba4c4
raw/pilot_100_fallback_20260801T180205Z/timing/columba/measured_3/chr22_100_guide_010/stderr.txt	69723	09b67aada08755086fd2e6118d65bf7e9f49291d271c5abe563bb62ebc797503
raw/pilot_100_fallback_20260801T180205Z/timing/columba/measured_3/chr22_100_guide_011/command.txt	566	cb4c20f287c0d2cc52597950f342d35b9dac626e0d86dfe0b692c03ae12d9539
raw/pilot_100_fallback_20260801T180205Z/timing/columba/measured_3/chr22_100_guide_011/metrics.tsv	293	2b273830c17f6384083d00a311efd3e2371c9dce5f8d176cf6675f9271f7907e
raw/pilot_100_fallback_20260801T180205Z/timing/columba/measured_3/chr22_100_guide_011/output.paf	2243	ec592648254199539685feee5357d093e2e1ec0b8ee82c9ce1e89057db95c2aa
raw/pilot_100_fallback_20260801T180205Z/timing/columba/measured_3/chr22_100_guide_011/stderr.txt	0	e3b0c44298fc1c149afbf4c8996fb92427ae41e4649b934ca495991b7852b855
raw/pilot_100_fallback_20260801T180205Z/timing/columba/measured_3/chr22_100_guide_012/command.txt	566	59111a2ab63d33547c572328304fe36288c7cfb1ac9accbd49f81d2cdc0f78b3
raw/pilot_100_fallback_20260801T180205Z/timing/columba/measured_3/chr22_100_guide_012/metrics.tsv	292	fddabfd322ef08496f9b21b709211d553939f953b7b3f0be0743347149858fd3
raw/pilot_100_fallback_20260801T180205Z/timing/columba/measured_3/chr22_100_guide_012/output.paf	832	9b00eaabadec78eddf839955f38b2c49038c64b495db9fc7cba00a4c5b16c2fd
raw/pilot_100_fallback_20260801T180205Z/timing/columba/measured_3/chr22_100_guide_012/stderr.txt	0	e3b0c44298fc1c149afbf4c8996fb92427ae41e4649b934ca495991b7852b855
raw/pilot_100_fallback_20260801T180205Z/timing/columba/measured_3/chr22_100_guide_013/command.txt	566	9310dbfbc83548b63deaa0d0cfe32c815e82a85b6458a95427fdab998ff2e214
raw/pilot_100_fallback_20260801T180205Z/timing/columba/measured_3/chr22_100_guide_013/metrics.tsv	294	6f1661d4f85cb64f75e54282e51d489f6c60725efa877c2505648332ca704f5f
raw/pilot_100_fallback_20260801T180205Z/timing/columba/measured_3/chr22_100_guide_013/output.paf	293	606c59fbabc1859613e4a31b3b8ed8c4147f5ca89d1de01946221f89097d2bce
raw/pilot_100_fallback_20260801T180205Z/timing/columba/measured_3/chr22_100_guide_013/stderr.txt	184	ec04d3f7e1b1328ad5397a8bdd34185b098771189af9962fbc567d013800e818
raw/pilot_100_fallback_20260801T180205Z/timing/columba/measured_3/chr22_100_guide_014/command.txt	566	83aacd4c60d2613d98d18e28c621cdc206a30f0b5b4a6a9f426c5c8472767e8f
raw/pilot_100_fallback_20260801T180205Z/timing/columba/measured_3/chr22_100_guide_014/metrics.tsv	297	5312bfa13d769d794d5a230186780d519938165794eb5b79aa7787a2d1ce1d11
raw/pilot_100_fallback_20260801T180205Z/timing/columba/measured_3/chr22_100_guide_014/output.paf	20645	9d3f96b7c5db3e0da42d54d04629e5c2f3b7306de3a7b74cbbe19baeec72ef91
raw/pilot_100_fallback_20260801T180205Z/timing/columba/measured_3/chr22_100_guide_014/stderr.txt	1478	4429f6d37a56106f41ade5f8232056512f2c14e6a716c1b4f088b61464e12a95
raw/pilot_100_fallback_20260801T180205Z/timing/columba/measured_3/chr22_100_guide_015/command.txt	566	6f85a81139438099cf88df9c702b2dcb7eb18bc38f8c9e9f77b60365bccccaeb
raw/pilot_100_fallback_20260801T180205Z/timing/columba/measured_3/chr22_100_guide_015/metrics.tsv	299	48c289b6a0221002cbcbceeed7d697b4adbd0d5587b92aa906f79099e41a4041
raw/pilot_100_fallback_20260801T180205Z/timing/columba/measured_3/chr22_100_guide_015/output.paf	11781	e55942ac6df6ea5194730aa80c266f855204986eea43ac4bf3ebf7d75fa0e169
raw/pilot_100_fallback_20260801T180205Z/timing/columba/measured_3/chr22_100_guide_015/stderr.txt	833857	9d39fb2239ad6c24bc2177f8f8fc624629eba55e42615de578eff18b5dd9cfe1
raw/pilot_100_fallback_20260801T180205Z/timing/columba/measured_3/chr22_100_guide_016/command.txt	566	ab87ceda319234113f9e03631f0dfbb8da9676ca62b1867b0bec9e79bb986ec4
raw/pilot_100_fallback_20260801T180205Z/timing/columba/measured_3/chr22_100_guide_016/metrics.tsv	295	b7cc446caaf620bb961da90f5aac1e584ff2a72a95682e4ab159ecadd7538fe3
raw/pilot_100_fallback_20260801T180205Z/timing/columba/measured_3/chr22_100_guide_016/output.paf	103	664ca84d364b11b722ac1aa282d988cb26faa580c3801fc71e980d0a2785483d
raw/pilot_100_fallback_20260801T180205Z/timing/columba/measured_3/chr22_100_guide_016/stderr.txt	6603	647a3c26fb0f04ad019100c4ab0390ab87ed5c84aadfe7a252bca70b1e3bd96d
raw/pilot_100_fallback_20260801T180205Z/timing/columba/measured_3/chr22_100_guide_017/command.txt	566	52f4557e649aa46e4411ae140673c301db79070be95346be56434101def0adb8
raw/pilot_100_fallback_20260801T180205Z/timing/columba/measured_3/chr22_100_guide_017/metrics.tsv	298	2a6ae46904739a229ccb1f51698239ae867fbae9b329993b1f3781b83029c7ba
raw/pilot_100_fallback_20260801T180205Z/timing/columba/measured_3/chr22_100_guide_017/output.paf	6509	9852752810a86bc2ec08e1deae289cb1e46a4172c7b2e475ed07820b6266dd53
raw/pilot_100_fallback_20260801T180205Z/timing/columba/measured_3/chr22_100_guide_017/stderr.txt	525304	6c92947d95b3ae3f0e0ed0a3c24424f6bd041ec1db5523ff91ca421eff2f6f9d
raw/pilot_100_fallback_20260801T180205Z/timing/columba/measured_3/chr22_100_guide_018/command.txt	566	75e2baf188655797b05e9bcc7c7c52978a0f9ab393a9a0f9137f5c027fc04b28
raw/pilot_100_fallback_20260801T180205Z/timing/columba/measured_3/chr22_100_guide_018/metrics.tsv	296	4fffb1851d08b209562829f8f30b50fa91a67bd6a5ece16d1634160db0b978b0
raw/pilot_100_fallback_20260801T180205Z/timing/columba/measured_3/chr22_100_guide_018/output.paf	208	5c632dfc921b715b635c61d386497b7131eb4348bb520ea4a5cd13ab53ef1e7a
raw/pilot_100_fallback_20260801T180205Z/timing/columba/measured_3/chr22_100_guide_018/stderr.txt	43109	23e8f4ffff162fdc2e25089c32203c22ccb5ac9c66770c9b5d4a6408cc154ffb
raw/pilot_100_fallback_20260801T180205Z/timing/columba/measured_3/chr22_100_guide_019/command.txt	566	c296de5e3bf06c1c788e61e8d9053d04b4211a0935d94f8679e75efe74d67409
raw/pilot_100_fallback_20260801T180205Z/timing/columba/measured_3/chr22_100_guide_019/metrics.tsv	295	b4ec66e036b63eb0bca265b360b955b90da4c34c82209d1a511174878086cefa
raw/pilot_100_fallback_20260801T180205Z/timing/columba/measured_3/chr22_100_guide_019/output.paf	103	6cdd7ce54810d5bc4f6f9e343cba7e89b5868d4aa230081223fa53049a31ac4f
raw/pilot_100_fallback_20260801T180205Z/timing/columba/measured_3/chr22_100_guide_019/stderr.txt	1766	dc56e723a41ad2b033072b1d35240963852ef67de09ef8478a44d1daa4a0e78a
raw/pilot_100_fallback_20260801T180205Z/timing/columba/measured_3/chr22_100_guide_020/command.txt	566	3d6c4d5ae462056631517cc4658879656edee22c7d7ce64248e801b26b4d3f46
raw/pilot_100_fallback_20260801T180205Z/timing/columba/measured_3/chr22_100_guide_020/metrics.tsv	296	9f925a5b65f8b7ce96ebd1d0e819b73b3bc282e76f9cf92432b64c103a46d1ad
raw/pilot_100_fallback_20260801T180205Z/timing/columba/measured_3/chr22_100_guide_020/output.paf	759	e201d7cfc5ec4a9979af6c9a236130b8f36d6e0e4dcfef596b106dbc39010303
raw/pilot_100_fallback_20260801T180205Z/timing/columba/measured_3/chr22_100_guide_020/stderr.txt	76628	b458b467a03688a50351b56d6e3c449c56ad4edc944351aafb91ac49def2d89e
raw/pilot_100_fallback_20260801T180205Z/timing/columba/measured_3/chr22_100_guide_021/command.txt	566	f9050ea994c56a1d1281887bb0fc83f4193c34c12335ce9829084521f61c8def
raw/pilot_100_fallback_20260801T180205Z/timing/columba/measured_3/chr22_100_guide_021/metrics.tsv	294	125369f6ab19b7b6e2dd3613e835493cbf3b0106694ad4526408a6ac1348ad10
raw/pilot_100_fallback_20260801T180205Z/timing/columba/measured_3/chr22_100_guide_021/output.paf	105	70d3142b6438b2233c1a63a2ac833233a13a2d75bf75339f1fccaff2fa81b453
raw/pilot_100_fallback_20260801T180205Z/timing/columba/measured_3/chr22_100_guide_021/stderr.txt	652	d56d96fe98b333f362ee9bd6376532e8bc00f0bfcb42456116b5b2cd748bb70d
raw/pilot_100_fallback_20260801T180205Z/timing/columba/measured_3/chr22_100_guide_022/command.txt	566	6b4efbf55dd6e3bf25a65b5e28b7a2092729c8bb72fffea26760e282eea23625
raw/pilot_100_fallback_20260801T180205Z/timing/columba/measured_3/chr22_100_guide_022/metrics.tsv	297	0839ed69d0760d0f11e560563a743008cbcc2ff79ae364feb15acf7ed3fdcd74
raw/pilot_100_fallback_20260801T180205Z/timing/columba/measured_3/chr22_100_guide_022/output.paf	105	6b72b7d58a6bb9700568183d8342e8f3bc79c45ffa1f7e46c161effbf9985c5d
raw/pilot_100_fallback_20260801T180205Z/timing/columba/measured_3/chr22_100_guide_022/stderr.txt	592188	1bdc42a6859b8b52c1db369907a7439fdf814d31ad0591c6948691ed396edcd1
raw/pilot_100_fallback_20260801T180205Z/timing/columba/measured_3/chr22_100_guide_023/command.txt	566	70ccd8838041ffb2b91a0368ef5d937990570a77e556ba08b90bf9c13cf759b1
raw/pilot_100_fallback_20260801T180205Z/timing/columba/measured_3/chr22_100_guide_023/metrics.tsv	297	4ce37a8d51c6c9dcbda63f5a2f36556f9d5a8db2b27ecc0142422796d0608ea3
raw/pilot_100_fallback_20260801T180205Z/timing/columba/measured_3/chr22_100_guide_023/output.paf	15269	13d490936eb128956dcd7744ae65b99655fcac4ad3ba999a6d96498e5f4323b1
raw/pilot_100_fallback_20260801T180205Z/timing/columba/measured_3/chr22_100_guide_023/stderr.txt	7075	ac192c7b6f04bd7ec153ca9deee4b10effcbb4185b9d200c6f35f95533887058
raw/pilot_100_fallback_20260801T180205Z/timing/columba/measured_3/chr22_100_guide_024/command.txt	566	6e346420d30f1215f572c1198ebba67285f3255da0f7399a940e5815edb3d384
raw/pilot_100_fallback_20260801T180205Z/timing/columba/measured_3/chr22_100_guide_024/metrics.tsv	296	b822f0d10b467495290fa08797876fc75230ce5f56e5006e2192144fca6d8b58
raw/pilot_100_fallback_20260801T180205Z/timing/columba/measured_3/chr22_100_guide_024/output.paf	214	bcee63120e7a1ad9985f53ede79aec2d8e27e6be8190904374c9bd2675cce1d4
raw/pilot_100_fallback_20260801T180205Z/timing/columba/measured_3/chr22_100_guide_024/stderr.txt	89840	20e0d047a90eb941c28e7c3eadd3682e2d2baa7519ca17df715655ce2d25a138
raw/pilot_100_fallback_20260801T180205Z/timing/columba/measured_3/chr22_100_guide_025/command.txt	566	c9d3511d3258b4919e14690f782a111dd5b294b9f7d7f83afbd4fe3c7f861b7c
raw/pilot_100_fallback_20260801T180205Z/timing/columba/measured_3/chr22_100_guide_025/metrics.tsv	300	a6b1d956ed291de158ca6d2bfbd7255445df86a3e3d1fed53eda231aad5197b4
raw/pilot_100_fallback_20260801T180205Z/timing/columba/measured_3/chr22_100_guide_025/output.paf	341079	7f78171e7e6e43e57fe0ccabe7cc5e8fc6ad058811ae50a138478aec4dbcd946
raw/pilot_100_fallback_20260801T180205Z/timing/columba/measured_3/chr22_100_guide_025/stderr.txt	756897	a34f27a5f1f0c21115f51c2a00f1de92d7498004bf63229ab020afe0cdc3dd75
raw/pilot_100_fallback_20260801T180205Z/timing/columba/measured_3/chr22_100_guide_026/command.txt	566	13ba028df906384e3b2a1de8a1618c80cdcff5fdbce9f5fe963de5984996dc7b
raw/pilot_100_fallback_20260801T180205Z/timing/columba/measured_3/chr22_100_guide_026/metrics.tsv	298	f4eca4df463b7e98774c5a8a6aa468f1a51694c950b978539c7bf0ea9697598f
raw/pilot_100_fallback_20260801T180205Z/timing/columba/measured_3/chr22_100_guide_026/output.paf	6840	74ee2057f2511f0387c90decf264283593386e47d9b30347bc9921ddcc60dd17
raw/pilot_100_fallback_20260801T180205Z/timing/columba/measured_3/chr22_100_guide_026/stderr.txt	763944	24451543d4981af6965232fc89a42aae084c85b1effd413db55357f5b81b7551
raw/pilot_100_fallback_20260801T180205Z/timing/columba/measured_3/chr22_100_guide_027/command.txt	566	42f11b0ac63b535ebba76e8909b548fac3bfd29f1f9a1e5a2956e3348c124662
raw/pilot_100_fallback_20260801T180205Z/timing/columba/measured_3/chr22_100_guide_027/metrics.tsv	294	e5e2011fdbb19d4178fe2950976b08a8fef7a0b7eb3a3d39e61654ff27080437
raw/pilot_100_fallback_20260801T180205Z/timing/columba/measured_3/chr22_100_guide_027/output.paf	210	a7610eb051e87a34826545d10fcf8102943e8611a97a657a33ec94ff2afe4c13
raw/pilot_100_fallback_20260801T180205Z/timing/columba/measured_3/chr22_100_guide_027/stderr.txt	470	ca6032de9107568e011efa775fb138933bc1f4163d835edc39d12e948093dfde
raw/pilot_100_fallback_20260801T180205Z/timing/columba/measured_3/chr22_100_guide_028/command.txt	566	7e1a39c18a8234e4b77a15c338fb0b22f0d2e1ef98eaef93cbe5df88a9e50da9
raw/pilot_100_fallback_20260801T180205Z/timing/columba/measured_3/chr22_100_guide_028/metrics.tsv	299	d1896f2ebff8bda223d0bf079eaf68ce98735bd4d188e09ab43403f51bb09f5e
raw/pilot_100_fallback_20260801T180205Z/timing/columba/measured_3/chr22_100_guide_028/output.paf	214107	ccbb10c6b39950ff1a609a7c093affb95e09b093f31339b79eb9e55af9bea14f
raw/pilot_100_fallback_20260801T180205Z/timing/columba/measured_3/chr22_100_guide_028/stderr.txt	26540	6ab1cb25283fe19a6bfd4fcd5c48da2d87969a73970cab771254caf7f66a6287
raw/pilot_100_fallback_20260801T180205Z/timing/columba/measured_3/chr22_100_guide_029/command.txt	566	8d93322f79c278600132fcd48cbcf81a163d9b58a1b21fc80d646b44faef009e
raw/pilot_100_fallback_20260801T180205Z/timing/columba/measured_3/chr22_100_guide_029/metrics.tsv	299	4670b3e36b0ed670a044cd4577e43ac28c3f3d9c4591625b2af2a3b2c44c5e13
raw/pilot_100_fallback_20260801T180205Z/timing/columba/measured_3/chr22_100_guide_029/output.paf	199216	023a0db1667cffab02ece840deaeba274e313dbe75e80a569d4eb1e108049a70
raw/pilot_100_fallback_20260801T180205Z/timing/columba/measured_3/chr22_100_guide_029/stderr.txt	27636	d4e0a36311e4ca8e67b4e69d062e253606ee8ba50c03ffb98d71774fa810bdfb
raw/pilot_100_fallback_20260801T180205Z/timing/columba/measured_3/chr22_100_guide_030/command.txt	566	cf119fedaebf729a33ac282a4330e0dd7223f4db1879660848aa9e0a26c7948a
raw/pilot_100_fallback_20260801T180205Z/timing/columba/measured_3/chr22_100_guide_030/metrics.tsv	300	78365080dff7ff0baf3108f3791e1b135e1377e62b9484a40dc3bf6c17dc053b
raw/pilot_100_fallback_20260801T180205Z/timing/columba/measured_3/chr22_100_guide_030/output.paf	226228	e96360b064c516b87fc1693427dead08c7b0c7e111a9ad12d3d41bda12ba3e0e
raw/pilot_100_fallback_20260801T180205Z/timing/columba/measured_3/chr22_100_guide_030/stderr.txt	273205	dcd1a0046df890a8b3a39f7884dafa87cf0c672958395ee079ca311c62f39e1c
raw/pilot_100_fallback_20260801T180205Z/timing/columba/measured_3/chr22_100_guide_031/command.txt	566	b5434d72923f8388a240772e19851d5e85c18a398dfceb2c0f93d2578e8281d0
raw/pilot_100_fallback_20260801T180205Z/timing/columba/measured_3/chr22_100_guide_031/metrics.tsv	297	15d5d40f4265cd1d4bc98d6baa7361400d1359817c6f3026923b368f6480786a
raw/pilot_100_fallback_20260801T180205Z/timing/columba/measured_3/chr22_100_guide_031/output.paf	214	5d5573821365e7bc8b578e4c8587ad85cc0ce7e73cc826859074ffc07c945a42
raw/pilot_100_fallback_20260801T180205Z/timing/columba/measured_3/chr22_100_guide_031/stderr.txt	401466	6d757fd7aeea9c62de2f65f7620c111ca2fee818c410d59cbc0beeac17789d75
raw/pilot_100_fallback_20260801T180205Z/timing/columba/measured_3/chr22_100_guide_032/command.txt	566	a6d4f5842b6d815b23b00e503451167f35aff4d342ba07f76998d8b72ea93dab
raw/pilot_100_fallback_20260801T180205Z/timing/columba/measured_3/chr22_100_guide_032/metrics.tsv	294	06d8cbebfdc01be1ac2c428891dc6501e0d1b578c935b06027ec8b56f605d8c2
raw/pilot_100_fallback_20260801T180205Z/timing/columba/measured_3/chr22_100_guide_032/output.paf	105	c25a6440be62186e25b0f165358d0d0900b923751f80af6ee5c27f0f29a85af6
raw/pilot_100_fallback_20260801T180205Z/timing/columba/measured_3/chr22_100_guide_032/stderr.txt	188	5bcc52812e3cd79f2c949096180d3f1ac01ae06d29eea04285bba87168ded8f9
raw/pilot_100_fallback_20260801T180205Z/timing/columba/measured_3/chr22_100_guide_033/command.txt	566	434733e1a3839dc4164adf8af4f6ab33375579bb27b5f6c6814f2e0e39dcc26e
raw/pilot_100_fallback_20260801T180205Z/timing/columba/measured_3/chr22_100_guide_033/metrics.tsv	294	0e4c3a23361cdfc56424c6d45c37214429e65cbe3557375cf0cc40c4710534d9
raw/pilot_100_fallback_20260801T180205Z/timing/columba/measured_3/chr22_100_guide_033/output.paf	105	0effc63d85fa97f691908ce0321ab857ae6f08fabd2480f35c83ff81e76c9f0e
raw/pilot_100_fallback_20260801T180205Z/timing/columba/measured_3/chr22_100_guide_033/stderr.txt	656	6be499e878bb8835b2d0095d754911ca511e88d92eb98ee972ab04a1f8c00a0b
raw/pilot_100_fallback_20260801T180205Z/timing/columba/measured_3/chr22_100_guide_034/command.txt	566	4ce1b4c65927cdd6014f6bc301f313a08494b3f8aeb53328c27d47793b6cef2e
raw/pilot_100_fallback_20260801T180205Z/timing/columba/measured_3/chr22_100_guide_034/metrics.tsv	294	e6e18c474bf9b701dd073beecfaa91e7e9e8c5f5e812001149a97162bcd31efd
raw/pilot_100_fallback_20260801T180205Z/timing/columba/measured_3/chr22_100_guide_034/output.paf	105	b799f84402b88ca7eda644ce1b5b5eb56c02b09c04d62fc51c4c70dc76c6b583
raw/pilot_100_fallback_20260801T180205Z/timing/columba/measured_3/chr22_100_guide_034/stderr.txt	187	4f6dc5b5a164eea9ba79b4a4c7ee686bbb2ef32b24b407949991d9e320496ddb
raw/pilot_100_fallback_20260801T180205Z/timing/columba/measured_3/chr22_100_guide_035/command.txt	566	1dfd64605fdbbfc3767c3f27341d5c28600329a526fd4cf8672d5b7756e3bc60
raw/pilot_100_fallback_20260801T180205Z/timing/columba/measured_3/chr22_100_guide_035/metrics.tsv	297	02ee4ee18a5851d8343459119e86bedd76f8a8fabc20706744b015d313d555dd
raw/pilot_100_fallback_20260801T180205Z/timing/columba/measured_3/chr22_100_guide_035/output.paf	1014	986145a86aa41385a9bbb5cd5338e224f19dc118858eeb759d145e4a054fb385
raw/pilot_100_fallback_20260801T180205Z/timing/columba/measured_3/chr22_100_guide_035/stderr.txt	27131	19a7bce57c2268e495189ce0232b0b13a465741e4349b22a1ea0d29dcc9002df
raw/pilot_100_fallback_20260801T180205Z/timing/columba/measured_3/chr22_100_guide_036/command.txt	566	34446fdba96d2f066083524581067fc03e27f2dd3f3d70048d2a6cb47060508b
raw/pilot_100_fallback_20260801T180205Z/timing/columba/measured_3/chr22_100_guide_036/metrics.tsv	293	b3499327bafa8fda391a969760f883d3d14faa587e87608dbcfaf8a2073ddc0f
raw/pilot_100_fallback_20260801T180205Z/timing/columba/measured_3/chr22_100_guide_036/output.paf	105	d902219eeefe3ff64202f082d0493776f51eb4ff2b0f1167c0e670f923533dc4
raw/pilot_100_fallback_20260801T180205Z/timing/columba/measured_3/chr22_100_guide_036/stderr.txt	94	561879fe16bf8d8d845615014aafa1348557dc2b653402bc983228fe11f91985
raw/pilot_100_fallback_20260801T180205Z/timing/columba/measured_3/chr22_100_guide_037/command.txt	566	beda16c3cbaf1a022fec89d057945cfd8465fa1dfc282b3b74180a64935f42f0
raw/pilot_100_fallback_20260801T180205Z/timing/columba/measured_3/chr22_100_guide_037/metrics.tsv	292	ec7f6402741b93c9af13bafe874504cf944aa44968a47ecf31843b7e1a6d69e5
raw/pilot_100_fallback_20260801T180205Z/timing/columba/measured_3/chr22_100_guide_037/output.paf	105	87a59470956d0b27daf38e5e39ded5e150cdea0e868b3bb38ed13ec71694f010
raw/pilot_100_fallback_20260801T180205Z/timing/columba/measured_3/chr22_100_guide_037/stderr.txt	0	e3b0c44298fc1c149afbf4c8996fb92427ae41e4649b934ca495991b7852b855
raw/pilot_100_fallback_20260801T180205Z/timing/columba/measured_3/chr22_100_guide_038/command.txt	566	9c0ec224db1849cbefa2b5764e5537db605396f19a9a7cc317e179e279ebe990
raw/pilot_100_fallback_20260801T180205Z/timing/columba/measured_3/chr22_100_guide_038/metrics.tsv	294	045002a7eb0dbd3f9ffab1d17a1844ff2d4e7683a151398c5792b7715fec47f7
raw/pilot_100_fallback_20260801T180205Z/timing/columba/measured_3/chr22_100_guide_038/output.paf	105	029b4bae64ebbe3decac5715b992bb89ceb0731276cd7cd8566eaca4250537b4
raw/pilot_100_fallback_20260801T180205Z/timing/columba/measured_3/chr22_100_guide_038/stderr.txt	846	d19c36693df71437a3e971b04638d4c55f47a0d94d8887a1c6ebbec6f71e8046
raw/pilot_100_fallback_20260801T180205Z/timing/columba/measured_3/chr22_100_guide_039/command.txt	566	478805a118ab94046408be78b00ea8b9ff3949702199a09f057c45c132eb41a5
raw/pilot_100_fallback_20260801T180205Z/timing/columba/measured_3/chr22_100_guide_039/metrics.tsv	292	427687091fbc37972a9cd98fcf3cac93b9b4c24cda65069357c7a0d81f9e1acc
raw/pilot_100_fallback_20260801T180205Z/timing/columba/measured_3/chr22_100_guide_039/output.paf	105	a699d8af011bf9deb858b41d0fae396d8cff7641f7f0fffbf757531340e4d266
raw/pilot_100_fallback_20260801T180205Z/timing/columba/measured_3/chr22_100_guide_039/stderr.txt	0	e3b0c44298fc1c149afbf4c8996fb92427ae41e4649b934ca495991b7852b855
raw/pilot_100_fallback_20260801T180205Z/timing/columba/measured_3/chr22_100_guide_040/command.txt	566	9e25ca24c617ed46f5e32e55fd503488516868fafc7ca7f3c46549ed25702392
raw/pilot_100_fallback_20260801T180205Z/timing/columba/measured_3/chr22_100_guide_040/metrics.tsv	294	77890916af3e523067858e6621be3c04905a5f631672f5d1e437f05949b7ec82
raw/pilot_100_fallback_20260801T180205Z/timing/columba/measured_3/chr22_100_guide_040/output.paf	105	4390a33a35b7293befeadb9fa60eb9d4727d057633aeb9a93007f6581228ca97
raw/pilot_100_fallback_20260801T180205Z/timing/columba/measured_3/chr22_100_guide_040/stderr.txt	188	7e3c0298e47ada9502fe1ab91e5aed0852345691cf2da9d42a3b3bb1585655fc
raw/pilot_100_fallback_20260801T180205Z/timing/columba/measured_3/chr22_100_guide_041/command.txt	566	89a5d619df2660b972001d0d159c8a01fcc1576f0c09bbd29c7b700ad4072236
raw/pilot_100_fallback_20260801T180205Z/timing/columba/measured_3/chr22_100_guide_041/metrics.tsv	293	ec66094837ce371f4ad41ff69b24945f3728baaa4e7a1eaa6ceedc931dbd7c93
raw/pilot_100_fallback_20260801T180205Z/timing/columba/measured_3/chr22_100_guide_041/output.paf	105	3e8108b8109dce3b65881841a62543e3eb3ba821fff9bc76b9b5e43ac8c75d77
raw/pilot_100_fallback_20260801T180205Z/timing/columba/measured_3/chr22_100_guide_041/stderr.txt	94	30d5bd1a2fd8f421e7be29640f109fecf4e022892dc5732c56ef1b76e1f5233b
raw/pilot_100_fallback_20260801T180205Z/timing/columba/measured_3/chr22_100_guide_042/command.txt	566	15e5f721a9d47bcd7e89cc307e577296e5d056ad3d94663a41652d8551c9400f
raw/pilot_100_fallback_20260801T180205Z/timing/columba/measured_3/chr22_100_guide_042/metrics.tsv	292	3e54651f8d8bffb112893637c5359457ebb2af983983d17cc281e9855570acdc
raw/pilot_100_fallback_20260801T180205Z/timing/columba/measured_3/chr22_100_guide_042/output.paf	105	5924fcb39f9667884df027edda8f627478be6271057a2d69844c736321e3169f
raw/pilot_100_fallback_20260801T180205Z/timing/columba/measured_3/chr22_100_guide_042/stderr.txt	0	e3b0c44298fc1c149afbf4c8996fb92427ae41e4649b934ca495991b7852b855
raw/pilot_100_fallback_20260801T180205Z/timing/columba/measured_3/chr22_100_guide_043/command.txt	566	b67a6b497e3a6b9bdebb34b5a399c66ef87ede69a75b252be4fab3d258472f2f
raw/pilot_100_fallback_20260801T180205Z/timing/columba/measured_3/chr22_100_guide_043/metrics.tsv	296	20f1f1d4249e5e0b3ab899d557a0ac6f04044f5a3c398b6524a12bf27995fad5
raw/pilot_100_fallback_20260801T180205Z/timing/columba/measured_3/chr22_100_guide_043/output.paf	198	0750254d4598a1695dbaade1146e921cf6dab58c8fc5ab334e4e36f882246f3f
raw/pilot_100_fallback_20260801T180205Z/timing/columba/measured_3/chr22_100_guide_043/stderr.txt	23907	f786f22359fb3a2a1769d5d1b500856dc5b1f5bd752fa9b56a6462248899650e
raw/pilot_100_fallback_20260801T180205Z/timing/columba/measured_3/chr22_100_guide_044/command.txt	566	54530671f67746b66d95a33193c18e5abbbd5ce5541084af83255ec6a0ac78ce
raw/pilot_100_fallback_20260801T180205Z/timing/columba/measured_3/chr22_100_guide_044/metrics.tsv	295	ad1e1fc3bb128f0b826ce3e167982111aca949e62be23f0b27210554f44fb52a
raw/pilot_100_fallback_20260801T180205Z/timing/columba/measured_3/chr22_100_guide_044/output.paf	198	fa914a29da8996379fd30ef387eefd7cdc6893880f37a6f45eeedb5b45c937c8
raw/pilot_100_fallback_20260801T180205Z/timing/columba/measured_3/chr22_100_guide_044/stderr.txt	8971	aa527725aa07ee4e1a1873921188b10360514049cf3e6ec4bdf5fc490d38675e
raw/pilot_100_fallback_20260801T180205Z/timing/columba/measured_3/chr22_100_guide_045/command.txt	566	a5dc2c466af134335a0814a6fdc2abbfeea25b3c539a72e90cfd77196bf537a2
raw/pilot_100_fallback_20260801T180205Z/timing/columba/measured_3/chr22_100_guide_045/metrics.tsv	293	fba405dbbb4c3b83cbdc51561f937898e667c327ea6c6ae859343763c44cb8e0
raw/pilot_100_fallback_20260801T180205Z/timing/columba/measured_3/chr22_100_guide_045/output.paf	105	7e528a989c31c40be279492b74efb2b32bbafcb76168ffa5ecf4da003dd2852c
raw/pilot_100_fallback_20260801T180205Z/timing/columba/measured_3/chr22_100_guide_045/stderr.txt	94	dd567e27451842465f72c8df72e5b23a60f4533474e55b65999ba98af50e5e25
raw/pilot_100_fallback_20260801T180205Z/timing/columba/measured_3/chr22_100_guide_046/command.txt	566	87d7006eff9339b20600f06c4232d644acdcea738e1b21a96f6a8b23acedaf6e
raw/pilot_100_fallback_20260801T180205Z/timing/columba/measured_3/chr22_100_guide_046/metrics.tsv	293	2ea022376d6513b32114659720ef687d18464d06f60b6e6c05a1a928e7ff9e99
raw/pilot_100_fallback_20260801T180205Z/timing/columba/measured_3/chr22_100_guide_046/output.paf	105	714554ca8eac6dff9bf1ea7bcd982ded36f466eaa79bea00a33e12ff4252393b
raw/pilot_100_fallback_20260801T180205Z/timing/columba/measured_3/chr22_100_guide_046/stderr.txt	94	32b0fdb408a245e8ea00a9e3729e5f81f9093394a9fdef4348318ec666ad1e55
raw/pilot_100_fallback_20260801T180205Z/timing/columba/measured_3/chr22_100_guide_047/command.txt	566	09a07f9402cbb8f11a93f4619d86a05a1f257ff3e198b47115e26c3ecb6c46ca
raw/pilot_100_fallback_20260801T180205Z/timing/columba/measured_3/chr22_100_guide_047/metrics.tsv	294	15b404f6e245a58c0aaab05491058104feee0a632aaca13d2e78b837e6d8aeed
raw/pilot_100_fallback_20260801T180205Z/timing/columba/measured_3/chr22_100_guide_047/output.paf	105	ca51411298336dbdfe2d1022ed02e74028dfbcd2e0e397a8224fce4f6017af72
raw/pilot_100_fallback_20260801T180205Z/timing/columba/measured_3/chr22_100_guide_047/stderr.txt	282	b76583d8074d81b6123010653d515a4ff97310c43c5bf08081014d9154db7606
raw/pilot_100_fallback_20260801T180205Z/timing/columba/measured_3/chr22_100_guide_048/command.txt	566	013615c7451b42b2e94f086fe08854e475f20dd3d22c9013797b8fc057463758
raw/pilot_100_fallback_20260801T180205Z/timing/columba/measured_3/chr22_100_guide_048/metrics.tsv	292	84411831a4f105035daa666412322baed9091a52d40e9719a0731770e66d781e
raw/pilot_100_fallback_20260801T180205Z/timing/columba/measured_3/chr22_100_guide_048/output.paf	105	bc3b9f3f86cc8bbd34d0a114947da783ee284f28a9a17754f8b3028fd08951a9
raw/pilot_100_fallback_20260801T180205Z/timing/columba/measured_3/chr22_100_guide_048/stderr.txt	0	e3b0c44298fc1c149afbf4c8996fb92427ae41e4649b934ca495991b7852b855
raw/pilot_100_fallback_20260801T180205Z/timing/columba/measured_3/chr22_100_guide_049/command.txt	566	8aab2e7241e9a2a123f3def9f000857a2f80382ca271073ee216c231d6d447b7
raw/pilot_100_fallback_20260801T180205Z/timing/columba/measured_3/chr22_100_guide_049/metrics.tsv	294	40d0f6343464d60ffd35b1edab2dc4e7e8ff4691a9e0f7e9b8b65cd5afd3d9bb
raw/pilot_100_fallback_20260801T180205Z/timing/columba/measured_3/chr22_100_guide_049/output.paf	323	00230428f6d63582ec60d092b6bc6c689bf77cb21e9480a627f5e8c16d0dc979
raw/pilot_100_fallback_20260801T180205Z/timing/columba/measured_3/chr22_100_guide_049/stderr.txt	940	42d1ec48cb0493956d77fad00767b6c2fed5e28ca7790d50779e46dd1957fd55
raw/pilot_100_fallback_20260801T180205Z/timing/columba/measured_3/chr22_100_guide_050/command.txt	566	c4ee76804607468ef9600712f44ea93a2312cce48ada62302ef5577876e60bd3
raw/pilot_100_fallback_20260801T180205Z/timing/columba/measured_3/chr22_100_guide_050/metrics.tsv	297	c2d0eb346f88474d17dd7f7604509e0d079a4550492b01ffffb74a974a11a856
raw/pilot_100_fallback_20260801T180205Z/timing/columba/measured_3/chr22_100_guide_050/output.paf	7864	dce37de5e1818cdd17e4ee8033bf40efbe0d2c545e9392b2dcc57b55c2826417
raw/pilot_100_fallback_20260801T180205Z/timing/columba/measured_3/chr22_100_guide_050/stderr.txt	97025	25673b27f69837dff68516645411fc0233445a384636410926722510c4091cf8
raw/pilot_100_fallback_20260801T180205Z/timing/columba/measured_3/chr22_100_guide_051/command.txt	566	6930dd10c6a4b90b15bd34111d8bf425357a22fd57a493aa3299b720108e74aa
raw/pilot_100_fallback_20260801T180205Z/timing/columba/measured_3/chr22_100_guide_051/metrics.tsv	293	83b94ce93b97a2f0bcc3aa6370b9ffdff6e3787ec814cf1c567c22b4703d468a
raw/pilot_100_fallback_20260801T180205Z/timing/columba/measured_3/chr22_100_guide_051/output.paf	105	14ef5eacd0519bf8d6f3f1e421b2147ce2cef2d89992ac6bc3c0c6493049fd6f
raw/pilot_100_fallback_20260801T180205Z/timing/columba/measured_3/chr22_100_guide_051/stderr.txt	94	b3f77e03add0f929849c64c186a0f6ee8168522805e29a074a8498ff01f34924
raw/pilot_100_fallback_20260801T180205Z/timing/columba/measured_3/chr22_100_guide_052/command.txt	566	56fcec6ace838c7592226df602b7be1f4a7687b9485435fe9be6e73b08444f71
raw/pilot_100_fallback_20260801T180205Z/timing/columba/measured_3/chr22_100_guide_052/metrics.tsv	293	866c7d41acf53bd9f6824719d15a0a172393944277894edd7b3fceb0f9851603
raw/pilot_100_fallback_20260801T180205Z/timing/columba/measured_3/chr22_100_guide_052/output.paf	105	b743dcf20b0f8a4d8e1a343b97d48c58a0bc7fc4d1bb2a983a38d2078d740fcd
raw/pilot_100_fallback_20260801T180205Z/timing/columba/measured_3/chr22_100_guide_052/stderr.txt	94	2948117454b190d6eeeaca3bc94a2bf5793d77da14d80a9f2def8405cee8a845
raw/pilot_100_fallback_20260801T180205Z/timing/columba/measured_3/chr22_100_guide_053/command.txt	566	48476778c0a3f35ba869b05bf8bf6b785237f764574c5b20d02bc627fd6fb84e
raw/pilot_100_fallback_20260801T180205Z/timing/columba/measured_3/chr22_100_guide_053/metrics.tsv	293	3cb3f50faec7f95434fd211bbcb7c2efc7f79a09eeeaabee4424590069966b02
raw/pilot_100_fallback_20260801T180205Z/timing/columba/measured_3/chr22_100_guide_053/output.paf	105	7f92fd7dddc708c2b3ec905f92a74e766b81d6ff9eaf13b4dc9c11ff5e96767a
raw/pilot_100_fallback_20260801T180205Z/timing/columba/measured_3/chr22_100_guide_053/stderr.txt	94	eb38c77d3364d29cf9b4a0c82bd850e49266e1046930de12097b9d1d6f671ebe
raw/pilot_100_fallback_20260801T180205Z/timing/columba/measured_3/chr22_100_guide_054/command.txt	566	e9e3276e6748b10bcfbf0d19b96954bc3988c3aab61428628023340dbff2d19d
raw/pilot_100_fallback_20260801T180205Z/timing/columba/measured_3/chr22_100_guide_054/metrics.tsv	297	458bc789c2f16f51c20587dd18773ceaa76c2d54a9448e3e083190fe019a3bb5
raw/pilot_100_fallback_20260801T180205Z/timing/columba/measured_3/chr22_100_guide_054/output.paf	1446	3058fcd54fc966d78fcbca10605d2ef57a8d520fd2d192714139789500cccfed
raw/pilot_100_fallback_20260801T180205Z/timing/columba/measured_3/chr22_100_guide_054/stderr.txt	18972	b11e22db3237d2c4296c631fbac7919ba0f6978dc69402ccbec8cecedb0888da
raw/pilot_100_fallback_20260801T180205Z/timing/columba/measured_3/chr22_100_guide_055/command.txt	566	c1ce6223400c52d529f8dfd61438a711cb00e3bab4d1b781c8468977494db9fe
raw/pilot_100_fallback_20260801T180205Z/timing/columba/measured_3/chr22_100_guide_055/metrics.tsv	294	e9e4a59cd69b3179aa610ba75c0ff053cd01dcc16da8c1ddf87cfa45756c3647
raw/pilot_100_fallback_20260801T180205Z/timing/columba/measured_3/chr22_100_guide_055/output.paf	105	a3d6cd5055990fc10a7f55f785689720f3a06133f1b0f4568f98749ce2751038
raw/pilot_100_fallback_20260801T180205Z/timing/columba/measured_3/chr22_100_guide_055/stderr.txt	282	cbf8fe25e09218949637c014c44b0ac6c41b7c9311afed997f16260a3c1fbf6a
raw/pilot_100_fallback_20260801T180205Z/timing/columba/measured_3/chr22_100_guide_056/command.txt	566	8beabd8783755a9d30707f2d2e045d588a57dceb13de2d243acef0cf3ff57b73
raw/pilot_100_fallback_20260801T180205Z/timing/columba/measured_3/chr22_100_guide_056/metrics.tsv	292	280f739ab84833bb3e9c2beaac5bd6eaecdee3fc0d869c9471810fc869acf619
raw/pilot_100_fallback_20260801T180205Z/timing/columba/measured_3/chr22_100_guide_056/output.paf	105	4a6cdc3b90d2775c2496444fab6f836151cd422ec2c82a9bf758cde5414f2417
raw/pilot_100_fallback_20260801T180205Z/timing/columba/measured_3/chr22_100_guide_056/stderr.txt	0	e3b0c44298fc1c149afbf4c8996fb92427ae41e4649b934ca495991b7852b855
raw/pilot_100_fallback_20260801T180205Z/timing/columba/measured_3/chr22_100_guide_057/command.txt	566	939a79152fdaff1ae639fc8159780cd928c7fc1eee34b839d6e4d6741a853f22
raw/pilot_100_fallback_20260801T180205Z/timing/columba/measured_3/chr22_100_guide_057/metrics.tsv	299	e848f1ab7116a800cfa54e68f7099e8a295aaf17c93d650f3e0230a1a282572c
raw/pilot_100_fallback_20260801T180205Z/timing/columba/measured_3/chr22_100_guide_057/output.paf	60337	77d45e9f5ee3882ec6330d54e9c5cc3440047ffeae274f559bcd95b1bd3bfae3
raw/pilot_100_fallback_20260801T180205Z/timing/columba/measured_3/chr22_100_guide_057/stderr.txt	285190	2b9901666ce4054a63da25ca6c9450e93992d4499d571856646b5da90316ded1
raw/pilot_100_fallback_20260801T180205Z/timing/columba/measured_3/chr22_100_guide_058/command.txt	566	7eb09ce5de4178d7c4d5aa594ca636f2fb1d8967182a3455f28ac42e2bbc4525
raw/pilot_100_fallback_20260801T180205Z/timing/columba/measured_3/chr22_100_guide_058/metrics.tsv	293	4be87265fc8ca36f1d29d3448f5003ef6be78cf4d024a980a195d9c0c74d6894
raw/pilot_100_fallback_20260801T180205Z/timing/columba/measured_3/chr22_100_guide_058/output.paf	105	b7517a16df61180265ec10a20cb33a003c3ea568992073591f20e96d81391119
raw/pilot_100_fallback_20260801T180205Z/timing/columba/measured_3/chr22_100_guide_058/stderr.txt	94	b52ea0dac91d497aaec6f642a08329c4472b1d235792c856330e28a7c0b02c57
raw/pilot_100_fallback_20260801T180205Z/timing/columba/measured_3/chr22_100_guide_059/command.txt	566	c3537f828122d28432cb2772f00c70b2a2ee786cc6f3eaa59447bd6088b95563
raw/pilot_100_fallback_20260801T180205Z/timing/columba/measured_3/chr22_100_guide_059/metrics.tsv	293	1c81db3915419a9ca0f5842a65297c96931f29dc5951c3c6ee9a8283702226a3
raw/pilot_100_fallback_20260801T180205Z/timing/columba/measured_3/chr22_100_guide_059/output.paf	105	a6e8f7dbe8440152b018e778c86e594c220662576f7388bf74086116bfb557b5
raw/pilot_100_fallback_20260801T180205Z/timing/columba/measured_3/chr22_100_guide_059/stderr.txt	94	0125d3c4984bdc22f6fcb221414dd3900ca99fecfcf592d4992e3000caf67fe4
raw/pilot_100_fallback_20260801T180205Z/timing/columba/measured_3/chr22_100_guide_060/command.txt	566	f675caf8479b208360f406ce301af37f1a970747d7605a9cefe149eb906385db
raw/pilot_100_fallback_20260801T180205Z/timing/columba/measured_3/chr22_100_guide_060/metrics.tsv	294	a3741ad234158a78d026899a31973159efa820d0601749dee09224f365dc13a5
raw/pilot_100_fallback_20260801T180205Z/timing/columba/measured_3/chr22_100_guide_060/output.paf	105	96bacc0c5f62f5ee3cb64d6560e882e64673267447e8714383a4ab744f1c99a8
raw/pilot_100_fallback_20260801T180205Z/timing/columba/measured_3/chr22_100_guide_060/stderr.txt	932	ccbb31fe1ebb9328fe27201916e87bd7c24b711b7b0b063a7f477755fe73cf70
raw/pilot_100_fallback_20260801T180205Z/timing/columba/measured_3/chr22_100_guide_061/command.txt	566	650f4a13a507d96048e121012f990c63693293901f36d8425e7b722d48b66b06
raw/pilot_100_fallback_20260801T180205Z/timing/columba/measured_3/chr22_100_guide_061/metrics.tsv	294	36e6f5fcd48891d5d7c89b47669cd5176a122ffcaf3315a3006d8da99c8bd691
raw/pilot_100_fallback_20260801T180205Z/timing/columba/measured_3/chr22_100_guide_061/output.paf	105	9246314add68bcb309196485353ca32264aa9d97b65d40e3825659e7fa9e07c5
raw/pilot_100_fallback_20260801T180205Z/timing/columba/measured_3/chr22_100_guide_061/stderr.txt	188	12cf0f82ebccaab6f5456eda16e6f1aa1c8c09e0e0b6bfe076d282d5294656c8
raw/pilot_100_fallback_20260801T180205Z/timing/columba/measured_3/chr22_100_guide_062/command.txt	566	a171f4906b917c9444cb15e384cf94bd72bb1f50e60d9c439fe183380f9af0c5
raw/pilot_100_fallback_20260801T180205Z/timing/columba/measured_3/chr22_100_guide_062/metrics.tsv	292	cb0d1959ba86c6e7006fe27e50df214ddce3035bbb29ecc72cea76d0ae6a9a3f
raw/pilot_100_fallback_20260801T180205Z/timing/columba/measured_3/chr22_100_guide_062/output.paf	105	4832e7aa711ccdac22496f6cb8a979eec30369c372fca1b6aba1e3edfb12e8a1
raw/pilot_100_fallback_20260801T180205Z/timing/columba/measured_3/chr22_100_guide_062/stderr.txt	0	e3b0c44298fc1c149afbf4c8996fb92427ae41e4649b934ca495991b7852b855
raw/pilot_100_fallback_20260801T180205Z/timing/columba/measured_3/chr22_100_guide_063/command.txt	566	8763348e45d4d4c45c8cef4948b1fd06ac339aadcc02d5a956f282c1ac0c35ef
raw/pilot_100_fallback_20260801T180205Z/timing/columba/measured_3/chr22_100_guide_063/metrics.tsv	293	eaa0f944ce9e4792323bf842423f3722e0deed492ea0dd78a5212d22a994a9d2
raw/pilot_100_fallback_20260801T180205Z/timing/columba/measured_3/chr22_100_guide_063/output.paf	105	c4ca7ddc636638d7005d3e187756ba84185296e1c2585b41d0a7a856e2606213
raw/pilot_100_fallback_20260801T180205Z/timing/columba/measured_3/chr22_100_guide_063/stderr.txt	94	696e651629a088ed51fa18bf92752b7cebcc5231944eb0da133c1b9ea7800ae7
raw/pilot_100_fallback_20260801T180205Z/timing/columba/measured_3/chr22_100_guide_064/command.txt	566	cbfa779c953bf1b574cb41e057ec20878b0869a63cd3d04f0cd6279b249ef292
raw/pilot_100_fallback_20260801T180205Z/timing/columba/measured_3/chr22_100_guide_064/metrics.tsv	294	a4555a11b5ae3c47619e9eba58eaeff532fe9c4f5e955ebfea545e257c10b5be
raw/pilot_100_fallback_20260801T180205Z/timing/columba/measured_3/chr22_100_guide_064/output.paf	105	b38f02456f345d872287da7f74b53691b169eb255cc35d11d103c308c700d2eb
raw/pilot_100_fallback_20260801T180205Z/timing/columba/measured_3/chr22_100_guide_064/stderr.txt	282	80ee862860c0660e526ecb32b831aefab1ec8d289bb9d77c6b7b292513f4e728
raw/pilot_100_fallback_20260801T180205Z/timing/columba/measured_3/chr22_100_guide_065/command.txt	566	cd8bea7ad0302bb53f4545cde2f35efde24f2fb175dfc2c4ed9246058809a00d
raw/pilot_100_fallback_20260801T180205Z/timing/columba/measured_3/chr22_100_guide_065/metrics.tsv	292	638131dbdc908696054db3bd5634f106da3867317b69a2e0775623540b39ac43
raw/pilot_100_fallback_20260801T180205Z/timing/columba/measured_3/chr22_100_guide_065/output.paf	105	4a6f7a313e251182f276be210f99075cb7bfa5275fa278d132ac27df6e713db1
raw/pilot_100_fallback_20260801T180205Z/timing/columba/measured_3/chr22_100_guide_065/stderr.txt	0	e3b0c44298fc1c149afbf4c8996fb92427ae41e4649b934ca495991b7852b855
raw/pilot_100_fallback_20260801T180205Z/timing/columba/measured_3/chr22_100_guide_066/command.txt	566	c69994929b6770cb304fdeac6afc4e19a288b04c9df37b0b524f6678ae4d6c60
raw/pilot_100_fallback_20260801T180205Z/timing/columba/measured_3/chr22_100_guide_066/metrics.tsv	293	a62f76fd7591dc7b09978e30d526a1495366d3c4e6cca4b4c2b43bb9e6302b59
raw/pilot_100_fallback_20260801T180205Z/timing/columba/measured_3/chr22_100_guide_066/output.paf	105	4802296ebbba9922a4ece696902be06427691049808ba406ed873a9a4a219f9c
raw/pilot_100_fallback_20260801T180205Z/timing/columba/measured_3/chr22_100_guide_066/stderr.txt	94	5f467778f752a1aaed5df46d05a9a1b73450c302e12b8f1f7e33ddf845f2077e
raw/pilot_100_fallback_20260801T180205Z/timing/columba/measured_3/chr22_100_guide_067/command.txt	566	1b1523f9c92f86af9cfe29cb89d4261c92b593a6c7fc810de26996f588036e43
raw/pilot_100_fallback_20260801T180205Z/timing/columba/measured_3/chr22_100_guide_067/metrics.tsv	294	9488fed919e195c952ce73cc888c77b33616f9047b7fb5808cd5259a5d8d4db9
raw/pilot_100_fallback_20260801T180205Z/timing/columba/measured_3/chr22_100_guide_067/output.paf	105	0229a4fc79d3d37ddda05a4910899ff60fcd29aa41d3690d08b235deae1dd329
raw/pilot_100_fallback_20260801T180205Z/timing/columba/measured_3/chr22_100_guide_067/stderr.txt	282	53b771ffaca11cb96d720daf7c16129376f1614689ba28d188fa0d0308cc5d07
raw/pilot_100_fallback_20260801T180205Z/timing/columba/measured_3/chr22_100_guide_068/command.txt	566	b4f95c6280b1a4dc349971cca88c87fd6230df502fa8f9023aa12bfe754f76e7
raw/pilot_100_fallback_20260801T180205Z/timing/columba/measured_3/chr22_100_guide_068/metrics.tsv	294	b644a262b441bfa4dda631caea3e6e28a8934a226e92b998a0ec4345ced3fa2d
raw/pilot_100_fallback_20260801T180205Z/timing/columba/measured_3/chr22_100_guide_068/output.paf	214	d39c5b6762aa09453e14f55e106ab300ceb4955ee3d73b381937cbf2220ed042
raw/pilot_100_fallback_20260801T180205Z/timing/columba/measured_3/chr22_100_guide_068/stderr.txt	188	fc6bbc4c65e692473cbf32ff151557635e2d1dd99e4b69c5ee3da000a109cea9
raw/pilot_100_fallback_20260801T180205Z/timing/columba/measured_3/chr22_100_guide_069/command.txt	566	6ab248107276765722b8a3fdbe4c32639a5386a8a99ebb56c252f33b45d836de
raw/pilot_100_fallback_20260801T180205Z/timing/columba/measured_3/chr22_100_guide_069/metrics.tsv	294	a5af6d54487025153bfa9ddf754d7c32a292ae0201c93b02a09690a1e8dbfbc9
raw/pilot_100_fallback_20260801T180205Z/timing/columba/measured_3/chr22_100_guide_069/output.paf	105	77885b288a794217926cbdc3f9557271a5584ca0a3525a33368ba9dfa0f79c36
raw/pilot_100_fallback_20260801T180205Z/timing/columba/measured_3/chr22_100_guide_069/stderr.txt	470	5d430161443a2a46da19dfd91300b023436381d8acde81bd4858cc16663951ac
raw/pilot_100_fallback_20260801T180205Z/timing/columba/measured_3/chr22_100_guide_070/command.txt	566	3e50a90b55d592389b4d53c90eb7f4f4ac764beaebd77db60eb82cbf62079482
raw/pilot_100_fallback_20260801T180205Z/timing/columba/measured_3/chr22_100_guide_070/metrics.tsv	293	342131f9ed3d1f6990eeef73a88052d9626702b756b68ecd3b1e96a26ab7e2bd
raw/pilot_100_fallback_20260801T180205Z/timing/columba/measured_3/chr22_100_guide_070/output.paf	105	555a66e1753526673117e366fb233c844df0cfc38a64971866528e20e52f4ca2
raw/pilot_100_fallback_20260801T180205Z/timing/columba/measured_3/chr22_100_guide_070/stderr.txt	94	daf225fd739240830663f4f6fa1add420c3d409ae734e31ecd3e9a98f65456bd
raw/pilot_100_fallback_20260801T180205Z/timing/columba/measured_3/chr22_100_guide_071/command.txt	566	cf3d3efc4290dcac6538399bcdb35e7649abd5a1bb77134f82032d399cfc2cd2
raw/pilot_100_fallback_20260801T180205Z/timing/columba/measured_3/chr22_100_guide_071/metrics.tsv	292	49592a9fa0210bec0de377974d291439aa4260d50f74dd2f61e712dc984aa8cc
raw/pilot_100_fallback_20260801T180205Z/timing/columba/measured_3/chr22_100_guide_071/output.paf	105	db50066ab5215e0ab40715d3e84c765c47977eb5d92e2f74fef9a37ee0c19f96
raw/pilot_100_fallback_20260801T180205Z/timing/columba/measured_3/chr22_100_guide_071/stderr.txt	0	e3b0c44298fc1c149afbf4c8996fb92427ae41e4649b934ca495991b7852b855
raw/pilot_100_fallback_20260801T180205Z/timing/columba/measured_3/chr22_100_guide_072/command.txt	566	094ffe4630fe361070d84d4d80c4f5bbfa18cfafddd156b27194d89d96fd10ea
raw/pilot_100_fallback_20260801T180205Z/timing/columba/measured_3/chr22_100_guide_072/metrics.tsv	294	701608f3a2533ef4897c963a1f29233dc0797dffbbe48f3e65a12ad17aad9c32
raw/pilot_100_fallback_20260801T180205Z/timing/columba/measured_3/chr22_100_guide_072/output.paf	105	a7389bd954eaa7a8f7c3e448a2ff3a3f4ef011b680d833fad933fd884d099eca
raw/pilot_100_fallback_20260801T180205Z/timing/columba/measured_3/chr22_100_guide_072/stderr.txt	282	9b7501725ac0e846ebbf11d00696dd347ff96cf1e9b93286935af165a5a8fa66
raw/pilot_100_fallback_20260801T180205Z/timing/columba/measured_3/chr22_100_guide_073/command.txt	566	eba1264cf9013d38525c2d30bcf23d12aa2915d02fc0212879ab1e5d20bb5fc4
raw/pilot_100_fallback_20260801T180205Z/timing/columba/measured_3/chr22_100_guide_073/metrics.tsv	293	32f9d8bddb825c130b33231ad9bbec16b81ed7b1140cf1204da0eb66a48a9f0e
raw/pilot_100_fallback_20260801T180205Z/timing/columba/measured_3/chr22_100_guide_073/output.paf	105	850390cf00e784716c531f5e64380876ff07596af289e7ba34bc096bff075ecc
raw/pilot_100_fallback_20260801T180205Z/timing/columba/measured_3/chr22_100_guide_073/stderr.txt	94	f44e84d998c57621965bbb72ae37ec201bf3185e3f28563924ad182f849d8046
raw/pilot_100_fallback_20260801T180205Z/timing/columba/measured_3/chr22_100_guide_074/command.txt	566	1de414c580ca4646dae0aea0ec19ffe2efd70be71594dfa9581396a7bf5bbd4f
raw/pilot_100_fallback_20260801T180205Z/timing/columba/measured_3/chr22_100_guide_074/metrics.tsv	298	be7c62e9ff2d18be00eb51b4f5f1f00b25d004c4871d043ac3187e23084a068a
raw/pilot_100_fallback_20260801T180205Z/timing/columba/measured_3/chr22_100_guide_074/output.paf	1529	76a6c31466fe8a92224b497f48d2a2b9c37e70f1819d8dbfb848d4f9edb761fa
raw/pilot_100_fallback_20260801T180205Z/timing/columba/measured_3/chr22_100_guide_074/stderr.txt	105419	5d8c3c5262e38d7dcf79bb590cb26e9f2d0dcf06deb7d1592a9870792a22513e
raw/pilot_100_fallback_20260801T180205Z/timing/columba/measured_3/chr22_100_guide_075/command.txt	566	98658e1f73bdf5d075e4a24f6a1098b56c3aba0440255c52455a073c4450183d
raw/pilot_100_fallback_20260801T180205Z/timing/columba/measured_3/chr22_100_guide_075/metrics.tsv	298	323ca99bae3f994d309e93fb3b92a79a9275f4aa2362ac84f573f08f5bd59b60
raw/pilot_100_fallback_20260801T180205Z/timing/columba/measured_3/chr22_100_guide_075/output.paf	70824	8cd88d35a6239e28f2d4fbc087a6b9692a349aea3a2e67d683ea11cc00b840b9
raw/pilot_100_fallback_20260801T180205Z/timing/columba/measured_3/chr22_100_guide_075/stderr.txt	99365	ae0d360083b0af56bd11fb704abe24935addb611a3312190e66090cd83bd6649
raw/pilot_100_fallback_20260801T180205Z/timing/columba/measured_3/chr22_100_guide_076/command.txt	566	87f7dcb24038b78b26f44b74116c77e21deac72c253eb35c7be0d7648be62d64
raw/pilot_100_fallback_20260801T180205Z/timing/columba/measured_3/chr22_100_guide_076/metrics.tsv	298	94ad07282e9cfa5a3f70285df711bd381ad960a152dfc8994ba533785cb3779e
raw/pilot_100_fallback_20260801T180205Z/timing/columba/measured_3/chr22_100_guide_076/output.paf	3832	a3708319d6d4098cc051809e3fc924b4e19fa417c7730648eec2d9aff2c6874f
raw/pilot_100_fallback_20260801T180205Z/timing/columba/measured_3/chr22_100_guide_076/stderr.txt	226653	cb3d9fed22603537236f05dd51494a2dd8aff4f617ef543b45f73896a1ee5453
raw/pilot_100_fallback_20260801T180205Z/timing/columba/measured_3/chr22_100_guide_077/command.txt	566	e9695feb5898e638ab32195c49ff76b873f8dc943737ca1979ee8c1b4ec12301
raw/pilot_100_fallback_20260801T180205Z/timing/columba/measured_3/chr22_100_guide_077/metrics.tsv	293	0bf84c9b18d67e585734fb66f53fd3c68b3b5d20b6bbed6cc9de3347fc436cb8
raw/pilot_100_fallback_20260801T180205Z/timing/columba/measured_3/chr22_100_guide_077/output.paf	105	e3869c3952dd0b0eb3e37141b1040c6f25b82c4e398011436f2219c75f8febe8
raw/pilot_100_fallback_20260801T180205Z/timing/columba/measured_3/chr22_100_guide_077/stderr.txt	94	b9c553e0ccfe2ce660998762584c8775fddbac678c08f7828037c9b6239ea576
raw/pilot_100_fallback_20260801T180205Z/timing/columba/measured_3/chr22_100_guide_078/command.txt	566	f9c7351bcc66b75e96ec02ff0802506b5e2eec8a2d9441060693a17c153c38a2
raw/pilot_100_fallback_20260801T180205Z/timing/columba/measured_3/chr22_100_guide_078/metrics.tsv	292	5efc7aa004c9f2cd662793093f745b38de5152297fa8abd70558e147d509c327
raw/pilot_100_fallback_20260801T180205Z/timing/columba/measured_3/chr22_100_guide_078/output.paf	105	b32f95b3659bdf5efde0a545c93605a84811e1f51637e98948f88b66e0c918a9
raw/pilot_100_fallback_20260801T180205Z/timing/columba/measured_3/chr22_100_guide_078/stderr.txt	0	e3b0c44298fc1c149afbf4c8996fb92427ae41e4649b934ca495991b7852b855
raw/pilot_100_fallback_20260801T180205Z/timing/columba/measured_3/chr22_100_guide_079/command.txt	566	8ea7de91065d96cb7237ab072a8256cdc57cdf37a3558a1dd7fd031b56a7bdeb
raw/pilot_100_fallback_20260801T180205Z/timing/columba/measured_3/chr22_100_guide_079/metrics.tsv	294	cdf29fd92d7be35b432f9cf78bc91edf529bed9b1dce4b47e82a44159894ace7
raw/pilot_100_fallback_20260801T180205Z/timing/columba/measured_3/chr22_100_guide_079/output.paf	105	3719b9c87eb26bae46571444132aecd72ec6971081ed8592128ac8081655f637
raw/pilot_100_fallback_20260801T180205Z/timing/columba/measured_3/chr22_100_guide_079/stderr.txt	188	ba8e3024a8dbd3ab92f3c3efd62af4339a44a56f1d02bd2d31d752a8b26c0e77
raw/pilot_100_fallback_20260801T180205Z/timing/columba/measured_3/chr22_100_guide_080/command.txt	566	2d4beb5215dc7bb7ae5ee9b27f218d9dcc93a4842d23a09fe9e71372bcb574ab
raw/pilot_100_fallback_20260801T180205Z/timing/columba/measured_3/chr22_100_guide_080/metrics.tsv	293	8e2fceac6600e68ac5306b070ea6d824e23e747e2bf8006cc3853061bf78dc35
raw/pilot_100_fallback_20260801T180205Z/timing/columba/measured_3/chr22_100_guide_080/output.paf	105	5c9d989f365df1d424483a28cbc77093b089ff7ebee8cd46972f309ff0b6db17
raw/pilot_100_fallback_20260801T180205Z/timing/columba/measured_3/chr22_100_guide_080/stderr.txt	94	2f17411719ddcf823a39fa8532b48978e18ea71b4f65cc71e1b1d51840c18def
raw/pilot_100_fallback_20260801T180205Z/timing/columba/measured_3/chr22_100_guide_081/command.txt	566	edea278b4b049a5340bb5c50fc2d230e91dcfde3ecd1f021aa9d84b5570318b2
raw/pilot_100_fallback_20260801T180205Z/timing/columba/measured_3/chr22_100_guide_081/metrics.tsv	292	c6daa9baed9f3079bf97bc9d60321219236fefa292fdc7f77819feb48265b19d
raw/pilot_100_fallback_20260801T180205Z/timing/columba/measured_3/chr22_100_guide_081/output.paf	105	60f8b2bdc588b6b13527c78acc609879caa8defea9c72ada132dee63d52ad9bf
raw/pilot_100_fallback_20260801T180205Z/timing/columba/measured_3/chr22_100_guide_081/stderr.txt	0	e3b0c44298fc1c149afbf4c8996fb92427ae41e4649b934ca495991b7852b855
raw/pilot_100_fallback_20260801T180205Z/timing/columba/measured_3/chr22_100_guide_082/command.txt	566	8d8ee63c2dc3597eb4d53ab55f7bd7f259286db993286b37bd5b9449ec608352
raw/pilot_100_fallback_20260801T180205Z/timing/columba/measured_3/chr22_100_guide_082/metrics.tsv	292	f9a035f33a9fa09ba835a7d9c175ef2a11723f45b6ebae37e284e9f8c821474b
raw/pilot_100_fallback_20260801T180205Z/timing/columba/measured_3/chr22_100_guide_082/output.paf	105	8aa0d629b648d54d65dead9f626b4f79b04416d14abcb761ce6f8afd4c8d5a02
raw/pilot_100_fallback_20260801T180205Z/timing/columba/measured_3/chr22_100_guide_082/stderr.txt	0	e3b0c44298fc1c149afbf4c8996fb92427ae41e4649b934ca495991b7852b855
raw/pilot_100_fallback_20260801T180205Z/timing/columba/measured_3/chr22_100_guide_083/command.txt	566	265dab80c13692588576635f415fb6f819f737e48546a4f351922e056f63a6d4
raw/pilot_100_fallback_20260801T180205Z/timing/columba/measured_3/chr22_100_guide_083/metrics.tsv	295	de9f07a0b2df07832e9cc06d59cc66960618f0b96c52682a8ff19f6f06e00029
raw/pilot_100_fallback_20260801T180205Z/timing/columba/measured_3/chr22_100_guide_083/output.paf	105	1da030b92202db00fdf4fa746fa0de1c56a74c6415d7abf8e6e634730c0990ca
raw/pilot_100_fallback_20260801T180205Z/timing/columba/measured_3/chr22_100_guide_083/stderr.txt	3477	e8d6de60c3ba05b27001c144755f4d3ad082de5cdf0fdf5e9cf6b7717422195e
raw/pilot_100_fallback_20260801T180205Z/timing/columba/measured_3/chr22_100_guide_084/command.txt	566	652cf2a3baf6abf7fca52799913ebc1e19a0496d559a3709599e2e145044eed8
raw/pilot_100_fallback_20260801T180205Z/timing/columba/measured_3/chr22_100_guide_084/metrics.tsv	298	aa65d4bd8ec159eb48a921ca16da033e30ba7f79850cf90cc3cf9ff31c6fe5a4
raw/pilot_100_fallback_20260801T180205Z/timing/columba/measured_3/chr22_100_guide_084/output.paf	5945	3d5c5eea17a8aa3a8f994922ea224d56786739f5f0a5310fdde2fb172a35766e
raw/pilot_100_fallback_20260801T180205Z/timing/columba/measured_3/chr22_100_guide_084/stderr.txt	152617	2a914062b2e61c0fc83bf7fd2ab17483db18f0ba4c11d5d51cac16a335f4a276
raw/pilot_100_fallback_20260801T180205Z/timing/columba/measured_3/chr22_100_guide_085/command.txt	566	c35c3ed68b7b3ec3e66308379e99e66e1aa9e45d56a2aad753bb40f887fb41f7
raw/pilot_100_fallback_20260801T180205Z/timing/columba/measured_3/chr22_100_guide_085/metrics.tsv	292	f5514a2243c559600144d40985a2e2363b05b8e56ffa5ae3429998f5a91487f3
raw/pilot_100_fallback_20260801T180205Z/timing/columba/measured_3/chr22_100_guide_085/output.paf	105	886f21508ef43139da65b3307d412b9c43af12390fb60b152be51f2961337117
raw/pilot_100_fallback_20260801T180205Z/timing/columba/measured_3/chr22_100_guide_085/stderr.txt	0	e3b0c44298fc1c149afbf4c8996fb92427ae41e4649b934ca495991b7852b855
raw/pilot_100_fallback_20260801T180205Z/timing/columba/measured_3/chr22_100_guide_086/command.txt	566	c956abb4db5d46c3fae1578ba5adbeb3e399ad25084a0984a122ca3a62d0db46
raw/pilot_100_fallback_20260801T180205Z/timing/columba/measured_3/chr22_100_guide_086/metrics.tsv	294	bd6fa69910a74fe82e67836944c1b8f47fb05f98b4c93e635250290043b98890
raw/pilot_100_fallback_20260801T180205Z/timing/columba/measured_3/chr22_100_guide_086/output.paf	105	b49d937c3f713b95c07b0df4983659c5531f5062b2c8b309c93edf95c5d33253
raw/pilot_100_fallback_20260801T180205Z/timing/columba/measured_3/chr22_100_guide_086/stderr.txt	281	fe8b505978787bbd7a6d3b5268bab52bb800793326eda2f064520359431dd393
raw/pilot_100_fallback_20260801T180205Z/timing/columba/measured_3/chr22_100_guide_087/command.txt	566	c1b44b1cfb9abb07528060f7b65b22634376a03df1e64d63dcbd991d5e09bb2e
raw/pilot_100_fallback_20260801T180205Z/timing/columba/measured_3/chr22_100_guide_087/metrics.tsv	297	ce109060913e528131007508b3679b1a0dcd2f3848842e0b534868f04771e8ef
raw/pilot_100_fallback_20260801T180205Z/timing/columba/measured_3/chr22_100_guide_087/output.paf	537	7299c25e9e9229b69fae4918dbd7a3d10cf292aa3a5ae9e727231b52918c4ec1
raw/pilot_100_fallback_20260801T180205Z/timing/columba/measured_3/chr22_100_guide_087/stderr.txt	124597	e022cf39cf254e9d5e76a228fc4449c3751d849c1fa8e8eb5b7d348ead9de8a8
raw/pilot_100_fallback_20260801T180205Z/timing/columba/measured_3/chr22_100_guide_088/command.txt	566	77114703b970f8f9941648271a04fc172d15df91fc3d72635a634db9e68ae78a
raw/pilot_100_fallback_20260801T180205Z/timing/columba/measured_3/chr22_100_guide_088/metrics.tsv	294	4888acd815c227f7a1de563eb93242187933669462145b38bbc61f39a1facee6
raw/pilot_100_fallback_20260801T180205Z/timing/columba/measured_3/chr22_100_guide_088/output.paf	105	7b9ea615f9aa7e046adebd0e63adf8ebdc63c09e2a683a13ae5b9e9457fd8152
raw/pilot_100_fallback_20260801T180205Z/timing/columba/measured_3/chr22_100_guide_088/stderr.txt	282	000abe2ead510b1e81f85058fe4a2422bdd56dfa268e082b10ff250075738f0e
raw/pilot_100_fallback_20260801T180205Z/timing/columba/measured_3/chr22_100_guide_089/command.txt	566	cb174a5304d89f52664baefbea68e481d943e4424d74197582aac02b4e4a5d71
raw/pilot_100_fallback_20260801T180205Z/timing/columba/measured_3/chr22_100_guide_089/metrics.tsv	293	6fb2e83984a11da4735df1fb4af315558d6d9d38a7bd7362d9a0a54b9a5530eb
raw/pilot_100_fallback_20260801T180205Z/timing/columba/measured_3/chr22_100_guide_089/output.paf	105	790719bd8847db6a942f261864ea37c0ec15f7a4f400e0bd1eaf31a8e659f354
raw/pilot_100_fallback_20260801T180205Z/timing/columba/measured_3/chr22_100_guide_089/stderr.txt	94	5747958b98329bf390adcb88fe0c55df552279978269e4428317edf8497c35fb
raw/pilot_100_fallback_20260801T180205Z/timing/columba/measured_3/chr22_100_guide_090/command.txt	566	97804ea5ccea07c7d3140fe3f7f9435d15f4eb14000d76f6dd3e682137d9d481
raw/pilot_100_fallback_20260801T180205Z/timing/columba/measured_3/chr22_100_guide_090/metrics.tsv	294	72eaa6b54ca2310883a0435638103ae598a5634bd8b65ab78790e29625ab7807
raw/pilot_100_fallback_20260801T180205Z/timing/columba/measured_3/chr22_100_guide_090/output.paf	105	af0e7d04b9032b6ba55a507cdc6196da5e7f3adbce117a38bb6ba2d2fb078cba
raw/pilot_100_fallback_20260801T180205Z/timing/columba/measured_3/chr22_100_guide_090/stderr.txt	188	bb969d4b02ddd34c284543e306e202b2336d7575aa86daa3e6466757c09fd92b
raw/pilot_100_fallback_20260801T180205Z/timing/columba/measured_3/chr22_100_guide_091/command.txt	566	0d91d0abe127937436cec38cf5c1b8e5e2b01735df65df22d7c6ead878abcfe7
raw/pilot_100_fallback_20260801T180205Z/timing/columba/measured_3/chr22_100_guide_091/metrics.tsv	294	eb0b44992b2e21e67f141f164f1173cfbebf05294ac5a67c2016388b8537dd1e
raw/pilot_100_fallback_20260801T180205Z/timing/columba/measured_3/chr22_100_guide_091/output.paf	214	cf53e5c0ba2549b95ad7cc66f6caa57165a2d7ef971b8448816c1f5189dcba42
raw/pilot_100_fallback_20260801T180205Z/timing/columba/measured_3/chr22_100_guide_091/stderr.txt	376	99ee76e9b64774c9369be8a6f72c896db95e3888b9d30ddcbc455b25e12e4601
raw/pilot_100_fallback_20260801T180205Z/timing/columba/measured_3/chr22_100_guide_092/command.txt	566	82b6bb884dfe7e6ebafb6087ccdcf199d3657098116bab9bd175a99e58d05f2e
raw/pilot_100_fallback_20260801T180205Z/timing/columba/measured_3/chr22_100_guide_092/metrics.tsv	294	ab6bb977af34e3b076f72994161a0b45dab5923000a372250a20f7c91c4c857f
raw/pilot_100_fallback_20260801T180205Z/timing/columba/measured_3/chr22_100_guide_092/output.paf	105	36dc22934c7c02b9c1a4043e7fa71e9fab23fac626842ee0233fa0a19e8a4d8d
raw/pilot_100_fallback_20260801T180205Z/timing/columba/measured_3/chr22_100_guide_092/stderr.txt	282	f9edfd1414c172b5a32e647be62f7efb9a1867b2825caa326cd197691299ad06
raw/pilot_100_fallback_20260801T180205Z/timing/columba/measured_3/chr22_100_guide_093/command.txt	566	75423228da4358cddac92bbb5822ed6e161e55c6642324e65e72684aabe31ab8
raw/pilot_100_fallback_20260801T180205Z/timing/columba/measured_3/chr22_100_guide_093/metrics.tsv	293	81a3903ca86127f43ba951b656527bb817c4a904484cf19afe04ae5ce4198c03
raw/pilot_100_fallback_20260801T180205Z/timing/columba/measured_3/chr22_100_guide_093/output.paf	105	7c248ba9765e06499bdbdd56fa063150392f57bbcf49d7273e7a34148cb2a14e
raw/pilot_100_fallback_20260801T180205Z/timing/columba/measured_3/chr22_100_guide_093/stderr.txt	94	cb99cf2cb5c76fa9de96c7d214883bdebf51068c4cfea4bec3c2c4a8fda8efb1
raw/pilot_100_fallback_20260801T180205Z/timing/columba/measured_3/chr22_100_guide_094/command.txt	566	1611a9955c028c9e0b50ffbc9c8be9c9c129b9f18b1fed46ad8dc10176612085
raw/pilot_100_fallback_20260801T180205Z/timing/columba/measured_3/chr22_100_guide_094/metrics.tsv	292	77826d96d1801fab50588ff2c2b3c1abc8b37d2945e69778adf2a1c3372428d0
raw/pilot_100_fallback_20260801T180205Z/timing/columba/measured_3/chr22_100_guide_094/output.paf	105	b129ef3c4f85946c1752fcdec67457fbfa137faf10c495dcfb79020726f0093a
raw/pilot_100_fallback_20260801T180205Z/timing/columba/measured_3/chr22_100_guide_094/stderr.txt	0	e3b0c44298fc1c149afbf4c8996fb92427ae41e4649b934ca495991b7852b855
raw/pilot_100_fallback_20260801T180205Z/timing/columba/measured_3/chr22_100_guide_095/command.txt	566	b23e9caf78828ea66a5e975d497d0672f697b588e38fbc498b22d0d319f91103
raw/pilot_100_fallback_20260801T180205Z/timing/columba/measured_3/chr22_100_guide_095/metrics.tsv	293	7ad623270f803b3de84102843d2e4427e13f3549b7f9e6763e79a43113fdfa51
raw/pilot_100_fallback_20260801T180205Z/timing/columba/measured_3/chr22_100_guide_095/output.paf	214	72cfccdb732c7f835e82aebb76ca4186954ee044989d4d3f165c230249e1ab41
raw/pilot_100_fallback_20260801T180205Z/timing/columba/measured_3/chr22_100_guide_095/stderr.txt	94	8dd8d8e768aa6c5cd7d90852728b3841c27aebb8dbde3dfbf7f30997ce15d157
raw/pilot_100_fallback_20260801T180205Z/timing/columba/measured_3/chr22_100_guide_096/command.txt	566	cc8c07c4d9cdf195933dc528fcd307f7d913356d409af62b2ac24755f5176818
raw/pilot_100_fallback_20260801T180205Z/timing/columba/measured_3/chr22_100_guide_096/metrics.tsv	294	68301c2ad168fb2d9990ffda3080cd6380c43bc17a7a4ce26b05616921fe59b2
raw/pilot_100_fallback_20260801T180205Z/timing/columba/measured_3/chr22_100_guide_096/output.paf	105	66356638d350f202a4fc3653512e2eb61d180a210d3b4874237620fdd88f45ac
raw/pilot_100_fallback_20260801T180205Z/timing/columba/measured_3/chr22_100_guide_096/stderr.txt	376	96e1dce767526b5e03b01ea34764f33de2e58653d775c70a8355e05d5d77a707
raw/pilot_100_fallback_20260801T180205Z/timing/columba/measured_3/chr22_100_guide_097/command.txt	566	e76b33e28d66a2a0ec64cd64199ca3676d87f6718cfa073c2a38746ce3da45e0
raw/pilot_100_fallback_20260801T180205Z/timing/columba/measured_3/chr22_100_guide_097/metrics.tsv	294	f325f54a4bba7f9106771de277c674701ce690ac0c126bdba95619de21a441e0
raw/pilot_100_fallback_20260801T180205Z/timing/columba/measured_3/chr22_100_guide_097/output.paf	105	ec3317eca52cb313be8b742bd84d70d8e9f8f3d3a8dfda83e632d9ec5b3e7472
raw/pilot_100_fallback_20260801T180205Z/timing/columba/measured_3/chr22_100_guide_097/stderr.txt	188	c34143c4b66ce37c239db5fc991d73357da56a527f237f74e6df9d61bb22831f
raw/pilot_100_fallback_20260801T180205Z/timing/columba/measured_3/chr22_100_guide_098/command.txt	566	0c6937bca66d9f73b75c76533cba8aa0fda72dbd5e7c1807d67919aaf4d88501
raw/pilot_100_fallback_20260801T180205Z/timing/columba/measured_3/chr22_100_guide_098/metrics.tsv	296	90f100fc3c117d9c2eaaadeb20c9a364169b1b9c16013a9dc5c9aa881ad362e8
raw/pilot_100_fallback_20260801T180205Z/timing/columba/measured_3/chr22_100_guide_098/output.paf	905	a016348f37755f8ce13e2e0e89980f934c47f1ed13f33ce69a965f043799e3ea
raw/pilot_100_fallback_20260801T180205Z/timing/columba/measured_3/chr22_100_guide_098/stderr.txt	48723	cf3712505c294ae6537378b91da6f8bca9bb56345e251df5353bc39739d8fd3e
raw/pilot_100_fallback_20260801T180205Z/timing/columba/measured_3/chr22_100_guide_099/command.txt	566	68e5ff2b91e061540d057809e486e1c1bacd48d49a503f8c2ca463ad5ca3f6ae
raw/pilot_100_fallback_20260801T180205Z/timing/columba/measured_3/chr22_100_guide_099/metrics.tsv	295	05075dcea78828ccffe56a0d5706b76d7a8ae54bd257dddba1d3412edd3792e0
raw/pilot_100_fallback_20260801T180205Z/timing/columba/measured_3/chr22_100_guide_099/output.paf	404	b00ff7e072d9842bb0b22f9c6466a689c12afe9775188950e97e7229b6dc8e93
raw/pilot_100_fallback_20260801T180205Z/timing/columba/measured_3/chr22_100_guide_099/stderr.txt	1312	ff5c429edcc84b2bd2955d16c05ac27a1dc11df3ce849c05a33687f69b642bd8
raw/pilot_100_fallback_20260801T180205Z/timing/columba/measured_3/chr22_100_guide_100/command.txt	566	b925859ced49dd9949df5b9ec58d5f62c02c9395b6245f612ec7fc1c15d56407
raw/pilot_100_fallback_20260801T180205Z/timing/columba/measured_3/chr22_100_guide_100/metrics.tsv	294	eaa1508eac1cd7763bdec2b36a03a4b443d5a90a3a9920b92df1b2c6533fafaf
raw/pilot_100_fallback_20260801T180205Z/timing/columba/measured_3/chr22_100_guide_100/output.paf	214	4bb6e4f08a7316ba26ec3e6f894f79070071b55d78d6c1605a50035d0a1d9c79
raw/pilot_100_fallback_20260801T180205Z/timing/columba/measured_3/chr22_100_guide_100/stderr.txt	188	43c575a7c9c47d3164a453eb851e84a8842b01388a4b2fe7c9503045ddc887e0
raw/pilot_100_fallback_20260801T180205Z/timing/columba/measured_3/stdout.sha256.list	8500	677eee987dee7f6fac1b8a02d33bf05dd27af37548230dd0500f7b073fb47e02
raw/pilot_100_fallback_20260801T180205Z/timing/columba/warmup/chr22_100_guide_001/command.txt	566	56f3f7994581c54148bc1ff6919f7573c634e731c14ed57522b4c97a47cf2202
raw/pilot_100_fallback_20260801T180205Z/timing/columba/warmup/chr22_100_guide_001/metrics.tsv	294	40c86ddc212faeb8c2ddf4a7351a53171673b8d7969679ddac51f1f59a25f627
raw/pilot_100_fallback_20260801T180205Z/timing/columba/warmup/chr22_100_guide_001/output.paf	192	c9c93b5e3642ad2be4fd3699f495e8d1c48adb430768e7ff532b1a4c59fa0c05
raw/pilot_100_fallback_20260801T180205Z/timing/columba/warmup/chr22_100_guide_001/stderr.txt	608	1e3c641d38fd3d4b1cd876bbb13830d7fb2fb20f77ad12222230d037dc68d895
raw/pilot_100_fallback_20260801T180205Z/timing/columba/warmup/chr22_100_guide_002/command.txt	566	48be265bdb8e5c6d97072b3fa2d4e11635fa02f684ae9bfe1483db37500a05ba
raw/pilot_100_fallback_20260801T180205Z/timing/columba/warmup/chr22_100_guide_002/metrics.tsv	297	8d09c91db7ee08e97ef69050596d811e87f5bc2b4a87f73c1d66265dcf544e12
raw/pilot_100_fallback_20260801T180205Z/timing/columba/warmup/chr22_100_guide_002/output.paf	2179	87b02444da0f2ab8be03442bf4b8948663370c5a682f070b36a827822ee531e3
raw/pilot_100_fallback_20260801T180205Z/timing/columba/warmup/chr22_100_guide_002/stderr.txt	94307	e925e6374c2b14f26ce352338d241501af5403cd20c2f7a0a66a7ff0957a82b9
raw/pilot_100_fallback_20260801T180205Z/timing/columba/warmup/chr22_100_guide_003/command.txt	566	988af8d9fb7aa949c17338aa69391195bbb82ac5c4719332f3d16329248cd909
raw/pilot_100_fallback_20260801T180205Z/timing/columba/warmup/chr22_100_guide_003/metrics.tsv	298	7f7dfd034b9867bf916d6993377ebd7f29099cb028e11c1f7f3acb14fad59fe2
raw/pilot_100_fallback_20260801T180205Z/timing/columba/warmup/chr22_100_guide_003/output.paf	88173	42c85ab9ac542a0a68f74f516c324f16feaf1ad5d780ddfa17aa882a9000849d
raw/pilot_100_fallback_20260801T180205Z/timing/columba/warmup/chr22_100_guide_003/stderr.txt	33263	d5b5b7e3b34b61dc81dc8aab501910e13be4bc817fe9b96479eef46411ddf2a0
raw/pilot_100_fallback_20260801T180205Z/timing/columba/warmup/chr22_100_guide_004/command.txt	566	9b1f0fa21a4d57c6c2ccbb7b6bcef1ee262821bec6c7a9f342482cb9ba256605
raw/pilot_100_fallback_20260801T180205Z/timing/columba/warmup/chr22_100_guide_004/metrics.tsv	296	eb8e007a9374ce6cff7770ec216abcc28c0e67e8e2c526c4e59589ced1c30c33
raw/pilot_100_fallback_20260801T180205Z/timing/columba/warmup/chr22_100_guide_004/output.paf	103	691ce0260ac4ff8426decb079b6ec2efdf4680b3abaced64e9143840bccb9552
raw/pilot_100_fallback_20260801T180205Z/timing/columba/warmup/chr22_100_guide_004/stderr.txt	59585	a4c7fcea839152b57f9d48000d08a15502fd89d0fd27949928e5d265dda849b7
raw/pilot_100_fallback_20260801T180205Z/timing/columba/warmup/chr22_100_guide_005/command.txt	566	01d9cb2b66b031d0aaae3525c6ee0eb78dca8b2265983e7488146ae3d372812e
raw/pilot_100_fallback_20260801T180205Z/timing/columba/warmup/chr22_100_guide_005/metrics.tsv	294	9d2b73334a532ebf6cc6a769500e154d8ce9d359ce59da8fa2a167cdf9a0eb72
raw/pilot_100_fallback_20260801T180205Z/timing/columba/warmup/chr22_100_guide_005/output.paf	103	95686fb2b7a30116b7ae2cc467351eaaf4c6f25cab6f6b7bc6dcc05f1c409532
raw/pilot_100_fallback_20260801T180205Z/timing/columba/warmup/chr22_100_guide_005/stderr.txt	651	011f515d83cd8b0bf4648cfa3d329bea0cb2939a7aabcbf319c9ccbd2ece994c
raw/pilot_100_fallback_20260801T180205Z/timing/columba/warmup/chr22_100_guide_006/command.txt	566	8573cef312b544e700e56167875329ee9f3d806ab371113f5595435f50987398
raw/pilot_100_fallback_20260801T180205Z/timing/columba/warmup/chr22_100_guide_006/metrics.tsv	297	b3d56f106d1879217e2c04317307e762ba38c6e610ce6efb2ec4254357d533ac
raw/pilot_100_fallback_20260801T180205Z/timing/columba/warmup/chr22_100_guide_006/output.paf	412	381669eac105895c77936e91601bef5a44b194dce1468388fa6bc22b65e83aab
raw/pilot_100_fallback_20260801T180205Z/timing/columba/warmup/chr22_100_guide_006/stderr.txt	673643	9739780944683faaa4ef3f313f816b862f341378b37d0ab5c6f2f11c524f85ce
raw/pilot_100_fallback_20260801T180205Z/timing/columba/warmup/chr22_100_guide_007/command.txt	566	274fcf6a772b1406cdf484180d376d7d3a9e628571abed1c8de8f1e7b78d0e40
raw/pilot_100_fallback_20260801T180205Z/timing/columba/warmup/chr22_100_guide_007/metrics.tsv	298	6191cee27e6b9086455cec6042ef351ea4115280f65ee6c74094223d25667d0c
raw/pilot_100_fallback_20260801T180205Z/timing/columba/warmup/chr22_100_guide_007/output.paf	7915	d298f59746650faabb2ca5561ee87dd6713d6657c3eeebcb15b3c30fa3c0c022
raw/pilot_100_fallback_20260801T180205Z/timing/columba/warmup/chr22_100_guide_007/stderr.txt	175287	403d87bc80095f7dba4286b814ee578933bb15ea4b2720f3a94553d5d4a69f41
raw/pilot_100_fallback_20260801T180205Z/timing/columba/warmup/chr22_100_guide_008/command.txt	566	0c1fc8248f08783d01ab158c374ab506b58a3c1c996ef1da9c86b8c47c0cd027
raw/pilot_100_fallback_20260801T180205Z/timing/columba/warmup/chr22_100_guide_008/metrics.tsv	296	4ce1038ca32994bc067cbbe5bb7f6e9e46e4288d9a46c90c66f7c2515a4a2be9
raw/pilot_100_fallback_20260801T180205Z/timing/columba/warmup/chr22_100_guide_008/output.paf	6864	8f32d63ac3fc7353d028bcbab308948f718f700957721b790efcbcfdf7b2968d
raw/pilot_100_fallback_20260801T180205Z/timing/columba/warmup/chr22_100_guide_008/stderr.txt	2245	67c892220045c7e6de36630e42f43c7166e3a6cbb04fcd8d07803b38b0896333
raw/pilot_100_fallback_20260801T180205Z/timing/columba/warmup/chr22_100_guide_009/command.txt	566	984b16fda32713f1afaa3d5287275e51c28d505dcae228fe3ebf3eb2deec5071
raw/pilot_100_fallback_20260801T180205Z/timing/columba/warmup/chr22_100_guide_009/metrics.tsv	294	8a580c75042bb6694963f77609939de5993bd4036d654c2cd639d76e6f116276
raw/pilot_100_fallback_20260801T180205Z/timing/columba/warmup/chr22_100_guide_009/output.paf	414	f852312a894362e0b31472a7c87cc296c09d811ed71a73c469ed1ae252e2fefe
raw/pilot_100_fallback_20260801T180205Z/timing/columba/warmup/chr22_100_guide_009/stderr.txt	514	f9a5b9bf57218d2245080f337460f0f31693b21bce927496b6424a06a4356606
raw/pilot_100_fallback_20260801T180205Z/timing/columba/warmup/chr22_100_guide_010/command.txt	566	e90a8d82acbceb3443d231a30e801f3e86f59541c126ecb19e84ca011a4160e4
raw/pilot_100_fallback_20260801T180205Z/timing/columba/warmup/chr22_100_guide_010/metrics.tsv	297	0dda3adcdfb69bbe0b972a799733046a57b64bba1da0a65ba97ab600b92436d7
raw/pilot_100_fallback_20260801T180205Z/timing/columba/warmup/chr22_100_guide_010/output.paf	2553	b8db8d29518bcd793fe2cf11a647c9c419525e6da6f3c9efa22d172c191ba4c4
raw/pilot_100_fallback_20260801T180205Z/timing/columba/warmup/chr22_100_guide_010/stderr.txt	69723	09b67aada08755086fd2e6118d65bf7e9f49291d271c5abe563bb62ebc797503
raw/pilot_100_fallback_20260801T180205Z/timing/columba/warmup/chr22_100_guide_011/command.txt	566	cb4c20f287c0d2cc52597950f342d35b9dac626e0d86dfe0b692c03ae12d9539
raw/pilot_100_fallback_20260801T180205Z/timing/columba/warmup/chr22_100_guide_011/metrics.tsv	293	f876b3bdc76faf9c473a4f312fdc30066d10b9e33e324a79ce55082964acf07f
raw/pilot_100_fallback_20260801T180205Z/timing/columba/warmup/chr22_100_guide_011/output.paf	2243	ec592648254199539685feee5357d093e2e1ec0b8ee82c9ce1e89057db95c2aa
raw/pilot_100_fallback_20260801T180205Z/timing/columba/warmup/chr22_100_guide_011/stderr.txt	0	e3b0c44298fc1c149afbf4c8996fb92427ae41e4649b934ca495991b7852b855
raw/pilot_100_fallback_20260801T180205Z/timing/columba/warmup/chr22_100_guide_012/command.txt	566	59111a2ab63d33547c572328304fe36288c7cfb1ac9accbd49f81d2cdc0f78b3
raw/pilot_100_fallback_20260801T180205Z/timing/columba/warmup/chr22_100_guide_012/metrics.tsv	292	961df01aa00e34dc425b299db89aaaba2bb63bae3270867e31780282f9eb5a83
raw/pilot_100_fallback_20260801T180205Z/timing/columba/warmup/chr22_100_guide_012/output.paf	832	9b00eaabadec78eddf839955f38b2c49038c64b495db9fc7cba00a4c5b16c2fd
raw/pilot_100_fallback_20260801T180205Z/timing/columba/warmup/chr22_100_guide_012/stderr.txt	0	e3b0c44298fc1c149afbf4c8996fb92427ae41e4649b934ca495991b7852b855
raw/pilot_100_fallback_20260801T180205Z/timing/columba/warmup/chr22_100_guide_013/command.txt	566	9310dbfbc83548b63deaa0d0cfe32c815e82a85b6458a95427fdab998ff2e214
raw/pilot_100_fallback_20260801T180205Z/timing/columba/warmup/chr22_100_guide_013/metrics.tsv	294	3839410604bea9ec174ed3a9cba4941bf655da9a512380397058cc9b6adb7b7e
raw/pilot_100_fallback_20260801T180205Z/timing/columba/warmup/chr22_100_guide_013/output.paf	293	606c59fbabc1859613e4a31b3b8ed8c4147f5ca89d1de01946221f89097d2bce
raw/pilot_100_fallback_20260801T180205Z/timing/columba/warmup/chr22_100_guide_013/stderr.txt	184	ec04d3f7e1b1328ad5397a8bdd34185b098771189af9962fbc567d013800e818
raw/pilot_100_fallback_20260801T180205Z/timing/columba/warmup/chr22_100_guide_014/command.txt	566	83aacd4c60d2613d98d18e28c621cdc206a30f0b5b4a6a9f426c5c8472767e8f
raw/pilot_100_fallback_20260801T180205Z/timing/columba/warmup/chr22_100_guide_014/metrics.tsv	297	b7df4bc80d90b0dac08a9e9aba8f1ef569d629bb06bd38454b1a9a4a3016e25b
raw/pilot_100_fallback_20260801T180205Z/timing/columba/warmup/chr22_100_guide_014/output.paf	20645	9d3f96b7c5db3e0da42d54d04629e5c2f3b7306de3a7b74cbbe19baeec72ef91
raw/pilot_100_fallback_20260801T180205Z/timing/columba/warmup/chr22_100_guide_014/stderr.txt	1478	4429f6d37a56106f41ade5f8232056512f2c14e6a716c1b4f088b61464e12a95
raw/pilot_100_fallback_20260801T180205Z/timing/columba/warmup/chr22_100_guide_015/command.txt	566	6f85a81139438099cf88df9c702b2dcb7eb18bc38f8c9e9f77b60365bccccaeb
raw/pilot_100_fallback_20260801T180205Z/timing/columba/warmup/chr22_100_guide_015/metrics.tsv	299	1644ee9505be66f725a28d3acec60d4e2c428e77c9f4ee26f4d638a2fce9d9fe
raw/pilot_100_fallback_20260801T180205Z/timing/columba/warmup/chr22_100_guide_015/output.paf	11781	e55942ac6df6ea5194730aa80c266f855204986eea43ac4bf3ebf7d75fa0e169
raw/pilot_100_fallback_20260801T180205Z/timing/columba/warmup/chr22_100_guide_015/stderr.txt	833857	9d39fb2239ad6c24bc2177f8f8fc624629eba55e42615de578eff18b5dd9cfe1
raw/pilot_100_fallback_20260801T180205Z/timing/columba/warmup/chr22_100_guide_016/command.txt	566	ab87ceda319234113f9e03631f0dfbb8da9676ca62b1867b0bec9e79bb986ec4
raw/pilot_100_fallback_20260801T180205Z/timing/columba/warmup/chr22_100_guide_016/metrics.tsv	295	3fa938fec7311514498a50d163a121ebb24c02d2d9509b6330b0dd9a7fbbe419
raw/pilot_100_fallback_20260801T180205Z/timing/columba/warmup/chr22_100_guide_016/output.paf	103	664ca84d364b11b722ac1aa282d988cb26faa580c3801fc71e980d0a2785483d
raw/pilot_100_fallback_20260801T180205Z/timing/columba/warmup/chr22_100_guide_016/stderr.txt	6603	647a3c26fb0f04ad019100c4ab0390ab87ed5c84aadfe7a252bca70b1e3bd96d
raw/pilot_100_fallback_20260801T180205Z/timing/columba/warmup/chr22_100_guide_017/command.txt	566	52f4557e649aa46e4411ae140673c301db79070be95346be56434101def0adb8
raw/pilot_100_fallback_20260801T180205Z/timing/columba/warmup/chr22_100_guide_017/metrics.tsv	298	013ae5234893c03feaf1ec69e6dead3c3ac7fcea6d14715dbbc60708aa60f230
raw/pilot_100_fallback_20260801T180205Z/timing/columba/warmup/chr22_100_guide_017/output.paf	6509	9852752810a86bc2ec08e1deae289cb1e46a4172c7b2e475ed07820b6266dd53
raw/pilot_100_fallback_20260801T180205Z/timing/columba/warmup/chr22_100_guide_017/stderr.txt	525304	6c92947d95b3ae3f0e0ed0a3c24424f6bd041ec1db5523ff91ca421eff2f6f9d
raw/pilot_100_fallback_20260801T180205Z/timing/columba/warmup/chr22_100_guide_018/command.txt	566	75e2baf188655797b05e9bcc7c7c52978a0f9ab393a9a0f9137f5c027fc04b28
raw/pilot_100_fallback_20260801T180205Z/timing/columba/warmup/chr22_100_guide_018/metrics.tsv	296	a3598e05bae203145030572cc38a031505f50a2602f675ac0fd7439df3e24665
raw/pilot_100_fallback_20260801T180205Z/timing/columba/warmup/chr22_100_guide_018/output.paf	208	5c632dfc921b715b635c61d386497b7131eb4348bb520ea4a5cd13ab53ef1e7a
raw/pilot_100_fallback_20260801T180205Z/timing/columba/warmup/chr22_100_guide_018/stderr.txt	43109	23e8f4ffff162fdc2e25089c32203c22ccb5ac9c66770c9b5d4a6408cc154ffb
raw/pilot_100_fallback_20260801T180205Z/timing/columba/warmup/chr22_100_guide_019/command.txt	566	c296de5e3bf06c1c788e61e8d9053d04b4211a0935d94f8679e75efe74d67409
raw/pilot_100_fallback_20260801T180205Z/timing/columba/warmup/chr22_100_guide_019/metrics.tsv	295	bde104f2c4ceb989d2182cc6bc7eb8e82875284ab34e25aab16cfef18c4c8dd2
raw/pilot_100_fallback_20260801T180205Z/timing/columba/warmup/chr22_100_guide_019/output.paf	103	6cdd7ce54810d5bc4f6f9e343cba7e89b5868d4aa230081223fa53049a31ac4f
raw/pilot_100_fallback_20260801T180205Z/timing/columba/warmup/chr22_100_guide_019/stderr.txt	1766	dc56e723a41ad2b033072b1d35240963852ef67de09ef8478a44d1daa4a0e78a
raw/pilot_100_fallback_20260801T180205Z/timing/columba/warmup/chr22_100_guide_020/command.txt	566	3d6c4d5ae462056631517cc4658879656edee22c7d7ce64248e801b26b4d3f46
raw/pilot_100_fallback_20260801T180205Z/timing/columba/warmup/chr22_100_guide_020/metrics.tsv	296	55dccd1341a5711fe5a27cd9580e6b14d9dccb59a656fc69fbcfc29b7f5fc0ce
raw/pilot_100_fallback_20260801T180205Z/timing/columba/warmup/chr22_100_guide_020/output.paf	759	e201d7cfc5ec4a9979af6c9a236130b8f36d6e0e4dcfef596b106dbc39010303
raw/pilot_100_fallback_20260801T180205Z/timing/columba/warmup/chr22_100_guide_020/stderr.txt	76628	b458b467a03688a50351b56d6e3c449c56ad4edc944351aafb91ac49def2d89e
raw/pilot_100_fallback_20260801T180205Z/timing/columba/warmup/chr22_100_guide_021/command.txt	566	f9050ea994c56a1d1281887bb0fc83f4193c34c12335ce9829084521f61c8def
raw/pilot_100_fallback_20260801T180205Z/timing/columba/warmup/chr22_100_guide_021/metrics.tsv	294	5fe59c7c4e1dfdafda7823f14db49a5834f799588489c7b1990422df59d75bfe
raw/pilot_100_fallback_20260801T180205Z/timing/columba/warmup/chr22_100_guide_021/output.paf	105	70d3142b6438b2233c1a63a2ac833233a13a2d75bf75339f1fccaff2fa81b453
raw/pilot_100_fallback_20260801T180205Z/timing/columba/warmup/chr22_100_guide_021/stderr.txt	652	d56d96fe98b333f362ee9bd6376532e8bc00f0bfcb42456116b5b2cd748bb70d
raw/pilot_100_fallback_20260801T180205Z/timing/columba/warmup/chr22_100_guide_022/command.txt	566	6b4efbf55dd6e3bf25a65b5e28b7a2092729c8bb72fffea26760e282eea23625
raw/pilot_100_fallback_20260801T180205Z/timing/columba/warmup/chr22_100_guide_022/metrics.tsv	297	95168f77e691f7aa7c19754537e6fa90ed2021cabf3029fa93a5372b317f6191
raw/pilot_100_fallback_20260801T180205Z/timing/columba/warmup/chr22_100_guide_022/output.paf	105	6b72b7d58a6bb9700568183d8342e8f3bc79c45ffa1f7e46c161effbf9985c5d
raw/pilot_100_fallback_20260801T180205Z/timing/columba/warmup/chr22_100_guide_022/stderr.txt	592188	1bdc42a6859b8b52c1db369907a7439fdf814d31ad0591c6948691ed396edcd1
raw/pilot_100_fallback_20260801T180205Z/timing/columba/warmup/chr22_100_guide_023/command.txt	566	70ccd8838041ffb2b91a0368ef5d937990570a77e556ba08b90bf9c13cf759b1
raw/pilot_100_fallback_20260801T180205Z/timing/columba/warmup/chr22_100_guide_023/metrics.tsv	297	83ee60d85872a81e0094fc50ca2d01ce2c7fa46f7614c337da2215bb3dc0da71
raw/pilot_100_fallback_20260801T180205Z/timing/columba/warmup/chr22_100_guide_023/output.paf	15269	13d490936eb128956dcd7744ae65b99655fcac4ad3ba999a6d96498e5f4323b1
raw/pilot_100_fallback_20260801T180205Z/timing/columba/warmup/chr22_100_guide_023/stderr.txt	7075	ac192c7b6f04bd7ec153ca9deee4b10effcbb4185b9d200c6f35f95533887058
raw/pilot_100_fallback_20260801T180205Z/timing/columba/warmup/chr22_100_guide_024/command.txt	566	6e346420d30f1215f572c1198ebba67285f3255da0f7399a940e5815edb3d384
raw/pilot_100_fallback_20260801T180205Z/timing/columba/warmup/chr22_100_guide_024/metrics.tsv	296	b9f22ba86472adb7b2bfdd8f17b816e4f504923763a67e1523492098523265c0
raw/pilot_100_fallback_20260801T180205Z/timing/columba/warmup/chr22_100_guide_024/output.paf	214	bcee63120e7a1ad9985f53ede79aec2d8e27e6be8190904374c9bd2675cce1d4
raw/pilot_100_fallback_20260801T180205Z/timing/columba/warmup/chr22_100_guide_024/stderr.txt	89840	20e0d047a90eb941c28e7c3eadd3682e2d2baa7519ca17df715655ce2d25a138
raw/pilot_100_fallback_20260801T180205Z/timing/columba/warmup/chr22_100_guide_025/command.txt	566	c9d3511d3258b4919e14690f782a111dd5b294b9f7d7f83afbd4fe3c7f861b7c
raw/pilot_100_fallback_20260801T180205Z/timing/columba/warmup/chr22_100_guide_025/metrics.tsv	300	94a27aa87e0bb60fbf48bcbbf5b4f04f168c06eb5d74b7ba86806c5984005245
raw/pilot_100_fallback_20260801T180205Z/timing/columba/warmup/chr22_100_guide_025/output.paf	341079	7f78171e7e6e43e57fe0ccabe7cc5e8fc6ad058811ae50a138478aec4dbcd946
raw/pilot_100_fallback_20260801T180205Z/timing/columba/warmup/chr22_100_guide_025/stderr.txt	756897	a34f27a5f1f0c21115f51c2a00f1de92d7498004bf63229ab020afe0cdc3dd75
raw/pilot_100_fallback_20260801T180205Z/timing/columba/warmup/chr22_100_guide_026/command.txt	566	13ba028df906384e3b2a1de8a1618c80cdcff5fdbce9f5fe963de5984996dc7b
raw/pilot_100_fallback_20260801T180205Z/timing/columba/warmup/chr22_100_guide_026/metrics.tsv	298	72b4b8d2471789022b30a06e24751f0502803ee8246c7336a31088eb96e2f2e9
raw/pilot_100_fallback_20260801T180205Z/timing/columba/warmup/chr22_100_guide_026/output.paf	6840	74ee2057f2511f0387c90decf264283593386e47d9b30347bc9921ddcc60dd17
raw/pilot_100_fallback_20260801T180205Z/timing/columba/warmup/chr22_100_guide_026/stderr.txt	763944	24451543d4981af6965232fc89a42aae084c85b1effd413db55357f5b81b7551
raw/pilot_100_fallback_20260801T180205Z/timing/columba/warmup/chr22_100_guide_027/command.txt	566	42f11b0ac63b535ebba76e8909b548fac3bfd29f1f9a1e5a2956e3348c124662
raw/pilot_100_fallback_20260801T180205Z/timing/columba/warmup/chr22_100_guide_027/metrics.tsv	294	92bdf5db0fe594398aeb14a23a0d145ba874757ffe4923dfc050535c6dfb8ec6
raw/pilot_100_fallback_20260801T180205Z/timing/columba/warmup/chr22_100_guide_027/output.paf	210	a7610eb051e87a34826545d10fcf8102943e8611a97a657a33ec94ff2afe4c13
raw/pilot_100_fallback_20260801T180205Z/timing/columba/warmup/chr22_100_guide_027/stderr.txt	470	ca6032de9107568e011efa775fb138933bc1f4163d835edc39d12e948093dfde
raw/pilot_100_fallback_20260801T180205Z/timing/columba/warmup/chr22_100_guide_028/command.txt	566	7e1a39c18a8234e4b77a15c338fb0b22f0d2e1ef98eaef93cbe5df88a9e50da9
raw/pilot_100_fallback_20260801T180205Z/timing/columba/warmup/chr22_100_guide_028/metrics.tsv	299	f902f13198f3a7de51fd993aded4a3b56480f6d513a4b8b6cd1585188ee11fa3
raw/pilot_100_fallback_20260801T180205Z/timing/columba/warmup/chr22_100_guide_028/output.paf	214107	ccbb10c6b39950ff1a609a7c093affb95e09b093f31339b79eb9e55af9bea14f
raw/pilot_100_fallback_20260801T180205Z/timing/columba/warmup/chr22_100_guide_028/stderr.txt	26540	6ab1cb25283fe19a6bfd4fcd5c48da2d87969a73970cab771254caf7f66a6287
raw/pilot_100_fallback_20260801T180205Z/timing/columba/warmup/chr22_100_guide_029/command.txt	566	8d93322f79c278600132fcd48cbcf81a163d9b58a1b21fc80d646b44faef009e
raw/pilot_100_fallback_20260801T180205Z/timing/columba/warmup/chr22_100_guide_029/metrics.tsv	299	d7698d3147e631b7ec370b52e4a02c071ee11baa727cd20a9d74299cd9aa7ef0
raw/pilot_100_fallback_20260801T180205Z/timing/columba/warmup/chr22_100_guide_029/output.paf	199216	023a0db1667cffab02ece840deaeba274e313dbe75e80a569d4eb1e108049a70
raw/pilot_100_fallback_20260801T180205Z/timing/columba/warmup/chr22_100_guide_029/stderr.txt	27636	d4e0a36311e4ca8e67b4e69d062e253606ee8ba50c03ffb98d71774fa810bdfb
raw/pilot_100_fallback_20260801T180205Z/timing/columba/warmup/chr22_100_guide_030/command.txt	566	cf119fedaebf729a33ac282a4330e0dd7223f4db1879660848aa9e0a26c7948a
raw/pilot_100_fallback_20260801T180205Z/timing/columba/warmup/chr22_100_guide_030/metrics.tsv	300	b9b962528543ec68299fadb7d88247b44912ca47e0a931dbc232b0d5f439bc67
raw/pilot_100_fallback_20260801T180205Z/timing/columba/warmup/chr22_100_guide_030/output.paf	226228	e96360b064c516b87fc1693427dead08c7b0c7e111a9ad12d3d41bda12ba3e0e
raw/pilot_100_fallback_20260801T180205Z/timing/columba/warmup/chr22_100_guide_030/stderr.txt	273205	dcd1a0046df890a8b3a39f7884dafa87cf0c672958395ee079ca311c62f39e1c
raw/pilot_100_fallback_20260801T180205Z/timing/columba/warmup/chr22_100_guide_031/command.txt	566	b5434d72923f8388a240772e19851d5e85c18a398dfceb2c0f93d2578e8281d0
raw/pilot_100_fallback_20260801T180205Z/timing/columba/warmup/chr22_100_guide_031/metrics.tsv	297	545391de0fc4d406dbb7caf1c5bb018c19f03d153838a6296d0e7a308bc37b4a
raw/pilot_100_fallback_20260801T180205Z/timing/columba/warmup/chr22_100_guide_031/output.paf	214	5d5573821365e7bc8b578e4c8587ad85cc0ce7e73cc826859074ffc07c945a42
raw/pilot_100_fallback_20260801T180205Z/timing/columba/warmup/chr22_100_guide_031/stderr.txt	401466	6d757fd7aeea9c62de2f65f7620c111ca2fee818c410d59cbc0beeac17789d75
raw/pilot_100_fallback_20260801T180205Z/timing/columba/warmup/chr22_100_guide_032/command.txt	566	a6d4f5842b6d815b23b00e503451167f35aff4d342ba07f76998d8b72ea93dab
raw/pilot_100_fallback_20260801T180205Z/timing/columba/warmup/chr22_100_guide_032/metrics.tsv	294	c0c583d037b790d51fb30296879bc1345aae72725bb6c5f66a08ce0df94bd6e9
raw/pilot_100_fallback_20260801T180205Z/timing/columba/warmup/chr22_100_guide_032/output.paf	105	c25a6440be62186e25b0f165358d0d0900b923751f80af6ee5c27f0f29a85af6
raw/pilot_100_fallback_20260801T180205Z/timing/columba/warmup/chr22_100_guide_032/stderr.txt	188	5bcc52812e3cd79f2c949096180d3f1ac01ae06d29eea04285bba87168ded8f9
raw/pilot_100_fallback_20260801T180205Z/timing/columba/warmup/chr22_100_guide_033/command.txt	566	434733e1a3839dc4164adf8af4f6ab33375579bb27b5f6c6814f2e0e39dcc26e
raw/pilot_100_fallback_20260801T180205Z/timing/columba/warmup/chr22_100_guide_033/metrics.tsv	294	cea68b74c685c78964b1a81b302e718a8b8e3be22bc74119ac5782756bb71a57
raw/pilot_100_fallback_20260801T180205Z/timing/columba/warmup/chr22_100_guide_033/output.paf	105	0effc63d85fa97f691908ce0321ab857ae6f08fabd2480f35c83ff81e76c9f0e
raw/pilot_100_fallback_20260801T180205Z/timing/columba/warmup/chr22_100_guide_033/stderr.txt	656	6be499e878bb8835b2d0095d754911ca511e88d92eb98ee972ab04a1f8c00a0b
raw/pilot_100_fallback_20260801T180205Z/timing/columba/warmup/chr22_100_guide_034/command.txt	566	4ce1b4c65927cdd6014f6bc301f313a08494b3f8aeb53328c27d47793b6cef2e
raw/pilot_100_fallback_20260801T180205Z/timing/columba/warmup/chr22_100_guide_034/metrics.tsv	294	c7be8c132254f9953370b97a4e8bf8d7934844691c061f89c211a1aa6db7f979
raw/pilot_100_fallback_20260801T180205Z/timing/columba/warmup/chr22_100_guide_034/output.paf	105	b799f84402b88ca7eda644ce1b5b5eb56c02b09c04d62fc51c4c70dc76c6b583
raw/pilot_100_fallback_20260801T180205Z/timing/columba/warmup/chr22_100_guide_034/stderr.txt	187	4f6dc5b5a164eea9ba79b4a4c7ee686bbb2ef32b24b407949991d9e320496ddb
raw/pilot_100_fallback_20260801T180205Z/timing/columba/warmup/chr22_100_guide_035/command.txt	566	1dfd64605fdbbfc3767c3f27341d5c28600329a526fd4cf8672d5b7756e3bc60
raw/pilot_100_fallback_20260801T180205Z/timing/columba/warmup/chr22_100_guide_035/metrics.tsv	297	d901276e9d4b83751801ea7e3e185ab26c326cd166cbc811e31aac5bac1dc34e
raw/pilot_100_fallback_20260801T180205Z/timing/columba/warmup/chr22_100_guide_035/output.paf	1014	986145a86aa41385a9bbb5cd5338e224f19dc118858eeb759d145e4a054fb385
raw/pilot_100_fallback_20260801T180205Z/timing/columba/warmup/chr22_100_guide_035/stderr.txt	27131	19a7bce57c2268e495189ce0232b0b13a465741e4349b22a1ea0d29dcc9002df
raw/pilot_100_fallback_20260801T180205Z/timing/columba/warmup/chr22_100_guide_036/command.txt	566	34446fdba96d2f066083524581067fc03e27f2dd3f3d70048d2a6cb47060508b
raw/pilot_100_fallback_20260801T180205Z/timing/columba/warmup/chr22_100_guide_036/metrics.tsv	293	eeb6ab538e31bae10072175168b467480e64477b3625cb741e2ff20c95aeb899
raw/pilot_100_fallback_20260801T180205Z/timing/columba/warmup/chr22_100_guide_036/output.paf	105	d902219eeefe3ff64202f082d0493776f51eb4ff2b0f1167c0e670f923533dc4
raw/pilot_100_fallback_20260801T180205Z/timing/columba/warmup/chr22_100_guide_036/stderr.txt	94	561879fe16bf8d8d845615014aafa1348557dc2b653402bc983228fe11f91985
raw/pilot_100_fallback_20260801T180205Z/timing/columba/warmup/chr22_100_guide_037/command.txt	566	beda16c3cbaf1a022fec89d057945cfd8465fa1dfc282b3b74180a64935f42f0
raw/pilot_100_fallback_20260801T180205Z/timing/columba/warmup/chr22_100_guide_037/metrics.tsv	292	a1ac7a85c64bf9e2bfd85b9ad771b5601200215bedccd25e9d255464aff7afe2
raw/pilot_100_fallback_20260801T180205Z/timing/columba/warmup/chr22_100_guide_037/output.paf	105	87a59470956d0b27daf38e5e39ded5e150cdea0e868b3bb38ed13ec71694f010
raw/pilot_100_fallback_20260801T180205Z/timing/columba/warmup/chr22_100_guide_037/stderr.txt	0	e3b0c44298fc1c149afbf4c8996fb92427ae41e4649b934ca495991b7852b855
raw/pilot_100_fallback_20260801T180205Z/timing/columba/warmup/chr22_100_guide_038/command.txt	566	9c0ec224db1849cbefa2b5764e5537db605396f19a9a7cc317e179e279ebe990
raw/pilot_100_fallback_20260801T180205Z/timing/columba/warmup/chr22_100_guide_038/metrics.tsv	294	b5126b87286e97871b3026d4ac1bbc0bcd696d281465c7ada206188a2c50587b
raw/pilot_100_fallback_20260801T180205Z/timing/columba/warmup/chr22_100_guide_038/output.paf	105	029b4bae64ebbe3decac5715b992bb89ceb0731276cd7cd8566eaca4250537b4
raw/pilot_100_fallback_20260801T180205Z/timing/columba/warmup/chr22_100_guide_038/stderr.txt	846	d19c36693df71437a3e971b04638d4c55f47a0d94d8887a1c6ebbec6f71e8046
raw/pilot_100_fallback_20260801T180205Z/timing/columba/warmup/chr22_100_guide_039/command.txt	566	478805a118ab94046408be78b00ea8b9ff3949702199a09f057c45c132eb41a5
raw/pilot_100_fallback_20260801T180205Z/timing/columba/warmup/chr22_100_guide_039/metrics.tsv	292	a70ba5c08bd9054acf502047d575ffd181b8058b60229e2c9c1d50c7762d07a0
raw/pilot_100_fallback_20260801T180205Z/timing/columba/warmup/chr22_100_guide_039/output.paf	105	a699d8af011bf9deb858b41d0fae396d8cff7641f7f0fffbf757531340e4d266
raw/pilot_100_fallback_20260801T180205Z/timing/columba/warmup/chr22_100_guide_039/stderr.txt	0	e3b0c44298fc1c149afbf4c8996fb92427ae41e4649b934ca495991b7852b855
raw/pilot_100_fallback_20260801T180205Z/timing/columba/warmup/chr22_100_guide_040/command.txt	566	9e25ca24c617ed46f5e32e55fd503488516868fafc7ca7f3c46549ed25702392
raw/pilot_100_fallback_20260801T180205Z/timing/columba/warmup/chr22_100_guide_040/metrics.tsv	294	fe5f720e98004f63c045f3ee33433d0e1e16cdcad0a105b8b0f8fc9c6ecafdea
raw/pilot_100_fallback_20260801T180205Z/timing/columba/warmup/chr22_100_guide_040/output.paf	105	4390a33a35b7293befeadb9fa60eb9d4727d057633aeb9a93007f6581228ca97
raw/pilot_100_fallback_20260801T180205Z/timing/columba/warmup/chr22_100_guide_040/stderr.txt	188	7e3c0298e47ada9502fe1ab91e5aed0852345691cf2da9d42a3b3bb1585655fc
raw/pilot_100_fallback_20260801T180205Z/timing/columba/warmup/chr22_100_guide_041/command.txt	566	89a5d619df2660b972001d0d159c8a01fcc1576f0c09bbd29c7b700ad4072236
raw/pilot_100_fallback_20260801T180205Z/timing/columba/warmup/chr22_100_guide_041/metrics.tsv	293	cea2e52df3f32b93996d2511c3d33cc7b511d10b0305a8ffdcdfa5752b08b357
raw/pilot_100_fallback_20260801T180205Z/timing/columba/warmup/chr22_100_guide_041/output.paf	105	3e8108b8109dce3b65881841a62543e3eb3ba821fff9bc76b9b5e43ac8c75d77
raw/pilot_100_fallback_20260801T180205Z/timing/columba/warmup/chr22_100_guide_041/stderr.txt	94	30d5bd1a2fd8f421e7be29640f109fecf4e022892dc5732c56ef1b76e1f5233b
raw/pilot_100_fallback_20260801T180205Z/timing/columba/warmup/chr22_100_guide_042/command.txt	566	15e5f721a9d47bcd7e89cc307e577296e5d056ad3d94663a41652d8551c9400f
raw/pilot_100_fallback_20260801T180205Z/timing/columba/warmup/chr22_100_guide_042/metrics.tsv	292	c9fee18a33b6f86195d2d2768a32144c85a888cb916ba676c8dfeb90121a5a52
raw/pilot_100_fallback_20260801T180205Z/timing/columba/warmup/chr22_100_guide_042/output.paf	105	5924fcb39f9667884df027edda8f627478be6271057a2d69844c736321e3169f
raw/pilot_100_fallback_20260801T180205Z/timing/columba/warmup/chr22_100_guide_042/stderr.txt	0	e3b0c44298fc1c149afbf4c8996fb92427ae41e4649b934ca495991b7852b855
raw/pilot_100_fallback_20260801T180205Z/timing/columba/warmup/chr22_100_guide_043/command.txt	566	b67a6b497e3a6b9bdebb34b5a399c66ef87ede69a75b252be4fab3d258472f2f
raw/pilot_100_fallback_20260801T180205Z/timing/columba/warmup/chr22_100_guide_043/metrics.tsv	296	2eafb79782b74cabd1e11aad5995adec637a6384cea96ef2c6db5e60c7148a0c
raw/pilot_100_fallback_20260801T180205Z/timing/columba/warmup/chr22_100_guide_043/output.paf	198	0750254d4598a1695dbaade1146e921cf6dab58c8fc5ab334e4e36f882246f3f
raw/pilot_100_fallback_20260801T180205Z/timing/columba/warmup/chr22_100_guide_043/stderr.txt	23907	f786f22359fb3a2a1769d5d1b500856dc5b1f5bd752fa9b56a6462248899650e
raw/pilot_100_fallback_20260801T180205Z/timing/columba/warmup/chr22_100_guide_044/command.txt	566	54530671f67746b66d95a33193c18e5abbbd5ce5541084af83255ec6a0ac78ce
raw/pilot_100_fallback_20260801T180205Z/timing/columba/warmup/chr22_100_guide_044/metrics.tsv	295	47ce49c4d0681da79c31195a1af8e9836fc5b8f2357b58dbcbcbe08f986eba3c
raw/pilot_100_fallback_20260801T180205Z/timing/columba/warmup/chr22_100_guide_044/output.paf	198	fa914a29da8996379fd30ef387eefd7cdc6893880f37a6f45eeedb5b45c937c8
raw/pilot_100_fallback_20260801T180205Z/timing/columba/warmup/chr22_100_guide_044/stderr.txt	8971	aa527725aa07ee4e1a1873921188b10360514049cf3e6ec4bdf5fc490d38675e
raw/pilot_100_fallback_20260801T180205Z/timing/columba/warmup/chr22_100_guide_045/command.txt	566	a5dc2c466af134335a0814a6fdc2abbfeea25b3c539a72e90cfd77196bf537a2
raw/pilot_100_fallback_20260801T180205Z/timing/columba/warmup/chr22_100_guide_045/metrics.tsv	293	2a3281f9740170ee886248b9fbd56011133790764abb8a16d2337cc61e6d47a9
raw/pilot_100_fallback_20260801T180205Z/timing/columba/warmup/chr22_100_guide_045/output.paf	105	7e528a989c31c40be279492b74efb2b32bbafcb76168ffa5ecf4da003dd2852c
raw/pilot_100_fallback_20260801T180205Z/timing/columba/warmup/chr22_100_guide_045/stderr.txt	94	dd567e27451842465f72c8df72e5b23a60f4533474e55b65999ba98af50e5e25
raw/pilot_100_fallback_20260801T180205Z/timing/columba/warmup/chr22_100_guide_046/command.txt	566	87d7006eff9339b20600f06c4232d644acdcea738e1b21a96f6a8b23acedaf6e
raw/pilot_100_fallback_20260801T180205Z/timing/columba/warmup/chr22_100_guide_046/metrics.tsv	293	9cb49be0b526a00f79e81a0ff84cd409967aba54a582d4546c30dac141e2e0d3
raw/pilot_100_fallback_20260801T180205Z/timing/columba/warmup/chr22_100_guide_046/output.paf	105	714554ca8eac6dff9bf1ea7bcd982ded36f466eaa79bea00a33e12ff4252393b
raw/pilot_100_fallback_20260801T180205Z/timing/columba/warmup/chr22_100_guide_046/stderr.txt	94	32b0fdb408a245e8ea00a9e3729e5f81f9093394a9fdef4348318ec666ad1e55
raw/pilot_100_fallback_20260801T180205Z/timing/columba/warmup/chr22_100_guide_047/command.txt	566	09a07f9402cbb8f11a93f4619d86a05a1f257ff3e198b47115e26c3ecb6c46ca
raw/pilot_100_fallback_20260801T180205Z/timing/columba/warmup/chr22_100_guide_047/metrics.tsv	294	8817f0436044a4f69ac24a476106cf3f293df1367349b8d87b33029172cc2f07
raw/pilot_100_fallback_20260801T180205Z/timing/columba/warmup/chr22_100_guide_047/output.paf	105	ca51411298336dbdfe2d1022ed02e74028dfbcd2e0e397a8224fce4f6017af72
raw/pilot_100_fallback_20260801T180205Z/timing/columba/warmup/chr22_100_guide_047/stderr.txt	282	b76583d8074d81b6123010653d515a4ff97310c43c5bf08081014d9154db7606
raw/pilot_100_fallback_20260801T180205Z/timing/columba/warmup/chr22_100_guide_048/command.txt	566	013615c7451b42b2e94f086fe08854e475f20dd3d22c9013797b8fc057463758
raw/pilot_100_fallback_20260801T180205Z/timing/columba/warmup/chr22_100_guide_048/metrics.tsv	292	064dace09441bc0b0ffe0698f04b81db0bf30e70fb4ee37750f379779e80193e
raw/pilot_100_fallback_20260801T180205Z/timing/columba/warmup/chr22_100_guide_048/output.paf	105	bc3b9f3f86cc8bbd34d0a114947da783ee284f28a9a17754f8b3028fd08951a9
raw/pilot_100_fallback_20260801T180205Z/timing/columba/warmup/chr22_100_guide_048/stderr.txt	0	e3b0c44298fc1c149afbf4c8996fb92427ae41e4649b934ca495991b7852b855
raw/pilot_100_fallback_20260801T180205Z/timing/columba/warmup/chr22_100_guide_049/command.txt	566	8aab2e7241e9a2a123f3def9f000857a2f80382ca271073ee216c231d6d447b7
raw/pilot_100_fallback_20260801T180205Z/timing/columba/warmup/chr22_100_guide_049/metrics.tsv	294	75ed127e8a4798e02886839ca642f7f71b14c150b32ceb1c0d28c4a427508124
raw/pilot_100_fallback_20260801T180205Z/timing/columba/warmup/chr22_100_guide_049/output.paf	323	00230428f6d63582ec60d092b6bc6c689bf77cb21e9480a627f5e8c16d0dc979
raw/pilot_100_fallback_20260801T180205Z/timing/columba/warmup/chr22_100_guide_049/stderr.txt	940	42d1ec48cb0493956d77fad00767b6c2fed5e28ca7790d50779e46dd1957fd55
raw/pilot_100_fallback_20260801T180205Z/timing/columba/warmup/chr22_100_guide_050/command.txt	566	c4ee76804607468ef9600712f44ea93a2312cce48ada62302ef5577876e60bd3
raw/pilot_100_fallback_20260801T180205Z/timing/columba/warmup/chr22_100_guide_050/metrics.tsv	297	4e71dda0eac35b9bb3c31511e5f6d017642eb7bac3183f443e2cdd81489c2ffd
raw/pilot_100_fallback_20260801T180205Z/timing/columba/warmup/chr22_100_guide_050/output.paf	7864	dce37de5e1818cdd17e4ee8033bf40efbe0d2c545e9392b2dcc57b55c2826417
raw/pilot_100_fallback_20260801T180205Z/timing/columba/warmup/chr22_100_guide_050/stderr.txt	97025	25673b27f69837dff68516645411fc0233445a384636410926722510c4091cf8
raw/pilot_100_fallback_20260801T180205Z/timing/columba/warmup/chr22_100_guide_051/command.txt	566	6930dd10c6a4b90b15bd34111d8bf425357a22fd57a493aa3299b720108e74aa
raw/pilot_100_fallback_20260801T180205Z/timing/columba/warmup/chr22_100_guide_051/metrics.tsv	293	a595fc73c70d57f7e76c69ed4a1ba9d6ef2715aabee4010cda6b8ccde8dc7737
raw/pilot_100_fallback_20260801T180205Z/timing/columba/warmup/chr22_100_guide_051/output.paf	105	14ef5eacd0519bf8d6f3f1e421b2147ce2cef2d89992ac6bc3c0c6493049fd6f
raw/pilot_100_fallback_20260801T180205Z/timing/columba/warmup/chr22_100_guide_051/stderr.txt	94	b3f77e03add0f929849c64c186a0f6ee8168522805e29a074a8498ff01f34924
raw/pilot_100_fallback_20260801T180205Z/timing/columba/warmup/chr22_100_guide_052/command.txt	566	56fcec6ace838c7592226df602b7be1f4a7687b9485435fe9be6e73b08444f71
raw/pilot_100_fallback_20260801T180205Z/timing/columba/warmup/chr22_100_guide_052/metrics.tsv	293	6051c46988669fa5916cfc2cd8a46c5aaabe651c844692a77a8f378ea8c45e34
raw/pilot_100_fallback_20260801T180205Z/timing/columba/warmup/chr22_100_guide_052/output.paf	105	b743dcf20b0f8a4d8e1a343b97d48c58a0bc7fc4d1bb2a983a38d2078d740fcd
raw/pilot_100_fallback_20260801T180205Z/timing/columba/warmup/chr22_100_guide_052/stderr.txt	94	2948117454b190d6eeeaca3bc94a2bf5793d77da14d80a9f2def8405cee8a845
raw/pilot_100_fallback_20260801T180205Z/timing/columba/warmup/chr22_100_guide_053/command.txt	566	48476778c0a3f35ba869b05bf8bf6b785237f764574c5b20d02bc627fd6fb84e
raw/pilot_100_fallback_20260801T180205Z/timing/columba/warmup/chr22_100_guide_053/metrics.tsv	293	53528a5d4ba6462484340e7ff51bc72bf2dcba08c356c52fed124519902266be
raw/pilot_100_fallback_20260801T180205Z/timing/columba/warmup/chr22_100_guide_053/output.paf	105	7f92fd7dddc708c2b3ec905f92a74e766b81d6ff9eaf13b4dc9c11ff5e96767a
raw/pilot_100_fallback_20260801T180205Z/timing/columba/warmup/chr22_100_guide_053/stderr.txt	94	eb38c77d3364d29cf9b4a0c82bd850e49266e1046930de12097b9d1d6f671ebe
raw/pilot_100_fallback_20260801T180205Z/timing/columba/warmup/chr22_100_guide_054/command.txt	566	e9e3276e6748b10bcfbf0d19b96954bc3988c3aab61428628023340dbff2d19d
raw/pilot_100_fallback_20260801T180205Z/timing/columba/warmup/chr22_100_guide_054/metrics.tsv	297	a0cc5479f3f5fde595777755eae29a3f08eea78a66685b11a1ea4047148092e9
raw/pilot_100_fallback_20260801T180205Z/timing/columba/warmup/chr22_100_guide_054/output.paf	1446	3058fcd54fc966d78fcbca10605d2ef57a8d520fd2d192714139789500cccfed
raw/pilot_100_fallback_20260801T180205Z/timing/columba/warmup/chr22_100_guide_054/stderr.txt	18972	b11e22db3237d2c4296c631fbac7919ba0f6978dc69402ccbec8cecedb0888da
raw/pilot_100_fallback_20260801T180205Z/timing/columba/warmup/chr22_100_guide_055/command.txt	566	c1ce6223400c52d529f8dfd61438a711cb00e3bab4d1b781c8468977494db9fe
raw/pilot_100_fallback_20260801T180205Z/timing/columba/warmup/chr22_100_guide_055/metrics.tsv	294	1c1af8021635d4d7c37f2f1fa573c558e82d140b93a7369b5aa78e31cde11c98
raw/pilot_100_fallback_20260801T180205Z/timing/columba/warmup/chr22_100_guide_055/output.paf	105	a3d6cd5055990fc10a7f55f785689720f3a06133f1b0f4568f98749ce2751038
raw/pilot_100_fallback_20260801T180205Z/timing/columba/warmup/chr22_100_guide_055/stderr.txt	282	cbf8fe25e09218949637c014c44b0ac6c41b7c9311afed997f16260a3c1fbf6a
raw/pilot_100_fallback_20260801T180205Z/timing/columba/warmup/chr22_100_guide_056/command.txt	566	8beabd8783755a9d30707f2d2e045d588a57dceb13de2d243acef0cf3ff57b73
raw/pilot_100_fallback_20260801T180205Z/timing/columba/warmup/chr22_100_guide_056/metrics.tsv	292	fdadcac1fa26cd829adb16bc61a9a155ffde7694f2f555badf4d165b54e2e869
raw/pilot_100_fallback_20260801T180205Z/timing/columba/warmup/chr22_100_guide_056/output.paf	105	4a6cdc3b90d2775c2496444fab6f836151cd422ec2c82a9bf758cde5414f2417
raw/pilot_100_fallback_20260801T180205Z/timing/columba/warmup/chr22_100_guide_056/stderr.txt	0	e3b0c44298fc1c149afbf4c8996fb92427ae41e4649b934ca495991b7852b855
raw/pilot_100_fallback_20260801T180205Z/timing/columba/warmup/chr22_100_guide_057/command.txt	566	939a79152fdaff1ae639fc8159780cd928c7fc1eee34b839d6e4d6741a853f22
raw/pilot_100_fallback_20260801T180205Z/timing/columba/warmup/chr22_100_guide_057/metrics.tsv	299	acee09f89090465d6c3c0a087af3f668b5073a4d52ee9c062bc386f9d1f24d3d
raw/pilot_100_fallback_20260801T180205Z/timing/columba/warmup/chr22_100_guide_057/output.paf	60337	77d45e9f5ee3882ec6330d54e9c5cc3440047ffeae274f559bcd95b1bd3bfae3
raw/pilot_100_fallback_20260801T180205Z/timing/columba/warmup/chr22_100_guide_057/stderr.txt	285190	2b9901666ce4054a63da25ca6c9450e93992d4499d571856646b5da90316ded1
raw/pilot_100_fallback_20260801T180205Z/timing/columba/warmup/chr22_100_guide_058/command.txt	566	7eb09ce5de4178d7c4d5aa594ca636f2fb1d8967182a3455f28ac42e2bbc4525
raw/pilot_100_fallback_20260801T180205Z/timing/columba/warmup/chr22_100_guide_058/metrics.tsv	293	9f1c9b54b658e6b0cac1d68cc1f9c681faffcee98bedfaae81ac5c12e1d27d11
raw/pilot_100_fallback_20260801T180205Z/timing/columba/warmup/chr22_100_guide_058/output.paf	105	b7517a16df61180265ec10a20cb33a003c3ea568992073591f20e96d81391119
raw/pilot_100_fallback_20260801T180205Z/timing/columba/warmup/chr22_100_guide_058/stderr.txt	94	b52ea0dac91d497aaec6f642a08329c4472b1d235792c856330e28a7c0b02c57
raw/pilot_100_fallback_20260801T180205Z/timing/columba/warmup/chr22_100_guide_059/command.txt	566	c3537f828122d28432cb2772f00c70b2a2ee786cc6f3eaa59447bd6088b95563
raw/pilot_100_fallback_20260801T180205Z/timing/columba/warmup/chr22_100_guide_059/metrics.tsv	293	5f4bf1dd98a076e0730586866843f004e178ac8bdcc8830b546b3d2610a409cb
raw/pilot_100_fallback_20260801T180205Z/timing/columba/warmup/chr22_100_guide_059/output.paf	105	a6e8f7dbe8440152b018e778c86e594c220662576f7388bf74086116bfb557b5
raw/pilot_100_fallback_20260801T180205Z/timing/columba/warmup/chr22_100_guide_059/stderr.txt	94	0125d3c4984bdc22f6fcb221414dd3900ca99fecfcf592d4992e3000caf67fe4
raw/pilot_100_fallback_20260801T180205Z/timing/columba/warmup/chr22_100_guide_060/command.txt	566	f675caf8479b208360f406ce301af37f1a970747d7605a9cefe149eb906385db
raw/pilot_100_fallback_20260801T180205Z/timing/columba/warmup/chr22_100_guide_060/metrics.tsv	294	f9b8168889454fa30b26fc1c097a53ec9b73a29dc58a6939394f41e1ba4813ee
raw/pilot_100_fallback_20260801T180205Z/timing/columba/warmup/chr22_100_guide_060/output.paf	105	96bacc0c5f62f5ee3cb64d6560e882e64673267447e8714383a4ab744f1c99a8
raw/pilot_100_fallback_20260801T180205Z/timing/columba/warmup/chr22_100_guide_060/stderr.txt	932	ccbb31fe1ebb9328fe27201916e87bd7c24b711b7b0b063a7f477755fe73cf70
raw/pilot_100_fallback_20260801T180205Z/timing/columba/warmup/chr22_100_guide_061/command.txt	566	650f4a13a507d96048e121012f990c63693293901f36d8425e7b722d48b66b06
raw/pilot_100_fallback_20260801T180205Z/timing/columba/warmup/chr22_100_guide_061/metrics.tsv	294	fe86ebaff6cbbe1965c751724590dfb72afd97a7621f79df4ce08b59b113f6dd
raw/pilot_100_fallback_20260801T180205Z/timing/columba/warmup/chr22_100_guide_061/output.paf	105	9246314add68bcb309196485353ca32264aa9d97b65d40e3825659e7fa9e07c5
raw/pilot_100_fallback_20260801T180205Z/timing/columba/warmup/chr22_100_guide_061/stderr.txt	188	12cf0f82ebccaab6f5456eda16e6f1aa1c8c09e0e0b6bfe076d282d5294656c8
raw/pilot_100_fallback_20260801T180205Z/timing/columba/warmup/chr22_100_guide_062/command.txt	566	a171f4906b917c9444cb15e384cf94bd72bb1f50e60d9c439fe183380f9af0c5
raw/pilot_100_fallback_20260801T180205Z/timing/columba/warmup/chr22_100_guide_062/metrics.tsv	292	3a5450c4a211033d0016edde2471aa7b176dbe223d10a88a3f7ae7a4c39f56a4
raw/pilot_100_fallback_20260801T180205Z/timing/columba/warmup/chr22_100_guide_062/output.paf	105	4832e7aa711ccdac22496f6cb8a979eec30369c372fca1b6aba1e3edfb12e8a1
raw/pilot_100_fallback_20260801T180205Z/timing/columba/warmup/chr22_100_guide_062/stderr.txt	0	e3b0c44298fc1c149afbf4c8996fb92427ae41e4649b934ca495991b7852b855
raw/pilot_100_fallback_20260801T180205Z/timing/columba/warmup/chr22_100_guide_063/command.txt	566	8763348e45d4d4c45c8cef4948b1fd06ac339aadcc02d5a956f282c1ac0c35ef
raw/pilot_100_fallback_20260801T180205Z/timing/columba/warmup/chr22_100_guide_063/metrics.tsv	293	878531a2950f69dede59bbe36a87909b329b0e408635494cc55219da4cd12f60
raw/pilot_100_fallback_20260801T180205Z/timing/columba/warmup/chr22_100_guide_063/output.paf	105	c4ca7ddc636638d7005d3e187756ba84185296e1c2585b41d0a7a856e2606213
raw/pilot_100_fallback_20260801T180205Z/timing/columba/warmup/chr22_100_guide_063/stderr.txt	94	696e651629a088ed51fa18bf92752b7cebcc5231944eb0da133c1b9ea7800ae7
raw/pilot_100_fallback_20260801T180205Z/timing/columba/warmup/chr22_100_guide_064/command.txt	566	cbfa779c953bf1b574cb41e057ec20878b0869a63cd3d04f0cd6279b249ef292
raw/pilot_100_fallback_20260801T180205Z/timing/columba/warmup/chr22_100_guide_064/metrics.tsv	294	9a07244670974083d0390d27a27e1de3fba88f0e31fc5a8d93c35bd9caa1dcaa
raw/pilot_100_fallback_20260801T180205Z/timing/columba/warmup/chr22_100_guide_064/output.paf	105	b38f02456f345d872287da7f74b53691b169eb255cc35d11d103c308c700d2eb
raw/pilot_100_fallback_20260801T180205Z/timing/columba/warmup/chr22_100_guide_064/stderr.txt	282	80ee862860c0660e526ecb32b831aefab1ec8d289bb9d77c6b7b292513f4e728
raw/pilot_100_fallback_20260801T180205Z/timing/columba/warmup/chr22_100_guide_065/command.txt	566	cd8bea7ad0302bb53f4545cde2f35efde24f2fb175dfc2c4ed9246058809a00d
raw/pilot_100_fallback_20260801T180205Z/timing/columba/warmup/chr22_100_guide_065/metrics.tsv	292	b30145925d0c4f1398f3403c82d1d373fa5a98d3876f062360403df49f9d941a
raw/pilot_100_fallback_20260801T180205Z/timing/columba/warmup/chr22_100_guide_065/output.paf	105	4a6f7a313e251182f276be210f99075cb7bfa5275fa278d132ac27df6e713db1
raw/pilot_100_fallback_20260801T180205Z/timing/columba/warmup/chr22_100_guide_065/stderr.txt	0	e3b0c44298fc1c149afbf4c8996fb92427ae41e4649b934ca495991b7852b855
raw/pilot_100_fallback_20260801T180205Z/timing/columba/warmup/chr22_100_guide_066/command.txt	566	c69994929b6770cb304fdeac6afc4e19a288b04c9df37b0b524f6678ae4d6c60
raw/pilot_100_fallback_20260801T180205Z/timing/columba/warmup/chr22_100_guide_066/metrics.tsv	293	bf763a79620fe14711e075a2a4b9be12df56d59f766d63b507d597000dc8a64c
raw/pilot_100_fallback_20260801T180205Z/timing/columba/warmup/chr22_100_guide_066/output.paf	105	4802296ebbba9922a4ece696902be06427691049808ba406ed873a9a4a219f9c
raw/pilot_100_fallback_20260801T180205Z/timing/columba/warmup/chr22_100_guide_066/stderr.txt	94	5f467778f752a1aaed5df46d05a9a1b73450c302e12b8f1f7e33ddf845f2077e
raw/pilot_100_fallback_20260801T180205Z/timing/columba/warmup/chr22_100_guide_067/command.txt	566	1b1523f9c92f86af9cfe29cb89d4261c92b593a6c7fc810de26996f588036e43
raw/pilot_100_fallback_20260801T180205Z/timing/columba/warmup/chr22_100_guide_067/metrics.tsv	294	38ab22f0ea733b390c7ac90e6d614019871d705ec93915f9b90899e4600fca1f
raw/pilot_100_fallback_20260801T180205Z/timing/columba/warmup/chr22_100_guide_067/output.paf	105	0229a4fc79d3d37ddda05a4910899ff60fcd29aa41d3690d08b235deae1dd329
raw/pilot_100_fallback_20260801T180205Z/timing/columba/warmup/chr22_100_guide_067/stderr.txt	282	53b771ffaca11cb96d720daf7c16129376f1614689ba28d188fa0d0308cc5d07
raw/pilot_100_fallback_20260801T180205Z/timing/columba/warmup/chr22_100_guide_068/command.txt	566	b4f95c6280b1a4dc349971cca88c87fd6230df502fa8f9023aa12bfe754f76e7
raw/pilot_100_fallback_20260801T180205Z/timing/columba/warmup/chr22_100_guide_068/metrics.tsv	294	09301098cdb45c357b3c59be2ffe270d26806ebb7a53fa00d24c9974f06ed1e5
raw/pilot_100_fallback_20260801T180205Z/timing/columba/warmup/chr22_100_guide_068/output.paf	214	d39c5b6762aa09453e14f55e106ab300ceb4955ee3d73b381937cbf2220ed042
raw/pilot_100_fallback_20260801T180205Z/timing/columba/warmup/chr22_100_guide_068/stderr.txt	188	fc6bbc4c65e692473cbf32ff151557635e2d1dd99e4b69c5ee3da000a109cea9
raw/pilot_100_fallback_20260801T180205Z/timing/columba/warmup/chr22_100_guide_069/command.txt	566	6ab248107276765722b8a3fdbe4c32639a5386a8a99ebb56c252f33b45d836de
raw/pilot_100_fallback_20260801T180205Z/timing/columba/warmup/chr22_100_guide_069/metrics.tsv	294	ce5aca09914038b9b91aac62cc845abd1320ea2a90e355d9ab4f988d88882adb
raw/pilot_100_fallback_20260801T180205Z/timing/columba/warmup/chr22_100_guide_069/output.paf	105	77885b288a794217926cbdc3f9557271a5584ca0a3525a33368ba9dfa0f79c36
raw/pilot_100_fallback_20260801T180205Z/timing/columba/warmup/chr22_100_guide_069/stderr.txt	470	5d430161443a2a46da19dfd91300b023436381d8acde81bd4858cc16663951ac
raw/pilot_100_fallback_20260801T180205Z/timing/columba/warmup/chr22_100_guide_070/command.txt	566	3e50a90b55d592389b4d53c90eb7f4f4ac764beaebd77db60eb82cbf62079482
raw/pilot_100_fallback_20260801T180205Z/timing/columba/warmup/chr22_100_guide_070/metrics.tsv	293	f0f5ccbd8498170f6855b5e7f8e8ef5be3843b34d635910a539e8269b62204e3
raw/pilot_100_fallback_20260801T180205Z/timing/columba/warmup/chr22_100_guide_070/output.paf	105	555a66e1753526673117e366fb233c844df0cfc38a64971866528e20e52f4ca2
raw/pilot_100_fallback_20260801T180205Z/timing/columba/warmup/chr22_100_guide_070/stderr.txt	94	daf225fd739240830663f4f6fa1add420c3d409ae734e31ecd3e9a98f65456bd
raw/pilot_100_fallback_20260801T180205Z/timing/columba/warmup/chr22_100_guide_071/command.txt	566	cf3d3efc4290dcac6538399bcdb35e7649abd5a1bb77134f82032d399cfc2cd2
raw/pilot_100_fallback_20260801T180205Z/timing/columba/warmup/chr22_100_guide_071/metrics.tsv	292	e99029a5e59167a86cfb1f507aa37607064ce1e5a169d21edb01569ba3850847
raw/pilot_100_fallback_20260801T180205Z/timing/columba/warmup/chr22_100_guide_071/output.paf	105	db50066ab5215e0ab40715d3e84c765c47977eb5d92e2f74fef9a37ee0c19f96
raw/pilot_100_fallback_20260801T180205Z/timing/columba/warmup/chr22_100_guide_071/stderr.txt	0	e3b0c44298fc1c149afbf4c8996fb92427ae41e4649b934ca495991b7852b855
raw/pilot_100_fallback_20260801T180205Z/timing/columba/warmup/chr22_100_guide_072/command.txt	566	094ffe4630fe361070d84d4d80c4f5bbfa18cfafddd156b27194d89d96fd10ea
raw/pilot_100_fallback_20260801T180205Z/timing/columba/warmup/chr22_100_guide_072/metrics.tsv	294	81cfa709edd9a524237e64a058411d537e010d6cdeafabb7bedf0044d08d5517
raw/pilot_100_fallback_20260801T180205Z/timing/columba/warmup/chr22_100_guide_072/output.paf	105	a7389bd954eaa7a8f7c3e448a2ff3a3f4ef011b680d833fad933fd884d099eca
raw/pilot_100_fallback_20260801T180205Z/timing/columba/warmup/chr22_100_guide_072/stderr.txt	282	9b7501725ac0e846ebbf11d00696dd347ff96cf1e9b93286935af165a5a8fa66
raw/pilot_100_fallback_20260801T180205Z/timing/columba/warmup/chr22_100_guide_073/command.txt	566	eba1264cf9013d38525c2d30bcf23d12aa2915d02fc0212879ab1e5d20bb5fc4
raw/pilot_100_fallback_20260801T180205Z/timing/columba/warmup/chr22_100_guide_073/metrics.tsv	293	2edf7ccc43fdec09d1d0ecfafb887e0e71285f540dbbf21b9892b501519e6cc4
raw/pilot_100_fallback_20260801T180205Z/timing/columba/warmup/chr22_100_guide_073/output.paf	105	850390cf00e784716c531f5e64380876ff07596af289e7ba34bc096bff075ecc
raw/pilot_100_fallback_20260801T180205Z/timing/columba/warmup/chr22_100_guide_073/stderr.txt	94	f44e84d998c57621965bbb72ae37ec201bf3185e3f28563924ad182f849d8046
raw/pilot_100_fallback_20260801T180205Z/timing/columba/warmup/chr22_100_guide_074/command.txt	566	1de414c580ca4646dae0aea0ec19ffe2efd70be71594dfa9581396a7bf5bbd4f
raw/pilot_100_fallback_20260801T180205Z/timing/columba/warmup/chr22_100_guide_074/metrics.tsv	298	c8b16a19215a14018f243847c0864e01eaf943287b5c310cefda76431329b478
raw/pilot_100_fallback_20260801T180205Z/timing/columba/warmup/chr22_100_guide_074/output.paf	1529	76a6c31466fe8a92224b497f48d2a2b9c37e70f1819d8dbfb848d4f9edb761fa
raw/pilot_100_fallback_20260801T180205Z/timing/columba/warmup/chr22_100_guide_074/stderr.txt	105419	5d8c3c5262e38d7dcf79bb590cb26e9f2d0dcf06deb7d1592a9870792a22513e
raw/pilot_100_fallback_20260801T180205Z/timing/columba/warmup/chr22_100_guide_075/command.txt	566	98658e1f73bdf5d075e4a24f6a1098b56c3aba0440255c52455a073c4450183d
raw/pilot_100_fallback_20260801T180205Z/timing/columba/warmup/chr22_100_guide_075/metrics.tsv	298	43d090f3b560d534f3278b5a6221b54343f233d46ee90e1d14e199274b3e7f21
raw/pilot_100_fallback_20260801T180205Z/timing/columba/warmup/chr22_100_guide_075/output.paf	70824	8cd88d35a6239e28f2d4fbc087a6b9692a349aea3a2e67d683ea11cc00b840b9
raw/pilot_100_fallback_20260801T180205Z/timing/columba/warmup/chr22_100_guide_075/stderr.txt	99365	ae0d360083b0af56bd11fb704abe24935addb611a3312190e66090cd83bd6649
raw/pilot_100_fallback_20260801T180205Z/timing/columba/warmup/chr22_100_guide_076/command.txt	566	87f7dcb24038b78b26f44b74116c77e21deac72c253eb35c7be0d7648be62d64
raw/pilot_100_fallback_20260801T180205Z/timing/columba/warmup/chr22_100_guide_076/metrics.tsv	298	82112fa3bc50d834256ff3e50ba5291b450af452fbf5881c13b2e03bc5caf7c8
raw/pilot_100_fallback_20260801T180205Z/timing/columba/warmup/chr22_100_guide_076/output.paf	3832	a3708319d6d4098cc051809e3fc924b4e19fa417c7730648eec2d9aff2c6874f
raw/pilot_100_fallback_20260801T180205Z/timing/columba/warmup/chr22_100_guide_076/stderr.txt	226653	cb3d9fed22603537236f05dd51494a2dd8aff4f617ef543b45f73896a1ee5453
raw/pilot_100_fallback_20260801T180205Z/timing/columba/warmup/chr22_100_guide_077/command.txt	566	e9695feb5898e638ab32195c49ff76b873f8dc943737ca1979ee8c1b4ec12301
raw/pilot_100_fallback_20260801T180205Z/timing/columba/warmup/chr22_100_guide_077/metrics.tsv	293	fc9fd83d18eb2770f0ec0a11814396bec75e7ecb403692f2c456557beae599ce
raw/pilot_100_fallback_20260801T180205Z/timing/columba/warmup/chr22_100_guide_077/output.paf	105	e3869c3952dd0b0eb3e37141b1040c6f25b82c4e398011436f2219c75f8febe8
raw/pilot_100_fallback_20260801T180205Z/timing/columba/warmup/chr22_100_guide_077/stderr.txt	94	b9c553e0ccfe2ce660998762584c8775fddbac678c08f7828037c9b6239ea576
raw/pilot_100_fallback_20260801T180205Z/timing/columba/warmup/chr22_100_guide_078/command.txt	566	f9c7351bcc66b75e96ec02ff0802506b5e2eec8a2d9441060693a17c153c38a2
raw/pilot_100_fallback_20260801T180205Z/timing/columba/warmup/chr22_100_guide_078/metrics.tsv	292	c47744a22133e51f060963df6c4b6230059ac7a3a8cac5f7607220d0ed9846cd
raw/pilot_100_fallback_20260801T180205Z/timing/columba/warmup/chr22_100_guide_078/output.paf	105	b32f95b3659bdf5efde0a545c93605a84811e1f51637e98948f88b66e0c918a9
raw/pilot_100_fallback_20260801T180205Z/timing/columba/warmup/chr22_100_guide_078/stderr.txt	0	e3b0c44298fc1c149afbf4c8996fb92427ae41e4649b934ca495991b7852b855
raw/pilot_100_fallback_20260801T180205Z/timing/columba/warmup/chr22_100_guide_079/command.txt	566	8ea7de91065d96cb7237ab072a8256cdc57cdf37a3558a1dd7fd031b56a7bdeb
raw/pilot_100_fallback_20260801T180205Z/timing/columba/warmup/chr22_100_guide_079/metrics.tsv	294	985d72251ee3881ef29c19cb8aa81be38850727687fb3a5f78e4203833debea3
raw/pilot_100_fallback_20260801T180205Z/timing/columba/warmup/chr22_100_guide_079/output.paf	105	3719b9c87eb26bae46571444132aecd72ec6971081ed8592128ac8081655f637
raw/pilot_100_fallback_20260801T180205Z/timing/columba/warmup/chr22_100_guide_079/stderr.txt	188	ba8e3024a8dbd3ab92f3c3efd62af4339a44a56f1d02bd2d31d752a8b26c0e77
raw/pilot_100_fallback_20260801T180205Z/timing/columba/warmup/chr22_100_guide_080/command.txt	566	2d4beb5215dc7bb7ae5ee9b27f218d9dcc93a4842d23a09fe9e71372bcb574ab
raw/pilot_100_fallback_20260801T180205Z/timing/columba/warmup/chr22_100_guide_080/metrics.tsv	293	0b64d0050012b8a5d1d86aac9dfc0e71cba4a8a71efe294272e55fa79099b84d
raw/pilot_100_fallback_20260801T180205Z/timing/columba/warmup/chr22_100_guide_080/output.paf	105	5c9d989f365df1d424483a28cbc77093b089ff7ebee8cd46972f309ff0b6db17
raw/pilot_100_fallback_20260801T180205Z/timing/columba/warmup/chr22_100_guide_080/stderr.txt	94	2f17411719ddcf823a39fa8532b48978e18ea71b4f65cc71e1b1d51840c18def
raw/pilot_100_fallback_20260801T180205Z/timing/columba/warmup/chr22_100_guide_081/command.txt	566	edea278b4b049a5340bb5c50fc2d230e91dcfde3ecd1f021aa9d84b5570318b2
raw/pilot_100_fallback_20260801T180205Z/timing/columba/warmup/chr22_100_guide_081/metrics.tsv	292	a7ef59a426bfce41ce5327814e47b869d428d5044745d7b0290582e7cb99b7b9
raw/pilot_100_fallback_20260801T180205Z/timing/columba/warmup/chr22_100_guide_081/output.paf	105	60f8b2bdc588b6b13527c78acc609879caa8defea9c72ada132dee63d52ad9bf
raw/pilot_100_fallback_20260801T180205Z/timing/columba/warmup/chr22_100_guide_081/stderr.txt	0	e3b0c44298fc1c149afbf4c8996fb92427ae41e4649b934ca495991b7852b855
raw/pilot_100_fallback_20260801T180205Z/timing/columba/warmup/chr22_100_guide_082/command.txt	566	8d8ee63c2dc3597eb4d53ab55f7bd7f259286db993286b37bd5b9449ec608352
raw/pilot_100_fallback_20260801T180205Z/timing/columba/warmup/chr22_100_guide_082/metrics.tsv	292	a1f1d4332d5c196a227d891741992bc59058a66f7dd1eb2df5af5e477de546b1
raw/pilot_100_fallback_20260801T180205Z/timing/columba/warmup/chr22_100_guide_082/output.paf	105	8aa0d629b648d54d65dead9f626b4f79b04416d14abcb761ce6f8afd4c8d5a02
raw/pilot_100_fallback_20260801T180205Z/timing/columba/warmup/chr22_100_guide_082/stderr.txt	0	e3b0c44298fc1c149afbf4c8996fb92427ae41e4649b934ca495991b7852b855
raw/pilot_100_fallback_20260801T180205Z/timing/columba/warmup/chr22_100_guide_083/command.txt	566	265dab80c13692588576635f415fb6f819f737e48546a4f351922e056f63a6d4
raw/pilot_100_fallback_20260801T180205Z/timing/columba/warmup/chr22_100_guide_083/metrics.tsv	295	73b77de8bd79e69223e2f890679eb4735aede3340ef71a04ee2e6c68c861b5b3
raw/pilot_100_fallback_20260801T180205Z/timing/columba/warmup/chr22_100_guide_083/output.paf	105	1da030b92202db00fdf4fa746fa0de1c56a74c6415d7abf8e6e634730c0990ca
raw/pilot_100_fallback_20260801T180205Z/timing/columba/warmup/chr22_100_guide_083/stderr.txt	3477	e8d6de60c3ba05b27001c144755f4d3ad082de5cdf0fdf5e9cf6b7717422195e
raw/pilot_100_fallback_20260801T180205Z/timing/columba/warmup/chr22_100_guide_084/command.txt	566	652cf2a3baf6abf7fca52799913ebc1e19a0496d559a3709599e2e145044eed8
raw/pilot_100_fallback_20260801T180205Z/timing/columba/warmup/chr22_100_guide_084/metrics.tsv	298	6150d4b26256bbc5ad0facdbd10bf4737bc8ea995f7b9c7d40b7c4a895ccdd2f
raw/pilot_100_fallback_20260801T180205Z/timing/columba/warmup/chr22_100_guide_084/output.paf	5945	3d5c5eea17a8aa3a8f994922ea224d56786739f5f0a5310fdde2fb172a35766e
raw/pilot_100_fallback_20260801T180205Z/timing/columba/warmup/chr22_100_guide_084/stderr.txt	152617	2a914062b2e61c0fc83bf7fd2ab17483db18f0ba4c11d5d51cac16a335f4a276
raw/pilot_100_fallback_20260801T180205Z/timing/columba/warmup/chr22_100_guide_085/command.txt	566	c35c3ed68b7b3ec3e66308379e99e66e1aa9e45d56a2aad753bb40f887fb41f7
raw/pilot_100_fallback_20260801T180205Z/timing/columba/warmup/chr22_100_guide_085/metrics.tsv	292	00dbb4795f73d71489cea3540644c3944c506b4b2a14d1f127234f675731ed92
raw/pilot_100_fallback_20260801T180205Z/timing/columba/warmup/chr22_100_guide_085/output.paf	105	886f21508ef43139da65b3307d412b9c43af12390fb60b152be51f2961337117
raw/pilot_100_fallback_20260801T180205Z/timing/columba/warmup/chr22_100_guide_085/stderr.txt	0	e3b0c44298fc1c149afbf4c8996fb92427ae41e4649b934ca495991b7852b855
raw/pilot_100_fallback_20260801T180205Z/timing/columba/warmup/chr22_100_guide_086/command.txt	566	c956abb4db5d46c3fae1578ba5adbeb3e399ad25084a0984a122ca3a62d0db46
raw/pilot_100_fallback_20260801T180205Z/timing/columba/warmup/chr22_100_guide_086/metrics.tsv	294	7808c8dd690d9ba630ad17a5544933925c6314cd8dcaf7dcfa4f74c33179cf78
raw/pilot_100_fallback_20260801T180205Z/timing/columba/warmup/chr22_100_guide_086/output.paf	105	b49d937c3f713b95c07b0df4983659c5531f5062b2c8b309c93edf95c5d33253
raw/pilot_100_fallback_20260801T180205Z/timing/columba/warmup/chr22_100_guide_086/stderr.txt	281	fe8b505978787bbd7a6d3b5268bab52bb800793326eda2f064520359431dd393
raw/pilot_100_fallback_20260801T180205Z/timing/columba/warmup/chr22_100_guide_087/command.txt	566	c1b44b1cfb9abb07528060f7b65b22634376a03df1e64d63dcbd991d5e09bb2e
raw/pilot_100_fallback_20260801T180205Z/timing/columba/warmup/chr22_100_guide_087/metrics.tsv	297	757e65c23b4254f17c680371295a9f5fa849bf74d340bc1dac127e054f20881f
raw/pilot_100_fallback_20260801T180205Z/timing/columba/warmup/chr22_100_guide_087/output.paf	537	7299c25e9e9229b69fae4918dbd7a3d10cf292aa3a5ae9e727231b52918c4ec1
raw/pilot_100_fallback_20260801T180205Z/timing/columba/warmup/chr22_100_guide_087/stderr.txt	124597	e022cf39cf254e9d5e76a228fc4449c3751d849c1fa8e8eb5b7d348ead9de8a8
raw/pilot_100_fallback_20260801T180205Z/timing/columba/warmup/chr22_100_guide_088/command.txt	566	77114703b970f8f9941648271a04fc172d15df91fc3d72635a634db9e68ae78a
raw/pilot_100_fallback_20260801T180205Z/timing/columba/warmup/chr22_100_guide_088/metrics.tsv	294	d0bf10d494b55e8e2b84d2d3e55e7b1e27abba70c16cd09d57817245b5ebaa7f
raw/pilot_100_fallback_20260801T180205Z/timing/columba/warmup/chr22_100_guide_088/output.paf	105	7b9ea615f9aa7e046adebd0e63adf8ebdc63c09e2a683a13ae5b9e9457fd8152
raw/pilot_100_fallback_20260801T180205Z/timing/columba/warmup/chr22_100_guide_088/stderr.txt	282	000abe2ead510b1e81f85058fe4a2422bdd56dfa268e082b10ff250075738f0e
raw/pilot_100_fallback_20260801T180205Z/timing/columba/warmup/chr22_100_guide_089/command.txt	566	cb174a5304d89f52664baefbea68e481d943e4424d74197582aac02b4e4a5d71
raw/pilot_100_fallback_20260801T180205Z/timing/columba/warmup/chr22_100_guide_089/metrics.tsv	293	8c97cee1854b036bd7c258ff745eef37e823b185bd3c757183f335b991a8552e
raw/pilot_100_fallback_20260801T180205Z/timing/columba/warmup/chr22_100_guide_089/output.paf	105	790719bd8847db6a942f261864ea37c0ec15f7a4f400e0bd1eaf31a8e659f354
raw/pilot_100_fallback_20260801T180205Z/timing/columba/warmup/chr22_100_guide_089/stderr.txt	94	5747958b98329bf390adcb88fe0c55df552279978269e4428317edf8497c35fb
raw/pilot_100_fallback_20260801T180205Z/timing/columba/warmup/chr22_100_guide_090/command.txt	566	97804ea5ccea07c7d3140fe3f7f9435d15f4eb14000d76f6dd3e682137d9d481
raw/pilot_100_fallback_20260801T180205Z/timing/columba/warmup/chr22_100_guide_090/metrics.tsv	294	df92c41b0b0156ba2ad3f2ee953d75099b09a6a414dc969c25036dfb9f122525
raw/pilot_100_fallback_20260801T180205Z/timing/columba/warmup/chr22_100_guide_090/output.paf	105	af0e7d04b9032b6ba55a507cdc6196da5e7f3adbce117a38bb6ba2d2fb078cba
raw/pilot_100_fallback_20260801T180205Z/timing/columba/warmup/chr22_100_guide_090/stderr.txt	188	bb969d4b02ddd34c284543e306e202b2336d7575aa86daa3e6466757c09fd92b
raw/pilot_100_fallback_20260801T180205Z/timing/columba/warmup/chr22_100_guide_091/command.txt	566	0d91d0abe127937436cec38cf5c1b8e5e2b01735df65df22d7c6ead878abcfe7
raw/pilot_100_fallback_20260801T180205Z/timing/columba/warmup/chr22_100_guide_091/metrics.tsv	294	e875a69f218ed26a47eef88a1c8289630eae1104f48c680a0e5e96c08467a3f2
raw/pilot_100_fallback_20260801T180205Z/timing/columba/warmup/chr22_100_guide_091/output.paf	214	cf53e5c0ba2549b95ad7cc66f6caa57165a2d7ef971b8448816c1f5189dcba42
raw/pilot_100_fallback_20260801T180205Z/timing/columba/warmup/chr22_100_guide_091/stderr.txt	376	99ee76e9b64774c9369be8a6f72c896db95e3888b9d30ddcbc455b25e12e4601
raw/pilot_100_fallback_20260801T180205Z/timing/columba/warmup/chr22_100_guide_092/command.txt	566	82b6bb884dfe7e6ebafb6087ccdcf199d3657098116bab9bd175a99e58d05f2e
raw/pilot_100_fallback_20260801T180205Z/timing/columba/warmup/chr22_100_guide_092/metrics.tsv	294	1b88293133843edcddb8b0d4002d785e29b7b326582ba65124b1ec7f63846a90
raw/pilot_100_fallback_20260801T180205Z/timing/columba/warmup/chr22_100_guide_092/output.paf	105	36dc22934c7c02b9c1a4043e7fa71e9fab23fac626842ee0233fa0a19e8a4d8d
raw/pilot_100_fallback_20260801T180205Z/timing/columba/warmup/chr22_100_guide_092/stderr.txt	282	f9edfd1414c172b5a32e647be62f7efb9a1867b2825caa326cd197691299ad06
raw/pilot_100_fallback_20260801T180205Z/timing/columba/warmup/chr22_100_guide_093/command.txt	566	75423228da4358cddac92bbb5822ed6e161e55c6642324e65e72684aabe31ab8
raw/pilot_100_fallback_20260801T180205Z/timing/columba/warmup/chr22_100_guide_093/metrics.tsv	293	cdd4095807d1649c9ac0a6b4fcd87c866bec51d99b6404d574e457af5be5be87
raw/pilot_100_fallback_20260801T180205Z/timing/columba/warmup/chr22_100_guide_093/output.paf	105	7c248ba9765e06499bdbdd56fa063150392f57bbcf49d7273e7a34148cb2a14e
raw/pilot_100_fallback_20260801T180205Z/timing/columba/warmup/chr22_100_guide_093/stderr.txt	94	cb99cf2cb5c76fa9de96c7d214883bdebf51068c4cfea4bec3c2c4a8fda8efb1
raw/pilot_100_fallback_20260801T180205Z/timing/columba/warmup/chr22_100_guide_094/command.txt	566	1611a9955c028c9e0b50ffbc9c8be9c9c129b9f18b1fed46ad8dc10176612085
raw/pilot_100_fallback_20260801T180205Z/timing/columba/warmup/chr22_100_guide_094/metrics.tsv	292	27cc22042e495c8795a3ea62b2a57221904a16bd36905ef6d4813c49a77c5680
raw/pilot_100_fallback_20260801T180205Z/timing/columba/warmup/chr22_100_guide_094/output.paf	105	b129ef3c4f85946c1752fcdec67457fbfa137faf10c495dcfb79020726f0093a
raw/pilot_100_fallback_20260801T180205Z/timing/columba/warmup/chr22_100_guide_094/stderr.txt	0	e3b0c44298fc1c149afbf4c8996fb92427ae41e4649b934ca495991b7852b855
raw/pilot_100_fallback_20260801T180205Z/timing/columba/warmup/chr22_100_guide_095/command.txt	566	b23e9caf78828ea66a5e975d497d0672f697b588e38fbc498b22d0d319f91103
raw/pilot_100_fallback_20260801T180205Z/timing/columba/warmup/chr22_100_guide_095/metrics.tsv	293	d210fb62b948b11522912b30fd7a476f7d4bac812cc5fa0b2f306c2c4b22a23d
raw/pilot_100_fallback_20260801T180205Z/timing/columba/warmup/chr22_100_guide_095/output.paf	214	72cfccdb732c7f835e82aebb76ca4186954ee044989d4d3f165c230249e1ab41
raw/pilot_100_fallback_20260801T180205Z/timing/columba/warmup/chr22_100_guide_095/stderr.txt	94	8dd8d8e768aa6c5cd7d90852728b3841c27aebb8dbde3dfbf7f30997ce15d157
raw/pilot_100_fallback_20260801T180205Z/timing/columba/warmup/chr22_100_guide_096/command.txt	566	cc8c07c4d9cdf195933dc528fcd307f7d913356d409af62b2ac24755f5176818
raw/pilot_100_fallback_20260801T180205Z/timing/columba/warmup/chr22_100_guide_096/metrics.tsv	294	18ece608b696ccbcbf097b5423d91098b792111354165bf6f6710ee696020d44
raw/pilot_100_fallback_20260801T180205Z/timing/columba/warmup/chr22_100_guide_096/output.paf	105	66356638d350f202a4fc3653512e2eb61d180a210d3b4874237620fdd88f45ac
raw/pilot_100_fallback_20260801T180205Z/timing/columba/warmup/chr22_100_guide_096/stderr.txt	376	96e1dce767526b5e03b01ea34764f33de2e58653d775c70a8355e05d5d77a707
raw/pilot_100_fallback_20260801T180205Z/timing/columba/warmup/chr22_100_guide_097/command.txt	566	e76b33e28d66a2a0ec64cd64199ca3676d87f6718cfa073c2a38746ce3da45e0
raw/pilot_100_fallback_20260801T180205Z/timing/columba/warmup/chr22_100_guide_097/metrics.tsv	294	61e0550f603cbce7701684edbe6913557e8c257cff561343776b0fb228705e62
raw/pilot_100_fallback_20260801T180205Z/timing/columba/warmup/chr22_100_guide_097/output.paf	105	ec3317eca52cb313be8b742bd84d70d8e9f8f3d3a8dfda83e632d9ec5b3e7472
raw/pilot_100_fallback_20260801T180205Z/timing/columba/warmup/chr22_100_guide_097/stderr.txt	188	c34143c4b66ce37c239db5fc991d73357da56a527f237f74e6df9d61bb22831f
raw/pilot_100_fallback_20260801T180205Z/timing/columba/warmup/chr22_100_guide_098/command.txt	566	0c6937bca66d9f73b75c76533cba8aa0fda72dbd5e7c1807d67919aaf4d88501
raw/pilot_100_fallback_20260801T180205Z/timing/columba/warmup/chr22_100_guide_098/metrics.tsv	296	97af4ddcac5d5a92c4c9cc98f5906ce35b5be8a8a5cb61842cb46b98a006139f
raw/pilot_100_fallback_20260801T180205Z/timing/columba/warmup/chr22_100_guide_098/output.paf	905	a016348f37755f8ce13e2e0e89980f934c47f1ed13f33ce69a965f043799e3ea
raw/pilot_100_fallback_20260801T180205Z/timing/columba/warmup/chr22_100_guide_098/stderr.txt	48723	cf3712505c294ae6537378b91da6f8bca9bb56345e251df5353bc39739d8fd3e
raw/pilot_100_fallback_20260801T180205Z/timing/columba/warmup/chr22_100_guide_099/command.txt	566	68e5ff2b91e061540d057809e486e1c1bacd48d49a503f8c2ca463ad5ca3f6ae
raw/pilot_100_fallback_20260801T180205Z/timing/columba/warmup/chr22_100_guide_099/metrics.tsv	295	a8cb82873326e7c119fb7027d8dd56d58650e198871630a00d73e03512017bc8
raw/pilot_100_fallback_20260801T180205Z/timing/columba/warmup/chr22_100_guide_099/output.paf	404	b00ff7e072d9842bb0b22f9c6466a689c12afe9775188950e97e7229b6dc8e93
raw/pilot_100_fallback_20260801T180205Z/timing/columba/warmup/chr22_100_guide_099/stderr.txt	1312	ff5c429edcc84b2bd2955d16c05ac27a1dc11df3ce849c05a33687f69b642bd8
raw/pilot_100_fallback_20260801T180205Z/timing/columba/warmup/chr22_100_guide_100/command.txt	566	b925859ced49dd9949df5b9ec58d5f62c02c9395b6245f612ec7fc1c15d56407
raw/pilot_100_fallback_20260801T180205Z/timing/columba/warmup/chr22_100_guide_100/metrics.tsv	294	f831bba2808f812c471ea102e86c1fe16f94b57bdf865c24c8fa6abe8eab7072
raw/pilot_100_fallback_20260801T180205Z/timing/columba/warmup/chr22_100_guide_100/output.paf	214	4bb6e4f08a7316ba26ec3e6f894f79070071b55d78d6c1605a50035d0a1d9c79
raw/pilot_100_fallback_20260801T180205Z/timing/columba/warmup/chr22_100_guide_100/stderr.txt	188	43c575a7c9c47d3164a453eb851e84a8842b01388a4b2fe7c9503045ddc887e0
raw/pilot_100_fallback_20260801T180205Z/timing/columba/warmup/stdout.sha256.list	8500	677eee987dee7f6fac1b8a02d33bf05dd27af37548230dd0500f7b073fb47e02
raw/pilot_100_fallback_20260801T180205Z/timing_summary.tsv	504	ac4567c072baee86d2b3811927e48c87354e73f760f9944fafeab978c203ede4
