relative_path	size_bytes	sha256
raw/chr22_100_guides_tux05_20260813T160700Z_timing/batches/timing/baseline/measured_1/batch_001/SUCCESS	0	e3b0c44298fc1c149afbf4c8996fb92427ae41e4649b934ca495991b7852b855
raw/chr22_100_guides_tux05_20260813T160700Z_timing/batches/timing/baseline/measured_1/batch_001/environment.tsv	596	010d9e59720417f4221bc2fd88610dc1baab73aa5032740c0abc19c03ecd4f22
raw/chr22_100_guides_tux05_20260813T160700Z_timing/batches/timing/baseline/measured_1/batch_001/guide_ids.txt	200	ba581f534d9cf8eea3633f7ed01a45aae31a683ec2353abbcef9772e3c9cbb30
raw/chr22_100_guides_tux05_20260813T160700Z_timing/batches/timing/baseline/measured_1/batch_001/guide_order.sha256	300	55f59cbd12fda345d014365e8e8ea33e20e7d07f5d54a0285b853f44af0d9ddd
raw/chr22_100_guides_tux05_20260813T160700Z_timing/batches/timing/baseline/measured_1/batch_001/guide_order.txt	200	6709f75d03dea7edaa077ed235d1e8f9f68df62deeaf9d763202d52fbdc6f20d
raw/chr22_100_guides_tux05_20260813T160700Z_timing/batches/timing/baseline/measured_1/batch_001/guide_results.tsv	2311	ee2b9ffdfb80ea533fe79d7500a329fcf89ad85a3a24c8f7e293241fbb0bb33c
raw/chr22_100_guides_tux05_20260813T160700Z_timing/batches/timing/baseline/measured_1/batch_001/guides/chr22_100_guide_001/command.txt	294	3c9dd3c2caae1a522ea06d5a0d82f82c919b8f6c58f3c7353013c3857d5a052f
raw/chr22_100_guides_tux05_20260813T160700Z_timing/batches/timing/baseline/measured_1/batch_001/guides/chr22_100_guide_001/metrics.tsv	294	e8124811ac7852da0c1dd12c0a2b8a5e9902b856a77bf689c5ed204ddb429b4d
raw/chr22_100_guides_tux05_20260813T160700Z_timing/batches/timing/baseline/measured_1/batch_001/guides/chr22_100_guide_001/output.paf	204	c788efd23026646b4da4b4a94736bffdb6646d5bb82e63ef3b54d008d2d7f496
raw/chr22_100_guides_tux05_20260813T160700Z_timing/batches/timing/baseline/measured_1/batch_001/guides/chr22_100_guide_001/stderr.txt	0	e3b0c44298fc1c149afbf4c8996fb92427ae41e4649b934ca495991b7852b855
raw/chr22_100_guides_tux05_20260813T160700Z_timing/batches/timing/baseline/measured_1/batch_001/guides/chr22_100_guide_002/command.txt	294	ac1b91c9856b4d1a369592cde97c85ea96aa65b6ee4b485a78d333ca081481f5
raw/chr22_100_guides_tux05_20260813T160700Z_timing/batches/timing/baseline/measured_1/batch_001/guides/chr22_100_guide_002/metrics.tsv	295	d17031a5da98f511ee238b600f4f3e502a0215ac835b0057d048d4d54e3bc686
raw/chr22_100_guides_tux05_20260813T160700Z_timing/batches/timing/baseline/measured_1/batch_001/guides/chr22_100_guide_002/output.paf	1648	b6990544da13d962d7f467b1fb67c5261747dba657b1d60c3fb8408d038daca1
raw/chr22_100_guides_tux05_20260813T160700Z_timing/batches/timing/baseline/measured_1/batch_001/guides/chr22_100_guide_002/stderr.txt	0	e3b0c44298fc1c149afbf4c8996fb92427ae41e4649b934ca495991b7852b855
raw/chr22_100_guides_tux05_20260813T160700Z_timing/batches/timing/baseline/measured_1/batch_001/guides/chr22_100_guide_003/command.txt	294	c4ddca4230168cb96406c58fc309ef53915dfc56c8f91bab7db2f5d600eadb61
raw/chr22_100_guides_tux05_20260813T160700Z_timing/batches/timing/baseline/measured_1/batch_001/guides/chr22_100_guide_003/metrics.tsv	295	c0b71911dd12df8b030745298eb6aba057e30ffdca08554c34de965e03698efe
raw/chr22_100_guides_tux05_20260813T160700Z_timing/batches/timing/baseline/measured_1/batch_001/guides/chr22_100_guide_003/output.paf	1678	ccf03cb0d6d8c00fb3db8165e337310508524df7a263eceba59b5c326620e6da
raw/chr22_100_guides_tux05_20260813T160700Z_timing/batches/timing/baseline/measured_1/batch_001/guides/chr22_100_guide_003/stderr.txt	0	e3b0c44298fc1c149afbf4c8996fb92427ae41e4649b934ca495991b7852b855
raw/chr22_100_guides_tux05_20260813T160700Z_timing/batches/timing/baseline/measured_1/batch_001/guides/chr22_100_guide_004/command.txt	294	c77720e1ae0e110fd081574fe1280c106e5deb6b19dc49ed9af5b43be6c815db
raw/chr22_100_guides_tux05_20260813T160700Z_timing/batches/timing/baseline/measured_1/batch_001/guides/chr22_100_guide_004/metrics.tsv	294	26451a1bc266751ce9c4d2ab7b719017ed1d70405a5e8dfcd2a64d868d191bd3
raw/chr22_100_guides_tux05_20260813T160700Z_timing/batches/timing/baseline/measured_1/batch_001/guides/chr22_100_guide_004/output.paf	103	691ce0260ac4ff8426decb079b6ec2efdf4680b3abaced64e9143840bccb9552
raw/chr22_100_guides_tux05_20260813T160700Z_timing/batches/timing/baseline/measured_1/batch_001/guides/chr22_100_guide_004/stderr.txt	0	e3b0c44298fc1c149afbf4c8996fb92427ae41e4649b934ca495991b7852b855
raw/chr22_100_guides_tux05_20260813T160700Z_timing/batches/timing/baseline/measured_1/batch_001/guides/chr22_100_guide_005/command.txt	294	10f8da586140feed8c277b6f2a88768b7554073e8f93d8d096f42428a3b8f22c
raw/chr22_100_guides_tux05_20260813T160700Z_timing/batches/timing/baseline/measured_1/batch_001/guides/chr22_100_guide_005/metrics.tsv	294	37a22a4c1874ba64ad73d2b9650fcb5bfb5f9a60972bfdc35e621026344fce49
raw/chr22_100_guides_tux05_20260813T160700Z_timing/batches/timing/baseline/measured_1/batch_001/guides/chr22_100_guide_005/output.paf	103	95686fb2b7a30116b7ae2cc467351eaaf4c6f25cab6f6b7bc6dcc05f1c409532
raw/chr22_100_guides_tux05_20260813T160700Z_timing/batches/timing/baseline/measured_1/batch_001/guides/chr22_100_guide_005/stderr.txt	0	e3b0c44298fc1c149afbf4c8996fb92427ae41e4649b934ca495991b7852b855
raw/chr22_100_guides_tux05_20260813T160700Z_timing/batches/timing/baseline/measured_1/batch_001/guides/chr22_100_guide_006/command.txt	294	da4c9f00cf2ae8210a9cde92e24246052d2cd69473d23fd11b655dbc72d291c1
raw/chr22_100_guides_tux05_20260813T160700Z_timing/batches/timing/baseline/measured_1/batch_001/guides/chr22_100_guide_006/metrics.tsv	294	3fd792d4e5745a39f3f07a5c0476c14836fd3f49b1c71eb3b446bbcad886b09d
raw/chr22_100_guides_tux05_20260813T160700Z_timing/batches/timing/baseline/measured_1/batch_001/guides/chr22_100_guide_006/output.paf	412	381669eac105895c77936e91601bef5a44b194dce1468388fa6bc22b65e83aab
raw/chr22_100_guides_tux05_20260813T160700Z_timing/batches/timing/baseline/measured_1/batch_001/guides/chr22_100_guide_006/stderr.txt	0	e3b0c44298fc1c149afbf4c8996fb92427ae41e4649b934ca495991b7852b855
raw/chr22_100_guides_tux05_20260813T160700Z_timing/batches/timing/baseline/measured_1/batch_001/guides/chr22_100_guide_007/command.txt	294	50bacb1be8cccd5fb275b2fd3907ca0a162e120704b1105e5cea0fb01801a84e
raw/chr22_100_guides_tux05_20260813T160700Z_timing/batches/timing/baseline/measured_1/batch_001/guides/chr22_100_guide_007/metrics.tsv	295	3b95d630d577a81f2b49c2535aea9a9097537e1d852dd1970eb713dbfd05dee2
raw/chr22_100_guides_tux05_20260813T160700Z_timing/batches/timing/baseline/measured_1/batch_001/guides/chr22_100_guide_007/output.paf	4231	2e1d8ff63d9ef81ef131f76846d45cc86dabea52aaf0f84b984560d7fb17cf87
raw/chr22_100_guides_tux05_20260813T160700Z_timing/batches/timing/baseline/measured_1/batch_001/guides/chr22_100_guide_007/stderr.txt	0	e3b0c44298fc1c149afbf4c8996fb92427ae41e4649b934ca495991b7852b855
raw/chr22_100_guides_tux05_20260813T160700Z_timing/batches/timing/baseline/measured_1/batch_001/guides/chr22_100_guide_008/command.txt	294	990c97030b662290e1a7bcbbd8a01b13fcf1e9e211333ac82e77265d1c0d586a
raw/chr22_100_guides_tux05_20260813T160700Z_timing/batches/timing/baseline/measured_1/batch_001/guides/chr22_100_guide_008/metrics.tsv	295	ea9ca629cf00f85baafe9973715a1c0c838a4cda9a814b8f98cad23aa7c5a6c6
raw/chr22_100_guides_tux05_20260813T160700Z_timing/batches/timing/baseline/measured_1/batch_001/guides/chr22_100_guide_008/output.paf	6952	ba3197353a7a6ca64b2b565ddc20fc1a01f42c2fd9384ac9a21bb08593cedd31
raw/chr22_100_guides_tux05_20260813T160700Z_timing/batches/timing/baseline/measured_1/batch_001/guides/chr22_100_guide_008/stderr.txt	0	e3b0c44298fc1c149afbf4c8996fb92427ae41e4649b934ca495991b7852b855
raw/chr22_100_guides_tux05_20260813T160700Z_timing/batches/timing/baseline/measured_1/batch_001/guides/chr22_100_guide_009/command.txt	294	dbcdedea81db32ffe0c482683a1cf1ebe0a18450b1a4b6df67a28c809836af63
raw/chr22_100_guides_tux05_20260813T160700Z_timing/batches/timing/baseline/measured_1/batch_001/guides/chr22_100_guide_009/metrics.tsv	294	c42e42b4b93a914565b39219a2873aabbed9f033e8bb384039d7e3f18e89d1f9
raw/chr22_100_guides_tux05_20260813T160700Z_timing/batches/timing/baseline/measured_1/batch_001/guides/chr22_100_guide_009/output.paf	212	7ff435e8f2284b0e1155c1c41e547855555c50593735221aa581ff02bbcfd922
raw/chr22_100_guides_tux05_20260813T160700Z_timing/batches/timing/baseline/measured_1/batch_001/guides/chr22_100_guide_009/stderr.txt	0	e3b0c44298fc1c149afbf4c8996fb92427ae41e4649b934ca495991b7852b855
raw/chr22_100_guides_tux05_20260813T160700Z_timing/batches/timing/baseline/measured_1/batch_001/guides/chr22_100_guide_010/command.txt	294	775cbae53afa8ac6f8024c69b63e0a20bd81081a254b7d49ccd876f2ed37fa0a
raw/chr22_100_guides_tux05_20260813T160700Z_timing/batches/timing/baseline/measured_1/batch_001/guides/chr22_100_guide_010/metrics.tsv	295	0a6c22567d15baa97d7ceb85825f89c23789cc826642a0a0dbc24462b5234fa9
raw/chr22_100_guides_tux05_20260813T160700Z_timing/batches/timing/baseline/measured_1/batch_001/guides/chr22_100_guide_010/output.paf	1959	53836549b5871774dbbbbcc7209be7da876564302d97fe0f8699c8af9c7adc03
raw/chr22_100_guides_tux05_20260813T160700Z_timing/batches/timing/baseline/measured_1/batch_001/guides/chr22_100_guide_010/stderr.txt	0	e3b0c44298fc1c149afbf4c8996fb92427ae41e4649b934ca495991b7852b855
raw/chr22_100_guides_tux05_20260813T160700Z_timing/batches/timing/baseline/measured_1/batch_002/SUCCESS	0	e3b0c44298fc1c149afbf4c8996fb92427ae41e4649b934ca495991b7852b855
raw/chr22_100_guides_tux05_20260813T160700Z_timing/batches/timing/baseline/measured_1/batch_002/environment.tsv	596	078b567b95967a90f8e98f6db659a749beba1c5404127c1e3d5e6bdc7e323781
raw/chr22_100_guides_tux05_20260813T160700Z_timing/batches/timing/baseline/measured_1/batch_002/guide_ids.txt	200	7f597a7fc89cfb66cc27ceb0774d511b1281ee64dde393b024769bd512d20a44
raw/chr22_100_guides_tux05_20260813T160700Z_timing/batches/timing/baseline/measured_1/batch_002/guide_order.sha256	300	2cf872773d2b89a4ce4242b2c867b718174c1b402cd32fe58cba581c804e9ce5
raw/chr22_100_guides_tux05_20260813T160700Z_timing/batches/timing/baseline/measured_1/batch_002/guide_order.txt	200	ba2b5880676828c9d19badd2953fabdf53a4d9a6e7e247de0b81b0f20113f298
raw/chr22_100_guides_tux05_20260813T160700Z_timing/batches/timing/baseline/measured_1/batch_002/guide_results.tsv	2307	ff91d9b7257a34eec5eb2a23e75fb19fd6bda7fdb9a8953c276f712ccfdfc71a
raw/chr22_100_guides_tux05_20260813T160700Z_timing/batches/timing/baseline/measured_1/batch_002/guides/chr22_100_guide_011/command.txt	294	ec041b197d026e7d0bfc7de4d6a1c5a24911bbfde28c846ecb9b75eddfde862f
raw/chr22_100_guides_tux05_20260813T160700Z_timing/batches/timing/baseline/measured_1/batch_002/guides/chr22_100_guide_011/metrics.tsv	294	f15c7308aea2179e632abe44085794da5a7250032d00ab50e28dfc66eaf4e20f
raw/chr22_100_guides_tux05_20260813T160700Z_timing/batches/timing/baseline/measured_1/batch_002/guides/chr22_100_guide_011/output.paf	103	951a40369bd86d0839b2d2addecaf6b337cdc3fa4cf552c0d5fd78bef17d3892
raw/chr22_100_guides_tux05_20260813T160700Z_timing/batches/timing/baseline/measured_1/batch_002/guides/chr22_100_guide_011/stderr.txt	0	e3b0c44298fc1c149afbf4c8996fb92427ae41e4649b934ca495991b7852b855
raw/chr22_100_guides_tux05_20260813T160700Z_timing/batches/timing/baseline/measured_1/batch_002/guides/chr22_100_guide_012/command.txt	294	420ea662a1300c0b5690e25414c38b15201576f1edb27f75eba8b717e371b61a
raw/chr22_100_guides_tux05_20260813T160700Z_timing/batches/timing/baseline/measured_1/batch_002/guides/chr22_100_guide_012/metrics.tsv	294	e7c200667753a34cf404c8d682c5a2046c7a2b5c28b3ff5044c3af3e0fa7f68f
raw/chr22_100_guides_tux05_20260813T160700Z_timing/batches/timing/baseline/measured_1/batch_002/guides/chr22_100_guide_012/output.paf	412	f693a92e20748272242c1d8d3a1b90c09e045d71ee219e8daf561a07fcf1b3bf
raw/chr22_100_guides_tux05_20260813T160700Z_timing/batches/timing/baseline/measured_1/batch_002/guides/chr22_100_guide_012/stderr.txt	0	e3b0c44298fc1c149afbf4c8996fb92427ae41e4649b934ca495991b7852b855
raw/chr22_100_guides_tux05_20260813T160700Z_timing/batches/timing/baseline/measured_1/batch_002/guides/chr22_100_guide_013/command.txt	294	a53d6c4cc926c5b12c0bafdf8996ca88a6d2aa0f2edd009af0ded8d7457f93e1
raw/chr22_100_guides_tux05_20260813T160700Z_timing/batches/timing/baseline/measured_1/batch_002/guides/chr22_100_guide_013/metrics.tsv	294	fe9f443b18c19bc747f1e9e79c07ea7b47ac287d75b772437b6f5a5ae8791bf5
raw/chr22_100_guides_tux05_20260813T160700Z_timing/batches/timing/baseline/measured_1/batch_002/guides/chr22_100_guide_013/output.paf	103	d0e1f61006a51712a6e3a7a08a2d9ed9a2e486bf46c47b49e89668b53f2efe69
raw/chr22_100_guides_tux05_20260813T160700Z_timing/batches/timing/baseline/measured_1/batch_002/guides/chr22_100_guide_013/stderr.txt	0	e3b0c44298fc1c149afbf4c8996fb92427ae41e4649b934ca495991b7852b855
raw/chr22_100_guides_tux05_20260813T160700Z_timing/batches/timing/baseline/measured_1/batch_002/guides/chr22_100_guide_014/command.txt	294	c336111c8cddaf21632f527a2078333161c4d19600340dd8d79d4e64570bc3d3
raw/chr22_100_guides_tux05_20260813T160700Z_timing/batches/timing/baseline/measured_1/batch_002/guides/chr22_100_guide_014/metrics.tsv	294	8d04721a02112d06508b18339f36cfacee9ea9325326ddec143360b2c1061c7d
raw/chr22_100_guides_tux05_20260813T160700Z_timing/batches/timing/baseline/measured_1/batch_002/guides/chr22_100_guide_014/output.paf	741	925f7531b43144c3df9f8b8af2b5300653b5bf1807aa7f5ae89249b19e09a0a3
raw/chr22_100_guides_tux05_20260813T160700Z_timing/batches/timing/baseline/measured_1/batch_002/guides/chr22_100_guide_014/stderr.txt	0	e3b0c44298fc1c149afbf4c8996fb92427ae41e4649b934ca495991b7852b855
raw/chr22_100_guides_tux05_20260813T160700Z_timing/batches/timing/baseline/measured_1/batch_002/guides/chr22_100_guide_015/command.txt	294	2ba66460feb1353de7c3c892d2a8be654ee94e229875f5698a19b4ccba569ccf
raw/chr22_100_guides_tux05_20260813T160700Z_timing/batches/timing/baseline/measured_1/batch_002/guides/chr22_100_guide_015/metrics.tsv	294	e11dc6d4bcc94117796c7e63e82daeffa7c4ce2221a8163172740f181c22ee86
raw/chr22_100_guides_tux05_20260813T160700Z_timing/batches/timing/baseline/measured_1/batch_002/guides/chr22_100_guide_015/output.paf	848	5ff8c497c5aee1704e3e04741f1d42a3eb487aed43f83e6b91d0cb05962e2550
raw/chr22_100_guides_tux05_20260813T160700Z_timing/batches/timing/baseline/measured_1/batch_002/guides/chr22_100_guide_015/stderr.txt	0	e3b0c44298fc1c149afbf4c8996fb92427ae41e4649b934ca495991b7852b855
raw/chr22_100_guides_tux05_20260813T160700Z_timing/batches/timing/baseline/measured_1/batch_002/guides/chr22_100_guide_016/command.txt	294	772aa79533fe3ecf996278cb78f0e3113e326f03ff77efde067149452bf2697e
raw/chr22_100_guides_tux05_20260813T160700Z_timing/batches/timing/baseline/measured_1/batch_002/guides/chr22_100_guide_016/metrics.tsv	294	25e831084decc8c901de6ec7389b3e20cd42e8972072aded125a8b86b6c7f04c
raw/chr22_100_guides_tux05_20260813T160700Z_timing/batches/timing/baseline/measured_1/batch_002/guides/chr22_100_guide_016/output.paf	103	664ca84d364b11b722ac1aa282d988cb26faa580c3801fc71e980d0a2785483d
raw/chr22_100_guides_tux05_20260813T160700Z_timing/batches/timing/baseline/measured_1/batch_002/guides/chr22_100_guide_016/stderr.txt	0	e3b0c44298fc1c149afbf4c8996fb92427ae41e4649b934ca495991b7852b855
raw/chr22_100_guides_tux05_20260813T160700Z_timing/batches/timing/baseline/measured_1/batch_002/guides/chr22_100_guide_017/command.txt	294	560d26f3fbe6f983e5e2e97c9d4dfb027d56903041b663659c9ba5e5ae781721
raw/chr22_100_guides_tux05_20260813T160700Z_timing/batches/timing/baseline/measured_1/batch_002/guides/chr22_100_guide_017/metrics.tsv	295	b63eb8de46fb7dba86566fc482cc22cca91a7fbd52aeebb88e59b39c87257c2a
raw/chr22_100_guides_tux05_20260813T160700Z_timing/batches/timing/baseline/measured_1/batch_002/guides/chr22_100_guide_017/output.paf	4426	4c95d8387f96ff01243ac44e2f1d0dbf63d6a1a6ca4b8d60aa617dadfad8712c
raw/chr22_100_guides_tux05_20260813T160700Z_timing/batches/timing/baseline/measured_1/batch_002/guides/chr22_100_guide_017/stderr.txt	0	e3b0c44298fc1c149afbf4c8996fb92427ae41e4649b934ca495991b7852b855
raw/chr22_100_guides_tux05_20260813T160700Z_timing/batches/timing/baseline/measured_1/batch_002/guides/chr22_100_guide_018/command.txt	294	7224fb43ee5448eed9c09401b0cfe7f69ed6562835a4a83b10d1eee2ef974587
raw/chr22_100_guides_tux05_20260813T160700Z_timing/batches/timing/baseline/measured_1/batch_002/guides/chr22_100_guide_018/metrics.tsv	294	a71cc61912c07af2586434f50176a3387ca0bfe11727da598d2b766a6ed37027
raw/chr22_100_guides_tux05_20260813T160700Z_timing/batches/timing/baseline/measured_1/batch_002/guides/chr22_100_guide_018/output.paf	208	5c632dfc921b715b635c61d386497b7131eb4348bb520ea4a5cd13ab53ef1e7a
raw/chr22_100_guides_tux05_20260813T160700Z_timing/batches/timing/baseline/measured_1/batch_002/guides/chr22_100_guide_018/stderr.txt	0	e3b0c44298fc1c149afbf4c8996fb92427ae41e4649b934ca495991b7852b855
raw/chr22_100_guides_tux05_20260813T160700Z_timing/batches/timing/baseline/measured_1/batch_002/guides/chr22_100_guide_019/command.txt	294	d79a2819a01f5b1e3d736eb0ef4ca2c8a03bcf123aab1ad7520ce46df58f9a3b
raw/chr22_100_guides_tux05_20260813T160700Z_timing/batches/timing/baseline/measured_1/batch_002/guides/chr22_100_guide_019/metrics.tsv	294	185084488c8072d58c6133c8b3a756b067d699439f8de04522a844a36db6d4ac
raw/chr22_100_guides_tux05_20260813T160700Z_timing/batches/timing/baseline/measured_1/batch_002/guides/chr22_100_guide_019/output.paf	103	6cdd7ce54810d5bc4f6f9e343cba7e89b5868d4aa230081223fa53049a31ac4f
raw/chr22_100_guides_tux05_20260813T160700Z_timing/batches/timing/baseline/measured_1/batch_002/guides/chr22_100_guide_019/stderr.txt	0	e3b0c44298fc1c149afbf4c8996fb92427ae41e4649b934ca495991b7852b855
raw/chr22_100_guides_tux05_20260813T160700Z_timing/batches/timing/baseline/measured_1/batch_002/guides/chr22_100_guide_020/command.txt	294	f055e8030933a8a94f51fe93c7d86f02aae3be0d3de3ecbfd2b1e089c76053a5
raw/chr22_100_guides_tux05_20260813T160700Z_timing/batches/timing/baseline/measured_1/batch_002/guides/chr22_100_guide_020/metrics.tsv	294	0e2cec5bc932d085ca6cb7cd463588d3a61f2e3e6ef6fb6b31be114fda6a854a
raw/chr22_100_guides_tux05_20260813T160700Z_timing/batches/timing/baseline/measured_1/batch_002/guides/chr22_100_guide_020/output.paf	105	444ff3228a137a38f7153b4f242a69cfa59f508d73251c41aa4006df73b202e7
raw/chr22_100_guides_tux05_20260813T160700Z_timing/batches/timing/baseline/measured_1/batch_002/guides/chr22_100_guide_020/stderr.txt	0	e3b0c44298fc1c149afbf4c8996fb92427ae41e4649b934ca495991b7852b855
raw/chr22_100_guides_tux05_20260813T160700Z_timing/batches/timing/baseline/measured_1/batch_003/SUCCESS	0	e3b0c44298fc1c149afbf4c8996fb92427ae41e4649b934ca495991b7852b855
raw/chr22_100_guides_tux05_20260813T160700Z_timing/batches/timing/baseline/measured_1/batch_003/environment.tsv	596	fdd1220eecaabce638628f30db394be8b75129d121c3a941ba95ffd0379f3542
raw/chr22_100_guides_tux05_20260813T160700Z_timing/batches/timing/baseline/measured_1/batch_003/guide_ids.txt	200	7f4ca67e60caaed7e9e0bad5853508fe81c7096e134107727d3754f80b7b3e5c
raw/chr22_100_guides_tux05_20260813T160700Z_timing/batches/timing/baseline/measured_1/batch_003/guide_order.sha256	300	afac292a97c00a52c7879431d34fedea7cafc435dcbeedeae425bdc5c70b495a
raw/chr22_100_guides_tux05_20260813T160700Z_timing/batches/timing/baseline/measured_1/batch_003/guide_order.txt	200	78c588a2e012ebf2bd83a90248b896a78556e128b5a50348f4a5fb669ebf6de7
raw/chr22_100_guides_tux05_20260813T160700Z_timing/batches/timing/baseline/measured_1/batch_003/guide_results.tsv	2315	1d865ca3b6d67743d916a326488cf77033d864d5d53cd0e3360e5e116840bf52
raw/chr22_100_guides_tux05_20260813T160700Z_timing/batches/timing/baseline/measured_1/batch_003/guides/chr22_100_guide_021/command.txt	294	1b99a1d88f928662479e892a24368bd4df24e6c2c997e2acd21eb46e98dd1ed2
raw/chr22_100_guides_tux05_20260813T160700Z_timing/batches/timing/baseline/measured_1/batch_003/guides/chr22_100_guide_021/metrics.tsv	294	dfab1eccd6d62f4a13ab11371f2c3c46901570517027ec93c9891a44175ab689
raw/chr22_100_guides_tux05_20260813T160700Z_timing/batches/timing/baseline/measured_1/batch_003/guides/chr22_100_guide_021/output.paf	105	70d3142b6438b2233c1a63a2ac833233a13a2d75bf75339f1fccaff2fa81b453
raw/chr22_100_guides_tux05_20260813T160700Z_timing/batches/timing/baseline/measured_1/batch_003/guides/chr22_100_guide_021/stderr.txt	0	e3b0c44298fc1c149afbf4c8996fb92427ae41e4649b934ca495991b7852b855
raw/chr22_100_guides_tux05_20260813T160700Z_timing/batches/timing/baseline/measured_1/batch_003/guides/chr22_100_guide_022/command.txt	294	4285fa805efca82eb86f2589f00efae555afb18d8e32d9244bbb3f82edd26010
raw/chr22_100_guides_tux05_20260813T160700Z_timing/batches/timing/baseline/measured_1/batch_003/guides/chr22_100_guide_022/metrics.tsv	294	aed9e119e4a6b35bd3f0910eb0b399a7ab13358f14d8f3b6854659f1b9c6f424
raw/chr22_100_guides_tux05_20260813T160700Z_timing/batches/timing/baseline/measured_1/batch_003/guides/chr22_100_guide_022/output.paf	105	6b72b7d58a6bb9700568183d8342e8f3bc79c45ffa1f7e46c161effbf9985c5d
raw/chr22_100_guides_tux05_20260813T160700Z_timing/batches/timing/baseline/measured_1/batch_003/guides/chr22_100_guide_022/stderr.txt	0	e3b0c44298fc1c149afbf4c8996fb92427ae41e4649b934ca495991b7852b855
raw/chr22_100_guides_tux05_20260813T160700Z_timing/batches/timing/baseline/measured_1/batch_003/guides/chr22_100_guide_023/command.txt	294	63d6a7b11233a7ab538ffa794d65e01e0631cdd731ad38f8371bcb967e27f683
raw/chr22_100_guides_tux05_20260813T160700Z_timing/batches/timing/baseline/measured_1/batch_003/guides/chr22_100_guide_023/metrics.tsv	296	3daf3570a815ccbca91926df62c0350a23d17ff84fd8a38e6beee07eec4610e0
raw/chr22_100_guides_tux05_20260813T160700Z_timing/batches/timing/baseline/measured_1/batch_003/guides/chr22_100_guide_023/output.paf	16229	7e0733a562ff39a952035404c085b0f497df39eeac4dd3cc052a4de78c8e9cdd
raw/chr22_100_guides_tux05_20260813T160700Z_timing/batches/timing/baseline/measured_1/batch_003/guides/chr22_100_guide_023/stderr.txt	0	e3b0c44298fc1c149afbf4c8996fb92427ae41e4649b934ca495991b7852b855
raw/chr22_100_guides_tux05_20260813T160700Z_timing/batches/timing/baseline/measured_1/batch_003/guides/chr22_100_guide_024/command.txt	294	8631ab0aed677726dc3a51cc3ad1be797493d081b6ca20945ea5f78a3e7711f9
raw/chr22_100_guides_tux05_20260813T160700Z_timing/batches/timing/baseline/measured_1/batch_003/guides/chr22_100_guide_024/metrics.tsv	294	bb01e4dc258485a44ca07d04013a4196127d444c953999af14a8f16d7d3e8f20
raw/chr22_100_guides_tux05_20260813T160700Z_timing/batches/timing/baseline/measured_1/batch_003/guides/chr22_100_guide_024/output.paf	105	d7464b7872231b66a5d5e8b9529462954e8dbe3c50718817fdfc12087ef94681
raw/chr22_100_guides_tux05_20260813T160700Z_timing/batches/timing/baseline/measured_1/batch_003/guides/chr22_100_guide_024/stderr.txt	0	e3b0c44298fc1c149afbf4c8996fb92427ae41e4649b934ca495991b7852b855
raw/chr22_100_guides_tux05_20260813T160700Z_timing/batches/timing/baseline/measured_1/batch_003/guides/chr22_100_guide_025/command.txt	294	7b0b4de8d6f2c517bc1e01da67429cedd929931816cdfc7e0bf2bf93b6572bd2
raw/chr22_100_guides_tux05_20260813T160700Z_timing/batches/timing/baseline/measured_1/batch_003/guides/chr22_100_guide_025/metrics.tsv	296	5051065d6beeb4a6fc6f3bf30622e83a3f37d041c383a4972d357bf1f3befe93
raw/chr22_100_guides_tux05_20260813T160700Z_timing/batches/timing/baseline/measured_1/batch_003/guides/chr22_100_guide_025/output.paf	14317	b22b12dbe3c2c81d9623997bdae8791fafa5bf35117827e8b1112c7ba4f382a1
raw/chr22_100_guides_tux05_20260813T160700Z_timing/batches/timing/baseline/measured_1/batch_003/guides/chr22_100_guide_025/stderr.txt	0	e3b0c44298fc1c149afbf4c8996fb92427ae41e4649b934ca495991b7852b855
raw/chr22_100_guides_tux05_20260813T160700Z_timing/batches/timing/baseline/measured_1/batch_003/guides/chr22_100_guide_026/command.txt	294	c7f0d462d248899e23df6fd43ec68ada7f65c48a3298690ffc9118cf36fc1331
raw/chr22_100_guides_tux05_20260813T160700Z_timing/batches/timing/baseline/measured_1/batch_003/guides/chr22_100_guide_026/metrics.tsv	294	d955bd009c88b0fa7bfcda224a7b8fde5e4555afa4e477e3de128cd06104dfe1
raw/chr22_100_guides_tux05_20260813T160700Z_timing/batches/timing/baseline/measured_1/batch_003/guides/chr22_100_guide_026/output.paf	634	f644a91d8a5c365fe3c7c1c3f30ad178f34333e94f697e1f1e75d0fa64c39923
raw/chr22_100_guides_tux05_20260813T160700Z_timing/batches/timing/baseline/measured_1/batch_003/guides/chr22_100_guide_026/stderr.txt	0	e3b0c44298fc1c149afbf4c8996fb92427ae41e4649b934ca495991b7852b855
raw/chr22_100_guides_tux05_20260813T160700Z_timing/batches/timing/baseline/measured_1/batch_003/guides/chr22_100_guide_027/command.txt	294	fc0fe2595ff80174e466570c8e55bf44154e4f4fa45fc440c59a1eae579f72e9
raw/chr22_100_guides_tux05_20260813T160700Z_timing/batches/timing/baseline/measured_1/batch_003/guides/chr22_100_guide_027/metrics.tsv	294	c233b5699305b4ce91f5f594353357d95648723fd4e81fc2eaec91fe6b33f89e
raw/chr22_100_guides_tux05_20260813T160700Z_timing/batches/timing/baseline/measured_1/batch_003/guides/chr22_100_guide_027/output.paf	210	a7610eb051e87a34826545d10fcf8102943e8611a97a657a33ec94ff2afe4c13
raw/chr22_100_guides_tux05_20260813T160700Z_timing/batches/timing/baseline/measured_1/batch_003/guides/chr22_100_guide_027/stderr.txt	0	e3b0c44298fc1c149afbf4c8996fb92427ae41e4649b934ca495991b7852b855
raw/chr22_100_guides_tux05_20260813T160700Z_timing/batches/timing/baseline/measured_1/batch_003/guides/chr22_100_guide_028/command.txt	294	08c1c652402d4ee24dbd48a6355edb06e1ad4c550877027a6f5e1cb5174e57c0
raw/chr22_100_guides_tux05_20260813T160700Z_timing/batches/timing/baseline/measured_1/batch_003/guides/chr22_100_guide_028/metrics.tsv	295	6f479bf329507eac1d82582baf0667ab7f171a1a8668d3e8e4806d38ab823591
raw/chr22_100_guides_tux05_20260813T160700Z_timing/batches/timing/baseline/measured_1/batch_003/guides/chr22_100_guide_028/output.paf	6200	9838a748f83250618473227cbc2b798e921118551a385e778337b49637186fe3
raw/chr22_100_guides_tux05_20260813T160700Z_timing/batches/timing/baseline/measured_1/batch_003/guides/chr22_100_guide_028/stderr.txt	0	e3b0c44298fc1c149afbf4c8996fb92427ae41e4649b934ca495991b7852b855
raw/chr22_100_guides_tux05_20260813T160700Z_timing/batches/timing/baseline/measured_1/batch_003/guides/chr22_100_guide_029/command.txt	294	05130b2eec9d98a308a30d7a08930031980697335a95bd49519e7923500fc839
raw/chr22_100_guides_tux05_20260813T160700Z_timing/batches/timing/baseline/measured_1/batch_003/guides/chr22_100_guide_029/metrics.tsv	295	a48e8ad9ee7e13416cd52092ad72b070999e5fa850467f9764d2a9a42ef388e8
raw/chr22_100_guides_tux05_20260813T160700Z_timing/batches/timing/baseline/measured_1/batch_003/guides/chr22_100_guide_029/output.paf	5760	fec4266348f400a636b679dea725f0c74e62ee984b07daae005cd78179aa0b16
raw/chr22_100_guides_tux05_20260813T160700Z_timing/batches/timing/baseline/measured_1/batch_003/guides/chr22_100_guide_029/stderr.txt	0	e3b0c44298fc1c149afbf4c8996fb92427ae41e4649b934ca495991b7852b855
raw/chr22_100_guides_tux05_20260813T160700Z_timing/batches/timing/baseline/measured_1/batch_003/guides/chr22_100_guide_030/command.txt	294	d6046b1f1c7e415fb6d9e3e8f220865d80365432877a885096bd13802f644357
raw/chr22_100_guides_tux05_20260813T160700Z_timing/batches/timing/baseline/measured_1/batch_003/guides/chr22_100_guide_030/metrics.tsv	297	bd650ab3f3b598c92d4aa43117b3536cdf9afab00a2ddc5e5829e55b78f206b7
raw/chr22_100_guides_tux05_20260813T160700Z_timing/batches/timing/baseline/measured_1/batch_003/guides/chr22_100_guide_030/output.paf	213162	05b0a21dfecef722640608a4ae56c59ede427d21069ea5c054d3e93ff6e1f572
raw/chr22_100_guides_tux05_20260813T160700Z_timing/batches/timing/baseline/measured_1/batch_003/guides/chr22_100_guide_030/stderr.txt	0	e3b0c44298fc1c149afbf4c8996fb92427ae41e4649b934ca495991b7852b855
raw/chr22_100_guides_tux05_20260813T160700Z_timing/batches/timing/baseline/measured_1/batch_004/SUCCESS	0	e3b0c44298fc1c149afbf4c8996fb92427ae41e4649b934ca495991b7852b855
raw/chr22_100_guides_tux05_20260813T160700Z_timing/batches/timing/baseline/measured_1/batch_004/environment.tsv	596	6d458f423eecbac4c755345a343521edb089767bf1549fe269be71a8a1361b7d
raw/chr22_100_guides_tux05_20260813T160700Z_timing/batches/timing/baseline/measured_1/batch_004/guide_ids.txt	200	02a44a23918390e8ac6ed31c09c6d13d635bc0bd1243ea4c7c8a83fe1ff7ef48
raw/chr22_100_guides_tux05_20260813T160700Z_timing/batches/timing/baseline/measured_1/batch_004/guide_order.sha256	300	0eb3e3625f892f1afe9c5e234c2e97a99cba5521326b8a6244dcd7e023d98460
raw/chr22_100_guides_tux05_20260813T160700Z_timing/batches/timing/baseline/measured_1/batch_004/guide_order.txt	200	e1a6b04f5ac3450e4f642c006ac79eed6fa1ee570573ca418e07defb8d8d49de
raw/chr22_100_guides_tux05_20260813T160700Z_timing/batches/timing/baseline/measured_1/batch_004/guide_results.tsv	2307	db21981b1b25e46421db69572ffc8bb07f810aa57f2339f06fb318ac5651bb2c
raw/chr22_100_guides_tux05_20260813T160700Z_timing/batches/timing/baseline/measured_1/batch_004/guides/chr22_100_guide_031/command.txt	294	693eef8f580bad29fb90062031f52fdbc5d8f96c35819db5ecc8917ec4573712
raw/chr22_100_guides_tux05_20260813T160700Z_timing/batches/timing/baseline/measured_1/batch_004/guides/chr22_100_guide_031/metrics.tsv	294	0d9d6829f32fee592c0b2f984e2cd61a79bb35104d0e23fde0c4fa49fd8b9da0
raw/chr22_100_guides_tux05_20260813T160700Z_timing/batches/timing/baseline/measured_1/batch_004/guides/chr22_100_guide_031/output.paf	105	bcce8596509aa2be4a7f3566961162e72e4443c46ea7cf8fc2c5ffb6cee2780a
raw/chr22_100_guides_tux05_20260813T160700Z_timing/batches/timing/baseline/measured_1/batch_004/guides/chr22_100_guide_031/stderr.txt	0	e3b0c44298fc1c149afbf4c8996fb92427ae41e4649b934ca495991b7852b855
raw/chr22_100_guides_tux05_20260813T160700Z_timing/batches/timing/baseline/measured_1/batch_004/guides/chr22_100_guide_032/command.txt	294	47d4184cede278f2290d530bc61ecebccc01b3d77cf7e8b23f0e34e7358ebac8
raw/chr22_100_guides_tux05_20260813T160700Z_timing/batches/timing/baseline/measured_1/batch_004/guides/chr22_100_guide_032/metrics.tsv	294	14ce1243c2531d0421d2761ea2712eebc51de5653878647d7cccf52ba06c840b
raw/chr22_100_guides_tux05_20260813T160700Z_timing/batches/timing/baseline/measured_1/batch_004/guides/chr22_100_guide_032/output.paf	105	c25a6440be62186e25b0f165358d0d0900b923751f80af6ee5c27f0f29a85af6
raw/chr22_100_guides_tux05_20260813T160700Z_timing/batches/timing/baseline/measured_1/batch_004/guides/chr22_100_guide_032/stderr.txt	0	e3b0c44298fc1c149afbf4c8996fb92427ae41e4649b934ca495991b7852b855
raw/chr22_100_guides_tux05_20260813T160700Z_timing/batches/timing/baseline/measured_1/batch_004/guides/chr22_100_guide_033/command.txt	294	5ddaed3d9b48f38be66cc73ef4c3afc99c493c2620945cc3479410a0e6d067bd
raw/chr22_100_guides_tux05_20260813T160700Z_timing/batches/timing/baseline/measured_1/batch_004/guides/chr22_100_guide_033/metrics.tsv	294	d9cc01662e1311c2292fd510c1c81787980825739477d859a2cd11c9f45bf3a3
raw/chr22_100_guides_tux05_20260813T160700Z_timing/batches/timing/baseline/measured_1/batch_004/guides/chr22_100_guide_033/output.paf	105	0effc63d85fa97f691908ce0321ab857ae6f08fabd2480f35c83ff81e76c9f0e
raw/chr22_100_guides_tux05_20260813T160700Z_timing/batches/timing/baseline/measured_1/batch_004/guides/chr22_100_guide_033/stderr.txt	0	e3b0c44298fc1c149afbf4c8996fb92427ae41e4649b934ca495991b7852b855
raw/chr22_100_guides_tux05_20260813T160700Z_timing/batches/timing/baseline/measured_1/batch_004/guides/chr22_100_guide_034/command.txt	294	629a2abc91d2077d36210614bad36c1d8f0a43a338199e280f50e4642ab300b9
raw/chr22_100_guides_tux05_20260813T160700Z_timing/batches/timing/baseline/measured_1/batch_004/guides/chr22_100_guide_034/metrics.tsv	294	cd0cc884f920edc6cff827bb60e7248a5c4e6c4cf42e5754d64f0c573cd117f9
raw/chr22_100_guides_tux05_20260813T160700Z_timing/batches/timing/baseline/measured_1/batch_004/guides/chr22_100_guide_034/output.paf	105	b799f84402b88ca7eda644ce1b5b5eb56c02b09c04d62fc51c4c70dc76c6b583
raw/chr22_100_guides_tux05_20260813T160700Z_timing/batches/timing/baseline/measured_1/batch_004/guides/chr22_100_guide_034/stderr.txt	0	e3b0c44298fc1c149afbf4c8996fb92427ae41e4649b934ca495991b7852b855
raw/chr22_100_guides_tux05_20260813T160700Z_timing/batches/timing/baseline/measured_1/batch_004/guides/chr22_100_guide_035/command.txt	294	572b21fcd0bff54a92c2059e3467770044774ea934504ff0133e11516c092ca9
raw/chr22_100_guides_tux05_20260813T160700Z_timing/batches/timing/baseline/measured_1/batch_004/guides/chr22_100_guide_035/metrics.tsv	295	34431ccffff199b6dd46a1f45f7f1b11cfb32bbfa5462bb3d54f43d693f65898
raw/chr22_100_guides_tux05_20260813T160700Z_timing/batches/timing/baseline/measured_1/batch_004/guides/chr22_100_guide_035/output.paf	1052	a8dc62675b8071ea431c2a3a7f1b9d1040c76477ab30b8bdab2879c9ac4038dd
raw/chr22_100_guides_tux05_20260813T160700Z_timing/batches/timing/baseline/measured_1/batch_004/guides/chr22_100_guide_035/stderr.txt	0	e3b0c44298fc1c149afbf4c8996fb92427ae41e4649b934ca495991b7852b855
raw/chr22_100_guides_tux05_20260813T160700Z_timing/batches/timing/baseline/measured_1/batch_004/guides/chr22_100_guide_036/command.txt	294	2c592926ffb302755c180ac923ce45607186d9f56450748963197bcf1c18379b
raw/chr22_100_guides_tux05_20260813T160700Z_timing/batches/timing/baseline/measured_1/batch_004/guides/chr22_100_guide_036/metrics.tsv	294	3140a80f1577abc50ae3e308a7e01925aee245c7cddec39e6b2f0a86980ded43
raw/chr22_100_guides_tux05_20260813T160700Z_timing/batches/timing/baseline/measured_1/batch_004/guides/chr22_100_guide_036/output.paf	105	d902219eeefe3ff64202f082d0493776f51eb4ff2b0f1167c0e670f923533dc4
raw/chr22_100_guides_tux05_20260813T160700Z_timing/batches/timing/baseline/measured_1/batch_004/guides/chr22_100_guide_036/stderr.txt	0	e3b0c44298fc1c149afbf4c8996fb92427ae41e4649b934ca495991b7852b855
raw/chr22_100_guides_tux05_20260813T160700Z_timing/batches/timing/baseline/measured_1/batch_004/guides/chr22_100_guide_037/command.txt	294	d8b474a22bbf7f9aa3d8e4d2e999e0f212b5c52353748dd7d1d44f6b01374e89
raw/chr22_100_guides_tux05_20260813T160700Z_timing/batches/timing/baseline/measured_1/batch_004/guides/chr22_100_guide_037/metrics.tsv	294	ad18dadfadf3a47db6621679e14e432ae3608364856be335b8eabe618e3f5820
raw/chr22_100_guides_tux05_20260813T160700Z_timing/batches/timing/baseline/measured_1/batch_004/guides/chr22_100_guide_037/output.paf	105	87a59470956d0b27daf38e5e39ded5e150cdea0e868b3bb38ed13ec71694f010
raw/chr22_100_guides_tux05_20260813T160700Z_timing/batches/timing/baseline/measured_1/batch_004/guides/chr22_100_guide_037/stderr.txt	0	e3b0c44298fc1c149afbf4c8996fb92427ae41e4649b934ca495991b7852b855
raw/chr22_100_guides_tux05_20260813T160700Z_timing/batches/timing/baseline/measured_1/batch_004/guides/chr22_100_guide_038/command.txt	294	80a23b51b3e84bb31bae7ad637147e3fa61a8f18ce53f43c72038a7ceeed3315
raw/chr22_100_guides_tux05_20260813T160700Z_timing/batches/timing/baseline/measured_1/batch_004/guides/chr22_100_guide_038/metrics.tsv	294	c0c042a5cd158ad8f13639182bd1ecbcb76976c201576c82ecd8521102a0fa00
raw/chr22_100_guides_tux05_20260813T160700Z_timing/batches/timing/baseline/measured_1/batch_004/guides/chr22_100_guide_038/output.paf	105	029b4bae64ebbe3decac5715b992bb89ceb0731276cd7cd8566eaca4250537b4
raw/chr22_100_guides_tux05_20260813T160700Z_timing/batches/timing/baseline/measured_1/batch_004/guides/chr22_100_guide_038/stderr.txt	0	e3b0c44298fc1c149afbf4c8996fb92427ae41e4649b934ca495991b7852b855
raw/chr22_100_guides_tux05_20260813T160700Z_timing/batches/timing/baseline/measured_1/batch_004/guides/chr22_100_guide_039/command.txt	294	cb08dfa9ac88aac8e5d6f416396c0186e2b33573f415621294d49bdf2452f448
raw/chr22_100_guides_tux05_20260813T160700Z_timing/batches/timing/baseline/measured_1/batch_004/guides/chr22_100_guide_039/metrics.tsv	294	b87e1f9558525827f8d1c809ce46ac8fcc79c0d29e6674a59e35e7d1e1c8170d
raw/chr22_100_guides_tux05_20260813T160700Z_timing/batches/timing/baseline/measured_1/batch_004/guides/chr22_100_guide_039/output.paf	105	a699d8af011bf9deb858b41d0fae396d8cff7641f7f0fffbf757531340e4d266
raw/chr22_100_guides_tux05_20260813T160700Z_timing/batches/timing/baseline/measured_1/batch_004/guides/chr22_100_guide_039/stderr.txt	0	e3b0c44298fc1c149afbf4c8996fb92427ae41e4649b934ca495991b7852b855
raw/chr22_100_guides_tux05_20260813T160700Z_timing/batches/timing/baseline/measured_1/batch_004/guides/chr22_100_guide_040/command.txt	294	8adf270701d91cfab61c6ffeffbd1480bbb4e72e5b9f5bd31de375a415cedcf2
raw/chr22_100_guides_tux05_20260813T160700Z_timing/batches/timing/baseline/measured_1/batch_004/guides/chr22_100_guide_040/metrics.tsv	294	5a4db0685eda3b89d629d367074d9c332fd6a9f144b6fcf96a5aa4c3b9e86d65
raw/chr22_100_guides_tux05_20260813T160700Z_timing/batches/timing/baseline/measured_1/batch_004/guides/chr22_100_guide_040/output.paf	105	4390a33a35b7293befeadb9fa60eb9d4727d057633aeb9a93007f6581228ca97
raw/chr22_100_guides_tux05_20260813T160700Z_timing/batches/timing/baseline/measured_1/batch_004/guides/chr22_100_guide_040/stderr.txt	0	e3b0c44298fc1c149afbf4c8996fb92427ae41e4649b934ca495991b7852b855
raw/chr22_100_guides_tux05_20260813T160700Z_timing/batches/timing/baseline/measured_1/batch_005/SUCCESS	0	e3b0c44298fc1c149afbf4c8996fb92427ae41e4649b934ca495991b7852b855
raw/chr22_100_guides_tux05_20260813T160700Z_timing/batches/timing/baseline/measured_1/batch_005/environment.tsv	596	bfec391620422e39b746404710977781866920122fb4ae776ebe4b7aeb1ce4ba
raw/chr22_100_guides_tux05_20260813T160700Z_timing/batches/timing/baseline/measured_1/batch_005/guide_ids.txt	200	79abc65bc1cd3a9f4f17f81d96267bf523cd0644719499b8d7b8397b053545cb
raw/chr22_100_guides_tux05_20260813T160700Z_timing/batches/timing/baseline/measured_1/batch_005/guide_order.sha256	300	c0cb0ebf0731d642487a42e823bb422006c9cc3090d43abf86eda57c9bb1225c
raw/chr22_100_guides_tux05_20260813T160700Z_timing/batches/timing/baseline/measured_1/batch_005/guide_order.txt	200	e8a8fcb7af376d12fbea8d6a2f28f243d15cc61a3aa6a4236749228583188c83
raw/chr22_100_guides_tux05_20260813T160700Z_timing/batches/timing/baseline/measured_1/batch_005/guide_results.tsv	2307	b457fc025f4d75ecd378b077c461d1e1562bd6119f600f9c7298af1d59da8527
raw/chr22_100_guides_tux05_20260813T160700Z_timing/batches/timing/baseline/measured_1/batch_005/guides/chr22_100_guide_041/command.txt	294	dfa319b20f24fe263d616fad61f55dd83574613fe1f48d57aedeee7394e941c7
raw/chr22_100_guides_tux05_20260813T160700Z_timing/batches/timing/baseline/measured_1/batch_005/guides/chr22_100_guide_041/metrics.tsv	294	be250550c088a36473725c0f657eae9a9d2d1d350fd0a7e447c6fed713d32c83
raw/chr22_100_guides_tux05_20260813T160700Z_timing/batches/timing/baseline/measured_1/batch_005/guides/chr22_100_guide_041/output.paf	105	3e8108b8109dce3b65881841a62543e3eb3ba821fff9bc76b9b5e43ac8c75d77
raw/chr22_100_guides_tux05_20260813T160700Z_timing/batches/timing/baseline/measured_1/batch_005/guides/chr22_100_guide_041/stderr.txt	0	e3b0c44298fc1c149afbf4c8996fb92427ae41e4649b934ca495991b7852b855
raw/chr22_100_guides_tux05_20260813T160700Z_timing/batches/timing/baseline/measured_1/batch_005/guides/chr22_100_guide_042/command.txt	294	96abb0313e92a07915d6f589f9263d132600ae7ee14a7e1730d434a5f0da2461
raw/chr22_100_guides_tux05_20260813T160700Z_timing/batches/timing/baseline/measured_1/batch_005/guides/chr22_100_guide_042/metrics.tsv	294	8986516b5f6eb70c1b36df41aca31adc3b3d657215fe47e1efe2425f399ea439
raw/chr22_100_guides_tux05_20260813T160700Z_timing/batches/timing/baseline/measured_1/batch_005/guides/chr22_100_guide_042/output.paf	105	5924fcb39f9667884df027edda8f627478be6271057a2d69844c736321e3169f
raw/chr22_100_guides_tux05_20260813T160700Z_timing/batches/timing/baseline/measured_1/batch_005/guides/chr22_100_guide_042/stderr.txt	0	e3b0c44298fc1c149afbf4c8996fb92427ae41e4649b934ca495991b7852b855
raw/chr22_100_guides_tux05_20260813T160700Z_timing/batches/timing/baseline/measured_1/batch_005/guides/chr22_100_guide_043/command.txt	294	79b5fbd3d257c76d6eebd2f1236d853ba5079718a990efa440f7559ae6363efe
raw/chr22_100_guides_tux05_20260813T160700Z_timing/batches/timing/baseline/measured_1/batch_005/guides/chr22_100_guide_043/metrics.tsv	294	152695616e7c6c2ac85f66bb3d698edc0bb1099819af584858dd21fb978a9a7e
raw/chr22_100_guides_tux05_20260813T160700Z_timing/batches/timing/baseline/measured_1/batch_005/guides/chr22_100_guide_043/output.paf	210	453049c36d105d5fc369042ca0ab1a96b8b895a916b5c2f187ec168c02aae659
raw/chr22_100_guides_tux05_20260813T160700Z_timing/batches/timing/baseline/measured_1/batch_005/guides/chr22_100_guide_043/stderr.txt	0	e3b0c44298fc1c149afbf4c8996fb92427ae41e4649b934ca495991b7852b855
raw/chr22_100_guides_tux05_20260813T160700Z_timing/batches/timing/baseline/measured_1/batch_005/guides/chr22_100_guide_044/command.txt	294	9d16446bad9e09137e77ea340ecb55bdbe49974144a814fdf982b8440a122ba6
raw/chr22_100_guides_tux05_20260813T160700Z_timing/batches/timing/baseline/measured_1/batch_005/guides/chr22_100_guide_044/metrics.tsv	294	53723b40fd9ad6576783d168c4ae915b4a84594addf9e52459ff321a357d0f6c
raw/chr22_100_guides_tux05_20260813T160700Z_timing/batches/timing/baseline/measured_1/batch_005/guides/chr22_100_guide_044/output.paf	210	36c01c1a6474ac52f343fae4779e9be3cbc148c72932a20a98d199f0987ceea6
raw/chr22_100_guides_tux05_20260813T160700Z_timing/batches/timing/baseline/measured_1/batch_005/guides/chr22_100_guide_044/stderr.txt	0	e3b0c44298fc1c149afbf4c8996fb92427ae41e4649b934ca495991b7852b855
raw/chr22_100_guides_tux05_20260813T160700Z_timing/batches/timing/baseline/measured_1/batch_005/guides/chr22_100_guide_045/command.txt	294	932faf327a6de7d385c77cb1b86027f1573e252b4e7eec329f051c064d5a7a77
raw/chr22_100_guides_tux05_20260813T160700Z_timing/batches/timing/baseline/measured_1/batch_005/guides/chr22_100_guide_045/metrics.tsv	294	24c5f8cb549a397619e975f2e8f5ec8d073ae2ed356d09888c1074310bb4cd0f
raw/chr22_100_guides_tux05_20260813T160700Z_timing/batches/timing/baseline/measured_1/batch_005/guides/chr22_100_guide_045/output.paf	105	7e528a989c31c40be279492b74efb2b32bbafcb76168ffa5ecf4da003dd2852c
raw/chr22_100_guides_tux05_20260813T160700Z_timing/batches/timing/baseline/measured_1/batch_005/guides/chr22_100_guide_045/stderr.txt	0	e3b0c44298fc1c149afbf4c8996fb92427ae41e4649b934ca495991b7852b855
raw/chr22_100_guides_tux05_20260813T160700Z_timing/batches/timing/baseline/measured_1/batch_005/guides/chr22_100_guide_046/command.txt	294	ea098a871cf5ed68b609f46d3161f13220dee86f9cc95545e1bf9e385864bdb3
raw/chr22_100_guides_tux05_20260813T160700Z_timing/batches/timing/baseline/measured_1/batch_005/guides/chr22_100_guide_046/metrics.tsv	294	05a05931417c9622e52b1723cf9d18d2825150b8300f22e9a8448edb5f6d1e83
raw/chr22_100_guides_tux05_20260813T160700Z_timing/batches/timing/baseline/measured_1/batch_005/guides/chr22_100_guide_046/output.paf	105	714554ca8eac6dff9bf1ea7bcd982ded36f466eaa79bea00a33e12ff4252393b
raw/chr22_100_guides_tux05_20260813T160700Z_timing/batches/timing/baseline/measured_1/batch_005/guides/chr22_100_guide_046/stderr.txt	0	e3b0c44298fc1c149afbf4c8996fb92427ae41e4649b934ca495991b7852b855
raw/chr22_100_guides_tux05_20260813T160700Z_timing/batches/timing/baseline/measured_1/batch_005/guides/chr22_100_guide_047/command.txt	294	7f042f8c22ac9ba4c167b067862850a1e643200b89de78911b9c63d93b6025b3
raw/chr22_100_guides_tux05_20260813T160700Z_timing/batches/timing/baseline/measured_1/batch_005/guides/chr22_100_guide_047/metrics.tsv	294	ac4459dd50557d1181c08f26ce847325d341aa97512e55e78162ad762ca8adc0
raw/chr22_100_guides_tux05_20260813T160700Z_timing/batches/timing/baseline/measured_1/batch_005/guides/chr22_100_guide_047/output.paf	105	ca51411298336dbdfe2d1022ed02e74028dfbcd2e0e397a8224fce4f6017af72
raw/chr22_100_guides_tux05_20260813T160700Z_timing/batches/timing/baseline/measured_1/batch_005/guides/chr22_100_guide_047/stderr.txt	0	e3b0c44298fc1c149afbf4c8996fb92427ae41e4649b934ca495991b7852b855
raw/chr22_100_guides_tux05_20260813T160700Z_timing/batches/timing/baseline/measured_1/batch_005/guides/chr22_100_guide_048/command.txt	294	6d63528c93696e50dd61c6886e11222dafb75a07e913a10177318d640f392864
raw/chr22_100_guides_tux05_20260813T160700Z_timing/batches/timing/baseline/measured_1/batch_005/guides/chr22_100_guide_048/metrics.tsv	294	f8c59f3e2715a9b8c7d924715636e79d8b40db1e3b560c44afca33cbc0aa88c6
raw/chr22_100_guides_tux05_20260813T160700Z_timing/batches/timing/baseline/measured_1/batch_005/guides/chr22_100_guide_048/output.paf	105	bc3b9f3f86cc8bbd34d0a114947da783ee284f28a9a17754f8b3028fd08951a9
raw/chr22_100_guides_tux05_20260813T160700Z_timing/batches/timing/baseline/measured_1/batch_005/guides/chr22_100_guide_048/stderr.txt	0	e3b0c44298fc1c149afbf4c8996fb92427ae41e4649b934ca495991b7852b855
raw/chr22_100_guides_tux05_20260813T160700Z_timing/batches/timing/baseline/measured_1/batch_005/guides/chr22_100_guide_049/command.txt	294	148ef92d077d3db011fd6dc092aa9563e83ab1d80b01803a4260bf48ef8ed6af
raw/chr22_100_guides_tux05_20260813T160700Z_timing/batches/timing/baseline/measured_1/batch_005/guides/chr22_100_guide_049/metrics.tsv	294	b997a92c235ac89459aa330bda1ea3109780cc601a08b212323a65fc53cdc8d7
raw/chr22_100_guides_tux05_20260813T160700Z_timing/batches/timing/baseline/measured_1/batch_005/guides/chr22_100_guide_049/output.paf	325	183882d3a63163e76a98ee38ccfea1b4877101dd283d80328c01c33dcd6c0e0b
raw/chr22_100_guides_tux05_20260813T160700Z_timing/batches/timing/baseline/measured_1/batch_005/guides/chr22_100_guide_049/stderr.txt	0	e3b0c44298fc1c149afbf4c8996fb92427ae41e4649b934ca495991b7852b855
raw/chr22_100_guides_tux05_20260813T160700Z_timing/batches/timing/baseline/measured_1/batch_005/guides/chr22_100_guide_050/command.txt	294	3fa44e0fa05c4187e966ff52e24077fa8f47c8c312421a8444cf5813982de82b
raw/chr22_100_guides_tux05_20260813T160700Z_timing/batches/timing/baseline/measured_1/batch_005/guides/chr22_100_guide_050/metrics.tsv	295	7222255f82d8770a4ada4a3bdb1120c06407208321dcc90f1abc30c9661b4f5e
raw/chr22_100_guides_tux05_20260813T160700Z_timing/batches/timing/baseline/measured_1/batch_005/guides/chr22_100_guide_050/output.paf	1298	d8ae73e599a748f29fbb68ec4a4bad377248fdfede8f8198916013e34dae8d84
raw/chr22_100_guides_tux05_20260813T160700Z_timing/batches/timing/baseline/measured_1/batch_005/guides/chr22_100_guide_050/stderr.txt	0	e3b0c44298fc1c149afbf4c8996fb92427ae41e4649b934ca495991b7852b855
raw/chr22_100_guides_tux05_20260813T160700Z_timing/batches/timing/baseline/measured_1/batch_006/SUCCESS	0	e3b0c44298fc1c149afbf4c8996fb92427ae41e4649b934ca495991b7852b855
raw/chr22_100_guides_tux05_20260813T160700Z_timing/batches/timing/baseline/measured_1/batch_006/environment.tsv	596	8374960bc7b9f7367baa36ed2cc1bb9e13b84d244c0ba00baffd960d0d8da841
raw/chr22_100_guides_tux05_20260813T160700Z_timing/batches/timing/baseline/measured_1/batch_006/guide_ids.txt	200	a907f2343a18b400de9f60c307535ffaff3746888d1360e5a0bcb954b27f9946
raw/chr22_100_guides_tux05_20260813T160700Z_timing/batches/timing/baseline/measured_1/batch_006/guide_order.sha256	300	ae203bac38aadde929bf8bb8d6100faac678d8f3edc51bc965d91e21b82cb2cb
raw/chr22_100_guides_tux05_20260813T160700Z_timing/batches/timing/baseline/measured_1/batch_006/guide_order.txt	200	842bea15c5f602863504c7e0bfc1ecf570352a18a0df093de2fe94f2152c40cb
raw/chr22_100_guides_tux05_20260813T160700Z_timing/batches/timing/baseline/measured_1/batch_006/guide_results.tsv	2308	f5ed7573df821cc71ef44ff31c948154847e826e83b7cd4e5b97b069d1f0be5c
raw/chr22_100_guides_tux05_20260813T160700Z_timing/batches/timing/baseline/measured_1/batch_006/guides/chr22_100_guide_051/command.txt	294	5af4c12fa003152005a27bc15c032da62f1c61c04217ebc0e29abdd59c120dc1
raw/chr22_100_guides_tux05_20260813T160700Z_timing/batches/timing/baseline/measured_1/batch_006/guides/chr22_100_guide_051/metrics.tsv	294	83a9c45680add2b4d245533df2f695ec9be33103e48f6333df95e7aa1acfb15a
raw/chr22_100_guides_tux05_20260813T160700Z_timing/batches/timing/baseline/measured_1/batch_006/guides/chr22_100_guide_051/output.paf	105	14ef5eacd0519bf8d6f3f1e421b2147ce2cef2d89992ac6bc3c0c6493049fd6f
raw/chr22_100_guides_tux05_20260813T160700Z_timing/batches/timing/baseline/measured_1/batch_006/guides/chr22_100_guide_051/stderr.txt	0	e3b0c44298fc1c149afbf4c8996fb92427ae41e4649b934ca495991b7852b855
raw/chr22_100_guides_tux05_20260813T160700Z_timing/batches/timing/baseline/measured_1/batch_006/guides/chr22_100_guide_052/command.txt	294	f3fe74e34b01d9ac38dfe0024c39203f1978fffd58af917db3f61109a32aef69
raw/chr22_100_guides_tux05_20260813T160700Z_timing/batches/timing/baseline/measured_1/batch_006/guides/chr22_100_guide_052/metrics.tsv	294	acd399bc32e2cc1f35557c77e0eaa0864bdd4f57e9b23a0d37d5305df2c92846
raw/chr22_100_guides_tux05_20260813T160700Z_timing/batches/timing/baseline/measured_1/batch_006/guides/chr22_100_guide_052/output.paf	105	b743dcf20b0f8a4d8e1a343b97d48c58a0bc7fc4d1bb2a983a38d2078d740fcd
raw/chr22_100_guides_tux05_20260813T160700Z_timing/batches/timing/baseline/measured_1/batch_006/guides/chr22_100_guide_052/stderr.txt	0	e3b0c44298fc1c149afbf4c8996fb92427ae41e4649b934ca495991b7852b855
raw/chr22_100_guides_tux05_20260813T160700Z_timing/batches/timing/baseline/measured_1/batch_006/guides/chr22_100_guide_053/command.txt	294	8f75a8a484b54c99355f10ad0b3c21abf9131eea3ee68adaf5157d2468cede03
raw/chr22_100_guides_tux05_20260813T160700Z_timing/batches/timing/baseline/measured_1/batch_006/guides/chr22_100_guide_053/metrics.tsv	294	2d1a17d27c53902e88922fa2f3f6c06a30a25275ac64d739452d838b23b3c1d0
raw/chr22_100_guides_tux05_20260813T160700Z_timing/batches/timing/baseline/measured_1/batch_006/guides/chr22_100_guide_053/output.paf	105	7f92fd7dddc708c2b3ec905f92a74e766b81d6ff9eaf13b4dc9c11ff5e96767a
raw/chr22_100_guides_tux05_20260813T160700Z_timing/batches/timing/baseline/measured_1/batch_006/guides/chr22_100_guide_053/stderr.txt	0	e3b0c44298fc1c149afbf4c8996fb92427ae41e4649b934ca495991b7852b855
raw/chr22_100_guides_tux05_20260813T160700Z_timing/batches/timing/baseline/measured_1/batch_006/guides/chr22_100_guide_054/command.txt	294	5a80b33003d5cfd769296f806eddc3e762db87ff6d4ab0f43ebfb1126a2f9768
raw/chr22_100_guides_tux05_20260813T160700Z_timing/batches/timing/baseline/measured_1/batch_006/guides/chr22_100_guide_054/metrics.tsv	295	4121cc7cc037d12903934a1604336e6b6b5c83fa6302d5f15438a0cad4f625eb
raw/chr22_100_guides_tux05_20260813T160700Z_timing/batches/timing/baseline/measured_1/batch_006/guides/chr22_100_guide_054/output.paf	1409	6cbc11eb9208651f05db2d630c407975e4e59caf923a8df7511bdf798321f4a2
raw/chr22_100_guides_tux05_20260813T160700Z_timing/batches/timing/baseline/measured_1/batch_006/guides/chr22_100_guide_054/stderr.txt	0	e3b0c44298fc1c149afbf4c8996fb92427ae41e4649b934ca495991b7852b855
raw/chr22_100_guides_tux05_20260813T160700Z_timing/batches/timing/baseline/measured_1/batch_006/guides/chr22_100_guide_055/command.txt	294	cc423a72a09ba73a6c5c3eb1f4cae213a1cd2f502d4ba36739c7ac518c948896
raw/chr22_100_guides_tux05_20260813T160700Z_timing/batches/timing/baseline/measured_1/batch_006/guides/chr22_100_guide_055/metrics.tsv	294	3b227a8d4f94b2e68a33d77f2d858b799001ff517afc17e11d32ef1aa21e674a
raw/chr22_100_guides_tux05_20260813T160700Z_timing/batches/timing/baseline/measured_1/batch_006/guides/chr22_100_guide_055/output.paf	105	a3d6cd5055990fc10a7f55f785689720f3a06133f1b0f4568f98749ce2751038
raw/chr22_100_guides_tux05_20260813T160700Z_timing/batches/timing/baseline/measured_1/batch_006/guides/chr22_100_guide_055/stderr.txt	0	e3b0c44298fc1c149afbf4c8996fb92427ae41e4649b934ca495991b7852b855
raw/chr22_100_guides_tux05_20260813T160700Z_timing/batches/timing/baseline/measured_1/batch_006/guides/chr22_100_guide_056/command.txt	294	2c1a0e09242686c40da017da57ec8d856ef9e4e4fb021b2d84b7658f4168a769
raw/chr22_100_guides_tux05_20260813T160700Z_timing/batches/timing/baseline/measured_1/batch_006/guides/chr22_100_guide_056/metrics.tsv	294	2724636c141617daa5261e0ef2e34b0c14cdfb74b7863286e6a71ef35f2e69c8
raw/chr22_100_guides_tux05_20260813T160700Z_timing/batches/timing/baseline/measured_1/batch_006/guides/chr22_100_guide_056/output.paf	105	4a6cdc3b90d2775c2496444fab6f836151cd422ec2c82a9bf758cde5414f2417
raw/chr22_100_guides_tux05_20260813T160700Z_timing/batches/timing/baseline/measured_1/batch_006/guides/chr22_100_guide_056/stderr.txt	0	e3b0c44298fc1c149afbf4c8996fb92427ae41e4649b934ca495991b7852b855
raw/chr22_100_guides_tux05_20260813T160700Z_timing/batches/timing/baseline/measured_1/batch_006/guides/chr22_100_guide_057/command.txt	294	4f78aff6fc9fe3c25101e8f164d927838e7bd55167275931099c5df2bc37a2b3
raw/chr22_100_guides_tux05_20260813T160700Z_timing/batches/timing/baseline/measured_1/batch_006/guides/chr22_100_guide_057/metrics.tsv	295	8c8321328cb872687ed1ba097a447d36b2aa157f81f10ccdb57a99b6522b9c80
raw/chr22_100_guides_tux05_20260813T160700Z_timing/batches/timing/baseline/measured_1/batch_006/guides/chr22_100_guide_057/output.paf	5079	ae3ca86ece2af8c1e764664fe6db82d19e2cf8a29fa0a43ffd92b82eda74d3cb
raw/chr22_100_guides_tux05_20260813T160700Z_timing/batches/timing/baseline/measured_1/batch_006/guides/chr22_100_guide_057/stderr.txt	0	e3b0c44298fc1c149afbf4c8996fb92427ae41e4649b934ca495991b7852b855
raw/chr22_100_guides_tux05_20260813T160700Z_timing/batches/timing/baseline/measured_1/batch_006/guides/chr22_100_guide_058/command.txt	294	42e978afa0c20f3f75c3438381894c1d3e831b6024e1178f8413c64b3a1fa7bf
raw/chr22_100_guides_tux05_20260813T160700Z_timing/batches/timing/baseline/measured_1/batch_006/guides/chr22_100_guide_058/metrics.tsv	294	5d28be45e88f4eab60716b4aef7a3b8a203a4ba22423750809f9ca917c331911
raw/chr22_100_guides_tux05_20260813T160700Z_timing/batches/timing/baseline/measured_1/batch_006/guides/chr22_100_guide_058/output.paf	105	b7517a16df61180265ec10a20cb33a003c3ea568992073591f20e96d81391119
raw/chr22_100_guides_tux05_20260813T160700Z_timing/batches/timing/baseline/measured_1/batch_006/guides/chr22_100_guide_058/stderr.txt	0	e3b0c44298fc1c149afbf4c8996fb92427ae41e4649b934ca495991b7852b855
raw/chr22_100_guides_tux05_20260813T160700Z_timing/batches/timing/baseline/measured_1/batch_006/guides/chr22_100_guide_059/command.txt	294	d3ed08a4d85e49c013ef46a16a83336181bb06ba551459de75aa365054b565d4
raw/chr22_100_guides_tux05_20260813T160700Z_timing/batches/timing/baseline/measured_1/batch_006/guides/chr22_100_guide_059/metrics.tsv	294	4427eb55fe2eb6291ee57945c6be7ae51909e8bae10a187c551838b7193076c9
raw/chr22_100_guides_tux05_20260813T160700Z_timing/batches/timing/baseline/measured_1/batch_006/guides/chr22_100_guide_059/output.paf	105	a6e8f7dbe8440152b018e778c86e594c220662576f7388bf74086116bfb557b5
raw/chr22_100_guides_tux05_20260813T160700Z_timing/batches/timing/baseline/measured_1/batch_006/guides/chr22_100_guide_059/stderr.txt	0	e3b0c44298fc1c149afbf4c8996fb92427ae41e4649b934ca495991b7852b855
raw/chr22_100_guides_tux05_20260813T160700Z_timing/batches/timing/baseline/measured_1/batch_006/guides/chr22_100_guide_060/command.txt	294	b6de0bf1b4b24fd7876c63b0d267ce2bafbe4db9f26c7b623196acd7d7f8bde3
raw/chr22_100_guides_tux05_20260813T160700Z_timing/batches/timing/baseline/measured_1/batch_006/guides/chr22_100_guide_060/metrics.tsv	294	0484b6bef5630f424855877864ac3352f616402b03756eb49b71537563a47371
raw/chr22_100_guides_tux05_20260813T160700Z_timing/batches/timing/baseline/measured_1/batch_006/guides/chr22_100_guide_060/output.paf	105	96bacc0c5f62f5ee3cb64d6560e882e64673267447e8714383a4ab744f1c99a8
raw/chr22_100_guides_tux05_20260813T160700Z_timing/batches/timing/baseline/measured_1/batch_006/guides/chr22_100_guide_060/stderr.txt	0	e3b0c44298fc1c149afbf4c8996fb92427ae41e4649b934ca495991b7852b855
raw/chr22_100_guides_tux05_20260813T160700Z_timing/batches/timing/baseline/measured_1/batch_007/SUCCESS	0	e3b0c44298fc1c149afbf4c8996fb92427ae41e4649b934ca495991b7852b855
raw/chr22_100_guides_tux05_20260813T160700Z_timing/batches/timing/baseline/measured_1/batch_007/environment.tsv	596	7550eb85d02fced77e60dd6aaeb41e4ce22ec5dc48892187f45bf253b9fb98cd
raw/chr22_100_guides_tux05_20260813T160700Z_timing/batches/timing/baseline/measured_1/batch_007/guide_ids.txt	200	b97f249a9d901ca09c9b56ad81caef9d872e401da7303876ac6687eb5a39aac5
raw/chr22_100_guides_tux05_20260813T160700Z_timing/batches/timing/baseline/measured_1/batch_007/guide_order.sha256	300	f76eb266082294ec8a732b3de60110e15a47020a430216f824468fcbd94ad7b5
raw/chr22_100_guides_tux05_20260813T160700Z_timing/batches/timing/baseline/measured_1/batch_007/guide_order.txt	200	76ef5be748b92956a32acbcbcdbcf4ee44c4183a9e9ff584da946742f77baf5a
raw/chr22_100_guides_tux05_20260813T160700Z_timing/batches/timing/baseline/measured_1/batch_007/guide_results.tsv	2306	2f7393427754eea9e676f23157cf0be75d8fa08366c750fda9b49ef5149de503
raw/chr22_100_guides_tux05_20260813T160700Z_timing/batches/timing/baseline/measured_1/batch_007/guides/chr22_100_guide_061/command.txt	294	86f836e6f97e0279c74efba63336e64ebcd003b6da19c497e63e193f918a4c3a
raw/chr22_100_guides_tux05_20260813T160700Z_timing/batches/timing/baseline/measured_1/batch_007/guides/chr22_100_guide_061/metrics.tsv	294	54e36ed20dca47c0c5b176f3811b27df8583618cb3b4a7493ea30b1f3d3f9b61
raw/chr22_100_guides_tux05_20260813T160700Z_timing/batches/timing/baseline/measured_1/batch_007/guides/chr22_100_guide_061/output.paf	105	9246314add68bcb309196485353ca32264aa9d97b65d40e3825659e7fa9e07c5
raw/chr22_100_guides_tux05_20260813T160700Z_timing/batches/timing/baseline/measured_1/batch_007/guides/chr22_100_guide_061/stderr.txt	0	e3b0c44298fc1c149afbf4c8996fb92427ae41e4649b934ca495991b7852b855
raw/chr22_100_guides_tux05_20260813T160700Z_timing/batches/timing/baseline/measured_1/batch_007/guides/chr22_100_guide_062/command.txt	294	cd3d0c9d843f95cbad1a96a838539555dfac1c2ce161e885552208ad0e0f5fc8
raw/chr22_100_guides_tux05_20260813T160700Z_timing/batches/timing/baseline/measured_1/batch_007/guides/chr22_100_guide_062/metrics.tsv	294	cf5f679fddc8bb4409ec46d553021e0dcebd8e1c2cac211cd2d4c47b4f73e6d6
raw/chr22_100_guides_tux05_20260813T160700Z_timing/batches/timing/baseline/measured_1/batch_007/guides/chr22_100_guide_062/output.paf	105	4832e7aa711ccdac22496f6cb8a979eec30369c372fca1b6aba1e3edfb12e8a1
raw/chr22_100_guides_tux05_20260813T160700Z_timing/batches/timing/baseline/measured_1/batch_007/guides/chr22_100_guide_062/stderr.txt	0	e3b0c44298fc1c149afbf4c8996fb92427ae41e4649b934ca495991b7852b855
raw/chr22_100_guides_tux05_20260813T160700Z_timing/batches/timing/baseline/measured_1/batch_007/guides/chr22_100_guide_063/command.txt	294	70887f056f4e6c9a7fb8d55aebf6260ff2cacc2988834221b289083a7d8ecd39
raw/chr22_100_guides_tux05_20260813T160700Z_timing/batches/timing/baseline/measured_1/batch_007/guides/chr22_100_guide_063/metrics.tsv	294	4f991fb2c74f5e2eccce917931cbe727595abbb6d7fe0da7d295276692dc0f3c
raw/chr22_100_guides_tux05_20260813T160700Z_timing/batches/timing/baseline/measured_1/batch_007/guides/chr22_100_guide_063/output.paf	105	c4ca7ddc636638d7005d3e187756ba84185296e1c2585b41d0a7a856e2606213
raw/chr22_100_guides_tux05_20260813T160700Z_timing/batches/timing/baseline/measured_1/batch_007/guides/chr22_100_guide_063/stderr.txt	0	e3b0c44298fc1c149afbf4c8996fb92427ae41e4649b934ca495991b7852b855
raw/chr22_100_guides_tux05_20260813T160700Z_timing/batches/timing/baseline/measured_1/batch_007/guides/chr22_100_guide_064/command.txt	294	b1f39b0ebad89619ebac2bc2eb9430e92b5714779333946948e654ec71525f96
raw/chr22_100_guides_tux05_20260813T160700Z_timing/batches/timing/baseline/measured_1/batch_007/guides/chr22_100_guide_064/metrics.tsv	294	7a9586663f0ebec19c4f7f277ca7a300ed8af2905a943bba56bb0af6005a3dae
raw/chr22_100_guides_tux05_20260813T160700Z_timing/batches/timing/baseline/measured_1/batch_007/guides/chr22_100_guide_064/output.paf	105	b38f02456f345d872287da7f74b53691b169eb255cc35d11d103c308c700d2eb
raw/chr22_100_guides_tux05_20260813T160700Z_timing/batches/timing/baseline/measured_1/batch_007/guides/chr22_100_guide_064/stderr.txt	0	e3b0c44298fc1c149afbf4c8996fb92427ae41e4649b934ca495991b7852b855
raw/chr22_100_guides_tux05_20260813T160700Z_timing/batches/timing/baseline/measured_1/batch_007/guides/chr22_100_guide_065/command.txt	294	a0eedbe5dd7aa14b950e4a84b89ccaf07cb94a3edbf045a82b33414a79711c01
raw/chr22_100_guides_tux05_20260813T160700Z_timing/batches/timing/baseline/measured_1/batch_007/guides/chr22_100_guide_065/metrics.tsv	294	90149c955d1e191390f0ffabe41b35db919d5404bd7b2f637a33235dc7b8b37e
raw/chr22_100_guides_tux05_20260813T160700Z_timing/batches/timing/baseline/measured_1/batch_007/guides/chr22_100_guide_065/output.paf	105	4a6f7a313e251182f276be210f99075cb7bfa5275fa278d132ac27df6e713db1
raw/chr22_100_guides_tux05_20260813T160700Z_timing/batches/timing/baseline/measured_1/batch_007/guides/chr22_100_guide_065/stderr.txt	0	e3b0c44298fc1c149afbf4c8996fb92427ae41e4649b934ca495991b7852b855
raw/chr22_100_guides_tux05_20260813T160700Z_timing/batches/timing/baseline/measured_1/batch_007/guides/chr22_100_guide_066/command.txt	294	bccc118f5764efd69b1775580918aecc29aa2fa189f711f88ee05cbd88261375
raw/chr22_100_guides_tux05_20260813T160700Z_timing/batches/timing/baseline/measured_1/batch_007/guides/chr22_100_guide_066/metrics.tsv	294	a9abaf4833543360d841d2974a66331ec9cdece548eff8716453140b4b8c0ed1
raw/chr22_100_guides_tux05_20260813T160700Z_timing/batches/timing/baseline/measured_1/batch_007/guides/chr22_100_guide_066/output.paf	105	4802296ebbba9922a4ece696902be06427691049808ba406ed873a9a4a219f9c
raw/chr22_100_guides_tux05_20260813T160700Z_timing/batches/timing/baseline/measured_1/batch_007/guides/chr22_100_guide_066/stderr.txt	0	e3b0c44298fc1c149afbf4c8996fb92427ae41e4649b934ca495991b7852b855
raw/chr22_100_guides_tux05_20260813T160700Z_timing/batches/timing/baseline/measured_1/batch_007/guides/chr22_100_guide_067/command.txt	294	725e56395656f09ff7d0fce53f985a68b06a7cc2dd6a4e2922101a912c48efd4
raw/chr22_100_guides_tux05_20260813T160700Z_timing/batches/timing/baseline/measured_1/batch_007/guides/chr22_100_guide_067/metrics.tsv	294	37deb3c3537911ec55395dd8aee84245429cd5761104c0b196ace5c24721c5e8
raw/chr22_100_guides_tux05_20260813T160700Z_timing/batches/timing/baseline/measured_1/batch_007/guides/chr22_100_guide_067/output.paf	105	0229a4fc79d3d37ddda05a4910899ff60fcd29aa41d3690d08b235deae1dd329
raw/chr22_100_guides_tux05_20260813T160700Z_timing/batches/timing/baseline/measured_1/batch_007/guides/chr22_100_guide_067/stderr.txt	0	e3b0c44298fc1c149afbf4c8996fb92427ae41e4649b934ca495991b7852b855
raw/chr22_100_guides_tux05_20260813T160700Z_timing/batches/timing/baseline/measured_1/batch_007/guides/chr22_100_guide_068/command.txt	294	5c3b93b11b8e6a74bde0ca874a8c3513b022608ec72102e19b764eda2894281c
raw/chr22_100_guides_tux05_20260813T160700Z_timing/batches/timing/baseline/measured_1/batch_007/guides/chr22_100_guide_068/metrics.tsv	294	527bef5ccfb2990bd54e96fd06ee6534b5bdb92d7697317d008b267c38d58ad0
raw/chr22_100_guides_tux05_20260813T160700Z_timing/batches/timing/baseline/measured_1/batch_007/guides/chr22_100_guide_068/output.paf	214	d39c5b6762aa09453e14f55e106ab300ceb4955ee3d73b381937cbf2220ed042
raw/chr22_100_guides_tux05_20260813T160700Z_timing/batches/timing/baseline/measured_1/batch_007/guides/chr22_100_guide_068/stderr.txt	0	e3b0c44298fc1c149afbf4c8996fb92427ae41e4649b934ca495991b7852b855
raw/chr22_100_guides_tux05_20260813T160700Z_timing/batches/timing/baseline/measured_1/batch_007/guides/chr22_100_guide_069/command.txt	294	99de005df36445fc0cc87e0e7f648b713e285055a4d085232f2faac07be3b277
raw/chr22_100_guides_tux05_20260813T160700Z_timing/batches/timing/baseline/measured_1/batch_007/guides/chr22_100_guide_069/metrics.tsv	294	ad9fbe690d2a5594b4b2a31ecaa3091115e81fdef9f98c6e2d4dce8c856bfca0
raw/chr22_100_guides_tux05_20260813T160700Z_timing/batches/timing/baseline/measured_1/batch_007/guides/chr22_100_guide_069/output.paf	105	77885b288a794217926cbdc3f9557271a5584ca0a3525a33368ba9dfa0f79c36
raw/chr22_100_guides_tux05_20260813T160700Z_timing/batches/timing/baseline/measured_1/batch_007/guides/chr22_100_guide_069/stderr.txt	0	e3b0c44298fc1c149afbf4c8996fb92427ae41e4649b934ca495991b7852b855
raw/chr22_100_guides_tux05_20260813T160700Z_timing/batches/timing/baseline/measured_1/batch_007/guides/chr22_100_guide_070/command.txt	294	8219161a7733a4e4c0488d6c14034deed7894765a0f4a8af2ef1208cbed2db65
raw/chr22_100_guides_tux05_20260813T160700Z_timing/batches/timing/baseline/measured_1/batch_007/guides/chr22_100_guide_070/metrics.tsv	294	33ca542b2a560a51840483f5d29e5913d849653463e8da019f710aac8bf7e5a5
raw/chr22_100_guides_tux05_20260813T160700Z_timing/batches/timing/baseline/measured_1/batch_007/guides/chr22_100_guide_070/output.paf	105	555a66e1753526673117e366fb233c844df0cfc38a64971866528e20e52f4ca2
raw/chr22_100_guides_tux05_20260813T160700Z_timing/batches/timing/baseline/measured_1/batch_007/guides/chr22_100_guide_070/stderr.txt	0	e3b0c44298fc1c149afbf4c8996fb92427ae41e4649b934ca495991b7852b855
raw/chr22_100_guides_tux05_20260813T160700Z_timing/batches/timing/baseline/measured_1/batch_008/SUCCESS	0	e3b0c44298fc1c149afbf4c8996fb92427ae41e4649b934ca495991b7852b855
raw/chr22_100_guides_tux05_20260813T160700Z_timing/batches/timing/baseline/measured_1/batch_008/environment.tsv	596	d79418e3b41bba7e2c8fbcae8d3fcb2c767f4c8900ce071f6c2ebb0c2897ddb0
raw/chr22_100_guides_tux05_20260813T160700Z_timing/batches/timing/baseline/measured_1/batch_008/guide_ids.txt	200	801540108e2b17a50f17f798c25d56eccbefb0b7ba5b152cda706082aaee6639
raw/chr22_100_guides_tux05_20260813T160700Z_timing/batches/timing/baseline/measured_1/batch_008/guide_order.sha256	300	6590cf3d3fb522bd2baaf8b68443ed5ec07471164f670900087ba6674b561028
raw/chr22_100_guides_tux05_20260813T160700Z_timing/batches/timing/baseline/measured_1/batch_008/guide_order.txt	200	beb704c58879da58b9fdec3470b59c9b18c1fbf3fc0d09c20b48965d7c5a52d6
raw/chr22_100_guides_tux05_20260813T160700Z_timing/batches/timing/baseline/measured_1/batch_008/guide_results.tsv	2307	86a044e371a32eb078ba28b7f3156d0ab3f3d6caa640b91909c734a380c6f459
raw/chr22_100_guides_tux05_20260813T160700Z_timing/batches/timing/baseline/measured_1/batch_008/guides/chr22_100_guide_071/command.txt	294	33e1452dc4ab7f77b5c60b48874e08912b2384e40fb648eac1ed52a2b2df65b9
raw/chr22_100_guides_tux05_20260813T160700Z_timing/batches/timing/baseline/measured_1/batch_008/guides/chr22_100_guide_071/metrics.tsv	294	5d5d91af4f1ef720d4a29a0a6f89b58471868b2fbc1682ce32971a5724ea7050
raw/chr22_100_guides_tux05_20260813T160700Z_timing/batches/timing/baseline/measured_1/batch_008/guides/chr22_100_guide_071/output.paf	105	db50066ab5215e0ab40715d3e84c765c47977eb5d92e2f74fef9a37ee0c19f96
raw/chr22_100_guides_tux05_20260813T160700Z_timing/batches/timing/baseline/measured_1/batch_008/guides/chr22_100_guide_071/stderr.txt	0	e3b0c44298fc1c149afbf4c8996fb92427ae41e4649b934ca495991b7852b855
raw/chr22_100_guides_tux05_20260813T160700Z_timing/batches/timing/baseline/measured_1/batch_008/guides/chr22_100_guide_072/command.txt	294	10e3796ef2fbb531f9c0fdf7ed8c3441643f57ef8e1269b561e32d6893dfc208
raw/chr22_100_guides_tux05_20260813T160700Z_timing/batches/timing/baseline/measured_1/batch_008/guides/chr22_100_guide_072/metrics.tsv	294	352d0042768e58417e1ea6f22930773846b6cbc12ce01d6349abbc04d17d650b
raw/chr22_100_guides_tux05_20260813T160700Z_timing/batches/timing/baseline/measured_1/batch_008/guides/chr22_100_guide_072/output.paf	105	a7389bd954eaa7a8f7c3e448a2ff3a3f4ef011b680d833fad933fd884d099eca
raw/chr22_100_guides_tux05_20260813T160700Z_timing/batches/timing/baseline/measured_1/batch_008/guides/chr22_100_guide_072/stderr.txt	0	e3b0c44298fc1c149afbf4c8996fb92427ae41e4649b934ca495991b7852b855
raw/chr22_100_guides_tux05_20260813T160700Z_timing/batches/timing/baseline/measured_1/batch_008/guides/chr22_100_guide_073/command.txt	294	8ddf9d7e2608669e5fd6a1fd8c1335579a510d4d382c7cbc9d99592881f85fae
raw/chr22_100_guides_tux05_20260813T160700Z_timing/batches/timing/baseline/measured_1/batch_008/guides/chr22_100_guide_073/metrics.tsv	294	1d60e04fa45e92a8f1f77b61b3232dbc76288e730e50d018c5d2266798ca2b7e
raw/chr22_100_guides_tux05_20260813T160700Z_timing/batches/timing/baseline/measured_1/batch_008/guides/chr22_100_guide_073/output.paf	105	850390cf00e784716c531f5e64380876ff07596af289e7ba34bc096bff075ecc
raw/chr22_100_guides_tux05_20260813T160700Z_timing/batches/timing/baseline/measured_1/batch_008/guides/chr22_100_guide_073/stderr.txt	0	e3b0c44298fc1c149afbf4c8996fb92427ae41e4649b934ca495991b7852b855
raw/chr22_100_guides_tux05_20260813T160700Z_timing/batches/timing/baseline/measured_1/batch_008/guides/chr22_100_guide_074/command.txt	294	4f2ed744a868ca92e3555a96b060747acf3bae65e2aa2059d9c41153327b3875
raw/chr22_100_guides_tux05_20260813T160700Z_timing/batches/timing/baseline/measured_1/batch_008/guides/chr22_100_guide_074/metrics.tsv	294	a7d5f34b9017917844e5b92e24f87123c58dfe7fc194e11e9a7a7f51b3df594c
raw/chr22_100_guides_tux05_20260813T160700Z_timing/batches/timing/baseline/measured_1/batch_008/guides/chr22_100_guide_074/output.paf	105	1f00016106bffc2ceba39230352e1e4ef914076353527946b8890d37546c25f5
raw/chr22_100_guides_tux05_20260813T160700Z_timing/batches/timing/baseline/measured_1/batch_008/guides/chr22_100_guide_074/stderr.txt	0	e3b0c44298fc1c149afbf4c8996fb92427ae41e4649b934ca495991b7852b855
raw/chr22_100_guides_tux05_20260813T160700Z_timing/batches/timing/baseline/measured_1/batch_008/guides/chr22_100_guide_075/command.txt	294	106f54bec30a40f6f3910a52de5d5c49338a9c5165265e82644929d39c73a88e
raw/chr22_100_guides_tux05_20260813T160700Z_timing/batches/timing/baseline/measured_1/batch_008/guides/chr22_100_guide_075/metrics.tsv	295	e58cbff9b8f36fafce5b4b6ddf8e3013b3d8b52f65763b0b4eb148ca6f9f222f
raw/chr22_100_guides_tux05_20260813T160700Z_timing/batches/timing/baseline/measured_1/batch_008/guides/chr22_100_guide_075/output.paf	6310	71f2239dc8f59ee257b89e03bbb841fd3c2f43e0a0d0682e3ff928f0cebe09c3
raw/chr22_100_guides_tux05_20260813T160700Z_timing/batches/timing/baseline/measured_1/batch_008/guides/chr22_100_guide_075/stderr.txt	0	e3b0c44298fc1c149afbf4c8996fb92427ae41e4649b934ca495991b7852b855
raw/chr22_100_guides_tux05_20260813T160700Z_timing/batches/timing/baseline/measured_1/batch_008/guides/chr22_100_guide_076/command.txt	294	8d83f8807b0ccd9da7fb4667fb7b469fc9d97e3552a7790fb3bf8ee1f800e656
raw/chr22_100_guides_tux05_20260813T160700Z_timing/batches/timing/baseline/measured_1/batch_008/guides/chr22_100_guide_076/metrics.tsv	294	eff23c098906a4b892c1240265d0cffe5bb7ecda606edcaaec8b83c7acef1533
raw/chr22_100_guides_tux05_20260813T160700Z_timing/batches/timing/baseline/measured_1/batch_008/guides/chr22_100_guide_076/output.paf	424	ca193645a2f950677ee819c76deafecf7fc8fd5ddbbdd69ce32b77a0426369d6
raw/chr22_100_guides_tux05_20260813T160700Z_timing/batches/timing/baseline/measured_1/batch_008/guides/chr22_100_guide_076/stderr.txt	0	e3b0c44298fc1c149afbf4c8996fb92427ae41e4649b934ca495991b7852b855
raw/chr22_100_guides_tux05_20260813T160700Z_timing/batches/timing/baseline/measured_1/batch_008/guides/chr22_100_guide_077/command.txt	294	34a4ac4305dad4b70d1972d75cba9cee9734695b32e7b9eed5101f6ddda4eb4d
raw/chr22_100_guides_tux05_20260813T160700Z_timing/batches/timing/baseline/measured_1/batch_008/guides/chr22_100_guide_077/metrics.tsv	294	e1a6fc538f439ad3f84a2aef264522014a7fd0c53cedc71062e0a7f568e8879d
raw/chr22_100_guides_tux05_20260813T160700Z_timing/batches/timing/baseline/measured_1/batch_008/guides/chr22_100_guide_077/output.paf	105	e3869c3952dd0b0eb3e37141b1040c6f25b82c4e398011436f2219c75f8febe8
raw/chr22_100_guides_tux05_20260813T160700Z_timing/batches/timing/baseline/measured_1/batch_008/guides/chr22_100_guide_077/stderr.txt	0	e3b0c44298fc1c149afbf4c8996fb92427ae41e4649b934ca495991b7852b855
raw/chr22_100_guides_tux05_20260813T160700Z_timing/batches/timing/baseline/measured_1/batch_008/guides/chr22_100_guide_078/command.txt	294	faa9aba2aac1781a334c68e83706090c78953cbac5ad46232eef3388cea4039c
raw/chr22_100_guides_tux05_20260813T160700Z_timing/batches/timing/baseline/measured_1/batch_008/guides/chr22_100_guide_078/metrics.tsv	294	3727eb0b4da6c3ce0df680cb7139d5671dce70a2992df2bb3101590063ee3ec8
raw/chr22_100_guides_tux05_20260813T160700Z_timing/batches/timing/baseline/measured_1/batch_008/guides/chr22_100_guide_078/output.paf	105	b32f95b3659bdf5efde0a545c93605a84811e1f51637e98948f88b66e0c918a9
raw/chr22_100_guides_tux05_20260813T160700Z_timing/batches/timing/baseline/measured_1/batch_008/guides/chr22_100_guide_078/stderr.txt	0	e3b0c44298fc1c149afbf4c8996fb92427ae41e4649b934ca495991b7852b855
raw/chr22_100_guides_tux05_20260813T160700Z_timing/batches/timing/baseline/measured_1/batch_008/guides/chr22_100_guide_079/command.txt	294	45b239768da0457701c80edb9be4e94b086d4979b752d49c90045db0a0cd4f14
raw/chr22_100_guides_tux05_20260813T160700Z_timing/batches/timing/baseline/measured_1/batch_008/guides/chr22_100_guide_079/metrics.tsv	294	6dfbcc1ff8fd9307cb24f9a238375010552a50ffeebaac64e1a07fc74f54b5d0
raw/chr22_100_guides_tux05_20260813T160700Z_timing/batches/timing/baseline/measured_1/batch_008/guides/chr22_100_guide_079/output.paf	105	3719b9c87eb26bae46571444132aecd72ec6971081ed8592128ac8081655f637
raw/chr22_100_guides_tux05_20260813T160700Z_timing/batches/timing/baseline/measured_1/batch_008/guides/chr22_100_guide_079/stderr.txt	0	e3b0c44298fc1c149afbf4c8996fb92427ae41e4649b934ca495991b7852b855
raw/chr22_100_guides_tux05_20260813T160700Z_timing/batches/timing/baseline/measured_1/batch_008/guides/chr22_100_guide_080/command.txt	294	d49e476f53b0190d2dbd332662213cd0421dff8a329bee086cf07e15d7f97704
raw/chr22_100_guides_tux05_20260813T160700Z_timing/batches/timing/baseline/measured_1/batch_008/guides/chr22_100_guide_080/metrics.tsv	294	fa194df2e7e73e245fb050a6893540131ea61efbac73bc1b537b876c260e9992
raw/chr22_100_guides_tux05_20260813T160700Z_timing/batches/timing/baseline/measured_1/batch_008/guides/chr22_100_guide_080/output.paf	105	5c9d989f365df1d424483a28cbc77093b089ff7ebee8cd46972f309ff0b6db17
raw/chr22_100_guides_tux05_20260813T160700Z_timing/batches/timing/baseline/measured_1/batch_008/guides/chr22_100_guide_080/stderr.txt	0	e3b0c44298fc1c149afbf4c8996fb92427ae41e4649b934ca495991b7852b855
raw/chr22_100_guides_tux05_20260813T160700Z_timing/batches/timing/baseline/measured_1/batch_009/SUCCESS	0	e3b0c44298fc1c149afbf4c8996fb92427ae41e4649b934ca495991b7852b855
raw/chr22_100_guides_tux05_20260813T160700Z_timing/batches/timing/baseline/measured_1/batch_009/environment.tsv	596	c67d13f7ca131805c082616cd67c8269430e8b2fc0d5971de3cd3a5d7b90a1cf
raw/chr22_100_guides_tux05_20260813T160700Z_timing/batches/timing/baseline/measured_1/batch_009/guide_ids.txt	200	349871b67172ca8ab39f5f82fe8bce71de0eb2d3c0082f2e5cc1b2e262a4b783
raw/chr22_100_guides_tux05_20260813T160700Z_timing/batches/timing/baseline/measured_1/batch_009/guide_order.sha256	300	887f105770de3f4d2e6ada4dd38ee093440bd0a457ec796983b516a71776c8b4
raw/chr22_100_guides_tux05_20260813T160700Z_timing/batches/timing/baseline/measured_1/batch_009/guide_order.txt	200	0e91a245ab431804fba7329599c21dcdd6d4dd38cd2a8d12bec8dc4241660054
raw/chr22_100_guides_tux05_20260813T160700Z_timing/batches/timing/baseline/measured_1/batch_009/guide_results.tsv	2306	d98a9cf05cb76d4caa25ae0ec66d6778367bf697310859d4cbea469c8d208074
raw/chr22_100_guides_tux05_20260813T160700Z_timing/batches/timing/baseline/measured_1/batch_009/guides/chr22_100_guide_081/command.txt	294	5afa740561bc893dab0d8638897114fc63396b5fecdf28cdddab3db337bc2cc2
raw/chr22_100_guides_tux05_20260813T160700Z_timing/batches/timing/baseline/measured_1/batch_009/guides/chr22_100_guide_081/metrics.tsv	294	08db02179f2cb0b9e63c2aa3db76779e479e63972459faf6a277ac74ebfcad56
raw/chr22_100_guides_tux05_20260813T160700Z_timing/batches/timing/baseline/measured_1/batch_009/guides/chr22_100_guide_081/output.paf	105	60f8b2bdc588b6b13527c78acc609879caa8defea9c72ada132dee63d52ad9bf
raw/chr22_100_guides_tux05_20260813T160700Z_timing/batches/timing/baseline/measured_1/batch_009/guides/chr22_100_guide_081/stderr.txt	0	e3b0c44298fc1c149afbf4c8996fb92427ae41e4649b934ca495991b7852b855
raw/chr22_100_guides_tux05_20260813T160700Z_timing/batches/timing/baseline/measured_1/batch_009/guides/chr22_100_guide_082/command.txt	294	c5eb9cf68dbf3fb168355c780ea930c057ba1147a70e43e2e8d87d137c55b8c4
raw/chr22_100_guides_tux05_20260813T160700Z_timing/batches/timing/baseline/measured_1/batch_009/guides/chr22_100_guide_082/metrics.tsv	294	ac4efa435dceec26c5dcbaaaa586d6353bbbb38feb0132da876eed4f7cd64cb0
raw/chr22_100_guides_tux05_20260813T160700Z_timing/batches/timing/baseline/measured_1/batch_009/guides/chr22_100_guide_082/output.paf	105	8aa0d629b648d54d65dead9f626b4f79b04416d14abcb761ce6f8afd4c8d5a02
raw/chr22_100_guides_tux05_20260813T160700Z_timing/batches/timing/baseline/measured_1/batch_009/guides/chr22_100_guide_082/stderr.txt	0	e3b0c44298fc1c149afbf4c8996fb92427ae41e4649b934ca495991b7852b855
raw/chr22_100_guides_tux05_20260813T160700Z_timing/batches/timing/baseline/measured_1/batch_009/guides/chr22_100_guide_083/command.txt	294	3416ca0a99f0208ab1ce747521d78a2ac75be8410b274f3d6925da2201613f82
raw/chr22_100_guides_tux05_20260813T160700Z_timing/batches/timing/baseline/measured_1/batch_009/guides/chr22_100_guide_083/metrics.tsv	294	7dc0fb570dad92a5155d199e7e4b6e59fea241ffd7d2cbd5b2fcdaa3231255d1
raw/chr22_100_guides_tux05_20260813T160700Z_timing/batches/timing/baseline/measured_1/batch_009/guides/chr22_100_guide_083/output.paf	105	1da030b92202db00fdf4fa746fa0de1c56a74c6415d7abf8e6e634730c0990ca
raw/chr22_100_guides_tux05_20260813T160700Z_timing/batches/timing/baseline/measured_1/batch_009/guides/chr22_100_guide_083/stderr.txt	0	e3b0c44298fc1c149afbf4c8996fb92427ae41e4649b934ca495991b7852b855
raw/chr22_100_guides_tux05_20260813T160700Z_timing/batches/timing/baseline/measured_1/batch_009/guides/chr22_100_guide_084/command.txt	294	46bdd25b56b30de4d3bf5825476b1e2ce5a25e059c364c2f402dde24c86be485
raw/chr22_100_guides_tux05_20260813T160700Z_timing/batches/timing/baseline/measured_1/batch_009/guides/chr22_100_guide_084/metrics.tsv	294	0aaccced1368c10744535f1044b5f830a95fe7ca5cccefef1abe60352384fcf8
raw/chr22_100_guides_tux05_20260813T160700Z_timing/batches/timing/baseline/measured_1/batch_009/guides/chr22_100_guide_084/output.paf	529	c8420dc291eb0f976f276d62a4f033b79c9304d06df7d3335d344d7082a0558b
raw/chr22_100_guides_tux05_20260813T160700Z_timing/batches/timing/baseline/measured_1/batch_009/guides/chr22_100_guide_084/stderr.txt	0	e3b0c44298fc1c149afbf4c8996fb92427ae41e4649b934ca495991b7852b855
raw/chr22_100_guides_tux05_20260813T160700Z_timing/batches/timing/baseline/measured_1/batch_009/guides/chr22_100_guide_085/command.txt	294	4c66d15d09fe32c5dde11c67e94daef15b4ac44f8d863f8e536dee9575262581
raw/chr22_100_guides_tux05_20260813T160700Z_timing/batches/timing/baseline/measured_1/batch_009/guides/chr22_100_guide_085/metrics.tsv	294	d422442c6a4c530eef0dd1abbae4ea3bf0c16c1332e9a2d09b9f8629ac43accb
raw/chr22_100_guides_tux05_20260813T160700Z_timing/batches/timing/baseline/measured_1/batch_009/guides/chr22_100_guide_085/output.paf	105	886f21508ef43139da65b3307d412b9c43af12390fb60b152be51f2961337117
raw/chr22_100_guides_tux05_20260813T160700Z_timing/batches/timing/baseline/measured_1/batch_009/guides/chr22_100_guide_085/stderr.txt	0	e3b0c44298fc1c149afbf4c8996fb92427ae41e4649b934ca495991b7852b855
raw/chr22_100_guides_tux05_20260813T160700Z_timing/batches/timing/baseline/measured_1/batch_009/guides/chr22_100_guide_086/command.txt	294	3444740aa026e2ab6eb56d5a9baf76db9c61248ef6a3591ad24e819f87449dd2
raw/chr22_100_guides_tux05_20260813T160700Z_timing/batches/timing/baseline/measured_1/batch_009/guides/chr22_100_guide_086/metrics.tsv	294	5142ba040cbf6e35ff52107726f757510defdd3104e960cf92136469379326af
raw/chr22_100_guides_tux05_20260813T160700Z_timing/batches/timing/baseline/measured_1/batch_009/guides/chr22_100_guide_086/output.paf	105	b49d937c3f713b95c07b0df4983659c5531f5062b2c8b309c93edf95c5d33253
raw/chr22_100_guides_tux05_20260813T160700Z_timing/batches/timing/baseline/measured_1/batch_009/guides/chr22_100_guide_086/stderr.txt	0	e3b0c44298fc1c149afbf4c8996fb92427ae41e4649b934ca495991b7852b855
raw/chr22_100_guides_tux05_20260813T160700Z_timing/batches/timing/baseline/measured_1/batch_009/guides/chr22_100_guide_087/command.txt	294	a1b16959df12ab6a2ad59ee79b067084b78b8dfc3f3550eaf89da1643c0125bb
raw/chr22_100_guides_tux05_20260813T160700Z_timing/batches/timing/baseline/measured_1/batch_009/guides/chr22_100_guide_087/metrics.tsv	294	0bf28cd68c9f7832db6e9e9f92c84233f8c4715e0c843c214c77f0e8fee8cf47
raw/chr22_100_guides_tux05_20260813T160700Z_timing/batches/timing/baseline/measured_1/batch_009/guides/chr22_100_guide_087/output.paf	323	9a84143c1c0ae741457654eac03a337269c00cb43411a6b54461fbe5949d0b50
raw/chr22_100_guides_tux05_20260813T160700Z_timing/batches/timing/baseline/measured_1/batch_009/guides/chr22_100_guide_087/stderr.txt	0	e3b0c44298fc1c149afbf4c8996fb92427ae41e4649b934ca495991b7852b855
raw/chr22_100_guides_tux05_20260813T160700Z_timing/batches/timing/baseline/measured_1/batch_009/guides/chr22_100_guide_088/command.txt	294	f2a3f6a07ebd08e30cb34865d37ac2ff7605d082f83307f44be0f061bf9cf833
raw/chr22_100_guides_tux05_20260813T160700Z_timing/batches/timing/baseline/measured_1/batch_009/guides/chr22_100_guide_088/metrics.tsv	294	0f8b6cd091b8c6c742745fc188e22cf0392eb7df25ba9e357b2d9782b378a540
raw/chr22_100_guides_tux05_20260813T160700Z_timing/batches/timing/baseline/measured_1/batch_009/guides/chr22_100_guide_088/output.paf	105	7b9ea615f9aa7e046adebd0e63adf8ebdc63c09e2a683a13ae5b9e9457fd8152
raw/chr22_100_guides_tux05_20260813T160700Z_timing/batches/timing/baseline/measured_1/batch_009/guides/chr22_100_guide_088/stderr.txt	0	e3b0c44298fc1c149afbf4c8996fb92427ae41e4649b934ca495991b7852b855
raw/chr22_100_guides_tux05_20260813T160700Z_timing/batches/timing/baseline/measured_1/batch_009/guides/chr22_100_guide_089/command.txt	294	297f847c9990d3327a7342e31559525404718dbc102c79b8455441154a68860a
raw/chr22_100_guides_tux05_20260813T160700Z_timing/batches/timing/baseline/measured_1/batch_009/guides/chr22_100_guide_089/metrics.tsv	294	9405752c6638e0c2ed7464a62dc8f38e5e8da81110a1a709596710eb0f6cfb6a
raw/chr22_100_guides_tux05_20260813T160700Z_timing/batches/timing/baseline/measured_1/batch_009/guides/chr22_100_guide_089/output.paf	105	790719bd8847db6a942f261864ea37c0ec15f7a4f400e0bd1eaf31a8e659f354
raw/chr22_100_guides_tux05_20260813T160700Z_timing/batches/timing/baseline/measured_1/batch_009/guides/chr22_100_guide_089/stderr.txt	0	e3b0c44298fc1c149afbf4c8996fb92427ae41e4649b934ca495991b7852b855
raw/chr22_100_guides_tux05_20260813T160700Z_timing/batches/timing/baseline/measured_1/batch_009/guides/chr22_100_guide_090/command.txt	294	62baeecbbbb7cb1beb1a7fa0a280e6cdc608f5fcbc06c89131f328c82cad3b88
raw/chr22_100_guides_tux05_20260813T160700Z_timing/batches/timing/baseline/measured_1/batch_009/guides/chr22_100_guide_090/metrics.tsv	294	9553d5be44bc39f9012ecd3b62f1b5a8e9911612e84d4181410cbcd2f310484f
raw/chr22_100_guides_tux05_20260813T160700Z_timing/batches/timing/baseline/measured_1/batch_009/guides/chr22_100_guide_090/output.paf	105	af0e7d04b9032b6ba55a507cdc6196da5e7f3adbce117a38bb6ba2d2fb078cba
raw/chr22_100_guides_tux05_20260813T160700Z_timing/batches/timing/baseline/measured_1/batch_009/guides/chr22_100_guide_090/stderr.txt	0	e3b0c44298fc1c149afbf4c8996fb92427ae41e4649b934ca495991b7852b855
raw/chr22_100_guides_tux05_20260813T160700Z_timing/batches/timing/baseline/measured_1/batch_010/SUCCESS	0	e3b0c44298fc1c149afbf4c8996fb92427ae41e4649b934ca495991b7852b855
raw/chr22_100_guides_tux05_20260813T160700Z_timing/batches/timing/baseline/measured_1/batch_010/environment.tsv	597	3be455d54acec30e49d436435d464f8e973d00291b0241e837b7f4b359a07754
raw/chr22_100_guides_tux05_20260813T160700Z_timing/batches/timing/baseline/measured_1/batch_010/guide_ids.txt	200	4525fc494a343a6cfdb60f314309ba44676cfcc90d686d3f2ff3b2fe74e5566d
raw/chr22_100_guides_tux05_20260813T160700Z_timing/batches/timing/baseline/measured_1/batch_010/guide_order.sha256	300	427939d79a0c6e1967c7215e6f05a4d0c667908279d3130e2c57cdc6731d0a5b
raw/chr22_100_guides_tux05_20260813T160700Z_timing/batches/timing/baseline/measured_1/batch_010/guide_order.txt	200	9dfa64bcd3a6aa1cc827dc79b7cc98e67d219826460684d1fc13f97220aada32
raw/chr22_100_guides_tux05_20260813T160700Z_timing/batches/timing/baseline/measured_1/batch_010/guide_results.tsv	2306	71b2ff5ac52e46894929d0dbc1409b8aadbc5a7e8331a7d4519f1725fd6b160a
raw/chr22_100_guides_tux05_20260813T160700Z_timing/batches/timing/baseline/measured_1/batch_010/guides/chr22_100_guide_091/command.txt	294	32cc6da567e225a4f2cd3a2377a598ccbaabc35046b9064bac0df339a0e21a3d
raw/chr22_100_guides_tux05_20260813T160700Z_timing/batches/timing/baseline/measured_1/batch_010/guides/chr22_100_guide_091/metrics.tsv	294	16bd5d7fbf0cd326dac8cc366b675d67d76d6af791bc444e5185d1a030d8ff8b
raw/chr22_100_guides_tux05_20260813T160700Z_timing/batches/timing/baseline/measured_1/batch_010/guides/chr22_100_guide_091/output.paf	214	cf53e5c0ba2549b95ad7cc66f6caa57165a2d7ef971b8448816c1f5189dcba42
raw/chr22_100_guides_tux05_20260813T160700Z_timing/batches/timing/baseline/measured_1/batch_010/guides/chr22_100_guide_091/stderr.txt	0	e3b0c44298fc1c149afbf4c8996fb92427ae41e4649b934ca495991b7852b855
raw/chr22_100_guides_tux05_20260813T160700Z_timing/batches/timing/baseline/measured_1/batch_010/guides/chr22_100_guide_092/command.txt	294	b1df8e70b02bdbbfbb47908fa04522a531b1e1ad08becc03f50acea6693be13e
raw/chr22_100_guides_tux05_20260813T160700Z_timing/batches/timing/baseline/measured_1/batch_010/guides/chr22_100_guide_092/metrics.tsv	294	5f40c65dee510c938c33157a97a89c958beece772ab31709109c99af17b7ee71
raw/chr22_100_guides_tux05_20260813T160700Z_timing/batches/timing/baseline/measured_1/batch_010/guides/chr22_100_guide_092/output.paf	105	36dc22934c7c02b9c1a4043e7fa71e9fab23fac626842ee0233fa0a19e8a4d8d
raw/chr22_100_guides_tux05_20260813T160700Z_timing/batches/timing/baseline/measured_1/batch_010/guides/chr22_100_guide_092/stderr.txt	0	e3b0c44298fc1c149afbf4c8996fb92427ae41e4649b934ca495991b7852b855
raw/chr22_100_guides_tux05_20260813T160700Z_timing/batches/timing/baseline/measured_1/batch_010/guides/chr22_100_guide_093/command.txt	294	8318cf790daebe2ae59d609333c635a134954b1e3cd87ef8c72f433e45110b40
raw/chr22_100_guides_tux05_20260813T160700Z_timing/batches/timing/baseline/measured_1/batch_010/guides/chr22_100_guide_093/metrics.tsv	294	1d3255ecf8503b7864c5cd89622e290c75c6a5c2fec89a60cc2a17cbc4216f89
raw/chr22_100_guides_tux05_20260813T160700Z_timing/batches/timing/baseline/measured_1/batch_010/guides/chr22_100_guide_093/output.paf	105	7c248ba9765e06499bdbdd56fa063150392f57bbcf49d7273e7a34148cb2a14e
raw/chr22_100_guides_tux05_20260813T160700Z_timing/batches/timing/baseline/measured_1/batch_010/guides/chr22_100_guide_093/stderr.txt	0	e3b0c44298fc1c149afbf4c8996fb92427ae41e4649b934ca495991b7852b855
raw/chr22_100_guides_tux05_20260813T160700Z_timing/batches/timing/baseline/measured_1/batch_010/guides/chr22_100_guide_094/command.txt	294	1addb3efa131e8e103242ba9daac6b8f0063c83db50c7a3c5e6c88899a3a020a
raw/chr22_100_guides_tux05_20260813T160700Z_timing/batches/timing/baseline/measured_1/batch_010/guides/chr22_100_guide_094/metrics.tsv	294	21ccb6636c6530f5a518253dea62897772fcfbdae3fc417b1218aa93ff14d6b6
raw/chr22_100_guides_tux05_20260813T160700Z_timing/batches/timing/baseline/measured_1/batch_010/guides/chr22_100_guide_094/output.paf	105	b129ef3c4f85946c1752fcdec67457fbfa137faf10c495dcfb79020726f0093a
raw/chr22_100_guides_tux05_20260813T160700Z_timing/batches/timing/baseline/measured_1/batch_010/guides/chr22_100_guide_094/stderr.txt	0	e3b0c44298fc1c149afbf4c8996fb92427ae41e4649b934ca495991b7852b855
raw/chr22_100_guides_tux05_20260813T160700Z_timing/batches/timing/baseline/measured_1/batch_010/guides/chr22_100_guide_095/command.txt	294	172bcf5e6696030397c56f1e2e204827348ef72b9e5e542967b4f0be658c21ec
raw/chr22_100_guides_tux05_20260813T160700Z_timing/batches/timing/baseline/measured_1/batch_010/guides/chr22_100_guide_095/metrics.tsv	294	d3d382d7ea5288a302d4eb2ef2d504b3a2d436bade020802de71313490fd9652
raw/chr22_100_guides_tux05_20260813T160700Z_timing/batches/timing/baseline/measured_1/batch_010/guides/chr22_100_guide_095/output.paf	214	72cfccdb732c7f835e82aebb76ca4186954ee044989d4d3f165c230249e1ab41
raw/chr22_100_guides_tux05_20260813T160700Z_timing/batches/timing/baseline/measured_1/batch_010/guides/chr22_100_guide_095/stderr.txt	0	e3b0c44298fc1c149afbf4c8996fb92427ae41e4649b934ca495991b7852b855
raw/chr22_100_guides_tux05_20260813T160700Z_timing/batches/timing/baseline/measured_1/batch_010/guides/chr22_100_guide_096/command.txt	294	111ddc9a7fd7a284bef5082c64543ca18675ce04d5d1b8c6140fad62a9faa5c8
raw/chr22_100_guides_tux05_20260813T160700Z_timing/batches/timing/baseline/measured_1/batch_010/guides/chr22_100_guide_096/metrics.tsv	294	293f91cad9205c5c7c2b0c6b088464abb433d763d89a1520f98b7ac7af6a696e
raw/chr22_100_guides_tux05_20260813T160700Z_timing/batches/timing/baseline/measured_1/batch_010/guides/chr22_100_guide_096/output.paf	105	66356638d350f202a4fc3653512e2eb61d180a210d3b4874237620fdd88f45ac
raw/chr22_100_guides_tux05_20260813T160700Z_timing/batches/timing/baseline/measured_1/batch_010/guides/chr22_100_guide_096/stderr.txt	0	e3b0c44298fc1c149afbf4c8996fb92427ae41e4649b934ca495991b7852b855
raw/chr22_100_guides_tux05_20260813T160700Z_timing/batches/timing/baseline/measured_1/batch_010/guides/chr22_100_guide_097/command.txt	294	d353f2e899ebb93ed352f15f6ff5a29c9d6057a0eee378dc9828ef4d2556deea
raw/chr22_100_guides_tux05_20260813T160700Z_timing/batches/timing/baseline/measured_1/batch_010/guides/chr22_100_guide_097/metrics.tsv	294	41d1c13ca8114eed4991f63899f18bf9aedc60b886f43c9525710f7ebe6159c6
raw/chr22_100_guides_tux05_20260813T160700Z_timing/batches/timing/baseline/measured_1/batch_010/guides/chr22_100_guide_097/output.paf	105	ec3317eca52cb313be8b742bd84d70d8e9f8f3d3a8dfda83e632d9ec5b3e7472
raw/chr22_100_guides_tux05_20260813T160700Z_timing/batches/timing/baseline/measured_1/batch_010/guides/chr22_100_guide_097/stderr.txt	0	e3b0c44298fc1c149afbf4c8996fb92427ae41e4649b934ca495991b7852b855
raw/chr22_100_guides_tux05_20260813T160700Z_timing/batches/timing/baseline/measured_1/batch_010/guides/chr22_100_guide_098/command.txt	294	468a558e0f3fdd08d7debf0ad8923a76d1462c9c7f320e22e8005dbb2614aadf
raw/chr22_100_guides_tux05_20260813T160700Z_timing/batches/timing/baseline/measured_1/batch_010/guides/chr22_100_guide_098/metrics.tsv	294	89ba97bdd7f48b2c941c69100b41dc10d87eeddcb44ffcd9141da5dbf6d2ec04
raw/chr22_100_guides_tux05_20260813T160700Z_timing/batches/timing/baseline/measured_1/batch_010/guides/chr22_100_guide_098/output.paf	105	624a957aae98b6d231ae1011b4e64e108e7b8e8e44287e46c4862920d0454e11
raw/chr22_100_guides_tux05_20260813T160700Z_timing/batches/timing/baseline/measured_1/batch_010/guides/chr22_100_guide_098/stderr.txt	0	e3b0c44298fc1c149afbf4c8996fb92427ae41e4649b934ca495991b7852b855
raw/chr22_100_guides_tux05_20260813T160700Z_timing/batches/timing/baseline/measured_1/batch_010/guides/chr22_100_guide_099/command.txt	294	d88e1c76d6eaecf792cbc868cbf12b5cb10e920bdf39eac71f27113ad3774233
raw/chr22_100_guides_tux05_20260813T160700Z_timing/batches/timing/baseline/measured_1/batch_010/guides/chr22_100_guide_099/metrics.tsv	294	9e56ca96454863f2059d86834d8322bd58b39302665c45e7396e8268596c0972
raw/chr22_100_guides_tux05_20260813T160700Z_timing/batches/timing/baseline/measured_1/batch_010/guides/chr22_100_guide_099/output.paf	210	0c905b7331f00841f95a0390edb19ac2cf54d75b8c0260c1122d1e91b8eebf98
raw/chr22_100_guides_tux05_20260813T160700Z_timing/batches/timing/baseline/measured_1/batch_010/guides/chr22_100_guide_099/stderr.txt	0	e3b0c44298fc1c149afbf4c8996fb92427ae41e4649b934ca495991b7852b855
raw/chr22_100_guides_tux05_20260813T160700Z_timing/batches/timing/baseline/measured_1/batch_010/guides/chr22_100_guide_100/command.txt	294	938429361e55b67b53c1f61e2dc5394bee9fb15e084f3c079faefb2a0ac4c137
raw/chr22_100_guides_tux05_20260813T160700Z_timing/batches/timing/baseline/measured_1/batch_010/guides/chr22_100_guide_100/metrics.tsv	294	2a1efe5e3d1d6adeebdc376220602c4ae62cc2ff7eecbc24e26b091375292039
raw/chr22_100_guides_tux05_20260813T160700Z_timing/batches/timing/baseline/measured_1/batch_010/guides/chr22_100_guide_100/output.paf	214	4bb6e4f08a7316ba26ec3e6f894f79070071b55d78d6c1605a50035d0a1d9c79
raw/chr22_100_guides_tux05_20260813T160700Z_timing/batches/timing/baseline/measured_1/batch_010/guides/chr22_100_guide_100/stderr.txt	0	e3b0c44298fc1c149afbf4c8996fb92427ae41e4649b934ca495991b7852b855
raw/chr22_100_guides_tux05_20260813T160700Z_timing/batches/timing/columba/measured_1/batch_001/SUCCESS	0	e3b0c44298fc1c149afbf4c8996fb92427ae41e4649b934ca495991b7852b855
raw/chr22_100_guides_tux05_20260813T160700Z_timing/batches/timing/columba/measured_1/batch_001/environment.tsv	595	77a5273f29e577277d01ac70149a0535d2b875db0c1fa61f4a8849c73e09aaf6
raw/chr22_100_guides_tux05_20260813T160700Z_timing/batches/timing/columba/measured_1/batch_001/guide_ids.txt	200	ba581f534d9cf8eea3633f7ed01a45aae31a683ec2353abbcef9772e3c9cbb30
raw/chr22_100_guides_tux05_20260813T160700Z_timing/batches/timing/columba/measured_1/batch_001/guide_order.sha256	299	4cfd22bcfa6608b27d4c88ac37b119422ec64570ea7a7e06d5c10303dcf887fb
raw/chr22_100_guides_tux05_20260813T160700Z_timing/batches/timing/columba/measured_1/batch_001/guide_order.txt	200	6709f75d03dea7edaa077ed235d1e8f9f68df62deeaf9d763202d52fbdc6f20d
raw/chr22_100_guides_tux05_20260813T160700Z_timing/batches/timing/columba/measured_1/batch_001/guide_results.tsv	2282	7d5616d96f761fb51725b0adb72f3881acf14f8987bdedaba235a595e53b24ef
raw/chr22_100_guides_tux05_20260813T160700Z_timing/batches/timing/columba/measured_1/batch_001/guides/chr22_100_guide_001/command.txt	566	56f3f7994581c54148bc1ff6919f7573c634e731c14ed57522b4c97a47cf2202
raw/chr22_100_guides_tux05_20260813T160700Z_timing/batches/timing/columba/measured_1/batch_001/guides/chr22_100_guide_001/metrics.tsv	294	acb05f5d7854eb334670c81dc92a6438ede4d31763b38f0007e3f177b2e173bd
raw/chr22_100_guides_tux05_20260813T160700Z_timing/batches/timing/columba/measured_1/batch_001/guides/chr22_100_guide_001/output.paf	204	c788efd23026646b4da4b4a94736bffdb6646d5bb82e63ef3b54d008d2d7f496
raw/chr22_100_guides_tux05_20260813T160700Z_timing/batches/timing/columba/measured_1/batch_001/guides/chr22_100_guide_001/stderr.txt	563	5e6212673189b137868af231f3f49365db18929fbdc4915f13b52a1622522dba
raw/chr22_100_guides_tux05_20260813T160700Z_timing/batches/timing/columba/measured_1/batch_001/guides/chr22_100_guide_002/command.txt	566	48be265bdb8e5c6d97072b3fa2d4e11635fa02f684ae9bfe1483db37500a05ba
raw/chr22_100_guides_tux05_20260813T160700Z_timing/batches/timing/columba/measured_1/batch_001/guides/chr22_100_guide_002/metrics.tsv	297	a2b1a89af3967d3dec1258746f997adafe794dc1ea5e1f895cd9c2b373bfaf02
raw/chr22_100_guides_tux05_20260813T160700Z_timing/batches/timing/columba/measured_1/batch_001/guides/chr22_100_guide_002/output.paf	2181	f0937d09b482433febb72a3aa2951bd7a1099c3bb5c4e6ae5d7f40f51dfaf291
raw/chr22_100_guides_tux05_20260813T160700Z_timing/batches/timing/columba/measured_1/batch_001/guides/chr22_100_guide_002/stderr.txt	94307	e925e6374c2b14f26ce352338d241501af5403cd20c2f7a0a66a7ff0957a82b9
raw/chr22_100_guides_tux05_20260813T160700Z_timing/batches/timing/columba/measured_1/batch_001/guides/chr22_100_guide_003/command.txt	566	988af8d9fb7aa949c17338aa69391195bbb82ac5c4719332f3d16329248cd909
raw/chr22_100_guides_tux05_20260813T160700Z_timing/batches/timing/columba/measured_1/batch_001/guides/chr22_100_guide_003/metrics.tsv	298	45869530cc5748926ab79c15bdba108394b892c15ccb3d59e40076722d5cd4e3
raw/chr22_100_guides_tux05_20260813T160700Z_timing/batches/timing/columba/measured_1/batch_001/guides/chr22_100_guide_003/output.paf	89500	ccc3d3b80ed309cc947744aeb419da762bf360cf65ee8f19caf6d89ef8540bb4
raw/chr22_100_guides_tux05_20260813T160700Z_timing/batches/timing/columba/measured_1/batch_001/guides/chr22_100_guide_003/stderr.txt	30549	a0f43a78ac495168b63dc33958a840d4b629f46bd21e5ea36ebe2fd81ed8e956
raw/chr22_100_guides_tux05_20260813T160700Z_timing/batches/timing/columba/measured_1/batch_001/guides/chr22_100_guide_004/command.txt	566	9b1f0fa21a4d57c6c2ccbb7b6bcef1ee262821bec6c7a9f342482cb9ba256605
raw/chr22_100_guides_tux05_20260813T160700Z_timing/batches/timing/columba/measured_1/batch_001/guides/chr22_100_guide_004/metrics.tsv	296	41e462f651e3f07b494a3445d6c440d23f8cdb7c5197c41401cdb4f2417867fe
raw/chr22_100_guides_tux05_20260813T160700Z_timing/batches/timing/columba/measured_1/batch_001/guides/chr22_100_guide_004/output.paf	103	691ce0260ac4ff8426decb079b6ec2efdf4680b3abaced64e9143840bccb9552
raw/chr22_100_guides_tux05_20260813T160700Z_timing/batches/timing/columba/measured_1/batch_001/guides/chr22_100_guide_004/stderr.txt	59585	a4c7fcea839152b57f9d48000d08a15502fd89d0fd27949928e5d265dda849b7
raw/chr22_100_guides_tux05_20260813T160700Z_timing/batches/timing/columba/measured_1/batch_001/guides/chr22_100_guide_005/command.txt	566	01d9cb2b66b031d0aaae3525c6ee0eb78dca8b2265983e7488146ae3d372812e
raw/chr22_100_guides_tux05_20260813T160700Z_timing/batches/timing/columba/measured_1/batch_001/guides/chr22_100_guide_005/metrics.tsv	294	6f6e71cd5064cda25d5d5f7140b83d8488b2d610ca58308af37b52d16ca577e1
raw/chr22_100_guides_tux05_20260813T160700Z_timing/batches/timing/columba/measured_1/batch_001/guides/chr22_100_guide_005/output.paf	103	95686fb2b7a30116b7ae2cc467351eaaf4c6f25cab6f6b7bc6dcc05f1c409532
raw/chr22_100_guides_tux05_20260813T160700Z_timing/batches/timing/columba/measured_1/batch_001/guides/chr22_100_guide_005/stderr.txt	651	011f515d83cd8b0bf4648cfa3d329bea0cb2939a7aabcbf319c9ccbd2ece994c
raw/chr22_100_guides_tux05_20260813T160700Z_timing/batches/timing/columba/measured_1/batch_001/guides/chr22_100_guide_006/command.txt	566	8573cef312b544e700e56167875329ee9f3d806ab371113f5595435f50987398
raw/chr22_100_guides_tux05_20260813T160700Z_timing/batches/timing/columba/measured_1/batch_001/guides/chr22_100_guide_006/metrics.tsv	297	b7b01fb6cd57e3ab6782a28f0c7c5023ba7871fe1bb4a3ec7fa4012d097aeb67
raw/chr22_100_guides_tux05_20260813T160700Z_timing/batches/timing/columba/measured_1/batch_001/guides/chr22_100_guide_006/output.paf	416	b8cc43f743b2bf2f0e12fa535de856dec45a7e724e169b206e17e024502350b1
raw/chr22_100_guides_tux05_20260813T160700Z_timing/batches/timing/columba/measured_1/batch_001/guides/chr22_100_guide_006/stderr.txt	673643	9739780944683faaa4ef3f313f816b862f341378b37d0ab5c6f2f11c524f85ce
raw/chr22_100_guides_tux05_20260813T160700Z_timing/batches/timing/columba/measured_1/batch_001/guides/chr22_100_guide_007/command.txt	566	274fcf6a772b1406cdf484180d376d7d3a9e628571abed1c8de8f1e7b78d0e40
raw/chr22_100_guides_tux05_20260813T160700Z_timing/batches/timing/columba/measured_1/batch_001/guides/chr22_100_guide_007/metrics.tsv	298	74ccbe4e62158c96c12de0f02b94d475406e60f51c67497ce232ab0446e22f88
raw/chr22_100_guides_tux05_20260813T160700Z_timing/batches/timing/columba/measured_1/batch_001/guides/chr22_100_guide_007/output.paf	8373	4ed0f166306be29e52512f6850c1b990c122568bfe38464c457a9cbc3cafab14
raw/chr22_100_guides_tux05_20260813T160700Z_timing/batches/timing/columba/measured_1/batch_001/guides/chr22_100_guide_007/stderr.txt	173577	501f5c6c5e8d62ad0a7602fffd723666195a02b48240223d6a623d2bf75bc9d7
raw/chr22_100_guides_tux05_20260813T160700Z_timing/batches/timing/columba/measured_1/batch_001/guides/chr22_100_guide_008/command.txt	566	0c1fc8248f08783d01ab158c374ab506b58a3c1c996ef1da9c86b8c47c0cd027
raw/chr22_100_guides_tux05_20260813T160700Z_timing/batches/timing/columba/measured_1/batch_001/guides/chr22_100_guide_008/metrics.tsv	296	ca1c60b829ecc2b31a1ed731cabfc81782752e675bb0446d2f96928aa23bb9d2
raw/chr22_100_guides_tux05_20260813T160700Z_timing/batches/timing/columba/measured_1/batch_001/guides/chr22_100_guide_008/output.paf	7164	2525d9e467b0e235d87fec363306eb39498ebdd905157b97f69a01938142d417
raw/chr22_100_guides_tux05_20260813T160700Z_timing/batches/timing/columba/measured_1/batch_001/guides/chr22_100_guide_008/stderr.txt	1120	587b33ffa851be62124e858db10a3ce0555e1fef7b9faa94a47115a7bf569d6a
raw/chr22_100_guides_tux05_20260813T160700Z_timing/batches/timing/columba/measured_1/batch_001/guides/chr22_100_guide_009/command.txt	566	984b16fda32713f1afaa3d5287275e51c28d505dcae228fe3ebf3eb2deec5071
raw/chr22_100_guides_tux05_20260813T160700Z_timing/batches/timing/columba/measured_1/batch_001/guides/chr22_100_guide_009/metrics.tsv	294	5dbb23bf8231b6d116efa0f7e4aeb9a5ceaf76b3c9bce73ea0209216350b30d8
raw/chr22_100_guides_tux05_20260813T160700Z_timing/batches/timing/columba/measured_1/batch_001/guides/chr22_100_guide_009/output.paf	426	958d7bb0d2bcce37cafabe02cb7bcd2515a249ee7abef00a06c7ca69afbeddfd
raw/chr22_100_guides_tux05_20260813T160700Z_timing/batches/timing/columba/measured_1/batch_001/guides/chr22_100_guide_009/stderr.txt	469	b26403da3df85946d6c7931e54a923877597a6d21517a6786edcfb4f3a684c5d
raw/chr22_100_guides_tux05_20260813T160700Z_timing/batches/timing/columba/measured_1/batch_001/guides/chr22_100_guide_010/command.txt	566	e90a8d82acbceb3443d231a30e801f3e86f59541c126ecb19e84ca011a4160e4
raw/chr22_100_guides_tux05_20260813T160700Z_timing/batches/timing/columba/measured_1/batch_001/guides/chr22_100_guide_010/metrics.tsv	297	4dc9c212cf8c19dd1da5104e472e83bf386c31ed0fb4d385c4e4a422b4953d84
raw/chr22_100_guides_tux05_20260813T160700Z_timing/batches/timing/columba/measured_1/batch_001/guides/chr22_100_guide_010/output.paf	2601	bbff78e8edf6476d0dd0cdd76f512cb705b72cd1e357220e1a380dbd5cb5874e
raw/chr22_100_guides_tux05_20260813T160700Z_timing/batches/timing/columba/measured_1/batch_001/guides/chr22_100_guide_010/stderr.txt	69543	8283bb72468ef0f7298ae906c23d010c0d48c6574a33364a533179130f8c4875
raw/chr22_100_guides_tux05_20260813T160700Z_timing/batches/timing/columba/measured_1/batch_002/SUCCESS	0	e3b0c44298fc1c149afbf4c8996fb92427ae41e4649b934ca495991b7852b855
raw/chr22_100_guides_tux05_20260813T160700Z_timing/batches/timing/columba/measured_1/batch_002/environment.tsv	595	dd0efef64dba5220863f4c9bd710e7bf4074c72a1c5ebe26a1c91c53e3a5341b
raw/chr22_100_guides_tux05_20260813T160700Z_timing/batches/timing/columba/measured_1/batch_002/guide_ids.txt	200	7f597a7fc89cfb66cc27ceb0774d511b1281ee64dde393b024769bd512d20a44
raw/chr22_100_guides_tux05_20260813T160700Z_timing/batches/timing/columba/measured_1/batch_002/guide_order.sha256	299	e5e6aa1a90214a99b0c55c49c1fd99eeaaa4381fb00271e6af8f064608bbea41
raw/chr22_100_guides_tux05_20260813T160700Z_timing/batches/timing/columba/measured_1/batch_002/guide_order.txt	200	ba2b5880676828c9d19badd2953fabdf53a4d9a6e7e247de0b81b0f20113f298
raw/chr22_100_guides_tux05_20260813T160700Z_timing/batches/timing/columba/measured_1/batch_002/guide_results.tsv	2282	c6821b545d355217491f38382174daac9e2df1979431f39b4e0cec366a9c0eb1
raw/chr22_100_guides_tux05_20260813T160700Z_timing/batches/timing/columba/measured_1/batch_002/guides/chr22_100_guide_011/command.txt	566	cb4c20f287c0d2cc52597950f342d35b9dac626e0d86dfe0b692c03ae12d9539
raw/chr22_100_guides_tux05_20260813T160700Z_timing/batches/timing/columba/measured_1/batch_002/guides/chr22_100_guide_011/metrics.tsv	293	78c9f5a142f992bed5a369cca8dce2b88eb95c76a1a6bc33f472787b27f6e427
raw/chr22_100_guides_tux05_20260813T160700Z_timing/batches/timing/columba/measured_1/batch_002/guides/chr22_100_guide_011/output.paf	2243	ec592648254199539685feee5357d093e2e1ec0b8ee82c9ce1e89057db95c2aa
raw/chr22_100_guides_tux05_20260813T160700Z_timing/batches/timing/columba/measured_1/batch_002/guides/chr22_100_guide_011/stderr.txt	0	e3b0c44298fc1c149afbf4c8996fb92427ae41e4649b934ca495991b7852b855
raw/chr22_100_guides_tux05_20260813T160700Z_timing/batches/timing/columba/measured_1/batch_002/guides/chr22_100_guide_012/command.txt	566	59111a2ab63d33547c572328304fe36288c7cfb1ac9accbd49f81d2cdc0f78b3
raw/chr22_100_guides_tux05_20260813T160700Z_timing/batches/timing/columba/measured_1/batch_002/guides/chr22_100_guide_012/metrics.tsv	292	f15d746a61c2717110a1d797a99b00e519a341cdb532df87326cc3b9a7320868
raw/chr22_100_guides_tux05_20260813T160700Z_timing/batches/timing/columba/measured_1/batch_002/guides/chr22_100_guide_012/output.paf	832	9b00eaabadec78eddf839955f38b2c49038c64b495db9fc7cba00a4c5b16c2fd
raw/chr22_100_guides_tux05_20260813T160700Z_timing/batches/timing/columba/measured_1/batch_002/guides/chr22_100_guide_012/stderr.txt	0	e3b0c44298fc1c149afbf4c8996fb92427ae41e4649b934ca495991b7852b855
raw/chr22_100_guides_tux05_20260813T160700Z_timing/batches/timing/columba/measured_1/batch_002/guides/chr22_100_guide_013/command.txt	566	9310dbfbc83548b63deaa0d0cfe32c815e82a85b6458a95427fdab998ff2e214
raw/chr22_100_guides_tux05_20260813T160700Z_timing/batches/timing/columba/measured_1/batch_002/guides/chr22_100_guide_013/metrics.tsv	293	e68778f533609ee10361b6b17381545b71e25cf8befec29b5c37e441f44eccd0
raw/chr22_100_guides_tux05_20260813T160700Z_timing/batches/timing/columba/measured_1/batch_002/guides/chr22_100_guide_013/output.paf	317	14d007c41b3efc0f49a5e3c8b2c1afbdbbf6448965f329277343a75661f62b72
raw/chr22_100_guides_tux05_20260813T160700Z_timing/batches/timing/columba/measured_1/batch_002/guides/chr22_100_guide_013/stderr.txt	94	e6ce59b275084995153a3e9c40a4958a8a70855f475daac144376dd269a555ec
raw/chr22_100_guides_tux05_20260813T160700Z_timing/batches/timing/columba/measured_1/batch_002/guides/chr22_100_guide_014/command.txt	566	83aacd4c60d2613d98d18e28c621cdc206a30f0b5b4a6a9f426c5c8472767e8f
raw/chr22_100_guides_tux05_20260813T160700Z_timing/batches/timing/columba/measured_1/batch_002/guides/chr22_100_guide_014/metrics.tsv	297	45ccd23d491e18036967a03eda425e40ddaed6264fac005e76d5fb8c2b48f489
raw/chr22_100_guides_tux05_20260813T160700Z_timing/batches/timing/columba/measured_1/batch_002/guides/chr22_100_guide_014/output.paf	20741	18fa726a0532763a6a720243b5476e8492d4a0e21d88972a1590a5cc86c18f36
raw/chr22_100_guides_tux05_20260813T160700Z_timing/batches/timing/columba/measured_1/batch_002/guides/chr22_100_guide_014/stderr.txt	1118	738f0679665e7cbee0e7647775b7e47573cdbc33c7d7463d5c01f8c75b0b7b5f
raw/chr22_100_guides_tux05_20260813T160700Z_timing/batches/timing/columba/measured_1/batch_002/guides/chr22_100_guide_015/command.txt	566	6f85a81139438099cf88df9c702b2dcb7eb18bc38f8c9e9f77b60365bccccaeb
raw/chr22_100_guides_tux05_20260813T160700Z_timing/batches/timing/columba/measured_1/batch_002/guides/chr22_100_guide_015/metrics.tsv	299	e54e7b5110a77ae3023dbd58d8e4083500363d662d40d43c5a4ce94aff9371b2
raw/chr22_100_guides_tux05_20260813T160700Z_timing/batches/timing/columba/measured_1/batch_002/guides/chr22_100_guide_015/output.paf	12831	14607790ed2c2aa20854f98797286082d4f4e662c4918ba18d80b5c7cabdc3a3
raw/chr22_100_guides_tux05_20260813T160700Z_timing/batches/timing/columba/measured_1/batch_002/guides/chr22_100_guide_015/stderr.txt	830122	42f93d194038db849260c18f78fe52cdc58775b7f60fd7a14fdf15a6b1f00b50
raw/chr22_100_guides_tux05_20260813T160700Z_timing/batches/timing/columba/measured_1/batch_002/guides/chr22_100_guide_016/command.txt	566	ab87ceda319234113f9e03631f0dfbb8da9676ca62b1867b0bec9e79bb986ec4
raw/chr22_100_guides_tux05_20260813T160700Z_timing/batches/timing/columba/measured_1/batch_002/guides/chr22_100_guide_016/metrics.tsv	295	f92348728e20d0f95821a3b7348e488d8b4107b47a2cae75cad94e3df3896369
raw/chr22_100_guides_tux05_20260813T160700Z_timing/batches/timing/columba/measured_1/batch_002/guides/chr22_100_guide_016/output.paf	103	664ca84d364b11b722ac1aa282d988cb26faa580c3801fc71e980d0a2785483d
raw/chr22_100_guides_tux05_20260813T160700Z_timing/batches/timing/columba/measured_1/batch_002/guides/chr22_100_guide_016/stderr.txt	6603	647a3c26fb0f04ad019100c4ab0390ab87ed5c84aadfe7a252bca70b1e3bd96d
raw/chr22_100_guides_tux05_20260813T160700Z_timing/batches/timing/columba/measured_1/batch_002/guides/chr22_100_guide_017/command.txt	566	52f4557e649aa46e4411ae140673c301db79070be95346be56434101def0adb8
raw/chr22_100_guides_tux05_20260813T160700Z_timing/batches/timing/columba/measured_1/batch_002/guides/chr22_100_guide_017/metrics.tsv	298	270319c162743442f851659b5ae887f43f58d1e7eb0fc2f4ce02ac1d3760a864
raw/chr22_100_guides_tux05_20260813T160700Z_timing/batches/timing/columba/measured_1/batch_002/guides/chr22_100_guide_017/output.paf	6925	443c9733648206d43672a968d8e97952afd65a9f31ce05d9d0565f64b1ea8a38
raw/chr22_100_guides_tux05_20260813T160700Z_timing/batches/timing/columba/measured_1/batch_002/guides/chr22_100_guide_017/stderr.txt	523774	34e2228fdcbf823acbc1cf9a4520426f2726ceee2e2c487a482723b0e27f4c06
raw/chr22_100_guides_tux05_20260813T160700Z_timing/batches/timing/columba/measured_1/batch_002/guides/chr22_100_guide_018/command.txt	566	75e2baf188655797b05e9bcc7c7c52978a0f9ab393a9a0f9137f5c027fc04b28
raw/chr22_100_guides_tux05_20260813T160700Z_timing/batches/timing/columba/measured_1/batch_002/guides/chr22_100_guide_018/metrics.tsv	296	8f159f28bce4111f98e1597b5191171bd28a381e0bf5a3af37c6687a9840c144
raw/chr22_100_guides_tux05_20260813T160700Z_timing/batches/timing/columba/measured_1/batch_002/guides/chr22_100_guide_018/output.paf	208	5c632dfc921b715b635c61d386497b7131eb4348bb520ea4a5cd13ab53ef1e7a
raw/chr22_100_guides_tux05_20260813T160700Z_timing/batches/timing/columba/measured_1/batch_002/guides/chr22_100_guide_018/stderr.txt	43109	23e8f4ffff162fdc2e25089c32203c22ccb5ac9c66770c9b5d4a6408cc154ffb
raw/chr22_100_guides_tux05_20260813T160700Z_timing/batches/timing/columba/measured_1/batch_002/guides/chr22_100_guide_019/command.txt	566	c296de5e3bf06c1c788e61e8d9053d04b4211a0935d94f8679e75efe74d67409
raw/chr22_100_guides_tux05_20260813T160700Z_timing/batches/timing/columba/measured_1/batch_002/guides/chr22_100_guide_019/metrics.tsv	295	ead9cff11785ee87d1646139e8ee00764d459f40af73f58bbbdaa69ebed07344
raw/chr22_100_guides_tux05_20260813T160700Z_timing/batches/timing/columba/measured_1/batch_002/guides/chr22_100_guide_019/output.paf	103	6cdd7ce54810d5bc4f6f9e343cba7e89b5868d4aa230081223fa53049a31ac4f
raw/chr22_100_guides_tux05_20260813T160700Z_timing/batches/timing/columba/measured_1/batch_002/guides/chr22_100_guide_019/stderr.txt	1766	dc56e723a41ad2b033072b1d35240963852ef67de09ef8478a44d1daa4a0e78a
raw/chr22_100_guides_tux05_20260813T160700Z_timing/batches/timing/columba/measured_1/batch_002/guides/chr22_100_guide_020/command.txt	566	3d6c4d5ae462056631517cc4658879656edee22c7d7ce64248e801b26b4d3f46
raw/chr22_100_guides_tux05_20260813T160700Z_timing/batches/timing/columba/measured_1/batch_002/guides/chr22_100_guide_020/metrics.tsv	296	1aaa99e3fc4fe50651e18fa786f977edc64e389862ad691835a371f85f3ea699
raw/chr22_100_guides_tux05_20260813T160700Z_timing/batches/timing/columba/measured_1/batch_002/guides/chr22_100_guide_020/output.paf	759	e201d7cfc5ec4a9979af6c9a236130b8f36d6e0e4dcfef596b106dbc39010303
raw/chr22_100_guides_tux05_20260813T160700Z_timing/batches/timing/columba/measured_1/batch_002/guides/chr22_100_guide_020/stderr.txt	76628	b458b467a03688a50351b56d6e3c449c56ad4edc944351aafb91ac49def2d89e
raw/chr22_100_guides_tux05_20260813T160700Z_timing/batches/timing/columba/measured_1/batch_003/SUCCESS	0	e3b0c44298fc1c149afbf4c8996fb92427ae41e4649b934ca495991b7852b855
raw/chr22_100_guides_tux05_20260813T160700Z_timing/batches/timing/columba/measured_1/batch_003/environment.tsv	595	2a7c0938bf3bf91d26e44315d93544d93d584a3f6b9efce8985f86152cd62aec
raw/chr22_100_guides_tux05_20260813T160700Z_timing/batches/timing/columba/measured_1/batch_003/guide_ids.txt	200	7f4ca67e60caaed7e9e0bad5853508fe81c7096e134107727d3754f80b7b3e5c
raw/chr22_100_guides_tux05_20260813T160700Z_timing/batches/timing/columba/measured_1/batch_003/guide_order.sha256	299	2b0003849e882eade62e0fe5332b714f39c96e3a7f43dac40bc63bac737711db
raw/chr22_100_guides_tux05_20260813T160700Z_timing/batches/timing/columba/measured_1/batch_003/guide_order.txt	200	78c588a2e012ebf2bd83a90248b896a78556e128b5a50348f4a5fb669ebf6de7
raw/chr22_100_guides_tux05_20260813T160700Z_timing/batches/timing/columba/measured_1/batch_003/guide_results.tsv	2291	ced4bf5b41010077a350f15e000dee0a36358537c18a36fbd389be0d44414e0b
raw/chr22_100_guides_tux05_20260813T160700Z_timing/batches/timing/columba/measured_1/batch_003/guides/chr22_100_guide_021/command.txt	566	f9050ea994c56a1d1281887bb0fc83f4193c34c12335ce9829084521f61c8def
raw/chr22_100_guides_tux05_20260813T160700Z_timing/batches/timing/columba/measured_1/batch_003/guides/chr22_100_guide_021/metrics.tsv	294	2d7eff86f34f4bd7aa5a319112a420b873c1f839db121ebb906d29cac6e4aa84
raw/chr22_100_guides_tux05_20260813T160700Z_timing/batches/timing/columba/measured_1/batch_003/guides/chr22_100_guide_021/output.paf	105	70d3142b6438b2233c1a63a2ac833233a13a2d75bf75339f1fccaff2fa81b453
raw/chr22_100_guides_tux05_20260813T160700Z_timing/batches/timing/columba/measured_1/batch_003/guides/chr22_100_guide_021/stderr.txt	652	d56d96fe98b333f362ee9bd6376532e8bc00f0bfcb42456116b5b2cd748bb70d
raw/chr22_100_guides_tux05_20260813T160700Z_timing/batches/timing/columba/measured_1/batch_003/guides/chr22_100_guide_022/command.txt	566	6b4efbf55dd6e3bf25a65b5e28b7a2092729c8bb72fffea26760e282eea23625
raw/chr22_100_guides_tux05_20260813T160700Z_timing/batches/timing/columba/measured_1/batch_003/guides/chr22_100_guide_022/metrics.tsv	297	572fb1448bf0e93227265e1049dbf4cfff89de6164d9a9373831ef8e1ecfb195
raw/chr22_100_guides_tux05_20260813T160700Z_timing/batches/timing/columba/measured_1/batch_003/guides/chr22_100_guide_022/output.paf	105	6b72b7d58a6bb9700568183d8342e8f3bc79c45ffa1f7e46c161effbf9985c5d
raw/chr22_100_guides_tux05_20260813T160700Z_timing/batches/timing/columba/measured_1/batch_003/guides/chr22_100_guide_022/stderr.txt	592188	1bdc42a6859b8b52c1db369907a7439fdf814d31ad0591c6948691ed396edcd1
raw/chr22_100_guides_tux05_20260813T160700Z_timing/batches/timing/columba/measured_1/batch_003/guides/chr22_100_guide_023/command.txt	566	70ccd8838041ffb2b91a0368ef5d937990570a77e556ba08b90bf9c13cf759b1
raw/chr22_100_guides_tux05_20260813T160700Z_timing/batches/timing/columba/measured_1/batch_003/guides/chr22_100_guide_023/metrics.tsv	297	236b185c944749ab7ca16c7d79c175a488c6066167f123afbd48fbb34f8ef587
raw/chr22_100_guides_tux05_20260813T160700Z_timing/batches/timing/columba/measured_1/batch_003/guides/chr22_100_guide_023/output.paf	16229	5664c285cf2f5ae0137ca1a22d1cb40e7231faecf6a27ae4223e67a75ccdd033
raw/chr22_100_guides_tux05_20260813T160700Z_timing/batches/timing/columba/measured_1/batch_003/guides/chr22_100_guide_023/stderr.txt	3475	94dca88f98f958fa1bf19db4e20642e9042142e03f3cac411aff6176a087ef1e
raw/chr22_100_guides_tux05_20260813T160700Z_timing/batches/timing/columba/measured_1/batch_003/guides/chr22_100_guide_024/command.txt	566	6e346420d30f1215f572c1198ebba67285f3255da0f7399a940e5815edb3d384
raw/chr22_100_guides_tux05_20260813T160700Z_timing/batches/timing/columba/measured_1/batch_003/guides/chr22_100_guide_024/metrics.tsv	296	aa11117b258e4883da127aa09b2ce6f4ac211840d082cdc71f59b24788088ea4
raw/chr22_100_guides_tux05_20260813T160700Z_timing/batches/timing/columba/measured_1/batch_003/guides/chr22_100_guide_024/output.paf	214	bcee63120e7a1ad9985f53ede79aec2d8e27e6be8190904374c9bd2675cce1d4
raw/chr22_100_guides_tux05_20260813T160700Z_timing/batches/timing/columba/measured_1/batch_003/guides/chr22_100_guide_024/stderr.txt	89840	20e0d047a90eb941c28e7c3eadd3682e2d2baa7519ca17df715655ce2d25a138
raw/chr22_100_guides_tux05_20260813T160700Z_timing/batches/timing/columba/measured_1/batch_003/guides/chr22_100_guide_025/command.txt	566	c9d3511d3258b4919e14690f782a111dd5b294b9f7d7f83afbd4fe3c7f861b7c
raw/chr22_100_guides_tux05_20260813T160700Z_timing/batches/timing/columba/measured_1/batch_003/guides/chr22_100_guide_025/metrics.tsv	300	570690a2b27a530b26e7ceee90a756fcbec3c87ffce8e3b0245d95d5901d25a2
raw/chr22_100_guides_tux05_20260813T160700Z_timing/batches/timing/columba/measured_1/batch_003/guides/chr22_100_guide_025/output.paf	360399	2bcf3c36d3005ad0fb22c942310e9ac2be633eecc1be15596d48b67e278c7fd2
raw/chr22_100_guides_tux05_20260813T160700Z_timing/batches/timing/columba/measured_1/batch_003/guides/chr22_100_guide_025/stderr.txt	685114	bbeec566678f9402686af8dfc82c742950a8cca1a8132401323a9ab6a130af25
raw/chr22_100_guides_tux05_20260813T160700Z_timing/batches/timing/columba/measured_1/batch_003/guides/chr22_100_guide_026/command.txt	566	13ba028df906384e3b2a1de8a1618c80cdcff5fdbce9f5fe963de5984996dc7b
raw/chr22_100_guides_tux05_20260813T160700Z_timing/batches/timing/columba/measured_1/batch_003/guides/chr22_100_guide_026/metrics.tsv	298	c2e8cfc5fadd8baf9805c58e770eabd194e83ee24f08b5067fb98fb4f51ee136
raw/chr22_100_guides_tux05_20260813T160700Z_timing/batches/timing/columba/measured_1/batch_003/guides/chr22_100_guide_026/output.paf	6840	74ee2057f2511f0387c90decf264283593386e47d9b30347bc9921ddcc60dd17
raw/chr22_100_guides_tux05_20260813T160700Z_timing/batches/timing/columba/measured_1/batch_003/guides/chr22_100_guide_026/stderr.txt	763944	24451543d4981af6965232fc89a42aae084c85b1effd413db55357f5b81b7551
raw/chr22_100_guides_tux05_20260813T160700Z_timing/batches/timing/columba/measured_1/batch_003/guides/chr22_100_guide_027/command.txt	566	42f11b0ac63b535ebba76e8909b548fac3bfd29f1f9a1e5a2956e3348c124662
raw/chr22_100_guides_tux05_20260813T160700Z_timing/batches/timing/columba/measured_1/batch_003/guides/chr22_100_guide_027/metrics.tsv	294	31083d79ca899a26eb1108cb00b564216e1c8c795bd5907a552886791c225a9a
raw/chr22_100_guides_tux05_20260813T160700Z_timing/batches/timing/columba/measured_1/batch_003/guides/chr22_100_guide_027/output.paf	210	a7610eb051e87a34826545d10fcf8102943e8611a97a657a33ec94ff2afe4c13
raw/chr22_100_guides_tux05_20260813T160700Z_timing/batches/timing/columba/measured_1/batch_003/guides/chr22_100_guide_027/stderr.txt	470	ca6032de9107568e011efa775fb138933bc1f4163d835edc39d12e948093dfde
raw/chr22_100_guides_tux05_20260813T160700Z_timing/batches/timing/columba/measured_1/batch_003/guides/chr22_100_guide_028/command.txt	566	7e1a39c18a8234e4b77a15c338fb0b22f0d2e1ef98eaef93cbe5df88a9e50da9
raw/chr22_100_guides_tux05_20260813T160700Z_timing/batches/timing/columba/measured_1/batch_003/guides/chr22_100_guide_028/metrics.tsv	299	82e2af01ed5bf1f5645f7c55c72c3793e8706621d3a1700eb46cc386c4b18c4a
raw/chr22_100_guides_tux05_20260813T160700Z_timing/batches/timing/columba/measured_1/batch_003/guides/chr22_100_guide_028/output.paf	214131	01e49abccf673768fbd38172e9592aef60a9ffa738fefa147d463cc2893ff852
raw/chr22_100_guides_tux05_20260813T160700Z_timing/batches/timing/columba/measured_1/batch_003/guides/chr22_100_guide_028/stderr.txt	26540	6ab1cb25283fe19a6bfd4fcd5c48da2d87969a73970cab771254caf7f66a6287
raw/chr22_100_guides_tux05_20260813T160700Z_timing/batches/timing/columba/measured_1/batch_003/guides/chr22_100_guide_029/command.txt	566	8d93322f79c278600132fcd48cbcf81a163d9b58a1b21fc80d646b44faef009e
raw/chr22_100_guides_tux05_20260813T160700Z_timing/batches/timing/columba/measured_1/batch_003/guides/chr22_100_guide_029/metrics.tsv	299	e19788b02ae9ec1fccfcf6c8edb4b36a703a9aa3f1b6e90c730c8070ef647b3e
raw/chr22_100_guides_tux05_20260813T160700Z_timing/batches/timing/columba/measured_1/batch_003/guides/chr22_100_guide_029/output.paf	199216	023a0db1667cffab02ece840deaeba274e313dbe75e80a569d4eb1e108049a70
raw/chr22_100_guides_tux05_20260813T160700Z_timing/batches/timing/columba/measured_1/batch_003/guides/chr22_100_guide_029/stderr.txt	27636	d4e0a36311e4ca8e67b4e69d062e253606ee8ba50c03ffb98d71774fa810bdfb
raw/chr22_100_guides_tux05_20260813T160700Z_timing/batches/timing/columba/measured_1/batch_003/guides/chr22_100_guide_030/command.txt	566	cf119fedaebf729a33ac282a4330e0dd7223f4db1879660848aa9e0a26c7948a
raw/chr22_100_guides_tux05_20260813T160700Z_timing/batches/timing/columba/measured_1/batch_003/guides/chr22_100_guide_030/metrics.tsv	300	041beaf830f0443b335fed2fa8b6f4fb467bc0ccc2a02e8bc943a4a2250e4140
raw/chr22_100_guides_tux05_20260813T160700Z_timing/batches/timing/columba/measured_1/batch_003/guides/chr22_100_guide_030/output.paf	230815	d29f1e6c8cefac25b1c219eeb22083b707ccd515357f995e1d890f815157db21
raw/chr22_100_guides_tux05_20260813T160700Z_timing/batches/timing/columba/measured_1/batch_003/guides/chr22_100_guide_030/stderr.txt	272121	2438973516059989d2cd3180bc4fb2a1b25b52a873009a27bebbfc598f668a22
raw/chr22_100_guides_tux05_20260813T160700Z_timing/batches/timing/columba/measured_1/batch_004/SUCCESS	0	e3b0c44298fc1c149afbf4c8996fb92427ae41e4649b934ca495991b7852b855
raw/chr22_100_guides_tux05_20260813T160700Z_timing/batches/timing/columba/measured_1/batch_004/environment.tsv	595	a3a6a7a38dea9e948251361ce78a5532bd4ef2c2111e4a4c2053c2e8785f3277
raw/chr22_100_guides_tux05_20260813T160700Z_timing/batches/timing/columba/measured_1/batch_004/guide_ids.txt	200	02a44a23918390e8ac6ed31c09c6d13d635bc0bd1243ea4c7c8a83fe1ff7ef48
raw/chr22_100_guides_tux05_20260813T160700Z_timing/batches/timing/columba/measured_1/batch_004/guide_order.sha256	299	9e39eee4c54963c6999cac74bfb8f108e8d3f65f5c90afbcfeb1c58c848db90a
raw/chr22_100_guides_tux05_20260813T160700Z_timing/batches/timing/columba/measured_1/batch_004/guide_order.txt	200	e1a6b04f5ac3450e4f642c006ac79eed6fa1ee570573ca418e07defb8d8d49de
raw/chr22_100_guides_tux05_20260813T160700Z_timing/batches/timing/columba/measured_1/batch_004/guide_results.tsv	2277	da1815dbd755357352b3b230b8c008a9b2f0ebd32e74b5cef817d83d264edf8a
raw/chr22_100_guides_tux05_20260813T160700Z_timing/batches/timing/columba/measured_1/batch_004/guides/chr22_100_guide_031/command.txt	566	b5434d72923f8388a240772e19851d5e85c18a398dfceb2c0f93d2578e8281d0
raw/chr22_100_guides_tux05_20260813T160700Z_timing/batches/timing/columba/measured_1/batch_004/guides/chr22_100_guide_031/metrics.tsv	297	b2b14eb81921e99b5d1e25103e37c81768f87426992ddb703e4b0155d8fc92bd
raw/chr22_100_guides_tux05_20260813T160700Z_timing/batches/timing/columba/measured_1/batch_004/guides/chr22_100_guide_031/output.paf	214	5d5573821365e7bc8b578e4c8587ad85cc0ce7e73cc826859074ffc07c945a42
raw/chr22_100_guides_tux05_20260813T160700Z_timing/batches/timing/columba/measured_1/batch_004/guides/chr22_100_guide_031/stderr.txt	401466	6d757fd7aeea9c62de2f65f7620c111ca2fee818c410d59cbc0beeac17789d75
raw/chr22_100_guides_tux05_20260813T160700Z_timing/batches/timing/columba/measured_1/batch_004/guides/chr22_100_guide_032/command.txt	566	a6d4f5842b6d815b23b00e503451167f35aff4d342ba07f76998d8b72ea93dab
raw/chr22_100_guides_tux05_20260813T160700Z_timing/batches/timing/columba/measured_1/batch_004/guides/chr22_100_guide_032/metrics.tsv	294	20d1b564b16c1eb03854ce9ba579ead6bc7165b985afdcf7a507f1ea955ad4a4
raw/chr22_100_guides_tux05_20260813T160700Z_timing/batches/timing/columba/measured_1/batch_004/guides/chr22_100_guide_032/output.paf	105	c25a6440be62186e25b0f165358d0d0900b923751f80af6ee5c27f0f29a85af6
raw/chr22_100_guides_tux05_20260813T160700Z_timing/batches/timing/columba/measured_1/batch_004/guides/chr22_100_guide_032/stderr.txt	188	5bcc52812e3cd79f2c949096180d3f1ac01ae06d29eea04285bba87168ded8f9
raw/chr22_100_guides_tux05_20260813T160700Z_timing/batches/timing/columba/measured_1/batch_004/guides/chr22_100_guide_033/command.txt	566	434733e1a3839dc4164adf8af4f6ab33375579bb27b5f6c6814f2e0e39dcc26e
raw/chr22_100_guides_tux05_20260813T160700Z_timing/batches/timing/columba/measured_1/batch_004/guides/chr22_100_guide_033/metrics.tsv	294	aa577ef8a66cf0641e8959aab5b9d89a3cb8ef1d233da44c5cffcadce14c7adc
raw/chr22_100_guides_tux05_20260813T160700Z_timing/batches/timing/columba/measured_1/batch_004/guides/chr22_100_guide_033/output.paf	105	0effc63d85fa97f691908ce0321ab857ae6f08fabd2480f35c83ff81e76c9f0e
raw/chr22_100_guides_tux05_20260813T160700Z_timing/batches/timing/columba/measured_1/batch_004/guides/chr22_100_guide_033/stderr.txt	656	6be499e878bb8835b2d0095d754911ca511e88d92eb98ee972ab04a1f8c00a0b
raw/chr22_100_guides_tux05_20260813T160700Z_timing/batches/timing/columba/measured_1/batch_004/guides/chr22_100_guide_034/command.txt	566	4ce1b4c65927cdd6014f6bc301f313a08494b3f8aeb53328c27d47793b6cef2e
raw/chr22_100_guides_tux05_20260813T160700Z_timing/batches/timing/columba/measured_1/batch_004/guides/chr22_100_guide_034/metrics.tsv	294	87fd88793a23dd6e2c9ceeb720c7ed0c5c42a13c72a6e84728604986521d0381
raw/chr22_100_guides_tux05_20260813T160700Z_timing/batches/timing/columba/measured_1/batch_004/guides/chr22_100_guide_034/output.paf	105	b799f84402b88ca7eda644ce1b5b5eb56c02b09c04d62fc51c4c70dc76c6b583
raw/chr22_100_guides_tux05_20260813T160700Z_timing/batches/timing/columba/measured_1/batch_004/guides/chr22_100_guide_034/stderr.txt	187	4f6dc5b5a164eea9ba79b4a4c7ee686bbb2ef32b24b407949991d9e320496ddb
raw/chr22_100_guides_tux05_20260813T160700Z_timing/batches/timing/columba/measured_1/batch_004/guides/chr22_100_guide_035/command.txt	566	1dfd64605fdbbfc3767c3f27341d5c28600329a526fd4cf8672d5b7756e3bc60
raw/chr22_100_guides_tux05_20260813T160700Z_timing/batches/timing/columba/measured_1/batch_004/guides/chr22_100_guide_035/metrics.tsv	297	1aeaa1cd41c3d38e0913955f3690542d69834e2e0884d02bd55e5ea2286452aa
raw/chr22_100_guides_tux05_20260813T160700Z_timing/batches/timing/columba/measured_1/batch_004/guides/chr22_100_guide_035/output.paf	1068	26e2eb81897f587da39402739a7f851313f0bf1adff27623b341a24f6d65d55b
raw/chr22_100_guides_tux05_20260813T160700Z_timing/batches/timing/columba/measured_1/batch_004/guides/chr22_100_guide_035/stderr.txt	26996	99ec977a326ca10c3e115b1ced26f639f311e55f5d55485ff6a9c48c4655ed96
raw/chr22_100_guides_tux05_20260813T160700Z_timing/batches/timing/columba/measured_1/batch_004/guides/chr22_100_guide_036/command.txt	566	34446fdba96d2f066083524581067fc03e27f2dd3f3d70048d2a6cb47060508b
raw/chr22_100_guides_tux05_20260813T160700Z_timing/batches/timing/columba/measured_1/batch_004/guides/chr22_100_guide_036/metrics.tsv	293	dfd7eb017110ab39aab2f64977689184c2a00cf7fa690a146433d24e5da21e84
raw/chr22_100_guides_tux05_20260813T160700Z_timing/batches/timing/columba/measured_1/batch_004/guides/chr22_100_guide_036/output.paf	105	d902219eeefe3ff64202f082d0493776f51eb4ff2b0f1167c0e670f923533dc4
raw/chr22_100_guides_tux05_20260813T160700Z_timing/batches/timing/columba/measured_1/batch_004/guides/chr22_100_guide_036/stderr.txt	94	561879fe16bf8d8d845615014aafa1348557dc2b653402bc983228fe11f91985
raw/chr22_100_guides_tux05_20260813T160700Z_timing/batches/timing/columba/measured_1/batch_004/guides/chr22_100_guide_037/command.txt	566	beda16c3cbaf1a022fec89d057945cfd8465fa1dfc282b3b74180a64935f42f0
raw/chr22_100_guides_tux05_20260813T160700Z_timing/batches/timing/columba/measured_1/batch_004/guides/chr22_100_guide_037/metrics.tsv	292	3122bab92b58e8b4d84c6f5acebfbbf2145975d04197b8c938baf10486aa1e08
raw/chr22_100_guides_tux05_20260813T160700Z_timing/batches/timing/columba/measured_1/batch_004/guides/chr22_100_guide_037/output.paf	105	87a59470956d0b27daf38e5e39ded5e150cdea0e868b3bb38ed13ec71694f010
raw/chr22_100_guides_tux05_20260813T160700Z_timing/batches/timing/columba/measured_1/batch_004/guides/chr22_100_guide_037/stderr.txt	0	e3b0c44298fc1c149afbf4c8996fb92427ae41e4649b934ca495991b7852b855
raw/chr22_100_guides_tux05_20260813T160700Z_timing/batches/timing/columba/measured_1/batch_004/guides/chr22_100_guide_038/command.txt	566	9c0ec224db1849cbefa2b5764e5537db605396f19a9a7cc317e179e279ebe990
raw/chr22_100_guides_tux05_20260813T160700Z_timing/batches/timing/columba/measured_1/batch_004/guides/chr22_100_guide_038/metrics.tsv	294	5d8d0653ee0ef866a6df2bf3e3c9b48bd48d545f020365709afce4bdbb79c526
raw/chr22_100_guides_tux05_20260813T160700Z_timing/batches/timing/columba/measured_1/batch_004/guides/chr22_100_guide_038/output.paf	105	029b4bae64ebbe3decac5715b992bb89ceb0731276cd7cd8566eaca4250537b4
raw/chr22_100_guides_tux05_20260813T160700Z_timing/batches/timing/columba/measured_1/batch_004/guides/chr22_100_guide_038/stderr.txt	846	d19c36693df71437a3e971b04638d4c55f47a0d94d8887a1c6ebbec6f71e8046
raw/chr22_100_guides_tux05_20260813T160700Z_timing/batches/timing/columba/measured_1/batch_004/guides/chr22_100_guide_039/command.txt	566	478805a118ab94046408be78b00ea8b9ff3949702199a09f057c45c132eb41a5
raw/chr22_100_guides_tux05_20260813T160700Z_timing/batches/timing/columba/measured_1/batch_004/guides/chr22_100_guide_039/metrics.tsv	292	8e3cef41ba7b8b93d991ba7815364fed194fe0cb9d434ee9fe64449ab13359c0
raw/chr22_100_guides_tux05_20260813T160700Z_timing/batches/timing/columba/measured_1/batch_004/guides/chr22_100_guide_039/output.paf	105	a699d8af011bf9deb858b41d0fae396d8cff7641f7f0fffbf757531340e4d266
raw/chr22_100_guides_tux05_20260813T160700Z_timing/batches/timing/columba/measured_1/batch_004/guides/chr22_100_guide_039/stderr.txt	0	e3b0c44298fc1c149afbf4c8996fb92427ae41e4649b934ca495991b7852b855
raw/chr22_100_guides_tux05_20260813T160700Z_timing/batches/timing/columba/measured_1/batch_004/guides/chr22_100_guide_040/command.txt	566	9e25ca24c617ed46f5e32e55fd503488516868fafc7ca7f3c46549ed25702392
raw/chr22_100_guides_tux05_20260813T160700Z_timing/batches/timing/columba/measured_1/batch_004/guides/chr22_100_guide_040/metrics.tsv	294	4f38a586cd7fd77ea1bde1224a02e90861e6db07c1de602e8021ae4c7becf038
raw/chr22_100_guides_tux05_20260813T160700Z_timing/batches/timing/columba/measured_1/batch_004/guides/chr22_100_guide_040/output.paf	105	4390a33a35b7293befeadb9fa60eb9d4727d057633aeb9a93007f6581228ca97
raw/chr22_100_guides_tux05_20260813T160700Z_timing/batches/timing/columba/measured_1/batch_004/guides/chr22_100_guide_040/stderr.txt	188	7e3c0298e47ada9502fe1ab91e5aed0852345691cf2da9d42a3b3bb1585655fc
raw/chr22_100_guides_tux05_20260813T160700Z_timing/batches/timing/columba/measured_1/batch_005/SUCCESS	0	e3b0c44298fc1c149afbf4c8996fb92427ae41e4649b934ca495991b7852b855
raw/chr22_100_guides_tux05_20260813T160700Z_timing/batches/timing/columba/measured_1/batch_005/environment.tsv	595	beb3c59e4c532ceb0d32f1ad9ee2005325411024420afce28db60a5146c2c301
raw/chr22_100_guides_tux05_20260813T160700Z_timing/batches/timing/columba/measured_1/batch_005/guide_ids.txt	200	79abc65bc1cd3a9f4f17f81d96267bf523cd0644719499b8d7b8397b053545cb
raw/chr22_100_guides_tux05_20260813T160700Z_timing/batches/timing/columba/measured_1/batch_005/guide_order.sha256	299	39cbdfc97fef29061ae62efdb4fc2c326393c3e3ccfc17e7e33e60b92110f782
raw/chr22_100_guides_tux05_20260813T160700Z_timing/batches/timing/columba/measured_1/batch_005/guide_order.txt	200	e8a8fcb7af376d12fbea8d6a2f28f243d15cc61a3aa6a4236749228583188c83
raw/chr22_100_guides_tux05_20260813T160700Z_timing/batches/timing/columba/measured_1/batch_005/guide_results.tsv	2277	766c7d5e8560d0b485492caa775d80b01d1bc607d50696b6ab82c49d3fa5edd4
raw/chr22_100_guides_tux05_20260813T160700Z_timing/batches/timing/columba/measured_1/batch_005/guides/chr22_100_guide_041/command.txt	566	89a5d619df2660b972001d0d159c8a01fcc1576f0c09bbd29c7b700ad4072236
raw/chr22_100_guides_tux05_20260813T160700Z_timing/batches/timing/columba/measured_1/batch_005/guides/chr22_100_guide_041/metrics.tsv	293	e98f87c0e8b7bf1a305c7e4befbf27d82349d044185279f7d148a70edbe14d42
raw/chr22_100_guides_tux05_20260813T160700Z_timing/batches/timing/columba/measured_1/batch_005/guides/chr22_100_guide_041/output.paf	105	3e8108b8109dce3b65881841a62543e3eb3ba821fff9bc76b9b5e43ac8c75d77
raw/chr22_100_guides_tux05_20260813T160700Z_timing/batches/timing/columba/measured_1/batch_005/guides/chr22_100_guide_041/stderr.txt	94	30d5bd1a2fd8f421e7be29640f109fecf4e022892dc5732c56ef1b76e1f5233b
raw/chr22_100_guides_tux05_20260813T160700Z_timing/batches/timing/columba/measured_1/batch_005/guides/chr22_100_guide_042/command.txt	566	15e5f721a9d47bcd7e89cc307e577296e5d056ad3d94663a41652d8551c9400f
raw/chr22_100_guides_tux05_20260813T160700Z_timing/batches/timing/columba/measured_1/batch_005/guides/chr22_100_guide_042/metrics.tsv	292	a0a751829303a9388908a8442a49653e8771d5da419dc1708abcc336bc8898d4
raw/chr22_100_guides_tux05_20260813T160700Z_timing/batches/timing/columba/measured_1/batch_005/guides/chr22_100_guide_042/output.paf	105	5924fcb39f9667884df027edda8f627478be6271057a2d69844c736321e3169f
raw/chr22_100_guides_tux05_20260813T160700Z_timing/batches/timing/columba/measured_1/batch_005/guides/chr22_100_guide_042/stderr.txt	0	e3b0c44298fc1c149afbf4c8996fb92427ae41e4649b934ca495991b7852b855
raw/chr22_100_guides_tux05_20260813T160700Z_timing/batches/timing/columba/measured_1/batch_005/guides/chr22_100_guide_043/command.txt	566	b67a6b497e3a6b9bdebb34b5a399c66ef87ede69a75b252be4fab3d258472f2f
raw/chr22_100_guides_tux05_20260813T160700Z_timing/batches/timing/columba/measured_1/batch_005/guides/chr22_100_guide_043/metrics.tsv	296	627ef43df5a09bf08ebe909de445cf791782c76d4ec029203dafb482e17cdf8c
raw/chr22_100_guides_tux05_20260813T160700Z_timing/batches/timing/columba/measured_1/batch_005/guides/chr22_100_guide_043/output.paf	210	453049c36d105d5fc369042ca0ab1a96b8b895a916b5c2f187ec168c02aae659
raw/chr22_100_guides_tux05_20260813T160700Z_timing/batches/timing/columba/measured_1/batch_005/guides/chr22_100_guide_043/stderr.txt	23862	6a4a76d7576dcdf483edf9f4bfebf4e97bedcea9c2681ce642817147f17c17a9
raw/chr22_100_guides_tux05_20260813T160700Z_timing/batches/timing/columba/measured_1/batch_005/guides/chr22_100_guide_044/command.txt	566	54530671f67746b66d95a33193c18e5abbbd5ce5541084af83255ec6a0ac78ce
raw/chr22_100_guides_tux05_20260813T160700Z_timing/batches/timing/columba/measured_1/batch_005/guides/chr22_100_guide_044/metrics.tsv	295	852751c913e22c5a5c4603fd401eedc933374474b3350928ee8e65c50e3ae809
raw/chr22_100_guides_tux05_20260813T160700Z_timing/batches/timing/columba/measured_1/batch_005/guides/chr22_100_guide_044/output.paf	212	4f1d85930718319dee2874ba1c96e3f8e80885b044e2550d9d3285234eb16d34
raw/chr22_100_guides_tux05_20260813T160700Z_timing/batches/timing/columba/measured_1/batch_005/guides/chr22_100_guide_044/stderr.txt	8926	ac80b04a88870303112f4ee98ea5b95636d0b8b35af5c52fb77c23238f1648db
raw/chr22_100_guides_tux05_20260813T160700Z_timing/batches/timing/columba/measured_1/batch_005/guides/chr22_100_guide_045/command.txt	566	a5dc2c466af134335a0814a6fdc2abbfeea25b3c539a72e90cfd77196bf537a2
raw/chr22_100_guides_tux05_20260813T160700Z_timing/batches/timing/columba/measured_1/batch_005/guides/chr22_100_guide_045/metrics.tsv	293	ce5cfca6c643bc91477cd69788480fa30d263feed0ca544d328d200513b1083a
raw/chr22_100_guides_tux05_20260813T160700Z_timing/batches/timing/columba/measured_1/batch_005/guides/chr22_100_guide_045/output.paf	105	7e528a989c31c40be279492b74efb2b32bbafcb76168ffa5ecf4da003dd2852c
raw/chr22_100_guides_tux05_20260813T160700Z_timing/batches/timing/columba/measured_1/batch_005/guides/chr22_100_guide_045/stderr.txt	94	dd567e27451842465f72c8df72e5b23a60f4533474e55b65999ba98af50e5e25
raw/chr22_100_guides_tux05_20260813T160700Z_timing/batches/timing/columba/measured_1/batch_005/guides/chr22_100_guide_046/command.txt	566	87d7006eff9339b20600f06c4232d644acdcea738e1b21a96f6a8b23acedaf6e
raw/chr22_100_guides_tux05_20260813T160700Z_timing/batches/timing/columba/measured_1/batch_005/guides/chr22_100_guide_046/metrics.tsv	293	cbb19415a00df7165808fa4200071d842cd8d27356d3af4fe5be19690958a67b
raw/chr22_100_guides_tux05_20260813T160700Z_timing/batches/timing/columba/measured_1/batch_005/guides/chr22_100_guide_046/output.paf	105	714554ca8eac6dff9bf1ea7bcd982ded36f466eaa79bea00a33e12ff4252393b
raw/chr22_100_guides_tux05_20260813T160700Z_timing/batches/timing/columba/measured_1/batch_005/guides/chr22_100_guide_046/stderr.txt	94	32b0fdb408a245e8ea00a9e3729e5f81f9093394a9fdef4348318ec666ad1e55
raw/chr22_100_guides_tux05_20260813T160700Z_timing/batches/timing/columba/measured_1/batch_005/guides/chr22_100_guide_047/command.txt	566	09a07f9402cbb8f11a93f4619d86a05a1f257ff3e198b47115e26c3ecb6c46ca
raw/chr22_100_guides_tux05_20260813T160700Z_timing/batches/timing/columba/measured_1/batch_005/guides/chr22_100_guide_047/metrics.tsv	294	c48adb0398383e6f184c6911e7c805b410c13cd7a2006d74dca68c1bc72b236b
raw/chr22_100_guides_tux05_20260813T160700Z_timing/batches/timing/columba/measured_1/batch_005/guides/chr22_100_guide_047/output.paf	105	ca51411298336dbdfe2d1022ed02e74028dfbcd2e0e397a8224fce4f6017af72
raw/chr22_100_guides_tux05_20260813T160700Z_timing/batches/timing/columba/measured_1/batch_005/guides/chr22_100_guide_047/stderr.txt	282	b76583d8074d81b6123010653d515a4ff97310c43c5bf08081014d9154db7606
raw/chr22_100_guides_tux05_20260813T160700Z_timing/batches/timing/columba/measured_1/batch_005/guides/chr22_100_guide_048/command.txt	566	013615c7451b42b2e94f086fe08854e475f20dd3d22c9013797b8fc057463758
raw/chr22_100_guides_tux05_20260813T160700Z_timing/batches/timing/columba/measured_1/batch_005/guides/chr22_100_guide_048/metrics.tsv	292	1c9d426d4525cec0de1dc1ef2ea6f1d8b9eddafdabd00cc3b542b0accd4bf5c4
raw/chr22_100_guides_tux05_20260813T160700Z_timing/batches/timing/columba/measured_1/batch_005/guides/chr22_100_guide_048/output.paf	105	bc3b9f3f86cc8bbd34d0a114947da783ee284f28a9a17754f8b3028fd08951a9
raw/chr22_100_guides_tux05_20260813T160700Z_timing/batches/timing/columba/measured_1/batch_005/guides/chr22_100_guide_048/stderr.txt	0	e3b0c44298fc1c149afbf4c8996fb92427ae41e4649b934ca495991b7852b855
raw/chr22_100_guides_tux05_20260813T160700Z_timing/batches/timing/columba/measured_1/batch_005/guides/chr22_100_guide_049/command.txt	566	8aab2e7241e9a2a123f3def9f000857a2f80382ca271073ee216c231d6d447b7
raw/chr22_100_guides_tux05_20260813T160700Z_timing/batches/timing/columba/measured_1/batch_005/guides/chr22_100_guide_049/metrics.tsv	294	97a898ae5733beda7f50cea53d06d80cb882214a113d0b486199d8b61694eee2
raw/chr22_100_guides_tux05_20260813T160700Z_timing/batches/timing/columba/measured_1/batch_005/guides/chr22_100_guide_049/output.paf	323	00230428f6d63582ec60d092b6bc6c689bf77cb21e9480a627f5e8c16d0dc979
raw/chr22_100_guides_tux05_20260813T160700Z_timing/batches/timing/columba/measured_1/batch_005/guides/chr22_100_guide_049/stderr.txt	940	42d1ec48cb0493956d77fad00767b6c2fed5e28ca7790d50779e46dd1957fd55
raw/chr22_100_guides_tux05_20260813T160700Z_timing/batches/timing/columba/measured_1/batch_005/guides/chr22_100_guide_050/command.txt	566	c4ee76804607468ef9600712f44ea93a2312cce48ada62302ef5577876e60bd3
raw/chr22_100_guides_tux05_20260813T160700Z_timing/batches/timing/columba/measured_1/batch_005/guides/chr22_100_guide_050/metrics.tsv	297	be323f2a557a381c880f37f28c53a9832aeab6053d89fbc8425debfa26a59c23
raw/chr22_100_guides_tux05_20260813T160700Z_timing/batches/timing/columba/measured_1/batch_005/guides/chr22_100_guide_050/output.paf	8608	a3962782031d7a99caa2c5378ed324dd3f3d615a63e3f3246b35b7371cee0cde
raw/chr22_100_guides_tux05_20260813T160700Z_timing/batches/timing/columba/measured_1/batch_005/guides/chr22_100_guide_050/stderr.txt	94235	76defb6e40a3b8e0ecc76033ed3e6b9c80b03fa159050eccc782c7a714c2d894
raw/chr22_100_guides_tux05_20260813T160700Z_timing/batches/timing/columba/measured_1/batch_006/SUCCESS	0	e3b0c44298fc1c149afbf4c8996fb92427ae41e4649b934ca495991b7852b855
raw/chr22_100_guides_tux05_20260813T160700Z_timing/batches/timing/columba/measured_1/batch_006/environment.tsv	595	0f40e76e3823b08477bd22dcac55f90f62702399fa33b26a881cc167c77b1907
raw/chr22_100_guides_tux05_20260813T160700Z_timing/batches/timing/columba/measured_1/batch_006/guide_ids.txt	200	a907f2343a18b400de9f60c307535ffaff3746888d1360e5a0bcb954b27f9946
raw/chr22_100_guides_tux05_20260813T160700Z_timing/batches/timing/columba/measured_1/batch_006/guide_order.sha256	299	2c83261153f7b73519e1dde113d7a3db64bde86ba9491d2e013fcb8164e948a5
raw/chr22_100_guides_tux05_20260813T160700Z_timing/batches/timing/columba/measured_1/batch_006/guide_order.txt	200	842bea15c5f602863504c7e0bfc1ecf570352a18a0df093de2fe94f2152c40cb
raw/chr22_100_guides_tux05_20260813T160700Z_timing/batches/timing/columba/measured_1/batch_006/guide_results.tsv	2279	25d473e56191704f32abbb77e14c815180a111377914497918f9bd9bfe744cea
raw/chr22_100_guides_tux05_20260813T160700Z_timing/batches/timing/columba/measured_1/batch_006/guides/chr22_100_guide_051/command.txt	566	6930dd10c6a4b90b15bd34111d8bf425357a22fd57a493aa3299b720108e74aa
raw/chr22_100_guides_tux05_20260813T160700Z_timing/batches/timing/columba/measured_1/batch_006/guides/chr22_100_guide_051/metrics.tsv	293	d7c30de180a585ba6b76d38596a772b77d9869020d37b5e70620b54f56136f21
raw/chr22_100_guides_tux05_20260813T160700Z_timing/batches/timing/columba/measured_1/batch_006/guides/chr22_100_guide_051/output.paf	105	14ef5eacd0519bf8d6f3f1e421b2147ce2cef2d89992ac6bc3c0c6493049fd6f
raw/chr22_100_guides_tux05_20260813T160700Z_timing/batches/timing/columba/measured_1/batch_006/guides/chr22_100_guide_051/stderr.txt	94	b3f77e03add0f929849c64c186a0f6ee8168522805e29a074a8498ff01f34924
raw/chr22_100_guides_tux05_20260813T160700Z_timing/batches/timing/columba/measured_1/batch_006/guides/chr22_100_guide_052/command.txt	566	56fcec6ace838c7592226df602b7be1f4a7687b9485435fe9be6e73b08444f71
raw/chr22_100_guides_tux05_20260813T160700Z_timing/batches/timing/columba/measured_1/batch_006/guides/chr22_100_guide_052/metrics.tsv	293	5ad7c8b3b3acf559fb71de0162e11c2eb5303dd4f72f51a87db54c15a5ca5b42
raw/chr22_100_guides_tux05_20260813T160700Z_timing/batches/timing/columba/measured_1/batch_006/guides/chr22_100_guide_052/output.paf	105	b743dcf20b0f8a4d8e1a343b97d48c58a0bc7fc4d1bb2a983a38d2078d740fcd
raw/chr22_100_guides_tux05_20260813T160700Z_timing/batches/timing/columba/measured_1/batch_006/guides/chr22_100_guide_052/stderr.txt	94	2948117454b190d6eeeaca3bc94a2bf5793d77da14d80a9f2def8405cee8a845
raw/chr22_100_guides_tux05_20260813T160700Z_timing/batches/timing/columba/measured_1/batch_006/guides/chr22_100_guide_053/command.txt	566	48476778c0a3f35ba869b05bf8bf6b785237f764574c5b20d02bc627fd6fb84e
raw/chr22_100_guides_tux05_20260813T160700Z_timing/batches/timing/columba/measured_1/batch_006/guides/chr22_100_guide_053/metrics.tsv	293	d7d2d50520965e834b0818fc04910edb61ee2aaad29daefdb8a93e12efdc6380
raw/chr22_100_guides_tux05_20260813T160700Z_timing/batches/timing/columba/measured_1/batch_006/guides/chr22_100_guide_053/output.paf	105	7f92fd7dddc708c2b3ec905f92a74e766b81d6ff9eaf13b4dc9c11ff5e96767a
raw/chr22_100_guides_tux05_20260813T160700Z_timing/batches/timing/columba/measured_1/batch_006/guides/chr22_100_guide_053/stderr.txt	94	eb38c77d3364d29cf9b4a0c82bd850e49266e1046930de12097b9d1d6f671ebe
raw/chr22_100_guides_tux05_20260813T160700Z_timing/batches/timing/columba/measured_1/batch_006/guides/chr22_100_guide_054/command.txt	566	e9e3276e6748b10bcfbf0d19b96954bc3988c3aab61428628023340dbff2d19d
raw/chr22_100_guides_tux05_20260813T160700Z_timing/batches/timing/columba/measured_1/batch_006/guides/chr22_100_guide_054/metrics.tsv	297	9ace0a888d0f7d335e8426681310e48a38b7023782cb94fcfad289f3f0517eb1
raw/chr22_100_guides_tux05_20260813T160700Z_timing/batches/timing/columba/measured_1/batch_006/guides/chr22_100_guide_054/output.paf	1518	d9abcf3e269963d774edd15ecfe3248bb12de76053f6fba41a9ca58879ce535c
raw/chr22_100_guides_tux05_20260813T160700Z_timing/batches/timing/columba/measured_1/batch_006/guides/chr22_100_guide_054/stderr.txt	18702	62cdbb700ac6e400eb15d3c313f1c22cd0466e5941035e515b9a58218cbfa7d7
raw/chr22_100_guides_tux05_20260813T160700Z_timing/batches/timing/columba/measured_1/batch_006/guides/chr22_100_guide_055/command.txt	566	c1ce6223400c52d529f8dfd61438a711cb00e3bab4d1b781c8468977494db9fe
raw/chr22_100_guides_tux05_20260813T160700Z_timing/batches/timing/columba/measured_1/batch_006/guides/chr22_100_guide_055/metrics.tsv	294	37ad2de1f1a3a363e96d85f99faed308fa36e6c94befaf2e616ca83523c17790
raw/chr22_100_guides_tux05_20260813T160700Z_timing/batches/timing/columba/measured_1/batch_006/guides/chr22_100_guide_055/output.paf	105	a3d6cd5055990fc10a7f55f785689720f3a06133f1b0f4568f98749ce2751038
raw/chr22_100_guides_tux05_20260813T160700Z_timing/batches/timing/columba/measured_1/batch_006/guides/chr22_100_guide_055/stderr.txt	282	cbf8fe25e09218949637c014c44b0ac6c41b7c9311afed997f16260a3c1fbf6a
raw/chr22_100_guides_tux05_20260813T160700Z_timing/batches/timing/columba/measured_1/batch_006/guides/chr22_100_guide_056/command.txt	566	8beabd8783755a9d30707f2d2e045d588a57dceb13de2d243acef0cf3ff57b73
raw/chr22_100_guides_tux05_20260813T160700Z_timing/batches/timing/columba/measured_1/batch_006/guides/chr22_100_guide_056/metrics.tsv	292	194677d291acbec68c1cc5c8a04e30296981d4572db29f5094d0f0071ceb7d62
raw/chr22_100_guides_tux05_20260813T160700Z_timing/batches/timing/columba/measured_1/batch_006/guides/chr22_100_guide_056/output.paf	105	4a6cdc3b90d2775c2496444fab6f836151cd422ec2c82a9bf758cde5414f2417
raw/chr22_100_guides_tux05_20260813T160700Z_timing/batches/timing/columba/measured_1/batch_006/guides/chr22_100_guide_056/stderr.txt	0	e3b0c44298fc1c149afbf4c8996fb92427ae41e4649b934ca495991b7852b855
raw/chr22_100_guides_tux05_20260813T160700Z_timing/batches/timing/columba/measured_1/batch_006/guides/chr22_100_guide_057/command.txt	566	939a79152fdaff1ae639fc8159780cd928c7fc1eee34b839d6e4d6741a853f22
raw/chr22_100_guides_tux05_20260813T160700Z_timing/batches/timing/columba/measured_1/batch_006/guides/chr22_100_guide_057/metrics.tsv	299	b33bdc36b368384a9f9e85d167977fdfcfd50e29d0c5845883fb70621acd82f0
raw/chr22_100_guides_tux05_20260813T160700Z_timing/batches/timing/columba/measured_1/batch_006/guides/chr22_100_guide_057/output.paf	63917	783a46d43d98318f821fc86b8be9e506027471318fc62ea5c629dfb1aca5a195
raw/chr22_100_guides_tux05_20260813T160700Z_timing/batches/timing/columba/measured_1/batch_006/guides/chr22_100_guide_057/stderr.txt	271825	62403cc55bceb18e3f7dc799bae6212084c8fd72be3b5f839029a386d7c94f53
raw/chr22_100_guides_tux05_20260813T160700Z_timing/batches/timing/columba/measured_1/batch_006/guides/chr22_100_guide_058/command.txt	566	7eb09ce5de4178d7c4d5aa594ca636f2fb1d8967182a3455f28ac42e2bbc4525
raw/chr22_100_guides_tux05_20260813T160700Z_timing/batches/timing/columba/measured_1/batch_006/guides/chr22_100_guide_058/metrics.tsv	293	b9961015558b05c4f5b67ac6db437521a4bc8c62a320ce0c09b4f176dc6f3451
raw/chr22_100_guides_tux05_20260813T160700Z_timing/batches/timing/columba/measured_1/batch_006/guides/chr22_100_guide_058/output.paf	105	b7517a16df61180265ec10a20cb33a003c3ea568992073591f20e96d81391119
raw/chr22_100_guides_tux05_20260813T160700Z_timing/batches/timing/columba/measured_1/batch_006/guides/chr22_100_guide_058/stderr.txt	94	b52ea0dac91d497aaec6f642a08329c4472b1d235792c856330e28a7c0b02c57
raw/chr22_100_guides_tux05_20260813T160700Z_timing/batches/timing/columba/measured_1/batch_006/guides/chr22_100_guide_059/command.txt	566	c3537f828122d28432cb2772f00c70b2a2ee786cc6f3eaa59447bd6088b95563
raw/chr22_100_guides_tux05_20260813T160700Z_timing/batches/timing/columba/measured_1/batch_006/guides/chr22_100_guide_059/metrics.tsv	293	f1f40c3d19dcd9b634f87922e57410b63b265c404bd6dabb729af60e3543b221
raw/chr22_100_guides_tux05_20260813T160700Z_timing/batches/timing/columba/measured_1/batch_006/guides/chr22_100_guide_059/output.paf	105	a6e8f7dbe8440152b018e778c86e594c220662576f7388bf74086116bfb557b5
raw/chr22_100_guides_tux05_20260813T160700Z_timing/batches/timing/columba/measured_1/batch_006/guides/chr22_100_guide_059/stderr.txt	94	0125d3c4984bdc22f6fcb221414dd3900ca99fecfcf592d4992e3000caf67fe4
raw/chr22_100_guides_tux05_20260813T160700Z_timing/batches/timing/columba/measured_1/batch_006/guides/chr22_100_guide_060/command.txt	566	f675caf8479b208360f406ce301af37f1a970747d7605a9cefe149eb906385db
raw/chr22_100_guides_tux05_20260813T160700Z_timing/batches/timing/columba/measured_1/batch_006/guides/chr22_100_guide_060/metrics.tsv	294	b286118413fb65b2e5c8072c0b41af15fd757eff717056ce62b63a76e5f8a2c0
raw/chr22_100_guides_tux05_20260813T160700Z_timing/batches/timing/columba/measured_1/batch_006/guides/chr22_100_guide_060/output.paf	105	96bacc0c5f62f5ee3cb64d6560e882e64673267447e8714383a4ab744f1c99a8
raw/chr22_100_guides_tux05_20260813T160700Z_timing/batches/timing/columba/measured_1/batch_006/guides/chr22_100_guide_060/stderr.txt	932	ccbb31fe1ebb9328fe27201916e87bd7c24b711b7b0b063a7f477755fe73cf70
raw/chr22_100_guides_tux05_20260813T160700Z_timing/batches/timing/columba/measured_1/batch_007/SUCCESS	0	e3b0c44298fc1c149afbf4c8996fb92427ae41e4649b934ca495991b7852b855
raw/chr22_100_guides_tux05_20260813T160700Z_timing/batches/timing/columba/measured_1/batch_007/environment.tsv	595	4179a62bbbee8463979c4360ff30e0b4007852f04d133053ad61f24b74cbc8da
raw/chr22_100_guides_tux05_20260813T160700Z_timing/batches/timing/columba/measured_1/batch_007/guide_ids.txt	200	b97f249a9d901ca09c9b56ad81caef9d872e401da7303876ac6687eb5a39aac5
raw/chr22_100_guides_tux05_20260813T160700Z_timing/batches/timing/columba/measured_1/batch_007/guide_order.sha256	299	9ef277454cf1b0fdf8414ba17fc17ff5ee1cd39ab82b1390e7277ed753251248
raw/chr22_100_guides_tux05_20260813T160700Z_timing/batches/timing/columba/measured_1/batch_007/guide_order.txt	200	76ef5be748b92956a32acbcbcdbcf4ee44c4183a9e9ff584da946742f77baf5a
raw/chr22_100_guides_tux05_20260813T160700Z_timing/batches/timing/columba/measured_1/batch_007/guide_results.tsv	2276	0941fdc1f7a3dff92397df45d4365b7c5da88dac72cc24c7ede3190f8778bd36
raw/chr22_100_guides_tux05_20260813T160700Z_timing/batches/timing/columba/measured_1/batch_007/guides/chr22_100_guide_061/command.txt	566	650f4a13a507d96048e121012f990c63693293901f36d8425e7b722d48b66b06
raw/chr22_100_guides_tux05_20260813T160700Z_timing/batches/timing/columba/measured_1/batch_007/guides/chr22_100_guide_061/metrics.tsv	294	bd6226819ce045349553fb725a3d13031f0af1f5b1d09cf9f507e817da654b89
raw/chr22_100_guides_tux05_20260813T160700Z_timing/batches/timing/columba/measured_1/batch_007/guides/chr22_100_guide_061/output.paf	105	9246314add68bcb309196485353ca32264aa9d97b65d40e3825659e7fa9e07c5
raw/chr22_100_guides_tux05_20260813T160700Z_timing/batches/timing/columba/measured_1/batch_007/guides/chr22_100_guide_061/stderr.txt	188	12cf0f82ebccaab6f5456eda16e6f1aa1c8c09e0e0b6bfe076d282d5294656c8
raw/chr22_100_guides_tux05_20260813T160700Z_timing/batches/timing/columba/measured_1/batch_007/guides/chr22_100_guide_062/command.txt	566	a171f4906b917c9444cb15e384cf94bd72bb1f50e60d9c439fe183380f9af0c5
raw/chr22_100_guides_tux05_20260813T160700Z_timing/batches/timing/columba/measured_1/batch_007/guides/chr22_100_guide_062/metrics.tsv	292	637cade78559951b50903362dfea8b971d74507c963e7ef4882713888e452560
raw/chr22_100_guides_tux05_20260813T160700Z_timing/batches/timing/columba/measured_1/batch_007/guides/chr22_100_guide_062/output.paf	105	4832e7aa711ccdac22496f6cb8a979eec30369c372fca1b6aba1e3edfb12e8a1
raw/chr22_100_guides_tux05_20260813T160700Z_timing/batches/timing/columba/measured_1/batch_007/guides/chr22_100_guide_062/stderr.txt	0	e3b0c44298fc1c149afbf4c8996fb92427ae41e4649b934ca495991b7852b855
raw/chr22_100_guides_tux05_20260813T160700Z_timing/batches/timing/columba/measured_1/batch_007/guides/chr22_100_guide_063/command.txt	566	8763348e45d4d4c45c8cef4948b1fd06ac339aadcc02d5a956f282c1ac0c35ef
raw/chr22_100_guides_tux05_20260813T160700Z_timing/batches/timing/columba/measured_1/batch_007/guides/chr22_100_guide_063/metrics.tsv	293	c51129f2d834c7fdb6b76801c0efafbf324d13edd78ea6d0da37a6f820809902
raw/chr22_100_guides_tux05_20260813T160700Z_timing/batches/timing/columba/measured_1/batch_007/guides/chr22_100_guide_063/output.paf	105	c4ca7ddc636638d7005d3e187756ba84185296e1c2585b41d0a7a856e2606213
raw/chr22_100_guides_tux05_20260813T160700Z_timing/batches/timing/columba/measured_1/batch_007/guides/chr22_100_guide_063/stderr.txt	94	696e651629a088ed51fa18bf92752b7cebcc5231944eb0da133c1b9ea7800ae7
raw/chr22_100_guides_tux05_20260813T160700Z_timing/batches/timing/columba/measured_1/batch_007/guides/chr22_100_guide_064/command.txt	566	cbfa779c953bf1b574cb41e057ec20878b0869a63cd3d04f0cd6279b249ef292
raw/chr22_100_guides_tux05_20260813T160700Z_timing/batches/timing/columba/measured_1/batch_007/guides/chr22_100_guide_064/metrics.tsv	294	fa61171d0b4db8bed171c55748e4af9bbde35e082223ce95c5acdf3d97d08995
raw/chr22_100_guides_tux05_20260813T160700Z_timing/batches/timing/columba/measured_1/batch_007/guides/chr22_100_guide_064/output.paf	105	b38f02456f345d872287da7f74b53691b169eb255cc35d11d103c308c700d2eb
raw/chr22_100_guides_tux05_20260813T160700Z_timing/batches/timing/columba/measured_1/batch_007/guides/chr22_100_guide_064/stderr.txt	282	80ee862860c0660e526ecb32b831aefab1ec8d289bb9d77c6b7b292513f4e728
raw/chr22_100_guides_tux05_20260813T160700Z_timing/batches/timing/columba/measured_1/batch_007/guides/chr22_100_guide_065/command.txt	566	cd8bea7ad0302bb53f4545cde2f35efde24f2fb175dfc2c4ed9246058809a00d
raw/chr22_100_guides_tux05_20260813T160700Z_timing/batches/timing/columba/measured_1/batch_007/guides/chr22_100_guide_065/metrics.tsv	292	abc6ef1013365be01dfeca351553300aef4e9da5287a4268db5554f9399657a0
raw/chr22_100_guides_tux05_20260813T160700Z_timing/batches/timing/columba/measured_1/batch_007/guides/chr22_100_guide_065/output.paf	105	4a6f7a313e251182f276be210f99075cb7bfa5275fa278d132ac27df6e713db1
raw/chr22_100_guides_tux05_20260813T160700Z_timing/batches/timing/columba/measured_1/batch_007/guides/chr22_100_guide_065/stderr.txt	0	e3b0c44298fc1c149afbf4c8996fb92427ae41e4649b934ca495991b7852b855
raw/chr22_100_guides_tux05_20260813T160700Z_timing/batches/timing/columba/measured_1/batch_007/guides/chr22_100_guide_066/command.txt	566	c69994929b6770cb304fdeac6afc4e19a288b04c9df37b0b524f6678ae4d6c60
raw/chr22_100_guides_tux05_20260813T160700Z_timing/batches/timing/columba/measured_1/batch_007/guides/chr22_100_guide_066/metrics.tsv	293	5bb354ad4a4d65603197113eb789977c239f2287568bc53b2917aa53a2343c89
raw/chr22_100_guides_tux05_20260813T160700Z_timing/batches/timing/columba/measured_1/batch_007/guides/chr22_100_guide_066/output.paf	105	4802296ebbba9922a4ece696902be06427691049808ba406ed873a9a4a219f9c
raw/chr22_100_guides_tux05_20260813T160700Z_timing/batches/timing/columba/measured_1/batch_007/guides/chr22_100_guide_066/stderr.txt	94	5f467778f752a1aaed5df46d05a9a1b73450c302e12b8f1f7e33ddf845f2077e
raw/chr22_100_guides_tux05_20260813T160700Z_timing/batches/timing/columba/measured_1/batch_007/guides/chr22_100_guide_067/command.txt	566	1b1523f9c92f86af9cfe29cb89d4261c92b593a6c7fc810de26996f588036e43
raw/chr22_100_guides_tux05_20260813T160700Z_timing/batches/timing/columba/measured_1/batch_007/guides/chr22_100_guide_067/metrics.tsv	294	33249e36d7da8b1fb58062a0d8c85389588d8f092b4fee48150ba6dd28b9adfd
raw/chr22_100_guides_tux05_20260813T160700Z_timing/batches/timing/columba/measured_1/batch_007/guides/chr22_100_guide_067/output.paf	105	0229a4fc79d3d37ddda05a4910899ff60fcd29aa41d3690d08b235deae1dd329
raw/chr22_100_guides_tux05_20260813T160700Z_timing/batches/timing/columba/measured_1/batch_007/guides/chr22_100_guide_067/stderr.txt	282	53b771ffaca11cb96d720daf7c16129376f1614689ba28d188fa0d0308cc5d07
raw/chr22_100_guides_tux05_20260813T160700Z_timing/batches/timing/columba/measured_1/batch_007/guides/chr22_100_guide_068/command.txt	566	b4f95c6280b1a4dc349971cca88c87fd6230df502fa8f9023aa12bfe754f76e7
raw/chr22_100_guides_tux05_20260813T160700Z_timing/batches/timing/columba/measured_1/batch_007/guides/chr22_100_guide_068/metrics.tsv	294	c17f5ddf7e08953f6dbd944925724e9c6e320164136d8a654664cd55c516dcc8
raw/chr22_100_guides_tux05_20260813T160700Z_timing/batches/timing/columba/measured_1/batch_007/guides/chr22_100_guide_068/output.paf	214	d39c5b6762aa09453e14f55e106ab300ceb4955ee3d73b381937cbf2220ed042
raw/chr22_100_guides_tux05_20260813T160700Z_timing/batches/timing/columba/measured_1/batch_007/guides/chr22_100_guide_068/stderr.txt	188	fc6bbc4c65e692473cbf32ff151557635e2d1dd99e4b69c5ee3da000a109cea9
raw/chr22_100_guides_tux05_20260813T160700Z_timing/batches/timing/columba/measured_1/batch_007/guides/chr22_100_guide_069/command.txt	566	6ab248107276765722b8a3fdbe4c32639a5386a8a99ebb56c252f33b45d836de
raw/chr22_100_guides_tux05_20260813T160700Z_timing/batches/timing/columba/measured_1/batch_007/guides/chr22_100_guide_069/metrics.tsv	294	7f92749b4147248f3290fdb61394c62766f92784456109c123a107954bacb5de
raw/chr22_100_guides_tux05_20260813T160700Z_timing/batches/timing/columba/measured_1/batch_007/guides/chr22_100_guide_069/output.paf	105	77885b288a794217926cbdc3f9557271a5584ca0a3525a33368ba9dfa0f79c36
raw/chr22_100_guides_tux05_20260813T160700Z_timing/batches/timing/columba/measured_1/batch_007/guides/chr22_100_guide_069/stderr.txt	470	5d430161443a2a46da19dfd91300b023436381d8acde81bd4858cc16663951ac
raw/chr22_100_guides_tux05_20260813T160700Z_timing/batches/timing/columba/measured_1/batch_007/guides/chr22_100_guide_070/command.txt	566	3e50a90b55d592389b4d53c90eb7f4f4ac764beaebd77db60eb82cbf62079482
raw/chr22_100_guides_tux05_20260813T160700Z_timing/batches/timing/columba/measured_1/batch_007/guides/chr22_100_guide_070/metrics.tsv	293	bbcf88de7ca2c997add3059224b3ec145685dc0f72950f28ba88609eb5310897
raw/chr22_100_guides_tux05_20260813T160700Z_timing/batches/timing/columba/measured_1/batch_007/guides/chr22_100_guide_070/output.paf	105	555a66e1753526673117e366fb233c844df0cfc38a64971866528e20e52f4ca2
raw/chr22_100_guides_tux05_20260813T160700Z_timing/batches/timing/columba/measured_1/batch_007/guides/chr22_100_guide_070/stderr.txt	94	daf225fd739240830663f4f6fa1add420c3d409ae734e31ecd3e9a98f65456bd
raw/chr22_100_guides_tux05_20260813T160700Z_timing/batches/timing/columba/measured_1/batch_008/SUCCESS	0	e3b0c44298fc1c149afbf4c8996fb92427ae41e4649b934ca495991b7852b855
raw/chr22_100_guides_tux05_20260813T160700Z_timing/batches/timing/columba/measured_1/batch_008/environment.tsv	595	f39d46a1dcf009dcac996f84b2cd37eceeafe8297b4bb2baa97f05d08fc47328
raw/chr22_100_guides_tux05_20260813T160700Z_timing/batches/timing/columba/measured_1/batch_008/guide_ids.txt	200	801540108e2b17a50f17f798c25d56eccbefb0b7ba5b152cda706082aaee6639
raw/chr22_100_guides_tux05_20260813T160700Z_timing/batches/timing/columba/measured_1/batch_008/guide_order.sha256	299	b57cccd66d176caae9821ef1c1bec7777a43014d089a548bf73cd08c70ff2227
raw/chr22_100_guides_tux05_20260813T160700Z_timing/batches/timing/columba/measured_1/batch_008/guide_order.txt	200	beb704c58879da58b9fdec3470b59c9b18c1fbf3fc0d09c20b48965d7c5a52d6
raw/chr22_100_guides_tux05_20260813T160700Z_timing/batches/timing/columba/measured_1/batch_008/guide_results.tsv	2280	aad6141d1e063f6dde88edf71db9899648262b1de195c812462b7dbcfe3bd469
raw/chr22_100_guides_tux05_20260813T160700Z_timing/batches/timing/columba/measured_1/batch_008/guides/chr22_100_guide_071/command.txt	566	cf3d3efc4290dcac6538399bcdb35e7649abd5a1bb77134f82032d399cfc2cd2
raw/chr22_100_guides_tux05_20260813T160700Z_timing/batches/timing/columba/measured_1/batch_008/guides/chr22_100_guide_071/metrics.tsv	292	74c1b55a0514ac0f81b2b3ef24cecc8294f92a195e45d7d2d681b355427bbf12
raw/chr22_100_guides_tux05_20260813T160700Z_timing/batches/timing/columba/measured_1/batch_008/guides/chr22_100_guide_071/output.paf	105	db50066ab5215e0ab40715d3e84c765c47977eb5d92e2f74fef9a37ee0c19f96
raw/chr22_100_guides_tux05_20260813T160700Z_timing/batches/timing/columba/measured_1/batch_008/guides/chr22_100_guide_071/stderr.txt	0	e3b0c44298fc1c149afbf4c8996fb92427ae41e4649b934ca495991b7852b855
raw/chr22_100_guides_tux05_20260813T160700Z_timing/batches/timing/columba/measured_1/batch_008/guides/chr22_100_guide_072/command.txt	566	094ffe4630fe361070d84d4d80c4f5bbfa18cfafddd156b27194d89d96fd10ea
raw/chr22_100_guides_tux05_20260813T160700Z_timing/batches/timing/columba/measured_1/batch_008/guides/chr22_100_guide_072/metrics.tsv	294	a30c138441dbdd53d8006a1e6baa9aceec536079df557e28ec53ed3ef4b3cee7
raw/chr22_100_guides_tux05_20260813T160700Z_timing/batches/timing/columba/measured_1/batch_008/guides/chr22_100_guide_072/output.paf	105	a7389bd954eaa7a8f7c3e448a2ff3a3f4ef011b680d833fad933fd884d099eca
raw/chr22_100_guides_tux05_20260813T160700Z_timing/batches/timing/columba/measured_1/batch_008/guides/chr22_100_guide_072/stderr.txt	282	9b7501725ac0e846ebbf11d00696dd347ff96cf1e9b93286935af165a5a8fa66
raw/chr22_100_guides_tux05_20260813T160700Z_timing/batches/timing/columba/measured_1/batch_008/guides/chr22_100_guide_073/command.txt	566	eba1264cf9013d38525c2d30bcf23d12aa2915d02fc0212879ab1e5d20bb5fc4
raw/chr22_100_guides_tux05_20260813T160700Z_timing/batches/timing/columba/measured_1/batch_008/guides/chr22_100_guide_073/metrics.tsv	293	93e643b3e700f1da0d95e3354d7ac5d92750663cf3a98a3cdd9e52b5de21cd61
raw/chr22_100_guides_tux05_20260813T160700Z_timing/batches/timing/columba/measured_1/batch_008/guides/chr22_100_guide_073/output.paf	105	850390cf00e784716c531f5e64380876ff07596af289e7ba34bc096bff075ecc
raw/chr22_100_guides_tux05_20260813T160700Z_timing/batches/timing/columba/measured_1/batch_008/guides/chr22_100_guide_073/stderr.txt	94	f44e84d998c57621965bbb72ae37ec201bf3185e3f28563924ad182f849d8046
raw/chr22_100_guides_tux05_20260813T160700Z_timing/batches/timing/columba/measured_1/batch_008/guides/chr22_100_guide_074/command.txt	566	1de414c580ca4646dae0aea0ec19ffe2efd70be71594dfa9581396a7bf5bbd4f
raw/chr22_100_guides_tux05_20260813T160700Z_timing/batches/timing/columba/measured_1/batch_008/guides/chr22_100_guide_074/metrics.tsv	298	0315df1f266ef7fcdfe6173ee616b1fac6cae7ac986ad353ab8e9cecf77cde82
raw/chr22_100_guides_tux05_20260813T160700Z_timing/batches/timing/columba/measured_1/batch_008/guides/chr22_100_guide_074/output.paf	1601	97f0d8858f903bcb6a054b2a856681ae3d750161733d345ff4336bfc33819503
raw/chr22_100_guides_tux05_20260813T160700Z_timing/batches/timing/columba/measured_1/batch_008/guides/chr22_100_guide_074/stderr.txt	105149	47727314b57ea803c5a3fa2d696319a895d425c026877c7342ec66d95555ff9d
raw/chr22_100_guides_tux05_20260813T160700Z_timing/batches/timing/columba/measured_1/batch_008/guides/chr22_100_guide_075/command.txt	566	98658e1f73bdf5d075e4a24f6a1098b56c3aba0440255c52455a073c4450183d
raw/chr22_100_guides_tux05_20260813T160700Z_timing/batches/timing/columba/measured_1/batch_008/guides/chr22_100_guide_075/metrics.tsv	298	33a8d40950f87580c624f500fb74f1077bb280b22802b4d8f42d952687822b33
raw/chr22_100_guides_tux05_20260813T160700Z_timing/batches/timing/columba/measured_1/batch_008/guides/chr22_100_guide_075/output.paf	75168	2354f825ce61636eff2ebd9b9f04785099b672e2778924a5bfbd006333613cf6
raw/chr22_100_guides_tux05_20260813T160700Z_timing/batches/timing/columba/measured_1/batch_008/guides/chr22_100_guide_075/stderr.txt	83075	7e96804198e52de0cf9624d7983a3fce1c16d78c3101a89c4b2d30f13556ce60
raw/chr22_100_guides_tux05_20260813T160700Z_timing/batches/timing/columba/measured_1/batch_008/guides/chr22_100_guide_076/command.txt	566	87f7dcb24038b78b26f44b74116c77e21deac72c253eb35c7be0d7648be62d64
raw/chr22_100_guides_tux05_20260813T160700Z_timing/batches/timing/columba/measured_1/batch_008/guides/chr22_100_guide_076/metrics.tsv	298	f2fb1f7da889f63f9ee852681b3e70a7a148e82bcfa2f1cb7eb8a1bc7a4c3ce2
raw/chr22_100_guides_tux05_20260813T160700Z_timing/batches/timing/columba/measured_1/batch_008/guides/chr22_100_guide_076/output.paf	4072	ca302eb1021b149cad0aa565a08684a3f95b4dc2d440c7d21ea5b8af132306eb
raw/chr22_100_guides_tux05_20260813T160700Z_timing/batches/timing/columba/measured_1/batch_008/guides/chr22_100_guide_076/stderr.txt	225798	1486cd8c9af853f27a3bc3677c2cd49263a916b45c25f5b4df6be61b5d3536f6
raw/chr22_100_guides_tux05_20260813T160700Z_timing/batches/timing/columba/measured_1/batch_008/guides/chr22_100_guide_077/command.txt	566	e9695feb5898e638ab32195c49ff76b873f8dc943737ca1979ee8c1b4ec12301
raw/chr22_100_guides_tux05_20260813T160700Z_timing/batches/timing/columba/measured_1/batch_008/guides/chr22_100_guide_077/metrics.tsv	293	7610322c05c2ff8bdc79fd21c6b2fcf54f261ffd72f137b305cdc5ae3f1e6702
raw/chr22_100_guides_tux05_20260813T160700Z_timing/batches/timing/columba/measured_1/batch_008/guides/chr22_100_guide_077/output.paf	105	e3869c3952dd0b0eb3e37141b1040c6f25b82c4e398011436f2219c75f8febe8
raw/chr22_100_guides_tux05_20260813T160700Z_timing/batches/timing/columba/measured_1/batch_008/guides/chr22_100_guide_077/stderr.txt	94	b9c553e0ccfe2ce660998762584c8775fddbac678c08f7828037c9b6239ea576
raw/chr22_100_guides_tux05_20260813T160700Z_timing/batches/timing/columba/measured_1/batch_008/guides/chr22_100_guide_078/command.txt	566	f9c7351bcc66b75e96ec02ff0802506b5e2eec8a2d9441060693a17c153c38a2
raw/chr22_100_guides_tux05_20260813T160700Z_timing/batches/timing/columba/measured_1/batch_008/guides/chr22_100_guide_078/metrics.tsv	292	cd882dd725fca88a5360b92f7ce635df52b422c618e7af82cadd8ee0bf093a53
raw/chr22_100_guides_tux05_20260813T160700Z_timing/batches/timing/columba/measured_1/batch_008/guides/chr22_100_guide_078/output.paf	105	b32f95b3659bdf5efde0a545c93605a84811e1f51637e98948f88b66e0c918a9
raw/chr22_100_guides_tux05_20260813T160700Z_timing/batches/timing/columba/measured_1/batch_008/guides/chr22_100_guide_078/stderr.txt	0	e3b0c44298fc1c149afbf4c8996fb92427ae41e4649b934ca495991b7852b855
raw/chr22_100_guides_tux05_20260813T160700Z_timing/batches/timing/columba/measured_1/batch_008/guides/chr22_100_guide_079/command.txt	566	8ea7de91065d96cb7237ab072a8256cdc57cdf37a3558a1dd7fd031b56a7bdeb
raw/chr22_100_guides_tux05_20260813T160700Z_timing/batches/timing/columba/measured_1/batch_008/guides/chr22_100_guide_079/metrics.tsv	294	1540c7fdf15e664426b0b8e7d99e402a9ac5bb219c388347942b3b6ae7420735
raw/chr22_100_guides_tux05_20260813T160700Z_timing/batches/timing/columba/measured_1/batch_008/guides/chr22_100_guide_079/output.paf	105	3719b9c87eb26bae46571444132aecd72ec6971081ed8592128ac8081655f637
raw/chr22_100_guides_tux05_20260813T160700Z_timing/batches/timing/columba/measured_1/batch_008/guides/chr22_100_guide_079/stderr.txt	188	ba8e3024a8dbd3ab92f3c3efd62af4339a44a56f1d02bd2d31d752a8b26c0e77
raw/chr22_100_guides_tux05_20260813T160700Z_timing/batches/timing/columba/measured_1/batch_008/guides/chr22_100_guide_080/command.txt	566	2d4beb5215dc7bb7ae5ee9b27f218d9dcc93a4842d23a09fe9e71372bcb574ab
raw/chr22_100_guides_tux05_20260813T160700Z_timing/batches/timing/columba/measured_1/batch_008/guides/chr22_100_guide_080/metrics.tsv	293	c43b4de5421b6e5a58c5cceca10d1bc6ee5d421ca8c2ee31f0c0a6e5b4c31ef0
raw/chr22_100_guides_tux05_20260813T160700Z_timing/batches/timing/columba/measured_1/batch_008/guides/chr22_100_guide_080/output.paf	105	5c9d989f365df1d424483a28cbc77093b089ff7ebee8cd46972f309ff0b6db17
raw/chr22_100_guides_tux05_20260813T160700Z_timing/batches/timing/columba/measured_1/batch_008/guides/chr22_100_guide_080/stderr.txt	94	2f17411719ddcf823a39fa8532b48978e18ea71b4f65cc71e1b1d51840c18def
raw/chr22_100_guides_tux05_20260813T160700Z_timing/batches/timing/columba/measured_1/batch_009/SUCCESS	0	e3b0c44298fc1c149afbf4c8996fb92427ae41e4649b934ca495991b7852b855
raw/chr22_100_guides_tux05_20260813T160700Z_timing/batches/timing/columba/measured_1/batch_009/environment.tsv	595	65c29c6cf7d33088dfb99e9c0b6b6cf08663242d5118357beb73237ec7e1ba93
raw/chr22_100_guides_tux05_20260813T160700Z_timing/batches/timing/columba/measured_1/batch_009/guide_ids.txt	200	349871b67172ca8ab39f5f82fe8bce71de0eb2d3c0082f2e5cc1b2e262a4b783
raw/chr22_100_guides_tux05_20260813T160700Z_timing/batches/timing/columba/measured_1/batch_009/guide_order.sha256	299	ea4d14ef0c033f53ec0c995bec184cae219965236498c3c4a09daedeec64c7c3
raw/chr22_100_guides_tux05_20260813T160700Z_timing/batches/timing/columba/measured_1/batch_009/guide_order.txt	200	0e91a245ab431804fba7329599c21dcdd6d4dd38cd2a8d12bec8dc4241660054
raw/chr22_100_guides_tux05_20260813T160700Z_timing/batches/timing/columba/measured_1/batch_009/guide_results.tsv	2277	1d0905256301a5a4bf417a9597f8fa49eb3b621466968c5b148d1bc49d4a4337
raw/chr22_100_guides_tux05_20260813T160700Z_timing/batches/timing/columba/measured_1/batch_009/guides/chr22_100_guide_081/command.txt	566	edea278b4b049a5340bb5c50fc2d230e91dcfde3ecd1f021aa9d84b5570318b2
raw/chr22_100_guides_tux05_20260813T160700Z_timing/batches/timing/columba/measured_1/batch_009/guides/chr22_100_guide_081/metrics.tsv	292	6b7653efeccd87dc1d8e0c079e09e5379eac8e6e046ce8fb7cdcdee03c0ab98a
raw/chr22_100_guides_tux05_20260813T160700Z_timing/batches/timing/columba/measured_1/batch_009/guides/chr22_100_guide_081/output.paf	105	60f8b2bdc588b6b13527c78acc609879caa8defea9c72ada132dee63d52ad9bf
raw/chr22_100_guides_tux05_20260813T160700Z_timing/batches/timing/columba/measured_1/batch_009/guides/chr22_100_guide_081/stderr.txt	0	e3b0c44298fc1c149afbf4c8996fb92427ae41e4649b934ca495991b7852b855
raw/chr22_100_guides_tux05_20260813T160700Z_timing/batches/timing/columba/measured_1/batch_009/guides/chr22_100_guide_082/command.txt	566	8d8ee63c2dc3597eb4d53ab55f7bd7f259286db993286b37bd5b9449ec608352
raw/chr22_100_guides_tux05_20260813T160700Z_timing/batches/timing/columba/measured_1/batch_009/guides/chr22_100_guide_082/metrics.tsv	292	e345af8acbe0f9196d4eed40a3f31c513fae1a13b0c56f9ed04488243698075a
raw/chr22_100_guides_tux05_20260813T160700Z_timing/batches/timing/columba/measured_1/batch_009/guides/chr22_100_guide_082/output.paf	105	8aa0d629b648d54d65dead9f626b4f79b04416d14abcb761ce6f8afd4c8d5a02
raw/chr22_100_guides_tux05_20260813T160700Z_timing/batches/timing/columba/measured_1/batch_009/guides/chr22_100_guide_082/stderr.txt	0	e3b0c44298fc1c149afbf4c8996fb92427ae41e4649b934ca495991b7852b855
raw/chr22_100_guides_tux05_20260813T160700Z_timing/batches/timing/columba/measured_1/batch_009/guides/chr22_100_guide_083/command.txt	566	265dab80c13692588576635f415fb6f819f737e48546a4f351922e056f63a6d4
raw/chr22_100_guides_tux05_20260813T160700Z_timing/batches/timing/columba/measured_1/batch_009/guides/chr22_100_guide_083/metrics.tsv	295	b6adeb73a27f5edfacfd158a2f2aed2dd4e2cea4c2ffe471cca5d9c81b7ad96c
raw/chr22_100_guides_tux05_20260813T160700Z_timing/batches/timing/columba/measured_1/batch_009/guides/chr22_100_guide_083/output.paf	105	1da030b92202db00fdf4fa746fa0de1c56a74c6415d7abf8e6e634730c0990ca
raw/chr22_100_guides_tux05_20260813T160700Z_timing/batches/timing/columba/measured_1/batch_009/guides/chr22_100_guide_083/stderr.txt	3477	e8d6de60c3ba05b27001c144755f4d3ad082de5cdf0fdf5e9cf6b7717422195e
raw/chr22_100_guides_tux05_20260813T160700Z_timing/batches/timing/columba/measured_1/batch_009/guides/chr22_100_guide_084/command.txt	566	652cf2a3baf6abf7fca52799913ebc1e19a0496d559a3709599e2e145044eed8
raw/chr22_100_guides_tux05_20260813T160700Z_timing/batches/timing/columba/measured_1/batch_009/guides/chr22_100_guide_084/metrics.tsv	298	61909d5e7e03f25e7cc66e4b6e7318467d5aac61691907441ab87bef0d0b2ec5
raw/chr22_100_guides_tux05_20260813T160700Z_timing/batches/timing/columba/measured_1/batch_009/guides/chr22_100_guide_084/output.paf	6325	85f162921bfeefc97d3de55dbe3f97c5f8f6192ca4eb2dd40a561a137aa14173
raw/chr22_100_guides_tux05_20260813T160700Z_timing/batches/timing/columba/measured_1/batch_009/guides/chr22_100_guide_084/stderr.txt	151222	5b15e8ffd7e3dbd341b4575d46e2dae3dfaa6a747317a1348b5b7768a37886c9
raw/chr22_100_guides_tux05_20260813T160700Z_timing/batches/timing/columba/measured_1/batch_009/guides/chr22_100_guide_085/command.txt	566	c35c3ed68b7b3ec3e66308379e99e66e1aa9e45d56a2aad753bb40f887fb41f7
raw/chr22_100_guides_tux05_20260813T160700Z_timing/batches/timing/columba/measured_1/batch_009/guides/chr22_100_guide_085/metrics.tsv	292	a03b1e6ab496a6a42ea16f264951a43e8053519def137de4ee4833c5fad8844f
raw/chr22_100_guides_tux05_20260813T160700Z_timing/batches/timing/columba/measured_1/batch_009/guides/chr22_100_guide_085/output.paf	105	886f21508ef43139da65b3307d412b9c43af12390fb60b152be51f2961337117
raw/chr22_100_guides_tux05_20260813T160700Z_timing/batches/timing/columba/measured_1/batch_009/guides/chr22_100_guide_085/stderr.txt	0	e3b0c44298fc1c149afbf4c8996fb92427ae41e4649b934ca495991b7852b855
raw/chr22_100_guides_tux05_20260813T160700Z_timing/batches/timing/columba/measured_1/batch_009/guides/chr22_100_guide_086/command.txt	566	c956abb4db5d46c3fae1578ba5adbeb3e399ad25084a0984a122ca3a62d0db46
raw/chr22_100_guides_tux05_20260813T160700Z_timing/batches/timing/columba/measured_1/batch_009/guides/chr22_100_guide_086/metrics.tsv	294	f8be208dc06c6e0143beda4ffd28a8d2acd228fe30c82a3b35bd49abc44da238
raw/chr22_100_guides_tux05_20260813T160700Z_timing/batches/timing/columba/measured_1/batch_009/guides/chr22_100_guide_086/output.paf	105	b49d937c3f713b95c07b0df4983659c5531f5062b2c8b309c93edf95c5d33253
raw/chr22_100_guides_tux05_20260813T160700Z_timing/batches/timing/columba/measured_1/batch_009/guides/chr22_100_guide_086/stderr.txt	281	fe8b505978787bbd7a6d3b5268bab52bb800793326eda2f064520359431dd393
raw/chr22_100_guides_tux05_20260813T160700Z_timing/batches/timing/columba/measured_1/batch_009/guides/chr22_100_guide_087/command.txt	566	c1b44b1cfb9abb07528060f7b65b22634376a03df1e64d63dcbd991d5e09bb2e
raw/chr22_100_guides_tux05_20260813T160700Z_timing/batches/timing/columba/measured_1/batch_009/guides/chr22_100_guide_087/metrics.tsv	297	f6791853a4a0583ba311091ceb41ed9c2ea345221c26ddb1f43b4299e9fbbe7a
raw/chr22_100_guides_tux05_20260813T160700Z_timing/batches/timing/columba/measured_1/batch_009/guides/chr22_100_guide_087/output.paf	537	7299c25e9e9229b69fae4918dbd7a3d10cf292aa3a5ae9e727231b52918c4ec1
raw/chr22_100_guides_tux05_20260813T160700Z_timing/batches/timing/columba/measured_1/batch_009/guides/chr22_100_guide_087/stderr.txt	124597	e022cf39cf254e9d5e76a228fc4449c3751d849c1fa8e8eb5b7d348ead9de8a8
raw/chr22_100_guides_tux05_20260813T160700Z_timing/batches/timing/columba/measured_1/batch_009/guides/chr22_100_guide_088/command.txt	566	77114703b970f8f9941648271a04fc172d15df91fc3d72635a634db9e68ae78a
raw/chr22_100_guides_tux05_20260813T160700Z_timing/batches/timing/columba/measured_1/batch_009/guides/chr22_100_guide_088/metrics.tsv	294	da345937d76766387363c42eb739be1d6e00398baa622f5b1298a67aa999a2bd
raw/chr22_100_guides_tux05_20260813T160700Z_timing/batches/timing/columba/measured_1/batch_009/guides/chr22_100_guide_088/output.paf	105	7b9ea615f9aa7e046adebd0e63adf8ebdc63c09e2a683a13ae5b9e9457fd8152
raw/chr22_100_guides_tux05_20260813T160700Z_timing/batches/timing/columba/measured_1/batch_009/guides/chr22_100_guide_088/stderr.txt	282	000abe2ead510b1e81f85058fe4a2422bdd56dfa268e082b10ff250075738f0e
raw/chr22_100_guides_tux05_20260813T160700Z_timing/batches/timing/columba/measured_1/batch_009/guides/chr22_100_guide_089/command.txt	566	cb174a5304d89f52664baefbea68e481d943e4424d74197582aac02b4e4a5d71
raw/chr22_100_guides_tux05_20260813T160700Z_timing/batches/timing/columba/measured_1/batch_009/guides/chr22_100_guide_089/metrics.tsv	293	5046638baa1dcbac6b82e0ec3613436ca02e3c87e242c202855ea10a759cf25c
raw/chr22_100_guides_tux05_20260813T160700Z_timing/batches/timing/columba/measured_1/batch_009/guides/chr22_100_guide_089/output.paf	105	790719bd8847db6a942f261864ea37c0ec15f7a4f400e0bd1eaf31a8e659f354
raw/chr22_100_guides_tux05_20260813T160700Z_timing/batches/timing/columba/measured_1/batch_009/guides/chr22_100_guide_089/stderr.txt	94	5747958b98329bf390adcb88fe0c55df552279978269e4428317edf8497c35fb
raw/chr22_100_guides_tux05_20260813T160700Z_timing/batches/timing/columba/measured_1/batch_009/guides/chr22_100_guide_090/command.txt	566	97804ea5ccea07c7d3140fe3f7f9435d15f4eb14000d76f6dd3e682137d9d481
raw/chr22_100_guides_tux05_20260813T160700Z_timing/batches/timing/columba/measured_1/batch_009/guides/chr22_100_guide_090/metrics.tsv	294	12f69eb056b0b3409839f18680e1971389b81a2fc4e8963466e88bcdce6204ae
raw/chr22_100_guides_tux05_20260813T160700Z_timing/batches/timing/columba/measured_1/batch_009/guides/chr22_100_guide_090/output.paf	105	af0e7d04b9032b6ba55a507cdc6196da5e7f3adbce117a38bb6ba2d2fb078cba
raw/chr22_100_guides_tux05_20260813T160700Z_timing/batches/timing/columba/measured_1/batch_009/guides/chr22_100_guide_090/stderr.txt	188	bb969d4b02ddd34c284543e306e202b2336d7575aa86daa3e6466757c09fd92b
raw/chr22_100_guides_tux05_20260813T160700Z_timing/batches/timing/columba/measured_1/batch_010/SUCCESS	0	e3b0c44298fc1c149afbf4c8996fb92427ae41e4649b934ca495991b7852b855
raw/chr22_100_guides_tux05_20260813T160700Z_timing/batches/timing/columba/measured_1/batch_010/environment.tsv	596	08b09400d06f9a95e541b77852db5e5925a2e41b6643b0ce434ab7f62e19fcdf
raw/chr22_100_guides_tux05_20260813T160700Z_timing/batches/timing/columba/measured_1/batch_010/guide_ids.txt	200	4525fc494a343a6cfdb60f314309ba44676cfcc90d686d3f2ff3b2fe74e5566d
raw/chr22_100_guides_tux05_20260813T160700Z_timing/batches/timing/columba/measured_1/batch_010/guide_order.sha256	299	90d788cade7000236a65e2d945340877df8787d9f98f87c2753baefcc1c5eb3b
raw/chr22_100_guides_tux05_20260813T160700Z_timing/batches/timing/columba/measured_1/batch_010/guide_order.txt	200	9dfa64bcd3a6aa1cc827dc79b7cc98e67d219826460684d1fc13f97220aada32
raw/chr22_100_guides_tux05_20260813T160700Z_timing/batches/timing/columba/measured_1/batch_010/guide_results.tsv	2276	9d8cd57c8051839754e9dc37f75739f7de04479142f4a6bf38702778998d9a91
raw/chr22_100_guides_tux05_20260813T160700Z_timing/batches/timing/columba/measured_1/batch_010/guides/chr22_100_guide_091/command.txt	566	0d91d0abe127937436cec38cf5c1b8e5e2b01735df65df22d7c6ead878abcfe7
raw/chr22_100_guides_tux05_20260813T160700Z_timing/batches/timing/columba/measured_1/batch_010/guides/chr22_100_guide_091/metrics.tsv	294	ad2c0d40367803e61a945c0944fc9dc416bcbb2bda1feb1d1b91e17ffeac160a
raw/chr22_100_guides_tux05_20260813T160700Z_timing/batches/timing/columba/measured_1/batch_010/guides/chr22_100_guide_091/output.paf	214	cf53e5c0ba2549b95ad7cc66f6caa57165a2d7ef971b8448816c1f5189dcba42
raw/chr22_100_guides_tux05_20260813T160700Z_timing/batches/timing/columba/measured_1/batch_010/guides/chr22_100_guide_091/stderr.txt	376	99ee76e9b64774c9369be8a6f72c896db95e3888b9d30ddcbc455b25e12e4601
raw/chr22_100_guides_tux05_20260813T160700Z_timing/batches/timing/columba/measured_1/batch_010/guides/chr22_100_guide_092/command.txt	566	82b6bb884dfe7e6ebafb6087ccdcf199d3657098116bab9bd175a99e58d05f2e
raw/chr22_100_guides_tux05_20260813T160700Z_timing/batches/timing/columba/measured_1/batch_010/guides/chr22_100_guide_092/metrics.tsv	294	90300073f058a9b0a78a30c29ca3e4f83717462cf1feb3bf8420cc4704c2ddb5
raw/chr22_100_guides_tux05_20260813T160700Z_timing/batches/timing/columba/measured_1/batch_010/guides/chr22_100_guide_092/output.paf	105	36dc22934c7c02b9c1a4043e7fa71e9fab23fac626842ee0233fa0a19e8a4d8d
raw/chr22_100_guides_tux05_20260813T160700Z_timing/batches/timing/columba/measured_1/batch_010/guides/chr22_100_guide_092/stderr.txt	282	f9edfd1414c172b5a32e647be62f7efb9a1867b2825caa326cd197691299ad06
raw/chr22_100_guides_tux05_20260813T160700Z_timing/batches/timing/columba/measured_1/batch_010/guides/chr22_100_guide_093/command.txt	566	75423228da4358cddac92bbb5822ed6e161e55c6642324e65e72684aabe31ab8
raw/chr22_100_guides_tux05_20260813T160700Z_timing/batches/timing/columba/measured_1/batch_010/guides/chr22_100_guide_093/metrics.tsv	293	0315197e94203a5c444f9c984ca8743375a03636ef27da734569b7e5cd3bfecf
raw/chr22_100_guides_tux05_20260813T160700Z_timing/batches/timing/columba/measured_1/batch_010/guides/chr22_100_guide_093/output.paf	105	7c248ba9765e06499bdbdd56fa063150392f57bbcf49d7273e7a34148cb2a14e
raw/chr22_100_guides_tux05_20260813T160700Z_timing/batches/timing/columba/measured_1/batch_010/guides/chr22_100_guide_093/stderr.txt	94	cb99cf2cb5c76fa9de96c7d214883bdebf51068c4cfea4bec3c2c4a8fda8efb1
raw/chr22_100_guides_tux05_20260813T160700Z_timing/batches/timing/columba/measured_1/batch_010/guides/chr22_100_guide_094/command.txt	566	1611a9955c028c9e0b50ffbc9c8be9c9c129b9f18b1fed46ad8dc10176612085
raw/chr22_100_guides_tux05_20260813T160700Z_timing/batches/timing/columba/measured_1/batch_010/guides/chr22_100_guide_094/metrics.tsv	292	95fe6108cadd8e6cd16845dcefb4e1f87b8b61f3dee52eac3f89370af04a87c6
raw/chr22_100_guides_tux05_20260813T160700Z_timing/batches/timing/columba/measured_1/batch_010/guides/chr22_100_guide_094/output.paf	105	b129ef3c4f85946c1752fcdec67457fbfa137faf10c495dcfb79020726f0093a
raw/chr22_100_guides_tux05_20260813T160700Z_timing/batches/timing/columba/measured_1/batch_010/guides/chr22_100_guide_094/stderr.txt	0	e3b0c44298fc1c149afbf4c8996fb92427ae41e4649b934ca495991b7852b855
raw/chr22_100_guides_tux05_20260813T160700Z_timing/batches/timing/columba/measured_1/batch_010/guides/chr22_100_guide_095/command.txt	566	b23e9caf78828ea66a5e975d497d0672f697b588e38fbc498b22d0d319f91103
raw/chr22_100_guides_tux05_20260813T160700Z_timing/batches/timing/columba/measured_1/batch_010/guides/chr22_100_guide_095/metrics.tsv	293	dfae4443573bf2c784b82e519c97dcb853fddabbfdcc802ec6270912a9b2b6e7
raw/chr22_100_guides_tux05_20260813T160700Z_timing/batches/timing/columba/measured_1/batch_010/guides/chr22_100_guide_095/output.paf	214	72cfccdb732c7f835e82aebb76ca4186954ee044989d4d3f165c230249e1ab41
raw/chr22_100_guides_tux05_20260813T160700Z_timing/batches/timing/columba/measured_1/batch_010/guides/chr22_100_guide_095/stderr.txt	94	8dd8d8e768aa6c5cd7d90852728b3841c27aebb8dbde3dfbf7f30997ce15d157
raw/chr22_100_guides_tux05_20260813T160700Z_timing/batches/timing/columba/measured_1/batch_010/guides/chr22_100_guide_096/command.txt	566	cc8c07c4d9cdf195933dc528fcd307f7d913356d409af62b2ac24755f5176818
raw/chr22_100_guides_tux05_20260813T160700Z_timing/batches/timing/columba/measured_1/batch_010/guides/chr22_100_guide_096/metrics.tsv	294	fee5d4ba6260e0b273d0802fd250b11114583d9b8895705faedc489231b69b2d
raw/chr22_100_guides_tux05_20260813T160700Z_timing/batches/timing/columba/measured_1/batch_010/guides/chr22_100_guide_096/output.paf	105	66356638d350f202a4fc3653512e2eb61d180a210d3b4874237620fdd88f45ac
raw/chr22_100_guides_tux05_20260813T160700Z_timing/batches/timing/columba/measured_1/batch_010/guides/chr22_100_guide_096/stderr.txt	376	96e1dce767526b5e03b01ea34764f33de2e58653d775c70a8355e05d5d77a707
raw/chr22_100_guides_tux05_20260813T160700Z_timing/batches/timing/columba/measured_1/batch_010/guides/chr22_100_guide_097/command.txt	566	e76b33e28d66a2a0ec64cd64199ca3676d87f6718cfa073c2a38746ce3da45e0
raw/chr22_100_guides_tux05_20260813T160700Z_timing/batches/timing/columba/measured_1/batch_010/guides/chr22_100_guide_097/metrics.tsv	294	87bcbe2565bf92422e5799dd5e21645d534551fad5c8db3789e35f2223a6e498
raw/chr22_100_guides_tux05_20260813T160700Z_timing/batches/timing/columba/measured_1/batch_010/guides/chr22_100_guide_097/output.paf	105	ec3317eca52cb313be8b742bd84d70d8e9f8f3d3a8dfda83e632d9ec5b3e7472
raw/chr22_100_guides_tux05_20260813T160700Z_timing/batches/timing/columba/measured_1/batch_010/guides/chr22_100_guide_097/stderr.txt	188	c34143c4b66ce37c239db5fc991d73357da56a527f237f74e6df9d61bb22831f
raw/chr22_100_guides_tux05_20260813T160700Z_timing/batches/timing/columba/measured_1/batch_010/guides/chr22_100_guide_098/command.txt	566	0c6937bca66d9f73b75c76533cba8aa0fda72dbd5e7c1807d67919aaf4d88501
raw/chr22_100_guides_tux05_20260813T160700Z_timing/batches/timing/columba/measured_1/batch_010/guides/chr22_100_guide_098/metrics.tsv	296	2e84d6291ee3f567688f0454781544140d372b6e93115c18e1db52a578eb837a
raw/chr22_100_guides_tux05_20260813T160700Z_timing/batches/timing/columba/measured_1/batch_010/guides/chr22_100_guide_098/output.paf	965	6803cc83cccde78136058d3d854eb89cc05eab1188efe7c0cabebb43cb9eb17d
raw/chr22_100_guides_tux05_20260813T160700Z_timing/batches/timing/columba/measured_1/batch_010/guides/chr22_100_guide_098/stderr.txt	48498	86060c0d0ba22165d0282d1cf92bc8afade2100bd1def809b1f81bb96b9678e3
raw/chr22_100_guides_tux05_20260813T160700Z_timing/batches/timing/columba/measured_1/batch_010/guides/chr22_100_guide_099/command.txt	566	68e5ff2b91e061540d057809e486e1c1bacd48d49a503f8c2ca463ad5ca3f6ae
raw/chr22_100_guides_tux05_20260813T160700Z_timing/batches/timing/columba/measured_1/batch_010/guides/chr22_100_guide_099/metrics.tsv	295	0ddfe84a87591bfe77b13753a61387a38b030e030c0f421951dbd683db24b31c
raw/chr22_100_guides_tux05_20260813T160700Z_timing/batches/timing/columba/measured_1/batch_010/guides/chr22_100_guide_099/output.paf	430	1fd7872322173d0504d0c832d225fc1f16e4c6a2d976d3c96de80baf41629173
raw/chr22_100_guides_tux05_20260813T160700Z_timing/batches/timing/columba/measured_1/batch_010/guides/chr22_100_guide_099/stderr.txt	1222	8b7f11de3ad2254629636c6d8342d71050f8c150a04e6c52ecefb6984e7ab6b5
raw/chr22_100_guides_tux05_20260813T160700Z_timing/batches/timing/columba/measured_1/batch_010/guides/chr22_100_guide_100/command.txt	566	b925859ced49dd9949df5b9ec58d5f62c02c9395b6245f612ec7fc1c15d56407
raw/chr22_100_guides_tux05_20260813T160700Z_timing/batches/timing/columba/measured_1/batch_010/guides/chr22_100_guide_100/metrics.tsv	294	d1325ffd870477e459d6023e1feae90d7bb2cb24f3a282f168018f00b50bb166
raw/chr22_100_guides_tux05_20260813T160700Z_timing/batches/timing/columba/measured_1/batch_010/guides/chr22_100_guide_100/output.paf	214	4bb6e4f08a7316ba26ec3e6f894f79070071b55d78d6c1605a50035d0a1d9c79
raw/chr22_100_guides_tux05_20260813T160700Z_timing/batches/timing/columba/measured_1/batch_010/guides/chr22_100_guide_100/stderr.txt	188	43c575a7c9c47d3164a453eb851e84a8842b01388a4b2fe7c9503045ddc887e0
raw/chr22_100_guides_tux05_20260813T160700Z_timing/batches/timing/columba/measured_2/batch_001/SUCCESS	0	e3b0c44298fc1c149afbf4c8996fb92427ae41e4649b934ca495991b7852b855
raw/chr22_100_guides_tux05_20260813T160700Z_timing/batches/timing/columba/measured_2/batch_001/environment.tsv	595	f248c06872fdbec239c2cf71d32378b3b818737a8615e246738bac9eb1274d5d
raw/chr22_100_guides_tux05_20260813T160700Z_timing/batches/timing/columba/measured_2/batch_001/guide_ids.txt	200	ba581f534d9cf8eea3633f7ed01a45aae31a683ec2353abbcef9772e3c9cbb30
raw/chr22_100_guides_tux05_20260813T160700Z_timing/batches/timing/columba/measured_2/batch_001/guide_order.sha256	299	d6cdafeac3f16270d5d6b0e58cbf5cdd023448aa33111a7b7462cb352a448437
raw/chr22_100_guides_tux05_20260813T160700Z_timing/batches/timing/columba/measured_2/batch_001/guide_order.txt	200	6709f75d03dea7edaa077ed235d1e8f9f68df62deeaf9d763202d52fbdc6f20d
raw/chr22_100_guides_tux05_20260813T160700Z_timing/batches/timing/columba/measured_2/batch_001/guide_results.tsv	2282	da85d045b3ac5f743d470a795ea7f143d90aa9f03d35ae5395c9131d1d150922
raw/chr22_100_guides_tux05_20260813T160700Z_timing/batches/timing/columba/measured_2/batch_001/guides/chr22_100_guide_001/command.txt	566	56f3f7994581c54148bc1ff6919f7573c634e731c14ed57522b4c97a47cf2202
raw/chr22_100_guides_tux05_20260813T160700Z_timing/batches/timing/columba/measured_2/batch_001/guides/chr22_100_guide_001/metrics.tsv	294	d5df76a055cdbdd702c22b82a8f6c6122494162ee332485c61631a917efd5dff
raw/chr22_100_guides_tux05_20260813T160700Z_timing/batches/timing/columba/measured_2/batch_001/guides/chr22_100_guide_001/output.paf	204	c788efd23026646b4da4b4a94736bffdb6646d5bb82e63ef3b54d008d2d7f496
raw/chr22_100_guides_tux05_20260813T160700Z_timing/batches/timing/columba/measured_2/batch_001/guides/chr22_100_guide_001/stderr.txt	563	5e6212673189b137868af231f3f49365db18929fbdc4915f13b52a1622522dba
raw/chr22_100_guides_tux05_20260813T160700Z_timing/batches/timing/columba/measured_2/batch_001/guides/chr22_100_guide_002/command.txt	566	48be265bdb8e5c6d97072b3fa2d4e11635fa02f684ae9bfe1483db37500a05ba
raw/chr22_100_guides_tux05_20260813T160700Z_timing/batches/timing/columba/measured_2/batch_001/guides/chr22_100_guide_002/metrics.tsv	297	6170bf8cd50d1130ef52d03f19e2822ff4eb5e0267182f95f2618cd7d34c28c2
raw/chr22_100_guides_tux05_20260813T160700Z_timing/batches/timing/columba/measured_2/batch_001/guides/chr22_100_guide_002/output.paf	2181	f0937d09b482433febb72a3aa2951bd7a1099c3bb5c4e6ae5d7f40f51dfaf291
raw/chr22_100_guides_tux05_20260813T160700Z_timing/batches/timing/columba/measured_2/batch_001/guides/chr22_100_guide_002/stderr.txt	94307	e925e6374c2b14f26ce352338d241501af5403cd20c2f7a0a66a7ff0957a82b9
raw/chr22_100_guides_tux05_20260813T160700Z_timing/batches/timing/columba/measured_2/batch_001/guides/chr22_100_guide_003/command.txt	566	988af8d9fb7aa949c17338aa69391195bbb82ac5c4719332f3d16329248cd909
raw/chr22_100_guides_tux05_20260813T160700Z_timing/batches/timing/columba/measured_2/batch_001/guides/chr22_100_guide_003/metrics.tsv	298	acc46f397608d6cb6d371b8ea787b7485466f02d74bbdfd16e8992ad8be256a6
raw/chr22_100_guides_tux05_20260813T160700Z_timing/batches/timing/columba/measured_2/batch_001/guides/chr22_100_guide_003/output.paf	89500	ccc3d3b80ed309cc947744aeb419da762bf360cf65ee8f19caf6d89ef8540bb4
raw/chr22_100_guides_tux05_20260813T160700Z_timing/batches/timing/columba/measured_2/batch_001/guides/chr22_100_guide_003/stderr.txt	30549	a0f43a78ac495168b63dc33958a840d4b629f46bd21e5ea36ebe2fd81ed8e956
raw/chr22_100_guides_tux05_20260813T160700Z_timing/batches/timing/columba/measured_2/batch_001/guides/chr22_100_guide_004/command.txt	566	9b1f0fa21a4d57c6c2ccbb7b6bcef1ee262821bec6c7a9f342482cb9ba256605
raw/chr22_100_guides_tux05_20260813T160700Z_timing/batches/timing/columba/measured_2/batch_001/guides/chr22_100_guide_004/metrics.tsv	296	0b155ec142b614fa64699d62415f5786f62ea9433010d523272c1cb9fd2042fc
raw/chr22_100_guides_tux05_20260813T160700Z_timing/batches/timing/columba/measured_2/batch_001/guides/chr22_100_guide_004/output.paf	103	691ce0260ac4ff8426decb079b6ec2efdf4680b3abaced64e9143840bccb9552
raw/chr22_100_guides_tux05_20260813T160700Z_timing/batches/timing/columba/measured_2/batch_001/guides/chr22_100_guide_004/stderr.txt	59585	a4c7fcea839152b57f9d48000d08a15502fd89d0fd27949928e5d265dda849b7
raw/chr22_100_guides_tux05_20260813T160700Z_timing/batches/timing/columba/measured_2/batch_001/guides/chr22_100_guide_005/command.txt	566	01d9cb2b66b031d0aaae3525c6ee0eb78dca8b2265983e7488146ae3d372812e
raw/chr22_100_guides_tux05_20260813T160700Z_timing/batches/timing/columba/measured_2/batch_001/guides/chr22_100_guide_005/metrics.tsv	294	3c13e49e374b6e8a45b41adf84fa72c98fa309a2862fe6804d9aa7c465b56f7c
raw/chr22_100_guides_tux05_20260813T160700Z_timing/batches/timing/columba/measured_2/batch_001/guides/chr22_100_guide_005/output.paf	103	95686fb2b7a30116b7ae2cc467351eaaf4c6f25cab6f6b7bc6dcc05f1c409532
raw/chr22_100_guides_tux05_20260813T160700Z_timing/batches/timing/columba/measured_2/batch_001/guides/chr22_100_guide_005/stderr.txt	651	011f515d83cd8b0bf4648cfa3d329bea0cb2939a7aabcbf319c9ccbd2ece994c
raw/chr22_100_guides_tux05_20260813T160700Z_timing/batches/timing/columba/measured_2/batch_001/guides/chr22_100_guide_006/command.txt	566	8573cef312b544e700e56167875329ee9f3d806ab371113f5595435f50987398
raw/chr22_100_guides_tux05_20260813T160700Z_timing/batches/timing/columba/measured_2/batch_001/guides/chr22_100_guide_006/metrics.tsv	297	ad59b44c280af63e506aed375d43ab8fc7feddfe57a8c8590eba18c8fffc9ded
raw/chr22_100_guides_tux05_20260813T160700Z_timing/batches/timing/columba/measured_2/batch_001/guides/chr22_100_guide_006/output.paf	416	b8cc43f743b2bf2f0e12fa535de856dec45a7e724e169b206e17e024502350b1
raw/chr22_100_guides_tux05_20260813T160700Z_timing/batches/timing/columba/measured_2/batch_001/guides/chr22_100_guide_006/stderr.txt	673643	9739780944683faaa4ef3f313f816b862f341378b37d0ab5c6f2f11c524f85ce
raw/chr22_100_guides_tux05_20260813T160700Z_timing/batches/timing/columba/measured_2/batch_001/guides/chr22_100_guide_007/command.txt	566	274fcf6a772b1406cdf484180d376d7d3a9e628571abed1c8de8f1e7b78d0e40
raw/chr22_100_guides_tux05_20260813T160700Z_timing/batches/timing/columba/measured_2/batch_001/guides/chr22_100_guide_007/metrics.tsv	298	a4fd1074898ff1ec6dc097f0e93592813cdc4f04ec17e2d4bca63e5992ad5b42
raw/chr22_100_guides_tux05_20260813T160700Z_timing/batches/timing/columba/measured_2/batch_001/guides/chr22_100_guide_007/output.paf	8373	4ed0f166306be29e52512f6850c1b990c122568bfe38464c457a9cbc3cafab14
raw/chr22_100_guides_tux05_20260813T160700Z_timing/batches/timing/columba/measured_2/batch_001/guides/chr22_100_guide_007/stderr.txt	173577	501f5c6c5e8d62ad0a7602fffd723666195a02b48240223d6a623d2bf75bc9d7
raw/chr22_100_guides_tux05_20260813T160700Z_timing/batches/timing/columba/measured_2/batch_001/guides/chr22_100_guide_008/command.txt	566	0c1fc8248f08783d01ab158c374ab506b58a3c1c996ef1da9c86b8c47c0cd027
raw/chr22_100_guides_tux05_20260813T160700Z_timing/batches/timing/columba/measured_2/batch_001/guides/chr22_100_guide_008/metrics.tsv	296	87c56d10b0f827e66308b77e6a47dd8375c7727c335523c214e6451eeed2158d
raw/chr22_100_guides_tux05_20260813T160700Z_timing/batches/timing/columba/measured_2/batch_001/guides/chr22_100_guide_008/output.paf	7164	2525d9e467b0e235d87fec363306eb39498ebdd905157b97f69a01938142d417
raw/chr22_100_guides_tux05_20260813T160700Z_timing/batches/timing/columba/measured_2/batch_001/guides/chr22_100_guide_008/stderr.txt	1120	587b33ffa851be62124e858db10a3ce0555e1fef7b9faa94a47115a7bf569d6a
raw/chr22_100_guides_tux05_20260813T160700Z_timing/batches/timing/columba/measured_2/batch_001/guides/chr22_100_guide_009/command.txt	566	984b16fda32713f1afaa3d5287275e51c28d505dcae228fe3ebf3eb2deec5071
raw/chr22_100_guides_tux05_20260813T160700Z_timing/batches/timing/columba/measured_2/batch_001/guides/chr22_100_guide_009/metrics.tsv	294	ac501ddcd1f5602ced838a3d021de364c29e84edf678320c860186a19b7d4b0c
raw/chr22_100_guides_tux05_20260813T160700Z_timing/batches/timing/columba/measured_2/batch_001/guides/chr22_100_guide_009/output.paf	426	958d7bb0d2bcce37cafabe02cb7bcd2515a249ee7abef00a06c7ca69afbeddfd
raw/chr22_100_guides_tux05_20260813T160700Z_timing/batches/timing/columba/measured_2/batch_001/guides/chr22_100_guide_009/stderr.txt	469	b26403da3df85946d6c7931e54a923877597a6d21517a6786edcfb4f3a684c5d
raw/chr22_100_guides_tux05_20260813T160700Z_timing/batches/timing/columba/measured_2/batch_001/guides/chr22_100_guide_010/command.txt	566	e90a8d82acbceb3443d231a30e801f3e86f59541c126ecb19e84ca011a4160e4
raw/chr22_100_guides_tux05_20260813T160700Z_timing/batches/timing/columba/measured_2/batch_001/guides/chr22_100_guide_010/metrics.tsv	297	ff3e3e851a839a2eadee2dbdc092c18c1b8e27c51d151b351a4c2fd7b7d72124
raw/chr22_100_guides_tux05_20260813T160700Z_timing/batches/timing/columba/measured_2/batch_001/guides/chr22_100_guide_010/output.paf	2601	bbff78e8edf6476d0dd0cdd76f512cb705b72cd1e357220e1a380dbd5cb5874e
raw/chr22_100_guides_tux05_20260813T160700Z_timing/batches/timing/columba/measured_2/batch_001/guides/chr22_100_guide_010/stderr.txt	69543	8283bb72468ef0f7298ae906c23d010c0d48c6574a33364a533179130f8c4875
raw/chr22_100_guides_tux05_20260813T160700Z_timing/batches/timing/columba/measured_2/batch_002/SUCCESS	0	e3b0c44298fc1c149afbf4c8996fb92427ae41e4649b934ca495991b7852b855
raw/chr22_100_guides_tux05_20260813T160700Z_timing/batches/timing/columba/measured_2/batch_002/environment.tsv	595	88152cdd1d65e05e65e22143340692be88a5655c9b51ed2965823ed5070c64a7
raw/chr22_100_guides_tux05_20260813T160700Z_timing/batches/timing/columba/measured_2/batch_002/guide_ids.txt	200	7f597a7fc89cfb66cc27ceb0774d511b1281ee64dde393b024769bd512d20a44
raw/chr22_100_guides_tux05_20260813T160700Z_timing/batches/timing/columba/measured_2/batch_002/guide_order.sha256	299	791e600b118929c58c7e51973de43abf185544b8134d1260278475b7976413c6
raw/chr22_100_guides_tux05_20260813T160700Z_timing/batches/timing/columba/measured_2/batch_002/guide_order.txt	200	ba2b5880676828c9d19badd2953fabdf53a4d9a6e7e247de0b81b0f20113f298
raw/chr22_100_guides_tux05_20260813T160700Z_timing/batches/timing/columba/measured_2/batch_002/guide_results.tsv	2282	27d0f6b7d7f00ca8424ca09d7a698aa5039400dcbe9638880c7c4babff177c06
raw/chr22_100_guides_tux05_20260813T160700Z_timing/batches/timing/columba/measured_2/batch_002/guides/chr22_100_guide_011/command.txt	566	cb4c20f287c0d2cc52597950f342d35b9dac626e0d86dfe0b692c03ae12d9539
raw/chr22_100_guides_tux05_20260813T160700Z_timing/batches/timing/columba/measured_2/batch_002/guides/chr22_100_guide_011/metrics.tsv	293	0fb50a92dd611d279a6c42448306530151a1596f4b83f9f8d8508915ab38464c
raw/chr22_100_guides_tux05_20260813T160700Z_timing/batches/timing/columba/measured_2/batch_002/guides/chr22_100_guide_011/output.paf	2243	ec592648254199539685feee5357d093e2e1ec0b8ee82c9ce1e89057db95c2aa
raw/chr22_100_guides_tux05_20260813T160700Z_timing/batches/timing/columba/measured_2/batch_002/guides/chr22_100_guide_011/stderr.txt	0	e3b0c44298fc1c149afbf4c8996fb92427ae41e4649b934ca495991b7852b855
raw/chr22_100_guides_tux05_20260813T160700Z_timing/batches/timing/columba/measured_2/batch_002/guides/chr22_100_guide_012/command.txt	566	59111a2ab63d33547c572328304fe36288c7cfb1ac9accbd49f81d2cdc0f78b3
raw/chr22_100_guides_tux05_20260813T160700Z_timing/batches/timing/columba/measured_2/batch_002/guides/chr22_100_guide_012/metrics.tsv	292	d7f837898bc0b9e2690f69fd27dd41730a8d8211ea7f5edb90a80862ccea9730
raw/chr22_100_guides_tux05_20260813T160700Z_timing/batches/timing/columba/measured_2/batch_002/guides/chr22_100_guide_012/output.paf	832	9b00eaabadec78eddf839955f38b2c49038c64b495db9fc7cba00a4c5b16c2fd
raw/chr22_100_guides_tux05_20260813T160700Z_timing/batches/timing/columba/measured_2/batch_002/guides/chr22_100_guide_012/stderr.txt	0	e3b0c44298fc1c149afbf4c8996fb92427ae41e4649b934ca495991b7852b855
raw/chr22_100_guides_tux05_20260813T160700Z_timing/batches/timing/columba/measured_2/batch_002/guides/chr22_100_guide_013/command.txt	566	9310dbfbc83548b63deaa0d0cfe32c815e82a85b6458a95427fdab998ff2e214
raw/chr22_100_guides_tux05_20260813T160700Z_timing/batches/timing/columba/measured_2/batch_002/guides/chr22_100_guide_013/metrics.tsv	293	d837d94c4207ae03e57e619b554be9db2e28ae99f0a2754c732fa6547b94efe8
raw/chr22_100_guides_tux05_20260813T160700Z_timing/batches/timing/columba/measured_2/batch_002/guides/chr22_100_guide_013/output.paf	317	14d007c41b3efc0f49a5e3c8b2c1afbdbbf6448965f329277343a75661f62b72
raw/chr22_100_guides_tux05_20260813T160700Z_timing/batches/timing/columba/measured_2/batch_002/guides/chr22_100_guide_013/stderr.txt	94	e6ce59b275084995153a3e9c40a4958a8a70855f475daac144376dd269a555ec
raw/chr22_100_guides_tux05_20260813T160700Z_timing/batches/timing/columba/measured_2/batch_002/guides/chr22_100_guide_014/command.txt	566	83aacd4c60d2613d98d18e28c621cdc206a30f0b5b4a6a9f426c5c8472767e8f
raw/chr22_100_guides_tux05_20260813T160700Z_timing/batches/timing/columba/measured_2/batch_002/guides/chr22_100_guide_014/metrics.tsv	297	8038382f08ada4df3a30ea038e7439ad7186f633604d22c0f7a7c64c631583aa
raw/chr22_100_guides_tux05_20260813T160700Z_timing/batches/timing/columba/measured_2/batch_002/guides/chr22_100_guide_014/output.paf	20741	18fa726a0532763a6a720243b5476e8492d4a0e21d88972a1590a5cc86c18f36
raw/chr22_100_guides_tux05_20260813T160700Z_timing/batches/timing/columba/measured_2/batch_002/guides/chr22_100_guide_014/stderr.txt	1118	738f0679665e7cbee0e7647775b7e47573cdbc33c7d7463d5c01f8c75b0b7b5f
raw/chr22_100_guides_tux05_20260813T160700Z_timing/batches/timing/columba/measured_2/batch_002/guides/chr22_100_guide_015/command.txt	566	6f85a81139438099cf88df9c702b2dcb7eb18bc38f8c9e9f77b60365bccccaeb
raw/chr22_100_guides_tux05_20260813T160700Z_timing/batches/timing/columba/measured_2/batch_002/guides/chr22_100_guide_015/metrics.tsv	299	88e602335ad81a0925089658d1e36c4f09b8c7018fbcaf7285072b75e379df3f
raw/chr22_100_guides_tux05_20260813T160700Z_timing/batches/timing/columba/measured_2/batch_002/guides/chr22_100_guide_015/output.paf	12831	14607790ed2c2aa20854f98797286082d4f4e662c4918ba18d80b5c7cabdc3a3
raw/chr22_100_guides_tux05_20260813T160700Z_timing/batches/timing/columba/measured_2/batch_002/guides/chr22_100_guide_015/stderr.txt	830122	42f93d194038db849260c18f78fe52cdc58775b7f60fd7a14fdf15a6b1f00b50
raw/chr22_100_guides_tux05_20260813T160700Z_timing/batches/timing/columba/measured_2/batch_002/guides/chr22_100_guide_016/command.txt	566	ab87ceda319234113f9e03631f0dfbb8da9676ca62b1867b0bec9e79bb986ec4
raw/chr22_100_guides_tux05_20260813T160700Z_timing/batches/timing/columba/measured_2/batch_002/guides/chr22_100_guide_016/metrics.tsv	295	227870a784e4073b1b9a35655d05fc88e4b9a5241bc987aa7249b92845034b81
raw/chr22_100_guides_tux05_20260813T160700Z_timing/batches/timing/columba/measured_2/batch_002/guides/chr22_100_guide_016/output.paf	103	664ca84d364b11b722ac1aa282d988cb26faa580c3801fc71e980d0a2785483d
raw/chr22_100_guides_tux05_20260813T160700Z_timing/batches/timing/columba/measured_2/batch_002/guides/chr22_100_guide_016/stderr.txt	6603	647a3c26fb0f04ad019100c4ab0390ab87ed5c84aadfe7a252bca70b1e3bd96d
raw/chr22_100_guides_tux05_20260813T160700Z_timing/batches/timing/columba/measured_2/batch_002/guides/chr22_100_guide_017/command.txt	566	52f4557e649aa46e4411ae140673c301db79070be95346be56434101def0adb8
raw/chr22_100_guides_tux05_20260813T160700Z_timing/batches/timing/columba/measured_2/batch_002/guides/chr22_100_guide_017/metrics.tsv	298	19864546a83114b6d46b1496208be73c15fafdc6997465dfff32dfc9d8cf522b
raw/chr22_100_guides_tux05_20260813T160700Z_timing/batches/timing/columba/measured_2/batch_002/guides/chr22_100_guide_017/output.paf	6925	443c9733648206d43672a968d8e97952afd65a9f31ce05d9d0565f64b1ea8a38
raw/chr22_100_guides_tux05_20260813T160700Z_timing/batches/timing/columba/measured_2/batch_002/guides/chr22_100_guide_017/stderr.txt	523774	34e2228fdcbf823acbc1cf9a4520426f2726ceee2e2c487a482723b0e27f4c06
raw/chr22_100_guides_tux05_20260813T160700Z_timing/batches/timing/columba/measured_2/batch_002/guides/chr22_100_guide_018/command.txt	566	75e2baf188655797b05e9bcc7c7c52978a0f9ab393a9a0f9137f5c027fc04b28
raw/chr22_100_guides_tux05_20260813T160700Z_timing/batches/timing/columba/measured_2/batch_002/guides/chr22_100_guide_018/metrics.tsv	296	6a6bea8129860e766d649174963ddb5a19670de97bccde0c6b33f7bde57b7fe8
raw/chr22_100_guides_tux05_20260813T160700Z_timing/batches/timing/columba/measured_2/batch_002/guides/chr22_100_guide_018/output.paf	208	5c632dfc921b715b635c61d386497b7131eb4348bb520ea4a5cd13ab53ef1e7a
raw/chr22_100_guides_tux05_20260813T160700Z_timing/batches/timing/columba/measured_2/batch_002/guides/chr22_100_guide_018/stderr.txt	43109	23e8f4ffff162fdc2e25089c32203c22ccb5ac9c66770c9b5d4a6408cc154ffb
raw/chr22_100_guides_tux05_20260813T160700Z_timing/batches/timing/columba/measured_2/batch_002/guides/chr22_100_guide_019/command.txt	566	c296de5e3bf06c1c788e61e8d9053d04b4211a0935d94f8679e75efe74d67409
raw/chr22_100_guides_tux05_20260813T160700Z_timing/batches/timing/columba/measured_2/batch_002/guides/chr22_100_guide_019/metrics.tsv	295	0113c52c953451d0e2cde3d6962ace3d2a10d7f4cd420d73f2bafee372149f73
raw/chr22_100_guides_tux05_20260813T160700Z_timing/batches/timing/columba/measured_2/batch_002/guides/chr22_100_guide_019/output.paf	103	6cdd7ce54810d5bc4f6f9e343cba7e89b5868d4aa230081223fa53049a31ac4f
raw/chr22_100_guides_tux05_20260813T160700Z_timing/batches/timing/columba/measured_2/batch_002/guides/chr22_100_guide_019/stderr.txt	1766	dc56e723a41ad2b033072b1d35240963852ef67de09ef8478a44d1daa4a0e78a
raw/chr22_100_guides_tux05_20260813T160700Z_timing/batches/timing/columba/measured_2/batch_002/guides/chr22_100_guide_020/command.txt	566	3d6c4d5ae462056631517cc4658879656edee22c7d7ce64248e801b26b4d3f46
raw/chr22_100_guides_tux05_20260813T160700Z_timing/batches/timing/columba/measured_2/batch_002/guides/chr22_100_guide_020/metrics.tsv	296	932d036a6ea8a4af8a67515f7124ca423f42c5b9ff8fbc3753fcd097ebe1b7ca
raw/chr22_100_guides_tux05_20260813T160700Z_timing/batches/timing/columba/measured_2/batch_002/guides/chr22_100_guide_020/output.paf	759	e201d7cfc5ec4a9979af6c9a236130b8f36d6e0e4dcfef596b106dbc39010303
raw/chr22_100_guides_tux05_20260813T160700Z_timing/batches/timing/columba/measured_2/batch_002/guides/chr22_100_guide_020/stderr.txt	76628	b458b467a03688a50351b56d6e3c449c56ad4edc944351aafb91ac49def2d89e
raw/chr22_100_guides_tux05_20260813T160700Z_timing/batches/timing/columba/measured_2/batch_003/SUCCESS	0	e3b0c44298fc1c149afbf4c8996fb92427ae41e4649b934ca495991b7852b855
raw/chr22_100_guides_tux05_20260813T160700Z_timing/batches/timing/columba/measured_2/batch_003/environment.tsv	595	ee90a028a17f7536f073a8ceae4eb2270cffbfd6367b73ebd777f7cb83d01d2a
raw/chr22_100_guides_tux05_20260813T160700Z_timing/batches/timing/columba/measured_2/batch_003/guide_ids.txt	200	7f4ca67e60caaed7e9e0bad5853508fe81c7096e134107727d3754f80b7b3e5c
raw/chr22_100_guides_tux05_20260813T160700Z_timing/batches/timing/columba/measured_2/batch_003/guide_order.sha256	299	eecfa3bd337d27a947894b89ef3de19399f539c190595695258529d9d1a02b5c
raw/chr22_100_guides_tux05_20260813T160700Z_timing/batches/timing/columba/measured_2/batch_003/guide_order.txt	200	78c588a2e012ebf2bd83a90248b896a78556e128b5a50348f4a5fb669ebf6de7
raw/chr22_100_guides_tux05_20260813T160700Z_timing/batches/timing/columba/measured_2/batch_003/guide_results.tsv	2291	7db8d6f2fefa71d99d31ca75e9a453f5ba0e252c2192d26eaab1b02ffe3c967c
raw/chr22_100_guides_tux05_20260813T160700Z_timing/batches/timing/columba/measured_2/batch_003/guides/chr22_100_guide_021/command.txt	566	f9050ea994c56a1d1281887bb0fc83f4193c34c12335ce9829084521f61c8def
raw/chr22_100_guides_tux05_20260813T160700Z_timing/batches/timing/columba/measured_2/batch_003/guides/chr22_100_guide_021/metrics.tsv	294	4d4bcf91abc56d55e963cebc40b54e06a6cec8f244313932552d5273cebfdfa4
raw/chr22_100_guides_tux05_20260813T160700Z_timing/batches/timing/columba/measured_2/batch_003/guides/chr22_100_guide_021/output.paf	105	70d3142b6438b2233c1a63a2ac833233a13a2d75bf75339f1fccaff2fa81b453
raw/chr22_100_guides_tux05_20260813T160700Z_timing/batches/timing/columba/measured_2/batch_003/guides/chr22_100_guide_021/stderr.txt	652	d56d96fe98b333f362ee9bd6376532e8bc00f0bfcb42456116b5b2cd748bb70d
raw/chr22_100_guides_tux05_20260813T160700Z_timing/batches/timing/columba/measured_2/batch_003/guides/chr22_100_guide_022/command.txt	566	6b4efbf55dd6e3bf25a65b5e28b7a2092729c8bb72fffea26760e282eea23625
raw/chr22_100_guides_tux05_20260813T160700Z_timing/batches/timing/columba/measured_2/batch_003/guides/chr22_100_guide_022/metrics.tsv	297	68c3f696d98a4a5e3c18e558fc724f21fbf4b0351485e3b6ed1ef85da0b638dd
raw/chr22_100_guides_tux05_20260813T160700Z_timing/batches/timing/columba/measured_2/batch_003/guides/chr22_100_guide_022/output.paf	105	6b72b7d58a6bb9700568183d8342e8f3bc79c45ffa1f7e46c161effbf9985c5d
raw/chr22_100_guides_tux05_20260813T160700Z_timing/batches/timing/columba/measured_2/batch_003/guides/chr22_100_guide_022/stderr.txt	592188	1bdc42a6859b8b52c1db369907a7439fdf814d31ad0591c6948691ed396edcd1
raw/chr22_100_guides_tux05_20260813T160700Z_timing/batches/timing/columba/measured_2/batch_003/guides/chr22_100_guide_023/command.txt	566	70ccd8838041ffb2b91a0368ef5d937990570a77e556ba08b90bf9c13cf759b1
raw/chr22_100_guides_tux05_20260813T160700Z_timing/batches/timing/columba/measured_2/batch_003/guides/chr22_100_guide_023/metrics.tsv	297	fb8aa6092bbc4c5b950eabe1a1361a6d429466f9a12efdbd65ddc3d0c838d3ab
raw/chr22_100_guides_tux05_20260813T160700Z_timing/batches/timing/columba/measured_2/batch_003/guides/chr22_100_guide_023/output.paf	16229	5664c285cf2f5ae0137ca1a22d1cb40e7231faecf6a27ae4223e67a75ccdd033
raw/chr22_100_guides_tux05_20260813T160700Z_timing/batches/timing/columba/measured_2/batch_003/guides/chr22_100_guide_023/stderr.txt	3475	94dca88f98f958fa1bf19db4e20642e9042142e03f3cac411aff6176a087ef1e
raw/chr22_100_guides_tux05_20260813T160700Z_timing/batches/timing/columba/measured_2/batch_003/guides/chr22_100_guide_024/command.txt	566	6e346420d30f1215f572c1198ebba67285f3255da0f7399a940e5815edb3d384
raw/chr22_100_guides_tux05_20260813T160700Z_timing/batches/timing/columba/measured_2/batch_003/guides/chr22_100_guide_024/metrics.tsv	296	8129ece4288ca6cae65ba2c596e8dd5a563035848810ed9f8fdf48c27fc2c90d
raw/chr22_100_guides_tux05_20260813T160700Z_timing/batches/timing/columba/measured_2/batch_003/guides/chr22_100_guide_024/output.paf	214	bcee63120e7a1ad9985f53ede79aec2d8e27e6be8190904374c9bd2675cce1d4
raw/chr22_100_guides_tux05_20260813T160700Z_timing/batches/timing/columba/measured_2/batch_003/guides/chr22_100_guide_024/stderr.txt	89840	20e0d047a90eb941c28e7c3eadd3682e2d2baa7519ca17df715655ce2d25a138
raw/chr22_100_guides_tux05_20260813T160700Z_timing/batches/timing/columba/measured_2/batch_003/guides/chr22_100_guide_025/command.txt	566	c9d3511d3258b4919e14690f782a111dd5b294b9f7d7f83afbd4fe3c7f861b7c
raw/chr22_100_guides_tux05_20260813T160700Z_timing/batches/timing/columba/measured_2/batch_003/guides/chr22_100_guide_025/metrics.tsv	300	c87720475cd4358c6d7f5f75b35d50c16f684f6025632d2da6dfe1000b1b5cd1
raw/chr22_100_guides_tux05_20260813T160700Z_timing/batches/timing/columba/measured_2/batch_003/guides/chr22_100_guide_025/output.paf	360399	2bcf3c36d3005ad0fb22c942310e9ac2be633eecc1be15596d48b67e278c7fd2
raw/chr22_100_guides_tux05_20260813T160700Z_timing/batches/timing/columba/measured_2/batch_003/guides/chr22_100_guide_025/stderr.txt	685114	bbeec566678f9402686af8dfc82c742950a8cca1a8132401323a9ab6a130af25
raw/chr22_100_guides_tux05_20260813T160700Z_timing/batches/timing/columba/measured_2/batch_003/guides/chr22_100_guide_026/command.txt	566	13ba028df906384e3b2a1de8a1618c80cdcff5fdbce9f5fe963de5984996dc7b
raw/chr22_100_guides_tux05_20260813T160700Z_timing/batches/timing/columba/measured_2/batch_003/guides/chr22_100_guide_026/metrics.tsv	298	1d58f0610cafeaf08d7708d7aee9eba63f08f4a8e2d7eaa1af6a7430fba7f520
raw/chr22_100_guides_tux05_20260813T160700Z_timing/batches/timing/columba/measured_2/batch_003/guides/chr22_100_guide_026/output.paf	6840	74ee2057f2511f0387c90decf264283593386e47d9b30347bc9921ddcc60dd17
raw/chr22_100_guides_tux05_20260813T160700Z_timing/batches/timing/columba/measured_2/batch_003/guides/chr22_100_guide_026/stderr.txt	763944	24451543d4981af6965232fc89a42aae084c85b1effd413db55357f5b81b7551
raw/chr22_100_guides_tux05_20260813T160700Z_timing/batches/timing/columba/measured_2/batch_003/guides/chr22_100_guide_027/command.txt	566	42f11b0ac63b535ebba76e8909b548fac3bfd29f1f9a1e5a2956e3348c124662
raw/chr22_100_guides_tux05_20260813T160700Z_timing/batches/timing/columba/measured_2/batch_003/guides/chr22_100_guide_027/metrics.tsv	294	1d98beef5d65fb28b8f1c4137f91d6c5cc340cd5012b99048a4e507d20743948
raw/chr22_100_guides_tux05_20260813T160700Z_timing/batches/timing/columba/measured_2/batch_003/guides/chr22_100_guide_027/output.paf	210	a7610eb051e87a34826545d10fcf8102943e8611a97a657a33ec94ff2afe4c13
raw/chr22_100_guides_tux05_20260813T160700Z_timing/batches/timing/columba/measured_2/batch_003/guides/chr22_100_guide_027/stderr.txt	470	ca6032de9107568e011efa775fb138933bc1f4163d835edc39d12e948093dfde
raw/chr22_100_guides_tux05_20260813T160700Z_timing/batches/timing/columba/measured_2/batch_003/guides/chr22_100_guide_028/command.txt	566	7e1a39c18a8234e4b77a15c338fb0b22f0d2e1ef98eaef93cbe5df88a9e50da9
raw/chr22_100_guides_tux05_20260813T160700Z_timing/batches/timing/columba/measured_2/batch_003/guides/chr22_100_guide_028/metrics.tsv	299	216481a3028d4088767d66d4650a793fb7139fe69435be39745d889c1670b651
raw/chr22_100_guides_tux05_20260813T160700Z_timing/batches/timing/columba/measured_2/batch_003/guides/chr22_100_guide_028/output.paf	214131	01e49abccf673768fbd38172e9592aef60a9ffa738fefa147d463cc2893ff852
raw/chr22_100_guides_tux05_20260813T160700Z_timing/batches/timing/columba/measured_2/batch_003/guides/chr22_100_guide_028/stderr.txt	26540	6ab1cb25283fe19a6bfd4fcd5c48da2d87969a73970cab771254caf7f66a6287
raw/chr22_100_guides_tux05_20260813T160700Z_timing/batches/timing/columba/measured_2/batch_003/guides/chr22_100_guide_029/command.txt	566	8d93322f79c278600132fcd48cbcf81a163d9b58a1b21fc80d646b44faef009e
raw/chr22_100_guides_tux05_20260813T160700Z_timing/batches/timing/columba/measured_2/batch_003/guides/chr22_100_guide_029/metrics.tsv	299	cec47fb1e282d8a2a97e7cca2264789037776d23cd7e5c654f98560a498808cb
raw/chr22_100_guides_tux05_20260813T160700Z_timing/batches/timing/columba/measured_2/batch_003/guides/chr22_100_guide_029/output.paf	199216	023a0db1667cffab02ece840deaeba274e313dbe75e80a569d4eb1e108049a70
raw/chr22_100_guides_tux05_20260813T160700Z_timing/batches/timing/columba/measured_2/batch_003/guides/chr22_100_guide_029/stderr.txt	27636	d4e0a36311e4ca8e67b4e69d062e253606ee8ba50c03ffb98d71774fa810bdfb
raw/chr22_100_guides_tux05_20260813T160700Z_timing/batches/timing/columba/measured_2/batch_003/guides/chr22_100_guide_030/command.txt	566	cf119fedaebf729a33ac282a4330e0dd7223f4db1879660848aa9e0a26c7948a
raw/chr22_100_guides_tux05_20260813T160700Z_timing/batches/timing/columba/measured_2/batch_003/guides/chr22_100_guide_030/metrics.tsv	300	a6dc32e17ff2defa1579c44a67bcae12a29a8846c48c09ea0ba301ceed8620cd
raw/chr22_100_guides_tux05_20260813T160700Z_timing/batches/timing/columba/measured_2/batch_003/guides/chr22_100_guide_030/output.paf	230815	d29f1e6c8cefac25b1c219eeb22083b707ccd515357f995e1d890f815157db21
raw/chr22_100_guides_tux05_20260813T160700Z_timing/batches/timing/columba/measured_2/batch_003/guides/chr22_100_guide_030/stderr.txt	272121	2438973516059989d2cd3180bc4fb2a1b25b52a873009a27bebbfc598f668a22
raw/chr22_100_guides_tux05_20260813T160700Z_timing/batches/timing/columba/measured_2/batch_004/SUCCESS	0	e3b0c44298fc1c149afbf4c8996fb92427ae41e4649b934ca495991b7852b855
raw/chr22_100_guides_tux05_20260813T160700Z_timing/batches/timing/columba/measured_2/batch_004/environment.tsv	595	5cf22c62ced9d8c17a4323bd7cf72c8f6b382c4032bd2ea271ec91d0397a5ff3
raw/chr22_100_guides_tux05_20260813T160700Z_timing/batches/timing/columba/measured_2/batch_004/guide_ids.txt	200	02a44a23918390e8ac6ed31c09c6d13d635bc0bd1243ea4c7c8a83fe1ff7ef48
raw/chr22_100_guides_tux05_20260813T160700Z_timing/batches/timing/columba/measured_2/batch_004/guide_order.sha256	299	705380b277b4d50986ad70330fdc33a5ccd157cca32f5c5011a8c2cfccd4daeb
raw/chr22_100_guides_tux05_20260813T160700Z_timing/batches/timing/columba/measured_2/batch_004/guide_order.txt	200	e1a6b04f5ac3450e4f642c006ac79eed6fa1ee570573ca418e07defb8d8d49de
raw/chr22_100_guides_tux05_20260813T160700Z_timing/batches/timing/columba/measured_2/batch_004/guide_results.tsv	2277	e8adaa4ca052528bcfe7e2ca1f4f514316ed4de75d2f7e9b3931e3257bf10ad5
raw/chr22_100_guides_tux05_20260813T160700Z_timing/batches/timing/columba/measured_2/batch_004/guides/chr22_100_guide_031/command.txt	566	b5434d72923f8388a240772e19851d5e85c18a398dfceb2c0f93d2578e8281d0
raw/chr22_100_guides_tux05_20260813T160700Z_timing/batches/timing/columba/measured_2/batch_004/guides/chr22_100_guide_031/metrics.tsv	297	d3af8730ad13ad9ffeb92fe741a1384f5dbea2f6f556a732da0a33be9614df04
raw/chr22_100_guides_tux05_20260813T160700Z_timing/batches/timing/columba/measured_2/batch_004/guides/chr22_100_guide_031/output.paf	214	5d5573821365e7bc8b578e4c8587ad85cc0ce7e73cc826859074ffc07c945a42
raw/chr22_100_guides_tux05_20260813T160700Z_timing/batches/timing/columba/measured_2/batch_004/guides/chr22_100_guide_031/stderr.txt	401466	6d757fd7aeea9c62de2f65f7620c111ca2fee818c410d59cbc0beeac17789d75
raw/chr22_100_guides_tux05_20260813T160700Z_timing/batches/timing/columba/measured_2/batch_004/guides/chr22_100_guide_032/command.txt	566	a6d4f5842b6d815b23b00e503451167f35aff4d342ba07f76998d8b72ea93dab
raw/chr22_100_guides_tux05_20260813T160700Z_timing/batches/timing/columba/measured_2/batch_004/guides/chr22_100_guide_032/metrics.tsv	294	04224eda76ab75457e32200a6b0feffa9c582a87ef4bd2d3f282de6ce37cd7a7
raw/chr22_100_guides_tux05_20260813T160700Z_timing/batches/timing/columba/measured_2/batch_004/guides/chr22_100_guide_032/output.paf	105	c25a6440be62186e25b0f165358d0d0900b923751f80af6ee5c27f0f29a85af6
raw/chr22_100_guides_tux05_20260813T160700Z_timing/batches/timing/columba/measured_2/batch_004/guides/chr22_100_guide_032/stderr.txt	188	5bcc52812e3cd79f2c949096180d3f1ac01ae06d29eea04285bba87168ded8f9
raw/chr22_100_guides_tux05_20260813T160700Z_timing/batches/timing/columba/measured_2/batch_004/guides/chr22_100_guide_033/command.txt	566	434733e1a3839dc4164adf8af4f6ab33375579bb27b5f6c6814f2e0e39dcc26e
raw/chr22_100_guides_tux05_20260813T160700Z_timing/batches/timing/columba/measured_2/batch_004/guides/chr22_100_guide_033/metrics.tsv	294	dce1ed4b12c0d84e1b9e57b0347064eb0dab639f1ad421d689711ac1892250ea
raw/chr22_100_guides_tux05_20260813T160700Z_timing/batches/timing/columba/measured_2/batch_004/guides/chr22_100_guide_033/output.paf	105	0effc63d85fa97f691908ce0321ab857ae6f08fabd2480f35c83ff81e76c9f0e
raw/chr22_100_guides_tux05_20260813T160700Z_timing/batches/timing/columba/measured_2/batch_004/guides/chr22_100_guide_033/stderr.txt	656	6be499e878bb8835b2d0095d754911ca511e88d92eb98ee972ab04a1f8c00a0b
raw/chr22_100_guides_tux05_20260813T160700Z_timing/batches/timing/columba/measured_2/batch_004/guides/chr22_100_guide_034/command.txt	566	4ce1b4c65927cdd6014f6bc301f313a08494b3f8aeb53328c27d47793b6cef2e
raw/chr22_100_guides_tux05_20260813T160700Z_timing/batches/timing/columba/measured_2/batch_004/guides/chr22_100_guide_034/metrics.tsv	294	389bf1824ac03d4d33441f80a24214e8888652fff9b8e36e28e829f7dd27d15c
raw/chr22_100_guides_tux05_20260813T160700Z_timing/batches/timing/columba/measured_2/batch_004/guides/chr22_100_guide_034/output.paf	105	b799f84402b88ca7eda644ce1b5b5eb56c02b09c04d62fc51c4c70dc76c6b583
raw/chr22_100_guides_tux05_20260813T160700Z_timing/batches/timing/columba/measured_2/batch_004/guides/chr22_100_guide_034/stderr.txt	187	4f6dc5b5a164eea9ba79b4a4c7ee686bbb2ef32b24b407949991d9e320496ddb
raw/chr22_100_guides_tux05_20260813T160700Z_timing/batches/timing/columba/measured_2/batch_004/guides/chr22_100_guide_035/command.txt	566	1dfd64605fdbbfc3767c3f27341d5c28600329a526fd4cf8672d5b7756e3bc60
raw/chr22_100_guides_tux05_20260813T160700Z_timing/batches/timing/columba/measured_2/batch_004/guides/chr22_100_guide_035/metrics.tsv	297	851d71161a9bd83dfc49c537f7fdda33f2902e08f571e1a83240be906720f327
raw/chr22_100_guides_tux05_20260813T160700Z_timing/batches/timing/columba/measured_2/batch_004/guides/chr22_100_guide_035/output.paf	1068	26e2eb81897f587da39402739a7f851313f0bf1adff27623b341a24f6d65d55b
raw/chr22_100_guides_tux05_20260813T160700Z_timing/batches/timing/columba/measured_2/batch_004/guides/chr22_100_guide_035/stderr.txt	26996	99ec977a326ca10c3e115b1ced26f639f311e55f5d55485ff6a9c48c4655ed96
raw/chr22_100_guides_tux05_20260813T160700Z_timing/batches/timing/columba/measured_2/batch_004/guides/chr22_100_guide_036/command.txt	566	34446fdba96d2f066083524581067fc03e27f2dd3f3d70048d2a6cb47060508b
raw/chr22_100_guides_tux05_20260813T160700Z_timing/batches/timing/columba/measured_2/batch_004/guides/chr22_100_guide_036/metrics.tsv	293	33976a0ff265ee40bbdbf0eead4cfd0eca09a8c0c8187f401fafc389f516ac14
raw/chr22_100_guides_tux05_20260813T160700Z_timing/batches/timing/columba/measured_2/batch_004/guides/chr22_100_guide_036/output.paf	105	d902219eeefe3ff64202f082d0493776f51eb4ff2b0f1167c0e670f923533dc4
raw/chr22_100_guides_tux05_20260813T160700Z_timing/batches/timing/columba/measured_2/batch_004/guides/chr22_100_guide_036/stderr.txt	94	561879fe16bf8d8d845615014aafa1348557dc2b653402bc983228fe11f91985
raw/chr22_100_guides_tux05_20260813T160700Z_timing/batches/timing/columba/measured_2/batch_004/guides/chr22_100_guide_037/command.txt	566	beda16c3cbaf1a022fec89d057945cfd8465fa1dfc282b3b74180a64935f42f0
raw/chr22_100_guides_tux05_20260813T160700Z_timing/batches/timing/columba/measured_2/batch_004/guides/chr22_100_guide_037/metrics.tsv	292	c7379cf437ac93bfb9870f65cdc7f1cadd23603dbf0dfadf5943dd9f273c7b66
raw/chr22_100_guides_tux05_20260813T160700Z_timing/batches/timing/columba/measured_2/batch_004/guides/chr22_100_guide_037/output.paf	105	87a59470956d0b27daf38e5e39ded5e150cdea0e868b3bb38ed13ec71694f010
raw/chr22_100_guides_tux05_20260813T160700Z_timing/batches/timing/columba/measured_2/batch_004/guides/chr22_100_guide_037/stderr.txt	0	e3b0c44298fc1c149afbf4c8996fb92427ae41e4649b934ca495991b7852b855
raw/chr22_100_guides_tux05_20260813T160700Z_timing/batches/timing/columba/measured_2/batch_004/guides/chr22_100_guide_038/command.txt	566	9c0ec224db1849cbefa2b5764e5537db605396f19a9a7cc317e179e279ebe990
raw/chr22_100_guides_tux05_20260813T160700Z_timing/batches/timing/columba/measured_2/batch_004/guides/chr22_100_guide_038/metrics.tsv	294	21a5c86647b67c403009d6482cc01e34a3ca03fd1321e4d2029e5c8802a1d933
raw/chr22_100_guides_tux05_20260813T160700Z_timing/batches/timing/columba/measured_2/batch_004/guides/chr22_100_guide_038/output.paf	105	029b4bae64ebbe3decac5715b992bb89ceb0731276cd7cd8566eaca4250537b4
raw/chr22_100_guides_tux05_20260813T160700Z_timing/batches/timing/columba/measured_2/batch_004/guides/chr22_100_guide_038/stderr.txt	846	d19c36693df71437a3e971b04638d4c55f47a0d94d8887a1c6ebbec6f71e8046
raw/chr22_100_guides_tux05_20260813T160700Z_timing/batches/timing/columba/measured_2/batch_004/guides/chr22_100_guide_039/command.txt	566	478805a118ab94046408be78b00ea8b9ff3949702199a09f057c45c132eb41a5
raw/chr22_100_guides_tux05_20260813T160700Z_timing/batches/timing/columba/measured_2/batch_004/guides/chr22_100_guide_039/metrics.tsv	292	21651053d4250bcf3b80f7e439e84959b8b6c8769acbc02c84ed21a45b4b9e50
raw/chr22_100_guides_tux05_20260813T160700Z_timing/batches/timing/columba/measured_2/batch_004/guides/chr22_100_guide_039/output.paf	105	a699d8af011bf9deb858b41d0fae396d8cff7641f7f0fffbf757531340e4d266
raw/chr22_100_guides_tux05_20260813T160700Z_timing/batches/timing/columba/measured_2/batch_004/guides/chr22_100_guide_039/stderr.txt	0	e3b0c44298fc1c149afbf4c8996fb92427ae41e4649b934ca495991b7852b855
raw/chr22_100_guides_tux05_20260813T160700Z_timing/batches/timing/columba/measured_2/batch_004/guides/chr22_100_guide_040/command.txt	566	9e25ca24c617ed46f5e32e55fd503488516868fafc7ca7f3c46549ed25702392
raw/chr22_100_guides_tux05_20260813T160700Z_timing/batches/timing/columba/measured_2/batch_004/guides/chr22_100_guide_040/metrics.tsv	294	38a26fdf5a3444b5899b61f99175b60f41055831f1252a81a1569242ee9d09a6
raw/chr22_100_guides_tux05_20260813T160700Z_timing/batches/timing/columba/measured_2/batch_004/guides/chr22_100_guide_040/output.paf	105	4390a33a35b7293befeadb9fa60eb9d4727d057633aeb9a93007f6581228ca97
raw/chr22_100_guides_tux05_20260813T160700Z_timing/batches/timing/columba/measured_2/batch_004/guides/chr22_100_guide_040/stderr.txt	188	7e3c0298e47ada9502fe1ab91e5aed0852345691cf2da9d42a3b3bb1585655fc
raw/chr22_100_guides_tux05_20260813T160700Z_timing/batches/timing/columba/measured_2/batch_005/SUCCESS	0	e3b0c44298fc1c149afbf4c8996fb92427ae41e4649b934ca495991b7852b855
raw/chr22_100_guides_tux05_20260813T160700Z_timing/batches/timing/columba/measured_2/batch_005/environment.tsv	595	910ff613bf14e3a6aa8ce22db0323d6ad9c69e87b60d0e7f55e6abd1a3fe289d
raw/chr22_100_guides_tux05_20260813T160700Z_timing/batches/timing/columba/measured_2/batch_005/guide_ids.txt	200	79abc65bc1cd3a9f4f17f81d96267bf523cd0644719499b8d7b8397b053545cb
raw/chr22_100_guides_tux05_20260813T160700Z_timing/batches/timing/columba/measured_2/batch_005/guide_order.sha256	299	7fdcfeb75db8eaf67096c467a6db6d55ee050d7b21f25a8c704cad6683c82d17
raw/chr22_100_guides_tux05_20260813T160700Z_timing/batches/timing/columba/measured_2/batch_005/guide_order.txt	200	e8a8fcb7af376d12fbea8d6a2f28f243d15cc61a3aa6a4236749228583188c83
raw/chr22_100_guides_tux05_20260813T160700Z_timing/batches/timing/columba/measured_2/batch_005/guide_results.tsv	2277	cfbe6cfc37fe7fcdaa535b1f00efb9e0402e033ec3387be0a69e6f72ef2c32ae
raw/chr22_100_guides_tux05_20260813T160700Z_timing/batches/timing/columba/measured_2/batch_005/guides/chr22_100_guide_041/command.txt	566	89a5d619df2660b972001d0d159c8a01fcc1576f0c09bbd29c7b700ad4072236
raw/chr22_100_guides_tux05_20260813T160700Z_timing/batches/timing/columba/measured_2/batch_005/guides/chr22_100_guide_041/metrics.tsv	293	54c4e4dfda0519d43dd3a0b1087d1c4eb35276c12186e014cee27d9ebfca66c6
raw/chr22_100_guides_tux05_20260813T160700Z_timing/batches/timing/columba/measured_2/batch_005/guides/chr22_100_guide_041/output.paf	105	3e8108b8109dce3b65881841a62543e3eb3ba821fff9bc76b9b5e43ac8c75d77
raw/chr22_100_guides_tux05_20260813T160700Z_timing/batches/timing/columba/measured_2/batch_005/guides/chr22_100_guide_041/stderr.txt	94	30d5bd1a2fd8f421e7be29640f109fecf4e022892dc5732c56ef1b76e1f5233b
raw/chr22_100_guides_tux05_20260813T160700Z_timing/batches/timing/columba/measured_2/batch_005/guides/chr22_100_guide_042/command.txt	566	15e5f721a9d47bcd7e89cc307e577296e5d056ad3d94663a41652d8551c9400f
raw/chr22_100_guides_tux05_20260813T160700Z_timing/batches/timing/columba/measured_2/batch_005/guides/chr22_100_guide_042/metrics.tsv	292	cac72cc036626a1a8545e507bc4682ee1a80afafe3d3849ccc8e419bd707edaa
raw/chr22_100_guides_tux05_20260813T160700Z_timing/batches/timing/columba/measured_2/batch_005/guides/chr22_100_guide_042/output.paf	105	5924fcb39f9667884df027edda8f627478be6271057a2d69844c736321e3169f
raw/chr22_100_guides_tux05_20260813T160700Z_timing/batches/timing/columba/measured_2/batch_005/guides/chr22_100_guide_042/stderr.txt	0	e3b0c44298fc1c149afbf4c8996fb92427ae41e4649b934ca495991b7852b855
raw/chr22_100_guides_tux05_20260813T160700Z_timing/batches/timing/columba/measured_2/batch_005/guides/chr22_100_guide_043/command.txt	566	b67a6b497e3a6b9bdebb34b5a399c66ef87ede69a75b252be4fab3d258472f2f
raw/chr22_100_guides_tux05_20260813T160700Z_timing/batches/timing/columba/measured_2/batch_005/guides/chr22_100_guide_043/metrics.tsv	296	90c20c3831f94204760a8a1c2e3247bf075ef44bf8a438163dc1ce646ffc1082
raw/chr22_100_guides_tux05_20260813T160700Z_timing/batches/timing/columba/measured_2/batch_005/guides/chr22_100_guide_043/output.paf	210	453049c36d105d5fc369042ca0ab1a96b8b895a916b5c2f187ec168c02aae659
raw/chr22_100_guides_tux05_20260813T160700Z_timing/batches/timing/columba/measured_2/batch_005/guides/chr22_100_guide_043/stderr.txt	23862	6a4a76d7576dcdf483edf9f4bfebf4e97bedcea9c2681ce642817147f17c17a9
raw/chr22_100_guides_tux05_20260813T160700Z_timing/batches/timing/columba/measured_2/batch_005/guides/chr22_100_guide_044/command.txt	566	54530671f67746b66d95a33193c18e5abbbd5ce5541084af83255ec6a0ac78ce
raw/chr22_100_guides_tux05_20260813T160700Z_timing/batches/timing/columba/measured_2/batch_005/guides/chr22_100_guide_044/metrics.tsv	295	9a7f78494dcb9601370ef27781864cc7c2b5a0f2a6e06a8358ed337841f96a68
raw/chr22_100_guides_tux05_20260813T160700Z_timing/batches/timing/columba/measured_2/batch_005/guides/chr22_100_guide_044/output.paf	212	4f1d85930718319dee2874ba1c96e3f8e80885b044e2550d9d3285234eb16d34
raw/chr22_100_guides_tux05_20260813T160700Z_timing/batches/timing/columba/measured_2/batch_005/guides/chr22_100_guide_044/stderr.txt	8926	ac80b04a88870303112f4ee98ea5b95636d0b8b35af5c52fb77c23238f1648db
raw/chr22_100_guides_tux05_20260813T160700Z_timing/batches/timing/columba/measured_2/batch_005/guides/chr22_100_guide_045/command.txt	566	a5dc2c466af134335a0814a6fdc2abbfeea25b3c539a72e90cfd77196bf537a2
raw/chr22_100_guides_tux05_20260813T160700Z_timing/batches/timing/columba/measured_2/batch_005/guides/chr22_100_guide_045/metrics.tsv	293	bf9fa9f6b64315f1efeecafd16116b1df74f74480508627b23844457d825bd7b
raw/chr22_100_guides_tux05_20260813T160700Z_timing/batches/timing/columba/measured_2/batch_005/guides/chr22_100_guide_045/output.paf	105	7e528a989c31c40be279492b74efb2b32bbafcb76168ffa5ecf4da003dd2852c
raw/chr22_100_guides_tux05_20260813T160700Z_timing/batches/timing/columba/measured_2/batch_005/guides/chr22_100_guide_045/stderr.txt	94	dd567e27451842465f72c8df72e5b23a60f4533474e55b65999ba98af50e5e25
raw/chr22_100_guides_tux05_20260813T160700Z_timing/batches/timing/columba/measured_2/batch_005/guides/chr22_100_guide_046/command.txt	566	87d7006eff9339b20600f06c4232d644acdcea738e1b21a96f6a8b23acedaf6e
raw/chr22_100_guides_tux05_20260813T160700Z_timing/batches/timing/columba/measured_2/batch_005/guides/chr22_100_guide_046/metrics.tsv	293	f9b422818124efea6be47883b74b90129d9b2b3e40824feef9cc9761efe3acf6
raw/chr22_100_guides_tux05_20260813T160700Z_timing/batches/timing/columba/measured_2/batch_005/guides/chr22_100_guide_046/output.paf	105	714554ca8eac6dff9bf1ea7bcd982ded36f466eaa79bea00a33e12ff4252393b
raw/chr22_100_guides_tux05_20260813T160700Z_timing/batches/timing/columba/measured_2/batch_005/guides/chr22_100_guide_046/stderr.txt	94	32b0fdb408a245e8ea00a9e3729e5f81f9093394a9fdef4348318ec666ad1e55
raw/chr22_100_guides_tux05_20260813T160700Z_timing/batches/timing/columba/measured_2/batch_005/guides/chr22_100_guide_047/command.txt	566	09a07f9402cbb8f11a93f4619d86a05a1f257ff3e198b47115e26c3ecb6c46ca
raw/chr22_100_guides_tux05_20260813T160700Z_timing/batches/timing/columba/measured_2/batch_005/guides/chr22_100_guide_047/metrics.tsv	294	f380158c4648dc028f774c78884182b632cf3beba51ce37064926b8a8c53bfaa
raw/chr22_100_guides_tux05_20260813T160700Z_timing/batches/timing/columba/measured_2/batch_005/guides/chr22_100_guide_047/output.paf	105	ca51411298336dbdfe2d1022ed02e74028dfbcd2e0e397a8224fce4f6017af72
raw/chr22_100_guides_tux05_20260813T160700Z_timing/batches/timing/columba/measured_2/batch_005/guides/chr22_100_guide_047/stderr.txt	282	b76583d8074d81b6123010653d515a4ff97310c43c5bf08081014d9154db7606
raw/chr22_100_guides_tux05_20260813T160700Z_timing/batches/timing/columba/measured_2/batch_005/guides/chr22_100_guide_048/command.txt	566	013615c7451b42b2e94f086fe08854e475f20dd3d22c9013797b8fc057463758
raw/chr22_100_guides_tux05_20260813T160700Z_timing/batches/timing/columba/measured_2/batch_005/guides/chr22_100_guide_048/metrics.tsv	292	2a1fc3d04823132157bf44013eb391b41bff75ab247b0ce4394e719d6f5230a7
raw/chr22_100_guides_tux05_20260813T160700Z_timing/batches/timing/columba/measured_2/batch_005/guides/chr22_100_guide_048/output.paf	105	bc3b9f3f86cc8bbd34d0a114947da783ee284f28a9a17754f8b3028fd08951a9
raw/chr22_100_guides_tux05_20260813T160700Z_timing/batches/timing/columba/measured_2/batch_005/guides/chr22_100_guide_048/stderr.txt	0	e3b0c44298fc1c149afbf4c8996fb92427ae41e4649b934ca495991b7852b855
raw/chr22_100_guides_tux05_20260813T160700Z_timing/batches/timing/columba/measured_2/batch_005/guides/chr22_100_guide_049/command.txt	566	8aab2e7241e9a2a123f3def9f000857a2f80382ca271073ee216c231d6d447b7
raw/chr22_100_guides_tux05_20260813T160700Z_timing/batches/timing/columba/measured_2/batch_005/guides/chr22_100_guide_049/metrics.tsv	294	d67275ff3e01fcf1d858a877f027212fa5bdffcbed8e1a22f52a3de2eaf01dcd
raw/chr22_100_guides_tux05_20260813T160700Z_timing/batches/timing/columba/measured_2/batch_005/guides/chr22_100_guide_049/output.paf	323	00230428f6d63582ec60d092b6bc6c689bf77cb21e9480a627f5e8c16d0dc979
raw/chr22_100_guides_tux05_20260813T160700Z_timing/batches/timing/columba/measured_2/batch_005/guides/chr22_100_guide_049/stderr.txt	940	42d1ec48cb0493956d77fad00767b6c2fed5e28ca7790d50779e46dd1957fd55
raw/chr22_100_guides_tux05_20260813T160700Z_timing/batches/timing/columba/measured_2/batch_005/guides/chr22_100_guide_050/command.txt	566	c4ee76804607468ef9600712f44ea93a2312cce48ada62302ef5577876e60bd3
raw/chr22_100_guides_tux05_20260813T160700Z_timing/batches/timing/columba/measured_2/batch_005/guides/chr22_100_guide_050/metrics.tsv	297	79a983b69890b9baa8a8509b7c3d6c68c3db1058498d37aef179788ed0bbbc90
raw/chr22_100_guides_tux05_20260813T160700Z_timing/batches/timing/columba/measured_2/batch_005/guides/chr22_100_guide_050/output.paf	8608	a3962782031d7a99caa2c5378ed324dd3f3d615a63e3f3246b35b7371cee0cde
raw/chr22_100_guides_tux05_20260813T160700Z_timing/batches/timing/columba/measured_2/batch_005/guides/chr22_100_guide_050/stderr.txt	94235	76defb6e40a3b8e0ecc76033ed3e6b9c80b03fa159050eccc782c7a714c2d894
raw/chr22_100_guides_tux05_20260813T160700Z_timing/batches/timing/columba/measured_2/batch_006/SUCCESS	0	e3b0c44298fc1c149afbf4c8996fb92427ae41e4649b934ca495991b7852b855
raw/chr22_100_guides_tux05_20260813T160700Z_timing/batches/timing/columba/measured_2/batch_006/environment.tsv	595	2418be10f5b77b3f05f8bc7a54f6a193588bc703b61920b0237764b1261e7dc8
raw/chr22_100_guides_tux05_20260813T160700Z_timing/batches/timing/columba/measured_2/batch_006/guide_ids.txt	200	a907f2343a18b400de9f60c307535ffaff3746888d1360e5a0bcb954b27f9946
raw/chr22_100_guides_tux05_20260813T160700Z_timing/batches/timing/columba/measured_2/batch_006/guide_order.sha256	299	05dc7dca0cffacbc2751fb1f0782a48c78eeff5cefe8a16014e0681662a84d61
raw/chr22_100_guides_tux05_20260813T160700Z_timing/batches/timing/columba/measured_2/batch_006/guide_order.txt	200	842bea15c5f602863504c7e0bfc1ecf570352a18a0df093de2fe94f2152c40cb
raw/chr22_100_guides_tux05_20260813T160700Z_timing/batches/timing/columba/measured_2/batch_006/guide_results.tsv	2279	9ec46340e5023f9c4e46041272096aece3b5997e9683959fd95bd84e448d57e3
raw/chr22_100_guides_tux05_20260813T160700Z_timing/batches/timing/columba/measured_2/batch_006/guides/chr22_100_guide_051/command.txt	566	6930dd10c6a4b90b15bd34111d8bf425357a22fd57a493aa3299b720108e74aa
raw/chr22_100_guides_tux05_20260813T160700Z_timing/batches/timing/columba/measured_2/batch_006/guides/chr22_100_guide_051/metrics.tsv	293	869d7c0db16351e1cb725fee6e2f47c29e5b992bf3d37f3b5effb5a8eeb85e6f
raw/chr22_100_guides_tux05_20260813T160700Z_timing/batches/timing/columba/measured_2/batch_006/guides/chr22_100_guide_051/output.paf	105	14ef5eacd0519bf8d6f3f1e421b2147ce2cef2d89992ac6bc3c0c6493049fd6f
raw/chr22_100_guides_tux05_20260813T160700Z_timing/batches/timing/columba/measured_2/batch_006/guides/chr22_100_guide_051/stderr.txt	94	b3f77e03add0f929849c64c186a0f6ee8168522805e29a074a8498ff01f34924
raw/chr22_100_guides_tux05_20260813T160700Z_timing/batches/timing/columba/measured_2/batch_006/guides/chr22_100_guide_052/command.txt	566	56fcec6ace838c7592226df602b7be1f4a7687b9485435fe9be6e73b08444f71
raw/chr22_100_guides_tux05_20260813T160700Z_timing/batches/timing/columba/measured_2/batch_006/guides/chr22_100_guide_052/metrics.tsv	293	c48653d2b24c42c6a7fb6bf8778f0daf1a60933a178ea2883577fc1f2c5f17d8
raw/chr22_100_guides_tux05_20260813T160700Z_timing/batches/timing/columba/measured_2/batch_006/guides/chr22_100_guide_052/output.paf	105	b743dcf20b0f8a4d8e1a343b97d48c58a0bc7fc4d1bb2a983a38d2078d740fcd
raw/chr22_100_guides_tux05_20260813T160700Z_timing/batches/timing/columba/measured_2/batch_006/guides/chr22_100_guide_052/stderr.txt	94	2948117454b190d6eeeaca3bc94a2bf5793d77da14d80a9f2def8405cee8a845
raw/chr22_100_guides_tux05_20260813T160700Z_timing/batches/timing/columba/measured_2/batch_006/guides/chr22_100_guide_053/command.txt	566	48476778c0a3f35ba869b05bf8bf6b785237f764574c5b20d02bc627fd6fb84e
raw/chr22_100_guides_tux05_20260813T160700Z_timing/batches/timing/columba/measured_2/batch_006/guides/chr22_100_guide_053/metrics.tsv	293	b3e228b43b667eb0edf550198672bd87af282d1d12e17b7fe9646ac6a6239642
raw/chr22_100_guides_tux05_20260813T160700Z_timing/batches/timing/columba/measured_2/batch_006/guides/chr22_100_guide_053/output.paf	105	7f92fd7dddc708c2b3ec905f92a74e766b81d6ff9eaf13b4dc9c11ff5e96767a
raw/chr22_100_guides_tux05_20260813T160700Z_timing/batches/timing/columba/measured_2/batch_006/guides/chr22_100_guide_053/stderr.txt	94	eb38c77d3364d29cf9b4a0c82bd850e49266e1046930de12097b9d1d6f671ebe
raw/chr22_100_guides_tux05_20260813T160700Z_timing/batches/timing/columba/measured_2/batch_006/guides/chr22_100_guide_054/command.txt	566	e9e3276e6748b10bcfbf0d19b96954bc3988c3aab61428628023340dbff2d19d
raw/chr22_100_guides_tux05_20260813T160700Z_timing/batches/timing/columba/measured_2/batch_006/guides/chr22_100_guide_054/metrics.tsv	297	75bb1449e88a12d8894e5a7bd78d8fe1162ca75503c2af2bd7d778cfa71057b3
raw/chr22_100_guides_tux05_20260813T160700Z_timing/batches/timing/columba/measured_2/batch_006/guides/chr22_100_guide_054/output.paf	1518	d9abcf3e269963d774edd15ecfe3248bb12de76053f6fba41a9ca58879ce535c
raw/chr22_100_guides_tux05_20260813T160700Z_timing/batches/timing/columba/measured_2/batch_006/guides/chr22_100_guide_054/stderr.txt	18702	62cdbb700ac6e400eb15d3c313f1c22cd0466e5941035e515b9a58218cbfa7d7
raw/chr22_100_guides_tux05_20260813T160700Z_timing/batches/timing/columba/measured_2/batch_006/guides/chr22_100_guide_055/command.txt	566	c1ce6223400c52d529f8dfd61438a711cb00e3bab4d1b781c8468977494db9fe
raw/chr22_100_guides_tux05_20260813T160700Z_timing/batches/timing/columba/measured_2/batch_006/guides/chr22_100_guide_055/metrics.tsv	294	268015d7327847212d8533ab6eeac1ae1897b3f140bb0a6e5e891a468932d69f
raw/chr22_100_guides_tux05_20260813T160700Z_timing/batches/timing/columba/measured_2/batch_006/guides/chr22_100_guide_055/output.paf	105	a3d6cd5055990fc10a7f55f785689720f3a06133f1b0f4568f98749ce2751038
raw/chr22_100_guides_tux05_20260813T160700Z_timing/batches/timing/columba/measured_2/batch_006/guides/chr22_100_guide_055/stderr.txt	282	cbf8fe25e09218949637c014c44b0ac6c41b7c9311afed997f16260a3c1fbf6a
raw/chr22_100_guides_tux05_20260813T160700Z_timing/batches/timing/columba/measured_2/batch_006/guides/chr22_100_guide_056/command.txt	566	8beabd8783755a9d30707f2d2e045d588a57dceb13de2d243acef0cf3ff57b73
raw/chr22_100_guides_tux05_20260813T160700Z_timing/batches/timing/columba/measured_2/batch_006/guides/chr22_100_guide_056/metrics.tsv	292	b9c70dbc9be6640a38913732e9ebec2bb8d72534208fb1800855420c9f2b83ea
raw/chr22_100_guides_tux05_20260813T160700Z_timing/batches/timing/columba/measured_2/batch_006/guides/chr22_100_guide_056/output.paf	105	4a6cdc3b90d2775c2496444fab6f836151cd422ec2c82a9bf758cde5414f2417
raw/chr22_100_guides_tux05_20260813T160700Z_timing/batches/timing/columba/measured_2/batch_006/guides/chr22_100_guide_056/stderr.txt	0	e3b0c44298fc1c149afbf4c8996fb92427ae41e4649b934ca495991b7852b855
raw/chr22_100_guides_tux05_20260813T160700Z_timing/batches/timing/columba/measured_2/batch_006/guides/chr22_100_guide_057/command.txt	566	939a79152fdaff1ae639fc8159780cd928c7fc1eee34b839d6e4d6741a853f22
raw/chr22_100_guides_tux05_20260813T160700Z_timing/batches/timing/columba/measured_2/batch_006/guides/chr22_100_guide_057/metrics.tsv	299	6e6bf77a9ee27620bdf91bb4b41bced050b2c56e16e8b2c991569cb79926bdd9
raw/chr22_100_guides_tux05_20260813T160700Z_timing/batches/timing/columba/measured_2/batch_006/guides/chr22_100_guide_057/output.paf	63917	783a46d43d98318f821fc86b8be9e506027471318fc62ea5c629dfb1aca5a195
raw/chr22_100_guides_tux05_20260813T160700Z_timing/batches/timing/columba/measured_2/batch_006/guides/chr22_100_guide_057/stderr.txt	271825	62403cc55bceb18e3f7dc799bae6212084c8fd72be3b5f839029a386d7c94f53
raw/chr22_100_guides_tux05_20260813T160700Z_timing/batches/timing/columba/measured_2/batch_006/guides/chr22_100_guide_058/command.txt	566	7eb09ce5de4178d7c4d5aa594ca636f2fb1d8967182a3455f28ac42e2bbc4525
raw/chr22_100_guides_tux05_20260813T160700Z_timing/batches/timing/columba/measured_2/batch_006/guides/chr22_100_guide_058/metrics.tsv	293	12f7c64249a34085bb78e0f0014d483f582c367012af4486ac4053b21e89a5ae
raw/chr22_100_guides_tux05_20260813T160700Z_timing/batches/timing/columba/measured_2/batch_006/guides/chr22_100_guide_058/output.paf	105	b7517a16df61180265ec10a20cb33a003c3ea568992073591f20e96d81391119
raw/chr22_100_guides_tux05_20260813T160700Z_timing/batches/timing/columba/measured_2/batch_006/guides/chr22_100_guide_058/stderr.txt	94	b52ea0dac91d497aaec6f642a08329c4472b1d235792c856330e28a7c0b02c57
raw/chr22_100_guides_tux05_20260813T160700Z_timing/batches/timing/columba/measured_2/batch_006/guides/chr22_100_guide_059/command.txt	566	c3537f828122d28432cb2772f00c70b2a2ee786cc6f3eaa59447bd6088b95563
raw/chr22_100_guides_tux05_20260813T160700Z_timing/batches/timing/columba/measured_2/batch_006/guides/chr22_100_guide_059/metrics.tsv	293	7a89a243bb201576f97f77ad129aa09f9dbf1586992a47886f38bc507635e3e6
raw/chr22_100_guides_tux05_20260813T160700Z_timing/batches/timing/columba/measured_2/batch_006/guides/chr22_100_guide_059/output.paf	105	a6e8f7dbe8440152b018e778c86e594c220662576f7388bf74086116bfb557b5
raw/chr22_100_guides_tux05_20260813T160700Z_timing/batches/timing/columba/measured_2/batch_006/guides/chr22_100_guide_059/stderr.txt	94	0125d3c4984bdc22f6fcb221414dd3900ca99fecfcf592d4992e3000caf67fe4
raw/chr22_100_guides_tux05_20260813T160700Z_timing/batches/timing/columba/measured_2/batch_006/guides/chr22_100_guide_060/command.txt	566	f675caf8479b208360f406ce301af37f1a970747d7605a9cefe149eb906385db
raw/chr22_100_guides_tux05_20260813T160700Z_timing/batches/timing/columba/measured_2/batch_006/guides/chr22_100_guide_060/metrics.tsv	294	d1fb7df6283f253417694d6720cd37cb4e4138aa053c7fefa8db8cd7a1af81fd
raw/chr22_100_guides_tux05_20260813T160700Z_timing/batches/timing/columba/measured_2/batch_006/guides/chr22_100_guide_060/output.paf	105	96bacc0c5f62f5ee3cb64d6560e882e64673267447e8714383a4ab744f1c99a8
raw/chr22_100_guides_tux05_20260813T160700Z_timing/batches/timing/columba/measured_2/batch_006/guides/chr22_100_guide_060/stderr.txt	932	ccbb31fe1ebb9328fe27201916e87bd7c24b711b7b0b063a7f477755fe73cf70
raw/chr22_100_guides_tux05_20260813T160700Z_timing/batches/timing/columba/measured_2/batch_007/SUCCESS	0	e3b0c44298fc1c149afbf4c8996fb92427ae41e4649b934ca495991b7852b855
raw/chr22_100_guides_tux05_20260813T160700Z_timing/batches/timing/columba/measured_2/batch_007/environment.tsv	595	5977a5bbcc3a2df687b0ffd54bcbc5120bb8929eb4c6a8cf2fbab8ba3f4ebea4
raw/chr22_100_guides_tux05_20260813T160700Z_timing/batches/timing/columba/measured_2/batch_007/guide_ids.txt	200	b97f249a9d901ca09c9b56ad81caef9d872e401da7303876ac6687eb5a39aac5
raw/chr22_100_guides_tux05_20260813T160700Z_timing/batches/timing/columba/measured_2/batch_007/guide_order.sha256	299	a4741b7c85b21aa44257b86fc10199b44b4c12dfa53bded677b14c5de8135681
raw/chr22_100_guides_tux05_20260813T160700Z_timing/batches/timing/columba/measured_2/batch_007/guide_order.txt	200	76ef5be748b92956a32acbcbcdbcf4ee44c4183a9e9ff584da946742f77baf5a
raw/chr22_100_guides_tux05_20260813T160700Z_timing/batches/timing/columba/measured_2/batch_007/guide_results.tsv	2276	53fce1584e71846d9d641ee8d5308a081a14c4557aefdcf325424364da1836d2
raw/chr22_100_guides_tux05_20260813T160700Z_timing/batches/timing/columba/measured_2/batch_007/guides/chr22_100_guide_061/command.txt	566	650f4a13a507d96048e121012f990c63693293901f36d8425e7b722d48b66b06
raw/chr22_100_guides_tux05_20260813T160700Z_timing/batches/timing/columba/measured_2/batch_007/guides/chr22_100_guide_061/metrics.tsv	294	2ee5b567ded594f52fe08d90833ba9c6d6cc1803820e533aba71e90200aec277
raw/chr22_100_guides_tux05_20260813T160700Z_timing/batches/timing/columba/measured_2/batch_007/guides/chr22_100_guide_061/output.paf	105	9246314add68bcb309196485353ca32264aa9d97b65d40e3825659e7fa9e07c5
raw/chr22_100_guides_tux05_20260813T160700Z_timing/batches/timing/columba/measured_2/batch_007/guides/chr22_100_guide_061/stderr.txt	188	12cf0f82ebccaab6f5456eda16e6f1aa1c8c09e0e0b6bfe076d282d5294656c8
raw/chr22_100_guides_tux05_20260813T160700Z_timing/batches/timing/columba/measured_2/batch_007/guides/chr22_100_guide_062/command.txt	566	a171f4906b917c9444cb15e384cf94bd72bb1f50e60d9c439fe183380f9af0c5
raw/chr22_100_guides_tux05_20260813T160700Z_timing/batches/timing/columba/measured_2/batch_007/guides/chr22_100_guide_062/metrics.tsv	292	f5b59d7eaeae09c0cd03c21800050ed4f9fc32504328f3d388e66cad9b1ba42f
raw/chr22_100_guides_tux05_20260813T160700Z_timing/batches/timing/columba/measured_2/batch_007/guides/chr22_100_guide_062/output.paf	105	4832e7aa711ccdac22496f6cb8a979eec30369c372fca1b6aba1e3edfb12e8a1
raw/chr22_100_guides_tux05_20260813T160700Z_timing/batches/timing/columba/measured_2/batch_007/guides/chr22_100_guide_062/stderr.txt	0	e3b0c44298fc1c149afbf4c8996fb92427ae41e4649b934ca495991b7852b855
raw/chr22_100_guides_tux05_20260813T160700Z_timing/batches/timing/columba/measured_2/batch_007/guides/chr22_100_guide_063/command.txt	566	8763348e45d4d4c45c8cef4948b1fd06ac339aadcc02d5a956f282c1ac0c35ef
raw/chr22_100_guides_tux05_20260813T160700Z_timing/batches/timing/columba/measured_2/batch_007/guides/chr22_100_guide_063/metrics.tsv	293	128bab7808408997169565c7f753992aaef71f4ec044cd12ac26f75dad46e17a
raw/chr22_100_guides_tux05_20260813T160700Z_timing/batches/timing/columba/measured_2/batch_007/guides/chr22_100_guide_063/output.paf	105	c4ca7ddc636638d7005d3e187756ba84185296e1c2585b41d0a7a856e2606213
raw/chr22_100_guides_tux05_20260813T160700Z_timing/batches/timing/columba/measured_2/batch_007/guides/chr22_100_guide_063/stderr.txt	94	696e651629a088ed51fa18bf92752b7cebcc5231944eb0da133c1b9ea7800ae7
raw/chr22_100_guides_tux05_20260813T160700Z_timing/batches/timing/columba/measured_2/batch_007/guides/chr22_100_guide_064/command.txt	566	cbfa779c953bf1b574cb41e057ec20878b0869a63cd3d04f0cd6279b249ef292
raw/chr22_100_guides_tux05_20260813T160700Z_timing/batches/timing/columba/measured_2/batch_007/guides/chr22_100_guide_064/metrics.tsv	294	935c7180c8eb2bd9ff2f6c0a48d2fe520d89f93e3591ea2b3dd26d1241df232b
raw/chr22_100_guides_tux05_20260813T160700Z_timing/batches/timing/columba/measured_2/batch_007/guides/chr22_100_guide_064/output.paf	105	b38f02456f345d872287da7f74b53691b169eb255cc35d11d103c308c700d2eb
raw/chr22_100_guides_tux05_20260813T160700Z_timing/batches/timing/columba/measured_2/batch_007/guides/chr22_100_guide_064/stderr.txt	282	80ee862860c0660e526ecb32b831aefab1ec8d289bb9d77c6b7b292513f4e728
raw/chr22_100_guides_tux05_20260813T160700Z_timing/batches/timing/columba/measured_2/batch_007/guides/chr22_100_guide_065/command.txt	566	cd8bea7ad0302bb53f4545cde2f35efde24f2fb175dfc2c4ed9246058809a00d
raw/chr22_100_guides_tux05_20260813T160700Z_timing/batches/timing/columba/measured_2/batch_007/guides/chr22_100_guide_065/metrics.tsv	292	7201bd1e607e38ad2280cb7e6e5c45c888e38d4a0825d8c736459cf8501117c1
raw/chr22_100_guides_tux05_20260813T160700Z_timing/batches/timing/columba/measured_2/batch_007/guides/chr22_100_guide_065/output.paf	105	4a6f7a313e251182f276be210f99075cb7bfa5275fa278d132ac27df6e713db1
raw/chr22_100_guides_tux05_20260813T160700Z_timing/batches/timing/columba/measured_2/batch_007/guides/chr22_100_guide_065/stderr.txt	0	e3b0c44298fc1c149afbf4c8996fb92427ae41e4649b934ca495991b7852b855
raw/chr22_100_guides_tux05_20260813T160700Z_timing/batches/timing/columba/measured_2/batch_007/guides/chr22_100_guide_066/command.txt	566	c69994929b6770cb304fdeac6afc4e19a288b04c9df37b0b524f6678ae4d6c60
raw/chr22_100_guides_tux05_20260813T160700Z_timing/batches/timing/columba/measured_2/batch_007/guides/chr22_100_guide_066/metrics.tsv	293	638f2b578d86698f26ea33dc7218b4641496697f45ad5f127509b8514f12f10a
raw/chr22_100_guides_tux05_20260813T160700Z_timing/batches/timing/columba/measured_2/batch_007/guides/chr22_100_guide_066/output.paf	105	4802296ebbba9922a4ece696902be06427691049808ba406ed873a9a4a219f9c
raw/chr22_100_guides_tux05_20260813T160700Z_timing/batches/timing/columba/measured_2/batch_007/guides/chr22_100_guide_066/stderr.txt	94	5f467778f752a1aaed5df46d05a9a1b73450c302e12b8f1f7e33ddf845f2077e
raw/chr22_100_guides_tux05_20260813T160700Z_timing/batches/timing/columba/measured_2/batch_007/guides/chr22_100_guide_067/command.txt	566	1b1523f9c92f86af9cfe29cb89d4261c92b593a6c7fc810de26996f588036e43
raw/chr22_100_guides_tux05_20260813T160700Z_timing/batches/timing/columba/measured_2/batch_007/guides/chr22_100_guide_067/metrics.tsv	294	34c2a0f9a3fd271bc39b39c99ab914f0c30b92e21d4b55a096d4c00fd76fdd3b
raw/chr22_100_guides_tux05_20260813T160700Z_timing/batches/timing/columba/measured_2/batch_007/guides/chr22_100_guide_067/output.paf	105	0229a4fc79d3d37ddda05a4910899ff60fcd29aa41d3690d08b235deae1dd329
raw/chr22_100_guides_tux05_20260813T160700Z_timing/batches/timing/columba/measured_2/batch_007/guides/chr22_100_guide_067/stderr.txt	282	53b771ffaca11cb96d720daf7c16129376f1614689ba28d188fa0d0308cc5d07
raw/chr22_100_guides_tux05_20260813T160700Z_timing/batches/timing/columba/measured_2/batch_007/guides/chr22_100_guide_068/command.txt	566	b4f95c6280b1a4dc349971cca88c87fd6230df502fa8f9023aa12bfe754f76e7
raw/chr22_100_guides_tux05_20260813T160700Z_timing/batches/timing/columba/measured_2/batch_007/guides/chr22_100_guide_068/metrics.tsv	294	173093e8004d91fc1ef68a33c29ff46fcad7377f11c5c87278654aa126767ffb
raw/chr22_100_guides_tux05_20260813T160700Z_timing/batches/timing/columba/measured_2/batch_007/guides/chr22_100_guide_068/output.paf	214	d39c5b6762aa09453e14f55e106ab300ceb4955ee3d73b381937cbf2220ed042
raw/chr22_100_guides_tux05_20260813T160700Z_timing/batches/timing/columba/measured_2/batch_007/guides/chr22_100_guide_068/stderr.txt	188	fc6bbc4c65e692473cbf32ff151557635e2d1dd99e4b69c5ee3da000a109cea9
raw/chr22_100_guides_tux05_20260813T160700Z_timing/batches/timing/columba/measured_2/batch_007/guides/chr22_100_guide_069/command.txt	566	6ab248107276765722b8a3fdbe4c32639a5386a8a99ebb56c252f33b45d836de
raw/chr22_100_guides_tux05_20260813T160700Z_timing/batches/timing/columba/measured_2/batch_007/guides/chr22_100_guide_069/metrics.tsv	294	f87eb3602a8dc5be1d26d8d1f54daa70118d27490c2cae2fccd474f32ec96df8
raw/chr22_100_guides_tux05_20260813T160700Z_timing/batches/timing/columba/measured_2/batch_007/guides/chr22_100_guide_069/output.paf	105	77885b288a794217926cbdc3f9557271a5584ca0a3525a33368ba9dfa0f79c36
raw/chr22_100_guides_tux05_20260813T160700Z_timing/batches/timing/columba/measured_2/batch_007/guides/chr22_100_guide_069/stderr.txt	470	5d430161443a2a46da19dfd91300b023436381d8acde81bd4858cc16663951ac
raw/chr22_100_guides_tux05_20260813T160700Z_timing/batches/timing/columba/measured_2/batch_007/guides/chr22_100_guide_070/command.txt	566	3e50a90b55d592389b4d53c90eb7f4f4ac764beaebd77db60eb82cbf62079482
raw/chr22_100_guides_tux05_20260813T160700Z_timing/batches/timing/columba/measured_2/batch_007/guides/chr22_100_guide_070/metrics.tsv	293	751caa50ef91bf575f8a28acd9e1a217a37567f5c6d0aad93b62f0902ad9806e
raw/chr22_100_guides_tux05_20260813T160700Z_timing/batches/timing/columba/measured_2/batch_007/guides/chr22_100_guide_070/output.paf	105	555a66e1753526673117e366fb233c844df0cfc38a64971866528e20e52f4ca2
raw/chr22_100_guides_tux05_20260813T160700Z_timing/batches/timing/columba/measured_2/batch_007/guides/chr22_100_guide_070/stderr.txt	94	daf225fd739240830663f4f6fa1add420c3d409ae734e31ecd3e9a98f65456bd
raw/chr22_100_guides_tux05_20260813T160700Z_timing/batches/timing/columba/measured_2/batch_008/SUCCESS	0	e3b0c44298fc1c149afbf4c8996fb92427ae41e4649b934ca495991b7852b855
raw/chr22_100_guides_tux05_20260813T160700Z_timing/batches/timing/columba/measured_2/batch_008/environment.tsv	595	3974097b049e7baeb1596049a6876b244032a1919e909cd4f011d2e43e5e41cc
raw/chr22_100_guides_tux05_20260813T160700Z_timing/batches/timing/columba/measured_2/batch_008/guide_ids.txt	200	801540108e2b17a50f17f798c25d56eccbefb0b7ba5b152cda706082aaee6639
raw/chr22_100_guides_tux05_20260813T160700Z_timing/batches/timing/columba/measured_2/batch_008/guide_order.sha256	299	97e38716755f2895eb884860a4926c75889b5d444d218c5f30a0d163d93a317b
raw/chr22_100_guides_tux05_20260813T160700Z_timing/batches/timing/columba/measured_2/batch_008/guide_order.txt	200	beb704c58879da58b9fdec3470b59c9b18c1fbf3fc0d09c20b48965d7c5a52d6
raw/chr22_100_guides_tux05_20260813T160700Z_timing/batches/timing/columba/measured_2/batch_008/guide_results.tsv	2280	e9e336fe2aad9fe1806633c717bbc7e0c43ca69ce6f198cda428eacb2a0266c2
raw/chr22_100_guides_tux05_20260813T160700Z_timing/batches/timing/columba/measured_2/batch_008/guides/chr22_100_guide_071/command.txt	566	cf3d3efc4290dcac6538399bcdb35e7649abd5a1bb77134f82032d399cfc2cd2
raw/chr22_100_guides_tux05_20260813T160700Z_timing/batches/timing/columba/measured_2/batch_008/guides/chr22_100_guide_071/metrics.tsv	292	5b0a3928145dee43037b6d99cdb9d4a4cd3c21c2f935ade92e3b67e17f780545
raw/chr22_100_guides_tux05_20260813T160700Z_timing/batches/timing/columba/measured_2/batch_008/guides/chr22_100_guide_071/output.paf	105	db50066ab5215e0ab40715d3e84c765c47977eb5d92e2f74fef9a37ee0c19f96
raw/chr22_100_guides_tux05_20260813T160700Z_timing/batches/timing/columba/measured_2/batch_008/guides/chr22_100_guide_071/stderr.txt	0	e3b0c44298fc1c149afbf4c8996fb92427ae41e4649b934ca495991b7852b855
raw/chr22_100_guides_tux05_20260813T160700Z_timing/batches/timing/columba/measured_2/batch_008/guides/chr22_100_guide_072/command.txt	566	094ffe4630fe361070d84d4d80c4f5bbfa18cfafddd156b27194d89d96fd10ea
raw/chr22_100_guides_tux05_20260813T160700Z_timing/batches/timing/columba/measured_2/batch_008/guides/chr22_100_guide_072/metrics.tsv	294	f7e7e1b352a0268bfc54259bdbcc442b75681805998ad29fd3fcd735620a0c30
raw/chr22_100_guides_tux05_20260813T160700Z_timing/batches/timing/columba/measured_2/batch_008/guides/chr22_100_guide_072/output.paf	105	a7389bd954eaa7a8f7c3e448a2ff3a3f4ef011b680d833fad933fd884d099eca
raw/chr22_100_guides_tux05_20260813T160700Z_timing/batches/timing/columba/measured_2/batch_008/guides/chr22_100_guide_072/stderr.txt	282	9b7501725ac0e846ebbf11d00696dd347ff96cf1e9b93286935af165a5a8fa66
raw/chr22_100_guides_tux05_20260813T160700Z_timing/batches/timing/columba/measured_2/batch_008/guides/chr22_100_guide_073/command.txt	566	eba1264cf9013d38525c2d30bcf23d12aa2915d02fc0212879ab1e5d20bb5fc4
raw/chr22_100_guides_tux05_20260813T160700Z_timing/batches/timing/columba/measured_2/batch_008/guides/chr22_100_guide_073/metrics.tsv	293	0e3db390746b994c980bff2714d23a26943c0ce069fee7e6757859ebbd039541
raw/chr22_100_guides_tux05_20260813T160700Z_timing/batches/timing/columba/measured_2/batch_008/guides/chr22_100_guide_073/output.paf	105	850390cf00e784716c531f5e64380876ff07596af289e7ba34bc096bff075ecc
raw/chr22_100_guides_tux05_20260813T160700Z_timing/batches/timing/columba/measured_2/batch_008/guides/chr22_100_guide_073/stderr.txt	94	f44e84d998c57621965bbb72ae37ec201bf3185e3f28563924ad182f849d8046
raw/chr22_100_guides_tux05_20260813T160700Z_timing/batches/timing/columba/measured_2/batch_008/guides/chr22_100_guide_074/command.txt	566	1de414c580ca4646dae0aea0ec19ffe2efd70be71594dfa9581396a7bf5bbd4f
raw/chr22_100_guides_tux05_20260813T160700Z_timing/batches/timing/columba/measured_2/batch_008/guides/chr22_100_guide_074/metrics.tsv	298	b6d0e21a5afa4fc6e34df33a33454513a7fe0659cd60e0c6abade2baeb46062b
raw/chr22_100_guides_tux05_20260813T160700Z_timing/batches/timing/columba/measured_2/batch_008/guides/chr22_100_guide_074/output.paf	1601	97f0d8858f903bcb6a054b2a856681ae3d750161733d345ff4336bfc33819503
raw/chr22_100_guides_tux05_20260813T160700Z_timing/batches/timing/columba/measured_2/batch_008/guides/chr22_100_guide_074/stderr.txt	105149	47727314b57ea803c5a3fa2d696319a895d425c026877c7342ec66d95555ff9d
raw/chr22_100_guides_tux05_20260813T160700Z_timing/batches/timing/columba/measured_2/batch_008/guides/chr22_100_guide_075/command.txt	566	98658e1f73bdf5d075e4a24f6a1098b56c3aba0440255c52455a073c4450183d
raw/chr22_100_guides_tux05_20260813T160700Z_timing/batches/timing/columba/measured_2/batch_008/guides/chr22_100_guide_075/metrics.tsv	298	655f64464f085aaefbc04601efc43dea8dafb72ae0b479c8bc8c82745f4d02bd
raw/chr22_100_guides_tux05_20260813T160700Z_timing/batches/timing/columba/measured_2/batch_008/guides/chr22_100_guide_075/output.paf	75168	2354f825ce61636eff2ebd9b9f04785099b672e2778924a5bfbd006333613cf6
raw/chr22_100_guides_tux05_20260813T160700Z_timing/batches/timing/columba/measured_2/batch_008/guides/chr22_100_guide_075/stderr.txt	83075	7e96804198e52de0cf9624d7983a3fce1c16d78c3101a89c4b2d30f13556ce60
raw/chr22_100_guides_tux05_20260813T160700Z_timing/batches/timing/columba/measured_2/batch_008/guides/chr22_100_guide_076/command.txt	566	87f7dcb24038b78b26f44b74116c77e21deac72c253eb35c7be0d7648be62d64
raw/chr22_100_guides_tux05_20260813T160700Z_timing/batches/timing/columba/measured_2/batch_008/guides/chr22_100_guide_076/metrics.tsv	298	b591d16af68cf2dbbddfcbc60f46f4b55294e5e251f0589496b3d59a82351cb7
raw/chr22_100_guides_tux05_20260813T160700Z_timing/batches/timing/columba/measured_2/batch_008/guides/chr22_100_guide_076/output.paf	4072	ca302eb1021b149cad0aa565a08684a3f95b4dc2d440c7d21ea5b8af132306eb
raw/chr22_100_guides_tux05_20260813T160700Z_timing/batches/timing/columba/measured_2/batch_008/guides/chr22_100_guide_076/stderr.txt	225798	1486cd8c9af853f27a3bc3677c2cd49263a916b45c25f5b4df6be61b5d3536f6
raw/chr22_100_guides_tux05_20260813T160700Z_timing/batches/timing/columba/measured_2/batch_008/guides/chr22_100_guide_077/command.txt	566	e9695feb5898e638ab32195c49ff76b873f8dc943737ca1979ee8c1b4ec12301
raw/chr22_100_guides_tux05_20260813T160700Z_timing/batches/timing/columba/measured_2/batch_008/guides/chr22_100_guide_077/metrics.tsv	293	459a528947a82332b3bb2328d71ff64721919cbf610ee4fc869c87010318098f
raw/chr22_100_guides_tux05_20260813T160700Z_timing/batches/timing/columba/measured_2/batch_008/guides/chr22_100_guide_077/output.paf	105	e3869c3952dd0b0eb3e37141b1040c6f25b82c4e398011436f2219c75f8febe8
raw/chr22_100_guides_tux05_20260813T160700Z_timing/batches/timing/columba/measured_2/batch_008/guides/chr22_100_guide_077/stderr.txt	94	b9c553e0ccfe2ce660998762584c8775fddbac678c08f7828037c9b6239ea576
raw/chr22_100_guides_tux05_20260813T160700Z_timing/batches/timing/columba/measured_2/batch_008/guides/chr22_100_guide_078/command.txt	566	f9c7351bcc66b75e96ec02ff0802506b5e2eec8a2d9441060693a17c153c38a2
raw/chr22_100_guides_tux05_20260813T160700Z_timing/batches/timing/columba/measured_2/batch_008/guides/chr22_100_guide_078/metrics.tsv	292	3b13d9c24c2f0b85d1b2474a504df971084e5e447a7ed5258b35a2fa94fd4566
raw/chr22_100_guides_tux05_20260813T160700Z_timing/batches/timing/columba/measured_2/batch_008/guides/chr22_100_guide_078/output.paf	105	b32f95b3659bdf5efde0a545c93605a84811e1f51637e98948f88b66e0c918a9
raw/chr22_100_guides_tux05_20260813T160700Z_timing/batches/timing/columba/measured_2/batch_008/guides/chr22_100_guide_078/stderr.txt	0	e3b0c44298fc1c149afbf4c8996fb92427ae41e4649b934ca495991b7852b855
raw/chr22_100_guides_tux05_20260813T160700Z_timing/batches/timing/columba/measured_2/batch_008/guides/chr22_100_guide_079/command.txt	566	8ea7de91065d96cb7237ab072a8256cdc57cdf37a3558a1dd7fd031b56a7bdeb
raw/chr22_100_guides_tux05_20260813T160700Z_timing/batches/timing/columba/measured_2/batch_008/guides/chr22_100_guide_079/metrics.tsv	294	1828aa1540520d3d6e40ac361bb7ccaae5d0367300486955b598799ca77d7e82
raw/chr22_100_guides_tux05_20260813T160700Z_timing/batches/timing/columba/measured_2/batch_008/guides/chr22_100_guide_079/output.paf	105	3719b9c87eb26bae46571444132aecd72ec6971081ed8592128ac8081655f637
raw/chr22_100_guides_tux05_20260813T160700Z_timing/batches/timing/columba/measured_2/batch_008/guides/chr22_100_guide_079/stderr.txt	188	ba8e3024a8dbd3ab92f3c3efd62af4339a44a56f1d02bd2d31d752a8b26c0e77
raw/chr22_100_guides_tux05_20260813T160700Z_timing/batches/timing/columba/measured_2/batch_008/guides/chr22_100_guide_080/command.txt	566	2d4beb5215dc7bb7ae5ee9b27f218d9dcc93a4842d23a09fe9e71372bcb574ab
raw/chr22_100_guides_tux05_20260813T160700Z_timing/batches/timing/columba/measured_2/batch_008/guides/chr22_100_guide_080/metrics.tsv	293	50f175a32d08ccaa053f2c7104329bd462d10bb8105d3dfeb2d1a28190dd751b
raw/chr22_100_guides_tux05_20260813T160700Z_timing/batches/timing/columba/measured_2/batch_008/guides/chr22_100_guide_080/output.paf	105	5c9d989f365df1d424483a28cbc77093b089ff7ebee8cd46972f309ff0b6db17
raw/chr22_100_guides_tux05_20260813T160700Z_timing/batches/timing/columba/measured_2/batch_008/guides/chr22_100_guide_080/stderr.txt	94	2f17411719ddcf823a39fa8532b48978e18ea71b4f65cc71e1b1d51840c18def
raw/chr22_100_guides_tux05_20260813T160700Z_timing/batches/timing/columba/measured_2/batch_009/SUCCESS	0	e3b0c44298fc1c149afbf4c8996fb92427ae41e4649b934ca495991b7852b855
raw/chr22_100_guides_tux05_20260813T160700Z_timing/batches/timing/columba/measured_2/batch_009/environment.tsv	595	9de8c969e4d2da2c838d28e517f1701d1d1ee091c55e51297c3ae3230e9baed0
raw/chr22_100_guides_tux05_20260813T160700Z_timing/batches/timing/columba/measured_2/batch_009/guide_ids.txt	200	349871b67172ca8ab39f5f82fe8bce71de0eb2d3c0082f2e5cc1b2e262a4b783
raw/chr22_100_guides_tux05_20260813T160700Z_timing/batches/timing/columba/measured_2/batch_009/guide_order.sha256	299	2c440dc3a8afaf3908de4ef9a161e08b4692a599712c574feeef1af1c9886e80
raw/chr22_100_guides_tux05_20260813T160700Z_timing/batches/timing/columba/measured_2/batch_009/guide_order.txt	200	0e91a245ab431804fba7329599c21dcdd6d4dd38cd2a8d12bec8dc4241660054
raw/chr22_100_guides_tux05_20260813T160700Z_timing/batches/timing/columba/measured_2/batch_009/guide_results.tsv	2277	fdd649d2bf957bc13e4fb637e3d155a0f3f0ea6903536efcefa159c882fbb6b7
raw/chr22_100_guides_tux05_20260813T160700Z_timing/batches/timing/columba/measured_2/batch_009/guides/chr22_100_guide_081/command.txt	566	edea278b4b049a5340bb5c50fc2d230e91dcfde3ecd1f021aa9d84b5570318b2
raw/chr22_100_guides_tux05_20260813T160700Z_timing/batches/timing/columba/measured_2/batch_009/guides/chr22_100_guide_081/metrics.tsv	292	3e355177a4a250ab5786966f97105af3bd2018d3ae4a605384d5f201283d962c
raw/chr22_100_guides_tux05_20260813T160700Z_timing/batches/timing/columba/measured_2/batch_009/guides/chr22_100_guide_081/output.paf	105	60f8b2bdc588b6b13527c78acc609879caa8defea9c72ada132dee63d52ad9bf
raw/chr22_100_guides_tux05_20260813T160700Z_timing/batches/timing/columba/measured_2/batch_009/guides/chr22_100_guide_081/stderr.txt	0	e3b0c44298fc1c149afbf4c8996fb92427ae41e4649b934ca495991b7852b855
raw/chr22_100_guides_tux05_20260813T160700Z_timing/batches/timing/columba/measured_2/batch_009/guides/chr22_100_guide_082/command.txt	566	8d8ee63c2dc3597eb4d53ab55f7bd7f259286db993286b37bd5b9449ec608352
raw/chr22_100_guides_tux05_20260813T160700Z_timing/batches/timing/columba/measured_2/batch_009/guides/chr22_100_guide_082/metrics.tsv	292	a3e4156cb532c1751f8ec3fc487222bd5a40308ff1834818082f666d2248d858
raw/chr22_100_guides_tux05_20260813T160700Z_timing/batches/timing/columba/measured_2/batch_009/guides/chr22_100_guide_082/output.paf	105	8aa0d629b648d54d65dead9f626b4f79b04416d14abcb761ce6f8afd4c8d5a02
raw/chr22_100_guides_tux05_20260813T160700Z_timing/batches/timing/columba/measured_2/batch_009/guides/chr22_100_guide_082/stderr.txt	0	e3b0c44298fc1c149afbf4c8996fb92427ae41e4649b934ca495991b7852b855
raw/chr22_100_guides_tux05_20260813T160700Z_timing/batches/timing/columba/measured_2/batch_009/guides/chr22_100_guide_083/command.txt	566	265dab80c13692588576635f415fb6f819f737e48546a4f351922e056f63a6d4
raw/chr22_100_guides_tux05_20260813T160700Z_timing/batches/timing/columba/measured_2/batch_009/guides/chr22_100_guide_083/metrics.tsv	295	5f19683f0f264235aba53fbd27e006bce45c3ec80e8385dbada54e20a1e57239
raw/chr22_100_guides_tux05_20260813T160700Z_timing/batches/timing/columba/measured_2/batch_009/guides/chr22_100_guide_083/output.paf	105	1da030b92202db00fdf4fa746fa0de1c56a74c6415d7abf8e6e634730c0990ca
raw/chr22_100_guides_tux05_20260813T160700Z_timing/batches/timing/columba/measured_2/batch_009/guides/chr22_100_guide_083/stderr.txt	3477	e8d6de60c3ba05b27001c144755f4d3ad082de5cdf0fdf5e9cf6b7717422195e
raw/chr22_100_guides_tux05_20260813T160700Z_timing/batches/timing/columba/measured_2/batch_009/guides/chr22_100_guide_084/command.txt	566	652cf2a3baf6abf7fca52799913ebc1e19a0496d559a3709599e2e145044eed8
raw/chr22_100_guides_tux05_20260813T160700Z_timing/batches/timing/columba/measured_2/batch_009/guides/chr22_100_guide_084/metrics.tsv	298	46d678550a6f484375ceb075abe637cd3724d016f30cbb0cbb6f1fc61c93990e
raw/chr22_100_guides_tux05_20260813T160700Z_timing/batches/timing/columba/measured_2/batch_009/guides/chr22_100_guide_084/output.paf	6325	85f162921bfeefc97d3de55dbe3f97c5f8f6192ca4eb2dd40a561a137aa14173
raw/chr22_100_guides_tux05_20260813T160700Z_timing/batches/timing/columba/measured_2/batch_009/guides/chr22_100_guide_084/stderr.txt	151222	5b15e8ffd7e3dbd341b4575d46e2dae3dfaa6a747317a1348b5b7768a37886c9
raw/chr22_100_guides_tux05_20260813T160700Z_timing/batches/timing/columba/measured_2/batch_009/guides/chr22_100_guide_085/command.txt	566	c35c3ed68b7b3ec3e66308379e99e66e1aa9e45d56a2aad753bb40f887fb41f7
raw/chr22_100_guides_tux05_20260813T160700Z_timing/batches/timing/columba/measured_2/batch_009/guides/chr22_100_guide_085/metrics.tsv	292	887c27208dee44e262c83739253226cce8dd47a024574342c23260fe4c7de5f9
raw/chr22_100_guides_tux05_20260813T160700Z_timing/batches/timing/columba/measured_2/batch_009/guides/chr22_100_guide_085/output.paf	105	886f21508ef43139da65b3307d412b9c43af12390fb60b152be51f2961337117
raw/chr22_100_guides_tux05_20260813T160700Z_timing/batches/timing/columba/measured_2/batch_009/guides/chr22_100_guide_085/stderr.txt	0	e3b0c44298fc1c149afbf4c8996fb92427ae41e4649b934ca495991b7852b855
raw/chr22_100_guides_tux05_20260813T160700Z_timing/batches/timing/columba/measured_2/batch_009/guides/chr22_100_guide_086/command.txt	566	c956abb4db5d46c3fae1578ba5adbeb3e399ad25084a0984a122ca3a62d0db46
raw/chr22_100_guides_tux05_20260813T160700Z_timing/batches/timing/columba/measured_2/batch_009/guides/chr22_100_guide_086/metrics.tsv	294	5bb8b8ae4f731ba5890826c5081b0d5a8e20e25281783ecf238f67d0fc91c247
raw/chr22_100_guides_tux05_20260813T160700Z_timing/batches/timing/columba/measured_2/batch_009/guides/chr22_100_guide_086/output.paf	105	b49d937c3f713b95c07b0df4983659c5531f5062b2c8b309c93edf95c5d33253
raw/chr22_100_guides_tux05_20260813T160700Z_timing/batches/timing/columba/measured_2/batch_009/guides/chr22_100_guide_086/stderr.txt	281	fe8b505978787bbd7a6d3b5268bab52bb800793326eda2f064520359431dd393
raw/chr22_100_guides_tux05_20260813T160700Z_timing/batches/timing/columba/measured_2/batch_009/guides/chr22_100_guide_087/command.txt	566	c1b44b1cfb9abb07528060f7b65b22634376a03df1e64d63dcbd991d5e09bb2e
raw/chr22_100_guides_tux05_20260813T160700Z_timing/batches/timing/columba/measured_2/batch_009/guides/chr22_100_guide_087/metrics.tsv	297	09b0a121601e2ffa0eacbd8a72f759daefbcf51b43cfeea5aea4bf12a74a3202
raw/chr22_100_guides_tux05_20260813T160700Z_timing/batches/timing/columba/measured_2/batch_009/guides/chr22_100_guide_087/output.paf	537	7299c25e9e9229b69fae4918dbd7a3d10cf292aa3a5ae9e727231b52918c4ec1
raw/chr22_100_guides_tux05_20260813T160700Z_timing/batches/timing/columba/measured_2/batch_009/guides/chr22_100_guide_087/stderr.txt	124597	e022cf39cf254e9d5e76a228fc4449c3751d849c1fa8e8eb5b7d348ead9de8a8
raw/chr22_100_guides_tux05_20260813T160700Z_timing/batches/timing/columba/measured_2/batch_009/guides/chr22_100_guide_088/command.txt	566	77114703b970f8f9941648271a04fc172d15df91fc3d72635a634db9e68ae78a
raw/chr22_100_guides_tux05_20260813T160700Z_timing/batches/timing/columba/measured_2/batch_009/guides/chr22_100_guide_088/metrics.tsv	294	a4ea4c8382c9c2f02550588fa425e6cec7cd30ee02fddbfd0ef3bf90d4e5535d
raw/chr22_100_guides_tux05_20260813T160700Z_timing/batches/timing/columba/measured_2/batch_009/guides/chr22_100_guide_088/output.paf	105	7b9ea615f9aa7e046adebd0e63adf8ebdc63c09e2a683a13ae5b9e9457fd8152
raw/chr22_100_guides_tux05_20260813T160700Z_timing/batches/timing/columba/measured_2/batch_009/guides/chr22_100_guide_088/stderr.txt	282	000abe2ead510b1e81f85058fe4a2422bdd56dfa268e082b10ff250075738f0e
raw/chr22_100_guides_tux05_20260813T160700Z_timing/batches/timing/columba/measured_2/batch_009/guides/chr22_100_guide_089/command.txt	566	cb174a5304d89f52664baefbea68e481d943e4424d74197582aac02b4e4a5d71
raw/chr22_100_guides_tux05_20260813T160700Z_timing/batches/timing/columba/measured_2/batch_009/guides/chr22_100_guide_089/metrics.tsv	293	cb2e5cf8bbe208f8261fc86e03933a7c3628f2ee3cde8420aea889c234cc4618
raw/chr22_100_guides_tux05_20260813T160700Z_timing/batches/timing/columba/measured_2/batch_009/guides/chr22_100_guide_089/output.paf	105	790719bd8847db6a942f261864ea37c0ec15f7a4f400e0bd1eaf31a8e659f354
raw/chr22_100_guides_tux05_20260813T160700Z_timing/batches/timing/columba/measured_2/batch_009/guides/chr22_100_guide_089/stderr.txt	94	5747958b98329bf390adcb88fe0c55df552279978269e4428317edf8497c35fb
raw/chr22_100_guides_tux05_20260813T160700Z_timing/batches/timing/columba/measured_2/batch_009/guides/chr22_100_guide_090/command.txt	566	97804ea5ccea07c7d3140fe3f7f9435d15f4eb14000d76f6dd3e682137d9d481
raw/chr22_100_guides_tux05_20260813T160700Z_timing/batches/timing/columba/measured_2/batch_009/guides/chr22_100_guide_090/metrics.tsv	294	f76cba7b60698d429140e372bdf40288cf2345f0f30c7ed469be09ab0855c0dd
raw/chr22_100_guides_tux05_20260813T160700Z_timing/batches/timing/columba/measured_2/batch_009/guides/chr22_100_guide_090/output.paf	105	af0e7d04b9032b6ba55a507cdc6196da5e7f3adbce117a38bb6ba2d2fb078cba
raw/chr22_100_guides_tux05_20260813T160700Z_timing/batches/timing/columba/measured_2/batch_009/guides/chr22_100_guide_090/stderr.txt	188	bb969d4b02ddd34c284543e306e202b2336d7575aa86daa3e6466757c09fd92b
raw/chr22_100_guides_tux05_20260813T160700Z_timing/batches/timing/columba/measured_2/batch_010/SUCCESS	0	e3b0c44298fc1c149afbf4c8996fb92427ae41e4649b934ca495991b7852b855
raw/chr22_100_guides_tux05_20260813T160700Z_timing/batches/timing/columba/measured_2/batch_010/environment.tsv	596	d6fa98b18821cbafa09063d633e8f6ee123be6022c1dbf8298a73874fb0d9f90
raw/chr22_100_guides_tux05_20260813T160700Z_timing/batches/timing/columba/measured_2/batch_010/guide_ids.txt	200	4525fc494a343a6cfdb60f314309ba44676cfcc90d686d3f2ff3b2fe74e5566d
raw/chr22_100_guides_tux05_20260813T160700Z_timing/batches/timing/columba/measured_2/batch_010/guide_order.sha256	299	c38244e7e6ddc33c1ac52a9c2f0fb90d163673b4f1047740afdd6552a03e836d
raw/chr22_100_guides_tux05_20260813T160700Z_timing/batches/timing/columba/measured_2/batch_010/guide_order.txt	200	9dfa64bcd3a6aa1cc827dc79b7cc98e67d219826460684d1fc13f97220aada32
raw/chr22_100_guides_tux05_20260813T160700Z_timing/batches/timing/columba/measured_2/batch_010/guide_results.tsv	2276	af72f9c24e36dd904c32c7baccf76f32ef643be54aa60a6e18fbc8c2fe30bdf4
raw/chr22_100_guides_tux05_20260813T160700Z_timing/batches/timing/columba/measured_2/batch_010/guides/chr22_100_guide_091/command.txt	566	0d91d0abe127937436cec38cf5c1b8e5e2b01735df65df22d7c6ead878abcfe7
raw/chr22_100_guides_tux05_20260813T160700Z_timing/batches/timing/columba/measured_2/batch_010/guides/chr22_100_guide_091/metrics.tsv	294	a10d85145a3775a32c65fd6b5317b0f354f8da4b462ab01abe2954517904f8c9
raw/chr22_100_guides_tux05_20260813T160700Z_timing/batches/timing/columba/measured_2/batch_010/guides/chr22_100_guide_091/output.paf	214	cf53e5c0ba2549b95ad7cc66f6caa57165a2d7ef971b8448816c1f5189dcba42
raw/chr22_100_guides_tux05_20260813T160700Z_timing/batches/timing/columba/measured_2/batch_010/guides/chr22_100_guide_091/stderr.txt	376	99ee76e9b64774c9369be8a6f72c896db95e3888b9d30ddcbc455b25e12e4601
raw/chr22_100_guides_tux05_20260813T160700Z_timing/batches/timing/columba/measured_2/batch_010/guides/chr22_100_guide_092/command.txt	566	82b6bb884dfe7e6ebafb6087ccdcf199d3657098116bab9bd175a99e58d05f2e
raw/chr22_100_guides_tux05_20260813T160700Z_timing/batches/timing/columba/measured_2/batch_010/guides/chr22_100_guide_092/metrics.tsv	294	dbbbadfed899e789ec0fbf25bd77cf439690de3c466ff319f5951e17aa2fc53e
raw/chr22_100_guides_tux05_20260813T160700Z_timing/batches/timing/columba/measured_2/batch_010/guides/chr22_100_guide_092/output.paf	105	36dc22934c7c02b9c1a4043e7fa71e9fab23fac626842ee0233fa0a19e8a4d8d
raw/chr22_100_guides_tux05_20260813T160700Z_timing/batches/timing/columba/measured_2/batch_010/guides/chr22_100_guide_092/stderr.txt	282	f9edfd1414c172b5a32e647be62f7efb9a1867b2825caa326cd197691299ad06
raw/chr22_100_guides_tux05_20260813T160700Z_timing/batches/timing/columba/measured_2/batch_010/guides/chr22_100_guide_093/command.txt	566	75423228da4358cddac92bbb5822ed6e161e55c6642324e65e72684aabe31ab8
raw/chr22_100_guides_tux05_20260813T160700Z_timing/batches/timing/columba/measured_2/batch_010/guides/chr22_100_guide_093/metrics.tsv	293	b9628591498e733ff9c3d5b215051238c1575c13b1d388744d0cd737c89b2554
raw/chr22_100_guides_tux05_20260813T160700Z_timing/batches/timing/columba/measured_2/batch_010/guides/chr22_100_guide_093/output.paf	105	7c248ba9765e06499bdbdd56fa063150392f57bbcf49d7273e7a34148cb2a14e
raw/chr22_100_guides_tux05_20260813T160700Z_timing/batches/timing/columba/measured_2/batch_010/guides/chr22_100_guide_093/stderr.txt	94	cb99cf2cb5c76fa9de96c7d214883bdebf51068c4cfea4bec3c2c4a8fda8efb1
raw/chr22_100_guides_tux05_20260813T160700Z_timing/batches/timing/columba/measured_2/batch_010/guides/chr22_100_guide_094/command.txt	566	1611a9955c028c9e0b50ffbc9c8be9c9c129b9f18b1fed46ad8dc10176612085
raw/chr22_100_guides_tux05_20260813T160700Z_timing/batches/timing/columba/measured_2/batch_010/guides/chr22_100_guide_094/metrics.tsv	292	76e832d5f1af65f3515514e3a7af22ab1665b1a05aeb064c29a7cacd5da438d1
raw/chr22_100_guides_tux05_20260813T160700Z_timing/batches/timing/columba/measured_2/batch_010/guides/chr22_100_guide_094/output.paf	105	b129ef3c4f85946c1752fcdec67457fbfa137faf10c495dcfb79020726f0093a
raw/chr22_100_guides_tux05_20260813T160700Z_timing/batches/timing/columba/measured_2/batch_010/guides/chr22_100_guide_094/stderr.txt	0	e3b0c44298fc1c149afbf4c8996fb92427ae41e4649b934ca495991b7852b855
raw/chr22_100_guides_tux05_20260813T160700Z_timing/batches/timing/columba/measured_2/batch_010/guides/chr22_100_guide_095/command.txt	566	b23e9caf78828ea66a5e975d497d0672f697b588e38fbc498b22d0d319f91103
raw/chr22_100_guides_tux05_20260813T160700Z_timing/batches/timing/columba/measured_2/batch_010/guides/chr22_100_guide_095/metrics.tsv	293	bd0ff4347b489818d8c5858a95fe52e12f6b48111bfbcec7a8de5448553b69c4
raw/chr22_100_guides_tux05_20260813T160700Z_timing/batches/timing/columba/measured_2/batch_010/guides/chr22_100_guide_095/output.paf	214	72cfccdb732c7f835e82aebb76ca4186954ee044989d4d3f165c230249e1ab41
raw/chr22_100_guides_tux05_20260813T160700Z_timing/batches/timing/columba/measured_2/batch_010/guides/chr22_100_guide_095/stderr.txt	94	8dd8d8e768aa6c5cd7d90852728b3841c27aebb8dbde3dfbf7f30997ce15d157
raw/chr22_100_guides_tux05_20260813T160700Z_timing/batches/timing/columba/measured_2/batch_010/guides/chr22_100_guide_096/command.txt	566	cc8c07c4d9cdf195933dc528fcd307f7d913356d409af62b2ac24755f5176818
raw/chr22_100_guides_tux05_20260813T160700Z_timing/batches/timing/columba/measured_2/batch_010/guides/chr22_100_guide_096/metrics.tsv	294	4bb1bc7e1e43377d71affcf2af75facccb70b8d89e1ce233f4f13909c8889bdd
raw/chr22_100_guides_tux05_20260813T160700Z_timing/batches/timing/columba/measured_2/batch_010/guides/chr22_100_guide_096/output.paf	105	66356638d350f202a4fc3653512e2eb61d180a210d3b4874237620fdd88f45ac
raw/chr22_100_guides_tux05_20260813T160700Z_timing/batches/timing/columba/measured_2/batch_010/guides/chr22_100_guide_096/stderr.txt	376	96e1dce767526b5e03b01ea34764f33de2e58653d775c70a8355e05d5d77a707
raw/chr22_100_guides_tux05_20260813T160700Z_timing/batches/timing/columba/measured_2/batch_010/guides/chr22_100_guide_097/command.txt	566	e76b33e28d66a2a0ec64cd64199ca3676d87f6718cfa073c2a38746ce3da45e0
raw/chr22_100_guides_tux05_20260813T160700Z_timing/batches/timing/columba/measured_2/batch_010/guides/chr22_100_guide_097/metrics.tsv	294	5af4a4b9f9bfa2b7c8ed120a3a1d719137039bb7b699cb156699766efd43a514
raw/chr22_100_guides_tux05_20260813T160700Z_timing/batches/timing/columba/measured_2/batch_010/guides/chr22_100_guide_097/output.paf	105	ec3317eca52cb313be8b742bd84d70d8e9f8f3d3a8dfda83e632d9ec5b3e7472
raw/chr22_100_guides_tux05_20260813T160700Z_timing/batches/timing/columba/measured_2/batch_010/guides/chr22_100_guide_097/stderr.txt	188	c34143c4b66ce37c239db5fc991d73357da56a527f237f74e6df9d61bb22831f
raw/chr22_100_guides_tux05_20260813T160700Z_timing/batches/timing/columba/measured_2/batch_010/guides/chr22_100_guide_098/command.txt	566	0c6937bca66d9f73b75c76533cba8aa0fda72dbd5e7c1807d67919aaf4d88501
raw/chr22_100_guides_tux05_20260813T160700Z_timing/batches/timing/columba/measured_2/batch_010/guides/chr22_100_guide_098/metrics.tsv	296	800d0e837d026d7d60895b53cc54ecf0f03aab6c5b607bef40aeba39050b79e7
raw/chr22_100_guides_tux05_20260813T160700Z_timing/batches/timing/columba/measured_2/batch_010/guides/chr22_100_guide_098/output.paf	965	6803cc83cccde78136058d3d854eb89cc05eab1188efe7c0cabebb43cb9eb17d
raw/chr22_100_guides_tux05_20260813T160700Z_timing/batches/timing/columba/measured_2/batch_010/guides/chr22_100_guide_098/stderr.txt	48498	86060c0d0ba22165d0282d1cf92bc8afade2100bd1def809b1f81bb96b9678e3
raw/chr22_100_guides_tux05_20260813T160700Z_timing/batches/timing/columba/measured_2/batch_010/guides/chr22_100_guide_099/command.txt	566	68e5ff2b91e061540d057809e486e1c1bacd48d49a503f8c2ca463ad5ca3f6ae
raw/chr22_100_guides_tux05_20260813T160700Z_timing/batches/timing/columba/measured_2/batch_010/guides/chr22_100_guide_099/metrics.tsv	295	c272c397f6b50a7c6285d8e85ec66ae7c51464452214ebbd34d9039dea12b097
raw/chr22_100_guides_tux05_20260813T160700Z_timing/batches/timing/columba/measured_2/batch_010/guides/chr22_100_guide_099/output.paf	430	1fd7872322173d0504d0c832d225fc1f16e4c6a2d976d3c96de80baf41629173
raw/chr22_100_guides_tux05_20260813T160700Z_timing/batches/timing/columba/measured_2/batch_010/guides/chr22_100_guide_099/stderr.txt	1222	8b7f11de3ad2254629636c6d8342d71050f8c150a04e6c52ecefb6984e7ab6b5
raw/chr22_100_guides_tux05_20260813T160700Z_timing/batches/timing/columba/measured_2/batch_010/guides/chr22_100_guide_100/command.txt	566	b925859ced49dd9949df5b9ec58d5f62c02c9395b6245f612ec7fc1c15d56407
raw/chr22_100_guides_tux05_20260813T160700Z_timing/batches/timing/columba/measured_2/batch_010/guides/chr22_100_guide_100/metrics.tsv	294	bd176cfbff135d0d0a96ea909ba1b4c970ce4c9cc83f3f77b110f234d445d39b
raw/chr22_100_guides_tux05_20260813T160700Z_timing/batches/timing/columba/measured_2/batch_010/guides/chr22_100_guide_100/output.paf	214	4bb6e4f08a7316ba26ec3e6f894f79070071b55d78d6c1605a50035d0a1d9c79
raw/chr22_100_guides_tux05_20260813T160700Z_timing/batches/timing/columba/measured_2/batch_010/guides/chr22_100_guide_100/stderr.txt	188	43c575a7c9c47d3164a453eb851e84a8842b01388a4b2fe7c9503045ddc887e0
raw/chr22_100_guides_tux05_20260813T160700Z_timing/batches/timing/columba/measured_3/batch_001/SUCCESS	0	e3b0c44298fc1c149afbf4c8996fb92427ae41e4649b934ca495991b7852b855
raw/chr22_100_guides_tux05_20260813T160700Z_timing/batches/timing/columba/measured_3/batch_001/environment.tsv	595	1dd09f92e54d9ba1b669c44f7bdc49e3dd2cf9405a40ff209466a054f5c21b82
raw/chr22_100_guides_tux05_20260813T160700Z_timing/batches/timing/columba/measured_3/batch_001/guide_ids.txt	200	ba581f534d9cf8eea3633f7ed01a45aae31a683ec2353abbcef9772e3c9cbb30
raw/chr22_100_guides_tux05_20260813T160700Z_timing/batches/timing/columba/measured_3/batch_001/guide_order.sha256	299	c2e7dd5c63a8a4c31576274143d990095ec9d1881ce2c643d4e921e837c1b826
raw/chr22_100_guides_tux05_20260813T160700Z_timing/batches/timing/columba/measured_3/batch_001/guide_order.txt	200	6709f75d03dea7edaa077ed235d1e8f9f68df62deeaf9d763202d52fbdc6f20d
raw/chr22_100_guides_tux05_20260813T160700Z_timing/batches/timing/columba/measured_3/batch_001/guide_results.tsv	2282	a9cf18a8565b88f24dcb1e1033a1e0cd8611a9fa18c175582efdb8b6682774c4
raw/chr22_100_guides_tux05_20260813T160700Z_timing/batches/timing/columba/measured_3/batch_001/guides/chr22_100_guide_001/command.txt	566	56f3f7994581c54148bc1ff6919f7573c634e731c14ed57522b4c97a47cf2202
raw/chr22_100_guides_tux05_20260813T160700Z_timing/batches/timing/columba/measured_3/batch_001/guides/chr22_100_guide_001/metrics.tsv	294	4752a94320abeb47a34f8fb0fe0ce1176c1bdb9f150ffeb3f8a10add564d0fdc
raw/chr22_100_guides_tux05_20260813T160700Z_timing/batches/timing/columba/measured_3/batch_001/guides/chr22_100_guide_001/output.paf	204	c788efd23026646b4da4b4a94736bffdb6646d5bb82e63ef3b54d008d2d7f496
raw/chr22_100_guides_tux05_20260813T160700Z_timing/batches/timing/columba/measured_3/batch_001/guides/chr22_100_guide_001/stderr.txt	563	5e6212673189b137868af231f3f49365db18929fbdc4915f13b52a1622522dba
raw/chr22_100_guides_tux05_20260813T160700Z_timing/batches/timing/columba/measured_3/batch_001/guides/chr22_100_guide_002/command.txt	566	48be265bdb8e5c6d97072b3fa2d4e11635fa02f684ae9bfe1483db37500a05ba
raw/chr22_100_guides_tux05_20260813T160700Z_timing/batches/timing/columba/measured_3/batch_001/guides/chr22_100_guide_002/metrics.tsv	297	421c28d7822ad6aea14e83c7dae8bb253ac58173217ce9a4dfee13eb410e25f3
raw/chr22_100_guides_tux05_20260813T160700Z_timing/batches/timing/columba/measured_3/batch_001/guides/chr22_100_guide_002/output.paf	2181	f0937d09b482433febb72a3aa2951bd7a1099c3bb5c4e6ae5d7f40f51dfaf291
raw/chr22_100_guides_tux05_20260813T160700Z_timing/batches/timing/columba/measured_3/batch_001/guides/chr22_100_guide_002/stderr.txt	94307	e925e6374c2b14f26ce352338d241501af5403cd20c2f7a0a66a7ff0957a82b9
raw/chr22_100_guides_tux05_20260813T160700Z_timing/batches/timing/columba/measured_3/batch_001/guides/chr22_100_guide_003/command.txt	566	988af8d9fb7aa949c17338aa69391195bbb82ac5c4719332f3d16329248cd909
raw/chr22_100_guides_tux05_20260813T160700Z_timing/batches/timing/columba/measured_3/batch_001/guides/chr22_100_guide_003/metrics.tsv	298	5020252b0e369d4fe1f174f132dbd58434ec7754d64b5379aa901f2f7cc7cffb
raw/chr22_100_guides_tux05_20260813T160700Z_timing/batches/timing/columba/measured_3/batch_001/guides/chr22_100_guide_003/output.paf	89500	ccc3d3b80ed309cc947744aeb419da762bf360cf65ee8f19caf6d89ef8540bb4
raw/chr22_100_guides_tux05_20260813T160700Z_timing/batches/timing/columba/measured_3/batch_001/guides/chr22_100_guide_003/stderr.txt	30549	a0f43a78ac495168b63dc33958a840d4b629f46bd21e5ea36ebe2fd81ed8e956
raw/chr22_100_guides_tux05_20260813T160700Z_timing/batches/timing/columba/measured_3/batch_001/guides/chr22_100_guide_004/command.txt	566	9b1f0fa21a4d57c6c2ccbb7b6bcef1ee262821bec6c7a9f342482cb9ba256605
raw/chr22_100_guides_tux05_20260813T160700Z_timing/batches/timing/columba/measured_3/batch_001/guides/chr22_100_guide_004/metrics.tsv	296	db177df06574484b71a6f739d831339dc83bf03de3f0ea95d256e20d0c028653
raw/chr22_100_guides_tux05_20260813T160700Z_timing/batches/timing/columba/measured_3/batch_001/guides/chr22_100_guide_004/output.paf	103	691ce0260ac4ff8426decb079b6ec2efdf4680b3abaced64e9143840bccb9552
raw/chr22_100_guides_tux05_20260813T160700Z_timing/batches/timing/columba/measured_3/batch_001/guides/chr22_100_guide_004/stderr.txt	59585	a4c7fcea839152b57f9d48000d08a15502fd89d0fd27949928e5d265dda849b7
raw/chr22_100_guides_tux05_20260813T160700Z_timing/batches/timing/columba/measured_3/batch_001/guides/chr22_100_guide_005/command.txt	566	01d9cb2b66b031d0aaae3525c6ee0eb78dca8b2265983e7488146ae3d372812e
raw/chr22_100_guides_tux05_20260813T160700Z_timing/batches/timing/columba/measured_3/batch_001/guides/chr22_100_guide_005/metrics.tsv	294	cbb0ce87b949cd1a85af6e9aa5517bc7e18a3e5767fc4f83b59559fe2977f7f9
raw/chr22_100_guides_tux05_20260813T160700Z_timing/batches/timing/columba/measured_3/batch_001/guides/chr22_100_guide_005/output.paf	103	95686fb2b7a30116b7ae2cc467351eaaf4c6f25cab6f6b7bc6dcc05f1c409532
raw/chr22_100_guides_tux05_20260813T160700Z_timing/batches/timing/columba/measured_3/batch_001/guides/chr22_100_guide_005/stderr.txt	651	011f515d83cd8b0bf4648cfa3d329bea0cb2939a7aabcbf319c9ccbd2ece994c
raw/chr22_100_guides_tux05_20260813T160700Z_timing/batches/timing/columba/measured_3/batch_001/guides/chr22_100_guide_006/command.txt	566	8573cef312b544e700e56167875329ee9f3d806ab371113f5595435f50987398
raw/chr22_100_guides_tux05_20260813T160700Z_timing/batches/timing/columba/measured_3/batch_001/guides/chr22_100_guide_006/metrics.tsv	297	e1ee61ba57c33d84b067bbec787109226bf010b420dfd08ce59c3314c99a3e94
raw/chr22_100_guides_tux05_20260813T160700Z_timing/batches/timing/columba/measured_3/batch_001/guides/chr22_100_guide_006/output.paf	416	b8cc43f743b2bf2f0e12fa535de856dec45a7e724e169b206e17e024502350b1
raw/chr22_100_guides_tux05_20260813T160700Z_timing/batches/timing/columba/measured_3/batch_001/guides/chr22_100_guide_006/stderr.txt	673643	9739780944683faaa4ef3f313f816b862f341378b37d0ab5c6f2f11c524f85ce
raw/chr22_100_guides_tux05_20260813T160700Z_timing/batches/timing/columba/measured_3/batch_001/guides/chr22_100_guide_007/command.txt	566	274fcf6a772b1406cdf484180d376d7d3a9e628571abed1c8de8f1e7b78d0e40
raw/chr22_100_guides_tux05_20260813T160700Z_timing/batches/timing/columba/measured_3/batch_001/guides/chr22_100_guide_007/metrics.tsv	298	75bce16a933742e3e567ac512813701a7a0ff1f1145e1891339685581b327edc
raw/chr22_100_guides_tux05_20260813T160700Z_timing/batches/timing/columba/measured_3/batch_001/guides/chr22_100_guide_007/output.paf	8373	4ed0f166306be29e52512f6850c1b990c122568bfe38464c457a9cbc3cafab14
raw/chr22_100_guides_tux05_20260813T160700Z_timing/batches/timing/columba/measured_3/batch_001/guides/chr22_100_guide_007/stderr.txt	173577	501f5c6c5e8d62ad0a7602fffd723666195a02b48240223d6a623d2bf75bc9d7
raw/chr22_100_guides_tux05_20260813T160700Z_timing/batches/timing/columba/measured_3/batch_001/guides/chr22_100_guide_008/command.txt	566	0c1fc8248f08783d01ab158c374ab506b58a3c1c996ef1da9c86b8c47c0cd027
raw/chr22_100_guides_tux05_20260813T160700Z_timing/batches/timing/columba/measured_3/batch_001/guides/chr22_100_guide_008/metrics.tsv	296	977ea9e97a591932bded869bfc49868bfb5987bee12443f64c2204fe41135702
raw/chr22_100_guides_tux05_20260813T160700Z_timing/batches/timing/columba/measured_3/batch_001/guides/chr22_100_guide_008/output.paf	7164	2525d9e467b0e235d87fec363306eb39498ebdd905157b97f69a01938142d417
raw/chr22_100_guides_tux05_20260813T160700Z_timing/batches/timing/columba/measured_3/batch_001/guides/chr22_100_guide_008/stderr.txt	1120	587b33ffa851be62124e858db10a3ce0555e1fef7b9faa94a47115a7bf569d6a
raw/chr22_100_guides_tux05_20260813T160700Z_timing/batches/timing/columba/measured_3/batch_001/guides/chr22_100_guide_009/command.txt	566	984b16fda32713f1afaa3d5287275e51c28d505dcae228fe3ebf3eb2deec5071
raw/chr22_100_guides_tux05_20260813T160700Z_timing/batches/timing/columba/measured_3/batch_001/guides/chr22_100_guide_009/metrics.tsv	294	4ff9cbb01a1b671f8055c0b72ff6e4220a9bd507ef9391b06141c7a6c0782b04
raw/chr22_100_guides_tux05_20260813T160700Z_timing/batches/timing/columba/measured_3/batch_001/guides/chr22_100_guide_009/output.paf	426	958d7bb0d2bcce37cafabe02cb7bcd2515a249ee7abef00a06c7ca69afbeddfd
raw/chr22_100_guides_tux05_20260813T160700Z_timing/batches/timing/columba/measured_3/batch_001/guides/chr22_100_guide_009/stderr.txt	469	b26403da3df85946d6c7931e54a923877597a6d21517a6786edcfb4f3a684c5d
raw/chr22_100_guides_tux05_20260813T160700Z_timing/batches/timing/columba/measured_3/batch_001/guides/chr22_100_guide_010/command.txt	566	e90a8d82acbceb3443d231a30e801f3e86f59541c126ecb19e84ca011a4160e4
raw/chr22_100_guides_tux05_20260813T160700Z_timing/batches/timing/columba/measured_3/batch_001/guides/chr22_100_guide_010/metrics.tsv	297	e43232a8698bf9731db5fde7a475aeb74656e8fb23c548d892e57603a3de0c6c
raw/chr22_100_guides_tux05_20260813T160700Z_timing/batches/timing/columba/measured_3/batch_001/guides/chr22_100_guide_010/output.paf	2601	bbff78e8edf6476d0dd0cdd76f512cb705b72cd1e357220e1a380dbd5cb5874e
raw/chr22_100_guides_tux05_20260813T160700Z_timing/batches/timing/columba/measured_3/batch_001/guides/chr22_100_guide_010/stderr.txt	69543	8283bb72468ef0f7298ae906c23d010c0d48c6574a33364a533179130f8c4875
raw/chr22_100_guides_tux05_20260813T160700Z_timing/batches/timing/columba/measured_3/batch_002/SUCCESS	0	e3b0c44298fc1c149afbf4c8996fb92427ae41e4649b934ca495991b7852b855
raw/chr22_100_guides_tux05_20260813T160700Z_timing/batches/timing/columba/measured_3/batch_002/environment.tsv	595	6e7724c5ad714832cc1f5a6a3191d6f33af271fba81d88a0a44f4007a7aa5e9d
raw/chr22_100_guides_tux05_20260813T160700Z_timing/batches/timing/columba/measured_3/batch_002/guide_ids.txt	200	7f597a7fc89cfb66cc27ceb0774d511b1281ee64dde393b024769bd512d20a44
raw/chr22_100_guides_tux05_20260813T160700Z_timing/batches/timing/columba/measured_3/batch_002/guide_order.sha256	299	557748de312ae9b7a3d944973b8656c667de347ec88164febeb4a2b9f8471805
raw/chr22_100_guides_tux05_20260813T160700Z_timing/batches/timing/columba/measured_3/batch_002/guide_order.txt	200	ba2b5880676828c9d19badd2953fabdf53a4d9a6e7e247de0b81b0f20113f298
raw/chr22_100_guides_tux05_20260813T160700Z_timing/batches/timing/columba/measured_3/batch_002/guide_results.tsv	2282	39da2a7ff162d8957ec32eaa490f4490fbbc034ee303b3a9f303e8b131419ea1
raw/chr22_100_guides_tux05_20260813T160700Z_timing/batches/timing/columba/measured_3/batch_002/guides/chr22_100_guide_011/command.txt	566	cb4c20f287c0d2cc52597950f342d35b9dac626e0d86dfe0b692c03ae12d9539
raw/chr22_100_guides_tux05_20260813T160700Z_timing/batches/timing/columba/measured_3/batch_002/guides/chr22_100_guide_011/metrics.tsv	293	7f24742482d6558c5f7ff6a7f18ce7537e0d732e00d09958441e3dd62faf22c9
raw/chr22_100_guides_tux05_20260813T160700Z_timing/batches/timing/columba/measured_3/batch_002/guides/chr22_100_guide_011/output.paf	2243	ec592648254199539685feee5357d093e2e1ec0b8ee82c9ce1e89057db95c2aa
raw/chr22_100_guides_tux05_20260813T160700Z_timing/batches/timing/columba/measured_3/batch_002/guides/chr22_100_guide_011/stderr.txt	0	e3b0c44298fc1c149afbf4c8996fb92427ae41e4649b934ca495991b7852b855
raw/chr22_100_guides_tux05_20260813T160700Z_timing/batches/timing/columba/measured_3/batch_002/guides/chr22_100_guide_012/command.txt	566	59111a2ab63d33547c572328304fe36288c7cfb1ac9accbd49f81d2cdc0f78b3
raw/chr22_100_guides_tux05_20260813T160700Z_timing/batches/timing/columba/measured_3/batch_002/guides/chr22_100_guide_012/metrics.tsv	292	63a19ff3b246b23aeea7dc371af6c3db68228edf925eb878b7bd5965169b088b
raw/chr22_100_guides_tux05_20260813T160700Z_timing/batches/timing/columba/measured_3/batch_002/guides/chr22_100_guide_012/output.paf	832	9b00eaabadec78eddf839955f38b2c49038c64b495db9fc7cba00a4c5b16c2fd
raw/chr22_100_guides_tux05_20260813T160700Z_timing/batches/timing/columba/measured_3/batch_002/guides/chr22_100_guide_012/stderr.txt	0	e3b0c44298fc1c149afbf4c8996fb92427ae41e4649b934ca495991b7852b855
raw/chr22_100_guides_tux05_20260813T160700Z_timing/batches/timing/columba/measured_3/batch_002/guides/chr22_100_guide_013/command.txt	566	9310dbfbc83548b63deaa0d0cfe32c815e82a85b6458a95427fdab998ff2e214
raw/chr22_100_guides_tux05_20260813T160700Z_timing/batches/timing/columba/measured_3/batch_002/guides/chr22_100_guide_013/metrics.tsv	293	3e0de07ed689960171d6f635d44fe29cd0c4f05073681af6193f16f230ae0968
raw/chr22_100_guides_tux05_20260813T160700Z_timing/batches/timing/columba/measured_3/batch_002/guides/chr22_100_guide_013/output.paf	317	14d007c41b3efc0f49a5e3c8b2c1afbdbbf6448965f329277343a75661f62b72
raw/chr22_100_guides_tux05_20260813T160700Z_timing/batches/timing/columba/measured_3/batch_002/guides/chr22_100_guide_013/stderr.txt	94	e6ce59b275084995153a3e9c40a4958a8a70855f475daac144376dd269a555ec
raw/chr22_100_guides_tux05_20260813T160700Z_timing/batches/timing/columba/measured_3/batch_002/guides/chr22_100_guide_014/command.txt	566	83aacd4c60d2613d98d18e28c621cdc206a30f0b5b4a6a9f426c5c8472767e8f
raw/chr22_100_guides_tux05_20260813T160700Z_timing/batches/timing/columba/measured_3/batch_002/guides/chr22_100_guide_014/metrics.tsv	297	73c1b17f497113a3cd0aa6686697f3d7f46f7ff0fa0884ec70d6f101c1bcad5a
raw/chr22_100_guides_tux05_20260813T160700Z_timing/batches/timing/columba/measured_3/batch_002/guides/chr22_100_guide_014/output.paf	20741	18fa726a0532763a6a720243b5476e8492d4a0e21d88972a1590a5cc86c18f36
raw/chr22_100_guides_tux05_20260813T160700Z_timing/batches/timing/columba/measured_3/batch_002/guides/chr22_100_guide_014/stderr.txt	1118	738f0679665e7cbee0e7647775b7e47573cdbc33c7d7463d5c01f8c75b0b7b5f
raw/chr22_100_guides_tux05_20260813T160700Z_timing/batches/timing/columba/measured_3/batch_002/guides/chr22_100_guide_015/command.txt	566	6f85a81139438099cf88df9c702b2dcb7eb18bc38f8c9e9f77b60365bccccaeb
raw/chr22_100_guides_tux05_20260813T160700Z_timing/batches/timing/columba/measured_3/batch_002/guides/chr22_100_guide_015/metrics.tsv	299	375ba908d41a6512e23f8980adef35802767aa71b53259cc090acca323e9cdde
raw/chr22_100_guides_tux05_20260813T160700Z_timing/batches/timing/columba/measured_3/batch_002/guides/chr22_100_guide_015/output.paf	12831	14607790ed2c2aa20854f98797286082d4f4e662c4918ba18d80b5c7cabdc3a3
raw/chr22_100_guides_tux05_20260813T160700Z_timing/batches/timing/columba/measured_3/batch_002/guides/chr22_100_guide_015/stderr.txt	830122	42f93d194038db849260c18f78fe52cdc58775b7f60fd7a14fdf15a6b1f00b50
raw/chr22_100_guides_tux05_20260813T160700Z_timing/batches/timing/columba/measured_3/batch_002/guides/chr22_100_guide_016/command.txt	566	ab87ceda319234113f9e03631f0dfbb8da9676ca62b1867b0bec9e79bb986ec4
raw/chr22_100_guides_tux05_20260813T160700Z_timing/batches/timing/columba/measured_3/batch_002/guides/chr22_100_guide_016/metrics.tsv	295	3d855d0cc39e3c54f469631a0a91336c095ab19eb62be7b0ff8d6e5e90aafea9
raw/chr22_100_guides_tux05_20260813T160700Z_timing/batches/timing/columba/measured_3/batch_002/guides/chr22_100_guide_016/output.paf	103	664ca84d364b11b722ac1aa282d988cb26faa580c3801fc71e980d0a2785483d
raw/chr22_100_guides_tux05_20260813T160700Z_timing/batches/timing/columba/measured_3/batch_002/guides/chr22_100_guide_016/stderr.txt	6603	647a3c26fb0f04ad019100c4ab0390ab87ed5c84aadfe7a252bca70b1e3bd96d
raw/chr22_100_guides_tux05_20260813T160700Z_timing/batches/timing/columba/measured_3/batch_002/guides/chr22_100_guide_017/command.txt	566	52f4557e649aa46e4411ae140673c301db79070be95346be56434101def0adb8
raw/chr22_100_guides_tux05_20260813T160700Z_timing/batches/timing/columba/measured_3/batch_002/guides/chr22_100_guide_017/metrics.tsv	298	1d6a1a19845768c0abfb2b30e96138932493feb62aedea203160e7c2356d1eb9
raw/chr22_100_guides_tux05_20260813T160700Z_timing/batches/timing/columba/measured_3/batch_002/guides/chr22_100_guide_017/output.paf	6925	443c9733648206d43672a968d8e97952afd65a9f31ce05d9d0565f64b1ea8a38
raw/chr22_100_guides_tux05_20260813T160700Z_timing/batches/timing/columba/measured_3/batch_002/guides/chr22_100_guide_017/stderr.txt	523774	34e2228fdcbf823acbc1cf9a4520426f2726ceee2e2c487a482723b0e27f4c06
raw/chr22_100_guides_tux05_20260813T160700Z_timing/batches/timing/columba/measured_3/batch_002/guides/chr22_100_guide_018/command.txt	566	75e2baf188655797b05e9bcc7c7c52978a0f9ab393a9a0f9137f5c027fc04b28
raw/chr22_100_guides_tux05_20260813T160700Z_timing/batches/timing/columba/measured_3/batch_002/guides/chr22_100_guide_018/metrics.tsv	296	60c839b0fbb3fc84d85ac20d6189bb3c5849694cede2dcb6bce04bdd39428f7e
raw/chr22_100_guides_tux05_20260813T160700Z_timing/batches/timing/columba/measured_3/batch_002/guides/chr22_100_guide_018/output.paf	208	5c632dfc921b715b635c61d386497b7131eb4348bb520ea4a5cd13ab53ef1e7a
raw/chr22_100_guides_tux05_20260813T160700Z_timing/batches/timing/columba/measured_3/batch_002/guides/chr22_100_guide_018/stderr.txt	43109	23e8f4ffff162fdc2e25089c32203c22ccb5ac9c66770c9b5d4a6408cc154ffb
raw/chr22_100_guides_tux05_20260813T160700Z_timing/batches/timing/columba/measured_3/batch_002/guides/chr22_100_guide_019/command.txt	566	c296de5e3bf06c1c788e61e8d9053d04b4211a0935d94f8679e75efe74d67409
raw/chr22_100_guides_tux05_20260813T160700Z_timing/batches/timing/columba/measured_3/batch_002/guides/chr22_100_guide_019/metrics.tsv	295	3287f2fc6ece51aba76b945790e21862e4d0ab9a59e52acaf42902e4ae57ba86
raw/chr22_100_guides_tux05_20260813T160700Z_timing/batches/timing/columba/measured_3/batch_002/guides/chr22_100_guide_019/output.paf	103	6cdd7ce54810d5bc4f6f9e343cba7e89b5868d4aa230081223fa53049a31ac4f
raw/chr22_100_guides_tux05_20260813T160700Z_timing/batches/timing/columba/measured_3/batch_002/guides/chr22_100_guide_019/stderr.txt	1766	dc56e723a41ad2b033072b1d35240963852ef67de09ef8478a44d1daa4a0e78a
raw/chr22_100_guides_tux05_20260813T160700Z_timing/batches/timing/columba/measured_3/batch_002/guides/chr22_100_guide_020/command.txt	566	3d6c4d5ae462056631517cc4658879656edee22c7d7ce64248e801b26b4d3f46
raw/chr22_100_guides_tux05_20260813T160700Z_timing/batches/timing/columba/measured_3/batch_002/guides/chr22_100_guide_020/metrics.tsv	296	d0a0d766a48662ca3a9a7cb7fce4379badbcd088f3917042e74b1a9a66579e26
raw/chr22_100_guides_tux05_20260813T160700Z_timing/batches/timing/columba/measured_3/batch_002/guides/chr22_100_guide_020/output.paf	759	e201d7cfc5ec4a9979af6c9a236130b8f36d6e0e4dcfef596b106dbc39010303
raw/chr22_100_guides_tux05_20260813T160700Z_timing/batches/timing/columba/measured_3/batch_002/guides/chr22_100_guide_020/stderr.txt	76628	b458b467a03688a50351b56d6e3c449c56ad4edc944351aafb91ac49def2d89e
raw/chr22_100_guides_tux05_20260813T160700Z_timing/batches/timing/columba/measured_3/batch_003/SUCCESS	0	e3b0c44298fc1c149afbf4c8996fb92427ae41e4649b934ca495991b7852b855
raw/chr22_100_guides_tux05_20260813T160700Z_timing/batches/timing/columba/measured_3/batch_003/environment.tsv	595	95bf6bf7bc0e5b85a148ee37a678e7d89f4d22773a66e73baf33fb51aef932a5
raw/chr22_100_guides_tux05_20260813T160700Z_timing/batches/timing/columba/measured_3/batch_003/guide_ids.txt	200	7f4ca67e60caaed7e9e0bad5853508fe81c7096e134107727d3754f80b7b3e5c
raw/chr22_100_guides_tux05_20260813T160700Z_timing/batches/timing/columba/measured_3/batch_003/guide_order.sha256	299	72cdef9657a655a43c723c2e4bf39973fc3195c022bc5ff020a7788cc7a7fef1
raw/chr22_100_guides_tux05_20260813T160700Z_timing/batches/timing/columba/measured_3/batch_003/guide_order.txt	200	78c588a2e012ebf2bd83a90248b896a78556e128b5a50348f4a5fb669ebf6de7
raw/chr22_100_guides_tux05_20260813T160700Z_timing/batches/timing/columba/measured_3/batch_003/guide_results.tsv	2291	229f5bfb8dca168a789de6d98d1c2b948c92eb5da26d38838052b5db5c586c23
raw/chr22_100_guides_tux05_20260813T160700Z_timing/batches/timing/columba/measured_3/batch_003/guides/chr22_100_guide_021/command.txt	566	f9050ea994c56a1d1281887bb0fc83f4193c34c12335ce9829084521f61c8def
raw/chr22_100_guides_tux05_20260813T160700Z_timing/batches/timing/columba/measured_3/batch_003/guides/chr22_100_guide_021/metrics.tsv	294	a0fdfda950b3ba20e9550ff40d50c7b4176f414beac4c5af12c600123400b3d9
raw/chr22_100_guides_tux05_20260813T160700Z_timing/batches/timing/columba/measured_3/batch_003/guides/chr22_100_guide_021/output.paf	105	70d3142b6438b2233c1a63a2ac833233a13a2d75bf75339f1fccaff2fa81b453
raw/chr22_100_guides_tux05_20260813T160700Z_timing/batches/timing/columba/measured_3/batch_003/guides/chr22_100_guide_021/stderr.txt	652	d56d96fe98b333f362ee9bd6376532e8bc00f0bfcb42456116b5b2cd748bb70d
raw/chr22_100_guides_tux05_20260813T160700Z_timing/batches/timing/columba/measured_3/batch_003/guides/chr22_100_guide_022/command.txt	566	6b4efbf55dd6e3bf25a65b5e28b7a2092729c8bb72fffea26760e282eea23625
raw/chr22_100_guides_tux05_20260813T160700Z_timing/batches/timing/columba/measured_3/batch_003/guides/chr22_100_guide_022/metrics.tsv	297	df21d4adb001300ec3f1a3a50943741320fd6606db49e87e1194d1a5a93c7cea
raw/chr22_100_guides_tux05_20260813T160700Z_timing/batches/timing/columba/measured_3/batch_003/guides/chr22_100_guide_022/output.paf	105	6b72b7d58a6bb9700568183d8342e8f3bc79c45ffa1f7e46c161effbf9985c5d
raw/chr22_100_guides_tux05_20260813T160700Z_timing/batches/timing/columba/measured_3/batch_003/guides/chr22_100_guide_022/stderr.txt	592188	1bdc42a6859b8b52c1db369907a7439fdf814d31ad0591c6948691ed396edcd1
raw/chr22_100_guides_tux05_20260813T160700Z_timing/batches/timing/columba/measured_3/batch_003/guides/chr22_100_guide_023/command.txt	566	70ccd8838041ffb2b91a0368ef5d937990570a77e556ba08b90bf9c13cf759b1
raw/chr22_100_guides_tux05_20260813T160700Z_timing/batches/timing/columba/measured_3/batch_003/guides/chr22_100_guide_023/metrics.tsv	297	97420af78cdfe471c9e8dd527677a4380bb038216c27d8e80123a97303a9691c
raw/chr22_100_guides_tux05_20260813T160700Z_timing/batches/timing/columba/measured_3/batch_003/guides/chr22_100_guide_023/output.paf	16229	5664c285cf2f5ae0137ca1a22d1cb40e7231faecf6a27ae4223e67a75ccdd033
raw/chr22_100_guides_tux05_20260813T160700Z_timing/batches/timing/columba/measured_3/batch_003/guides/chr22_100_guide_023/stderr.txt	3475	94dca88f98f958fa1bf19db4e20642e9042142e03f3cac411aff6176a087ef1e
raw/chr22_100_guides_tux05_20260813T160700Z_timing/batches/timing/columba/measured_3/batch_003/guides/chr22_100_guide_024/command.txt	566	6e346420d30f1215f572c1198ebba67285f3255da0f7399a940e5815edb3d384
raw/chr22_100_guides_tux05_20260813T160700Z_timing/batches/timing/columba/measured_3/batch_003/guides/chr22_100_guide_024/metrics.tsv	296	9d6d8c092c4825cea82fc1b8148a2e3eec7610a7509baa31ee28857f9b5d6025
raw/chr22_100_guides_tux05_20260813T160700Z_timing/batches/timing/columba/measured_3/batch_003/guides/chr22_100_guide_024/output.paf	214	bcee63120e7a1ad9985f53ede79aec2d8e27e6be8190904374c9bd2675cce1d4
raw/chr22_100_guides_tux05_20260813T160700Z_timing/batches/timing/columba/measured_3/batch_003/guides/chr22_100_guide_024/stderr.txt	89840	20e0d047a90eb941c28e7c3eadd3682e2d2baa7519ca17df715655ce2d25a138
raw/chr22_100_guides_tux05_20260813T160700Z_timing/batches/timing/columba/measured_3/batch_003/guides/chr22_100_guide_025/command.txt	566	c9d3511d3258b4919e14690f782a111dd5b294b9f7d7f83afbd4fe3c7f861b7c
raw/chr22_100_guides_tux05_20260813T160700Z_timing/batches/timing/columba/measured_3/batch_003/guides/chr22_100_guide_025/metrics.tsv	300	8dd64822f7b5e553136ace997aa9f5e250f0575c926ff208cf37648824cc5f31
raw/chr22_100_guides_tux05_20260813T160700Z_timing/batches/timing/columba/measured_3/batch_003/guides/chr22_100_guide_025/output.paf	360399	2bcf3c36d3005ad0fb22c942310e9ac2be633eecc1be15596d48b67e278c7fd2
raw/chr22_100_guides_tux05_20260813T160700Z_timing/batches/timing/columba/measured_3/batch_003/guides/chr22_100_guide_025/stderr.txt	685114	bbeec566678f9402686af8dfc82c742950a8cca1a8132401323a9ab6a130af25
raw/chr22_100_guides_tux05_20260813T160700Z_timing/batches/timing/columba/measured_3/batch_003/guides/chr22_100_guide_026/command.txt	566	13ba028df906384e3b2a1de8a1618c80cdcff5fdbce9f5fe963de5984996dc7b
raw/chr22_100_guides_tux05_20260813T160700Z_timing/batches/timing/columba/measured_3/batch_003/guides/chr22_100_guide_026/metrics.tsv	298	c4f4e0b37fb7c944dc7d49c30e92731f4dc85b7d9e3126f3524ab68246b3a3b5
raw/chr22_100_guides_tux05_20260813T160700Z_timing/batches/timing/columba/measured_3/batch_003/guides/chr22_100_guide_026/output.paf	6840	74ee2057f2511f0387c90decf264283593386e47d9b30347bc9921ddcc60dd17
raw/chr22_100_guides_tux05_20260813T160700Z_timing/batches/timing/columba/measured_3/batch_003/guides/chr22_100_guide_026/stderr.txt	763944	24451543d4981af6965232fc89a42aae084c85b1effd413db55357f5b81b7551
raw/chr22_100_guides_tux05_20260813T160700Z_timing/batches/timing/columba/measured_3/batch_003/guides/chr22_100_guide_027/command.txt	566	42f11b0ac63b535ebba76e8909b548fac3bfd29f1f9a1e5a2956e3348c124662
raw/chr22_100_guides_tux05_20260813T160700Z_timing/batches/timing/columba/measured_3/batch_003/guides/chr22_100_guide_027/metrics.tsv	294	36b96b986b986f428ae253f4aa190c5d94ca2f7f192549382f93523c766138ac
raw/chr22_100_guides_tux05_20260813T160700Z_timing/batches/timing/columba/measured_3/batch_003/guides/chr22_100_guide_027/output.paf	210	a7610eb051e87a34826545d10fcf8102943e8611a97a657a33ec94ff2afe4c13
raw/chr22_100_guides_tux05_20260813T160700Z_timing/batches/timing/columba/measured_3/batch_003/guides/chr22_100_guide_027/stderr.txt	470	ca6032de9107568e011efa775fb138933bc1f4163d835edc39d12e948093dfde
raw/chr22_100_guides_tux05_20260813T160700Z_timing/batches/timing/columba/measured_3/batch_003/guides/chr22_100_guide_028/command.txt	566	7e1a39c18a8234e4b77a15c338fb0b22f0d2e1ef98eaef93cbe5df88a9e50da9
raw/chr22_100_guides_tux05_20260813T160700Z_timing/batches/timing/columba/measured_3/batch_003/guides/chr22_100_guide_028/metrics.tsv	299	7c8012a71b5b8ade92e9fcd3a192462f35c614308632d28b4babb83503853431
raw/chr22_100_guides_tux05_20260813T160700Z_timing/batches/timing/columba/measured_3/batch_003/guides/chr22_100_guide_028/output.paf	214131	01e49abccf673768fbd38172e9592aef60a9ffa738fefa147d463cc2893ff852
raw/chr22_100_guides_tux05_20260813T160700Z_timing/batches/timing/columba/measured_3/batch_003/guides/chr22_100_guide_028/stderr.txt	26540	6ab1cb25283fe19a6bfd4fcd5c48da2d87969a73970cab771254caf7f66a6287
raw/chr22_100_guides_tux05_20260813T160700Z_timing/batches/timing/columba/measured_3/batch_003/guides/chr22_100_guide_029/command.txt	566	8d93322f79c278600132fcd48cbcf81a163d9b58a1b21fc80d646b44faef009e
raw/chr22_100_guides_tux05_20260813T160700Z_timing/batches/timing/columba/measured_3/batch_003/guides/chr22_100_guide_029/metrics.tsv	299	7161a3352c8140fb4d6249d520cd4b83318a99bb05f2171d27f2268931cd4450
raw/chr22_100_guides_tux05_20260813T160700Z_timing/batches/timing/columba/measured_3/batch_003/guides/chr22_100_guide_029/output.paf	199216	023a0db1667cffab02ece840deaeba274e313dbe75e80a569d4eb1e108049a70
raw/chr22_100_guides_tux05_20260813T160700Z_timing/batches/timing/columba/measured_3/batch_003/guides/chr22_100_guide_029/stderr.txt	27636	d4e0a36311e4ca8e67b4e69d062e253606ee8ba50c03ffb98d71774fa810bdfb
raw/chr22_100_guides_tux05_20260813T160700Z_timing/batches/timing/columba/measured_3/batch_003/guides/chr22_100_guide_030/command.txt	566	cf119fedaebf729a33ac282a4330e0dd7223f4db1879660848aa9e0a26c7948a
raw/chr22_100_guides_tux05_20260813T160700Z_timing/batches/timing/columba/measured_3/batch_003/guides/chr22_100_guide_030/metrics.tsv	300	c4a0f5ae0928595000a09b36f472eefaffcdd70053055a527d78a054f8cd94d1
raw/chr22_100_guides_tux05_20260813T160700Z_timing/batches/timing/columba/measured_3/batch_003/guides/chr22_100_guide_030/output.paf	230815	d29f1e6c8cefac25b1c219eeb22083b707ccd515357f995e1d890f815157db21
raw/chr22_100_guides_tux05_20260813T160700Z_timing/batches/timing/columba/measured_3/batch_003/guides/chr22_100_guide_030/stderr.txt	272121	2438973516059989d2cd3180bc4fb2a1b25b52a873009a27bebbfc598f668a22
raw/chr22_100_guides_tux05_20260813T160700Z_timing/batches/timing/columba/measured_3/batch_004/SUCCESS	0	e3b0c44298fc1c149afbf4c8996fb92427ae41e4649b934ca495991b7852b855
raw/chr22_100_guides_tux05_20260813T160700Z_timing/batches/timing/columba/measured_3/batch_004/environment.tsv	595	fe0971ffc91a419ba5d1be23bdb6224a6107f7070c96e57e0156c0662e49220a
raw/chr22_100_guides_tux05_20260813T160700Z_timing/batches/timing/columba/measured_3/batch_004/guide_ids.txt	200	02a44a23918390e8ac6ed31c09c6d13d635bc0bd1243ea4c7c8a83fe1ff7ef48
raw/chr22_100_guides_tux05_20260813T160700Z_timing/batches/timing/columba/measured_3/batch_004/guide_order.sha256	299	8d5ca2ffbd0ae95ea02be2cce4b0acb4d2ce9bd72ccb17ce98fe51be1d14bea1
raw/chr22_100_guides_tux05_20260813T160700Z_timing/batches/timing/columba/measured_3/batch_004/guide_order.txt	200	e1a6b04f5ac3450e4f642c006ac79eed6fa1ee570573ca418e07defb8d8d49de
raw/chr22_100_guides_tux05_20260813T160700Z_timing/batches/timing/columba/measured_3/batch_004/guide_results.tsv	2277	e608e8e7d5b2226b8fd557f42591fc0806bcd252f152667513f13117d6e34d58
raw/chr22_100_guides_tux05_20260813T160700Z_timing/batches/timing/columba/measured_3/batch_004/guides/chr22_100_guide_031/command.txt	566	b5434d72923f8388a240772e19851d5e85c18a398dfceb2c0f93d2578e8281d0
raw/chr22_100_guides_tux05_20260813T160700Z_timing/batches/timing/columba/measured_3/batch_004/guides/chr22_100_guide_031/metrics.tsv	297	ecf4975ca8fdd930236b46af1513a19ef28c0ce571feca7ba5dd1a9c725aefa3
raw/chr22_100_guides_tux05_20260813T160700Z_timing/batches/timing/columba/measured_3/batch_004/guides/chr22_100_guide_031/output.paf	214	5d5573821365e7bc8b578e4c8587ad85cc0ce7e73cc826859074ffc07c945a42
raw/chr22_100_guides_tux05_20260813T160700Z_timing/batches/timing/columba/measured_3/batch_004/guides/chr22_100_guide_031/stderr.txt	401466	6d757fd7aeea9c62de2f65f7620c111ca2fee818c410d59cbc0beeac17789d75
raw/chr22_100_guides_tux05_20260813T160700Z_timing/batches/timing/columba/measured_3/batch_004/guides/chr22_100_guide_032/command.txt	566	a6d4f5842b6d815b23b00e503451167f35aff4d342ba07f76998d8b72ea93dab
raw/chr22_100_guides_tux05_20260813T160700Z_timing/batches/timing/columba/measured_3/batch_004/guides/chr22_100_guide_032/metrics.tsv	294	8fb3a4886c8372d2b3f6c3de0ee79cc5e2718aa0298f27598e8202dbcac2fac6
raw/chr22_100_guides_tux05_20260813T160700Z_timing/batches/timing/columba/measured_3/batch_004/guides/chr22_100_guide_032/output.paf	105	c25a6440be62186e25b0f165358d0d0900b923751f80af6ee5c27f0f29a85af6
raw/chr22_100_guides_tux05_20260813T160700Z_timing/batches/timing/columba/measured_3/batch_004/guides/chr22_100_guide_032/stderr.txt	188	5bcc52812e3cd79f2c949096180d3f1ac01ae06d29eea04285bba87168ded8f9
raw/chr22_100_guides_tux05_20260813T160700Z_timing/batches/timing/columba/measured_3/batch_004/guides/chr22_100_guide_033/command.txt	566	434733e1a3839dc4164adf8af4f6ab33375579bb27b5f6c6814f2e0e39dcc26e
raw/chr22_100_guides_tux05_20260813T160700Z_timing/batches/timing/columba/measured_3/batch_004/guides/chr22_100_guide_033/metrics.tsv	294	6da46e6862d586dc77e4abcc9697b550ff2ebcd1f927cd22294e98d8e9210dea
raw/chr22_100_guides_tux05_20260813T160700Z_timing/batches/timing/columba/measured_3/batch_004/guides/chr22_100_guide_033/output.paf	105	0effc63d85fa97f691908ce0321ab857ae6f08fabd2480f35c83ff81e76c9f0e
raw/chr22_100_guides_tux05_20260813T160700Z_timing/batches/timing/columba/measured_3/batch_004/guides/chr22_100_guide_033/stderr.txt	656	6be499e878bb8835b2d0095d754911ca511e88d92eb98ee972ab04a1f8c00a0b
raw/chr22_100_guides_tux05_20260813T160700Z_timing/batches/timing/columba/measured_3/batch_004/guides/chr22_100_guide_034/command.txt	566	4ce1b4c65927cdd6014f6bc301f313a08494b3f8aeb53328c27d47793b6cef2e
raw/chr22_100_guides_tux05_20260813T160700Z_timing/batches/timing/columba/measured_3/batch_004/guides/chr22_100_guide_034/metrics.tsv	294	6700a3e03217d6aa64692c26917c65328415359c9bc1e33891d9ec1805d933a4
raw/chr22_100_guides_tux05_20260813T160700Z_timing/batches/timing/columba/measured_3/batch_004/guides/chr22_100_guide_034/output.paf	105	b799f84402b88ca7eda644ce1b5b5eb56c02b09c04d62fc51c4c70dc76c6b583
raw/chr22_100_guides_tux05_20260813T160700Z_timing/batches/timing/columba/measured_3/batch_004/guides/chr22_100_guide_034/stderr.txt	187	4f6dc5b5a164eea9ba79b4a4c7ee686bbb2ef32b24b407949991d9e320496ddb
raw/chr22_100_guides_tux05_20260813T160700Z_timing/batches/timing/columba/measured_3/batch_004/guides/chr22_100_guide_035/command.txt	566	1dfd64605fdbbfc3767c3f27341d5c28600329a526fd4cf8672d5b7756e3bc60
raw/chr22_100_guides_tux05_20260813T160700Z_timing/batches/timing/columba/measured_3/batch_004/guides/chr22_100_guide_035/metrics.tsv	297	f27f1afdd0a2eef4c8d74eb73e1d4c6d9fefe1776017255c922080cc696e45c9
raw/chr22_100_guides_tux05_20260813T160700Z_timing/batches/timing/columba/measured_3/batch_004/guides/chr22_100_guide_035/output.paf	1068	26e2eb81897f587da39402739a7f851313f0bf1adff27623b341a24f6d65d55b
raw/chr22_100_guides_tux05_20260813T160700Z_timing/batches/timing/columba/measured_3/batch_004/guides/chr22_100_guide_035/stderr.txt	26996	99ec977a326ca10c3e115b1ced26f639f311e55f5d55485ff6a9c48c4655ed96
raw/chr22_100_guides_tux05_20260813T160700Z_timing/batches/timing/columba/measured_3/batch_004/guides/chr22_100_guide_036/command.txt	566	34446fdba96d2f066083524581067fc03e27f2dd3f3d70048d2a6cb47060508b
raw/chr22_100_guides_tux05_20260813T160700Z_timing/batches/timing/columba/measured_3/batch_004/guides/chr22_100_guide_036/metrics.tsv	293	169364255d82885c9d6da13452b407b4858cfeb665b6dcf089df0c6274fab39b
raw/chr22_100_guides_tux05_20260813T160700Z_timing/batches/timing/columba/measured_3/batch_004/guides/chr22_100_guide_036/output.paf	105	d902219eeefe3ff64202f082d0493776f51eb4ff2b0f1167c0e670f923533dc4
raw/chr22_100_guides_tux05_20260813T160700Z_timing/batches/timing/columba/measured_3/batch_004/guides/chr22_100_guide_036/stderr.txt	94	561879fe16bf8d8d845615014aafa1348557dc2b653402bc983228fe11f91985
raw/chr22_100_guides_tux05_20260813T160700Z_timing/batches/timing/columba/measured_3/batch_004/guides/chr22_100_guide_037/command.txt	566	beda16c3cbaf1a022fec89d057945cfd8465fa1dfc282b3b74180a64935f42f0
raw/chr22_100_guides_tux05_20260813T160700Z_timing/batches/timing/columba/measured_3/batch_004/guides/chr22_100_guide_037/metrics.tsv	292	68fa91eb45d6aa0a92e070e56ddac26818c947523ecf8a14c712d945ea950587
raw/chr22_100_guides_tux05_20260813T160700Z_timing/batches/timing/columba/measured_3/batch_004/guides/chr22_100_guide_037/output.paf	105	87a59470956d0b27daf38e5e39ded5e150cdea0e868b3bb38ed13ec71694f010
raw/chr22_100_guides_tux05_20260813T160700Z_timing/batches/timing/columba/measured_3/batch_004/guides/chr22_100_guide_037/stderr.txt	0	e3b0c44298fc1c149afbf4c8996fb92427ae41e4649b934ca495991b7852b855
raw/chr22_100_guides_tux05_20260813T160700Z_timing/batches/timing/columba/measured_3/batch_004/guides/chr22_100_guide_038/command.txt	566	9c0ec224db1849cbefa2b5764e5537db605396f19a9a7cc317e179e279ebe990
raw/chr22_100_guides_tux05_20260813T160700Z_timing/batches/timing/columba/measured_3/batch_004/guides/chr22_100_guide_038/metrics.tsv	294	ffc6d953f0b12a512e427cccc7fb8ceffa969bdbee329a74a67ac2c8202fbf0f
raw/chr22_100_guides_tux05_20260813T160700Z_timing/batches/timing/columba/measured_3/batch_004/guides/chr22_100_guide_038/output.paf	105	029b4bae64ebbe3decac5715b992bb89ceb0731276cd7cd8566eaca4250537b4
raw/chr22_100_guides_tux05_20260813T160700Z_timing/batches/timing/columba/measured_3/batch_004/guides/chr22_100_guide_038/stderr.txt	846	d19c36693df71437a3e971b04638d4c55f47a0d94d8887a1c6ebbec6f71e8046
raw/chr22_100_guides_tux05_20260813T160700Z_timing/batches/timing/columba/measured_3/batch_004/guides/chr22_100_guide_039/command.txt	566	478805a118ab94046408be78b00ea8b9ff3949702199a09f057c45c132eb41a5
raw/chr22_100_guides_tux05_20260813T160700Z_timing/batches/timing/columba/measured_3/batch_004/guides/chr22_100_guide_039/metrics.tsv	292	fb586b9f027c9a681f619fc1d1e9217f2a32735eed3b10c33c2b2af5f9ab66c4
raw/chr22_100_guides_tux05_20260813T160700Z_timing/batches/timing/columba/measured_3/batch_004/guides/chr22_100_guide_039/output.paf	105	a699d8af011bf9deb858b41d0fae396d8cff7641f7f0fffbf757531340e4d266
raw/chr22_100_guides_tux05_20260813T160700Z_timing/batches/timing/columba/measured_3/batch_004/guides/chr22_100_guide_039/stderr.txt	0	e3b0c44298fc1c149afbf4c8996fb92427ae41e4649b934ca495991b7852b855
raw/chr22_100_guides_tux05_20260813T160700Z_timing/batches/timing/columba/measured_3/batch_004/guides/chr22_100_guide_040/command.txt	566	9e25ca24c617ed46f5e32e55fd503488516868fafc7ca7f3c46549ed25702392
raw/chr22_100_guides_tux05_20260813T160700Z_timing/batches/timing/columba/measured_3/batch_004/guides/chr22_100_guide_040/metrics.tsv	294	9d1f5d9cb2194951f515564f956c042da14c721f7a90f15f77901814939ae15c
raw/chr22_100_guides_tux05_20260813T160700Z_timing/batches/timing/columba/measured_3/batch_004/guides/chr22_100_guide_040/output.paf	105	4390a33a35b7293befeadb9fa60eb9d4727d057633aeb9a93007f6581228ca97
raw/chr22_100_guides_tux05_20260813T160700Z_timing/batches/timing/columba/measured_3/batch_004/guides/chr22_100_guide_040/stderr.txt	188	7e3c0298e47ada9502fe1ab91e5aed0852345691cf2da9d42a3b3bb1585655fc
raw/chr22_100_guides_tux05_20260813T160700Z_timing/batches/timing/columba/measured_3/batch_005/SUCCESS	0	e3b0c44298fc1c149afbf4c8996fb92427ae41e4649b934ca495991b7852b855
raw/chr22_100_guides_tux05_20260813T160700Z_timing/batches/timing/columba/measured_3/batch_005/environment.tsv	595	b04518c371132f8496de3bf9ba0a920c43ad850917d69611143dc652bae2d0e8
raw/chr22_100_guides_tux05_20260813T160700Z_timing/batches/timing/columba/measured_3/batch_005/guide_ids.txt	200	79abc65bc1cd3a9f4f17f81d96267bf523cd0644719499b8d7b8397b053545cb
raw/chr22_100_guides_tux05_20260813T160700Z_timing/batches/timing/columba/measured_3/batch_005/guide_order.sha256	299	a5dc19ef67eb0c94fc8fd97c83f5199947be0b5ac0cce7f81c1a655639d2841e
raw/chr22_100_guides_tux05_20260813T160700Z_timing/batches/timing/columba/measured_3/batch_005/guide_order.txt	200	e8a8fcb7af376d12fbea8d6a2f28f243d15cc61a3aa6a4236749228583188c83
raw/chr22_100_guides_tux05_20260813T160700Z_timing/batches/timing/columba/measured_3/batch_005/guide_results.tsv	2277	cf0d57502ffe9db81f60a6235318fbd2154944cf7beb09f57266290e48ec1de6
raw/chr22_100_guides_tux05_20260813T160700Z_timing/batches/timing/columba/measured_3/batch_005/guides/chr22_100_guide_041/command.txt	566	89a5d619df2660b972001d0d159c8a01fcc1576f0c09bbd29c7b700ad4072236
raw/chr22_100_guides_tux05_20260813T160700Z_timing/batches/timing/columba/measured_3/batch_005/guides/chr22_100_guide_041/metrics.tsv	293	488ef331568c2289d650d5a1e62d9e5a34698462d89831cc33d0091b841a80ad
raw/chr22_100_guides_tux05_20260813T160700Z_timing/batches/timing/columba/measured_3/batch_005/guides/chr22_100_guide_041/output.paf	105	3e8108b8109dce3b65881841a62543e3eb3ba821fff9bc76b9b5e43ac8c75d77
raw/chr22_100_guides_tux05_20260813T160700Z_timing/batches/timing/columba/measured_3/batch_005/guides/chr22_100_guide_041/stderr.txt	94	30d5bd1a2fd8f421e7be29640f109fecf4e022892dc5732c56ef1b76e1f5233b
raw/chr22_100_guides_tux05_20260813T160700Z_timing/batches/timing/columba/measured_3/batch_005/guides/chr22_100_guide_042/command.txt	566	15e5f721a9d47bcd7e89cc307e577296e5d056ad3d94663a41652d8551c9400f
raw/chr22_100_guides_tux05_20260813T160700Z_timing/batches/timing/columba/measured_3/batch_005/guides/chr22_100_guide_042/metrics.tsv	292	e7dccc3b0d004ef0079640cf048b00d4afa157b3bee711f5acde538894457857
raw/chr22_100_guides_tux05_20260813T160700Z_timing/batches/timing/columba/measured_3/batch_005/guides/chr22_100_guide_042/output.paf	105	5924fcb39f9667884df027edda8f627478be6271057a2d69844c736321e3169f
raw/chr22_100_guides_tux05_20260813T160700Z_timing/batches/timing/columba/measured_3/batch_005/guides/chr22_100_guide_042/stderr.txt	0	e3b0c44298fc1c149afbf4c8996fb92427ae41e4649b934ca495991b7852b855
raw/chr22_100_guides_tux05_20260813T160700Z_timing/batches/timing/columba/measured_3/batch_005/guides/chr22_100_guide_043/command.txt	566	b67a6b497e3a6b9bdebb34b5a399c66ef87ede69a75b252be4fab3d258472f2f
raw/chr22_100_guides_tux05_20260813T160700Z_timing/batches/timing/columba/measured_3/batch_005/guides/chr22_100_guide_043/metrics.tsv	296	5370f0939c83ff790303dcb9174498ca84a1b0cc62faa98b7fccfb23a9f6f773
raw/chr22_100_guides_tux05_20260813T160700Z_timing/batches/timing/columba/measured_3/batch_005/guides/chr22_100_guide_043/output.paf	210	453049c36d105d5fc369042ca0ab1a96b8b895a916b5c2f187ec168c02aae659
raw/chr22_100_guides_tux05_20260813T160700Z_timing/batches/timing/columba/measured_3/batch_005/guides/chr22_100_guide_043/stderr.txt	23862	6a4a76d7576dcdf483edf9f4bfebf4e97bedcea9c2681ce642817147f17c17a9
raw/chr22_100_guides_tux05_20260813T160700Z_timing/batches/timing/columba/measured_3/batch_005/guides/chr22_100_guide_044/command.txt	566	54530671f67746b66d95a33193c18e5abbbd5ce5541084af83255ec6a0ac78ce
raw/chr22_100_guides_tux05_20260813T160700Z_timing/batches/timing/columba/measured_3/batch_005/guides/chr22_100_guide_044/metrics.tsv	295	bd931a203d7ef56f72e0f517f56427cbb3e3808010bf8bcc1c864b3bde47c2fc
raw/chr22_100_guides_tux05_20260813T160700Z_timing/batches/timing/columba/measured_3/batch_005/guides/chr22_100_guide_044/output.paf	212	4f1d85930718319dee2874ba1c96e3f8e80885b044e2550d9d3285234eb16d34
raw/chr22_100_guides_tux05_20260813T160700Z_timing/batches/timing/columba/measured_3/batch_005/guides/chr22_100_guide_044/stderr.txt	8926	ac80b04a88870303112f4ee98ea5b95636d0b8b35af5c52fb77c23238f1648db
raw/chr22_100_guides_tux05_20260813T160700Z_timing/batches/timing/columba/measured_3/batch_005/guides/chr22_100_guide_045/command.txt	566	a5dc2c466af134335a0814a6fdc2abbfeea25b3c539a72e90cfd77196bf537a2
raw/chr22_100_guides_tux05_20260813T160700Z_timing/batches/timing/columba/measured_3/batch_005/guides/chr22_100_guide_045/metrics.tsv	293	4ddf4e1972dc8e511b721ade261ee09e8a91dc9a128f87f9b42a384710230a43
raw/chr22_100_guides_tux05_20260813T160700Z_timing/batches/timing/columba/measured_3/batch_005/guides/chr22_100_guide_045/output.paf	105	7e528a989c31c40be279492b74efb2b32bbafcb76168ffa5ecf4da003dd2852c
raw/chr22_100_guides_tux05_20260813T160700Z_timing/batches/timing/columba/measured_3/batch_005/guides/chr22_100_guide_045/stderr.txt	94	dd567e27451842465f72c8df72e5b23a60f4533474e55b65999ba98af50e5e25
raw/chr22_100_guides_tux05_20260813T160700Z_timing/batches/timing/columba/measured_3/batch_005/guides/chr22_100_guide_046/command.txt	566	87d7006eff9339b20600f06c4232d644acdcea738e1b21a96f6a8b23acedaf6e
raw/chr22_100_guides_tux05_20260813T160700Z_timing/batches/timing/columba/measured_3/batch_005/guides/chr22_100_guide_046/metrics.tsv	293	5340125735a4ce4d2002bca01ed0f81b5fd7e69694f5256b950c55b346b09be6
raw/chr22_100_guides_tux05_20260813T160700Z_timing/batches/timing/columba/measured_3/batch_005/guides/chr22_100_guide_046/output.paf	105	714554ca8eac6dff9bf1ea7bcd982ded36f466eaa79bea00a33e12ff4252393b
raw/chr22_100_guides_tux05_20260813T160700Z_timing/batches/timing/columba/measured_3/batch_005/guides/chr22_100_guide_046/stderr.txt	94	32b0fdb408a245e8ea00a9e3729e5f81f9093394a9fdef4348318ec666ad1e55
raw/chr22_100_guides_tux05_20260813T160700Z_timing/batches/timing/columba/measured_3/batch_005/guides/chr22_100_guide_047/command.txt	566	09a07f9402cbb8f11a93f4619d86a05a1f257ff3e198b47115e26c3ecb6c46ca
raw/chr22_100_guides_tux05_20260813T160700Z_timing/batches/timing/columba/measured_3/batch_005/guides/chr22_100_guide_047/metrics.tsv	294	ab510f255dd6d02b867efdc11602b0a62023c5ab34818d1bb46be6092dc10d09
raw/chr22_100_guides_tux05_20260813T160700Z_timing/batches/timing/columba/measured_3/batch_005/guides/chr22_100_guide_047/output.paf	105	ca51411298336dbdfe2d1022ed02e74028dfbcd2e0e397a8224fce4f6017af72
raw/chr22_100_guides_tux05_20260813T160700Z_timing/batches/timing/columba/measured_3/batch_005/guides/chr22_100_guide_047/stderr.txt	282	b76583d8074d81b6123010653d515a4ff97310c43c5bf08081014d9154db7606
raw/chr22_100_guides_tux05_20260813T160700Z_timing/batches/timing/columba/measured_3/batch_005/guides/chr22_100_guide_048/command.txt	566	013615c7451b42b2e94f086fe08854e475f20dd3d22c9013797b8fc057463758
raw/chr22_100_guides_tux05_20260813T160700Z_timing/batches/timing/columba/measured_3/batch_005/guides/chr22_100_guide_048/metrics.tsv	292	794977c9126f02c909a3525daa1846d6fd05598d9a82d0e933ce3a26856de4a5
raw/chr22_100_guides_tux05_20260813T160700Z_timing/batches/timing/columba/measured_3/batch_005/guides/chr22_100_guide_048/output.paf	105	bc3b9f3f86cc8bbd34d0a114947da783ee284f28a9a17754f8b3028fd08951a9
raw/chr22_100_guides_tux05_20260813T160700Z_timing/batches/timing/columba/measured_3/batch_005/guides/chr22_100_guide_048/stderr.txt	0	e3b0c44298fc1c149afbf4c8996fb92427ae41e4649b934ca495991b7852b855
raw/chr22_100_guides_tux05_20260813T160700Z_timing/batches/timing/columba/measured_3/batch_005/guides/chr22_100_guide_049/command.txt	566	8aab2e7241e9a2a123f3def9f000857a2f80382ca271073ee216c231d6d447b7
raw/chr22_100_guides_tux05_20260813T160700Z_timing/batches/timing/columba/measured_3/batch_005/guides/chr22_100_guide_049/metrics.tsv	294	60af12c457d9dafcb2fddfb9d0e8a9cf621bab060c781b4fff6ac20ffece94c1
raw/chr22_100_guides_tux05_20260813T160700Z_timing/batches/timing/columba/measured_3/batch_005/guides/chr22_100_guide_049/output.paf	323	00230428f6d63582ec60d092b6bc6c689bf77cb21e9480a627f5e8c16d0dc979
raw/chr22_100_guides_tux05_20260813T160700Z_timing/batches/timing/columba/measured_3/batch_005/guides/chr22_100_guide_049/stderr.txt	940	42d1ec48cb0493956d77fad00767b6c2fed5e28ca7790d50779e46dd1957fd55
raw/chr22_100_guides_tux05_20260813T160700Z_timing/batches/timing/columba/measured_3/batch_005/guides/chr22_100_guide_050/command.txt	566	c4ee76804607468ef9600712f44ea93a2312cce48ada62302ef5577876e60bd3
raw/chr22_100_guides_tux05_20260813T160700Z_timing/batches/timing/columba/measured_3/batch_005/guides/chr22_100_guide_050/metrics.tsv	297	5d73d1c1b8facd72654bf49ab4f75f69ecb9e6c0c8f9daae1ba1f633b28983d5
raw/chr22_100_guides_tux05_20260813T160700Z_timing/batches/timing/columba/measured_3/batch_005/guides/chr22_100_guide_050/output.paf	8608	a3962782031d7a99caa2c5378ed324dd3f3d615a63e3f3246b35b7371cee0cde
raw/chr22_100_guides_tux05_20260813T160700Z_timing/batches/timing/columba/measured_3/batch_005/guides/chr22_100_guide_050/stderr.txt	94235	76defb6e40a3b8e0ecc76033ed3e6b9c80b03fa159050eccc782c7a714c2d894
raw/chr22_100_guides_tux05_20260813T160700Z_timing/batches/timing/columba/measured_3/batch_006/SUCCESS	0	e3b0c44298fc1c149afbf4c8996fb92427ae41e4649b934ca495991b7852b855
raw/chr22_100_guides_tux05_20260813T160700Z_timing/batches/timing/columba/measured_3/batch_006/environment.tsv	595	cd825c025a9ff68d994ba1892f447773fdb1cb6b8acdcc4ae323947baf2da8b8
raw/chr22_100_guides_tux05_20260813T160700Z_timing/batches/timing/columba/measured_3/batch_006/guide_ids.txt	200	a907f2343a18b400de9f60c307535ffaff3746888d1360e5a0bcb954b27f9946
raw/chr22_100_guides_tux05_20260813T160700Z_timing/batches/timing/columba/measured_3/batch_006/guide_order.sha256	299	3fe5989ce214e8ca587d2595b6f3592437767f49f179287ff37384cbdea17d74
raw/chr22_100_guides_tux05_20260813T160700Z_timing/batches/timing/columba/measured_3/batch_006/guide_order.txt	200	842bea15c5f602863504c7e0bfc1ecf570352a18a0df093de2fe94f2152c40cb
raw/chr22_100_guides_tux05_20260813T160700Z_timing/batches/timing/columba/measured_3/batch_006/guide_results.tsv	2279	948240f1e00ecd0d5b30d8fdacbc9cd2bfbbbe2663a39640faf848e7e452408c
raw/chr22_100_guides_tux05_20260813T160700Z_timing/batches/timing/columba/measured_3/batch_006/guides/chr22_100_guide_051/command.txt	566	6930dd10c6a4b90b15bd34111d8bf425357a22fd57a493aa3299b720108e74aa
raw/chr22_100_guides_tux05_20260813T160700Z_timing/batches/timing/columba/measured_3/batch_006/guides/chr22_100_guide_051/metrics.tsv	293	a068a3babeced7d91644233936f248b24036d1bc5834bafb4be054cb359e5d2b
raw/chr22_100_guides_tux05_20260813T160700Z_timing/batches/timing/columba/measured_3/batch_006/guides/chr22_100_guide_051/output.paf	105	14ef5eacd0519bf8d6f3f1e421b2147ce2cef2d89992ac6bc3c0c6493049fd6f
raw/chr22_100_guides_tux05_20260813T160700Z_timing/batches/timing/columba/measured_3/batch_006/guides/chr22_100_guide_051/stderr.txt	94	b3f77e03add0f929849c64c186a0f6ee8168522805e29a074a8498ff01f34924
raw/chr22_100_guides_tux05_20260813T160700Z_timing/batches/timing/columba/measured_3/batch_006/guides/chr22_100_guide_052/command.txt	566	56fcec6ace838c7592226df602b7be1f4a7687b9485435fe9be6e73b08444f71
raw/chr22_100_guides_tux05_20260813T160700Z_timing/batches/timing/columba/measured_3/batch_006/guides/chr22_100_guide_052/metrics.tsv	293	755c730d739cd065ca86e6d03a6644a6b6985b369cf38c60784976d2c3f024d4
raw/chr22_100_guides_tux05_20260813T160700Z_timing/batches/timing/columba/measured_3/batch_006/guides/chr22_100_guide_052/output.paf	105	b743dcf20b0f8a4d8e1a343b97d48c58a0bc7fc4d1bb2a983a38d2078d740fcd
raw/chr22_100_guides_tux05_20260813T160700Z_timing/batches/timing/columba/measured_3/batch_006/guides/chr22_100_guide_052/stderr.txt	94	2948117454b190d6eeeaca3bc94a2bf5793d77da14d80a9f2def8405cee8a845
raw/chr22_100_guides_tux05_20260813T160700Z_timing/batches/timing/columba/measured_3/batch_006/guides/chr22_100_guide_053/command.txt	566	48476778c0a3f35ba869b05bf8bf6b785237f764574c5b20d02bc627fd6fb84e
raw/chr22_100_guides_tux05_20260813T160700Z_timing/batches/timing/columba/measured_3/batch_006/guides/chr22_100_guide_053/metrics.tsv	293	a6601b5cb6af76b2f3cf7182cf785b0f18cd7baa8089eb1c9b9666eeb7c35d63
raw/chr22_100_guides_tux05_20260813T160700Z_timing/batches/timing/columba/measured_3/batch_006/guides/chr22_100_guide_053/output.paf	105	7f92fd7dddc708c2b3ec905f92a74e766b81d6ff9eaf13b4dc9c11ff5e96767a
raw/chr22_100_guides_tux05_20260813T160700Z_timing/batches/timing/columba/measured_3/batch_006/guides/chr22_100_guide_053/stderr.txt	94	eb38c77d3364d29cf9b4a0c82bd850e49266e1046930de12097b9d1d6f671ebe
raw/chr22_100_guides_tux05_20260813T160700Z_timing/batches/timing/columba/measured_3/batch_006/guides/chr22_100_guide_054/command.txt	566	e9e3276e6748b10bcfbf0d19b96954bc3988c3aab61428628023340dbff2d19d
raw/chr22_100_guides_tux05_20260813T160700Z_timing/batches/timing/columba/measured_3/batch_006/guides/chr22_100_guide_054/metrics.tsv	297	7d8ee205b6bde4e76391cef614ae0f377506f473ca3c303a1001565c86858e0f
raw/chr22_100_guides_tux05_20260813T160700Z_timing/batches/timing/columba/measured_3/batch_006/guides/chr22_100_guide_054/output.paf	1518	d9abcf3e269963d774edd15ecfe3248bb12de76053f6fba41a9ca58879ce535c
raw/chr22_100_guides_tux05_20260813T160700Z_timing/batches/timing/columba/measured_3/batch_006/guides/chr22_100_guide_054/stderr.txt	18702	62cdbb700ac6e400eb15d3c313f1c22cd0466e5941035e515b9a58218cbfa7d7
raw/chr22_100_guides_tux05_20260813T160700Z_timing/batches/timing/columba/measured_3/batch_006/guides/chr22_100_guide_055/command.txt	566	c1ce6223400c52d529f8dfd61438a711cb00e3bab4d1b781c8468977494db9fe
raw/chr22_100_guides_tux05_20260813T160700Z_timing/batches/timing/columba/measured_3/batch_006/guides/chr22_100_guide_055/metrics.tsv	294	d6b36a8df4f31617d7daa70e248232f8c67c6b85c9dbda98ca8ddccb99aae653
raw/chr22_100_guides_tux05_20260813T160700Z_timing/batches/timing/columba/measured_3/batch_006/guides/chr22_100_guide_055/output.paf	105	a3d6cd5055990fc10a7f55f785689720f3a06133f1b0f4568f98749ce2751038
raw/chr22_100_guides_tux05_20260813T160700Z_timing/batches/timing/columba/measured_3/batch_006/guides/chr22_100_guide_055/stderr.txt	282	cbf8fe25e09218949637c014c44b0ac6c41b7c9311afed997f16260a3c1fbf6a
raw/chr22_100_guides_tux05_20260813T160700Z_timing/batches/timing/columba/measured_3/batch_006/guides/chr22_100_guide_056/command.txt	566	8beabd8783755a9d30707f2d2e045d588a57dceb13de2d243acef0cf3ff57b73
raw/chr22_100_guides_tux05_20260813T160700Z_timing/batches/timing/columba/measured_3/batch_006/guides/chr22_100_guide_056/metrics.tsv	292	01e8ea2039bf4563a7f3d5cb25820d13b8eb27109c137dfe90a8edf72e6642b7
raw/chr22_100_guides_tux05_20260813T160700Z_timing/batches/timing/columba/measured_3/batch_006/guides/chr22_100_guide_056/output.paf	105	4a6cdc3b90d2775c2496444fab6f836151cd422ec2c82a9bf758cde5414f2417
raw/chr22_100_guides_tux05_20260813T160700Z_timing/batches/timing/columba/measured_3/batch_006/guides/chr22_100_guide_056/stderr.txt	0	e3b0c44298fc1c149afbf4c8996fb92427ae41e4649b934ca495991b7852b855
raw/chr22_100_guides_tux05_20260813T160700Z_timing/batches/timing/columba/measured_3/batch_006/guides/chr22_100_guide_057/command.txt	566	939a79152fdaff1ae639fc8159780cd928c7fc1eee34b839d6e4d6741a853f22
raw/chr22_100_guides_tux05_20260813T160700Z_timing/batches/timing/columba/measured_3/batch_006/guides/chr22_100_guide_057/metrics.tsv	299	0033214d8c009ae5bcfd66104ae9cf197b0c065fa979816a18363dd4c5bf6ad3
raw/chr22_100_guides_tux05_20260813T160700Z_timing/batches/timing/columba/measured_3/batch_006/guides/chr22_100_guide_057/output.paf	63917	783a46d43d98318f821fc86b8be9e506027471318fc62ea5c629dfb1aca5a195
raw/chr22_100_guides_tux05_20260813T160700Z_timing/batches/timing/columba/measured_3/batch_006/guides/chr22_100_guide_057/stderr.txt	271825	62403cc55bceb18e3f7dc799bae6212084c8fd72be3b5f839029a386d7c94f53
raw/chr22_100_guides_tux05_20260813T160700Z_timing/batches/timing/columba/measured_3/batch_006/guides/chr22_100_guide_058/command.txt	566	7eb09ce5de4178d7c4d5aa594ca636f2fb1d8967182a3455f28ac42e2bbc4525
raw/chr22_100_guides_tux05_20260813T160700Z_timing/batches/timing/columba/measured_3/batch_006/guides/chr22_100_guide_058/metrics.tsv	293	fcdb40b269614d2db0623e5dd3118ae9f0a43488f9334669afcf3ef00748da1e
raw/chr22_100_guides_tux05_20260813T160700Z_timing/batches/timing/columba/measured_3/batch_006/guides/chr22_100_guide_058/output.paf	105	b7517a16df61180265ec10a20cb33a003c3ea568992073591f20e96d81391119
raw/chr22_100_guides_tux05_20260813T160700Z_timing/batches/timing/columba/measured_3/batch_006/guides/chr22_100_guide_058/stderr.txt	94	b52ea0dac91d497aaec6f642a08329c4472b1d235792c856330e28a7c0b02c57
raw/chr22_100_guides_tux05_20260813T160700Z_timing/batches/timing/columba/measured_3/batch_006/guides/chr22_100_guide_059/command.txt	566	c3537f828122d28432cb2772f00c70b2a2ee786cc6f3eaa59447bd6088b95563
raw/chr22_100_guides_tux05_20260813T160700Z_timing/batches/timing/columba/measured_3/batch_006/guides/chr22_100_guide_059/metrics.tsv	293	e0cf217a60627a17404a6845209753401cfa138984b0d578de158152ce66815e
raw/chr22_100_guides_tux05_20260813T160700Z_timing/batches/timing/columba/measured_3/batch_006/guides/chr22_100_guide_059/output.paf	105	a6e8f7dbe8440152b018e778c86e594c220662576f7388bf74086116bfb557b5
raw/chr22_100_guides_tux05_20260813T160700Z_timing/batches/timing/columba/measured_3/batch_006/guides/chr22_100_guide_059/stderr.txt	94	0125d3c4984bdc22f6fcb221414dd3900ca99fecfcf592d4992e3000caf67fe4
raw/chr22_100_guides_tux05_20260813T160700Z_timing/batches/timing/columba/measured_3/batch_006/guides/chr22_100_guide_060/command.txt	566	f675caf8479b208360f406ce301af37f1a970747d7605a9cefe149eb906385db
raw/chr22_100_guides_tux05_20260813T160700Z_timing/batches/timing/columba/measured_3/batch_006/guides/chr22_100_guide_060/metrics.tsv	294	c94524188f13ba31b4133ec0a524d2aa97d745889bf49d56874dc43edb95874d
raw/chr22_100_guides_tux05_20260813T160700Z_timing/batches/timing/columba/measured_3/batch_006/guides/chr22_100_guide_060/output.paf	105	96bacc0c5f62f5ee3cb64d6560e882e64673267447e8714383a4ab744f1c99a8
raw/chr22_100_guides_tux05_20260813T160700Z_timing/batches/timing/columba/measured_3/batch_006/guides/chr22_100_guide_060/stderr.txt	932	ccbb31fe1ebb9328fe27201916e87bd7c24b711b7b0b063a7f477755fe73cf70
raw/chr22_100_guides_tux05_20260813T160700Z_timing/batches/timing/columba/measured_3/batch_007/SUCCESS	0	e3b0c44298fc1c149afbf4c8996fb92427ae41e4649b934ca495991b7852b855
raw/chr22_100_guides_tux05_20260813T160700Z_timing/batches/timing/columba/measured_3/batch_007/environment.tsv	595	7900e8b8a27917ba9cb744b23bb0f43e4ee95cb692db96cfab7102b6e10aad4c
raw/chr22_100_guides_tux05_20260813T160700Z_timing/batches/timing/columba/measured_3/batch_007/guide_ids.txt	200	b97f249a9d901ca09c9b56ad81caef9d872e401da7303876ac6687eb5a39aac5
raw/chr22_100_guides_tux05_20260813T160700Z_timing/batches/timing/columba/measured_3/batch_007/guide_order.sha256	299	8fe85408c12d1ad08f7391995c502b70cb7b21cc42cc43ef38472f4702a957ac
raw/chr22_100_guides_tux05_20260813T160700Z_timing/batches/timing/columba/measured_3/batch_007/guide_order.txt	200	76ef5be748b92956a32acbcbcdbcf4ee44c4183a9e9ff584da946742f77baf5a
raw/chr22_100_guides_tux05_20260813T160700Z_timing/batches/timing/columba/measured_3/batch_007/guide_results.tsv	2276	d0f63ae03ec5ec8183ae98878699987a1c4b7e1ec0c2cf479d6fa741f77dd720
raw/chr22_100_guides_tux05_20260813T160700Z_timing/batches/timing/columba/measured_3/batch_007/guides/chr22_100_guide_061/command.txt	566	650f4a13a507d96048e121012f990c63693293901f36d8425e7b722d48b66b06
raw/chr22_100_guides_tux05_20260813T160700Z_timing/batches/timing/columba/measured_3/batch_007/guides/chr22_100_guide_061/metrics.tsv	294	652ba1b29980e66240ab848e1cd631d0f6f9aa94da6e27427a775b135f8edf41
raw/chr22_100_guides_tux05_20260813T160700Z_timing/batches/timing/columba/measured_3/batch_007/guides/chr22_100_guide_061/output.paf	105	9246314add68bcb309196485353ca32264aa9d97b65d40e3825659e7fa9e07c5
raw/chr22_100_guides_tux05_20260813T160700Z_timing/batches/timing/columba/measured_3/batch_007/guides/chr22_100_guide_061/stderr.txt	188	12cf0f82ebccaab6f5456eda16e6f1aa1c8c09e0e0b6bfe076d282d5294656c8
raw/chr22_100_guides_tux05_20260813T160700Z_timing/batches/timing/columba/measured_3/batch_007/guides/chr22_100_guide_062/command.txt	566	a171f4906b917c9444cb15e384cf94bd72bb1f50e60d9c439fe183380f9af0c5
raw/chr22_100_guides_tux05_20260813T160700Z_timing/batches/timing/columba/measured_3/batch_007/guides/chr22_100_guide_062/metrics.tsv	292	9a7590a1928a3fa77d379e3514754e8eba7098942fd0552986d0bce0f456defe
raw/chr22_100_guides_tux05_20260813T160700Z_timing/batches/timing/columba/measured_3/batch_007/guides/chr22_100_guide_062/output.paf	105	4832e7aa711ccdac22496f6cb8a979eec30369c372fca1b6aba1e3edfb12e8a1
raw/chr22_100_guides_tux05_20260813T160700Z_timing/batches/timing/columba/measured_3/batch_007/guides/chr22_100_guide_062/stderr.txt	0	e3b0c44298fc1c149afbf4c8996fb92427ae41e4649b934ca495991b7852b855
raw/chr22_100_guides_tux05_20260813T160700Z_timing/batches/timing/columba/measured_3/batch_007/guides/chr22_100_guide_063/command.txt	566	8763348e45d4d4c45c8cef4948b1fd06ac339aadcc02d5a956f282c1ac0c35ef
raw/chr22_100_guides_tux05_20260813T160700Z_timing/batches/timing/columba/measured_3/batch_007/guides/chr22_100_guide_063/metrics.tsv	293	1ce0e13a9a64e003d5a8dcc298e6f9633104757e4a4d45704a8d993081a86ee1
raw/chr22_100_guides_tux05_20260813T160700Z_timing/batches/timing/columba/measured_3/batch_007/guides/chr22_100_guide_063/output.paf	105	c4ca7ddc636638d7005d3e187756ba84185296e1c2585b41d0a7a856e2606213
raw/chr22_100_guides_tux05_20260813T160700Z_timing/batches/timing/columba/measured_3/batch_007/guides/chr22_100_guide_063/stderr.txt	94	696e651629a088ed51fa18bf92752b7cebcc5231944eb0da133c1b9ea7800ae7
raw/chr22_100_guides_tux05_20260813T160700Z_timing/batches/timing/columba/measured_3/batch_007/guides/chr22_100_guide_064/command.txt	566	cbfa779c953bf1b574cb41e057ec20878b0869a63cd3d04f0cd6279b249ef292
raw/chr22_100_guides_tux05_20260813T160700Z_timing/batches/timing/columba/measured_3/batch_007/guides/chr22_100_guide_064/metrics.tsv	294	32bfac064394864d9c49cd6c7444569f598bc78defd333e5ca005246b1204b3d
raw/chr22_100_guides_tux05_20260813T160700Z_timing/batches/timing/columba/measured_3/batch_007/guides/chr22_100_guide_064/output.paf	105	b38f02456f345d872287da7f74b53691b169eb255cc35d11d103c308c700d2eb
raw/chr22_100_guides_tux05_20260813T160700Z_timing/batches/timing/columba/measured_3/batch_007/guides/chr22_100_guide_064/stderr.txt	282	80ee862860c0660e526ecb32b831aefab1ec8d289bb9d77c6b7b292513f4e728
raw/chr22_100_guides_tux05_20260813T160700Z_timing/batches/timing/columba/measured_3/batch_007/guides/chr22_100_guide_065/command.txt	566	cd8bea7ad0302bb53f4545cde2f35efde24f2fb175dfc2c4ed9246058809a00d
raw/chr22_100_guides_tux05_20260813T160700Z_timing/batches/timing/columba/measured_3/batch_007/guides/chr22_100_guide_065/metrics.tsv	292	70164ec19abcdf310d04e8c5116dc74180605e5e1600d77d5d757249875a3419
raw/chr22_100_guides_tux05_20260813T160700Z_timing/batches/timing/columba/measured_3/batch_007/guides/chr22_100_guide_065/output.paf	105	4a6f7a313e251182f276be210f99075cb7bfa5275fa278d132ac27df6e713db1
raw/chr22_100_guides_tux05_20260813T160700Z_timing/batches/timing/columba/measured_3/batch_007/guides/chr22_100_guide_065/stderr.txt	0	e3b0c44298fc1c149afbf4c8996fb92427ae41e4649b934ca495991b7852b855
raw/chr22_100_guides_tux05_20260813T160700Z_timing/batches/timing/columba/measured_3/batch_007/guides/chr22_100_guide_066/command.txt	566	c69994929b6770cb304fdeac6afc4e19a288b04c9df37b0b524f6678ae4d6c60
raw/chr22_100_guides_tux05_20260813T160700Z_timing/batches/timing/columba/measured_3/batch_007/guides/chr22_100_guide_066/metrics.tsv	293	252ec7782b5cc7f5682db37e1114f02fd6abbfb484a0c1c691de7c0285ff1d91
raw/chr22_100_guides_tux05_20260813T160700Z_timing/batches/timing/columba/measured_3/batch_007/guides/chr22_100_guide_066/output.paf	105	4802296ebbba9922a4ece696902be06427691049808ba406ed873a9a4a219f9c
raw/chr22_100_guides_tux05_20260813T160700Z_timing/batches/timing/columba/measured_3/batch_007/guides/chr22_100_guide_066/stderr.txt	94	5f467778f752a1aaed5df46d05a9a1b73450c302e12b8f1f7e33ddf845f2077e
raw/chr22_100_guides_tux05_20260813T160700Z_timing/batches/timing/columba/measured_3/batch_007/guides/chr22_100_guide_067/command.txt	566	1b1523f9c92f86af9cfe29cb89d4261c92b593a6c7fc810de26996f588036e43
raw/chr22_100_guides_tux05_20260813T160700Z_timing/batches/timing/columba/measured_3/batch_007/guides/chr22_100_guide_067/metrics.tsv	294	471c59a8f55527ee70a5474bd075eaf0eb6d7ef2545e117089e0f21055068461
raw/chr22_100_guides_tux05_20260813T160700Z_timing/batches/timing/columba/measured_3/batch_007/guides/chr22_100_guide_067/output.paf	105	0229a4fc79d3d37ddda05a4910899ff60fcd29aa41d3690d08b235deae1dd329
raw/chr22_100_guides_tux05_20260813T160700Z_timing/batches/timing/columba/measured_3/batch_007/guides/chr22_100_guide_067/stderr.txt	282	53b771ffaca11cb96d720daf7c16129376f1614689ba28d188fa0d0308cc5d07
raw/chr22_100_guides_tux05_20260813T160700Z_timing/batches/timing/columba/measured_3/batch_007/guides/chr22_100_guide_068/command.txt	566	b4f95c6280b1a4dc349971cca88c87fd6230df502fa8f9023aa12bfe754f76e7
raw/chr22_100_guides_tux05_20260813T160700Z_timing/batches/timing/columba/measured_3/batch_007/guides/chr22_100_guide_068/metrics.tsv	294	71778ce60b0c8a4806f268a5cbb36b7a1d47a376547a5ff45d75ae2ee03ecdc3
raw/chr22_100_guides_tux05_20260813T160700Z_timing/batches/timing/columba/measured_3/batch_007/guides/chr22_100_guide_068/output.paf	214	d39c5b6762aa09453e14f55e106ab300ceb4955ee3d73b381937cbf2220ed042
raw/chr22_100_guides_tux05_20260813T160700Z_timing/batches/timing/columba/measured_3/batch_007/guides/chr22_100_guide_068/stderr.txt	188	fc6bbc4c65e692473cbf32ff151557635e2d1dd99e4b69c5ee3da000a109cea9
raw/chr22_100_guides_tux05_20260813T160700Z_timing/batches/timing/columba/measured_3/batch_007/guides/chr22_100_guide_069/command.txt	566	6ab248107276765722b8a3fdbe4c32639a5386a8a99ebb56c252f33b45d836de
raw/chr22_100_guides_tux05_20260813T160700Z_timing/batches/timing/columba/measured_3/batch_007/guides/chr22_100_guide_069/metrics.tsv	294	c75d0a6ad4a2e08e3816a7505f4d235caa2d67de48fcbeb819f560236de61c61
raw/chr22_100_guides_tux05_20260813T160700Z_timing/batches/timing/columba/measured_3/batch_007/guides/chr22_100_guide_069/output.paf	105	77885b288a794217926cbdc3f9557271a5584ca0a3525a33368ba9dfa0f79c36
raw/chr22_100_guides_tux05_20260813T160700Z_timing/batches/timing/columba/measured_3/batch_007/guides/chr22_100_guide_069/stderr.txt	470	5d430161443a2a46da19dfd91300b023436381d8acde81bd4858cc16663951ac
raw/chr22_100_guides_tux05_20260813T160700Z_timing/batches/timing/columba/measured_3/batch_007/guides/chr22_100_guide_070/command.txt	566	3e50a90b55d592389b4d53c90eb7f4f4ac764beaebd77db60eb82cbf62079482
raw/chr22_100_guides_tux05_20260813T160700Z_timing/batches/timing/columba/measured_3/batch_007/guides/chr22_100_guide_070/metrics.tsv	293	a91a19d20bdb560fb38447ad433635234990f3064865ebc820664f074998ee2e
raw/chr22_100_guides_tux05_20260813T160700Z_timing/batches/timing/columba/measured_3/batch_007/guides/chr22_100_guide_070/output.paf	105	555a66e1753526673117e366fb233c844df0cfc38a64971866528e20e52f4ca2
raw/chr22_100_guides_tux05_20260813T160700Z_timing/batches/timing/columba/measured_3/batch_007/guides/chr22_100_guide_070/stderr.txt	94	daf225fd739240830663f4f6fa1add420c3d409ae734e31ecd3e9a98f65456bd
raw/chr22_100_guides_tux05_20260813T160700Z_timing/batches/timing/columba/measured_3/batch_008/SUCCESS	0	e3b0c44298fc1c149afbf4c8996fb92427ae41e4649b934ca495991b7852b855
raw/chr22_100_guides_tux05_20260813T160700Z_timing/batches/timing/columba/measured_3/batch_008/environment.tsv	595	84ce350d4c8a4454bf899d0d5f63a26fec0236a84f20b50bbd76491aa84db569
raw/chr22_100_guides_tux05_20260813T160700Z_timing/batches/timing/columba/measured_3/batch_008/guide_ids.txt	200	801540108e2b17a50f17f798c25d56eccbefb0b7ba5b152cda706082aaee6639
raw/chr22_100_guides_tux05_20260813T160700Z_timing/batches/timing/columba/measured_3/batch_008/guide_order.sha256	299	b4fe5edb73f082672d5df0bcab4b751844062bd2d73a6cca46d952286ee0b971
raw/chr22_100_guides_tux05_20260813T160700Z_timing/batches/timing/columba/measured_3/batch_008/guide_order.txt	200	beb704c58879da58b9fdec3470b59c9b18c1fbf3fc0d09c20b48965d7c5a52d6
raw/chr22_100_guides_tux05_20260813T160700Z_timing/batches/timing/columba/measured_3/batch_008/guide_results.tsv	2280	00862fbe6f5391eb42299763bcc420981eacda85f8d5a1ffe56646f25f16b02b
raw/chr22_100_guides_tux05_20260813T160700Z_timing/batches/timing/columba/measured_3/batch_008/guides/chr22_100_guide_071/command.txt	566	cf3d3efc4290dcac6538399bcdb35e7649abd5a1bb77134f82032d399cfc2cd2
raw/chr22_100_guides_tux05_20260813T160700Z_timing/batches/timing/columba/measured_3/batch_008/guides/chr22_100_guide_071/metrics.tsv	292	965b7433d682377556d01e9570933fa443a055b4a8dea75184c2e93977069045
raw/chr22_100_guides_tux05_20260813T160700Z_timing/batches/timing/columba/measured_3/batch_008/guides/chr22_100_guide_071/output.paf	105	db50066ab5215e0ab40715d3e84c765c47977eb5d92e2f74fef9a37ee0c19f96
raw/chr22_100_guides_tux05_20260813T160700Z_timing/batches/timing/columba/measured_3/batch_008/guides/chr22_100_guide_071/stderr.txt	0	e3b0c44298fc1c149afbf4c8996fb92427ae41e4649b934ca495991b7852b855
raw/chr22_100_guides_tux05_20260813T160700Z_timing/batches/timing/columba/measured_3/batch_008/guides/chr22_100_guide_072/command.txt	566	094ffe4630fe361070d84d4d80c4f5bbfa18cfafddd156b27194d89d96fd10ea
raw/chr22_100_guides_tux05_20260813T160700Z_timing/batches/timing/columba/measured_3/batch_008/guides/chr22_100_guide_072/metrics.tsv	294	c448047bb01a7d1300ed5b935bdbf21d34eaa2bc2ee33602ac57e707d365781e
raw/chr22_100_guides_tux05_20260813T160700Z_timing/batches/timing/columba/measured_3/batch_008/guides/chr22_100_guide_072/output.paf	105	a7389bd954eaa7a8f7c3e448a2ff3a3f4ef011b680d833fad933fd884d099eca
raw/chr22_100_guides_tux05_20260813T160700Z_timing/batches/timing/columba/measured_3/batch_008/guides/chr22_100_guide_072/stderr.txt	282	9b7501725ac0e846ebbf11d00696dd347ff96cf1e9b93286935af165a5a8fa66
raw/chr22_100_guides_tux05_20260813T160700Z_timing/batches/timing/columba/measured_3/batch_008/guides/chr22_100_guide_073/command.txt	566	eba1264cf9013d38525c2d30bcf23d12aa2915d02fc0212879ab1e5d20bb5fc4
raw/chr22_100_guides_tux05_20260813T160700Z_timing/batches/timing/columba/measured_3/batch_008/guides/chr22_100_guide_073/metrics.tsv	293	a81d333484de619daf007a313c5f12067fc387e90dd0d4cfba1b1a680ae40ebd
raw/chr22_100_guides_tux05_20260813T160700Z_timing/batches/timing/columba/measured_3/batch_008/guides/chr22_100_guide_073/output.paf	105	850390cf00e784716c531f5e64380876ff07596af289e7ba34bc096bff075ecc
raw/chr22_100_guides_tux05_20260813T160700Z_timing/batches/timing/columba/measured_3/batch_008/guides/chr22_100_guide_073/stderr.txt	94	f44e84d998c57621965bbb72ae37ec201bf3185e3f28563924ad182f849d8046
raw/chr22_100_guides_tux05_20260813T160700Z_timing/batches/timing/columba/measured_3/batch_008/guides/chr22_100_guide_074/command.txt	566	1de414c580ca4646dae0aea0ec19ffe2efd70be71594dfa9581396a7bf5bbd4f
raw/chr22_100_guides_tux05_20260813T160700Z_timing/batches/timing/columba/measured_3/batch_008/guides/chr22_100_guide_074/metrics.tsv	298	c445e7d81975d8b3f41feb44d75c9e9961b4ef422d23aa8ae381a2930b4d3e89
raw/chr22_100_guides_tux05_20260813T160700Z_timing/batches/timing/columba/measured_3/batch_008/guides/chr22_100_guide_074/output.paf	1601	97f0d8858f903bcb6a054b2a856681ae3d750161733d345ff4336bfc33819503
raw/chr22_100_guides_tux05_20260813T160700Z_timing/batches/timing/columba/measured_3/batch_008/guides/chr22_100_guide_074/stderr.txt	105149	47727314b57ea803c5a3fa2d696319a895d425c026877c7342ec66d95555ff9d
raw/chr22_100_guides_tux05_20260813T160700Z_timing/batches/timing/columba/measured_3/batch_008/guides/chr22_100_guide_075/command.txt	566	98658e1f73bdf5d075e4a24f6a1098b56c3aba0440255c52455a073c4450183d
raw/chr22_100_guides_tux05_20260813T160700Z_timing/batches/timing/columba/measured_3/batch_008/guides/chr22_100_guide_075/metrics.tsv	298	7a58192d76f53becaa499e3d26a8b61c2ce3c66a4276721b43ae7f41c9ee37d8
raw/chr22_100_guides_tux05_20260813T160700Z_timing/batches/timing/columba/measured_3/batch_008/guides/chr22_100_guide_075/output.paf	75168	2354f825ce61636eff2ebd9b9f04785099b672e2778924a5bfbd006333613cf6
raw/chr22_100_guides_tux05_20260813T160700Z_timing/batches/timing/columba/measured_3/batch_008/guides/chr22_100_guide_075/stderr.txt	83075	7e96804198e52de0cf9624d7983a3fce1c16d78c3101a89c4b2d30f13556ce60
raw/chr22_100_guides_tux05_20260813T160700Z_timing/batches/timing/columba/measured_3/batch_008/guides/chr22_100_guide_076/command.txt	566	87f7dcb24038b78b26f44b74116c77e21deac72c253eb35c7be0d7648be62d64
raw/chr22_100_guides_tux05_20260813T160700Z_timing/batches/timing/columba/measured_3/batch_008/guides/chr22_100_guide_076/metrics.tsv	298	6ae6cf0cbcc37d590fb3fc7b76dc49a1a4e2a1b37a4c76fac5215829f5a17656
raw/chr22_100_guides_tux05_20260813T160700Z_timing/batches/timing/columba/measured_3/batch_008/guides/chr22_100_guide_076/output.paf	4072	ca302eb1021b149cad0aa565a08684a3f95b4dc2d440c7d21ea5b8af132306eb
raw/chr22_100_guides_tux05_20260813T160700Z_timing/batches/timing/columba/measured_3/batch_008/guides/chr22_100_guide_076/stderr.txt	225798	1486cd8c9af853f27a3bc3677c2cd49263a916b45c25f5b4df6be61b5d3536f6
raw/chr22_100_guides_tux05_20260813T160700Z_timing/batches/timing/columba/measured_3/batch_008/guides/chr22_100_guide_077/command.txt	566	e9695feb5898e638ab32195c49ff76b873f8dc943737ca1979ee8c1b4ec12301
raw/chr22_100_guides_tux05_20260813T160700Z_timing/batches/timing/columba/measured_3/batch_008/guides/chr22_100_guide_077/metrics.tsv	293	d935b2d9e28071f84a819a0763ccecd4dc0bd48f7ce26a279b7cfc222093124b
raw/chr22_100_guides_tux05_20260813T160700Z_timing/batches/timing/columba/measured_3/batch_008/guides/chr22_100_guide_077/output.paf	105	e3869c3952dd0b0eb3e37141b1040c6f25b82c4e398011436f2219c75f8febe8
raw/chr22_100_guides_tux05_20260813T160700Z_timing/batches/timing/columba/measured_3/batch_008/guides/chr22_100_guide_077/stderr.txt	94	b9c553e0ccfe2ce660998762584c8775fddbac678c08f7828037c9b6239ea576
raw/chr22_100_guides_tux05_20260813T160700Z_timing/batches/timing/columba/measured_3/batch_008/guides/chr22_100_guide_078/command.txt	566	f9c7351bcc66b75e96ec02ff0802506b5e2eec8a2d9441060693a17c153c38a2
raw/chr22_100_guides_tux05_20260813T160700Z_timing/batches/timing/columba/measured_3/batch_008/guides/chr22_100_guide_078/metrics.tsv	292	4e5d546bcbde4843a12c73b79e356f7e776e6cfedd4c3a2fc888a6916b940748
raw/chr22_100_guides_tux05_20260813T160700Z_timing/batches/timing/columba/measured_3/batch_008/guides/chr22_100_guide_078/output.paf	105	b32f95b3659bdf5efde0a545c93605a84811e1f51637e98948f88b66e0c918a9
raw/chr22_100_guides_tux05_20260813T160700Z_timing/batches/timing/columba/measured_3/batch_008/guides/chr22_100_guide_078/stderr.txt	0	e3b0c44298fc1c149afbf4c8996fb92427ae41e4649b934ca495991b7852b855
raw/chr22_100_guides_tux05_20260813T160700Z_timing/batches/timing/columba/measured_3/batch_008/guides/chr22_100_guide_079/command.txt	566	8ea7de91065d96cb7237ab072a8256cdc57cdf37a3558a1dd7fd031b56a7bdeb
raw/chr22_100_guides_tux05_20260813T160700Z_timing/batches/timing/columba/measured_3/batch_008/guides/chr22_100_guide_079/metrics.tsv	294	1dcd57a196da34a2f4c9abe388df9cfced6507dc9de94800074566560713a83b
raw/chr22_100_guides_tux05_20260813T160700Z_timing/batches/timing/columba/measured_3/batch_008/guides/chr22_100_guide_079/output.paf	105	3719b9c87eb26bae46571444132aecd72ec6971081ed8592128ac8081655f637
raw/chr22_100_guides_tux05_20260813T160700Z_timing/batches/timing/columba/measured_3/batch_008/guides/chr22_100_guide_079/stderr.txt	188	ba8e3024a8dbd3ab92f3c3efd62af4339a44a56f1d02bd2d31d752a8b26c0e77
raw/chr22_100_guides_tux05_20260813T160700Z_timing/batches/timing/columba/measured_3/batch_008/guides/chr22_100_guide_080/command.txt	566	2d4beb5215dc7bb7ae5ee9b27f218d9dcc93a4842d23a09fe9e71372bcb574ab
raw/chr22_100_guides_tux05_20260813T160700Z_timing/batches/timing/columba/measured_3/batch_008/guides/chr22_100_guide_080/metrics.tsv	293	1e56a5fc62ec5b0e4b5d1795a1aa7321741fc12beb89f12a988b720d55676608
raw/chr22_100_guides_tux05_20260813T160700Z_timing/batches/timing/columba/measured_3/batch_008/guides/chr22_100_guide_080/output.paf	105	5c9d989f365df1d424483a28cbc77093b089ff7ebee8cd46972f309ff0b6db17
raw/chr22_100_guides_tux05_20260813T160700Z_timing/batches/timing/columba/measured_3/batch_008/guides/chr22_100_guide_080/stderr.txt	94	2f17411719ddcf823a39fa8532b48978e18ea71b4f65cc71e1b1d51840c18def
raw/chr22_100_guides_tux05_20260813T160700Z_timing/batches/timing/columba/measured_3/batch_009/SUCCESS	0	e3b0c44298fc1c149afbf4c8996fb92427ae41e4649b934ca495991b7852b855
raw/chr22_100_guides_tux05_20260813T160700Z_timing/batches/timing/columba/measured_3/batch_009/environment.tsv	595	2f25c93705826fbf8acfeeab7910aaeddfabbfc84eeaac9f25e6bf725ad55a3d
raw/chr22_100_guides_tux05_20260813T160700Z_timing/batches/timing/columba/measured_3/batch_009/guide_ids.txt	200	349871b67172ca8ab39f5f82fe8bce71de0eb2d3c0082f2e5cc1b2e262a4b783
raw/chr22_100_guides_tux05_20260813T160700Z_timing/batches/timing/columba/measured_3/batch_009/guide_order.sha256	299	acabc33a71b44a06b1a37c3b43dff693eb568a27e3f0c3e3d7a5d749ac6ed10d
raw/chr22_100_guides_tux05_20260813T160700Z_timing/batches/timing/columba/measured_3/batch_009/guide_order.txt	200	0e91a245ab431804fba7329599c21dcdd6d4dd38cd2a8d12bec8dc4241660054
raw/chr22_100_guides_tux05_20260813T160700Z_timing/batches/timing/columba/measured_3/batch_009/guide_results.tsv	2277	d436e182c40620151028c34a82f519cd8bcff5ad12bb3b1e5bd0649b26cdcd97
raw/chr22_100_guides_tux05_20260813T160700Z_timing/batches/timing/columba/measured_3/batch_009/guides/chr22_100_guide_081/command.txt	566	edea278b4b049a5340bb5c50fc2d230e91dcfde3ecd1f021aa9d84b5570318b2
raw/chr22_100_guides_tux05_20260813T160700Z_timing/batches/timing/columba/measured_3/batch_009/guides/chr22_100_guide_081/metrics.tsv	292	87422a9b77b37f0a951aac95b5061c51bd73a1d10ccf451dde24bdbb6a824bd3
raw/chr22_100_guides_tux05_20260813T160700Z_timing/batches/timing/columba/measured_3/batch_009/guides/chr22_100_guide_081/output.paf	105	60f8b2bdc588b6b13527c78acc609879caa8defea9c72ada132dee63d52ad9bf
raw/chr22_100_guides_tux05_20260813T160700Z_timing/batches/timing/columba/measured_3/batch_009/guides/chr22_100_guide_081/stderr.txt	0	e3b0c44298fc1c149afbf4c8996fb92427ae41e4649b934ca495991b7852b855
raw/chr22_100_guides_tux05_20260813T160700Z_timing/batches/timing/columba/measured_3/batch_009/guides/chr22_100_guide_082/command.txt	566	8d8ee63c2dc3597eb4d53ab55f7bd7f259286db993286b37bd5b9449ec608352
raw/chr22_100_guides_tux05_20260813T160700Z_timing/batches/timing/columba/measured_3/batch_009/guides/chr22_100_guide_082/metrics.tsv	292	d462ef4c0ecfad8ed86998f549e0f5a4b9b4a20d75421435e8c03d6ac8782582
raw/chr22_100_guides_tux05_20260813T160700Z_timing/batches/timing/columba/measured_3/batch_009/guides/chr22_100_guide_082/output.paf	105	8aa0d629b648d54d65dead9f626b4f79b04416d14abcb761ce6f8afd4c8d5a02
raw/chr22_100_guides_tux05_20260813T160700Z_timing/batches/timing/columba/measured_3/batch_009/guides/chr22_100_guide_082/stderr.txt	0	e3b0c44298fc1c149afbf4c8996fb92427ae41e4649b934ca495991b7852b855
raw/chr22_100_guides_tux05_20260813T160700Z_timing/batches/timing/columba/measured_3/batch_009/guides/chr22_100_guide_083/command.txt	566	265dab80c13692588576635f415fb6f819f737e48546a4f351922e056f63a6d4
raw/chr22_100_guides_tux05_20260813T160700Z_timing/batches/timing/columba/measured_3/batch_009/guides/chr22_100_guide_083/metrics.tsv	295	5c8ef591fb0232db19ba9221aecb287d6eb47da0cdef7a4a0436da12e5a69153
raw/chr22_100_guides_tux05_20260813T160700Z_timing/batches/timing/columba/measured_3/batch_009/guides/chr22_100_guide_083/output.paf	105	1da030b92202db00fdf4fa746fa0de1c56a74c6415d7abf8e6e634730c0990ca
raw/chr22_100_guides_tux05_20260813T160700Z_timing/batches/timing/columba/measured_3/batch_009/guides/chr22_100_guide_083/stderr.txt	3477	e8d6de60c3ba05b27001c144755f4d3ad082de5cdf0fdf5e9cf6b7717422195e
raw/chr22_100_guides_tux05_20260813T160700Z_timing/batches/timing/columba/measured_3/batch_009/guides/chr22_100_guide_084/command.txt	566	652cf2a3baf6abf7fca52799913ebc1e19a0496d559a3709599e2e145044eed8
raw/chr22_100_guides_tux05_20260813T160700Z_timing/batches/timing/columba/measured_3/batch_009/guides/chr22_100_guide_084/metrics.tsv	298	2f6265d389efeca299d5a49e71cbcba03a91970a404890744c28d76229b951d5
raw/chr22_100_guides_tux05_20260813T160700Z_timing/batches/timing/columba/measured_3/batch_009/guides/chr22_100_guide_084/output.paf	6325	85f162921bfeefc97d3de55dbe3f97c5f8f6192ca4eb2dd40a561a137aa14173
raw/chr22_100_guides_tux05_20260813T160700Z_timing/batches/timing/columba/measured_3/batch_009/guides/chr22_100_guide_084/stderr.txt	151222	5b15e8ffd7e3dbd341b4575d46e2dae3dfaa6a747317a1348b5b7768a37886c9
raw/chr22_100_guides_tux05_20260813T160700Z_timing/batches/timing/columba/measured_3/batch_009/guides/chr22_100_guide_085/command.txt	566	c35c3ed68b7b3ec3e66308379e99e66e1aa9e45d56a2aad753bb40f887fb41f7
raw/chr22_100_guides_tux05_20260813T160700Z_timing/batches/timing/columba/measured_3/batch_009/guides/chr22_100_guide_085/metrics.tsv	292	8a3a16f3542bbb809637ccd728d16ab19efae1f3b71f9daeeb50261b2a131063
raw/chr22_100_guides_tux05_20260813T160700Z_timing/batches/timing/columba/measured_3/batch_009/guides/chr22_100_guide_085/output.paf	105	886f21508ef43139da65b3307d412b9c43af12390fb60b152be51f2961337117
raw/chr22_100_guides_tux05_20260813T160700Z_timing/batches/timing/columba/measured_3/batch_009/guides/chr22_100_guide_085/stderr.txt	0	e3b0c44298fc1c149afbf4c8996fb92427ae41e4649b934ca495991b7852b855
raw/chr22_100_guides_tux05_20260813T160700Z_timing/batches/timing/columba/measured_3/batch_009/guides/chr22_100_guide_086/command.txt	566	c956abb4db5d46c3fae1578ba5adbeb3e399ad25084a0984a122ca3a62d0db46
raw/chr22_100_guides_tux05_20260813T160700Z_timing/batches/timing/columba/measured_3/batch_009/guides/chr22_100_guide_086/metrics.tsv	294	7c035bbf24bafb6559159f9fcfe663b2172e4b3665f58a67e9b38aa9ce62f292
raw/chr22_100_guides_tux05_20260813T160700Z_timing/batches/timing/columba/measured_3/batch_009/guides/chr22_100_guide_086/output.paf	105	b49d937c3f713b95c07b0df4983659c5531f5062b2c8b309c93edf95c5d33253
raw/chr22_100_guides_tux05_20260813T160700Z_timing/batches/timing/columba/measured_3/batch_009/guides/chr22_100_guide_086/stderr.txt	281	fe8b505978787bbd7a6d3b5268bab52bb800793326eda2f064520359431dd393
raw/chr22_100_guides_tux05_20260813T160700Z_timing/batches/timing/columba/measured_3/batch_009/guides/chr22_100_guide_087/command.txt	566	c1b44b1cfb9abb07528060f7b65b22634376a03df1e64d63dcbd991d5e09bb2e
raw/chr22_100_guides_tux05_20260813T160700Z_timing/batches/timing/columba/measured_3/batch_009/guides/chr22_100_guide_087/metrics.tsv	297	7c098f526edbe51b26d7b3d5c8bfa70e13742634943093011d7c2debefed9344
raw/chr22_100_guides_tux05_20260813T160700Z_timing/batches/timing/columba/measured_3/batch_009/guides/chr22_100_guide_087/output.paf	537	7299c25e9e9229b69fae4918dbd7a3d10cf292aa3a5ae9e727231b52918c4ec1
raw/chr22_100_guides_tux05_20260813T160700Z_timing/batches/timing/columba/measured_3/batch_009/guides/chr22_100_guide_087/stderr.txt	124597	e022cf39cf254e9d5e76a228fc4449c3751d849c1fa8e8eb5b7d348ead9de8a8
raw/chr22_100_guides_tux05_20260813T160700Z_timing/batches/timing/columba/measured_3/batch_009/guides/chr22_100_guide_088/command.txt	566	77114703b970f8f9941648271a04fc172d15df91fc3d72635a634db9e68ae78a
raw/chr22_100_guides_tux05_20260813T160700Z_timing/batches/timing/columba/measured_3/batch_009/guides/chr22_100_guide_088/metrics.tsv	294	d53363c14d2fec59b5c7c7b8fb74928ef1125e1d20bd148c34b00d92ce813507
raw/chr22_100_guides_tux05_20260813T160700Z_timing/batches/timing/columba/measured_3/batch_009/guides/chr22_100_guide_088/output.paf	105	7b9ea615f9aa7e046adebd0e63adf8ebdc63c09e2a683a13ae5b9e9457fd8152
raw/chr22_100_guides_tux05_20260813T160700Z_timing/batches/timing/columba/measured_3/batch_009/guides/chr22_100_guide_088/stderr.txt	282	000abe2ead510b1e81f85058fe4a2422bdd56dfa268e082b10ff250075738f0e
raw/chr22_100_guides_tux05_20260813T160700Z_timing/batches/timing/columba/measured_3/batch_009/guides/chr22_100_guide_089/command.txt	566	cb174a5304d89f52664baefbea68e481d943e4424d74197582aac02b4e4a5d71
raw/chr22_100_guides_tux05_20260813T160700Z_timing/batches/timing/columba/measured_3/batch_009/guides/chr22_100_guide_089/metrics.tsv	293	4058b22adbbccb88c88d7f2d287f5a9586de227276af5bbda7fbb0ee887a0c27
raw/chr22_100_guides_tux05_20260813T160700Z_timing/batches/timing/columba/measured_3/batch_009/guides/chr22_100_guide_089/output.paf	105	790719bd8847db6a942f261864ea37c0ec15f7a4f400e0bd1eaf31a8e659f354
raw/chr22_100_guides_tux05_20260813T160700Z_timing/batches/timing/columba/measured_3/batch_009/guides/chr22_100_guide_089/stderr.txt	94	5747958b98329bf390adcb88fe0c55df552279978269e4428317edf8497c35fb
raw/chr22_100_guides_tux05_20260813T160700Z_timing/batches/timing/columba/measured_3/batch_009/guides/chr22_100_guide_090/command.txt	566	97804ea5ccea07c7d3140fe3f7f9435d15f4eb14000d76f6dd3e682137d9d481
raw/chr22_100_guides_tux05_20260813T160700Z_timing/batches/timing/columba/measured_3/batch_009/guides/chr22_100_guide_090/metrics.tsv	294	88a83593a2eddbecb41aecc31c4a2a9a00e8718b17f9bf5419d4d375862479b0
raw/chr22_100_guides_tux05_20260813T160700Z_timing/batches/timing/columba/measured_3/batch_009/guides/chr22_100_guide_090/output.paf	105	af0e7d04b9032b6ba55a507cdc6196da5e7f3adbce117a38bb6ba2d2fb078cba
raw/chr22_100_guides_tux05_20260813T160700Z_timing/batches/timing/columba/measured_3/batch_009/guides/chr22_100_guide_090/stderr.txt	188	bb969d4b02ddd34c284543e306e202b2336d7575aa86daa3e6466757c09fd92b
raw/chr22_100_guides_tux05_20260813T160700Z_timing/batches/timing/columba/measured_3/batch_010/SUCCESS	0	e3b0c44298fc1c149afbf4c8996fb92427ae41e4649b934ca495991b7852b855
raw/chr22_100_guides_tux05_20260813T160700Z_timing/batches/timing/columba/measured_3/batch_010/environment.tsv	596	1d5bd962d7f41d7e18d1b493bc45e8c06d61af733aa780720f29a7e4599f3d31
raw/chr22_100_guides_tux05_20260813T160700Z_timing/batches/timing/columba/measured_3/batch_010/guide_ids.txt	200	4525fc494a343a6cfdb60f314309ba44676cfcc90d686d3f2ff3b2fe74e5566d
raw/chr22_100_guides_tux05_20260813T160700Z_timing/batches/timing/columba/measured_3/batch_010/guide_order.sha256	299	4d2828427317a63a9dc41fd08176eba43e4f2a4f05850f648ae7d2274560f6dc
raw/chr22_100_guides_tux05_20260813T160700Z_timing/batches/timing/columba/measured_3/batch_010/guide_order.txt	200	9dfa64bcd3a6aa1cc827dc79b7cc98e67d219826460684d1fc13f97220aada32
raw/chr22_100_guides_tux05_20260813T160700Z_timing/batches/timing/columba/measured_3/batch_010/guide_results.tsv	2276	533894315ce52d8cdd548d6107ec3d28b424183244ffe9368948b2680a275637
raw/chr22_100_guides_tux05_20260813T160700Z_timing/batches/timing/columba/measured_3/batch_010/guides/chr22_100_guide_091/command.txt	566	0d91d0abe127937436cec38cf5c1b8e5e2b01735df65df22d7c6ead878abcfe7
raw/chr22_100_guides_tux05_20260813T160700Z_timing/batches/timing/columba/measured_3/batch_010/guides/chr22_100_guide_091/metrics.tsv	294	a4ee71785dcc82615791b93e2ba2956ad82b42bdba32acb2adc6f2bb3798715d
raw/chr22_100_guides_tux05_20260813T160700Z_timing/batches/timing/columba/measured_3/batch_010/guides/chr22_100_guide_091/output.paf	214	cf53e5c0ba2549b95ad7cc66f6caa57165a2d7ef971b8448816c1f5189dcba42
raw/chr22_100_guides_tux05_20260813T160700Z_timing/batches/timing/columba/measured_3/batch_010/guides/chr22_100_guide_091/stderr.txt	376	99ee76e9b64774c9369be8a6f72c896db95e3888b9d30ddcbc455b25e12e4601
raw/chr22_100_guides_tux05_20260813T160700Z_timing/batches/timing/columba/measured_3/batch_010/guides/chr22_100_guide_092/command.txt	566	82b6bb884dfe7e6ebafb6087ccdcf199d3657098116bab9bd175a99e58d05f2e
raw/chr22_100_guides_tux05_20260813T160700Z_timing/batches/timing/columba/measured_3/batch_010/guides/chr22_100_guide_092/metrics.tsv	294	fd0e32dcd7ce1d929018d6668a6403c153aefd665066b7df69d9da84ec757dcd
raw/chr22_100_guides_tux05_20260813T160700Z_timing/batches/timing/columba/measured_3/batch_010/guides/chr22_100_guide_092/output.paf	105	36dc22934c7c02b9c1a4043e7fa71e9fab23fac626842ee0233fa0a19e8a4d8d
raw/chr22_100_guides_tux05_20260813T160700Z_timing/batches/timing/columba/measured_3/batch_010/guides/chr22_100_guide_092/stderr.txt	282	f9edfd1414c172b5a32e647be62f7efb9a1867b2825caa326cd197691299ad06
raw/chr22_100_guides_tux05_20260813T160700Z_timing/batches/timing/columba/measured_3/batch_010/guides/chr22_100_guide_093/command.txt	566	75423228da4358cddac92bbb5822ed6e161e55c6642324e65e72684aabe31ab8
raw/chr22_100_guides_tux05_20260813T160700Z_timing/batches/timing/columba/measured_3/batch_010/guides/chr22_100_guide_093/metrics.tsv	293	fb2baecdab0887748e651969b55f3ef9fb096337745aca153c18c8796222ba0f
raw/chr22_100_guides_tux05_20260813T160700Z_timing/batches/timing/columba/measured_3/batch_010/guides/chr22_100_guide_093/output.paf	105	7c248ba9765e06499bdbdd56fa063150392f57bbcf49d7273e7a34148cb2a14e
raw/chr22_100_guides_tux05_20260813T160700Z_timing/batches/timing/columba/measured_3/batch_010/guides/chr22_100_guide_093/stderr.txt	94	cb99cf2cb5c76fa9de96c7d214883bdebf51068c4cfea4bec3c2c4a8fda8efb1
raw/chr22_100_guides_tux05_20260813T160700Z_timing/batches/timing/columba/measured_3/batch_010/guides/chr22_100_guide_094/command.txt	566	1611a9955c028c9e0b50ffbc9c8be9c9c129b9f18b1fed46ad8dc10176612085
raw/chr22_100_guides_tux05_20260813T160700Z_timing/batches/timing/columba/measured_3/batch_010/guides/chr22_100_guide_094/metrics.tsv	292	2c09e80d1f992ae0c27605c21bf7f9c2bef7fe824878509077c3b45ed6ee8351
raw/chr22_100_guides_tux05_20260813T160700Z_timing/batches/timing/columba/measured_3/batch_010/guides/chr22_100_guide_094/output.paf	105	b129ef3c4f85946c1752fcdec67457fbfa137faf10c495dcfb79020726f0093a
raw/chr22_100_guides_tux05_20260813T160700Z_timing/batches/timing/columba/measured_3/batch_010/guides/chr22_100_guide_094/stderr.txt	0	e3b0c44298fc1c149afbf4c8996fb92427ae41e4649b934ca495991b7852b855
raw/chr22_100_guides_tux05_20260813T160700Z_timing/batches/timing/columba/measured_3/batch_010/guides/chr22_100_guide_095/command.txt	566	b23e9caf78828ea66a5e975d497d0672f697b588e38fbc498b22d0d319f91103
raw/chr22_100_guides_tux05_20260813T160700Z_timing/batches/timing/columba/measured_3/batch_010/guides/chr22_100_guide_095/metrics.tsv	293	a48ac7b614b050ecb534414ede48de83700c1f95feaa1bbaa7143eb1ed079682
raw/chr22_100_guides_tux05_20260813T160700Z_timing/batches/timing/columba/measured_3/batch_010/guides/chr22_100_guide_095/output.paf	214	72cfccdb732c7f835e82aebb76ca4186954ee044989d4d3f165c230249e1ab41
raw/chr22_100_guides_tux05_20260813T160700Z_timing/batches/timing/columba/measured_3/batch_010/guides/chr22_100_guide_095/stderr.txt	94	8dd8d8e768aa6c5cd7d90852728b3841c27aebb8dbde3dfbf7f30997ce15d157
raw/chr22_100_guides_tux05_20260813T160700Z_timing/batches/timing/columba/measured_3/batch_010/guides/chr22_100_guide_096/command.txt	566	cc8c07c4d9cdf195933dc528fcd307f7d913356d409af62b2ac24755f5176818
raw/chr22_100_guides_tux05_20260813T160700Z_timing/batches/timing/columba/measured_3/batch_010/guides/chr22_100_guide_096/metrics.tsv	294	ed646d4106a11f4b6a471a9c126e918138388336f3644a6b3a6d3ac0ffff3f12
raw/chr22_100_guides_tux05_20260813T160700Z_timing/batches/timing/columba/measured_3/batch_010/guides/chr22_100_guide_096/output.paf	105	66356638d350f202a4fc3653512e2eb61d180a210d3b4874237620fdd88f45ac
raw/chr22_100_guides_tux05_20260813T160700Z_timing/batches/timing/columba/measured_3/batch_010/guides/chr22_100_guide_096/stderr.txt	376	96e1dce767526b5e03b01ea34764f33de2e58653d775c70a8355e05d5d77a707
raw/chr22_100_guides_tux05_20260813T160700Z_timing/batches/timing/columba/measured_3/batch_010/guides/chr22_100_guide_097/command.txt	566	e76b33e28d66a2a0ec64cd64199ca3676d87f6718cfa073c2a38746ce3da45e0
raw/chr22_100_guides_tux05_20260813T160700Z_timing/batches/timing/columba/measured_3/batch_010/guides/chr22_100_guide_097/metrics.tsv	294	beb8fe7b7b4b19caafededc4fb11b367104d206ab11be03b7dace15e144896ce
raw/chr22_100_guides_tux05_20260813T160700Z_timing/batches/timing/columba/measured_3/batch_010/guides/chr22_100_guide_097/output.paf	105	ec3317eca52cb313be8b742bd84d70d8e9f8f3d3a8dfda83e632d9ec5b3e7472
raw/chr22_100_guides_tux05_20260813T160700Z_timing/batches/timing/columba/measured_3/batch_010/guides/chr22_100_guide_097/stderr.txt	188	c34143c4b66ce37c239db5fc991d73357da56a527f237f74e6df9d61bb22831f
raw/chr22_100_guides_tux05_20260813T160700Z_timing/batches/timing/columba/measured_3/batch_010/guides/chr22_100_guide_098/command.txt	566	0c6937bca66d9f73b75c76533cba8aa0fda72dbd5e7c1807d67919aaf4d88501
raw/chr22_100_guides_tux05_20260813T160700Z_timing/batches/timing/columba/measured_3/batch_010/guides/chr22_100_guide_098/metrics.tsv	296	23b5c6703ce576a6b6f9479aaa04e91005f847e43e9d618930ede43b33399b81
raw/chr22_100_guides_tux05_20260813T160700Z_timing/batches/timing/columba/measured_3/batch_010/guides/chr22_100_guide_098/output.paf	965	6803cc83cccde78136058d3d854eb89cc05eab1188efe7c0cabebb43cb9eb17d
raw/chr22_100_guides_tux05_20260813T160700Z_timing/batches/timing/columba/measured_3/batch_010/guides/chr22_100_guide_098/stderr.txt	48498	86060c0d0ba22165d0282d1cf92bc8afade2100bd1def809b1f81bb96b9678e3
raw/chr22_100_guides_tux05_20260813T160700Z_timing/batches/timing/columba/measured_3/batch_010/guides/chr22_100_guide_099/command.txt	566	68e5ff2b91e061540d057809e486e1c1bacd48d49a503f8c2ca463ad5ca3f6ae
raw/chr22_100_guides_tux05_20260813T160700Z_timing/batches/timing/columba/measured_3/batch_010/guides/chr22_100_guide_099/metrics.tsv	295	b8ac3cf0dba3b5918598d3d750da056b9c65bc19efc64773b129d9f3ebd932c8
raw/chr22_100_guides_tux05_20260813T160700Z_timing/batches/timing/columba/measured_3/batch_010/guides/chr22_100_guide_099/output.paf	430	1fd7872322173d0504d0c832d225fc1f16e4c6a2d976d3c96de80baf41629173
raw/chr22_100_guides_tux05_20260813T160700Z_timing/batches/timing/columba/measured_3/batch_010/guides/chr22_100_guide_099/stderr.txt	1222	8b7f11de3ad2254629636c6d8342d71050f8c150a04e6c52ecefb6984e7ab6b5
raw/chr22_100_guides_tux05_20260813T160700Z_timing/batches/timing/columba/measured_3/batch_010/guides/chr22_100_guide_100/command.txt	566	b925859ced49dd9949df5b9ec58d5f62c02c9395b6245f612ec7fc1c15d56407
raw/chr22_100_guides_tux05_20260813T160700Z_timing/batches/timing/columba/measured_3/batch_010/guides/chr22_100_guide_100/metrics.tsv	294	c591171ecdd6bc5f6d36f4bd0c5dcd397c288d9aba155c240981a38e60fc19f8
raw/chr22_100_guides_tux05_20260813T160700Z_timing/batches/timing/columba/measured_3/batch_010/guides/chr22_100_guide_100/output.paf	214	4bb6e4f08a7316ba26ec3e6f894f79070071b55d78d6c1605a50035d0a1d9c79
raw/chr22_100_guides_tux05_20260813T160700Z_timing/batches/timing/columba/measured_3/batch_010/guides/chr22_100_guide_100/stderr.txt	188	43c575a7c9c47d3164a453eb851e84a8842b01388a4b2fe7c9503045ddc887e0
